SYMBOL,SERIES,DATE1,PREV_CLOSE,OPEN_PRICE,HIGH_PRICE,LOW_PRICE,LAST_PRICE,CLOSE_PRICE,AVG_PRICE,TTL_TRD_QNTY,TURNOVER_LACS,NO_OF_TRADES,DELIV_QTY,DELIV_PER,DELIVERY_PCT,DATE
20MICRONS, EQ, 20-Jan-2026,185.43,184.2,185.6,175.67,177.87,176.9,180.52,136376,246.18,3749, 61155, 44.84,0.4484293424062885,2026-01-20
21STCENMGM, EQ, 20-Jan-2026,42.89,42.04,42.04,42.04,42.04,42.04,42.04,1063,0.45,17, 1063, 100.00,1.0,2026-01-20
360ONE, EQ, 20-Jan-2026,1170.1,1162.0,1163.9,1123.5,1129.6,1129.6,1138.17,1700344,19352.87,80146, 695565, 40.91,0.40907310520694634,2026-01-20
3IINFOLTD, EQ, 20-Jan-2026,15.17,15.2,15.25,14.79,14.79,14.83,14.94,808943,120.87,1540, 684300, 84.59,0.8459186864834729,2026-01-20
3MINDIA, EQ, 20-Jan-2026,34445.0,34445.0,34445.0,33000.0,33400.0,33375.0,33663.24,4275,1439.1,2266, 2352, 55.02,0.5501754385964912,2026-01-20
3PLAND, EQ, 20-Jan-2026,36.23,36.0,36.4,35.1,36.19,36.16,35.98,1736,0.62,84, 1661, 95.68,0.9567972350230415,2026-01-20
5PAISA, EQ, 20-Jan-2026,378.95,377.05,393.6,353.95,363.0,358.0,374.83,321398,1204.69,10125, 54589, 16.98,0.16984859893340967,2026-01-20
63MOONS, EQ, 20-Jan-2026,656.65,652.05,654.45,607.95,612.0,611.6,631.07,126032,795.35,6412, 79446, 63.04,0.6303637171511997,2026-01-20
A2ZINFRA, EQ, 20-Jan-2026,14.43,14.35,14.83,13.71,13.93,13.75,13.94,374727,52.22,661, 253504, 67.65,0.6765031609678512,2026-01-20
AAATECH, EQ, 20-Jan-2026,118.67,118.0,119.85,112.74,112.74,112.75,116.05,74031,85.91,1786, 47208, 63.77,0.6376788102281477,2026-01-20
AADHARHFC, EQ, 20-Jan-2026,470.35,470.35,471.5,466.45,470.0,470.05,468.68,496194,2325.55,13569, 360276, 72.61,0.7260789126833457,2026-01-20
AAKASH, EQ, 20-Jan-2026,8.42,8.3,8.59,8.05,8.22,8.17,8.27,69283,5.73,392, 56527, 81.59,0.8158855707749376,2026-01-20
AAREYDRUGS, EQ, 20-Jan-2026,62.73,61.35,63.5,60.54,63.49,62.9,62.51,139856,87.42,1307, 84400, 60.35,0.6034778629447431,2026-01-20
AARON, EQ, 20-Jan-2026,159.37,159.37,162.99,154.0,156.8,155.76,158.29,22970,36.36,908, 11518, 50.14,0.5014366565084893,2026-01-20
AARTECH, EQ, 20-Jan-2026,52.53,52.5,52.96,48.6,49.9,49.24,50.44,29835,15.05,704, 20105, 67.39,0.673872967990615,2026-01-20
AARTIDRUGS, EQ, 20-Jan-2026,376.5,376.2,379.0,368.55,379.0,375.05,373.64,152668,570.43,7676, 90228, 59.10,0.5910079387952943,2026-01-20
AARTIIND, EQ, 20-Jan-2026,353.45,351.5,352.95,343.6,345.05,345.75,348.32,648340,2258.29,20087, 288035, 44.43,0.4442653545978962,2026-01-20
AARTIPHARM, EQ, 20-Jan-2026,777.05,779.0,779.0,750.2,759.5,752.65,764.35,199202,1522.61,16997, 93730, 47.05,0.4705274043433299,2026-01-20
AARTISURF, EQ, 20-Jan-2026,382.6,410.95,459.1,405.05,459.1,459.1,447.93,272479,1220.51,6820, 92331, 33.89,0.33885547143082584,2026-01-20
AARVI, EQ, 20-Jan-2026,125.18,123.0,126.74,120.0,121.63,122.22,122.91,17188,21.13,719, 7715, 44.89,0.4488596695368862,2026-01-20
AAVAS, EQ, 20-Jan-2026,1413.7,1413.6,1413.7,1377.5,1385.0,1384.7,1387.35,194016,2691.68,19986, 97362, 50.18,0.5018245917862444,2026-01-20
ABAN, BE, 20-Jan-2026,21.21,21.98,22.27,21.24,22.27,22.27,22.17,183850,40.76,941, -, -,,2026-01-20
ABB, EQ, 20-Jan-2026,4865.5,4855.0,4855.0,4673.0,4693.0,4691.5,4725.89,413609,19546.72,43871, 218192, 52.75,0.527532041130633,2026-01-20
ABBOTINDIA, EQ, 20-Jan-2026,27750.0,27750.0,27750.0,27140.0,27185.0,27210.0,27429.74,4656,1277.13,2275, 2824, 60.65,0.6065292096219931,2026-01-20
ABCAPITAL, EQ, 20-Jan-2026,361.1,361.1,366.1,353.75,354.9,355.35,358.33,5387549,19305.04,65693, 2183776, 40.53,0.4053375663033413,2026-01-20
ABCOTS, EQ, 20-Jan-2026,413.8,414.95,414.95,404.2,409.4,409.15,409.93,6976,28.6,366, 3382, 48.48,0.48480504587155965,2026-01-20
ABDL, EQ, 20-Jan-2026,453.5,453.5,456.7,437.6,442.0,439.5,445.45,723701,3223.72,31100, 370686, 51.22,0.5122087713019603,2026-01-20
ABFRL, EQ, 20-Jan-2026,71.89,68.1,68.99,65.78,67.99,67.85,66.89,92217391,61684.29,120581, 42414520, 45.99,0.4599405767183329,2026-01-20
ABGSEC, EQ, 20-Jan-2026,110.8,110.78,111.27,110.7,110.76,110.76,110.81,657,0.73,16, 655, 99.70,0.9969558599695586,2026-01-20
ABINFRA, EQ, 20-Jan-2026,18.86,18.86,19.0,18.2,18.46,18.39,18.59,117428,21.84,717, 77763, 66.22,0.6622185509418538,2026-01-20
ABLBL, EQ, 20-Jan-2026,115.93,110.1,120.12,110.1,112.99,113.24,114.56,7891410,9040.26,58796, 2994272, 37.94,0.3794343469671453,2026-01-20
ABMINTLLTD, EQ, 20-Jan-2026,37.7,37.7,37.7,35.3,37.0,36.52,36.34,2341,0.85,40, 1756, 75.01,0.7501067919692439,2026-01-20
ABREL, EQ, 20-Jan-2026,1481.1,1475.0,1478.1,1359.2,1374.3,1373.1,1395.04,446014,6222.07,26273, 261282, 58.58,0.5858156918841113,2026-01-20
ABSLAMC, EQ, 20-Jan-2026,821.6,820.0,820.0,782.65,787.95,786.65,796.66,153808,1225.33,12931, 64524, 41.95,0.41951003848954543,2026-01-20
ABSLBANETF, EQ, 20-Jan-2026,61.11,61.11,61.31,60.7,60.74,60.89,61.09,162131,99.05,342, 159183, 98.18,0.9818171725333218,2026-01-20
ABSLLIQUID, EQ, 20-Jan-2026,999.99,999.99,1000.01,999.99,1000.01,1000.0,1000.0,6605,66.05,29, 1936, 29.31,0.293111279333838,2026-01-20
ABSLNN50ET, EQ, 20-Jan-2026,71.84,71.89,72.0,69.99,70.31,70.29,70.87,15499,10.98,407, 14752, 95.18,0.9518033421511065,2026-01-20
ABSLPSE, EQ, 20-Jan-2026,10.2,10.2,10.5,9.95,10.01,9.98,10.04,411256,41.28,1133, 300536, 73.08,0.73077596436283,2026-01-20
ACC, EQ, 20-Jan-2026,1733.7,1731.1,1743.4,1691.1,1696.0,1696.8,1715.55,180990,3104.98,13132, 78286, 43.25,0.4325432344328416,2026-01-20
ACCELYA, EQ, 20-Jan-2026,1348.2,1349.4,1350.0,1317.0,1334.0,1333.8,1332.96,20069,267.51,1954, 12027, 59.93,0.5992824754596642,2026-01-20
ACCURACY, EQ, 20-Jan-2026,5.21,5.22,5.28,4.86,5.0,5.01,5.03,216784,10.9,1423, 133905, 61.77,0.6176885748025684,2026-01-20
ACE, EQ, 20-Jan-2026,831.75,830.0,830.1,801.0,804.4,804.0,815.49,281677,2297.04,23423, 129620, 46.02,0.4601724670455877,2026-01-20
ACEINTEG, EQ, 20-Jan-2026,20.1,19.63,20.99,19.51,19.71,19.76,19.74,4357,0.86,78, 3724, 85.47,0.8547165480835437,2026-01-20
ACI, EQ, 20-Jan-2026,545.2,540.0,542.75,516.0,521.7,535.1,535.08,208695,1116.68,9106, 98723, 47.30,0.4730491866120415,2026-01-20
ACL, EQ, 20-Jan-2026,64.39,64.0,67.79,60.05,62.01,61.56,64.04,110286,70.63,1315, 60827, 55.15,0.5515387265836099,2026-01-20
ACMESOLAR, EQ, 20-Jan-2026,213.61,213.84,215.94,208.02,210.95,209.68,211.89,399830,847.2,11601, 165387, 41.36,0.4136432984018208,2026-01-20
ACUTAAS, EQ, 20-Jan-2026,1682.2,1682.4,1682.5,1620.0,1621.0,1626.5,1646.22,317536,5227.34,30170, 166298, 52.37,0.523713846618966,2026-01-20
ADANIENSOL, EQ, 20-Jan-2026,908.4,915.1,928.8,881.0,888.0,885.5,905.86,1936179,17538.99,43919, 711874, 36.77,0.3676695181592198,2026-01-20
ADANIENT, EQ, 20-Jan-2026,2134.6,2134.0,2139.9,2040.0,2050.0,2055.1,2088.47,1160975,24246.66,53992, 455049, 39.20,0.39195417644652125,2026-01-20
ADANIGREEN, EQ, 20-Jan-2026,914.0,914.1,927.0,878.0,885.5,883.2,898.83,2195862,19737.1,54857, 718291, 32.71,0.3271111754745972,2026-01-20
ADANIPORTS, EQ, 20-Jan-2026,1403.0,1409.0,1412.9,1359.6,1375.6,1367.6,1382.62,1799611,24881.74,57324, 900567, 50.04,0.5004231470023244,2026-01-20
ADANIPOWER, EQ, 20-Jan-2026,140.56,141.5,142.4,136.5,138.0,137.48,139.35,15689961,21863.9,93689, 7096952, 45.23,0.4523243875494655,2026-01-20
ADFFOODS, EQ, 20-Jan-2026,188.37,187.5,192.0,180.0,182.32,181.14,183.82,56428,103.73,2027, 33031, 58.54,0.5853654214219891,2026-01-20
ADL, EQ, 20-Jan-2026,73.5,73.0,73.0,71.1,72.5,72.47,72.26,1717,1.24,27, 1497, 87.19,0.871869539895166,2026-01-20
ADOR, EQ, 20-Jan-2026,1033.2,1023.8,1030.4,996.0,996.0,999.9,1010.38,18521,187.13,1390, 14052, 75.87,0.758706333351331,2026-01-20
ADROITINFO, EQ, 20-Jan-2026,9.89,10.0,10.0,9.36,9.36,9.51,9.6,25921,2.49,194, 23159, 89.34,0.89344546892481,2026-01-20
ADSL, EQ, 20-Jan-2026,127.56,127.35,127.5,121.5,122.26,122.15,123.71,236683,292.79,3761, 111547, 47.13,0.4712928262697363,2026-01-20
ADVAIT, EQ, 20-Jan-2026,1452.4,1472.4,1538.9,1366.8,1406.6,1391.8,1445.26,48593,702.29,4721, 21696, 44.65,0.4464840614903381,2026-01-20
ADVANCE, EQ, 20-Jan-2026,124.84,125.9,129.33,122.0,122.0,122.67,126.38,706287,892.58,4413, 168892, 23.91,0.23912658735046802,2026-01-20
ADVANIHOTR, EQ, 20-Jan-2026,60.36,61.89,61.89,59.5,60.0,60.57,60.68,243532,147.77,2778, 151543, 62.23,0.6222714058111459,2026-01-20
ADVENTHTL, EQ, 20-Jan-2026,208.29,208.0,208.0,192.54,193.5,194.56,198.64,251188,498.96,5115, 154173, 61.38,0.6137753395862859,2026-01-20
ADVENZYMES, EQ, 20-Jan-2026,275.55,276.05,278.0,270.0,271.05,270.6,273.18,102828,280.91,3272, 56495, 54.94,0.5494126113509938,2026-01-20
AEGISLOG, EQ, 20-Jan-2026,691.55,689.05,690.25,670.0,674.45,672.9,676.48,269141,1820.69,15319, 156665, 58.21,0.5820926577518847,2026-01-20
AEGISVOPAK, EQ, 20-Jan-2026,214.91,214.81,214.81,200.3,207.9,204.0,205.22,593100,1217.17,15548, 245448, 41.38,0.4138391502276176,2026-01-20
AEQUS, EQ, 20-Jan-2026,134.97,136.21,136.45,134.5,135.42,135.42,135.13,1140339,1540.99,18441, 602170, 52.81,0.5280622692024038,2026-01-20
AEROENTER, EQ, 20-Jan-2026,81.2,82.0,84.8,80.0,80.12,80.56,82.25,342679,281.86,2414, 86053, 25.11,0.251118393598674,2026-01-20
AEROFLEX, EQ, 20-Jan-2026,173.61,173.5,173.62,167.1,168.98,168.93,170.94,478833,818.5,7418, 231465, 48.34,0.48339400166655183,2026-01-20
AERONEU, EQ, 20-Jan-2026,71.74,74.01,74.35,70.15,70.2,70.58,72.72,25760,18.73,512, 10169, 39.48,0.39475931677018633,2026-01-20
AETHER, EQ, 20-Jan-2026,979.95,979.9,979.9,943.35,969.0,966.45,962.77,225011,2166.33,15876, 109652, 48.73,0.48731839776722025,2026-01-20
AFCONS, EQ, 20-Jan-2026,351.6,350.5,351.55,342.1,350.45,349.85,346.98,339227,1177.06,13799, 125423, 36.97,0.36973177252989886,2026-01-20
AFFLE, EQ, 20-Jan-2026,1692.4,1682.7,1687.2,1634.1,1641.3,1656.3,1654.41,228619,3782.29,16725, 140667, 61.53,0.6152900677546486,2026-01-20
AFFORDABLE, EQ, 20-Jan-2026,179.37,177.0,177.58,167.0,168.21,169.28,171.37,60347,103.41,2513, 24758, 41.03,0.41026065918769783,2026-01-20
AFIL, EQ, 20-Jan-2026,5.63,5.53,5.6,5.2,5.28,5.32,5.41,1721749,93.12,2248, 1080707, 62.77,0.6276797605225849,2026-01-20
AFSL, EQ, 20-Jan-2026,201.0,201.0,202.03,201.0,201.0,201.0,201.01,18392,36.97,108, 16953, 92.18,0.9217594606350588,2026-01-20
AGARIND, EQ, 20-Jan-2026,685.2,684.05,687.7,664.55,677.0,670.95,674.8,12845,86.68,1225, 7290, 56.75,0.5675360062281043,2026-01-20
AGARWALEYE, EQ, 20-Jan-2026,479.75,480.0,484.05,456.6,474.9,471.4,467.09,207265,968.11,10516, 95463, 46.06,0.4605842761681905,2026-01-20
AGI, EQ, 20-Jan-2026,657.8,655.05,659.95,633.9,634.0,636.9,645.12,77509,500.03,5204, 40959, 52.84,0.528441858364835,2026-01-20
AGIIL, EQ, 20-Jan-2026,278.2,280.0,280.0,268.3,276.05,276.25,275.75,933046,2572.89,5013, 488172, 52.32,0.5232025001982753,2026-01-20
AGRITECH, BE, 20-Jan-2026,151.89,149.0,151.8,144.3,144.31,144.47,146.28,1574,2.3,72, -, -,,2026-01-20
AGROPHOS, EQ, 20-Jan-2026,37.84,38.02,38.02,35.0,36.9,36.84,36.34,39963,14.52,491, 26057, 65.20,0.6520281260165653,2026-01-20
AGSTRA, BZ, 20-Jan-2026,3.93,3.9,3.96,3.8,3.87,3.82,3.88,197365,7.65,557, -, -,,2026-01-20
AHCL, EQ, 20-Jan-2026,133.99,133.99,136.07,125.44,126.3,127.03,127.63,320139,408.58,2724, 224159, 70.02,0.7001927287834347,2026-01-20
AHLADA, EQ, 20-Jan-2026,54.31,54.31,54.97,52.11,53.4,53.13,53.27,26994,14.38,178, 18832, 69.76,0.6976365118174409,2026-01-20
AHLEAST, EQ, 20-Jan-2026,134.86,132.13,135.0,131.27,132.0,132.08,132.84,3290,4.37,61, 2162, 65.71,0.6571428571428571,2026-01-20
AHLUCONT, EQ, 20-Jan-2026,892.1,881.0,892.8,855.05,861.8,862.05,874.03,114503,1000.79,9905, 61791, 53.96,0.5396452494694463,2026-01-20
AIAENG, EQ, 20-Jan-2026,3865.9,3846.0,3846.0,3723.8,3765.0,3740.6,3770.14,56416,2126.96,10686, 31016, 54.98,0.5497731140102099,2026-01-20
AIIL, EQ, 20-Jan-2026,623.9,623.9,624.4,604.0,606.8,610.1,614.24,312281,1918.15,16983, 143869, 46.07,0.4607036611257169,2026-01-20
AIRAN, EQ, 20-Jan-2026,15.69,15.69,15.69,15.01,15.25,15.15,15.14,129528,19.61,1253, 106139, 81.94,0.8194290037675251,2026-01-20
AIROLAM, EQ, 20-Jan-2026,94.13,94.61,94.61,91.08,91.99,91.95,91.75,1810,1.66,64, 1641, 90.66,0.9066298342541437,2026-01-20
AJANTPHARM, EQ, 20-Jan-2026,2685.6,2684.0,2703.4,2660.4,2695.0,2684.2,2680.76,67723,1815.49,10784, 37583, 55.50,0.5549517889048033,2026-01-20
AJAXENGG, EQ, 20-Jan-2026,556.2,556.95,560.0,540.0,545.0,544.95,544.15,71934,391.43,4773, 53080, 73.79,0.7378986292990797,2026-01-20
AJMERA, EQ, 20-Jan-2026,171.95,170.25,170.9,159.6,160.0,160.9,163.63,241873,395.77,5201, 120240, 49.71,0.4971203896259607,2026-01-20
AJOONI, EQ, 20-Jan-2026,3.94,3.97,3.98,3.7,3.8,3.81,3.88,497270,19.29,840, 382131, 76.85,0.7684577794759386,2026-01-20
AKASH, EQ, 20-Jan-2026,25.43,25.43,26.5,24.62,25.5,25.21,25.28,15932,4.03,173, 10015, 62.86,0.6286090886266633,2026-01-20
AKG, EQ, 20-Jan-2026,13.26,13.55,13.55,13.18,13.33,13.3,13.27,36068,4.78,153, 33465, 92.78,0.9278307641122324,2026-01-20
AKI, EQ, 20-Jan-2026,6.19,6.15,6.28,5.7,6.04,6.0,5.97,43873,2.62,212, 32860, 74.90,0.7489800104848084,2026-01-20
AKSHAR, EQ, 20-Jan-2026,0.49,0.5,0.5,0.47,0.49,0.48,0.48,1340281,6.47,634, 1109299, 82.77,0.8276615127723216,2026-01-20
AKSHARCHEM, EQ, 20-Jan-2026,222.93,221.0,225.69,210.35,214.2,212.19,216.8,4531,9.82,241, 2594, 57.25,0.5725005517545796,2026-01-20
AKSHOPTFBR, EQ, 20-Jan-2026,5.98,5.98,6.0,5.01,5.55,5.53,5.44,802337,43.63,1733, 467587, 58.28,0.582781300127004,2026-01-20
AKUMS, EQ, 20-Jan-2026,437.35,439.0,441.0,420.1,422.9,421.45,427.26,103460,442.05,5960, 56561, 54.67,0.5466943746375411,2026-01-20
AKZOINDIA, EQ, 20-Jan-2026,3060.0,3042.2,3071.8,2960.0,2976.0,2972.9,3024.58,54847,1658.89,8848, 24040, 43.83,0.4383102083979069,2026-01-20
ALANKIT, EQ, 20-Jan-2026,9.83,9.79,9.8,9.3,9.41,9.39,9.53,425561,40.57,1641, 327689, 77.00,0.770016519370901,2026-01-20
ALBERTDAVD, EQ, 20-Jan-2026,688.55,698.75,709.85,686.0,688.0,691.35,698.71,2286,15.97,266, 1404, 61.42,0.6141732283464567,2026-01-20
ALEMBICLTD, EQ, 20-Jan-2026,95.16,95.31,95.31,91.2,91.55,91.77,92.83,327008,303.56,3694, 197715, 60.46,0.604618235639495,2026-01-20
ALGOQUANT, EQ, 20-Jan-2026,65.1,65.15,66.8,64.2,64.47,64.65,65.09,560258,364.69,2150, 131292, 23.43,0.23434203527660472,2026-01-20
ALICON, EQ, 20-Jan-2026,730.15,723.5,727.25,692.05,698.95,698.2,705.38,13861,97.77,1288, 8999, 64.92,0.6492316571675926,2026-01-20
ALIVUS, EQ, 20-Jan-2026,866.6,866.6,877.25,836.95,851.3,868.35,855.91,109141,934.15,8210, 63009, 57.73,0.5773174150869059,2026-01-20
ALKALI, EQ, 20-Jan-2026,74.76,76.4,76.4,69.01,70.15,70.11,71.18,12936,9.21,405, 9923, 76.71,0.7670841063698206,2026-01-20
ALKEM, EQ, 20-Jan-2026,5748.0,5745.0,5785.0,5670.5,5672.0,5720.5,5726.7,160200,9174.17,17468, 116301, 72.60,0.7259737827715356,2026-01-20
ALKYLAMINE, EQ, 20-Jan-2026,1599.9,1575.1,1593.7,1527.6,1549.0,1546.7,1568.24,72570,1138.07,9760, 21672, 29.86,0.2986357999173212,2026-01-20
ALLCARGO, EQ, 20-Jan-2026,9.87,9.87,9.91,9.5,9.56,9.53,9.7,4569440,443.04,10223, 2282998, 49.96,0.4996231485696278,2026-01-20
ALLDIGI, EQ, 20-Jan-2026,814.25,806.0,815.8,775.0,780.0,777.65,790.04,7785,61.5,1591, 6270, 80.54,0.8053949903660886,2026-01-20
ALLTIME, EQ, 20-Jan-2026,260.15,258.7,259.0,245.6,249.0,248.8,250.41,53496,133.96,1998, 34192, 63.92,0.63915059069837,2026-01-20
ALMONDZ, EQ, 20-Jan-2026,16.11,16.05,16.74,12.89,13.22,13.6,14.01,827834,116.01,1908, 533098, 64.40,0.6439672688002667,2026-01-20
ALOKINDS, EQ, 20-Jan-2026,15.17,15.03,15.1,14.51,14.56,14.64,14.79,5721176,846.1,13737, 2453932, 42.89,0.42892090717013426,2026-01-20
ALPA, EQ, 20-Jan-2026,68.62,68.91,68.91,64.35,67.49,66.11,66.87,14740,9.86,457, 11523, 78.18,0.7817503392130258,2026-01-20
ALPHA, EQ, 20-Jan-2026,47.52,47.81,47.81,46.4,46.8,46.59,46.82,1628683,762.56,6774, 1044907, 64.16,0.6415656085315559,2026-01-20
ALPHAETF, EQ, 20-Jan-2026,24.95,24.95,25.04,24.35,24.41,24.4,24.65,666916,164.38,1889, 351996, 52.78,0.5277966040700778,2026-01-20
ALPHAGEO, EQ, 20-Jan-2026,214.55,214.55,214.56,209.0,209.52,209.93,211.46,3814,8.06,194, 3005, 78.79,0.7878867330886209,2026-01-20
ALPL30IETF, EQ, 20-Jan-2026,27.7,27.65,27.85,27.3,27.36,27.39,27.61,1798506,496.59,1368, 1567988, 87.18,0.8718280617356851,2026-01-20
AMANTA, EQ, 20-Jan-2026,103.21,103.21,104.18,99.1,99.15,100.62,101.38,26551,26.92,971, 15512, 58.42,0.5842341154758767,2026-01-20
AMBER, EQ, 20-Jan-2026,6080.5,6119.5,6149.0,6016.0,6045.0,6033.0,6082.41,263333,16017.0,36072, 109387, 41.54,0.41539419670151484,2026-01-20
AMBICAAGAR, EQ, 20-Jan-2026,25.24,25.24,25.74,23.77,24.5,24.77,24.95,56930,14.21,199, 31371, 55.10,0.5510451431582646,2026-01-20
AMBIKCO, EQ, 20-Jan-2026,1173.8,1173.8,1179.6,1129.8,1140.0,1139.4,1151.33,8866,102.08,1145, 6151, 69.38,0.6937739679675163,2026-01-20
AMBUJACEM, EQ, 20-Jan-2026,552.15,552.15,554.35,534.9,536.5,536.3,545.42,1184287,6459.32,29402, 546811, 46.17,0.46172169415015113,2026-01-20
AMDIND, EQ, 20-Jan-2026,51.8,56.0,58.4,46.23,47.29,48.36,53.63,697524,374.07,5876, 150731, 21.61,0.21609435660995177,2026-01-20
AMJLAND, EQ, 20-Jan-2026,48.54,47.68,49.49,47.35,47.35,47.87,48.43,47506,23.01,563, 20304, 42.74,0.4273986443817623,2026-01-20
AMNPLST, EQ, 20-Jan-2026,182.41,185.0,185.0,175.2,177.0,177.56,178.59,4326,7.73,338, 2154, 49.79,0.49791955617198336,2026-01-20
AMRUTANJAN, EQ, 20-Jan-2026,610.55,605.1,625.0,595.15,607.0,605.4,611.77,24515,149.98,1352, 17239, 70.32,0.7032021211503161,2026-01-20
ANANDRATHI, EQ, 20-Jan-2026,3097.8,3083.8,3092.9,3017.6,3059.0,3066.9,3058.63,214088,6548.15,12838, 129606, 60.54,0.6053865700085946,2026-01-20
ANANTRAJ, EQ, 20-Jan-2026,542.25,542.7,543.3,515.3,519.3,518.2,527.73,2040054,10766.04,54773, 730439, 35.80,0.35804885556950944,2026-01-20
ANDHRAPAP, EQ, 20-Jan-2026,62.97,63.19,63.98,61.76,62.57,62.46,62.58,145520,91.06,2077, 83848, 57.62,0.5761957119296317,2026-01-20
ANDHRSUGAR, EQ, 20-Jan-2026,71.19,71.0,71.01,67.94,68.9,68.82,69.53,111975,77.85,1492, 73750, 65.86,0.6586291582942622,2026-01-20
ANGELONE, EQ, 20-Jan-2026,2695.1,2694.0,2694.1,2624.0,2633.0,2635.8,2657.52,910266,24190.49,47018, 206587, 22.70,0.22695234140350184,2026-01-20
ANIKINDS, EQ, 20-Jan-2026,47.99,49.0,52.15,47.93,50.5,50.08,50.74,97643,49.55,1510, 26290, 26.92,0.26924613131509684,2026-01-20
ANKITMETAL, BZ, 20-Jan-2026,1.75,1.82,1.82,1.72,1.75,1.74,1.76,14308,0.25,77, -, -,,2026-01-20
ANMOL, EQ, 20-Jan-2026,13.19,13.38,13.38,11.66,12.82,12.83,12.79,82642,10.57,397, 47673, 57.69,0.5768616442002855,2026-01-20
ANSALAPI, BZ, 20-Jan-2026,3.19,3.25,3.25,3.13,3.14,3.14,3.16,24338,0.77,90, -, -,,2026-01-20
ANTELOPUS, EQ, 20-Jan-2026,463.55,462.0,462.55,403.65,422.0,414.8,432.18,399770,1727.73,9920, 62387, 15.61,0.15605723290892262,2026-01-20
ANTGRAPHIC, EQ, 20-Jan-2026,0.98,0.98,0.99,0.95,0.96,0.95,0.97,254044,2.46,320, 219077, 86.24,0.8623584890806317,2026-01-20
ANTHEM, EQ, 20-Jan-2026,616.65,612.4,616.0,587.1,600.25,599.95,598.45,285739,1710.01,17277, 130948, 45.83,0.45827835892195323,2026-01-20
ANUHPHR, EQ, 20-Jan-2026,73.18,73.23,73.89,71.4,73.5,72.78,72.82,62150,45.26,1105, 41231, 66.34,0.6634111021721641,2026-01-20
ANUP, EQ, 20-Jan-2026,1986.9,1985.0,1985.0,1956.1,1975.0,1969.3,1969.81,11737,231.2,2700, 6760, 57.60,0.5759563772684673,2026-01-20
ANURAS, EQ, 20-Jan-2026,1306.4,1295.6,1296.0,1227.0,1276.5,1272.2,1265.86,469457,5942.68,17353, 144426, 30.76,0.3076447896186445,2026-01-20
AONEGOLD, EQ, 20-Jan-2026,13.5,13.5,14.18,13.5,14.04,14.0,13.85,3663662,507.3,8590, 1975193, 53.91,0.5391307931790651,2026-01-20
AONELIQUID, EQ, 20-Jan-2026,1043.58,1043.73,1043.73,1043.71,1043.71,1043.71,1043.71,9142,95.42,99, 8089, 88.48,0.8848173266243711,2026-01-20
AONENIFTY, EQ, 20-Jan-2026,10.49,10.49,10.59,10.18,10.36,10.34,10.42,442547,46.09,2838, 326175, 73.70,0.7370403595550303,2026-01-20
AONETMMQ50, EQ, 20-Jan-2026,9.64,9.68,9.89,9.39,9.75,9.43,9.47,158326,14.99,590, 103257, 65.22,0.6521796799009638,2026-01-20
AONETOTAL, EQ, 20-Jan-2026,11.79,12.14,12.14,11.56,11.63,11.59,11.67,587399,68.57,2783, 440666, 75.02,0.7501987575736424,2026-01-20
APARINDS, EQ, 20-Jan-2026,7257.5,7211.0,7290.0,6968.0,7040.0,7035.0,7053.75,88948,6274.17,19081, 45031, 50.63,0.5062620857130009,2026-01-20
APCL, EQ, 20-Jan-2026,129.48,130.15,144.7,130.15,140.0,140.04,139.66,62147,86.79,1413, 16718, 26.90,0.269007353532753,2026-01-20
APCOTEXIND, EQ, 20-Jan-2026,349.35,349.35,349.35,336.0,343.6,343.7,344.54,34673,119.46,771, 24671, 71.15,0.711533469846855,2026-01-20
APEX, EQ, 20-Jan-2026,283.75,284.0,284.2,270.3,274.95,272.0,277.34,261565,725.43,8793, 59485, 22.74,0.22741957066121232,2026-01-20
APLAPOLLO, EQ, 20-Jan-2026,1919.7,1919.7,1933.2,1894.4,1909.0,1906.0,1918.63,510336,9791.46,35859, 209768, 41.10,0.41103900175570607,2026-01-20
APLLTD, EQ, 20-Jan-2026,769.8,769.9,773.9,759.05,760.0,765.15,766.08,69244,530.46,9134, 40201, 58.06,0.5805701577031945,2026-01-20
APOLLO, EQ, 20-Jan-2026,239.35,240.9,243.7,227.4,227.4,227.4,232.96,2531163,5896.51,30894, 1188904, 46.97,0.46970661312606105,2026-01-20
APOLLOHOSP, EQ, 20-Jan-2026,7133.0,7129.0,7129.0,6885.0,6908.0,6912.5,6986.15,499367,34886.55,56794, 324430, 64.97,0.6496824980425219,2026-01-20
APOLLOPIPE, EQ, 20-Jan-2026,283.8,283.8,284.05,266.5,273.0,270.3,275.44,107439,295.93,3597, 57323, 53.35,0.5335399622111151,2026-01-20
APOLLOTYRE, EQ, 20-Jan-2026,510.05,512.8,514.05,498.3,503.0,506.6,504.73,997484,5034.57,33424, 435566, 43.67,0.4366646482550096,2026-01-20
APOLSINHOT, EQ, 20-Jan-2026,1300.0,1276.0,1294.9,1276.0,1286.6,1286.6,1285.97,1237,15.91,66, 1063, 85.93,0.8593371059013742,2026-01-20
APTECHT, EQ, 20-Jan-2026,86.46,86.46,86.57,80.0,81.18,81.32,82.42,442721,364.9,4938, 235124, 53.11,0.5310884281522674,2026-01-20
APTUS, EQ, 20-Jan-2026,267.6,267.9,271.0,261.85,263.0,262.65,266.37,1020135,2717.34,25079, 511039, 50.10,0.5009523249373857,2026-01-20
ARCHIDPLY, EQ, 20-Jan-2026,85.57,88.89,88.89,83.56,85.56,84.42,84.85,9101,7.72,88, 8789, 96.57,0.965718052961213,2026-01-20
ARCHIES, EQ, 20-Jan-2026,16.98,16.98,17.34,16.7,16.8,16.82,16.95,11323,1.92,106, 8517, 75.22,0.7521858164797315,2026-01-20
ARE&M, EQ, 20-Jan-2026,865.8,862.0,864.2,848.0,855.0,854.25,852.48,496855,4235.59,30783, 316585, 63.72,0.6371778486681224,2026-01-20
ARENTERP, EQ, 20-Jan-2026,44.76,44.0,44.5,42.02,42.12,42.24,43.05,482,0.21,38, 397, 82.37,0.8236514522821576,2026-01-20
ARFIN, EQ, 20-Jan-2026,82.01,82.42,82.99,78.0,78.2,78.34,79.97,1486939,1189.04,6153, 380920, 25.62,0.25617728770312703,2026-01-20
ARIES, EQ, 20-Jan-2026,304.4,304.35,305.9,285.35,299.0,290.3,295.95,69898,206.86,1930, 45349, 64.88,0.6487882342842427,2026-01-20
ARIHANTCAP, EQ, 20-Jan-2026,85.03,85.45,88.0,78.06,79.51,79.33,83.2,1084183,902.04,11121, 421204, 38.85,0.3884989895617253,2026-01-20
ARIHANTSUP, EQ, 20-Jan-2026,310.75,312.3,312.35,303.5,307.0,305.85,306.52,19877,60.93,667, 7200, 36.22,0.36222770035719676,2026-01-20
ARISINFRA, EQ, 20-Jan-2026,122.85,123.01,134.61,106.99,109.73,108.44,116.93,1857439,2171.92,17242, 633494, 34.11,0.3410577682497245,2026-01-20
ARKADE, EQ, 20-Jan-2026,120.63,120.86,121.99,115.01,115.1,115.6,117.46,505666,593.94,6029, 277421, 54.86,0.5486249817072929,2026-01-20
ARMANFIN, EQ, 20-Jan-2026,1449.1,1456.4,1496.6,1409.4,1490.0,1479.5,1453.71,40656,591.02,5251, 19435, 47.80,0.4780352223534042,2026-01-20
AROGRANITE, EQ, 20-Jan-2026,29.0,28.62,28.98,28.25,28.3,28.41,28.57,4378,1.25,104, 3726, 85.11,0.8510735495660119,2026-01-20
ARROWGREEN, EQ, 20-Jan-2026,466.85,466.0,466.0,445.25,463.0,448.8,455.26,28119,128.01,1381, 14819, 52.70,0.5270102066218572,2026-01-20
ARSHIYA, BZ, 20-Jan-2026,1.25,1.24,1.24,1.19,1.24,1.19,1.2,224551,2.7,134, -, -,,2026-01-20
ARSSBL, EQ, 20-Jan-2026,655.65,659.0,659.0,600.0,604.35,603.65,622.36,1362584,8480.14,28008, 550221, 40.38,0.40380703134632434,2026-01-20
ARTEMISMED, EQ, 20-Jan-2026,250.0,249.3,249.45,236.95,238.25,238.2,242.61,201144,488.0,5535, 118414, 58.87,0.5887026210078352,2026-01-20
ARTNIRMAN, EQ, 20-Jan-2026,44.9,44.9,44.94,42.66,42.66,42.66,43.12,8501,3.67,43, 7951, 93.53,0.9353017292083284,2026-01-20
ARVEE, BE, 20-Jan-2026,169.11,169.11,169.11,160.66,160.66,160.67,161.93,1380,2.23,70, -, -,,2026-01-20
ARVIND, EQ, 20-Jan-2026,294.35,294.1,298.1,291.35,293.15,292.65,293.53,375874,1103.29,7360, 257322, 68.46,0.6845964339113639,2026-01-20
ARVINDFASN, EQ, 20-Jan-2026,448.4,446.0,448.0,435.0,439.0,439.2,440.77,570050,2512.61,21362, 395429, 69.37,0.6936742391018331,2026-01-20
ARVSMART, EQ, 20-Jan-2026,549.35,545.0,551.6,520.0,525.0,525.95,530.77,35213,186.9,2498, 20704, 58.80,0.5879646721381308,2026-01-20
ASAHIINDIA, EQ, 20-Jan-2026,930.6,935.0,937.9,894.1,903.6,905.6,914.69,77064,704.9,9160, 32531, 42.21,0.42212965846569084,2026-01-20
ASAHISONG, EQ, 20-Jan-2026,234.55,241.8,241.8,231.8,233.0,232.4,233.47,5028,11.74,243, 3963, 78.82,0.7881861575178998,2026-01-20
ASAL, EQ, 20-Jan-2026,430.7,422.0,434.1,408.0,416.0,410.9,416.42,24054,100.17,1474, 15399, 64.02,0.6401845846844599,2026-01-20
ASALCBR, EQ, 20-Jan-2026,832.85,832.85,835.05,794.5,805.0,796.65,809.58,55175,446.69,4462, 30232, 54.79,0.5479293158133213,2026-01-20
ASHAPURMIN, EQ, 20-Jan-2026,807.65,812.8,813.75,753.0,757.85,759.05,784.19,729818,5723.19,31413, 314099, 43.04,0.4303799029347043,2026-01-20
ASHIANA, EQ, 20-Jan-2026,294.4,294.7,298.8,289.0,290.4,292.4,293.83,50285,147.75,1617, 31765, 63.17,0.631699313910709,2026-01-20
ASHIMASYN, EQ, 20-Jan-2026,17.04,16.99,17.27,15.6,16.01,16.07,16.46,134252,22.09,876, 95130, 70.86,0.7085927956380538,2026-01-20
ASHOKA, EQ, 20-Jan-2026,146.63,146.51,146.51,141.0,142.5,141.96,144.13,925470,1333.86,10161, 380466, 41.11,0.4111057084508412,2026-01-20
ASHOKAMET, EQ, 20-Jan-2026,14.52,14.0,14.5,13.67,14.34,13.91,14.08,39083,5.5,422, 29299, 74.97,0.7496609779187883,2026-01-20
ASHOKLEY, EQ, 20-Jan-2026,187.98,188.93,189.75,179.5,180.12,180.79,184.06,15758631,29004.93,90506, 7821289, 49.63,0.4963177956257748,2026-01-20
ASIANENE, EQ, 20-Jan-2026,259.1,262.7,262.7,248.0,248.0,249.8,252.43,53527,135.12,2461, 22551, 42.13,0.4213013992938143,2026-01-20
ASIANHOTNR, EQ, 20-Jan-2026,314.15,315.8,317.25,307.0,308.7,311.2,313.35,13578,42.55,784, 6880, 50.67,0.5067020179702459,2026-01-20
ASIANPAINT, EQ, 20-Jan-2026,2754.0,2740.0,2740.1,2669.3,2680.0,2675.6,2706.23,911151,24657.83,68578, 468391, 51.41,0.514065176902621,2026-01-20
ASIANTILES, EQ, 20-Jan-2026,72.54,72.0,72.38,70.17,71.45,71.35,71.27,1535080,1094.03,6417, 551665, 35.94,0.3593721499856685,2026-01-20
ASKAUTOLTD, EQ, 20-Jan-2026,458.5,457.1,457.85,438.35,441.25,443.4,448.76,106448,477.69,6213, 51317, 48.21,0.482085149556591,2026-01-20
ASMS, EQ, 20-Jan-2026,11.41,11.41,11.58,11.22,11.43,11.39,11.38,251817,28.67,807, 183866, 73.02,0.7301572173443414,2026-01-20
ASPINWALL, EQ, 20-Jan-2026,221.8,220.45,228.6,219.95,226.9,225.55,225.24,8902,20.05,504, 3321, 37.31,0.3730622332060211,2026-01-20
ASTEC, EQ, 20-Jan-2026,662.65,658.0,662.65,610.75,617.4,618.4,634.28,75337,477.85,5030, 21419, 28.43,0.28430917079257206,2026-01-20
ASTERDM, EQ, 20-Jan-2026,573.0,569.75,569.75,547.45,551.9,551.6,555.43,1786151,9920.8,66169, 1255789, 70.31,0.7030698972259344,2026-01-20
ASTRAL, EQ, 20-Jan-2026,1439.0,1430.0,1440.0,1387.0,1388.1,1392.1,1409.14,301961,4255.04,23703, 106846, 35.38,0.35384039660750893,2026-01-20
ASTRAMICRO, EQ, 20-Jan-2026,906.95,901.6,913.75,886.15,896.0,889.85,897.45,279178,2505.49,24140, 145480, 52.11,0.5211012329051716,2026-01-20
ASTRAZEN, EQ, 20-Jan-2026,8298.0,8310.0,8320.0,8171.0,8250.0,8250.5,8233.12,10980,904.0,4044, 6605, 60.15,0.6015482695810564,2026-01-20
ASTRON, EQ, 20-Jan-2026,4.98,5.05,5.05,4.75,4.76,4.96,4.87,84923,4.13,295, 65341, 76.94,0.7694146462089186,2026-01-20
ATALREAL, EQ, 20-Jan-2026,27.31,27.05,27.71,26.75,26.85,26.88,27.11,1873208,507.81,1282, 354282, 18.91,0.18913115895298332,2026-01-20
ATAM, EQ, 20-Jan-2026,79.71,80.26,80.26,77.22,78.0,77.62,78.51,11972,9.4,284, 9293, 77.62,0.7762278650183763,2026-01-20
ATGL, EQ, 20-Jan-2026,544.7,544.7,548.75,530.0,536.9,532.3,537.82,467312,2513.28,20732, 182464, 39.05,0.39045434313691924,2026-01-20
ATHERENERG, EQ, 20-Jan-2026,625.5,620.0,624.1,595.05,601.0,606.9,607.29,1941428,11790.19,53767, 534324, 27.52,0.27522215606244477,2026-01-20
ATL, EQ, 20-Jan-2026,24.92,24.99,26.34,24.33,24.4,24.53,25.11,420192,105.52,5839, 171551, 40.83,0.4082681250475973,2026-01-20
ATLANTAA, EQ, 20-Jan-2026,48.16,49.0,49.0,43.75,44.93,44.77,46.29,122980,56.92,1647, 69273, 56.33,0.5632867132867133,2026-01-20
ATLANTAELE, EQ, 20-Jan-2026,837.1,844.8,879.75,768.5,777.0,777.6,832.7,859892,7160.28,31508, 297358, 34.58,0.3458085433984733,2026-01-20
ATLASCYCLE, EQ, 20-Jan-2026,98.25,96.0,100.57,94.0,95.25,95.14,95.3,11195,10.67,342, 7300, 65.21,0.6520768200089325,2026-01-20
ATUL, EQ, 20-Jan-2026,5926.5,5882.0,5895.0,5649.0,5680.0,5664.5,5766.75,26457,1525.71,7671, 10700, 40.44,0.40442982953471673,2026-01-20
ATULAUTO, EQ, 20-Jan-2026,426.1,426.5,429.0,405.15,407.0,407.35,415.52,136544,567.37,5739, 64269, 47.07,0.47068344269978907,2026-01-20
AUBANK, EQ, 20-Jan-2026,1020.95,1021.0,1021.6,992.35,1001.25,1001.25,1004.67,2014610,20240.27,79210, 1001075, 49.69,0.4969075900546508,2026-01-20
AURIGROW, BE, 20-Jan-2026,0.6,0.57,0.57,0.57,0.57,0.57,0.57,3650219,20.81,2012, -, -,,2026-01-20
AURIONPRO, EQ, 20-Jan-2026,979.3,985.0,985.0,958.1,974.0,975.8,973.09,181002,1761.32,13040, 75499, 41.71,0.4171169379343875,2026-01-20
AUROPHARMA, EQ, 20-Jan-2026,1167.6,1167.6,1167.7,1137.1,1142.0,1141.7,1151.56,567180,6531.39,23410, 220411, 38.86,0.3886085546034769,2026-01-20
AURUM, EQ, 20-Jan-2026,196.29,195.84,195.98,185.36,192.0,187.76,190.19,280336,533.17,4376, 145476, 51.89,0.5189344215512813,2026-01-20
AUSOMENT, EQ, 20-Jan-2026,164.97,168.8,174.75,151.35,158.15,159.65,164.66,410219,675.48,9226, 88891, 21.67,0.21669157206272746,2026-01-20
AUTOAXLES, EQ, 20-Jan-2026,1920.9,1920.0,1920.0,1855.6,1855.6,1859.2,1873.21,10664,199.76,1775, 6885, 64.56,0.6456301575393848,2026-01-20
AUTOBEES, EQ, 20-Jan-2026,283.55,284.48,284.88,276.0,277.5,276.88,279.84,375088,1049.64,7367, 206852, 55.15,0.5514759203173655,2026-01-20
AUTOIETF, EQ, 20-Jan-2026,28.42,28.52,28.54,27.55,27.75,27.71,28.0,807596,226.1,3904, 544451, 67.42,0.6741625763376737,2026-01-20
AUTOIND, EQ, 20-Jan-2026,70.71,71.0,72.0,70.09,72.0,70.94,70.74,67066,47.44,798, 46585, 69.46,0.694614260579131,2026-01-20
AVADHSUGAR, EQ, 20-Jan-2026,322.7,321.5,322.55,310.0,311.2,311.25,314.28,28527,89.66,1727, 18997, 66.59,0.6659305219616504,2026-01-20
AVALON, EQ, 20-Jan-2026,895.5,895.0,895.0,850.0,850.9,856.55,866.65,238971,2071.04,15864, 143620, 60.10,0.6009934259805583,2026-01-20
AVANTEL, EQ, 20-Jan-2026,146.99,147.0,147.34,136.0,139.9,138.14,140.82,1914043,2695.38,20711, 925277, 48.34,0.4834149494029131,2026-01-20
AVANTIFEED, EQ, 20-Jan-2026,792.15,796.0,803.15,780.1,785.05,784.85,792.0,270339,2141.07,13506, 80452, 29.76,0.2975967211538106,2026-01-20
AVG, EQ, 20-Jan-2026,161.83,162.22,163.25,156.1,156.1,157.06,159.1,15739,25.04,894, 8231, 52.30,0.5229684223902408,2026-01-20
AVL, EQ, 20-Jan-2026,476.1,473.05,478.0,461.25,476.6,476.3,470.79,156353,736.1,11775, 80144, 51.26,0.5125837048217815,2026-01-20
AVONMORE, EQ, 20-Jan-2026,17.29,17.2,17.34,16.21,16.8,16.46,16.78,309224,51.9,957, 229544, 74.23,0.7423227175122241,2026-01-20
AVROIND, EQ, 20-Jan-2026,141.5,140.3,144.9,128.1,130.0,133.15,136.73,29494,40.33,687, 16652, 56.46,0.5645894080151895,2026-01-20
AVTNPL, EQ, 20-Jan-2026,65.15,63.75,65.95,63.51,63.79,64.01,64.59,23605,15.25,489, 18041, 76.43,0.7642872272823554,2026-01-20
AWFIS, EQ, 20-Jan-2026,437.35,437.2,437.2,402.1,410.0,408.8,416.52,294066,1224.85,17560, 169763, 57.73,0.5772955731026368,2026-01-20
AWHCL, EQ, 20-Jan-2026,532.85,528.0,530.2,502.2,511.0,506.55,516.22,423812,2187.79,14060, 98535, 23.25,0.2324969561975593,2026-01-20
AWL, EQ, 20-Jan-2026,212.02,211.0,213.44,209.26,210.16,210.04,210.45,1745251,3672.84,34712, 879734, 50.41,0.5040730531023905,2026-01-20
AXISBANK, EQ, 20-Jan-2026,1307.5,1306.1,1310.9,1290.0,1296.3,1293.5,1301.09,6268527,81559.13,267768, 4117696, 65.69,0.6568841451907282,2026-01-20
AXISBNKETF, EQ, 20-Jan-2026,614.99,614.99,615.21,610.86,610.86,611.96,612.85,465,2.85,31, 464, 99.78,0.9978494623655914,2026-01-20
AXISBPSETF, EQ, 20-Jan-2026,13.13,13.45,13.45,13.06,13.13,13.12,13.13,39368,5.17,322, 22460, 57.05,0.570514123145702,2026-01-20
AXISCADES, EQ, 20-Jan-2026,1240.1,1240.1,1250.0,1178.1,1178.1,1178.1,1191.56,113761,1355.53,7193, 84692, 74.45,0.744473061945658,2026-01-20
AXISCETF, EQ, 20-Jan-2026,122.49,123.1,123.1,119.43,120.6,120.11,121.01,24095,29.16,103, 20473, 84.97,0.849678356505499,2026-01-20
AXISGOLD, EQ, 20-Jan-2026,122.62,125.5,128.0,122.01,127.6,126.95,124.64,3357831,4185.24,12933, 1724136, 51.35,0.5134671756857329,2026-01-20
AXISHCETF, EQ, 20-Jan-2026,145.21,145.25,145.25,142.14,143.59,142.61,143.4,7895,11.32,191, 5829, 73.83,0.7383153894870171,2026-01-20
AXISILVER, EQ, 20-Jan-2026,292.77,295.0,312.5,293.76,307.9,308.77,306.35,3343994,10244.28,23394, 1054727, 31.54,0.31540935779190993,2026-01-20
AXISNIFTY, EQ, 20-Jan-2026,281.47,281.37,281.45,277.45,278.3,277.66,280.27,98467,275.97,381, 55235, 56.09,0.560949353590543,2026-01-20
AXISTECETF, EQ, 20-Jan-2026,424.68,426.8,426.8,416.1,418.0,416.72,419.2,1013,4.25,58, 774, 76.41,0.7640671273445212,2026-01-20
AXISVALUE, EQ, 20-Jan-2026,32.04,32.05,32.34,31.18,31.3,31.32,31.54,123856,39.07,443, 83889, 67.73,0.6773107479653792,2026-01-20
AXITA, BE, 20-Jan-2026,9.85,9.95,10.01,9.37,9.39,9.39,9.61,494361,47.52,1538, -, -,,2026-01-20
AXSENSEX, EQ, 20-Jan-2026,85.62,85.62,85.66,84.69,84.69,84.78,85.09,3846,3.27,51, 3229, 83.96,0.8395735829433177,2026-01-20
AYMSYNTEX, EQ, 20-Jan-2026,155.8,159.0,159.0,141.53,150.0,149.87,149.59,69761,104.36,936, 60998, 87.44,0.874385401585413,2026-01-20
AZAD, EQ, 20-Jan-2026,1519.4,1516.0,1516.0,1442.8,1465.0,1464.9,1467.93,330841,4856.52,29630, 187026, 56.53,0.5653047838689884,2026-01-20
BAFNAPH, BE, 20-Jan-2026,121.55,123.5,123.5,116.65,118.5,117.91,118.41,1879,2.22,51, -, -,,2026-01-20
BAGFILMS, EQ, 20-Jan-2026,5.99,5.97,6.1,5.85,5.95,5.92,5.97,122971,7.35,283, 101523, 82.56,0.8255848939993983,2026-01-20
BAIDFIN, EQ, 20-Jan-2026,10.24,10.5,10.59,10.2,10.3,10.29,10.31,174516,18.0,384, 135875, 77.86,0.7785819065300603,2026-01-20
BAJAJ-AUTO, EQ, 20-Jan-2026,9429.5,9468.0,9468.0,9155.0,9176.5,9180.0,9288.12,385253,35782.77,41854, 271048, 70.36,0.7035584408168138,2026-01-20
BAJAJCON, EQ, 20-Jan-2026,276.55,276.0,276.25,258.0,258.8,260.7,264.62,1919176,5078.43,31711, 1037270, 54.05,0.5404767462702743,2026-01-20
BAJAJELEC, EQ, 20-Jan-2026,422.3,422.45,468.0,387.3,391.8,410.1,443.92,14839329,65874.43,190894, 956437, 6.45,0.06445284689085336,2026-01-20
BAJAJFINSV, EQ, 20-Jan-2026,2017.8,2017.0,2018.3,1950.2,1960.3,1958.7,1970.67,1572563,30990.09,68877, 970964, 61.74,0.6174404459471576,2026-01-20
BAJAJHCARE, EQ, 20-Jan-2026,391.8,392.4,392.4,362.55,369.9,365.25,377.28,247809,934.93,7090, 75191, 30.34,0.3034232009329766,2026-01-20
BAJAJHFL, EQ, 20-Jan-2026,91.35,91.1,91.39,89.5,89.92,89.78,90.37,7313741,6609.59,53174, 3617039, 49.46,0.4945538815224657,2026-01-20
BAJAJHIND, EQ, 20-Jan-2026,17.12,17.01,17.1,16.18,16.3,16.28,16.64,5606796,933.16,13208, 2936750, 52.38,0.5237839935678059,2026-01-20
BAJAJHLDNG, EQ, 20-Jan-2026,10648.0,10689.0,10689.0,10520.0,10540.0,10560.0,10573.41,45417,4802.13,10926, 21382, 47.08,0.4707928749146795,2026-01-20
BAJAJINDEF, EQ, 20-Jan-2026,326.9,332.0,332.0,305.0,307.75,307.7,315.37,34608,109.14,1446, 23328, 67.41,0.6740638002773925,2026-01-20
BAJEL, EQ, 20-Jan-2026,158.67,159.9,159.9,147.91,149.5,150.23,151.96,231632,351.99,4504, 135053, 58.30,0.5830498376735511,2026-01-20
BAJFINANCE, EQ, 20-Jan-2026,969.45,975.7,975.7,927.9,931.75,933.2,943.92,9001207,84964.02,195288, 5312844, 59.02,0.5902368426812094,2026-01-20
BALAJEE, EQ, 20-Jan-2026,37.85,38.14,38.14,35.22,35.8,35.88,36.56,62790,22.95,1088, 46311, 73.76,0.7375537505972288,2026-01-20
BALAJITELE, EQ, 20-Jan-2026,102.27,102.0,102.5,97.4,98.01,98.31,99.52,93115,92.67,1594, 56498, 60.68,0.6067550877946625,2026-01-20
BALAMINES, EQ, 20-Jan-2026,1276.2,1269.0,1282.0,1187.6,1214.0,1212.1,1241.06,482584,5989.16,23780, 65822, 13.64,0.13639490741508214,2026-01-20
BALAXI, EQ, 20-Jan-2026,24.72,24.06,25.0,23.4,23.93,23.71,23.97,38654,9.26,509, 29138, 75.38,0.7538159052103275,2026-01-20
BALKRISHNA, EQ, 20-Jan-2026,16.98,17.28,17.28,16.26,17.0,17.03,16.95,14879,2.52,136, 13493, 90.68,0.9068485785335036,2026-01-20
BALKRISIND, EQ, 20-Jan-2026,2431.6,2403.0,2428.4,2385.0,2426.7,2412.1,2406.81,71552,1722.12,12070, 37207, 52.00,0.5199994409660107,2026-01-20
BALMLAWRIE, EQ, 20-Jan-2026,171.87,171.0,172.03,166.0,166.8,166.82,168.74,176272,297.43,3419, 107170, 60.80,0.6079808477807026,2026-01-20
BALPHARMA, EQ, 20-Jan-2026,70.75,71.2,73.0,68.5,68.51,68.87,70.94,35659,25.3,408, 16441, 46.11,0.46106172354805236,2026-01-20
BALRAMCHIN, EQ, 20-Jan-2026,415.3,417.5,418.95,407.05,407.8,410.9,413.1,187472,774.44,7904, 95739, 51.07,0.5106842621831527,2026-01-20
BALUFORGE, EQ, 20-Jan-2026,439.9,437.0,438.0,409.95,420.0,415.5,423.95,1162278,4927.42,23323, 386328, 33.24,0.33238863679773684,2026-01-20
BANARBEADS, EQ, 20-Jan-2026,108.61,111.79,113.95,104.99,109.64,108.91,108.04,3679,3.97,133, 3093, 84.07,0.8407175863006252,2026-01-20
BANARISUG, EQ, 20-Jan-2026,3600.2,3615.7,3629.9,3594.1,3600.0,3599.8,3600.83,782,28.16,171, 718, 91.82,0.9181585677749361,2026-01-20
BANCOINDIA, EQ, 20-Jan-2026,612.2,612.15,618.0,569.55,579.5,574.0,588.21,426342,2507.79,20043, 227620, 53.39,0.5338906324030942,2026-01-20
BANDHANBNK, EQ, 20-Jan-2026,142.64,142.6,142.75,138.9,139.39,139.39,140.93,8318034,11722.49,34440, 3333205, 40.07,0.40072029039554297,2026-01-20
BANG, EQ, 20-Jan-2026,46.12,47.19,47.8,43.4,44.0,44.86,45.35,18233,8.27,293, 10723, 58.81,0.5881094718367794,2026-01-20
BANKA, EQ, 20-Jan-2026,63.4,61.55,62.99,61.0,61.01,61.27,61.65,6970,4.3,86, 5706, 81.87,0.818651362984218,2026-01-20
BANKADD, EQ, 20-Jan-2026,61.0,61.05,61.15,60.45,60.45,60.6,60.98,158862,96.88,166, 151958, 95.65,0.9565408971308431,2026-01-20
BANKBARODA, EQ, 20-Jan-2026,307.15,306.95,310.15,300.2,301.4,302.05,303.72,8244610,25040.58,72722, 3652941, 44.31,0.4430701998032654,2026-01-20
BANKBEES, EQ, 20-Jan-2026,617.22,619.99,619.99,611.0,611.99,612.17,614.71,533357,3278.59,10136, 322322, 60.43,0.6043269329923485,2026-01-20
BANKBETA, EQ, 20-Jan-2026,61.67,61.75,63.38,61.22,62.76,61.54,61.52,877608,539.92,560, 831790, 94.78,0.9477921805635318,2026-01-20
BANKBETF, EQ, 20-Jan-2026,60.58,60.72,60.72,60.12,60.24,60.29,60.46,12484,7.55,242, 7605, 60.92,0.6091797500801025,2026-01-20
BANKETF, EQ, 20-Jan-2026,607.83,609.38,609.38,602.7,603.42,603.08,605.04,5455,33.0,103, 4738, 86.86,0.8685609532538955,2026-01-20
BANKIETF, EQ, 20-Jan-2026,61.17,61.47,61.47,60.6,60.7,60.74,60.98,328633,200.41,1679, 246696, 75.07,0.7506732434052575,2026-01-20
BANKINDIA, EQ, 20-Jan-2026,163.05,163.05,165.33,159.1,159.7,159.75,161.51,19736674,31876.38,88470, 7563467, 38.32,0.3832189253366601,2026-01-20
BANKNIFTY1, EQ, 20-Jan-2026,618.69,637.25,637.25,611.95,613.35,613.66,615.15,17389,106.97,788, 15818, 90.97,0.9096555293576399,2026-01-20
BANKPSU, EQ, 20-Jan-2026,90.29,90.2,91.29,88.95,89.0,89.04,89.61,108060,96.83,366, 88006, 81.44,0.8144179159726078,2026-01-20
BANSALWIRE, EQ, 20-Jan-2026,299.45,304.9,304.9,284.1,285.5,287.9,293.83,195385,574.1,5621, 63167, 32.33,0.3232950328837935,2026-01-20
BANSWRAS, EQ, 20-Jan-2026,101.52,101.52,103.7,99.5,101.0,100.23,101.63,55127,56.03,424, 50630, 91.84,0.9184247283545268,2026-01-20
BASF, EQ, 20-Jan-2026,3610.9,3610.3,3615.0,3542.0,3585.0,3584.6,3578.3,11591,414.76,3539, 5356, 46.21,0.46208265033215423,2026-01-20
BASML, EQ, 20-Jan-2026,24.25,24.0,24.01,21.65,21.97,22.38,22.76,233232,53.08,1153, 170737, 73.20,0.7320479179529396,2026-01-20
BATAINDIA, EQ, 20-Jan-2026,894.7,891.3,914.75,883.05,890.0,888.25,894.63,164410,1470.86,15387, 34983, 21.28,0.21277902803965695,2026-01-20
BAYERCROP, EQ, 20-Jan-2026,4386.3,4385.0,4405.0,4273.0,4375.0,4385.0,4357.85,24228,1055.82,7125, 12318, 50.84,0.508420009905894,2026-01-20
BBETF0432, EQ, 20-Jan-2026,1301.61,1304.43,1309.49,1303.13,1303.13,1303.37,1304.42,1638,21.37,57, 1392, 84.98,0.8498168498168498,2026-01-20
BBL, EQ, 20-Jan-2026,2615.3,2615.7,2619.0,2511.7,2525.0,2535.7,2564.35,25011,641.37,3870, 13328, 53.29,0.5328855303666387,2026-01-20
BBNPNBETF, EQ, 20-Jan-2026,60.1,59.92,60.17,59.79,59.79,59.79,59.86,2043,1.22,38, 1699, 83.16,0.8316201664219285,2026-01-20
BBNPPGOLD, EQ, 20-Jan-2026,139.75,143.2,150.0,139.75,145.7,144.05,144.0,192114,276.65,869, 134632, 70.08,0.7007922379420553,2026-01-20
BBOX, EQ, 20-Jan-2026,514.75,512.75,513.45,494.0,495.0,497.7,501.31,372245,1866.12,14689, 165771, 44.53,0.44532767397815953,2026-01-20
BBTC, EQ, 20-Jan-2026,1791.8,1780.1,1794.7,1684.0,1709.9,1710.1,1741.43,67884,1182.16,6950, 34198, 50.38,0.5037711390018267,2026-01-20
BBTCL, EQ, 20-Jan-2026,199.87,196.0,197.0,189.13,190.0,190.0,191.87,2924,5.61,111, 1592, 54.45,0.5444596443228454,2026-01-20
BCG, EQ, 20-Jan-2026,9.42,9.4,9.71,9.06,9.12,9.15,9.38,10299210,966.31,11350, 3729178, 36.21,0.3620838879875253,2026-01-20
BCLIND, EQ, 20-Jan-2026,28.99,28.83,28.99,28.3,28.4,28.46,28.52,536933,153.15,2911, 311608, 58.03,0.5803480136255361,2026-01-20
BCONCEPTS, EQ, 20-Jan-2026,305.1,304.4,314.0,292.35,313.5,299.3,299.25,8256,24.71,335, 5846, 70.81,0.7080910852713178,2026-01-20
BDL, EQ, 20-Jan-2026,1507.3,1495.0,1504.4,1444.9,1454.0,1453.1,1471.63,2133745,31400.74,49788, 434911, 20.38,0.20382519935606175,2026-01-20
BEARDSELL, EQ, 20-Jan-2026,28.98,28.98,29.74,27.5,28.44,27.96,28.17,18371,5.17,353, 13441, 73.16,0.7316422622611725,2026-01-20
BECTORFOOD, EQ, 20-Jan-2026,221.29,220.52,221.31,214.8,215.7,215.69,217.58,447356,973.35,20856, 248887, 55.64,0.5563510939833153,2026-01-20
BEDMUTHA, EQ, 20-Jan-2026,109.85,112.8,112.8,107.26,107.26,107.52,109.44,6594,7.22,187, 4072, 61.75,0.6175310888686685,2026-01-20
BEL, EQ, 20-Jan-2026,412.8,413.9,415.4,406.0,409.0,409.35,411.68,32732305,134752.87,145888, 21258507, 64.95,0.6494656273061125,2026-01-20
BELLACASA, EQ, 20-Jan-2026,321.15,320.0,322.15,306.7,308.0,308.0,311.39,7690,23.95,401, 6654, 86.53,0.8652795838751626,2026-01-20
BELRISE, EQ, 20-Jan-2026,165.83,166.99,170.46,161.04,162.5,161.89,164.9,4931524,8131.9,47150, 1798493, 36.47,0.36469314556717153,2026-01-20
BEML, EQ, 20-Jan-2026,1771.2,1762.3,1771.9,1710.0,1714.0,1715.8,1737.45,182101,3163.92,19100, 70325, 38.62,0.3861867864536713,2026-01-20
BEPL, EQ, 20-Jan-2026,85.62,85.05,85.5,82.5,82.75,83.01,83.81,235126,197.05,2606, 160609, 68.31,0.6830763080220817,2026-01-20
BERGEPAINT, EQ, 20-Jan-2026,519.7,515.5,521.0,507.25,519.7,514.35,514.57,242849,1249.63,10579, 111797, 46.04,0.4603560237019712,2026-01-20
BESTAGRO, EQ, 20-Jan-2026,26.95,26.0,26.3,22.55,23.65,23.45,24.51,7503349,1838.84,20807, 1704445, 22.72,0.22715789975916087,2026-01-20
BETA, EQ, 20-Jan-2026,1549.3,1555.2,1630.0,1516.3,1530.0,1538.6,1551.89,4717,73.2,863, 2577, 54.63,0.5463218147127411,2026-01-20
BFINVEST, EQ, 20-Jan-2026,391.3,389.0,390.65,371.3,375.8,376.25,379.93,20592,78.24,1283, 13377, 64.96,0.6496212121212122,2026-01-20
BFSI, EQ, 20-Jan-2026,28.41,28.71,28.71,28.05,28.09,28.13,28.26,178170,50.34,1062, 155507, 87.28,0.8728012572262446,2026-01-20
BFUTILITIE, BZ, 20-Jan-2026,569.0,568.9,569.0,540.55,541.0,541.6,552.97,16879,93.34,802, -, -,,2026-01-20
BGRENERGY, EQ, 20-Jan-2026,354.0,371.7,371.7,355.75,368.4,370.95,370.08,616933,2283.12,4395, 291180, 47.20,0.471979939474789,2026-01-20
BHAGCHEM, EQ, 20-Jan-2026,218.24,214.8,215.2,208.4,211.19,212.02,211.57,106675,225.69,2102, 60854, 57.05,0.5704616826810406,2026-01-20
BHAGERIA, EQ, 20-Jan-2026,167.13,165.7,171.0,160.03,161.9,161.07,163.11,47080,76.79,1276, 22705, 48.23,0.4822642310960068,2026-01-20
BHAGYANGR, BE, 20-Jan-2026,166.12,166.0,171.8,158.0,161.0,160.3,164.54,228696,376.3,2200, -, -,,2026-01-20
BHANDARI, EQ, 20-Jan-2026,3.88,3.87,3.95,3.61,3.91,3.82,3.79,260406,9.87,652, 182905, 70.24,0.7023839696473968,2026-01-20
BHARATCOAL, EQ, 20-Jan-2026,40.58,40.75,43.45,40.14,40.47,40.71,41.91,295990371,124044.37,486545, 52129373, 17.61,0.17611847582703966,2026-01-20
BHARATFORG, EQ, 20-Jan-2026,1415.1,1409.0,1418.8,1385.5,1393.1,1394.1,1396.78,634730,8865.77,26580, 283072, 44.60,0.445972303184031,2026-01-20
BHARATGEAR, EQ, 20-Jan-2026,108.26,108.23,112.0,107.0,111.95,110.44,109.56,44036,48.25,674, 29298, 66.53,0.6653192842220002,2026-01-20
BHARATRAS, EQ, 20-Jan-2026,2039.7,1946.0,2024.9,1653.0,1688.0,1689.8,1772.71,424650,7527.81,32709, 97269, 22.91,0.22905687036382905,2026-01-20
BHARATSE, EQ, 20-Jan-2026,159.02,159.02,159.02,146.05,151.85,151.28,154.15,96875,149.33,2410, 54731, 56.50,0.5649651612903226,2026-01-20
BHARATWIRE, EQ, 20-Jan-2026,172.27,170.16,173.47,164.0,167.0,167.61,166.32,682479,1135.1,3918, 516644, 75.70,0.7570108384287282,2026-01-20
BHARTIARTL, EQ, 20-Jan-2026,2010.0,2018.0,2018.0,1977.1,1990.0,1996.0,2001.96,6076838,121655.56,168198, 3910712, 64.35,0.6435438956904891,2026-01-20
BHARTIHEXA, EQ, 20-Jan-2026,1594.4,1614.0,1627.6,1589.0,1599.0,1594.8,1608.52,192419,3095.1,16309, 80907, 42.05,0.4204730302101144,2026-01-20
BHEL, EQ, 20-Jan-2026,263.1,262.5,262.5,248.75,250.15,250.15,252.85,24904986,62972.29,172313, 6663647, 26.76,0.2675627683548989,2026-01-20
BIGBLOC, EQ, 20-Jan-2026,67.62,67.7,68.86,62.15,63.87,64.37,66.19,237953,157.51,2310, 97296, 40.89,0.40888746937420417,2026-01-20
BIKAJI, EQ, 20-Jan-2026,696.7,699.1,703.05,600.0,693.9,693.4,685.88,134775,924.39,10154, 59698, 44.29,0.4429456501576702,2026-01-20
BIL, EQ, 20-Jan-2026,679.5,673.45,676.1,636.35,651.0,643.45,652.5,1333,8.7,160, 895, 67.14,0.6714178544636159,2026-01-20
BILVYAPAR, BE, 20-Jan-2026,7.07,7.1,7.14,6.87,6.91,6.91,6.96,1811,0.13,20, -, -,,2026-01-20
BIOCON, EQ, 20-Jan-2026,376.05,375.0,376.05,365.0,365.0,366.85,370.21,9421803,34880.22,88936, 6214580, 65.96,0.6595956209230865,2026-01-20
BIOFILCHEM, EQ, 20-Jan-2026,32.25,32.24,32.8,31.01,31.78,31.85,32.05,54393,17.43,370, 34841, 64.05,0.6405419815049731,2026-01-20
BIRLACABLE, EQ, 20-Jan-2026,130.6,129.0,130.81,124.4,124.4,125.09,127.18,20225,25.72,1076, 11097, 54.87,0.5486773794808405,2026-01-20
BIRLACORPN, EQ, 20-Jan-2026,1091.8,1091.8,1091.8,1066.7,1085.0,1081.1,1081.29,88218,953.89,8820, 55035, 62.39,0.623852275045909,2026-01-20
BIRLAMONEY, EQ, 20-Jan-2026,129.03,126.25,128.57,121.8,122.2,123.25,125.37,72508,90.91,1156, 38390, 52.95,0.5294588183372869,2026-01-20
BIRLANU, EQ, 20-Jan-2026,1722.4,1748.9,1749.0,1646.7,1676.0,1668.3,1688.81,15964,269.6,2285, 6448, 40.39,0.40390879478827363,2026-01-20
BLACKBUCK, EQ, 20-Jan-2026,604.0,605.15,607.6,568.2,577.0,575.2,583.61,1376660,8034.36,54774, 835916, 60.72,0.6072058460331528,2026-01-20
BLAL, EQ, 20-Jan-2026,202.43,201.55,202.2,195.11,197.1,197.32,198.31,37240,73.85,991, 25534, 68.57,0.6856605800214822,2026-01-20
BLBLIMITED, EQ, 20-Jan-2026,14.6,14.95,14.95,13.28,13.41,13.41,13.97,388103,54.22,1647, 246343, 63.47,0.6347361396330355,2026-01-20
BLISSGVS, EQ, 20-Jan-2026,164.21,165.0,165.0,156.0,158.25,156.87,161.01,1296166,2086.97,10943, 283127, 21.84,0.21843421290174253,2026-01-20
BLKASHYAP, EQ, 20-Jan-2026,48.38,48.77,48.77,45.15,45.5,46.42,47.27,206600,97.66,1482, 136014, 65.83,0.6583446272991288,2026-01-20
BLS, EQ, 20-Jan-2026,295.85,297.25,298.8,288.0,290.5,290.15,294.11,1280838,3767.11,30617, 325139, 25.38,0.25384865221050595,2026-01-20
BLSE, EQ, 20-Jan-2026,174.96,175.0,175.36,165.1,166.8,167.09,169.62,243631,413.24,5664, 96772, 39.72,0.39720725195069595,2026-01-20
BLUECHIP, BE, 20-Jan-2026,2.77,2.72,2.72,2.72,2.72,2.72,2.72,3219,0.09,49, -, -,,2026-01-20
BLUECOAST, EQ, 20-Jan-2026,30.39,29.79,30.9,28.88,28.88,28.88,29.13,3721,1.08,66, 2580, 69.34,0.6933619994625101,2026-01-20
BLUEDART, EQ, 20-Jan-2026,5371.0,5371.0,5385.5,5305.0,5332.0,5345.0,5343.76,19602,1047.48,4272, 11294, 57.62,0.5761656973778186,2026-01-20
BLUEJET, EQ, 20-Jan-2026,479.8,484.0,484.0,457.5,459.7,459.75,472.35,525344,2481.44,21519, 214775, 40.88,0.4088273588353536,2026-01-20
BLUESTARCO, EQ, 20-Jan-2026,1767.8,1765.0,1779.2,1727.4,1735.5,1747.9,1752.63,432160,7574.16,19125, 243549, 56.36,0.5635621066271751,2026-01-20
BLUESTONE, EQ, 20-Jan-2026,450.8,451.8,460.0,438.0,441.0,440.05,441.04,112702,497.06,6943, 69698, 61.84,0.6184273571010275,2026-01-20
BLUSPRING, EQ, 20-Jan-2026,62.07,62.9,65.98,61.01,64.0,64.07,64.58,319248,206.16,2492, 159533, 49.97,0.4997149551445898,2026-01-20
BMWVENTLTD, EQ, 20-Jan-2026,54.59,55.0,55.01,53.66,54.85,54.82,54.37,185437,100.82,1759, 129850, 70.02,0.7002378166169643,2026-01-20
BODALCHEM, EQ, 20-Jan-2026,49.01,49.7,49.7,47.5,47.5,47.72,48.34,104924,50.72,1240, 78444, 74.76,0.7476268537226946,2026-01-20
BOHRAIND, EQ, 20-Jan-2026,15.47,15.2,16.59,15.0,15.8,15.71,15.74,24795,3.9,139, 16134, 65.07,0.6506957047791894,2026-01-20
BOMDYEING, EQ, 20-Jan-2026,122.76,121.5,121.5,116.29,117.0,116.96,118.46,995991,1179.86,9061, 562866, 56.51,0.565131612635054,2026-01-20
BORANA, BE, 20-Jan-2026,323.95,324.0,331.6,312.0,320.0,318.75,318.58,42577,135.64,448, -, -,,2026-01-20
BOROLTD, EQ, 20-Jan-2026,261.4,260.0,265.0,254.5,254.5,256.55,258.42,56338,145.59,2718, 27131, 48.16,0.4815754907877454,2026-01-20
BORORENEW, EQ, 20-Jan-2026,516.25,516.05,519.5,492.85,499.2,496.3,504.85,280569,1416.45,13027, 114572, 40.84,0.40835587680748764,2026-01-20
BOROSCI, EQ, 20-Jan-2026,111.68,111.1,111.99,106.1,106.79,107.78,109.66,34887,38.26,814, 25587, 73.34,0.7334250580445438,2026-01-20
BOSCH-HCIL, EQ, 20-Jan-2026,1405.6,1414.0,1414.1,1310.0,1354.1,1346.4,1367.75,10104,138.2,1078, 6559, 64.91,0.6491488519398259,2026-01-20
BOSCHLTD, EQ, 20-Jan-2026,36510.0,36350.0,36380.0,35425.0,35615.0,35575.0,35865.12,40077,14373.66,15366, 17912, 44.69,0.4469396411907079,2026-01-20
BPCL, EQ, 20-Jan-2026,361.25,361.0,361.0,353.0,354.1,355.2,355.75,6408732,22798.79,71875, 3570242, 55.71,0.5570902325140137,2026-01-20
BPL, EQ, 20-Jan-2026,61.39,63.39,63.39,57.1,58.79,58.14,60.18,86491,52.05,1580, 52515, 60.72,0.6071730006590281,2026-01-20
BRIGADE, EQ, 20-Jan-2026,807.0,807.0,811.95,782.5,786.0,792.05,799.28,440242,3518.78,44428, 237525, 53.95,0.5395328024132182,2026-01-20
BRIGHOTEL, EQ, 20-Jan-2026,66.31,66.0,67.25,59.01,62.88,61.02,61.69,997184,615.19,13460, 503186, 50.46,0.5046069732366344,2026-01-20
BRITANNIA, EQ, 20-Jan-2026,5943.5,5943.5,5994.5,5862.0,5870.0,5884.0,5912.8,350070,20698.94,39363, 198984, 56.84,0.5684120318793384,2026-01-20
BRNL, EQ, 20-Jan-2026,20.16,20.0,20.7,19.5,19.78,19.68,20.0,41482,8.3,447, 27841, 67.12,0.6711585748035293,2026-01-20
BROOKS, EQ, 20-Jan-2026,68.11,67.2,67.45,64.27,65.65,65.0,65.69,36410,23.92,416, 26717, 73.38,0.7337819280417468,2026-01-20
BSE, EQ, 20-Jan-2026,2726.7,2732.0,2732.0,2640.0,2650.8,2653.4,2680.04,3480325,93274.0,141979, 1085281, 31.18,0.3118332339652188,2026-01-20
BSE500IETF, EQ, 20-Jan-2026,39.53,39.53,39.53,38.64,38.81,38.75,39.12,672386,263.07,1420, 198193, 29.48,0.29476074754679604,2026-01-20
BSHSL, EQ, 20-Jan-2026,97.77,95.3,97.35,95.0,95.0,95.17,95.55,15188,14.51,612, 8115, 53.43,0.534303397419015,2026-01-20
BSL, EQ, 20-Jan-2026,137.62,141.0,141.0,131.05,132.35,133.2,135.08,9944,13.43,915, 4956, 49.84,0.498390989541432,2026-01-20
BSLGOLDETF, EQ, 20-Jan-2026,127.38,129.67,137.0,127.99,133.9,132.73,131.03,1247494,1634.54,6093, 498191, 39.94,0.3993534237439218,2026-01-20
BSLNIFTY, EQ, 20-Jan-2026,29.8,30.3,30.54,29.33,29.52,29.44,29.61,948386,280.79,5926, 650622, 68.60,0.6860307933689447,2026-01-20
BSLSENETFG, EQ, 20-Jan-2026,83.23,84.4,84.4,82.2,82.39,82.52,82.86,1988,1.65,159, 1819, 91.50,0.9149899396378269,2026-01-20
BSOFT, EQ, 20-Jan-2026,425.85,426.0,426.05,401.0,405.8,404.25,408.12,1511454,6168.61,42767, 573569, 37.95,0.37948161174604056,2026-01-20
BTML, EQ, 20-Jan-2026,7.79,7.99,7.99,7.7,7.7,7.75,7.9,193567,15.3,293, 164194, 84.83,0.8482540928980663,2026-01-20
BUILDPRO, BE, 20-Jan-2026,727.7,691.35,715.0,691.35,691.35,691.35,693.62,50907,353.1,1519, -, -,,2026-01-20
BUTTERFLY, EQ, 20-Jan-2026,613.15,619.35,624.75,582.0,582.05,587.6,600.14,4977,29.87,498, 3706, 74.46,0.7446252762708458,2026-01-20
BVCL, EQ, 20-Jan-2026,41.99,41.79,43.21,40.92,41.5,41.73,42.29,92696,39.2,1050, 64821, 69.93,0.6992858375765945,2026-01-20
BYKE, EQ, 20-Jan-2026,53.1,53.05,55.4,52.93,53.25,53.12,53.42,43512,23.24,642, 30734, 70.63,0.7063338849053135,2026-01-20
CALSOFT, EQ, 20-Jan-2026,14.85,15.25,15.77,14.5,14.78,15.02,15.2,56185,8.54,289, 31171, 55.48,0.5547922043249978,2026-01-20
CAMLINFINE, EQ, 20-Jan-2026,149.25,147.21,148.5,140.68,141.99,142.2,144.95,287522,416.76,5083, 132772, 46.18,0.461780315941041,2026-01-20
CAMPUS, EQ, 20-Jan-2026,248.8,247.7,252.0,245.6,250.0,249.5,248.81,238640,593.76,7938, 97983, 41.06,0.41058917197452227,2026-01-20
CAMS, EQ, 20-Jan-2026,724.2,724.0,728.8,706.3,712.0,710.1,713.12,1130050,8058.59,31028, 481349, 42.60,0.42595371886199723,2026-01-20
CANBK, EQ, 20-Jan-2026,156.86,157.5,159.09,153.06,153.62,153.68,155.14,35087078,54435.56,123298, 16293765, 46.44,0.4643807899876986,2026-01-20
CANFINHOME, EQ, 20-Jan-2026,939.15,944.0,963.8,909.0,912.5,915.1,935.98,426293,3990.02,29704, 136194, 31.95,0.31948448602252444,2026-01-20
CANHLIFE, EQ, 20-Jan-2026,139.92,140.4,140.4,138.0,138.0,139.21,139.47,1211550,1689.7,22149, 762957, 62.97,0.6297362882258264,2026-01-20
CANTABIL, EQ, 20-Jan-2026,282.7,280.0,284.75,267.5,270.2,270.45,275.13,306521,843.33,4487, 175711, 57.32,0.5732429425716346,2026-01-20
CAPACITE, EQ, 20-Jan-2026,233.45,233.0,233.4,215.0,216.85,216.75,221.88,787575,1747.49,12840, 450974, 57.26,0.5726108624575438,2026-01-20
CAPILLARY, EQ, 20-Jan-2026,618.2,620.0,634.9,609.4,628.0,625.65,625.49,381502,2386.27,12264, 51289, 13.44,0.13443966217739356,2026-01-20
CAPITALSFB, EQ, 20-Jan-2026,261.3,265.0,265.0,257.05,259.7,258.95,260.19,43495,113.17,1228, 33294, 76.55,0.7654672950913898,2026-01-20
CAPLIPOINT, EQ, 20-Jan-2026,1812.2,1800.1,1820.8,1765.0,1777.0,1782.6,1797.72,46545,836.75,7543, 21363, 45.90,0.458975185304544,2026-01-20
CAPTRUST, EQ, 20-Jan-2026,14.36,15.07,15.07,14.38,15.07,14.99,15.05,527356,79.36,782, 419404, 79.53,0.7952957774254963,2026-01-20
CARBORUNIV, EQ, 20-Jan-2026,809.5,814.0,814.0,770.6,780.0,779.65,793.58,238788,1894.98,13633, 155891, 65.28,0.6528426889123407,2026-01-20
CARERATING, EQ, 20-Jan-2026,1628.3,1628.3,1638.7,1572.4,1610.0,1609.6,1607.78,102263,1644.16,15143, 52077, 50.92,0.5092457682641816,2026-01-20
CARRARO, EQ, 20-Jan-2026,516.1,516.0,518.65,485.8,505.0,498.6,499.85,142211,710.84,10981, 79766, 56.09,0.5608989459324525,2026-01-20
CARTRADE, EQ, 20-Jan-2026,2677.4,2685.0,2685.0,2502.7,2512.7,2524.5,2566.86,286055,7342.64,35549, 124495, 43.52,0.435213507891839,2026-01-20
CARYSIL, EQ, 20-Jan-2026,769.05,772.0,774.0,750.2,757.0,759.0,761.38,65896,501.72,6212, 38783, 58.85,0.5885486220711424,2026-01-20
CASHIETF, EQ, 20-Jan-2026,1046.1,1046.25,1046.27,1046.25,1046.26,1046.25,1046.27,234641,2454.97,258, 199688, 85.10,0.8510362639095469,2026-01-20
CASTROLIND, EQ, 20-Jan-2026,183.76,183.8,183.94,182.66,182.75,182.75,182.94,2993156,5475.76,22620, 2271210, 75.88,0.7588010781930511,2026-01-20
CCCL, BE, 20-Jan-2026,17.51,17.15,17.4,16.64,16.79,16.73,16.99,292594,49.72,554, -, -,,2026-01-20
CCHHL, EQ, 20-Jan-2026,14.47,14.11,14.57,13.65,14.13,13.99,14.07,44209,6.22,293, 37995, 85.94,0.8594403854418784,2026-01-20
CCL, EQ, 20-Jan-2026,983.75,980.0,982.8,945.1,949.5,950.6,964.38,200747,1935.97,16020, 59327, 29.55,0.295531191001609,2026-01-20
CDSL, EQ, 20-Jan-2026,1414.9,1415.0,1415.2,1334.4,1342.6,1341.0,1367.4,3660268,50050.51,130556, 1421273, 38.83,0.3882975235693124,2026-01-20
CEATLTD, EQ, 20-Jan-2026,3883.1,3920.0,3980.0,3601.0,3691.0,3711.6,3820.89,661025,25257.07,60582, 118579, 17.94,0.17938655875345108,2026-01-20
CEIGALL, EQ, 20-Jan-2026,279.95,277.9,280.45,271.7,276.95,277.8,277.13,280173,776.45,4969, 127797, 45.61,0.45613603023845983,2026-01-20
CELEBRITY, EQ, 20-Jan-2026,7.89,8.0,8.11,7.41,7.85,7.67,7.83,46170,3.62,217, 37531, 81.29,0.81288715616201,2026-01-20
CELLO, EQ, 20-Jan-2026,512.35,513.1,514.15,500.0,500.0,501.35,504.55,85903,433.42,4823, 50097, 58.32,0.5831810297661316,2026-01-20
CEMPRO, EQ, 20-Jan-2026,662.75,661.5,664.2,621.8,628.0,626.35,641.74,340899,2187.68,17064, 180562, 52.97,0.5296642113939906,2026-01-20
CENTENKA, EQ, 20-Jan-2026,428.7,424.65,426.1,420.5,424.8,423.2,422.41,13377,56.51,635, 9421, 70.43,0.7042685205950512,2026-01-20
CENTEXT, EQ, 20-Jan-2026,23.6,23.8,24.89,22.05,22.24,22.39,23.8,353020,84.04,1703, 209778, 59.42,0.5942382867826186,2026-01-20
CENTRALBK, EQ, 20-Jan-2026,38.26,38.07,38.35,36.61,36.83,36.88,37.59,8890839,3341.69,20310, 2928501, 32.94,0.329384099745817,2026-01-20
CENTRUM, EQ, 20-Jan-2026,26.36,27.0,27.0,24.75,25.0,24.93,25.4,441231,112.06,1738, 270414, 61.29,0.6128626501764382,2026-01-20
CENTUM, EQ, 20-Jan-2026,2252.5,2252.5,2263.6,2190.0,2240.0,2224.7,2222.82,29015,644.95,6639, 14828, 51.10,0.5110460106841289,2026-01-20
CENTURYPLY, EQ, 20-Jan-2026,738.0,731.3,737.5,720.45,720.45,725.95,729.65,33613,245.26,6565, 15568, 46.32,0.4631541367923125,2026-01-20
CERA, EQ, 20-Jan-2026,5063.5,5064.5,5070.5,4981.0,5015.0,5016.0,5007.78,11618,581.8,4302, 4969, 42.77,0.42769839903597867,2026-01-20
CEREBRAINT, BZ, 20-Jan-2026,6.31,6.05,6.57,6.0,6.2,6.08,6.27,44818,2.81,169, -, -,,2026-01-20
CESC, EQ, 20-Jan-2026,152.21,152.21,152.21,146.37,147.25,147.2,149.18,1529246,2281.36,32086, 684364, 44.75,0.447517273218305,2026-01-20
CEWATER, EQ, 20-Jan-2026,409.65,406.4,427.1,405.25,411.0,411.45,418.13,30277,126.6,2048, 15530, 51.29,0.5129306073917496,2026-01-20
CGCL, EQ, 20-Jan-2026,178.07,175.0,180.78,173.51,174.6,174.94,176.9,3079044,5446.95,51232, 1645934, 53.46,0.534560077738415,2026-01-20
CGPOWER, EQ, 20-Jan-2026,590.0,588.0,591.0,569.0,572.0,573.75,576.21,4163249,23988.94,62698, 1671129, 40.14,0.40140020450374214,2026-01-20
CHALET, EQ, 20-Jan-2026,874.55,875.8,877.15,843.0,845.15,846.5,857.58,147686,1266.52,11858, 76019, 51.47,0.5147339625963192,2026-01-20
CHAMBLFERT, EQ, 20-Jan-2026,438.75,436.5,438.0,429.5,430.0,431.85,432.67,774492,3350.96,25624, 399001, 51.52,0.5151776906669145,2026-01-20
CHEMBOND, EQ, 20-Jan-2026,146.74,148.9,151.11,140.5,143.0,142.18,144.94,19989,28.97,1440, 8054, 40.29,0.4029216068837861,2026-01-20
CHEMBONDCH, EQ, 20-Jan-2026,135.97,138.85,139.15,126.9,127.0,131.02,133.08,9711,12.92,682, 5663, 58.32,0.5831531253218,2026-01-20
CHEMCON, EQ, 20-Jan-2026,180.46,180.49,180.84,174.98,175.77,176.11,176.86,29108,51.48,1665, 16346, 56.16,0.5615638312491411,2026-01-20
CHEMFAB, EQ, 20-Jan-2026,417.4,415.05,415.05,384.9,392.9,392.4,397.25,23243,92.33,2585, 10962, 47.16,0.4716258658520845,2026-01-20
CHEMICAL, EQ, 20-Jan-2026,28.5,28.56,28.56,27.54,27.8,27.71,28.01,373487,104.63,2293, 337041, 90.24,0.9024169515940313,2026-01-20
CHEMPLASTS, EQ, 20-Jan-2026,266.1,265.0,265.7,254.35,255.5,255.9,259.48,100371,260.44,3306, 36848, 36.71,0.36711799224875713,2026-01-20
CHENNPETRO, EQ, 20-Jan-2026,847.7,843.05,854.45,795.25,803.0,803.75,818.83,1029442,8429.38,31671, 316609, 30.76,0.3075539952712246,2026-01-20
CHEVIOT, EQ, 20-Jan-2026,1005.5,998.2,1010.8,990.0,990.0,992.9,997.7,886,8.84,138, 708, 79.91,0.7990970654627539,2026-01-20
CHOICEGOLD, EQ, 20-Jan-2026,142.87,142.87,159.9,141.24,149.35,149.82,146.62,136832,200.62,1159, 71882, 52.53,0.5253303320860617,2026-01-20
CHOICEIN, EQ, 20-Jan-2026,818.45,819.9,822.0,791.5,795.0,796.75,806.29,299886,2417.96,9276, 139665, 46.57,0.46572697625097537,2026-01-20
CHOLAFIN, EQ, 20-Jan-2026,1700.4,1700.2,1702.3,1644.2,1647.2,1649.9,1666.9,1974356,32910.46,98399, 1305453, 66.12,0.6612044636326985,2026-01-20
CHOLAHLDNG, EQ, 20-Jan-2026,1769.6,1770.0,1770.0,1670.0,1678.1,1678.1,1705.01,357010,6087.06,26824, 252860, 70.83,0.70827147698944,2026-01-20
CIEINDIA, EQ, 20-Jan-2026,402.2,400.85,403.9,391.6,392.2,395.45,398.94,205854,821.24,8094, 137360, 66.73,0.6672690353357233,2026-01-20
CIFL, EQ, 20-Jan-2026,32.58,31.58,32.83,31.22,31.3,31.67,31.97,312862,100.03,1993, 119782, 38.29,0.3828588962545787,2026-01-20
CIGNITITEC, EQ, 20-Jan-2026,1705.1,1698.0,1703.8,1641.0,1655.0,1662.2,1672.31,45619,762.89,4286, 15063, 33.02,0.33019136763190776,2026-01-20
CINELINE, EQ, 20-Jan-2026,85.27,83.56,84.01,82.1,82.52,82.98,82.69,7977,6.6,87, 5916, 74.16,0.7416321925535916,2026-01-20
CINEVISTA, EQ, 20-Jan-2026,15.65,15.99,15.99,15.01,15.02,15.08,15.35,13741,2.11,121, 7981, 58.08,0.5808165344589186,2026-01-20
CIPLA, EQ, 20-Jan-2026,1392.3,1392.3,1395.9,1375.4,1381.0,1378.4,1383.2,2040403,28222.89,69031, 1236301, 60.59,0.6059102049938174,2026-01-20
CLEAN, EQ, 20-Jan-2026,855.15,855.3,859.1,846.25,855.0,855.05,854.31,179514,1533.6,10599, 104538, 58.23,0.5823389819178448,2026-01-20
CLEDUCATE, EQ, 20-Jan-2026,77.77,77.04,78.17,75.56,77.94,76.52,76.5,19386,14.83,506, 14588, 75.25,0.7525018054265965,2026-01-20
CLSEL, EQ, 20-Jan-2026,249.25,248.35,251.0,243.0,243.0,245.15,247.17,51576,127.48,1303, 22960, 44.52,0.44516829533116176,2026-01-20
CMSINFO, EQ, 20-Jan-2026,330.0,331.3,331.3,324.0,325.5,325.55,327.05,483046,1579.78,21308, 276948, 57.33,0.5733367008525068,2026-01-20
CNL, EQ, 20-Jan-2026,709.8,695.1,704.35,686.0,686.15,690.5,692.81,11600,80.37,306, 8953, 77.18,0.7718103448275863,2026-01-20
COALINDIA, EQ, 20-Jan-2026,430.15,430.1,430.95,413.55,416.0,415.3,421.28,6768420,28513.94,191090, 3337826, 49.31,0.49314699737900425,2026-01-20
COASTCORP, BE, 20-Jan-2026,44.46,43.12,45.0,42.95,43.0,43.37,43.61,61253,26.71,154, -, -,,2026-01-20
COCHINSHIP, EQ, 20-Jan-2026,1506.4,1504.0,1510.9,1425.0,1446.0,1436.9,1465.94,901653,13217.69,53586, 332144, 36.84,0.3683723117429876,2026-01-20
COFFEEDAY, EQ, 20-Jan-2026,34.36,34.5,34.75,32.15,32.58,32.54,33.06,1117643,369.45,4326, 672312, 60.15,0.6015445003458171,2026-01-20
COFORGE, EQ, 20-Jan-2026,1728.0,1731.0,1731.0,1686.0,1695.0,1693.7,1699.78,1719928,29235.02,50657, 980092, 56.98,0.5698447842002689,2026-01-20
COHANCE, EQ, 20-Jan-2026,417.65,417.65,417.65,396.75,400.7,399.6,406.56,713950,2902.67,28395, 370206, 51.85,0.5185321100917432,2026-01-20
COLPAL, EQ, 20-Jan-2026,2178.0,2175.0,2188.1,2106.4,2118.8,2113.9,2146.99,302491,6494.45,29227, 99328, 32.84,0.32836679438396515,2026-01-20
COMMOIETF, EQ, 20-Jan-2026,96.78,97.13,97.21,94.35,94.35,94.9,95.96,199541,191.47,2145, 147722, 74.03,0.740309009176059,2026-01-20
COMPINFO, BZ, 20-Jan-2026,1.4,1.4,1.46,1.33,1.33,1.33,1.35,42358,0.57,67, -, -,,2026-01-20
COMPUSOFT, EQ, 20-Jan-2026,14.5,14.41,14.74,13.76,13.81,13.88,14.04,32866,4.61,444, 25855, 78.67,0.7866792429866731,2026-01-20
COMSYN, BE, 20-Jan-2026,148.74,148.7,150.6,144.3,150.6,148.29,147.27,18345,27.02,77, -, -,,2026-01-20
CONCOR, EQ, 20-Jan-2026,514.9,514.9,515.35,495.05,497.0,497.85,505.0,1509115,7621.07,40816, 690700, 45.77,0.4576854646597509,2026-01-20
CONCORDBIO, EQ, 20-Jan-2026,1306.9,1304.0,1304.6,1242.2,1256.1,1257.7,1275.89,89495,1141.86,9616, 38839, 43.40,0.43397955193027543,2026-01-20
CONFIPET, EQ, 20-Jan-2026,33.48,33.49,33.5,32.05,32.54,32.45,32.77,561756,184.1,3007, 327954, 58.38,0.5838015081280841,2026-01-20
CONS, EQ, 20-Jan-2026,122.47,124.92,124.92,119.28,119.99,119.71,120.66,6141,7.41,146, 5908, 96.21,0.9620582966943495,2026-01-20
CONSOFINVT, EQ, 20-Jan-2026,155.57,157.86,159.7,152.25,152.5,152.79,153.11,4590,7.03,158, 3000, 65.36,0.6535947712418301,2026-01-20
CONSUMBEES, EQ, 20-Jan-2026,132.56,132.57,132.72,129.2,130.0,129.76,130.84,146378,191.51,3568, 98578, 67.34,0.6734481957671234,2026-01-20
CONSUMER, EQ, 20-Jan-2026,11.5,11.51,11.51,11.16,11.2,11.2,11.27,443304,49.97,1137, 420624, 94.88,0.9488387201559201,2026-01-20
CONSUMIETF, EQ, 20-Jan-2026,122.85,122.88,123.54,120.0,120.61,120.3,121.6,34400,41.83,629, 28352, 82.42,0.8241860465116279,2026-01-20
CONTROLPR, EQ, 20-Jan-2026,661.1,655.1,661.75,636.05,640.3,642.85,646.54,24139,156.07,2525, 14868, 61.59,0.6159327229794109,2026-01-20
CORALFINAC, EQ, 20-Jan-2026,37.14,36.95,37.56,36.45,36.8,36.64,36.63,11735,4.3,308, 8988, 76.59,0.7659139326800171,2026-01-20
CORDSCABLE, EQ, 20-Jan-2026,161.86,161.4,161.4,155.25,157.0,156.6,158.48,39018,61.84,966, 21682, 55.57,0.5556922446050541,2026-01-20
COROMANDEL, EQ, 20-Jan-2026,2271.2,2284.9,2318.0,2250.6,2270.0,2270.9,2281.29,298266,6804.31,36795, 157364, 52.76,0.5275961725439708,2026-01-20
CORONA, EQ, 20-Jan-2026,1506.2,1501.2,1505.0,1434.5,1434.5,1458.8,1478.11,40341,596.28,5461, 18427, 45.68,0.4567809424654818,2026-01-20
COSMOFIRST, EQ, 20-Jan-2026,626.6,625.0,626.6,584.05,593.0,588.4,601.59,156398,940.87,5110, 96224, 61.53,0.6152508344096472,2026-01-20
COUNCODOS, EQ, 20-Jan-2026,5.17,4.9,5.74,4.9,5.48,5.41,5.36,90089,4.83,404, 60963, 67.67,0.6766974880396053,2026-01-20
CPCAP, EQ, 20-Jan-2026,109.36,108.82,109.28,102.8,103.05,105.68,107.25,17050,18.29,845, 11537, 67.67,0.6766568914956012,2026-01-20
CPEDU, EQ, 20-Jan-2026,227.6,225.0,236.25,220.55,222.7,221.8,227.45,5892,13.4,451, 4081, 69.26,0.6926340801086218,2026-01-20
CPPLUS, EQ, 20-Jan-2026,1385.0,1386.0,1422.6,1355.0,1399.0,1400.0,1400.12,200824,2811.79,22651, 111680, 55.61,0.5561088316137514,2026-01-20
CPSEETF, EQ, 20-Jan-2026,93.24,93.7,93.7,91.52,91.83,91.72,92.45,1283084,1186.16,10164, 798887, 62.26,0.6226303188255796,2026-01-20
CRAFTSMAN, EQ, 20-Jan-2026,7604.0,7550.0,7607.0,7340.0,7370.0,7410.0,7476.52,19406,1450.89,6816, 8590, 44.26,0.4426466041430485,2026-01-20
CRAMC, EQ, 20-Jan-2026,288.05,287.5,289.9,282.05,284.5,283.05,284.07,705690,2004.63,14215, 402293, 57.01,0.5700704275248338,2026-01-20
CREATIVEYE, EQ, 20-Jan-2026,6.92,6.91,7.3,6.8,7.1,6.98,6.92,18282,1.26,95, 13763, 75.28,0.7528169784487474,2026-01-20
CREDITACC, EQ, 20-Jan-2026,1282.1,1285.0,1285.0,1207.9,1248.0,1242.6,1246.78,288675,3599.13,22103, 126070, 43.67,0.4367194942409284,2026-01-20
CREST, EQ, 20-Jan-2026,387.5,382.55,384.5,376.2,381.9,378.95,379.62,35614,135.2,379, 25212, 70.79,0.707923850171281,2026-01-20
CRISIL, EQ, 20-Jan-2026,4809.6,4800.0,4836.7,4734.0,4750.0,4750.2,4767.09,73293,3493.95,12810, 53083, 72.43,0.7242574324969643,2026-01-20
CRIZAC, EQ, 20-Jan-2026,238.75,239.9,239.9,226.85,232.0,230.95,231.55,294641,682.24,9192, 142053, 48.21,0.48212231155881224,2026-01-20
CROMPTON, EQ, 20-Jan-2026,243.2,243.35,244.75,232.05,235.0,233.6,238.53,5202703,12409.76,49503, 2240996, 43.07,0.43073686889295815,2026-01-20
CROWN, EQ, 20-Jan-2026,117.65,115.11,119.55,114.0,116.0,116.82,115.92,8069,9.35,227, 5440, 67.42,0.6741851530549015,2026-01-20
CSBBANK, EQ, 20-Jan-2026,504.8,504.8,507.05,486.25,489.0,488.55,493.66,577955,2853.14,21570, 230914, 39.95,0.3995362960784144,2026-01-20
CSLFINANCE, EQ, 20-Jan-2026,279.15,279.0,283.8,265.0,265.5,267.05,271.16,19098,51.79,925, 14078, 73.71,0.7371452508116033,2026-01-20
CTE, EQ, 20-Jan-2026,38.52,40.44,40.44,40.44,40.44,40.44,40.44,24020,9.71,93, 24014, 99.98,0.9997502081598668,2026-01-20
CUB, EQ, 20-Jan-2026,270.25,270.25,274.35,265.05,272.05,271.0,270.46,2233847,6041.55,44624, 1294839, 57.96,0.5796453382886115,2026-01-20
CUBEXTUB, EQ, 20-Jan-2026,103.74,103.74,104.0,99.35,99.9,100.09,101.7,212580,216.19,3730, 93305, 43.89,0.43891711355724905,2026-01-20
CUMMINSIND, EQ, 20-Jan-2026,4031.3,4034.0,4062.0,4000.0,4002.1,4020.9,4030.39,440629,17759.08,48338, 258185, 58.59,0.5859464538194263,2026-01-20
CUPID, EQ, 20-Jan-2026,425.05,425.95,436.3,400.0,407.0,403.35,415.87,10767880,44780.7,124968, 1650191, 15.33,0.15325124351311492,2026-01-20
CURAA, BE, 20-Jan-2026,97.15,96.99,96.99,92.3,92.3,92.3,93.82,323,0.3,17, -, -,,2026-01-20
CYBERMEDIA, EQ, 20-Jan-2026,16.23,16.24,16.57,15.7,15.7,15.7,15.89,1679,0.27,50, 1436, 85.53,0.8552709946396665,2026-01-20
CYBERTECH, EQ, 20-Jan-2026,132.7,131.3,134.08,128.29,130.0,129.2,130.14,41204,53.62,1080, 28421, 68.98,0.689763129793224,2026-01-20
CYIENT, EQ, 20-Jan-2026,1183.1,1177.2,1191.0,1156.6,1184.0,1183.2,1167.57,980807,11451.64,22149, 768154, 78.32,0.7831856828101758,2026-01-20
CYIENTDLM, EQ, 20-Jan-2026,384.35,384.0,385.6,361.25,363.95,366.3,373.86,169926,635.28,7748, 82127, 48.33,0.48331038216635475,2026-01-20
DABUR, EQ, 20-Jan-2026,512.75,512.75,516.5,503.85,507.05,505.1,508.98,807821,4111.65,19290, 259567, 32.13,0.3213174700831001,2026-01-20
DALBHARAT, EQ, 20-Jan-2026,2157.1,2143.9,2215.6,2130.0,2179.7,2191.4,2199.49,1166469,25656.41,39692, 542472, 46.51,0.46505479356931045,2026-01-20
DALMIASUG, EQ, 20-Jan-2026,276.0,274.1,276.85,268.05,268.3,268.8,271.95,45867,124.73,1707, 23492, 51.22,0.5121765103451283,2026-01-20
DAMCAPITAL, EQ, 20-Jan-2026,203.49,203.0,203.52,191.11,192.88,191.71,196.25,702573,1378.8,13231, 338994, 48.25,0.4825035974909369,2026-01-20
DAMODARIND, EQ, 20-Jan-2026,28.75,28.18,29.25,26.5,26.5,26.74,28.04,38026,10.66,297, 17551, 46.16,0.4615526218902856,2026-01-20
DANGEE, EQ, 20-Jan-2026,3.46,3.46,3.51,3.34,3.35,3.36,3.38,91615,3.1,227, 73348, 80.06,0.8006112536156743,2026-01-20
DATAMATICS, EQ, 20-Jan-2026,686.95,691.0,691.95,666.15,670.0,669.35,678.4,109143,740.43,6556, 43646, 39.99,0.3998973823332692,2026-01-20
DATAPATTNS, EQ, 20-Jan-2026,2486.0,2477.1,2477.1,2221.4,2262.4,2250.6,2311.85,1288037,29777.51,98697, 433535, 33.66,0.3365858278915901,2026-01-20
DAVANGERE, EQ, 20-Jan-2026,5.13,5.17,5.25,5.0,5.15,5.15,5.15,21929525,1130.33,5417, 13708089, 62.51,0.6250973972304462,2026-01-20
DBCORP, EQ, 20-Jan-2026,249.55,246.55,252.4,244.75,252.0,251.2,249.55,154496,385.54,3479, 66769, 43.22,0.4321730012427506,2026-01-20
DBEIL, EQ, 20-Jan-2026,101.6,102.63,102.66,95.69,96.5,96.38,97.45,81161,79.09,1808, 55505, 68.39,0.6838875814738606,2026-01-20
DBL, EQ, 20-Jan-2026,472.3,470.0,474.2,458.0,459.1,458.8,465.43,200029,930.99,5613, 103816, 51.90,0.5190047443120748,2026-01-20
DBOL, EQ, 20-Jan-2026,77.23,77.25,77.97,73.68,74.5,74.62,76.5,119510,91.43,588, 84270, 70.51,0.7051292778846958,2026-01-20
DBREALTY, EQ, 20-Jan-2026,102.86,102.86,104.48,97.0,98.5,98.34,101.03,1923119,1942.9,27085, 852273, 44.32,0.443172263390877,2026-01-20
DBSTOCKBRO, EQ, 20-Jan-2026,24.9,25.09,25.1,24.65,24.65,24.79,24.85,764,0.19,48, 752, 98.43,0.9842931937172775,2026-01-20
DCAL, EQ, 20-Jan-2026,243.97,242.66,244.94,226.35,226.35,228.7,232.98,195813,456.2,4957, 114607, 58.53,0.5852880043715177,2026-01-20
DCBBANK, EQ, 20-Jan-2026,191.29,191.99,192.5,181.0,182.0,182.0,184.48,3677809,6784.75,39069, 1632394, 44.38,0.4438495854461175,2026-01-20
DCI, EQ, 20-Jan-2026,233.22,229.7,240.99,221.8,225.0,225.58,230.18,14693,33.82,541, 10594, 72.10,0.7210236166882189,2026-01-20
DCM, EQ, 20-Jan-2026,87.28,86.4,88.98,85.11,86.4,86.27,85.99,13083,11.25,236, 10604, 81.05,0.8105174654131315,2026-01-20
DCMFINSERV, EQ, 20-Jan-2026,4.85,4.6,4.94,4.6,4.76,4.77,4.78,8963,0.43,57, 8291, 92.50,0.9250251032020529,2026-01-20
DCMNVL, EQ, 20-Jan-2026,123.03,130.01,130.01,122.27,125.0,125.02,124.82,7915,9.88,201, 5583, 70.54,0.7053695514845231,2026-01-20
DCMSHRIRAM, EQ, 20-Jan-2026,1132.2,1138.2,1138.5,1081.1,1110.0,1110.2,1107.51,69097,765.26,9456, 26333, 38.11,0.3811019291720335,2026-01-20
DCMSRIND, EQ, 20-Jan-2026,44.36,44.45,44.92,40.4,40.89,41.36,42.22,145099,61.27,1534, 103937, 71.63,0.7163178243819737,2026-01-20
DCW, EQ, 20-Jan-2026,51.86,51.86,51.86,48.44,48.85,48.73,49.78,1383037,688.49,6843, 780586, 56.44,0.5643999401317535,2026-01-20
DCXINDIA, EQ, 20-Jan-2026,172.2,171.85,172.45,161.1,164.0,163.57,166.64,669908,1116.33,11509, 211277, 31.54,0.3153821121706264,2026-01-20
DDEVPLSTIK, EQ, 20-Jan-2026,280.85,278.0,282.15,270.4,273.0,272.55,274.41,86802,238.19,3469, 46771, 53.88,0.5388239902306399,2026-01-20
DECCANCE, EQ, 20-Jan-2026,641.7,635.0,679.4,635.0,665.0,666.6,664.6,129266,859.1,5847, 39016, 30.18,0.30182723995482186,2026-01-20
DEEDEV, EQ, 20-Jan-2026,201.79,201.0,203.5,188.06,191.2,190.09,192.84,243943,470.43,5060, 103393, 42.38,0.4238408152724202,2026-01-20
DEEPAKFERT, EQ, 20-Jan-2026,1194.2,1191.1,1193.5,1140.5,1145.4,1145.6,1166.09,256152,2986.95,21625, 120485, 47.04,0.47036525188169526,2026-01-20
DEEPAKNTR, EQ, 20-Jan-2026,1535.6,1537.1,1627.0,1521.0,1606.0,1603.4,1599.91,1653279,26450.97,82867, 117206, 7.09,0.0708930555580758,2026-01-20
DEEPINDS, EQ, 20-Jan-2026,365.05,363.15,375.95,358.05,358.1,360.2,366.66,190728,699.33,6139, 82652, 43.34,0.43335011115305566,2026-01-20
DELHIVERY, EQ, 20-Jan-2026,401.5,401.05,403.75,383.6,386.0,384.85,391.68,1259227,4932.15,23455, 459593, 36.50,0.36498026170023357,2026-01-20
DELPHIFX, EQ, 20-Jan-2026,235.86,239.5,239.5,222.31,232.5,232.43,231.55,139682,323.44,1408, 84779, 60.69,0.6069429131885282,2026-01-20
DELTACORP, EQ, 20-Jan-2026,67.9,67.9,68.0,66.2,66.8,66.8,67.26,1159646,779.99,6730, 631102, 54.42,0.5442195290631796,2026-01-20
DELTAMAGNT, EQ, 20-Jan-2026,66.46,66.25,68.66,65.15,66.0,65.99,66.02,4774,3.15,27, 4737, 99.22,0.9922496857980729,2026-01-20
DEN, EQ, 20-Jan-2026,29.92,29.97,30.01,27.41,28.19,28.59,28.83,939258,270.83,4129, 534335, 56.89,0.5688905497743963,2026-01-20
DENORA, EQ, 20-Jan-2026,615.0,609.0,618.5,588.6,598.8,592.35,601.4,6900,41.5,831, 3803, 55.12,0.5511594202898551,2026-01-20
DENTA, EQ, 20-Jan-2026,284.85,290.4,292.0,274.1,278.3,276.1,282.74,231094,653.39,8416, 82808, 35.83,0.3583303763836361,2026-01-20
DEVIT, EQ, 20-Jan-2026,32.53,32.49,32.74,31.35,31.35,31.59,32.11,36619,11.76,675, 24436, 66.73,0.667303858652612,2026-01-20
DEVX, EQ, 20-Jan-2026,37.42,37.12,37.54,35.01,35.92,35.7,36.19,294655,106.65,1689, 206491, 70.08,0.7007890583903209,2026-01-20
DEVYANI, EQ, 20-Jan-2026,129.64,129.66,130.15,124.4,125.03,124.81,126.94,2178390,2765.19,25404, 976022, 44.80,0.4480474111614541,2026-01-20
DGCONTENT, EQ, 20-Jan-2026,30.88,31.0,32.0,30.33,30.33,30.44,30.85,3112,0.96,205, 2051, 65.91,0.6590616966580977,2026-01-20
DHAMPURSUG, EQ, 20-Jan-2026,115.81,115.93,116.22,113.11,113.4,113.59,114.34,142147,162.53,2292, 68089, 47.90,0.4790041295278831,2026-01-20
DHANBANK, EQ, 20-Jan-2026,25.56,25.4,25.7,24.8,24.99,24.92,25.09,674695,169.25,2251, 370973, 54.98,0.549838074982029,2026-01-20
DHANUKA, EQ, 20-Jan-2026,1061.8,1051.1,1062.9,1049.0,1050.0,1051.8,1053.34,19935,209.98,1928, 10892, 54.64,0.546375721093554,2026-01-20
DHARAN, BZ, 20-Jan-2026,0.2,0.19,0.2,0.19,0.2,0.19,0.19,72280023,137.97,6027, -, -,,2026-01-20
DHARMAJ, EQ, 20-Jan-2026,236.33,236.33,236.33,230.05,232.0,233.99,234.5,37560,88.08,771, 31332, 83.42,0.834185303514377,2026-01-20
DHRUV, EQ, 20-Jan-2026,42.43,41.99,44.0,40.51,40.51,42.27,42.28,65403,27.65,273, 9689, 14.81,0.1481430515419782,2026-01-20
DHUNINV, EQ, 20-Jan-2026,1105.8,1135.0,1135.0,1021.0,1053.0,1049.0,1061.95,1719,18.25,301, 1222, 71.09,0.7108784176847004,2026-01-20
DIACABS, EQ, 20-Jan-2026,132.48,131.0,133.5,126.05,126.81,127.05,130.07,2283901,2970.74,7728, 1383070, 60.56,0.6055735340542344,2026-01-20
DIAMINESQ, EQ, 20-Jan-2026,250.55,253.9,253.9,236.0,238.5,239.5,242.69,4041,9.81,314, 3330, 82.41,0.8240534521158129,2026-01-20
DIAMONDYD, EQ, 20-Jan-2026,1122.0,1127.6,1128.6,1099.3,1118.0,1111.0,1111.09,48606,540.06,2811, 29057, 59.78,0.597806855120767,2026-01-20
DICIND, EQ, 20-Jan-2026,502.7,485.05,519.5,468.6,508.0,507.2,502.34,6189,31.09,336, 3101, 50.11,0.5010502504443367,2026-01-20
DIFFNKG, EQ, 20-Jan-2026,285.05,285.25,287.1,265.9,269.2,269.75,274.02,216276,592.63,4374, 138261, 63.93,0.6392803639793597,2026-01-20
DIGIDRIVE, EQ, 20-Jan-2026,25.46,25.36,25.85,23.5,24.25,24.31,24.79,29480,7.31,434, 22936, 77.80,0.7780189959294437,2026-01-20
DIGISPICE, EQ, 20-Jan-2026,23.55,23.8,23.88,21.57,22.8,22.67,23.23,159235,36.99,1067, 79603, 49.99,0.4999089396175464,2026-01-20
DIGITIDE, EQ, 20-Jan-2026,119.14,120.0,120.69,115.5,115.5,115.91,117.32,131741,154.56,2470, 74049, 56.21,0.5620801420969933,2026-01-20
DIGJAMLMTD, EQ, 20-Jan-2026,54.72,53.11,54.3,52.0,53.17,52.97,52.49,4550,2.39,92, 3985, 87.58,0.8758241758241758,2026-01-20
DIL, BZ, 20-Jan-2026,1.52,1.56,1.56,1.45,1.46,1.45,1.47,356806,5.24,367, -, -,,2026-01-20
DISHTV, EQ, 20-Jan-2026,3.67,3.67,3.68,3.44,3.5,3.48,3.52,4694869,165.49,6152, 2884511, 61.44,0.6143964826281628,2026-01-20
DIVGIITTS, EQ, 20-Jan-2026,601.5,598.65,608.45,586.1,594.0,592.45,593.61,4756,28.23,572, 3123, 65.66,0.6566442388561816,2026-01-20
DIVIDEND, EQ, 20-Jan-2026,36.67,36.67,36.67,35.93,35.99,35.98,36.23,10467,3.79,146, 9347, 89.30,0.8929970383108818,2026-01-20
DIVISLAB, EQ, 20-Jan-2026,6140.0,6142.5,6163.5,6000.0,6011.0,6013.0,6076.89,204440,12423.6,24431, 87615, 42.86,0.42856094697710817,2026-01-20
DIVOPPBEES, EQ, 20-Jan-2026,83.86,86.38,86.38,82.43,82.55,82.68,83.13,59358,49.35,1232, 37330, 62.89,0.6288958522861282,2026-01-20
DIXON, EQ, 20-Jan-2026,11024.0,11029.0,11144.0,10632.0,10714.0,10682.0,10866.15,476078,51731.36,65563, 103575, 21.76,0.21755888740920606,2026-01-20
DJML, EQ, 20-Jan-2026,72.43,69.75,73.4,69.75,72.68,72.94,72.11,163612,117.97,999, 28593, 17.48,0.17476101997408502,2026-01-20
DLF, EQ, 20-Jan-2026,641.85,640.0,640.85,608.85,610.0,612.9,621.49,7084565,44029.82,84374, 3867448, 54.59,0.5458977368405823,2026-01-20
DLINKINDIA, EQ, 20-Jan-2026,391.2,390.0,391.2,371.55,378.8,376.7,382.2,94649,361.75,3578, 47985, 50.70,0.5069784149858952,2026-01-20
DMART, EQ, 20-Jan-2026,3766.7,3768.0,3786.5,3645.5,3665.4,3661.6,3694.22,521411,19262.08,35068, 282168, 54.12,0.5411623460187837,2026-01-20
DMCC, EQ, 20-Jan-2026,218.7,222.0,223.0,214.25,221.15,220.05,219.8,40649,89.34,788, 31961, 78.63,0.7862678048660484,2026-01-20
DNAMEDIA, EQ, 20-Jan-2026,4.14,4.0,4.22,3.82,3.83,3.86,3.96,101802,4.03,358, 89120, 87.54,0.8754248443056128,2026-01-20
DODLA, EQ, 20-Jan-2026,1200.4,1191.0,1210.0,1184.8,1202.0,1203.1,1200.85,33079,397.23,4731, 18926, 57.21,0.5721454699356087,2026-01-20
DOLATALGO, EQ, 20-Jan-2026,84.07,83.2,84.53,80.14,81.0,81.29,81.96,308680,252.98,4975, 176885, 57.30,0.5730368018660101,2026-01-20
DOLLAR, EQ, 20-Jan-2026,331.1,330.5,335.95,314.1,319.6,317.7,320.89,40338,129.44,1833, 21831, 54.12,0.5412018444146958,2026-01-20
DOLPHIN, EQ, 20-Jan-2026,456.2,440.4,463.2,435.0,438.0,438.1,443.8,21255,94.33,546, 12875, 60.57,0.6057398259233122,2026-01-20
DOMS, EQ, 20-Jan-2026,2561.3,2550.0,2550.2,2409.0,2435.0,2456.4,2485.74,34982,869.56,6528, 13813, 39.49,0.39486021382425246,2026-01-20
DONEAR, EQ, 20-Jan-2026,85.7,87.0,87.0,81.0,82.02,83.15,83.43,36239,30.23,812, 20225, 55.81,0.558100389083584,2026-01-20
DPABHUSHAN, EQ, 20-Jan-2026,1397.1,1392.0,1406.0,1375.0,1389.9,1381.4,1385.83,8394,116.33,936, 4667, 55.60,0.5559923755063141,2026-01-20
DPSCLTD, EQ, 20-Jan-2026,9.25,9.2,9.4,8.16,9.03,8.95,8.86,232501,20.59,1197, 171426, 73.73,0.73731295779373,2026-01-20
DPWIRES, EQ, 20-Jan-2026,184.22,184.92,184.92,177.0,178.0,178.11,179.55,18659,33.5,697, 11920, 63.88,0.6388338067420548,2026-01-20
DRCSYSTEMS, EQ, 20-Jan-2026,16.52,16.52,16.87,16.32,16.69,16.5,16.47,21701,3.57,289, 17650, 81.33,0.8133265748122206,2026-01-20
DREAMFOLKS, EQ, 20-Jan-2026,99.48,99.98,100.79,93.0,94.9,95.2,96.69,218612,211.37,4113, 136250, 62.33,0.623250324776316,2026-01-20
DREDGECORP, EQ, 20-Jan-2026,1062.95,1061.0,1100.0,1010.0,1021.0,1019.45,1060.75,648627,6880.3,27526, 118228, 18.23,0.18227425006976275,2026-01-20
DRREDDY, EQ, 20-Jan-2026,1167.2,1168.4,1192.8,1161.4,1172.6,1166.7,1174.51,2790934,32779.83,76135, 1302658, 46.67,0.4667462577044101,2026-01-20
DSSL, EQ, 20-Jan-2026,998.8,1002.3,1002.3,965.1,969.0,968.3,980.06,34948,342.51,4403, 15273, 43.70,0.43702071649307545,2026-01-20
DTIL, EQ, 20-Jan-2026,153.05,153.82,153.82,148.0,148.05,148.32,149.61,868,1.3,83, 705, 81.22,0.8122119815668203,2026-01-20
DUCON, EQ, 20-Jan-2026,3.4,3.4,3.41,3.21,3.29,3.24,3.32,424120,14.08,726, 287283, 67.74,0.6773625389040837,2026-01-20
DVL, EQ, 20-Jan-2026,268.7,264.7,272.65,259.15,260.0,262.95,266.17,11373,30.27,922, 6875, 60.45,0.6045018904422755,2026-01-20
DWARKESH, EQ, 20-Jan-2026,34.4,34.4,34.41,33.3,33.54,33.49,33.86,358900,121.51,2324, 178260, 49.67,0.49668431317915857,2026-01-20
DYCL, EQ, 20-Jan-2026,299.2,297.8,299.0,282.1,285.6,285.0,289.97,154720,448.65,7078, 75733, 48.95,0.4894842295760083,2026-01-20
DYNAMATECH, EQ, 20-Jan-2026,8703.0,8751.0,8758.0,8288.0,8363.5,8353.0,8498.57,24924,2118.18,9002, 10802, 43.34,0.43339752848659924,2026-01-20
DYNPRO, EQ, 20-Jan-2026,223.95,224.1,224.55,215.7,217.65,216.8,219.71,16686,36.66,793, 11124, 66.67,0.6666666666666666,2026-01-20
E2E, EQ, 20-Jan-2026,2243.2,2252.1,2276.6,2115.8,2122.0,2149.9,2200.16,153299,3372.83,15002, 43501, 28.38,0.2837657127574218,2026-01-20
EASEMYTRIP, EQ, 20-Jan-2026,6.94,6.93,7.02,6.6,6.69,6.69,6.81,11417659,777.87,18136, 6036741, 52.87,0.5287196788763792,2026-01-20
EBANKNIFTY, EQ, 20-Jan-2026,60.36,60.66,60.66,59.78,59.83,60.02,60.09,1574,0.95,55, 1230, 78.14,0.7814485387547649,2026-01-20
EBBETF0430, EQ, 20-Jan-2026,1555.05,1555.06,1558.35,1551.61,1552.2,1552.32,1553.06,20824,323.41,579, 19474, 93.52,0.9351709565885516,2026-01-20
EBBETF0431, EQ, 20-Jan-2026,1387.33,1391.91,1391.91,1386.36,1386.36,1386.68,1387.23,8875,123.12,132, 7923, 89.27,0.8927323943661972,2026-01-20
EBBETF0433, EQ, 20-Jan-2026,1267.07,1267.1,1274.0,1267.09,1271.6,1272.76,1270.91,4781,60.76,114, 3004, 62.83,0.6283204350554278,2026-01-20
EBGNG, EQ, 20-Jan-2026,276.2,276.2,281.0,257.3,262.0,260.1,265.37,139831,371.07,4483, 80956, 57.90,0.5789560254879104,2026-01-20
ECAPINSURE, EQ, 20-Jan-2026,24.2,24.49,24.5,23.61,23.85,23.71,23.83,333013,79.34,759, 198933, 59.74,0.59737307552558,2026-01-20
ECLERX, EQ, 20-Jan-2026,4459.3,4463.0,4525.0,4297.0,4356.9,4345.0,4365.7,49032,2140.59,10760, 22602, 46.10,0.4609642682329907,2026-01-20
ECOSMOBLTY, EQ, 20-Jan-2026,180.06,179.0,180.84,172.35,172.35,174.75,176.69,74414,131.48,2840, 34239, 46.01,0.4601150321176123,2026-01-20
EDELWEISS, EQ, 20-Jan-2026,106.93,106.9,106.9,101.5,102.47,102.1,104.01,3808514,3961.22,29053, 1836904, 48.23,0.48231514968830363,2026-01-20
EFCIL, EQ, 20-Jan-2026,276.3,273.0,277.15,257.25,264.0,261.55,267.49,124940,334.21,3542, 63851, 51.11,0.5110533055866816,2026-01-20
EGOLD, EQ, 20-Jan-2026,144.5,145.6,151.75,145.35,149.0,149.5,147.55,205042,302.54,1622, 75163, 36.66,0.36657367758800635,2026-01-20
EICHERMOT, EQ, 20-Jan-2026,7323.5,7336.0,7375.0,7130.0,7170.0,7173.5,7259.65,302200,21938.67,44290, 174822, 57.85,0.5784976836532097,2026-01-20
EIDPARRY, EQ, 20-Jan-2026,929.7,923.0,927.4,907.1,916.9,910.1,915.1,198103,1812.84,15952, 112014, 56.54,0.565433133269057,2026-01-20
EIEL, EQ, 20-Jan-2026,182.67,183.95,183.96,172.01,172.5,173.84,177.94,857662,1526.11,16524, 369406, 43.07,0.4307127982818406,2026-01-20
EIFFL, EQ, 20-Jan-2026,267.0,263.55,275.0,263.55,270.0,270.95,266.31,79707,212.26,2031, 56259, 70.58,0.7058225751816026,2026-01-20
EIHAHOTELS, EQ, 20-Jan-2026,337.45,335.0,338.35,321.05,321.1,324.4,329.86,21672,71.49,1285, 14002, 64.61,0.6460871170173496,2026-01-20
EIHOTEL, EQ, 20-Jan-2026,336.95,337.95,337.95,327.05,329.45,329.45,330.48,214607,709.23,10184, 135653, 63.21,0.6320996053250826,2026-01-20
EIMCOELECO, EQ, 20-Jan-2026,1558.8,1532.5,1598.0,1521.0,1528.0,1532.8,1559.1,55966,872.57,6408, 20596, 36.80,0.3680091484115356,2026-01-20
EKC, EQ, 20-Jan-2026,107.07,107.0,107.07,102.6,103.7,103.28,104.59,228889,239.4,3235, 99330, 43.40,0.4339658087544618,2026-01-20
ELDEHSG, EQ, 20-Jan-2026,901.05,915.1,915.1,863.5,882.2,870.2,886.63,907,8.04,226, 572, 63.07,0.6306504961411246,2026-01-20
ELECON, EQ, 20-Jan-2026,386.2,386.05,387.6,372.5,374.0,375.1,379.01,775633,2939.69,24168, 277431, 35.77,0.3576833373515567,2026-01-20
ELECTCAST, EQ, 20-Jan-2026,77.46,77.46,77.49,74.05,74.59,74.46,75.68,1592038,1204.91,9411, 635402, 39.91,0.3991123327458264,2026-01-20
ELECTHERM, EQ, 20-Jan-2026,861.55,842.2,886.0,840.0,858.0,855.85,861.87,16310,140.57,1122, 10269, 62.96,0.6296137339055794,2026-01-20
ELGIEQUIP, EQ, 20-Jan-2026,429.6,425.8,431.4,413.2,413.2,415.55,419.8,421908,1771.17,16141, 262981, 62.33,0.6233136133943893,2026-01-20
ELGIRUBCO, EQ, 20-Jan-2026,41.08,43.6,44.75,40.0,40.0,40.35,42.37,56724,24.03,1227, 18488, 32.59,0.3259290600098724,2026-01-20
ELIN, EQ, 20-Jan-2026,150.21,150.0,154.58,138.0,139.19,140.43,142.52,96230,137.15,2071, 60682, 63.06,0.6305933700509196,2026-01-20
ELIQUID, EQ, 20-Jan-2026,1015.17,1015.33,1015.33,1015.32,1015.33,1015.33,1015.33,901,9.15,5, 901, 100.00,1.0,2026-01-20
ELLEN, EQ, 20-Jan-2026,260.05,261.95,273.0,248.3,260.0,261.3,256.15,407703,1044.33,10477, 251432, 61.67,0.6167038260694673,2026-01-20
ELM250, EQ, 20-Jan-2026,16.54,16.62,16.66,16.15,16.33,16.23,16.3,811223,132.21,270, 805934, 99.35,0.9934802144416517,2026-01-20
EMAMILTD, EQ, 20-Jan-2026,502.2,503.45,505.0,491.1,493.0,495.3,498.01,546694,2722.62,20274, 363050, 66.41,0.6640826495260603,2026-01-20
EMAMIPAP, EQ, 20-Jan-2026,82.08,81.67,83.9,78.15,79.51,80.01,80.81,21470,17.35,508, 13405, 62.44,0.6243595714951095,2026-01-20
EMAMIREAL, EQ, 20-Jan-2026,78.4,79.57,79.57,71.05,74.97,73.53,76.29,11084,8.46,163, 9149, 82.54,0.8254240346445326,2026-01-20
EMBDL, BE, 20-Jan-2026,66.35,67.93,67.93,63.04,63.04,63.04,64.32,1674406,1076.99,6765, -, -,,2026-01-20
EMCURE, EQ, 20-Jan-2026,1549.5,1549.8,1564.0,1525.1,1530.4,1535.8,1548.8,194224,3008.14,13761, 96674, 49.77,0.49774487190048605,2026-01-20
EMIL, EQ, 20-Jan-2026,94.01,94.01,94.19,89.0,89.88,89.93,91.64,565383,518.11,7325, 284686, 50.35,0.5035276971539646,2026-01-20
EMKAY, EQ, 20-Jan-2026,289.05,294.0,294.0,275.45,277.0,276.35,281.19,13028,36.63,510, 8196, 62.91,0.6291065397605158,2026-01-20
EMMBI, EQ, 20-Jan-2026,93.11,94.8,95.99,92.26,93.2,92.65,93.55,8459,7.91,204, 5532, 65.40,0.6539780115852938,2026-01-20
EMMVEE, EQ, 20-Jan-2026,212.07,213.0,213.45,200.0,200.2,202.03,205.05,2456406,5036.98,40691, 863154, 35.14,0.3513889804861248,2026-01-20
EMSLIMITED, EQ, 20-Jan-2026,365.75,363.85,365.8,349.85,355.25,351.4,357.95,232800,833.3,9231, 113561, 48.78,0.48780498281786944,2026-01-20
EMUDHRA, EQ, 20-Jan-2026,549.85,552.6,552.6,526.6,540.0,537.2,541.1,56363,304.98,3948, 33052, 58.64,0.5864130724056562,2026-01-20
EMULTIMQ, EQ, 20-Jan-2026,41.31,41.38,41.38,40.28,40.5,40.41,40.61,80367,32.64,648, 62691, 78.01,0.7800589794318563,2026-01-20
ENDURANCE, EQ, 20-Jan-2026,2547.5,2538.7,2540.8,2440.9,2472.7,2474.2,2477.53,76776,1902.15,13226, 33268, 43.33,0.4333124934875482,2026-01-20
ENERGY, EQ, 20-Jan-2026,34.17,34.13,34.17,33.25,33.42,33.35,33.8,768294,259.71,1208, 545506, 71.00,0.7100224653583134,2026-01-20
ENERGYDEV, BE, 20-Jan-2026,18.03,18.0,18.0,17.51,17.52,17.53,17.63,36406,6.42,267, -, -,,2026-01-20
ENGINERSIN, EQ, 20-Jan-2026,185.64,185.7,186.49,180.0,180.3,180.61,183.64,1953864,3588.15,30936, 789266, 40.40,0.4039513497357032,2026-01-20
ENIFTY, EQ, 20-Jan-2026,25.58,25.45,25.51,25.25,25.45,25.31,25.39,9285,2.36,44, 6226, 67.05,0.670543887991384,2026-01-20
ENIL, EQ, 20-Jan-2026,116.32,116.05,116.97,111.13,113.94,112.49,113.19,23859,27.01,546, 15487, 64.91,0.6491051594786035,2026-01-20
ENRIN, EQ, 20-Jan-2026,2316.9,2319.0,2342.0,2229.8,2272.3,2269.4,2281.82,422879,9649.35,37640, 201776, 47.71,0.4771483095637286,2026-01-20
ENTERO, EQ, 20-Jan-2026,1200.8,1200.0,1201.0,1135.2,1138.0,1144.3,1167.81,127171,1485.12,11243, 58019, 45.62,0.4562282281337726,2026-01-20
EPACK, EQ, 20-Jan-2026,262.45,262.45,265.6,257.05,261.3,261.3,260.73,570042,1486.29,7736, 275352, 48.30,0.4830380919300683,2026-01-20
EPACKPEB, EQ, 20-Jan-2026,246.85,247.0,248.45,230.0,238.1,234.0,239.5,866100,2074.3,16364, 379753, 43.85,0.4384632259554324,2026-01-20
EPIGRAL, EQ, 20-Jan-2026,1148.0,1148.0,1154.6,1100.0,1105.0,1101.8,1119.17,40926,458.03,3647, 19977, 48.81,0.4881249083712066,2026-01-20
EPL, EQ, 20-Jan-2026,206.1,205.2,211.0,205.2,208.5,209.39,209.06,1071134,2239.35,27489, 476583, 44.49,0.44493312694770215,2026-01-20
EQUAL200, EQ, 20-Jan-2026,13.25,13.25,13.25,12.93,12.95,12.97,13.01,184389,23.99,230, 178427, 96.77,0.9676661839914529,2026-01-20
EQUAL50, EQ, 20-Jan-2026,332.85,331.21,331.21,325.26,326.05,326.22,326.89,5364,17.53,41, 1517, 28.28,0.2828113348247576,2026-01-20
EQUAL50ADD, EQ, 20-Jan-2026,343.36,343.34,343.34,336.25,336.25,336.85,338.39,14106,47.73,399, 9224, 65.39,0.6539061392315327,2026-01-20
EQUIPPP, BE, 20-Jan-2026,19.91,20.12,20.12,19.02,19.49,19.47,19.21,4826,0.93,42, -, -,,2026-01-20
EQUITASBNK, EQ, 20-Jan-2026,69.03,69.02,69.24,66.0,67.29,67.21,68.05,3957061,2692.96,30537, 1840776, 46.52,0.4651876733767814,2026-01-20
ERIS, EQ, 20-Jan-2026,1444.0,1434.9,1443.6,1375.0,1385.3,1382.4,1403.67,61838,868.0,11005, 37650, 60.88,0.6088489278437207,2026-01-20
ESABINDIA, EQ, 20-Jan-2026,5780.0,5797.5,5797.5,5550.5,5559.0,5575.0,5641.28,2148,121.17,1106, 1093, 50.88,0.5088454376163873,2026-01-20
ESAFSFB, EQ, 20-Jan-2026,29.46,29.46,29.46,27.32,28.75,27.85,28.48,1147292,326.69,3503, 650676, 56.71,0.5671407104730095,2026-01-20
ESCORTS, EQ, 20-Jan-2026,3573.0,3573.0,3574.3,3467.7,3509.0,3506.2,3522.21,178166,6275.38,18397, 110147, 61.82,0.6182268221770708,2026-01-20
ESENSEX, EQ, 20-Jan-2026,83.4,83.06,83.15,82.0,82.0,82.27,82.76,2239,1.85,23, 1831, 81.78,0.8177757927646271,2026-01-20
ESG, EQ, 20-Jan-2026,43.81,43.76,43.76,43.02,43.06,43.16,43.4,8273,3.59,187, 7034, 85.02,0.8502357065151698,2026-01-20
ESILVER, EQ, 20-Jan-2026,293.68,300.1,323.93,300.1,314.0,314.74,310.76,551274,1713.14,6647, 205430, 37.26,0.37264590747976506,2026-01-20
ESSARSHPNG, BE, 20-Jan-2026,25.05,25.0,25.0,23.8,23.8,23.8,24.1,142273,34.29,665, -, -,,2026-01-20
ESSENTIA, EQ, 20-Jan-2026,1.41,1.42,1.44,1.16,1.32,1.31,1.34,2922101,39.23,2578, 1921311, 65.75,0.6575101271311293,2026-01-20
ESTER, EQ, 20-Jan-2026,95.01,95.02,95.65,93.21,95.0,95.01,94.92,93733,88.97,863, 74468, 79.45,0.794469397117344,2026-01-20
ETERNAL, EQ, 20-Jan-2026,281.35,282.0,282.4,267.85,271.25,269.6,272.95,83681194,228409.31,349175, 48966230, 58.52,0.5851521430251103,2026-01-20
ETHOSLTD, EQ, 20-Jan-2026,2524.8,2536.8,2571.6,2410.9,2451.2,2456.3,2488.06,20872,519.31,5889, 9269, 44.41,0.4440877730931391,2026-01-20
EUREKAFORB, EQ, 20-Jan-2026,547.3,543.5,544.25,535.0,535.95,537.1,540.39,94757,512.05,14207, 46641, 49.22,0.49221693384129933,2026-01-20
EUROBOND, EQ, 20-Jan-2026,175.44,180.0,180.0,170.0,172.2,171.19,171.86,4351,7.48,155, 3480, 79.98,0.7998161342220179,2026-01-20
EUROPRATIK, EQ, 20-Jan-2026,260.65,260.0,262.05,250.1,250.1,252.85,255.38,89329,228.13,1812, 71079, 79.57,0.7956990451029341,2026-01-20
EUROTEXIND, BE, 20-Jan-2026,13.21,13.21,13.49,13.21,13.42,13.42,13.3,36,0.0,6, -, -,,2026-01-20
EVEREADY, EQ, 20-Jan-2026,317.45,319.35,320.35,308.85,317.0,314.8,313.92,60315,189.34,1877, 38681, 64.13,0.641316422117218,2026-01-20
EVERESTIND, EQ, 20-Jan-2026,433.3,433.0,442.25,422.0,434.0,432.15,431.94,9806,42.36,1651, 5551, 56.61,0.566081990617989,2026-01-20
EVIETF, EQ, 20-Jan-2026,30.51,30.59,30.59,29.6,30.49,29.74,29.91,124139,37.13,1227, 75468, 60.79,0.6079314317015604,2026-01-20
EVINDIA, EQ, 20-Jan-2026,30.52,30.49,30.5,29.56,29.86,29.71,29.94,381628,114.27,4317, 315644, 82.71,0.8270986405609652,2026-01-20
EXCEL, EQ, 20-Jan-2026,1.29,1.28,1.28,1.23,1.27,1.24,1.24,6533636,81.23,2474, 3306118, 50.60,0.5060150274670949,2026-01-20
EXCELINDUS, EQ, 20-Jan-2026,893.25,901.4,901.4,871.85,887.0,886.9,885.98,9974,88.37,1750, 4129, 41.40,0.4139763384800481,2026-01-20
EXCELSOFT, EQ, 20-Jan-2026,81.64,81.3,81.38,76.51,77.2,77.03,78.58,1350044,1060.88,11218, 510882, 37.84,0.3784187774620679,2026-01-20
EXICOM, EQ, 20-Jan-2026,109.98,109.25,110.0,103.35,106.4,105.14,107.08,214200,229.37,3266, 102309, 47.76,0.4776330532212885,2026-01-20
EXIDEIND, EQ, 20-Jan-2026,342.3,341.6,342.8,329.1,331.55,330.5,335.66,1181094,3964.41,28086, 528956, 44.79,0.44785258412962897,2026-01-20
EXPLEOSOL, EQ, 20-Jan-2026,914.25,910.0,915.0,895.0,903.8,897.9,902.13,7490,67.57,1041, 4177, 55.77,0.5576769025367156,2026-01-20
EXXARO, BE, 20-Jan-2026,7.56,7.35,7.53,7.2,7.3,7.21,7.31,131043,9.57,477, -, -,,2026-01-20
FABTECH, EQ, 20-Jan-2026,177.21,179.8,179.87,168.75,169.75,169.66,172.47,350604,604.67,6216, 122186, 34.85,0.348501443223694,2026-01-20
FACT, EQ, 20-Jan-2026,827.35,825.1,827.25,786.65,795.8,793.1,808.33,106663,862.19,8492, 39300, 36.85,0.3684501654744382,2026-01-20
FAIRCHEMOR, EQ, 20-Jan-2026,686.75,689.45,690.65,636.0,640.0,641.95,649.28,11864,77.03,1786, 7082, 59.69,0.5969318948078219,2026-01-20
FAZE3Q, EQ, 20-Jan-2026,378.3,378.0,395.3,368.2,368.2,371.3,381.88,70197,268.07,3560, 15634, 22.27,0.22271607048734277,2026-01-20
FCL, EQ, 20-Jan-2026,22.84,22.69,22.83,22.03,22.12,22.13,22.44,1514700,339.89,6286, 851626, 56.22,0.5622407077309038,2026-01-20
FCSSOFT, EQ, 20-Jan-2026,1.71,1.69,1.71,1.57,1.61,1.6,1.65,2978473,49.17,3063, 2007653, 67.41,0.6740544567635832,2026-01-20
FDC, EQ, 20-Jan-2026,389.15,387.9,387.9,380.1,383.0,382.2,383.66,75595,290.03,6102, 50876, 67.30,0.6730074740392883,2026-01-20
FEDERALBNK, EQ, 20-Jan-2026,279.7,278.0,279.8,269.65,273.05,273.25,274.58,13733716,37710.44,85980, 6201919, 45.16,0.45158346073269606,2026-01-20
FEDFINA, EQ, 20-Jan-2026,151.14,151.65,153.87,143.9,146.4,145.3,147.27,2138876,3149.92,23566, 1059252, 49.52,0.49523768558813136,2026-01-20
FEL, BZ, 20-Jan-2026,0.45,0.45,0.46,0.45,0.45,0.45,0.46,210786,0.96,116, -, -,,2026-01-20
FELDVR, BZ, 20-Jan-2026,2.87,2.87,3.01,2.73,2.81,2.81,2.79,1295,0.04,12, -, -,,2026-01-20
FIBERWEB, EQ, 20-Jan-2026,32.85,32.15,33.4,32.15,32.15,32.33,32.68,35411,11.57,320, 23108, 65.26,0.6525655869645025,2026-01-20
FIEMIND, EQ, 20-Jan-2026,2173.5,2175.0,2184.0,2087.9,2120.3,2116.9,2117.77,85685,1814.61,12968, 44373, 51.79,0.5178619361615219,2026-01-20
FILATEX, EQ, 20-Jan-2026,43.53,43.23,43.71,42.5,42.75,42.93,42.98,545825,234.59,2894, 255459, 46.80,0.4680236339486099,2026-01-20
FILATFASH, EQ, 20-Jan-2026,0.3,0.31,0.32,0.29,0.3,0.29,0.3,48602509,146.31,4801, 28034003, 57.68,0.5768015597713279,2026-01-20
FINCABLES, EQ, 20-Jan-2026,756.15,756.1,756.1,720.9,723.0,726.3,737.19,164749,1214.51,16082, 85649, 51.99,0.5198756896855216,2026-01-20
FINEORG, EQ, 20-Jan-2026,4102.6,4090.0,4102.6,3990.0,3995.0,4009.5,4045.51,6945,280.96,2462, 3473, 50.01,0.5000719942404608,2026-01-20
FINIETF, EQ, 20-Jan-2026,32.5,32.51,32.57,31.5,31.86,31.65,31.88,745511,237.67,3577, 459274, 61.61,0.6160526135764597,2026-01-20
FINKURVE, EQ, 20-Jan-2026,96.54,95.6,95.99,89.41,92.56,91.91,93.11,9365,8.72,662, 4663, 49.79,0.4979177789642285,2026-01-20
FINOPB, EQ, 20-Jan-2026,228.35,227.0,230.55,213.4,215.0,216.85,221.15,609525,1347.96,7978, 314967, 51.67,0.5167417251138181,2026-01-20
FINPIPE, EQ, 20-Jan-2026,176.13,176.13,178.79,174.21,176.5,175.74,176.66,724269,1279.46,12879, 422450, 58.33,0.5832777600587628,2026-01-20
FIRSTCRY, EQ, 20-Jan-2026,275.5,275.5,275.6,268.1,271.6,271.5,270.73,555528,1503.96,16413, 259452, 46.70,0.4670367650235452,2026-01-20
FISCHER, EQ, 20-Jan-2026,36.53,36.5,37.36,35.75,36.3,36.34,36.53,1119411,408.92,3813, 206682, 18.46,0.1846345980162782,2026-01-20
FIVESTAR, EQ, 20-Jan-2026,506.35,506.35,516.0,500.2,510.25,509.85,510.55,1406900,7182.92,28327, 842947, 59.92,0.5991520363920677,2026-01-20
FLAIR, EQ, 20-Jan-2026,308.5,308.05,313.5,303.1,304.05,304.25,306.0,129272,395.57,3611, 50927, 39.40,0.3939522866514017,2026-01-20
FLEXIADD, EQ, 20-Jan-2026,10.68,10.68,10.68,10.47,10.55,10.49,10.55,199009,20.99,451, 127123, 63.88,0.6387801556713516,2026-01-20
FLEXITUFF, EQ, 20-Jan-2026,11.15,11.0,11.05,10.6,10.6,10.6,10.64,136233,14.49,171, 108357, 79.54,0.7953799740151065,2026-01-20
FLFL, BZ, 20-Jan-2026,1.46,1.53,1.53,1.39,1.45,1.44,1.43,94638,1.35,127, -, -,,2026-01-20
FLUOROCHEM, EQ, 20-Jan-2026,3349.2,3348.7,3348.7,3206.9,3289.0,3259.8,3288.35,151386,4978.11,11043, 113081, 74.70,0.746971318351763,2026-01-20
FMCGIETF, EQ, 20-Jan-2026,56.13,56.46,56.47,55.24,55.49,55.4,55.87,1415824,790.97,8372, 1022418, 72.21,0.7221363672320853,2026-01-20
FMGOETZE, EQ, 20-Jan-2026,436.05,438.25,438.95,425.05,425.05,427.7,429.31,47146,202.4,2179, 29670, 62.93,0.629321681584864,2026-01-20
FMNL, EQ, 20-Jan-2026,8.3,8.11,8.3,7.89,7.89,7.89,8.06,92027,7.42,170, 69948, 76.01,0.7600812804937681,2026-01-20
FOCUS, EQ, 20-Jan-2026,73.54,73.52,73.95,68.2,70.0,69.06,71.17,50971,36.27,1259, 29499, 57.87,0.5787408526416982,2026-01-20
FOODSIN, EQ, 20-Jan-2026,61.64,62.99,62.99,60.5,60.5,60.85,61.5,131898,81.11,2588, 77121, 58.47,0.5847018150388937,2026-01-20
FORCEMOT, EQ, 20-Jan-2026,21305.0,21260.0,21285.0,20465.0,20670.0,20770.0,20899.11,81034,16935.38,24177, 27278, 33.66,0.33662413307994177,2026-01-20
FORTIS, EQ, 20-Jan-2026,892.05,890.0,892.7,851.1,852.3,856.45,867.08,2644957,22933.93,93481, 1772614, 67.02,0.670186320609371,2026-01-20
FOSECOIND, EQ, 20-Jan-2026,4556.9,4516.2,4599.0,4516.2,4525.0,4529.5,4549.33,1382,62.87,438, 1017, 73.59,0.73589001447178,2026-01-20
FSL, EQ, 20-Jan-2026,319.95,319.35,328.9,314.1,316.25,317.45,323.53,1838157,5946.93,46744, 620314, 33.75,0.33746518931734343,2026-01-20
FUSION, EQ, 20-Jan-2026,171.14,171.8,172.29,162.2,162.25,163.83,164.92,551719,909.91,6177, 381488, 69.15,0.6914534391601522,2026-01-20
GABRIEL, EQ, 20-Jan-2026,925.3,925.5,927.0,877.9,889.0,885.2,898.92,283941,2552.4,16185, 123126, 43.36,0.433632339112703,2026-01-20
GAEL, EQ, 20-Jan-2026,139.46,139.18,140.79,134.7,135.75,137.6,138.09,1202682,1660.81,15174, 589008, 48.97,0.48974541898856055,2026-01-20
GAIL, EQ, 20-Jan-2026,164.72,164.0,164.61,160.63,161.0,161.21,162.33,6841149,11105.29,59900, 3940103, 57.59,0.57594170219067,2026-01-20
GALAPREC, EQ, 20-Jan-2026,724.25,715.1,731.45,715.05,719.0,720.15,721.45,12608,90.96,1538, 10022, 79.49,0.7948921319796954,2026-01-20
GALAXYSURF, EQ, 20-Jan-2026,1887.0,1887.0,1906.6,1876.0,1893.7,1892.1,1886.83,12258,231.29,1691, 6598, 53.83,0.5382607276880405,2026-01-20
GALLANTT, EQ, 20-Jan-2026,571.65,571.65,575.25,549.5,550.0,551.1,560.92,39949,224.08,3331, 13484, 33.75,0.3375303511977772,2026-01-20
GANDHAR, EQ, 20-Jan-2026,153.23,153.15,155.23,149.17,154.1,153.19,151.43,547343,828.85,7181, 186929, 34.15,0.3415207648585987,2026-01-20
GANDHITUBE, EQ, 20-Jan-2026,729.05,709.0,729.0,696.0,720.0,706.1,708.67,5725,40.57,807, 3608, 63.02,0.6302183406113537,2026-01-20
GANECOS, EQ, 20-Jan-2026,723.25,723.95,724.5,695.0,705.0,697.05,709.2,85835,608.75,6015, 47204, 54.99,0.5499388361391041,2026-01-20
GANESHBE, EQ, 20-Jan-2026,76.27,76.02,76.29,72.52,72.65,73.14,74.3,150238,111.63,1420, 93020, 61.92,0.6191509471638333,2026-01-20
GANESHCP, EQ, 20-Jan-2026,204.92,205.05,209.7,195.1,201.95,201.16,204.95,298536,611.85,10514, 202261, 67.75,0.677509580084144,2026-01-20
GANESHHOU, EQ, 20-Jan-2026,746.25,742.5,791.7,740.5,749.95,755.45,775.86,325115,2522.45,14258, 46650, 14.35,0.14348768897159467,2026-01-20
GANGAFORGE, EQ, 20-Jan-2026,3.24,3.1,3.24,3.06,3.1,3.09,3.11,407874,12.69,560, 248702, 60.98,0.6097520312645572,2026-01-20
GANGESSECU, EQ, 20-Jan-2026,129.26,129.26,129.28,120.55,125.0,125.63,125.01,7550,9.44,160, 4644, 61.51,0.6150993377483444,2026-01-20
GARFIBRES, EQ, 20-Jan-2026,616.55,616.55,616.55,593.25,599.0,599.25,605.01,47816,289.29,8963, 25273, 52.85,0.5285469298979422,2026-01-20
GARUDA, EQ, 20-Jan-2026,178.22,177.9,177.9,169.52,172.9,171.25,173.9,818520,1423.44,14092, 238085, 29.09,0.29087255045692223,2026-01-20
GATECH, EQ, 20-Jan-2026,0.51,0.51,0.52,0.48,0.48,0.49,0.49,14211513,70.02,2422, 5272834, 37.10,0.37102551994288013,2026-01-20
GATECHDVR, EQ, 20-Jan-2026,0.47,0.47,0.48,0.44,0.45,0.44,0.46,903585,4.19,347, 571375, 63.23,0.6323422810250281,2026-01-20
GATEWAY, EQ, 20-Jan-2026,57.15,57.0,57.65,56.0,56.3,56.1,56.78,923836,524.53,5961, 477190, 51.65,0.51653107261462,2026-01-20
GAYAHWS, BE, 20-Jan-2026,2.58,2.56,2.56,2.46,2.46,2.46,2.48,336467,8.36,534, -, -,,2026-01-20
GCSL, BE, 20-Jan-2026,309.2,309.2,309.2,293.75,293.75,295.4,294.65,3576,10.54,71, -, -,,2026-01-20
GEECEE, EQ, 20-Jan-2026,310.9,310.65,313.45,305.2,307.85,306.5,308.13,2440,7.52,115, 1631, 66.84,0.6684426229508197,2026-01-20
GEEKAYWIRE, EQ, 20-Jan-2026,30.07,30.07,30.08,27.41,28.39,28.13,28.37,252365,71.6,2841, 160922, 63.77,0.6376557763556753,2026-01-20
GEMAROMA, EQ, 20-Jan-2026,154.64,152.26,153.15,148.35,149.39,150.19,151.54,135604,205.5,1614, 81756, 60.29,0.6029025692457449,2026-01-20
GENCON, EQ, 20-Jan-2026,43.91,44.68,44.68,43.0,44.05,43.43,43.55,669256,291.43,1326, 377203, 56.36,0.5636154177175849,2026-01-20
GENESYS, EQ, 20-Jan-2026,334.65,334.65,338.2,314.5,325.0,324.85,325.34,774394,2519.45,21978, 362007, 46.75,0.4674713388791752,2026-01-20
GENSOL, BZ, 20-Jan-2026,21.28,21.39,22.0,20.5,21.5,21.34,21.51,144613,31.1,1580, -, -,,2026-01-20
GENUSPAPER, EQ, 20-Jan-2026,12.89,12.8,12.81,12.3,12.32,12.35,12.45,65472,8.15,389, 54323, 82.97,0.8297134652981427,2026-01-20
GENUSPOWER, EQ, 20-Jan-2026,276.05,272.0,275.95,260.3,263.95,262.55,267.78,516688,1383.6,16690, 226412, 43.82,0.43819868082866253,2026-01-20
GEOJITFSL, EQ, 20-Jan-2026,70.49,69.84,70.25,67.61,68.76,68.76,68.97,796656,549.46,7170, 402850, 50.57,0.5056762266273022,2026-01-20
GESHIP, EQ, 20-Jan-2026,1114.4,1113.0,1119.5,1078.5,1084.0,1082.6,1097.1,283513,3110.43,28807, 149259, 52.65,0.5264626313431836,2026-01-20
GFLLIMITED, EQ, 20-Jan-2026,52.65,52.65,54.09,50.11,51.45,50.61,51.79,79856,41.36,1726, 36683, 45.94,0.45936435584051294,2026-01-20
GHCL, EQ, 20-Jan-2026,540.4,539.65,539.65,524.25,527.0,526.9,529.69,86598,458.7,3892, 50774, 58.63,0.5863183907249591,2026-01-20
GHCLTEXTIL, EQ, 20-Jan-2026,72.64,73.1,73.28,70.75,71.5,71.18,71.6,100803,72.17,777, 74746, 74.15,0.7415057091554815,2026-01-20
GICHSGFIN, EQ, 20-Jan-2026,167.17,166.6,167.61,161.82,162.0,163.02,164.76,101438,167.13,2044, 47411, 46.74,0.46738894694296024,2026-01-20
GICRE, EQ, 20-Jan-2026,363.95,364.65,368.4,362.45,365.5,365.75,365.89,553291,2024.46,21561, 321388, 58.09,0.5808661265048591,2026-01-20
GILLANDERS, EQ, 20-Jan-2026,97.33,98.01,100.0,96.2,97.33,97.85,98.19,11686,11.47,199, 9038, 77.34,0.7734040732500428,2026-01-20
GILLETTE, EQ, 20-Jan-2026,8066.5,8066.5,8067.0,7829.0,7905.0,7893.0,7912.82,20695,1637.56,6310, 11317, 54.68,0.5468470645083353,2026-01-20
GILT10BETA, EQ, 20-Jan-2026,25.76,26.29,26.29,25.77,25.91,26.17,26.04,39791,10.36,264, 6028, 15.15,0.15149154331381467,2026-01-20
GILT5BETA, EQ, 20-Jan-2026,63.57,63.56,64.19,63.02,63.03,63.03,63.38,603,0.38,20, 374, 62.02,0.6202321724709784,2026-01-20
GILT5YBEES, EQ, 20-Jan-2026,63.42,63.43,63.69,63.29,63.41,63.37,63.41,176671,112.03,719, 136830, 77.45,0.7744904370270164,2026-01-20
GINNIFILA, EQ, 20-Jan-2026,39.18,39.07,39.78,37.0,37.31,37.31,37.85,86112,32.6,1129, 48949, 56.84,0.5684341322928279,2026-01-20
GIPCL, EQ, 20-Jan-2026,141.12,141.78,141.78,137.0,137.95,137.5,138.96,257750,358.16,3587, 144088, 55.90,0.5590223084384093,2026-01-20
GKENERGY, EQ, 20-Jan-2026,138.07,138.0,140.0,131.17,131.24,131.41,135.05,684308,924.16,5781, 399288, 58.35,0.5834916441134693,2026-01-20
GKSL, EQ, 20-Jan-2026,101.75,101.51,104.7,101.27,102.5,103.21,103.56,1420365,1470.9,7136, 453406, 31.92,0.31921794749941035,2026-01-20
GKWLIMITED, EQ, 20-Jan-2026,1688.0,1701.0,1701.0,1650.0,1650.1,1655.7,1677.14,412,6.91,63, 349, 84.71,0.8470873786407767,2026-01-20
GLAND, EQ, 20-Jan-2026,1680.9,1680.9,1689.9,1650.1,1665.0,1668.9,1670.88,103335,1726.6,15036, 76318, 73.85,0.7385493782358349,2026-01-20
GLAXO, EQ, 20-Jan-2026,2329.6,2329.0,2337.3,2263.3,2271.0,2272.6,2297.08,100472,2307.93,15290, 55079, 54.82,0.5482024842742257,2026-01-20
GLENMARK, EQ, 20-Jan-2026,1989.8,1980.3,1989.8,1927.4,1931.0,1935.0,1959.41,410874,8050.71,29726, 196877, 47.92,0.47916636243714616,2026-01-20
GLFL, BE, 20-Jan-2026,4.94,4.75,4.75,4.7,4.73,4.73,4.71,5249,0.25,20, -, -,,2026-01-20
GLOBAL, BE, 20-Jan-2026,79.13,78.77,83.0,75.76,82.0,80.4,79.54,173553,138.04,357, -, -,,2026-01-20
GLOBALE, EQ, 20-Jan-2026,11.84,12.08,12.1,11.31,11.52,11.54,11.57,3992,0.46,58, 3439, 86.15,0.8614729458917836,2026-01-20
GLOBALVECT, EQ, 20-Jan-2026,174.25,173.02,177.68,169.11,169.11,173.01,174.5,9458,16.5,792, 4991, 52.77,0.527701416790019,2026-01-20
GLOBE, EQ, 20-Jan-2026,2.75,2.7,2.78,2.56,2.66,2.61,2.66,884936,23.54,649, 526218, 59.46,0.5946396123561478,2026-01-20
GLOBECIVIL, EQ, 20-Jan-2026,49.49,49.49,50.48,47.0,48.0,48.1,48.24,125962,60.76,2345, 59310, 47.09,0.4708562899922199,2026-01-20
GLOBUSSPR, EQ, 20-Jan-2026,943.7,943.7,944.8,908.4,915.0,918.7,924.11,151831,1403.09,9898, 82887, 54.59,0.5459161831246583,2026-01-20
GLOSTERLTD, EQ, 20-Jan-2026,604.2,619.9,619.9,576.0,580.0,583.65,592.89,1243,7.37,235, 787, 63.31,0.6331456154465004,2026-01-20
GLOTTIS, EQ, 20-Jan-2026,55.19,55.2,55.2,53.0,53.0,53.05,53.73,229815,123.48,2758, 150329, 65.41,0.6541304962687379,2026-01-20
GMBREW, EQ, 20-Jan-2026,978.5,981.4,986.9,945.1,958.0,952.5,964.85,120612,1163.72,5908, 43494, 36.06,0.36061088448910555,2026-01-20
GMDCLTD, EQ, 20-Jan-2026,539.0,550.4,565.95,531.05,543.5,541.15,550.64,9270498,51046.73,122190, 1098906, 11.85,0.11853796851042954,2026-01-20
GMMPFAUDLR, EQ, 20-Jan-2026,1020.2,1020.2,1023.0,996.3,1001.0,1000.7,1003.61,109103,1094.97,10226, 74678, 68.45,0.6844724709678011,2026-01-20
GMRAIRPORT, EQ, 20-Jan-2026,100.23,100.8,100.8,95.42,95.97,95.93,97.46,10626100,10355.98,39948, 4595839, 43.25,0.43250477597613424,2026-01-20
GMRP&UI, EQ, 20-Jan-2026,104.16,104.16,104.16,97.53,102.0,99.43,100.57,1849895,1860.52,14347, 818436, 44.24,0.4424229483294998,2026-01-20
GNA, EQ, 20-Jan-2026,352.0,350.3,351.4,337.0,339.45,340.4,345.49,48806,168.62,1806, 24203, 49.59,0.4959021431791173,2026-01-20
GNFC, EQ, 20-Jan-2026,468.4,468.2,468.4,454.5,457.55,458.45,462.42,217209,1004.42,12374, 123154, 56.70,0.5669838726756258,2026-01-20
GOACARBON, EQ, 20-Jan-2026,385.9,386.75,386.75,370.0,374.0,372.6,377.5,11361,42.89,686, 7151, 62.94,0.6294340286946571,2026-01-20
GOCLCORP, EQ, 20-Jan-2026,273.6,272.0,277.0,260.1,260.1,263.1,266.24,46309,123.29,2432, 19772, 42.70,0.4269580427130795,2026-01-20
GOCOLORS, EQ, 20-Jan-2026,389.05,389.05,405.65,383.0,387.9,385.9,392.36,199182,781.52,6493, 87819, 44.09,0.4408982739404163,2026-01-20
GODAVARIB, EQ, 20-Jan-2026,267.05,267.15,270.0,255.0,255.0,257.25,259.96,81471,211.79,2709, 42111, 51.69,0.5168833081710056,2026-01-20
GODFRYPHLP, EQ, 20-Jan-2026,2192.8,2190.9,2223.0,2117.1,2124.0,2126.0,2170.23,398807,8655.03,35118, 165651, 41.54,0.415366330079462,2026-01-20
GODIGIT, EQ, 20-Jan-2026,325.95,319.4,328.9,315.5,324.25,323.4,323.45,605434,1958.31,16178, 373243, 61.65,0.6164883372919261,2026-01-20
GODREJAGRO, EQ, 20-Jan-2026,542.45,539.0,542.4,518.3,521.95,521.95,529.67,191422,1013.91,10166, 95166, 49.72,0.49715288733792357,2026-01-20
GODREJCP, EQ, 20-Jan-2026,1232.2,1246.3,1264.4,1228.8,1229.3,1234.3,1244.45,1806384,22479.51,48445, 1034241, 57.25,0.5725476974995349,2026-01-20
GODREJIND, EQ, 20-Jan-2026,997.2,997.2,1020.7,984.9,1000.0,1004.8,1004.49,250910,2520.37,19862, 109458, 43.62,0.4362440715794508,2026-01-20
GODREJPROP, EQ, 20-Jan-2026,1797.8,1800.0,1804.7,1684.1,1690.9,1694.7,1744.15,1605449,28001.38,92442, 602396, 37.52,0.3752196426046545,2026-01-20
GOKEX, EQ, 20-Jan-2026,590.3,590.8,598.1,551.5,555.3,560.85,572.94,474720,2719.85,13741, 229205, 48.28,0.48282145264577014,2026-01-20
GOKUL, EQ, 20-Jan-2026,38.38,38.18,38.38,37.71,38.0,37.98,38.01,9109,3.46,168, 6266, 68.79,0.6878910967175321,2026-01-20
GOKULAGRO, EQ, 20-Jan-2026,164.49,164.3,164.3,155.15,157.78,157.79,160.72,309396,497.26,5199, 136849, 44.23,0.4423101785414162,2026-01-20
GOLD1, EQ, 20-Jan-2026,120.88,123.9,126.41,120.03,124.7,124.79,123.66,12260403,15161.02,21134, 7978208, 65.07,0.6507296701421642,2026-01-20
GOLD360, EQ, 20-Jan-2026,141.2,142.3,156.0,141.25,156.0,150.2,146.16,180684,264.09,2123, 85413, 47.27,0.47272032941489006,2026-01-20
GOLDADD, EQ, 20-Jan-2026,142.1,142.0,147.99,140.0,147.5,146.23,145.01,1937599,2809.79,3063, 1640706, 84.68,0.8467727326448868,2026-01-20
GOLDBEES, EQ, 20-Jan-2026,121.1,121.99,126.9,120.2,126.68,125.86,123.36,171440092,211487.47,305822, 90997633, 53.08,0.5307838553889717,2026-01-20
GOLDBETA, EQ, 20-Jan-2026,122.8,125.85,142.95,122.75,132.3,128.35,125.51,2131315,2674.95,9258, 985556, 46.24,0.46241686470559257,2026-01-20
GOLDBND, EQ, 20-Jan-2026,145.0,145.2,153.78,145.2,150.59,150.3,149.15,133009,198.38,976, 93573, 70.35,0.703508785119804,2026-01-20
GOLDCASE, EQ, 20-Jan-2026,22.86,23.42,24.08,22.5,24.0,23.76,23.3,47941652,11172.35,38228, 25937234, 54.10,0.5410166925411748,2026-01-20
GOLDENTOBC, BZ, 20-Jan-2026,29.0,29.6,30.45,27.55,29.55,29.47,28.78,3704,1.07,58, -, -,,2026-01-20
GOLDETF, EQ, 20-Jan-2026,141.69,145.23,149.99,141.62,149.98,147.25,144.42,6112654,8827.9,17347, 3053523, 49.95,0.49954127945079174,2026-01-20
GOLDIAM, EQ, 20-Jan-2026,327.7,328.75,335.65,308.0,311.0,310.1,317.69,626547,1990.48,14511, 273669, 43.68,0.4367892592255649,2026-01-20
GOLDIETF, EQ, 20-Jan-2026,124.86,127.98,130.9,124.62,128.2,128.47,127.87,27143797,34708.22,55868, 18365684, 67.66,0.6766070347490442,2026-01-20
GOLDTECH, EQ, 20-Jan-2026,46.14,46.2,48.59,43.2,43.2,44.42,45.44,34149,15.52,606, 21484, 62.91,0.6291253038156315,2026-01-20
GOODLUCK, EQ, 20-Jan-2026,1078.2,1080.0,1107.9,1061.2,1101.0,1100.7,1091.76,108334,1182.75,5870, 55483, 51.21,0.5121476175531228,2026-01-20
GOPAL, EQ, 20-Jan-2026,307.65,308.5,309.9,301.2,302.7,302.35,305.2,111695,340.89,3223, 51487, 46.10,0.4609606517749228,2026-01-20
GOYALALUM, BE, 20-Jan-2026,7.85,7.79,7.79,7.46,7.46,7.46,7.51,243015,18.25,796, -, -,,2026-01-20
GPIL, EQ, 20-Jan-2026,250.2,250.75,251.7,238.1,239.8,239.05,243.83,2173046,5298.58,25252, 1026574, 47.24,0.47241245698434364,2026-01-20
GPPL, EQ, 20-Jan-2026,173.21,173.89,179.0,170.23,177.9,177.63,175.69,4109025,7218.98,45831, 1754361, 42.70,0.4269531093142534,2026-01-20
GPTHEALTH, EQ, 20-Jan-2026,135.39,135.0,135.5,128.66,131.7,131.6,130.69,153418,200.51,4896, 90001, 58.66,0.5866391166616695,2026-01-20
GPTINFRA, EQ, 20-Jan-2026,103.57,103.57,103.89,101.57,102.6,102.12,102.57,120109,123.2,1785, 63855, 53.16,0.5316420917666453,2026-01-20
GRANULES, EQ, 20-Jan-2026,574.0,574.05,576.9,550.6,553.0,552.75,562.12,952313,5353.11,26036, 546016, 57.34,0.5733577090725424,2026-01-20
GRAPHITE, EQ, 20-Jan-2026,640.1,642.0,647.95,615.65,616.1,621.9,633.8,1022813,6482.55,26427, 246077, 24.06,0.2405884555632359,2026-01-20
GRASIM, EQ, 20-Jan-2026,2780.0,2783.0,2790.8,2706.0,2711.4,2713.6,2748.55,411054,11298.04,41263, 239520, 58.27,0.582697163876279,2026-01-20
GRAVITA, EQ, 20-Jan-2026,1579.6,1579.6,1604.1,1541.0,1543.0,1554.1,1570.9,191045,3001.13,19763, 76799, 40.20,0.4019942945379361,2026-01-20
GREAVESCOT, EQ, 20-Jan-2026,169.92,170.9,170.9,162.87,165.0,163.97,166.41,901703,1500.5,13892, 372834, 41.35,0.41347760848084125,2026-01-20
GREENLAM, EQ, 20-Jan-2026,240.54,246.5,247.58,238.9,244.95,244.36,244.32,32400,79.16,1130, 15287, 47.18,0.471820987654321,2026-01-20
GREENPANEL, EQ, 20-Jan-2026,210.7,211.65,216.44,206.08,211.1,210.67,209.42,147539,308.98,8576, 82389, 55.84,0.5584218410047513,2026-01-20
GREENPLY, EQ, 20-Jan-2026,231.0,230.8,231.0,221.2,230.0,227.3,225.67,236999,534.84,11558, 120299, 50.76,0.5075928590415993,2026-01-20
GREENPOWER, EQ, 20-Jan-2026,10.43,10.1,10.34,10.0,10.03,10.01,10.13,3853086,390.49,9306, 2012968, 52.24,0.5224300729337471,2026-01-20
GRINDWELL, EQ, 20-Jan-2026,1566.8,1556.0,1559.9,1520.5,1523.1,1531.2,1539.34,17375,267.46,4053, 8517, 49.02,0.4901870503597122,2026-01-20
GRINFRA, EQ, 20-Jan-2026,909.65,910.6,919.45,898.0,909.9,907.65,907.56,27729,251.66,2758, 15469, 55.79,0.5578636084965198,2026-01-20
GRMOVER, EQ, 20-Jan-2026,161.05,161.95,162.94,153.8,158.7,158.37,158.41,2233188,3537.67,9133, 902387, 40.41,0.40408017596368956,2026-01-20
GROBTEA, EQ, 20-Jan-2026,997.0,986.0,987.0,968.3,979.0,979.0,975.2,94,0.92,22, 78, 82.98,0.8297872340425532,2026-01-20
GROWW, EQ, 20-Jan-2026,161.27,161.99,164.3,156.0,157.5,156.98,158.84,32143964,51057.82,156491, 8141983, 25.33,0.2532974153405597,2026-01-20
GROWWCAPM, EQ, 20-Jan-2026,9.93,10.04,10.04,9.69,9.7,9.72,9.77,459844,44.91,1471, 380892, 82.83,0.8283069910665356,2026-01-20
GROWWCHEM, EQ, 20-Jan-2026,28.43,28.3,29.0,27.25,27.6,27.68,27.97,69942,19.56,909, 48201, 68.92,0.6891567298618856,2026-01-20
GROWWDEFNC, EQ, 20-Jan-2026,77.44,78.07,78.07,75.0,75.96,75.44,76.06,560708,426.48,4689, 346813, 61.85,0.6185269338051178,2026-01-20
GROWWEV, EQ, 20-Jan-2026,30.31,30.53,30.53,29.55,29.71,29.66,29.89,275575,82.38,3258, 206296, 74.86,0.7486020139707884,2026-01-20
GROWWGOLD, EQ, 20-Jan-2026,143.66,144.46,155.0,140.55,143.0,147.21,146.37,2295309,3359.57,14453, 951996, 41.48,0.4147572287652774,2026-01-20
GROWWLIQID, EQ, 20-Jan-2026,107.52,107.78,107.99,107.53,107.54,107.53,107.53,226603,243.67,325, 184453, 81.40,0.8139918712461882,2026-01-20
GROWWLOVOL, EQ, 20-Jan-2026,10.68,10.69,10.69,10.46,10.46,10.46,10.54,27650,2.91,239, 22693, 82.07,0.8207233273056058,2026-01-20
GROWWMC150, EQ, 20-Jan-2026,218.84,218.0,218.66,213.51,213.85,214.28,216.04,2780,6.01,147, 2567, 92.34,0.9233812949640288,2026-01-20
GROWWMETAL, EQ, 20-Jan-2026,11.01,11.28,11.35,10.7,10.75,10.77,10.93,1818149,198.77,4755, 1119100, 61.55,0.6155161100657867,2026-01-20
GROWWMOM50, EQ, 20-Jan-2026,10.49,10.49,10.49,10.15,10.45,10.23,10.32,278735,28.78,1216, 168789, 60.56,0.6055536620804707,2026-01-20
GROWWN200, EQ, 20-Jan-2026,11.59,11.64,11.67,11.33,11.33,11.37,11.45,62768,7.19,671, 54199, 86.35,0.8634813917919959,2026-01-20
GROWWNET, EQ, 20-Jan-2026,10.02,10.03,10.11,9.73,9.78,9.76,9.85,344471,33.92,1244, 190052, 55.17,0.5517213350325572,2026-01-20
GROWWNIFTY, EQ, 20-Jan-2026,10.28,10.28,10.37,10.12,10.25,10.16,10.21,930813,95.02,2647, 776969, 83.47,0.834720830070057,2026-01-20
GROWWNXT50, EQ, 20-Jan-2026,68.57,68.5,68.57,67.16,67.16,67.27,67.91,11485,7.8,273, 7686, 66.92,0.6692207226817588,2026-01-20
GROWWPOWER, EQ, 20-Jan-2026,9.45,9.49,9.54,9.2,9.26,9.23,9.31,1225715,114.17,3465, 1046103, 85.35,0.8534634886576407,2026-01-20
GROWWRAIL, EQ, 20-Jan-2026,33.95,34.21,34.21,32.85,33.07,32.96,33.23,1188451,394.95,5920, 933799, 78.57,0.7857278087190805,2026-01-20
GROWWRLTY, EQ, 20-Jan-2026,9.32,9.54,9.54,8.87,8.97,8.95,9.06,880144,79.74,1878, 818819, 93.03,0.9303239015433838,2026-01-20
GROWWSC250, EQ, 20-Jan-2026,9.26,9.5,9.5,9.0,9.06,9.01,9.12,790334,72.05,1726, 700156, 88.59,0.8858988731346494,2026-01-20
GROWWSLVR, EQ, 20-Jan-2026,289.55,296.65,324.6,294.67,321.0,317.53,312.13,7717221,24087.98,53641, 1629263, 21.11,0.21112042793642946,2026-01-20
GRPLTD, EQ, 20-Jan-2026,1785.0,1810.0,1810.0,1681.0,1696.6,1691.8,1735.67,4045,70.21,620, 2840, 70.21,0.7021013597033374,2026-01-20
GRSE, EQ, 20-Jan-2026,2379.2,2385.0,2401.0,2271.0,2285.0,2278.9,2320.62,957562,22221.33,46404, 266705, 27.85,0.2785250458978113,2026-01-20
GRWRHITECH, EQ, 20-Jan-2026,2882.6,2870.0,2881.6,2740.1,2754.0,2745.3,2796.5,44808,1253.06,7463, 22376, 49.94,0.4993751115872166,2026-01-20
GSEC10ABSL, EQ, 20-Jan-2026,110.13,109.99,110.53,109.99,109.99,110.35,110.27,5,0.01,4, 4, 80.00,0.8,2026-01-20
GSEC10IETF, EQ, 20-Jan-2026,258.0,258.0,258.52,258.0,258.11,258.44,258.5,983,2.54,9, 973, 98.98,0.9898270600203459,2026-01-20
GSEC10YEAR, EQ, 20-Jan-2026,29.5,29.5,29.61,29.44,29.61,29.48,29.58,14423,4.27,35, 13173, 91.33,0.9133328711086459,2026-01-20
GSEC5IETF, EQ, 20-Jan-2026,63.51,63.77,63.81,63.49,63.55,63.55,63.65,25981,16.54,50, 16139, 62.12,0.6211847119048536,2026-01-20
GSFC, EQ, 20-Jan-2026,170.89,170.89,172.4,167.0,167.74,168.03,169.68,782229,1327.29,12251, 362561, 46.35,0.4634972623106533,2026-01-20
GSLSU, BE, 20-Jan-2026,89.65,87.91,89.69,86.0,86.05,86.87,86.94,99117,86.18,269, -, -,,2026-01-20
GSPL, EQ, 20-Jan-2026,302.5,305.95,306.75,290.6,295.6,296.05,299.39,768736,2301.55,21172, 304783, 39.65,0.3964729113765974,2026-01-20
GSS, EQ, 20-Jan-2026,15.35,15.35,15.88,14.99,15.12,15.16,15.18,18304,2.78,275, 13864, 75.74,0.7574300699300699,2026-01-20
GTECJAINX, EQ, 20-Jan-2026,20.82,22.39,22.39,19.51,21.5,21.48,21.09,5340,1.13,85, 1455, 27.25,0.27247191011235955,2026-01-20
GTL, EQ, 20-Jan-2026,7.43,7.43,7.5,6.89,6.97,6.95,7.05,608374,42.89,1797, 368186, 60.52,0.6051968032821915,2026-01-20
GTLINFRA, EQ, 20-Jan-2026,1.07,1.08,1.1,1.03,1.04,1.03,1.05,57102483,600.01,21172, 25966832, 45.47,0.4547408560149652,2026-01-20
GTPL, EQ, 20-Jan-2026,80.39,79.61,81.94,78.25,80.5,79.14,79.17,62889,49.79,1308, 35863, 57.03,0.5702587097902654,2026-01-20
GUFICBIO, EQ, 20-Jan-2026,312.95,310.0,313.0,304.1,306.0,305.7,309.14,31465,97.27,1710, 16550, 52.60,0.525981249006833,2026-01-20
GUJALKALI, EQ, 20-Jan-2026,468.45,466.6,467.05,456.5,459.0,458.3,459.07,22695,104.18,1433, 14127, 62.25,0.6224719101123596,2026-01-20
GUJAPOLLO, EQ, 20-Jan-2026,399.0,410.0,428.45,388.8,389.0,396.05,400.89,55662,223.14,1731, 22940, 41.21,0.41213035823362437,2026-01-20
GUJGASLTD, EQ, 20-Jan-2026,406.55,406.55,410.45,391.5,392.2,394.55,400.49,813020,3256.06,27577, 175647, 21.60,0.21604265577722565,2026-01-20
GUJRAFFIA, BE, 20-Jan-2026,45.23,45.23,45.23,42.97,43.0,43.0,43.04,4469,1.92,62, -, -,,2026-01-20
GUJTHEM, EQ, 20-Jan-2026,360.45,353.1,359.7,330.0,334.0,334.05,342.09,101630,347.67,5176, 59091, 58.14,0.5814326478402047,2026-01-20
GULFOILLUB, EQ, 20-Jan-2026,1100.4,1098.0,1118.0,1092.8,1115.1,1114.9,1110.29,98354,1092.02,9981, 63917, 64.99,0.6498668076539846,2026-01-20
GULFPETRO, EQ, 20-Jan-2026,32.82,32.7,32.7,32.0,32.0,32.04,32.31,37646,12.16,662, 28031, 74.46,0.7445943792169155,2026-01-20
GULPOLY, EQ, 20-Jan-2026,137.1,137.1,137.87,131.0,132.0,131.87,133.96,91263,122.26,1534, 54195, 59.38,0.5938332073238881,2026-01-20
GVKPIL, BE, 20-Jan-2026,2.97,2.97,3.0,2.96,2.96,2.96,2.98,761685,22.68,1239, -, -,,2026-01-20
GVPIL, EQ, 20-Jan-2026,295.75,297.0,298.0,282.8,284.85,283.65,288.75,167715,484.28,5757, 80266, 47.86,0.478585695972334,2026-01-20
GVPTECH, EQ, 20-Jan-2026,8.22,8.34,8.34,7.55,8.15,8.01,7.85,56670,4.45,421, 32628, 57.58,0.5757543673901535,2026-01-20
GVT&D, EQ, 20-Jan-2026,2647.2,2652.6,2683.0,2570.7,2585.0,2600.8,2606.37,471053,12277.37,64149, 286407, 60.80,0.6080143847932186,2026-01-20
HAL, EQ, 20-Jan-2026,4504.3,4504.3,4525.0,4327.0,4350.0,4355.2,4411.54,1194605,52700.44,81646, 600877, 50.30,0.5029922024434855,2026-01-20
HALDER, BE, 20-Jan-2026,272.37,275.0,285.98,272.0,283.0,282.31,281.94,11897,33.54,165, -, -,,2026-01-20
HALEOSLABS, BE, 20-Jan-2026,1258.8,1252.6,1254.0,1220.1,1254.0,1252.7,1238.06,554,6.86,27, -, -,,2026-01-20
HAPPSTMNDS, EQ, 20-Jan-2026,419.85,419.5,419.85,410.55,412.6,412.6,415.53,408888,1699.05,21664, 171369, 41.91,0.41910987849973586,2026-01-20
HAPPYFORGE, EQ, 20-Jan-2026,1064.5,1044.1,1063.9,1018.0,1021.2,1033.3,1043.82,41301,431.11,7861, 21641, 52.40,0.5239824701581075,2026-01-20
HARDWYN, BE, 20-Jan-2026,17.33,16.5,17.6,16.47,17.1,16.84,16.87,339331,57.26,746, -, -,,2026-01-20
HARIOMPIPE, EQ, 20-Jan-2026,429.65,424.25,430.1,404.05,406.7,406.7,415.63,264177,1098.01,8963, 159796, 60.49,0.6048823326784694,2026-01-20
HARRMALAYA, EQ, 20-Jan-2026,161.65,163.8,165.7,157.03,159.29,159.61,161.55,7189,11.61,177, 3564, 49.58,0.4957574071498122,2026-01-20
HARSHA, EQ, 20-Jan-2026,394.35,394.35,394.95,374.0,384.0,381.55,383.21,39653,151.96,2264, 20460, 51.60,0.5159760926033339,2026-01-20
HATHWAY, EQ, 20-Jan-2026,11.92,11.91,11.92,11.3,11.37,11.37,11.56,2863938,330.93,5809, 1596436, 55.74,0.5574268716711046,2026-01-20
HATSUN, EQ, 20-Jan-2026,949.95,945.0,961.9,920.25,945.0,934.15,941.53,84605,796.58,7658, 31638, 37.39,0.37394953016961174,2026-01-20
HAVELLS, EQ, 20-Jan-2026,1447.1,1426.0,1454.5,1337.2,1344.9,1346.3,1379.1,4182464,57680.34,130088, 1948605, 46.59,0.4658988098881425,2026-01-20
HAVISHA, EQ, 20-Jan-2026,1.77,1.76,1.8,1.66,1.75,1.75,1.73,45808,0.79,137, 34187, 74.63,0.7463106880894167,2026-01-20
HBLENGINE, EQ, 20-Jan-2026,756.3,753.5,757.0,700.0,707.1,705.15,727.12,3928325,28563.6,96646, 1359399, 34.61,0.3460505431704352,2026-01-20
HBSL, BE, 20-Jan-2026,67.59,67.55,67.79,64.22,67.79,67.0,65.67,9453,6.21,143, -, -,,2026-01-20
HCC, EQ, 20-Jan-2026,20.08,20.07,20.14,19.0,19.12,19.06,19.51,36733677,7166.73,40237, 13817477, 37.62,0.3761528419820319,2026-01-20
HCG, EQ, 20-Jan-2026,650.15,653.2,653.2,626.0,641.0,639.55,637.61,218189,1391.18,19639, 116365, 53.33,0.5333220281499067,2026-01-20
HCL-INSYS, EQ, 20-Jan-2026,13.0,13.0,13.19,12.05,12.4,12.51,12.6,445133,56.08,1894, 300442, 67.49,0.6749488355165759,2026-01-20
HCLTECH, EQ, 20-Jan-2026,1716.8,1720.0,1720.0,1681.8,1685.0,1687.3,1692.73,1739341,29442.31,80668, 1000569, 57.53,0.5752575256950765,2026-01-20
HDBFS, EQ, 20-Jan-2026,754.65,751.65,754.0,728.15,730.0,731.95,741.56,808420,5994.92,34249, 541068, 66.93,0.6692907152222854,2026-01-20
HDFCAMC, EQ, 20-Jan-2026,2579.6,2597.0,2597.0,2520.0,2531.7,2526.9,2539.99,827106,21008.41,50912, 487404, 58.93,0.5892884346141849,2026-01-20
HDFCBANK, EQ, 20-Jan-2026,927.9,929.3,934.5,919.6,930.5,931.2,930.12,36022727,335055.45,357134, 25387797, 70.48,0.7047716570708265,2026-01-20
HDFCBSE500, EQ, 20-Jan-2026,37.56,37.57,37.88,36.72,36.8,36.93,37.23,56843,21.16,417, 49371, 86.86,0.8685502172650986,2026-01-20
HDFCGOLD, EQ, 20-Jan-2026,124.71,129.0,130.8,124.01,130.33,129.4,127.14,19181903,24388.05,40612, 10639046, 55.46,0.5546397560242068,2026-01-20
HDFCGROWTH, EQ, 20-Jan-2026,129.62,129.61,129.62,127.0,127.33,127.19,128.4,13672,17.55,215, 8229, 60.19,0.6018870684610883,2026-01-20
HDFCLIFE, EQ, 20-Jan-2026,736.8,736.8,742.55,730.45,734.05,732.1,734.9,2322135,17065.28,129117, 1581671, 68.11,0.6811279275322063,2026-01-20
HDFCLIQUID, EQ, 20-Jan-2026,1045.0,1045.14,1045.14,1045.1,1045.14,1045.13,1045.13,21755,227.37,44, 16441, 75.57,0.7557343139508159,2026-01-20
HDFCLOWVOL, EQ, 20-Jan-2026,21.35,21.3,21.31,20.91,20.91,20.99,21.14,30827,6.52,151, 23668, 76.78,0.7677685146138126,2026-01-20
HDFCMID150, EQ, 20-Jan-2026,22.07,22.08,22.15,21.5,21.68,21.58,21.75,587354,127.75,3338, 482884, 82.21,0.8221345219407716,2026-01-20
HDFCMOMENT, EQ, 20-Jan-2026,31.43,31.43,31.52,30.7,30.96,30.8,31.04,210199,65.24,1435, 165873, 78.91,0.7891236399792577,2026-01-20
HDFCNEXT50, EQ, 20-Jan-2026,69.95,67.85,70.0,67.85,68.71,68.37,68.8,172342,118.57,1116, 119703, 69.46,0.6945666175395435,2026-01-20
HDFCNIF100, EQ, 20-Jan-2026,26.97,26.92,27.0,26.51,26.7,26.57,26.74,72957,19.51,438, 49771, 68.22,0.682196362240772,2026-01-20
HDFCNIFBAN, EQ, 20-Jan-2026,61.36,59.82,61.5,59.82,60.92,60.82,60.91,1042397,634.91,978, 1026650, 98.49,0.9848934714892694,2026-01-20
HDFCNIFIT, EQ, 20-Jan-2026,41.24,40.2,41.26,40.2,40.74,40.44,40.58,41848,16.98,351, 38037, 90.89,0.9089323265150067,2026-01-20
HDFCNIFTY, EQ, 20-Jan-2026,286.54,286.88,286.88,282.3,283.07,282.87,284.36,461804,1313.18,2553, 331594, 71.80,0.7180405540012647,2026-01-20
HDFCPSUBK, EQ, 20-Jan-2026,90.61,91.17,91.73,89.11,89.11,89.33,89.95,33572,30.2,305, 20439, 60.88,0.6088109138567854,2026-01-20
HDFCPVTBAN, EQ, 20-Jan-2026,29.19,29.48,29.48,28.74,28.9,28.85,28.99,74888,21.71,442, 61411, 82.00,0.8200379232987929,2026-01-20
HDFCQUAL, EQ, 20-Jan-2026,60.51,60.51,60.93,59.14,59.25,59.36,59.64,14245,8.5,247, 9416, 66.10,0.661003861003861,2026-01-20
HDFCSENSEX, EQ, 20-Jan-2026,93.75,93.81,94.29,92.3,93.11,92.58,93.08,60238,56.07,751, 42292, 70.21,0.7020817424217272,2026-01-20
HDFCSILVER, EQ, 20-Jan-2026,282.71,289.78,305.0,287.3,303.94,302.71,297.16,31111674,92450.3,135975, 8286993, 26.64,0.2663628128785356,2026-01-20
HDFCSML250, EQ, 20-Jan-2026,161.46,160.3,162.03,156.5,157.23,157.33,158.49,3048176,4831.11,37936, 2199409, 72.15,0.7215492150059577,2026-01-20
HDFCVALUE, EQ, 20-Jan-2026,140.13,139.5,140.21,138.25,138.25,138.43,139.41,5249,7.32,109, 4330, 82.49,0.8249190321966089,2026-01-20
HDIL, BZ, 20-Jan-2026,2.11,2.13,2.13,2.05,2.1,2.06,2.09,154986,3.24,266, -, -,,2026-01-20
HEADSUP, EQ, 20-Jan-2026,8.39,8.69,8.69,8.0,8.25,8.14,8.23,42677,3.51,170, 28387, 66.52,0.6651592192515875,2026-01-20
HEALTHADD, EQ, 20-Jan-2026,144.27,143.99,143.99,140.6,141.0,141.33,142.25,5328,7.58,93, 3733, 70.06,0.7006381381381381,2026-01-20
HEALTHIETF, EQ, 20-Jan-2026,146.52,147.47,147.47,142.6,143.37,143.32,144.36,144698,208.89,2589, 114868, 79.38,0.7938464940773197,2026-01-20
HEALTHY, EQ, 20-Jan-2026,14.65,14.65,14.85,14.35,14.4,14.37,14.49,484374,70.18,1974, 389875, 80.49,0.8049048875455743,2026-01-20
HECPROJECT, EQ, 20-Jan-2026,115.44,115.44,124.99,112.0,113.0,114.38,118.63,50125,59.46,1552, 16222, 32.36,0.3236309226932668,2026-01-20
HEG, EQ, 20-Jan-2026,583.35,589.0,589.0,554.0,554.0,558.75,572.53,1420779,8134.39,32247, 405648, 28.55,0.28551097672474046,2026-01-20
HEIDELBERG, EQ, 20-Jan-2026,171.48,170.3,170.64,165.5,166.79,166.28,167.27,53203,88.99,1863, 30573, 57.46,0.5746480461628104,2026-01-20
HEMIPROP, EQ, 20-Jan-2026,137.57,136.6,137.5,130.0,131.39,130.78,132.9,508608,675.95,5162, 304026, 59.78,0.5977609475273689,2026-01-20
HERANBA, EQ, 20-Jan-2026,217.81,215.8,217.43,210.0,212.63,211.11,212.52,38774,82.4,1687, 25400, 65.51,0.655078145148811,2026-01-20
HERITGFOOD, EQ, 20-Jan-2026,439.9,437.1,437.8,413.1,422.9,418.95,426.03,312525,1331.45,11696, 158093, 50.59,0.5058571314294856,2026-01-20
HEROMOTOCO, EQ, 20-Jan-2026,5762.5,5779.0,5845.0,5555.0,5580.0,5580.5,5691.24,394664,22461.29,53527, 184493, 46.75,0.46746853019277157,2026-01-20
HESTERBIO, EQ, 20-Jan-2026,1463.0,1464.0,1467.7,1400.0,1406.0,1410.3,1422.84,5410,76.98,958, 3544, 65.51,0.6550831792975971,2026-01-20
HEXATRADEX, EQ, 20-Jan-2026,163.97,161.0,162.99,156.0,156.0,156.32,159.2,4753,7.57,107, 4093, 86.11,0.8611403324216285,2026-01-20
HEXT, EQ, 20-Jan-2026,724.0,724.0,726.4,710.05,710.5,715.1,717.95,473906,3402.4,17309, 351099, 74.09,0.740862111895608,2026-01-20
HFCL, EQ, 20-Jan-2026,66.06,66.0,66.15,62.9,63.32,63.32,64.44,14658791,9446.43,39195, 5424377, 37.00,0.3700425908248504,2026-01-20
HGINFRA, EQ, 20-Jan-2026,692.2,689.95,689.95,652.05,667.9,667.35,670.03,170782,1144.3,13192, 96210, 56.33,0.5633497675399046,2026-01-20
HGM, EQ, 20-Jan-2026,65.11,66.0,66.0,61.62,63.48,62.88,63.8,1505,0.96,67, 779, 51.76,0.5176079734219269,2026-01-20
HGS, EQ, 20-Jan-2026,420.05,418.65,420.9,410.0,412.0,411.8,412.93,9460,39.06,952, 6482, 68.52,0.685200845665962,2026-01-20
HIKAL, EQ, 20-Jan-2026,212.19,210.98,211.15,207.3,207.33,207.83,208.9,146367,305.76,3477, 74173, 50.68,0.5067604036428976,2026-01-20
HILINFRA, EQ, 20-Jan-2026,54.51,56.4,56.7,53.04,53.11,53.44,54.54,272619,148.69,3351, 104858, 38.46,0.38463203225013665,2026-01-20
HILTON, EQ, 20-Jan-2026,28.24,28.6,31.0,28.44,29.27,29.5,30.17,609995,184.03,4180, 421168, 69.04,0.6904450036475709,2026-01-20
HIMATSEIDE, EQ, 20-Jan-2026,101.98,101.97,102.01,96.95,97.9,97.57,99.2,333908,331.24,4135, 181472, 54.35,0.5434790421313656,2026-01-20
HINDALCO, EQ, 20-Jan-2026,939.95,944.5,949.85,925.7,929.0,928.1,937.46,5709976,53528.48,118673, 3466024, 60.70,0.607012008456778,2026-01-20
HINDCOMPOS, EQ, 20-Jan-2026,427.6,432.2,432.2,409.5,409.5,412.55,417.41,3646,15.22,366, 1983, 54.39,0.5438837081733406,2026-01-20
HINDCON, EQ, 20-Jan-2026,24.02,24.02,24.02,22.16,22.66,22.65,23.06,41016,9.46,431, 33719, 82.21,0.822093817047006,2026-01-20
HINDCOPPER, EQ, 20-Jan-2026,547.8,549.0,555.45,530.0,532.45,531.95,542.73,28225843,153189.51,299755, 5981369, 21.19,0.2119110844625615,2026-01-20
HINDOILEXP, EQ, 20-Jan-2026,150.22,150.5,150.5,140.86,141.7,141.74,144.29,327945,473.19,3793, 168858, 51.49,0.5148973150985684,2026-01-20
HINDPETRO, EQ, 20-Jan-2026,453.2,453.65,453.65,436.7,438.4,438.6,441.19,3948024,17418.48,50801, 1327090, 33.61,0.3361403071511217,2026-01-20
HINDUNILVR, EQ, 20-Jan-2026,2413.9,2423.0,2439.0,2368.5,2382.0,2379.1,2411.71,1460806,35230.37,95533, 668064, 45.73,0.4573256133942495,2026-01-20
HINDWAREAP, EQ, 20-Jan-2026,221.75,219.7,222.45,211.0,215.0,214.75,215.29,115976,249.68,2864, 64508, 55.62,0.5562185279713044,2026-01-20
HINDZINC, EQ, 20-Jan-2026,660.4,668.8,696.9,655.0,680.0,680.75,678.31,46014901,312123.74,421375, 7705764, 16.75,0.1674623618118835,2026-01-20
HIRECT, EQ, 20-Jan-2026,1357.4,1357.0,1357.0,1265.0,1269.0,1279.3,1294.82,34337,444.6,3940, 15889, 46.27,0.46273698925357487,2026-01-20
HISARMETAL, EQ, 20-Jan-2026,158.4,158.01,162.7,153.1,158.95,158.3,158.25,1880,2.98,102, 1219, 64.84,0.6484042553191489,2026-01-20
HITECH, EQ, 20-Jan-2026,85.07,85.05,85.17,80.05,80.69,80.67,82.09,1023224,839.94,9064, 487665, 47.66,0.4765965223646044,2026-01-20
HITECHCORP, EQ, 20-Jan-2026,158.5,157.0,158.5,155.1,155.2,156.76,156.74,2209,3.46,53, 2041, 92.39,0.923947487550928,2026-01-20
HITECHGEAR, BE, 20-Jan-2026,718.45,721.0,736.0,682.55,713.0,694.75,699.73,3734,26.13,104, -, -,,2026-01-20
HLEGLAS, EQ, 20-Jan-2026,435.3,435.3,435.3,406.4,417.0,414.45,414.58,287894,1193.55,9008, 179195, 62.24,0.6224339513848847,2026-01-20
HLVLTD, EQ, 20-Jan-2026,8.79,8.8,8.89,8.46,8.55,8.5,8.57,366103,31.36,1483, 246588, 67.35,0.6735481544811159,2026-01-20
HMAAGRO, EQ, 20-Jan-2026,26.92,26.5,27.14,25.91,26.2,26.12,26.47,182932,48.43,1335, 118420, 64.73,0.6473443683991866,2026-01-20
HMT, BZ, 20-Jan-2026,44.66,44.5,44.5,43.0,43.0,43.1,43.47,12600,5.48,203, -, -,,2026-01-20
HMVL, EQ, 20-Jan-2026,70.8,69.4,71.65,69.38,71.35,71.07,71.0,53884,38.26,318, 43317, 80.39,0.8038935491054858,2026-01-20
HNDFDS, EQ, 20-Jan-2026,495.55,493.15,496.85,466.75,468.0,467.9,475.67,161621,768.78,6525, 113161, 70.02,0.7001627263783791,2026-01-20
HNGSNGBEES, EQ, 20-Jan-2026,546.61,547.99,548.14,546.61,548.14,548.14,548.13,131209,719.19,3840, 123525, 94.14,0.9414369441120655,2026-01-20
HOMEFIRST, EQ, 20-Jan-2026,1063.7,1062.2,1068.0,1037.4,1044.8,1042.0,1049.72,123470,1296.09,17822, 75361, 61.04,0.6103587916092978,2026-01-20
HONASA, EQ, 20-Jan-2026,283.7,283.0,284.9,274.35,276.9,277.6,279.69,245980,687.99,10358, 83660, 34.01,0.3401089519473128,2026-01-20
HONAUT, EQ, 20-Jan-2026,33720.0,33625.0,34300.0,33300.0,34170.0,33405.0,33491.66,12587,4215.6,2026, 10721, 85.18,0.8517518074203543,2026-01-20
HONDAPOWER, EQ, 20-Jan-2026,2160.3,2140.0,2162.4,2060.2,2098.0,2092.3,2102.56,5162,108.53,1227, 2881, 55.81,0.5581170089112747,2026-01-20
HPAL, EQ, 20-Jan-2026,38.11,38.0,38.02,36.98,37.78,37.47,37.34,105557,39.41,1323, 69605, 65.94,0.6594067660126757,2026-01-20
HPIL, EQ, 20-Jan-2026,131.95,132.0,132.0,128.5,129.0,129.28,130.16,382,0.5,39, 264, 69.11,0.6910994764397905,2026-01-20
HPL, EQ, 20-Jan-2026,340.4,340.4,344.65,320.35,329.85,324.1,330.9,184954,612.02,8559, 100463, 54.32,0.543178303794457,2026-01-20
HSCL, EQ, 20-Jan-2026,462.0,462.0,465.7,444.35,450.0,448.95,457.34,1079455,4936.82,17964, 488868, 45.29,0.45288409428832144,2026-01-20
HTMEDIA, EQ, 20-Jan-2026,22.94,22.5,23.49,21.3,21.3,21.82,22.15,66219,14.67,474, 41694, 62.96,0.6296380192995968,2026-01-20
HUBTOWN, EQ, 20-Jan-2026,218.74,219.5,219.5,205.0,205.0,205.97,211.55,801405,1695.34,10223, 435811, 54.38,0.5438086859952209,2026-01-20
HUDCO, EQ, 20-Jan-2026,213.14,213.5,213.55,204.3,205.73,205.81,208.42,3255149,6784.51,36426, 1102541, 33.87,0.33870676887601764,2026-01-20
HUHTAMAKI, EQ, 20-Jan-2026,188.62,188.62,189.28,180.05,181.12,181.65,183.38,61165,112.16,2131, 37355, 61.07,0.6107250878770538,2026-01-20
HYBRIDFIN, BE, 20-Jan-2026,18.56,18.56,18.9,18.0,18.0,18.14,18.27,17960,3.28,45, -, -,,2026-01-20
HYUNDAI, EQ, 20-Jan-2026,2346.4,2327.0,2339.0,2282.0,2317.0,2319.1,2315.16,643890,14907.11,42866, 353601, 54.92,0.5491636770255789,2026-01-20
IBULLSLTD, EQ, 20-Jan-2026,13.21,13.25,13.4,12.55,12.55,12.55,12.8,2119565,271.23,3286, 1270132, 59.92,0.5992418255632641,2026-01-20
ICDSLTD, EQ, 20-Jan-2026,42.83,42.0,43.0,41.5,41.5,41.78,41.87,123,0.05,9, 62, 50.41,0.5040650406504065,2026-01-20
ICEMAKE, EQ, 20-Jan-2026,770.25,766.4,767.05,723.0,737.0,732.25,737.7,50696,373.99,4587, 24396, 48.12,0.48122139813792014,2026-01-20
ICICIAMC, EQ, 20-Jan-2026,2922.1,2922.0,2922.0,2790.0,2827.0,2827.9,2831.61,420807,11915.6,32986, 163204, 38.78,0.3878357536828047,2026-01-20
ICICIB22, EQ, 20-Jan-2026,117.78,119.2,119.2,115.6,116.0,115.93,116.72,321680,375.47,3901, 176603, 54.90,0.5490021139020145,2026-01-20
ICICIBANK, EQ, 20-Jan-2026,1380.6,1374.7,1387.8,1371.5,1375.6,1375.8,1380.38,15012785,207233.99,348185, 9317390, 62.06,0.6206303493988624,2026-01-20
ICICIGI, EQ, 20-Jan-2026,1884.8,1884.0,1884.0,1850.0,1851.0,1861.7,1866.32,715164,13347.24,61046, 440573, 61.60,0.6160447114228345,2026-01-20
ICICIPRULI, EQ, 20-Jan-2026,660.95,660.5,668.2,649.2,651.15,651.8,658.05,644527,4241.33,25400, 231447, 35.91,0.35909589512929635,2026-01-20
ICIL, EQ, 20-Jan-2026,249.45,249.9,255.0,238.25,239.6,239.95,242.55,146873,356.24,4627, 58022, 39.50,0.3950487836430113,2026-01-20
ICRA, EQ, 20-Jan-2026,6087.5,6112.0,6112.0,5905.5,5951.0,6004.0,6000.73,2195,131.72,673, 742, 33.80,0.33804100227790435,2026-01-20
IDBI, EQ, 20-Jan-2026,98.64,98.96,99.34,95.25,95.7,95.46,97.06,12830690,12452.85,43698, 4801900, 37.43,0.3742511119822862,2026-01-20
IDEA, EQ, 20-Jan-2026,10.59,10.6,10.72,10.08,10.14,10.13,10.33,737585409,76156.98,165196, 198986024, 26.98,0.2697803150278967,2026-01-20
IDEAFORGE, EQ, 20-Jan-2026,445.3,447.0,447.0,421.0,425.5,423.25,432.17,250202,1081.31,8896, 100494, 40.17,0.40165146561578247,2026-01-20
IDFCFIRSTB, EQ, 20-Jan-2026,83.12,83.12,83.48,81.74,81.87,82.09,82.22,18694090,15370.24,79208, 9729875, 52.05,0.5204786646474902,2026-01-20
IDFNIFTYET, EQ, 20-Jan-2026,280.9,282.3,282.3,276.71,277.0,277.62,278.88,5769,16.09,118, 3588, 62.19,0.6219448777951118,2026-01-20
IEX, EQ, 20-Jan-2026,137.0,136.5,136.99,129.73,130.69,130.29,132.58,18921695,25086.87,111220, 4900562, 25.90,0.25899170238184266,2026-01-20
IFBAGRO, EQ, 20-Jan-2026,1472.6,1498.0,1546.2,1411.3,1472.1,1443.0,1491.8,32845,489.98,3723, 12288, 37.41,0.37412087075658396,2026-01-20
IFBIND, EQ, 20-Jan-2026,1383.2,1383.3,1407.1,1370.0,1370.2,1379.3,1381.22,43900,606.36,3788, 30790, 70.14,0.701366742596811,2026-01-20
IFCI, EQ, 20-Jan-2026,62.17,62.0,62.0,57.1,57.5,57.62,59.31,71942825,42670.73,136671, 10792304, 15.00,0.15001223541054998,2026-01-20
IFGLEXPOR, EQ, 20-Jan-2026,192.11,188.31,190.86,176.61,178.99,180.27,183.83,35989,66.16,1142, 19935, 55.39,0.5539192531051155,2026-01-20
IGARASHI, EQ, 20-Jan-2026,374.4,370.1,373.15,360.0,362.0,361.45,366.67,47423,173.89,2820, 18442, 38.89,0.3888830314404403,2026-01-20
IGCL, EQ, 20-Jan-2026,71.47,71.23,71.25,67.4,68.0,67.89,69.05,162799,112.42,1597, 127646, 78.41,0.7840711552282262,2026-01-20
IGIL, EQ, 20-Jan-2026,311.3,310.0,310.05,295.3,301.0,298.6,302.9,381016,1154.1,13912, 188690, 49.52,0.4952285468326789,2026-01-20
IGL, EQ, 20-Jan-2026,179.82,180.0,180.5,176.0,176.2,176.53,177.75,1295924,2303.48,38375, 687031, 53.01,0.5301476012482214,2026-01-20
IGPL, EQ, 20-Jan-2026,372.2,369.75,373.95,355.0,365.05,359.3,365.25,16748,61.17,1006, 10539, 62.93,0.629269166467638,2026-01-20
IIFL, EQ, 20-Jan-2026,651.8,653.0,654.05,627.5,628.95,630.6,638.14,2171713,13858.52,48647, 790600, 36.40,0.3640444202341654,2026-01-20
IIFLCAPS, EQ, 20-Jan-2026,364.25,364.75,365.0,346.2,355.0,348.15,354.13,671313,2377.33,17866, 309920, 46.17,0.46166244359933445,2026-01-20
IITL, EQ, 20-Jan-2026,147.13,147.14,148.0,140.0,140.15,143.25,146.1,9044,13.21,119, 477, 5.27,0.0527421494913755,2026-01-20
IKIO, EQ, 20-Jan-2026,163.07,166.5,166.5,153.46,157.0,156.39,158.32,76988,121.88,2762, 42362, 55.02,0.5502415960928976,2026-01-20
IKS, EQ, 20-Jan-2026,1690.4,1687.0,1699.0,1672.0,1689.9,1685.2,1686.31,97926,1651.33,11529, 61164, 62.46,0.6245940812450218,2026-01-20
IL&FSENGG, BZ, 20-Jan-2026,25.4,25.0,26.0,24.4,24.5,24.54,24.53,20603,5.05,41, -, -,,2026-01-20
IL&FSTRANS, BZ, 20-Jan-2026,2.73,2.7,2.78,2.68,2.7,2.69,2.7,104937,2.84,80, -, -,,2026-01-20
IMAGICAA, EQ, 20-Jan-2026,52.77,52.64,52.67,50.99,51.6,51.56,51.41,976235,501.91,3774, 684770, 70.14,0.701439714822763,2026-01-20
IMFA, EQ, 20-Jan-2026,1127.6,1125.0,1155.0,1084.0,1085.0,1091.0,1115.4,288510,3218.05,27170, 120685, 41.83,0.4183043915288898,2026-01-20
IMPAL, EQ, 20-Jan-2026,1007.4,1017.0,1017.0,991.1,998.0,1002.9,1004.78,1891,19.0,355, 1239, 65.52,0.6552088841882602,2026-01-20
IMPEXFERRO, BZ, 20-Jan-2026,1.75,1.78,1.78,1.67,1.7,1.73,1.7,11042,0.19,54, -, -,,2026-01-20
INCREDIBLE, EQ, 20-Jan-2026,37.0,37.7,37.7,36.0,36.96,36.1,36.2,5457,1.98,140, 4613, 84.53,0.8453362653472604,2026-01-20
INDBANK, EQ, 20-Jan-2026,36.81,36.8,37.39,34.5,34.5,34.88,35.41,147999,52.41,1425, 93569, 63.22,0.632227244778681,2026-01-20
INDGN, EQ, 20-Jan-2026,477.9,481.25,483.95,471.0,483.95,479.95,477.01,233561,1114.12,15102, 135971, 58.22,0.5821648306009993,2026-01-20
INDHOTEL, EQ, 20-Jan-2026,668.35,670.0,670.45,641.35,642.0,645.5,653.42,3777196,24680.85,71254, 2108993, 55.83,0.5583488386623304,2026-01-20
INDIACEM, EQ, 20-Jan-2026,469.15,471.0,472.25,457.0,461.0,459.4,465.73,378840,1764.38,15044, 109215, 28.83,0.2882879315806145,2026-01-20
INDIAGLYCO, EQ, 20-Jan-2026,919.7,919.7,927.8,868.0,876.0,872.0,889.77,161616,1438.0,8415, 93588, 57.91,0.5790763290763291,2026-01-20
INDIAMART, EQ, 20-Jan-2026,2194.4,2177.0,2185.3,2132.1,2142.5,2141.8,2157.27,72278,1559.23,10824, 33650, 46.56,0.46556351863637624,2026-01-20
INDIANB, EQ, 20-Jan-2026,858.7,862.0,869.35,844.0,847.0,846.6,854.52,1230157,10511.97,43669, 355121, 28.87,0.28867941246523815,2026-01-20
INDIANCARD, EQ, 20-Jan-2026,230.0,231.16,231.16,221.25,222.75,221.98,224.83,6012,13.52,252, 5121, 85.18,0.8517964071856288,2026-01-20
INDIANHUME, EQ, 20-Jan-2026,384.85,381.7,384.0,365.35,370.0,368.55,374.83,29616,111.01,1464, 17361, 58.62,0.5862034035656402,2026-01-20
INDIASHLTR, EQ, 20-Jan-2026,760.75,759.85,771.3,750.1,759.0,758.5,760.43,197345,1500.67,13724, 105894, 53.66,0.5365932757353873,2026-01-20
INDIGO, EQ, 20-Jan-2026,4941.5,4941.5,4941.5,4775.0,4795.0,4790.0,4836.47,681597,32965.25,72175, 289857, 42.53,0.42526155484839284,2026-01-20
INDIGOPNTS, EQ, 20-Jan-2026,1161.0,1161.0,1161.0,1126.0,1144.0,1139.6,1138.3,54321,618.33,7616, 27141, 49.96,0.49964102280885847,2026-01-20
INDIQUBE, EQ, 20-Jan-2026,197.97,197.97,197.97,192.0,193.0,192.81,194.13,11971,23.24,503, 8905, 74.39,0.7438810458608304,2026-01-20
INDNIPPON, EQ, 20-Jan-2026,738.5,734.0,740.45,715.45,716.7,717.8,725.42,17801,129.13,2107, 9017, 50.65,0.5065445761474074,2026-01-20
INDOAMIN, EQ, 20-Jan-2026,120.62,121.2,121.2,115.1,115.25,115.97,117.38,47860,56.18,1331, 29307, 61.23,0.6123485165064773,2026-01-20
INDOBORAX, EQ, 20-Jan-2026,244.9,243.15,247.9,243.15,244.0,243.8,244.52,109947,268.84,737, 94300, 85.77,0.8576859759702402,2026-01-20
INDOCO, EQ, 20-Jan-2026,213.73,211.0,215.0,207.55,209.8,208.42,211.19,28632,60.47,1369, 19302, 67.41,0.674140821458508,2026-01-20
INDOFARM, EQ, 20-Jan-2026,175.12,175.0,175.0,164.02,166.8,165.13,168.07,150563,253.05,4174, 67277, 44.68,0.4468362080989353,2026-01-20
INDORAMA, EQ, 20-Jan-2026,41.52,42.35,42.35,37.56,37.56,38.8,39.51,193824,76.59,1521, 144329, 74.46,0.744639466732706,2026-01-20
INDOSTAR, EQ, 20-Jan-2026,225.77,226.0,226.55,208.25,219.2,217.92,220.63,379628,837.57,4019, 289803, 76.34,0.7633867891725584,2026-01-20
INDOTECH, EQ, 20-Jan-2026,1388.0,1388.0,1408.5,1305.2,1315.0,1318.7,1348.43,32852,442.99,2998, 22277, 67.81,0.6781017898453671,2026-01-20
INDOTHAI, EQ, 20-Jan-2026,269.15,271.0,278.0,263.8,277.5,275.15,271.48,1041825,2828.36,8076, 552283, 53.01,0.5301111031123269,2026-01-20
INDOUS, EQ, 20-Jan-2026,112.45,115.44,115.44,106.17,108.8,108.46,109.76,16752,18.39,994, 9273, 55.35,0.5535458452722063,2026-01-20
INDOWIND, EQ, 20-Jan-2026,14.7,15.0,15.56,13.36,13.9,13.83,14.55,1321208,192.26,2982, 409482, 30.99,0.30993000345138694,2026-01-20
INDRAMEDCO, EQ, 20-Jan-2026,400.0,400.15,400.4,383.5,389.0,385.75,391.27,176684,691.31,6199, 110973, 62.81,0.6280874329311087,2026-01-20
INDSWFTLAB, EQ, 20-Jan-2026,111.44,110.55,113.66,106.5,106.5,107.42,109.71,243265,266.88,2579, 115662, 47.55,0.47545680636343085,2026-01-20
INDTERRAIN, EQ, 20-Jan-2026,31.2,31.51,32.3,31.01,31.01,31.02,31.26,30999,9.69,211, 27913, 90.04,0.9004484015613407,2026-01-20
INDUSINDBK, EQ, 20-Jan-2026,949.8,946.0,948.0,899.05,905.15,905.15,917.21,6701234,61464.09,88099, 3326658, 49.64,0.4964246883484445,2026-01-20
INDUSTOWER, EQ, 20-Jan-2026,428.4,427.0,427.75,412.7,415.0,414.55,419.62,5559575,23329.03,67691, 3082050, 55.44,0.5543679148136323,2026-01-20
INFIBEAM, EQ, 20-Jan-2026,15.5,15.41,15.47,15.2,15.26,15.33,15.37,7305944,1122.57,12096, 3713767, 50.83,0.5083213065963823,2026-01-20
INFOBEAN, EQ, 20-Jan-2026,801.35,819.25,878.9,796.0,856.85,860.0,851.74,1354652,11538.06,51235, 137997, 10.19,0.10186896708527356,2026-01-20
INFOMEDIA, EQ, 20-Jan-2026,5.96,5.75,6.05,5.67,5.93,5.76,5.81,7630,0.44,52, 7391, 96.87,0.9686762778505897,2026-01-20
INFRABEES, EQ, 20-Jan-2026,947.18,947.17,948.28,924.46,934.88,929.04,935.55,28228,264.09,1615, 18960, 67.17,0.6716735156582117,2026-01-20
INFRAIETF, EQ, 20-Jan-2026,94.27,94.59,94.59,92.14,92.14,92.47,92.64,1082817,1003.1,8705, 951499, 87.87,0.878725583362655,2026-01-20
INFY, EQ, 20-Jan-2026,1681.2,1673.0,1680.2,1652.9,1654.4,1658.9,1664.2,6406503,106617.24,190297, 3375861, 52.69,0.5269428579054751,2026-01-20
INGERRAND, EQ, 20-Jan-2026,3225.6,3216.7,3216.8,3144.6,3175.0,3180.3,3176.29,10097,320.71,4240, 5106, 50.57,0.5056947608200456,2026-01-20
INNOVACAP, EQ, 20-Jan-2026,644.75,632.65,667.7,629.1,660.0,652.75,644.05,146236,941.83,8028, 41147, 28.14,0.28137394348860745,2026-01-20
INNOVANA, EQ, 20-Jan-2026,375.15,380.25,384.15,343.0,380.0,373.9,358.27,7995,28.64,533, 4516, 56.49,0.5648530331457161,2026-01-20
INOXGREEN, EQ, 20-Jan-2026,182.43,184.0,184.1,171.72,173.43,172.65,177.86,847795,1507.92,12584, 469821, 55.42,0.5541681656532534,2026-01-20
INOXINDIA, EQ, 20-Jan-2026,1124.2,1115.0,1119.7,1089.1,1098.6,1096.6,1101.06,44805,493.33,7967, 23612, 52.70,0.5269947550496596,2026-01-20
INOXWIND, EQ, 20-Jan-2026,111.74,111.69,111.69,107.01,108.1,108.08,109.11,14028642,15306.54,59622, 5310553, 37.86,0.37855075352268597,2026-01-20
INSECTICID, EQ, 20-Jan-2026,650.95,649.0,650.95,622.55,629.9,627.7,639.38,29374,187.81,2125, 16058, 54.67,0.5466739293252536,2026-01-20
INSPIRISYS, EQ, 20-Jan-2026,83.23,83.41,83.89,82.1,82.11,82.11,82.92,4625,3.84,54, 3895, 84.22,0.8421621621621621,2026-01-20
INTELLECT, EQ, 20-Jan-2026,900.7,905.0,911.0,883.05,902.0,905.55,899.93,385058,3465.24,27095, 144677, 37.57,0.3757278124334516,2026-01-20
INTENTECH, EQ, 20-Jan-2026,113.06,112.51,112.7,101.76,101.76,102.07,105.3,129334,136.19,1542, 78975, 61.06,0.6106282957304344,2026-01-20
INTERARCH, EQ, 20-Jan-2026,2000.3,2010.0,2010.0,1920.0,1940.0,1931.5,1950.98,107637,2099.98,10829, 51387, 47.74,0.4774101842303297,2026-01-20
INTERNET, EQ, 20-Jan-2026,13.55,13.54,13.54,13.17,13.22,13.2,13.32,104294,13.89,526, 89887, 86.19,0.8618616603064414,2026-01-20
INTLCONV, EQ, 20-Jan-2026,80.51,82.6,83.6,77.2,78.0,78.21,81.17,218230,177.14,3258, 134854, 61.79,0.6179443706181551,2026-01-20
INVENTURE, EQ, 20-Jan-2026,1.11,1.1,1.12,1.08,1.09,1.08,1.1,1095902,12.05,895, 1027647, 93.77,0.9377179711324553,2026-01-20
IOB, EQ, 20-Jan-2026,35.39,35.39,35.44,34.5,34.7,34.64,34.97,6613162,2312.7,22407, 2679527, 40.52,0.40518091043286103,2026-01-20
IOC, EQ, 20-Jan-2026,160.9,160.9,161.35,158.0,158.4,158.43,159.04,10243937,16291.55,69411, 5571750, 54.39,0.5439070935324963,2026-01-20
IOLCP, EQ, 20-Jan-2026,74.52,75.0,75.05,71.2,71.25,71.54,72.87,641625,467.55,8124, 307337, 47.90,0.47899785700370157,2026-01-20
IONEXCHANG, EQ, 20-Jan-2026,349.65,350.0,366.8,349.65,357.0,358.4,359.43,510602,1835.28,24487, 143758, 28.15,0.2815460965683644,2026-01-20
IPCALAB, EQ, 20-Jan-2026,1487.2,1475.0,1501.0,1468.0,1478.9,1479.7,1484.48,136112,2020.55,14002, 58480, 42.96,0.42964617373927355,2026-01-20
IPL, EQ, 20-Jan-2026,160.94,160.94,160.94,154.0,154.0,155.07,156.8,179764,281.86,3629, 94033, 52.31,0.5230913864845019,2026-01-20
IRB, EQ, 20-Jan-2026,41.15,40.92,41.09,40.2,40.3,40.31,40.62,8065933,3276.54,38272, 3539401, 43.88,0.4388086288343828,2026-01-20
IRCON, EQ, 20-Jan-2026,160.77,160.77,161.2,154.61,156.2,155.47,157.46,3495544,5504.21,42119, 997879, 28.55,0.2854717320108115,2026-01-20
IRCTC, EQ, 20-Jan-2026,632.1,632.0,632.0,611.2,613.9,613.15,620.7,1509221,9367.66,43073, 561376, 37.20,0.37196407948206395,2026-01-20
IREDA, EQ, 20-Jan-2026,134.59,134.41,134.81,129.45,130.3,129.94,131.48,11729376,15422.04,77063, 3726755, 31.77,0.31772832587172584,2026-01-20
IRFC, EQ, 20-Jan-2026,120.9,121.45,121.45,115.49,116.4,116.13,117.32,33802202,39656.45,153205, 8194807, 24.24,0.24243411716195293,2026-01-20
IRIS, EQ, 20-Jan-2026,285.25,286.2,289.3,268.85,271.0,274.0,282.0,64421,181.67,859, 55697, 86.46,0.8645783207339222,2026-01-20
IRISDOREME, EQ, 20-Jan-2026,32.39,32.5,32.77,30.2,30.26,31.65,32.07,463548,148.66,967, 83938, 18.11,0.18107725629276797,2026-01-20
IRMENERGY, EQ, 20-Jan-2026,250.65,251.0,257.45,241.55,243.65,242.9,246.01,64833,159.49,3320, 30330, 46.78,0.4678173152561196,2026-01-20
ISFT, EQ, 20-Jan-2026,93.12,93.0,95.0,92.1,92.12,92.12,93.32,24635,22.99,260, 19143, 77.71,0.7770651512076314,2026-01-20
ISGEC, EQ, 20-Jan-2026,757.55,757.55,776.8,729.0,732.5,733.8,744.69,65581,488.38,7403, 28714, 43.78,0.43784022811485035,2026-01-20
ISHANCH, EQ, 20-Jan-2026,63.03,62.25,64.0,60.12,60.12,60.6,61.79,6878,4.25,108, 4182, 60.80,0.6080255888339634,2026-01-20
IT, EQ, 20-Jan-2026,42.76,42.98,42.98,41.75,41.85,41.81,42.1,158598,66.77,1017, 120062, 75.70,0.7570208955976746,2026-01-20
ITADD, EQ, 20-Jan-2026,40.81,40.75,40.75,40.02,40.09,40.05,40.27,29747,11.98,131, 25267, 84.94,0.8493965778061653,2026-01-20
ITBEES, EQ, 20-Jan-2026,42.86,42.43,43.93,41.88,42.0,41.97,42.21,8285841,3497.14,21326, 5633578, 67.99,0.679904188361809,2026-01-20
ITBETA, EQ, 20-Jan-2026,403.1,405.11,405.11,397.97,402.35,400.58,400.52,1307,5.23,40, 687, 52.56,0.5256312165263963,2026-01-20
ITC, EQ, 20-Jan-2026,333.2,334.05,334.5,325.5,326.15,326.3,329.59,18771011,61866.67,224010, 11260957, 59.99,0.5999121198107017,2026-01-20
ITCHOTELS, EQ, 20-Jan-2026,185.26,186.65,186.65,177.85,178.5,179.59,182.2,8022194,14616.19,91601, 3586032, 44.70,0.44701387176625246,2026-01-20
ITDC, EQ, 20-Jan-2026,551.35,554.8,555.0,535.25,539.2,538.4,546.85,16552,90.51,1243, 8442, 51.00,0.5100289995166747,2026-01-20
ITETF, EQ, 20-Jan-2026,40.9,40.91,40.91,39.93,39.99,40.0,40.25,250562,100.85,2558, 142921, 57.04,0.570401736895459,2026-01-20
ITI, EQ, 20-Jan-2026,297.6,297.0,300.7,289.0,290.5,290.55,293.56,617105,1811.56,14159, 143478, 23.25,0.23250176226087943,2026-01-20
ITIETF, EQ, 20-Jan-2026,42.82,42.93,42.94,41.87,41.92,41.95,42.19,308698,130.24,2770, 179836, 58.26,0.5825628931836293,2026-01-20
IVALUE, EQ, 20-Jan-2026,247.75,245.4,245.8,232.35,234.9,234.3,238.93,192031,458.83,9713, 118066, 61.48,0.6148278142591561,2026-01-20
IVC, EQ, 20-Jan-2026,7.92,7.92,7.96,7.72,7.72,7.76,7.82,264865,20.71,1259, 230987, 87.21,0.8720933305646272,2026-01-20
IVP, EQ, 20-Jan-2026,144.67,145.9,145.9,136.0,138.0,137.58,139.1,16757,23.31,238, 12404, 74.02,0.7402279644327744,2026-01-20
IVZINGOLD, EQ, 20-Jan-2026,12593.25,12750.0,13269.9,12636.1,12806.05,12871.2,12829.86,2975,381.69,487, 1475, 49.58,0.4957983193277311,2026-01-20
IVZINNIFTY, EQ, 20-Jan-2026,2921.8,2909.13,2909.13,2871.84,2871.84,2884.42,2898.52,79,2.29,13, 79, 100.00,1.0,2026-01-20
IXIGO, EQ, 20-Jan-2026,225.35,225.35,229.8,222.35,226.0,226.95,225.89,2196138,4960.93,26554, 1473067, 67.08,0.670753386171543,2026-01-20
IZMO, EQ, 20-Jan-2026,689.55,671.0,688.0,649.5,661.4,657.25,668.81,85336,570.73,4794, 46470, 54.46,0.5445532952095247,2026-01-20
J&KBANK, EQ, 20-Jan-2026,102.8,102.8,103.57,98.5,100.8,98.92,101.6,4323601,4392.92,26734, 2165159, 50.08,0.5007767830565308,2026-01-20
JAGRAN, EQ, 20-Jan-2026,68.47,69.0,69.0,66.94,67.0,67.0,67.54,236577,159.79,3113, 184926, 78.17,0.7816736200053259,2026-01-20
JAGSNPHARM, EQ, 20-Jan-2026,174.46,172.0,176.2,169.15,171.99,172.17,171.94,48826,83.95,2033, 28971, 59.34,0.5933519026748044,2026-01-20
JAIBALAJI, EQ, 20-Jan-2026,71.88,71.5,71.85,67.11,68.99,68.4,69.37,1668417,1157.35,14234, 452968, 27.15,0.271495675241861,2026-01-20
JAICORPLTD, EQ, 20-Jan-2026,117.84,117.84,119.11,111.8,112.28,112.51,114.76,500410,574.26,7412, 162264, 32.43,0.32426210507383946,2026-01-20
JAINREC, EQ, 20-Jan-2026,399.05,399.0,404.85,385.95,387.9,393.4,393.83,1052206,4143.89,31039, 314298, 29.87,0.2987038659730129,2026-01-20
JAIPURKURT, EQ, 20-Jan-2026,38.3,38.0,38.4,35.41,36.01,36.08,36.55,35882,13.11,313, 23924, 66.67,0.6667409843375509,2026-01-20
JAMNAAUTO, EQ, 20-Jan-2026,122.26,124.0,124.0,116.2,118.0,116.99,120.44,1991549,2398.56,14703, 677290, 34.01,0.3400820165609784,2026-01-20
JARO, EQ, 20-Jan-2026,461.5,457.25,491.5,445.95,470.0,468.15,473.77,1257071,5955.67,37778, 98637, 7.85,0.07846573503008183,2026-01-20
JASH, EQ, 20-Jan-2026,394.65,390.2,392.6,365.05,371.85,369.25,375.01,180793,678.0,8374, 107727, 59.59,0.5958582467241541,2026-01-20
JAYAGROGN, EQ, 20-Jan-2026,187.45,187.45,188.78,176.5,178.0,177.06,182.06,10510,19.13,636, 7842, 74.61,0.7461465271170314,2026-01-20
JAYBARMARU, EQ, 20-Jan-2026,91.07,91.53,92.29,87.51,87.77,87.74,89.03,116718,103.91,1435, 74464, 63.80,0.6379821449990576,2026-01-20
JAYKAY, EQ, 20-Jan-2026,166.4,164.5,167.0,155.05,156.8,156.15,159.48,194301,309.86,3859, 110981, 57.12,0.5711807968049573,2026-01-20
JAYNECOIND, EQ, 20-Jan-2026,78.65,78.35,79.57,72.12,74.8,74.24,75.0,11920699,8940.76,40240, 5163211, 43.31,0.43312988609141123,2026-01-20
JAYSREETEA, EQ, 20-Jan-2026,82.85,82.21,84.47,81.79,83.15,82.85,83.07,24911,20.69,499, 16980, 68.16,0.6816265906627594,2026-01-20
JBCHEPHARM, EQ, 20-Jan-2026,1926.7,1923.0,1925.6,1876.9,1884.2,1884.3,1898.08,143213,2718.3,10150, 65461, 45.71,0.45708839281350155,2026-01-20
JBMA, EQ, 20-Jan-2026,586.8,586.0,588.1,553.65,562.95,562.65,573.27,495585,2841.03,24126, 135136, 27.27,0.2726797623011189,2026-01-20
JETFREIGHT, BE, 20-Jan-2026,16.47,16.35,16.49,15.92,16.16,16.09,16.28,99766,16.24,123, -, -,,2026-01-20
JGCHEM, EQ, 20-Jan-2026,334.0,334.15,335.4,318.4,329.0,321.8,325.17,44770,145.58,2268, 22728, 50.77,0.5076613803886532,2026-01-20
JHS, EQ, 20-Jan-2026,9.9,9.65,10.08,9.31,9.31,9.42,9.53,102381,9.75,454, 75283, 73.53,0.7353219835711704,2026-01-20
JINDALPHOT, EQ, 20-Jan-2026,1357.8,1330.1,1381.7,1300.0,1309.0,1308.9,1332.83,8175,108.96,1597, 3093, 37.83,0.378348623853211,2026-01-20
JINDALPOLY, EQ, 20-Jan-2026,395.35,395.35,395.35,378.0,381.9,380.35,384.51,42442,163.19,2310, 18769, 44.22,0.4422270392535696,2026-01-20
JINDALSAW, EQ, 20-Jan-2026,179.29,179.0,189.95,179.0,186.0,186.8,185.68,65747863,122082.07,282757, 6140552, 9.34,0.09339546138556624,2026-01-20
JINDALSTEL, EQ, 20-Jan-2026,1055.6,1053.5,1063.8,1034.0,1039.8,1039.8,1050.74,1518491,15955.45,33115, 639214, 42.10,0.4209534333756341,2026-01-20
JINDRILL, EQ, 20-Jan-2026,517.1,516.0,523.0,499.25,508.5,507.15,510.54,129225,659.75,5590, 58752, 45.46,0.454648868253047,2026-01-20
JINDWORLD, EQ, 20-Jan-2026,26.38,26.02,26.38,24.62,25.04,24.95,25.37,640508,162.51,4247, 301070, 47.00,0.4700487737858075,2026-01-20
JIOFIN, EQ, 20-Jan-2026,275.65,275.1,276.45,263.2,265.4,265.5,269.72,18750739,50575.26,165457, 7605176, 40.56,0.40559340087876006,2026-01-20
JISLDVREQS, EQ, 20-Jan-2026,26.79,27.48,27.48,26.0,26.01,26.37,26.51,9828,2.61,187, 6993, 71.15,0.7115384615384616,2026-01-20
JISLJALEQS, EQ, 20-Jan-2026,37.54,37.55,37.58,35.66,35.86,35.85,36.46,2464997,898.73,6334, 1453116, 58.95,0.5895001089250819,2026-01-20
JITFINFRA, EQ, 20-Jan-2026,265.8,265.5,266.65,246.1,248.65,250.3,256.33,30788,78.92,1004, 21387, 69.47,0.6946537612056646,2026-01-20
JKCEMENT, EQ, 20-Jan-2026,5785.0,5840.0,6105.0,5785.0,5840.5,5891.5,5964.77,546446,32594.24,82225, 113064, 20.69,0.20690791038821768,2026-01-20
JKIL, EQ, 20-Jan-2026,551.05,546.0,556.3,545.2,545.2,550.5,551.53,87867,484.61,6197, 54574, 62.11,0.6210977955318834,2026-01-20
JKIPL, EQ, 20-Jan-2026,82.85,83.8,84.0,80.08,83.9,82.86,81.76,42486,34.74,1100, 26109, 61.45,0.6145318457844937,2026-01-20
JKLAKSHMI, EQ, 20-Jan-2026,783.8,783.8,795.95,776.75,795.95,792.8,784.36,479634,3762.04,15677, 387684, 80.83,0.8082913221331265,2026-01-20
JKPAPER, EQ, 20-Jan-2026,336.5,337.7,338.0,325.5,329.35,327.95,329.58,236079,778.06,7289, 128814, 54.56,0.5456393834267342,2026-01-20
JKTYRE, EQ, 20-Jan-2026,506.65,510.45,516.95,488.7,500.05,499.95,502.44,1415073,7109.86,37615, 580695, 41.04,0.4103639882889434,2026-01-20
JLHL, EQ, 20-Jan-2026,1335.7,1323.3,1348.9,1316.2,1338.0,1338.4,1337.92,42243,565.18,4689, 21553, 51.02,0.5102147101294889,2026-01-20
JMA, EQ, 20-Jan-2026,72.77,72.1,73.95,70.25,72.2,72.04,72.12,8432,6.08,193, 7467, 88.56,0.885555028462998,2026-01-20
JMFINANCIL, EQ, 20-Jan-2026,134.67,134.9,134.91,128.31,129.0,128.84,131.0,2723070,3567.1,29586, 1114090, 40.91,0.40913013620656097,2026-01-20
JNKINDIA, EQ, 20-Jan-2026,214.1,212.95,213.6,207.5,209.0,208.85,209.23,70833,148.21,2446, 32878, 46.42,0.46416218429263195,2026-01-20
JOCIL, EQ, 20-Jan-2026,135.79,138.85,138.85,127.5,133.0,132.1,132.04,2086,2.75,201, 1381, 66.20,0.662032598274209,2026-01-20
JPOLYINVST, EQ, 20-Jan-2026,928.6,925.1,929.4,875.0,889.0,884.9,898.36,5121,46.01,737, 3203, 62.55,0.6254637766061316,2026-01-20
JPPOWER, EQ, 20-Jan-2026,15.8,15.74,16.08,15.31,15.47,15.39,15.7,53334253,8373.27,44330, 14205925, 26.64,0.26635650076508993,2026-01-20
JSFB, EQ, 20-Jan-2026,394.9,395.0,395.05,375.0,383.0,377.5,384.43,270255,1038.95,13387, 150905, 55.84,0.5583800484727387,2026-01-20
JSL, EQ, 20-Jan-2026,804.25,804.25,811.7,753.3,755.0,759.5,776.93,784258,6093.13,43193, 472120, 60.20,0.6019957717995864,2026-01-20
JSLL, EQ, 20-Jan-2026,713.8,725.0,726.8,655.1,669.7,675.25,700.77,447693,3137.28,18903, 305146, 68.16,0.6815965404864495,2026-01-20
JSWCEMENT, EQ, 20-Jan-2026,120.65,120.01,121.3,117.45,119.02,118.65,119.07,4233292,5040.43,52628, 2636763, 62.29,0.6228634830765277,2026-01-20
JSWENERGY, EQ, 20-Jan-2026,486.35,486.35,487.75,476.05,480.0,479.1,482.81,1392651,6723.86,27061, 510814, 36.68,0.36679254170642894,2026-01-20
JSWHL, EQ, 20-Jan-2026,17340.0,17340.0,17520.0,16755.0,17000.0,16865.0,17085.6,1638,279.86,950, 786, 47.99,0.47985347985347987,2026-01-20
JSWINFRA, EQ, 20-Jan-2026,272.75,272.7,275.05,266.55,269.6,267.9,270.59,2153670,5827.61,32090, 1001571, 46.51,0.46505314184624386,2026-01-20
JSWSTEEL, EQ, 20-Jan-2026,1184.1,1188.0,1195.0,1156.5,1161.6,1160.0,1172.65,1106893,12979.98,49059, 502358, 45.38,0.4538451322756581,2026-01-20
JTEKTINDIA, EQ, 20-Jan-2026,142.04,142.04,142.99,137.02,138.95,137.81,139.12,65800,91.54,1751, 37929, 57.64,0.5764285714285714,2026-01-20
JTLIND, EQ, 20-Jan-2026,76.24,75.54,76.5,69.51,70.45,72.99,73.7,15872718,11697.5,36346, 2686494, 16.93,0.1692522981886278,2026-01-20
JUBLCPL, EQ, 20-Jan-2026,2062.9,2062.9,2069.6,1953.9,1980.8,1994.8,2019.9,10068,203.36,1681, 6153, 61.11,0.6111442193087009,2026-01-20
JUBLFOOD, EQ, 20-Jan-2026,517.3,517.3,519.35,503.8,504.05,506.8,509.33,2031428,10346.77,67924, 1146620, 56.44,0.5644403838088281,2026-01-20
JUBLINGREA, EQ, 20-Jan-2026,685.1,686.95,688.6,658.25,669.8,670.65,672.62,159537,1073.08,14928, 77448, 48.55,0.48545478478346715,2026-01-20
JUBLPHARMA, EQ, 20-Jan-2026,994.5,994.0,996.0,944.6,944.6,950.8,965.98,192220,1856.8,16217, 96357, 50.13,0.5012849859535948,2026-01-20
JUNIORBEES, EQ, 20-Jan-2026,738.63,738.63,741.15,720.01,726.95,722.64,728.01,781740,5691.18,23765, 594695, 76.07,0.7607324685956968,2026-01-20
JUNIPER, EQ, 20-Jan-2026,242.3,240.85,245.85,233.0,235.0,234.75,239.91,50313,120.71,2936, 22995, 45.70,0.45703893625901854,2026-01-20
JUSTDIAL, EQ, 20-Jan-2026,708.5,708.5,708.95,696.8,705.1,705.1,703.87,154806,1089.63,7581, 85492, 55.23,0.5522524966732556,2026-01-20
JWL, EQ, 20-Jan-2026,317.8,319.0,324.5,306.45,309.5,309.2,314.7,5184570,16316.01,56195, 570680, 11.01,0.11007277363407188,2026-01-20
JYOTHYLAB, EQ, 20-Jan-2026,252.7,252.7,253.0,246.0,248.0,247.8,248.68,837336,2082.25,38347, 588495, 70.28,0.7028182235088424,2026-01-20
JYOTICNC, EQ, 20-Jan-2026,916.3,919.7,928.8,823.5,848.35,845.5,867.77,798055,6925.32,49023, 334924, 41.97,0.41967533565982296,2026-01-20
JYOTISTRUC, EQ, 20-Jan-2026,8.59,8.59,8.65,8.04,8.25,8.19,8.35,5735243,478.97,5539, 2491024, 43.43,0.4343362609047254,2026-01-20
KABRAEXTRU, EQ, 20-Jan-2026,194.54,193.03,194.71,180.0,181.98,182.58,186.44,34259,63.87,1198, 22042, 64.34,0.6433929770279343,2026-01-20
KAJARIACER, EQ, 20-Jan-2026,992.8,991.0,991.05,965.6,972.8,972.0,976.96,160904,1571.96,16413, 97613, 60.67,0.6066536568388604,2026-01-20
KAKATCEM, EQ, 20-Jan-2026,117.18,116.7,119.94,113.25,117.0,115.77,116.43,2887,3.36,101, 1958, 67.82,0.6782126775199169,2026-01-20
KALAMANDIR, EQ, 20-Jan-2026,128.21,122.12,124.0,118.1,119.25,119.13,121.36,2401466,2914.31,25301, 583995, 24.32,0.24318270589714783,2026-01-20
KALPATARU, EQ, 20-Jan-2026,351.85,345.15,353.6,337.0,339.35,338.5,342.55,37245,127.58,2158, 23367, 62.74,0.6273862263391059,2026-01-20
KALYANIFRG, EQ, 20-Jan-2026,562.95,573.95,583.0,545.0,559.0,550.0,561.0,2351,13.19,206, 1754, 74.61,0.7460655040408337,2026-01-20
KALYANKJIL, EQ, 20-Jan-2026,458.85,462.0,465.4,449.2,452.95,451.45,457.83,5444055,24924.25,59668, 1319001, 24.23,0.24228282043440047,2026-01-20
KAMATHOTEL, EQ, 20-Jan-2026,221.33,222.01,222.13,216.0,217.0,216.71,218.43,32670,71.36,689, 22756, 69.65,0.696541169268442,2026-01-20
KAMDHENU, EQ, 20-Jan-2026,22.36,22.26,22.31,21.7,21.8,21.85,21.96,681764,149.74,2291, 415626, 60.96,0.6096332455219108,2026-01-20
KAMOPAINTS, EQ, 20-Jan-2026,6.17,6.2,6.35,5.8,5.88,5.86,6.08,2573209,156.56,2558, 752404, 29.24,0.2923991016664406,2026-01-20
KANANIIND, EQ, 20-Jan-2026,1.62,1.62,1.63,1.55,1.6,1.58,1.59,230660,3.66,426, 180321, 78.18,0.7817610335558831,2026-01-20
KANORICHEM, EQ, 20-Jan-2026,70.38,70.0,70.9,67.25,67.25,68.27,69.25,14143,9.79,215, 12267, 86.74,0.8673548752032808,2026-01-20
KANPRPLA, EQ, 20-Jan-2026,168.22,167.94,168.64,155.25,155.25,159.97,161.75,10142,16.4,679, 5768, 56.87,0.568724117531059,2026-01-20
KANSAINER, EQ, 20-Jan-2026,232.74,232.0,232.25,225.0,228.49,226.85,227.84,251572,573.18,8738, 129937, 51.65,0.5165002464503203,2026-01-20
KAPSTON, EQ, 20-Jan-2026,329.05,329.7,351.8,329.7,339.0,340.55,341.42,117090,399.77,2806, 60671, 51.82,0.518156973268426,2026-01-20
KARMAENG, EQ, 20-Jan-2026,44.97,44.97,46.79,42.2,42.41,42.57,43.42,8714,3.78,255, 4808, 55.18,0.5517557952719762,2026-01-20
KARURVYSYA, EQ, 20-Jan-2026,266.7,266.7,267.95,257.5,259.6,259.1,262.06,1964180,5147.39,32762, 996321, 50.72,0.5072452626541356,2026-01-20
KAUSHALYA, EQ, 20-Jan-2026,878.55,862.0,875.0,852.3,869.4,859.5,863.62,148,1.28,41, 127, 85.81,0.8581081081081081,2026-01-20
KAVDEFENCE, EQ, 20-Jan-2026,62.84,62.5,63.0,59.7,59.7,59.7,60.8,170245,103.5,2257, 86349, 50.72,0.5072043231812975,2026-01-20
KAYA, EQ, 20-Jan-2026,378.05,370.0,381.8,365.1,365.1,365.75,371.19,5993,22.25,288, 4380, 73.09,0.7308526614383447,2026-01-20
KAYNES, EQ, 20-Jan-2026,3602.5,3604.0,3615.1,3466.5,3489.0,3481.5,3534.64,1261179,44578.11,74771, 254830, 20.21,0.20205696415814092,2026-01-20
KCP, EQ, 20-Jan-2026,168.6,165.85,170.36,163.15,163.3,165.0,166.95,180631,301.55,3466, 87273, 48.32,0.48315626885750507,2026-01-20
KCPSUGIND, EQ, 20-Jan-2026,23.83,24.1,24.1,22.85,23.01,23.01,23.26,109456,25.46,819, 73921, 67.53,0.6753489986844029,2026-01-20
KDDL, EQ, 20-Jan-2026,2188.1,2177.1,2211.9,2170.0,2179.3,2179.5,2185.43,8338,182.22,1631, 5073, 60.84,0.6084192852002879,2026-01-20
KEC, EQ, 20-Jan-2026,689.75,685.65,688.25,657.8,662.35,660.45,672.25,539275,3625.27,30454, 209183, 38.79,0.38789671317973207,2026-01-20
KECL, EQ, 20-Jan-2026,89.05,88.3,89.59,82.52,83.5,83.05,85.11,285550,243.02,3984, 115568, 40.47,0.4047207144107862,2026-01-20
KEEPLEARN, EQ, 20-Jan-2026,2.29,2.34,2.34,2.17,2.25,2.23,2.24,50081,1.12,153, 43824, 87.51,0.8750623989137597,2026-01-20
KEI, EQ, 20-Jan-2026,4318.4,4286.0,4318.4,4050.0,4052.0,4069.9,4142.55,575781,23851.99,61904, 278002, 48.28,0.48282593555535874,2026-01-20
KELLTONTEC, EQ, 20-Jan-2026,16.08,15.95,16.12,14.85,15.29,15.3,15.56,2831732,440.72,7290, 1392132, 49.16,0.49161855712334357,2026-01-20
KERNEX, EQ, 20-Jan-2026,1262.5,1275.5,1296.2,1192.3,1219.0,1207.5,1253.68,502295,6297.15,18874, 157427, 31.34,0.3134154232074777,2026-01-20
KESORAMIND, BE, 20-Jan-2026,10.95,11.39,11.49,11.28,11.49,11.49,11.43,1613501,184.42,1631, -, -,,2026-01-20
KEYFINSERV, EQ, 20-Jan-2026,275.25,300.1,323.95,266.85,271.9,277.2,297.83,57570,171.46,2489, 9989, 17.35,0.17351050894563141,2026-01-20
KFINTECH, EQ, 20-Jan-2026,1035.3,1041.0,1042.0,1001.1,1007.0,1007.8,1022.54,1038730,10621.47,28264, 415873, 40.04,0.40036679406583037,2026-01-20
KHADIM, EQ, 20-Jan-2026,163.32,164.09,167.9,157.35,161.23,160.32,162.71,45200,73.55,1295, 18380, 40.66,0.4066371681415929,2026-01-20
KHAICHEM, EQ, 20-Jan-2026,68.52,68.52,69.9,65.61,65.61,65.99,66.7,138154,92.15,1666, 72774, 52.68,0.5267599924721688,2026-01-20
KHAITANLTD, EQ, 20-Jan-2026,98.04,98.0,98.0,90.1,94.7,90.94,91.59,1833,1.68,102, 1266, 69.07,0.690671031096563,2026-01-20
KHANDSE, EQ, 20-Jan-2026,20.49,20.01,20.5,18.6,19.6,19.28,19.62,7596,1.49,207, 4856, 63.93,0.6392838335966298,2026-01-20
KICL, EQ, 20-Jan-2026,4641.4,4689.0,4703.3,4560.0,4625.0,4600.0,4635.03,3637,168.58,636, 2773, 76.24,0.7624415727247732,2026-01-20
KILITCH, EQ, 20-Jan-2026,338.1,344.0,344.0,320.0,329.75,326.1,332.05,6216,20.64,307, 3924, 63.13,0.6312741312741312,2026-01-20
KIMS, EQ, 20-Jan-2026,611.05,611.9,618.8,609.0,617.0,617.0,613.81,298659,1833.21,16596, 168710, 56.49,0.5648917327118889,2026-01-20
KINGFA, EQ, 20-Jan-2026,4362.1,4333.0,4342.3,4200.0,4311.0,4276.1,4298.52,4057,174.39,1140, 2570, 63.35,0.6334730096130146,2026-01-20
KIOCL, EQ, 20-Jan-2026,361.8,362.5,368.0,340.25,344.2,342.65,352.33,240498,847.36,9777, 69273, 28.80,0.2880398173789387,2026-01-20
KIRIINDUS, EQ, 20-Jan-2026,513.65,513.95,513.95,480.0,482.0,482.1,495.36,1498444,7422.68,22869, 449050, 29.97,0.29967753216002735,2026-01-20
KIRLOSBROS, EQ, 20-Jan-2026,1527.5,1529.9,1580.9,1453.9,1505.0,1475.2,1485.69,113831,1691.18,15146, 41337, 36.31,0.3631436076288533,2026-01-20
KIRLOSENG, EQ, 20-Jan-2026,1131.8,1132.0,1133.3,1086.8,1093.7,1099.0,1103.34,259823,2866.74,21535, 130230, 50.12,0.5012258345104167,2026-01-20
KIRLOSIND, EQ, 20-Jan-2026,3008.6,3017.6,3017.6,2877.3,2877.7,2904.3,2939.4,4902,144.09,1145, 2405, 49.06,0.4906160750713994,2026-01-20
KIRLPNU, EQ, 20-Jan-2026,1115.2,1119.0,1125.0,1088.4,1100.0,1100.1,1098.9,86999,956.03,8175, 45887, 52.74,0.5274428441706227,2026-01-20
KITEX, EQ, 20-Jan-2026,151.29,152.9,152.9,146.0,147.0,146.62,149.13,588204,877.21,5525, 264060, 44.89,0.448925882856968,2026-01-20
KKCL, EQ, 20-Jan-2026,484.65,480.2,480.55,466.0,474.0,468.8,474.2,14056,66.65,851, 7777, 55.33,0.5532868525896414,2026-01-20
KMEW, EQ, 20-Jan-2026,1830.0,1821.0,1875.6,1755.8,1775.4,1770.6,1819.37,195700,3560.51,16725, 32433, 16.57,0.16572815533980584,2026-01-20
KMSUGAR, EQ, 20-Jan-2026,25.94,25.8,25.91,25.11,25.2,25.13,25.39,56659,14.38,478, 48473, 85.55,0.8555216293969184,2026-01-20
KNAGRI, EQ, 20-Jan-2026,173.0,176.18,177.8,161.02,165.0,165.37,171.12,37324,63.87,2145, 15129, 40.53,0.40534240703032903,2026-01-20
KNRCON, EQ, 20-Jan-2026,140.83,140.77,141.29,136.33,137.25,137.26,137.88,1453280,2003.75,24248, 704281, 48.46,0.4846148023780689,2026-01-20
KOHINOOR, EQ, 20-Jan-2026,24.65,24.5,24.5,23.55,24.32,23.87,23.92,82528,19.74,1678, 19747, 23.93,0.23927636680884062,2026-01-20
KOKUYOCMLN, EQ, 20-Jan-2026,85.68,85.71,86.04,81.5,81.63,81.72,83.24,53746,44.74,952, 43420, 80.79,0.807874074349719,2026-01-20
KOLTEPATIL, EQ, 20-Jan-2026,369.9,369.85,370.0,361.0,361.0,363.3,365.72,68424,250.24,2512, 46019, 67.26,0.6725564129545188,2026-01-20
KOPRAN, EQ, 20-Jan-2026,142.66,141.5,142.0,133.1,137.0,135.91,137.1,239232,327.99,3883, 103861, 43.41,0.4341434256286784,2026-01-20
KOTAKBANK, EQ, 20-Jan-2026,426.9,428.0,431.0,422.5,423.8,423.8,427.99,18805991,80488.59,148087, 14016152, 74.53,0.7453024942955678,2026-01-20
KOTARISUG, EQ, 20-Jan-2026,25.99,25.51,26.29,24.8,25.34,25.08,25.48,36015,9.18,522, 24158, 67.08,0.6707760655282521,2026-01-20
KOTHARIPET, EQ, 20-Jan-2026,119.85,119.0,120.38,115.3,118.0,116.9,117.44,30110,35.36,1007, 20498, 68.08,0.6807705081368316,2026-01-20
KOTHARIPRO, EQ, 20-Jan-2026,69.3,71.84,71.84,66.38,66.38,67.88,69.26,5963,4.13,133, 4369, 73.27,0.7326848901559617,2026-01-20
KPEL, EQ, 20-Jan-2026,307.8,309.0,319.9,305.05,310.0,309.6,312.87,350587,1096.87,8615, 119566, 34.10,0.3410451614007365,2026-01-20
KPIGREEN, EQ, 20-Jan-2026,442.5,445.35,456.0,437.15,445.7,442.85,446.36,2146269,9580.19,41009, 405461, 18.89,0.18891434391495196,2026-01-20
KPIL, EQ, 20-Jan-2026,1118.1,1115.5,1139.9,1092.5,1092.5,1100.8,1120.09,262352,2938.57,24655, 136405, 51.99,0.5199312374214795,2026-01-20
KPITTECH, EQ, 20-Jan-2026,1163.1,1168.9,1168.9,1119.8,1130.0,1131.3,1135.42,757504,8600.83,44628, 289634, 38.24,0.3823530964852991,2026-01-20
KPRMILL, EQ, 20-Jan-2026,832.3,832.3,832.3,806.1,808.95,812.85,815.9,132014,1077.1,11467, 52884, 40.06,0.40059387640704774,2026-01-20
KRBL, EQ, 20-Jan-2026,341.05,342.25,343.45,331.1,333.9,332.9,337.4,339401,1145.14,12407, 156867, 46.22,0.4621877955574674,2026-01-20
KREBSBIO, EQ, 20-Jan-2026,63.48,63.48,65.99,58.8,63.66,61.96,62.54,5089,3.18,126, 3206, 63.00,0.6299862448418156,2026-01-20
KRIDHANINF, EQ, 20-Jan-2026,3.88,3.8,3.9,3.61,3.69,3.69,3.75,99585,3.73,215, 88498, 88.87,0.8886679720841493,2026-01-20
KRISHANA, EQ, 20-Jan-2026,481.4,480.5,481.6,465.05,470.2,470.5,472.48,41690,196.98,1404, 27504, 65.97,0.6597265531302471,2026-01-20
KRISHIVAL, EQ, 20-Jan-2026,323.3,323.25,325.4,310.0,320.0,315.75,320.22,9556,30.6,313, 8061, 84.36,0.8435537881958979,2026-01-20
KRISHNADEF, EQ, 20-Jan-2026,902.25,906.8,979.9,870.0,919.0,915.3,942.42,279648,2635.46,13695, 66058, 23.62,0.2362183888316741,2026-01-20
KRITI, EQ, 20-Jan-2026,78.38,78.75,79.9,77.0,78.98,77.46,78.07,25568,19.96,1125, 16417, 64.21,0.6420916770963705,2026-01-20
KRITIKA, EQ, 20-Jan-2026,6.88,6.96,6.96,6.55,6.78,6.7,6.74,179731,12.11,671, 137220, 76.35,0.7634743032643228,2026-01-20
KRITINUT, EQ, 20-Jan-2026,74.25,73.05,74.95,70.0,71.24,70.4,72.37,14639,10.59,372, 9037, 61.73,0.6173235876767539,2026-01-20
KRN, EQ, 20-Jan-2026,693.4,698.7,701.6,632.7,641.85,641.45,661.7,457424,3026.76,20734, 200214, 43.77,0.43769894015180666,2026-01-20
KRONOX, EQ, 20-Jan-2026,127.79,129.69,129.69,121.85,122.0,122.46,124.25,61634,76.58,1351, 34667, 56.25,0.5624655222766655,2026-01-20
KROSS, EQ, 20-Jan-2026,191.37,196.01,198.27,189.05,196.5,195.22,193.88,644089,1248.74,8716, 157009, 24.38,0.2437691064433642,2026-01-20
KRSNAA, EQ, 20-Jan-2026,720.35,720.5,726.6,706.5,716.7,710.2,717.41,57994,416.06,4960, 32513, 56.06,0.5606269614098011,2026-01-20
KRYSTAL, EQ, 20-Jan-2026,611.05,612.0,615.5,610.0,610.0,610.05,611.34,11440,69.94,544, 7203, 62.96,0.6296328671328671,2026-01-20
KSB, EQ, 20-Jan-2026,727.0,732.2,732.2,702.0,702.0,704.3,713.16,35539,253.45,4047, 12508, 35.20,0.3519513773600833,2026-01-20
KSCL, EQ, 20-Jan-2026,851.05,860.55,860.55,815.75,828.0,821.35,832.83,87126,725.61,8435, 49173, 56.44,0.5643895048550376,2026-01-20
KSHINTL, EQ, 20-Jan-2026,358.7,360.35,360.45,348.3,352.0,350.35,352.2,146868,517.27,5707, 55983, 38.12,0.38117901789361874,2026-01-20
KSHITIJPOL, EQ, 20-Jan-2026,2.17,2.05,2.13,2.01,2.06,2.06,2.07,372110,7.72,600, 300458, 80.74,0.8074440353658864,2026-01-20
KSL, EQ, 20-Jan-2026,688.6,688.6,692.25,672.4,676.95,678.6,680.97,41690,283.89,2652, 24818, 59.53,0.5952986327656512,2026-01-20
KSOLVES, EQ, 20-Jan-2026,295.5,296.55,298.0,277.35,292.0,288.3,286.21,95103,272.19,3170, 37341, 39.26,0.3926374562316646,2026-01-20
KSR, BE, 20-Jan-2026,22.94,22.48,24.08,22.1,24.08,24.08,23.78,35716,8.49,138, -, -,,2026-01-20
KTKBANK, EQ, 20-Jan-2026,188.97,189.04,190.55,180.1,182.2,182.12,185.07,1568240,2902.37,34144, 748699, 47.74,0.47741353364280975,2026-01-20
KUANTUM, EQ, 20-Jan-2026,89.57,88.71,90.19,85.5,86.0,86.64,87.54,65303,57.16,830, 54095, 82.84,0.8283692939068649,2026-01-20
LAGNAM, EQ, 20-Jan-2026,68.78,70.99,70.99,66.0,66.61,68.13,68.24,2207,1.51,100, 1940, 87.90,0.8790212958767558,2026-01-20
LAKPRE, BZ, 20-Jan-2026,5.0,5.25,5.25,4.82,5.17,5.17,5.18,1704,0.09,16, -, -,,2026-01-20
LAL, EQ, 20-Jan-2026,7.96,7.99,7.99,7.22,7.48,7.38,7.51,68419,5.14,423, 50612, 73.97,0.7397360382349932,2026-01-20
LALPATHLAB, EQ, 20-Jan-2026,1383.4,1381.4,1397.6,1356.7,1375.0,1377.2,1372.95,508684,6984.0,27185, 368140, 72.37,0.7237105943965212,2026-01-20
LAMBODHARA, EQ, 20-Jan-2026,108.32,110.97,110.97,100.85,103.2,102.48,105.16,25344,26.65,435, 14300, 56.42,0.5642361111111112,2026-01-20
LANCORHOL, BE, 20-Jan-2026,24.41,24.9,25.5,23.58,24.5,24.14,24.25,147559,35.79,137, -, -,,2026-01-20
LANDMARK, EQ, 20-Jan-2026,396.3,393.0,394.95,373.55,378.0,378.65,386.1,104000,401.54,5782, 59533, 57.24,0.5724326923076923,2026-01-20
LAOPALA, EQ, 20-Jan-2026,196.24,194.05,196.43,192.05,194.91,194.29,193.67,38405,74.38,1650, 21055, 54.82,0.548235906782971,2026-01-20
LASA, EQ, 20-Jan-2026,9.21,9.21,9.48,8.96,9.0,9.04,9.12,52013,4.75,224, 43149, 82.96,0.8295810662718935,2026-01-20
LATENTVIEW, EQ, 20-Jan-2026,421.6,423.05,425.15,396.0,402.9,403.65,411.96,367745,1514.96,14323, 191088, 51.96,0.5196209329834532,2026-01-20
LATTEYS, BE, 20-Jan-2026,23.07,22.9,22.9,21.92,21.92,21.92,22.06,77221,17.03,306, -, -,,2026-01-20
LAURUSLABS, EQ, 20-Jan-2026,1062.7,1065.0,1066.4,1015.0,1035.6,1035.5,1035.33,2915781,30187.97,62957, 1362537, 46.73,0.4672974410629605,2026-01-20
LAXMICOT, EQ, 20-Jan-2026,13.64,13.12,16.36,12.16,14.93,15.18,15.65,732016,114.59,2072, 115505, 15.78,0.15779026687941247,2026-01-20
LAXMIDENTL, EQ, 20-Jan-2026,237.9,226.0,267.2,226.0,230.5,230.45,241.02,1347090,3246.77,35242, 214890, 15.95,0.159521635525466,2026-01-20
LAXMIINDIA, EQ, 20-Jan-2026,102.63,102.37,103.74,99.2,100.0,99.92,101.52,217416,220.73,4147, 81937, 37.69,0.37686738786473856,2026-01-20
LCCINFOTEC, BE, 20-Jan-2026,4.9,4.8,5.09,4.68,4.9,4.9,4.77,87461,4.17,108, -, -,,2026-01-20
LEMERITE, EQ, 20-Jan-2026,461.7,468.0,468.0,440.0,457.6,457.7,453.7,85651,388.6,2162, 52902, 61.76,0.6176460286511541,2026-01-20
LEMONTREE, EQ, 20-Jan-2026,135.63,136.5,138.75,133.25,134.0,134.27,136.36,4539988,6190.51,54224, 1545953, 34.05,0.3405191819890273,2026-01-20
LENSKART, EQ, 20-Jan-2026,443.4,445.7,445.7,425.55,431.0,429.75,430.73,1934434,8332.24,42129, 880449, 45.51,0.4551455361103041,2026-01-20
LEXUS, EQ, 20-Jan-2026,26.87,26.5,26.87,26.0,26.0,26.33,26.56,12344,3.28,45, 8925, 72.30,0.7230233311730395,2026-01-20
LFIC, EQ, 20-Jan-2026,151.43,150.21,151.36,150.0,150.2,151.2,150.13,344,0.52,19, 330, 95.93,0.9593023255813954,2026-01-20
LGBBROSLTD, EQ, 20-Jan-2026,1783.4,1784.0,1788.0,1665.1,1674.0,1680.9,1715.27,90588,1553.83,9843, 42808, 47.26,0.4725570715768093,2026-01-20
LGEINDIA, EQ, 20-Jan-2026,1371.0,1371.0,1373.9,1340.0,1363.0,1356.7,1352.42,1053961,14253.98,51746, 612201, 58.09,0.5808573562019848,2026-01-20
LGHL, EQ, 20-Jan-2026,279.45,286.6,286.75,266.0,270.0,269.7,276.05,89943,248.29,1054, 7497, 8.34,0.08335279010039692,2026-01-20
LIBAS, EQ, 20-Jan-2026,10.56,10.7,10.92,10.15,10.26,10.31,10.43,35502,3.7,209, 21462, 60.45,0.6045293222917019,2026-01-20
LIBERTSHOE, EQ, 20-Jan-2026,239.1,242.05,248.85,224.0,224.0,225.6,235.93,36551,86.23,1229, 17442, 47.72,0.4771962463407294,2026-01-20
LICHSGFIN, EQ, 20-Jan-2026,533.95,534.55,534.85,520.0,523.0,522.75,525.78,1832569,9635.34,28908, 1007279, 54.97,0.5496540648674074,2026-01-20
LICI, EQ, 20-Jan-2026,809.75,809.75,820.9,805.0,810.0,809.15,813.24,974480,7924.83,29636, 305668, 31.37,0.31367293325671125,2026-01-20
LICMFGOLD, EQ, 20-Jan-2026,13059.25,13198.95,13792.75,13124.55,13482.3,13562.9,13425.26,6228,836.13,1373, 3543, 56.89,0.5688824662813102,2026-01-20
LICNETFGSC, EQ, 20-Jan-2026,28.85,28.83,28.85,28.52,28.64,28.63,28.65,120285,34.46,220, 99735, 82.92,0.829155755081681,2026-01-20
LICNETFN50, EQ, 20-Jan-2026,285.65,285.74,285.77,281.06,281.83,282.18,283.52,861,2.44,41, 857, 99.54,0.9953542392566783,2026-01-20
LICNETFSEN, EQ, 20-Jan-2026,936.29,931.26,931.26,920.31,923.13,924.85,928.04,162,1.5,9, 161, 99.38,0.9938271604938271,2026-01-20
LICNFNHGP, EQ, 20-Jan-2026,285.0,286.0,286.0,280.54,280.54,281.69,282.56,646,1.83,27, 555, 85.91,0.8591331269349846,2026-01-20
LICNMID100, EQ, 20-Jan-2026,59.92,58.72,59.91,58.11,58.24,58.36,58.83,16094,9.47,223, 14632, 90.92,0.9091586926805021,2026-01-20
LIKHITHA, EQ, 20-Jan-2026,166.49,167.4,167.4,160.35,162.81,161.94,163.3,63062,102.98,2144, 31635, 50.16,0.5016491706574482,2026-01-20
LINC, EQ, 20-Jan-2026,110.32,109.3,114.75,107.0,109.0,109.47,110.11,39355,43.34,3622, 18661, 47.42,0.47417100749587093,2026-01-20
LINCOLN, EQ, 20-Jan-2026,464.5,465.0,466.05,455.05,461.5,461.05,460.76,17339,79.89,1019, 11586, 66.82,0.6682046254109234,2026-01-20
LINDEINDIA, EQ, 20-Jan-2026,6119.0,6172.0,6172.0,5950.0,5964.0,5958.5,5989.19,25839,1547.55,5406, 14836, 57.42,0.5741708270443903,2026-01-20
LIQGRWBEES, EQ, 20-Jan-2026,1024.62,1024.75,1024.77,1024.75,1024.77,1024.75,1024.76,135046,1383.89,133, 100858, 74.68,0.7468418168624025,2026-01-20
LIQUID, EQ, 20-Jan-2026,999.99,1000.0,1000.0,999.99,1000.0,999.99,1000.0,135095,1350.95,183, 68352, 50.60,0.5059550686553906,2026-01-20
LIQUID1, EQ, 20-Jan-2026,1087.59,1083.5,1090.3,1083.5,1087.76,1087.74,1087.75,341392,3713.48,1754, 246669, 72.25,0.7225388995641374,2026-01-20
LIQUIDADD, EQ, 20-Jan-2026,1109.74,1109.9,1109.9,1109.88,1109.9,1109.88,1109.89,448042,4972.76,2536, 286722, 63.99,0.6399444694916995,2026-01-20
LIQUIDBEES, EQ, 20-Jan-2026,1000.0,970.0,1000.01,970.0,1000.0,1000.0,1000.0,2930886,29308.84,6712, 2104541, 71.81,0.7180562464729096,2026-01-20
LIQUIDBETF, EQ, 20-Jan-2026,1065.76,1065.87,1065.89,1065.87,1065.87,1065.88,1065.88,173616,1850.54,218, 136343, 78.53,0.7853135655699935,2026-01-20
LIQUIDCASE, EQ, 20-Jan-2026,112.37,112.39,112.39,112.37,112.39,112.38,112.38,18574891,20875.07,20964, 16590653, 89.32,0.8931763314250404,2026-01-20
LIQUIDETF, EQ, 20-Jan-2026,1000.0,1000.01,1000.01,999.99,1000.0,1000.0,1000.0,106304,1063.04,268, 76454, 71.92,0.7192015352197472,2026-01-20
LIQUIDIETF, EQ, 20-Jan-2026,999.99,1000.0,1000.01,999.99,1000.0,999.99,1000.0,978336,9783.36,403, 809631, 82.76,0.827559243450103,2026-01-20
LIQUIDPLUS, EQ, 20-Jan-2026,1069.08,1069.22,1069.24,1069.22,1069.22,1069.22,1069.22,188350,2013.88,135, 173293, 92.01,0.9200584019113353,2026-01-20
LIQUIDSBI, EQ, 20-Jan-2026,1000.01,1000.01,1000.01,999.99,999.99,999.99,1000.0,9954,99.54,41, 6301, 63.30,0.6330118545308419,2026-01-20
LIQUIDSHRI, EQ, 20-Jan-2026,1088.57,1088.73,1088.73,1088.71,1088.71,1088.72,1088.72,12196,132.78,35, 8570, 70.27,0.7026894063627419,2026-01-20
LLOYDSENGG, EQ, 20-Jan-2026,49.06,48.9,49.25,46.6,47.05,46.88,47.66,3366470,1604.48,18980, 1242618, 36.91,0.36911601766835883,2026-01-20
LLOYDSENT, EQ, 20-Jan-2026,56.17,56.06,56.32,53.54,54.97,53.85,54.99,1570153,863.47,12755, 572045, 36.43,0.3643243683895773,2026-01-20
LLOYDSME, EQ, 20-Jan-2026,1205.9,1204.5,1207.7,1155.0,1161.0,1166.8,1182.86,497222,5881.43,18389, 305652, 61.47,0.6147193808801702,2026-01-20
LMW, EQ, 20-Jan-2026,14194.0,14195.0,14237.0,13500.0,13700.0,13740.0,13877.71,7741,1074.27,1963, 4446, 57.43,0.5743443999483271,2026-01-20
LODHA, EQ, 20-Jan-2026,1044.0,1045.7,1045.7,971.8,978.0,979.3,1001.07,2354624,23571.51,75484, 840006, 35.67,0.3567474042564758,2026-01-20
LOKESHMACH, EQ, 20-Jan-2026,177.75,176.8,176.8,162.2,162.21,164.29,169.09,133312,225.41,7147, 56126, 42.10,0.42101236197791647,2026-01-20
LORDSCHLO, EQ, 20-Jan-2026,153.05,154.86,156.97,146.42,147.1,149.17,152.0,20229,30.75,1220, 9083, 44.90,0.4490088486825844,2026-01-20
LOTUSDEV, EQ, 20-Jan-2026,152.78,152.99,152.99,144.84,145.18,145.76,148.43,658424,977.31,8527, 331341, 50.32,0.5032334787310304,2026-01-20
LOTUSEYE, EQ, 20-Jan-2026,108.4,110.57,111.59,106.55,107.0,108.54,108.96,97040,105.74,541, 92351, 95.17,0.9516797197032152,2026-01-20
LOVABLE, EQ, 20-Jan-2026,73.27,73.56,76.73,72.01,72.88,72.09,73.34,11666,8.56,374, 6583, 56.43,0.5642893879650266,2026-01-20
LOWVOL, EQ, 20-Jan-2026,212.72,212.63,212.71,209.41,209.41,210.48,211.34,5061,10.7,22, 4940, 97.61,0.9760916814858723,2026-01-20
LOWVOL1, EQ, 20-Jan-2026,21.77,21.69,21.74,21.27,21.27,21.39,21.64,886140,191.78,258, 841837, 95.00,0.9500045139594195,2026-01-20
LOWVOLIETF, EQ, 20-Jan-2026,22.87,22.6,23.44,22.5,22.57,22.52,22.65,361591,81.91,1316, 307040, 84.91,0.8491361787212625,2026-01-20
LOYALTEX, EQ, 20-Jan-2026,200.87,206.5,213.99,189.8,203.0,203.11,201.79,4005,8.08,506, 1076, 26.87,0.2686641697877653,2026-01-20
LPDC, EQ, 20-Jan-2026,6.72,6.94,6.94,6.31,6.54,6.58,6.66,46637,3.11,302, 33435, 71.69,0.716920042026717,2026-01-20
LT, EQ, 20-Jan-2026,3869.8,3858.0,3874.3,3800.0,3808.0,3810.5,3826.2,1658119,63442.93,119992, 892942, 53.85,0.538527090033948,2026-01-20
LTF, EQ, 20-Jan-2026,300.05,300.0,309.4,292.5,294.35,293.8,301.92,10309616,31126.95,95155, 1729241, 16.77,0.16773088347810433,2026-01-20
LTFOODS, EQ, 20-Jan-2026,355.35,355.0,355.4,333.15,335.55,337.25,344.06,715385,2461.35,28179, 354800, 49.60,0.4959567226039126,2026-01-20
LTGILTBEES, EQ, 20-Jan-2026,29.13,29.14,29.17,29.11,29.14,29.13,29.14,1902760,554.53,1215, 1565079, 82.25,0.8225309550337404,2026-01-20
LTGILTCASE, EQ, 20-Jan-2026,29.66,30.55,30.55,29.55,29.68,29.65,29.66,121122,35.93,305, 101466, 83.77,0.8377173428444048,2026-01-20
LTIM, EQ, 20-Jan-2026,6407.0,6245.5,6247.5,5911.5,5957.0,5976.5,6004.08,1490878,89513.53,127483, 429998, 28.84,0.2884193072806762,2026-01-20
LTTS, EQ, 20-Jan-2026,3870.0,3864.0,3864.0,3804.0,3812.5,3825.9,3823.13,73037,2792.3,12188, 27856, 38.14,0.381395730930898,2026-01-20
LUMAXIND, EQ, 20-Jan-2026,5359.5,5317.0,5350.0,5140.0,5230.0,5205.5,5224.69,17950,937.83,4753, 9605, 53.51,0.5350974930362117,2026-01-20
LUMAXTECH, EQ, 20-Jan-2026,1479.3,1479.3,1491.1,1351.0,1370.0,1362.1,1400.22,236068,3305.47,21997, 111310, 47.15,0.47151668163410543,2026-01-20
LUPIN, EQ, 20-Jan-2026,2177.1,2177.1,2180.0,2152.8,2165.0,2168.3,2168.11,873360,18935.36,27614, 566170, 64.83,0.6482664651461024,2026-01-20
LUXIND, EQ, 20-Jan-2026,921.2,925.0,925.0,891.0,903.6,897.5,903.95,69647,629.57,4508, 38440, 55.19,0.5519261418295117,2026-01-20
LXCHEM, EQ, 20-Jan-2026,147.11,148.0,148.01,142.5,144.13,144.05,144.06,1003138,1445.16,14925, 620573, 61.86,0.6186317336199008,2026-01-20
LYKALABS, EQ, 20-Jan-2026,75.52,75.5,75.68,73.25,74.0,74.08,74.07,23915,17.71,376, 19702, 82.38,0.8238344135479825,2026-01-20
LYPSAGEMS, EQ, 20-Jan-2026,4.99,5.08,5.08,4.8,4.8,4.8,4.84,31986,1.55,323, 20875, 65.26,0.6526292753079472,2026-01-20
M&M, EQ, 20-Jan-2026,3657.4,3646.0,3677.5,3540.0,3557.5,3557.5,3598.28,1753439,63093.58,132221, 994347, 56.71,0.5670838848685354,2026-01-20
M&MFIN, EQ, 20-Jan-2026,360.6,360.6,361.7,350.0,353.8,351.9,356.21,1481871,5278.63,31671, 719915, 48.58,0.48581489211948947,2026-01-20
MAANALU, BE, 20-Jan-2026,153.97,154.0,161.66,153.0,156.9,154.78,157.91,123182,194.52,1114, -, -,,2026-01-20
MACPOWER, EQ, 20-Jan-2026,897.0,897.3,919.4,841.0,857.0,858.0,864.14,14134,122.14,1314, 9514, 67.31,0.6731286260082071,2026-01-20
MADHAV, EQ, 20-Jan-2026,40.13,39.93,39.93,37.15,37.9,37.8,37.9,14513,5.5,191, 10688, 73.64,0.7364431888651554,2026-01-20
MADHUCON, EQ, 20-Jan-2026,5.5,5.5,5.5,5.23,5.23,5.23,5.27,62153,3.27,204, 54241, 87.27,0.8727012372693193,2026-01-20
MADRASFERT, EQ, 20-Jan-2026,77.54,77.75,77.76,74.5,75.4,75.16,76.12,134934,102.71,2028, 57793, 42.83,0.4283056901892777,2026-01-20
MAFANG, EQ, 20-Jan-2026,165.46,165.88,165.88,165.88,165.88,165.88,165.88,501590,832.04,1122, 369844, 73.73,0.7373432484698659,2026-01-20
MAGADSUGAR, EQ, 20-Jan-2026,442.1,444.0,448.8,421.05,423.0,424.0,431.43,3510,15.14,543, 2284, 65.07,0.6507122507122507,2026-01-20
MAGNUM, EQ, 20-Jan-2026,21.03,21.13,21.32,20.2,20.26,20.51,20.69,54407,11.26,247, 40304, 74.08,0.7407870310805594,2026-01-20
MAHABANK, EQ, 20-Jan-2026,66.77,66.35,66.99,63.6,64.01,63.92,64.74,22802538,14763.48,68338, 10728992, 47.05,0.47051744854015815,2026-01-20
MAHAPEXLTD, EQ, 20-Jan-2026,96.92,96.87,99.79,93.37,97.0,95.15,96.42,8453,8.15,181, 6997, 82.78,0.8277534603099491,2026-01-20
MAHASTEEL, BE, 20-Jan-2026,804.0,800.1,800.1,788.0,788.0,788.0,792.73,4051,32.11,64, -, -,,2026-01-20
MAHEPC, EQ, 20-Jan-2026,130.4,132.99,132.99,119.96,120.55,121.92,125.86,58479,73.6,1479, 34428, 58.87,0.5887241573898322,2026-01-20
MAHESHWARI, EQ, 20-Jan-2026,42.05,42.0,42.99,41.23,42.99,42.65,41.92,10555,4.43,168, 8734, 82.75,0.8274751302700142,2026-01-20
MAHKTECH, EQ, 20-Jan-2026,27.46,27.24,27.24,26.95,27.24,27.24,27.23,908930,247.49,8788, 824360, 90.70,0.9069565313060411,2026-01-20
MAHLIFE, EQ, 20-Jan-2026,361.4,359.0,360.8,345.0,349.8,347.65,352.85,102372,361.22,6694, 55783, 54.49,0.5449048567967804,2026-01-20
MAHLOG, EQ, 20-Jan-2026,296.1,295.0,295.65,276.0,280.9,279.55,286.64,162725,466.44,4231, 97940, 60.19,0.601874327853741,2026-01-20
MAHSCOOTER, EQ, 20-Jan-2026,13647.0,13581.0,13758.0,13120.0,13298.0,13185.0,13320.55,9230,1229.49,3764, 3743, 40.55,0.4055254604550379,2026-01-20
MAHSEAMLES, EQ, 20-Jan-2026,514.75,512.0,522.8,511.1,511.25,513.0,515.83,153484,791.71,7173, 85742, 55.86,0.5586380339318756,2026-01-20
MAITHANALL, EQ, 20-Jan-2026,1100.0,1100.1,1100.1,1018.2,1025.6,1026.0,1052.79,135946,1431.23,8245, 47773, 35.14,0.3514115898959881,2026-01-20
MAKEINDIA, EQ, 20-Jan-2026,153.85,158.47,158.47,150.0,150.41,150.31,151.52,22015,33.36,731, 18637, 84.66,0.846559164206223,2026-01-20
MALLCOM, EQ, 20-Jan-2026,1105.7,1150.0,1168.0,1041.0,1059.6,1075.5,1097.09,6934,76.07,957, 2360, 34.04,0.34035188924141907,2026-01-20
MALUPAPER, EQ, 20-Jan-2026,33.61,33.15,33.29,32.7,32.7,32.71,32.91,11253,3.7,77, 10676, 94.87,0.9487247845019106,2026-01-20
MAMATA, EQ, 20-Jan-2026,399.85,399.8,405.0,390.05,396.2,400.95,398.15,145985,581.23,5082, 61188, 41.91,0.41913895263211975,2026-01-20
MANAKALUCO, BE, 20-Jan-2026,64.88,68.12,68.12,61.64,61.64,61.64,65.81,391565,257.68,2308, -, -,,2026-01-20
MANAKCOAT, EQ, 20-Jan-2026,130.95,130.95,134.9,126.0,126.2,126.8,129.61,708518,918.3,7516, 392619, 55.41,0.5541411791937537,2026-01-20
MANAKSIA, EQ, 20-Jan-2026,66.5,67.4,67.5,62.5,62.7,62.9,65.22,62527,40.78,1079, 31276, 50.02,0.5001999136373086,2026-01-20
MANAKSTEEL, EQ, 20-Jan-2026,60.41,59.64,61.21,57.6,57.6,58.21,59.14,18891,11.17,366, 13174, 69.74,0.6973691175692128,2026-01-20
MANALIPETC, EQ, 20-Jan-2026,57.15,58.0,58.0,54.5,55.25,55.03,55.81,245798,137.18,2352, 156750, 63.77,0.6377187772073003,2026-01-20
MANAPPURAM, EQ, 20-Jan-2026,314.45,315.45,315.45,300.5,301.85,301.85,305.29,3633872,11093.97,35692, 1061536, 29.21,0.2921225623797426,2026-01-20
MANBA, EQ, 20-Jan-2026,135.61,135.0,138.95,134.1,134.49,134.52,135.89,101875,138.43,1363, 36007, 35.34,0.35344294478527605,2026-01-20
MANCREDIT, EQ, 20-Jan-2026,159.45,161.02,161.03,156.02,157.0,158.21,158.42,29699,47.05,448, 4425, 14.90,0.14899491565372572,2026-01-20
MANGALAM, BE, 20-Jan-2026,49.35,51.81,51.81,51.81,51.81,51.81,51.81,67493,34.97,139, -, -,,2026-01-20
MANGLMCEM, EQ, 20-Jan-2026,753.85,750.4,751.95,733.0,740.0,738.4,743.27,90259,670.86,2133, 70362, 77.96,0.7795566093131987,2026-01-20
MANINDS, EQ, 20-Jan-2026,344.35,343.25,343.25,325.0,327.8,326.25,331.94,265743,882.12,7455, 127996, 48.17,0.4816533267103931,2026-01-20
MANINFRA, EQ, 20-Jan-2026,115.25,115.0,115.0,110.2,110.95,110.63,111.71,432165,482.79,5519, 209176, 48.40,0.48401883539851676,2026-01-20
MANKIND, EQ, 20-Jan-2026,2117.2,2112.0,2134.9,2087.0,2120.0,2124.3,2117.99,534187,11314.03,34959, 301912, 56.52,0.5651803581891734,2026-01-20
MANOMAY, BE, 20-Jan-2026,220.0,225.9,225.9,209.0,220.85,220.47,219.24,30096,65.98,74, -, -,,2026-01-20
MANORAMA, EQ, 20-Jan-2026,1228.2,1220.7,1225.0,1116.0,1125.0,1125.6,1164.52,205367,2391.53,21043, 123094, 59.94,0.5993854903660276,2026-01-20
MANORG, EQ, 20-Jan-2026,448.1,450.0,450.2,439.45,442.0,443.7,445.16,5196,23.13,420, 3128, 60.20,0.6020015396458814,2026-01-20
MANUFGBEES, EQ, 20-Jan-2026,151.36,151.93,151.95,148.0,149.36,148.52,149.59,13032,19.49,266, 8523, 65.40,0.6540055248618785,2026-01-20
MANUGRAPH, EQ, 20-Jan-2026,15.63,15.46,15.85,14.25,15.24,15.11,15.0,28158,4.22,156, 24932, 88.54,0.8854322039917608,2026-01-20
MANYAVAR, EQ, 20-Jan-2026,512.25,512.0,512.0,489.2,496.75,495.1,500.79,135615,679.14,9711, 59854, 44.14,0.44135235777753196,2026-01-20
MAPMYINDIA, EQ, 20-Jan-2026,1427.0,1427.0,1427.0,1363.0,1373.0,1367.3,1395.18,69617,971.28,9666, 31269, 44.92,0.4491575333611043,2026-01-20
MARALOVER, EQ, 20-Jan-2026,39.86,41.12,41.12,37.6,39.98,38.71,39.15,7685,3.01,177, 6651, 86.55,0.8654521795705921,2026-01-20
MARATHON, EQ, 20-Jan-2026,508.95,509.95,516.7,491.0,509.9,507.7,505.78,188128,951.52,5536, 111379, 59.20,0.592038399387651,2026-01-20
MARICO, EQ, 20-Jan-2026,760.6,762.0,762.9,746.75,750.9,749.55,754.93,1100332,8306.72,41516, 630355, 57.29,0.5728770952766983,2026-01-20
MARINE, EQ, 20-Jan-2026,185.2,185.0,187.54,174.0,177.78,176.14,180.51,507048,915.25,10321, 245388, 48.40,0.4839541818526057,2026-01-20
MARKOLINES, EQ, 20-Jan-2026,147.09,147.92,147.92,139.2,144.75,142.53,142.63,169287,241.46,1006, 64814, 38.29,0.3828646027160975,2026-01-20
MARKSANS, EQ, 20-Jan-2026,173.09,173.09,173.34,168.4,169.98,169.47,170.6,1201639,2049.94,49066, 729644, 60.72,0.6072073226651266,2026-01-20
MARUTI, EQ, 20-Jan-2026,16176.0,16200.0,16233.0,15850.0,15912.0,15879.0,15980.62,289609,46281.3,65162, 157002, 54.21,0.5421171303378003,2026-01-20
MASFIN, EQ, 20-Jan-2026,310.55,310.55,313.4,302.5,304.15,303.65,307.98,147996,455.8,11581, 66337, 44.82,0.4482350874347955,2026-01-20
MASKINVEST, BE, 20-Jan-2026,138.0,140.0,144.0,140.0,140.5,140.5,140.54,412,0.58,7, -, -,,2026-01-20
MASPTOP50, EQ, 20-Jan-2026,71.52,71.78,71.78,71.03,71.34,71.51,71.72,239680,171.9,3403, 216722, 90.42,0.9042139519359146,2026-01-20
MASTEK, EQ, 20-Jan-2026,2207.9,2199.0,2243.0,2152.0,2208.8,2223.8,2223.06,227889,5066.1,20495, 116819, 51.26,0.5126135969704549,2026-01-20
MASTERTR, EQ, 20-Jan-2026,104.14,105.0,105.0,99.15,99.2,100.36,101.83,90740,92.4,1510, 41827, 46.10,0.4609543751377562,2026-01-20
MATRIMONY, EQ, 20-Jan-2026,565.8,566.0,569.0,552.0,561.0,561.75,560.69,149502,838.24,4187, 56765, 37.97,0.37969391713823225,2026-01-20
MAWANASUG, EQ, 20-Jan-2026,81.84,82.24,83.1,80.0,80.0,80.11,80.62,29444,23.74,568, 19204, 65.22,0.6522211656024997,2026-01-20
MAXESTATES, EQ, 20-Jan-2026,398.7,402.0,402.0,383.75,386.0,390.0,389.55,79252,308.73,4262, 32211, 40.64,0.40643769242416594,2026-01-20
MAXHEALTH, EQ, 20-Jan-2026,1013.6,1010.1,1013.1,988.0,990.0,992.9,999.69,2635707,26348.79,50813, 1748503, 66.34,0.6633905058490948,2026-01-20
MAXIND, EQ, 20-Jan-2026,165.19,164.85,165.18,157.0,158.95,158.72,160.58,49165,78.95,1379, 28542, 58.05,0.5805349333875724,2026-01-20
MAYURUNIQ, EQ, 20-Jan-2026,493.2,488.7,494.0,484.4,494.0,492.2,490.41,27279,133.78,1333, 16743, 61.38,0.6137688331683713,2026-01-20
MAZDA, EQ, 20-Jan-2026,200.41,201.88,201.88,193.01,195.1,195.95,199.1,34631,68.95,802, 30339, 87.61,0.8760647974358234,2026-01-20
MAZDOCK, EQ, 20-Jan-2026,2436.7,2436.9,2453.4,2315.6,2336.6,2332.3,2370.16,1225724,29051.64,60788, 354443, 28.92,0.28917031892987327,2026-01-20
MBAPL, EQ, 20-Jan-2026,399.95,397.95,400.85,391.0,395.0,396.45,396.69,138062,547.68,2184, 56218, 40.72,0.4071938694209848,2026-01-20
MBEL, EQ, 20-Jan-2026,339.25,339.0,339.0,320.9,324.95,321.95,328.07,120271,394.57,5344, 63843, 53.08,0.5308262174589053,2026-01-20
MBLINFRA, EQ, 20-Jan-2026,27.01,28.0,28.0,25.5,26.0,25.75,26.22,56899,14.92,894, 30914, 54.33,0.5433135907485193,2026-01-20
MCL, BE, 20-Jan-2026,84.55,88.77,88.77,88.77,88.77,88.77,88.77,234398,208.08,1701, -, -,,2026-01-20
MCLEODRUSS, EQ, 20-Jan-2026,44.07,45.25,46.27,41.87,41.87,41.99,43.03,590596,254.14,1717, 355565, 60.20,0.6020443755121945,2026-01-20
MCLOUD, EQ, 20-Jan-2026,23.08,22.8,23.11,21.93,22.39,22.27,22.32,2777069,619.77,8415, 1729038, 62.26,0.6226125458171907,2026-01-20
MCX, EQ, 20-Jan-2026,2429.0,2450.0,2454.0,2342.0,2373.0,2373.0,2388.91,4028731,96242.75,125820, 1809554, 44.92,0.4491622796359449,2026-01-20
MEDANTA, EQ, 20-Jan-2026,1114.3,1114.4,1117.0,1061.5,1080.0,1075.7,1083.55,227218,2462.02,21048, 122566, 53.94,0.5394202924064114,2026-01-20
MEDIASSIST, EQ, 20-Jan-2026,423.3,423.9,432.15,418.1,426.0,424.6,424.87,62396,265.1,3658, 27855, 44.64,0.4464228476184371,2026-01-20
MEDICAMEQ, EQ, 20-Jan-2026,362.05,360.25,362.05,351.25,362.0,354.2,355.88,16817,59.85,850, 9747, 57.96,0.5795920794434204,2026-01-20
MEDICO, EQ, 20-Jan-2026,47.13,46.01,50.26,45.1,48.01,48.22,48.46,434586,210.62,2120, 202137, 46.51,0.4651254297193191,2026-01-20
MEDPLUS, EQ, 20-Jan-2026,814.65,812.0,815.55,795.0,798.2,801.15,808.23,65740,531.33,4287, 41080, 62.49,0.6248859142074841,2026-01-20
MEESHO, EQ, 20-Jan-2026,165.47,164.01,172.34,164.01,166.15,169.83,168.52,9324680,15713.76,53388, 3804748, 40.80,0.40802987341120556,2026-01-20
MEGASOFT, BE, 20-Jan-2026,182.57,182.57,182.57,173.45,173.45,173.45,175.38,104170,182.7,646, -, -,,2026-01-20
MEGASTAR, BE, 20-Jan-2026,226.01,226.01,227.0,220.06,220.21,220.15,223.78,532,1.19,21, -, -,,2026-01-20
MEIL, EQ, 20-Jan-2026,327.15,327.05,327.05,310.0,311.65,311.9,316.15,79280,250.65,3411, 42708, 53.87,0.5386982845610494,2026-01-20
MENONBE, EQ, 20-Jan-2026,127.09,127.1,129.1,120.38,120.9,122.09,125.1,94580,118.32,1893, 53481, 56.55,0.5654578134912244,2026-01-20
MEP, BZ, 20-Jan-2026,1.62,1.6,1.65,1.59,1.59,1.59,1.61,90191,1.45,85, -, -,,2026-01-20
METAL, EQ, 20-Jan-2026,11.65,11.69,11.75,11.4,11.43,11.43,11.56,14774920,1707.67,17295, 9214607, 62.37,0.6236654411665173,2026-01-20
METALIETF, EQ, 20-Jan-2026,11.65,11.94,11.94,11.2,11.45,11.41,11.55,41005805,4734.3,32429, 23162794, 56.49,0.5648662183317703,2026-01-20
METROBRAND, EQ, 20-Jan-2026,1052.3,1057.8,1058.1,1005.0,1011.5,1014.1,1020.74,55552,567.04,11022, 27742, 49.94,0.4993879608294931,2026-01-20
METROPOLIS, EQ, 20-Jan-2026,1910.3,1905.0,1935.9,1879.2,1881.0,1909.5,1909.29,21446,409.47,4904, 8179, 38.14,0.3813764804625571,2026-01-20
MFML, EQ, 20-Jan-2026,24.54,24.02,24.78,23.01,24.48,23.58,23.38,2593,0.61,84, 1854, 71.50,0.7150019282684149,2026-01-20
MFSL, EQ, 20-Jan-2026,1652.2,1641.8,1658.3,1616.6,1617.2,1624.7,1636.35,346482,5669.66,30558, 201792, 58.24,0.5824025490501671,2026-01-20
MGEL, EQ, 20-Jan-2026,12.4,12.5,12.74,12.0,12.41,12.33,12.27,522637,64.12,1313, 314995, 60.27,0.6027032146595055,2026-01-20
MGL, EQ, 20-Jan-2026,1098.0,1098.0,1114.5,1080.0,1081.0,1097.5,1104.15,402049,4439.24,31670, 162861, 40.51,0.4050774905546339,2026-01-20
MHLXMIRU, EQ, 20-Jan-2026,197.04,201.01,202.56,197.0,197.0,197.01,197.33,2598,5.13,147, 1694, 65.20,0.6520400307929176,2026-01-20
MHRIL, EQ, 20-Jan-2026,297.9,298.5,304.9,297.0,302.0,302.85,300.92,186568,561.42,4490, 116872, 62.64,0.6264311135886111,2026-01-20
MICEL, EQ, 20-Jan-2026,37.56,37.56,37.59,35.0,35.48,35.17,36.04,1788567,644.55,9699, 831848, 46.51,0.4650918864096229,2026-01-20
MID150, EQ, 20-Jan-2026,22.12,22.67,22.67,21.33,21.34,21.56,21.79,187640,40.88,505, 80265, 42.78,0.42776060541462374,2026-01-20
MID150BEES, EQ, 20-Jan-2026,225.86,228.98,228.99,219.54,220.0,220.36,222.0,1145659,2543.37,17420, 792714, 69.19,0.6919284010338155,2026-01-20
MID150CASE, EQ, 20-Jan-2026,10.94,11.27,11.27,10.64,10.74,10.68,10.76,3977530,428.0,8466, 3438509, 86.45,0.8644834859825067,2026-01-20
MIDCAP, EQ, 20-Jan-2026,174.56,175.43,175.46,168.87,170.39,169.59,171.42,240382,412.07,2001, 117537, 48.90,0.48895923987652984,2026-01-20
MIDCAPADD, EQ, 20-Jan-2026,21.91,21.89,21.89,21.35,21.35,21.43,21.53,42614,9.18,94, 32361, 75.94,0.7593983198010044,2026-01-20
MIDCAPBETA, EQ, 20-Jan-2026,220.73,220.49,220.73,214.11,214.11,215.41,216.71,9970,21.61,110, 2781, 27.89,0.27893681043129387,2026-01-20
MIDCAPETF, EQ, 20-Jan-2026,22.3,21.74,22.44,21.68,21.74,21.79,21.9,5364281,1174.86,16828, 3884527, 72.41,0.7241468148294244,2026-01-20
MIDCAPIETF, EQ, 20-Jan-2026,22.59,22.58,22.63,21.96,22.06,22.03,22.21,1542913,342.63,4695, 1238477, 80.27,0.8026875138131573,2026-01-20
MIDHANI, EQ, 20-Jan-2026,362.65,363.0,363.0,343.0,346.25,345.75,351.3,1136314,3991.85,24566, 323272, 28.45,0.28449178660123875,2026-01-20
MIDQ50ADD, EQ, 20-Jan-2026,242.67,242.4,242.4,236.72,236.72,237.27,238.46,10645,25.38,259, 7209, 67.72,0.6772193518083607,2026-01-20
MIDSELIETF, EQ, 20-Jan-2026,18.22,18.77,18.77,17.71,17.99,17.77,17.86,394463,70.45,1681, 239946, 60.83,0.608285187710888,2026-01-20
MIDSMALL, EQ, 20-Jan-2026,47.15,47.15,47.15,45.74,46.16,46.01,46.26,546838,252.96,2908, 351317, 64.25,0.6424516950175372,2026-01-20
MIDWESTLTD, EQ, 20-Jan-2026,1411.3,1402.2,1415.9,1365.1,1372.0,1370.9,1385.56,86501,1198.52,8152, 24067, 27.82,0.27822799736419235,2026-01-20
MINDACORP, EQ, 20-Jan-2026,544.8,544.85,547.4,530.2,536.0,536.15,536.04,213949,1146.86,14145, 93656, 43.77,0.437749183216561,2026-01-20
MINDTECK, EQ, 20-Jan-2026,216.03,213.06,225.7,207.1,208.86,209.21,212.9,82365,175.35,2283, 23555, 28.60,0.2859831238997147,2026-01-20
MIRCELECTR, EQ, 20-Jan-2026,32.64,32.4,33.18,31.01,31.01,31.01,31.43,980084,308.0,2143, 500649, 51.08,0.5108225417413201,2026-01-20
MIRZAINT, EQ, 20-Jan-2026,34.05,34.5,34.5,32.11,32.88,32.53,33.14,173999,57.67,1382, 79025, 45.42,0.45416927683492436,2026-01-20
MITCON, EQ, 20-Jan-2026,59.26,59.03,60.68,57.01,57.22,57.41,58.61,4129,2.42,69, 3950, 95.66,0.956648098813272,2026-01-20
MITTAL, EQ, 20-Jan-2026,1.03,1.03,1.05,1.0,1.02,1.01,1.02,1006474,10.25,458, 911578, 90.57,0.9057144049424029,2026-01-20
MKPL, EQ, 20-Jan-2026,5.25,5.28,5.42,4.95,5.01,4.99,5.05,401963,20.31,1337, 218021, 54.24,0.5423907175536057,2026-01-20
MMFL, EQ, 20-Jan-2026,433.25,433.25,434.0,400.05,402.0,401.0,414.31,153108,634.34,7176, 68908, 45.01,0.4500613945711524,2026-01-20
MMP, EQ, 20-Jan-2026,247.8,248.4,249.75,240.95,249.75,243.4,245.17,14508,35.57,310, 12588, 86.77,0.8676592224979321,2026-01-20
MMTC, EQ, 20-Jan-2026,68.66,68.49,68.66,64.73,65.49,65.14,66.57,6803679,4529.14,34314, 1254277, 18.44,0.18435275973484347,2026-01-20
MNC, EQ, 20-Jan-2026,31.31,30.52,31.48,30.52,30.94,30.76,30.95,78059,24.16,637, 64716, 82.91,0.8290651942761245,2026-01-20
MOALPHA50, EQ, 20-Jan-2026,49.59,49.33,49.33,48.4,48.4,48.56,48.95,10617,5.2,96, 9417, 88.70,0.8869737213902232,2026-01-20
MOBIKWIK, EQ, 20-Jan-2026,227.14,228.0,228.57,217.0,219.9,219.76,222.23,793916,1764.3,11590, 327930, 41.31,0.41305377395089654,2026-01-20
MOCAPITAL, EQ, 20-Jan-2026,47.42,46.23,48.05,46.02,46.8,46.19,46.51,690240,321.0,4068, 466428, 67.57,0.6757475660639778,2026-01-20
MODEFENCE, EQ, 20-Jan-2026,85.25,85.6,85.78,82.6,82.84,82.86,83.79,5380761,4508.49,19967, 3471983, 64.53,0.6452587282728224,2026-01-20
MODINATUR, EQ, 20-Jan-2026,347.1,347.05,348.0,333.0,333.0,335.5,341.94,2393,8.18,149, 1875, 78.35,0.783535311324697,2026-01-20
MODIRUBBER, EQ, 20-Jan-2026,116.83,116.82,121.06,113.25,114.6,114.51,119.09,15273,18.19,404, 8443, 55.28,0.5528056046618215,2026-01-20
MODIS, EQ, 20-Jan-2026,310.5,305.8,317.8,305.1,306.0,307.8,309.09,11487,35.51,1239, 5110, 44.49,0.4448507007921999,2026-01-20
MODISONLTD, EQ, 20-Jan-2026,149.33,148.3,150.08,145.2,145.2,145.77,146.99,43938,64.58,992, 24620, 56.03,0.5603350175246938,2026-01-20
MODTHREAD, EQ, 20-Jan-2026,42.48,43.8,43.8,39.28,39.28,41.41,40.68,1660,0.68,34, 1274, 76.75,0.7674698795180723,2026-01-20
MOENERGY, EQ, 20-Jan-2026,34.14,34.15,34.23,33.36,33.44,33.46,33.69,84539,28.49,711, 76965, 91.04,0.9104082139604206,2026-01-20
MOGOLD, EQ, 20-Jan-2026,142.85,143.6,147.0,142.85,146.5,145.6,145.62,2036771,2966.03,2683, 1798063, 88.28,0.8828007665073786,2026-01-20
MOGSEC, EQ, 20-Jan-2026,62.72,62.61,62.97,62.5,62.6,62.6,62.58,3176,1.99,29, 2913, 91.72,0.917191435768262,2026-01-20
MOHEALTH, EQ, 20-Jan-2026,43.11,43.33,43.44,42.13,42.46,42.21,42.48,150723,64.03,1608, 134375, 89.15,0.8915361291906345,2026-01-20
MOHITIND, EQ, 20-Jan-2026,26.01,26.52,26.53,24.45,25.5,25.18,25.61,5470,1.4,108, 4276, 78.17,0.7817184643510054,2026-01-20
MOIL, EQ, 20-Jan-2026,344.7,344.0,346.25,332.75,334.4,334.65,340.48,841517,2865.2,33019, 331096, 39.35,0.39345135035893514,2026-01-20
MOINFRA, EQ, 20-Jan-2026,58.08,58.09,58.09,56.58,56.65,56.79,57.24,15047,8.61,187, 10974, 72.93,0.7293148135841031,2026-01-20
MOIPO, EQ, 20-Jan-2026,44.17,44.1,44.11,42.96,43.03,42.99,43.42,13135,5.7,88, 12669, 96.45,0.9645222687476208,2026-01-20
MOKSH, EQ, 20-Jan-2026,14.51,14.41,14.9,14.14,14.2,14.24,14.32,131882,18.89,288, 93964, 71.25,0.7124854036183861,2026-01-20
MOL, EQ, 20-Jan-2026,59.46,59.46,59.94,56.03,56.48,56.39,57.71,816328,471.1,5803, 537275, 65.82,0.6581606903107574,2026-01-20
MOLDTECH, EQ, 20-Jan-2026,139.2,138.9,140.02,135.62,137.0,137.46,138.38,32308,44.71,694, 20270, 62.74,0.6273987866782221,2026-01-20
MOLDTKPAC, EQ, 20-Jan-2026,560.75,556.65,569.95,555.0,563.0,563.15,561.26,40861,229.34,4230, 21412, 52.40,0.5240204596069602,2026-01-20
MOLOWVOL, EQ, 20-Jan-2026,38.53,38.56,38.56,37.85,37.98,38.01,38.16,52128,19.89,60, 48356, 92.76,0.9276396562308165,2026-01-20
MOM100, EQ, 20-Jan-2026,64.21,64.5,64.5,62.38,62.45,62.56,63.03,1042913,657.38,6911, 860591, 82.52,0.8251800485754804,2026-01-20
MOM30IETF, EQ, 20-Jan-2026,31.69,32.05,32.05,30.9,31.1,30.99,31.27,913541,285.7,4265, 628638, 68.81,0.6881333185921595,2026-01-20
MOM50, EQ, 20-Jan-2026,265.9,265.9,266.39,261.67,261.8,262.15,263.85,5809,15.33,250, 3499, 60.23,0.6023411946978826,2026-01-20
MOMENTUM, EQ, 20-Jan-2026,31.58,32.19,32.19,30.72,30.8,30.84,31.05,72132,22.4,501, 47674, 66.09,0.6609271890423113,2026-01-20
MOMENTUM30, EQ, 20-Jan-2026,31.18,31.19,31.19,30.41,30.49,30.51,30.87,20630,6.37,117, 20332, 98.56,0.9855550169655841,2026-01-20
MOMENTUM50, EQ, 20-Jan-2026,51.53,53.08,53.08,50.21,50.67,50.45,50.81,603681,306.75,4051, 416675, 69.02,0.6902238102574042,2026-01-20
MOMGF, EQ, 20-Jan-2026,151.11,150.93,150.93,147.52,147.8,147.79,148.93,3583,5.34,86, 3583, 100.00,1.0,2026-01-20
MOMIDMTM, EQ, 20-Jan-2026,62.35,62.97,62.97,60.65,61.01,60.82,61.44,146122,89.78,766, 78803, 53.93,0.5392959307975528,2026-01-20
MOMNC, EQ, 20-Jan-2026,30.27,30.3,30.33,29.88,29.88,29.88,30.14,11961,3.61,32, 11288, 94.37,0.9437338015216119,2026-01-20
MOMOMENTUM, EQ, 20-Jan-2026,63.03,63.04,63.18,61.46,61.99,61.7,62.25,62320,38.8,932, 40901, 65.63,0.656306161745828,2026-01-20
MON100, EQ, 20-Jan-2026,233.17,228.0,234.94,228.0,232.86,231.18,232.39,918100,2133.54,18604, 527480, 57.45,0.5745343644483172,2026-01-20
MON50EQUAL, EQ, 20-Jan-2026,33.31,33.31,33.31,32.68,32.9,32.74,33.02,10332,3.41,80, 8529, 82.55,0.825493612078978,2026-01-20
MONARCH, EQ, 20-Jan-2026,296.0,295.0,296.65,275.05,276.25,279.85,289.12,119155,344.5,2560, 79431, 66.66,0.666619109563174,2026-01-20
MONEXT50, EQ, 20-Jan-2026,68.32,68.3,68.3,66.67,67.06,66.81,67.43,12147,8.19,121, 12058, 99.27,0.9926730880052688,2026-01-20
MONEYBOXX, EQ, 20-Jan-2026,59.18,59.2,59.76,55.41,57.21,57.49,57.48,54044,31.06,689, 30191, 55.86,0.5586374065576197,2026-01-20
MONIFTY100, EQ, 20-Jan-2026,26.28,26.2,26.2,25.85,25.85,25.87,25.99,11425,2.97,61, 11421, 99.96,0.9996498905908097,2026-01-20
MONIFTY500, EQ, 20-Jan-2026,23.83,23.92,23.92,23.3,23.44,23.42,23.53,1177869,277.15,3341, 834400, 70.84,0.7083979627615634,2026-01-20
MONQ50, EQ, 20-Jan-2026,99.71,98.26,102.7,98.26,99.0,99.3,99.57,123374,122.84,1854, 79444, 64.39,0.6439282182631673,2026-01-20
MONTECARLO, EQ, 20-Jan-2026,579.5,582.8,583.2,551.05,551.05,554.05,568.23,53435,303.63,3125, 31623, 59.18,0.5918031252924113,2026-01-20
MOPSE, EQ, 20-Jan-2026,100.45,99.39,99.39,97.57,97.68,97.91,98.7,3116,3.08,56, 2914, 93.52,0.9351732991014121,2026-01-20
MOQUALITY, EQ, 20-Jan-2026,199.47,198.0,198.05,194.58,194.58,195.53,196.54,1903,3.74,69, 1512, 79.45,0.7945349448239621,2026-01-20
MOREALTY, EQ, 20-Jan-2026,83.63,84.29,84.35,79.06,79.99,79.58,80.74,2781284,2245.53,16250, 2075556, 74.63,0.7462582030457875,2026-01-20
MOREPENLAB, EQ, 20-Jan-2026,36.91,36.9,37.03,35.25,35.7,35.52,36.16,2458104,888.95,12532, 990351, 40.29,0.4028922291326974,2026-01-20
MOSCHIP, EQ, 20-Jan-2026,192.04,191.0,191.5,180.0,181.5,181.03,184.9,1519039,2808.76,24252, 658807, 43.37,0.43369985892396445,2026-01-20
MOSERVICE, EQ, 20-Jan-2026,33.51,33.51,33.51,33.08,33.08,33.18,33.27,3567,1.19,44, 3564, 99.92,0.9991589571068125,2026-01-20
MOSILVER, EQ, 20-Jan-2026,289.9,291.6,310.0,291.02,305.0,305.43,302.12,1051613,3177.14,6412, 780111, 74.18,0.7418232752923366,2026-01-20
MOSMALL250, EQ, 20-Jan-2026,16.08,16.41,16.41,15.63,15.81,15.68,15.81,2643665,418.04,7559, 2335633, 88.35,0.8834829677739048,2026-01-20
MOTHERSON, EQ, 20-Jan-2026,112.33,112.0,112.9,107.53,107.81,107.89,109.33,16421476,17953.32,75253, 8205749, 49.97,0.49969619052513914,2026-01-20
MOTILALOFS, EQ, 20-Jan-2026,826.4,825.0,830.9,802.0,805.15,807.15,814.47,1055029,8592.94,54900, 640626, 60.72,0.6072117448904248,2026-01-20
MOTISONS, EQ, 20-Jan-2026,12.65,12.53,12.6,11.89,11.9,11.93,12.15,3921171,476.4,7505, 1943471, 49.56,0.4956353599473219,2026-01-20
MOTOGENFIN, EQ, 20-Jan-2026,22.73,22.73,23.2,22.21,22.79,22.39,22.48,7103,1.6,89, 4985, 70.18,0.7018161340278756,2026-01-20
MOTOUR, EQ, 20-Jan-2026,80.42,80.95,80.95,77.25,77.35,77.63,78.64,65672,51.64,819, 63885, 97.28,0.9727890120599342,2026-01-20
MOVALUE, EQ, 20-Jan-2026,118.17,121.12,121.12,115.76,115.93,116.04,116.74,164706,192.28,1326, 124785, 75.76,0.7576226731266621,2026-01-20
MPHASIS, EQ, 20-Jan-2026,2889.8,2876.1,2881.1,2802.5,2822.8,2815.7,2834.9,335776,9518.92,37687, 158209, 47.12,0.471174235204422,2026-01-20
MPSLTD, EQ, 20-Jan-2026,1815.0,1823.9,1836.6,1780.0,1780.0,1787.7,1805.9,21512,388.48,3456, 10098, 46.94,0.4694124209743399,2026-01-20
MRF, EQ, 20-Jan-2026,143045.0,144000.0,144000.0,141750.0,143200.0,143235.0,142593.76,6432,9171.63,5377, 2698, 41.95,0.41946517412935325,2026-01-20
MRPL, EQ, 20-Jan-2026,143.25,143.27,144.9,138.8,139.61,139.41,142.01,5572400,7913.31,34979, 1055729, 18.95,0.18945678702175006,2026-01-20
MSCIADD, EQ, 20-Jan-2026,30.27,30.28,30.28,29.68,29.68,29.74,29.91,8007,2.4,36, 7224, 90.22,0.9022105657549644,2026-01-20
MSCIINDIA, EQ, 20-Jan-2026,30.51,30.55,30.55,29.86,29.97,29.96,30.16,22760,6.86,205, 19280, 84.71,0.8471001757469244,2026-01-20
MSPL, EQ, 20-Jan-2026,33.36,33.2,33.21,30.35,30.35,30.6,31.32,1751615,548.62,5415, 1169131, 66.75,0.6674588879405577,2026-01-20
MSTCLTD, EQ, 20-Jan-2026,472.85,473.5,474.9,457.0,460.25,458.2,463.94,134131,622.29,5887, 66736, 49.75,0.4975434463323169,2026-01-20
MSUMI, EQ, 20-Jan-2026,44.84,45.13,45.13,42.5,43.54,43.51,43.93,5683863,2497.08,34206, 2607449, 45.87,0.4587459268458793,2026-01-20
MTARTECH, EQ, 20-Jan-2026,2646.9,2633.0,2647.0,2481.0,2539.2,2516.0,2533.54,585313,14829.13,51115, 169652, 28.98,0.2898483375561452,2026-01-20
MTEDUCARE, BE, 20-Jan-2026,1.58,1.6,1.64,1.51,1.61,1.61,1.57,38780,0.61,83, -, -,,2026-01-20
MTNL, EQ, 20-Jan-2026,32.91,32.9,32.9,30.16,30.93,30.9,31.67,1505263,476.65,6652, 662556, 44.02,0.4401596265901706,2026-01-20
MUFIN, EQ, 20-Jan-2026,120.67,121.99,122.01,109.99,112.0,112.61,115.1,2733610,3146.34,11442, 1287753, 47.11,0.47108146370550297,2026-01-20
MUFTI, EQ, 20-Jan-2026,92.52,94.48,94.48,87.8,89.0,88.38,89.55,161063,144.24,2815, 109701, 68.11,0.6811061510092324,2026-01-20
MUKANDLTD, EQ, 20-Jan-2026,125.45,125.07,125.07,117.2,118.85,118.56,120.26,111149,133.67,2314, 57323, 51.57,0.5157311356827322,2026-01-20
MUKKA, EQ, 20-Jan-2026,21.95,21.81,21.95,20.8,21.0,21.05,21.49,376203,80.86,2089, 255744, 67.98,0.6798031913621103,2026-01-20
MUKTAARTS, EQ, 20-Jan-2026,62.84,65.65,65.65,57.51,58.95,58.36,60.89,11965,7.29,420, 9911, 82.83,0.828332636857501,2026-01-20
MULTICAP, EQ, 20-Jan-2026,16.21,16.3,16.3,15.8,15.87,15.87,16.0,360047,57.59,1495, 299318, 83.13,0.8313303540926601,2026-01-20
MUNJALAU, EQ, 20-Jan-2026,72.88,72.5,72.88,70.0,70.02,70.5,71.23,66714,47.52,1619, 34266, 51.36,0.5136253260185268,2026-01-20
MUNJALSHOW, EQ, 20-Jan-2026,120.13,118.21,121.67,116.8,117.0,117.23,118.37,35928,42.53,612, 28404, 79.06,0.7905811623246493,2026-01-20
MURUDCERA, EQ, 20-Jan-2026,33.95,34.25,34.5,33.16,33.5,33.36,33.66,16519,5.56,203, 10933, 66.18,0.6618439372843392,2026-01-20
MUTHOOTCAP, EQ, 20-Jan-2026,275.9,273.4,277.35,259.4,262.8,261.2,266.94,26336,70.3,771, 18602, 70.63,0.7063335358444714,2026-01-20
MUTHOOTFIN, EQ, 20-Jan-2026,3946.9,3962.0,3962.0,3891.5,3930.0,3930.4,3924.11,444231,17432.09,53813, 244524, 55.04,0.5504433504190387,2026-01-20
MUTHOOTMF, EQ, 20-Jan-2026,181.07,181.24,181.26,174.01,177.85,177.99,176.79,183189,323.86,4665, 93322, 50.94,0.5094301513737178,2026-01-20
MVGJL, EQ, 20-Jan-2026,176.2,175.0,176.76,170.0,171.9,171.48,173.24,59709,103.44,1133, 30913, 51.77,0.5177276457485471,2026-01-20
MWL, EQ, 20-Jan-2026,287.65,289.95,294.0,255.7,271.5,271.9,283.08,132571,375.28,2488, 59676, 45.01,0.450143696585226,2026-01-20
NACLIND, BE, 20-Jan-2026,174.32,174.32,179.4,167.75,170.0,168.58,170.86,71135,121.54,1552, -, -,,2026-01-20
NAGAFERT, EQ, 20-Jan-2026,4.86,4.86,4.9,4.55,4.7,4.66,4.7,516891,24.27,1204, 368431, 71.28,0.7127827723833459,2026-01-20
NAGREEKCAP, EQ, 20-Jan-2026,27.36,28.9,28.9,26.21,26.22,26.23,26.74,1274,0.34,52, 892, 70.02,0.7001569858712716,2026-01-20
NAGREEKEXP, EQ, 20-Jan-2026,26.1,25.15,25.95,25.15,25.3,25.4,25.41,6014,1.53,50, 4121, 68.52,0.6852344529431327,2026-01-20
NAHARCAP, EQ, 20-Jan-2026,233.0,234.95,237.75,225.0,225.5,225.3,228.21,1569,3.58,96, 1436, 91.52,0.9152326322498406,2026-01-20
NAHARINDUS, EQ, 20-Jan-2026,99.51,99.78,99.92,95.05,95.07,95.62,97.07,17432,16.92,417, 13183, 75.63,0.7562528682882056,2026-01-20
NAHARPOLY, EQ, 20-Jan-2026,227.13,227.0,227.58,220.93,226.89,225.46,225.64,25071,56.57,532, 22700, 90.54,0.9054285828247777,2026-01-20
NAHARSPING, EQ, 20-Jan-2026,169.35,169.35,171.64,158.22,159.95,159.4,162.98,31112,50.71,1349, 23600, 75.85,0.7585497557212652,2026-01-20
NAM-INDIA, EQ, 20-Jan-2026,881.15,881.0,881.15,840.6,847.8,852.1,855.5,691154,5912.83,30477, 364188, 52.69,0.5269274286193815,2026-01-20
NARMADA, EQ, 20-Jan-2026,28.41,28.7,28.91,25.98,27.62,27.63,27.51,414545,114.06,1809, 285453, 68.86,0.6885935181946471,2026-01-20
NATCAPSUQ, EQ, 20-Jan-2026,175.44,175.05,181.39,170.41,175.0,174.98,175.14,15609,27.34,107, 14994, 96.06,0.9605996540457429,2026-01-20
NATCOPHARM, EQ, 20-Jan-2026,845.75,851.2,854.95,818.05,821.0,822.75,835.88,472718,3951.36,33682, 206320, 43.65,0.4364547150732572,2026-01-20
NATHBIOGEN, EQ, 20-Jan-2026,147.48,146.25,147.67,136.0,137.0,138.73,141.32,36540,51.64,1022, 25509, 69.81,0.698111658456486,2026-01-20
NATIONALUM, EQ, 20-Jan-2026,368.65,367.5,370.8,357.2,358.75,358.95,362.13,13324472,48252.11,105900, 5102037, 38.29,0.38290725516178054,2026-01-20
NAUKRI, EQ, 20-Jan-2026,1317.4,1311.1,1324.2,1299.3,1301.1,1304.6,1307.86,965514,12627.6,42605, 659877, 68.34,0.6834463301412512,2026-01-20
NAVA, EQ, 20-Jan-2026,555.95,555.05,556.0,529.15,540.0,535.55,544.0,400161,2176.87,10844, 201219, 50.28,0.5028451048452998,2026-01-20
NAVINFLUOR, EQ, 20-Jan-2026,6112.5,6097.0,6113.0,5910.0,5929.5,5938.5,6000.56,101814,6109.41,22770, 44119, 43.33,0.4333294046005461,2026-01-20
NAVKARCORP, EQ, 20-Jan-2026,98.05,98.05,98.5,95.42,96.6,95.82,96.68,433986,419.58,3809, 196375, 45.25,0.4524915550271207,2026-01-20
NAVKARURB, BE, 20-Jan-2026,1.58,1.51,1.54,1.51,1.51,1.51,1.51,173974,2.63,228, -, -,,2026-01-20
NAVNETEDUL, EQ, 20-Jan-2026,141.0,141.0,141.0,139.0,139.5,139.56,139.62,86382,120.61,1077, 60894, 70.49,0.7049385288601792,2026-01-20
NAZARA, EQ, 20-Jan-2026,264.65,265.8,272.9,264.2,266.0,267.75,268.97,3322699,8937.04,20860, 908685, 27.35,0.27347797678935104,2026-01-20
NBCC, EQ, 20-Jan-2026,102.27,102.09,102.27,97.45,97.9,97.78,99.5,16259983,16178.97,70240, 5936092, 36.51,0.36507369042144755,2026-01-20
NBIFIN, EQ, 20-Jan-2026,2189.9,2298.7,2298.7,2135.0,2171.0,2146.5,2168.3,107,2.32,41, 48, 44.86,0.4485981308411215,2026-01-20
NCC, EQ, 20-Jan-2026,148.06,148.0,148.05,141.59,142.4,142.47,144.37,3748901,5412.38,39153, 1506701, 40.19,0.4019047182094166,2026-01-20
NCLIND, EQ, 20-Jan-2026,193.73,192.23,195.0,189.0,195.0,190.17,191.62,27984,53.62,1035, 20064, 71.70,0.7169811320754716,2026-01-20
NDGL, EQ, 20-Jan-2026,2670.2,2670.0,2699.7,2625.1,2689.0,2647.4,2663.25,78,2.08,42, 54, 69.23,0.6923076923076923,2026-01-20
NDL, EQ, 20-Jan-2026,2.94,2.94,2.96,2.85,2.91,2.87,2.9,1795666,52.06,1911, 1173267, 65.34,0.6533882136210186,2026-01-20
NDLVENTURE, EQ, 20-Jan-2026,92.11,92.01,93.99,89.1,89.52,89.58,89.52,17366,15.55,178, 15832, 91.17,0.9116664747207186,2026-01-20
NDRAUTO, EQ, 20-Jan-2026,714.15,710.0,713.0,685.15,688.0,693.2,695.32,30215,210.09,2920, 13038, 43.15,0.43150752937282805,2026-01-20
NDTV, EQ, 20-Jan-2026,88.29,88.29,88.29,83.11,84.01,85.01,86.52,254126,219.88,3289, 84877, 33.40,0.3339957343994711,2026-01-20
NECCLTD, EQ, 20-Jan-2026,16.78,16.78,17.0,14.67,15.0,15.06,15.35,271742,41.7,1171, 156347, 57.54,0.5753508842946619,2026-01-20
NECLIFE, BE, 20-Jan-2026,14.39,13.82,14.28,13.82,14.0,14.02,14.03,454333,63.75,926, -, -,,2026-01-20
NELCAST, EQ, 20-Jan-2026,92.41,93.79,93.79,88.12,89.0,89.29,90.69,44767,40.6,1000, 21046, 47.01,0.4701230817343132,2026-01-20
NELCO, EQ, 20-Jan-2026,653.25,653.25,659.0,621.45,628.0,625.9,643.21,94233,606.11,5829, 29202, 30.99,0.3098914393047022,2026-01-20
NEOGEN, EQ, 20-Jan-2026,1265.4,1252.0,1267.3,1200.0,1212.0,1205.5,1228.74,79569,977.7,10764, 29823, 37.48,0.3748067714813558,2026-01-20
NEPHROPLUS, EQ, 20-Jan-2026,514.5,515.9,516.95,488.05,490.0,494.75,507.19,364150,1846.92,18365, 190924, 52.43,0.5243004256487711,2026-01-20
NESCO, EQ, 20-Jan-2026,1145.6,1150.4,1167.5,1113.8,1116.0,1120.3,1138.68,87724,998.9,7391, 59955, 68.35,0.6834503670603256,2026-01-20
NESTLEIND, EQ, 20-Jan-2026,1315.6,1315.0,1317.1,1291.6,1296.6,1295.7,1306.84,1173676,15338.04,62943, 520243, 44.33,0.44325946854157366,2026-01-20
NETF, EQ, 20-Jan-2026,276.95,276.94,276.95,272.75,274.65,273.29,274.86,3584,9.85,195, 3194, 89.12,0.8911830357142857,2026-01-20
NETWEB, EQ, 20-Jan-2026,3403.1,3420.1,3437.4,3219.1,3249.0,3234.8,3302.31,2082093,68757.15,149441, 293355, 14.09,0.14089428282021985,2026-01-20
NETWORK18, EQ, 20-Jan-2026,39.4,39.38,39.5,37.47,37.62,37.62,38.34,4064871,1558.51,22829, 1838200, 45.22,0.4522160727855816,2026-01-20
NEULANDLAB, EQ, 20-Jan-2026,13899.0,13900.0,13969.0,13403.0,13590.0,13581.0,13592.17,50254,6830.61,11545, 22983, 45.73,0.457336729414574,2026-01-20
NEWGEN, EQ, 20-Jan-2026,735.2,739.25,739.25,617.55,624.9,628.45,646.92,7305075,47257.83,246719, 1006192, 13.77,0.13773876380461528,2026-01-20
NEXT30ADD, EQ, 20-Jan-2026,40.52,40.68,40.72,39.82,39.82,39.87,40.25,15355,6.18,101, 9856, 64.19,0.6418756105503094,2026-01-20
NEXT50, EQ, 20-Jan-2026,706.56,703.03,706.12,686.27,688.79,689.04,695.37,301291,2095.09,1452, 287859, 95.54,0.955418515654301,2026-01-20
NEXT50ADD, EQ, 20-Jan-2026,68.74,68.45,68.45,67.04,67.04,67.34,67.58,2198,1.49,58, 1485, 67.56,0.675614194722475,2026-01-20
NEXT50BETA, EQ, 20-Jan-2026,73.6,73.59,73.86,71.7,72.44,71.98,72.67,140897,102.38,1605, 58463, 41.49,0.41493431371853196,2026-01-20
NEXT50ETF, EQ, 20-Jan-2026,68.88,69.3,71.5,67.5,67.5,67.61,68.2,21963,14.98,158, 14073, 64.08,0.6407594590902882,2026-01-20
NEXT50IETF, EQ, 20-Jan-2026,72.2,72.77,72.77,70.34,70.95,70.56,71.15,1148539,817.23,11507, 846926, 73.74,0.7373942025477584,2026-01-20
NEXTMEDIA, EQ, 20-Jan-2026,5.76,5.76,5.92,5.57,5.69,5.58,5.72,9590,0.55,194, 7044, 73.45,0.7345151199165798,2026-01-20
NFL, EQ, 20-Jan-2026,81.96,81.75,82.1,78.5,78.99,79.31,80.57,704385,567.53,6467, 322883, 45.84,0.4583899429999219,2026-01-20
NGIL, EQ, 20-Jan-2026,28.37,28.37,29.9,27.1,27.1,27.27,28.19,158958,44.81,688, 19517, 12.28,0.12278086035304923,2026-01-20
NGLFINE, EQ, 20-Jan-2026,1549.3,1557.0,1592.9,1512.2,1525.4,1531.7,1553.37,5914,91.87,715, 4118, 69.63,0.696313831586067,2026-01-20
NH, EQ, 20-Jan-2026,1862.1,1860.0,1862.0,1807.0,1817.0,1819.4,1822.91,231650,4222.78,29825, 113098, 48.82,0.4882279300669113,2026-01-20
NHPC, EQ, 20-Jan-2026,79.42,79.1,79.2,77.14,77.68,77.57,78.25,11440113,8952.18,56496, 5060078, 44.23,0.4423101415169588,2026-01-20
NIACL, EQ, 20-Jan-2026,147.26,146.65,147.36,143.0,143.4,143.52,144.63,354513,512.75,15014, 138767, 39.14,0.3914299334580114,2026-01-20
NIBE, EQ, 20-Jan-2026,1130.2,1130.2,1130.2,1070.7,1081.0,1077.9,1091.82,29914,326.61,2855, 17034, 56.94,0.5694323728020325,2026-01-20
NIBL, EQ, 20-Jan-2026,30.72,31.0,32.0,27.26,28.0,28.78,29.99,71449,21.43,1006, 39636, 55.47,0.5547453428319501,2026-01-20
NIF100BEES, EQ, 20-Jan-2026,276.29,276.3,277.45,272.0,274.0,272.95,274.29,30078,82.5,921, 25535, 84.90,0.8489593722986901,2026-01-20
NIF100IETF, EQ, 20-Jan-2026,29.16,30.01,30.01,28.65,28.76,28.76,28.87,145885,42.11,1354, 100937, 69.19,0.6918943003050347,2026-01-20
NIFTY1, EQ, 20-Jan-2026,282.53,282.52,282.52,277.61,279.88,278.91,279.34,288293,805.32,2435, 222933, 77.33,0.7732862053535813,2026-01-20
NIFTY100EW, EQ, 20-Jan-2026,33.77,33.79,33.79,33.04,33.37,33.13,33.37,28305,9.45,239, 20099, 71.01,0.7100865571453807,2026-01-20
NIFTYADD, EQ, 20-Jan-2026,267.85,267.7,267.8,264.05,265.38,264.81,266.48,56848,151.49,431, 47293, 83.19,0.8319202082746975,2026-01-20
NIFTYBEES, EQ, 20-Jan-2026,289.63,290.89,290.89,285.6,287.0,286.28,287.59,9366361,26936.59,113175, 7392959, 78.93,0.789309636901674,2026-01-20
NIFTYBETA, EQ, 20-Jan-2026,281.81,282.76,282.76,278.01,278.8,278.76,280.08,116967,327.61,869, 70360, 60.15,0.6015371857019501,2026-01-20
NIFTYBETF, EQ, 20-Jan-2026,261.82,261.62,261.62,257.56,257.9,258.16,259.63,55238,143.42,538, 30315, 54.88,0.5488069807016909,2026-01-20
NIFTYCASE, EQ, 20-Jan-2026,10.19,10.24,10.24,10.03,10.1,10.06,10.12,1422952,143.95,2841, 888794, 62.46,0.6246127768188948,2026-01-20
NIFTYETF, EQ, 20-Jan-2026,276.47,283.38,283.38,272.2,272.7,272.74,274.26,225721,619.05,2220, 126235, 55.93,0.5592523513541053,2026-01-20
NIFTYIETF, EQ, 20-Jan-2026,288.12,288.12,288.88,284.0,285.5,284.55,286.17,983283,2813.84,14589, 621975, 63.25,0.63254932710115,2026-01-20
NIFTYQLITY, EQ, 20-Jan-2026,22.25,22.2,22.24,21.71,21.93,21.83,21.98,78724,17.3,521, 67827, 86.16,0.8615796961536507,2026-01-20
NIITLTD, EQ, 20-Jan-2026,80.91,80.91,80.92,76.53,77.0,77.05,78.34,519649,407.08,5736, 240116, 46.21,0.4620734380322102,2026-01-20
NIITMTS, EQ, 20-Jan-2026,404.95,400.0,406.45,395.25,400.0,401.0,399.71,36968,147.76,2914, 17595, 47.60,0.4759521748539277,2026-01-20
NILAINFRA, EQ, 20-Jan-2026,9.09,9.16,9.16,8.45,8.65,8.6,8.84,325154,28.75,1174, 241895, 74.39,0.7439397946819045,2026-01-20
NILASPACES, EQ, 20-Jan-2026,13.66,13.49,13.81,12.81,13.44,13.25,13.26,781112,103.59,1893, 472595, 60.50,0.6050284722293345,2026-01-20
NILKAMAL, EQ, 20-Jan-2026,1398.5,1405.9,1405.9,1362.0,1400.0,1381.5,1395.45,6170,86.1,343, 5084, 82.40,0.8239870340356564,2026-01-20
NINSYS, EQ, 20-Jan-2026,338.2,338.2,387.25,333.0,335.0,339.8,353.1,95997,338.96,2976, 55416, 57.73,0.5772680396262383,2026-01-20
NIPPOBATRY, EQ, 20-Jan-2026,396.1,394.15,399.9,391.5,396.9,393.7,396.54,2383,9.45,141, 2125, 89.17,0.8917331095258078,2026-01-20
NIRAJ, EQ, 20-Jan-2026,33.29,36.3,37.0,33.3,33.3,33.84,35.1,318670,111.86,2152, 113003, 35.46,0.35460821539523646,2026-01-20
NIRAJISPAT, EQ, 20-Jan-2026,197.57,182.4,196.39,180.0,182.0,182.59,183.87,269,0.49,21, 213, 79.18,0.79182156133829,2026-01-20
NITCO, EQ, 20-Jan-2026,87.26,87.0,87.0,81.5,82.0,82.15,83.96,312780,262.6,5390, 147177, 47.05,0.4705447918664876,2026-01-20
NITINSPIN, EQ, 20-Jan-2026,317.75,315.2,316.3,306.75,307.0,307.45,310.53,49505,153.73,1121, 29620, 59.83,0.5983234016765984,2026-01-20
NITIRAJ, EQ, 20-Jan-2026,186.16,183.6,191.9,177.2,189.8,188.98,183.58,6325,11.61,162, 3530, 55.81,0.558102766798419,2026-01-20
NIVABUPA, EQ, 20-Jan-2026,77.99,77.99,78.13,76.54,77.6,77.17,77.63,1316938,1022.4,10248, 870095, 66.07,0.6606954921188393,2026-01-20
NKIND, EQ, 20-Jan-2026,63.32,62.05,64.8,59.5,60.0,60.44,61.98,267,0.17,21, 141, 52.81,0.5280898876404494,2026-01-20
NLCINDIA, EQ, 20-Jan-2026,256.35,253.0,257.9,250.65,255.0,253.5,255.33,2769128,7070.44,36958, 1782235, 64.36,0.6436087461468014,2026-01-20
NMDC, EQ, 20-Jan-2026,81.39,81.39,81.95,78.32,78.32,78.84,79.89,18241676,14572.4,56275, 6986888, 38.30,0.3830178762083045,2026-01-20
NOCIL, EQ, 20-Jan-2026,132.53,132.0,133.9,128.2,128.65,128.9,130.6,935780,1222.16,6436, 751487, 80.31,0.8030594797922589,2026-01-20
NOIDATOLL, EQ, 20-Jan-2026,3.71,3.78,3.84,3.53,3.6,3.56,3.65,182066,6.64,340, 157392, 86.45,0.8644777168719036,2026-01-20
NORBTEAEXP, BE, 20-Jan-2026,93.13,91.3,91.3,91.27,91.27,91.27,91.27,374,0.34,12, -, -,,2026-01-20
NORTHARC, EQ, 20-Jan-2026,263.5,263.5,263.66,258.65,261.9,259.9,261.3,707217,1847.96,8171, 497944, 70.41,0.7040894096154363,2026-01-20
NOVAAGRI, EQ, 20-Jan-2026,35.63,36.34,36.34,34.6,34.6,34.84,35.09,94685,33.23,1029, 69649, 73.56,0.7355864181232508,2026-01-20
NPBET, EQ, 20-Jan-2026,296.23,295.36,296.89,292.82,292.82,293.41,295.02,1905,5.62,28, 1751, 91.92,0.9191601049868766,2026-01-20
NPST, EQ, 20-Jan-2026,1451.8,1450.1,1450.1,1400.0,1400.0,1400.4,1411.56,14311,202.01,1301, 8019, 56.03,0.5603382013835511,2026-01-20
NRAIL, EQ, 20-Jan-2026,450.8,453.1,455.0,430.2,431.5,431.55,435.28,4237,18.44,448, 3044, 71.84,0.7184328534340335,2026-01-20
NRBBEARING, EQ, 20-Jan-2026,250.35,250.0,250.2,239.0,240.05,243.25,244.67,332341,813.15,6008, 188603, 56.75,0.5674984428644073,2026-01-20
NRL, EQ, 20-Jan-2026,54.2,53.56,54.91,53.06,53.5,53.69,53.97,80335,43.36,1356, 57338, 71.37,0.7137362295388062,2026-01-20
NSIL, EQ, 20-Jan-2026,6161.5,6078.5,6139.5,5901.0,5920.0,5969.0,6032.17,4919,296.72,1099, 3123, 63.49,0.6348851392559464,2026-01-20
NSLNISP, EQ, 20-Jan-2026,41.4,41.4,41.48,39.6,39.99,39.84,40.42,4178378,1688.79,18982, 1975077, 47.27,0.4726898810974019,2026-01-20
NTPC, EQ, 20-Jan-2026,343.35,343.0,348.3,337.7,339.0,338.75,343.54,7718407,26515.61,98641, 3168969, 41.06,0.41057293298992914,2026-01-20
NTPCGREEN, EQ, 20-Jan-2026,92.15,91.38,92.09,90.15,90.55,90.59,91.2,3256450,2969.98,29140, 1344998, 41.30,0.4130258410232001,2026-01-20
NUCLEUS, EQ, 20-Jan-2026,909.2,907.0,915.95,880.2,901.0,895.8,898.17,23591,211.89,1921, 16144, 68.43,0.6843287694459752,2026-01-20
NURECA, EQ, 20-Jan-2026,326.85,330.4,334.5,310.55,310.55,310.55,314.66,54369,171.08,1300, 36222, 66.62,0.6662252386470231,2026-01-20
NUVAMA, EQ, 20-Jan-2026,1455.7,1455.0,1456.4,1416.9,1427.5,1421.4,1432.96,661994,9486.11,29658, 187915, 28.39,0.2838620893844959,2026-01-20
NUVOCO, EQ, 20-Jan-2026,347.6,347.5,354.2,344.1,345.0,347.05,348.86,404675,1411.77,20152, 193382, 47.79,0.47786989559523074,2026-01-20
NV20, EQ, 20-Jan-2026,155.55,155.54,155.71,153.06,154.54,153.6,154.78,8236,12.75,204, 4975, 60.41,0.6040553666828558,2026-01-20
NV20BEES, EQ, 20-Jan-2026,155.94,155.94,155.97,153.43,154.39,154.09,154.9,43821,67.88,321, 33393, 76.20,0.762031902512494,2026-01-20
NV20IETF, EQ, 20-Jan-2026,15.18,15.48,15.48,14.93,15.13,15.01,15.11,353225,53.36,2142, 204773, 57.97,0.5797239719725388,2026-01-20
NYKAA, EQ, 20-Jan-2026,250.8,249.55,250.2,241.15,242.65,242.35,246.02,3608580,8877.99,42655, 1594642, 44.19,0.44190290917757125,2026-01-20
OAL, EQ, 20-Jan-2026,263.75,263.75,263.75,255.05,260.0,258.55,257.71,10823,27.89,488, 8499, 78.53,0.7852721057008223,2026-01-20
OBCL, EQ, 20-Jan-2026,55.21,55.05,55.21,54.97,55.0,55.0,55.04,11473,6.31,60, 11401, 99.37,0.9937243964089602,2026-01-20
OBEROIRLTY, EQ, 20-Jan-2026,1654.9,1616.0,1616.0,1505.4,1527.6,1523.8,1538.57,4119917,63387.92,165337, 1935324, 46.97,0.4697482983273692,2026-01-20
OCCLLTD, EQ, 20-Jan-2026,96.06,95.95,95.95,90.55,91.0,90.91,92.2,112699,103.91,848, 92440, 82.02,0.8202379790415176,2026-01-20
ODIGMA, EQ, 20-Jan-2026,28.49,28.49,29.11,27.2,27.8,27.66,27.83,24130,6.72,907, 18503, 76.68,0.7668048072938252,2026-01-20
OFSS, EQ, 20-Jan-2026,7990.5,7975.0,8008.0,7794.0,7797.0,7825.0,7915.88,167450,13255.14,27868, 68927, 41.16,0.4116273514481935,2026-01-20
OIL, EQ, 20-Jan-2026,435.8,436.1,440.5,426.75,427.15,429.0,433.03,1946848,8430.46,37187, 699827, 35.95,0.3594666866648038,2026-01-20
OILCOUNTUB, EQ, 20-Jan-2026,53.18,52.8,53.85,47.7,48.87,48.56,50.75,84020,42.64,1290, 53886, 64.13,0.6413472982623185,2026-01-20
OILIETF, EQ, 20-Jan-2026,11.72,11.73,11.8,11.51,11.68,11.57,11.6,3886759,450.93,5793, 2920596, 75.14,0.7514219430636168,2026-01-20
OLAELEC, EQ, 20-Jan-2026,35.73,35.73,35.78,32.17,32.87,32.56,33.53,139090948,46635.79,265424, 41792672, 30.05,0.3004701067965976,2026-01-20
OLECTRA, EQ, 20-Jan-2026,1082.6,1082.7,1087.0,1026.6,1037.5,1034.6,1054.32,497908,5249.56,34974, 203205, 40.81,0.40811756388730447,2026-01-20
OMAXAUTO, EQ, 20-Jan-2026,96.09,97.0,97.66,93.0,94.8,94.34,95.56,35030,33.48,2014, 16967, 48.44,0.48435626605766485,2026-01-20
OMAXE, EQ, 20-Jan-2026,73.47,73.47,73.98,70.0,70.6,70.42,71.76,390893,280.52,3959, 125931, 32.22,0.3221623308680381,2026-01-20
OMFREIGHT, EQ, 20-Jan-2026,99.12,98.0,99.19,94.0,95.0,94.53,96.75,69979,67.71,1420, 43649, 62.37,0.623744266136984,2026-01-20
OMINFRAL, EQ, 20-Jan-2026,81.52,80.79,80.79,77.2,78.68,78.42,78.82,176174,138.86,2505, 74014, 42.01,0.42011874623951323,2026-01-20
OMKARCHEM, BZ, 20-Jan-2026,5.97,5.7,6.25,5.7,5.86,5.8,5.83,5514,0.32,112, -, -,,2026-01-20
ONELIFECAP, BE, 20-Jan-2026,16.12,15.6,16.48,15.6,15.95,15.67,15.7,8437,1.32,37, -, -,,2026-01-20
ONEPOINT, EQ, 20-Jan-2026,57.7,57.62,58.5,55.0,55.39,55.33,57.14,4236538,2420.89,12956, 951571, 22.46,0.22461051924944378,2026-01-20
ONESOURCE, EQ, 20-Jan-2026,1717.1,1717.1,1717.7,1659.9,1675.0,1673.6,1677.57,118079,1980.85,17460, 59983, 50.80,0.5079904131979438,2026-01-20
ONGC, EQ, 20-Jan-2026,243.11,243.11,245.34,239.71,240.64,240.39,241.66,6496057,15698.51,85972, 3476720, 53.52,0.5352046633827259,2026-01-20
ONMOBILE, EQ, 20-Jan-2026,54.97,54.97,55.28,50.42,51.51,51.54,52.42,482385,252.88,6335, 229452, 47.57,0.4756615566404428,2026-01-20
ONWARDTEC, EQ, 20-Jan-2026,316.5,316.5,318.0,308.8,316.5,311.4,312.32,45747,142.88,2533, 22363, 48.88,0.4888407983037139,2026-01-20
OPTIEMUS, EQ, 20-Jan-2026,442.65,445.0,451.75,412.2,418.0,416.25,424.67,182183,773.67,6790, 111103, 60.98,0.6098428503208313,2026-01-20
ORBTEXP, EQ, 20-Jan-2026,172.38,170.0,173.01,160.3,164.9,162.18,167.53,18708,31.34,517, 11603, 62.02,0.6202159503955527,2026-01-20
ORCHASP, EQ, 20-Jan-2026,2.66,2.65,2.74,2.45,2.6,2.59,2.58,423812,10.94,406, 341388, 80.55,0.8055175407963908,2026-01-20
ORCHPHARMA, EQ, 20-Jan-2026,711.85,712.0,712.0,682.55,700.0,700.8,694.0,238474,1655.02,6361, 195039, 81.79,0.8178627439469293,2026-01-20
ORICONENT, BE, 20-Jan-2026,61.0,59.56,61.19,58.7,59.75,59.31,60.28,105376,63.52,331, -, -,,2026-01-20
ORIENTALTL, EQ, 20-Jan-2026,7.97,7.97,8.13,7.36,7.7,7.72,7.8,135231,10.55,790, 95964, 70.96,0.7096301883443885,2026-01-20
ORIENTBELL, EQ, 20-Jan-2026,270.75,271.3,271.3,262.6,269.1,266.8,265.69,8053,21.4,477, 5934, 73.69,0.7368682478579411,2026-01-20
ORIENTCEM, EQ, 20-Jan-2026,169.23,168.5,170.87,163.25,164.11,164.44,167.28,1046939,1751.33,5207, 305725, 29.20,0.29201796857314516,2026-01-20
ORIENTCER, EQ, 20-Jan-2026,43.33,43.1,43.51,41.0,41.04,41.21,42.0,152492,64.04,2450, 87338, 57.27,0.572738242006138,2026-01-20
ORIENTELEC, EQ, 20-Jan-2026,166.96,167.01,167.9,160.12,163.96,161.45,163.6,150008,245.41,3736, 45082, 30.05,0.30053063836595384,2026-01-20
ORIENTHOT, EQ, 20-Jan-2026,108.97,108.98,110.55,106.71,108.0,108.38,108.07,330534,357.2,2840, 176558, 53.42,0.5341598746271186,2026-01-20
ORIENTLTD, EQ, 20-Jan-2026,67.59,68.0,68.0,64.16,64.26,64.86,65.58,3106,2.04,91, 2331, 75.05,0.7504829362524147,2026-01-20
ORIENTPPR, EQ, 20-Jan-2026,20.87,20.87,20.87,20.0,20.09,20.02,20.23,369256,74.7,1639, 251631, 68.15,0.6814540589726369,2026-01-20
ORIENTTECH, EQ, 20-Jan-2026,356.6,355.05,359.9,339.0,342.0,341.7,348.99,846006,2952.45,12072, 151353, 17.89,0.1789029865036418,2026-01-20
ORISSAMINE, EQ, 20-Jan-2026,4750.5,4840.0,4840.0,4550.0,4581.0,4592.5,4651.6,9294,432.32,2324, 4985, 53.64,0.5363675489563159,2026-01-20
ORKLAINDIA, EQ, 20-Jan-2026,600.0,598.0,600.0,590.0,590.1,591.85,595.25,97588,580.89,13983, 66252, 67.89,0.6788949460999303,2026-01-20
ORTINGLOBE, BE, 20-Jan-2026,13.19,13.15,13.15,12.54,12.54,12.54,12.56,9078,1.14,24, -, -,,2026-01-20
OSIAHYPER, EQ, 20-Jan-2026,13.82,13.87,14.01,13.54,13.55,13.64,13.72,218389,29.97,810, 153468, 70.27,0.7027277014867965,2026-01-20
OSWALAGRO, EQ, 20-Jan-2026,51.93,51.0,54.57,49.99,50.01,50.2,51.82,66147,34.28,954, 40888, 61.81,0.6181383887402301,2026-01-20
OSWALGREEN, EQ, 20-Jan-2026,28.71,28.98,28.98,27.02,27.2,27.34,27.86,227281,63.31,3710, 96143, 42.30,0.4230138022975964,2026-01-20
OSWALPUMPS, EQ, 20-Jan-2026,433.5,433.5,435.95,415.5,424.75,422.7,425.71,418827,1783.0,12219, 175847, 41.99,0.41985593096911134,2026-01-20
OSWALSEEDS, EQ, 20-Jan-2026,14.25,14.25,14.57,13.66,13.67,13.78,13.87,85391,11.84,500, 50577, 59.23,0.5922989542223419,2026-01-20
PACEDIGITK, EQ, 20-Jan-2026,175.5,176.02,176.19,163.1,166.7,164.24,169.51,711923,1206.81,11071, 373286, 52.43,0.5243347946336894,2026-01-20
PAGEIND, EQ, 20-Jan-2026,34285.0,34285.0,34290.0,31740.0,33050.0,32970.0,33520.72,57576,19299.89,22991, 27334, 47.47,0.4747464221203279,2026-01-20
PAISALO, EQ, 20-Jan-2026,33.46,33.46,34.4,32.1,32.61,32.75,32.87,4448140,1461.93,6559, 2507005, 56.36,0.5636074853759099,2026-01-20
PAKKA, EQ, 20-Jan-2026,95.35,95.11,96.75,93.49,93.49,93.57,94.12,52514,49.43,1013, 38297, 72.93,0.7292721940815783,2026-01-20
PALASHSECU, EQ, 20-Jan-2026,98.0,97.43,97.43,95.25,95.99,95.94,95.85,1756,1.68,36, 714, 40.66,0.40660592255125283,2026-01-20
PALREDTEC, EQ, 20-Jan-2026,42.85,44.23,44.23,40.71,40.71,40.71,41.25,11780,4.86,213, 8998, 76.38,0.7638370118845501,2026-01-20
PANACEABIO, EQ, 20-Jan-2026,391.65,393.0,395.8,380.1,384.9,382.95,388.63,226650,880.83,5940, 86858, 38.32,0.3832252371497904,2026-01-20
PANACHE, EQ, 20-Jan-2026,285.3,297.45,297.45,271.05,279.8,274.9,277.24,42117,116.77,325, 12306, 29.22,0.29218605313768786,2026-01-20
PANAMAPET, EQ, 20-Jan-2026,292.9,292.6,292.6,280.1,280.15,283.0,285.91,28762,82.23,1706, 15956, 55.48,0.5547597524511508,2026-01-20
PANSARI, BE, 20-Jan-2026,308.7,307.0,307.0,295.25,307.0,297.45,295.97,88,0.26,7, -, -,,2026-01-20
PAR, EQ, 20-Jan-2026,91.54,90.5,91.01,88.01,88.6,88.43,89.27,7639,6.82,272, 6032, 78.96,0.7896321508050792,2026-01-20
PARACABLES, EQ, 20-Jan-2026,34.32,34.48,34.9,32.08,32.8,32.71,33.45,803908,268.92,3939, 493790, 61.42,0.6142369524871005,2026-01-20
PARADEEP, EQ, 20-Jan-2026,137.43,136.76,136.76,131.0,132.2,131.64,133.94,4247426,5688.88,45292, 1728395, 40.69,0.40692763099345347,2026-01-20
PARAGMILK, EQ, 20-Jan-2026,269.45,270.05,272.45,260.0,263.3,261.7,266.28,593215,1579.6,10992, 291177, 49.08,0.4908456461822442,2026-01-20
PARAS, EQ, 20-Jan-2026,654.55,653.7,657.75,621.3,629.5,626.3,637.37,540137,3442.67,32106, 199301, 36.90,0.36898231374632734,2026-01-20
PARASPETRO, EQ, 20-Jan-2026,1.76,1.72,1.78,1.71,1.74,1.72,1.72,150067,2.59,339, 135641, 90.39,0.903869604909807,2026-01-20
PARKHOSPS, EQ, 20-Jan-2026,155.43,155.98,156.45,150.65,153.0,153.92,153.41,1238278,1899.69,11695, 429421, 34.68,0.3467888470924946,2026-01-20
PARKHOTELS, EQ, 20-Jan-2026,125.36,125.9,126.36,121.52,123.2,123.0,122.83,433379,532.32,6360, 225671, 52.07,0.5207243544334174,2026-01-20
PARSVNATH, EQ, 20-Jan-2026,8.81,8.81,8.96,8.5,8.55,8.54,8.66,318986,27.63,793, 206344, 64.69,0.6468747844732997,2026-01-20
PASHUPATI, EQ, 20-Jan-2026,819.45,845.0,845.0,750.0,770.0,797.3,803.99,1536,12.35,417, 999, 65.04,0.650390625,2026-01-20
PASUPTAC, EQ, 20-Jan-2026,48.39,48.1,49.5,43.62,44.06,44.06,45.94,400674,184.07,2880, 295775, 73.82,0.738193643710348,2026-01-20
PATANJALI, EQ, 20-Jan-2026,521.25,524.6,525.4,500.0,502.0,502.0,507.3,1898584,9631.59,30372, 650521, 34.26,0.34263482679723417,2026-01-20
PATELENG, EQ, 20-Jan-2026,30.15,30.15,30.35,28.55,28.75,28.72,29.21,12667651,3700.47,22976, 3683755, 29.08,0.2908001649240258,2026-01-20
PATELRMART, EQ, 20-Jan-2026,174.56,175.0,209.47,169.91,204.6,207.22,201.05,4706891,9463.41,31112, 499281, 10.61,0.10607447676183707,2026-01-20
PATINTLOG, EQ, 20-Jan-2026,12.98,13.09,13.6,12.4,12.41,12.42,12.67,94827,12.02,459, 73008, 76.99,0.769907304881521,2026-01-20
PAUSHAKLTD, EQ, 20-Jan-2026,527.15,527.15,534.2,524.0,532.8,532.05,529.36,11460,60.67,604, 8514, 74.29,0.7429319371727748,2026-01-20
PAVNAIND, EQ, 20-Jan-2026,19.65,20.25,20.34,19.23,19.43,19.47,19.73,88542,17.47,1028, 52925, 59.77,0.5977389261593368,2026-01-20
PAYTM, EQ, 20-Jan-2026,1331.4,1332.5,1335.9,1288.7,1300.0,1296.8,1308.13,1715940,22446.72,50488, 756691, 44.10,0.4409775400072264,2026-01-20
PCBL, EQ, 20-Jan-2026,272.35,272.85,273.0,263.05,265.1,264.7,268.85,946727,2545.23,26096, 329871, 34.84,0.34843307521598094,2026-01-20
PCJEWELLER, EQ, 20-Jan-2026,10.51,10.55,10.7,10.36,10.6,10.63,10.55,76496097,8068.96,33754, 27677559, 36.18,0.3618166166046354,2026-01-20
PDMJEPAPER, EQ, 20-Jan-2026,86.87,86.87,86.94,82.71,83.91,83.29,84.53,84712,71.61,1958, 52032, 61.42,0.6142223061667769,2026-01-20
PDSL, EQ, 20-Jan-2026,329.95,330.0,332.8,317.35,317.35,320.8,326.51,49754,162.45,2171, 26314, 52.89,0.5288820999316638,2026-01-20
PEARLPOLY, EQ, 20-Jan-2026,21.04,21.68,21.68,20.4,20.66,20.66,20.69,8650,1.79,78, 7688, 88.88,0.8887861271676301,2026-01-20
PENIND, EQ, 20-Jan-2026,169.32,169.31,169.99,161.1,162.4,162.23,165.33,851149,1407.23,17692, 390936, 45.93,0.4593038351686955,2026-01-20
PENINLAND, EQ, 20-Jan-2026,22.11,22.3,22.35,20.81,21.0,21.32,21.62,570068,123.25,1273, 401054, 70.35,0.7035195801202664,2026-01-20
PERSISTENT, EQ, 20-Jan-2026,6438.0,6419.5,6491.0,6300.0,6306.0,6342.5,6385.43,573688,36632.46,54393, 253559, 44.20,0.4419806584763844,2026-01-20
PETRONET, EQ, 20-Jan-2026,280.05,279.7,281.1,272.05,273.45,273.75,275.28,2656370,7312.36,46122, 1448569, 54.53,0.5453189879421918,2026-01-20
PFC, EQ, 20-Jan-2026,372.15,370.75,371.3,358.0,360.5,360.5,364.34,4993397,18193.11,55205, 2134847, 42.75,0.42753400140225184,2026-01-20
PFIZER, EQ, 20-Jan-2026,4694.5,4670.0,4698.9,4620.0,4650.0,4659.4,4653.87,11483,534.4,4522, 5913, 51.49,0.5149351214839327,2026-01-20
PFOCUS, EQ, 20-Jan-2026,217.35,219.47,222.82,205.75,208.25,208.23,212.05,3051594,6470.97,28505, 647658, 21.22,0.21223596585915427,2026-01-20
PFS, EQ, 20-Jan-2026,33.23,33.12,33.4,31.8,32.0,32.07,32.39,750907,243.21,2801, 466619, 62.14,0.6214071782524334,2026-01-20
PGEL, EQ, 20-Jan-2026,575.45,570.5,572.95,549.1,551.5,551.4,558.42,2281119,12738.29,39798, 888016, 38.93,0.3892896424956348,2026-01-20
PGHH, EQ, 20-Jan-2026,12162.0,12250.0,12250.0,11934.0,12000.0,11980.0,12033.66,5649,679.78,2271, 3476, 61.53,0.61533014692866,2026-01-20
PGHL, EQ, 20-Jan-2026,5443.0,5443.0,5490.0,5404.5,5455.0,5450.5,5448.88,5582,304.16,1667, 3551, 63.62,0.6361519168756719,2026-01-20
PGIL, EQ, 20-Jan-2026,1451.1,1440.8,1463.7,1399.0,1400.0,1402.5,1421.71,71924,1022.55,8137, 38486, 53.51,0.5350925977420611,2026-01-20
PHARMABEES, EQ, 20-Jan-2026,22.7,23.26,23.26,22.22,22.35,22.28,22.45,5729662,1286.49,18256, 4134916, 72.17,0.721668398589655,2026-01-20
PHOENIXLTD, EQ, 20-Jan-2026,1841.0,1852.8,1852.8,1773.6,1778.6,1782.8,1801.42,388667,7001.53,34551, 231970, 59.68,0.5968348226116444,2026-01-20
PICCADIL, EQ, 20-Jan-2026,575.0,576.0,576.0,551.65,556.0,554.25,562.98,102580,577.51,5889, 46710, 45.54,0.45535192045232986,2026-01-20
PIDILITIND, EQ, 20-Jan-2026,1474.8,1474.8,1474.9,1427.5,1433.5,1435.2,1451.06,591626,8584.86,31947, 340181, 57.50,0.5749933234847691,2026-01-20
PIGL, EQ, 20-Jan-2026,108.78,108.71,109.91,103.35,103.35,103.48,105.92,33712,35.71,887, 23129, 68.61,0.6860761746559089,2026-01-20
PIIND, EQ, 20-Jan-2026,3221.0,3220.8,3236.4,3146.1,3164.9,3153.2,3190.01,219336,6996.84,22521, 127548, 58.15,0.5815187657292921,2026-01-20
PILANIINVS, EQ, 20-Jan-2026,4748.5,4701.0,4732.0,4658.5,4665.0,4693.0,4694.33,2097,98.44,619, 1240, 59.13,0.5913209346685742,2026-01-20
PILITA, EQ, 20-Jan-2026,9.2,9.3,9.44,9.0,9.2,9.1,9.17,92803,8.51,321, 79474, 85.64,0.8563731775912417,2026-01-20
PINELABS, EQ, 20-Jan-2026,240.85,239.66,239.66,224.6,229.49,227.5,233.29,1075688,2509.52,25535, 536159, 49.84,0.49843356066071204,2026-01-20
PIONEEREMB, EQ, 20-Jan-2026,25.88,26.25,26.25,23.75,23.99,24.16,24.66,26717,6.59,200, 23582, 88.27,0.8826589811730359,2026-01-20
PIRAMALFIN, EQ, 20-Jan-2026,1837.8,1837.3,1837.7,1777.7,1806.4,1806.2,1805.54,253858,4583.51,22373, 119669, 47.14,0.4714013346043851,2026-01-20
PITTIENG, EQ, 20-Jan-2026,705.6,702.0,704.85,690.0,698.25,697.8,698.56,26290,183.65,2140, 17596, 66.93,0.6693039178394827,2026-01-20
PIXTRANS, EQ, 20-Jan-2026,1288.2,1270.0,1307.7,1265.0,1269.4,1268.8,1283.96,8531,109.53,1102, 4725, 55.39,0.5538623842456922,2026-01-20
PKTEA, EQ, 20-Jan-2026,679.7,703.6,703.6,662.0,674.0,672.0,678.93,41,0.28,14, 27, 65.85,0.6585365853658537,2026-01-20
PLASTIBLEN, EQ, 20-Jan-2026,155.03,155.08,158.24,151.0,152.01,152.18,152.77,8257,12.61,303, 5928, 71.79,0.7179362964757176,2026-01-20
PLATIND, EQ, 20-Jan-2026,220.05,222.44,225.0,218.8,221.98,220.28,221.34,105008,232.42,3243, 51392, 48.94,0.48941033064147493,2026-01-20
PLAZACABLE, EQ, 20-Jan-2026,38.58,38.58,39.78,37.11,37.37,37.32,37.87,52695,19.95,1896, 26776, 50.81,0.5081317012999336,2026-01-20
PNB, EQ, 20-Jan-2026,128.05,127.9,130.35,125.1,125.37,125.77,126.49,46607190,58953.26,152971, 19275427, 41.36,0.4135719617509659,2026-01-20
PNBGILTS, EQ, 20-Jan-2026,83.45,83.0,83.04,79.3,79.5,79.82,80.57,1052098,847.64,5818, 409042, 38.88,0.3887869761181943,2026-01-20
PNBHOUSING, EQ, 20-Jan-2026,961.05,955.6,966.9,944.0,944.5,948.55,955.42,636023,6076.68,29208, 257098, 40.42,0.40422752007395957,2026-01-20
PNC, EQ, 20-Jan-2026,24.56,24.56,25.6,23.9,23.9,24.04,24.71,9645,2.38,367, 8085, 83.83,0.838258164852255,2026-01-20
PNCINFRA, EQ, 20-Jan-2026,235.75,233.5,235.0,222.25,226.0,227.35,229.82,268608,617.32,7790, 143571, 53.45,0.5345000893495354,2026-01-20
PNGJL, EQ, 20-Jan-2026,583.85,583.85,583.85,557.0,567.7,561.0,570.46,150300,857.4,5602, 79951, 53.19,0.5319427811044577,2026-01-20
POCL, EQ, 20-Jan-2026,1377.7,1376.3,1388.0,1277.0,1290.9,1289.1,1326.72,404531,5366.99,22007, 199035, 49.20,0.49201420904701987,2026-01-20
PODDARMENT, EQ, 20-Jan-2026,253.15,254.0,258.85,246.4,251.9,248.35,250.48,6939,17.38,155, 5195, 74.87,0.7486669548926358,2026-01-20
POKARNA, EQ, 20-Jan-2026,746.45,754.9,754.9,710.0,715.8,715.55,725.12,78478,569.06,5967, 38390, 48.92,0.48918168149035396,2026-01-20
POLICYBZR, EQ, 20-Jan-2026,1681.4,1670.0,1679.9,1636.3,1666.6,1659.2,1657.3,999661,16567.33,47199, 542714, 54.29,0.542898042436386,2026-01-20
POLYCAB, EQ, 20-Jan-2026,7418.0,7420.0,7427.5,7050.0,7067.0,7074.5,7188.84,569182,40917.56,69738, 247515, 43.49,0.4348609056505652,2026-01-20
POLYMED, EQ, 20-Jan-2026,1649.5,1645.0,1673.7,1623.0,1628.5,1625.7,1637.09,96521,1580.14,12444, 40852, 42.32,0.4232446825043255,2026-01-20
POLYPLEX, EQ, 20-Jan-2026,843.75,840.0,847.75,825.0,825.0,828.15,836.73,43611,364.9,3016, 18651, 42.77,0.4276673316365137,2026-01-20
PONNIERODE, EQ, 20-Jan-2026,260.2,254.0,261.6,253.05,255.15,256.75,257.31,13094,33.69,452, 9518, 72.69,0.7268978157934932,2026-01-20
POONAWALLA, EQ, 20-Jan-2026,473.0,473.7,474.0,443.0,446.0,448.0,456.26,1445050,6593.12,34112, 525685, 36.38,0.3637832600948064,2026-01-20
POWERGRID, EQ, 20-Jan-2026,257.65,257.65,257.85,253.4,254.5,254.05,255.35,12452441,31797.3,111573, 8629589, 69.30,0.6930038054386285,2026-01-20
POWERINDIA, EQ, 20-Jan-2026,16964.0,17000.0,17140.0,16467.0,16640.0,16630.0,16741.65,221154,37024.83,47296, 71099, 32.15,0.3214909067889344,2026-01-20
POWERMECH, EQ, 20-Jan-2026,2230.3,2226.0,2237.8,2109.3,2121.0,2121.0,2188.98,139808,3060.37,11813, 101765, 72.79,0.7278911078049897,2026-01-20
PPAP, EQ, 20-Jan-2026,211.58,212.63,212.81,200.06,200.07,201.48,205.51,11875,24.4,480, 8678, 73.08,0.7307789473684211,2026-01-20
PPL, EQ, 20-Jan-2026,205.52,205.74,206.64,198.8,199.96,199.77,201.81,90288,182.21,2842, 45765, 50.69,0.506877990430622,2026-01-20
PPLPHARMA, EQ, 20-Jan-2026,164.34,163.61,164.0,157.2,158.57,157.81,160.22,2841483,4552.73,26267, 964637, 33.95,0.3394836428724015,2026-01-20
PRABHA, EQ, 20-Jan-2026,160.15,164.0,164.0,150.1,153.5,152.51,154.52,41891,64.73,1155, 25105, 59.93,0.5992934043111886,2026-01-20
PRAENG, BE, 20-Jan-2026,24.21,24.2,24.2,23.0,23.0,23.0,23.25,38135,8.87,116, -, -,,2026-01-20
PRAJIND, EQ, 20-Jan-2026,302.05,300.0,301.1,290.0,290.95,290.65,295.02,916054,2702.53,28846, 416476, 45.46,0.4546413202715124,2026-01-20
PRAKASH, EQ, 20-Jan-2026,122.88,122.0,125.05,119.88,119.88,120.41,122.66,498237,611.16,6031, 218577, 43.87,0.43870085922964375,2026-01-20
PRAKASHSTL, BE, 20-Jan-2026,5.0,5.0,5.05,4.82,5.0,4.96,4.98,204096,10.17,442, -, -,,2026-01-20
PRAXIS, EQ, 20-Jan-2026,8.29,8.44,8.46,7.88,8.18,7.95,8.01,321152,25.73,258, 298880, 93.06,0.9306496612196095,2026-01-20
PRECAM, EQ, 20-Jan-2026,144.48,143.9,146.78,137.31,143.0,139.89,142.26,260819,371.04,5264, 88489, 33.93,0.3392735958653319,2026-01-20
PRECOT, EQ, 20-Jan-2026,328.95,322.05,330.6,305.0,307.0,312.45,320.75,3479,11.16,197, 1802, 51.80,0.5179649324518539,2026-01-20
PRECWIRE, EQ, 20-Jan-2026,218.75,218.75,221.6,210.01,215.68,213.23,214.67,483942,1038.88,10719, 202223, 41.79,0.4178661905765567,2026-01-20
PREMEXPLN, EQ, 20-Jan-2026,493.7,498.9,498.9,465.1,470.0,467.0,478.31,237939,1138.09,9146, 112015, 47.08,0.4707719205342546,2026-01-20
PREMIER, BE, 20-Jan-2026,2.84,2.84,2.98,2.7,2.86,2.79,2.86,27370,0.78,55, -, -,,2026-01-20
PREMIERENE, EQ, 20-Jan-2026,738.95,742.0,746.25,725.35,732.0,732.65,735.45,1446895,10641.25,27178, 425617, 29.42,0.29415887123806495,2026-01-20
PREMIERPOL, EQ, 20-Jan-2026,55.39,55.67,57.5,48.33,52.25,50.83,51.57,602748,310.82,4386, 253652, 42.08,0.4208259504801343,2026-01-20
PRESTIGE, EQ, 20-Jan-2026,1505.8,1499.9,1500.0,1405.0,1418.0,1424.6,1434.67,2378530,34124.15,60611, 1364012, 57.35,0.5734684868385095,2026-01-20
PRICOLLTD, EQ, 20-Jan-2026,583.95,583.95,585.0,563.65,575.0,574.15,573.18,711660,4079.12,39460, 357932, 50.30,0.5029536576455049,2026-01-20
PRIMESECU, EQ, 20-Jan-2026,264.15,265.5,271.5,253.1,270.0,266.6,263.1,57230,150.57,1396, 39877, 69.68,0.6967849030228901,2026-01-20
PRIMO, EQ, 20-Jan-2026,21.54,21.25,22.0,21.1,21.1,21.19,21.33,62178,13.26,415, 46697, 75.10,0.7510212615394513,2026-01-20
PRINCEPIPE, EQ, 20-Jan-2026,238.9,237.85,242.0,235.1,242.0,239.95,239.51,144751,346.69,4279, 71853, 49.64,0.49639035308909785,2026-01-20
PRITI, EQ, 20-Jan-2026,53.31,53.31,53.32,50.4,51.9,50.91,51.61,17593,9.08,398, 12837, 72.97,0.7296652077530836,2026-01-20
PRITIKAUTO, EQ, 20-Jan-2026,13.18,13.38,13.38,12.9,13.01,13.05,13.03,192200,25.05,1049, 130534, 67.92,0.6791571279916754,2026-01-20
PRIVISCL, EQ, 20-Jan-2026,2616.1,2616.1,2681.5,2589.2,2626.0,2620.7,2631.66,198147,5214.55,12995, 112648, 56.85,0.5685072193876264,2026-01-20
PROSTARM, EQ, 20-Jan-2026,155.14,155.45,156.99,149.01,150.5,150.5,153.53,357900,549.5,6876, 107506, 30.04,0.3003799944118469,2026-01-20
PROTEAN, EQ, 20-Jan-2026,685.05,685.0,687.15,653.1,658.1,656.6,666.63,298932,1992.78,14766, 156603, 52.39,0.5238749949821364,2026-01-20
PROZONER, BE, 20-Jan-2026,55.97,55.0,55.0,54.86,54.86,54.86,54.95,136965,75.26,94, -, -,,2026-01-20
PRSMJOHNSN, EQ, 20-Jan-2026,127.08,127.84,128.75,122.59,124.49,123.82,125.34,217332,272.41,4620, 80492, 37.04,0.3703642353634071,2026-01-20
PRUDENT, EQ, 20-Jan-2026,2349.6,2349.5,2370.6,2304.8,2350.1,2350.8,2344.08,45631,1069.63,14991, 29631, 64.94,0.6493611798996296,2026-01-20
PRUDMOULI, EQ, 20-Jan-2026,19.99,20.34,20.34,19.5,20.28,19.9,19.92,7255,1.45,79, 5474, 75.45,0.7545141281874569,2026-01-20
PSB, EQ, 20-Jan-2026,28.23,28.25,28.31,27.22,27.34,27.25,27.7,1839633,509.56,8671, 701546, 38.14,0.38135106295657883,2026-01-20
PSPPROJECT, EQ, 20-Jan-2026,782.75,775.6,781.45,744.0,748.0,751.6,762.7,89846,685.26,4645, 52911, 58.89,0.5889076864857645,2026-01-20
PSUBANK, EQ, 20-Jan-2026,897.4,905.31,907.06,881.6,892.09,886.14,890.59,55885,497.71,767, 28122, 50.32,0.5032119531180101,2026-01-20
PSUBANKADD, EQ, 20-Jan-2026,90.39,90.84,92.19,88.94,88.95,89.35,89.82,77143,69.29,432, 56280, 72.96,0.7295542045292509,2026-01-20
PSUBNKBEES, EQ, 20-Jan-2026,100.11,101.3,101.48,98.4,98.46,98.55,99.61,4552811,4535.04,13007, 2348051, 51.57,0.5157365416662365,2026-01-20
PSUBNKIETF, EQ, 20-Jan-2026,90.84,90.85,91.95,89.27,89.9,89.54,90.25,249437,225.12,1777, 100518, 40.30,0.4029795098561961,2026-01-20
PTC, EQ, 20-Jan-2026,155.95,156.0,156.16,152.3,153.02,152.94,153.37,1116152,1711.81,15981, 716395, 64.18,0.6418435840279818,2026-01-20
PTCIL, EQ, 20-Jan-2026,17795.0,17795.0,18100.0,17501.0,17501.0,17796.0,17724.45,15336,2718.22,6154, 6880, 44.86,0.44861763171622326,2026-01-20
PTL, EQ, 20-Jan-2026,38.64,38.65,38.77,38.02,38.45,38.23,38.5,28082,10.81,384, 25624, 91.25,0.9124706217505876,2026-01-20
PUNJABCHEM, EQ, 20-Jan-2026,1056.6,1073.0,1073.1,1009.7,1025.0,1020.3,1034.9,7403,76.61,952, 3905, 52.75,0.5274888558692422,2026-01-20
PURVA, EQ, 20-Jan-2026,238.23,238.2,241.0,231.25,240.0,234.75,235.3,304827,717.26,6945, 83991, 27.55,0.27553661585095807,2026-01-20
PVP, BE, 20-Jan-2026,31.02,30.07,31.49,29.48,29.64,29.8,30.11,110883,33.39,359, -, -,,2026-01-20
PVRINOX, EQ, 20-Jan-2026,995.7,1000.0,1002.2,959.1,962.3,961.9,973.03,346195,3368.59,24753, 170856, 49.35,0.49352532532243387,2026-01-20
PVSL, EQ, 20-Jan-2026,112.58,112.5,121.38,112.0,117.9,116.35,116.74,211054,246.39,2338, 142783, 67.65,0.6765235437376217,2026-01-20
PVTBANIETF, EQ, 20-Jan-2026,28.96,28.9,28.92,28.57,28.65,28.64,28.78,2185817,629.15,2079, 1796093, 82.17,0.8217032807412514,2026-01-20
PVTBANKADD, EQ, 20-Jan-2026,28.97,29.02,29.02,28.72,28.9,28.73,28.86,10976,3.17,121, 7464, 68.00,0.6800291545189504,2026-01-20
PWL, EQ, 20-Jan-2026,121.3,121.64,121.64,112.0,119.14,118.5,115.87,12398348,14366.19,97536, 2821752, 22.76,0.22759096615129693,2026-01-20
PYRAMID, EQ, 20-Jan-2026,156.69,155.99,157.59,149.2,153.0,155.01,153.55,89911,138.05,1332, 76492, 85.08,0.8507524107172648,2026-01-20
QGOLDHALF, EQ, 20-Jan-2026,120.21,123.21,125.08,119.73,124.0,124.07,123.35,341337,421.04,2282, 158764, 46.51,0.46512390980175017,2026-01-20
QNIFTY, EQ, 20-Jan-2026,2802.82,2797.99,2797.99,2759.97,2760.0,2767.28,2777.24,631,17.52,78, 578, 91.60,0.9160063391442155,2026-01-20
QPOWER, EQ, 20-Jan-2026,698.8,700.0,704.85,662.0,667.85,667.3,679.26,660233,4484.73,26306, 181471, 27.49,0.2748590270404539,2026-01-20
QUADFUTURE, EQ, 20-Jan-2026,318.4,318.25,321.3,300.0,304.45,304.8,311.71,1077881,3359.86,19912, 123510, 11.46,0.11458593295549323,2026-01-20
QUAL30IETF, EQ, 20-Jan-2026,22.05,22.05,22.12,21.52,21.72,21.62,21.77,139920,30.46,396, 113328, 80.99,0.8099485420240137,2026-01-20
QUALITY30, EQ, 20-Jan-2026,21.65,21.65,21.65,21.13,21.13,21.19,21.28,24133,5.14,41, 20291, 84.08,0.8407989060622384,2026-01-20
QUESS, EQ, 20-Jan-2026,205.23,205.23,206.5,197.6,200.0,198.78,201.93,199515,402.88,6761, 100329, 50.29,0.5028644462822344,2026-01-20
QUICKHEAL, EQ, 20-Jan-2026,216.5,218.9,218.9,200.0,201.5,201.3,205.76,193590,398.34,4682, 107097, 55.32,0.5532155586548893,2026-01-20
RACE, EQ, 20-Jan-2026,115.27,114.1,118.98,105.1,115.0,109.98,113.99,15419,17.58,306, 9681, 62.79,0.6278617290356054,2026-01-20
RACLGEAR, EQ, 20-Jan-2026,1005.2,995.5,1008.2,970.0,993.3,974.1,985.42,10831,106.73,1366, 6004, 55.43,0.5543347797987259,2026-01-20
RADAAN, EQ, 20-Jan-2026,3.24,3.35,3.35,3.2,3.28,3.27,3.24,38001,1.23,136, 20930, 55.08,0.5507749796057998,2026-01-20
RADHIKAJWE, EQ, 20-Jan-2026,72.76,72.74,73.04,70.56,71.34,71.22,71.42,250537,178.93,3457, 106194, 42.39,0.4238655368268958,2026-01-20
RADIANTCMS, EQ, 20-Jan-2026,48.78,48.54,48.77,47.0,48.4,47.97,47.88,114813,54.98,1263, 83094, 72.37,0.7237333751404458,2026-01-20
RADICO, EQ, 20-Jan-2026,2837.5,2852.9,2852.9,2722.0,2750.0,2753.5,2789.92,397891,11100.84,37346, 223847, 56.26,0.5625837226778188,2026-01-20
RADIOCITY, EQ, 20-Jan-2026,6.22,6.23,6.35,6.01,6.08,6.06,6.08,208515,12.68,285, 191294, 91.74,0.9174112174184111,2026-01-20
RAILTEL, EQ, 20-Jan-2026,344.35,344.3,345.1,329.0,331.5,331.55,336.61,1229590,4138.98,23899, 431571, 35.10,0.3509877276165226,2026-01-20
RAIN, EQ, 20-Jan-2026,139.08,137.65,139.0,131.38,132.65,132.65,135.81,1974895,2682.15,8564, 1364287, 69.08,0.6908149547191117,2026-01-20
RAINBOW, EQ, 20-Jan-2026,1259.0,1253.2,1253.3,1204.7,1215.0,1210.1,1217.14,352476,4290.12,36966, 244995, 69.51,0.6950686004153475,2026-01-20
RAJESHEXPO, BZ, 20-Jan-2026,167.77,166.5,170.0,161.2,165.99,163.38,164.35,127502,209.55,2124, -, -,,2026-01-20
RAJMET, EQ, 20-Jan-2026,4.11,4.05,4.22,4.03,4.05,4.04,4.1,515109,21.14,1583, 364877, 70.83,0.708349106693923,2026-01-20
RAJOOENG, EQ, 20-Jan-2026,68.39,69.12,73.8,65.46,68.9,69.65,69.58,4550087,3165.93,25135, 704919, 15.49,0.154924290458622,2026-01-20
RAJRATAN, EQ, 20-Jan-2026,501.1,499.95,499.95,462.55,468.0,468.3,482.08,210909,1016.74,9477, 77367, 36.68,0.36682645121829793,2026-01-20
RAJRILTD, BE, 20-Jan-2026,20.76,20.76,21.16,20.5,20.62,20.5,20.62,7485,1.54,111, -, -,,2026-01-20
RAJSREESUG, EQ, 20-Jan-2026,30.68,30.68,31.48,30.2,30.8,30.76,30.7,76217,23.4,771, 40004, 52.49,0.5248697797079391,2026-01-20
RAJTV, EQ, 20-Jan-2026,40.47,40.59,40.98,39.37,39.75,40.0,39.86,4295,1.71,84, 3143, 73.18,0.7317811408614668,2026-01-20
RALLIS, EQ, 20-Jan-2026,240.45,240.45,241.8,228.75,230.5,230.15,233.95,437124,1022.66,13172, 216063, 49.43,0.494283086721388,2026-01-20
RAMANEWS, EQ, 20-Jan-2026,34.18,34.29,34.99,30.3,30.5,30.52,32.62,99526,32.46,1121, 44401, 44.61,0.44612463074975384,2026-01-20
RAMAPHO, EQ, 20-Jan-2026,156.68,157.11,162.39,150.6,152.98,151.92,156.57,130959,205.04,3260, 48127, 36.75,0.3674966974396567,2026-01-20
RAMASTEEL, EQ, 20-Jan-2026,8.64,8.63,8.68,8.04,8.1,8.11,8.35,10962987,915.91,14619, 7120081, 64.95,0.6494654239761481,2026-01-20
RAMCOCEM, EQ, 20-Jan-2026,1065.4,1065.4,1075.5,1046.5,1068.0,1062.4,1064.85,485561,5170.52,21410, 292387, 60.22,0.6021632709381519,2026-01-20
RAMCOIND, EQ, 20-Jan-2026,297.1,297.0,297.55,285.0,289.9,287.25,290.65,165823,481.97,3099, 98116, 59.17,0.5916911405534817,2026-01-20
RAMCOSYS, EQ, 20-Jan-2026,477.3,476.5,477.5,448.9,463.0,452.7,462.0,56697,261.94,4357, 29298, 51.67,0.51674691782634,2026-01-20
RAMKY, EQ, 20-Jan-2026,501.05,495.5,500.75,485.0,489.9,486.95,492.54,46916,231.08,1241, 31791, 67.76,0.6776153124733566,2026-01-20
RAMRAT, EQ, 20-Jan-2026,292.95,285.7,292.6,268.0,285.0,278.25,277.88,89906,249.84,2682, 48736, 54.21,0.5420772807154138,2026-01-20
RANASUG, EQ, 20-Jan-2026,11.64,11.53,11.58,10.78,10.89,10.91,11.2,250111,28.02,1076, 204888, 81.92,0.8191882804035009,2026-01-20
RANEHOLDIN, EQ, 20-Jan-2026,1294.2,1294.2,1294.2,1246.0,1259.0,1251.9,1262.49,10722,135.36,1035, 6497, 60.60,0.6059503823913449,2026-01-20
RATEGAIN, EQ, 20-Jan-2026,663.15,660.35,660.35,643.0,650.0,649.95,649.68,210308,1366.33,8487, 130312, 61.96,0.6196245506590334,2026-01-20
RATNAMANI, EQ, 20-Jan-2026,2123.3,2112.5,2182.7,2041.0,2045.1,2052.4,2093.66,30332,635.05,5331, 15092, 49.76,0.4975603323222999,2026-01-20
RATNAVEER, EQ, 20-Jan-2026,148.81,149.9,149.9,142.01,143.64,143.05,145.53,565036,822.31,8587, 213388, 37.77,0.37765381320836194,2026-01-20
RAYMOND, EQ, 20-Jan-2026,393.4,393.4,396.9,380.0,381.0,383.0,390.39,541230,2112.89,12754, 379005, 70.03,0.7002660606396541,2026-01-20
RAYMONDLSL, EQ, 20-Jan-2026,934.6,934.6,941.8,885.6,892.9,892.8,911.59,107883,983.45,11872, 47436, 43.97,0.4396985623314146,2026-01-20
RAYMONDREL, EQ, 20-Jan-2026,472.6,470.15,472.6,441.25,442.0,446.0,455.21,262901,1196.75,10257, 146626, 55.77,0.5577232494360995,2026-01-20
RBA, EQ, 20-Jan-2026,66.84,67.5,68.22,62.91,63.45,63.68,65.45,15678497,10261.69,30650, 7992945, 50.98,0.5098030123678309,2026-01-20
RBLBANK, EQ, 20-Jan-2026,302.85,304.3,305.0,292.45,294.2,293.7,296.74,9557270,28360.32,61367, 3070027, 32.12,0.3212242617400157,2026-01-20
RBZJEWEL, EQ, 20-Jan-2026,138.97,138.0,139.5,132.84,135.5,134.52,135.11,179663,242.75,3681, 104107, 57.95,0.5794570946716909,2026-01-20
RCF, EQ, 20-Jan-2026,135.1,135.1,135.45,130.35,130.68,131.02,132.75,955647,1268.63,12839, 361409, 37.82,0.3781825297416305,2026-01-20
RCOM, BE, 20-Jan-2026,1.03,1.03,1.03,0.98,1.01,0.99,1.01,5121437,51.48,3833, -, -,,2026-01-20
RECLTD, EQ, 20-Jan-2026,370.1,369.75,369.75,357.05,358.4,358.9,363.43,13205286,47991.32,95246, 8664976, 65.62,0.6561748075732703,2026-01-20
REDINGTON, EQ, 20-Jan-2026,263.9,265.6,271.4,257.5,259.2,259.0,263.69,2192511,5781.43,47450, 740811, 33.79,0.3378824553217749,2026-01-20
REDTAPE, EQ, 20-Jan-2026,124.44,123.61,124.67,117.3,117.8,118.23,121.99,375026,457.48,6409, 168874, 45.03,0.4502994459050839,2026-01-20
REFEX, EQ, 20-Jan-2026,253.6,251.9,251.95,240.0,242.5,243.3,246.71,831243,2050.73,11286, 189500, 22.80,0.22797184457493175,2026-01-20
REGAAL, EQ, 20-Jan-2026,66.62,67.0,67.0,64.5,64.68,65.0,65.6,275067,180.46,3351, 166362, 60.48,0.60480537469053,2026-01-20
REGENCERAM, EQ, 20-Jan-2026,47.0,46.61,47.89,44.51,46.85,46.0,46.13,6070,2.8,98, 4565, 75.21,0.7520593080724877,2026-01-20
RELAXO, EQ, 20-Jan-2026,376.5,374.1,377.85,362.0,363.85,364.85,370.07,184225,681.76,9722, 54196, 29.42,0.29418374270593023,2026-01-20
RELCHEMQ, EQ, 20-Jan-2026,127.02,128.0,133.0,123.0,127.68,126.58,126.53,5081,6.43,324, 2970, 58.45,0.5845306042117694,2026-01-20
RELIABLE, BE, 20-Jan-2026,151.23,152.0,152.0,144.0,144.0,144.65,145.83,10970,16.0,150, -, -,,2026-01-20
RELIANCE, EQ, 20-Jan-2026,1413.6,1410.7,1416.0,1390.0,1392.4,1394.0,1401.05,13189498,184791.65,382470, 6601674, 50.05,0.500525038936281,2026-01-20
RELIGARE, EQ, 20-Jan-2026,238.69,239.0,239.01,225.5,226.5,226.47,233.3,1279946,2986.1,14628, 697116, 54.46,0.5446448522047024,2026-01-20
RELTD, EQ, 20-Jan-2026,144.88,145.0,146.0,139.1,139.39,140.36,142.45,190738,271.7,2895, 118554, 62.16,0.6215541737881283,2026-01-20
REMSONSIND, EQ, 20-Jan-2026,112.52,113.0,113.89,107.01,109.78,110.42,111.17,57703,64.15,934, 40418, 70.04,0.7004488501464395,2026-01-20
RENUKA, EQ, 20-Jan-2026,24.57,24.5,24.51,23.55,23.62,23.73,23.96,3939433,943.77,15192, 1498627, 38.04,0.3804169280198445,2026-01-20
REPCOHOME, EQ, 20-Jan-2026,401.85,402.75,403.2,390.8,394.0,392.75,397.06,82020,325.67,4002, 39292, 47.91,0.47905388929529386,2026-01-20
REPL, EQ, 20-Jan-2026,98.45,98.56,100.57,87.27,88.72,89.09,91.36,28064,25.64,510, 17457, 62.20,0.6220424743443558,2026-01-20
REPRO, EQ, 20-Jan-2026,425.3,420.25,425.7,395.0,405.0,402.2,409.05,12886,52.71,725, 9021, 70.01,0.7000620828806456,2026-01-20
RESPONIND, EQ, 20-Jan-2026,184.73,184.0,186.49,178.01,180.0,180.11,180.28,787889,1420.42,2641, 649158, 82.39,0.8239206284133933,2026-01-20
RETAIL, EQ, 20-Jan-2026,24.22,24.66,24.84,23.31,24.84,24.35,24.28,26161,6.35,86, 22148, 84.66,0.8466037230992699,2026-01-20
RGL, EQ, 20-Jan-2026,119.24,117.3,119.65,113.05,113.37,113.71,115.64,352812,407.98,3761, 161122, 45.67,0.4566794780222895,2026-01-20
RHETAN, EQ, 20-Jan-2026,26.26,26.58,26.87,26.35,26.6,26.52,26.5,1576564,417.86,2984, 857470, 54.39,0.5438853100793878,2026-01-20
RHFL, BZ, 20-Jan-2026,2.78,2.8,2.91,2.72,2.89,2.89,2.84,1375196,39.08,2206, -, -,,2026-01-20
RHIM, EQ, 20-Jan-2026,445.75,448.0,448.0,425.0,432.15,433.6,433.49,153798,666.7,7869, 76417, 49.69,0.49686601906396705,2026-01-20
RHL, EQ, 20-Jan-2026,189.94,192.0,209.0,183.16,186.2,186.08,195.4,26791,52.35,1618, 9670, 36.09,0.36094210742413496,2026-01-20
RICOAUTO, EQ, 20-Jan-2026,120.21,121.3,123.43,115.27,117.0,116.46,119.62,4031090,4822.09,21302, 675254, 16.75,0.16751151673616813,2026-01-20
RIIL, EQ, 20-Jan-2026,736.15,742.0,742.0,707.5,709.0,709.3,720.64,63092,454.66,4083, 23948, 37.96,0.37957268750396245,2026-01-20
RISHABH, EQ, 20-Jan-2026,356.4,362.0,363.45,335.25,346.95,340.0,347.19,35712,123.99,1498, 20408, 57.15,0.5714605734767025,2026-01-20
RITCO, EQ, 20-Jan-2026,250.25,247.95,248.3,239.5,241.0,240.55,243.25,39446,95.95,1007, 18965, 48.08,0.48078385641129645,2026-01-20
RITES, EQ, 20-Jan-2026,227.63,227.0,228.29,220.0,221.18,220.99,223.78,664483,1486.95,17774, 220225, 33.14,0.331423076286376,2026-01-20
RKDL, EQ, 20-Jan-2026,21.14,20.27,21.93,19.11,19.5,19.8,20.22,42109,8.51,491, 28392, 67.43,0.6742501602982736,2026-01-20
RKEC, EQ, 20-Jan-2026,50.5,51.51,51.51,45.1,48.5,48.32,47.82,59294,28.35,1198, 34298, 57.84,0.57843963976119,2026-01-20
RKFORGE, EQ, 20-Jan-2026,494.8,494.8,494.85,482.0,482.0,485.35,488.04,356597,1740.32,11693, 177989, 49.91,0.4991320734610779,2026-01-20
RKSWAMY, EQ, 20-Jan-2026,104.86,104.85,104.85,99.22,100.0,99.86,100.86,64987,65.55,1317, 51656, 79.49,0.7948666656408204,2026-01-20
RMDRIP, EQ, 20-Jan-2026,95.54,95.9,96.7,95.9,96.5,96.51,96.29,5821994,5605.86,11262, 2085629, 35.82,0.3582327635514568,2026-01-20
RML, EQ, 20-Jan-2026,758.75,758.75,759.9,733.1,733.1,737.95,748.51,6851,51.28,771, 4135, 60.36,0.6035615238651292,2026-01-20
RNBDENIMS, EQ, 20-Jan-2026,150.87,151.16,159.0,145.11,146.14,147.35,150.22,455013,683.54,4461, 181921, 39.98,0.39981495034207815,2026-01-20
ROHLTD, EQ, 20-Jan-2026,385.55,385.0,390.1,374.15,379.8,377.85,381.85,41707,159.26,1270, 23516, 56.38,0.5638382046179299,2026-01-20
ROLEXRINGS, EQ, 20-Jan-2026,122.36,124.49,124.49,114.4,117.0,118.0,120.59,880943,1062.31,8793, 299649, 34.01,0.34014573020047834,2026-01-20
ROLLT, BE, 20-Jan-2026,1.43,1.36,1.43,1.36,1.36,1.36,1.38,186922,2.57,232, -, -,,2026-01-20
ROML, EQ, 20-Jan-2026,47.01,47.99,47.99,44.31,45.19,44.59,45.73,6953,3.18,181, 5847, 84.09,0.8409319718107292,2026-01-20
ROSSARI, EQ, 20-Jan-2026,521.55,520.05,567.95,501.9,508.0,510.7,540.21,667785,3607.42,18237, 83329, 12.48,0.12478417454719708,2026-01-20
ROSSELLIND, EQ, 20-Jan-2026,47.14,46.9,47.13,46.0,46.13,46.17,46.25,30308,14.02,1117, 21200, 69.95,0.6994852844133562,2026-01-20
ROSSTECH, EQ, 20-Jan-2026,603.65,600.0,613.05,569.6,572.5,578.2,586.36,81560,478.24,5747, 34754, 42.61,0.42611574301128,2026-01-20
ROTO, EQ, 20-Jan-2026,59.94,59.94,59.94,57.65,58.05,57.93,58.57,566783,331.97,5000, 207228, 36.56,0.3656214106633403,2026-01-20
ROUTE, EQ, 20-Jan-2026,631.75,631.75,631.8,610.4,611.6,613.6,620.82,115102,714.57,6447, 48260, 41.93,0.4192802905249257,2026-01-20
RPEL, EQ, 20-Jan-2026,799.1,798.0,798.0,749.85,764.05,757.2,771.28,63586,490.43,3685, 35926, 56.50,0.564998584594093,2026-01-20
RPGLIFE, EQ, 20-Jan-2026,2293.5,2288.0,2300.0,2218.0,2230.0,2228.0,2267.7,9034,204.86,2456, 5881, 65.10,0.650985167146336,2026-01-20
RPOWER, EQ, 20-Jan-2026,31.11,31.25,31.37,29.75,30.11,29.93,30.51,49689186,15157.93,76893, 17370135, 34.96,0.34957576081041053,2026-01-20
RPPINFRA, EQ, 20-Jan-2026,89.12,88.0,90.18,88.0,88.95,88.59,88.8,57681,51.22,765, 42854, 74.29,0.7429482845304346,2026-01-20
RPPL, EQ, 20-Jan-2026,16.47,16.03,16.7,15.84,16.32,16.04,16.1,109831,17.69,920, 50313, 45.81,0.4580947091440486,2026-01-20
RPSGVENT, EQ, 20-Jan-2026,698.65,691.05,696.45,679.0,683.0,682.9,685.89,23000,157.75,1272, 12958, 56.34,0.5633913043478261,2026-01-20
RPTECH, EQ, 20-Jan-2026,365.6,364.0,366.75,342.0,350.0,344.8,355.52,141408,502.73,3928, 59870, 42.34,0.42338481556913327,2026-01-20
RRKABEL, EQ, 20-Jan-2026,1444.7,1430.0,1437.5,1397.4,1408.0,1411.8,1413.02,286687,4050.95,24071, 173387, 60.48,0.6047954738094159,2026-01-20
RSSOFTWARE, EQ, 20-Jan-2026,46.69,47.7,47.7,44.0,45.75,44.76,44.84,73160,32.8,761, 49986, 68.32,0.683242208857299,2026-01-20
RSWM, EQ, 20-Jan-2026,133.37,134.89,134.89,128.1,129.5,128.58,130.55,25121,32.8,679, 19190, 76.39,0.763902710879344,2026-01-20
RSYSTEMS, EQ, 20-Jan-2026,382.4,381.3,383.95,373.0,378.05,377.8,378.33,79091,299.22,4444, 49656, 62.78,0.6278337611106194,2026-01-20
RTNINDIA, EQ, 20-Jan-2026,37.3,36.9,37.18,35.31,35.62,35.55,36.21,1766968,639.81,12705, 739384, 41.84,0.4184478722874438,2026-01-20
RTNPOWER, EQ, 20-Jan-2026,8.52,8.48,8.52,8.2,8.3,8.24,8.36,19231923,1608.73,24092, 6934600, 36.06,0.360577566788303,2026-01-20
RUBFILA, EQ, 20-Jan-2026,71.1,72.0,72.9,71.0,71.7,71.98,72.01,42553,30.64,724, 33281, 78.21,0.7821070194815877,2026-01-20
RUBICON, EQ, 20-Jan-2026,663.4,660.0,670.3,650.0,666.0,663.85,657.9,92598,609.2,5806, 38609, 41.70,0.4169528499535627,2026-01-20
RUBYMILLS, EQ, 20-Jan-2026,200.42,200.42,204.89,191.85,193.17,194.03,197.54,7725,15.26,449, 4970, 64.34,0.6433656957928803,2026-01-20
RUCHINFRA, EQ, 20-Jan-2026,6.1,6.07,6.21,5.75,5.97,5.89,6.0,148634,8.92,513, 144690, 97.35,0.973465021462115,2026-01-20
RUCHIRA, EQ, 20-Jan-2026,117.17,116.5,117.67,115.5,116.15,115.91,116.46,39847,46.41,580, 33192, 83.30,0.8329861721083143,2026-01-20
RUDRA, EQ, 20-Jan-2026,23.06,24.71,27.3,21.0,22.2,23.07,23.64,2270429,536.74,6659, 872772, 38.44,0.3844084091596786,2026-01-20
RUPA, EQ, 20-Jan-2026,155.77,155.05,155.77,152.0,152.87,152.74,153.35,83701,128.35,2194, 43994, 52.56,0.5256090130344918,2026-01-20
RUSHIL, EQ, 20-Jan-2026,21.13,21.01,21.6,20.21,20.45,20.49,20.94,438105,91.75,1427, 228869, 52.24,0.5224067289804956,2026-01-20
RUSTOMJEE, EQ, 20-Jan-2026,496.2,496.5,504.0,480.05,500.0,499.9,493.3,72557,357.93,5441, 43612, 60.11,0.601072260429731,2026-01-20
RVHL, EQ, 20-Jan-2026,49.92,49.42,50.9,44.47,45.5,45.46,45.99,26129,12.02,271, 17698, 67.73,0.6773317004095066,2026-01-20
RVNL, EQ, 20-Jan-2026,331.3,331.3,331.55,318.95,321.0,320.3,323.66,7883696,25516.13,73927, 2023737, 25.67,0.25669901528420175,2026-01-20
RVTH, EQ, 20-Jan-2026,665.9,666.0,696.65,640.1,672.0,666.4,671.75,687,4.61,33, 657, 95.63,0.9563318777292577,2026-01-20
S&SPOWER, EQ, 20-Jan-2026,280.0,280.0,281.15,266.0,270.0,270.05,269.97,5929,16.01,281, 4712, 79.47,0.7947377298026649,2026-01-20
SAATVIKGL, EQ, 20-Jan-2026,385.5,385.0,385.45,362.0,373.85,365.65,371.0,130011,482.34,5443, 62613, 48.16,0.48159771096291853,2026-01-20
SABEVENTS, BE, 20-Jan-2026,11.28,11.33,11.5,11.33,11.5,11.5,11.49,12704,1.46,52, -, -,,2026-01-20
SABTNL, BE, 20-Jan-2026,2115.3,2162.0,2219.9,2138.5,2190.0,2188.7,2207.54,45066,994.85,2370, -, -,,2026-01-20
SADBHAV, BE, 20-Jan-2026,7.16,7.16,7.16,6.81,6.81,6.81,6.82,120893,8.25,187, -, -,,2026-01-20
SADBHIN, EQ, 20-Jan-2026,3.43,3.43,3.55,3.32,3.39,3.36,3.43,238218,8.17,330, 159568, 66.98,0.6698402303772175,2026-01-20
SADHNANIQ, EQ, 20-Jan-2026,6.24,6.37,6.56,6.12,6.12,6.17,6.31,918006,57.94,1468, 649520, 70.75,0.7075335019596822,2026-01-20
SAFARI, EQ, 20-Jan-2026,1999.0,1999.0,2015.0,1946.6,1968.2,1969.6,1971.89,32065,632.29,5261, 17294, 53.93,0.5393419616404179,2026-01-20
SAGARDEEP, EQ, 20-Jan-2026,25.92,26.2,26.5,24.52,24.52,25.13,25.43,10173,2.59,139, 9459, 92.98,0.9298142140961368,2026-01-20
SAGCEM, EQ, 20-Jan-2026,197.01,197.01,197.7,190.0,190.0,191.48,194.22,34809,67.61,1025, 21957, 63.08,0.6307851417736792,2026-01-20
SAGILITY, EQ, 20-Jan-2026,53.84,53.9,53.9,51.23,51.7,51.72,52.45,38467654,20174.66,99104, 21124006, 54.91,0.5491368410457264,2026-01-20
SAHYADRI, EQ, 20-Jan-2026,243.25,243.3,245.0,239.4,241.05,242.05,241.38,1162,2.8,49, 966, 83.13,0.8313253012048193,2026-01-20
SAIL, EQ, 20-Jan-2026,149.7,150.19,152.22,144.72,145.65,145.4,147.76,22619361,33422.77,63291, 8440117, 37.31,0.3731368450240482,2026-01-20
SAILIFE, EQ, 20-Jan-2026,852.1,857.55,857.55,819.0,821.15,821.45,839.18,183711,1541.66,16294, 78437, 42.70,0.4269586470053508,2026-01-20
SAKAR, EQ, 20-Jan-2026,402.75,409.4,439.0,400.0,406.5,408.6,417.42,165271,689.87,5648, 48938, 29.61,0.29610760508498163,2026-01-20
SAKHTISUG, EQ, 20-Jan-2026,17.88,17.88,18.08,16.46,17.02,16.82,17.24,134383,23.17,758, 96448, 71.77,0.7177098293682981,2026-01-20
SAKSOFT, EQ, 20-Jan-2026,183.7,180.3,183.54,170.0,175.0,172.51,176.2,217831,383.83,6330, 114681, 52.65,0.52646776629589,2026-01-20
SAKUMA, EQ, 20-Jan-2026,2.02,2.01,2.03,1.98,2.0,1.99,2.01,1619355,32.53,2147, 1258604, 77.72,0.7772255002763446,2026-01-20
SALASAR, EQ, 20-Jan-2026,8.47,8.48,8.54,7.95,8.01,7.99,8.16,5808163,473.88,7467, 3709534, 63.87,0.638675946250131,2026-01-20
SALONA, EQ, 20-Jan-2026,241.4,241.4,251.5,232.05,232.35,237.65,237.64,1805,4.29,52, 1277, 70.75,0.7074792243767313,2026-01-20
SALSTEEL, BE, 20-Jan-2026,40.92,40.11,40.11,40.11,40.11,40.11,40.11,15100,6.06,37, -, -,,2026-01-20
SALZERELEC, EQ, 20-Jan-2026,574.75,574.0,575.5,550.0,553.0,553.5,559.96,61347,343.52,3907, 28757, 46.88,0.4687596785498883,2026-01-20
SAMBHAAV, BE, 20-Jan-2026,8.26,8.15,8.46,8.13,8.17,8.14,8.21,30983,2.54,118, -, -,,2026-01-20
SAMBHV, EQ, 20-Jan-2026,93.28,93.52,93.52,88.0,88.1,88.57,90.3,890797,804.38,6435, 440173, 49.41,0.4941339048065945,2026-01-20
SAMHI, EQ, 20-Jan-2026,184.83,184.85,185.01,180.0,180.19,181.41,182.03,473264,861.5,8804, 296674, 62.69,0.6268678792386491,2026-01-20
SAMMAANCAP, EQ, 20-Jan-2026,140.81,140.7,140.81,137.1,137.7,137.92,138.5,11259389,15594.27,24796, 6622503, 58.82,0.5881760546686858,2026-01-20
SAMPANN, EQ, 20-Jan-2026,32.15,31.51,32.42,29.71,31.24,30.47,31.1,48054,14.94,1247, 24251, 50.47,0.5046614225662795,2026-01-20
SANATHAN, EQ, 20-Jan-2026,411.9,414.45,425.0,405.1,425.0,412.3,408.45,9677,39.53,726, 6121, 63.25,0.6325307429988632,2026-01-20
SANCO, BZ, 20-Jan-2026,3.4,3.42,3.42,3.39,3.39,3.39,3.41,19598,0.67,54, -, -,,2026-01-20
SANDESH, EQ, 20-Jan-2026,1050.0,1035.1,1063.2,1026.8,1035.0,1038.9,1044.01,664,6.93,79, 478, 71.99,0.7198795180722891,2026-01-20
SANDHAR, EQ, 20-Jan-2026,531.65,533.5,533.5,508.2,509.0,510.05,517.71,146015,755.94,7319, 65940, 45.16,0.45159743861931995,2026-01-20
SANDUMA, EQ, 20-Jan-2026,226.69,226.0,227.09,213.0,215.16,215.45,218.96,3113534,6817.49,35979, 1127045, 36.20,0.3619825574411585,2026-01-20
SANGAMIND, EQ, 20-Jan-2026,455.6,469.0,469.0,440.0,440.15,445.75,451.37,25187,113.69,800, 14650, 58.16,0.5816492635089531,2026-01-20
SANGHIIND, EQ, 20-Jan-2026,64.62,63.7,64.99,62.31,62.5,62.68,63.57,408371,259.59,1137, 201614, 49.37,0.49370302984296144,2026-01-20
SANGHVIMOV, EQ, 20-Jan-2026,309.25,314.1,321.55,294.6,299.05,297.45,308.76,723803,2234.84,16866, 160331, 22.15,0.22151193073253359,2026-01-20
SANGINITA, EQ, 20-Jan-2026,11.46,11.08,11.61,11.08,11.1,11.44,11.4,41317,4.71,153, 31036, 75.12,0.751167800179103,2026-01-20
SANOFI, EQ, 20-Jan-2026,4074.5,4074.5,4090.1,4035.0,4053.0,4051.9,4065.92,13232,538.0,3457, 6556, 49.55,0.4954655380894801,2026-01-20
SANOFICONR, EQ, 20-Jan-2026,4090.2,4118.1,4118.1,4032.2,4055.5,4055.7,4053.72,2217,89.87,736, 1383, 62.38,0.6238159675236806,2026-01-20
SANSERA, EQ, 20-Jan-2026,1802.1,1813.7,1827.4,1744.1,1754.0,1759.0,1781.74,144228,2569.76,15693, 62345, 43.23,0.43226696619241756,2026-01-20
SANSTAR, EQ, 20-Jan-2026,95.47,95.47,96.1,92.25,95.0,93.97,94.9,384718,365.1,2289, 317740, 82.59,0.8259036489064717,2026-01-20
SANWARIA, BZ, 20-Jan-2026,0.24,0.24,0.25,0.24,0.24,0.24,0.25,944537,2.34,321, -, -,,2026-01-20
SAPPHIRE, EQ, 20-Jan-2026,215.65,215.5,217.6,203.1,204.9,205.15,211.22,744773,1573.14,17942, 376094, 50.50,0.504978026861876,2026-01-20
SARDAEN, EQ, 20-Jan-2026,487.55,487.55,491.1,459.95,462.55,462.4,472.99,292933,1385.54,12860, 128607, 43.90,0.43903213362782617,2026-01-20
SAREGAMA, EQ, 20-Jan-2026,345.9,344.25,345.0,331.0,332.55,332.75,336.83,393339,1324.87,17977, 199182, 50.64,0.5063876198393752,2026-01-20
SARLAPOLY, EQ, 20-Jan-2026,86.84,87.48,87.88,81.1,81.5,82.43,84.25,98677,83.13,1427, 68944, 69.87,0.6986835838138573,2026-01-20
SARVESHWAR, EQ, 20-Jan-2026,4.08,4.08,4.1,4.0,4.02,4.03,4.04,2728731,110.16,3808, 1687775, 61.85,0.6185201106301794,2026-01-20
SASKEN, EQ, 20-Jan-2026,1340.7,1335.0,1335.3,1286.6,1289.5,1289.6,1305.94,8858,115.68,1293, 4808, 54.28,0.5427861819823888,2026-01-20
SASTASUNDR, EQ, 20-Jan-2026,316.2,312.75,316.0,300.5,304.7,303.7,308.98,10106,31.23,600, 5433, 53.76,0.5376014248961013,2026-01-20
SATIA, EQ, 20-Jan-2026,64.62,64.99,65.01,63.1,63.45,63.55,63.8,73899,47.15,2270, 38173, 51.66,0.5165563810065089,2026-01-20
SATIN, EQ, 20-Jan-2026,151.48,150.93,152.49,146.75,149.45,148.72,149.74,198049,296.57,4100, 116005, 58.57,0.5857388828017309,2026-01-20
SAURASHCEM, EQ, 20-Jan-2026,77.55,78.2,78.21,74.0,74.83,74.8,75.58,51396,38.84,670, 34618, 67.36,0.6735543622071757,2026-01-20
SBC, EQ, 20-Jan-2026,28.9,29.0,29.09,28.7,28.9,28.88,28.9,9104483,2630.92,3834, 4316484, 47.41,0.47410533909503705,2026-01-20
SBCL, EQ, 20-Jan-2026,435.25,435.25,438.8,428.0,430.0,433.2,434.53,77583,337.12,2444, 52273, 67.38,0.6737687379967261,2026-01-20
SBFC, EQ, 20-Jan-2026,107.94,107.3,107.3,103.21,103.74,103.52,104.91,1467161,1539.25,17879, 526710, 35.90,0.358999455410824,2026-01-20
SBGLP, EQ, 20-Jan-2026,33.98,33.98,34.09,33.63,33.7,33.71,33.84,13036,4.41,139, 11694, 89.71,0.897054311138386,2026-01-20
SBIBPB, EQ, 20-Jan-2026,52.25,53.55,53.55,51.39,51.9,51.66,51.97,134806,70.06,709, 100382, 74.46,0.7446404462709375,2026-01-20
SBICARD, EQ, 20-Jan-2026,838.3,836.0,838.95,808.0,810.0,811.8,817.54,1042145,8519.94,33086, 519229, 49.82,0.49823105230078346,2026-01-20
SBIETFCON, EQ, 20-Jan-2026,122.83,124.47,124.47,119.64,120.72,120.37,121.42,16037,19.47,261, 13599, 84.80,0.84797655421837,2026-01-20
SBIETFIT, EQ, 20-Jan-2026,428.45,428.45,428.45,418.75,418.75,419.84,423.59,9287,39.34,227, 8089, 87.10,0.8710024765801658,2026-01-20
SBIETFPB, EQ, 20-Jan-2026,291.03,289.58,291.87,288.13,288.23,288.25,289.54,7046,20.4,92, 6727, 95.47,0.9547260857223957,2026-01-20
SBIETFQLTY, EQ, 20-Jan-2026,232.28,232.5,239.25,226.71,227.25,227.6,229.88,5796,13.32,160, 2868, 49.48,0.494824016563147,2026-01-20
SBILIFE, EQ, 20-Jan-2026,2073.7,2080.0,2080.0,2044.0,2044.0,2049.1,2058.78,576100,11860.61,54913, 361756, 62.79,0.6279395938205172,2026-01-20
SBILIQETF, EQ, 20-Jan-2026,1023.36,1023.51,1023.51,1023.49,1023.51,1023.5,1023.5,2509,25.68,18, 1375, 54.80,0.5480271024312475,2026-01-20
SBIN, EQ, 20-Jan-2026,1038.4,1039.75,1052.0,1033.05,1034.25,1036.4,1040.41,8905718,92656.15,194593, 5445587, 61.15,0.6114708550169677,2026-01-20
SBINEQWETF, EQ, 20-Jan-2026,33.39,32.75,33.74,32.7,33.06,32.8,32.98,64187,21.17,427, 53778, 83.78,0.8378332061009238,2026-01-20
SBISILVER, EQ, 20-Jan-2026,288.87,297.54,312.0,292.0,311.9,309.28,302.93,20362264,61684.02,108750, 8326525, 40.89,0.4089194109260149,2026-01-20
SCHAEFFLER, EQ, 20-Jan-2026,3771.6,3754.3,3754.3,3560.0,3614.0,3615.9,3646.13,47783,1742.23,10138, 27356, 57.25,0.5725048657472322,2026-01-20
SCHAND, EQ, 20-Jan-2026,156.8,156.8,156.8,152.18,152.2,153.11,154.86,29881,46.27,718, 20696, 69.26,0.6926140356748436,2026-01-20
SCHNEIDER, EQ, 20-Jan-2026,616.8,619.95,620.1,578.25,585.0,585.45,596.79,322810,1926.51,17910, 187700, 58.15,0.581456584368514,2026-01-20
SCI, EQ, 20-Jan-2026,210.22,209.5,211.65,202.5,203.5,203.25,206.27,1559117,3215.93,30517, 601470, 38.58,0.3857760514445035,2026-01-20
SCILAL, EQ, 20-Jan-2026,46.14,46.56,46.56,45.0,45.21,45.21,45.44,466532,211.99,1837, 326189, 69.92,0.6991781914209529,2026-01-20
SCODATUBES, EQ, 20-Jan-2026,143.67,143.65,145.88,134.8,136.38,137.06,138.3,497599,688.17,5726, 306241, 61.54,0.6154373300589431,2026-01-20
SCPL, EQ, 20-Jan-2026,301.15,302.65,311.0,293.7,295.0,297.2,297.68,11303,33.65,467, 5696, 50.39,0.5039370078740157,2026-01-20
SDBL, EQ, 20-Jan-2026,97.27,97.22,98.39,94.3,95.58,94.9,96.16,782328,752.3,7923, 419120, 53.57,0.535734372283748,2026-01-20
SDL26BEES, EQ, 20-Jan-2026,135.22,135.15,136.48,134.7,134.95,135.08,135.74,3130,4.25,70, 1963, 62.72,0.6271565495207668,2026-01-20
SEAMECLTD, EQ, 20-Jan-2026,1073.8,1073.0,1125.0,1048.2,1085.0,1092.0,1082.82,50435,546.12,4201, 28713, 56.93,0.5693070288490136,2026-01-20
SECMARK, EQ, 20-Jan-2026,108.0,108.06,114.79,107.8,108.0,107.99,108.03,3316,3.58,50, 3177, 95.81,0.9580820265379976,2026-01-20
SECURKLOUD, BE, 20-Jan-2026,24.02,24.4,24.8,23.3,23.9,23.39,23.73,11896,2.82,68, -, -,,2026-01-20
SEJALLTD, BE, 20-Jan-2026,762.35,774.9,774.9,724.25,726.2,727.4,731.26,11346,82.97,318, -, -,,2026-01-20
SELECTIPO, EQ, 20-Jan-2026,45.3,44.85,44.85,42.78,42.96,42.94,43.36,75663,32.8,928, 67450, 89.15,0.8914528897876108,2026-01-20
SELMC, BE, 20-Jan-2026,29.5,30.34,30.34,28.62,29.6,29.58,29.06,6384,1.85,76, -, -,,2026-01-20
SEMAC, EQ, 20-Jan-2026,268.65,269.5,273.4,254.95,256.5,257.15,263.2,2830,7.45,204, 1517, 53.60,0.5360424028268551,2026-01-20
SENCO, EQ, 20-Jan-2026,318.45,318.45,319.0,305.15,309.75,309.05,312.82,741418,2319.31,16979, 252261, 34.02,0.34024126740920774,2026-01-20
SENORES, EQ, 20-Jan-2026,805.95,805.95,821.0,752.4,801.5,784.55,783.43,1253917,9823.58,39973, 259369, 20.68,0.2068470241650763,2026-01-20
SENSEXADD, EQ, 20-Jan-2026,85.45,84.75,85.08,84.15,84.15,84.27,84.65,5285,4.47,49, 5219, 98.75,0.9875118259224219,2026-01-20
SENSEXBETA, EQ, 20-Jan-2026,915.87,914.38,914.95,900.71,909.84,905.42,908.87,2123,19.3,193, 1908, 89.87,0.898728214790391,2026-01-20
SENSEXETF, EQ, 20-Jan-2026,85.22,85.23,86.5,84.0,84.08,84.3,84.52,90975,76.89,445, 35869, 39.43,0.3942731519648255,2026-01-20
SENSEXIETF, EQ, 20-Jan-2026,952.93,952.93,954.9,937.0,940.0,939.47,945.46,28499,269.45,2894, 26306, 92.30,0.9230499315765466,2026-01-20
SEPC, EQ, 20-Jan-2026,8.73,8.63,8.73,8.16,8.36,8.28,8.44,12940968,1092.09,14173, 5054376, 39.06,0.3905717099370001,2026-01-20
SEQUENT, EQ, 20-Jan-2026,205.68,205.0,205.2,197.5,199.85,199.43,200.95,894187,1796.88,17341, 407786, 45.60,0.45604107418246964,2026-01-20
SERVOTECH, EQ, 20-Jan-2026,69.59,69.25,69.41,65.21,66.8,65.85,67.38,765050,515.47,9649, 400259, 52.32,0.5231801843016797,2026-01-20
SESHAPAPER, EQ, 20-Jan-2026,229.59,229.51,231.4,225.0,225.86,226.2,226.91,12306,27.92,392, 8528, 69.30,0.6929952868519421,2026-01-20
SETCO, EQ, 20-Jan-2026,13.65,13.51,13.99,12.97,12.97,13.03,13.25,56094,7.43,267, 43749, 77.99,0.7799229864156594,2026-01-20
SETF10GILT, EQ, 20-Jan-2026,258.53,261.12,261.12,257.32,258.8,258.36,258.47,27995,72.36,111, 27407, 97.90,0.9789962493302375,2026-01-20
SETFGOLD, EQ, 20-Jan-2026,124.51,126.91,132.0,124.13,131.17,129.49,127.2,24313050,30925.17,34362, 13051385, 53.68,0.5368057483532506,2026-01-20
SETFNIF50, EQ, 20-Jan-2026,273.79,273.75,273.79,269.7,270.9,270.49,271.79,1024502,2784.46,11037, 647158, 63.17,0.631680562849072,2026-01-20
SETFNIFBK, EQ, 20-Jan-2026,612.28,612.28,612.93,604.17,608.6,607.01,608.51,29381,178.79,855, 26199, 89.17,0.8916987168578333,2026-01-20
SETFNN50, EQ, 20-Jan-2026,730.44,730.39,733.2,714.0,718.0,715.98,721.07,63015,454.39,2609, 47187, 74.88,0.748821709116877,2026-01-20
SETL, EQ, 20-Jan-2026,134.76,134.0,135.01,127.0,129.9,130.03,130.68,330712,432.17,3356, 206218, 62.36,0.6235576574179347,2026-01-20
SETUINFRA, BZ, 20-Jan-2026,0.4,0.39,0.42,0.38,0.38,0.38,0.39,70967,0.27,68, -, -,,2026-01-20
SEYAIND, BE, 20-Jan-2026,16.7,17.37,17.52,15.87,16.9,16.8,16.23,10428,1.69,82, -, -,,2026-01-20
SFL, EQ, 20-Jan-2026,542.05,535.0,543.0,522.0,524.0,524.65,531.28,70367,373.85,6660, 33268, 47.28,0.4727784330723208,2026-01-20
SGFIN, EQ, 20-Jan-2026,388.35,386.5,388.0,372.0,375.5,374.5,379.31,100537,381.35,3496, 56259, 55.96,0.5595850283975053,2026-01-20
SGIL, EQ, 20-Jan-2026,515.1,505.85,519.5,485.25,488.85,493.8,512.74,47884,245.52,843, 39875, 83.27,0.8327416255951884,2026-01-20
SGL, EQ, 20-Jan-2026,12.05,12.05,12.3,11.5,11.7,11.58,11.7,29741,3.48,167, 19654, 66.08,0.6608385730136848,2026-01-20
SGMART, EQ, 20-Jan-2026,336.35,335.1,336.3,320.0,330.95,323.45,326.15,221849,723.57,5164, 155051, 69.89,0.698903308105964,2026-01-20
SHAH, EQ, 20-Jan-2026,5.21,5.2,5.28,5.2,5.25,5.24,5.25,1812874,95.15,1031, 1564011, 86.27,0.8627246019304154,2026-01-20
SHAHALLOYS, EQ, 20-Jan-2026,66.47,66.47,66.47,63.95,64.1,64.1,64.22,3057,1.96,37, 3054, 99.90,0.9990186457311089,2026-01-20
SHAILY, EQ, 20-Jan-2026,2121.8,2121.6,2127.0,2025.6,2040.8,2035.6,2071.37,104529,2165.18,14670, 44399, 42.48,0.42475293937567565,2026-01-20
SHAKTIPUMP, EQ, 20-Jan-2026,688.75,688.0,688.4,655.0,658.0,660.0,665.25,1620786,10782.22,58952, 395316, 24.39,0.2439038836712558,2026-01-20
SHALBY, EQ, 20-Jan-2026,175.65,175.45,176.0,170.05,171.0,171.32,172.97,137341,237.56,3140, 49136, 35.78,0.3577664353688993,2026-01-20
SHALPAINTS, EQ, 20-Jan-2026,68.28,68.99,68.99,67.2,67.2,67.22,67.63,73269,49.55,454, 62316, 85.05,0.8505097653850878,2026-01-20
SHANKARA, EQ, 20-Jan-2026,106.1,106.39,106.4,103.3,104.0,104.02,104.2,72454,75.5,1374, 39512, 54.53,0.5453391117122588,2026-01-20
SHANTI, EQ, 20-Jan-2026,8.11,7.9,8.37,7.62,7.62,7.73,7.84,70312,5.51,296, 49654, 70.62,0.7061952440550688,2026-01-20
SHANTIGEAR, EQ, 20-Jan-2026,417.3,414.05,430.85,413.0,418.0,418.5,421.92,29800,125.73,1636, 16747, 56.20,0.561979865771812,2026-01-20
SHANTIGOLD, EQ, 20-Jan-2026,196.88,196.89,198.11,190.41,192.9,191.73,193.76,583700,1130.96,6642, 125564, 21.51,0.2151173548055508,2026-01-20
SHARDACROP, EQ, 20-Jan-2026,813.75,811.0,813.9,782.0,782.0,787.2,796.09,137397,1093.81,8939, 62379, 45.40,0.4540055459726195,2026-01-20
SHARDAMOTR, EQ, 20-Jan-2026,840.6,840.0,849.25,834.0,845.1,843.15,842.23,29506,248.51,3061, 15987, 54.18,0.541822002304616,2026-01-20
SHAREINDIA, EQ, 20-Jan-2026,146.55,145.01,147.99,140.36,143.0,143.02,143.34,636943,912.97,4065, 363294, 57.04,0.5703712891106425,2026-01-20
SHARIABEES, EQ, 20-Jan-2026,521.42,521.69,522.91,511.04,513.59,513.27,517.06,7342,37.96,606, 4491, 61.17,0.6116861890493054,2026-01-20
SHEKHAWATI, EQ, 20-Jan-2026,17.5,17.75,18.45,15.58,16.0,16.51,17.13,30180,5.17,254, 20321, 67.33,0.6733267064280981,2026-01-20
SHEMAROO, EQ, 20-Jan-2026,100.97,99.1,103.89,99.05,99.99,99.17,99.67,7813,7.79,114, 6810, 87.16,0.8716242160501728,2026-01-20
SHILCTECH, EQ, 20-Jan-2026,3167.6,3160.0,3160.0,2990.0,2999.0,3004.9,3035.08,37015,1123.43,7137, 22426, 60.59,0.6058624881804674,2026-01-20
SHILPAMED, EQ, 20-Jan-2026,289.85,290.0,290.5,277.1,279.0,279.2,281.9,208139,586.74,11280, 120493, 57.89,0.5789064038935519,2026-01-20
SHIVALIK, EQ, 20-Jan-2026,329.7,329.7,330.85,315.0,315.0,317.9,320.71,26606,85.33,1123, 16309, 61.30,0.6129820341276404,2026-01-20
SHIVAMAUTO, EQ, 20-Jan-2026,21.3,21.3,21.55,20.06,20.5,20.61,21.01,48894,10.27,539, 36440, 74.53,0.7452857201292592,2026-01-20
SHIVAMILLS, EQ, 20-Jan-2026,57.52,60.66,60.66,56.15,56.16,56.37,56.56,375,0.21,45, 222, 59.20,0.592,2026-01-20
SHIVATEX, EQ, 20-Jan-2026,166.07,169.95,169.95,166.02,166.02,166.31,166.76,1021,1.7,35, 1007, 98.63,0.9862879529872673,2026-01-20
SHIVAUM, EQ, 20-Jan-2026,285.0,285.0,285.0,280.0,284.8,284.8,284.81,62,0.18,5, 62, 100.00,1.0,2026-01-20
SHK, EQ, 20-Jan-2026,160.69,161.32,161.32,152.6,153.89,154.47,156.28,189840,296.67,3090, 122982, 64.78,0.6478192161820481,2026-01-20
SHOPERSTOP, EQ, 20-Jan-2026,372.2,370.0,370.0,360.4,363.0,364.45,364.98,56207,205.14,3663, 31539, 56.11,0.5611222801430427,2026-01-20
SHRADHA, EQ, 20-Jan-2026,39.94,38.0,41.79,37.51,37.51,38.53,39.58,31220,12.36,172, 26919, 86.22,0.8622357463164638,2026-01-20
SHREDIGCEM, EQ, 20-Jan-2026,89.29,89.19,89.19,75.66,76.61,77.56,79.37,2192202,1739.94,16678, 295256, 13.47,0.13468466865735912,2026-01-20
SHREECEM, EQ, 20-Jan-2026,27510.0,27500.0,27915.0,27095.0,27225.0,27225.0,27515.49,42671,11741.14,14486, 25147, 58.93,0.5893229593869372,2026-01-20
SHREEJISPG, EQ, 20-Jan-2026,361.25,361.25,361.55,333.0,336.0,336.5,348.2,1487735,5180.28,8910, 459201, 30.87,0.30865779187825787,2026-01-20
SHREEPUSHK, EQ, 20-Jan-2026,327.8,325.7,329.8,310.0,315.0,316.35,319.99,43779,140.09,1492, 24406, 55.75,0.5574818977135156,2026-01-20
SHREERAMA, EQ, 20-Jan-2026,61.78,62.5,63.0,57.5,58.0,58.4,60.59,196343,118.97,1286, 138118, 70.35,0.7034526313644999,2026-01-20
SHRENIK, BZ, 20-Jan-2026,0.4,0.4,0.41,0.38,0.39,0.38,0.39,1767808,6.86,494, -, -,,2026-01-20
SHREYANIND, EQ, 20-Jan-2026,168.9,166.03,169.9,163.99,164.0,164.12,166.02,14003,23.25,304, 8379, 59.84,0.5983717774762551,2026-01-20
SHRINGARMS, EQ, 20-Jan-2026,243.65,243.65,246.99,227.72,229.98,229.92,234.94,1317622,3095.62,8189, 759291, 57.63,0.576258593132173,2026-01-20
SHRIPISTON, EQ, 20-Jan-2026,2834.2,2900.4,2953.0,2729.0,2729.0,2738.7,2809.47,103437,2906.03,19287, 32058, 30.99,0.309927782128252,2026-01-20
SHRIRAMFIN, EQ, 20-Jan-2026,1010.35,1005.0,1008.05,983.0,985.25,987.5,998.48,6129218,61199.0,133010, 3418210, 55.77,0.5576910463944993,2026-01-20
SHRIRAMPPS, EQ, 20-Jan-2026,77.22,77.0,77.84,74.2,75.3,74.81,75.68,560755,424.4,4328, 343685, 61.29,0.6128968979322521,2026-01-20
SHYAMCENT, BE, 20-Jan-2026,5.85,5.7,5.97,5.7,5.88,5.88,5.87,66029,3.87,200, -, -,,2026-01-20
SHYAMMETL, EQ, 20-Jan-2026,818.5,806.0,818.45,799.0,801.0,801.0,803.34,130190,1045.86,14305, 67723, 52.02,0.5201858821722098,2026-01-20
SHYAMTEL, EQ, 20-Jan-2026,11.79,11.55,12.49,11.03,11.5,11.43,11.71,5103,0.6,75, 3943, 77.27,0.7726827356456986,2026-01-20
SICALLOG, BE, 20-Jan-2026,95.94,92.5,95.41,91.3,94.29,92.81,93.09,11265,10.49,145, -, -,,2026-01-20
SIEMENS, EQ, 20-Jan-2026,2952.6,2942.0,2950.0,2837.6,2855.0,2848.6,2891.19,203479,5882.96,23082, 73143, 35.95,0.3594621557998614,2026-01-20
SIGACHI, EQ, 20-Jan-2026,26.4,26.4,26.41,23.65,24.5,24.18,24.86,9029898,2245.09,24160, 4319899, 47.84,0.47839953452408873,2026-01-20
SIGIND, EQ, 20-Jan-2026,48.68,48.07,48.98,45.1,47.0,46.73,47.23,16839,7.95,212, 12821, 76.14,0.7613872557752835,2026-01-20
SIGMA, EQ, 20-Jan-2026,56.05,56.0,56.73,47.0,49.95,50.21,52.62,216057,113.68,2120, 146202, 67.67,0.676682542106944,2026-01-20
SIGNATURE, EQ, 20-Jan-2026,891.1,891.2,899.0,879.7,885.0,886.1,889.03,340802,3029.83,12112, 30081, 8.83,0.08826532708141384,2026-01-20
SIGNPOST, EQ, 20-Jan-2026,206.42,203.01,205.15,198.94,204.0,201.51,202.1,26956,54.48,665, 17595, 65.27,0.6527303754266212,2026-01-20
SIKKO, BE, 20-Jan-2026,4.45,4.45,4.55,4.26,4.33,4.29,4.39,250198,10.99,732, -, -,,2026-01-20
SIL, EQ, 20-Jan-2026,14.68,14.4,15.25,14.2,14.21,14.32,14.54,41125,5.98,423, 33519, 81.51,0.8150516717325228,2026-01-20
SILGO, EQ, 20-Jan-2026,71.53,71.88,74.06,70.0,71.24,70.58,72.3,322254,233.0,1440, 114379, 35.49,0.35493430647874036,2026-01-20
SILGO-RE1, BE, 20-Jan-2026,4.06,4.08,4.5,3.61,3.85,3.89,4.01,32671,1.31,158, -, -,,2026-01-20
SILINV, EQ, 20-Jan-2026,468.9,468.95,468.95,429.95,438.85,436.4,439.51,8409,36.96,509, 5837, 69.41,0.6941372339160423,2026-01-20
SILLYMONKS, BE, 20-Jan-2026,21.03,21.03,22.08,21.03,22.0,21.99,21.79,29988,6.54,123, -, -,,2026-01-20
SILVER, EQ, 20-Jan-2026,294.39,318.1,318.1,300.0,308.0,308.95,309.17,14919722,46127.97,87722, 4916088, 32.95,0.3295026542719764,2026-01-20
SILVER1, EQ, 20-Jan-2026,285.48,292.61,302.76,291.19,297.99,297.56,297.71,9083259,27041.69,32162, 5124164, 56.41,0.5641327633616965,2026-01-20
SILVER360, EQ, 20-Jan-2026,321.75,324.8,330.27,291.16,314.7,314.47,314.26,1642930,5163.0,20021, 585225, 35.62,0.35620811598789964,2026-01-20
SILVERADD, EQ, 20-Jan-2026,284.12,291.22,306.0,286.92,301.0,299.65,296.73,3354325,9953.18,22748, 1716937, 51.19,0.511857676283604,2026-01-20
SILVERAG, EQ, 20-Jan-2026,286.09,293.24,312.0,291.65,304.0,304.52,301.13,1577278,4749.6,13655, 644608, 40.87,0.4086838211146038,2026-01-20
SILVERBEES, EQ, 20-Jan-2026,282.95,288.15,302.24,288.15,297.49,297.62,295.35,245725046,725739.09,889010, 65583378, 26.69,0.26689740857755295,2026-01-20
SILVERBETA, EQ, 20-Jan-2026,284.37,292.46,308.37,290.0,299.5,300.95,298.84,6164198,18421.31,32999, 1738924, 28.21,0.28210060741072884,2026-01-20
SILVERBND, EQ, 20-Jan-2026,318.03,325.98,336.21,304.01,318.17,315.13,321.11,1114382,3578.41,11876, 388610, 34.87,0.34872243090789334,2026-01-20
SILVERCASE, EQ, 20-Jan-2026,29.85,30.59,32.5,30.05,31.46,31.48,31.27,102961651,32192.53,122965, 37696720, 36.61,0.36612388820377406,2026-01-20
SILVERIETF, EQ, 20-Jan-2026,295.0,302.38,317.68,301.0,313.0,313.75,308.93,39435426,121826.23,192098, 13285723, 33.69,0.33689817373850606,2026-01-20
SILVERTUC, EQ, 20-Jan-2026,1602.2,1586.0,1597.9,1522.1,1522.1,1522.1,1545.99,61621,952.65,3105, 32442, 52.65,0.5264763635773518,2026-01-20
SIMBHALS, BZ, 20-Jan-2026,9.57,9.52,9.52,9.1,9.11,9.11,9.19,9988,0.92,66, -, -,,2026-01-20
SIMPLEXINF, EQ, 20-Jan-2026,241.88,243.05,243.05,220.35,224.0,223.79,227.08,105536,239.65,1638, 70220, 66.54,0.665365372953305,2026-01-20
SINCLAIR, EQ, 20-Jan-2026,78.95,79.02,79.25,76.05,77.8,77.95,77.62,53658,41.65,843, 25962, 48.38,0.4838421111483842,2026-01-20
SINDHUTRAD, EQ, 20-Jan-2026,19.53,19.4,19.4,17.67,18.1,18.35,18.71,584273,109.34,1746, 265660, 45.47,0.4546847107430944,2026-01-20
SINTERCOM, EQ, 20-Jan-2026,99.0,98.0,98.02,97.0,97.0,97.03,97.91,2422,2.37,22, 2250, 92.90,0.9289843104872006,2026-01-20
SIRCA, EQ, 20-Jan-2026,493.7,495.0,495.6,478.3,479.0,481.7,485.91,188596,916.41,2899, 85632, 45.40,0.4540499268277164,2026-01-20
SIS, EQ, 20-Jan-2026,330.85,329.5,329.5,319.7,320.4,321.3,324.45,32353,104.97,2509, 22222, 68.69,0.6868605693444194,2026-01-20
SITINET, BZ, 20-Jan-2026,0.35,0.35,0.36,0.34,0.36,0.35,0.35,553690,1.93,335, -, -,,2026-01-20
SIYSIL, EQ, 20-Jan-2026,585.05,584.7,587.4,560.35,561.5,565.75,572.54,48908,280.02,4639, 25270, 51.67,0.5166843870123498,2026-01-20
SJS, EQ, 20-Jan-2026,1662.7,1662.0,1662.0,1555.5,1582.0,1578.8,1592.14,341773,5441.49,29742, 217722, 63.70,0.6370368636492643,2026-01-20
SJVN, EQ, 20-Jan-2026,74.52,74.52,74.78,70.92,71.9,71.81,72.71,7273564,5288.47,57493, 2414422, 33.19,0.3319448347467624,2026-01-20
SKFINDIA, EQ, 20-Jan-2026,1829.0,1800.0,1831.4,1790.5,1790.5,1816.7,1818.73,222315,4043.32,9376, 184132, 82.82,0.8282482063738389,2026-01-20
SKFINDUS, EQ, 20-Jan-2026,2660.0,2651.0,2710.9,2623.1,2680.0,2695.2,2678.31,16138,432.23,2461, 9650, 59.80,0.5979675300532904,2026-01-20
SKIPPER, EQ, 20-Jan-2026,370.9,368.5,373.5,352.0,353.9,353.6,360.49,440197,1586.85,15593, 265299, 60.27,0.6026824353641665,2026-01-20
SKMEGGPROD, EQ, 20-Jan-2026,172.4,171.5,189.0,171.5,180.05,180.65,183.2,1364244,2499.36,23586, 235135, 17.24,0.17235553170840406,2026-01-20
SKYGOLD, EQ, 20-Jan-2026,313.65,311.15,335.0,303.5,330.0,326.5,319.47,1140724,3644.28,12792, 533766, 46.79,0.4679186201044249,2026-01-20
SMALL250, EQ, 20-Jan-2026,16.05,18.89,18.89,15.56,15.6,15.6,15.72,585090,91.97,1129, 530203, 90.62,0.9061905006067442,2026-01-20
SMALLADD, EQ, 20-Jan-2026,16.09,16.17,16.17,15.6,15.72,15.64,15.73,66593,10.48,130, 42103, 63.22,0.6322436292102773,2026-01-20
SMALLCAP, EQ, 20-Jan-2026,42.59,43.46,43.46,41.31,41.47,41.5,41.79,4581400,1914.71,13418, 3472583, 75.80,0.7579742000261929,2026-01-20
SMARTLINK, EQ, 20-Jan-2026,127.74,126.5,127.98,121.1,121.1,121.77,123.61,7318,9.05,212, 5578, 76.22,0.7622301175184477,2026-01-20
SMARTWORKS, EQ, 20-Jan-2026,444.65,444.0,450.45,440.35,449.9,445.85,446.17,49751,221.97,2887, 24873, 49.99,0.4999497497537738,2026-01-20
SMCGLOBAL, EQ, 20-Jan-2026,81.25,81.25,81.51,76.2,77.0,77.04,78.59,729652,573.47,6351, 326155, 44.70,0.44700076200709377,2026-01-20
SML100CASE, EQ, 20-Jan-2026,9.71,9.61,9.9,9.4,9.5,9.45,9.53,2269599,216.27,3401, 1889208, 83.24,0.832397264891287,2026-01-20
SMLMAH, EQ, 20-Jan-2026,4185.3,3976.1,4090.0,3976.1,3976.1,3976.1,3986.59,89340,3561.62,3459, 43061, 48.20,0.4819901499888068,2026-01-20
SMLT, EQ, 20-Jan-2026,75.69,75.0,75.33,70.06,70.1,71.45,72.0,41468,29.86,1454, 27252, 65.72,0.6571814411112182,2026-01-20
SMSPHARMA, EQ, 20-Jan-2026,314.3,312.6,318.6,306.7,310.0,309.65,311.43,336545,1048.11,6836, 167324, 49.72,0.4971816547564219,2026-01-20
SNOWMAN, EQ, 20-Jan-2026,37.7,38.0,38.0,36.75,37.12,37.01,37.01,223635,82.78,1539, 114799, 51.33,0.513331991861739,2026-01-20
SNXT30BEES, EQ, 20-Jan-2026,40.58,40.72,40.73,39.71,40.11,39.83,40.05,12542,5.02,157, 8505, 67.81,0.6781215117206187,2026-01-20
SNXT50BETA, EQ, 20-Jan-2026,94.74,93.9,94.69,93.44,94.38,94.1,93.94,2206,2.07,97, 2145, 97.23,0.972348141432457,2026-01-20
SOBHA, EQ, 20-Jan-2026,1493.2,1479.1,1479.1,1334.0,1340.0,1364.6,1407.21,453225,6377.81,34802, 182061, 40.17,0.4017011418169783,2026-01-20
SOFTTECH, EQ, 20-Jan-2026,306.85,313.5,313.5,294.0,295.5,297.95,301.32,8546,25.75,354, 7166, 83.85,0.8385209454715656,2026-01-20
SOLARA, EQ, 20-Jan-2026,532.45,528.65,532.6,517.0,520.0,520.0,523.33,57101,298.83,3968, 31818, 55.72,0.5572231659690724,2026-01-20
SOLARINDS, EQ, 20-Jan-2026,12925.0,12953.0,13001.0,12528.0,12647.0,12596.0,12791.24,104387,13352.39,21035, 39122, 37.48,0.3747784685832527,2026-01-20
SOLARWORLD, EQ, 20-Jan-2026,262.35,262.35,264.05,252.6,253.95,257.25,258.76,98917,255.96,3442, 53271, 53.85,0.5385424143473821,2026-01-20
SOLEX, EQ, 20-Jan-2026,1124.6,1112.0,1142.6,1019.1,1066.0,1048.5,1058.94,61839,654.84,4246, 22644, 36.62,0.36617668461650416,2026-01-20
SOMANYCERA, EQ, 20-Jan-2026,399.85,399.85,406.0,393.15,395.0,397.45,399.71,16834,67.29,1212, 9876, 58.67,0.5866698348580254,2026-01-20
SOMATEX, BE, 20-Jan-2026,117.58,115.23,115.23,115.23,115.23,115.23,115.23,1110,1.28,23, -, -,,2026-01-20
SOMICONVEY, EQ, 20-Jan-2026,116.27,119.99,119.99,107.0,107.0,108.8,111.46,17876,19.92,869, 9928, 55.54,0.5553815171179235,2026-01-20
SONACOMS, EQ, 20-Jan-2026,447.65,445.85,449.1,439.7,441.0,445.95,445.57,2411410,10744.58,40880, 1639007, 67.97,0.6796882321961011,2026-01-20
SONAMLTD, EQ, 20-Jan-2026,42.14,41.02,42.1,40.05,41.06,40.59,40.76,51688,21.07,526, 28937, 55.98,0.5598398080792447,2026-01-20
SONATSOFTW, EQ, 20-Jan-2026,325.95,327.5,328.4,312.0,313.2,312.9,318.38,754377,2401.79,24808, 242626, 32.16,0.3216243337217333,2026-01-20
SOTL, EQ, 20-Jan-2026,351.45,348.3,358.75,344.3,355.0,347.35,347.05,12223,42.42,856, 6704, 54.85,0.5484741880062178,2026-01-20
SOUTHBANK, EQ, 20-Jan-2026,45.1,45.32,45.62,43.21,43.7,43.44,44.23,35021333,15490.24,61397, 12048527, 34.40,0.3440339349732919,2026-01-20
SOUTHWEST, BE, 20-Jan-2026,171.25,170.0,179.81,166.25,175.0,177.49,176.13,86726,152.75,484, -, -,,2026-01-20
SPAL, EQ, 20-Jan-2026,611.75,606.0,620.0,600.0,615.0,616.3,609.49,34398,209.65,3352, 16046, 46.65,0.4664806093377522,2026-01-20
SPANDANA, EQ, 20-Jan-2026,235.5,233.85,236.05,228.5,229.8,230.4,232.36,144317,335.33,7284, 73640, 51.03,0.5102655958757457,2026-01-20
SPARC, EQ, 20-Jan-2026,130.29,130.29,131.5,126.41,128.2,127.99,128.77,811715,1045.28,9223, 281680, 34.70,0.34701835003665077,2026-01-20
SPCENET, EQ, 20-Jan-2026,6.01,6.28,6.28,5.8,5.82,5.88,6.03,395838,23.88,527, 285979, 72.25,0.7224647456787878,2026-01-20
SPECIALITY, EQ, 20-Jan-2026,104.62,103.0,105.5,101.4,103.0,102.99,102.89,68986,70.98,966, 31205, 45.23,0.4523381555677964,2026-01-20
SPECTRUM, EQ, 20-Jan-2026,1090.1,1119.9,1142.0,1071.4,1090.0,1090.9,1104.5,5010,55.34,425, 2563, 51.16,0.5115768463073852,2026-01-20
SPENCERS, EQ, 20-Jan-2026,36.64,37.0,37.0,34.42,35.6,34.75,35.41,80248,28.41,988, 58280, 72.62,0.7262486292493271,2026-01-20
SPIC, EQ, 20-Jan-2026,77.79,77.79,78.0,75.1,75.45,75.47,76.49,327036,250.14,2562, 153531, 46.95,0.4694620775694419,2026-01-20
SPLIL, EQ, 20-Jan-2026,29.34,29.49,29.9,28.0,28.85,28.46,29.28,32875,9.63,290, 20918, 63.63,0.6362889733840305,2026-01-20
SPLPETRO, EQ, 20-Jan-2026,532.55,535.4,563.95,494.25,514.0,507.85,534.58,262410,1402.78,11741, 64767, 24.68,0.2468160512175603,2026-01-20
SPMLINFRA, EQ, 20-Jan-2026,195.34,194.5,194.76,179.47,182.52,182.89,184.95,812956,1503.59,10665, 239939, 29.51,0.29514389462652346,2026-01-20
SPORTKING, EQ, 20-Jan-2026,81.48,80.0,82.9,80.0,82.9,81.81,81.55,93998,76.65,861, 66896, 71.17,0.7116747164833295,2026-01-20
SRD, EQ, 20-Jan-2026,61.19,61.22,61.97,58.55,59.0,58.99,59.65,22066,13.16,453, 15086, 68.37,0.6836762439952868,2026-01-20
SREEL, EQ, 20-Jan-2026,213.23,216.9,230.0,215.16,218.11,218.2,222.02,6694,14.86,342, 4011, 59.92,0.5991933074394981,2026-01-20
SRF, EQ, 20-Jan-2026,2962.5,2970.0,2979.4,2833.0,2854.0,2883.2,2905.46,668685,19428.37,62645, 263577, 39.42,0.3941721438345409,2026-01-20
SRGHFL, EQ, 20-Jan-2026,266.7,267.0,274.7,267.0,272.0,272.0,271.33,265,0.72,11, 265, 100.00,1.0,2026-01-20
SRHHYPOLTD, EQ, 20-Jan-2026,478.5,472.6,478.35,456.6,461.0,460.25,464.22,13405,62.23,1155, 8257, 61.60,0.6159641924654979,2026-01-20
SRM, EQ, 20-Jan-2026,465.5,467.85,470.4,436.1,444.95,440.3,446.84,121467,542.76,3897, 77466, 63.78,0.6377534639037763,2026-01-20
SRPL, BZ, 20-Jan-2026,0.61,0.61,0.63,0.59,0.6,0.6,0.61,174885,1.06,234, -, -,,2026-01-20
SSDL, EQ, 20-Jan-2026,71.22,71.22,72.08,69.7,69.9,69.78,70.12,28296,19.84,790, 17918, 63.32,0.6332343794175855,2026-01-20
SSWL, EQ, 20-Jan-2026,194.5,193.16,194.48,190.0,190.9,190.38,192.22,124739,239.78,2884, 76575, 61.39,0.6138817851674296,2026-01-20
STALLION, EQ, 20-Jan-2026,215.64,216.69,221.0,204.86,204.86,204.86,208.58,365567,762.52,6487, 226921, 62.07,0.6207371015436295,2026-01-20
STANLEY, EQ, 20-Jan-2026,181.49,181.49,182.0,175.69,177.0,177.04,177.76,134869,239.74,3549, 74812, 55.47,0.554701228599604,2026-01-20
STAR, EQ, 20-Jan-2026,869.1,875.0,886.5,849.1,858.7,859.65,874.76,273273,2390.47,16144, 109224, 39.97,0.39968822386404806,2026-01-20
STARCEMENT, EQ, 20-Jan-2026,214.19,212.75,215.3,211.0,211.1,211.5,213.04,207810,442.72,9450, 151703, 73.00,0.7300081805495404,2026-01-20
STARHEALTH, EQ, 20-Jan-2026,438.45,437.5,442.95,432.45,436.5,435.0,437.41,405657,1774.37,14663, 213279, 52.58,0.5257619121573152,2026-01-20
STARPAPER, EQ, 20-Jan-2026,158.59,161.99,161.99,153.05,155.5,154.96,156.24,5625,8.79,140, 4736, 84.20,0.8419555555555556,2026-01-20
STARTECK, EQ, 20-Jan-2026,270.15,275.35,276.0,268.1,268.5,269.55,272.4,9357,25.49,337, 1040, 11.11,0.11114673506465747,2026-01-20
STCINDIA, EQ, 20-Jan-2026,127.12,127.0,128.03,117.0,118.18,118.0,121.85,78319,95.43,2033, 41120, 52.50,0.5250322399417766,2026-01-20
STEELCAS, EQ, 20-Jan-2026,201.47,201.28,201.28,190.0,190.65,192.47,194.66,47345,92.16,1686, 24720, 52.21,0.5221248283873693,2026-01-20
STEELCITY, EQ, 20-Jan-2026,87.9,88.33,89.69,87.0,87.9,87.2,87.97,5571,4.9,202, 3568, 64.05,0.6404595225273739,2026-01-20
STEELXIND, EQ, 20-Jan-2026,8.43,8.41,8.46,8.08,8.14,8.12,8.21,979081,80.43,2275, 705527, 72.06,0.7206012577100362,2026-01-20
STEL, EQ, 20-Jan-2026,430.0,428.15,428.15,388.0,388.3,398.75,405.99,6853,27.82,569, 5349, 78.05,0.7805340726689042,2026-01-20
STERTOOLS, EQ, 20-Jan-2026,248.45,245.9,247.65,236.35,238.4,239.25,242.79,55227,134.08,1804, 27729, 50.21,0.5020913683524363,2026-01-20
STLNETWORK, EQ, 20-Jan-2026,20.6,20.37,20.46,19.31,19.46,19.47,19.81,1087232,215.34,4195, 755889, 69.52,0.6952416779491406,2026-01-20
STLTECH, EQ, 20-Jan-2026,91.85,91.85,92.85,89.57,91.5,91.56,91.3,1386887,1266.24,15303, 520978, 37.56,0.3756456005427984,2026-01-20
STOVEKRAFT, EQ, 20-Jan-2026,509.2,504.6,510.55,485.0,488.0,488.05,496.72,92601,459.97,6709, 54348, 58.69,0.5869051090161014,2026-01-20
STUDDS, EQ, 20-Jan-2026,520.5,520.5,520.5,492.55,502.2,498.5,505.59,112360,568.09,8860, 80466, 71.61,0.7161445354218583,2026-01-20
STYL, EQ, 20-Jan-2026,255.05,255.0,255.0,242.0,243.75,243.0,248.26,105322,261.47,5934, 62678, 59.51,0.5951083344410475,2026-01-20
STYLAMIND, EQ, 20-Jan-2026,2174.0,2171.0,2200.0,2154.3,2175.0,2169.9,2169.83,38393,833.06,3720, 27083, 70.54,0.70541504961842,2026-01-20
STYLEBAAZA, EQ, 20-Jan-2026,327.45,330.2,344.9,328.0,334.9,338.8,335.82,13483263,45279.2,92026, 1643636, 12.19,0.12190194613870545,2026-01-20
STYRENIX, EQ, 20-Jan-2026,1900.1,1900.0,1901.9,1873.0,1873.0,1884.6,1888.72,25659,484.63,2724, 18669, 72.76,0.7275809657430141,2026-01-20
SUBEXLTD, EQ, 20-Jan-2026,10.22,10.29,10.39,9.9,10.05,9.99,10.11,2600004,262.89,3247, 1467947, 56.46,0.564594131393644,2026-01-20
SUBROS, EQ, 20-Jan-2026,813.35,813.0,813.05,775.85,784.8,782.9,796.08,57528,457.97,4948, 26092, 45.36,0.4535530524266444,2026-01-20
SUDARCOLOR, EQ, 20-Jan-2026,412.5,417.05,429.5,390.8,392.0,399.25,409.88,21384,87.65,1330, 12455, 58.24,0.5824448185559297,2026-01-20
SUDARSCHEM, EQ, 20-Jan-2026,871.85,869.0,900.0,867.6,890.0,889.25,889.39,109446,973.4,10911, 50412, 46.06,0.4606107121320103,2026-01-20
SUDEEPPHRM, EQ, 20-Jan-2026,562.55,562.45,562.45,527.15,535.0,530.0,540.69,181517,981.45,8071, 69260, 38.16,0.3815620575483288,2026-01-20
SUKHJITS, EQ, 20-Jan-2026,182.13,180.03,184.4,165.81,167.95,170.02,176.95,45388,80.32,677, 37322, 82.23,0.8222878293822156,2026-01-20
SULA, EQ, 20-Jan-2026,196.02,196.05,208.0,191.05,204.95,198.64,195.55,379260,741.63,6113, 202665, 53.44,0.5343695617781996,2026-01-20
SUMEETINDS, EQ, 20-Jan-2026,28.86,28.74,28.89,27.42,27.42,27.42,27.88,110040,30.68,743, 78414, 71.26,0.7125954198473282,2026-01-20
SUMICHEM, EQ, 20-Jan-2026,425.9,422.0,426.7,420.1,423.8,422.6,423.31,199117,842.88,9609, 100088, 50.27,0.502659240547015,2026-01-20
SUMIT, EQ, 20-Jan-2026,53.53,55.5,55.5,50.25,51.01,50.46,51.84,36155,18.74,533, 28189, 77.97,0.7796708615682478,2026-01-20
SUMMITSEC, EQ, 20-Jan-2026,1782.8,1810.1,1810.1,1711.0,1734.0,1720.2,1743.34,7499,130.73,1116, 4097, 54.63,0.5463395119349247,2026-01-20
SUNCLAY, EQ, 20-Jan-2026,1240.1,1245.0,1245.0,1184.0,1184.0,1195.5,1213.1,15684,190.26,1664, 10709, 68.28,0.6827977556745728,2026-01-20
SUNDARAM, EQ, 20-Jan-2026,1.69,1.7,1.7,1.63,1.63,1.64,1.66,311265,5.18,691, 263131, 84.54,0.8453600629688529,2026-01-20
SUNDARMFIN, EQ, 20-Jan-2026,5152.0,5159.0,5159.0,5014.0,5022.5,5059.0,5083.82,98216,4993.12,27776, 75380, 76.75,0.7674920583204365,2026-01-20
SUNDRMBRAK, EQ, 20-Jan-2026,634.0,634.2,634.2,600.05,600.05,602.5,610.4,2029,12.39,131, 1784, 87.93,0.8792508624938393,2026-01-20
SUNDRMFAST, EQ, 20-Jan-2026,925.75,929.95,929.95,905.3,915.2,919.7,918.72,96193,883.75,8504, 62678, 65.16,0.6515858742320128,2026-01-20
SUNDROP, EQ, 20-Jan-2026,651.45,654.75,654.75,615.0,615.1,618.45,630.13,29398,185.25,1264, 20481, 69.67,0.6966800462616505,2026-01-20
SUNFLAG, EQ, 20-Jan-2026,255.8,253.0,254.85,247.4,250.0,248.2,250.77,137863,345.71,2719, 88755, 64.38,0.643791300058754,2026-01-20
SUNPHARMA, EQ, 20-Jan-2026,1675.4,1674.1,1674.1,1602.8,1621.3,1613.8,1632.88,5019166,81957.03,156302, 3599107, 71.71,0.7170727168617256,2026-01-20
SUNTECK, EQ, 20-Jan-2026,405.2,403.0,404.95,390.85,403.0,402.95,396.85,190987,757.94,9682, 82971, 43.44,0.43443271007974366,2026-01-20
SUNTV, EQ, 20-Jan-2026,542.1,540.0,554.8,536.3,553.0,551.45,548.34,299027,1639.69,10787, 115706, 38.69,0.38694164740976567,2026-01-20
SUPERHOUSE, EQ, 20-Jan-2026,138.19,137.1,139.98,135.62,137.3,136.21,138.33,5258,7.27,125, 2832, 53.86,0.5386078356789654,2026-01-20
SUPERSPIN, EQ, 20-Jan-2026,8.03,8.0,8.35,7.9,8.07,8.03,8.02,20069,1.61,145, 19043, 94.89,0.9488763765010713,2026-01-20
SUPRAJIT, EQ, 20-Jan-2026,453.3,450.0,451.7,434.1,441.0,438.3,444.36,65707,291.97,5427, 27938, 42.52,0.42519061895992816,2026-01-20
SUPREME, EQ, 20-Jan-2026,62.26,62.25,62.75,59.72,62.24,61.88,61.79,124231,76.76,1467, 55820, 44.93,0.44932424274134475,2026-01-20
SUPREMEIND, EQ, 20-Jan-2026,3467.3,3469.1,3481.1,3358.6,3358.6,3372.7,3431.52,272913,9365.07,28368, 120026, 43.98,0.43979583237148834,2026-01-20
SUPREMEINF, BZ, 20-Jan-2026,84.36,81.2,85.0,81.2,83.07,83.09,82.76,11715,9.7,48, -, -,,2026-01-20
SUPRIYA, EQ, 20-Jan-2026,740.1,732.1,738.4,717.8,725.05,723.8,726.34,144960,1052.91,9552, 76484, 52.76,0.527621412803532,2026-01-20
SURAJEST, EQ, 20-Jan-2026,236.0,236.0,239.75,227.0,229.15,228.75,230.3,211056,486.06,2655, 66298, 31.41,0.31412516109468575,2026-01-20
SURAJLTD, EQ, 20-Jan-2026,244.96,245.01,245.01,232.0,239.99,234.96,239.32,865,2.07,46, 802, 92.72,0.9271676300578034,2026-01-20
SURAKSHA, EQ, 20-Jan-2026,260.15,260.25,261.9,254.0,257.0,257.45,257.09,27614,70.99,1113, 16871, 61.10,0.6109582096038242,2026-01-20
SURANASOL, EQ, 20-Jan-2026,25.54,25.35,25.54,24.01,24.24,24.15,24.9,75662,18.84,1139, 56486, 74.66,0.7465570563823319,2026-01-20
SURANAT&P, EQ, 20-Jan-2026,18.99,18.73,19.0,18.01,18.14,18.07,18.53,156704,29.04,674, 103396, 65.98,0.6598172350418624,2026-01-20
SURYALAXMI, EQ, 20-Jan-2026,54.64,54.62,56.38,54.0,54.0,54.4,54.51,4039,2.2,62, 3236, 80.12,0.8011884129735083,2026-01-20
SURYAROSNI, EQ, 20-Jan-2026,257.85,258.0,259.2,248.0,249.95,249.95,252.83,201193,508.68,6545, 104433, 51.91,0.5190687548771578,2026-01-20
SURYODAY, EQ, 20-Jan-2026,140.22,140.0,140.22,135.15,135.15,135.88,137.78,118905,163.83,2290, 69620, 58.55,0.5855094403094908,2026-01-20
SUTLEJTEX, EQ, 20-Jan-2026,29.14,29.1,29.5,28.25,28.9,28.71,28.68,9023,2.59,281, 8182, 90.68,0.9067937493073257,2026-01-20
SUVEN, EQ, 20-Jan-2026,150.24,151.0,151.0,142.73,143.4,143.49,145.83,242472,353.6,3954, 127470, 52.57,0.5257101850935366,2026-01-20
SUVIDHAA, EQ, 20-Jan-2026,3.36,3.35,3.44,3.11,3.17,3.16,3.22,122325,3.94,417, 82637, 67.56,0.6755528305742898,2026-01-20
SUYOG, EQ, 20-Jan-2026,561.15,554.0,578.4,546.95,552.0,561.75,562.89,36032,202.82,2422, 15852, 43.99,0.4399422735346359,2026-01-20
SUZLON, EQ, 20-Jan-2026,47.98,47.98,48.33,46.2,46.56,46.34,46.98,60935304,28627.83,129194, 27270104, 44.75,0.44752552641732946,2026-01-20
SVLL, EQ, 20-Jan-2026,664.6,660.0,664.55,640.6,664.55,663.05,650.48,342,2.22,18, 242, 70.76,0.7076023391812866,2026-01-20
SVPGLOB, BE, 20-Jan-2026,3.41,3.38,3.48,3.3,3.36,3.36,3.36,64386,2.16,122, -, -,,2026-01-20
SWANCORP, EQ, 20-Jan-2026,417.9,417.9,419.1,403.0,406.7,407.45,410.36,972633,3991.3,23216, 369007, 37.94,0.37938975954959375,2026-01-20
SWARAJENG, EQ, 20-Jan-2026,3495.3,3495.0,3514.5,3386.2,3456.0,3444.2,3437.16,29408,1010.8,4051, 15697, 53.38,0.5337663220892275,2026-01-20
SWELECTES, EQ, 20-Jan-2026,565.95,565.0,589.0,540.0,544.0,543.05,551.8,22201,122.51,1739, 10660, 48.02,0.48015855141660285,2026-01-20
SWIGGY, EQ, 20-Jan-2026,333.8,331.8,334.3,324.05,325.75,326.1,328.24,6863680,22529.09,78965, 3185545, 46.41,0.46411618840039165,2026-01-20
SWSOLAR, EQ, 20-Jan-2026,200.76,200.5,200.5,191.0,192.54,192.04,195.36,1968733,3846.08,21974, 630070, 32.00,0.3200383190610408,2026-01-20
SYMPHONY, EQ, 20-Jan-2026,891.85,891.1,892.05,844.55,857.95,854.85,866.08,102634,888.89,8552, 49939, 48.66,0.4865736500574858,2026-01-20
SYNCOMF, EQ, 20-Jan-2026,12.69,12.62,12.69,12.0,12.24,12.16,12.33,2490104,307.1,5873, 1602532, 64.36,0.6435602689686857,2026-01-20
SYNGENE, EQ, 20-Jan-2026,625.5,622.5,625.75,603.3,604.0,606.0,614.1,1044681,6415.36,30572, 671484, 64.28,0.6427646334144107,2026-01-20
SYRMA, EQ, 20-Jan-2026,685.65,688.05,689.85,642.05,647.9,646.75,660.07,938312,6193.51,39974, 447354, 47.68,0.4767646582373454,2026-01-20
SYSTMTXC, EQ, 20-Jan-2026,100.02,100.0,101.54,95.84,96.0,96.83,98.29,231363,227.42,2593, 70681, 30.55,0.30549828624283054,2026-01-20
TAINWALCHM, EQ, 20-Jan-2026,176.54,174.25,177.99,171.0,171.0,171.77,174.34,2482,4.33,125, 856, 34.49,0.3448831587429492,2026-01-20
TAJGVK, EQ, 20-Jan-2026,396.2,395.0,399.7,384.9,388.15,387.2,392.68,121155,475.75,5583, 50422, 41.62,0.4161776237051711,2026-01-20
TAKE, BE, 20-Jan-2026,42.25,43.5,43.5,40.14,41.0,40.53,41.44,881811,365.44,1552, -, -,,2026-01-20
TALBROAUTO, EQ, 20-Jan-2026,246.25,244.0,245.95,235.1,238.0,236.7,239.95,155098,372.15,3836, 58254, 37.56,0.3755947852325626,2026-01-20
TANLA, EQ, 20-Jan-2026,455.95,457.4,457.4,440.0,441.25,441.25,445.57,509391,2269.67,21789, 236588, 46.45,0.4644526503216586,2026-01-20
TARACHAND, EQ, 20-Jan-2026,73.47,73.0,73.9,72.41,72.8,72.64,72.85,85715,62.44,678, 69616, 81.22,0.8121798985008458,2026-01-20
TARAPUR, BE, 20-Jan-2026,27.37,27.36,27.37,26.01,26.01,26.04,26.56,24741,6.57,171, -, -,,2026-01-20
TARC, EQ, 20-Jan-2026,166.0,166.5,169.95,156.31,157.2,157.81,160.76,1027862,1652.44,9058, 407291, 39.63,0.396250663999642,2026-01-20
TARIL, EQ, 20-Jan-2026,253.8,254.0,254.8,241.0,243.7,242.2,247.47,4056712,10039.13,47043, 1212455, 29.89,0.2988762820727722,2026-01-20
TARMAT, EQ, 20-Jan-2026,51.39,51.31,51.38,48.7,49.0,48.97,49.44,32307,15.97,456, 23985, 74.24,0.7424087659021265,2026-01-20
TARSONS, EQ, 20-Jan-2026,202.68,202.68,203.93,198.3,198.9,198.98,200.4,73488,147.27,2648, 36687, 49.92,0.49922436316133245,2026-01-20
TASTYBITE, EQ, 20-Jan-2026,7469.0,7401.0,7424.5,7203.5,7300.5,7255.0,7269.54,1496,108.75,667, 928, 62.03,0.6203208556149733,2026-01-20
TATACAP, EQ, 20-Jan-2026,360.25,365.0,367.3,353.05,357.2,358.45,360.38,9019198,32503.46,117599, 4348598, 48.21,0.4821490780000616,2026-01-20
TATACHEM, EQ, 20-Jan-2026,746.2,746.2,746.3,724.15,730.95,730.95,736.5,402314,2963.05,24343, 208569, 51.84,0.5184234205123361,2026-01-20
TATACOMM, EQ, 20-Jan-2026,1762.0,1755.6,1762.0,1698.7,1715.0,1712.2,1734.3,195048,3382.71,23342, 130634, 66.98,0.6697530864197531,2026-01-20
TATACONSUM, EQ, 20-Jan-2026,1180.2,1180.0,1203.9,1176.3,1183.5,1185.0,1192.7,2027446,24181.3,49919, 1043524, 51.47,0.5146987885250704,2026-01-20
TATAELXSI, EQ, 20-Jan-2026,5563.0,5565.0,5566.0,5361.0,5395.0,5387.0,5443.2,268719,14626.91,29453, 44587, 16.59,0.16592425544900063,2026-01-20
TATAGOLD, EQ, 20-Jan-2026,14.14,14.49,15.5,13.9,15.49,15.38,14.84,368515362,54696.99,294588, 158794492, 43.09,0.4309033174036311,2026-01-20
TATAINVEST, EQ, 20-Jan-2026,652.45,652.4,653.1,630.0,632.4,632.2,640.82,474656,3041.67,24553, 226265, 47.67,0.47669259421560034,2026-01-20
TATAPOWER, EQ, 20-Jan-2026,363.2,362.45,364.15,351.1,352.95,352.95,358.14,3143726,11258.8,59989, 1381252, 43.94,0.439367807499763,2026-01-20
TATASTEEL, EQ, 20-Jan-2026,188.27,188.27,190.0,183.03,183.68,183.56,185.8,20094927,37337.29,176293, 8195868, 40.79,0.40785756524519845,2026-01-20
TATATECH, EQ, 20-Jan-2026,661.35,661.55,664.15,644.6,646.8,647.45,653.83,1109131,7251.83,29522, 338144, 30.49,0.30487291402007516,2026-01-20
TATSILV, EQ, 20-Jan-2026,29.0,28.27,32.35,28.27,31.5,31.31,30.94,939756357,290715.81,801698, 252340037, 26.85,0.2685164459068405,2026-01-20
TATVA, EQ, 20-Jan-2026,1406.0,1405.0,1406.9,1356.2,1364.0,1373.8,1378.63,97280,1341.13,8307, 44333, 45.57,0.45572574013157896,2026-01-20
TBOTEK, EQ, 20-Jan-2026,1509.8,1509.8,1525.0,1475.8,1498.0,1515.2,1504.39,61881,930.93,14408, 29820, 48.19,0.4818926649537015,2026-01-20
TBZ, EQ, 20-Jan-2026,164.73,166.05,171.5,164.11,168.99,168.41,168.14,2487927,4183.24,18834, 722013, 29.02,0.2902066660315998,2026-01-20
TCI, EQ, 20-Jan-2026,1002.7,1018.0,1020.0,962.0,972.2,971.6,985.82,27313,269.26,2970, 12719, 46.57,0.46567568557097355,2026-01-20
TCIEXP, EQ, 20-Jan-2026,504.65,507.15,507.15,494.1,498.55,499.65,499.31,15848,79.13,1207, 10867, 68.57,0.6857016658253408,2026-01-20
TCIFINANCE, BE, 20-Jan-2026,26.94,25.6,25.6,25.6,25.6,25.6,25.6,2074,0.53,58, -, -,,2026-01-20
TCPLPACK, EQ, 20-Jan-2026,2674.0,2689.0,2727.4,2560.0,2601.0,2601.8,2609.39,54189,1414.0,4608, 42472, 78.38,0.7837753049511894,2026-01-20
TCS, EQ, 20-Jan-2026,3163.6,3151.6,3160.0,3091.1,3104.2,3102.3,3127.35,4499273,140708.03,152322, 2937139, 65.28,0.6528030195100408,2026-01-20
TDPOWERSYS, EQ, 20-Jan-2026,658.95,657.5,663.9,630.35,638.5,640.65,648.04,825690,5350.84,34077, 341698, 41.38,0.4138332788334605,2026-01-20
TEAMGTY, EQ, 20-Jan-2026,278.5,280.05,281.9,264.0,268.1,269.35,276.33,320,0.88,38, 281, 87.81,0.878125,2026-01-20
TEAMLEASE, EQ, 20-Jan-2026,1494.7,1500.0,1500.0,1435.1,1450.0,1450.4,1463.89,11897,174.16,2004, 5678, 47.73,0.477263175590485,2026-01-20
TECH, EQ, 20-Jan-2026,42.07,41.01,42.17,41.01,41.24,41.2,41.46,31393,13.01,223, 25036, 79.75,0.7975026279743892,2026-01-20
TECHM, EQ, 20-Jan-2026,1718.3,1715.0,1716.7,1675.0,1675.7,1678.5,1684.25,1825981,30754.05,107605, 1051970, 57.61,0.5761122377505571,2026-01-20
TECHNOE, EQ, 20-Jan-2026,953.7,955.1,960.4,920.8,932.7,924.9,938.16,160968,1510.13,15413, 76387, 47.45,0.4745477361960141,2026-01-20
TECILCHEM, EQ, 20-Jan-2026,16.09,16.2,17.6,15.52,17.59,16.58,16.5,1106,0.18,26, 415, 37.52,0.3752260397830018,2026-01-20
TEGA, EQ, 20-Jan-2026,1830.7,1829.0,1829.0,1772.0,1784.8,1791.8,1803.62,176160,3177.26,16226, 114395, 64.94,0.6493812443233424,2026-01-20
TEJASNET, EQ, 20-Jan-2026,349.3,348.0,350.6,325.3,329.8,328.0,337.04,3082528,10389.32,61203, 914106, 29.65,0.29654426496693626,2026-01-20
TEMBO, EQ, 20-Jan-2026,579.8,584.45,587.3,550.85,558.0,553.65,562.92,87137,490.51,2971, 45872, 52.64,0.5264353833618325,2026-01-20
TENNIND, EQ, 20-Jan-2026,514.05,509.5,518.0,488.85,491.95,494.1,499.48,781340,3902.66,37284, 399447, 51.12,0.5112332659277651,2026-01-20
TERASOFT, BE, 20-Jan-2026,399.9,399.4,399.4,379.95,379.95,380.05,383.38,18508,70.96,385, -, -,,2026-01-20
TEXINFRA, EQ, 20-Jan-2026,98.82,97.55,98.27,96.4,97.3,97.3,97.49,37270,36.33,403, 27107, 72.73,0.7273141937214919,2026-01-20
TEXMOPIPES, EQ, 20-Jan-2026,47.05,47.86,47.86,45.0,45.75,45.28,46.31,22871,10.59,514, 16240, 71.01,0.7100695203532859,2026-01-20
TEXRAIL, EQ, 20-Jan-2026,124.69,125.0,125.01,119.09,120.25,119.83,122.03,1565298,1910.1,19504, 582812, 37.23,0.3723329359649089,2026-01-20
TFCILTD, EQ, 20-Jan-2026,67.01,67.01,67.02,64.28,65.5,64.93,65.34,6174889,4034.81,13002, 3084622, 49.95,0.4995429067631823,2026-01-20
TFL, EQ, 20-Jan-2026,14.75,14.7,14.99,13.61,13.96,14.18,14.34,6280,0.9,120, 6013, 95.75,0.9574840764331211,2026-01-20
TGBHOTELS, EQ, 20-Jan-2026,9.33,9.45,9.5,9.25,9.35,9.31,9.38,15329,1.44,57, 8619, 56.23,0.5622675973644725,2026-01-20
THANGAMAYL, EQ, 20-Jan-2026,3710.2,3710.5,3915.0,3675.0,3729.0,3712.3,3807.37,294186,11200.76,31114, 57223, 19.45,0.19451299517992018,2026-01-20
THEINVEST, EQ, 20-Jan-2026,118.23,121.01,121.2,110.5,110.83,112.79,115.73,6968,8.06,223, 4203, 60.32,0.6031859931113662,2026-01-20
THEJO, EQ, 20-Jan-2026,1883.1,1883.1,1916.0,1748.9,1825.0,1786.5,1812.25,11414,206.85,1912, 6806, 59.63,0.5962852637112318,2026-01-20
THELEELA, EQ, 20-Jan-2026,439.45,436.95,436.95,410.8,420.0,418.85,417.78,731741,3057.1,24204, 348831, 47.67,0.47671375527679877,2026-01-20
THEMISMED, EQ, 20-Jan-2026,87.95,87.0,88.04,82.2,83.15,83.45,84.79,153597,130.23,2299, 70070, 45.62,0.4561938058686042,2026-01-20
THERMAX, EQ, 20-Jan-2026,2937.7,2925.0,2960.4,2895.4,2922.0,2921.4,2918.9,72607,2119.33,9895, 39101, 53.85,0.5385293429008222,2026-01-20
THOMASCOOK, EQ, 20-Jan-2026,131.96,131.23,131.89,127.1,128.0,128.35,129.19,310662,401.34,8170, 118538, 38.16,0.38156581751228025,2026-01-20
THOMASCOTT, EQ, 20-Jan-2026,343.5,343.5,343.5,309.1,327.0,319.45,322.42,33190,107.01,1542, 17568, 52.93,0.5293160590539319,2026-01-20
THYROCARE, EQ, 20-Jan-2026,476.15,477.95,482.0,472.15,473.95,474.1,476.28,307254,1463.4,13987, 150119, 48.86,0.48858273610758524,2026-01-20
TI, EQ, 20-Jan-2026,410.4,411.0,419.4,393.0,395.0,397.7,408.6,891932,3644.43,29058, 360309, 40.40,0.40396465201383064,2026-01-20
TICL, BE, 20-Jan-2026,23.53,23.52,23.53,22.36,22.8,22.44,22.64,77900,17.63,253, -, -,,2026-01-20
TIGERLOGS, EQ, 20-Jan-2026,31.79,32.04,32.19,29.25,29.5,30.14,30.83,100876,31.1,1074, 73639, 73.00,0.7299952416828581,2026-01-20
TIIL, EQ, 20-Jan-2026,1925.8,1950.0,1950.0,1900.0,1938.0,1907.0,1913.54,12627,241.62,3058, 7151, 56.63,0.5663261265542092,2026-01-20
TIINDIA, EQ, 20-Jan-2026,2383.6,2399.1,2402.0,2320.5,2329.5,2329.5,2345.01,309793,7264.68,27868, 156321, 50.46,0.5045982317224728,2026-01-20
TIJARIA, EQ, 20-Jan-2026,4.13,4.02,4.2,3.85,3.9,3.92,3.98,60841,2.42,195, 49552, 81.45,0.8144507815453395,2026-01-20
TIL, EQ, 20-Jan-2026,237.5,235.25,236.5,227.1,228.8,229.65,231.95,10989,25.49,425, 7557, 68.77,0.6876876876876877,2026-01-20
TIMETECHNO, EQ, 20-Jan-2026,180.97,180.0,181.89,175.0,178.0,175.59,178.97,2318340,4149.04,30639, 938503, 40.48,0.4048168085785519,2026-01-20
TIMKEN, EQ, 20-Jan-2026,2990.6,2986.6,3009.6,2940.0,2989.8,2987.2,2978.23,28947,862.11,7796, 15917, 54.99,0.5498669983072512,2026-01-20
TINNARUBR, EQ, 20-Jan-2026,678.1,684.75,692.65,663.5,671.5,671.75,677.12,40653,275.27,3650, 17916, 44.07,0.44070548299018525,2026-01-20
TIPSFILMS, EQ, 20-Jan-2026,398.9,412.0,418.0,395.05,402.35,398.1,406.75,7656,31.14,406, 2162, 28.24,0.28239289446186,2026-01-20
TIPSMUSIC, EQ, 20-Jan-2026,518.1,523.8,578.0,520.7,536.1,542.55,557.54,10518941,58647.64,181911, 592168, 5.63,0.056295400839305024,2026-01-20
TIRUMALCHM, EQ, 20-Jan-2026,201.64,201.6,201.6,187.28,193.9,192.77,193.08,451721,872.2,7916, 217500, 48.15,0.48149189433300643,2026-01-20
TIRUPATIFL, EQ, 20-Jan-2026,34.93,34.55,35.69,33.47,33.5,33.6,34.07,367939,125.37,1852, 199697, 54.27,0.5427448571638234,2026-01-20
TITAGARH, EQ, 20-Jan-2026,790.2,790.2,791.0,772.0,780.0,776.35,779.2,732192,5705.22,32537, 257000, 35.10,0.35100083038328744,2026-01-20
TITAN, EQ, 20-Jan-2026,4144.1,4155.0,4155.0,4064.3,4070.0,4075.5,4101.88,586156,24043.42,73277, 378544, 64.58,0.6458076007069791,2026-01-20
TMB, EQ, 20-Jan-2026,555.1,555.1,560.45,532.8,535.85,540.75,545.86,220454,1203.37,15129, 111131, 50.41,0.5041006287025864,2026-01-20
TMCV, EQ, 20-Jan-2026,441.4,441.4,446.4,426.55,428.9,432.45,440.17,9845662,43337.72,150594, 5802214, 58.93,0.5893167975906547,2026-01-20
TMPV, EQ, 20-Jan-2026,344.0,344.85,346.6,336.75,338.2,337.85,339.6,11541904,39196.57,155485, 6438389, 55.78,0.5578272874215554,2026-01-20
TNIDETF, EQ, 20-Jan-2026,97.22,100.14,100.14,95.0,95.65,95.42,95.99,116769,112.09,976, 94397, 80.84,0.8084080535073521,2026-01-20
TNPETRO, EQ, 20-Jan-2026,97.93,97.8,98.28,93.12,93.55,94.19,96.04,144074,138.37,2001, 66487, 46.15,0.461478129294668,2026-01-20
TNPL, EQ, 20-Jan-2026,137.24,137.0,137.3,134.0,134.01,134.99,135.72,43116,58.52,836, 27647, 64.12,0.6412236756656462,2026-01-20
TNTELE, EQ, 20-Jan-2026,9.19,9.19,9.64,8.84,9.0,8.98,9.13,30162,2.75,145, 16796, 55.69,0.5568596246933227,2026-01-20
TOKYOPLAST, EQ, 20-Jan-2026,104.0,102.01,105.0,101.05,101.77,102.2,102.52,1872,1.92,64, 894, 47.76,0.4775641025641026,2026-01-20
TOLINS, EQ, 20-Jan-2026,126.06,126.49,127.75,118.29,119.77,119.23,120.56,188739,227.55,3016, 92819, 49.18,0.4917849517057948,2026-01-20
TOP100CASE, EQ, 20-Jan-2026,10.94,10.78,11.27,10.73,10.87,10.77,10.87,2841790,308.82,2548, 2711687, 95.42,0.9542179401011335,2026-01-20
TOP10ADD, EQ, 20-Jan-2026,98.27,98.27,98.27,97.01,97.53,97.23,97.79,1433244,1401.57,805, 1097107, 76.55,0.7654711968094756,2026-01-20
TOP15IETF, EQ, 20-Jan-2026,10.85,10.86,10.87,10.7,10.73,10.73,10.79,96566,10.41,306, 71578, 74.12,0.741233974690885,2026-01-20
TOP20, EQ, 20-Jan-2026,9.53,9.54,9.54,9.36,9.38,9.36,9.42,43571,4.11,242, 43070, 98.85,0.9885015262445205,2026-01-20
TORNTPHARM, EQ, 20-Jan-2026,4086.6,4105.0,4105.0,3962.0,3975.1,3976.8,4014.64,203141,8155.39,32261, 106379, 52.37,0.5236707508577786,2026-01-20
TORNTPOWER, EQ, 20-Jan-2026,1337.4,1333.0,1351.3,1313.5,1313.8,1321.5,1332.5,309412,4122.93,17057, 128647, 41.58,0.41577896138482023,2026-01-20
TOTAL, EQ, 20-Jan-2026,71.38,70.0,76.99,70.0,70.05,70.76,71.71,2245,1.61,125, 732, 32.61,0.32605790645879734,2026-01-20
TOUCHWOOD, EQ, 20-Jan-2026,99.57,99.0,99.57,94.6,95.99,94.71,95.73,1251,1.2,63, 1038, 82.97,0.829736211031175,2026-01-20
TPHQ, EQ, 20-Jan-2026,0.68,0.71,0.71,0.71,0.71,0.71,0.71,6553337,46.53,1093, 6188237, 94.43,0.9442879253729818,2026-01-20
TPLPLASTEH, EQ, 20-Jan-2026,65.64,65.64,67.0,65.0,66.98,65.95,65.73,83999,55.21,734, 24260, 28.88,0.28881296205907214,2026-01-20
TRACXN, EQ, 20-Jan-2026,36.92,36.61,37.49,35.0,35.98,35.36,36.13,205564,74.27,1817, 97694, 47.52,0.4752485843824794,2026-01-20
TRANSRAILL, EQ, 20-Jan-2026,479.7,480.0,490.0,469.0,473.95,470.05,478.55,874201,4183.47,28622, 238471, 27.28,0.272787379561451,2026-01-20
TRANSWORLD, EQ, 20-Jan-2026,153.88,152.25,156.12,140.26,142.0,141.91,146.76,43043,63.17,2076, 21398, 49.71,0.49713077620054363,2026-01-20
TRAVELFOOD, EQ, 20-Jan-2026,1108.1,1098.1,1105.2,1088.0,1100.0,1100.0,1098.03,328566,3607.75,3688, 315299, 95.96,0.9596215067901122,2026-01-20
TREEHOUSE, EQ, 20-Jan-2026,8.06,8.17,8.75,7.5,8.62,8.25,7.9,70074,5.54,418, 24629, 35.15,0.35147130176670377,2026-01-20
TREJHARA, BE, 20-Jan-2026,213.04,203.25,209.9,202.39,204.94,204.57,205.1,12799,26.25,145, -, -,,2026-01-20
TREL, EQ, 20-Jan-2026,25.08,24.81,25.33,23.5,23.5,23.74,24.16,99102,23.94,784, 72823, 73.48,0.7348287622853222,2026-01-20
TRENT, EQ, 20-Jan-2026,3945.6,3963.0,3963.9,3819.3,3836.0,3836.1,3865.93,912749,35286.26,73207, 494601, 54.19,0.5418806265468382,2026-01-20
TRF, EQ, 20-Jan-2026,279.95,280.0,283.05,259.1,263.0,260.75,268.52,21693,58.25,1469, 12763, 58.83,0.5883464712119116,2026-01-20
TRIDENT, EQ, 20-Jan-2026,25.17,25.09,25.13,24.51,24.67,24.67,24.85,4801770,1193.33,20092, 1782008, 37.11,0.3711148180775006,2026-01-20
TRIGYN, EQ, 20-Jan-2026,62.01,61.5,62.8,59.04,59.04,59.32,60.56,34339,20.79,823, 27274, 79.43,0.7942572585107313,2026-01-20
TRITURBINE, EQ, 20-Jan-2026,481.1,481.1,481.75,461.1,472.0,470.9,466.84,1040318,4856.64,49104, 611213, 58.75,0.5875251605759009,2026-01-20
TRIVENI, EQ, 20-Jan-2026,333.05,332.95,336.2,327.3,330.0,330.95,330.06,254028,838.44,9780, 129926, 51.15,0.5114633032579086,2026-01-20
TRU, EQ, 20-Jan-2026,7.75,7.75,7.88,7.37,7.54,7.5,7.52,146578,11.03,309, 103395, 70.54,0.7053923508302746,2026-01-20
TRUALT, EQ, 20-Jan-2026,369.8,368.0,368.0,345.6,349.8,352.05,359.01,111064,398.73,3481, 69766, 62.82,0.6281603399841533,2026-01-20
TSFINV, EQ, 20-Jan-2026,417.1,417.1,421.9,391.3,393.0,394.25,403.77,113974,460.19,6207, 65031, 57.06,0.570577500131609,2026-01-20
TTKHLTCARE, EQ, 20-Jan-2026,1003.9,1016.5,1037.0,995.0,995.0,1001.1,1016.61,16450,167.23,1917, 13044, 79.29,0.7929483282674772,2026-01-20
TTKPRESTIG, EQ, 20-Jan-2026,580.2,583.0,595.0,581.9,586.1,589.9,590.25,61115,360.73,3984, 43961, 71.93,0.719316043524503,2026-01-20
TTL, EQ, 20-Jan-2026,7.55,8.05,8.05,7.2,7.44,7.39,7.49,77911,5.83,351, 58708, 75.35,0.753526459678351,2026-01-20
TTML, EQ, 20-Jan-2026,45.02,45.0,45.44,42.63,44.2,43.66,44.23,6849913,3029.97,38452, 1147132, 16.75,0.16746665249617038,2026-01-20
TVSELECT, BE, 20-Jan-2026,423.4,418.0,418.0,414.95,414.95,414.95,417.15,4556,19.01,118, -, -,,2026-01-20
TVSHLTD, EQ, 20-Jan-2026,13911.0,13985.0,13985.0,13500.0,13559.0,13559.0,13643.55,3062,417.77,1493, 1495, 48.82,0.4882429784454605,2026-01-20
TVSMOTOR, EQ, 20-Jan-2026,3701.9,3701.0,3719.4,3597.2,3608.4,3615.7,3644.17,533454,19439.97,50276, 268302, 50.30,0.5029524570066023,2026-01-20
TVSSCS, EQ, 20-Jan-2026,100.24,100.24,100.5,97.12,98.08,98.04,99.14,529635,525.09,8779, 273689, 51.68,0.5167502147705495,2026-01-20
TVSSRICHAK, EQ, 20-Jan-2026,3962.6,3920.0,4012.8,3763.1,3802.0,3797.0,3896.22,6085,237.08,1802, 3331, 54.74,0.5474116680361545,2026-01-20
TVTODAY, EQ, 20-Jan-2026,129.49,129.49,129.88,125.0,125.05,126.58,127.3,69007,87.85,1643, 42400, 61.44,0.6144304201023084,2026-01-20
TVVISION, BE, 20-Jan-2026,7.35,7.45,7.5,6.99,6.99,6.99,7.08,37266,2.64,117, -, -,,2026-01-20
TWCGOLDETF, EQ, 20-Jan-2026,144.44,143.72,164.0,143.59,163.99,150.87,148.9,8214,12.23,143, 4147, 50.49,0.5048697345994644,2026-01-20
UBL, EQ, 20-Jan-2026,1506.1,1497.6,1504.6,1449.7,1458.0,1454.6,1470.16,80314,1180.74,10662, 44037, 54.83,0.5483103817516248,2026-01-20
UCAL, EQ, 20-Jan-2026,118.07,119.07,119.79,113.15,113.15,114.93,117.23,29700,34.82,729, 11833, 39.84,0.3984175084175084,2026-01-20
UCOBANK, EQ, 20-Jan-2026,29.63,29.76,29.8,28.6,28.78,28.79,29.16,8318536,2426.05,22007, 3257285, 39.16,0.3915695021335485,2026-01-20
UDS, EQ, 20-Jan-2026,165.58,165.58,168.65,154.93,156.35,155.84,159.18,300979,479.11,10743, 171873, 57.10,0.5710464849707122,2026-01-20
UFBL, EQ, 20-Jan-2026,185.8,184.1,186.8,175.3,179.4,179.0,181.1,42121,76.28,1482, 26351, 62.56,0.6256024310913796,2026-01-20
UFLEX, EQ, 20-Jan-2026,463.65,462.05,466.0,455.0,462.1,456.7,458.77,17807,81.69,545, 13007, 73.04,0.7304430841803785,2026-01-20
UFO, EQ, 20-Jan-2026,77.57,77.99,78.11,73.5,75.0,75.22,75.39,149746,112.89,2014, 85107, 56.83,0.5683423931190149,2026-01-20
UGARSUGAR, EQ, 20-Jan-2026,37.75,37.99,37.99,36.56,36.8,36.87,37.08,157651,58.46,1534, 110349, 70.00,0.6999575010624735,2026-01-20
UGROCAP, EQ, 20-Jan-2026,158.24,158.0,162.04,148.0,149.22,148.88,152.86,239183,365.61,4316, 123791, 51.76,0.5175576859559416,2026-01-20
UJJIVANSFB, EQ, 20-Jan-2026,60.26,60.0,60.44,56.4,58.14,57.89,58.7,15518413,9109.11,38798, 6790727, 43.76,0.43759158877908455,2026-01-20
ULTRACEMCO, EQ, 20-Jan-2026,12297.0,12225.0,12399.0,11995.0,12026.0,12059.0,12219.0,298026,36415.79,60726, 175238, 58.80,0.5879956782294162,2026-01-20
UMAEXPORTS, EQ, 20-Jan-2026,33.75,33.06,33.5,32.55,33.01,33.05,33.07,31262,10.34,436, 18486, 59.13,0.5913249312264091,2026-01-20
UMESLTD, EQ, 20-Jan-2026,4.77,4.88,4.88,4.58,4.75,4.74,4.69,16686,0.78,156, 11501, 68.93,0.6892604578688721,2026-01-20
UMIYA-MRO, EQ, 20-Jan-2026,81.96,82.99,83.5,75.5,78.21,78.34,81.14,30975,25.13,295, 23264, 75.11,0.7510573042776433,2026-01-20
UNICHEMLAB, EQ, 20-Jan-2026,397.25,397.75,399.3,382.0,386.4,384.4,391.59,16981,66.5,1293, 9757, 57.46,0.5745833578705613,2026-01-20
UNIDT, EQ, 20-Jan-2026,196.34,197.03,197.4,193.1,193.1,193.97,194.33,3959,7.69,216, 2937, 74.19,0.7418540035362465,2026-01-20
UNIECOM, EQ, 20-Jan-2026,109.14,109.13,116.99,107.0,108.1,109.74,112.03,521767,584.55,6051, 137210, 26.30,0.2629717862570841,2026-01-20
UNIENTER, EQ, 20-Jan-2026,141.71,140.0,142.51,128.36,130.9,130.32,133.86,19621,26.27,580, 12672, 64.58,0.6458386422710362,2026-01-20
UNIINFO, EQ, 20-Jan-2026,15.55,15.54,15.55,14.0,15.2,14.29,14.53,10796,1.57,143, 6072, 56.24,0.5624305298258614,2026-01-20
UNIMECH, EQ, 20-Jan-2026,903.95,903.95,912.7,888.0,890.0,898.75,899.34,73382,659.95,4986, 25503, 34.75,0.3475375432667412,2026-01-20
UNIONBANK, EQ, 20-Jan-2026,177.43,177.43,180.75,175.0,175.81,175.73,177.65,14538592,25827.79,70380, 4378078, 30.11,0.3011349379637313,2026-01-20
UNIONGOLD, EQ, 20-Jan-2026,141.95,141.25,150.0,140.3,147.6,147.8,147.18,58228,85.7,374, 50451, 86.64,0.8664388266813217,2026-01-20
UNIPARTS, EQ, 20-Jan-2026,428.6,428.6,432.0,404.4,411.25,410.2,418.55,127492,533.62,6366, 63461, 49.78,0.4977645656198036,2026-01-20
UNITDSPR, EQ, 20-Jan-2026,1324.8,1323.5,1328.8,1313.0,1316.3,1318.6,1319.87,1422810,18779.26,42919, 970804, 68.23,0.6823145746796832,2026-01-20
UNITECH, EQ, 20-Jan-2026,5.01,4.97,5.26,4.76,4.87,4.81,4.97,11560345,574.22,22505, 6355387, 54.98,0.5497575548134593,2026-01-20
UNITEDPOLY, BE, 20-Jan-2026,29.23,29.23,30.64,29.23,30.25,30.14,30.3,203482,61.66,365, -, -,,2026-01-20
UNITEDTEA, EQ, 20-Jan-2026,473.0,477.05,478.5,470.0,470.0,472.1,472.92,6241,29.52,81, 6059, 97.08,0.9708380067296908,2026-01-20
UNIVASTU, EQ, 20-Jan-2026,69.54,68.0,69.5,64.75,66.65,65.88,67.87,37003,25.11,546, 26477, 71.55,0.7155365781152879,2026-01-20
UNIVCABLES, EQ, 20-Jan-2026,737.1,735.0,735.0,685.0,690.0,689.3,710.49,102229,726.32,7240, 51702, 50.57,0.5057469015641354,2026-01-20
UNIVPHOTO, EQ, 20-Jan-2026,199.38,195.11,195.99,185.1,185.1,188.53,191.51,1934,3.7,129, 1804, 93.28,0.9327817993795243,2026-01-20
UNOMINDA, EQ, 20-Jan-2026,1154.9,1154.9,1163.9,1114.1,1121.7,1120.4,1137.37,909563,10345.07,41842, 447197, 49.17,0.49166138024523864,2026-01-20
UPL, EQ, 20-Jan-2026,787.15,792.0,796.75,708.45,723.0,723.45,736.11,6196941,45616.58,115109, 1806652, 29.15,0.2915393256124272,2026-01-20
URAVIDEF, EQ, 20-Jan-2026,197.45,199.45,199.45,187.6,194.4,191.22,194.14,3908,7.59,465, 2779, 71.11,0.7111054247697032,2026-01-20
URBANCO, EQ, 20-Jan-2026,129.36,128.51,129.29,124.4,126.0,125.11,126.28,4751438,6000.02,79784, 2569986, 54.09,0.5408859381096839,2026-01-20
URJA, EQ, 20-Jan-2026,10.13,10.05,10.2,9.76,9.85,9.8,9.9,2006179,198.52,5900, 999481, 49.82,0.49820130706183247,2026-01-20
USHAMART, EQ, 20-Jan-2026,428.7,428.1,428.1,415.0,416.5,420.55,422.2,333642,1408.64,13392, 184921, 55.42,0.5542497647178712,2026-01-20
USK, EQ, 20-Jan-2026,21.85,21.95,21.95,20.0,20.79,20.41,20.95,135168,28.32,771, 87515, 64.75,0.6474535392992424,2026-01-20
UTIAMC, EQ, 20-Jan-2026,1095.9,1090.7,1090.7,1061.1,1068.0,1073.1,1076.08,95904,1032.01,10793, 63981, 66.71,0.6671358858858859,2026-01-20
UTKARSHBNK, EQ, 20-Jan-2026,14.86,15.02,15.02,13.8,13.9,13.91,14.22,11992931,1705.57,15964, 7049934, 58.78,0.5878407872103992,2026-01-20
UTLSOLAR, EQ, 20-Jan-2026,219.46,217.25,218.07,207.5,208.5,209.07,213.32,219878,469.04,4914, 132740, 60.37,0.6036984145753554,2026-01-20
UTTAMSUGAR, EQ, 20-Jan-2026,221.9,221.9,222.2,215.2,215.55,216.15,218.57,24033,52.53,823, 12303, 51.19,0.5119211084758457,2026-01-20
UYFINCORP, BE, 20-Jan-2026,13.52,13.35,13.62,13.23,13.23,13.24,13.3,20122,2.68,135, -, -,,2026-01-20
V2RETAIL, EQ, 20-Jan-2026,1991.3,1990.0,1991.3,1890.2,1901.5,1905.7,1928.4,141792,2734.32,12750, 83677, 59.01,0.5901390769577973,2026-01-20
VADILALIND, EQ, 20-Jan-2026,4405.1,4390.0,4413.6,4152.0,4180.0,4185.2,4275.22,29719,1270.55,3530, 19373, 65.19,0.6518725394528753,2026-01-20
VAIBHAVGBL, EQ, 20-Jan-2026,212.67,211.0,213.7,207.15,208.4,207.64,210.19,265007,557.02,8341, 113794, 42.94,0.42939997811378566,2026-01-20
VAISHALI, EQ, 20-Jan-2026,9.24,9.01,9.23,8.61,8.9,8.74,8.88,149173,13.25,435, 105684, 70.85,0.7084660092644112,2026-01-20
VAKRANGEE, EQ, 20-Jan-2026,6.98,6.95,7.2,6.67,6.73,6.72,6.79,3059651,207.78,4473, 1690043, 55.24,0.5523646324368368,2026-01-20
VAL30IETF, EQ, 20-Jan-2026,15.27,15.17,15.32,14.93,15.05,14.98,15.07,908641,136.9,721, 734921, 80.88,0.8088133817426244,2026-01-20
VALIANTLAB, EQ, 20-Jan-2026,61.69,62.0,62.01,59.3,59.49,59.51,60.17,123821,74.5,590, 101037, 81.60,0.8159924407006889,2026-01-20
VALIANTORG, EQ, 20-Jan-2026,238.15,244.8,244.8,231.8,234.8,233.95,235.67,19301,45.49,904, 9779, 50.67,0.5066576861302523,2026-01-20
VARDHACRLC, EQ, 20-Jan-2026,36.65,36.65,40.0,36.6,36.6,36.74,38.13,162992,62.15,981, 38371, 23.54,0.2354164621576519,2026-01-20
VARDMNPOLY, EQ, 20-Jan-2026,6.06,6.08,6.22,5.26,5.89,5.79,5.81,737417,42.82,1721, 417210, 56.58,0.5657721479163079,2026-01-20
VARROC, EQ, 20-Jan-2026,553.75,554.15,554.4,528.0,535.0,532.65,540.58,109069,589.61,11089, 42925, 39.36,0.3935582062730932,2026-01-20
VASCONEQ, EQ, 20-Jan-2026,43.31,43.15,43.27,40.25,40.69,40.59,41.49,1325620,550.04,7305, 662911, 50.01,0.5000761907635672,2026-01-20
VASWANI, EQ, 20-Jan-2026,55.31,54.3,54.99,52.73,53.1,53.03,53.9,37052,19.97,793, 17721, 47.83,0.47827377739393284,2026-01-20
VBL, EQ, 20-Jan-2026,496.0,493.7,499.75,486.55,488.0,489.1,493.41,3568142,17605.74,54676, 1832355, 51.35,0.5135319726625229,2026-01-20
VCL, BE, 20-Jan-2026,2.22,2.13,2.21,2.11,2.11,2.11,2.12,559868,11.89,520, -, -,,2026-01-20
VEDL, EQ, 20-Jan-2026,674.8,676.0,686.5,669.15,670.0,671.8,678.24,18175860,123276.14,207221, 6773060, 37.26,0.3726404142637542,2026-01-20
VEEDOL, EQ, 20-Jan-2026,1472.7,1478.8,1478.8,1426.0,1439.0,1432.0,1448.41,16768,242.87,1719, 10624, 63.36,0.6335877862595419,2026-01-20
VENKEYS, EQ, 20-Jan-2026,1502.3,1494.0,1503.7,1462.0,1470.0,1471.5,1475.0,21336,314.71,2601, 9644, 45.20,0.4520059992500937,2026-01-20
VENTIVE, EQ, 20-Jan-2026,758.05,762.4,762.4,719.85,730.4,730.4,733.09,131679,965.32,5003, 59204, 44.96,0.44960851768315374,2026-01-20
VENUSPIPES, EQ, 20-Jan-2026,1091.1,1090.6,1090.6,1011.0,1018.0,1018.3,1038.91,68774,714.5,7497, 28898, 42.02,0.42018786169191846,2026-01-20
VENUSREM, BE, 20-Jan-2026,760.5,761.9,767.0,722.5,722.5,726.25,735.42,26135,192.2,757, -, -,,2026-01-20
VERANDA, EQ, 20-Jan-2026,210.23,212.5,214.83,192.2,196.0,193.78,200.61,230601,462.6,5336, 132126, 57.30,0.5729636905303966,2026-01-20
VERTOZ, EQ, 20-Jan-2026,68.79,68.5,68.8,67.4,67.45,67.52,68.04,169141,115.09,1288, 34916, 20.64,0.20643132061416214,2026-01-20
VESUVIUS, EQ, 20-Jan-2026,445.05,447.7,450.4,438.35,445.05,444.95,443.87,141712,629.01,5771, 98469, 69.49,0.6948529411764706,2026-01-20
VETO, EQ, 20-Jan-2026,102.82,103.76,104.75,99.5,101.0,102.5,102.82,29259,30.08,572, 24485, 83.68,0.836836528931269,2026-01-20
VGL, EQ, 20-Jan-2026,133.67,136.01,137.0,129.1,130.01,131.22,132.51,24519,32.49,402, 17296, 70.54,0.7054121293690607,2026-01-20
VGUARD, EQ, 20-Jan-2026,310.0,310.05,315.2,303.55,315.2,310.25,308.61,194540,600.37,7572, 84840, 43.61,0.43610568520612725,2026-01-20
VHL, EQ, 20-Jan-2026,3368.7,3416.5,3416.5,3185.5,3202.7,3230.2,3308.89,934,30.9,307, 579, 61.99,0.619914346895075,2026-01-20
VHLTD, BE, 20-Jan-2026,138.1,139.49,139.49,131.2,137.89,134.19,135.61,15525,21.05,141, -, -,,2026-01-20
VIDHIING, EQ, 20-Jan-2026,329.45,329.5,329.6,314.9,314.9,317.9,321.54,4313,13.87,332, 2529, 58.64,0.5863667980523998,2026-01-20
VIDYAWIRES, EQ, 20-Jan-2026,47.72,47.72,47.75,45.59,45.82,45.95,46.4,1775411,823.82,8605, 807251, 45.47,0.45468401401140357,2026-01-20
VIJAYA, EQ, 20-Jan-2026,977.7,977.7,977.7,944.2,974.0,964.2,957.23,144997,1387.95,17065, 60036, 41.40,0.41404994586094884,2026-01-20
VIJIFIN, EQ, 20-Jan-2026,2.8,2.66,2.76,2.66,2.66,2.66,2.67,715209,19.1,227, 456859, 63.88,0.6387769169571412,2026-01-20
VIKASECO, EQ, 20-Jan-2026,1.54,1.51,1.54,1.5,1.54,1.51,1.51,2772319,41.92,2266, 1959171, 70.67,0.7066903195483637,2026-01-20
VIKASLIFE, EQ, 20-Jan-2026,1.76,1.76,1.77,1.72,1.76,1.75,1.75,3006401,52.58,13017, 2109013, 70.15,0.701507550057361,2026-01-20
VIKRAMSOLR, EQ, 20-Jan-2026,237.96,239.0,239.01,213.0,214.99,214.88,222.13,3095535,6876.09,51309, 1108374, 35.81,0.35805571573249856,2026-01-20
VIKRAN, EQ, 20-Jan-2026,92.2,92.5,92.84,89.31,89.75,90.23,90.61,2304955,2088.44,13278, 906778, 39.34,0.39340377577870284,2026-01-20
VIMTALABS, EQ, 20-Jan-2026,550.25,553.7,553.7,526.05,529.45,528.45,536.06,121286,650.16,8128, 55111, 45.44,0.45438880002638393,2026-01-20
VINATIORGA, EQ, 20-Jan-2026,1564.1,1560.0,1574.5,1520.1,1537.4,1539.5,1547.97,31614,489.37,5436, 18503, 58.53,0.5852786740051876,2026-01-20
VINCOFE, EQ, 20-Jan-2026,153.23,153.2,153.93,145.0,147.0,146.25,149.26,2206404,3293.39,27536, 565817, 25.64,0.2564430630111258,2026-01-20
VINDHYATEL, EQ, 20-Jan-2026,1271.5,1265.0,1272.9,1197.0,1207.0,1205.0,1223.6,20680,253.04,2884, 12560, 60.74,0.6073500967117988,2026-01-20
VINEET-RE, BE, 20-Jan-2026,0.77,0.77,0.77,0.74,0.74,0.74,0.74,29379,0.22,35, -, -,,2026-01-20
VINEETLAB, EQ, 20-Jan-2026,31.81,31.81,36.5,31.81,32.8,33.66,33.96,450502,152.97,2757, 189354, 42.03,0.42031777883339033,2026-01-20
VINNY, EQ, 20-Jan-2026,1.19,1.19,1.21,1.16,1.18,1.17,1.18,843483,9.98,390, 668341, 79.24,0.7923585893254518,2026-01-20
VINYLINDIA, EQ, 20-Jan-2026,218.5,218.51,224.0,210.0,211.86,212.33,215.72,16772,36.18,959, 10192, 60.77,0.6076794657762938,2026-01-20
VIPCLOTHNG, EQ, 20-Jan-2026,28.11,28.28,28.99,27.01,28.2,28.14,27.7,205467,56.91,1619, 127866, 62.23,0.622318912526099,2026-01-20
VIPIND, EQ, 20-Jan-2026,360.45,359.05,362.45,347.2,352.0,351.4,356.0,221582,788.84,9659, 81292, 36.69,0.3668709552219946,2026-01-20
VIPULLTD, BE, 20-Jan-2026,12.65,12.4,12.4,12.4,12.4,12.4,12.4,259319,32.16,88, -, -,,2026-01-20
VIRINCHI, EQ, 20-Jan-2026,21.18,21.19,21.69,20.13,20.13,20.13,20.39,149131,30.41,599, 129353, 86.74,0.8673783452132688,2026-01-20
VISAKAIND, EQ, 20-Jan-2026,64.27,64.1,64.26,61.82,62.95,62.1,62.71,64053,40.17,882, 45700, 71.35,0.7134716562846393,2026-01-20
VISASTEEL, EQ, 20-Jan-2026,44.03,44.25,44.25,42.05,43.77,43.53,42.8,4258,1.82,71, 2908, 68.29,0.6829497416627525,2026-01-20
VISHNU, EQ, 20-Jan-2026,516.35,506.15,518.85,506.15,515.0,512.8,512.74,85927,440.58,2705, 57466, 66.88,0.6687769851152723,2026-01-20
VISHWARAJ, EQ, 20-Jan-2026,6.39,6.39,6.43,6.16,6.25,6.26,6.32,296599,18.74,1064, 220287, 74.27,0.7427098540453609,2026-01-20
VIVIDHA, EQ, 20-Jan-2026,0.58,0.58,0.6,0.56,0.57,0.57,0.58,457388,2.66,321, 271043, 59.26,0.5925887867630983,2026-01-20
VIVIMEDLAB, EQ, 20-Jan-2026,8.16,7.76,8.56,7.76,7.76,7.76,8.15,2483227,202.46,5585, 1592372, 64.13,0.6412510817577289,2026-01-20
VLEGOV, EQ, 20-Jan-2026,17.05,17.6,17.6,15.85,16.24,16.05,16.52,209649,34.64,1275, 128472, 61.28,0.6127956727673397,2026-01-20
VLSFINANCE, EQ, 20-Jan-2026,278.3,283.3,283.3,270.1,270.1,271.3,273.61,13113,35.88,730, 7235, 55.17,0.5517425455654694,2026-01-20
VMART, EQ, 20-Jan-2026,601.25,600.5,603.5,590.0,591.0,598.2,598.89,113493,679.7,8760, 64799, 57.10,0.5709515124280793,2026-01-20
VMM, EQ, 20-Jan-2026,126.32,126.06,126.32,122.01,123.77,123.84,123.67,11866597,14675.82,88438, 7333509, 61.80,0.6179959595830211,2026-01-20
VMSTMT, EQ, 20-Jan-2026,47.16,46.26,47.07,45.0,45.26,45.41,45.73,201327,92.07,1768, 134521, 66.82,0.6681716808972468,2026-01-20
VOLTAMP, EQ, 20-Jan-2026,7079.5,7086.5,7099.0,6875.0,6920.0,6911.0,6961.55,23961,1668.06,7731, 10694, 44.63,0.4463085847836067,2026-01-20
VOLTAS, EQ, 20-Jan-2026,1398.4,1390.5,1402.4,1319.2,1331.4,1324.3,1350.35,634651,8570.0,36441, 184477, 29.07,0.29067471728556327,2026-01-20
VPRPL, EQ, 20-Jan-2026,47.72,47.71,47.71,45.37,45.94,46.2,46.33,3670677,1700.6,13447, 681452, 18.56,0.18564749772317204,2026-01-20
VRAJ, EQ, 20-Jan-2026,131.1,132.4,132.4,124.25,127.0,126.19,128.65,20140,25.91,562, 13476, 66.91,0.669116186693148,2026-01-20
VRLLOG, EQ, 20-Jan-2026,242.5,242.5,249.0,238.8,248.0,248.05,244.75,218627,535.08,6187, 114146, 52.21,0.5221038572545934,2026-01-20
VSSL, EQ, 20-Jan-2026,276.55,276.4,280.6,260.0,260.0,266.6,271.56,183890,499.37,3908, 35323, 19.21,0.1920876611017456,2026-01-20
VSTIND, EQ, 20-Jan-2026,236.55,236.1,236.85,229.5,230.0,231.35,233.43,234457,547.3,7005, 157148, 67.03,0.6702636304311664,2026-01-20
VSTL, EQ, 20-Jan-2026,127.69,127.69,127.69,114.0,117.0,116.58,117.4,106968,125.58,2191, 64435, 60.24,0.6023764116371251,2026-01-20
VSTTILLERS, EQ, 20-Jan-2026,5576.5,5516.0,5597.0,5402.0,5487.0,5440.5,5509.41,15881,874.95,3833, 7721, 48.62,0.486178452238524,2026-01-20
VTL, EQ, 20-Jan-2026,407.1,407.0,411.75,401.0,402.65,402.85,405.84,93819,380.75,5339, 42458, 45.26,0.45255225487374623,2026-01-20
WAAREEENER, EQ, 20-Jan-2026,2560.2,2602.0,2604.0,2491.1,2505.0,2506.5,2536.23,1623808,41183.45,80095, 394673, 24.31,0.24305398175153714,2026-01-20
WAAREEINDO, BE, 20-Jan-2026,443.3,443.0,443.0,421.15,421.15,421.15,423.1,53066,224.52,943, -, -,,2026-01-20
WAAREERTL, EQ, 20-Jan-2026,909.0,913.0,918.5,878.0,880.0,886.3,893.61,605883,5414.21,30320, 188664, 31.14,0.31138685191695425,2026-01-20
WABAG, EQ, 20-Jan-2026,1154.5,1154.5,1163.0,1116.0,1120.0,1123.9,1141.55,296539,3385.13,23682, 157889, 53.24,0.5324392407069559,2026-01-20
WAKEFIT, EQ, 20-Jan-2026,182.03,181.05,181.97,178.3,181.73,181.49,180.91,180590,326.7,5735, 77554, 42.94,0.42944792070435794,2026-01-20
WALCHANNAG, EQ, 20-Jan-2026,152.21,153.45,153.82,143.46,144.75,144.02,147.3,681585,1003.96,12256, 279314, 40.98,0.40980068516766066,2026-01-20
WANBURY, EQ, 20-Jan-2026,211.59,212.0,213.36,193.26,199.0,198.57,201.53,74050,149.23,1673, 47654, 64.35,0.643538149898717,2026-01-20
WCIL, EQ, 20-Jan-2026,115.3,115.25,116.6,109.25,109.25,110.84,114.02,180887,206.25,2755, 77990, 43.12,0.43115315086214046,2026-01-20
WEALTH, EQ, 20-Jan-2026,820.95,821.0,821.95,795.0,802.8,800.1,803.67,3909,31.42,581, 2245, 57.43,0.5743156817600409,2026-01-20
WEBELSOLAR, EQ, 20-Jan-2026,81.55,81.55,82.24,77.0,77.88,78.09,79.27,4287813,3399.09,21509, 1363819, 31.81,0.3180686751031353,2026-01-20
WEIZMANIND, EQ, 20-Jan-2026,88.98,88.97,89.0,85.35,85.5,86.59,86.9,1093,0.95,64, 955, 87.37,0.8737419945105215,2026-01-20
WEL, EQ, 20-Jan-2026,147.41,147.39,147.39,138.0,144.0,139.12,141.63,117696,166.7,1853, 59989, 50.97,0.5096944671016856,2026-01-20
WELCORP, EQ, 20-Jan-2026,787.75,790.75,796.5,750.9,756.0,758.6,775.48,1398453,10844.66,33632, 583486, 41.72,0.417236760906516,2026-01-20
WELENT, EQ, 20-Jan-2026,499.15,500.0,508.8,475.0,486.0,486.45,496.11,526320,2611.11,14787, 208046, 39.53,0.39528423772609816,2026-01-20
WELINV, EQ, 20-Jan-2026,1264.5,1269.0,1311.0,1174.4,1231.9,1215.0,1243.42,610,7.58,170, 273, 44.75,0.44754098360655736,2026-01-20
WELSPUNLIV, EQ, 20-Jan-2026,118.99,119.0,119.15,112.63,113.5,113.0,115.01,2161541,2485.93,26547, 881946, 40.80,0.40801724325377126,2026-01-20
WENDT, EQ, 20-Jan-2026,7316.5,7315.5,7323.5,7085.0,7154.0,7111.5,7221.94,4562,329.46,1425, 3039, 66.62,0.6661551950898729,2026-01-20
WESTLIFE, EQ, 20-Jan-2026,481.2,481.2,495.75,477.0,487.0,488.4,485.88,89450,434.62,8028, 29219, 32.67,0.32665176076020125,2026-01-20
WEWIN, EQ, 20-Jan-2026,46.57,46.39,46.39,44.25,44.25,44.25,44.52,395,0.18,18, 388, 98.23,0.9822784810126582,2026-01-20
WEWORK, EQ, 20-Jan-2026,601.75,598.0,600.8,590.0,592.45,594.15,594.96,111952,666.07,7171, 76826, 68.62,0.6862405316564242,2026-01-20
WHEELS, EQ, 20-Jan-2026,784.15,777.6,782.65,756.5,767.0,759.85,765.73,20831,159.51,2051, 12917, 62.01,0.6200854495703518,2026-01-20
WHIRLPOOL, EQ, 20-Jan-2026,791.85,791.0,797.95,781.95,783.0,784.6,790.45,516195,4080.27,29364, 327930, 63.53,0.6352831778688286,2026-01-20
WILLAMAGOR, EQ, 20-Jan-2026,28.52,28.0,29.63,27.3,28.79,28.16,28.05,1112,0.31,47, 914, 82.19,0.8219424460431655,2026-01-20
WINDLAS, EQ, 20-Jan-2026,853.1,851.0,855.4,800.0,810.0,804.45,820.21,39413,323.27,3163, 16552, 42.00,0.4199629563849491,2026-01-20
WINDMACHIN, EQ, 20-Jan-2026,240.15,242.0,245.0,228.05,232.1,236.05,237.57,126673,300.93,2516, 63983, 50.51,0.5051036921838119,2026-01-20
WINSOME, BZ, 20-Jan-2026,1.75,1.75,1.75,1.72,1.72,1.72,1.73,4378,0.08,28, -, -,,2026-01-20
WIPL, EQ, 20-Jan-2026,146.98,146.99,148.99,133.1,148.89,147.47,141.88,6447,9.15,126, 4883, 75.74,0.7574065456801613,2026-01-20
WIPRO, EQ, 20-Jan-2026,245.95,245.95,246.0,239.4,240.0,239.9,241.39,16796201,40544.23,169874, 8175026, 48.67,0.4867187526512692,2026-01-20
WOCKPHARMA, EQ, 20-Jan-2026,1417.6,1417.6,1417.7,1361.9,1369.5,1376.0,1389.8,479884,6669.44,18776, 210568, 43.88,0.4387893740987405,2026-01-20
WONDERLA, EQ, 20-Jan-2026,521.15,519.0,524.45,509.2,519.0,512.05,514.17,116425,598.62,4369, 90986, 78.15,0.7814988189821773,2026-01-20
WORTHPERI, EQ, 20-Jan-2026,142.11,141.3,143.0,137.01,143.0,141.28,140.24,4752,6.66,301, 2079, 43.75,0.4375,2026-01-20
WSI, EQ, 20-Jan-2026,81.98,81.05,82.1,78.0,79.9,78.83,80.58,135385,109.1,790, 38875, 28.71,0.2871440706134358,2026-01-20
WSTCSTPAPR, EQ, 20-Jan-2026,410.15,406.5,411.25,391.05,394.65,395.5,400.23,41066,164.36,1950, 20839, 50.75,0.5074514196659037,2026-01-20
XCHANGING, EQ, 20-Jan-2026,74.49,74.48,74.58,70.0,71.65,71.23,72.3,129250,93.45,1893, 83637, 64.71,0.6470947775628627,2026-01-20
XELPMOC, BE, 20-Jan-2026,131.15,128.61,132.49,125.37,128.64,126.72,127.1,7589,9.65,91, -, -,,2026-01-20
XPROINDIA, EQ, 20-Jan-2026,1084.55,1084.0,1084.0,1010.0,1010.0,1024.65,1038.5,44948,466.79,4231, 17617, 39.19,0.3919417994126546,2026-01-20
XTGLOBAL, EQ, 20-Jan-2026,29.65,30.5,30.5,28.5,28.5,28.61,28.9,20640,5.97,318, 12884, 62.42,0.6242248062015504,2026-01-20
YASHO, EQ, 20-Jan-2026,1267.0,1260.0,1288.6,1260.0,1270.0,1270.5,1272.38,18029,229.4,953, 14260, 79.09,0.7909479172444395,2026-01-20
YATHARTH, EQ, 20-Jan-2026,608.1,611.35,611.35,590.0,594.85,593.55,599.04,499929,2994.79,21853, 290786, 58.17,0.5816545949524833,2026-01-20
YATRA, EQ, 20-Jan-2026,154.17,153.2,153.82,143.42,146.8,145.23,148.24,1499139,2222.39,14725, 544295, 36.31,0.3630717365100901,2026-01-20
YESBANK, EQ, 20-Jan-2026,22.76,22.65,22.69,21.61,21.71,21.7,22.02,165413896,36424.27,122412, 63650276, 38.48,0.38479400787464674,2026-01-20
YUKEN, EQ, 20-Jan-2026,780.75,784.7,790.5,765.0,766.0,774.3,777.7,2835,22.05,418, 1903, 67.13,0.6712522045855379,2026-01-20
ZAGGLE, EQ, 20-Jan-2026,303.85,305.8,305.8,285.95,289.0,287.1,292.73,1169809,3424.35,20153, 631795, 54.01,0.5400838940374026,2026-01-20
ZEEL, EQ, 20-Jan-2026,88.12,88.0,88.15,83.32,83.7,83.84,85.39,9097728,7768.73,51413, 4169756, 45.83,0.45832937630142384,2026-01-20
ZEELEARN, EQ, 20-Jan-2026,6.63,6.61,6.69,6.5,6.55,6.52,6.57,315958,20.75,749, 221094, 69.98,0.6997575627140317,2026-01-20
ZEEMEDIA, EQ, 20-Jan-2026,8.42,8.12,8.37,7.65,7.82,7.88,8.05,3748245,301.9,2935, 2807035, 74.89,0.7488931486602397,2026-01-20
ZENITHEXPO, EQ, 20-Jan-2026,200.89,200.89,207.37,191.45,191.6,193.61,195.44,690,1.35,37, 487, 70.58,0.7057971014492753,2026-01-20
ZENITHSTL, EQ, 20-Jan-2026,6.99,6.99,7.1,6.5,6.65,6.6,6.68,148979,9.95,618, 106320, 71.37,0.7136576295988025,2026-01-20
ZENSARTECH, EQ, 20-Jan-2026,719.7,716.7,723.55,701.7,703.0,702.75,712.29,284319,2025.17,18123, 159244, 56.01,0.5600891955866474,2026-01-20
ZENTEC, EQ, 20-Jan-2026,1331.0,1320.0,1331.1,1273.3,1309.0,1304.3,1298.92,438240,5692.38,26557, 132718, 30.28,0.3028431909456006,2026-01-20
ZFCVINDIA, EQ, 20-Jan-2026,14022.0,13975.0,14040.0,13656.0,13656.0,13738.0,13795.87,5000,689.79,2991, 2193, 43.86,0.4386,2026-01-20
ZIMLAB, EQ, 20-Jan-2026,79.01,79.14,79.14,76.05,76.77,76.22,77.9,104456,81.38,523, 81873, 78.38,0.7838037068239259,2026-01-20
ZODIAC, EQ, 20-Jan-2026,259.6,256.1,258.35,245.1,251.0,248.6,251.99,27776,69.99,1759, 17181, 61.86,0.6185555875576036,2026-01-20
ZODIACLOTH, EQ, 20-Jan-2026,80.26,81.25,83.16,78.1,78.85,78.77,79.55,7763,6.18,348, 4475, 57.65,0.5764524024217442,2026-01-20
ZOTA, EQ, 20-Jan-2026,1294.7,1299.2,1309.9,1255.0,1265.0,1265.1,1278.4,46845,598.87,3029, 23163, 49.45,0.49446045469100225,2026-01-20
ZUARI, EQ, 20-Jan-2026,275.7,277.0,277.0,263.0,266.0,264.15,268.83,307546,826.76,6695, 134506, 43.74,0.4373524610952508,2026-01-20
ZUARIIND, EQ, 20-Jan-2026,283.95,284.2,284.2,270.1,272.6,271.9,275.9,68189,188.13,3043, 35001, 51.33,0.5132939330390532,2026-01-20
ZYDUSLIFE, EQ, 20-Jan-2026,881.1,881.2,888.0,869.2,875.2,873.4,878.36,899558,7901.37,50696, 447807, 49.78,0.4978078122811425,2026-01-20
ZYDUSWELL, EQ, 20-Jan-2026,425.25,425.2,426.85,413.55,418.1,416.7,420.57,194843,819.45,12304, 84085, 43.16,0.4315525833619889,2026-01-20
