SYMBOL,SERIES,DATE1,PREV_CLOSE,OPEN_PRICE,HIGH_PRICE,LOW_PRICE,LAST_PRICE,CLOSE_PRICE,AVG_PRICE,TTL_TRD_QNTY,TURNOVER_LACS,NO_OF_TRADES,DELIV_QTY,DELIV_PER,DELIVERY_PCT,DATE
20MICRONS, EQ, 24-Dec-2021,57.9,58.5,58.5,55.5, 56.15,55.85,56.62,192527,109.0,2349, 100282, 52.09,0.5208723971183262,2021-12-24
21STCENMGM, EQ, 24-Dec-2021,48.05,47.1,47.1,47.1, 47.10,47.1,47.1,3916,1.84,84, 3849, 98.29,0.9828907048008172,2021-12-24
3IINFOLTD, EQ, 24-Dec-2021,93.8,93.8,95.1,89.7, 91.95,91.75,92.43,1513217,1398.69,15210, 740162, 48.91,0.4891314332313211,2021-12-24
3MINDIA, EQ, 24-Dec-2021,24812.25,24988.7,25525.45,24850.0, 25280.00,25237.85,25298.44,4198,1062.03,1766, 2660, 63.36,0.6336350643163411,2021-12-24
3PLAND, EQ, 24-Dec-2021,14.0,13.5,14.0,13.5, 13.60,13.65,13.76,3985,0.55,96, 2875, 72.15,0.7214554579673776,2021-12-24
5PAISA, EQ, 24-Dec-2021,415.05,416.0,425.8,402.1, 402.10,408.75,415.02,23148,96.07,448, 19839, 85.71,0.8570502851218248,2021-12-24
63MOONS, EQ, 24-Dec-2021,205.05,205.0,213.7,195.15, 196.00,197.3,204.79,881400,1805.02,23989, 293666, 33.32,0.3331813024733379,2021-12-24
A2ZINFRA, BE, 24-Dec-2021,7.85,8.05,8.1,7.5, 7.55,7.55,7.57,486227,36.8,735, -, -,,2021-12-24
AAKASH, EQ, 24-Dec-2021,254.55,257.7,259.0,248.3, 251.25,257.5,253.4,121307,307.39,1805, 50721, 41.81,0.4181209658140091,2021-12-24
AAREYDRUGS, EQ, 24-Dec-2021,39.25,39.95,39.95,38.7, 39.80,39.6,39.48,40725,16.08,455, 27354, 67.17,0.6716758747697974,2021-12-24
AARON, EQ, 24-Dec-2021,110.9,117.95,117.95,108.6, 109.00,110.35,111.05,5265,5.85,240, 2610, 49.57,0.49572649572649574,2021-12-24
AARTIDRUGS, EQ, 24-Dec-2021,521.1,524.8,529.0,514.25, 526.90,524.8,522.34,153941,804.1,5325, 90444, 58.75,0.5875237915824894,2021-12-24
AARTIIND, EQ, 24-Dec-2021,964.85,969.0,969.0,950.05, 951.50,956.6,958.16,367846,3524.54,13386, 130379, 35.44,0.354439085921826,2021-12-24
AARTISURF, EQ, 24-Dec-2021,986.0,1005.4,1005.4,975.5, 984.10,985.4,987.28,8115,80.12,1620, 4465, 55.02,0.5502156500308072,2021-12-24
AARVEEDEN, EQ, 24-Dec-2021,26.4,27.45,27.45,25.8, 26.55,26.9,26.75,32678,8.74,359, 22053, 67.49,0.6748577024297693,2021-12-24
AARVI, EQ, 24-Dec-2021,78.45,84.0,86.25,82.85, 86.25,86.25,85.41,220936,188.71,1736, 159671, 72.27,0.7227025020820509,2021-12-24
AAVAS, EQ, 24-Dec-2021,2477.0,2500.0,2507.0,2430.0, 2470.00,2465.55,2449.05,35574,871.23,10668, 17046, 47.92,0.47917018046888177,2021-12-24
ABAN, BE, 24-Dec-2021,46.55,46.7,47.35,46.05, 46.80,46.35,46.78,20869,9.76,310, -, -,,2021-12-24
ABB, EQ, 24-Dec-2021,2263.8,2283.5,2345.4,2232.0, 2239.85,2244.55,2302.75,220693,5082.0,18292, 53596, 24.29,0.24285319425627455,2021-12-24
ABBOTINDIA, EQ, 24-Dec-2021,18714.8,18750.0,18750.0,18352.05, 18430.00,18423.45,18476.7,5807,1072.94,2542, 2213, 38.11,0.38109178577578784,2021-12-24
ABCAPITAL, EQ, 24-Dec-2021,118.1,119.1,119.45,115.5, 116.00,115.95,117.05,2431683,2846.26,19845, 853872, 35.11,0.3511444542730282,2021-12-24
ABFRL, EQ, 24-Dec-2021,278.75,278.75,280.5,271.2, 272.50,272.7,274.85,1553696,4270.33,17693, 241771, 15.56,0.15561023520688733,2021-12-24
ABMINTLLTD, EQ, 24-Dec-2021,101.3,98.6,102.1,97.0, 98.10,98.35,99.55,627,0.62,42, 211, 33.65,0.3365231259968102,2021-12-24
ABSLAMC, EQ, 24-Dec-2021,523.8,527.0,528.0,509.9, 510.00,511.4,514.57,356275,1833.27,16073, 234017, 65.68,0.6568437302645428,2021-12-24
ABSLBANETF, EQ, 24-Dec-2021,35.02,35.5,35.5,34.55, 34.60,34.79,34.67,3803,1.32,63, 3476, 91.40,0.9140152511175388,2021-12-24
ABSLNN50ET, EQ, 24-Dec-2021,42.62,42.14,43.1,42.05, 42.47,42.46,42.45,9155,3.89,92, 6871, 75.05,0.7505188421627526,2021-12-24
ACC, EQ, 24-Dec-2021,2150.8,2158.95,2162.0,2112.5, 2124.00,2126.05,2128.29,152954,3255.31,10256, 27746, 18.14,0.18140094407468912,2021-12-24
ACCELYA, EQ, 24-Dec-2021,1015.05,1021.1,1025.05,1000.0, 1003.00,1005.95,1008.35,7944,80.1,1346, 3653, 45.98,0.45984390735146025,2021-12-24
ACCURACY, EQ, 24-Dec-2021,193.1,191.25,194.9,191.05, 192.15,193.0,192.76,6768,13.05,223, 4441, 65.62,0.6561761229314421,2021-12-24
ACE, EQ, 24-Dec-2021,213.5,213.55,214.95,209.1, 210.00,210.6,211.42,217724,460.3,5441, 80260, 36.86,0.3686318458231522,2021-12-24
ACRYSIL, EQ, 24-Dec-2021,814.05,822.0,822.0,792.85, 798.35,797.0,803.05,76701,615.94,5314, 53573, 69.85,0.6984654698113454,2021-12-24
ADANIENT, EQ, 24-Dec-2021,1676.2,1680.0,1703.95,1658.2, 1694.45,1698.2,1685.94,1234386,20811.01,30797, 148111, 12.00,0.11998758897135904,2021-12-24
ADANIGREEN, EQ, 24-Dec-2021,1422.05,1425.0,1429.65,1380.1, 1382.10,1385.4,1390.76,674141,9375.66,9272, 595807, 88.38,0.883801756605814,2021-12-24
ADANIPORTS, EQ, 24-Dec-2021,731.3,732.5,734.9,713.4, 720.30,722.4,722.31,3946754,28507.99,51419, 884566, 22.41,0.2241249391271916,2021-12-24
ADANIPOWER, EQ, 24-Dec-2021,99.3,99.95,99.95,98.1, 98.80,98.65,98.68,2572160,2538.19,20767, 1139259, 44.29,0.4429191807663598,2021-12-24
ADANITRANS, BE, 24-Dec-2021,1822.45,1792.0,1829.9,1760.5, 1769.00,1768.4,1771.05,317175,5617.31,2924, -, -,,2021-12-24
ADFFOODS, EQ, 24-Dec-2021,794.9,799.8,804.9,791.4, 800.00,799.7,796.97,4732,37.71,801, 2755, 58.22,0.5822062552831784,2021-12-24
ADL, BE, 24-Dec-2021,43.7,42.25,45.0,42.1, 43.65,43.65,44.04,1611,0.71,26, -, -,,2021-12-24
ADORWELD, EQ, 24-Dec-2021,680.5,693.0,693.0,662.55, 671.80,669.45,677.36,29845,202.16,3482, 23230, 77.84,0.7783548333054113,2021-12-24
ADROITINFO, BE, 24-Dec-2021,9.65,9.5,10.1,9.2, 10.10,10.1,9.34,13001,1.21,83, -, -,,2021-12-24
ADSL, EQ, 24-Dec-2021,114.65,115.95,117.0,111.5, 111.50,112.35,113.66,139392,158.43,2026, 80517, 57.76,0.5776299931129476,2021-12-24
ADVANIHOTR, EQ, 24-Dec-2021,76.35,77.95,77.95,76.0, 76.00,76.05,76.08,14056,10.69,96, 11792, 83.89,0.8389299943084804,2021-12-24
ADVENZYMES, EQ, 24-Dec-2021,334.25,334.5,335.8,327.0, 329.00,329.25,331.07,34607,114.57,2787, 16211, 46.84,0.46843124223423005,2021-12-24
AEGISCHEM, EQ, 24-Dec-2021,219.85,221.25,222.45,215.5, 216.45,217.35,218.28,260039,567.6,6159, 99575, 38.29,0.3829233307311596,2021-12-24
AFFLE, EQ, 24-Dec-2021,1072.2,1079.0,1090.0,1065.0, 1085.00,1084.35,1077.64,152844,1647.11,12082, 69309, 45.35,0.4534623537724739,2021-12-24
AGARIND, EQ, 24-Dec-2021,390.3,397.85,397.85,381.0, 387.80,385.95,386.7,17759,68.67,1043, 10331, 58.17,0.581733205698519,2021-12-24
AGRITECH, BE, 24-Dec-2021,59.0,57.9,60.8,57.8, 59.80,59.8,59.65,3772,2.25,47, -, -,,2021-12-24
AGROPHOS, EQ, 24-Dec-2021,25.4,24.15,25.4,24.15, 24.15,24.15,24.37,553560,134.93,1487, 272287, 49.19,0.49188344533564565,2021-12-24
AHLADA, EQ, 24-Dec-2021,127.6,132.0,134.4,128.1, 130.15,129.1,130.33,22294,29.06,318, 15966, 71.62,0.7161568134924194,2021-12-24
AHLEAST, EQ, 24-Dec-2021,189.35,186.65,192.3,186.65, 189.50,189.85,190.3,4880,9.29,384, 1447, 29.65,0.2965163934426229,2021-12-24
AHLUCONT, EQ, 24-Dec-2021,409.3,409.7,414.0,407.3, 408.05,408.4,410.65,4820,19.79,936, 2824, 58.59,0.5858921161825726,2021-12-24
AIAENG, EQ, 24-Dec-2021,1835.15,1825.0,1840.0,1793.0, 1795.00,1803.1,1806.47,10556,190.69,2937, 4742, 44.92,0.44922319060250093,2021-12-24
AIRAN, EQ, 24-Dec-2021,23.5,25.7,25.7,23.5, 23.95,24.15,24.42,396604,96.87,1886, 232853, 58.71,0.5871171243860375,2021-12-24
AIROLAM, EQ, 24-Dec-2021,62.45,62.5,62.9,60.0, 60.75,60.45,60.7,28226,17.13,180, 21330, 75.57,0.7556862467228797,2021-12-24
AJANTPHARM, EQ, 24-Dec-2021,2057.7,2159.9,2159.9,2091.0, 2123.00,2122.7,2118.58,244794,5186.15,28783, 45323, 18.51,0.18514751178541958,2021-12-24
AJMERA, EQ, 24-Dec-2021,268.25,268.25,270.95,256.1, 261.00,260.5,264.65,38860,102.84,496, 29252, 75.28,0.7527534740092641,2021-12-24
AJOONI, EQ, 24-Dec-2021,58.05,58.35,58.65,56.0, 58.30,58.15,57.59,50273,28.95,204, 45315, 90.14,0.9013784735345016,2021-12-24
AJRINFRA, EQ, 24-Dec-2021,1.9,1.95,1.95,1.95, 1.95,1.95,1.95,647735,12.63,179, 647735, 100.00,1.0,2021-12-24
AKASH, BE, 24-Dec-2021,179.7,181.9,181.9,170.75, 180.50,180.2,177.43,8752,15.53,108, -, -,,2021-12-24
AKG, EQ, 24-Dec-2021,38.1,38.8,45.7,38.4, 45.70,45.7,44.63,406681,181.5,1373, 196358, 48.28,0.48283052318647784,2021-12-24
AKSHARCHEM, EQ, 24-Dec-2021,446.1,460.9,460.9,433.05, 439.00,437.8,440.38,10293,45.33,625, 6346, 61.65,0.6165355095696105,2021-12-24
AKSHOPTFBR, EQ, 24-Dec-2021,10.75,10.95,10.95,10.25, 10.25,10.25,10.33,1207975,124.77,1175, 589310, 48.78,0.48784950019661005,2021-12-24
AKZOINDIA, EQ, 24-Dec-2021,2020.9,2027.9,2027.95,1969.65, 1984.00,1974.1,1985.72,5325,105.74,851, 3331, 62.55,0.6255399061032864,2021-12-24
ALANKIT, EQ, 24-Dec-2021,15.0,15.2,15.2,14.1, 14.30,14.25,14.44,1515884,218.83,3277, 1044403, 68.90,0.6889729029398027,2021-12-24
ALBERTDAVD, EQ, 24-Dec-2021,588.9,593.6,598.45,580.7, 585.20,584.9,588.14,8353,49.13,705, 4097, 49.05,0.49048246139111695,2021-12-24
ALEMBICLTD, EQ, 24-Dec-2021,100.55,102.55,102.55,98.5, 101.20,101.05,100.41,163286,163.95,3299, 81378, 49.84,0.4983770807050206,2021-12-24
ALICON, EQ, 24-Dec-2021,830.8,830.8,834.3,791.0, 828.30,823.55,814.14,18599,151.42,2097, 9515, 51.16,0.5115866444432496,2021-12-24
ALKALI, EQ, 24-Dec-2021,84.9,87.05,87.05,83.05, 83.05,83.55,84.03,23183,19.48,448, 17910, 77.25,0.7725488504507614,2021-12-24
ALKEM, EQ, 24-Dec-2021,3449.2,3483.95,3483.95,3415.05, 3450.00,3460.95,3462.18,88885,3077.36,7357, 51927, 58.42,0.584204308938516,2021-12-24
ALKYLAMINE, EQ, 24-Dec-2021,3166.05,3189.0,3197.55,3101.1, 3115.00,3127.85,3147.05,20165,634.6,5470, 10655, 52.84,0.5283907760971981,2021-12-24
ALLCARGO, EQ, 24-Dec-2021,374.2,380.8,398.8,373.85, 375.00,375.9,386.55,1903937,7359.72,48160, 595162, 31.26,0.31259542726466266,2021-12-24
ALLSEC, EQ, 24-Dec-2021,542.45,548.0,549.85,530.6, 535.00,536.25,539.24,19654,105.98,2705, 9641, 49.05,0.49053627760252366,2021-12-24
ALMONDZ, EQ, 24-Dec-2021,125.55,134.7,134.7,123.55, 127.50,127.35,127.95,18912,24.2,446, 13268, 70.16,0.7015651438240271,2021-12-24
ALOKINDS, EQ, 24-Dec-2021,24.85,25.0,26.25,24.75, 25.40,25.45,25.55,26980066,6894.17,28693, 9828286, 36.43,0.36427953882692504,2021-12-24
ALPA, EQ, 24-Dec-2021,59.3,58.55,67.0,56.1, 66.00,65.45,64.5,548309,353.68,7651, 209178, 38.15,0.3814965648931533,2021-12-24
ALPHAGEO, EQ, 24-Dec-2021,333.0,334.2,334.7,324.0, 325.05,325.6,327.77,7091,23.24,483, 4007, 56.51,0.5650824989423212,2021-12-24
ALPSINDUS, BE, 24-Dec-2021,5.55,5.8,5.8,5.3, 5.30,5.3,5.47,90418,4.94,192, -, -,,2021-12-24
AMARAJABAT, EQ, 24-Dec-2021,620.9,624.0,627.0,608.0, 610.80,611.05,615.07,810221,4983.46,22027, 133551, 16.48,0.16483280487669413,2021-12-24
AMBER, EQ, 24-Dec-2021,3394.55,3404.0,3405.0,3311.55, 3371.80,3366.4,3351.81,29174,977.86,5187, 8422, 28.87,0.2886817028861315,2021-12-24
AMBICAAGAR, EQ, 24-Dec-2021,19.3,19.3,19.3,18.5, 19.00,19.0,19.01,33403,6.35,181, 28311, 84.76,0.8475586025207317,2021-12-24
AMBIKCO, EQ, 24-Dec-2021,1823.1,1826.0,1838.9,1800.55, 1814.00,1817.55,1816.63,8867,161.08,2094, 4702, 53.03,0.5302808165106575,2021-12-24
AMBUJACEM, EQ, 24-Dec-2021,369.4,369.5,370.8,363.2, 368.00,367.9,366.92,1174085,4308.01,15208, 540033, 46.00,0.45996073538116916,2021-12-24
AMDIND, EQ, 24-Dec-2021,36.3,36.2,38.4,34.65, 37.50,37.2,37.18,106288,39.51,632, 40479, 38.08,0.3808426162878218,2021-12-24
AMIORG, EQ, 24-Dec-2021,954.5,950.0,978.8,924.0, 935.00,932.95,946.51,397598,3763.29,21587, 68150, 17.14,0.1714042827177199,2021-12-24
AMJLAND, EQ, 24-Dec-2021,33.25,33.85,33.85,32.5, 32.50,32.85,33.03,32665,10.79,515, 7869, 24.09,0.24090004592071024,2021-12-24
AMRUTANJAN, EQ, 24-Dec-2021,901.45,900.1,909.45,893.3, 897.00,898.7,899.53,25093,225.72,5658, 6692, 26.67,0.2666879209341251,2021-12-24
ANANDRATHI, EQ, 24-Dec-2021,576.1,574.1,577.3,565.6, 571.00,571.4,570.06,148467,846.35,4229, 50162, 33.79,0.33786632719728965,2021-12-24
ANANTRAJ, EQ, 24-Dec-2021,74.45,75.9,75.9,71.0, 71.65,71.25,72.28,652116,471.35,3786, 423269, 64.91,0.64907010409191,2021-12-24
ANDHRACEMT, EQ, 24-Dec-2021,15.95,16.2,16.2,15.3, 15.80,15.75,15.83,284804,45.09,1271, 193158, 67.82,0.6782137891321751,2021-12-24
ANDHRAPAP, EQ, 24-Dec-2021,220.9,222.0,223.0,217.35, 222.60,220.95,221.05,11855,26.21,215, 9747, 82.22,0.8221847321805146,2021-12-24
ANDHRSUGAR, EQ, 24-Dec-2021,644.8,649.0,678.95,648.95, 670.85,666.55,666.11,299129,1992.52,14700, 129408, 43.26,0.43261602853618336,2021-12-24
ANDREWYU, EQ, 24-Dec-2021,23.65,23.95,23.95,23.15, 23.50,23.5,23.64,80847,19.11,705, 54587, 67.52,0.6751889371281556,2021-12-24
ANGELONE, EQ, 24-Dec-2021,1169.95,1174.8,1183.65,1141.05, 1156.90,1160.3,1159.84,212711,2467.11,14683, 55915, 26.29,0.2628683989074378,2021-12-24
ANIKINDS, EQ, 24-Dec-2021,26.95,27.65,27.65,25.65, 26.85,25.9,25.83,49458,12.78,276, 29534, 59.72,0.597153140038012,2021-12-24
ANKITMETAL, BE, 24-Dec-2021,11.25,11.8,11.8,11.8, 11.80,11.8,11.8,120449,14.21,168, -, -,,2021-12-24
ANMOL, EQ, 24-Dec-2021,168.75,169.5,171.3,161.6, 166.00,165.45,168.39,22723,38.26,2364, 9008, 39.64,0.39642652818729923,2021-12-24
ANSALAPI, BE, 24-Dec-2021,12.2,11.85,12.5,11.85, 12.15,12.1,12.04,49069,5.91,147, -, -,,2021-12-24
ANSALHSG, BE, 24-Dec-2021,10.25,10.2,10.2,9.75, 9.75,9.75,9.88,342063,33.81,675, -, -,,2021-12-24
ANTGRAPHIC, BE, 24-Dec-2021,1.3,1.35,1.35,1.35, 1.35,1.35,1.35,316506,4.27,97, -, -,,2021-12-24
ANUP, EQ, 24-Dec-2021,1018.1,1015.0,1026.4,1005.1, 1005.10,1012.8,1018.6,16395,167.0,1265, 11927, 72.75,0.727477889600488,2021-12-24
ANURAS, EQ, 24-Dec-2021,884.4,889.95,915.0,870.95, 910.00,904.95,895.79,217600,1949.25,10431, 87259, 40.10,0.4010064338235294,2021-12-24
APARINDS, EQ, 24-Dec-2021,782.7,777.95,792.5,760.5, 766.95,766.95,774.36,114553,887.05,8497, 34945, 30.51,0.3050553019126518,2021-12-24
APCL, EQ, 24-Dec-2021,302.25,302.1,303.0,296.0, 299.55,298.0,299.62,10203,30.57,726, 6231, 61.07,0.6107027344898559,2021-12-24
APCOTEXIND, EQ, 24-Dec-2021,353.05,350.05,353.3,339.0, 343.00,340.95,344.73,58666,202.24,2998, 35867, 61.14,0.6113762656393823,2021-12-24
APEX, EQ, 24-Dec-2021,295.15,295.25,295.95,286.0, 288.15,287.95,290.61,93776,272.52,5068, 30350, 32.36,0.323643576181539,2021-12-24
APLAPOLLO, EQ, 24-Dec-2021,1025.15,1038.0,1038.0,1005.1, 1007.00,1008.5,1014.34,375789,3811.78,21407, 197920, 52.67,0.5266785350289658,2021-12-24
APLLTD, EQ, 24-Dec-2021,783.95,786.7,787.0,766.4, 770.90,768.2,774.0,118533,917.44,5454, 23539, 19.86,0.19858604776728844,2021-12-24
APOLLO, EQ, 24-Dec-2021,119.85,124.4,128.5,121.6, 128.05,126.7,125.96,968919,1220.41,19171, 335329, 34.61,0.3460856893094263,2021-12-24
APOLLOHOSP, EQ, 24-Dec-2021,4877.55,4880.0,4905.95,4823.75, 4823.75,4842.5,4866.56,348742,16971.73,31310, 126421, 36.25,0.3625058065848106,2021-12-24
APOLLOPIPE, EQ, 24-Dec-2021,553.1,553.1,560.0,550.0, 551.50,551.2,554.35,40767,225.99,2670, 21049, 51.63,0.5163244781318224,2021-12-24
APOLLOTYRE, EQ, 24-Dec-2021,210.55,212.0,212.0,205.9, 206.75,206.65,208.0,2689098,5593.37,21640, 630181, 23.43,0.23434660990413886,2021-12-24
APOLSINHOT, EQ, 24-Dec-2021,816.8,814.4,824.2,804.0, 809.95,804.95,807.15,3558,28.72,183, 2860, 80.38,0.8038223721191681,2021-12-24
APTECHT, EQ, 24-Dec-2021,350.2,352.8,353.75,340.05, 343.10,343.6,345.25,110703,382.2,3102, 73072, 66.01,0.6600724460945051,2021-12-24
APTUS, EQ, 24-Dec-2021,334.1,337.95,345.45,334.0, 334.00,336.2,338.39,69452,235.02,2788, 29409, 42.34,0.42344352934400736,2021-12-24
ARCHIDPLY, EQ, 24-Dec-2021,40.05,40.95,40.95,38.5, 39.05,39.4,39.25,24520,9.62,230, 14827, 60.47,0.6046900489396411,2021-12-24
ARCHIES, EQ, 24-Dec-2021,17.1,17.4,17.4,17.0, 17.10,17.0,17.11,31409,5.37,175, 24679, 78.57,0.7857302047183928,2021-12-24
ARENTERP, EQ, 24-Dec-2021,59.65,56.7,56.7,56.7, 56.70,56.7,56.7,4405,2.5,139, 4405, 100.00,1.0,2021-12-24
ARIES, EQ, 24-Dec-2021,135.2,135.35,136.35,132.65, 133.80,133.4,133.97,17030,22.82,799, 9422, 55.33,0.5532589547856723,2021-12-24
ARIHANT, BE, 24-Dec-2021,39.95,40.9,41.7,38.6, 40.90,39.95,39.97,15259,6.1,81, -, -,,2021-12-24
ARIHANTCAP, EQ, 24-Dec-2021,169.85,169.25,172.7,165.65, 166.30,167.85,168.33,21035,35.41,614, 14406, 68.49,0.6848585690515807,2021-12-24
ARIHANTSUP, EQ, 24-Dec-2021,165.7,162.6,173.5,162.6, 170.75,170.95,166.6,288945,481.38,1680, 152954, 52.94,0.5293533371402862,2021-12-24
ARMANFIN, EQ, 24-Dec-2021,869.55,875.7,875.7,855.25, 858.00,862.4,863.67,3235,27.94,510, 1562, 48.28,0.48284389489953633,2021-12-24
AROGRANITE, EQ, 24-Dec-2021,74.5,76.4,76.4,73.05, 73.10,73.45,73.92,42148,31.16,934, 21118, 50.10,0.5010439404004935,2021-12-24
ARROWGREEN, EQ, 24-Dec-2021,121.1,123.55,125.8,116.2, 119.00,118.75,120.77,23421,28.29,736, 12757, 54.47,0.544682122881175,2021-12-24
ARSHIYA, EQ, 24-Dec-2021,33.05,33.4,34.6,31.8, 31.90,32.0,32.58,104664,34.1,470, 75652, 72.28,0.7228082244133609,2021-12-24
ARSSINFRA, EQ, 24-Dec-2021,29.85,29.3,30.75,29.0, 29.60,29.4,29.84,57384,17.13,596, 29224, 50.93,0.5092708768994841,2021-12-24
ARTEMISMED, EQ, 24-Dec-2021,39.75,41.6,41.7,39.2, 41.70,41.35,40.38,310391,125.34,2759, 75504, 24.33,0.2432544758063217,2021-12-24
ARTNIRMAN, BE, 24-Dec-2021,123.9,117.75,117.75,117.75, 117.75,117.75,117.75,437,0.51,32, -, -,,2021-12-24
ARVEE, EQ, 24-Dec-2021,80.75,86.95,87.0,81.45, 84.45,84.15,83.98,1462,1.23,80, 829, 56.70,0.56703146374829,2021-12-24
ARVIND, EQ, 24-Dec-2021,114.8,115.0,115.6,112.15, 112.30,112.9,113.17,575790,651.61,5493, 207572, 36.05,0.36049948766043177,2021-12-24
ARVINDFASN, EQ, 24-Dec-2021,279.05,284.95,284.95,272.0, 272.10,272.9,275.74,52722,145.38,2651, 25395, 48.17,0.48167747809263683,2021-12-24
ARVSMART, BE, 24-Dec-2021,213.6,210.0,214.9,206.0, 206.50,207.0,208.07,5335,11.1,106, -, -,,2021-12-24
ASAHIINDIA, EQ, 24-Dec-2021,487.9,494.0,494.0,467.0, 467.95,470.15,474.88,141975,674.21,5901, 49856, 35.12,0.3511604155661208,2021-12-24
ASAHISONG, EQ, 24-Dec-2021,285.25,290.85,309.8,284.0, 295.10,296.3,297.18,49853,148.15,2665, 17928, 35.96,0.35961727478787636,2021-12-24
ASAL, BE, 24-Dec-2021,491.0,515.55,515.55,515.55, 515.55,515.55,515.55,26480,136.52,339, -, -,,2021-12-24
ASALCBR, EQ, 24-Dec-2021,502.45,507.5,511.45,488.3, 495.10,493.45,496.83,52072,258.71,5320, 18306, 35.16,0.3515516976494085,2021-12-24
ASHAPURMIN, EQ, 24-Dec-2021,96.25,97.0,98.05,95.6, 96.85,96.6,96.99,52014,50.45,1638, 24742, 47.57,0.4756796247164225,2021-12-24
ASHIANA, EQ, 24-Dec-2021,170.0,170.85,171.0,168.85, 170.90,170.35,170.05,46495,79.06,460, 39782, 85.56,0.855618883750941,2021-12-24
ASHIMASYN, EQ, 24-Dec-2021,17.5,17.75,18.0,16.8, 17.30,17.25,17.46,180986,31.61,589, 126952, 70.14,0.70144652072536,2021-12-24
ASHOKA, EQ, 24-Dec-2021,94.05,94.3,94.3,91.55, 93.00,92.3,92.26,840390,775.36,7106, 216156, 25.72,0.25720915289329954,2021-12-24
ASHOKLEY, EQ, 24-Dec-2021,125.85,126.3,126.3,122.5, 122.70,122.85,123.42,5864495,7237.75,35882, 1191392, 20.32,0.2031533831983828,2021-12-24
ASIANENE, EQ, 24-Dec-2021,131.85,131.65,132.8,130.15, 132.00,131.5,131.22,19096,25.06,371, 13187, 69.06,0.6905634687892752,2021-12-24
ASIANHOTNR, EQ, 24-Dec-2021,70.85,72.4,72.4,70.1, 70.25,70.45,70.79,1974,1.4,94, 1094, 55.42,0.5542046605876393,2021-12-24
ASIANPAINT, EQ, 24-Dec-2021,3267.9,3280.0,3300.0,3261.0, 3285.00,3284.8,3282.46,651404,21382.06,42284, 225255, 34.58,0.34579922751472203,2021-12-24
ASIANTILES, EQ, 24-Dec-2021,148.05,147.5,151.0,144.4, 146.70,149.15,148.67,1106381,1644.86,15623, 426811, 38.58,0.3857721707079207,2021-12-24
ASPINWALL, EQ, 24-Dec-2021,141.1,145.9,145.9,137.05, 141.00,139.1,141.37,6406,9.06,200, 4478, 69.90,0.699032157352482,2021-12-24
ASTEC, EQ, 24-Dec-2021,1494.45,1479.0,1533.0,1469.3, 1502.05,1509.8,1500.13,26416,396.28,3773, 9341, 35.36,0.3536114476075106,2021-12-24
ASTERDM, EQ, 24-Dec-2021,178.45,182.0,183.8,167.5, 173.00,172.3,174.95,473328,828.09,16544, 153905, 32.52,0.32515507216982725,2021-12-24
ASTRAL, EQ, 24-Dec-2021,2161.4,2161.0,2165.3,2114.8, 2118.20,2118.55,2124.42,138187,2935.68,17963, 60326, 43.66,0.43655336609087686,2021-12-24
ASTRAMICRO, EQ, 24-Dec-2021,230.25,231.8,234.7,227.0, 228.75,227.85,230.2,250268,576.13,4151, 137170, 54.81,0.5480924448990682,2021-12-24
ASTRAZEN, EQ, 24-Dec-2021,3042.95,3058.2,3076.6,3025.0, 3025.00,3034.45,3045.16,7162,218.09,1850, 2523, 35.23,0.3522759005864284,2021-12-24
ASTRON, EQ, 24-Dec-2021,49.65,50.5,50.5,48.5, 49.50,49.15,49.27,14865,7.32,390, 6518, 43.85,0.4384796501849983,2021-12-24
ATFL, EQ, 24-Dec-2021,963.55,968.4,968.4,946.55, 946.55,947.75,951.51,1203,11.45,220, 601, 49.96,0.4995843724023275,2021-12-24
ATGL, BE, 24-Dec-2021,1752.3,1720.05,1745.0,1678.0, 1705.00,1712.4,1710.13,47720,816.07,2644, -, -,,2021-12-24
ATLANTA, BE, 24-Dec-2021,18.9,19.3,19.3,18.0, 18.55,18.55,18.49,24617,4.55,162, -, -,,2021-12-24
ATUL, EQ, 24-Dec-2021,8815.1,8848.5,8854.2,8600.0, 8690.00,8693.3,8674.08,20338,1764.13,4589, 9080, 44.65,0.4464549119874127,2021-12-24
ATULAUTO, EQ, 24-Dec-2021,189.85,191.3,191.95,187.0, 189.20,188.8,189.44,47033,89.1,1681, 23896, 50.81,0.5080688027555121,2021-12-24
AUBANK, EQ, 24-Dec-2021,1044.85,1045.0,1050.3,1018.25, 1025.15,1027.75,1031.96,594275,6132.68,18531, 77974, 13.12,0.13120861553994362,2021-12-24
AURIONPRO, EQ, 24-Dec-2021,258.75,262.0,262.0,250.0, 250.90,253.55,255.96,45388,116.18,4649, 16913, 37.26,0.3726315325636732,2021-12-24
AUROPHARMA, EQ, 24-Dec-2021,723.1,725.1,725.9,705.1, 709.50,708.45,711.21,1485767,10566.86,40281, 369885, 24.90,0.24895222467587447,2021-12-24
AURUM, EQ, 24-Dec-2021,159.95,167.9,167.9,155.65, 161.20,161.5,165.04,1639574,2705.99,16202, 665485, 40.59,0.4058889687199236,2021-12-24
AUSOMENT, EQ, 24-Dec-2021,69.0,68.35,69.95,66.1, 67.00,67.4,67.58,9525,6.44,364, 6056, 63.58,0.6358005249343832,2021-12-24
AUTOAXLES, EQ, 24-Dec-2021,1406.85,1393.95,1522.0,1372.0, 1507.00,1497.9,1478.92,70347,1040.37,6803, 31219, 44.38,0.44378580465407197,2021-12-24
AUTOIND, EQ, 24-Dec-2021,57.45,59.15,59.15,56.45, 57.70,57.6,57.3,10462,5.99,258, 6554, 62.65,0.62645765627987,2021-12-24
AVADHSUGAR, EQ, 24-Dec-2021,417.25,419.3,425.55,406.05, 408.40,408.2,414.83,26593,110.32,1901, 11378, 42.79,0.4278569548377393,2021-12-24
AVANTIFEED, EQ, 24-Dec-2021,547.75,548.95,550.4,535.55, 538.90,539.3,542.25,104481,566.55,4999, 22835, 21.86,0.21855648395402036,2021-12-24
AVTNPL, EQ, 24-Dec-2021,75.85,77.4,77.4,74.0, 74.70,74.3,75.08,59620,44.77,1113, 38610, 64.76,0.6476014760147601,2021-12-24
AWHCL, EQ, 24-Dec-2021,298.05,298.05,304.4,292.0, 293.00,293.8,295.63,213495,631.15,4390, 153343, 71.83,0.7182510129042835,2021-12-24
AXISBANK, EQ, 24-Dec-2021,678.8,681.15,682.0,662.45, 668.00,667.5,668.82,6028893,40322.29,119164, 2191599, 36.35,0.36351598875614477,2021-12-24
AXISBNKETF, EQ, 24-Dec-2021,352.11,353.99,353.99,348.11, 352.69,351.59,350.36,889,3.11,35, 883, 99.33,0.9932508436445444,2021-12-24
AXISBPSETF, EQ, 24-Dec-2021,10.45,10.45,10.5,10.43, 10.45,10.44,10.45,23913,2.5,8489, 16102, 67.34,0.6733575879228871,2021-12-24
AXISCADES, EQ, 24-Dec-2021,112.2,106.6,114.0,106.6, 106.60,106.6,108.99,875881,954.6,6488, 314764, 35.94,0.35936845302044457,2021-12-24
AXISCETF, EQ, 24-Dec-2021,69.5,68.82,71.2,68.0, 69.86,68.51,68.97,993,0.68,62, 894, 90.03,0.9003021148036254,2021-12-24
AXISGOLD, EQ, 24-Dec-2021,41.85,41.85,41.99,41.66, 41.78,41.79,41.84,1115823,466.82,3532, 1077631, 96.58,0.9657723491987529,2021-12-24
AXISHCETF, EQ, 24-Dec-2021,85.3,86.0,86.0,84.9, 85.00,84.95,85.15,3888,3.31,121, 3273, 84.18,0.841820987654321,2021-12-24
AXISNIFTY, EQ, 24-Dec-2021,178.84,180.94,180.94,178.0, 178.00,178.41,178.76,1808,3.23,118, 1301, 71.96,0.7195796460176991,2021-12-24
AXISTECETF, EQ, 24-Dec-2021,376.93,381.99,381.99,378.03, 381.89,381.58,380.43,889,3.38,70, 747, 84.03,0.8402699662542182,2021-12-24
AYMSYNTEX, EQ, 24-Dec-2021,95.75,95.4,96.6,95.0, 95.05,95.05,95.17,9785,9.31,155, 8756, 89.48,0.8948390393459377,2021-12-24
BAFNAPH, EQ, 24-Dec-2021,124.75,123.9,123.95,119.1, 120.00,120.0,120.72,3026,3.65,188, 2589, 85.56,0.855584930601454,2021-12-24
BAGFILMS, BE, 24-Dec-2021,3.95,4.1,4.1,4.1, 4.10,4.1,4.1,131396,5.39,131, -, -,,2021-12-24
BAJAJ-AUTO, EQ, 24-Dec-2021,3174.1,3181.3,3195.0,3135.0, 3156.40,3152.05,3155.23,123753,3904.69,12432, 42778, 34.57,0.34567242814315613,2021-12-24
BAJAJCON, EQ, 24-Dec-2021,198.65,199.6,204.75,196.5, 197.30,198.3,200.68,1065829,2138.86,22521, 359531, 33.73,0.3373252182104259,2021-12-24
BAJAJELEC, EQ, 24-Dec-2021,1332.1,1322.1,1352.15,1264.0, 1281.50,1286.95,1317.98,396949,5231.72,23656, 72326, 18.22,0.1822047668592187,2021-12-24
BAJAJFINSV, EQ, 24-Dec-2021,16169.9,16250.0,16250.0,15800.0, 15915.25,15920.55,15935.55,208736,33263.24,32827, 28629, 13.72,0.1371541085390158,2021-12-24
BAJAJHCARE, EQ, 24-Dec-2021,373.9,379.0,379.0,370.0, 374.00,373.8,372.64,75325,280.69,1862, 61482, 81.62,0.8162230335214072,2021-12-24
BAJAJHIND, EQ, 24-Dec-2021,14.05,14.0,14.15,13.45, 13.70,13.65,13.66,2974577,406.43,5772, 1797242, 60.42,0.6042008662071952,2021-12-24
BAJAJHLDNG, EQ, 24-Dec-2021,5084.4,5124.9,5140.0,5006.15, 5023.75,5021.65,5070.25,58359,2958.95,8594, 22658, 38.83,0.38825202625130656,2021-12-24
BAJFINANCE, EQ, 24-Dec-2021,6917.75,6984.9,6987.95,6757.6, 6850.00,6852.0,6842.48,980774,67109.24,73957, 178040, 18.15,0.18153009765756434,2021-12-24
BALAJITELE, EQ, 24-Dec-2021,60.25,60.95,60.95,57.45, 59.30,59.0,58.48,210019,122.82,1713, 108740, 51.78,0.517762678614792,2021-12-24
BALAMINES, EQ, 24-Dec-2021,3186.95,3204.2,3229.5,3115.0, 3134.00,3127.15,3146.59,23855,750.62,4512, 11114, 46.59,0.4658981345629847,2021-12-24
BALAXI, EQ, 24-Dec-2021,494.8,491.0,501.0,483.0, 485.00,495.2,496.99,344,1.71,95, 203, 59.01,0.5901162790697675,2021-12-24
BALKRISHNA, EQ, 24-Dec-2021,27.45,28.45,28.8,27.2, 28.80,28.8,28.24,4385,1.24,131, 2913, 66.43,0.6643101482326111,2021-12-24
BALKRISIND, EQ, 24-Dec-2021,2143.95,2168.0,2216.85,2151.3, 2197.00,2202.5,2179.69,497114,10835.56,29546, 121429, 24.43,0.24426791440192794,2021-12-24
BALLARPUR, BZ, 24-Dec-2021,2.0,2.1,2.1,2.1, 2.10,2.1,2.1,780360,16.39,141, -, -,,2021-12-24
BALMLAWRIE, EQ, 24-Dec-2021,115.0,115.2,116.25,113.45, 114.25,114.15,114.73,116142,133.25,2319, 50725, 43.67,0.43674984071223155,2021-12-24
BALPHARMA, EQ, 24-Dec-2021,100.95,101.95,102.6,100.0, 100.95,100.45,101.11,21127,21.36,724, 13432, 63.58,0.6357741278932172,2021-12-24
BALRAMCHIN, EQ, 24-Dec-2021,332.55,333.5,334.15,323.0, 323.95,325.05,328.61,486063,1597.27,7641, 182040, 37.45,0.3745193524296233,2021-12-24
BANARBEADS, EQ, 24-Dec-2021,71.6,73.65,73.65,71.5, 71.60,71.6,72.06,2720,1.96,68, 1757, 64.60,0.6459558823529412,2021-12-24
BANARISUG, EQ, 24-Dec-2021,2499.1,2481.05,2524.95,2453.45, 2462.50,2468.3,2479.78,1324,32.83,281, 703, 53.10,0.5309667673716012,2021-12-24
BANCOINDIA, EQ, 24-Dec-2021,169.15,170.0,173.95,168.0, 171.25,171.3,170.46,52567,89.61,1852, 21271, 40.46,0.404645500028535,2021-12-24
BANDHANBNK, EQ, 24-Dec-2021,259.0,260.0,260.0,251.4, 255.50,255.05,254.51,3897062,9918.61,38103, 389541, 10.00,0.09995760909115636,2021-12-24
BANG, EQ, 24-Dec-2021,34.9,35.6,35.6,33.35, 34.00,33.75,33.94,24017,8.15,194, 15967, 66.48,0.6648207519673565,2021-12-24
BANKA, EQ, 24-Dec-2021,68.65,70.9,70.9,68.1, 68.80,68.95,68.92,3785,2.61,89, 2329, 61.53,0.6153236459709379,2021-12-24
BANKBARODA, EQ, 24-Dec-2021,81.2,81.4,81.65,78.85, 79.50,79.45,79.63,23406108,18637.25,61583, 4101319, 17.52,0.17522430469858552,2021-12-24
BANKBEES, EQ, 24-Dec-2021,353.97,355.8,356.79,348.2, 350.00,350.07,350.19,734325,2571.5,12353, 320609, 43.66,0.43660368365505736,2021-12-24
BANKINDIA, EQ, 24-Dec-2021,52.7,53.15,53.15,51.35, 51.55,51.55,51.79,3560899,1844.18,10395, 1174249, 32.98,0.3297619505636077,2021-12-24
BANSWRAS, EQ, 24-Dec-2021,221.45,224.7,229.85,217.0, 228.80,228.2,224.2,40587,91.0,1325, 25913, 63.85,0.638455663143371,2021-12-24
BARBEQUE, EQ, 24-Dec-2021,1257.45,1255.0,1272.1,1219.25, 1221.00,1224.05,1249.65,34858,435.6,4619, 14918, 42.80,0.42796488610935796,2021-12-24
BARTRONICS, BZ, 24-Dec-2021,7.55,7.9,7.9,7.9, 7.90,7.9,7.9,22820,1.8,39, -, -,,2021-12-24
BASF, EQ, 24-Dec-2021,2803.3,2816.0,2818.0,2755.7, 2763.00,2775.5,2788.99,10929,304.81,2103, 4507, 41.24,0.4123890566383018,2021-12-24
BASML, EQ, 24-Dec-2021,78.35,78.8,81.5,76.6, 77.20,77.6,79.36,300809,238.73,4420, 152951, 50.85,0.508465504689022,2021-12-24
BATAINDIA, EQ, 24-Dec-2021,1857.55,1860.0,1864.95,1820.2, 1823.65,1825.65,1838.93,171481,3153.41,10081, 47894, 27.93,0.27929624856398083,2021-12-24
BAYERCROP, EQ, 24-Dec-2021,4855.45,4880.0,4900.0,4785.45, 4800.00,4823.3,4853.95,7340,356.28,2113, 3517, 47.92,0.47915531335149864,2021-12-24
BBETF0432, EQ, 24-Dec-2021,1001.84,999.09,1003.0,999.09, 1001.01,1001.3,1001.15,1362,13.64,50, 1357, 99.63,0.9963289280469897,2021-12-24
BBL, EQ, 24-Dec-2021,1816.55,1825.0,1863.95,1798.1, 1846.95,1841.75,1842.44,31366,577.9,5445, 9577, 30.53,0.3053306127654148,2021-12-24
BBOX, EQ, 24-Dec-2021,832.45,831.6,849.0,821.3, 833.15,833.4,834.67,1430,11.94,182, 1090, 76.22,0.7622377622377622,2021-12-24
BBTC, EQ, 24-Dec-2021,1051.2,1054.95,1059.0,1034.45, 1041.00,1037.65,1043.27,21979,229.3,2167, 8278, 37.66,0.376632239865326,2021-12-24
BCG, BE, 24-Dec-2021,195.05,204.8,204.8,185.3, 193.40,188.5,196.32,3747833,7357.69,33515, -, -,,2021-12-24
BCLIND, EQ, 24-Dec-2021,332.15,331.0,341.45,328.0, 329.75,329.0,332.15,138412,459.74,6746, 57534, 41.57,0.41567205155622344,2021-12-24
BCP, EQ, 24-Dec-2021,3.9,3.95,3.95,3.75, 3.90,3.85,3.84,550503,21.14,644, 369675, 67.15,0.6715222260369154,2021-12-24
BDL, EQ, 24-Dec-2021,386.05,387.5,388.8,380.8, 381.55,381.55,383.57,64020,245.56,3450, 24823, 38.77,0.38773820681037174,2021-12-24
BEARDSELL, EQ, 24-Dec-2021,13.3,13.95,13.95,13.5, 13.95,13.95,13.92,94687,13.18,300, 77093, 81.42,0.814187797691341,2021-12-24
BECTORFOOD, EQ, 24-Dec-2021,378.0,381.9,384.0,375.1, 378.00,378.5,378.35,51324,194.18,2962, 26557, 51.74,0.5174382355233419,2021-12-24
BEDMUTHA, EQ, 24-Dec-2021,67.9,68.8,69.95,65.0, 65.20,66.05,66.03,23356,15.42,364, 13567, 58.09,0.5808785750984757,2021-12-24
BEL, EQ, 24-Dec-2021,208.9,208.2,208.7,202.4, 204.30,204.05,204.51,3061075,6260.12,35111, 887826, 29.00,0.29003732348929706,2021-12-24
BEML, EQ, 24-Dec-2021,1709.85,1710.25,1722.8,1650.65, 1655.90,1654.65,1675.99,193845,3248.81,14071, 71095, 36.68,0.36676210374268103,2021-12-24
BEPL, EQ, 24-Dec-2021,162.85,163.4,163.7,159.0, 160.70,161.2,161.38,290278,468.44,4052, 129974, 44.78,0.4477569777937012,2021-12-24
BERGEPAINT, EQ, 24-Dec-2021,750.55,751.55,755.65,739.0, 740.00,740.9,745.87,250167,1865.92,11782, 57938, 23.16,0.23159729300827048,2021-12-24
BESTAGRO, EQ, 24-Dec-2021,992.5,1008.95,1013.0,976.0, 980.00,978.55,989.12,22216,219.74,1088, 4249, 19.13,0.19125855239467052,2021-12-24
BFINVEST, EQ, 24-Dec-2021,306.2,308.1,309.2,302.0, 307.25,307.75,305.75,14225,43.49,856, 8901, 62.57,0.6257293497363796,2021-12-24
BFUTILITIE, EQ, 24-Dec-2021,379.25,382.1,385.2,372.5, 374.15,374.8,377.77,178600,674.7,6792, 64616, 36.18,0.36179171332586785,2021-12-24
BGRENERGY, EQ, 24-Dec-2021,61.05,61.45,61.45,59.7, 59.95,60.15,60.26,73719,44.42,1221, 31971, 43.37,0.4336873804582265,2021-12-24
BHAGCHEM, EQ, 24-Dec-2021,993.55,974.0,992.8,972.05, 990.00,976.6,981.16,1341,13.16,191, 965, 71.96,0.7196122296793438,2021-12-24
BHAGERIA, EQ, 24-Dec-2021,249.8,249.6,249.95,244.05, 246.40,245.45,246.3,12005,29.57,677, 5953, 49.59,0.49587671803415245,2021-12-24
BHAGYANGR, EQ, 24-Dec-2021,43.75,43.95,44.75,43.1, 43.90,43.6,43.67,14390,6.28,194, 7808, 54.26,0.5425990271021542,2021-12-24
BHAGYAPROP, EQ, 24-Dec-2021,32.65,33.0,34.9,32.6, 34.40,34.05,33.62,47448,15.95,200, 37566, 79.17,0.7917298937784522,2021-12-24
BHANDARI, EQ, 24-Dec-2021,8.0,8.4,8.4,8.4, 8.40,8.4,8.4,178005,14.95,214, 178005, 100.00,1.0,2021-12-24
BHARATFORG, EQ, 24-Dec-2021,697.35,703.7,707.0,677.25, 689.10,690.9,687.63,1368268,9408.57,38701, 483228, 35.32,0.35316765428994906,2021-12-24
BHARATGEAR, EQ, 24-Dec-2021,140.65,140.9,140.9,135.85, 136.35,136.25,136.98,37668,51.6,1171, 19922, 52.89,0.5288839333120952,2021-12-24
BHARATRAS, EQ, 24-Dec-2021,10288.55,10377.0,10377.0,10140.2, 10240.00,10215.05,10216.05,829,84.69,398, 413, 49.82,0.49819059107358266,2021-12-24
BHARATWIRE, EQ, 24-Dec-2021,54.8,55.8,55.8,53.9, 54.45,54.3,54.23,8515,4.62,144, 4444, 52.19,0.5219025249559601,2021-12-24
BHARTIARTL, EQ, 24-Dec-2021,678.75,682.1,682.85,672.65, 676.60,677.05,677.35,3756020,25441.37,63731, 1489216, 39.65,0.396487771630609,2021-12-24
BHEL, EQ, 24-Dec-2021,58.85,59.1,59.25,56.9, 57.20,57.15,57.43,27427209,15750.13,55718, 5634396, 20.54,0.20543089163757056,2021-12-24
BIGBLOC, EQ, 24-Dec-2021,51.65,51.75,52.8,49.1, 50.25,50.35,50.42,150803,76.04,1105, 85315, 56.57,0.5657380821336445,2021-12-24
BIL, EQ, 24-Dec-2021,280.2,284.8,304.9,278.0, 285.00,284.8,289.04,30801,89.03,1488, 13032, 42.31,0.4231031460017532,2021-12-24
BINDALAGRO, EQ, 24-Dec-2021,21.95,22.3,25.2,21.65, 25.05,24.8,24.22,2464634,597.01,12433, 982462, 39.86,0.39862389304050827,2021-12-24
BIOCON, EQ, 24-Dec-2021,374.35,363.0,366.0,352.5, 354.55,354.45,358.55,7151655,25642.16,85280, 946779, 13.24,0.1323860001635985,2021-12-24
BIOFILCHEM, EQ, 24-Dec-2021,59.1,59.1,61.9,58.55, 59.90,59.9,60.02,30934,18.57,549, 11630, 37.60,0.3759617249628241,2021-12-24
BIRLACABLE, EQ, 24-Dec-2021,89.45,90.85,90.85,87.3, 89.90,89.45,89.28,37285,33.29,1353, 20241, 54.29,0.5428724688212417,2021-12-24
BIRLACORPN, EQ, 24-Dec-2021,1425.55,1402.5,1426.8,1375.25, 1395.00,1383.0,1396.22,40759,569.08,5784, 14712, 36.10,0.3609509556171643,2021-12-24
BIRLAMONEY, EQ, 24-Dec-2021,61.95,62.3,62.3,60.1, 61.30,61.5,61.16,76845,47.0,987, 38092, 49.57,0.49569913462164095,2021-12-24
BIRLATYRE, EQ, 24-Dec-2021,24.8,25.0,25.3,24.15, 24.50,24.45,24.54,249396,61.21,1923, 142578, 57.17,0.5716932107972862,2021-12-24
BKMINDST, BZ, 24-Dec-2021,2.1,2.2,2.2,2.2, 2.20,2.2,2.2,26396,0.58,25, -, -,,2021-12-24
BLBLIMITED, EQ, 24-Dec-2021,15.65,16.7,17.2,16.7, 17.20,17.2,17.01,95672,16.27,174, 76817, 80.29,0.8029203946818296,2021-12-24
BLISSGVS, EQ, 24-Dec-2021,99.3,99.8,100.35,97.05, 97.90,97.65,98.18,87438,85.85,1512, 51057, 58.39,0.5839223221025184,2021-12-24
BLKASHYAP, EQ, 24-Dec-2021,27.7,28.25,28.25,27.4, 27.75,27.7,27.76,155463,43.16,904, 118480, 76.21,0.7621105986633475,2021-12-24
BLS, BE, 24-Dec-2021,193.8,195.9,195.9,190.0, 193.45,192.0,191.35,26108,49.96,754, -, -,,2021-12-24
BLUEDART, EQ, 24-Dec-2021,6212.05,6255.0,6298.0,6149.55, 6160.00,6168.8,6202.85,5449,337.99,1486, 2988, 54.84,0.5483574967884015,2021-12-24
BLUESTARCO, EQ, 24-Dec-2021,1005.85,1010.8,1013.2,971.85, 980.00,977.2,984.82,26899,264.91,4155, 9186, 34.15,0.3414996840031228,2021-12-24
BODALCHEM, EQ, 24-Dec-2021,110.75,111.9,112.25,108.0, 108.75,108.45,109.78,296808,325.84,4498, 167837, 56.55,0.5654733026063987,2021-12-24
BOMDYEING, EQ, 24-Dec-2021,107.3,106.45,107.35,103.5, 103.75,104.3,105.35,7514214,7915.93,38940, 1451380, 19.32,0.19315127304066665,2021-12-24
BOROLTD, EQ, 24-Dec-2021,430.75,433.5,435.0,412.4, 414.10,416.55,420.51,246340,1035.89,12376, 100376, 40.75,0.40746935130307704,2021-12-24
BORORENEW, EQ, 24-Dec-2021,645.3,653.5,654.9,636.3, 643.35,642.75,643.84,209772,1350.59,8749, 128662, 61.33,0.61334210476136,2021-12-24
BOSCHLTD, EQ, 24-Dec-2021,16857.6,16800.0,16900.0,16410.2, 16492.30,16483.9,16584.34,35956,5963.06,8193, 12252, 34.07,0.3407498053176104,2021-12-24
BPCL, EQ, 24-Dec-2021,377.35,379.2,379.2,370.3, 372.15,372.15,372.35,3143785,11705.89,45442, 1873291, 59.59,0.5958712189287754,2021-12-24
BPL, BE, 24-Dec-2021,65.7,65.2,65.95,63.4, 64.00,63.9,64.18,36646,23.52,524, -, -,,2021-12-24
BRFL, BZ, 24-Dec-2021,6.9,7.05,7.1,6.65, 7.05,7.0,6.91,140556,9.71,282, -, -,,2021-12-24
BRIGADE, EQ, 24-Dec-2021,495.7,493.0,497.0,482.2, 490.00,494.05,489.85,577386,2828.3,27265, 157968, 27.36,0.27359167004395674,2021-12-24
BRITANNIA, EQ, 24-Dec-2021,3554.6,3560.0,3565.0,3519.0, 3540.05,3541.3,3540.58,136780,4842.81,10105, 49442, 36.15,0.3614709752887849,2021-12-24
BRNL, EQ, 24-Dec-2021,29.6,30.2,30.35,29.0, 29.55,29.4,29.61,54947,16.27,703, 30395, 55.32,0.5531694178026098,2021-12-24
BROOKS, EQ, 24-Dec-2021,99.6,99.7,101.0,93.7, 94.50,94.3,95.46,89514,85.45,1218, 60570, 67.67,0.6766539312286346,2021-12-24
BSE, EQ, 24-Dec-2021,1863.4,1871.4,1909.0,1833.0, 1860.50,1860.15,1873.44,613938,11501.78,34632, 164988, 26.87,0.26873723405294997,2021-12-24
BSHSL, EQ, 24-Dec-2021,315.0,325.0,328.0,314.6, 318.00,322.6,321.66,1441,4.64,139, 709, 49.20,0.49201943095072864,2021-12-24
BSL, EQ, 24-Dec-2021,116.05,120.8,121.85,115.85, 119.85,119.35,120.58,65747,79.27,1247, 38999, 59.32,0.5931677490988182,2021-12-24
BSLGOLDETF, EQ, 24-Dec-2021,44.06,44.06,44.26,43.72, 43.90,43.83,43.84,5699,2.5,116, 3497, 61.36,0.6136164239340235,2021-12-24
BSLNIFTY, EQ, 24-Dec-2021,18.93,19.0,19.14,18.77, 18.93,18.91,19.0,2133536,405.37,1378, 1064336, 49.89,0.4988601082897125,2021-12-24
BSLSENETFG, EQ, 24-Dec-2021,54.73,55.4,55.4,54.1, 54.68,54.35,54.27,1966,1.07,84, 1507, 76.65,0.7665310274669379,2021-12-24
BSOFT, EQ, 24-Dec-2021,528.5,533.0,538.4,524.3, 530.00,530.55,532.38,11336432,60353.17,133002, 1434575, 12.65,0.12654554801722448,2021-12-24
BURGERKING, EQ, 24-Dec-2021,144.9,145.8,145.85,142.8, 143.15,143.2,143.57,650134,933.4,10869, 276679, 42.56,0.42557226664041564,2021-12-24
BURNPUR, EQ, 24-Dec-2021,4.1,4.3,4.3,4.3, 4.30,4.3,4.3,84750,3.64,74, 84750, 100.00,1.0,2021-12-24
BUTTERFLY, BE, 24-Dec-2021,1030.85,1044.0,1082.35,1021.0, 1082.35,1082.35,1066.94,21583,230.28,511, -, -,,2021-12-24
BVCL, BE, 24-Dec-2021,20.0,20.9,20.9,19.5, 20.30,20.4,20.68,16528,3.42,65, -, -,,2021-12-24
BYKE, EQ, 24-Dec-2021,31.5,32.7,32.7,31.45, 31.85,31.65,31.54,21123,6.66,164, 17166, 81.27,0.8126686550205937,2021-12-24
CADILAHC, EQ, 24-Dec-2021,465.0,466.65,467.2,452.4, 452.75,453.3,457.23,2143620,9801.22,29830, 1309065, 61.07,0.6106795980630896,2021-12-24
CALSOFT, BE, 24-Dec-2021,45.6,43.35,43.35,43.35, 43.35,43.35,43.35,50638,21.95,306, -, -,,2021-12-24
CAMLINFINE, EQ, 24-Dec-2021,132.8,133.0,133.5,126.0, 127.00,127.1,129.12,355136,458.54,7963, 220146, 61.99,0.6198920976752568,2021-12-24
CAMS, EQ, 24-Dec-2021,2595.2,2619.85,2619.85,2572.8, 2590.50,2588.35,2588.55,85691,2218.16,16402, 53445, 62.37,0.6236944369887153,2021-12-24
CANBK, EQ, 24-Dec-2021,200.5,201.7,201.9,193.0, 194.25,193.95,195.37,10186277,19901.21,53485, 1765625, 17.33,0.17333369198579618,2021-12-24
CANDC, BZ, 24-Dec-2021,5.3,5.3,5.4,5.05, 5.10,5.1,5.12,42346,2.17,73, -, -,,2021-12-24
CANFINHOME, EQ, 24-Dec-2021,555.65,560.0,565.0,547.7, 551.10,551.4,556.37,582941,3243.28,15328, 114570, 19.65,0.19653790006192737,2021-12-24
CANTABIL, BE, 24-Dec-2021,715.1,724.9,724.9,695.0, 719.00,712.65,701.63,63405,444.87,146, -, -,,2021-12-24
CAPACITE, EQ, 24-Dec-2021,177.95,177.9,180.9,172.15, 173.00,172.85,175.39,59179,103.79,2378, 20062, 33.90,0.33900539042565775,2021-12-24
CAPLIPOINT, EQ, 24-Dec-2021,796.1,796.1,838.8,795.1, 809.90,807.45,821.95,736724,6055.52,36327, 116128, 15.76,0.15762755115891433,2021-12-24
CAPTRUST, EQ, 24-Dec-2021,117.75,118.85,121.0,117.0, 117.15,117.45,118.37,7576,8.97,222, 4570, 60.32,0.603220696937698,2021-12-24
CARBORUNIV, EQ, 24-Dec-2021,923.05,929.7,931.65,910.6, 915.00,914.0,920.46,79073,727.83,4372, 39109, 49.46,0.494593603379156,2021-12-24
CAREERP, EQ, 24-Dec-2021,131.4,131.2,136.0,130.15, 133.15,133.0,133.56,71957,96.11,1278, 19394, 26.95,0.2695220756840891,2021-12-24
CARERATING, EQ, 24-Dec-2021,586.05,589.1,596.6,584.45, 586.00,586.5,589.9,103944,613.17,4328, 74241, 71.42,0.7142403601939505,2021-12-24
CARTRADE, EQ, 24-Dec-2021,850.15,854.6,854.6,825.2, 826.65,827.6,835.06,121680,1016.1,9989, 51404, 42.25,0.4224523339907955,2021-12-24
CASTROLIND, EQ, 24-Dec-2021,123.1,123.5,123.6,121.5, 121.85,121.65,121.98,295015,359.87,6762, 148674, 50.40,0.5039540362354457,2021-12-24
CCCL, BE, 24-Dec-2021,1.15,1.2,1.2,1.2, 1.20,1.2,1.2,182356,2.19,59, -, -,,2021-12-24
CCHHL, EQ, 24-Dec-2021,9.35,9.35,9.35,8.9, 9.35,9.15,9.03,181306,16.37,657, 112372, 61.98,0.6197919539342327,2021-12-24
CCL, EQ, 24-Dec-2021,399.4,401.9,401.9,394.2, 397.00,397.1,397.57,92283,366.89,4660, 30858, 33.44,0.33438444783979715,2021-12-24
CDSL, EQ, 24-Dec-2021,1492.9,1499.5,1499.5,1460.0, 1469.00,1463.6,1472.3,579476,8531.61,39766, 288991, 49.87,0.49871090433426063,2021-12-24
CEATLTD, EQ, 24-Dec-2021,1078.5,1086.45,1086.45,1067.05, 1086.00,1080.3,1074.37,52566,564.75,6671, 19721, 37.52,0.3751664574059278,2021-12-24
CEBBCO, EQ, 24-Dec-2021,43.1,44.5,45.05,42.25, 43.45,43.15,43.82,254341,111.45,1592, 149387, 58.73,0.587349267322217,2021-12-24
CELEBRITY, EQ, 24-Dec-2021,14.55,14.75,15.25,14.75, 15.25,15.25,15.2,160773,24.44,249, 154498, 96.10,0.9609698145832944,2021-12-24
CENTENKA, EQ, 24-Dec-2021,407.55,401.35,489.05,401.35, 428.00,421.4,427.43,365170,1560.85,17502, 85832, 23.50,0.23504669058246844,2021-12-24
CENTEXT, EQ, 24-Dec-2021,11.3,11.3,11.55,10.95, 11.20,11.15,11.17,247903,27.7,975, 157698, 63.61,0.6361278403246431,2021-12-24
CENTRALBK, EQ, 24-Dec-2021,21.15,21.2,23.3,20.7, 21.90,21.95,22.19,16044909,3560.41,20620, 2836680, 17.68,0.17679626603055212,2021-12-24
CENTRUM, EQ, 24-Dec-2021,31.55,31.85,32.15,31.0, 31.45,31.4,31.56,249636,78.79,1460, 134554, 53.90,0.5390007851431684,2021-12-24
CENTUM, EQ, 24-Dec-2021,578.8,589.0,590.0,558.0, 565.00,561.9,568.9,36596,208.19,1474, 22489, 61.45,0.6145207126461908,2021-12-24
CENTURYPLY, EQ, 24-Dec-2021,583.3,595.0,595.0,573.0, 580.00,582.65,581.77,149842,871.73,8790, 52156, 34.81,0.348073303880087,2021-12-24
CENTURYTEX, EQ, 24-Dec-2021,889.9,897.0,930.0,885.3, 912.00,913.65,915.59,1834983,16801.0,56272, 392692, 21.40,0.2140030725080287,2021-12-24
CERA, EQ, 24-Dec-2021,4879.6,4897.9,4907.95,4871.1, 4884.30,4877.35,4881.2,2287,111.63,577, 1432, 62.61,0.6261477918670748,2021-12-24
CEREBRAINT, EQ, 24-Dec-2021,83.15,84.0,85.9,81.4, 82.05,81.95,84.29,820740,691.79,8563, 394188, 48.03,0.4802836464653849,2021-12-24
CESC, EQ, 24-Dec-2021,86.85,87.0,87.15,85.1, 85.25,85.25,85.73,1683165,1442.97,16055, 837165, 49.74,0.4973754801222697,2021-12-24
CGCL, EQ, 24-Dec-2021,529.25,524.0,539.0,496.6, 500.35,503.6,515.86,94703,488.53,5154, 26453, 27.93,0.2793258925271639,2021-12-24
CGPOWER, BE, 24-Dec-2021,178.8,180.0,180.45,175.0, 178.15,178.25,178.28,650807,1160.25,11632, -, -,,2021-12-24
CHALET, EQ, 24-Dec-2021,222.1,222.1,222.55,217.0, 218.95,218.05,218.74,64921,142.01,1811, 24181, 37.25,0.3724680765853884,2021-12-24
CHAMBLFERT, EQ, 24-Dec-2021,392.8,393.5,394.9,379.7, 380.75,380.75,385.09,1754054,6754.7,21253, 362623, 20.67,0.2067342282506696,2021-12-24
CHEMBOND, EQ, 24-Dec-2021,209.75,212.35,213.6,205.0, 207.00,205.95,208.81,14141,29.53,406, 7867, 55.63,0.556325578106216,2021-12-24
CHEMCON, EQ, 24-Dec-2021,362.2,363.05,364.6,357.75, 359.00,359.85,360.78,59827,215.84,3336, 25291, 42.27,0.42273555418122255,2021-12-24
CHEMFAB, EQ, 24-Dec-2021,143.1,146.9,150.0,145.5, 150.00,147.8,146.79,11764,17.27,246, 8402, 71.42,0.7142128527711663,2021-12-24
CHEMPLASTS, EQ, 24-Dec-2021,550.7,550.7,558.05,541.55, 546.05,549.3,547.42,106631,583.72,5147, 43668, 40.95,0.4095244347328638,2021-12-24
CHENNPETRO, EQ, 24-Dec-2021,101.0,101.85,102.25,99.6, 100.70,100.35,100.53,167891,168.78,2892, 85986, 51.22,0.5121537187818287,2021-12-24
CHOLAFIN, EQ, 24-Dec-2021,539.65,541.0,542.0,517.65, 519.85,520.05,525.48,1838454,9660.79,29088, 335633, 18.26,0.18256263142836318,2021-12-24
CHOLAHLDNG, EQ, 24-Dec-2021,682.85,676.95,678.0,650.9, 657.80,655.0,659.17,55750,367.49,4218, 31722, 56.90,0.5690044843049328,2021-12-24
CIGNITITEC, EQ, 24-Dec-2021,552.8,553.0,559.3,539.1, 548.00,543.5,548.4,61382,336.62,2464, 35357, 57.60,0.5760157700954677,2021-12-24
CINELINE, EQ, 24-Dec-2021,100.7,105.0,105.7,97.2, 97.55,99.1,103.22,134855,139.19,1100, 72137, 53.49,0.5349226947462089,2021-12-24
CINEVISTA, BE, 24-Dec-2021,17.45,18.0,18.0,16.6, 16.75,17.05,16.85,48430,8.16,188, -, -,,2021-12-24
CIPLA, EQ, 24-Dec-2021,909.75,910.2,912.9,901.8, 910.00,908.3,907.4,1114033,10108.78,32672, 422087, 37.89,0.37888195412523684,2021-12-24
CLEAN, EQ, 24-Dec-2021,2443.15,2447.0,2455.1,2390.0, 2399.00,2400.7,2415.41,163645,3952.69,12733, 55304, 33.80,0.33795105258333585,2021-12-24
CLEDUCATE, BE, 24-Dec-2021,107.4,112.75,112.75,106.0, 107.00,107.4,110.17,13697,15.09,235, -, -,,2021-12-24
CLNINDIA, EQ, 24-Dec-2021,479.8,484.0,484.0,475.0, 475.00,476.8,478.57,16310,78.05,1367, 7177, 44.00,0.44003678724708767,2021-12-24
CLSEL, EQ, 24-Dec-2021,97.85,97.85,99.9,95.35, 96.20,96.8,97.97,45489,44.56,1225, 19232, 42.28,0.42278353008419617,2021-12-24
CMICABLES, EQ, 24-Dec-2021,36.05,36.45,36.45,35.5, 35.50,35.6,35.67,36784,13.12,762, 25891, 70.39,0.7038658112222705,2021-12-24
COALINDIA, EQ, 24-Dec-2021,147.7,148.0,148.15,145.4, 145.80,145.9,146.41,4568316,6688.66,29357, 1910848, 41.83,0.4182827983002927,2021-12-24
COASTCORP, EQ, 24-Dec-2021,282.3,283.0,288.15,275.0, 275.50,278.9,282.22,6607,18.65,258, 5200, 78.70,0.7870440441955502,2021-12-24
COCHINSHIP, EQ, 24-Dec-2021,334.6,336.4,336.95,332.9, 334.80,334.05,334.44,52316,174.96,3245, 27662, 52.87,0.5287483752580473,2021-12-24
COFFEEDAY, EQ, 24-Dec-2021,44.7,44.4,44.45,42.9, 43.20,43.1,43.58,1592824,694.09,13321, 967749, 60.76,0.6075680677840113,2021-12-24
COFORGE, EQ, 24-Dec-2021,5455.5,5468.0,5668.75,5461.35, 5638.50,5645.6,5576.22,517808,28874.1,50918, 95362, 18.42,0.18416478694805796,2021-12-24
COLPAL, EQ, 24-Dec-2021,1465.05,1470.0,1476.9,1455.0, 1455.05,1457.65,1467.32,643830,9447.04,27425, 251030, 38.99,0.38990106083904136,2021-12-24
COMPINFO, EQ, 24-Dec-2021,28.75,29.0,29.6,28.15, 28.35,28.25,28.59,722206,206.5,2381, 272949, 37.79,0.37793787368147036,2021-12-24
COMPUSOFT, EQ, 24-Dec-2021,20.05,21.0,22.05,20.9, 22.05,22.05,21.62,504053,108.96,1224, 337433, 66.94,0.6694395232247402,2021-12-24
CONCOR, EQ, 24-Dec-2021,622.4,626.7,626.8,600.5, 602.15,602.25,607.25,1114790,6769.57,22452, 554844, 49.77,0.49771167663864946,2021-12-24
CONFIPET, EQ, 24-Dec-2021,77.9,79.65,80.8,77.3, 78.15,78.05,78.51,479579,376.51,4007, 208997, 43.58,0.43579264313074595,2021-12-24
CONSOFINVT, EQ, 24-Dec-2021,150.2,148.15,152.9,148.0, 152.00,151.15,150.2,9317,13.99,98, 7310, 78.46,0.7845873135129333,2021-12-24
CONTROLPR, EQ, 24-Dec-2021,347.6,353.7,353.7,342.6, 344.00,343.6,345.92,5632,19.48,503, 2794, 49.61,0.49609375,2021-12-24
CORALFINAC, EQ, 24-Dec-2021,38.85,38.1,39.5,38.0, 39.30,39.25,38.61,15045,5.81,253, 8778, 58.34,0.5834496510468594,2021-12-24
CORDSCABLE, EQ, 24-Dec-2021,53.7,53.0,54.25,52.65, 53.10,53.25,53.45,50515,27.0,384, 16958, 33.57,0.33570226665346925,2021-12-24
COROMANDEL, EQ, 24-Dec-2021,738.55,743.5,748.75,735.0, 745.95,745.15,742.59,117216,870.44,5803, 56853, 48.50,0.48502764127764125,2021-12-24
COSMOFILMS, EQ, 24-Dec-2021,1345.0,1350.0,1358.25,1318.95, 1327.00,1327.45,1336.56,19954,266.7,2765, 9112, 45.67,0.45665029568006416,2021-12-24
COUNCODOS, EQ, 24-Dec-2021,4.05,4.1,4.45,3.7, 4.45,4.45,4.27,1049973,44.82,777, 759540, 72.34,0.7233900300293437,2021-12-24
COX&KINGS, BZ, 24-Dec-2021,1.55,1.55,1.6,1.5, 1.60,1.6,1.58,320224,5.05,214, -, -,,2021-12-24
CPSEETF, EQ, 24-Dec-2021,29.64,29.75,29.75,29.07, 29.15,29.19,29.21,659078,192.49,6717, 439252, 66.65,0.6664643638537472,2021-12-24
CRAFTSMAN, EQ, 24-Dec-2021,2228.85,2264.9,2311.65,2200.0, 2275.00,2274.4,2266.87,27006,612.19,5403, 10041, 37.18,0.3718062652743835,2021-12-24
CREATIVE, BE, 24-Dec-2021,400.05,415.3,418.5,393.0, 412.00,411.65,409.21,45499,186.18,156, -, -,,2021-12-24
CREDITACC, EQ, 24-Dec-2021,627.05,627.05,635.9,605.85, 610.20,614.55,616.41,68515,422.34,6024, 29206, 42.63,0.4262716193534263,2021-12-24
CREST, BE, 24-Dec-2021,148.9,142.6,156.3,142.6, 156.30,156.3,154.31,6013,9.28,97, -, -,,2021-12-24
CRISIL, EQ, 24-Dec-2021,3028.3,3048.0,3048.0,2973.95, 3006.00,2998.75,3005.01,12206,366.79,2841, 4083, 33.45,0.33450761920367034,2021-12-24
CROMPTON, EQ, 24-Dec-2021,431.45,431.45,432.5,423.05, 428.65,431.2,427.46,1015915,4342.6,33881, 535391, 52.70,0.5270037355487418,2021-12-24
CSBBANK, EQ, 24-Dec-2021,234.2,237.0,238.6,228.0, 229.10,229.25,231.39,139737,323.34,3995, 79519, 56.91,0.569061880532715,2021-12-24
CTE, EQ, 24-Dec-2021,76.75,77.75,90.0,74.5, 83.90,83.45,84.91,1149048,975.61,19526, 307797, 26.79,0.26787131608079034,2021-12-24
CUB, EQ, 24-Dec-2021,135.9,136.05,136.8,133.25, 133.55,133.7,134.28,689178,925.41,6880, 299483, 43.46,0.43455101584786515,2021-12-24
CUBEXTUB, EQ, 24-Dec-2021,26.65,27.55,27.55,25.75, 26.00,26.4,26.41,12269,3.24,292, 7885, 64.27,0.6426766647648545,2021-12-24
CUMMINSIND, EQ, 24-Dec-2021,934.75,934.75,935.05,915.1, 921.55,918.4,922.73,220755,2036.97,8615, 40054, 18.14,0.18144096396457612,2021-12-24
CUPID, EQ, 24-Dec-2021,216.2,217.85,217.85,213.4, 214.00,214.55,214.89,16975,36.48,648, 10971, 64.63,0.6463033873343151,2021-12-24
CYBERMEDIA, EQ, 24-Dec-2021,10.2,10.4,10.45,9.8, 10.15,10.1,10.23,12881,1.32,195, 9076, 70.46,0.7046036798385219,2021-12-24
CYBERTECH, EQ, 24-Dec-2021,163.85,164.95,166.15,161.1, 162.80,162.4,162.94,87717,142.93,2334, 33716, 38.44,0.38437247055872864,2021-12-24
CYIENT, EQ, 24-Dec-2021,991.05,998.0,1015.0,972.35, 996.00,990.6,988.19,213854,2113.29,16629, 91687, 42.87,0.4287364276562515,2021-12-24
DAAWAT, EQ, 24-Dec-2021,74.9,75.2,81.3,74.45, 78.65,78.95,78.98,7489485,5915.03,40353, 2131871, 28.46,0.28464854392524985,2021-12-24
DABUR, EQ, 24-Dec-2021,569.45,573.9,573.9,562.15, 562.75,563.7,567.22,418659,2374.74,10600, 115602, 27.61,0.27612448317126825,2021-12-24
DALBHARAT, EQ, 24-Dec-2021,1847.0,1940.0,1970.0,1812.0, 1823.50,1826.2,1859.66,580031,10786.63,24188, 91863, 15.84,0.1583760178335296,2021-12-24
DALMIASUG, EQ, 24-Dec-2021,377.9,378.0,381.6,367.0, 369.95,370.75,373.8,27253,101.87,1888, 14056, 51.58,0.5157597328734451,2021-12-24
DAMODARIND, EQ, 24-Dec-2021,50.9,50.3,54.0,47.8, 51.30,51.25,52.1,61128,31.85,529, 42206, 69.05,0.6904528203114776,2021-12-24
DANGEE, EQ, 24-Dec-2021,198.55,200.45,200.45,198.0, 199.00,198.35,198.67,1772,3.52,26, 501, 28.27,0.2827313769751693,2021-12-24
DATAMATICS, EQ, 24-Dec-2021,286.05,287.5,299.8,282.3, 290.35,290.35,291.16,241646,703.57,9926, 53567, 22.17,0.22167550880213205,2021-12-24
DATAPATTNS, EQ, 24-Dec-2021,585.0,856.05,864.0,743.85, 750.50,755.0,803.18,13492548,108369.34,436142, 4533248, 33.60,0.33598160999686644,2021-12-24
DBCORP, EQ, 24-Dec-2021,91.1,92.15,92.15,90.0, 90.00,90.25,90.52,36432,32.98,787, 16673, 45.76,0.45764712340799296,2021-12-24
DBL, EQ, 24-Dec-2021,492.1,494.6,495.55,477.0, 478.00,479.55,482.42,180385,870.22,5975, 80786, 44.79,0.44785320287163566,2021-12-24
DBREALTY, BE, 24-Dec-2021,43.35,43.35,45.5,41.5, 45.40,45.3,44.89,998059,448.07,2104, -, -,,2021-12-24
DBSTOCKBRO, EQ, 24-Dec-2021,25.1,26.35,26.35,26.35, 26.35,26.35,26.35,4780,1.26,18, 4780, 100.00,1.0,2021-12-24
DCAL, EQ, 24-Dec-2021,200.6,201.0,201.3,195.45, 196.90,197.5,197.81,320947,634.88,5219, 121563, 37.88,0.3787634718504925,2021-12-24
DCBBANK, EQ, 24-Dec-2021,81.75,82.6,82.6,79.65, 80.50,80.35,80.7,912960,736.76,5819, 472016, 51.70,0.5170171749036102,2021-12-24
DCM, BE, 24-Dec-2021,131.4,128.8,135.0,125.25, 133.50,133.2,132.05,16648,21.98,222, -, -,,2021-12-24
DCMFINSERV, BE, 24-Dec-2021,3.7,3.7,3.7,3.6, 3.60,3.6,3.7,2076,0.08,7, -, -,,2021-12-24
DCMNVL, EQ, 24-Dec-2021,269.6,269.6,269.6,261.0, 267.20,265.4,264.55,41647,110.18,1176, 21073, 50.60,0.5059908276706605,2021-12-24
DCMSHRIRAM, EQ, 24-Dec-2021,972.1,962.0,984.95,951.0, 952.00,956.6,963.25,26651,256.71,3327, 13687, 51.36,0.51356421897865,2021-12-24
DCMSRIND, EQ, 24-Dec-2021,89.3,91.0,91.9,87.05, 88.50,89.4,89.38,91989,82.22,2452, 57036, 62.00,0.6200306558392852,2021-12-24
DCW, BE, 24-Dec-2021,39.65,39.55,40.25,38.85, 39.75,39.5,39.45,199597,78.73,1102, -, -,,2021-12-24
DECCANCE, EQ, 24-Dec-2021,554.65,556.0,573.9,550.0, 564.05,558.6,556.31,18264,101.6,2342, 9929, 54.36,0.5436377573368375,2021-12-24
DEEPAKFERT, EQ, 24-Dec-2021,369.2,372.1,372.8,364.0, 367.50,366.5,367.2,124144,455.86,5222, 79291, 63.87,0.6387018301327491,2021-12-24
DEEPAKNTR, EQ, 24-Dec-2021,2317.1,2339.0,2339.8,2281.0, 2316.00,2310.35,2305.31,313317,7222.94,21047, 68887, 21.99,0.2198635886338756,2021-12-24
DEEPENR, EQ, 24-Dec-2021,40.0,39.25,41.65,39.25, 40.65,40.2,40.48,31254,12.65,760, 6124, 19.59,0.1959429193063288,2021-12-24
DEEPINDS, EQ, 24-Dec-2021,147.85,145.3,149.9,142.45, 144.00,143.15,144.32,23801,34.35,567, 14768, 62.05,0.6204781311709592,2021-12-24
DELPHIFX, EQ, 24-Dec-2021,556.35,560.0,565.75,549.55, 554.35,555.25,557.74,3869,21.58,205, 2598, 67.15,0.6714913414318946,2021-12-24
DELTACORP, EQ, 24-Dec-2021,273.5,273.0,273.5,260.15, 263.90,263.0,264.38,4466041,11807.15,40185, 655136, 14.67,0.1466927867433371,2021-12-24
DELTAMAGNT, EQ, 24-Dec-2021,65.75,66.5,67.0,62.55, 63.10,64.4,64.0,8877,5.68,399, 4248, 47.85,0.47854004731328154,2021-12-24
DEN, EQ, 24-Dec-2021,41.5,41.6,41.8,40.65, 41.05,41.05,41.13,1419756,583.92,4973, 375409, 26.44,0.26441797041181725,2021-12-24
DENORA, BE, 24-Dec-2021,457.3,463.0,463.0,445.0, 446.55,452.3,453.36,4636,21.02,135, -, -,,2021-12-24
DEVYANI, EQ, 24-Dec-2021,171.6,172.45,172.45,166.8, 168.00,167.6,168.51,2359289,3975.57,34130, 698807, 29.62,0.29619389570332416,2021-12-24
DFMFOODS, EQ, 24-Dec-2021,291.25,292.75,295.35,285.25, 290.00,289.55,289.63,51056,147.87,2375, 26489, 51.88,0.518822469445315,2021-12-24
DGCONTENT, BE, 24-Dec-2021,18.05,18.05,18.95,17.85, 18.90,18.7,18.5,25626,4.74,116, -, -,,2021-12-24
DHAMPURSUG, EQ, 24-Dec-2021,293.05,294.6,297.2,288.0, 289.00,289.5,291.87,129897,379.13,3105, 46488, 35.79,0.3578835538926996,2021-12-24
DHANBANK, EQ, 24-Dec-2021,14.0,14.2,14.2,13.8, 14.00,13.95,13.93,370749,51.66,874, 129712, 34.99,0.34986473328316464,2021-12-24
DHANI, EQ, 24-Dec-2021,162.75,161.4,161.6,156.0, 156.20,156.55,158.24,1224602,1937.84,11634, 439114, 35.86,0.3585769090692323,2021-12-24
DHANUKA, EQ, 24-Dec-2021,728.75,729.85,739.0,725.0, 738.70,734.55,732.09,236856,1733.99,2332, 224887, 94.95,0.9494671868139292,2021-12-24
DHARAMSI, EQ, 24-Dec-2021,306.3,307.2,312.05,303.65, 309.70,308.45,306.6,4179,12.81,170, 2459, 58.84,0.5884182818856186,2021-12-24
DHARSUGAR, EQ, 24-Dec-2021,17.6,17.15,17.9,17.15, 17.30,17.45,17.49,11793,2.06,185, 9412, 79.81,0.7981005681336386,2021-12-24
DHRUV, EQ, 24-Dec-2021,56.9,59.7,59.7,56.85, 57.75,57.75,58.01,18022,10.46,406, 10121, 56.16,0.561591388303185,2021-12-24
DHUNINV, EQ, 24-Dec-2021,636.5,630.4,630.4,600.0, 600.00,606.0,607.76,3798,23.08,405, 2070, 54.50,0.5450236966824644,2021-12-24
DIAMONDYD, EQ, 24-Dec-2021,820.9,829.0,831.85,820.0, 821.25,822.3,824.5,17961,148.09,1964, 5991, 33.36,0.3335560380825121,2021-12-24
DIAPOWER, BZ, 24-Dec-2021,1.75,1.8,1.8,1.7, 1.80,1.8,1.8,117017,2.11,51, -, -,,2021-12-24
DICIND, EQ, 24-Dec-2021,393.15,395.95,395.95,388.0, 388.00,388.15,389.0,2505,9.74,156, 1962, 78.32,0.7832335329341318,2021-12-24
DIGISPICE, EQ, 24-Dec-2021,42.3,44.4,44.4,40.75, 44.40,44.4,44.3,224674,99.53,588, 188548, 83.92,0.8392070288506903,2021-12-24
DIGJAMLMTD, EQ, 24-Dec-2021,183.2,192.35,192.35,192.35, 192.35,192.35,192.35,1888,3.63,34, 1888, 100.00,1.0,2021-12-24
DISHTV, BE, 24-Dec-2021,17.5,16.65,18.35,16.65, 18.35,18.35,17.82,5400951,962.64,5498, -, -,,2021-12-24
DIVISLAB, EQ, 24-Dec-2021,4478.5,4515.0,4515.0,4440.0, 4443.00,4447.25,4471.19,295431,13209.27,27584, 101823, 34.47,0.3446591589914396,2021-12-24
DIXON, EQ, 24-Dec-2021,5369.1,5388.0,5469.0,5384.95, 5423.00,5423.4,5428.85,343496,18647.87,36951, 90071, 26.22,0.2622184828935417,2021-12-24
DLF, EQ, 24-Dec-2021,383.7,386.8,386.8,375.3, 379.90,379.6,379.6,4499625,17080.76,46723, 899588, 19.99,0.19992510486985027,2021-12-24
DLINKINDIA, EQ, 24-Dec-2021,145.85,146.8,165.7,142.15, 156.20,156.4,158.86,5221774,8295.17,76242, 1068096, 20.45,0.20454657746581908,2021-12-24
DMART, EQ, 24-Dec-2021,4647.9,4674.0,4674.0,4615.0, 4624.90,4628.9,4629.66,122078,5651.79,18155, 44001, 36.04,0.3604334933403234,2021-12-24
DNAMEDIA, BE, 24-Dec-2021,2.5,2.4,2.55,2.4, 2.40,2.4,2.43,21120,0.51,47, -, -,,2021-12-24
DODLA, EQ, 24-Dec-2021,556.2,556.2,556.5,544.0, 545.00,545.35,549.82,16226,89.21,1571, 5753, 35.46,0.35455441883397015,2021-12-24
DOLATALGO, EQ, 24-Dec-2021,85.35,85.65,85.65,83.75, 84.45,84.35,84.62,79457,67.24,992, 59791, 75.25,0.7524950602212518,2021-12-24
DOLLAR, EQ, 24-Dec-2021,427.65,434.0,439.0,422.05, 425.70,425.65,429.78,28626,123.03,1696, 15054, 52.59,0.5258855585831063,2021-12-24
DONEAR, BE, 24-Dec-2021,61.1,63.9,63.9,60.35, 60.60,60.8,61.66,12879,7.94,155, -, -,,2021-12-24
DPABHUSHAN, EQ, 24-Dec-2021,329.1,332.6,332.6,323.45, 329.00,330.2,329.32,7437,24.49,203, 6060, 81.48,0.8148446954417103,2021-12-24
DPSCLTD, EQ, 24-Dec-2021,19.1,19.5,19.5,18.15, 18.25,18.3,18.62,463223,86.26,1919, 310800, 67.10,0.6709511401635929,2021-12-24
DPWIRES, EQ, 24-Dec-2021,203.5,205.15,205.15,201.3, 204.95,203.55,203.39,4480,9.11,319, 2013, 44.93,0.44933035714285713,2021-12-24
DRCSYSTEMS, BE, 24-Dec-2021,304.35,310.45,319.55,300.0, 319.55,319.55,314.0,301,0.95,39, -, -,,2021-12-24
DREDGECORP, EQ, 24-Dec-2021,322.65,324.5,331.0,316.65, 317.20,318.15,323.51,146201,472.98,5628, 36251, 24.80,0.24795316037510004,2021-12-24
DRREDDY, EQ, 24-Dec-2021,4694.8,4725.0,4730.0,4611.0, 4624.00,4638.65,4659.94,251826,11734.94,24496, 85323, 33.88,0.33881727859712657,2021-12-24
DSPNEWETF, EQ, 24-Dec-2021,190.12,189.0,192.49,189.0, 189.50,190.69,189.93,1204,2.29,81, 677, 56.23,0.5622923588039868,2021-12-24
DSSL, EQ, 24-Dec-2021,146.95,149.3,151.0,144.0, 145.60,145.3,146.97,21943,32.25,1080, 10854, 49.46,0.49464521715353416,2021-12-24
DTIL, EQ, 24-Dec-2021,253.95,253.1,253.95,242.7, 247.00,246.6,249.57,5008,12.5,341, 3466, 69.21,0.6920926517571885,2021-12-24
DUCON, BE, 24-Dec-2021,16.05,16.85,16.85,16.85, 16.85,16.85,16.85,52244,8.8,113, -, -,,2021-12-24
DVL, EQ, 24-Dec-2021,236.2,236.2,236.2,225.4, 227.00,226.7,229.58,18500,42.47,743, 10389, 56.16,0.5615675675675675,2021-12-24
DWARKESH, EQ, 24-Dec-2021,68.1,68.65,70.8,67.55, 67.60,67.9,68.77,645301,443.75,5081, 293072, 45.42,0.4541632509480072,2021-12-24
DYNAMATECH, BE, 24-Dec-2021,2084.95,2100.0,2100.0,2065.0, 2091.00,2076.15,2080.19,1206,25.09,134, -, -,,2021-12-24
DYNPRO, EQ, 24-Dec-2021,657.45,656.2,668.7,640.95, 651.60,647.3,654.23,61051,399.41,5298, 27394, 44.87,0.4487068188891255,2021-12-24
EASEMYTRIP, BE, 24-Dec-2021,518.45,525.95,533.5,511.25, 513.10,514.6,517.79,121719,630.25,2001, -, -,,2021-12-24
EASTSILK, EQ, 24-Dec-2021,8.25,8.65,8.65,8.65, 8.65,8.65,8.65,27888,2.41,60, 27888, 100.00,1.0,2021-12-24
EBANK, EQ, 24-Dec-2021,3855.0,3770.1,3780.0,3550.0, 3765.00,3721.66,3697.67,78,2.88,20, 73, 93.59,0.9358974358974359,2021-12-24
EBBETF0423, EQ, 24-Dec-2021,1154.96,1154.58,1156.0,1154.04, 1155.48,1155.52,1154.57,11176,129.04,64, 10950, 97.98,0.9797780959198282,2021-12-24
EBBETF0425, EQ, 24-Dec-2021,1074.49,1065.0,1090.0,1065.0, 1074.49,1074.34,1073.9,2236,24.01,45, 1909, 85.38,0.8537567084078712,2021-12-24
EBBETF0430, EQ, 24-Dec-2021,1193.53,1207.9,1207.9,1193.0, 1194.70,1194.66,1194.92,4995,59.69,106, 4250, 85.09,0.8508508508508509,2021-12-24
EBBETF0431, EQ, 24-Dec-2021,1073.7,1072.0,1074.95,1072.0, 1074.49,1074.25,1073.6,4034,43.31,87, 3726, 92.36,0.9236489836390679,2021-12-24
ECLERX, EQ, 24-Dec-2021,2291.45,2337.0,2410.0,2336.4, 2350.00,2359.05,2369.23,64150,1519.86,8010, 26425, 41.19,0.41192517537022605,2021-12-24
EDELWEISS, EQ, 24-Dec-2021,68.45,69.0,70.5,67.6, 69.70,68.6,68.21,792584,540.64,7032, 452229, 57.06,0.5705754847435729,2021-12-24
EDUCOMP, BZ, 24-Dec-2021,4.65,4.85,4.85,4.85, 4.85,4.85,4.85,200108,9.71,164, -, -,,2021-12-24
EICHERMOT, EQ, 24-Dec-2021,2480.25,2485.2,2504.75,2432.25, 2435.35,2437.9,2450.35,265892,6515.29,14468, 77326, 29.08,0.29081732432717045,2021-12-24
EIDPARRY, EQ, 24-Dec-2021,443.9,447.65,448.85,432.95, 435.85,435.3,439.41,106861,469.56,4567, 39769, 37.22,0.37215635264502483,2021-12-24
EIFFL, EQ, 24-Dec-2021,136.2,130.05,143.0,130.05, 132.55,134.2,136.97,336,0.46,70, 120, 35.71,0.35714285714285715,2021-12-24
EIHAHOTELS, EQ, 24-Dec-2021,330.55,334.1,334.1,322.65, 324.45,324.5,327.11,10811,35.36,624, 4018, 37.17,0.3716584959763204,2021-12-24
EIHOTEL, EQ, 24-Dec-2021,124.85,126.0,126.0,119.2, 120.80,120.5,121.12,455455,551.63,6663, 162083, 35.59,0.35587050312325036,2021-12-24
EIMCOELECO, EQ, 24-Dec-2021,335.3,334.95,335.25,328.9, 335.25,331.8,331.83,3130,10.39,377, 2388, 76.29,0.7629392971246006,2021-12-24
EKC, EQ, 24-Dec-2021,204.5,214.7,214.7,203.3, 207.00,206.65,212.72,2778040,5909.32,15364, 1189557, 42.82,0.42820009791075725,2021-12-24
ELECON, EQ, 24-Dec-2021,174.8,173.75,175.9,169.55, 170.05,170.05,171.86,421912,725.09,7834, 218368, 51.76,0.5175676444377026,2021-12-24
ELECTCAST, EQ, 24-Dec-2021,32.85,33.05,33.45,31.9, 32.95,32.8,32.72,563128,184.26,1391, 449468, 79.82,0.7981631174439914,2021-12-24
ELECTHERM, EQ, 24-Dec-2021,119.05,118.5,122.4,116.55, 117.00,117.1,118.47,12553,14.87,339, 7737, 61.63,0.6163466900342548,2021-12-24
ELGIEQUIP, EQ, 24-Dec-2021,297.25,298.0,299.25,286.2, 286.55,287.6,291.73,156641,456.97,6928, 70920, 45.28,0.45275502582337956,2021-12-24
ELGIRUBCO, EQ, 24-Dec-2021,38.6,38.5,39.35,38.0, 38.30,38.1,38.33,22477,8.62,274, 12698, 56.49,0.5649330426658362,2021-12-24
EMAMILTD, EQ, 24-Dec-2021,528.85,529.0,533.0,521.0, 522.00,523.85,526.99,293666,1547.58,4322, 224265, 76.37,0.7636736973296193,2021-12-24
EMAMIPAP, EQ, 24-Dec-2021,133.3,135.9,135.9,132.05, 134.00,133.7,133.7,16526,22.1,396, 7245, 43.84,0.43840009681713665,2021-12-24
EMAMIREAL, EQ, 24-Dec-2021,80.55,80.55,94.8,79.0, 93.15,93.25,90.04,2466612,2220.87,42554, 582557, 23.62,0.23617699094952915,2021-12-24
EMKAY, EQ, 24-Dec-2021,96.75,96.0,99.25,95.3, 96.00,96.65,96.76,47984,46.43,1043, 15178, 31.63,0.3163137712570857,2021-12-24
EMMBI, EQ, 24-Dec-2021,101.8,102.9,102.9,99.05, 100.70,100.1,100.7,14134,14.23,377, 8517, 60.26,0.6025895004952596,2021-12-24
ENDURANCE, EQ, 24-Dec-2021,1624.5,1632.65,1634.0,1591.45, 1599.00,1604.15,1606.49,22563,362.47,4048, 12122, 53.73,0.537251252049816,2021-12-24
ENERGYDEV, EQ, 24-Dec-2021,28.8,30.2,30.2,30.2, 30.20,30.2,30.2,171677,51.85,237, 171420, 99.85,0.9985030027318744,2021-12-24
ENGINERSIN, EQ, 24-Dec-2021,68.85,69.3,69.3,68.35, 68.45,68.45,68.61,502878,345.03,3667, 254410, 50.59,0.5059079935889023,2021-12-24
ENIL, EQ, 24-Dec-2021,170.2,168.35,172.75,162.05, 165.00,164.3,165.77,25216,41.8,1235, 17503, 69.41,0.6941227791878173,2021-12-24
EPL, EQ, 24-Dec-2021,202.75,203.2,204.8,196.4, 198.00,197.5,198.69,175236,348.17,5433, 99217, 56.62,0.5661907370631606,2021-12-24
EQUIPPP, EQ, 24-Dec-2021,116.1,121.9,121.9,110.3, 111.50,111.65,113.7,163215,185.58,2819, 78970, 48.38,0.4838403333026989,2021-12-24
EQUITAS, EQ, 24-Dec-2021,113.8,115.5,115.5,112.5, 112.90,112.85,113.28,641476,726.64,5862, 330002, 51.44,0.5144416938435733,2021-12-24
EQUITASBNK, EQ, 24-Dec-2021,60.0,60.6,60.6,60.0, 60.05,60.15,60.22,197048,118.66,1981, 120489, 61.15,0.6114703016523892,2021-12-24
ERIS, EQ, 24-Dec-2021,686.2,689.6,692.45,681.55, 687.00,687.05,687.28,29888,205.41,2966, 8743, 29.25,0.29252542826552463,2021-12-24
EROSMEDIA, EQ, 24-Dec-2021,18.45,18.8,18.8,18.2, 18.25,18.35,18.37,193496,35.55,2156, 163661, 84.58,0.8458107661140282,2021-12-24
ESABINDIA, EQ, 24-Dec-2021,3114.5,3144.0,3305.0,3076.3, 3168.00,3197.2,3199.28,31972,1022.87,6052, 5965, 18.66,0.18656949831102215,2021-12-24
ESCORTS, EQ, 24-Dec-2021,1855.9,1860.05,1864.65,1850.1, 1860.70,1859.8,1857.44,389031,7226.0,6417, 227176, 58.40,0.583953463862777,2021-12-24
ESSARSHPNG, EQ, 24-Dec-2021,9.6,9.65,9.75,9.1, 9.35,9.3,9.3,244182,22.7,755, 144723, 59.27,0.5926849644936973,2021-12-24
ESTER, EQ, 24-Dec-2021,126.2,127.45,127.45,123.1, 126.00,124.55,124.6,53942,67.21,1739, 25817, 47.86,0.4786066515887435,2021-12-24
EVEREADY, EQ, 24-Dec-2021,297.75,300.0,300.0,292.5, 294.95,294.35,294.52,195936,577.06,2560, 114724, 58.55,0.5855177200718602,2021-12-24
EVERESTIND, EQ, 24-Dec-2021,445.2,450.0,485.5,450.0, 479.90,477.25,472.64,244491,1155.57,9834, 128688, 52.64,0.5263506632145969,2021-12-24
EXCEL, BE, 24-Dec-2021,8.45,8.85,8.85,8.85, 8.85,8.85,8.85,142937,12.65,96, -, -,,2021-12-24
EXCELINDUS, EQ, 24-Dec-2021,866.95,871.3,899.95,870.3, 881.35,879.05,880.4,7746,68.2,783, 3549, 45.82,0.4581719597211464,2021-12-24
EXIDEIND, EQ, 24-Dec-2021,164.45,165.25,165.25,162.05, 162.90,162.6,162.94,2070644,3373.84,23747, 912528, 44.07,0.4406976766648444,2021-12-24
EXPLEOSOL, EQ, 24-Dec-2021,1722.25,1723.95,1726.0,1656.0, 1700.00,1705.5,1694.9,31234,529.39,3043, 17095, 54.73,0.5473202279567139,2021-12-24
EXXARO, EQ, 24-Dec-2021,145.25,145.95,145.95,142.4, 142.45,142.75,143.64,89697,128.84,2030, 46900, 52.29,0.5228714449758631,2021-12-24
FACT, EQ, 24-Dec-2021,118.1,120.0,121.8,115.35, 115.85,116.15,118.88,388341,461.66,9197, 63572, 16.37,0.16370148915514973,2021-12-24
FAIRCHEMOR, EQ, 24-Dec-2021,1609.65,1619.95,1619.95,1581.7, 1600.00,1597.1,1603.16,6114,98.02,1661, 2946, 48.18,0.4818449460255152,2021-12-24
FCL, EQ, 24-Dec-2021,131.7,132.65,132.65,127.5, 128.55,128.35,129.26,420455,543.49,6664, 148918, 35.42,0.3541829684508449,2021-12-24
FCONSUMER, EQ, 24-Dec-2021,7.6,7.5,7.6,7.3, 7.35,7.35,7.39,5993107,442.84,5376, 2731085, 45.57,0.45570436169419304,2021-12-24
FCSSOFT, BE, 24-Dec-2021,3.75,3.9,3.9,3.9, 3.90,3.9,3.9,831088,32.41,662, -, -,,2021-12-24
FDC, EQ, 24-Dec-2021,288.35,288.0,291.9,284.45, 290.50,290.45,289.04,157366,454.85,4816, 83320, 52.95,0.5294663396159272,2021-12-24
FEDERALBNK, EQ, 24-Dec-2021,82.15,82.5,82.5,80.35, 81.15,81.0,81.02,12195815,9881.54,35367, 4613174, 37.83,0.3782587715540126,2021-12-24
FEL, EQ, 24-Dec-2021,10.05,10.0,10.25,9.15, 9.40,9.35,9.5,2444276,232.23,4055, 1667846, 68.23,0.6823476563203174,2021-12-24
FELDVR, EQ, 24-Dec-2021,13.4,13.9,13.9,12.65, 12.95,12.9,13.06,86854,11.34,448, 55938, 64.40,0.6440463306238055,2021-12-24
FIEMIND, EQ, 24-Dec-2021,1219.3,1224.8,1261.0,1176.6, 1185.00,1191.2,1216.48,142398,1732.25,14904, 36433, 25.59,0.25585331254652455,2021-12-24
FILATEX, EQ, 24-Dec-2021,95.25,95.2,95.25,93.5, 94.45,94.15,94.4,469512,443.24,2524, 257517, 54.85,0.548477994172673,2021-12-24
FINCABLES, EQ, 24-Dec-2021,534.6,539.45,539.45,522.8, 529.95,531.1,530.48,121028,642.03,11190, 70025, 57.86,0.5785851207984929,2021-12-24
FINEORG, EQ, 24-Dec-2021,3752.3,3771.1,3799.85,3715.25, 3753.00,3752.2,3759.48,23077,867.58,3330, 15600, 67.60,0.6759977466741778,2021-12-24
FINOPB, EQ, 24-Dec-2021,391.3,391.95,397.5,384.0, 392.50,391.3,391.4,108016,422.78,6516, 47799, 44.25,0.44251777514442303,2021-12-24
FINPIPE, EQ, 24-Dec-2021,206.0,205.6,206.75,203.0, 205.00,204.7,204.24,138832,283.56,4861, 54355, 39.15,0.39151636510314625,2021-12-24
FLEXITUFF, EQ, 24-Dec-2021,22.7,23.2,23.2,21.6, 21.75,21.9,21.88,19544,4.28,148, 13196, 67.52,0.6751944330740892,2021-12-24
FLFL, EQ, 24-Dec-2021,53.8,53.85,54.25,51.2, 51.90,51.7,51.99,318022,165.34,2639, 180974, 56.91,0.5690612599128362,2021-12-24
FLUOROCHEM, EQ, 24-Dec-2021,2274.2,2300.0,2310.25,2239.65, 2278.00,2267.55,2264.51,43186,977.95,5236, 21287, 49.29,0.4929143703978141,2021-12-24
FMGOETZE, EQ, 24-Dec-2021,216.6,217.0,220.0,212.0, 215.60,214.7,216.5,36844,79.77,1636, 19594, 53.18,0.5318097926392357,2021-12-24
FMNL, EQ, 24-Dec-2021,9.85,9.7,9.8,9.4, 9.40,9.4,9.45,235183,22.23,551, 154209, 65.57,0.6556979033348499,2021-12-24
FOCUS, EQ, 24-Dec-2021,80.05,76.05,78.85,76.05, 78.50,78.15,76.25,11284,8.6,92, 9294, 82.36,0.8236440978376462,2021-12-24
FOODSIN, EQ, 24-Dec-2021,85.7,87.0,88.25,83.25, 85.80,85.25,85.47,25912,22.15,944, 13448, 51.90,0.5189873417721519,2021-12-24
FORCEMOT, EQ, 24-Dec-2021,1261.85,1270.0,1270.0,1243.0, 1258.40,1253.75,1254.09,21661,271.65,3287, 8073, 37.27,0.37269747472415865,2021-12-24
FORTIS, EQ, 24-Dec-2021,277.4,277.9,277.9,269.6, 274.70,273.65,273.82,900461,2465.65,10994, 369686, 41.06,0.410551928401119,2021-12-24
FOSECOIND, EQ, 24-Dec-2021,1452.1,1431.05,1458.0,1405.0, 1420.05,1449.9,1442.51,3544,51.12,356, 1609, 45.40,0.45400677200902934,2021-12-24
FRETAIL, EQ, 24-Dec-2021,51.85,52.2,52.2,49.8, 50.15,50.1,50.34,2976020,1498.1,13402, 1203059, 40.43,0.40425097949610556,2021-12-24
FSC, EQ, 24-Dec-2021,70.55,71.45,71.45,68.0, 68.55,68.55,69.02,72082,49.75,1617, 42658, 59.18,0.5917982297938459,2021-12-24
FSL, EQ, 24-Dec-2021,175.05,175.95,185.0,172.35, 182.80,183.45,180.93,20318025,36762.13,115322, 2913169, 14.34,0.14337855180314032,2021-12-24
GABRIEL, EQ, 24-Dec-2021,134.45,134.5,135.5,133.0, 134.50,134.9,134.3,143554,192.79,3474, 67613, 47.10,0.47099349373754823,2021-12-24
GAEL, EQ, 24-Dec-2021,161.2,162.5,163.15,159.0, 161.00,160.85,160.66,65894,105.87,2790, 26263, 39.86,0.39856436094333325,2021-12-24
GAIL, EQ, 24-Dec-2021,132.85,134.1,134.15,129.7, 130.85,130.85,130.98,8050243,10544.32,40030, 3590093, 44.60,0.4459608237912818,2021-12-24
GAL, EQ, 24-Dec-2021,4.4,4.6,4.6,4.2, 4.60,4.6,4.43,4850369,214.75,3054, 2006874, 41.38,0.4137569739539404,2021-12-24
GALAXYSURF, EQ, 24-Dec-2021,3055.85,3068.9,3078.0,3025.3, 3076.90,3060.65,3062.44,12417,380.26,3340, 5704, 45.94,0.4593702182491745,2021-12-24
GALLANTT, EQ, 24-Dec-2021,70.0,71.45,72.0,68.65, 70.95,70.75,70.2,30127,21.15,500, 19174, 63.64,0.63643907458426,2021-12-24
GALLISPAT, EQ, 24-Dec-2021,49.65,50.6,50.95,49.25, 49.35,49.45,49.73,6150,3.06,205, 3788, 61.59,0.6159349593495935,2021-12-24
GANDHITUBE, EQ, 24-Dec-2021,360.95,360.1,369.0,355.1, 357.50,357.8,358.88,810,2.91,127, 460, 56.79,0.5679012345679012,2021-12-24
GANECOS, EQ, 24-Dec-2021,496.0,503.0,506.4,496.0, 500.00,502.55,500.79,29205,146.25,1265, 18310, 62.69,0.6269474405067625,2021-12-24
GANESHBE, EQ, 24-Dec-2021,103.1,104.4,104.65,98.05, 99.60,99.0,100.19,180444,180.78,3777, 100787, 55.86,0.5585500210591652,2021-12-24
GANESHHOUC, EQ, 24-Dec-2021,190.25,191.0,193.75,181.1, 183.10,183.85,186.61,81005,151.16,1124, 61614, 76.06,0.7606197148324177,2021-12-24
GANGAFORGE, EQ, 24-Dec-2021,21.65,21.8,21.85,20.95, 21.00,21.1,21.13,950102,200.74,7361, 284211, 29.91,0.2991373557786427,2021-12-24
GANGESSECU, EQ, 24-Dec-2021,91.3,94.05,94.05,88.3, 89.90,89.9,90.54,1428,1.29,88, 1032, 72.27,0.7226890756302521,2021-12-24
GARFIBRES, EQ, 24-Dec-2021,3252.15,3229.0,3250.0,3202.15, 3250.00,3224.0,3218.33,4235,136.3,1298, 2271, 53.62,0.536245572609209,2021-12-24
GATI, EQ, 24-Dec-2021,195.9,195.8,198.6,188.2, 188.90,189.5,193.59,4799710,9291.79,65046, 764828, 15.93,0.15934879398963686,2021-12-24
GAYAHWS, BE, 24-Dec-2021,1.15,1.2,1.2,1.2, 1.20,1.2,1.2,348467,4.18,391, -, -,,2021-12-24
GAYAPROJ, EQ, 24-Dec-2021,30.75,30.95,32.1,29.85, 30.20,30.15,30.71,996971,306.22,3283, 415724, 41.70,0.41698705378591755,2021-12-24
GDL, EQ, 24-Dec-2021,288.9,295.0,298.4,290.15, 293.95,293.45,294.69,250613,738.54,6217, 110522, 44.10,0.441006651690056,2021-12-24
GEECEE, EQ, 24-Dec-2021,139.7,140.6,141.5,137.5, 141.50,139.25,139.01,8408,11.69,398, 2196, 26.12,0.26117982873453854,2021-12-24
GEEKAYWIRE, EQ, 24-Dec-2021,83.05,84.0,84.0,78.0, 78.25,78.8,80.07,21908,17.54,583, 10954, 50.00,0.5,2021-12-24
GENCON, EQ, 24-Dec-2021,34.0,34.2,35.0,33.6, 33.80,33.85,33.94,26158,8.88,370, 16758, 64.06,0.6406453092744093,2021-12-24
GENESYS, EQ, 24-Dec-2021,304.4,307.95,311.5,292.0, 298.60,297.95,300.57,45448,136.6,1371, 27776, 61.12,0.6111600070410139,2021-12-24
GENUSPAPER, EQ, 24-Dec-2021,11.25,11.4,11.4,11.05, 11.20,11.1,11.17,71188,7.95,270, 48934, 68.74,0.6873911333370792,2021-12-24
GENUSPOWER, EQ, 24-Dec-2021,67.0,68.7,68.7,65.7, 66.95,66.8,66.7,346979,231.43,3875, 120382, 34.69,0.3469431867634641,2021-12-24
GEOJITFSL, EQ, 24-Dec-2021,72.15,73.5,73.5,71.25, 71.85,71.5,71.77,72784,52.24,1447, 33911, 46.59,0.4659128379863706,2021-12-24
GEPIL, EQ, 24-Dec-2021,250.35,251.65,252.6,240.8, 242.90,242.25,244.86,74744,183.02,2414, 43125, 57.70,0.5769693888472653,2021-12-24
GESHIP, EQ, 24-Dec-2021,294.9,297.0,298.65,288.0, 296.00,295.15,292.31,707100,2066.9,15006, 214912, 30.39,0.30393437986140576,2021-12-24
GET&D, EQ, 24-Dec-2021,122.6,121.2,127.0,121.2, 124.95,124.9,123.77,95840,118.62,3870, 42338, 44.18,0.4417570951585977,2021-12-24
GFLLIMITED, EQ, 24-Dec-2021,72.6,72.6,73.45,70.3, 70.80,71.0,71.24,36140,25.74,742, 21501, 59.49,0.5949363586054234,2021-12-24
GFSTEELS, BE, 24-Dec-2021,5.0,5.2,5.2,4.75, 5.20,5.2,5.08,8458,0.43,41, -, -,,2021-12-24
GHCL, EQ, 24-Dec-2021,368.4,371.9,373.1,367.1, 369.80,369.45,369.85,44950,166.25,1561, 19918, 44.31,0.44311457174638486,2021-12-24
GICHSGFIN, EQ, 24-Dec-2021,145.4,147.0,147.0,142.85, 143.40,143.4,144.56,71540,103.42,1382, 25551, 35.72,0.3571568353368745,2021-12-24
GICRE, EQ, 24-Dec-2021,134.9,134.6,137.0,134.05, 134.70,134.45,134.6,255318,343.65,3339, 111722, 43.76,0.4375798024424443,2021-12-24
GILLANDERS, EQ, 24-Dec-2021,58.5,57.6,60.0,57.6, 58.50,58.0,58.49,1185,0.69,27, 1064, 89.79,0.8978902953586498,2021-12-24
GILLETTE, EQ, 24-Dec-2021,5401.25,5423.0,5446.3,5370.0, 5393.00,5381.45,5395.65,1509,81.42,836, 814, 53.94,0.5394300861497681,2021-12-24
GINNIFILA, EQ, 24-Dec-2021,46.4,46.75,47.75,44.8, 45.15,45.3,45.87,351132,161.05,2618, 207368, 59.06,0.5905699281182005,2021-12-24
GIPCL, EQ, 24-Dec-2021,79.75,80.7,80.7,78.45, 78.65,78.55,79.02,104986,82.96,1503, 55020, 52.41,0.5240698759834644,2021-12-24
GISOLUTION, BE, 24-Dec-2021,3.65,3.8,3.8,3.6, 3.60,3.6,3.62,4155,0.15,4, -, -,,2021-12-24
GKWLIMITED, EQ, 24-Dec-2021,623.45,627.7,628.0,615.15, 616.10,621.85,620.95,311,1.93,50, 231, 74.28,0.7427652733118971,2021-12-24
GLAND, EQ, 24-Dec-2021,3864.6,3865.0,3918.3,3800.0, 3880.00,3893.85,3883.12,177571,6895.3,25074, 68342, 38.49,0.38487140355125554,2021-12-24
GLAXO, EQ, 24-Dec-2021,1744.9,1753.0,1757.0,1722.55, 1729.50,1727.8,1731.56,17888,309.74,2617, 8849, 49.47,0.4946891771019678,2021-12-24
GLENMARK, EQ, 24-Dec-2021,504.45,506.45,508.5,492.45, 495.00,495.4,499.66,879263,4393.34,17709, 191236, 21.75,0.2174957890869967,2021-12-24
GLOBAL, EQ, 24-Dec-2021,48.05,48.85,57.65,47.0, 57.65,57.65,54.43,129874,70.69,833, 85405, 65.76,0.6575989035526741,2021-12-24
GLOBALVECT, EQ, 24-Dec-2021,71.45,71.95,77.0,68.5, 71.85,72.2,73.13,244166,178.56,6455, 116432, 47.69,0.47685590950418977,2021-12-24
GLOBE, EQ, 24-Dec-2021,15.35,15.9,16.0,14.95, 15.35,15.05,15.45,1770245,273.45,4058, 727660, 41.11,0.4110504478193696,2021-12-24
GLOBUSSPR, EQ, 24-Dec-2021,1261.65,1276.0,1278.95,1237.35, 1242.75,1242.3,1251.54,74781,935.91,5325, 31896, 42.65,0.42652545432663375,2021-12-24
GLS, EQ, 24-Dec-2021,608.85,608.0,608.95,602.45, 605.00,604.4,605.02,30040,181.75,3580, 16464, 54.81,0.5480692410119841,2021-12-24
GMBREW, EQ, 24-Dec-2021,766.5,766.5,797.65,749.55, 765.00,764.1,778.14,328366,2555.15,20409, 49669, 15.13,0.15126109280497982,2021-12-24
GMDCLTD, EQ, 24-Dec-2021,69.95,70.45,70.45,66.95, 68.00,67.9,68.59,596243,408.96,4078, 257393, 43.17,0.43169144124123887,2021-12-24
GMMPFAUDLR, EQ, 24-Dec-2021,4730.7,4750.0,4800.0,4711.0, 4780.00,4775.45,4780.29,40943,1957.2,7982, 19898, 48.60,0.48599272158854995,2021-12-24
GMRINFRA, EQ, 24-Dec-2021,42.6,42.9,43.0,42.15, 42.65,42.65,42.63,22562103,9618.59,47300, 12082295, 53.55,0.535512802153239,2021-12-24
GNA, EQ, 24-Dec-2021,673.05,679.7,679.7,663.0, 673.00,667.85,667.4,12073,80.58,1143, 6273, 51.96,0.5195891659073967,2021-12-24
GNFC, EQ, 24-Dec-2021,420.5,422.1,424.6,409.5, 410.05,411.1,413.54,323537,1337.95,6815, 122839, 37.97,0.37967527670714635,2021-12-24
GOACARBON, EQ, 24-Dec-2021,321.5,321.5,326.05,315.95, 322.50,322.45,320.69,10772,34.54,973, 4173, 38.74,0.38739324173783884,2021-12-24
GOCLCORP, EQ, 24-Dec-2021,299.9,302.85,319.0,294.15, 308.60,308.8,309.17,35171,108.74,1566, 13547, 38.52,0.3851752864575929,2021-12-24
GOCOLORS, EQ, 24-Dec-2021,1132.55,1115.0,1156.35,1074.75, 1129.00,1132.9,1121.51,414992,4654.18,24557, 74193, 17.88,0.17878175964837875,2021-12-24
GODFRYPHLP, EQ, 24-Dec-2021,1149.8,1155.9,1166.85,1125.0, 1135.00,1132.65,1140.0,8909,101.56,2104, 4686, 52.60,0.5259849590301942,2021-12-24
GODHA, BE, 24-Dec-2021,68.8,68.8,71.45,65.4, 65.40,65.4,66.14,5493,3.63,133, -, -,,2021-12-24
GODREJAGRO, EQ, 24-Dec-2021,532.4,540.75,555.0,530.25, 536.00,534.1,543.94,249590,1357.62,14465, 42754, 17.13,0.17129692696021476,2021-12-24
GODREJCP, EQ, 24-Dec-2021,964.8,964.8,976.0,961.1, 963.40,966.25,970.97,678167,6584.83,22294, 175225, 25.84,0.25838031045450455,2021-12-24
GODREJIND, EQ, 24-Dec-2021,620.85,623.65,639.2,613.65, 630.00,630.15,629.82,316369,1992.55,12114, 88398, 27.94,0.2794142283219911,2021-12-24
GODREJPROP, EQ, 24-Dec-2021,1875.9,1880.0,1885.0,1814.15, 1827.00,1828.7,1835.48,603674,11080.31,22210, 88607, 14.68,0.14677955320255634,2021-12-24
GOENKA, BZ, 24-Dec-2021,1.6,1.55,1.55,1.55, 1.55,1.55,1.55,371665,5.76,489, -, -,,2021-12-24
GOKEX, EQ, 24-Dec-2021,304.45,312.0,327.5,308.0, 314.35,315.35,317.59,675819,2146.33,25515, 236386, 34.98,0.34977708528466944,2021-12-24
GOKUL, EQ, 24-Dec-2021,42.05,42.45,45.8,42.4, 42.80,42.85,44.05,1748348,770.23,10946, 574510, 32.86,0.3286016285087408,2021-12-24
GOKULAGRO, EQ, 24-Dec-2021,62.5,64.0,64.0,60.65, 62.40,62.2,62.48,43632,27.26,784, 26242, 60.14,0.6014393105977265,2021-12-24
GOLDBEES, EQ, 24-Dec-2021,41.69,42.08,42.08,41.43, 41.74,41.71,41.65,1541465,641.96,8442, 1150951, 74.67,0.7466604820738713,2021-12-24
GOLDENTOBC, BE, 24-Dec-2021,132.6,135.0,135.5,126.2, 126.75,127.25,128.22,9837,12.61,245, -, -,,2021-12-24
GOLDIAM, EQ, 24-Dec-2021,793.5,792.5,799.95,772.65, 784.00,783.35,787.96,24091,189.83,2289, 13005, 53.98,0.5398281515918808,2021-12-24
GOLDSHARE, EQ, 24-Dec-2021,41.7,41.95,41.95,41.5, 41.70,41.65,41.61,76479,31.82,342, 51934, 67.91,0.6790622262320376,2021-12-24
GOLDTECH, BE, 24-Dec-2021,84.4,80.25,88.6,80.2, 88.60,88.6,85.31,175774,149.95,590, -, -,,2021-12-24
GOODLUCK, EQ, 24-Dec-2021,318.85,316.85,323.0,313.1, 321.60,321.55,319.44,143750,459.19,3698, 72637, 50.53,0.5053008695652174,2021-12-24
GOODYEAR, EQ, 24-Dec-2021,975.75,983.95,984.0,952.0, 956.00,958.1,962.88,8909,85.78,1432, 4017, 45.09,0.45089235604444944,2021-12-24
GPIL, EQ, 24-Dec-2021,248.45,252.75,254.7,248.0, 251.00,250.4,250.94,170314,427.38,3981, 85988, 50.49,0.5048792230820719,2021-12-24
GPPL, EQ, 24-Dec-2021,95.8,96.35,96.35,93.55, 94.10,93.95,94.16,480122,452.1,5702, 304052, 63.33,0.6332807078200957,2021-12-24
GPTINFRA, EQ, 24-Dec-2021,84.95,86.7,88.0,79.0, 81.30,80.7,84.08,308127,259.08,5826, 124273, 40.33,0.4033174632537882,2021-12-24
GRANULES, EQ, 24-Dec-2021,333.85,334.8,336.9,325.25, 328.00,328.6,329.99,1194629,3942.15,15948, 221370, 18.53,0.18530439157261375,2021-12-24
GRAPHITE, EQ, 24-Dec-2021,409.25,412.25,413.0,405.3, 408.25,407.45,408.22,343712,1403.11,10724, 122509, 35.64,0.3564292198119356,2021-12-24
GRASIM, EQ, 24-Dec-2021,1659.6,1660.2,1668.0,1595.25, 1611.00,1610.9,1615.73,1119890,18094.45,48167, 378995, 33.84,0.3384216306958719,2021-12-24
GRAUWEIL, EQ, 24-Dec-2021,57.5,58.0,58.3,56.75, 57.40,57.15,57.56,67212,38.69,836, 43102, 64.13,0.6412842944712254,2021-12-24
GRAVITA, EQ, 24-Dec-2021,252.85,253.0,264.5,251.45, 256.85,254.85,257.69,1227489,3163.11,24566, 332790, 27.11,0.27111444583210115,2021-12-24
GREAVESCOT, EQ, 24-Dec-2021,139.4,140.0,140.45,135.5, 135.95,136.2,137.14,696195,954.75,10608, 228979, 32.89,0.32890066719812694,2021-12-24
GREENLAM, EQ, 24-Dec-2021,1721.2,1725.0,1725.0,1681.8, 1711.00,1697.7,1701.53,9822,167.12,2187, 4759, 48.45,0.4845245367542252,2021-12-24
GREENPANEL, EQ, 24-Dec-2021,407.15,409.0,409.9,400.0, 404.00,405.1,404.99,259917,1052.65,11672, 134098, 51.59,0.5159262379913587,2021-12-24
GREENPLY, EQ, 24-Dec-2021,200.5,201.85,203.5,198.55, 202.20,201.5,201.0,184797,371.43,4786, 52917, 28.64,0.28635205116966184,2021-12-24
GREENPOWER, BE, 24-Dec-2021,14.6,15.3,15.3,15.3, 15.30,15.3,15.3,637223,97.5,1006, -, -,,2021-12-24
GRINDWELL, EQ, 24-Dec-2021,1779.0,1789.9,1793.6,1748.0, 1793.00,1782.8,1774.14,73223,1299.08,7841, 55824, 76.24,0.7623834041216557,2021-12-24
GRINFRA, EQ, 24-Dec-2021,1725.7,1738.85,1738.85,1650.0, 1667.00,1662.05,1682.11,26200,440.71,4268, 12563, 47.95,0.47950381679389315,2021-12-24
GROBTEA, EQ, 24-Dec-2021,963.4,994.0,994.0,931.2, 931.20,943.45,948.92,237,2.25,107, 151, 63.71,0.6371308016877637,2021-12-24
GRPLTD, EQ, 24-Dec-2021,1010.15,997.95,1029.0,985.7, 1000.00,1003.85,1007.64,893,9.0,150, 369, 41.32,0.4132138857782755,2021-12-24
GRSE, EQ, 24-Dec-2021,216.65,216.1,218.6,212.1, 212.85,213.55,215.1,134149,288.56,3895, 60013, 44.74,0.44736077048654854,2021-12-24
GSCLCEMENT, EQ, 24-Dec-2021,42.0,41.85,42.45,41.3, 41.35,41.45,41.56,48224,20.04,546, 32450, 67.29,0.6729014598540146,2021-12-24
GSFC, EQ, 24-Dec-2021,120.7,122.0,122.0,115.8, 116.90,116.9,117.56,632349,743.41,7260, 262534, 41.52,0.41517263409920785,2021-12-24
GSPL, EQ, 24-Dec-2021,297.1,298.5,298.6,292.05, 292.70,292.7,294.13,514265,1512.61,15192, 343614, 66.82,0.6681652455446122,2021-12-24
GSS, BE, 24-Dec-2021,122.55,125.7,125.7,118.5, 120.05,121.0,120.61,34185,41.23,308, -, -,,2021-12-24
GTL, EQ, 24-Dec-2021,18.95,19.45,19.85,18.15, 19.85,19.85,19.23,1047268,201.43,3182, 620425, 59.24,0.5924223789899051,2021-12-24
GTLINFRA, BE, 24-Dec-2021,1.75,1.7,1.8,1.7, 1.80,1.8,1.75,144422637,2533.02,33932, -, -,,2021-12-24
GTPL, EQ, 24-Dec-2021,258.55,261.1,263.2,255.0, 255.20,256.1,257.43,26252,67.58,2007, 9591, 36.53,0.3653435928691147,2021-12-24
GUFICBIO, EQ, 24-Dec-2021,213.1,216.8,233.9,211.8, 218.60,222.2,224.17,1679383,3764.69,31906, 538428, 32.06,0.32061060520441137,2021-12-24
GUJALKALI, EQ, 24-Dec-2021,635.75,636.9,638.65,621.15, 622.40,622.45,627.98,151530,951.58,6614, 21339, 14.08,0.14082359928726984,2021-12-24
GUJAPOLLO, EQ, 24-Dec-2021,202.7,205.85,206.35,201.8, 203.20,203.6,203.46,1962,3.99,204, 1192, 60.75,0.6075433231396534,2021-12-24
GUJGASLTD, EQ, 24-Dec-2021,634.1,630.0,637.0,625.75, 629.95,629.4,630.86,437526,2760.16,15421, 181656, 41.52,0.41518904019418273,2021-12-24
GUJRAFFIA, BE, 24-Dec-2021,36.2,38.0,38.0,34.5, 37.90,36.5,36.89,7314,2.7,87, -, -,,2021-12-24
GULFOILLUB, EQ, 24-Dec-2021,439.5,441.7,447.0,435.45, 440.00,439.5,439.05,41673,182.96,2200, 16377, 39.30,0.3929882657836009,2021-12-24
GULFPETRO, EQ, 24-Dec-2021,43.35,44.3,51.45,42.75, 47.50,48.05,49.19,808151,397.52,8067, 252883, 31.29,0.3129155318746125,2021-12-24
GULPOLY, BE, 24-Dec-2021,272.6,279.0,279.95,271.0, 274.30,273.95,274.98,43601,119.89,552, -, -,,2021-12-24
HAL, EQ, 24-Dec-2021,1242.5,1241.0,1244.35,1221.0, 1230.00,1230.25,1232.4,118640,1462.12,5980, 36891, 31.09,0.31094908968307483,2021-12-24
HAPPSTMNDS, BE, 24-Dec-2021,1263.15,1300.0,1326.3,1258.0, 1259.20,1259.15,1279.72,137063,1754.03,10682, -, -,,2021-12-24
HARRMALAYA, EQ, 24-Dec-2021,151.85,152.95,153.25,147.5, 147.90,147.95,149.65,23202,34.72,900, 12896, 55.58,0.5558141539522455,2021-12-24
HATHWAY, EQ, 24-Dec-2021,21.15,21.3,21.35,20.8, 21.25,21.15,21.06,2409859,507.47,7277, 798469, 33.13,0.3313343228794714,2021-12-24
HATSUN, EQ, 24-Dec-2021,1294.3,1285.0,1311.0,1282.35, 1301.40,1298.55,1300.85,22269,289.69,5020, 6125, 27.50,0.27504602811082673,2021-12-24
HAVELLS, EQ, 24-Dec-2021,1372.8,1384.8,1384.8,1354.2, 1362.00,1361.05,1365.27,559766,7642.34,22993, 234177, 41.83,0.41834802399574106,2021-12-24
HAVISHA, BE, 24-Dec-2021,2.3,2.2,2.4,2.2, 2.20,2.2,2.2,179710,3.96,301, -, -,,2021-12-24
HBANKETF, EQ, 24-Dec-2021,354.08,354.08,354.08,346.0, 349.39,349.19,347.88,1532,5.33,117, 1490, 97.26,0.9725848563968669,2021-12-24
HBLPOWER, EQ, 24-Dec-2021,60.85,61.15,61.15,59.2, 59.85,59.65,59.83,623896,373.29,4827, 202412, 32.44,0.3244322771744009,2021-12-24
HBSL, EQ, 24-Dec-2021,38.65,39.25,39.25,36.65, 37.90,37.35,37.67,10982,4.14,185, 7661, 69.76,0.6975960662902932,2021-12-24
HCC, EQ, 24-Dec-2021,14.6,14.25,15.3,14.25, 15.30,15.3,15.16,21553246,3267.28,9615, 7261233, 33.69,0.3368974213907269,2021-12-24
HCG, EQ, 24-Dec-2021,232.95,234.55,234.55,226.1, 228.05,228.55,228.96,65350,149.63,3239, 35302, 54.02,0.5401989288446825,2021-12-24
HCL-INSYS, EQ, 24-Dec-2021,18.2,18.6,18.65,17.75, 17.90,17.9,18.06,1049788,189.58,4211, 595191, 56.70,0.5669630439669724,2021-12-24
HCLTECH, EQ, 24-Dec-2021,1227.45,1262.15,1283.8,1246.15, 1262.60,1265.2,1267.39,15952929,202186.52,231975, 7541986, 47.28,0.4727649699939115,2021-12-24
HDFC, EQ, 24-Dec-2021,2571.15,2585.0,2585.0,2525.5, 2532.50,2534.55,2543.72,1033480,26288.79,53889, 541308, 52.38,0.5237721097650656,2021-12-24
HDFCAMC, EQ, 24-Dec-2021,2378.3,2389.35,2390.0,2325.4, 2352.00,2349.1,2346.46,280056,6571.41,14851, 156873, 56.01,0.5601486845488045,2021-12-24
HDFCBANK, EQ, 24-Dec-2021,1444.1,1445.5,1452.0,1428.0, 1439.45,1438.9,1438.31,2780512,39992.34,110788, 1333057, 47.94,0.47942860883175475,2021-12-24
HDFCLIFE, EQ, 24-Dec-2021,640.5,641.2,643.0,634.15, 637.50,637.35,637.65,1183083,7543.88,41048, 646655, 54.66,0.5465846436809589,2021-12-24
HDFCMFGETF, EQ, 24-Dec-2021,42.9,42.99,43.0,42.76, 42.89,42.9,42.95,1289286,553.81,763, 1232808, 95.62,0.9561943587380922,2021-12-24
HDFCNIFETF, EQ, 24-Dec-2021,178.97,180.9,183.25,179.54, 179.54,180.08,181.98,130650,237.75,533, 123247, 94.33,0.9433371603520857,2021-12-24
HDFCSENETF, EQ, 24-Dec-2021,600.36,604.8,614.0,600.0, 604.80,604.39,604.97,4310,26.07,317, 3012, 69.88,0.6988399071925754,2021-12-24
HDIL, BZ, 24-Dec-2021,5.35,5.5,5.5,5.1, 5.10,5.15,5.18,378495,19.61,646, -, -,,2021-12-24
HEALTHY, EQ, 24-Dec-2021,8.57,8.57,8.74,8.5, 8.53,8.53,8.53,61008,5.21,834, 48315, 79.19,0.7919453186467349,2021-12-24
HEG, EQ, 24-Dec-2021,1608.65,1614.45,1628.95,1577.9, 1582.90,1583.2,1593.26,68656,1093.87,7082, 16640, 24.24,0.24236774644604986,2021-12-24
HEIDELBERG, EQ, 24-Dec-2021,218.1,220.0,222.05,214.45, 217.00,216.85,217.02,126474,274.47,6630, 63094, 49.89,0.49886933282730045,2021-12-24
HEMIPROP, EQ, 24-Dec-2021,128.5,129.4,129.7,122.2, 124.05,123.95,125.13,642686,804.22,9139, 329029, 51.20,0.5119591838004873,2021-12-24
HERANBA, EQ, 24-Dec-2021,647.25,649.95,652.0,641.3, 648.00,644.5,646.03,32116,207.48,1858, 20597, 64.13,0.6413314235894881,2021-12-24
HERCULES, EQ, 24-Dec-2021,138.95,138.35,140.0,134.65, 135.95,135.8,136.72,23128,31.62,815, 15520, 67.10,0.6710480802490487,2021-12-24
HERITGFOOD, EQ, 24-Dec-2021,404.65,404.05,408.95,399.65, 401.15,401.45,403.49,57499,232.0,3325, 29954, 52.09,0.5209481904033113,2021-12-24
HEROMOTOCO, EQ, 24-Dec-2021,2392.7,2413.0,2413.0,2376.6, 2392.20,2392.45,2388.57,343453,8203.62,21265, 146463, 42.64,0.42644262824898893,2021-12-24
HESTERBIO, EQ, 24-Dec-2021,2492.0,2475.0,2550.0,2460.0, 2514.95,2502.2,2479.0,2567,63.64,705, 1372, 53.45,0.5344760420724581,2021-12-24
HEXATRADEX, EQ, 24-Dec-2021,136.4,139.15,140.35,134.1, 135.40,136.5,136.41,9342,12.74,183, 4193, 44.88,0.4488332262898737,2021-12-24
HFCL, EQ, 24-Dec-2021,78.2,78.9,79.35,76.65, 76.80,77.0,77.74,9716743,7553.8,28838, 2071356, 21.32,0.21317389993745847,2021-12-24
HGINFRA, EQ, 24-Dec-2021,593.95,595.55,599.25,590.0, 592.00,591.9,593.9,57970,344.29,5441, 37098, 64.00,0.6399516991547352,2021-12-24
HGS, EQ, 24-Dec-2021,3368.55,3372.0,3399.85,3301.4, 3315.00,3322.6,3345.27,16560,553.98,2568, 10552, 63.72,0.6371980676328503,2021-12-24
HIKAL, EQ, 24-Dec-2021,513.25,517.85,517.85,505.0, 507.00,506.6,509.22,67521,343.83,3618, 30380, 44.99,0.44993409457798317,2021-12-24
HIL, EQ, 24-Dec-2021,4378.65,4400.0,4404.2,4315.0, 4370.00,4341.8,4347.3,4079,177.33,1137, 2217, 54.35,0.543515567541064,2021-12-24
HILTON, BE, 24-Dec-2021,21.5,22.25,22.55,21.05, 22.20,22.3,22.19,68866,15.28,231, -, -,,2021-12-24
HIMATSEIDE, EQ, 24-Dec-2021,216.6,218.35,220.0,215.2, 217.00,217.45,217.43,69467,151.04,2320, 39508, 56.87,0.5687304763412844,2021-12-24
HINDALCO, EQ, 24-Dec-2021,461.3,464.0,464.4,452.85, 459.00,458.9,457.35,3122116,14278.89,38627, 269285, 8.63,0.08625079913750802,2021-12-24
HINDCOMPOS, EQ, 24-Dec-2021,295.9,298.8,304.65,295.0, 300.00,298.2,299.54,2300,6.89,208, 1315, 57.17,0.5717391304347826,2021-12-24
HINDCON, EQ, 24-Dec-2021,59.0,60.95,60.95,58.35, 58.95,59.0,59.3,12730,7.55,202, 8404, 66.02,0.6601728201099765,2021-12-24
HINDCOPPER, EQ, 24-Dec-2021,119.8,120.0,120.3,116.8, 117.90,117.65,117.84,1903275,2242.85,12753, 537155, 28.22,0.28222668820848273,2021-12-24
HINDMOTORS, BE, 24-Dec-2021,11.4,11.2,11.5,11.15, 11.45,11.4,11.33,162204,18.37,848, -, -,,2021-12-24
HINDNATGLS, EQ, 24-Dec-2021,34.85,34.9,35.4,32.15, 34.00,33.85,34.05,90557,30.84,847, 69457, 76.70,0.7669975816336672,2021-12-24
HINDOILEXP, EQ, 24-Dec-2021,180.3,181.75,183.8,178.0, 179.00,179.0,180.78,167930,303.59,2811, 89730, 53.43,0.5343297802655869,2021-12-24
HINDPETRO, EQ, 24-Dec-2021,294.8,294.9,296.0,290.1, 291.05,291.65,292.73,1499093,4388.26,17992, 596344, 39.78,0.3978032050046261,2021-12-24
HINDUNILVR, EQ, 24-Dec-2021,2300.65,2310.0,2313.0,2283.3, 2296.50,2296.95,2299.88,895503,20595.51,46821, 277716, 31.01,0.3101229141610916,2021-12-24
HINDZINC, EQ, 24-Dec-2021,315.05,317.5,317.9,312.3, 313.95,313.65,313.91,368237,1155.95,7666, 105497, 28.65,0.2864921232793011,2021-12-24
HIRECT, EQ, 24-Dec-2021,243.55,242.0,244.9,227.3, 230.00,231.55,236.53,54460,128.81,2310, 24899, 45.72,0.4571979434447301,2021-12-24
HISARMETAL, EQ, 24-Dec-2021,117.95,117.65,118.0,114.15, 118.00,117.9,116.61,6916,8.06,318, 2632, 38.06,0.3805668016194332,2021-12-24
HITECH, EQ, 24-Dec-2021,513.15,522.0,525.25,497.05, 499.00,502.3,511.81,50192,256.89,2562, 29729, 59.23,0.5923055467006695,2021-12-24
HITECHCORP, EQ, 24-Dec-2021,289.65,293.85,293.85,277.9, 288.70,286.35,285.17,20006,57.05,1136, 10925, 54.61,0.5460861741477556,2021-12-24
HITECHGEAR, EQ, 24-Dec-2021,249.8,252.0,257.95,248.1, 251.00,250.55,251.87,8488,21.38,311, 4854, 57.19,0.57186616399623,2021-12-24
HLEGLAS, EQ, 24-Dec-2021,5696.15,5798.9,5798.9,5596.0, 5736.10,5733.8,5681.0,7114,404.15,2113, 2716, 38.18,0.3817824008996345,2021-12-24
HLVLTD, BE, 24-Dec-2021,9.85,9.7,9.95,9.65, 9.80,9.8,9.75,74171,7.23,324, -, -,,2021-12-24
HMT, BZ, 24-Dec-2021,27.65,27.95,27.95,27.1, 27.90,27.8,27.5,6828,1.88,42, -, -,,2021-12-24
HMVL, EQ, 24-Dec-2021,68.5,68.55,69.8,68.0, 68.85,68.8,68.87,40302,27.76,794, 29452, 73.08,0.7307825914346683,2021-12-24
HNDFDS, EQ, 24-Dec-2021,1866.6,1889.95,1889.95,1846.6, 1860.00,1857.45,1859.95,3235,60.17,749, 1785, 55.18,0.5517774343122102,2021-12-24
HNGSNGBEES, EQ, 24-Dec-2021,302.45,302.45,304.98,301.1, 303.15,303.09,302.72,2162,6.54,109, 1570, 72.62,0.7261794634597595,2021-12-24
HOMEFIRST, EQ, 24-Dec-2021,833.25,834.95,834.95,811.25, 816.00,816.2,817.73,27699,226.5,3224, 7483, 27.02,0.27015415718979024,2021-12-24
HONAUT, EQ, 24-Dec-2021,40058.4,40449.0,40449.0,39786.0, 40200.00,40165.4,40063.43,1222,489.58,802, 419, 34.29,0.34288052373158756,2021-12-24
HONDAPOWER, EQ, 24-Dec-2021,1310.35,1316.9,1318.1,1301.0, 1301.00,1301.6,1307.59,1815,23.73,299, 697, 38.40,0.3840220385674931,2021-12-24
HOVS, EQ, 24-Dec-2021,60.7,63.6,63.6,59.5, 61.35,60.9,61.2,33328,20.4,1646, 10022, 30.07,0.3007081132981277,2021-12-24
HPL, EQ, 24-Dec-2021,68.1,69.0,69.5,66.8, 67.00,67.1,67.53,92926,62.75,1920, 42342, 45.57,0.45565288509136304,2021-12-24
HSCL, EQ, 24-Dec-2021,43.5,43.75,43.75,42.5, 42.95,42.95,42.97,1599598,687.39,7832, 637996, 39.88,0.3988477104872599,2021-12-24
HSIL, EQ, 24-Dec-2021,205.6,207.3,211.0,203.55, 206.20,207.0,207.53,81874,169.91,3163, 26342, 32.17,0.32173828077289496,2021-12-24
HTMEDIA, EQ, 24-Dec-2021,25.15,25.5,25.75,25.05, 25.10,25.15,25.39,226700,57.56,1004, 93732, 41.35,0.41346272606969564,2021-12-24
HUBTOWN, EQ, 24-Dec-2021,55.0,57.0,57.0,52.25, 52.25,52.25,53.08,655882,348.11,1588, 475160, 72.45,0.7244595826688337,2021-12-24
HUDCO, EQ, 24-Dec-2021,39.75,40.0,40.0,38.95, 39.10,39.05,39.22,979541,384.18,4757, 470405, 48.02,0.480230026104063,2021-12-24
HUHTAMAKI, EQ, 24-Dec-2021,211.7,212.15,214.5,211.1, 211.50,211.5,212.06,19837,42.07,948, 13105, 66.06,0.6606341684730554,2021-12-24
IBMFNIFTY, EQ, 24-Dec-2021,181.52,185.0,185.9,176.5, 181.00,181.0,182.04,704,1.28,100, 182, 25.85,0.2585227272727273,2021-12-24
IBREALEST, EQ, 24-Dec-2021,159.95,160.8,163.25,156.4, 160.90,161.25,160.45,9385046,15057.92,48914, 2052079, 21.87,0.21865412273951562,2021-12-24
IBULHSGFIN, EQ, 24-Dec-2021,224.1,225.2,225.65,218.1, 219.60,219.75,220.81,9347934,20641.15,56893, 2295971, 24.56,0.245612666927259,2021-12-24
ICDSLTD, BE, 24-Dec-2021,46.1,47.5,48.0,44.05, 46.10,47.1,47.01,2318,1.09,45, -, -,,2021-12-24
ICEMAKE, EQ, 24-Dec-2021,72.55,74.25,76.0,71.4, 73.25,73.3,73.4,24729,18.15,423, 15551, 62.89,0.6288568077965142,2021-12-24
ICICI500, EQ, 24-Dec-2021,24.36,24.36,24.6,24.07, 24.16,24.22,24.23,38111,9.23,340, 34818, 91.36,0.913594500275511,2021-12-24
ICICIALPLV, EQ, 24-Dec-2021,175.05,177.49,177.8,174.65, 175.25,175.24,175.0,26020,45.53,209, 19160, 73.64,0.7363566487317448,2021-12-24
ICICIB22, EQ, 24-Dec-2021,44.47,44.74,44.74,43.7, 43.80,44.18,44.04,108730,47.89,1081, 72374, 66.56,0.6656304607743952,2021-12-24
ICICIBANK, EQ, 24-Dec-2021,731.3,733.9,733.9,719.6, 728.00,727.1,725.74,8800690,63870.38,201257, 4489317, 51.01,0.510109661856059,2021-12-24
ICICIBANKN, EQ, 24-Dec-2021,349.89,351.47,351.47,344.23, 346.88,346.95,348.14,434738,1513.48,202, 1956, 0.45,0.004499261624242647,2021-12-24
ICICIBANKP, EQ, 24-Dec-2021,177.0,177.0,177.0,173.31, 175.60,175.12,174.56,63602,111.02,196, 18882, 29.69,0.2968774566837521,2021-12-24
ICICICONSU, EQ, 24-Dec-2021,69.14,73.85,81.95,67.6, 68.65,68.68,69.72,1012,0.71,126, 154, 15.22,0.15217391304347827,2021-12-24
ICICIFMCG, EQ, 24-Dec-2021,370.46,371.0,374.99,369.59, 370.74,370.6,370.69,3619,13.42,75, 3515, 97.13,0.971262779773418,2021-12-24
ICICIGI, EQ, 24-Dec-2021,1353.85,1360.0,1361.5,1335.1, 1340.60,1340.35,1342.52,234118,3143.09,24485, 118214, 50.49,0.5049334096481262,2021-12-24
ICICIGOLD, EQ, 24-Dec-2021,42.88,42.58,43.02,42.58, 42.89,42.9,42.89,304921,130.79,2565, 282831, 92.76,0.9275550060507476,2021-12-24
ICICILIQ, EQ, 24-Dec-2021,999.99,999.96,1000.0,999.96, 1000.00,1000.0,1000.0,36968,369.68,87, 36689, 99.25,0.9924529322657434,2021-12-24
ICICILOVOL, EQ, 24-Dec-2021,137.55,137.37,138.05,136.02, 137.00,137.16,137.14,120910,165.81,722, 102411, 84.70,0.8470019022413365,2021-12-24
ICICIM150, EQ, 24-Dec-2021,114.9,115.9,115.9,113.51, 113.89,113.83,113.94,5192,5.92,332, 4429, 85.30,0.8530431432973806,2021-12-24
ICICIMCAP, EQ, 24-Dec-2021,102.54,105.7,105.7,99.5, 101.40,101.45,101.62,3668,3.73,235, 2830, 77.15,0.7715376226826608,2021-12-24
ICICINF100, EQ, 24-Dec-2021,185.92,188.49,188.9,185.15, 187.59,187.4,187.49,49724,93.23,350, 34094, 68.57,0.6856648700828574,2021-12-24
ICICINIFTY, EQ, 24-Dec-2021,182.82,193.8,193.8,181.1, 182.56,182.27,182.12,181381,330.32,3845, 143976, 79.38,0.7937766359210722,2021-12-24
ICICINV20, EQ, 24-Dec-2021,95.66,96.4,96.4,95.01, 95.88,95.81,95.61,12590,12.04,721, 8327, 66.14,0.6613979348689436,2021-12-24
ICICINXT50, EQ, 24-Dec-2021,42.67,43.45,43.45,42.41, 42.46,42.46,42.52,17810,7.57,575, 15038, 84.44,0.8443571027512633,2021-12-24
ICICIPHARM, EQ, 24-Dec-2021,85.92,85.75,85.89,84.92, 85.25,85.25,85.43,62876,53.72,188, 23636, 37.59,0.3759144983777594,2021-12-24
ICICIPRULI, EQ, 24-Dec-2021,562.65,565.0,567.0,555.0, 565.00,564.35,561.53,771191,4330.45,15356, 265865, 34.47,0.34474598380945837,2021-12-24
ICICISENSX, EQ, 24-Dec-2021,623.15,628.99,628.99,617.01, 621.00,621.78,621.11,1211,7.52,96, 667, 55.08,0.550784475639967,2021-12-24
ICICITECH, EQ, 24-Dec-2021,381.62,385.0,388.5,382.11, 388.50,387.39,386.57,1540282,5954.27,2079, 1507442, 97.87,0.9786792288684799,2021-12-24
ICIL, EQ, 24-Dec-2021,234.25,236.3,240.9,234.5, 239.80,238.9,237.42,231456,549.53,4741, 83424, 36.04,0.3604313562836997,2021-12-24
ICRA, EQ, 24-Dec-2021,3396.05,3425.0,3458.95,3365.0, 3399.40,3406.65,3393.86,14262,484.03,551, 13335, 93.50,0.9350021034917964,2021-12-24
IDBI, EQ, 24-Dec-2021,47.85,48.0,48.4,46.7, 47.25,46.95,47.29,8242270,3897.99,15329, 1784900, 21.66,0.21655442008087578,2021-12-24
IDBIGOLD, EQ, 24-Dec-2021,4438.35,4465.95,4465.95,4405.05, 4435.00,4454.0,4453.26,65,2.89,17, 54, 83.08,0.8307692307692308,2021-12-24
IDEA, EQ, 24-Dec-2021,13.8,13.85,14.1,13.4, 13.50,13.65,13.72,248366228,34080.9,150209, 81729136, 32.91,0.32906702597262943,2021-12-24
IDFC, EQ, 24-Dec-2021,52.65,53.0,53.05,50.55, 52.05,52.0,51.72,5603318,2898.23,13275, 2407342, 42.96,0.4296279454423254,2021-12-24
IDFCFIRSTB, EQ, 24-Dec-2021,47.7,47.9,47.95,46.7, 47.00,46.9,47.13,17261052,8134.92,28219, 2997926, 17.37,0.1736815345901281,2021-12-24
IDFNIFTYET, EQ, 24-Dec-2021,179.19,179.5,179.5,177.68, 178.24,178.24,178.9,222,0.4,14, 111, 50.00,0.5,2021-12-24
IEX, EQ, 24-Dec-2021,255.5,256.8,258.5,250.0, 251.05,250.75,251.71,10588760,26652.54,117938, 2834143, 26.77,0.26765579727937927,2021-12-24
IFBAGRO, EQ, 24-Dec-2021,623.45,636.0,639.8,618.1, 639.80,634.55,630.27,6630,41.79,450, 4176, 62.99,0.6298642533936651,2021-12-24
IFBIND, EQ, 24-Dec-2021,1119.4,1125.95,1138.65,1105.8, 1130.00,1124.7,1123.77,3381,37.99,723, 1731, 51.20,0.5119787045252884,2021-12-24
IFCI, EQ, 24-Dec-2021,15.9,16.05,16.05,15.4, 15.55,15.55,15.64,5861669,916.71,19268, 1656419, 28.26,0.2825848747174226,2021-12-24
IFGLEXPOR, EQ, 24-Dec-2021,291.1,291.5,294.9,287.95, 294.50,293.1,290.25,82184,238.54,866, 74230, 90.32,0.9032171712255427,2021-12-24
IGARASHI, EQ, 24-Dec-2021,487.05,488.9,489.9,478.45, 480.15,482.55,484.84,25098,121.69,1503, 12484, 49.74,0.4974101522033628,2021-12-24
IGL, EQ, 24-Dec-2021,499.5,501.0,502.0,489.2, 493.70,494.25,493.3,1173194,5787.36,16776, 450566, 38.41,0.3840507196593232,2021-12-24
IGPL, EQ, 24-Dec-2021,678.4,678.4,684.8,667.1, 681.95,678.75,674.92,33136,223.64,3307, 13336, 40.25,0.4024625784645099,2021-12-24
IIFL, EQ, 24-Dec-2021,284.6,286.4,286.4,270.4, 271.95,271.45,274.52,554307,1521.69,6618, 403549, 72.80,0.7280243619510488,2021-12-24
IIFLSEC, EQ, 24-Dec-2021,88.95,89.85,89.9,87.55, 89.50,87.95,88.24,109033,96.21,5050, 48212, 44.22,0.44217805618482475,2021-12-24
IIFLWAM, EQ, 24-Dec-2021,1416.95,1414.7,1414.7,1383.05, 1405.00,1407.2,1398.78,35966,503.09,5657, 17220, 47.88,0.47878551965745425,2021-12-24
IITL, BE, 24-Dec-2021,75.5,79.25,79.25,74.0, 76.05,76.05,79.23,1835,1.45,21, -, -,,2021-12-24
IL&FSENGG, BZ, 24-Dec-2021,5.8,5.65,5.8,5.6, 5.60,5.6,5.64,57368,3.23,70, -, -,,2021-12-24
IL&FSTRANS, BZ, 24-Dec-2021,4.85,5.05,5.05,4.75, 4.95,4.95,4.98,63851,3.18,123, -, -,,2021-12-24
IMAGICAA, BE, 24-Dec-2021,10.8,10.8,11.3,10.6, 11.30,11.2,10.99,82861,9.1,289, -, -,,2021-12-24
IMFA, EQ, 24-Dec-2021,882.9,900.0,908.2,875.05, 895.60,893.05,890.89,56624,504.45,3819, 26075, 46.05,0.46049378355467646,2021-12-24
IMPAL, EQ, 24-Dec-2021,773.05,770.75,782.0,765.0, 774.00,774.2,771.34,3699,28.53,327, 2529, 68.37,0.683698296836983,2021-12-24
INCREDIBLE, EQ, 24-Dec-2021,23.75,24.7,24.7,23.55, 23.95,23.95,23.89,10112,2.42,152, 6765, 66.90,0.6690071202531646,2021-12-24
INDBANK, EQ, 24-Dec-2021,22.15,22.65,22.65,21.6, 21.85,21.9,22.07,52113,11.5,340, 34871, 66.91,0.6691420566845125,2021-12-24
INDHOTEL, EQ, 24-Dec-2021,180.25,180.5,181.4,175.0, 176.50,176.65,176.95,4646074,8221.27,29516, 636420, 13.70,0.13698016863269935,2021-12-24
INDIACEM, EQ, 24-Dec-2021,187.8,189.0,189.25,181.7, 184.50,184.4,185.01,3393814,6278.78,22434, 348427, 10.27,0.10266531990262283,2021-12-24
INDIAGLYCO, EQ, 24-Dec-2021,790.35,794.8,820.55,764.0, 784.60,786.95,796.16,163331,1300.38,12176, 78731, 48.20,0.48203341680391354,2021-12-24
INDIAMART, EQ, 24-Dec-2021,6568.5,6620.0,6697.0,6435.0, 6440.00,6448.85,6492.3,80424,5221.36,16219, 31524, 39.20,0.39197254550880334,2021-12-24
INDIANB, EQ, 24-Dec-2021,141.5,142.0,142.5,137.05, 137.70,137.55,138.6,2120048,2938.36,15575, 787621, 37.15,0.3715109280544591,2021-12-24
INDIANCARD, EQ, 24-Dec-2021,205.05,202.0,225.55,201.4, 216.75,213.45,217.18,37614,81.69,1485, 15126, 40.21,0.40213750199393844,2021-12-24
INDIANHUME, EQ, 24-Dec-2021,183.4,184.0,184.7,180.15, 184.00,181.8,181.55,17316,31.44,468, 10761, 62.14,0.6214483714483714,2021-12-24
INDIGO, EQ, 24-Dec-2021,1969.65,1989.0,1990.0,1947.1, 1965.55,1967.6,1966.18,679232,13354.92,31331, 160584, 23.64,0.2364199566569302,2021-12-24
INDIGOPNTS, EQ, 24-Dec-2021,1954.1,1960.0,1967.9,1905.05, 1930.00,1914.15,1918.9,25649,492.18,5155, 13033, 50.81,0.5081289718897423,2021-12-24
INDLMETER, EQ, 24-Dec-2021,23.45,22.3,22.3,22.3, 22.30,22.3,22.3,28259,6.3,182, 28259, 100.00,1.0,2021-12-24
INDNIPPON, EQ, 24-Dec-2021,366.0,362.95,369.45,353.1, 356.95,356.7,357.33,12544,44.82,659, 7376, 58.80,0.5880102040816326,2021-12-24
INDOCO, EQ, 24-Dec-2021,418.75,420.0,425.25,413.45, 420.00,422.0,418.65,61341,256.81,3410, 23772, 38.75,0.3875385142074632,2021-12-24
INDORAMA, EQ, 24-Dec-2021,53.05,53.1,53.55,51.1, 52.35,52.25,52.79,69653,36.77,925, 41088, 58.99,0.5898956254576256,2021-12-24
INDOSOLAR, BZ, 24-Dec-2021,6.0,6.3,6.3,6.3, 6.30,6.3,6.3,236809,14.92,108, -, -,,2021-12-24
INDOSTAR, EQ, 24-Dec-2021,237.85,239.05,239.05,230.8, 234.60,233.3,233.68,48955,114.4,2120, 28486, 58.19,0.5818813195792054,2021-12-24
INDOTECH, EQ, 24-Dec-2021,222.1,224.7,228.05,206.2, 214.50,214.25,219.12,21620,47.37,992, 8921, 41.26,0.41262719703977796,2021-12-24
INDOTHAI, EQ, 24-Dec-2021,263.35,276.5,276.5,276.5, 276.50,276.5,276.5,10247,28.33,105, 10246, 99.99,0.9999024104615986,2021-12-24
INDOWIND, BE, 24-Dec-2021,30.05,31.55,31.55,31.55, 31.55,31.55,31.55,224353,70.78,1026, -, -,,2021-12-24
INDRAMEDCO, EQ, 24-Dec-2021,74.05,74.8,74.8,73.4, 73.95,73.65,73.84,81270,60.01,1367, 35578, 43.78,0.4377753168450843,2021-12-24
INDSWFTLAB, EQ, 24-Dec-2021,68.2,69.0,69.0,66.6, 67.70,67.4,67.41,70694,47.65,1032, 38473, 54.42,0.54421874557954,2021-12-24
INDSWFTLTD, EQ, 24-Dec-2021,12.95,13.5,13.5,12.35, 12.40,12.4,12.67,105554,13.37,384, 56589, 53.61,0.5361142164200314,2021-12-24
INDTERRAIN, EQ, 24-Dec-2021,60.6,61.0,62.6,60.15, 60.60,60.7,61.39,272184,167.1,2870, 127412, 46.81,0.46810980807101077,2021-12-24
INDUSINDBK, EQ, 24-Dec-2021,871.1,878.0,878.8,846.8, 860.85,861.15,856.62,3462247,29658.27,73152, 512747, 14.81,0.14809659738314454,2021-12-24
INDUSTOWER, EQ, 24-Dec-2021,253.55,255.0,255.0,248.2, 249.05,249.8,250.21,1020469,2553.29,14604, 352372, 34.53,0.3453039729771311,2021-12-24
INEOSSTYRO, EQ, 24-Dec-2021,1296.5,1305.95,1318.65,1280.1, 1288.00,1295.9,1301.79,10801,140.61,1878, 6347, 58.76,0.5876307749282473,2021-12-24
INFIBEAM, EQ, 24-Dec-2021,39.95,40.1,40.25,39.35, 39.50,39.5,39.66,1557539,617.78,12756, 657822, 42.23,0.4223470487737386,2021-12-24
INFOBEAN, EQ, 24-Dec-2021,407.45,410.0,420.0,401.0, 404.90,404.4,411.28,31407,129.17,781, 11024, 35.10,0.3510045531250995,2021-12-24
INFRABEES, EQ, 24-Dec-2021,511.25,506.11,512.55,500.2, 506.00,506.73,506.02,861,4.36,98, 747, 86.76,0.867595818815331,2021-12-24
INFY, EQ, 24-Dec-2021,1857.6,1872.95,1875.75,1854.0, 1863.40,1863.5,1864.33,3780347,70477.97,119651, 1799119, 47.59,0.4759137190316127,2021-12-24
INGERRAND, EQ, 24-Dec-2021,1185.45,1191.15,1196.85,1149.0, 1172.70,1170.05,1168.29,13150,153.63,2765, 6329, 48.13,0.48129277566539924,2021-12-24
INOXLEISUR, EQ, 24-Dec-2021,372.5,380.0,380.0,363.9, 367.00,367.55,369.45,444347,1641.62,13259, 95508, 21.49,0.21494012562254275,2021-12-24
INOXWIND, EQ, 24-Dec-2021,115.7,117.8,117.85,115.85, 116.70,117.0,116.9,652173,762.41,4350, 293394, 44.99,0.4498714298200017,2021-12-24
INSECTICID, EQ, 24-Dec-2021,648.25,648.7,665.15,640.4, 659.95,657.0,649.86,30222,196.4,1758, 4378, 14.49,0.14486135927470056,2021-12-24
INSPIRISYS, BE, 24-Dec-2021,65.6,68.5,68.85,64.0, 66.00,66.45,66.48,28121,18.69,253, -, -,,2021-12-24
INTELLECT, EQ, 24-Dec-2021,674.7,680.7,683.7,666.25, 672.80,670.25,675.99,112630,761.37,5898, 42331, 37.58,0.37584125011098285,2021-12-24
INTENTECH, EQ, 24-Dec-2021,72.9,72.15,75.5,71.85, 72.75,72.65,73.57,50309,37.01,836, 33737, 67.06,0.6705957184599177,2021-12-24
INTLCONV, EQ, 24-Dec-2021,71.6,73.0,73.0,70.0, 71.30,71.35,71.09,77541,55.12,2582, 41993, 54.16,0.5415586592899241,2021-12-24
INVENTURE, EQ, 24-Dec-2021,2.6,2.6,2.65,2.5, 2.55,2.55,2.57,8923128,229.62,3975, 4436826, 49.72,0.4972276538003265,2021-12-24
IOB, EQ, 24-Dec-2021,20.2,20.2,21.85,19.95, 20.85,20.8,20.86,11675536,2435.58,15110, 2190891, 18.76,0.1876480017705397,2021-12-24
IOC, EQ, 24-Dec-2021,112.15,113.45,113.5,109.8, 110.30,110.25,111.01,11602146,12880.12,65246, 3704128, 31.93,0.31926231578192515,2021-12-24
IOLCP, EQ, 24-Dec-2021,468.15,468.15,471.7,458.1, 464.85,463.75,463.87,233932,1085.14,9306, 66981, 28.63,0.28632679582100784,2021-12-24
IPCALAB, EQ, 24-Dec-2021,2032.15,2040.0,2049.15,2014.0, 2020.35,2023.05,2025.39,107422,2175.71,6831, 39972, 37.21,0.372102548826125,2021-12-24
IPL, EQ, 24-Dec-2021,322.1,321.1,327.6,317.6, 320.10,320.4,323.06,335272,1083.14,7467, 177607, 52.97,0.529740031974039,2021-12-24
IRB, EQ, 24-Dec-2021,209.55,210.05,210.7,205.5, 206.00,206.6,207.49,746541,1548.98,7205, 378369, 50.68,0.5068294976431301,2021-12-24
IRCON, EQ, 24-Dec-2021,44.85,45.15,45.2,44.55, 44.85,44.85,44.87,749466,336.29,5345, 316352, 42.21,0.42210320414802005,2021-12-24
IRCTC, EQ, 24-Dec-2021,841.35,841.0,842.8,828.5, 837.20,837.2,835.9,2502607,20919.19,54948, 756668, 30.24,0.30235190743093104,2021-12-24
IRFC, EQ, 24-Dec-2021,22.9,22.85,22.85,22.45, 22.55,22.55,22.59,6593200,1489.12,17761, 3705980, 56.21,0.5620912455256931,2021-12-24
IRIS, EQ, 24-Dec-2021,128.75,134.8,137.95,130.05, 133.25,133.6,135.88,38209,51.92,960, 22220, 58.15,0.5815383810097098,2021-12-24
IRISDOREME, EQ, 24-Dec-2021,205.2,205.9,205.9,203.05, 205.90,205.9,205.34,1689,3.47,199, 579, 34.28,0.3428063943161634,2021-12-24
ISEC, EQ, 24-Dec-2021,752.15,759.0,764.95,749.0, 758.00,758.55,757.57,148195,1122.67,7994, 63778, 43.04,0.4303653969432167,2021-12-24
ISFT, EQ, 24-Dec-2021,221.2,227.9,229.0,219.0, 222.60,224.5,223.01,71632,159.75,1549, 41935, 58.54,0.5854227161045343,2021-12-24
ISGEC, EQ, 24-Dec-2021,563.9,584.5,669.0,574.0, 646.00,654.45,628.96,1865061,11730.51,69424, 300059, 16.09,0.16088428206905833,2021-12-24
ISMTLTD, EQ, 24-Dec-2021,64.5,66.2,67.7,65.55, 67.70,67.7,67.24,972015,653.58,3029, 568700, 58.51,0.5850732756181746,2021-12-24
ITC, EQ, 24-Dec-2021,217.3,218.0,220.45,216.45, 218.00,218.0,218.36,16581585,36207.77,103848, 5723522, 34.52,0.34517339566754324,2021-12-24
ITDC, EQ, 24-Dec-2021,360.15,362.7,362.7,355.05, 356.10,357.25,357.4,19895,71.11,1077, 5316, 26.72,0.2672028147775823,2021-12-24
ITDCEM, EQ, 24-Dec-2021,77.7,78.1,78.15,76.0, 76.75,76.6,76.83,184897,142.05,2227, 92546, 50.05,0.5005273206163432,2021-12-24
ITI, EQ, 24-Dec-2021,115.0,115.85,118.4,113.8, 117.10,116.1,115.9,529507,613.7,9029, 90217, 17.04,0.1703792395567953,2021-12-24
IVC, EQ, 24-Dec-2021,8.8,9.0,9.0,8.45, 8.60,8.6,8.65,387199,33.47,795, 267409, 69.06,0.6906242009922546,2021-12-24
IVP, EQ, 24-Dec-2021,119.95,120.15,120.95,117.0, 118.00,117.95,118.15,10101,11.93,171, 7481, 74.06,0.7406197406197407,2021-12-24
IVZINGOLD, EQ, 24-Dec-2021,4297.75,4319.85,4320.0,4311.0, 4311.05,4314.05,4314.24,11,0.47,5, 8, 72.73,0.7272727272727273,2021-12-24
IWEL, BE, 24-Dec-2021,803.4,820.0,820.0,776.0, 799.80,786.25,794.92,373,2.97,31, -, -,,2021-12-24
IZMO, EQ, 24-Dec-2021,77.35,79.5,85.05,75.0, 84.90,84.5,82.62,402160,332.25,3387, 179017, 44.51,0.44513875074597176,2021-12-24
J&KBANK, EQ, 24-Dec-2021,36.5,36.8,36.8,35.6, 35.90,35.75,35.95,1560694,561.01,4981, 568393, 36.42,0.36419246822247026,2021-12-24
JAGRAN, EQ, 24-Dec-2021,59.85,61.0,61.0,59.25, 59.60,59.8,59.83,100585,60.18,1344, 67838, 67.44,0.6744345578366555,2021-12-24
JAGSNPHARM, EQ, 24-Dec-2021,158.5,160.3,160.3,154.0, 155.75,155.7,156.32,46801,73.16,1196, 32052, 68.49,0.6848571611717699,2021-12-24
JAIBALAJI, EQ, 24-Dec-2021,55.1,56.5,56.9,54.6, 54.60,54.95,55.37,12842,7.11,212, 9934, 77.36,0.7735555209468931,2021-12-24
JAICORPLTD, EQ, 24-Dec-2021,123.2,123.5,123.8,120.2, 121.35,121.05,121.75,1085806,1322.01,8303, 181016, 16.67,0.16671118045028302,2021-12-24
JAINSTUDIO, BZ, 24-Dec-2021,2.45,2.4,2.5,2.35, 2.50,2.5,2.45,8854,0.22,28, -, -,,2021-12-24
JAIPURKURT, EQ, 24-Dec-2021,95.35,96.8,100.1,95.2, 100.10,100.1,98.15,45493,44.65,324, 24893, 54.72,0.5471830831116875,2021-12-24
JAMNAAUTO, EQ, 24-Dec-2021,100.9,101.0,101.5,99.8, 100.65,100.5,100.37,404831,406.34,5055, 193479, 47.79,0.47792535650678925,2021-12-24
JASH, EQ, 24-Dec-2021,439.4,446.0,446.0,435.0, 435.00,435.85,436.97,11611,50.74,400, 9971, 85.88,0.8587546292309017,2021-12-24
JAYAGROGN, EQ, 24-Dec-2021,202.95,204.7,207.1,201.0, 205.40,204.5,204.23,22710,46.38,642, 15208, 66.97,0.6696609423161602,2021-12-24
JAYBARMARU, EQ, 24-Dec-2021,172.0,174.0,178.1,168.8, 175.95,174.75,173.71,30632,53.21,871, 12845, 41.93,0.4193327239488117,2021-12-24
JAYNECOIND, BE, 24-Dec-2021,25.0,25.5,25.5,24.1, 24.90,24.9,24.85,90354,22.46,274, -, -,,2021-12-24
JAYSREETEA, EQ, 24-Dec-2021,97.3,97.8,97.8,95.2, 96.00,96.1,96.33,13179,12.69,446, 9215, 69.92,0.6992184536004249,2021-12-24
JBCHEPHARM, EQ, 24-Dec-2021,1701.1,1708.8,1719.8,1619.25, 1695.00,1681.55,1665.47,215231,3584.62,14645, 69015, 32.07,0.32065548178468717,2021-12-24
JBFIND, BE, 24-Dec-2021,19.5,19.85,20.45,19.1, 20.45,20.4,20.11,419536,84.38,603, -, -,,2021-12-24
JBMA, EQ, 24-Dec-2021,1082.05,1083.0,1092.0,1055.3, 1060.00,1065.85,1070.86,42463,454.72,4445, 13792, 32.48,0.3248004144784872,2021-12-24
JCHAC, EQ, 24-Dec-2021,2127.75,2125.65,2143.75,2042.0, 2043.05,2066.75,2103.83,71134,1496.54,3726, 60704, 85.34,0.8533753198189333,2021-12-24
JETAIRWAYS, BZ, 24-Dec-2021,88.5,89.85,89.85,87.0, 88.90,88.75,88.51,23758,21.03,731, -, -,,2021-12-24
JETFREIGHT, EQ, 24-Dec-2021,52.9,55.5,55.5,50.3, 50.30,50.3,51.75,36035,18.65,547, 26363, 73.16,0.7315942833356459,2021-12-24
JHS, EQ, 24-Dec-2021,22.8,23.2,23.55,22.5, 22.90,22.7,22.84,85532,19.53,569, 56713, 66.31,0.663061778047982,2021-12-24
JINDALPHOT, EQ, 24-Dec-2021,272.05,281.0,282.75,258.6, 260.00,261.8,268.46,67844,182.13,2823, 33303, 49.09,0.4908761275868168,2021-12-24
JINDALPOLY, EQ, 24-Dec-2021,1018.3,1034.0,1039.85,1001.5, 1003.00,1005.4,1014.43,44105,447.42,3360, 17040, 38.64,0.38635075388277973,2021-12-24
JINDALSAW, EQ, 24-Dec-2021,103.8,104.35,104.35,101.1, 102.05,101.75,102.03,807340,823.72,5907, 250058, 30.97,0.309730720638145,2021-12-24
JINDALSTEL, EQ, 24-Dec-2021,385.55,386.0,387.55,377.85, 383.40,384.3,382.42,3293420,12594.6,39821, 637878, 19.37,0.19368255491252254,2021-12-24
JINDRILL, EQ, 24-Dec-2021,130.0,130.0,131.3,126.35, 126.55,127.35,127.61,14134,18.04,434, 7150, 50.59,0.505872364511108,2021-12-24
JINDWORLD, EQ, 24-Dec-2021,210.05,210.0,214.7,204.1, 208.40,208.15,208.53,105679,220.37,4882, 54506, 51.58,0.5157694527768052,2021-12-24
JISLDVREQS, BE, 24-Dec-2021,23.0,23.7,23.7,21.9, 22.20,22.3,22.58,20622,4.66,84, -, -,,2021-12-24
JISLJALEQS, EQ, 24-Dec-2021,39.55,40.0,40.05,38.6, 39.05,39.0,39.08,1217796,475.96,4297, 679381, 55.79,0.5578775098620787,2021-12-24
JITFINFRA, BE, 24-Dec-2021,133.95,138.1,138.1,127.3, 128.00,128.0,131.02,35322,46.28,430, -, -,,2021-12-24
JKCEMENT, EQ, 24-Dec-2021,3494.45,3529.0,3529.0,3424.15, 3424.15,3437.75,3473.37,23924,830.97,4438, 3849, 16.09,0.16088446748035445,2021-12-24
JKIL, EQ, 24-Dec-2021,165.4,165.55,166.0,162.2, 164.90,163.9,164.47,97065,159.64,4233, 42452, 43.74,0.43735641065265546,2021-12-24
JKLAKSHMI, EQ, 24-Dec-2021,541.8,543.0,555.0,537.2, 550.50,550.7,550.69,157747,868.69,8616, 42776, 27.12,0.2711683898901405,2021-12-24
JKPAPER, EQ, 24-Dec-2021,203.05,203.2,204.65,198.25, 199.20,200.15,200.1,301764,603.84,5073, 95870, 31.77,0.31769859890510466,2021-12-24
JKTYRE, EQ, 24-Dec-2021,135.9,136.2,136.3,133.0, 133.60,133.55,134.07,310396,416.14,4788, 97682, 31.47,0.31470122037655124,2021-12-24
JMA, EQ, 24-Dec-2021,67.8,68.7,68.7,65.7, 66.15,66.4,66.79,9617,6.42,280, 6835, 71.07,0.7107205989393782,2021-12-24
JMCPROJECT, EQ, 24-Dec-2021,90.85,93.45,93.45,89.35, 90.00,90.3,90.4,50756,45.88,1119, 25145, 49.54,0.4954094097249586,2021-12-24
JMFINANCIL, EQ, 24-Dec-2021,73.0,73.3,74.25,72.2, 73.10,73.2,72.92,611192,445.65,3659, 282953, 46.30,0.4629527218942656,2021-12-24
JOCIL, EQ, 24-Dec-2021,194.35,196.25,196.55,184.5, 186.80,185.9,189.85,15468,29.37,658, 10532, 68.09,0.6808895784846134,2021-12-24
JPASSOCIAT, EQ, 24-Dec-2021,9.55,9.7,9.85,9.3, 9.45,9.45,9.55,6959689,664.35,20491, 2982524, 42.85,0.4285427121815357,2021-12-24
JPINFRATEC, EQ, 24-Dec-2021,2.75,2.85,2.85,2.65, 2.75,2.7,2.78,13375303,371.69,31114, 6866514, 51.34,0.513372594250762,2021-12-24
JPOLYINVST, BE, 24-Dec-2021,292.15,277.55,300.0,277.55, 289.45,284.75,281.83,37786,106.49,380, -, -,,2021-12-24
JPPOWER, EQ, 24-Dec-2021,5.6,5.65,5.75,5.4, 5.55,5.6,5.57,64255644,3577.22,95025, 27261220, 42.43,0.424261874956852,2021-12-24
JSL, EQ, 24-Dec-2021,181.3,182.7,186.4,180.3, 182.65,183.3,183.79,932355,1713.58,14294, 263176, 28.23,0.2822701653340198,2021-12-24
JSLHISAR, EQ, 24-Dec-2021,321.65,323.1,323.45,318.0, 320.10,320.8,321.02,50166,161.04,1576, 23102, 46.05,0.4605111031375832,2021-12-24
JSWENERGY, BE, 24-Dec-2021,297.15,295.0,304.95,288.6, 301.50,302.35,297.4,1072241,3188.81,5788, -, -,,2021-12-24
JSWHL, EQ, 24-Dec-2021,4007.45,3991.65,4087.95,3880.0, 3890.00,3908.8,3959.58,448,17.74,168, 313, 69.87,0.6986607142857143,2021-12-24
JSWISPL, EQ, 24-Dec-2021,33.6,33.95,34.05,32.8, 33.30,33.25,33.23,794265,263.93,2906, 438172, 55.17,0.5516697827551258,2021-12-24
JSWSTEEL, EQ, 24-Dec-2021,650.25,652.05,655.45,639.3, 650.40,651.3,648.24,3973912,25760.5,50324, 919020, 23.13,0.2312632992376278,2021-12-24
JTEKTINDIA, EQ, 24-Dec-2021,88.7,89.2,89.45,87.55, 88.55,88.45,88.21,171041,150.88,2496, 106819, 62.45,0.6245227752410241,2021-12-24
JTLINFRA, EQ, 24-Dec-2021,231.7,232.5,235.85,224.7, 227.20,229.05,229.6,50696,116.4,1007, 40239, 79.37,0.7937312608489822,2021-12-24
JUBLFOOD, EQ, 24-Dec-2021,3534.45,3534.45,3548.6,3425.0, 3429.95,3434.25,3472.18,316160,10977.66,32455, 93210, 29.48,0.2948190789473684,2021-12-24
JUBLINDS, EQ, 24-Dec-2021,544.2,545.0,553.75,528.25, 532.95,535.1,537.57,54668,293.88,4340, 18805, 34.40,0.3439855125484744,2021-12-24
JUBLINGREA, EQ, 24-Dec-2021,532.7,534.0,537.55,526.25, 528.00,528.35,530.27,205777,1091.17,6785, 91042, 44.24,0.4424303979550679,2021-12-24
JUBLPHARMA, EQ, 24-Dec-2021,579.8,575.3,587.1,573.0, 577.00,575.75,577.71,36803,212.61,2876, 16258, 44.18,0.44175746542401434,2021-12-24
JUNIORBEES, EQ, 24-Dec-2021,438.75,381.7,498.65,381.7, 435.02,436.33,437.83,107626,471.21,4365, 87479, 81.28,0.8128054559307231,2021-12-24
JUSTDIAL, EQ, 24-Dec-2021,820.1,823.8,823.8,795.0, 796.00,799.0,805.77,587286,4732.2,18331, 97257, 16.56,0.16560415198046607,2021-12-24
JYOTHYLAB, EQ, 24-Dec-2021,139.95,140.5,140.5,137.75, 138.00,137.95,138.52,290532,402.46,10502, 187722, 64.61,0.6461319235058445,2021-12-24
JYOTISTRUC, BZ, 24-Dec-2021,17.0,17.0,17.8,17.0, 17.25,17.3,17.25,55784,9.62,137, -, -,,2021-12-24
KABRAEXTRU, EQ, 24-Dec-2021,365.1,368.0,371.0,355.1, 356.10,357.1,360.3,152425,549.19,6780, 47118, 30.91,0.309122519271773,2021-12-24
KAJARIACER, EQ, 24-Dec-2021,1227.8,1236.0,1240.0,1205.05, 1237.45,1220.7,1219.07,168074,2048.94,17919, 106479, 63.35,0.6335245189618859,2021-12-24
KAKATCEM, EQ, 24-Dec-2021,211.85,212.1,213.55,207.0, 207.50,207.85,209.96,4673,9.81,275, 2935, 62.81,0.6280761823239889,2021-12-24
KALPATPOWR, EQ, 24-Dec-2021,366.5,370.65,370.65,360.0, 363.25,363.65,363.54,86810,315.59,5092, 22611, 26.05,0.2604653841723304,2021-12-24
KALYANIFRG, BE, 24-Dec-2021,173.95,174.0,178.95,171.0, 173.00,173.0,174.63,429,0.75,14, -, -,,2021-12-24
KALYANKJIL, EQ, 24-Dec-2021,67.55,68.05,68.65,66.8, 67.70,67.75,67.68,547612,370.61,4843, 194255, 35.47,0.35473108697398886,2021-12-24
KAMATHOTEL, EQ, 24-Dec-2021,48.2,50.5,50.5,47.9, 48.10,48.2,48.63,17502,8.51,432, 11050, 63.14,0.6313564164095532,2021-12-24
KAMDHENU, EQ, 24-Dec-2021,211.15,213.0,213.0,205.55, 208.25,208.9,209.17,24996,52.28,862, 14080, 56.33,0.5632901264202272,2021-12-24
KANANIIND, EQ, 24-Dec-2021,14.05,14.75,14.75,13.4, 14.65,14.7,14.19,266998,37.88,1204, 158082, 59.21,0.5920718507254736,2021-12-24
KANORICHEM, EQ, 24-Dec-2021,150.3,152.4,152.4,146.5, 147.10,147.15,147.77,2052,3.03,106, 1586, 77.29,0.7729044834307992,2021-12-24
KANPRPLA, EQ, 24-Dec-2021,123.65,129.0,129.0,122.25, 124.90,123.85,123.97,7690,9.53,277, 4157, 54.06,0.5405721716514954,2021-12-24
KANSAINER, EQ, 24-Dec-2021,584.05,585.0,588.95,572.3, 575.00,575.8,577.39,74231,428.6,4141, 43906, 59.15,0.5914779539545473,2021-12-24
KAPSTON, EQ, 24-Dec-2021,127.1,124.6,126.65,120.75, 120.75,120.75,121.14,5050,6.12,111, 4339, 85.92,0.8592079207920792,2021-12-24
KARMAENG, EQ, 24-Dec-2021,28.85,30.25,30.25,30.25, 30.25,30.25,30.25,9861,2.98,61, 9860, 99.99,0.9998985904066525,2021-12-24
KARURVYSYA, EQ, 24-Dec-2021,46.25,46.4,47.35,44.5, 45.30,45.3,45.88,4112642,1886.94,13706, 1675157, 40.73,0.4073189448534543,2021-12-24
KAVVERITEL, BE, 24-Dec-2021,7.7,7.65,8.0,7.35, 7.45,7.45,7.41,34973,2.59,224, -, -,,2021-12-24
KAYA, EQ, 24-Dec-2021,431.2,425.15,432.25,415.25, 416.00,416.75,418.85,5275,22.09,411, 2999, 56.85,0.5685308056872038,2021-12-24
KBCGLOBAL, EQ, 24-Dec-2021,16.25,16.3,16.4,16.05, 16.20,16.15,16.17,933648,150.97,2607, 669193, 71.68,0.716750852569705,2021-12-24
KCP, EQ, 24-Dec-2021,123.4,122.7,123.4,119.75, 121.55,121.9,121.12,89937,108.94,1773, 55485, 61.69,0.6169318522966076,2021-12-24
KCPSUGIND, EQ, 24-Dec-2021,23.5,23.5,23.65,22.75, 22.95,22.85,23.05,216993,50.02,1273, 122703, 56.55,0.5654698538662537,2021-12-24
KDDL, EQ, 24-Dec-2021,811.7,807.1,820.7,790.75, 802.00,800.95,803.11,21148,169.84,1750, 9902, 46.82,0.4682239455267638,2021-12-24
KEC, EQ, 24-Dec-2021,465.1,468.8,474.5,462.75, 471.70,470.6,465.36,454147,2113.43,7472, 361888, 79.69,0.7968521205688907,2021-12-24
KECL, BE, 24-Dec-2021,22.05,23.15,23.15,21.6, 22.65,22.5,22.59,90085,20.35,439, -, -,,2021-12-24
KEERTI, EQ, 24-Dec-2021,18.95,19.5,19.6,18.6, 19.00,19.0,19.16,11859,2.27,104, 8179, 68.97,0.6896871574331731,2021-12-24
KEI, EQ, 24-Dec-2021,1126.2,1148.9,1160.0,1120.0, 1146.00,1144.5,1136.99,346092,3935.03,18363, 51850, 14.98,0.14981565595275245,2021-12-24
KELLTONTEC, EQ, 24-Dec-2021,61.15,61.15,64.5,61.1, 63.35,63.5,62.96,2316646,1458.6,14864, 1098294, 47.41,0.4740879702811737,2021-12-24
KENNAMET, EQ, 24-Dec-2021,1737.25,1746.75,1746.75,1709.2, 1726.00,1715.65,1721.97,4874,83.93,1005, 2467, 50.62,0.5061551087402544,2021-12-24
KERNEX, BE, 24-Dec-2021,92.7,97.3,97.3,97.3, 97.30,97.3,97.3,4192,4.08,34, -, -,,2021-12-24
KESORAMIND, EQ, 24-Dec-2021,60.65,61.2,61.25,59.25, 59.35,59.5,59.81,216451,129.45,1958, 104742, 48.39,0.4839062882592365,2021-12-24
KEYFINSERV, EQ, 24-Dec-2021,108.1,115.1,118.0,109.2, 117.80,114.7,114.98,41723,47.97,824, 14343, 34.38,0.3437672267094888,2021-12-24
KHADIM, EQ, 24-Dec-2021,255.9,258.1,261.95,251.4, 253.40,254.05,256.07,18419,47.17,731, 11070, 60.10,0.6010098268092731,2021-12-24
KHAICHEM, EQ, 24-Dec-2021,62.15,63.1,63.1,59.65, 61.00,60.55,61.26,52956,32.44,1171, 28841, 54.46,0.5446219502983609,2021-12-24
KHAITANLTD, BE, 24-Dec-2021,28.1,28.1,29.5,27.1, 29.35,29.25,29.01,1373,0.4,43, -, -,,2021-12-24
KHANDSE, EQ, 24-Dec-2021,19.6,20.65,20.65,18.85, 19.35,19.3,19.53,11056,2.16,166, 5523, 49.95,0.4995477568740955,2021-12-24
KICL, EQ, 24-Dec-2021,1780.95,1766.85,1788.95,1755.0, 1755.00,1766.65,1767.07,363,6.41,116, 276, 76.03,0.7603305785123967,2021-12-24
KILITCH, EQ, 24-Dec-2021,188.5,195.0,201.25,187.65, 196.00,198.65,196.16,26212,51.42,763, 17336, 66.14,0.6613764687929192,2021-12-24
KIMS, EQ, 24-Dec-2021,1323.6,1345.0,1355.0,1310.05, 1346.10,1350.25,1337.58,79373,1061.67,5579, 42851, 53.99,0.5398687211016341,2021-12-24
KINGFA, EQ, 24-Dec-2021,1089.75,1100.0,1142.0,1040.7, 1117.25,1121.5,1101.15,13735,151.24,1308, 8734, 63.59,0.6358937022206043,2021-12-24
KIOCL, EQ, 24-Dec-2021,254.7,261.0,274.5,252.0, 265.15,265.4,264.98,282869,749.53,16235, 57632, 20.37,0.20374095429333014,2021-12-24
KIRIINDUS, EQ, 24-Dec-2021,472.95,473.1,473.1,459.55, 461.05,461.8,463.94,49938,231.68,2328, 28490, 57.05,0.5705074292122232,2021-12-24
KIRLFER, EQ, 24-Dec-2021,201.6,201.6,202.5,183.65, 198.05,198.35,199.02,63873,127.12,3290, 29659, 46.43,0.46434330624833653,2021-12-24
KIRLOSBROS, EQ, 24-Dec-2021,339.5,346.0,346.0,332.0, 335.00,334.6,334.65,7960,26.64,292, 6286, 78.97,0.7896984924623116,2021-12-24
KIRLOSENG, EQ, 24-Dec-2021,178.5,178.5,179.4,173.8, 176.80,175.8,176.03,129307,227.61,8359, 29133, 22.53,0.22530102778658542,2021-12-24
KIRLOSIND, EQ, 24-Dec-2021,1501.15,1509.5,1509.5,1479.0, 1485.00,1481.4,1485.43,1471,21.85,90, 1337, 90.89,0.9089055064581917,2021-12-24
KITEX, EQ, 24-Dec-2021,185.15,186.0,194.35,181.25, 188.60,188.25,188.09,919989,1730.37,18204, 206246, 22.42,0.22418311523289952,2021-12-24
KKCL, EQ, 24-Dec-2021,258.4,258.3,258.3,240.4, 244.50,243.1,246.66,185545,457.67,7460, 74104, 39.94,0.3993855937912636,2021-12-24
KMSUGAR, EQ, 24-Dec-2021,24.65,24.85,25.2,24.4, 24.55,24.65,24.7,197139,48.7,914, 93813, 47.59,0.4758723540243179,2021-12-24
KNRCON, EQ, 24-Dec-2021,285.25,286.05,288.0,282.6, 287.20,285.95,285.59,114363,326.61,6039, 41120, 35.96,0.35955684968040363,2021-12-24
KOKUYOCMLN, EQ, 24-Dec-2021,61.1,61.1,61.65,60.0, 60.20,60.3,60.66,54330,32.96,777, 34084, 62.74,0.6273513712497699,2021-12-24
KOLTEPATIL, EQ, 24-Dec-2021,294.3,296.4,296.55,287.95, 291.00,290.25,291.26,146050,425.39,4566, 37971, 26.00,0.25998630605956863,2021-12-24
KOPRAN, EQ, 24-Dec-2021,313.0,318.0,327.0,307.5, 320.00,320.05,318.61,657376,2094.47,10038, 216553, 32.94,0.32942030131918415,2021-12-24
KOTAKBANK, EQ, 24-Dec-2021,1775.6,1780.0,1780.0,1730.0, 1747.45,1748.4,1744.36,2271570,39624.36,73601, 888628, 39.12,0.3911955167571327,2021-12-24
KOTAKBKETF, EQ, 24-Dec-2021,355.42,355.42,356.14,349.25, 351.00,350.87,351.92,704494,2479.29,1387, 219173, 31.11,0.3111069789096855,2021-12-24
KOTAKGOLD, EQ, 24-Dec-2021,42.12,41.78,42.29,41.78, 42.10,42.09,42.07,1088392,457.84,687, 1004400, 92.28,0.9228292747465987,2021-12-24
KOTAKIT, EQ, 24-Dec-2021,37.48,37.48,38.4,37.28, 38.28,37.98,38.03,31535,11.99,392, 10279, 32.60,0.32595528777548755,2021-12-24
KOTAKNIFTY, EQ, 24-Dec-2021,179.8,180.5,180.5,178.2, 179.19,179.03,178.77,30452,54.44,488, 5735, 18.83,0.1883291737816892,2021-12-24
KOTAKNV20, EQ, 24-Dec-2021,95.96,95.96,104.6,95.09, 97.88,97.74,97.59,13699,13.37,276, 5526, 40.34,0.4033871085480692,2021-12-24
KOTAKPSUBK, EQ, 24-Dec-2021,249.23,251.0,251.0,244.25, 247.49,246.95,247.68,19878,49.23,371, 9520, 47.89,0.47892142066606297,2021-12-24
KOTARISUG, EQ, 24-Dec-2021,31.05,31.35,31.75,30.9, 30.95,31.05,31.2,59283,18.5,615, 34899, 58.87,0.5886847831587471,2021-12-24
KOTHARIPET, EQ, 24-Dec-2021,67.1,69.0,71.4,66.75, 69.00,68.75,69.48,2581405,1793.51,30855, 896040, 34.71,0.347113296828665,2021-12-24
KOTHARIPRO, EQ, 24-Dec-2021,91.5,94.45,94.45,90.0, 90.55,91.2,91.26,5499,5.02,126, 2818, 51.25,0.5124568103291508,2021-12-24
KOVAI, EQ, 24-Dec-2021,1687.35,1686.3,1695.65,1660.0, 1662.20,1664.85,1672.19,564,9.43,80, 283, 50.18,0.50177304964539,2021-12-24
KPIGLOBAL, EQ, 24-Dec-2021,303.55,313.0,318.7,303.0, 318.70,318.7,312.46,100142,312.91,4814, 57814, 57.73,0.577320205308462,2021-12-24
KPITTECH, EQ, 24-Dec-2021,513.8,518.0,545.0,511.8, 542.00,539.1,529.07,3335832,17648.96,78557, 1031011, 30.91,0.3090716199137127,2021-12-24
KPRMILL, EQ, 24-Dec-2021,608.75,608.75,617.0,601.05, 611.05,614.9,612.67,969456,5939.58,13845, 494211, 50.98,0.5097817745209685,2021-12-24
KRBL, EQ, 24-Dec-2021,242.75,244.5,247.7,240.65, 242.25,242.65,244.12,319659,780.34,6051, 70499, 22.05,0.22054439261838396,2021-12-24
KREBSBIO, EQ, 24-Dec-2021,161.8,164.4,164.4,159.0, 161.00,159.75,161.12,10462,16.86,260, 7373, 70.47,0.7047409673102657,2021-12-24
KRIDHANINF, EQ, 24-Dec-2021,6.6,6.9,6.9,6.3, 6.65,6.7,6.57,684729,44.96,830, 458634, 66.98,0.6698036741543004,2021-12-24
KRISHANA, EQ, 24-Dec-2021,171.25,170.1,172.65,169.5, 171.50,170.2,170.0,8606,14.63,137, 4922, 57.19,0.5719265628631187,2021-12-24
KRITI, EQ, 24-Dec-2021,108.2,108.1,110.0,103.35, 109.85,109.0,107.53,55536,59.72,1150, 38654, 69.60,0.6960169979832901,2021-12-24
KRSNAA, EQ, 24-Dec-2021,657.05,663.3,663.3,638.0, 640.00,645.4,650.14,105355,684.95,6087, 73314, 69.59,0.6958758483223387,2021-12-24
KSB, EQ, 24-Dec-2021,1204.5,1220.0,1220.0,1187.4, 1208.00,1198.2,1200.21,4801,57.62,813, 2488, 51.82,0.5182253697146428,2021-12-24
KSCL, EQ, 24-Dec-2021,518.8,514.3,536.0,512.1, 531.00,531.25,527.73,176646,932.21,9382, 56816, 32.16,0.32163762553355296,2021-12-24
KSL, EQ, 24-Dec-2021,323.35,323.95,329.0,315.85, 323.15,322.35,320.11,14855,47.55,945, 6004, 40.42,0.4041736788959946,2021-12-24
KTKBANK, EQ, 24-Dec-2021,62.65,62.8,62.85,61.1, 61.85,61.9,61.83,598103,369.79,7352, 310458, 51.91,0.5190711298889991,2021-12-24
KUANTUM, EQ, 24-Dec-2021,81.4,82.9,82.9,76.2, 78.00,77.85,79.4,63310,50.27,1129, 25261, 39.90,0.3990048965408308,2021-12-24
L&TFH, EQ, 24-Dec-2021,82.6,83.0,83.0,76.65, 77.10,76.9,77.88,31197648,24297.95,100744, 8827866, 28.30,0.28296575434148113,2021-12-24
LAGNAM, EQ, 24-Dec-2021,53.3,54.4,55.65,53.1, 53.10,53.35,54.28,24121,13.09,241, 15646, 64.86,0.6486464076945401,2021-12-24
LAKPRE, BZ, 24-Dec-2021,5.85,6.1,6.1,6.1, 6.10,6.1,6.1,2459,0.15,10, -, -,,2021-12-24
LALPATHLAB, EQ, 24-Dec-2021,3481.7,3513.3,3573.6,3441.05, 3515.40,3514.8,3518.35,166828,5869.59,14662, 47745, 28.62,0.286192965209677,2021-12-24
LAMBODHARA, EQ, 24-Dec-2021,86.45,88.9,88.9,84.95, 86.50,85.7,87.23,8647,7.54,193, 6122, 70.80,0.7079912108245634,2021-12-24
LAOPALA, EQ, 24-Dec-2021,424.0,425.0,426.8,411.5, 418.00,418.15,418.26,194979,815.52,8667, 52067, 26.70,0.2670390144579673,2021-12-24
LASA, EQ, 24-Dec-2021,70.85,70.95,72.9,69.5, 70.00,70.05,70.87,107551,76.23,1424, 65454, 60.86,0.6085856942287845,2021-12-24
LATENTVIEW, EQ, 24-Dec-2021,497.2,502.4,502.5,493.25, 497.75,495.7,497.98,861037,4287.81,31027, 334194, 38.81,0.3881296622560935,2021-12-24
LAURUSLABS, EQ, 24-Dec-2021,505.1,507.65,509.2,498.45, 502.90,501.65,503.84,1147739,5782.75,22220, 373575, 32.55,0.3254877633329529,2021-12-24
LAXMICOT, EQ, 24-Dec-2021,22.7,22.7,23.0,22.25, 22.50,22.5,22.82,16785,3.83,57, 12471, 74.30,0.7429848078641644,2021-12-24
LAXMIMACH, EQ, 24-Dec-2021,8565.95,8605.0,8749.0,8540.0, 8565.00,8558.2,8629.8,5274,455.14,1669, 2201, 41.73,0.41733029958285933,2021-12-24
LCCINFOTEC, EQ, 24-Dec-2021,4.05,4.25,4.25,4.25, 4.25,4.25,4.25,35350,1.5,70, 35350, 100.00,1.0,2021-12-24
LEMONTREE, EQ, 24-Dec-2021,45.85,46.4,46.4,44.8, 44.95,44.95,45.16,1059458,478.46,6736, 382637, 36.12,0.3611629720102165,2021-12-24
LFIC, EQ, 24-Dec-2021,155.5,160.95,162.5,147.75, 149.75,150.4,152.15,20192,30.72,611, 11556, 57.23,0.5723058637083994,2021-12-24
LGBBROSLTD, EQ, 24-Dec-2021,604.95,609.0,611.0,588.05, 593.40,596.25,596.37,118514,706.78,5587, 42883, 36.18,0.3618391076159779,2021-12-24
LGBFORGE, EQ, 24-Dec-2021,12.2,12.8,12.8,11.6, 12.80,12.8,12.6,2280269,287.28,3097, 1380853, 60.56,0.6055658345572387,2021-12-24
LIBAS, EQ, 24-Dec-2021,29.0,29.7,29.7,28.75, 28.95,28.95,29.05,172684,50.17,788, 68562, 39.70,0.39703736304463644,2021-12-24
LIBERTSHOE, EQ, 24-Dec-2021,154.5,155.0,156.75,150.45, 152.00,151.55,152.79,72273,110.43,1917, 25276, 34.97,0.34972949787610863,2021-12-24
LICHSGFIN, EQ, 24-Dec-2021,363.3,366.6,366.6,354.35, 356.10,355.9,358.31,1408649,5047.34,20780, 301705, 21.42,0.21418039554211163,2021-12-24
LICNETFGSC, EQ, 24-Dec-2021,22.52,22.5,22.71,22.2, 22.62,22.59,22.52,1216,0.27,110, 646, 53.13,0.53125,2021-12-24
LICNETFN50, EQ, 24-Dec-2021,181.75,184.05,184.99,178.15, 181.25,181.79,182.33,877,1.6,80, 635, 72.41,0.7240592930444698,2021-12-24
LICNETFSEN, EQ, 24-Dec-2021,610.74,610.74,615.0,601.0, 609.70,611.92,610.86,37922,231.65,316, 36324, 95.79,0.9578608723168609,2021-12-24
LICNFNHGP, EQ, 24-Dec-2021,182.11,184.9,185.0,181.25, 182.25,182.34,184.09,112772,207.6,112, 109993, 97.54,0.9753573582094847,2021-12-24
LIKHITHA, EQ, 24-Dec-2021,338.2,339.0,343.5,333.0, 337.90,337.0,337.57,19138,64.6,960, 9860, 51.52,0.5152053506113492,2021-12-24
LINC, EQ, 24-Dec-2021,228.2,234.85,234.85,226.25, 228.50,229.45,228.76,901,2.06,96, 443, 49.17,0.4916759156492786,2021-12-24
LINCOLN, EQ, 24-Dec-2021,340.65,348.15,351.9,340.0, 351.00,346.85,344.45,77032,265.34,6133, 35914, 46.62,0.46622182988887734,2021-12-24
LINDEINDIA, EQ, 24-Dec-2021,2414.85,2401.0,2456.0,2376.2, 2425.00,2426.45,2416.46,38179,922.58,6375, 13124, 34.37,0.343749181487205,2021-12-24
LIQUIDBEES, EQ, 24-Dec-2021,999.99,1002.3,1002.3,999.32, 1000.01,1000.0,1000.01,1881127,18811.42,6139, 1799474, 95.66,0.9565935739585897,2021-12-24
LIQUIDETF, EQ, 24-Dec-2021,1000.0,1000.0,1000.0,999.99, 1000.00,1000.0,999.99,48613,486.13,131, 47161, 97.01,0.970131446320943,2021-12-24
LODHA, EQ, 24-Dec-2021,1275.1,1286.8,1297.3,1238.1, 1244.50,1246.2,1255.34,280360,3519.46,18323, 95494, 34.06,0.34061207019546297,2021-12-24
LOKESHMACH, EQ, 24-Dec-2021,64.75,65.75,66.75,61.0, 66.75,64.6,63.78,303982,193.87,3897, 137833, 45.34,0.45342487384121427,2021-12-24
LOTUSEYE, EQ, 24-Dec-2021,50.35,51.95,52.2,49.05, 51.00,51.6,50.77,40127,20.37,487, 26990, 67.26,0.6726144491240312,2021-12-24
LOVABLE, BE, 24-Dec-2021,163.3,166.35,166.35,157.0, 161.00,160.25,160.43,23381,37.51,375, -, -,,2021-12-24
LPDC, EQ, 24-Dec-2021,8.85,9.25,9.25,8.5, 9.25,9.25,9.17,550249,50.46,1087, 261566, 47.54,0.47535933731819596,2021-12-24
LSIL, BE, 24-Dec-2021,14.85,15.55,15.55,14.85, 15.55,15.55,15.5,7415864,1149.82,9090, -, -,,2021-12-24
LT, EQ, 24-Dec-2021,1878.45,1888.75,1888.75,1850.0, 1860.00,1859.4,1860.4,1203991,22399.0,57327, 667535, 55.44,0.5544352075721496,2021-12-24
LTI, EQ, 24-Dec-2021,7033.5,7071.0,7185.0,7070.0, 7170.00,7166.55,7130.55,363446,25915.69,31664, 103145, 28.38,0.2837973178959185,2021-12-24
LTTS, EQ, 24-Dec-2021,5314.65,5341.45,5399.0,5310.1, 5345.60,5343.25,5356.91,178011,9535.88,19990, 41384, 23.25,0.2324800152799546,2021-12-24
LUMAXIND, EQ, 24-Dec-2021,1295.55,1294.95,1294.95,1240.0, 1252.00,1245.9,1255.61,8042,100.98,1792, 5302, 65.93,0.6592887341457349,2021-12-24
LUMAXTECH, EQ, 24-Dec-2021,149.8,150.0,155.0,148.3, 153.90,152.5,151.34,79849,120.84,2533, 34570, 43.29,0.4329421783616576,2021-12-24
LUPIN, EQ, 24-Dec-2021,912.45,913.95,925.7,895.6, 896.00,897.75,908.36,1353165,12291.67,38493, 447722, 33.09,0.3308702190789741,2021-12-24
LUXIND, EQ, 24-Dec-2021,3763.35,3780.0,3798.25,3658.45, 3682.00,3681.8,3717.42,31773,1181.13,4984, 8749, 27.54,0.2753595820350612,2021-12-24
LXCHEM, EQ, 24-Dec-2021,401.45,403.95,404.7,395.0, 397.00,397.0,397.98,264240,1051.62,14235, 142218, 53.82,0.5382152588555859,2021-12-24
LYKALABS, EQ, 24-Dec-2021,254.3,257.0,267.0,243.05, 254.90,253.95,259.67,1391217,3612.63,23561, 547138, 39.33,0.3932801281180434,2021-12-24
LYPSAGEMS, EQ, 24-Dec-2021,4.95,4.9,5.0,4.8, 4.85,4.85,4.89,64632,3.16,204, 23949, 37.05,0.3705440029706647,2021-12-24
M&M, EQ, 24-Dec-2021,826.85,831.0,832.05,808.0, 813.10,812.65,814.37,1071730,8727.81,28986, 248971, 23.23,0.2323075774682056,2021-12-24
M&MFIN, EQ, 24-Dec-2021,150.55,152.0,153.6,144.3, 145.45,145.05,146.54,5628542,8247.9,33627, 1852566, 32.91,0.3291378122433838,2021-12-24
MAANALU, EQ, 24-Dec-2021,114.45,115.5,115.95,111.0, 111.60,112.25,113.04,14370,16.24,521, 8334, 58.00,0.5799582463465554,2021-12-24
MACPOWER, EQ, 24-Dec-2021,187.75,192.05,192.05,186.4, 192.00,190.1,188.51,1005,1.89,96, 550, 54.73,0.5472636815920398,2021-12-24
MADHAV, EQ, 24-Dec-2021,54.0,56.0,57.3,54.0, 55.25,55.85,56.34,46421,26.15,460, 23267, 50.12,0.5012171215613623,2021-12-24
MADHUCON, BE, 24-Dec-2021,8.75,8.35,9.15,8.35, 9.15,9.15,8.7,241434,21.01,342, -, -,,2021-12-24
MADRASFERT, EQ, 24-Dec-2021,27.45,27.8,27.8,26.9, 27.15,27.2,27.27,116338,31.72,715, 45692, 39.28,0.3927521532087538,2021-12-24
MAESGETF, EQ, 24-Dec-2021,29.23,29.73,29.73,29.0, 29.13,29.05,29.11,4296,1.25,89, 3073, 71.53,0.715316573556797,2021-12-24
MAFANG, EQ, 24-Dec-2021,55.97,56.49,56.79,55.29, 56.33,56.25,56.05,147952,82.92,1362, 106221, 71.79,0.7179423056126312,2021-12-24
MAFSETF, EQ, 24-Dec-2021,17.11,17.5,17.5,16.84, 16.98,16.97,16.95,173167,29.35,290, 116520, 67.29,0.6728764718450975,2021-12-24
MAGADSUGAR, EQ, 24-Dec-2021,243.3,248.85,248.85,236.2, 238.65,237.75,240.52,11159,26.84,331, 7631, 68.38,0.683842638229232,2021-12-24
MAGNUM, EQ, 24-Dec-2021,9.4,9.8,9.8,9.1, 9.35,9.4,9.52,179210,17.07,435, 137680, 76.83,0.7682606997377378,2021-12-24
MAHABANK, EQ, 24-Dec-2021,19.6,19.6,20.1,19.15, 19.65,19.6,19.56,4916635,961.89,7095, 1298393, 26.41,0.2640816330681452,2021-12-24
MAHAPEXLTD, BE, 24-Dec-2021,94.5,95.7,95.7,89.8, 93.75,93.75,91.39,3121,2.85,49, -, -,,2021-12-24
MAHASTEEL, EQ, 24-Dec-2021,80.55,81.75,82.0,80.15, 81.40,80.85,81.15,7926,6.43,204, 5305, 66.93,0.6693161746151906,2021-12-24
MAHEPC, EQ, 24-Dec-2021,121.5,123.95,123.95,118.0, 118.70,118.4,119.59,26810,32.06,623, 10936, 40.79,0.4079074972025364,2021-12-24
MAHESHWARI, EQ, 24-Dec-2021,88.0,88.0,89.05,86.65, 86.70,87.0,87.96,11339,9.97,175, 6452, 56.90,0.5690096128406386,2021-12-24
MAHINDCIE, EQ, 24-Dec-2021,226.95,228.8,228.8,222.0, 222.45,223.1,223.83,92802,207.72,4545, 30424, 32.78,0.32783776211719573,2021-12-24
MAHKTECH, EQ, 24-Dec-2021,18.24,18.15,18.23,17.7, 18.15,18.15,18.01,26329,4.74,223, 20338, 77.25,0.772456226974059,2021-12-24
MAHLIFE, EQ, 24-Dec-2021,236.45,236.5,241.75,225.2, 226.00,226.8,227.6,182172,414.62,8944, 95269, 52.30,0.5229618163054696,2021-12-24
MAHLOG, EQ, 24-Dec-2021,677.95,678.0,678.0,660.2, 665.00,663.65,667.16,27228,181.65,2543, 8873, 32.59,0.32587777288085795,2021-12-24
MAHSCOOTER, EQ, 24-Dec-2021,3781.85,3791.0,3809.9,3695.0, 3750.00,3756.2,3752.12,32668,1225.74,2208, 29354, 89.86,0.8985551610138361,2021-12-24
MAHSEAMLES, EQ, 24-Dec-2021,501.95,503.0,512.15,494.0, 503.90,500.9,502.34,59641,299.6,3776, 21817, 36.58,0.3658054023239047,2021-12-24
MAITHANALL, EQ, 24-Dec-2021,980.55,977.25,982.55,953.3, 961.55,965.0,963.62,21092,203.25,2450, 9954, 47.19,0.47193248625071116,2021-12-24
MALUPAPER, EQ, 24-Dec-2021,30.7,30.25,31.4,30.25, 31.00,30.9,30.88,17576,5.43,265, 11232, 63.91,0.6390532544378699,2021-12-24
MAN50ETF, EQ, 24-Dec-2021,175.62,176.8,176.8,174.54, 175.59,175.14,175.28,177411,310.97,317, 121348, 68.40,0.683993664428925,2021-12-24
MANAKALUCO, EQ, 24-Dec-2021,22.2,22.2,25.0,21.5, 24.30,24.25,24.01,695126,166.89,3396, 425970, 61.28,0.6127953781041136,2021-12-24
MANAKCOAT, EQ, 24-Dec-2021,29.0,28.9,31.9,27.7, 31.90,31.9,30.31,887015,268.85,2859, 403735, 45.52,0.4551614121519929,2021-12-24
MANAKSIA, EQ, 24-Dec-2021,63.4,64.65,64.65,60.85, 62.25,62.45,62.75,56189,35.26,1026, 26975, 48.01,0.4800761714926409,2021-12-24
MANAKSTEEL, EQ, 24-Dec-2021,31.8,32.5,32.5,31.35, 31.50,31.65,31.67,24123,7.64,289, 17806, 73.81,0.738133731293786,2021-12-24
MANALIPETC, EQ, 24-Dec-2021,108.5,109.9,109.9,106.15, 106.50,106.5,106.98,180302,192.89,2702, 122811, 68.11,0.6811405308870673,2021-12-24
MANAPPURAM, EQ, 24-Dec-2021,166.0,167.0,167.4,163.05, 166.00,165.85,165.2,1809568,2989.4,12617, 352903, 19.50,0.19502057949742702,2021-12-24
MANGALAM, EQ, 24-Dec-2021,119.35,119.15,121.85,117.0, 118.20,118.4,118.59,19081,22.63,617, 10737, 56.27,0.5627063571091662,2021-12-24
MANGCHEFER, EQ, 24-Dec-2021,66.45,66.5,67.45,65.5, 66.50,66.15,66.45,115788,76.94,1252, 81277, 70.19,0.7019466611393236,2021-12-24
MANGLMCEM, EQ, 24-Dec-2021,364.5,370.0,370.0,360.0, 369.00,364.35,363.54,13004,47.27,841, 6344, 48.78,0.4878498923408182,2021-12-24
MANGTIMBER, EQ, 24-Dec-2021,16.7,16.7,16.7,15.65, 16.05,16.25,16.19,3326,0.54,80, 2920, 87.79,0.8779314491882141,2021-12-24
MANINDS, EQ, 24-Dec-2021,98.05,99.5,102.9,95.2, 96.10,96.4,98.93,295385,292.21,4814, 90239, 30.55,0.30549621680180106,2021-12-24
MANINFRA, EQ, 24-Dec-2021,94.75,95.3,97.5,93.0, 97.00,96.85,95.62,929775,889.04,6930, 540276, 58.11,0.5810825199645075,2021-12-24
MANORG, EQ, 24-Dec-2021,988.0,988.0,1023.15,963.0, 975.95,979.75,979.28,5413,53.01,1086, 2577, 47.61,0.4760761130611491,2021-12-24
MANUGRAPH, BE, 24-Dec-2021,17.7,18.5,18.5,17.1, 17.90,17.9,17.54,15221,2.67,67, -, -,,2021-12-24
MANXT50, EQ, 24-Dec-2021,418.2,418.0,418.0,415.26, 415.44,415.45,416.05,1607,6.69,47, 128, 7.97,0.07965152457996266,2021-12-24
MAPMYINDIA, EQ, 24-Dec-2021,1458.1,1441.0,1453.0,1390.05, 1448.00,1430.75,1418.05,837499,11876.16,62093, 320334, 38.25,0.3824888149120178,2021-12-24
MARALOVER, EQ, 24-Dec-2021,89.45,88.05,98.35,88.05, 98.35,98.35,96.71,312817,302.54,2286, 172785, 55.24,0.5523516944411588,2021-12-24
MARATHON, EQ, 24-Dec-2021,121.6,127.65,127.65,119.1, 125.00,124.9,126.23,359837,454.24,2354, 211047, 58.65,0.5865072241042472,2021-12-24
MARICO, EQ, 24-Dec-2021,508.0,512.9,513.1,504.1, 505.45,505.6,508.83,1426893,7260.47,25332, 469339, 32.89,0.32892375251683204,2021-12-24
MARINE, EQ, 24-Dec-2021,43.65,44.95,45.7,40.4, 42.80,42.65,43.48,5192314,2257.65,25684, 2235217, 43.05,0.430485714076614,2021-12-24
MARKSANS, EQ, 24-Dec-2021,58.0,58.7,58.7,56.2, 56.95,56.8,57.04,1247925,711.85,7519, 495949, 39.74,0.39741891539956326,2021-12-24
MARSHALL, EQ, 24-Dec-2021,40.3,39.25,41.7,38.3, 38.30,38.3,38.63,124035,47.91,748, 94057, 75.83,0.7583101543919055,2021-12-24
MARUTI, EQ, 24-Dec-2021,7387.15,7441.0,7449.85,7252.15, 7287.95,7317.1,7335.79,357447,26221.57,39510, 62060, 17.36,0.1736201450844461,2021-12-24
MASFIN, EQ, 24-Dec-2021,677.45,679.3,685.0,666.9, 669.25,669.9,671.74,10309,69.25,1663, 5502, 53.37,0.5337084101270735,2021-12-24
MASKINVEST, BE, 24-Dec-2021,40.0,39.0,39.0,38.0, 38.00,38.0,38.27,158,0.06,13, -, -,,2021-12-24
MASPTOP50, EQ, 24-Dec-2021,30.83,30.85,31.39,30.66, 30.90,30.91,30.87,23364,7.21,249, 19499, 83.46,0.8345745591508303,2021-12-24
MASTEK, EQ, 24-Dec-2021,2975.35,2990.0,3049.0,2970.0, 2998.05,2993.5,3004.9,136796,4110.58,14297, 72061, 52.68,0.5267770987455773,2021-12-24
MATRIMONY, EQ, 24-Dec-2021,852.1,857.0,857.0,842.0, 849.00,845.9,847.53,3913,33.16,824, 2213, 56.56,0.5655507283414261,2021-12-24
MAWANASUG, EQ, 24-Dec-2021,72.75,73.0,73.9,72.0, 72.70,72.95,72.97,24736,18.05,336, 13159, 53.20,0.5319776843467011,2021-12-24
MAXHEALTH, EQ, 24-Dec-2021,407.35,410.0,417.95,405.15, 414.80,413.8,412.07,1471373,6063.11,38887, 809132, 54.99,0.5499163026642463,2021-12-24
MAXIND, EQ, 24-Dec-2021,75.0,74.8,75.55,74.75, 74.95,74.85,75.08,74816,56.17,377, 60394, 80.72,0.80723374679213,2021-12-24
MAXVIL, EQ, 24-Dec-2021,127.3,129.9,129.9,124.0, 124.90,124.7,125.49,106948,134.2,2122, 74744, 69.89,0.6988816995175225,2021-12-24
MAYURUNIQ, EQ, 24-Dec-2021,564.65,570.05,570.05,545.05, 551.95,550.95,552.86,67978,375.82,4120, 26907, 39.58,0.3958192356350584,2021-12-24
MAZDA, EQ, 24-Dec-2021,610.4,612.0,616.0,601.65, 610.00,610.3,608.99,1538,9.37,137, 1248, 81.14,0.811443433029909,2021-12-24
MAZDOCK, EQ, 24-Dec-2021,259.95,261.4,264.5,258.7, 263.20,262.3,261.49,343599,898.48,9448, 136392, 39.70,0.39695109706372833,2021-12-24
MBAPL, EQ, 24-Dec-2021,175.6,176.45,180.85,172.15, 176.45,173.8,176.09,12765,22.48,293, 6538, 51.22,0.5121817469643557,2021-12-24
MBECL, BE, 24-Dec-2021,7.15,7.25,7.5,7.0, 7.15,7.2,7.27,288416,20.97,330, -, -,,2021-12-24
MBLINFRA, EQ, 24-Dec-2021,30.65,30.75,30.75,29.65, 30.10,30.0,30.12,142877,43.03,847, 85864, 60.10,0.6009644659392345,2021-12-24
MCDHOLDING, BE, 24-Dec-2021,125.5,131.75,131.75,131.75, 131.75,131.75,131.75,7888,10.39,76, -, -,,2021-12-24
MCDOWELL-N, EQ, 24-Dec-2021,904.15,909.05,909.05,884.25, 885.15,886.35,892.18,594280,5302.03,16370, 226606, 38.13,0.3813118395369186,2021-12-24
MCL, EQ, 24-Dec-2021,33.4,33.0,33.65,32.55, 32.80,33.0,32.88,18489,6.08,211, 12840, 69.45,0.6944669803667045,2021-12-24
MCLEODRUSS, EQ, 24-Dec-2021,26.65,27.0,27.0,25.25, 25.50,25.5,25.89,486628,125.99,2374, 318348, 65.42,0.6541917029024223,2021-12-24
MCX, EQ, 24-Dec-2021,1594.65,1600.0,1614.65,1575.0, 1577.05,1581.75,1592.11,248701,3959.59,16558, 52220, 21.00,0.20997100936465876,2021-12-24
MEDICAMEQ, EQ, 24-Dec-2021,924.8,933.0,999.0,904.25, 985.05,982.25,961.39,148359,1426.31,8627, 44839, 30.22,0.3022330967450576,2021-12-24
MEDPLUS, EQ, 24-Dec-2021,1121.15,1107.0,1124.6,1026.2, 1077.95,1076.05,1083.54,4055492,43943.01,211815, 1203480, 29.68,0.2967531436383058,2021-12-24
MEGASOFT, BE, 24-Dec-2021,63.4,65.0,66.55,64.0, 66.55,66.55,66.32,1024434,679.4,2575, -, -,,2021-12-24
MENONBE, EQ, 24-Dec-2021,79.4,81.0,81.0,75.95, 80.35,80.3,78.88,46986,37.06,834, 25072, 53.36,0.5336057549057166,2021-12-24
MEP, BE, 24-Dec-2021,18.6,18.6,18.95,18.4, 18.65,18.55,18.61,272557,50.72,273, -, -,,2021-12-24
MERCATOR, BE, 24-Dec-2021,1.95,2.0,2.0,2.0, 2.00,2.0,2.0,281922,5.64,119, -, -,,2021-12-24
METALFORGE, BZ, 24-Dec-2021,6.8,7.1,7.1,6.6, 7.00,6.95,6.95,25681,1.79,132, -, -,,2021-12-24
METROBRAND, EQ, 24-Dec-2021,480.6,484.0,489.0,466.05, 469.00,470.45,476.58,951656,4535.4,32553, 378016, 39.72,0.3972191632270484,2021-12-24
METROPOLIS, EQ, 24-Dec-2021,3242.3,3274.8,3319.7,3183.15, 3295.00,3278.2,3260.1,174929,5702.86,14486, 22277, 12.73,0.12734881008866455,2021-12-24
MFL, EQ, 24-Dec-2021,762.7,763.0,776.95,742.0, 755.05,759.65,760.97,48262,367.26,2381, 27504, 56.99,0.5698893539430608,2021-12-24
MFSL, EQ, 24-Dec-2021,963.5,966.0,968.05,946.5, 950.00,949.15,954.07,116245,1109.06,5542, 22497, 19.35,0.19353090455503463,2021-12-24
MGEL, BE, 24-Dec-2021,114.25,114.25,114.25,112.0, 114.20,113.2,114.04,54202,61.81,67, -, -,,2021-12-24
MGL, EQ, 24-Dec-2021,858.2,859.95,862.75,843.6, 848.55,848.95,849.44,272905,2318.17,10032, 119337, 43.73,0.4372840365695022,2021-12-24
MHRIL, EQ, 24-Dec-2021,192.65,193.55,194.35,189.6, 190.95,190.2,191.94,136797,262.57,3034, 61145, 44.70,0.44697617637813697,2021-12-24
MICEL, BE, 24-Dec-2021,17.1,17.95,17.95,17.95, 17.95,17.95,17.95,20008,3.59,83, -, -,,2021-12-24
MIDHANI, EQ, 24-Dec-2021,179.15,180.0,180.55,178.3, 179.35,179.05,179.13,74092,132.72,2724, 25941, 35.01,0.35011877125735574,2021-12-24
MINDACORP, EQ, 24-Dec-2021,171.35,172.65,172.65,165.0, 167.70,167.4,168.47,418604,705.24,7490, 110692, 26.44,0.264431300226467,2021-12-24
MINDAIND, EQ, 24-Dec-2021,1167.4,1155.0,1206.5,1150.05, 1190.00,1185.4,1183.28,1014932,12009.5,56208, 175378, 17.28,0.1727977834968254,2021-12-24
MINDTECK, EQ, 24-Dec-2021,159.4,161.3,167.35,161.3, 167.35,167.35,165.42,151567,250.72,2434, 81878, 54.02,0.5402099401584778,2021-12-24
MINDTREE, EQ, 24-Dec-2021,4592.25,4620.0,4655.0,4561.0, 4616.00,4621.05,4609.58,588911,27146.32,35113, 101607, 17.25,0.17253371052671795,2021-12-24
MIRCELECTR, EQ, 24-Dec-2021,27.55,27.5,28.9,26.9, 28.75,28.75,28.32,2225871,630.46,4552, 1360190, 61.11,0.6110821336905867,2021-12-24
MIRZAINT, EQ, 24-Dec-2021,119.3,120.5,127.35,120.3, 121.25,121.45,123.82,1727745,2139.22,25014, 616166, 35.66,0.3566301740129475,2021-12-24
MITTAL, EQ, 24-Dec-2021,13.6,15.5,16.3,15.45, 16.30,16.3,16.02,639085,102.4,1402, 479932, 75.10,0.7509673987028329,2021-12-24
MMFL, EQ, 24-Dec-2021,750.75,759.95,759.95,722.15, 728.00,727.6,733.63,11096,81.4,588, 5927, 53.42,0.5341564527757751,2021-12-24
MMP, EQ, 24-Dec-2021,145.15,141.65,144.7,141.65, 144.00,143.95,143.71,3141,4.51,65, 2469, 78.61,0.7860553963705826,2021-12-24
MMTC, EQ, 24-Dec-2021,47.0,47.7,48.65,47.0, 47.40,47.6,47.85,16712253,7997.6,43806, 3071044, 18.38,0.18376002325958085,2021-12-24
MODIRUBBER, BE, 24-Dec-2021,78.85,80.45,80.45,76.65, 78.00,78.0,77.78,1297,1.01,55, -, -,,2021-12-24
MODISNME, EQ, 24-Dec-2021,79.9,82.0,83.0,78.0, 78.45,79.0,79.84,50587,40.39,801, 30543, 60.38,0.6037717200071164,2021-12-24
MOGSEC, EQ, 24-Dec-2021,49.27,49.23,49.29,49.21, 49.25,49.25,49.27,1518,0.75,29, 1443, 95.06,0.950592885375494,2021-12-24
MOHITIND, EQ, 24-Dec-2021,14.0,14.3,14.7,14.1, 14.70,14.7,14.55,30921,4.5,178, 19945, 64.50,0.6450308851589535,2021-12-24
MOIL, EQ, 24-Dec-2021,179.7,180.0,181.6,177.8, 180.40,180.1,179.82,633921,1139.92,8431, 296389, 46.75,0.46754879551237455,2021-12-24
MOKSH, EQ, 24-Dec-2021,43.75,44.9,45.0,43.5, 45.00,44.5,44.2,582989,257.66,861, 309227, 53.04,0.5304165258692702,2021-12-24
MOL, EQ, 24-Dec-2021,111.2,111.1,111.7,106.15, 107.70,107.25,108.9,674212,734.24,6727, 318655, 47.26,0.4726332370233695,2021-12-24
MOLDTECH, EQ, 24-Dec-2021,84.8,85.5,86.5,79.25, 80.50,80.65,81.72,106750,87.24,2005, 54584, 51.13,0.5113255269320843,2021-12-24
MOLDTKPAC, EQ, 24-Dec-2021,773.2,780.0,780.0,759.9, 766.95,765.85,768.9,20186,155.21,2205, 11141, 55.19,0.5519171703160607,2021-12-24
MOM100, EQ, 24-Dec-2021,31.42,31.69,31.84,31.1, 31.49,31.41,31.36,41236,12.93,1025, 28362, 68.78,0.6877970705209041,2021-12-24
MOM50, EQ, 24-Dec-2021,172.12,174.99,174.99,167.75, 168.36,168.8,168.91,1989,3.36,106, 1871, 94.07,0.9406737053795877,2021-12-24
MON100, EQ, 24-Dec-2021,119.78,122.5,122.5,119.75, 120.50,120.54,120.47,236097,284.42,3521, 173466, 73.47,0.7347234399420577,2021-12-24
MONTECARLO, EQ, 24-Dec-2021,578.6,583.3,583.5,568.0, 571.00,569.9,574.64,15584,89.55,1010, 8545, 54.83,0.5483187885010267,2021-12-24
MORARJEE, EQ, 24-Dec-2021,26.45,27.75,27.75,25.15, 27.75,27.75,27.02,307374,83.06,1367, 161354, 52.49,0.5249435541067234,2021-12-24
MOREPENLAB, EQ, 24-Dec-2021,55.3,55.7,55.75,53.3, 53.75,53.6,54.26,1967403,1067.47,8826, 660416, 33.57,0.3356790652448939,2021-12-24
MOTHERSUMI, EQ, 24-Dec-2021,214.4,216.5,218.15,212.3, 214.75,214.75,214.71,5858537,12578.6,35913, 704159, 12.02,0.12019365927022395,2021-12-24
MOTILALOFS, EQ, 24-Dec-2021,918.4,924.95,925.1,910.0, 918.00,917.55,919.61,103423,951.09,5967, 34670, 33.52,0.33522524003364823,2021-12-24
MOTOGENFIN, BE, 24-Dec-2021,30.05,29.45,31.55,29.45, 30.45,30.75,30.79,10781,3.32,72, -, -,,2021-12-24
MPHASIS, EQ, 24-Dec-2021,3186.4,3224.8,3291.25,3182.5, 3204.55,3218.0,3225.53,862697,27826.56,50854, 333493, 38.66,0.3865702558372175,2021-12-24
MPSLTD, EQ, 24-Dec-2021,643.7,643.8,645.25,621.1, 625.00,625.85,630.05,11571,72.9,1308, 7210, 62.31,0.6231094978826376,2021-12-24
MRF, EQ, 24-Dec-2021,71029.6,71300.0,71300.0,69706.75, 70079.00,70090.7,70290.07,8524,5991.53,4691, 3318, 38.93,0.3892538714218677,2021-12-24
MRO-TEK, EQ, 24-Dec-2021,55.35,54.3,57.45,52.95, 55.85,54.75,55.42,12159,6.74,237, 5375, 44.21,0.4420593798832141,2021-12-24
MRPL, EQ, 24-Dec-2021,42.8,42.8,43.2,42.1, 42.15,42.3,42.54,421430,179.29,3082, 192328, 45.64,0.45636997840685284,2021-12-24
MSPL, EQ, 24-Dec-2021,10.0,10.3,10.3,9.9, 10.00,9.95,9.99,482091,48.18,1045, 322842, 66.97,0.6696702489778901,2021-12-24
MSTCLTD, EQ, 24-Dec-2021,333.1,334.8,334.8,326.1, 328.00,328.2,329.18,192577,633.92,4391, 67957, 35.29,0.35288222373388306,2021-12-24
MTARTECH, EQ, 24-Dec-2021,2274.3,2277.0,2285.8,2225.0, 2259.00,2245.8,2251.61,95479,2149.81,10763, 20152, 21.11,0.2110621183715791,2021-12-24
MTEDUCARE, EQ, 24-Dec-2021,9.15,9.4,9.45,8.95, 9.30,9.2,9.18,293146,26.9,636, 202109, 68.94,0.6894482612759513,2021-12-24
MTNL, EQ, 24-Dec-2021,30.5,30.8,33.35,29.3, 32.20,32.25,31.98,33968578,10861.94,59885, 9019157, 26.55,0.26551470597326743,2021-12-24
MUKANDLTD, EQ, 24-Dec-2021,126.55,125.5,128.65,125.0, 127.00,125.45,126.43,89484,113.13,775, 79063, 88.35,0.8835434267578561,2021-12-24
MUKTAARTS, EQ, 24-Dec-2021,46.7,46.1,46.7,45.0, 45.25,45.6,46.04,14560,6.7,224, 8983, 61.70,0.6169642857142857,2021-12-24
MUNJALAU, EQ, 24-Dec-2021,50.6,50.95,50.95,49.4, 49.90,49.75,49.91,49206,24.56,977, 26088, 53.02,0.5301792464333618,2021-12-24
MUNJALSHOW, EQ, 24-Dec-2021,117.65,118.2,119.65,116.0, 119.30,118.3,118.19,18627,22.02,653, 11923, 64.01,0.6400923390776829,2021-12-24
MURUDCERA, EQ, 24-Dec-2021,26.0,26.35,26.7,25.55, 25.85,25.75,26.09,84237,21.98,506, 52387, 62.19,0.6219001151512993,2021-12-24
MUTHOOTCAP, EQ, 24-Dec-2021,347.6,345.05,360.0,345.05, 352.75,352.05,350.98,6692,23.49,475, 4005, 59.85,0.5984757919904363,2021-12-24
MUTHOOTFIN, EQ, 24-Dec-2021,1494.2,1492.0,1498.2,1468.0, 1470.05,1472.85,1482.01,462795,6858.69,29263, 102642, 22.18,0.22178718439049688,2021-12-24
NACLIND, EQ, 24-Dec-2021,84.55,85.0,85.0,82.75, 82.80,82.95,83.31,97845,81.51,1525, 61393, 62.75,0.6274515815831162,2021-12-24
NAGAFERT, EQ, 24-Dec-2021,11.3,11.3,11.55,11.1, 11.50,11.4,11.3,427263,48.27,939, 312094, 73.04,0.7304493953372981,2021-12-24
NAGREEKEXP, EQ, 24-Dec-2021,33.55,33.2,35.2,33.0, 35.20,34.6,34.16,6139,2.1,84, 4606, 75.03,0.750285062713797,2021-12-24
NAHARCAP, EQ, 24-Dec-2021,327.65,329.5,378.0,326.0, 344.15,346.3,360.81,101033,364.54,5148, 35843, 35.48,0.35476527471222274,2021-12-24
NAHARINDUS, EQ, 24-Dec-2021,116.2,118.4,118.4,113.5, 114.70,114.8,115.64,27099,31.34,609, 10919, 40.29,0.40292999741687885,2021-12-24
NAHARPOLY, EQ, 24-Dec-2021,249.9,250.0,257.9,246.0, 248.20,249.95,252.98,46842,118.5,1679, 16620, 35.48,0.35480978608940694,2021-12-24
NAHARSPING, BE, 24-Dec-2021,495.8,490.0,504.7,485.0, 487.00,486.9,489.54,20313,99.44,348, -, -,,2021-12-24
NAM-INDIA, EQ, 24-Dec-2021,336.15,337.05,339.85,330.9, 336.90,337.75,336.22,737599,2479.98,14736, 208880, 28.32,0.28318910410670295,2021-12-24
NATCOPHARM, EQ, 24-Dec-2021,840.55,836.6,852.0,833.75, 850.00,847.0,845.27,221761,1874.47,10284, 129735, 58.50,0.5850217125644275,2021-12-24
NATHBIOGEN, EQ, 24-Dec-2021,251.7,257.45,258.0,247.9, 248.00,248.65,250.34,20923,52.38,1132, 13946, 66.65,0.666539215217703,2021-12-24
NATIONALUM, EQ, 24-Dec-2021,103.8,104.0,104.4,99.85, 100.80,100.8,101.25,22078242,22354.83,47473, 3182494, 14.41,0.14414616888427983,2021-12-24
NATNLSTEEL, BE, 24-Dec-2021,4.55,4.35,4.7,4.35, 4.65,4.45,4.42,34242,1.52,80, -, -,,2021-12-24
NAUKRI, EQ, 24-Dec-2021,5386.15,5435.05,5435.05,5366.7, 5395.00,5399.55,5398.65,158197,8540.51,15482, 61848, 39.10,0.3909555807000133,2021-12-24
NAVINFLUOR, EQ, 24-Dec-2021,4006.95,4024.0,4032.95,3943.0, 3990.00,3993.5,3980.04,75172,2991.88,7723, 26026, 34.62,0.34621933698717605,2021-12-24
NAVKARCORP, EQ, 24-Dec-2021,40.75,40.7,40.8,39.7, 39.85,39.8,40.11,275029,110.3,1699, 122406, 44.51,0.4450657930618226,2021-12-24
NAVNETEDUL, EQ, 24-Dec-2021,90.3,91.5,91.5,89.1, 89.50,89.55,89.68,70876,63.56,1550, 47374, 66.84,0.6684067949658559,2021-12-24
NAZARA, BE, 24-Dec-2021,2251.2,2251.2,2280.1,2201.2, 2262.00,2267.7,2254.49,19461,438.75,1449, -, -,,2021-12-24
NBCC, EQ, 24-Dec-2021,42.6,42.9,42.95,41.85, 42.05,42.0,42.23,2333088,985.27,14223, 919049, 39.39,0.39391956068523776,2021-12-24
NBIFIN, EQ, 24-Dec-2021,2301.7,2362.95,2386.45,2263.0, 2263.00,2292.4,2305.67,106,2.44,30, 56, 52.83,0.5283018867924528,2021-12-24
NBVENTURES, EQ, 24-Dec-2021,110.65,111.8,113.5,110.95, 111.50,111.3,112.1,154943,173.69,2628, 72171, 46.58,0.46579064559225003,2021-12-24
NCC, EQ, 24-Dec-2021,69.85,69.85,69.85,68.05, 68.80,68.5,68.7,2263844,1555.37,18006, 755032, 33.35,0.3335176805468928,2021-12-24
NCLIND, EQ, 24-Dec-2021,213.7,216.2,216.2,211.0, 212.65,212.2,212.22,42700,90.62,1328, 22884, 53.59,0.5359250585480093,2021-12-24
NCPSESDL24, EQ, 24-Dec-2021,107.32,107.36,107.36,107.27, 107.27,107.27,107.31,2021,2.17,8, 2019, 99.90,0.9990103908955963,2021-12-24
NDGL, EQ, 24-Dec-2021,1339.7,1326.0,1390.0,1321.0, 1363.00,1324.9,1340.67,236,3.16,37, 63, 26.69,0.2669491525423729,2021-12-24
NDL, EQ, 24-Dec-2021,111.95,111.05,115.0,109.5, 111.00,112.1,112.12,45531,51.05,906, 28298, 62.15,0.6215106191386088,2021-12-24
NDRAUTO, EQ, 24-Dec-2021,352.35,363.5,370.0,342.1, 359.80,356.55,354.8,14262,50.6,795, 5926, 41.55,0.41550974617865655,2021-12-24
NDTV, EQ, 24-Dec-2021,121.65,122.65,126.7,117.95, 119.50,119.9,121.88,275245,335.47,5579, 74023, 26.89,0.2689349488637396,2021-12-24
NECCLTD, EQ, 24-Dec-2021,19.35,19.6,19.9,18.8, 19.70,19.65,19.54,150457,29.41,993, 74730, 49.67,0.4966867610014821,2021-12-24
NECLIFE, EQ, 24-Dec-2021,26.45,26.7,26.7,25.9, 26.20,26.2,26.26,290054,76.18,1312, 141988, 48.95,0.48952264061174816,2021-12-24
NELCAST, EQ, 24-Dec-2021,82.95,83.8,83.8,80.6, 80.85,81.15,81.48,77696,63.31,1419, 38777, 49.91,0.4990861820428336,2021-12-24
NELCO, BE, 24-Dec-2021,740.35,754.0,754.0,720.0, 733.00,729.2,731.07,19299,141.09,999, -, -,,2021-12-24
NEOGEN, EQ, 24-Dec-2021,1617.25,1617.0,1627.75,1590.0, 1595.00,1596.05,1603.17,29140,467.16,4569, 10841, 37.20,0.3720315717227179,2021-12-24
NESCO, EQ, 24-Dec-2021,573.0,572.0,578.0,566.0, 576.00,571.35,571.5,33044,188.85,2701, 19442, 58.84,0.5883670257838034,2021-12-24
NESTLEIND, EQ, 24-Dec-2021,19208.55,19208.55,19434.05,19171.1, 19186.15,19224.2,19301.28,34220,6604.9,11193, 12746, 37.25,0.3724722384570427,2021-12-24
NETF, EQ, 24-Dec-2021,174.22,174.33,178.0,174.02, 177.00,176.72,176.91,121860,215.58,198, 115495, 94.78,0.9477679304119482,2021-12-24
NETFCONSUM, EQ, 24-Dec-2021,74.73,76.25,76.79,74.52, 74.75,74.74,74.95,1265,0.95,118, 1057, 83.56,0.8355731225296442,2021-12-24
NETFDIVOPP, EQ, 24-Dec-2021,44.38,43.25,45.77,43.25, 44.74,44.74,44.49,535,0.24,48, 335, 62.62,0.6261682242990654,2021-12-24
NETFGILT5Y, EQ, 24-Dec-2021,49.27,47.8,49.31,47.8, 49.21,49.21,49.26,148,0.07,9, 105, 70.95,0.7094594594594594,2021-12-24
NETFIT, EQ, 24-Dec-2021,38.11,38.42,38.8,38.3, 38.79,38.7,38.64,2333065,901.49,3211, 1956923, 83.88,0.8387777451549785,2021-12-24
NETFLTGILT, EQ, 24-Dec-2021,22.8,22.87,22.9,22.71, 22.86,22.85,22.85,28934,6.61,207, 24408, 84.36,0.8435750328333449,2021-12-24
NETFMID150, EQ, 24-Dec-2021,115.1,116.5,116.5,113.37, 114.11,114.09,114.16,49938,57.01,1293, 31837, 63.75,0.637530537866955,2021-12-24
NETFNIF100, EQ, 24-Dec-2021,179.1,178.95,179.93,177.33, 178.71,178.7,178.17,5041,8.98,105, 4192, 83.16,0.8315810355088276,2021-12-24
NETFNV20, EQ, 24-Dec-2021,98.72,98.55,99.23,98.07, 98.64,98.64,98.47,3081,3.03,88, 2398, 77.83,0.7783187276858163,2021-12-24
NETFPHARMA, EQ, 24-Dec-2021,13.64,13.7,13.7,13.5, 13.56,13.55,13.59,205145,27.87,536, 157038, 76.55,0.7654975748860562,2021-12-24
NETFSDL26, EQ, 24-Dec-2021,106.83,106.89,106.89,106.6, 106.74,106.75,106.71,12486,13.32,28, 8754, 70.11,0.7011052378664103,2021-12-24
NETWORK18, EQ, 24-Dec-2021,87.25,88.9,91.6,85.0, 91.60,91.5,89.09,2193286,1954.1,10987, 830245, 37.85,0.37853932410091523,2021-12-24
NEULANDLAB, EQ, 24-Dec-2021,1579.95,1619.9,1619.9,1530.0, 1538.95,1553.05,1573.24,12178,191.59,2321, 7348, 60.34,0.6033831499425193,2021-12-24
NEWGEN, EQ, 24-Dec-2021,579.95,580.0,585.8,571.9, 573.00,573.0,575.59,27428,157.87,2673, 15376, 56.06,0.5605950123960916,2021-12-24
NFL, EQ, 24-Dec-2021,50.4,50.95,51.25,49.8, 50.25,50.15,50.27,323185,162.48,2739, 113867, 35.23,0.35232761421476866,2021-12-24
NGIL, BE, 24-Dec-2021,266.2,274.4,279.0,260.0, 270.00,274.45,271.99,25090,68.24,342, -, -,,2021-12-24
NH, EQ, 24-Dec-2021,572.6,575.85,576.65,565.25, 567.75,571.95,570.8,45707,260.9,3194, 13318, 29.14,0.29137768831907584,2021-12-24
NHPC, EQ, 24-Dec-2021,30.9,30.9,31.0,30.1, 30.45,30.35,30.44,3175921,966.86,11258, 1615347, 50.86,0.5086231678936598,2021-12-24
NIACL, EQ, 24-Dec-2021,134.8,135.95,135.95,134.05, 135.20,134.9,134.82,135453,182.61,2708, 75156, 55.48,0.5548492835153153,2021-12-24
NIBL, EQ, 24-Dec-2021,22.05,22.05,22.9,21.2, 21.75,21.8,21.59,17667,3.81,299, 10208, 57.78,0.5778004188600215,2021-12-24
NIFTYBEES, EQ, 24-Dec-2021,184.1,187.5,187.5,180.1, 183.60,183.45,183.43,1561743,2864.76,20533, 612680, 39.23,0.39230526405432903,2021-12-24
NIITLTD, EQ, 24-Dec-2021,412.0,414.9,418.15,402.35, 407.00,407.5,409.44,419878,1719.16,10452, 137587, 32.77,0.32768327942878644,2021-12-24
NILAINFRA, BE, 24-Dec-2021,6.15,6.05,6.45,5.9, 6.20,6.15,6.14,403640,24.77,633, -, -,,2021-12-24
NILASPACES, BE, 24-Dec-2021,3.6,3.75,3.75,3.75, 3.75,3.75,3.75,92365,3.46,134, -, -,,2021-12-24
NILKAMAL, EQ, 24-Dec-2021,2380.35,2382.0,2428.6,2360.0, 2395.95,2407.45,2388.7,3721,88.88,926, 1257, 33.78,0.3378124160171997,2021-12-24
NIPPOBATRY, EQ, 24-Dec-2021,454.6,458.5,519.0,452.05, 488.00,490.2,499.94,141238,706.1,6978, 43712, 30.95,0.30949177983262294,2021-12-24
NIRAJ, EQ, 24-Dec-2021,31.55,31.35,32.4,29.6, 30.00,30.05,30.67,100118,30.71,889, 76537, 76.45,0.7644679278451427,2021-12-24
NITCO, EQ, 24-Dec-2021,30.05,30.55,30.55,28.75, 28.90,29.0,29.48,218627,64.45,1334, 152868, 69.92,0.6992183033202669,2021-12-24
NITINFIRE, BZ, 24-Dec-2021,1.65,1.7,1.7,1.7, 1.70,1.7,1.7,47460,0.81,42, -, -,,2021-12-24
NITINSPIN, BE, 24-Dec-2021,241.6,242.0,243.0,236.25, 239.00,237.9,238.5,32296,77.03,636, -, -,,2021-12-24
NITIRAJ, BE, 24-Dec-2021,78.7,80.0,81.5,74.8, 81.00,78.7,76.23,15427,11.76,172, -, -,,2021-12-24
NKIND, EQ, 24-Dec-2021,30.85,33.0,33.0,30.0, 30.55,30.9,31.19,1287,0.4,65, 1018, 79.10,0.790986790986791,2021-12-24
NLCINDIA, EQ, 24-Dec-2021,58.9,59.35,59.4,58.1, 58.40,58.4,58.47,753192,440.36,5951, 307926, 40.88,0.40882802791320144,2021-12-24
NMDC, EQ, 24-Dec-2021,134.95,135.9,135.9,131.8, 132.60,132.6,132.9,3530507,4691.92,23459, 1401263, 39.69,0.39690135156225437,2021-12-24
NOCIL, EQ, 24-Dec-2021,223.1,224.25,224.3,218.65, 221.50,220.75,220.71,320018,706.32,7117, 100190, 31.31,0.31307613946715496,2021-12-24
NOIDATOLL, EQ, 24-Dec-2021,7.65,7.8,7.8,7.35, 7.40,7.45,7.5,109767,8.24,310, 74528, 67.90,0.67896544498802,2021-12-24
NOVARTIND, EQ, 24-Dec-2021,785.15,790.0,794.0,775.15, 790.00,779.25,781.49,16278,127.21,2691, 7025, 43.16,0.431564074210591,2021-12-24
NPBET, EQ, 24-Dec-2021,182.33,205.0,205.0,177.1, 178.50,178.71,179.81,1253,2.25,73, 544, 43.42,0.43415802075019955,2021-12-24
NRAIL, EQ, 24-Dec-2021,238.65,240.4,242.3,236.0, 236.00,238.45,238.96,5652,13.51,314, 3830, 67.76,0.6776362349610757,2021-12-24
NRBBEARING, EQ, 24-Dec-2021,155.45,155.9,155.9,150.65, 151.95,151.6,152.69,153375,234.2,3549, 53234, 34.71,0.3470839445802771,2021-12-24
NSIL, EQ, 24-Dec-2021,1560.0,1609.0,1609.0,1520.1, 1521.00,1531.7,1551.12,339,5.26,142, 143, 42.18,0.4218289085545723,2021-12-24
NTL, BE, 24-Dec-2021,2.85,2.95,2.95,2.95, 2.95,2.95,2.95,96671,2.85,37, -, -,,2021-12-24
NTPC, EQ, 24-Dec-2021,124.55,124.8,125.0,120.9, 121.40,121.25,121.84,8509575,10367.64,51686, 4556537, 53.55,0.5354599965333169,2021-12-24
NUCLEUS, EQ, 24-Dec-2021,523.1,535.0,535.0,517.7, 524.00,524.15,523.78,55022,288.2,4010, 21936, 39.87,0.39867689287921193,2021-12-24
NURECA, EQ, 24-Dec-2021,1416.25,1420.25,1428.1,1391.5, 1400.00,1397.9,1401.29,2839,39.78,728, 1533, 54.00,0.5399788657978162,2021-12-24
NUVOCO, EQ, 24-Dec-2021,503.2,505.8,505.8,496.0, 497.00,497.15,499.04,134632,671.86,7466, 94278, 70.03,0.7002644245053182,2021-12-24
NXTDIGITAL, EQ, 24-Dec-2021,384.85,384.25,384.25,373.55, 374.00,374.45,376.64,16156,60.85,498, 3552, 21.99,0.21985640009903443,2021-12-24
NYKAA, EQ, 24-Dec-2021,2121.55,2120.0,2125.0,2028.0, 2037.00,2044.85,2073.42,977363,20264.81,67699, 285617, 29.22,0.2922322617082906,2021-12-24
OAL, EQ, 24-Dec-2021,682.7,690.0,713.0,681.15, 700.00,701.15,699.22,7492,52.39,698, 3897, 52.02,0.5201548318206086,2021-12-24
OBEROIRLTY, EQ, 24-Dec-2021,866.4,864.5,876.0,838.0, 840.90,842.45,851.21,571663,4866.06,17056, 98579, 17.24,0.17244250546213416,2021-12-24
OCCL, EQ, 24-Dec-2021,941.5,950.5,950.5,923.0, 931.50,933.4,940.67,2394,22.52,322, 1363, 56.93,0.5693400167084378,2021-12-24
OFSS, EQ, 24-Dec-2021,3993.7,4013.55,4020.0,3888.0, 3892.00,3905.65,3939.24,93348,3677.21,11992, 55942, 59.93,0.5992843981660024,2021-12-24
OIL, EQ, 24-Dec-2021,180.1,181.0,182.05,176.15, 177.00,176.85,178.25,460572,820.95,7500, 178719, 38.80,0.38803704958182433,2021-12-24
OILCOUNTUB, BE, 24-Dec-2021,9.85,10.05,10.1,9.4, 9.60,9.85,9.85,8939,0.88,134, -, -,,2021-12-24
OLECTRA, BE, 24-Dec-2021,803.05,809.95,809.95,775.05, 799.80,796.1,791.1,85521,676.56,4218, -, -,,2021-12-24
OMAXAUTO, EQ, 24-Dec-2021,50.95,52.75,52.75,49.2, 50.35,50.05,50.22,9457,4.75,177, 6883, 72.78,0.7278206619435339,2021-12-24
OMAXE, EQ, 24-Dec-2021,70.1,71.4,71.9,68.55, 69.05,69.45,69.87,41601,29.07,721, 21961, 52.79,0.5278959640393259,2021-12-24
OMINFRAL, EQ, 24-Dec-2021,33.9,34.35,34.35,32.6, 33.15,33.05,33.1,150484,49.81,1207, 86910, 57.75,0.5775364822838308,2021-12-24
OMKARCHEM, BE, 24-Dec-2021,41.65,42.5,42.5,39.6, 39.60,39.6,39.68,28429,11.28,163, -, -,,2021-12-24
ONELIFECAP, EQ, 24-Dec-2021,13.5,14.15,14.15,13.55, 14.15,14.15,14.14,32095,4.54,136, 26654, 83.05,0.8304720361427014,2021-12-24
ONEPOINT, BE, 24-Dec-2021,77.6,80.0,80.0,77.05, 79.70,79.0,79.03,28432,22.47,313, -, -,,2021-12-24
ONGC, EQ, 24-Dec-2021,140.5,141.55,141.6,137.2, 138.15,138.5,138.53,5657495,7837.24,35888, 1925711, 34.04,0.3403822716591,2021-12-24
ONMOBILE, EQ, 24-Dec-2021,99.4,99.5,101.0,95.8, 96.50,96.35,97.48,364644,355.47,4690, 229521, 62.94,0.6294385757067167,2021-12-24
ONWARDTEC, EQ, 24-Dec-2021,284.35,289.9,290.0,280.35, 284.00,282.8,285.24,17454,49.79,869, 8274, 47.40,0.4740460639394981,2021-12-24
OPTIEMUS, EQ, 24-Dec-2021,305.1,306.0,307.75,296.0, 304.00,300.95,300.88,67478,203.03,2328, 35080, 51.99,0.5198731438394736,2021-12-24
ORBTEXP, EQ, 24-Dec-2021,69.05,68.55,74.9,68.05, 70.10,70.5,72.1,49860,35.95,813, 17305, 34.71,0.3470718010429202,2021-12-24
ORCHPHARMA, BE, 24-Dec-2021,391.35,398.0,399.9,390.0, 394.00,393.6,395.6,5173,20.46,127, -, -,,2021-12-24
ORICONENT, EQ, 24-Dec-2021,39.3,39.6,40.8,39.15, 39.35,39.3,39.8,392216,156.1,2161, 223305, 56.93,0.5693418932424991,2021-12-24
ORIENTABRA, EQ, 24-Dec-2021,27.7,28.3,28.4,27.45, 27.75,27.9,27.94,113967,31.84,856, 59770, 52.45,0.5244500601051182,2021-12-24
ORIENTALTL, EQ, 24-Dec-2021,10.55,10.95,11.0,10.3, 10.35,10.45,10.59,128328,13.59,465, 76313, 59.47,0.5946714668661555,2021-12-24
ORIENTBELL, EQ, 24-Dec-2021,336.95,340.95,345.2,336.0, 340.95,339.1,339.88,8740,29.71,448, 6598, 75.49,0.7549199084668192,2021-12-24
ORIENTCEM, EQ, 24-Dec-2021,156.35,156.4,158.35,154.45, 155.60,155.4,155.83,189435,295.2,3673, 92632, 48.90,0.48899094676274185,2021-12-24
ORIENTELEC, EQ, 24-Dec-2021,370.4,373.4,375.95,368.0, 370.65,369.9,371.53,62224,231.18,4552, 15441, 24.82,0.24815183851889946,2021-12-24
ORIENTHOT, EQ, 24-Dec-2021,38.1,38.45,38.45,36.75, 37.70,37.65,37.42,92354,34.56,1311, 47447, 51.38,0.5137514346969271,2021-12-24
ORIENTLTD, EQ, 24-Dec-2021,71.6,71.65,74.35,71.6, 73.00,72.8,72.73,5085,3.7,81, 4194, 82.48,0.8247787610619469,2021-12-24
ORIENTPPR, EQ, 24-Dec-2021,31.1,31.3,31.3,30.45, 30.55,30.5,30.79,408705,125.82,1868, 179027, 43.80,0.43803476835370253,2021-12-24
ORISSAMINE, EQ, 24-Dec-2021,2319.8,2302.55,2333.0,2290.0, 2298.00,2302.2,2306.0,3645,84.05,1086, 1620, 44.44,0.4444444444444444,2021-12-24
ORTEL, BZ, 24-Dec-2021,1.5,1.55,1.55,1.45, 1.50,1.5,1.51,30149,0.45,19, -, -,,2021-12-24
ORTINLAB, EQ, 24-Dec-2021,32.3,32.6,33.7,31.0, 32.85,32.75,32.47,171042,55.54,1990, 73234, 42.82,0.42816384279884473,2021-12-24
OSWALAGRO, EQ, 24-Dec-2021,33.35,34.4,35.0,34.2, 35.00,35.0,34.92,209841,73.29,980, 160279, 76.38,0.7638116478667182,2021-12-24
PAGEIND, EQ, 24-Dec-2021,39790.65,39722.0,40033.35,39201.2, 39352.00,39294.85,39490.77,6135,2422.76,2942, 1588, 25.88,0.25884270578647106,2021-12-24
PAISALO, EQ, 24-Dec-2021,683.1,688.0,688.0,646.0, 655.00,659.0,659.91,92355,609.46,3440, 59438, 64.36,0.6435818309782902,2021-12-24
PALASHSECU, EQ, 24-Dec-2021,83.45,85.95,89.6,83.0, 87.30,88.7,87.22,8421,7.34,161, 6029, 71.59,0.7159482246764042,2021-12-24
PALREDTEC, BE, 24-Dec-2021,226.3,230.0,234.8,217.25, 220.00,221.05,226.57,34119,77.3,290, -, -,,2021-12-24
PANACEABIO, EQ, 24-Dec-2021,194.95,197.7,197.7,190.0, 191.55,191.2,191.79,37545,72.01,1320, 18543, 49.39,0.4938873351977627,2021-12-24
PANACHE, EQ, 24-Dec-2021,65.3,66.05,67.0,66.0, 66.15,66.4,66.36,4016,2.66,96, 3640, 90.64,0.9063745019920318,2021-12-24
PANAMAPET, EQ, 24-Dec-2021,249.2,251.3,251.3,239.35, 245.20,245.85,242.64,156507,379.75,5007, 90752, 57.99,0.5798590478381158,2021-12-24
PANSARI, BE, 24-Dec-2021,128.3,134.7,134.7,134.7, 134.70,134.7,134.7,185,0.25,11, -, -,,2021-12-24
PAR, EQ, 24-Dec-2021,192.5,188.1,201.7,187.95, 199.70,197.6,194.44,13399,26.05,324, 10928, 81.56,0.8155832524815285,2021-12-24
PARACABLES, BE, 24-Dec-2021,12.65,12.75,13.15,12.4, 12.85,12.95,12.87,292084,37.6,542, -, -,,2021-12-24
PARAGMILK, EQ, 24-Dec-2021,108.6,109.15,109.2,106.8, 107.70,107.6,107.66,199932,215.24,3591, 73180, 36.60,0.3660244483124262,2021-12-24
PARAS, EQ, 24-Dec-2021,698.15,697.4,704.45,683.0, 685.00,686.0,688.95,166385,1146.31,10773, 51407, 30.90,0.30896414941250716,2021-12-24
PARSVNATH, EQ, 24-Dec-2021,22.1,21.9,22.45,21.25, 21.80,21.75,21.8,561617,122.45,2021, 303662, 54.07,0.5406923223477922,2021-12-24
PASUPTAC, EQ, 24-Dec-2021,39.85,40.9,45.55,39.85, 43.65,42.9,43.17,2762344,1192.61,18901, 806201, 29.19,0.29185394722742714,2021-12-24
PATELENG, EQ, 24-Dec-2021,28.8,28.6,31.0,28.45, 29.30,29.2,29.96,4894470,1466.47,10043, 1723440, 35.21,0.35211984137199737,2021-12-24
PATINTLOG, EQ, 24-Dec-2021,14.95,15.15,15.15,14.35, 14.50,14.6,14.63,59420,8.7,371, 37770, 63.56,0.635644564119825,2021-12-24
PATSPINLTD, EQ, 24-Dec-2021,10.7,11.2,11.2,11.0, 11.20,11.2,11.2,26104,2.92,94, 25841, 98.99,0.9899249157217285,2021-12-24
PAYTM, EQ, 24-Dec-2021,1348.8,1348.7,1381.0,1331.15, 1368.00,1369.55,1354.48,1340599,18158.19,49451, 661901, 49.37,0.4937352631174572,2021-12-24
PBAINFRA, EQ, 24-Dec-2021,13.4,14.0,14.0,12.95, 13.30,13.3,13.28,16900,2.24,66, 11103, 65.70,0.6569822485207101,2021-12-24
PCJEWELLER, EQ, 24-Dec-2021,25.1,25.25,25.3,24.45, 24.70,24.6,24.67,703398,173.54,1956, 298592, 42.45,0.424499358826724,2021-12-24
PDMJEPAPER, EQ, 24-Dec-2021,34.8,35.1,35.1,34.25, 34.70,34.5,34.51,63680,21.97,561, 48177, 75.65,0.7565483668341708,2021-12-24
PDSMFL, EQ, 24-Dec-2021,1664.9,1664.0,1670.4,1601.25, 1605.25,1629.05,1632.64,2980,48.65,289, 2600, 87.25,0.87248322147651,2021-12-24
PEARLPOLY, EQ, 24-Dec-2021,17.25,17.6,17.75,16.75, 17.35,17.25,17.2,97433,16.76,572, 66731, 68.49,0.6848911559738486,2021-12-24
PEL, EQ, 24-Dec-2021,2599.25,2610.0,2625.0,2563.7, 2570.00,2576.8,2592.53,354735,9196.61,17611, 83675, 23.59,0.2358803050164207,2021-12-24
PENIND, EQ, 24-Dec-2021,31.7,32.0,32.0,30.6, 31.20,31.05,31.08,472961,147.01,2325, 228257, 48.26,0.4826127312822833,2021-12-24
PENINLAND, BE, 24-Dec-2021,15.05,14.75,15.6,14.4, 15.35,15.25,14.88,247552,36.83,369, -, -,,2021-12-24
PERSISTENT, EQ, 24-Dec-2021,4629.7,4691.0,4788.8,4602.5, 4619.95,4618.05,4679.01,365104,17083.26,33061, 88421, 24.22,0.24218031026775932,2021-12-24
PETRONET, EQ, 24-Dec-2021,218.65,219.9,220.0,215.7, 216.15,216.05,216.73,497767,1078.8,7046, 165267, 33.20,0.33201678697061077,2021-12-24
PFC, EQ, 24-Dec-2021,120.4,121.0,121.4,117.8, 118.10,118.05,118.77,1700026,2019.15,14891, 618831, 36.40,0.3640126680415476,2021-12-24
PFIZER, EQ, 24-Dec-2021,5141.7,5160.0,5170.0,5015.2, 5055.00,5053.4,5071.32,78953,4003.96,7981, 8038, 10.18,0.10180740440515243,2021-12-24
PFOCUS, EQ, 24-Dec-2021,67.55,68.75,68.95,65.5, 66.05,66.7,66.56,10794,7.18,234, 7973, 73.87,0.7386511024643321,2021-12-24
PFS, EQ, 24-Dec-2021,18.45,18.4,18.5,18.1, 18.35,18.3,18.27,424713,77.61,1222, 239364, 56.36,0.5635900007769953,2021-12-24
PGEL, EQ, 24-Dec-2021,694.05,694.05,710.05,688.25, 698.00,701.1,701.02,58638,411.07,9840, 17509, 29.86,0.29859476789795014,2021-12-24
PGHH, EQ, 24-Dec-2021,14707.6,14707.6,14737.1,14360.0, 14680.00,14686.8,14533.09,5779,839.87,2582, 2552, 44.16,0.4415988925419623,2021-12-24
PGHL, EQ, 24-Dec-2021,5191.2,5167.5,5200.0,5090.0, 5109.85,5103.25,5117.46,4365,223.38,1782, 2252, 51.59,0.515922107674685,2021-12-24
PGIL, EQ, 24-Dec-2021,326.85,328.0,334.9,315.1, 315.10,319.45,322.39,12213,39.37,628, 8367, 68.51,0.6850896585605503,2021-12-24
PHILIPCARB, EQ, 24-Dec-2021,224.25,225.2,234.9,223.3, 230.10,229.9,230.23,1360101,3131.34,25530, 441961, 32.49,0.32494719142181355,2021-12-24
PHOENIXLTD, EQ, 24-Dec-2021,1013.7,1000.05,1019.05,983.25, 998.10,999.55,997.3,177020,1765.41,19486, 77827, 43.97,0.4396508869054344,2021-12-24
PIDILITIND, EQ, 24-Dec-2021,2421.4,2423.1,2448.95,2405.0, 2410.55,2410.2,2423.39,174813,4236.4,16515, 69203, 39.59,0.3958687282982387,2021-12-24
PIIND, EQ, 24-Dec-2021,2940.05,2960.0,2960.0,2890.0, 2897.00,2902.9,2916.04,167585,4886.84,11816, 105289, 62.83,0.6282722200674284,2021-12-24
PILANIINVS, EQ, 24-Dec-2021,1866.2,1870.0,1870.0,1825.0, 1832.00,1832.15,1840.41,2452,45.13,483, 1652, 67.37,0.6737357259380098,2021-12-24
PILITA, EQ, 24-Dec-2021,7.35,7.45,7.55,7.25, 7.35,7.4,7.39,692240,51.14,1239, 478769, 69.16,0.6916228475673177,2021-12-24
PIONDIST, EQ, 24-Dec-2021,181.95,180.95,184.1,178.0, 178.00,179.35,180.07,4242,7.64,86, 2169, 51.13,0.5113154172560113,2021-12-24
PIONEEREMB, EQ, 24-Dec-2021,63.0,62.6,63.2,60.8, 61.40,61.25,61.55,84769,52.17,1190, 43706, 51.56,0.5155894253795609,2021-12-24
PITTIENG, EQ, 24-Dec-2021,218.3,218.6,224.8,208.0, 215.00,215.6,215.16,185960,400.1,3658, 91231, 49.06,0.49059475155947513,2021-12-24
PKTEA, BE, 24-Dec-2021,294.0,295.0,295.0,280.05, 281.00,281.0,284.2,350,0.99,17, -, -,,2021-12-24
PLASTIBLEN, EQ, 24-Dec-2021,220.2,221.15,224.0,219.6, 220.40,220.7,221.07,7450,16.47,232, 4977, 66.81,0.6680536912751678,2021-12-24
PNB, EQ, 24-Dec-2021,38.0,38.0,38.15,36.25, 36.95,36.85,37.04,57414841,21268.85,71815, 13679578, 23.83,0.23825857150766994,2021-12-24
PNBGILTS, EQ, 24-Dec-2021,67.45,67.95,68.9,66.75, 67.40,67.6,67.86,215680,146.36,3438, 99261, 46.02,0.46022347922848666,2021-12-24
PNBHOUSING, EQ, 24-Dec-2021,509.25,515.9,515.9,492.35, 496.50,496.45,499.6,122525,612.14,3738, 52245, 42.64,0.426402774943889,2021-12-24
PNC, EQ, 24-Dec-2021,47.85,48.55,49.9,47.15, 48.25,48.85,48.63,23900,11.62,514, 11795, 49.35,0.4935146443514644,2021-12-24
PNCINFRA, EQ, 24-Dec-2021,269.25,273.8,273.8,263.2, 264.90,265.05,267.42,153494,410.47,4787, 64313, 41.90,0.41899357629614187,2021-12-24
PODDARHOUS, EQ, 24-Dec-2021,182.8,181.55,186.75,181.1, 182.20,184.25,184.13,946,1.74,65, 644, 68.08,0.6807610993657506,2021-12-24
PODDARMENT, EQ, 24-Dec-2021,283.6,283.15,286.8,278.0, 281.80,280.15,280.89,2182,6.13,175, 1550, 71.04,0.7103574702108157,2021-12-24
POKARNA, EQ, 24-Dec-2021,698.8,707.3,735.5,684.0, 721.50,722.2,720.21,136034,979.73,10094, 51841, 38.11,0.3810885513915639,2021-12-24
POLICYBZR, EQ, 24-Dec-2021,979.6,985.0,990.0,975.0, 985.15,983.05,985.19,433142,4267.29,16026, 239674, 55.33,0.5533381662364767,2021-12-24
POLYCAB, EQ, 24-Dec-2021,2390.3,2394.2,2394.2,2330.05, 2345.00,2339.15,2349.27,163106,3831.8,13707, 40608, 24.90,0.24896692948144153,2021-12-24
POLYMED, EQ, 24-Dec-2021,921.8,921.85,921.85,900.0, 900.05,904.15,910.0,24190,220.13,3273, 12789, 52.87,0.5286895411326995,2021-12-24
POLYPLEX, EQ, 24-Dec-2021,1834.2,1837.05,1843.0,1815.65, 1817.40,1820.9,1826.36,63412,1158.13,6407, 24819, 39.14,0.39139279631615465,2021-12-24
PONNIERODE, EQ, 24-Dec-2021,206.0,208.6,208.6,203.3, 206.45,205.55,205.16,2987,6.13,173, 1463, 48.98,0.4897890860395045,2021-12-24
POONAWALLA, EQ, 24-Dec-2021,202.15,203.4,203.85,195.5, 197.50,196.8,198.51,1850588,3673.6,12999, 804471, 43.47,0.43471102157800656,2021-12-24
POWERGRID, EQ, 24-Dec-2021,208.35,208.2,208.7,204.85, 205.15,205.4,206.08,6731977,13873.46,59820, 3451321, 51.27,0.5126756969015194,2021-12-24
POWERINDIA, EQ, 24-Dec-2021,2555.5,2569.0,2585.0,2522.2, 2551.00,2541.55,2542.94,6017,153.01,1669, 1666, 27.69,0.2768821671929533,2021-12-24
POWERMECH, EQ, 24-Dec-2021,959.2,957.75,957.75,941.0, 941.15,941.95,945.49,3178,30.05,476, 1753, 55.16,0.551604782882316,2021-12-24
PPAP, EQ, 24-Dec-2021,218.35,223.0,223.0,213.35, 216.10,216.15,215.62,12654,27.28,480, 8475, 66.97,0.6697486960644855,2021-12-24
PPL, EQ, 24-Dec-2021,131.75,132.15,134.0,129.5, 130.00,130.45,131.09,43627,57.19,1526, 20316, 46.57,0.4656749260778876,2021-12-24
PRAENG, EQ, 24-Dec-2021,19.35,20.4,21.2,19.55, 20.50,20.35,20.64,621175,128.2,1679, 378480, 60.93,0.6092968970096994,2021-12-24
PRAJIND, EQ, 24-Dec-2021,306.45,310.25,311.0,303.2, 306.00,305.75,305.45,194830,595.1,7078, 117753, 60.44,0.6043884412051532,2021-12-24
PRAKASH, EQ, 24-Dec-2021,54.3,54.8,54.8,53.15, 53.70,53.65,53.83,339970,183.0,1683, 259000, 76.18,0.7618319263464424,2021-12-24
PRAKASHSTL, EQ, 24-Dec-2021,5.15,5.4,5.4,5.25, 5.40,5.4,5.39,1205831,64.99,1139, 836201, 69.35,0.6934645070494954,2021-12-24
PRAXIS, BE, 24-Dec-2021,40.0,40.8,40.8,38.8, 38.80,38.95,39.42,8165,3.22,65, -, -,,2021-12-24
PRECAM, EQ, 24-Dec-2021,130.0,129.5,131.5,126.1, 128.40,128.3,128.42,194674,250.01,5097, 95512, 49.06,0.49062535315450445,2021-12-24
PRECOT, EQ, 24-Dec-2021,278.75,282.3,282.3,271.0, 271.00,273.8,274.19,10482,28.74,1282, 2875, 27.43,0.2742797176111429,2021-12-24
PRECWIRE, EQ, 24-Dec-2021,80.8,80.15,80.15,74.0, 74.85,75.1,76.83,479812,368.62,6803, 221595, 46.18,0.46183713621168293,2021-12-24
PREMEXPLN, EQ, 24-Dec-2021,239.0,245.95,245.95,238.0, 238.50,238.8,239.16,2416,5.78,100, 1965, 81.33,0.8133278145695364,2021-12-24
PREMIER, BE, 24-Dec-2021,11.35,10.8,11.2,10.8, 10.85,11.1,10.82,118312,12.8,269, -, -,,2021-12-24
PREMIERPOL, EQ, 24-Dec-2021,75.25,76.1,82.75,75.0, 82.75,82.7,80.09,48783,39.07,1075, 27333, 56.03,0.5602976446712994,2021-12-24
PRESSMN, EQ, 24-Dec-2021,29.4,29.4,31.9,29.0, 30.65,30.75,30.93,147539,45.63,1097, 87181, 59.09,0.5909013887853382,2021-12-24
PRESTIGE, EQ, 24-Dec-2021,471.65,471.65,473.95,458.95, 467.05,467.4,464.94,452767,2105.11,10297, 106068, 23.43,0.23426618989458153,2021-12-24
PRICOLLTD, EQ, 24-Dec-2021,114.95,115.1,115.85,111.8, 112.15,112.85,113.18,452237,511.84,7189, 136022, 30.08,0.30077592059030994,2021-12-24
PRIMESECU, EQ, 24-Dec-2021,98.45,98.05,100.5,97.05, 100.50,99.5,99.22,23055,22.87,455, 18162, 78.78,0.7877683799609629,2021-12-24
PRINCEPIPE, EQ, 24-Dec-2021,700.8,708.45,708.45,692.0, 697.95,695.7,696.5,67798,472.21,8207, 37507, 55.32,0.5532169090533644,2021-12-24
PRITIKAUTO, EQ, 24-Dec-2021,18.2,18.0,20.15,18.0, 19.00,18.95,19.34,601829,116.36,1700, 280804, 46.66,0.4665843620031604,2021-12-24
PRIVISCL, EQ, 24-Dec-2021,1794.8,1798.8,1850.0,1750.0, 1764.40,1754.45,1788.04,15200,271.78,4143, 7926, 52.14,0.5214473684210527,2021-12-24
PROZONINTU, EQ, 24-Dec-2021,36.8,36.8,37.65,35.35, 35.75,35.6,36.26,1193136,432.61,7237, 592019, 49.62,0.49618735835646566,2021-12-24
PRSMJOHNSN, EQ, 24-Dec-2021,128.95,129.7,130.1,127.0, 128.40,128.15,128.28,133311,171.01,2161, 76203, 57.16,0.5716182460562144,2021-12-24
PSB, EQ, 24-Dec-2021,16.0,16.15,16.15,15.6, 15.90,15.9,15.91,548726,87.28,1281, 277016, 50.48,0.5048348356010104,2021-12-24
PSPPROJECT, EQ, 24-Dec-2021,465.1,473.8,473.8,461.35, 465.00,464.55,466.56,82075,382.93,4194, 24848, 30.27,0.3027474870545233,2021-12-24
PSUBNKBEES, EQ, 24-Dec-2021,27.81,27.81,28.11,27.12, 27.30,27.29,27.32,1238769,338.41,2944, 935800, 75.54,0.7554273637780732,2021-12-24
PTC, EQ, 24-Dec-2021,107.7,108.7,112.9,105.6, 106.10,106.15,107.43,704331,756.69,9006, 316624, 44.95,0.44953864021319523,2021-12-24
PTL, EQ, 24-Dec-2021,33.0,36.75,39.6,36.15, 39.60,39.6,38.67,2645920,1023.09,11629, 966682, 36.53,0.3653481586744875,2021-12-24
PUNJABCHEM, EQ, 24-Dec-2021,1345.1,1368.95,1368.95,1331.2, 1347.50,1342.45,1342.45,4667,62.65,822, 2702, 57.90,0.5789586458110135,2021-12-24
PUNJLLOYD, BZ, 24-Dec-2021,3.8,3.95,3.95,3.95, 3.95,3.95,3.95,513213,20.27,130, -, -,,2021-12-24
PURVA, EQ, 24-Dec-2021,132.4,133.7,133.7,129.45, 131.05,130.95,131.06,61303,80.34,1781, 27885, 45.49,0.45487170285304146,2021-12-24
PVP, BE, 24-Dec-2021,6.55,6.75,6.75,6.25, 6.50,6.3,6.36,333671,21.23,366, -, -,,2021-12-24
PVR, EQ, 24-Dec-2021,1357.6,1370.0,1370.0,1312.5, 1316.00,1318.9,1334.69,932542,12446.53,32889, 135441, 14.52,0.14523849864134805,2021-12-24
QGOLDHALF, EQ, 24-Dec-2021,41.4,41.9,41.9,41.25, 41.45,41.5,41.48,33463,13.88,175, 30776, 91.97,0.9197023578280489,2021-12-24
QNIFTY, EQ, 24-Dec-2021,1780.0,1771.2,1771.2,1766.0, 1768.95,1768.95,1768.85,21,0.37,7, 15, 71.43,0.7142857142857143,2021-12-24
QUESS, EQ, 24-Dec-2021,805.3,809.0,811.2,794.3, 800.00,800.4,801.0,40369,323.35,4680, 14025, 34.74,0.3474200500383958,2021-12-24
QUICKHEAL, EQ, 24-Dec-2021,225.0,226.95,229.6,224.0, 226.55,228.3,227.23,141071,320.56,3764, 52918, 37.51,0.37511607630200394,2021-12-24
RADAAN, BE, 24-Dec-2021,1.3,1.25,1.35,1.25, 1.35,1.35,1.28,14767,0.19,35, -, -,,2021-12-24
RADICO, EQ, 24-Dec-2021,1179.65,1181.15,1234.0,1138.6, 1210.00,1198.95,1199.59,2141094,25684.34,92410, 366976, 17.14,0.17139649170003746,2021-12-24
RADIOCITY, EQ, 24-Dec-2021,23.0,23.0,23.1,22.75, 23.00,23.0,22.89,162122,37.11,296, 115866, 71.47,0.7146840034048433,2021-12-24
RAILTEL, EQ, 24-Dec-2021,116.4,117.3,117.3,115.1, 115.55,115.55,115.8,273719,316.97,3865, 122247, 44.66,0.4466149591369251,2021-12-24
RAIN, EQ, 24-Dec-2021,201.8,202.9,202.95,200.6, 201.00,201.55,201.73,853168,1721.13,9773, 321669, 37.70,0.37702890872606565,2021-12-24
RAJESHEXPO, EQ, 24-Dec-2021,748.5,750.4,750.4,741.5, 744.00,745.45,745.56,383629,2860.2,3958, 183647, 47.87,0.47870989940802183,2021-12-24
RAJMET, EQ, 24-Dec-2021,162.15,162.1,162.1,159.3, 161.90,161.35,160.7,11406,18.33,209, 8824, 77.36,0.7736279151323865,2021-12-24
RAJRATAN, BE, 24-Dec-2021,2055.95,2085.0,2085.0,1953.2, 2041.00,1996.05,1989.38,6875,136.77,680, -, -,,2021-12-24
RAJSREESUG, BE, 24-Dec-2021,32.9,34.5,34.5,32.9, 33.35,34.2,34.07,62465,21.28,582, -, -,,2021-12-24
RAJTV, EQ, 24-Dec-2021,36.9,37.75,37.75,35.6, 36.15,36.35,36.48,7148,2.61,135, 3091, 43.24,0.4324286513710129,2021-12-24
RALLIS, EQ, 24-Dec-2021,262.85,264.2,264.2,252.1, 260.00,257.3,258.56,116897,302.25,3542, 38263, 32.73,0.3273223436016322,2021-12-24
RAMANEWS, EQ, 24-Dec-2021,19.0,19.35,19.35,17.85, 18.00,18.25,18.36,188078,34.54,521, 124105, 65.99,0.6598592073501419,2021-12-24
RAMASTEEL, EQ, 24-Dec-2021,257.7,259.8,263.0,233.3, 237.90,237.95,246.65,177129,436.9,2944, 70232, 39.65,0.39650198442942713,2021-12-24
RAMCOCEM, EQ, 24-Dec-2021,998.0,1000.0,1000.0,979.8, 992.70,991.1,988.67,162077,1602.4,3079, 101711, 62.75,0.6275474003097293,2021-12-24
RAMCOIND, EQ, 24-Dec-2021,241.0,241.0,246.3,235.6, 243.00,244.4,241.14,51053,123.11,2319, 20564, 40.28,0.4027970932168531,2021-12-24
RAMCOSYS, EQ, 24-Dec-2021,464.05,466.0,480.0,461.0, 462.00,463.4,470.69,150196,706.96,6147, 34652, 23.07,0.23071186982343073,2021-12-24
RAMKY, EQ, 24-Dec-2021,201.15,202.7,204.8,199.1, 203.70,202.7,201.87,78683,158.84,2164, 42700, 54.27,0.5426839342678851,2021-12-24
RANASUG, EQ, 24-Dec-2021,23.8,24.45,24.45,23.6, 23.90,23.7,23.81,220941,52.61,1135, 137914, 62.42,0.6242118936729715,2021-12-24
RANEENGINE, EQ, 24-Dec-2021,263.65,264.0,269.9,260.35, 263.00,262.65,263.94,4427,11.68,413, 2433, 54.96,0.54958210978089,2021-12-24
RANEHOLDIN, EQ, 24-Dec-2021,589.9,586.35,586.4,575.0, 584.90,581.65,581.3,10156,59.04,762, 5198, 51.18,0.5118156754627806,2021-12-24
RATEGAIN, EQ, 24-Dec-2021,382.7,380.25,381.85,361.3, 370.70,371.7,369.7,1230112,4547.76,29965, 441605, 35.90,0.35899576623917173,2021-12-24
RATNAMANI, EQ, 24-Dec-2021,1902.15,1900.0,1911.7,1855.6, 1900.00,1883.8,1889.68,9268,175.14,1763, 4244, 45.79,0.45791972378075096,2021-12-24
RAYMOND, EQ, 24-Dec-2021,635.65,639.9,640.0,620.15, 622.50,623.0,625.59,291411,1823.03,8540, 86371, 29.64,0.29638894894152934,2021-12-24
RBL, EQ, 24-Dec-2021,749.55,747.95,754.4,730.0, 733.00,737.7,740.25,1977,14.63,444, 978, 49.47,0.4946889226100152,2021-12-24
RBLBANK, EQ, 24-Dec-2021,177.95,178.85,179.3,172.25, 173.00,172.9,173.98,4530048,7881.53,29438, 936580, 20.67,0.206748361165268,2021-12-24
RCF, EQ, 24-Dec-2021,74.2,74.45,74.65,72.15, 72.55,72.65,73.2,1583204,1158.89,9238, 452497, 28.58,0.2858109251871521,2021-12-24
RCOM, EQ, 24-Dec-2021,3.75,3.75,3.8,3.55, 3.65,3.65,3.64,28542741,1039.8,45526, 14441472, 50.60,0.5059595362617767,2021-12-24
RECLTD, EQ, 24-Dec-2021,132.55,133.4,133.4,131.1, 131.50,131.4,131.62,3007541,3958.55,20443, 1205453, 40.08,0.4008101635189678,2021-12-24
REDINGTON, EQ, 24-Dec-2021,145.9,146.5,146.7,142.55, 144.75,144.55,144.03,1205077,1735.66,12091, 584949, 48.54,0.4854038372651706,2021-12-24
REFEX, EQ, 24-Dec-2021,122.7,123.8,124.45,120.25, 121.50,121.3,121.72,34278,41.72,1212, 13413, 39.13,0.39130054262208996,2021-12-24
RELAXO, EQ, 24-Dec-2021,1248.9,1255.5,1255.5,1234.0, 1247.00,1243.6,1246.77,94695,1180.63,10586, 42177, 44.54,0.44539838428639317,2021-12-24
RELCAPITAL, BE, 24-Dec-2021,13.9,14.2,14.25,13.3, 13.70,13.65,13.65,579829,79.14,4096, -, -,,2021-12-24
RELIANCE, EQ, 24-Dec-2021,2365.25,2370.0,2392.0,2337.55, 2367.15,2372.8,2360.96,3639616,85929.81,159321, 1160672, 31.89,0.3188995762190297,2021-12-24
RELIGARE, EQ, 24-Dec-2021,138.9,138.9,139.5,133.0, 133.60,134.25,135.38,1106029,1497.38,7726, 492331, 44.51,0.4451338979357684,2021-12-24
RELINFRA, BE, 24-Dec-2021,93.8,94.9,94.9,90.1, 91.90,91.95,91.71,702851,644.62,3720, -, -,,2021-12-24
REMSONSIND, EQ, 24-Dec-2021,216.5,215.0,222.05,214.45, 219.95,219.4,217.04,9675,21.0,537, 2606, 26.94,0.26935400516795865,2021-12-24
RENUKA, EQ, 24-Dec-2021,28.7,28.8,29.4,28.1, 28.35,28.25,28.51,2918326,831.89,6327, 1270448, 43.53,0.4353345034105168,2021-12-24
REPCOHOME, EQ, 24-Dec-2021,263.35,265.0,265.35,254.85, 261.50,258.45,258.06,91111,235.12,6424, 54346, 59.65,0.5964812152209942,2021-12-24
REPL, EQ, 24-Dec-2021,212.8,214.0,222.8,201.15, 211.20,212.5,216.43,180751,391.2,4117, 81133, 44.89,0.4488661196895176,2021-12-24
REPRO, EQ, 24-Dec-2021,535.25,540.75,551.0,530.5, 539.95,534.5,535.13,1280,6.85,195, 792, 61.88,0.61875,2021-12-24
RESPONIND, EQ, 24-Dec-2021,110.45,111.85,112.4,108.5, 109.50,109.5,110.63,71008,78.56,1152, 12809, 18.04,0.1803881252816584,2021-12-24
REVATHI, EQ, 24-Dec-2021,686.05,675.3,688.0,655.05, 658.10,662.1,663.79,1147,7.61,118, 829, 72.28,0.7227550130775937,2021-12-24
RGL, EQ, 24-Dec-2021,941.75,950.0,950.0,918.0, 920.30,924.1,928.58,27631,256.58,642, 1366, 4.94,0.049437226303789224,2021-12-24
RHFL, EQ, 24-Dec-2021,4.45,4.6,4.6,4.25, 4.35,4.3,4.36,1473011,64.16,1736, 1052257, 71.44,0.7143578696968319,2021-12-24
RHIM, EQ, 24-Dec-2021,364.1,366.0,367.2,356.0, 356.00,357.1,359.91,49606,178.54,2311, 30137, 60.75,0.6075273152441237,2021-12-24
RICOAUTO, EQ, 24-Dec-2021,42.25,42.5,44.3,42.0, 42.95,43.0,42.98,520022,223.52,2799, 266504, 51.25,0.5124860102072605,2021-12-24
RIIL, EQ, 24-Dec-2021,867.3,871.7,872.55,837.0, 848.70,850.2,853.05,799797,6822.68,26204, 112558, 14.07,0.14073321105230452,2021-12-24
RITES, EQ, 24-Dec-2021,262.7,263.65,263.65,258.25, 258.45,259.3,259.9,89090,231.54,4125, 54529, 61.21,0.6120664496576496,2021-12-24
RKEC, EQ, 24-Dec-2021,62.25,62.1,63.5,61.15, 61.50,61.7,62.08,18578,11.53,161, 16345, 87.98,0.8798040693293142,2021-12-24
RKFORGE, EQ, 24-Dec-2021,950.15,965.0,968.1,943.65, 950.00,947.65,949.83,89629,851.32,7046, 53694, 59.91,0.5990694975956443,2021-12-24
RMCL, BZ, 24-Dec-2021,2.5,2.6,2.6,2.55, 2.55,2.55,2.6,135637,3.52,150, -, -,,2021-12-24
RML, EQ, 24-Dec-2021,333.8,331.0,336.8,326.0, 329.10,332.15,330.62,4746,15.69,241, 3275, 69.01,0.690054782975137,2021-12-24
RNAVAL, BZ, 24-Dec-2021,4.65,4.85,4.85,4.85, 4.85,4.85,4.85,494393,23.98,300, -, -,,2021-12-24
ROHITFERRO, BE, 24-Dec-2021,31.95,33.5,33.5,33.5, 33.50,33.5,33.5,54181,18.15,173, -, -,,2021-12-24
ROHLTD, BE, 24-Dec-2021,84.3,85.2,85.2,81.75, 83.20,83.45,82.98,19077,15.83,96, -, -,,2021-12-24
ROLEXRINGS, EQ, 24-Dec-2021,1140.7,1141.0,1165.0,1125.95, 1151.00,1141.1,1135.12,34944,396.66,3554, 23994, 68.66,0.6866414835164835,2021-12-24
ROLLT, EQ, 24-Dec-2021,4.45,4.6,4.6,4.25, 4.25,4.25,4.32,4988939,215.53,2014, 2511646, 50.34,0.5034429164197036,2021-12-24
ROLTA, BZ, 24-Dec-2021,6.4,6.7,6.7,6.3, 6.70,6.7,6.64,1133004,75.22,1605, -, -,,2021-12-24
ROML, BE, 24-Dec-2021,75.25,76.8,76.8,73.35, 74.40,74.7,74.44,4224,3.14,95, -, -,,2021-12-24
ROSSARI, EQ, 24-Dec-2021,1266.75,1277.4,1277.4,1240.0, 1247.00,1245.65,1251.8,31545,394.88,4839, 15300, 48.50,0.48502139800285304,2021-12-24
ROSSELLIND, EQ, 24-Dec-2021,134.4,134.9,136.6,129.4, 130.50,130.55,132.56,38685,51.28,543, 20105, 51.97,0.5197104820990048,2021-12-24
ROUTE, EQ, 24-Dec-2021,1708.2,1717.0,1717.85,1685.0, 1700.00,1697.2,1697.41,49786,845.07,6074, 25330, 50.88,0.5087775679910015,2021-12-24
RPGLIFE, EQ, 24-Dec-2021,604.7,615.0,615.0,595.05, 596.80,597.15,602.87,15589,93.98,1262, 6401, 41.06,0.4106100455449355,2021-12-24
RPOWER, BE, 24-Dec-2021,13.0,13.0,13.0,12.6, 12.75,12.75,12.73,6247019,795.22,13245, -, -,,2021-12-24
RPPINFRA, EQ, 24-Dec-2021,54.6,54.95,55.4,53.4, 53.95,53.65,54.0,57182,30.88,1174, 26542, 46.42,0.46416704557378197,2021-12-24
RPPL, EQ, 24-Dec-2021,265.9,272.8,276.55,256.85, 273.00,271.6,269.89,26218,70.76,1103, 18440, 70.33,0.7033335876115646,2021-12-24
RPSGVENT, EQ, 24-Dec-2021,703.4,709.6,746.0,700.05, 741.50,738.9,729.83,115836,845.4,5597, 44498, 38.41,0.38414655202182396,2021-12-24
RSSOFTWARE, EQ, 24-Dec-2021,38.25,38.5,41.8,38.5, 39.70,39.85,40.19,615327,247.3,4112, 332499, 54.04,0.5403614663422863,2021-12-24
RSWM, EQ, 24-Dec-2021,454.6,457.7,465.6,440.3, 443.00,445.2,451.37,64042,289.07,3540, 25768, 40.24,0.40236095062615157,2021-12-24
RSYSTEMS, EQ, 24-Dec-2021,304.05,305.75,314.5,304.1, 307.00,307.65,309.51,111914,346.39,4842, 46983, 41.98,0.4198134281680576,2021-12-24
RTNINDIA, EQ, 24-Dec-2021,50.7,50.65,50.85,48.2, 48.20,48.2,48.65,2984361,1452.01,10757, 1648888, 55.25,0.5525095656993239,2021-12-24
RTNPOWER, EQ, 24-Dec-2021,5.65,5.9,5.9,5.65, 5.90,5.9,5.88,37733835,2218.07,29762, 20197096, 53.53,0.5352516117166464,2021-12-24
RUBYMILLS, EQ, 24-Dec-2021,263.75,269.5,269.9,260.1, 260.10,262.0,264.19,6035,15.94,414, 3264, 54.08,0.5408450704225352,2021-12-24
RUCHI, EQ, 24-Dec-2021,847.15,849.4,874.0,830.0, 861.40,859.1,854.23,21769,185.96,2930, 7678, 35.27,0.3527033855482567,2021-12-24
RUCHINFRA, BE, 24-Dec-2021,7.6,7.95,7.95,7.8, 7.95,7.95,7.93,189044,15.0,353, -, -,,2021-12-24
RUCHIRA, EQ, 24-Dec-2021,76.95,77.5,77.5,75.4, 75.90,75.75,75.92,5710,4.34,119, 4441, 77.78,0.7777583187390543,2021-12-24
RUPA, EQ, 24-Dec-2021,404.4,407.5,407.6,398.45, 400.00,400.05,401.86,64538,259.36,2505, 28201, 43.70,0.4369673680622269,2021-12-24
RUSHIL, EQ, 24-Dec-2021,404.1,424.3,424.3,406.5, 424.30,424.3,422.83,108996,460.86,2068, 63706, 58.45,0.5844801644097031,2021-12-24
RVHL, EQ, 24-Dec-2021,25.25,24.5,25.3,24.3, 24.50,24.6,24.86,15906,3.95,120, 12223, 76.85,0.7684521564189614,2021-12-24
RVNL, EQ, 24-Dec-2021,34.15,34.35,34.4,33.35, 33.90,33.85,33.84,2380205,805.57,13412, 815412, 34.26,0.34258057604281983,2021-12-24
S&SPOWER, EQ, 24-Dec-2021,29.9,31.35,31.35,28.65, 31.35,31.35,31.3,6133,1.92,82, 5748, 93.72,0.9372248491765857,2021-12-24
SABEVENTS, BE, 24-Dec-2021,14.4,15.1,15.1,15.1, 15.10,15.1,15.1,10227,1.54,26, -, -,,2021-12-24
SADBHAV, EQ, 24-Dec-2021,39.3,39.45,40.1,38.5, 38.90,38.7,39.01,269446,105.12,8467, 140753, 52.24,0.5223792522434922,2021-12-24
SADBHIN, EQ, 24-Dec-2021,14.05,14.1,14.2,13.65, 13.80,13.8,13.84,279402,38.68,945, 183697, 65.75,0.657464871403927,2021-12-24
SAFARI, EQ, 24-Dec-2021,847.5,866.0,912.8,842.55, 865.00,873.25,869.44,16820,146.24,2663, 6390, 37.99,0.3799048751486326,2021-12-24
SAGARDEEP, BE, 24-Dec-2021,44.95,47.15,47.15,47.15, 47.15,47.15,47.15,47756,22.52,380, -, -,,2021-12-24
SAGCEM, EQ, 24-Dec-2021,255.25,257.0,258.0,253.3, 257.70,256.15,255.83,29297,74.95,2172, 14833, 50.63,0.5062975731303546,2021-12-24
SAIL, EQ, 24-Dec-2021,111.4,111.9,111.95,107.8, 108.90,108.8,108.96,27899055,30399.56,76404, 5559587, 19.93,0.19927510089499448,2021-12-24
SAKAR, EQ, 24-Dec-2021,141.3,142.5,142.5,138.5, 139.00,139.55,139.87,21323,29.82,203, 11997, 56.26,0.5626318998264784,2021-12-24
SAKHTISUG, EQ, 24-Dec-2021,14.65,14.65,14.8,13.65, 14.30,14.25,14.33,117452,16.83,483, 82821, 70.51,0.7051476347784627,2021-12-24
SAKSOFT, EQ, 24-Dec-2021,924.2,925.0,949.0,924.1, 925.25,928.7,936.57,29910,280.13,3426, 12970, 43.36,0.43363423604145773,2021-12-24
SAKUMA, EQ, 24-Dec-2021,12.8,12.5,13.1,12.2, 12.25,12.4,12.57,626828,78.82,1078, 384329, 61.31,0.6131331082848883,2021-12-24
SALASAR, EQ, 24-Dec-2021,234.15,231.8,234.95,230.25, 232.00,231.75,232.28,34136,79.29,709, 13394, 39.24,0.39237168971174124,2021-12-24
SALONA, EQ, 24-Dec-2021,199.95,204.4,207.0,196.25, 205.50,204.55,203.89,2398,4.89,233, 1377, 57.42,0.5742285237698082,2021-12-24
SALSTEEL, EQ, 24-Dec-2021,9.2,9.3,9.6,9.0, 9.10,9.05,9.16,218969,20.06,749, 159653, 72.91,0.7291123401029369,2021-12-24
SALZERELEC, EQ, 24-Dec-2021,185.65,186.9,188.05,183.5, 184.00,184.3,185.89,38752,72.03,1336, 20369, 52.56,0.5256244838976053,2021-12-24
SAMBHAAV, BE, 24-Dec-2021,5.1,5.15,5.35,4.9, 5.35,5.35,5.3,86682,4.6,268, -, -,,2021-12-24
SANCO, EQ, 24-Dec-2021,9.2,9.5,9.5,9.15, 9.40,9.4,9.35,24644,2.3,154, 17795, 72.21,0.7220824541470541,2021-12-24
SANDESH, EQ, 24-Dec-2021,752.25,739.65,754.8,729.0, 744.95,743.6,744.09,2192,16.31,314, 933, 42.56,0.42563868613138683,2021-12-24
SANDHAR, EQ, 24-Dec-2021,256.15,259.0,259.0,248.85, 250.00,249.9,251.25,30542,76.74,1675, 18287, 59.87,0.5987492633095409,2021-12-24
SANGAMIND, EQ, 24-Dec-2021,286.6,296.0,298.9,284.1, 287.00,285.5,291.61,80212,233.91,2038, 45410, 56.61,0.5661247693611928,2021-12-24
SANGHIIND, EQ, 24-Dec-2021,55.85,56.25,56.25,54.6, 55.05,55.1,55.15,284608,156.96,1963, 142089, 49.92,0.49924457499437824,2021-12-24
SANGHVIMOV, EQ, 24-Dec-2021,223.6,225.9,226.5,212.0, 214.50,213.6,218.89,104021,227.7,2878, 65825, 63.28,0.6328049143922861,2021-12-24
SANGINITA, BE, 24-Dec-2021,25.15,24.6,25.45,24.6, 25.20,25.15,24.98,18072,4.52,117, -, -,,2021-12-24
SANOFI, EQ, 24-Dec-2021,7781.55,7797.0,7797.0,7602.3, 7753.00,7750.35,7667.82,10003,767.01,3277, 4530, 45.29,0.45286414075777265,2021-12-24
SANSERA, EQ, 24-Dec-2021,755.65,755.65,761.45,747.0, 753.00,750.3,751.61,40601,305.16,7679, 20136, 49.59,0.49594837565577204,2021-12-24
SANWARIA, BZ, 24-Dec-2021,1.1,1.15,1.15,1.15, 1.15,1.15,1.15,4560372,52.44,1135, -, -,,2021-12-24
SAPPHIRE, EQ, 24-Dec-2021,1194.35,1199.85,1212.0,1183.0, 1187.25,1193.4,1198.43,82756,991.77,10233, 37391, 45.18,0.4518222243704384,2021-12-24
SARDAEN, EQ, 24-Dec-2021,760.65,767.75,779.25,741.0, 748.00,749.95,756.34,51805,391.82,4521, 21758, 42.00,0.4199980696843934,2021-12-24
SAREGAMA, BE, 24-Dec-2021,4913.3,4979.95,5100.0,4750.0, 5050.00,5083.35,4995.74,11862,592.59,1718, -, -,,2021-12-24
SARLAPOLY, EQ, 24-Dec-2021,60.7,61.8,62.9,60.65, 61.25,61.35,61.63,311611,192.05,3207, 178868, 57.40,0.5740105451989821,2021-12-24
SASKEN, EQ, 24-Dec-2021,1286.75,1288.8,1306.0,1250.0, 1270.00,1276.3,1279.68,24999,319.91,3263, 10927, 43.71,0.437097483899356,2021-12-24
SASTASUNDR, EQ, 24-Dec-2021,434.9,456.6,456.6,434.9, 442.05,442.7,451.38,116514,525.92,2654, 70347, 60.38,0.6037643544981719,2021-12-24
SATIA, EQ, 24-Dec-2021,89.95,90.5,92.0,85.6, 86.30,86.2,87.25,217228,189.52,2576, 127197, 58.55,0.5855460622019261,2021-12-24
SATIN, EQ, 24-Dec-2021,90.75,91.7,91.9,87.1, 88.45,88.1,89.3,168132,150.14,2010, 95203, 56.62,0.5662396212499703,2021-12-24
SBC, EQ, 24-Dec-2021,115.9,117.65,118.0,116.0, 117.40,116.9,117.09,22774,26.67,172, 2064, 9.06,0.09062966540792132,2021-12-24
SBCL, EQ, 24-Dec-2021,371.0,371.25,384.0,358.05, 362.00,365.55,364.9,38593,140.83,2313, 21969, 56.92,0.5692483092788848,2021-12-24
SBICARD, EQ, 24-Dec-2021,907.35,910.0,915.0,899.0, 905.80,907.25,906.54,1362134,12348.28,47331, 677580, 49.74,0.4974400462803219,2021-12-24
SBIETFCON, EQ, 24-Dec-2021,69.4,69.4,70.0,68.7, 69.01,68.86,68.96,1257,0.87,140, 856, 68.10,0.6809864757358791,2021-12-24
SBIETFIT, EQ, 24-Dec-2021,380.18,381.1,386.94,381.1, 384.73,384.21,383.35,6216,23.83,204, 4193, 67.45,0.6745495495495496,2021-12-24
SBIETFPB, EQ, 24-Dec-2021,179.57,182.0,182.0,176.8, 178.33,178.2,177.62,1979,3.52,71, 1877, 94.85,0.9484588175846387,2021-12-24
SBIETFQLTY, EQ, 24-Dec-2021,152.89,154.9,154.9,152.66, 153.49,153.47,153.08,828,1.27,68, 630, 76.09,0.7608695652173914,2021-12-24
SBILIFE, EQ, 24-Dec-2021,1125.45,1130.8,1153.65,1126.0, 1148.00,1148.2,1145.86,1930715,22123.34,61672, 784945, 40.66,0.406556638343826,2021-12-24
SBIN, EQ, 24-Dec-2021,461.8,462.6,463.6,452.2, 457.25,456.95,456.35,13221159,60334.44,139530, 3808688, 28.81,0.2880751982485045,2021-12-24
SCAPDVR, BE, 24-Dec-2021,9.95,10.3,10.3,9.9, 10.00,9.95,9.96,60573,6.04,164, -, -,,2021-12-24
SCHAEFFLER, EQ, 24-Dec-2021,8497.5,8515.0,8598.0,8466.25, 8560.00,8542.95,8537.88,17059,1456.48,6933, 9370, 54.93,0.5492701799636556,2021-12-24
SCHAND, EQ, 24-Dec-2021,110.55,112.3,112.3,107.5, 109.00,108.25,109.67,51049,55.98,1221, 28459, 55.75,0.5574839859742601,2021-12-24
SCHNEIDER, EQ, 24-Dec-2021,103.65,104.2,104.4,100.7, 102.30,102.15,101.94,315688,321.8,3694, 123451, 39.11,0.39105382529586175,2021-12-24
SCI, EQ, 24-Dec-2021,138.7,139.6,139.7,135.55, 135.80,136.1,136.66,878635,1200.78,8122, 309790, 35.26,0.35258099210707516,2021-12-24
SDBL, EQ, 24-Dec-2021,40.4,41.0,41.0,39.3, 40.55,40.4,40.12,99531,39.94,1072, 61512, 61.80,0.6180185067968773,2021-12-24
SEAMECLTD, BE, 24-Dec-2021,1113.9,1113.9,1113.9,1065.0, 1075.00,1079.9,1077.35,547,5.89,50, -, -,,2021-12-24
SECURKLOUD, EQ, 24-Dec-2021,141.15,143.0,143.3,138.5, 140.85,139.55,139.75,42582,59.51,1017, 25835, 60.67,0.6067117561410925,2021-12-24
SEJALLTD, BE, 24-Dec-2021,18.15,19.05,19.05,19.05, 19.05,19.05,19.05,1,0.0,1, -, -,,2021-12-24
SELAN, EQ, 24-Dec-2021,128.75,130.0,131.95,127.1, 127.55,127.2,127.92,12899,16.5,486, 7868, 61.00,0.6099697650980697,2021-12-24
SELMC, EQ, 24-Dec-2021,31.7,33.25,33.25,33.25, 33.25,33.25,33.25,40,0.01,6, 40, 100.00,1.0,2021-12-24
SEPOWER, BE, 24-Dec-2021,35.6,37.35,37.35,37.35, 37.35,37.35,37.35,14919,5.57,61, -, -,,2021-12-24
SEQUENT, EQ, 24-Dec-2021,158.4,159.85,159.85,155.6, 158.05,157.35,157.26,775019,1218.8,8560, 295639, 38.15,0.3814603254887945,2021-12-24
SERVOTECH, EQ, 24-Dec-2021,59.3,58.2,60.5,56.35, 60.00,59.55,58.05,296480,172.12,2169, 97912, 33.02,0.3302482460874258,2021-12-24
SESHAPAPER, EQ, 24-Dec-2021,149.3,150.0,151.0,148.0, 148.00,148.3,148.69,9010,13.4,333, 4915, 54.55,0.5455049944506104,2021-12-24
SETCO, EQ, 24-Dec-2021,17.25,17.25,17.3,16.75, 16.80,16.9,16.97,154736,26.26,4049, 120422, 77.82,0.7782416502946955,2021-12-24
SETF10GILT, EQ, 24-Dec-2021,206.19,206.2,206.2,204.1, 206.00,206.0,204.31,278,0.57,7, 253, 91.01,0.9100719424460432,2021-12-24
SETFGOLD, EQ, 24-Dec-2021,4280.55,4273.95,4279.9,4264.25, 4273.00,4270.05,4268.43,6976,297.77,774, 5984, 85.78,0.8577981651376146,2021-12-24
SETFNIF50, EQ, 24-Dec-2021,173.93,174.94,174.94,172.42, 173.50,173.49,173.34,234034,405.69,1539, 178610, 76.32,0.7631797089311809,2021-12-24
SETFNIFBK, EQ, 24-Dec-2021,350.75,350.75,353.67,345.5, 347.11,347.95,348.6,100227,349.39,879, 74179, 74.01,0.7401099504125634,2021-12-24
SETFNN50, EQ, 24-Dec-2021,433.96,433.0,437.99,429.01, 431.00,431.98,432.08,6708,28.98,418, 4094, 61.03,0.6103160405485987,2021-12-24
SETUINFRA, BE, 24-Dec-2021,2.2,2.3,2.3,2.3, 2.30,2.3,2.3,27157,0.62,34, -, -,,2021-12-24
SEYAIND, EQ, 24-Dec-2021,58.75,59.75,61.5,58.0, 59.30,58.95,60.07,54565,32.78,612, 42351, 77.62,0.7761568771190324,2021-12-24
SFL, EQ, 24-Dec-2021,3209.0,3209.0,3243.75,3055.2, 3095.00,3093.45,3146.38,21062,662.69,4382, 8407, 39.92,0.3991548760801443,2021-12-24
SGIL, EQ, 24-Dec-2021,160.65,161.95,163.95,157.55, 160.90,161.35,160.44,3016,4.84,138, 1679, 55.67,0.5566976127320955,2021-12-24
SGL, EQ, 24-Dec-2021,21.55,22.6,22.6,20.5, 20.50,20.5,21.37,533983,114.13,1659, 265085, 49.64,0.49642966161844104,2021-12-24
SHAHALLOYS, BE, 24-Dec-2021,50.25,51.3,52.0,47.75, 48.35,48.15,48.13,40923,19.7,251, -, -,,2021-12-24
SHAKTIPUMP, EQ, 24-Dec-2021,597.4,605.0,605.0,585.0, 589.00,588.75,592.18,37705,223.28,2353, 21122, 56.02,0.5601909561066172,2021-12-24
SHALBY, EQ, 24-Dec-2021,134.8,135.5,135.55,133.0, 135.00,133.95,133.99,69111,92.6,1265, 45014, 65.13,0.6513290214292949,2021-12-24
SHALPAINTS, EQ, 24-Dec-2021,107.15,107.15,111.75,106.4, 109.00,109.3,109.78,237485,260.72,4316, 97924, 41.23,0.41233762132345203,2021-12-24
SHANKARA, EQ, 24-Dec-2021,520.3,523.0,523.05,509.05, 517.00,516.1,515.4,29545,152.27,2814, 9529, 32.25,0.32252496192249114,2021-12-24
SHANTI, BE, 24-Dec-2021,20.6,20.6,20.7,19.7, 20.70,20.7,20.03,367,0.07,11, -, -,,2021-12-24
SHANTIGEAR, EQ, 24-Dec-2021,147.95,148.5,148.5,143.3, 145.00,145.0,145.81,22760,33.19,756, 9659, 42.44,0.4243848857644991,2021-12-24
SHARDACROP, EQ, 24-Dec-2021,317.95,319.5,354.0,300.6, 338.95,339.5,341.6,1943166,6637.78,46302, 250753, 12.90,0.12904352999177632,2021-12-24
SHARDAMOTR, EQ, 24-Dec-2021,822.55,821.0,828.85,799.25, 800.10,804.2,809.03,11876,96.08,1677, 6408, 53.96,0.5395756146850792,2021-12-24
SHAREINDIA, EQ, 24-Dec-2021,1007.4,1024.95,1114.0,999.0, 1025.00,1031.6,1058.78,518473,5489.5,57281, 102146, 19.70,0.19701315208313644,2021-12-24
SHARIABEES, EQ, 24-Dec-2021,449.95,454.4,454.4,441.5, 448.44,448.12,449.27,530,2.38,65, 355, 66.98,0.6698113207547169,2021-12-24
SHEMAROO, BE, 24-Dec-2021,122.2,122.5,125.0,116.1, 122.00,121.95,120.1,53842,64.67,335, -, -,,2021-12-24
SHIL, EQ, 24-Dec-2021,402.35,404.95,422.45,396.25, 408.00,412.5,408.88,51837,211.95,2315, 36256, 69.94,0.6994231919285453,2021-12-24
SHILPAMED, EQ, 24-Dec-2021,557.85,564.25,564.25,540.0, 544.00,543.7,547.17,132241,723.58,4660, 62482, 47.25,0.47248584024621715,2021-12-24
SHIVALIK, EQ, 24-Dec-2021,962.85,978.0,988.95,926.0, 962.00,962.9,962.09,16976,163.32,2598, 6304, 37.13,0.37134778510838834,2021-12-24
SHIVAMAUTO, BE, 24-Dec-2021,24.9,25.4,26.1,24.4, 26.10,26.1,25.73,85681,22.05,300, -, -,,2021-12-24
SHIVAMILLS, EQ, 24-Dec-2021,110.4,109.4,111.6,107.35, 109.05,109.65,109.68,6856,7.52,262, 4377, 63.84,0.6384189031505251,2021-12-24
SHIVATEX, EQ, 24-Dec-2021,208.35,208.8,208.8,199.85, 205.00,205.7,202.29,9502,19.22,312, 5761, 60.63,0.6062934119132815,2021-12-24
SHK, EQ, 24-Dec-2021,150.4,150.9,150.95,147.1, 149.50,148.9,148.71,126550,188.19,3186, 61988, 48.98,0.48983010667720267,2021-12-24
SHOPERSTOP, EQ, 24-Dec-2021,348.95,353.0,353.0,340.1, 343.00,343.15,346.38,44350,153.62,2525, 13652, 30.78,0.3078241262683202,2021-12-24
SHRADHA, EQ, 24-Dec-2021,51.35,52.5,53.8,51.0, 52.75,52.45,52.0,3393,1.76,70, 304, 8.96,0.08959622752726201,2021-12-24
SHREDIGCEM, EQ, 24-Dec-2021,73.0,73.5,73.5,71.0, 71.00,71.2,71.8,114290,82.06,2060, 68471, 59.91,0.5990987837956077,2021-12-24
SHREECEM, EQ, 24-Dec-2021,26332.75,26450.0,26510.0,25929.85, 26267.00,26310.95,26243.48,16055,4213.39,5186, 5292, 32.96,0.32961694176269074,2021-12-24
SHREEPUSHK, EQ, 24-Dec-2021,209.95,212.8,212.8,201.9, 207.50,205.25,204.91,33564,68.77,1010, 16729, 49.84,0.4984209271838875,2021-12-24
SHREERAMA, EQ, 24-Dec-2021,14.75,14.9,14.9,14.2, 14.85,14.7,14.62,87191,12.75,404, 58386, 66.96,0.6696333337156358,2021-12-24
SHRENIK, EQ, 24-Dec-2021,2.1,2.15,2.15,2.0, 2.10,2.05,2.07,10889572,225.21,5134, 6866378, 63.05,0.6305461775724519,2021-12-24
SHREYANIND, EQ, 24-Dec-2021,101.0,103.9,103.9,98.0, 98.50,98.2,99.12,9798,9.71,265, 6516, 66.50,0.6650336803429271,2021-12-24
SHREYAS, EQ, 24-Dec-2021,227.7,232.0,232.0,223.65, 225.90,225.1,226.01,21084,47.65,996, 10194, 48.35,0.48349459305634607,2021-12-24
SHRIPISTON, BE, 24-Dec-2021,860.45,820.15,888.0,820.15, 875.00,874.25,863.8,213,1.84,20, -, -,,2021-12-24
SHRIRAMCIT, EQ, 24-Dec-2021,1740.95,1761.0,1761.0,1674.15, 1694.70,1691.9,1699.15,53005,900.63,4411, 8378, 15.81,0.1580605603244977,2021-12-24
SHRIRAMEPC, EQ, 24-Dec-2021,7.95,8.1,8.1,7.4, 7.40,7.55,7.73,1452472,112.33,1746, 954757, 65.73,0.657332464928756,2021-12-24
SHRIRAMPPS, EQ, 24-Dec-2021,90.4,90.15,90.85,82.85, 83.00,83.45,85.99,6113369,5256.61,46630, 2299292, 37.61,0.3761088198667543,2021-12-24
SHYAMCENT, EQ, 24-Dec-2021,14.3,14.6,14.65,14.0, 14.20,14.1,14.35,454464,65.2,1140, 351623, 77.37,0.7737092486973666,2021-12-24
SHYAMMETL, EQ, 24-Dec-2021,332.1,334.3,334.5,319.15, 321.90,321.2,326.18,211096,688.55,6278, 85005, 40.27,0.40268408686095425,2021-12-24
SICAL, BE, 24-Dec-2021,14.4,14.8,14.8,13.75, 14.55,14.6,14.42,165249,23.84,304, -, -,,2021-12-24
SIEMENS, EQ, 24-Dec-2021,2424.1,2428.0,2436.0,2355.0, 2375.00,2374.35,2385.51,317995,7585.8,15699, 140360, 44.14,0.4413905879023255,2021-12-24
SIGACHI, EQ, 24-Dec-2021,401.85,402.95,406.05,395.0, 396.90,397.45,399.79,260620,1041.93,11222, 56446, 21.66,0.2165835315785435,2021-12-24
SIGIND, EQ, 24-Dec-2021,44.25,45.2,45.4,42.05, 43.00,43.2,43.67,21540,9.41,278, 12591, 58.45,0.5845403899721449,2021-12-24
SIKKO, EQ, 24-Dec-2021,69.35,67.6,70.8,67.6, 69.00,68.9,69.12,9122,6.31,104, 6234, 68.34,0.6834027625520719,2021-12-24
SIL, BE, 24-Dec-2021,14.35,14.35,15.0,14.0, 15.00,14.85,14.66,11636,1.71,57, -, -,,2021-12-24
SILGO, EQ, 24-Dec-2021,31.15,31.9,31.9,30.8, 31.30,31.05,31.27,41945,13.12,648, 6704, 15.98,0.1598283466444153,2021-12-24
SILINV, EQ, 24-Dec-2021,296.35,296.1,298.4,290.5, 294.95,291.5,292.56,11041,32.3,217, 10601, 96.01,0.9601485372701748,2021-12-24
SILLYMONKS, BE, 24-Dec-2021,23.75,24.0,24.2,22.85, 23.00,23.55,23.71,1534,0.36,26, -, -,,2021-12-24
SIMBHALS, EQ, 24-Dec-2021,18.45,18.65,18.65,18.0, 18.40,18.05,18.23,32562,5.93,206, 29137, 89.48,0.8948160432405872,2021-12-24
SIMPLEXINF, EQ, 24-Dec-2021,42.95,43.95,43.95,41.9, 43.00,42.65,42.61,102631,43.73,511, 72579, 70.72,0.7071839892430163,2021-12-24
SINTERCOM, EQ, 24-Dec-2021,86.0,87.0,87.45,84.1, 86.90,86.7,86.02,27503,23.66,102, 13268, 48.24,0.4824200996254954,2021-12-24
SINTEX, BE, 24-Dec-2021,13.95,14.6,14.6,13.95, 14.60,14.6,14.58,8515536,1241.59,8970, -, -,,2021-12-24
SIRCA, EQ, 24-Dec-2021,511.55,528.5,528.5,498.0, 509.05,506.35,505.62,23638,119.52,1552, 10055, 42.54,0.4253743971571199,2021-12-24
SIS, EQ, 24-Dec-2021,446.1,451.8,451.8,430.6, 446.70,445.45,446.53,39856,177.97,2168, 20239, 50.78,0.507803091128061,2021-12-24
SITINET, BE, 24-Dec-2021,3.6,3.75,3.75,3.45, 3.75,3.75,3.65,6105250,223.0,3374, -, -,,2021-12-24
SIYSIL, EQ, 24-Dec-2021,419.75,422.15,423.25,413.8, 418.00,415.75,417.35,42109,175.74,2636, 16882, 40.09,0.40091191906718276,2021-12-24
SJS, EQ, 24-Dec-2021,361.45,361.45,367.0,348.2, 350.50,351.95,356.68,163720,583.96,9091, 60940, 37.22,0.3722208648912778,2021-12-24
SJVN, EQ, 24-Dec-2021,28.4,28.9,28.9,28.4, 28.55,28.5,28.6,2101821,601.06,7045, 707920, 33.68,0.33681269718020707,2021-12-24
SKFINDIA, EQ, 24-Dec-2021,3704.0,3750.0,3750.0,3613.25, 3629.90,3637.7,3669.19,34921,1281.32,6308, 16031, 45.91,0.45906474614129034,2021-12-24
SKIPPER, EQ, 24-Dec-2021,71.75,72.8,72.8,71.0, 71.55,72.0,71.76,60204,43.2,729, 37668, 62.57,0.6256727127765597,2021-12-24
SKMEGGPROD, EQ, 24-Dec-2021,69.55,69.2,74.0,68.6, 70.50,71.05,72.27,279887,202.28,3453, 71784, 25.65,0.2564749345271485,2021-12-24
SMARTLINK, EQ, 24-Dec-2021,119.25,120.0,143.1,120.0, 143.10,143.1,136.3,903272,1231.2,26302, 320391, 35.47,0.3547004667475578,2021-12-24
SMCGLOBAL, EQ, 24-Dec-2021,73.2,74.3,74.3,72.5, 72.75,73.05,73.14,48755,35.66,659, 26171, 53.68,0.5367859706696749,2021-12-24
SMLISUZU, EQ, 24-Dec-2021,645.4,645.0,656.15,631.45, 639.90,637.6,639.7,15762,100.83,2810, 5409, 34.32,0.3431671107727446,2021-12-24
SMLT, EQ, 24-Dec-2021,120.2,124.0,127.0,119.05, 121.55,120.55,121.72,33497,40.77,1163, 13623, 40.67,0.40669313669880885,2021-12-24
SMSLIFE, EQ, 24-Dec-2021,787.05,776.0,802.95,770.5, 798.55,776.55,785.01,2171,17.04,229, 739, 34.04,0.3403961308152925,2021-12-24
SMSPHARMA, EQ, 24-Dec-2021,126.6,127.85,128.0,123.6, 124.10,126.5,125.85,76990,96.89,1039, 54715, 71.07,0.7106767112612028,2021-12-24
SNOWMAN, EQ, 24-Dec-2021,41.9,41.9,41.95,40.05, 40.40,40.25,41.07,1932006,793.52,13108, 559239, 28.95,0.289460281179251,2021-12-24
SOBHA, EQ, 24-Dec-2021,858.85,857.75,874.3,855.65, 868.00,869.6,867.71,413918,3591.6,14568, 85430, 20.64,0.20639353688411716,2021-12-24
SOLARA, EQ, 24-Dec-2021,999.95,1009.0,1009.0,991.0, 994.80,993.4,997.03,29983,298.94,3162, 13231, 44.13,0.44128339392322313,2021-12-24
SOLARINDS, EQ, 24-Dec-2021,2411.7,2410.0,2410.0,2330.75, 2368.00,2363.9,2361.13,37843,893.52,6714, 13614, 35.97,0.3597494913193986,2021-12-24
SOMANYCERA, EQ, 24-Dec-2021,836.2,847.5,849.7,831.1, 832.00,833.8,839.99,7054,59.25,917, 3804, 53.93,0.5392685001417635,2021-12-24
SOMICONVEY, EQ, 24-Dec-2021,40.1,41.9,41.9,38.6, 39.60,39.4,39.1,13346,5.22,200, 9039, 67.73,0.6772815824966282,2021-12-24
SONACOMS, EQ, 24-Dec-2021,698.5,703.75,717.8,680.15, 715.00,712.75,697.8,2108002,14709.74,53446, 729910, 34.63,0.3462567872326497,2021-12-24
SONATSOFTW, EQ, 24-Dec-2021,817.9,820.0,848.5,817.9, 838.00,841.0,838.58,388116,3254.65,15125, 56379, 14.53,0.14526327180533655,2021-12-24
SORILINFRA, EQ, 24-Dec-2021,100.3,101.0,102.1,98.65, 99.00,99.15,99.89,26369,26.34,678, 16488, 62.53,0.6252796844779855,2021-12-24
SOTL, EQ, 24-Dec-2021,1100.25,1111.15,1118.8,1085.95, 1087.15,1092.3,1094.24,5172,56.59,875, 3050, 58.97,0.5897138437741686,2021-12-24
SOUTHBANK, EQ, 24-Dec-2021,8.75,8.75,8.8,8.6, 8.75,8.75,8.72,5437928,474.46,25709, 2021972, 37.18,0.3718276520027481,2021-12-24
SOUTHWEST, BE, 24-Dec-2021,141.75,140.75,144.95,140.75, 141.10,141.25,141.95,4816,6.84,38, -, -,,2021-12-24
SPAL, EQ, 24-Dec-2021,398.6,403.0,409.3,393.65, 400.00,399.25,400.91,43977,176.31,2381, 19734, 44.87,0.4487345657957569,2021-12-24
SPANDANA, EQ, 24-Dec-2021,430.6,436.0,436.9,422.2, 425.35,426.45,428.91,71164,305.23,3384, 26180, 36.79,0.36788263728851667,2021-12-24
SPARC, EQ, 24-Dec-2021,251.3,251.8,252.1,245.15, 245.75,246.25,248.04,147041,364.71,3654, 50741, 34.51,0.3450806237716011,2021-12-24
SPECIALITY, EQ, 24-Dec-2021,93.8,94.85,94.85,90.05, 92.50,92.1,91.74,86825,79.66,1448, 49055, 56.50,0.5649870429023899,2021-12-24
SPENCERS, EQ, 24-Dec-2021,102.25,103.0,103.0,98.85, 99.15,99.1,99.83,253083,252.64,4616, 109900, 43.42,0.4342448919919552,2021-12-24
SPENTEX, BZ, 24-Dec-2021,3.2,3.35,3.35,3.35, 3.35,3.35,3.35,5195,0.17,15, -, -,,2021-12-24
SPIC, EQ, 24-Dec-2021,47.9,48.5,52.85,47.95, 50.80,50.85,50.92,1591098,810.26,11772, 599650, 37.69,0.3768781055598084,2021-12-24
SPICEJET, EQ, 24-Dec-2021,67.55,67.65,67.9,66.0, 67.25,67.45,66.96,2794863,1871.39,15221, 1314902, 47.05,0.47047100340875386,2021-12-24
SPLIL, EQ, 24-Dec-2021,43.35,44.3,44.3,42.45, 43.55,43.5,43.35,28710,12.44,303, 16714, 58.22,0.5821664925113201,2021-12-24
SPMLINFRA, BE, 24-Dec-2021,20.4,21.4,21.4,21.4, 21.40,21.4,21.4,22512,4.82,47, -, -,,2021-12-24
SPTL, EQ, 24-Dec-2021,12.85,12.85,13.45,12.75, 13.45,13.45,13.38,12624708,1689.26,7917, 5118683, 40.54,0.40544961515149497,2021-12-24
SREEL, EQ, 24-Dec-2021,174.1,176.4,179.0,168.2, 168.85,170.0,172.37,5423,9.35,197, 3038, 56.02,0.5602065277521667,2021-12-24
SREINFRA, BE, 24-Dec-2021,5.35,5.45,5.5,5.15, 5.35,5.35,5.28,576207,30.45,849, -, -,,2021-12-24
SRF, EQ, 24-Dec-2021,2322.45,2323.05,2350.4,2291.0, 2312.30,2315.95,2323.73,877618,20393.49,44801, 253079, 28.84,0.288370338803443,2021-12-24
SRHHYPOLTD, EQ, 24-Dec-2021,326.35,324.25,325.9,319.0, 323.15,323.15,322.24,4239,13.66,298, 2470, 58.27,0.582684595423449,2021-12-24
SRIPIPES, EQ, 24-Dec-2021,190.45,191.15,193.0,183.2, 190.25,191.0,189.48,34821,65.98,907, 18942, 54.40,0.5439820797794435,2021-12-24
SRPL, EQ, 24-Dec-2021,42.8,40.75,42.7,40.7, 40.90,41.1,41.27,8179,3.38,135, 3983, 48.70,0.48697884826995963,2021-12-24
SRTRANSFIN, EQ, 24-Dec-2021,1210.3,1220.0,1220.0,1165.8, 1180.30,1177.55,1187.92,1115587,13252.29,38245, 347167, 31.12,0.3111967063079796,2021-12-24
SSWL, EQ, 24-Dec-2021,823.4,834.9,834.9,810.0, 820.20,820.6,817.67,14854,121.46,804, 10728, 72.22,0.722229702437054,2021-12-24
STAR, EQ, 24-Dec-2021,433.2,434.7,435.85,426.5, 428.00,429.05,429.83,463768,1993.44,10514, 118139, 25.47,0.2547372824343206,2021-12-24
STARCEMENT, EQ, 24-Dec-2021,95.1,94.55,95.45,94.45, 94.70,94.6,94.8,39713,37.65,1016, 24636, 62.04,0.6203510185581548,2021-12-24
STARHEALTH, EQ, 24-Dec-2021,799.1,799.15,802.55,784.65, 790.00,787.55,795.83,190376,1515.06,11241, 136439, 71.67,0.7166817245871329,2021-12-24
STARPAPER, EQ, 24-Dec-2021,126.55,126.55,127.55,123.6, 124.10,124.25,124.94,13682,17.09,609, 6050, 44.22,0.4421868147931589,2021-12-24
STCINDIA, EQ, 24-Dec-2021,107.7,115.2,122.65,109.65, 110.15,110.8,116.81,2017303,2356.49,44345, 335896, 16.65,0.16650746070372174,2021-12-24
STEELCAS, EQ, 24-Dec-2021,290.25,292.9,299.85,290.3, 295.95,293.4,295.07,1420,4.19,91, 627, 44.15,0.4415492957746479,2021-12-24
STEELCITY, EQ, 24-Dec-2021,56.7,58.2,58.2,55.35, 55.85,55.65,56.06,13751,7.71,193, 9890, 71.92,0.7192204203330667,2021-12-24
STEELXIND, EQ, 24-Dec-2021,159.3,160.1,164.0,156.5, 160.25,161.65,160.96,1664944,2679.83,21315, 629171, 37.79,0.3778931904015991,2021-12-24
STEL, EQ, 24-Dec-2021,155.7,153.8,156.95,150.35, 152.00,152.6,152.94,14281,21.84,517, 6691, 46.85,0.46852461312233035,2021-12-24
STERTOOLS, EQ, 24-Dec-2021,181.6,184.9,184.9,175.6, 176.05,176.45,178.67,17206,30.74,689, 8502, 49.41,0.4941299546669766,2021-12-24
STLTECH, EQ, 24-Dec-2021,284.8,287.4,287.7,281.0, 281.40,281.75,283.09,218332,618.08,6843, 79446, 36.39,0.3638770313101149,2021-12-24
STOVEKRAFT, EQ, 24-Dec-2021,958.25,958.25,974.0,955.0, 962.00,960.4,963.1,49570,477.41,6945, 20368, 41.09,0.41089368569699414,2021-12-24
STYLAMIND, EQ, 24-Dec-2021,1070.45,1072.0,1075.0,1045.0, 1052.95,1056.5,1055.81,2575,27.19,198, 1960, 76.12,0.7611650485436893,2021-12-24
SUBCAPCITY, BE, 24-Dec-2021,22.0,20.9,23.0,20.9, 20.90,20.9,22.14,161,0.04,7, -, -,,2021-12-24
SUBEXLTD, EQ, 24-Dec-2021,52.9,53.25,53.4,51.6, 51.65,51.8,52.22,4185499,2185.47,12906, 1898614, 45.36,0.4536171194880228,2021-12-24
SUBROS, EQ, 24-Dec-2021,361.0,362.6,369.85,357.0, 362.85,363.75,360.77,16163,58.31,844, 6014, 37.21,0.3720843902740828,2021-12-24
SUDARSCHEM, EQ, 24-Dec-2021,561.2,561.0,565.0,546.0, 560.00,559.8,553.65,99980,553.54,5455, 35815, 35.82,0.3582216443288658,2021-12-24
SUMEETINDS, EQ, 24-Dec-2021,9.7,9.8,9.85,9.25, 9.25,9.3,9.37,249036,23.33,493, 155129, 62.29,0.6229179716988709,2021-12-24
SUMICHEM, EQ, 24-Dec-2021,364.8,364.8,365.25,360.1, 362.30,361.3,361.86,87955,318.27,3542, 35481, 40.34,0.4033994656358365,2021-12-24
SUMIT, EQ, 24-Dec-2021,11.3,11.3,11.65,10.6, 11.20,11.35,11.19,26349,2.95,191, 16311, 61.90,0.6190367755892064,2021-12-24
SUMMITSEC, EQ, 24-Dec-2021,618.4,613.0,622.95,613.0, 619.50,620.4,619.0,1761,10.9,182, 1486, 84.38,0.8438387279954571,2021-12-24
SUNCLAYLTD, EQ, 24-Dec-2021,3908.95,3928.5,3939.95,3818.05, 3824.00,3869.1,3855.19,2551,98.35,884, 777, 30.46,0.30458643669149355,2021-12-24
SUNDARAM, BE, 24-Dec-2021,3.2,3.35,3.35,3.35, 3.35,3.35,3.35,150394,5.04,78, -, -,,2021-12-24
SUNDARMFIN, EQ, 24-Dec-2021,2250.0,2278.95,2278.95,2206.0, 2225.00,2227.3,2233.12,7360,164.36,1764, 3777, 51.32,0.513179347826087,2021-12-24
SUNDARMHLD, EQ, 24-Dec-2021,76.95,77.9,77.9,76.35, 77.00,76.8,77.07,63154,48.67,1090, 36187, 57.30,0.5729961680970327,2021-12-24
SUNDRMBRAK, EQ, 24-Dec-2021,365.65,371.85,373.6,362.25, 365.00,365.1,366.69,259,0.95,46, 151, 58.30,0.583011583011583,2021-12-24
SUNDRMFAST, EQ, 24-Dec-2021,872.8,875.1,884.15,853.3, 864.00,864.25,861.63,20944,180.46,2554, 7356, 35.12,0.35122230710466007,2021-12-24
SUNFLAG, EQ, 24-Dec-2021,68.55,69.65,69.65,66.2, 67.00,66.8,67.04,140766,94.36,2036, 72658, 51.62,0.5161615731071424,2021-12-24
SUNPHARMA, EQ, 24-Dec-2021,792.45,793.4,794.8,777.6, 785.60,785.4,784.53,3076272,24134.24,59858, 2024523, 65.81,0.6581092309132612,2021-12-24
SUNTECK, EQ, 24-Dec-2021,448.25,448.3,451.2,438.6, 439.30,443.1,444.8,291464,1296.42,11625, 41428, 14.21,0.14213762248510967,2021-12-24
SUNTV, EQ, 24-Dec-2021,501.5,505.0,505.0,490.0, 491.30,491.75,494.56,685559,3390.48,13573, 177635, 25.91,0.2591097192218321,2021-12-24
SUPERHOUSE, EQ, 24-Dec-2021,162.15,161.05,163.35,158.6, 159.55,160.5,160.86,7199,11.58,262, 4211, 58.49,0.5849423531045979,2021-12-24
SUPERSPIN, EQ, 24-Dec-2021,11.1,11.25,12.0,11.25, 11.85,11.5,11.68,568389,66.38,973, 420865, 74.05,0.7404524014363403,2021-12-24
SUPPETRO, EQ, 24-Dec-2021,705.55,713.9,713.9,686.25, 689.00,688.85,693.73,13993,97.07,996, 7958, 56.87,0.5687129278925177,2021-12-24
SUPRAJIT, EQ, 24-Dec-2021,409.3,411.8,416.95,406.3, 410.20,412.3,412.53,159972,659.93,10632, 46716, 29.20,0.29202610456829947,2021-12-24
SUPREMEENG, EQ, 24-Dec-2021,19.35,19.8,19.8,18.45, 19.50,19.5,19.19,79382,15.24,210, 71619, 90.22,0.9022070494570558,2021-12-24
SUPREMEIND, EQ, 24-Dec-2021,2235.85,2237.0,2237.0,2201.55, 2220.00,2218.95,2219.14,16026,355.64,3096, 7971, 49.74,0.49737925870460503,2021-12-24
SUPREMEINF, BE, 24-Dec-2021,19.35,20.3,20.3,19.35, 19.35,19.55,20.09,3819,0.77,34, -, -,,2021-12-24
SURANASOL, BE, 24-Dec-2021,26.9,28.2,28.2,28.0, 28.20,28.2,28.18,273738,77.15,1180, -, -,,2021-12-24
SURANAT&P, EQ, 24-Dec-2021,10.0,10.3,10.3,9.7, 9.80,9.95,9.99,342621,34.22,1148, 188574, 55.04,0.5503865787561183,2021-12-24
SURYALAXMI, EQ, 24-Dec-2021,67.3,69.8,69.8,66.55, 66.70,66.8,67.14,10820,7.26,260, 8500, 78.56,0.7855822550831792,2021-12-24
SURYAROSNI, EQ, 24-Dec-2021,631.0,660.0,668.9,620.05, 623.95,625.9,644.07,252047,1623.37,12953, 57176, 22.68,0.22684658020131165,2021-12-24
SURYODAY, EQ, 24-Dec-2021,147.85,148.5,149.75,145.0, 146.65,145.85,146.8,51125,75.05,1494, 32685, 63.93,0.6393154034229829,2021-12-24
SUTLEJTEX, EQ, 24-Dec-2021,76.25,76.9,79.15,76.2, 77.10,77.0,77.3,133701,103.35,2262, 48896, 36.57,0.3657115503997726,2021-12-24
SUULD, EQ, 24-Dec-2021,320.55,325.95,332.0,305.3, 308.60,310.1,311.8,94723,295.34,2562, 51721, 54.60,0.5460236690138615,2021-12-24
SUVEN, EQ, 24-Dec-2021,90.05,90.7,93.0,89.7, 90.50,90.55,91.28,309982,282.96,4016, 117965, 38.06,0.3805543547689866,2021-12-24
SUVENPHAR, EQ, 24-Dec-2021,490.1,490.0,495.4,475.1, 478.00,480.4,484.82,89549,434.15,5884, 49825, 55.64,0.5563992897743135,2021-12-24
SUVIDHAA, EQ, 24-Dec-2021,12.35,12.4,12.55,11.8, 12.00,11.9,12.02,1165687,140.07,2169, 921655, 79.07,0.7906539233945304,2021-12-24
SUZLON, EQ, 24-Dec-2021,7.75,7.85,8.1,7.45, 8.10,8.1,7.85,76693591,6022.18,50238, 35134166, 45.81,0.45811084788036593,2021-12-24
SVPGLOB, EQ, 24-Dec-2021,78.75,78.9,82.0,75.9, 76.65,76.45,78.71,768438,604.81,9175, 253542, 32.99,0.3299446409469599,2021-12-24
SWANENERGY, EQ, 24-Dec-2021,148.2,146.65,150.3,139.2, 148.05,147.3,148.06,3019150,4470.26,7511, 2664287, 88.25,0.8824626136495372,2021-12-24
SWARAJENG, EQ, 24-Dec-2021,1640.85,1645.0,1645.0,1628.4, 1640.00,1635.7,1636.91,3947,64.61,325, 2816, 71.35,0.7134532556371928,2021-12-24
SWELECTES, EQ, 24-Dec-2021,237.25,238.4,238.4,232.45, 233.00,233.05,234.01,8826,20.65,426, 6510, 73.76,0.7375934738273283,2021-12-24
SWSOLAR, EQ, 24-Dec-2021,378.05,380.85,387.7,376.5, 381.50,381.3,381.36,482484,1839.98,10267, 159638, 33.09,0.330866930302352,2021-12-24
SYMPHONY, EQ, 24-Dec-2021,1006.65,1006.65,1017.45,998.0, 1003.00,1000.65,1007.01,17867,179.92,4030, 8499, 47.57,0.47568142385403256,2021-12-24
SYNGENE, EQ, 24-Dec-2021,613.6,613.6,613.6,589.5, 589.90,591.05,598.1,448429,2682.04,11834, 174026, 38.81,0.38807927230397676,2021-12-24
TAINWALCHM, EQ, 24-Dec-2021,68.7,72.1,72.1,66.0, 69.00,69.2,70.28,7389,5.19,164, 3747, 50.71,0.5071051563134389,2021-12-24
TAJGVK, EQ, 24-Dec-2021,127.2,127.2,127.5,124.9, 125.00,125.25,125.88,37769,47.54,1460, 19932, 52.77,0.5277343853424766,2021-12-24
TAKE, EQ, 24-Dec-2021,45.7,45.95,46.15,45.0, 45.25,45.2,45.48,316191,143.81,2493, 151915, 48.05,0.4804532703334377,2021-12-24
TALBROAUTO, EQ, 24-Dec-2021,387.2,390.2,390.2,374.0, 376.00,375.75,379.65,36178,137.35,2087, 24770, 68.47,0.6846702415832827,2021-12-24
TANLA, EQ, 24-Dec-2021,1901.5,1918.25,1937.9,1870.0, 1885.95,1891.5,1906.35,218937,4173.71,18630, 94617, 43.22,0.43216541744885517,2021-12-24
TANTIACONS, BZ, 24-Dec-2021,28.15,29.55,29.55,29.55, 29.55,29.55,29.55,23588,6.97,55, -, -,,2021-12-24
TARC, EQ, 24-Dec-2021,47.8,48.1,51.0,47.5, 48.55,48.7,48.4,876001,423.96,5057, 463326, 52.89,0.5289103551251654,2021-12-24
TARMAT, EQ, 24-Dec-2021,69.8,70.45,71.45,68.25, 68.25,68.65,69.8,52969,36.97,928, 22520, 42.52,0.42515433555475846,2021-12-24
TARSONS, EQ, 24-Dec-2021,635.1,635.75,644.0,622.0, 635.05,635.05,633.28,267314,1692.84,14224, 97744, 36.57,0.3656523788503408,2021-12-24
TASTYBITE, EQ, 24-Dec-2021,13413.0,13421.5,13578.4,12807.0, 13000.00,12996.5,13194.31,3375,445.31,1657, 1546, 45.81,0.4580740740740741,2021-12-24
TATACHEM, EQ, 24-Dec-2021,886.1,889.95,892.0,868.2, 872.50,872.2,875.79,644902,5647.96,18552, 120861, 18.74,0.18740987002676376,2021-12-24
TATACOFFEE, EQ, 24-Dec-2021,202.95,203.9,203.9,199.35, 200.70,201.0,201.09,730734,1469.46,8088, 144755, 19.81,0.19809533975427446,2021-12-24
TATACOMM, EQ, 24-Dec-2021,1395.6,1401.95,1424.0,1370.0, 1375.60,1375.65,1389.52,236195,3281.97,8380, 131681, 55.75,0.5575096847943437,2021-12-24
TATACONSUM, EQ, 24-Dec-2021,726.75,729.0,729.0,714.0, 718.00,718.95,720.02,931510,6707.04,26621, 343328, 36.86,0.36857145924359375,2021-12-24
TATAELXSI, EQ, 24-Dec-2021,5491.0,5499.2,5594.9,5481.0, 5513.00,5501.0,5523.85,112435,6210.75,18690, 51313, 45.64,0.4563792413394406,2021-12-24
TATAINVEST, EQ, 24-Dec-2021,1366.85,1373.7,1373.7,1339.15, 1349.00,1351.85,1352.53,11432,154.62,2127, 5994, 52.43,0.5243177046885934,2021-12-24
TATAMETALI, EQ, 24-Dec-2021,846.15,854.35,854.35,824.95, 835.00,829.4,835.64,49877,416.79,5048, 18020, 36.13,0.3612887703751228,2021-12-24
TATAMOTORS, EQ, 24-Dec-2021,472.35,474.9,474.9,460.0, 468.30,467.6,465.86,15487368,72149.11,156279, 3020840, 19.51,0.1950518642031364,2021-12-24
TATAMTRDVR, EQ, 24-Dec-2021,233.3,234.15,234.15,222.6, 226.30,225.95,225.89,3028560,6841.14,37966, 1587963, 52.43,0.5243293842618274,2021-12-24
TATAPOWER, EQ, 24-Dec-2021,218.05,219.05,219.45,214.15, 216.60,216.8,216.06,18770416,40554.96,127461, 2658093, 14.16,0.14161076664470304,2021-12-24
TATASTEEL, EQ, 24-Dec-2021,1127.65,1130.05,1133.45,1103.85, 1117.00,1115.45,1115.11,4093630,45648.29,96182, 824805, 20.15,0.20148499009436613,2021-12-24
TATASTLLP, EQ, 24-Dec-2021,713.15,712.0,719.9,699.8, 704.00,704.15,708.96,30462,215.96,3097, 15470, 50.78,0.507845840719585,2021-12-24
TATVA, EQ, 24-Dec-2021,2505.35,2507.0,2536.9,2461.0, 2489.95,2500.1,2496.32,29139,727.4,4874, 10651, 36.55,0.36552386835512546,2021-12-24
TBZ, EQ, 24-Dec-2021,77.0,77.95,77.95,75.7, 76.70,76.45,76.56,74829,57.29,1610, 35600, 47.58,0.4757513798126395,2021-12-24
TCI, EQ, 24-Dec-2021,731.3,737.8,738.0,711.0, 719.00,723.15,723.46,190036,1374.83,10948, 33823, 17.80,0.17798206655581048,2021-12-24
TCIDEVELOP, EQ, 24-Dec-2021,327.15,328.0,328.15,319.0, 322.00,323.3,323.17,233,0.75,45, 162, 69.53,0.6952789699570815,2021-12-24
TCIEXP, EQ, 24-Dec-2021,2383.3,2324.65,2344.25,2210.0, 2235.05,2240.8,2281.26,98613,2249.62,12315, 33163, 33.63,0.3362944033748086,2021-12-24
TCNSBRANDS, EQ, 24-Dec-2021,803.05,814.0,814.0,781.6, 788.50,790.7,798.16,23029,183.81,2790, 10173, 44.17,0.4417473620217986,2021-12-24
TCPLPACK, EQ, 24-Dec-2021,508.1,508.1,517.55,504.0, 504.50,506.1,506.39,6096,30.87,305, 5082, 83.37,0.8336614173228346,2021-12-24
TCS, EQ, 24-Dec-2021,3662.7,3685.0,3705.0,3644.8, 3671.00,3670.9,3673.31,2209923,81177.28,88664, 1156092, 52.31,0.523136778973747,2021-12-24
TDPOWERSYS, EQ, 24-Dec-2021,400.8,393.0,405.0,393.0, 400.00,399.95,398.75,15017,59.88,1553, 9067, 60.38,0.603782379969368,2021-12-24
TEAMLEASE, EQ, 24-Dec-2021,3752.8,3775.05,3827.55,3630.0, 3650.15,3677.5,3745.08,23561,882.38,3057, 17412, 73.90,0.7390178685115233,2021-12-24
TECH, EQ, 24-Dec-2021,37.25,37.77,37.77,37.21, 37.65,37.64,37.35,13039,4.87,113, 10446, 80.11,0.8011350563693534,2021-12-24
TECHIN, BE, 24-Dec-2021,6.7,7.0,7.0,6.45, 6.90,6.8,6.89,47999,3.31,160, -, -,,2021-12-24
TECHM, EQ, 24-Dec-2021,1683.8,1683.35,1735.2,1680.35, 1724.00,1723.8,1709.44,3343946,57162.8,97407, 876185, 26.20,0.2620212766593719,2021-12-24
TECHNOE, EQ, 24-Dec-2021,231.7,233.8,234.3,225.1, 230.80,229.35,231.53,51727,119.76,1824, 30301, 58.58,0.5857869197904383,2021-12-24
TEGA, EQ, 24-Dec-2021,582.45,594.0,594.95,580.0, 585.00,584.95,585.86,476003,2788.71,20892, 150493, 31.62,0.3161597721022767,2021-12-24
TEJASNET, EQ, 24-Dec-2021,416.5,421.9,424.0,407.6, 409.85,409.65,412.9,126823,523.65,4108, 85415, 67.35,0.6734977094060226,2021-12-24
TEMBO, BE, 24-Dec-2021,277.0,268.0,277.0,263.25, 276.00,276.65,273.66,6854,18.76,74, -, -,,2021-12-24
TERASOFT, EQ, 24-Dec-2021,49.0,49.5,49.5,47.0, 48.00,47.9,48.31,39909,19.28,640, 27406, 68.67,0.6867122704151946,2021-12-24
TEXINFRA, EQ, 24-Dec-2021,57.7,57.7,64.35,57.7, 61.05,61.2,59.37,781397,463.94,3415, 613562, 78.52,0.7852116145826001,2021-12-24
TEXMOPIPES, EQ, 24-Dec-2021,70.45,71.45,71.45,68.3, 68.45,68.75,69.14,132713,91.76,2122, 63432, 47.80,0.47796372623631445,2021-12-24
TEXRAIL, EQ, 24-Dec-2021,29.4,29.65,29.65,28.7, 28.95,28.9,29.15,970748,282.94,6345, 622626, 64.14,0.6413878782135013,2021-12-24
TFCILTD, EQ, 24-Dec-2021,59.75,59.7,60.9,58.15, 58.75,58.5,58.86,100358,59.07,1232, 45048, 44.89,0.44887303453635985,2021-12-24
TFL, BE, 24-Dec-2021,6.95,6.95,7.2,6.7, 7.15,6.95,6.91,28355,1.96,35, -, -,,2021-12-24
TGBHOTELS, EQ, 24-Dec-2021,8.8,9.05,9.2,8.65, 8.90,8.9,8.96,36189,3.24,117, 30289, 83.70,0.8369670341816574,2021-12-24
THANGAMAYL, EQ, 24-Dec-2021,1294.15,1299.0,1311.0,1280.0, 1304.00,1304.6,1296.77,4208,54.57,956, 1947, 46.27,0.46269011406844107,2021-12-24
THEINVEST, EQ, 24-Dec-2021,99.55,102.0,102.0,97.4, 98.05,98.15,98.46,4880,4.8,152, 3530, 72.34,0.7233606557377049,2021-12-24
THEMISMED, EQ, 24-Dec-2021,896.5,900.5,903.5,860.1, 899.00,889.75,879.91,4233,37.25,349, 3409, 80.53,0.805339003071108,2021-12-24
THERMAX, EQ, 24-Dec-2021,1766.05,1755.0,1772.9,1726.0, 1751.00,1753.7,1742.35,49850,868.56,5367, 13868, 27.82,0.2781945837512538,2021-12-24
THOMASCOOK, EQ, 24-Dec-2021,61.85,62.8,62.8,59.4, 61.00,60.5,60.75,160506,97.51,2375, 83175, 51.82,0.5182049269186199,2021-12-24
THOMASCOTT, BE, 24-Dec-2021,51.55,51.45,51.45,49.0, 49.00,49.0,49.11,5467,2.69,80, -, -,,2021-12-24
THYROCARE, EQ, 24-Dec-2021,1008.3,1014.8,1023.65,992.05, 1007.00,1005.25,1008.9,92285,931.06,5405, 13074, 14.17,0.14166982716584495,2021-12-24
TI, BE, 24-Dec-2021,91.3,92.8,93.45,90.05, 91.30,90.85,91.46,85134,77.86,642, -, -,,2021-12-24
TIDEWATER, EQ, 24-Dec-2021,1476.0,1470.0,1499.0,1456.25, 1463.00,1465.15,1466.23,9048,132.66,2077, 4491, 49.64,0.4963527851458886,2021-12-24
TIIL, EQ, 24-Dec-2021,803.7,795.15,803.25,785.8, 788.10,789.05,790.71,2762,21.84,222, 1762, 63.79,0.6379435191889935,2021-12-24
TIINDIA, EQ, 24-Dec-2021,1711.85,1718.0,1720.0,1681.35, 1695.00,1708.05,1703.72,54944,936.09,7609, 17681, 32.18,0.3218003785672685,2021-12-24
TIJARIA, EQ, 24-Dec-2021,7.75,8.0,8.1,7.45, 7.90,7.95,7.78,84079,6.54,231, 55275, 65.74,0.6574174288466799,2021-12-24
TIL, EQ, 24-Dec-2021,146.05,145.0,147.8,140.3, 140.60,141.45,142.74,8381,11.96,315, 6599, 78.74,0.7873762080897267,2021-12-24
TIMESGTY, EQ, 24-Dec-2021,43.6,43.6,43.85,41.05, 43.55,43.5,42.98,9097,3.91,404, 3308, 36.36,0.36363636363636365,2021-12-24
TIMETECHNO, EQ, 24-Dec-2021,71.15,71.75,73.65,70.9, 71.20,71.15,72.13,969570,699.31,6636, 359287, 37.06,0.37056323937415553,2021-12-24
TIMKEN, EQ, 24-Dec-2021,1919.75,1915.0,1936.0,1890.25, 1906.00,1899.5,1914.07,20961,401.21,4082, 7591, 36.21,0.36214875244501693,2021-12-24
TINPLATE, EQ, 24-Dec-2021,267.65,268.8,268.8,261.8, 265.00,264.5,264.85,117183,310.36,4295, 36017, 30.74,0.3073568691704428,2021-12-24
TIPSINDLTD, BE, 24-Dec-2021,1627.7,1669.0,1669.0,1572.0, 1635.10,1647.75,1638.68,7157,117.28,336, -, -,,2021-12-24
TIRUMALCHM, EQ, 24-Dec-2021,226.25,227.0,227.9,218.65, 220.00,219.65,221.61,431408,956.05,6681, 172774, 40.05,0.40048863257055967,2021-12-24
TIRUPATIFL, BE, 24-Dec-2021,11.1,11.1,11.55,10.75, 10.90,10.95,11.04,44799,4.95,228, -, -,,2021-12-24
TITAN, EQ, 24-Dec-2021,2329.9,2340.1,2341.9,2310.0, 2318.50,2319.45,2322.9,534065,12405.77,33907, 192505, 36.05,0.36045237939202157,2021-12-24
TMRVL, EQ, 24-Dec-2021,16.0,15.8,16.4,15.7, 15.95,15.8,15.82,56251,8.9,503, 38910, 69.17,0.6917210360704699,2021-12-24
TNPETRO, EQ, 24-Dec-2021,104.05,104.3,104.8,101.3, 102.50,102.1,102.45,174316,178.59,3157, 65967, 37.84,0.37843341976640127,2021-12-24
TNPL, EQ, 24-Dec-2021,123.0,123.4,124.15,121.25, 122.00,122.15,122.27,28802,35.22,710, 17927, 62.24,0.6224220540240261,2021-12-24
TNTELE, BE, 24-Dec-2021,8.75,9.1,9.15,8.7, 9.05,9.05,9.07,91264,8.28,274, -, -,,2021-12-24
TOKYOPLAST, EQ, 24-Dec-2021,96.5,97.7,98.0,95.15, 96.95,96.1,96.58,3508,3.39,118, 2086, 59.46,0.5946408209806158,2021-12-24
TORNTPHARM, EQ, 24-Dec-2021,3162.5,3180.0,3199.0,3036.35, 3040.00,3046.2,3089.29,280601,8668.57,19355, 97584, 34.78,0.3477678269143731,2021-12-24
TORNTPOWER, EQ, 24-Dec-2021,542.2,544.95,547.9,529.55, 532.50,533.4,535.56,536765,2874.71,9791, 99101, 18.46,0.1846264193827839,2021-12-24
TOTAL, EQ, 24-Dec-2021,89.9,90.85,90.85,85.0, 87.00,86.8,87.54,84850,74.28,1378, 41310, 48.69,0.48685916322922806,2021-12-24
TOUCHWOOD, EQ, 24-Dec-2021,121.55,123.4,123.4,117.35, 117.40,119.0,119.09,1106,1.32,74, 773, 69.89,0.6989150090415913,2021-12-24
TPLPLASTEH, EQ, 24-Dec-2021,158.9,163.7,171.5,156.35, 171.40,162.5,161.61,6882,11.12,251, 5389, 78.31,0.7830572507991863,2021-12-24
TREEHOUSE, EQ, 24-Dec-2021,11.4,11.85,11.9,10.85, 11.00,11.0,11.15,44823,5.0,442, 34278, 76.47,0.7647413158423131,2021-12-24
TREJHARA, EQ, 24-Dec-2021,87.95,89.0,93.05,84.35, 85.40,85.05,89.42,427219,382.02,8647, 196502, 46.00,0.45995613490973014,2021-12-24
TRENT, EQ, 24-Dec-2021,1042.15,1043.35,1052.75,1020.25, 1041.90,1041.0,1035.62,288355,2986.26,12499, 113010, 39.19,0.39191274644101887,2021-12-24
TRF, BE, 24-Dec-2021,132.85,136.5,139.4,135.0, 138.90,138.25,136.07,5648,7.69,56, -, -,,2021-12-24
TRIDENT, EQ, 24-Dec-2021,53.1,53.4,53.4,51.65, 52.15,52.1,52.18,10952720,5714.63,58316, 5889188, 53.77,0.5376918244965634,2021-12-24
TRIGYN, EQ, 24-Dec-2021,150.1,151.0,153.1,142.65, 144.10,143.85,146.81,817291,1199.88,24116, 293123, 35.87,0.3586519367030837,2021-12-24
TRIL, EQ, 24-Dec-2021,30.5,30.8,30.95,29.7, 29.90,29.95,30.13,208486,62.83,1501, 103665, 49.72,0.4972276315915697,2021-12-24
TRITURBINE, EQ, 24-Dec-2021,176.55,178.3,179.7,173.5, 174.50,174.35,175.89,163033,286.76,4245, 40188, 24.65,0.24650224187741132,2021-12-24
TRIVENI, EQ, 24-Dec-2021,216.9,218.65,222.35,215.1, 215.40,216.0,217.89,660139,1438.37,13008, 178900, 27.10,0.27100353107451614,2021-12-24
TTKHLTCARE, EQ, 24-Dec-2021,693.4,698.0,701.15,675.05, 675.05,676.95,685.27,10318,70.71,732, 7150, 69.30,0.6929637526652452,2021-12-24
TTKPRESTIG, EQ, 24-Dec-2021,962.65,972.8,973.0,945.0, 950.10,947.6,952.91,91245,869.48,7425, 42324, 46.39,0.46385007397665623,2021-12-24
TTL, EQ, 24-Dec-2021,81.65,81.25,83.75,80.5, 82.85,82.8,82.57,13024,10.75,242, 9603, 73.73,0.737331081081081,2021-12-24
TTML, BE, 24-Dec-2021,154.1,146.4,161.8,146.4, 161.80,161.8,152.2,4218709,6420.76,22851, -, -,,2021-12-24
TV18BRDCST, EQ, 24-Dec-2021,44.65,44.35,46.25,43.6, 45.40,45.45,45.18,10781504,4870.71,24553, 3108048, 28.83,0.28827592142988584,2021-12-24
TVSELECT, EQ, 24-Dec-2021,174.5,173.65,176.4,170.5, 171.25,171.35,172.53,31818,54.9,1116, 17493, 54.98,0.549783141617952,2021-12-24
TVSMOTOR, EQ, 24-Dec-2021,620.35,622.55,622.8,606.0, 610.45,610.5,611.12,1040322,6357.65,25139, 230336, 22.14,0.22140837163878108,2021-12-24
TVSSRICHAK, EQ, 24-Dec-2021,2020.45,2022.0,2045.85,2000.1, 2015.00,2018.9,2020.17,13100,264.64,379, 11932, 91.08,0.9108396946564885,2021-12-24
TVTODAY, EQ, 24-Dec-2021,429.5,431.0,434.3,420.75, 424.20,425.3,426.45,128177,546.6,4328, 50064, 39.06,0.39058489432581506,2021-12-24
TVVISION, BE, 24-Dec-2021,3.45,3.6,3.6,3.5, 3.60,3.6,3.59,21130,0.76,23, -, -,,2021-12-24
TWL, EQ, 24-Dec-2021,91.35,90.5,91.5,86.2, 87.90,88.1,87.91,605363,532.17,5646, 277678, 45.87,0.45869668281675624,2021-12-24
UBL, EQ, 24-Dec-2021,1590.1,1654.0,1654.0,1555.05, 1565.00,1568.75,1604.31,1000170,16045.79,52264, 77351, 7.73,0.07733785256506394,2021-12-24
UCALFUEL, EQ, 24-Dec-2021,139.6,141.0,141.0,136.25, 136.80,137.5,138.03,9991,13.79,599, 4087, 40.91,0.4090681613452107,2021-12-24
UCOBANK, EQ, 24-Dec-2021,13.0,13.1,13.1,12.8, 13.00,12.95,12.97,3501143,453.97,14696, 865429, 24.72,0.24718470510916007,2021-12-24
UDAICEMENT, EQ, 24-Dec-2021,36.35,37.35,37.35,35.35, 35.80,35.75,36.08,76084,27.45,748, 53634, 70.49,0.7049313916197887,2021-12-24
UFLEX, EQ, 24-Dec-2021,514.25,517.5,517.5,498.0, 504.00,502.15,506.54,48946,247.93,2451, 20223, 41.32,0.4131696154946267,2021-12-24
UFO, EQ, 24-Dec-2021,94.8,96.0,96.0,92.0, 93.50,92.75,93.6,101333,94.85,2506, 49230, 48.58,0.4858239665262057,2021-12-24
UGARSUGAR, EQ, 24-Dec-2021,29.45,29.45,29.75,28.8, 29.05,29.05,29.14,86882,25.32,672, 42133, 48.49,0.48494509794894225,2021-12-24
UGROCAP, EQ, 24-Dec-2021,197.75,197.0,201.2,196.0, 198.40,196.85,197.2,81655,161.03,3445, 45992, 56.32,0.5632478109117629,2021-12-24
UJAAS, BE, 24-Dec-2021,3.7,3.85,3.85,3.7, 3.85,3.85,3.81,2160926,82.28,2858, -, -,,2021-12-24
UJJIVAN, EQ, 24-Dec-2021,132.1,133.0,133.45,129.75, 130.20,130.15,130.88,297742,389.69,4790, 131933, 44.31,0.44311182164424234,2021-12-24
UJJIVANSFB, EQ, 24-Dec-2021,18.8,18.95,18.95,18.5, 18.55,18.55,18.61,906303,168.69,3474, 457555, 50.49,0.5048587503296359,2021-12-24
ULTRACEMCO, EQ, 24-Dec-2021,7340.6,7362.0,7450.0,7201.9, 7237.00,7224.8,7277.73,270337,19674.39,27583, 124202, 45.94,0.45943396575385537,2021-12-24
UMANGDAIRY, EQ, 24-Dec-2021,69.65,69.65,70.7,68.05, 69.00,69.05,69.34,7386,5.12,169, 4280, 57.95,0.5794746818304901,2021-12-24
UMESLTD, BE, 24-Dec-2021,5.65,5.6,5.9,5.45, 5.70,5.8,5.8,268331,15.57,287, -, -,,2021-12-24
UNICHEMLAB, EQ, 24-Dec-2021,241.05,242.3,248.75,241.25, 245.45,247.1,245.23,42629,104.54,2636, 13523, 31.72,0.31722536301578735,2021-12-24
UNIDT, EQ, 24-Dec-2021,394.7,399.9,399.9,381.0, 382.00,383.35,385.69,13185,50.85,752, 6473, 49.09,0.49093667045885475,2021-12-24
UNIENTER, EQ, 24-Dec-2021,115.7,117.0,120.0,115.25, 118.50,118.35,119.14,12273,14.62,254, 7743, 63.09,0.6308970911757517,2021-12-24
UNIONBANK, EQ, 24-Dec-2021,44.5,44.65,44.7,42.8, 43.20,43.1,43.48,12289310,5342.92,28463, 4271849, 34.76,0.3476069038863858,2021-12-24
UNITECH, BZ, 24-Dec-2021,2.9,2.95,2.95,2.8, 2.95,2.9,2.84,6255414,177.93,2498, -, -,,2021-12-24
UNITEDTEA, EQ, 24-Dec-2021,327.8,326.55,333.4,319.05, 328.00,328.3,326.82,767,2.51,66, 607, 79.14,0.7913950456323338,2021-12-24
UNIVASTU, EQ, 24-Dec-2021,61.55,63.9,63.95,61.1, 63.00,62.75,62.44,8157,5.09,277, 2892, 35.45,0.3545421110702464,2021-12-24
UNIVCABLES, EQ, 24-Dec-2021,146.2,149.0,149.0,145.05, 146.80,146.05,146.45,11494,16.83,375, 8347, 72.62,0.7262049765094832,2021-12-24
UNIVPHOTO, EQ, 24-Dec-2021,763.9,769.9,769.9,726.0, 728.50,729.8,733.09,12694,93.06,584, 10364, 81.64,0.8164487159287852,2021-12-24
UPL, EQ, 24-Dec-2021,754.75,759.0,759.0,739.1, 748.00,746.85,746.03,1276729,9524.74,29426, 384303, 30.10,0.3010059299976737,2021-12-24
URJA, EQ, 24-Dec-2021,15.6,16.35,16.35,16.35, 16.35,16.35,16.35,777858,127.18,1327, 777858, 100.00,1.0,2021-12-24
USHAMART, EQ, 24-Dec-2021,88.0,88.85,90.5,86.3, 89.50,89.7,89.0,461621,410.85,3580, 246391, 53.38,0.5337517140684674,2021-12-24
UTIAMC, EQ, 24-Dec-2021,1005.6,1010.9,1039.0,994.45, 1027.50,1026.9,1012.82,240427,2435.09,16104, 68754, 28.60,0.2859662184363653,2021-12-24
UTIBANKETF, EQ, 24-Dec-2021,35.31,35.01,35.95,34.75, 34.95,34.91,35.01,2572,0.9,150, 2321, 90.24,0.9024105754276828,2021-12-24
UTINEXT50, EQ, 24-Dec-2021,43.78,44.0,44.0,43.06, 43.32,43.34,43.38,25867,11.22,135, 24380, 94.25,0.9425136274017087,2021-12-24
UTINIFTETF, EQ, 24-Dec-2021,1791.16,1820.0,1820.0,1773.3, 1791.30,1791.3,1788.79,11721,209.66,79, 11578, 98.78,0.9877996757955806,2021-12-24
UTISENSETF, EQ, 24-Dec-2021,603.47,611.99,611.99,595.18, 601.15,601.19,599.69,1128,6.76,84, 686, 60.82,0.6081560283687943,2021-12-24
UTISXN50, EQ, 24-Dec-2021,48.49,47.04,48.87,47.04, 47.89,47.65,47.77,1048,0.5,56, 802, 76.53,0.7652671755725191,2021-12-24
UTTAMSTL, EQ, 24-Dec-2021,5.0,5.0,5.15,4.85, 5.10,5.05,5.02,923719,46.35,1166, 499527, 54.08,0.5407780937709412,2021-12-24
UTTAMSUGAR, EQ, 24-Dec-2021,173.55,175.95,175.95,167.0, 170.15,168.6,171.88,18428,31.67,646, 8193, 44.46,0.4445951812459301,2021-12-24
V2RETAIL, BE, 24-Dec-2021,166.3,163.1,164.8,158.0, 158.50,159.7,158.46,252534,400.16,398, -, -,,2021-12-24
VADILALIND, EQ, 24-Dec-2021,917.25,917.4,998.0,895.05, 950.00,949.75,963.4,70701,681.14,5266, 34746, 49.14,0.49144990877073874,2021-12-24
VAIBHAVGBL, EQ, 24-Dec-2021,584.65,589.9,593.8,570.0, 571.00,571.15,576.07,57005,328.39,5845, 25244, 44.28,0.44283834751337603,2021-12-24
VAISHALI, EQ, 24-Dec-2021,34.55,35.25,35.25,33.1, 33.20,33.4,33.91,43918,14.89,341, 23942, 54.52,0.5451523293410446,2021-12-24
VAKRANGEE, EQ, 24-Dec-2021,37.3,37.45,42.7,37.0, 41.95,42.0,40.78,43003872,17535.64,79659, 12448631, 28.95,0.28947698011937156,2021-12-24
VALIANTORG, EQ, 24-Dec-2021,1016.6,1018.0,1043.0,1004.2, 1043.00,1036.0,1027.95,40571,417.05,4210, 20936, 51.60,0.5160336200734514,2021-12-24
VARDHACRLC, EQ, 24-Dec-2021,50.15,50.6,51.7,49.8, 50.50,50.4,50.54,208459,105.35,1235, 68853, 33.03,0.3302951659558954,2021-12-24
VARDMNPOLY, BE, 24-Dec-2021,23.4,24.5,24.5,22.55, 23.75,23.7,23.21,8918,2.07,79, -, -,,2021-12-24
VARROC, EQ, 24-Dec-2021,318.85,323.0,323.0,308.0, 311.30,311.5,314.06,97420,305.95,4223, 32086, 32.94,0.32935742147402997,2021-12-24
VASCONEQ, EQ, 24-Dec-2021,24.45,24.4,24.55,23.7, 23.90,23.95,24.02,459037,110.28,1516, 292345, 63.69,0.6368658735570335,2021-12-24
VASWANI, EQ, 24-Dec-2021,15.6,15.95,15.95,15.35, 15.70,15.7,15.65,24167,3.78,173, 19288, 79.81,0.7981131294740762,2021-12-24
VBL, EQ, 24-Dec-2021,849.6,850.0,856.3,835.55, 839.00,839.4,842.32,235778,1985.99,14259, 164326, 69.70,0.6969522177641679,2021-12-24
VEDL, EQ, 24-Dec-2021,344.0,346.15,350.35,339.55, 345.40,345.8,344.59,6096013,21006.21,49441, 1012789, 16.61,0.1661395735212507,2021-12-24
VENKEYS, EQ, 24-Dec-2021,2520.4,2520.4,2639.45,2495.85, 2547.85,2552.35,2573.75,89891,2313.57,15082, 13290, 14.78,0.14784572426605555,2021-12-24
VENUSREM, EQ, 24-Dec-2021,379.05,383.9,388.65,371.25, 377.85,375.35,378.76,73207,277.28,3492, 38036, 51.96,0.5195678008933572,2021-12-24
VERTOZ, EQ, 24-Dec-2021,101.9,103.7,104.0,99.55, 99.65,99.85,100.76,42554,42.88,802, 27126, 63.74,0.637448888471119,2021-12-24
VESUVIUS, EQ, 24-Dec-2021,1072.7,1076.5,1082.95,1061.1, 1062.00,1063.05,1066.31,3812,40.65,289, 3199, 83.92,0.8391920251836307,2021-12-24
VETO, EQ, 24-Dec-2021,103.05,105.4,105.4,101.2, 103.45,103.0,102.99,36205,37.29,1088, 19928, 55.04,0.5504212125397044,2021-12-24
VGUARD, EQ, 24-Dec-2021,224.25,226.0,227.0,222.15, 222.75,222.7,223.38,111574,249.23,2794, 45673, 40.94,0.40935164106333016,2021-12-24
VHL, EQ, 24-Dec-2021,2843.55,2911.05,3000.0,2862.0, 2910.10,2931.7,2940.7,1163,34.2,324, 628, 54.00,0.5399828030954428,2021-12-24
VICEROY, BZ, 24-Dec-2021,3.85,3.75,4.0,3.75, 4.00,4.0,3.96,15182,0.6,55, -, -,,2021-12-24
VIDHIING, EQ, 24-Dec-2021,370.2,370.2,392.0,365.5, 385.00,385.55,384.1,241686,928.31,10306, 114623, 47.43,0.4742641278352904,2021-12-24
VIJAYA, EQ, 24-Dec-2021,542.65,538.0,541.55,531.95, 533.20,532.85,536.68,20491,109.97,2122, 10856, 52.98,0.529793567907862,2021-12-24
VIJIFIN, BE, 24-Dec-2021,5.25,5.5,5.5,5.35, 5.50,5.5,5.49,352172,19.35,781, -, -,,2021-12-24
VIKASECO, BE, 24-Dec-2021,2.4,2.45,2.45,2.35, 2.45,2.4,2.42,3805863,92.0,2960, -, -,,2021-12-24
VIKASLIFE, EQ, 24-Dec-2021,3.45,3.45,3.5,3.4, 3.50,3.45,3.45,4576197,157.73,16346, 2304496, 50.36,0.5035832154953119,2021-12-24
VIKASPROP, EQ, 24-Dec-2021,2.0,2.0,2.05,1.95, 1.95,2.0,1.98,1899632,37.52,2057, 980445, 51.61,0.5161236492120579,2021-12-24
VIKASWSP, EQ, 24-Dec-2021,3.6,3.7,3.7,3.45, 3.55,3.55,3.56,888207,31.62,873, 554498, 62.43,0.6242891578201928,2021-12-24
VIMTALABS, EQ, 24-Dec-2021,396.8,393.1,405.0,388.95, 395.00,397.35,397.36,48416,192.39,2489, 19593, 40.47,0.4046802709847984,2021-12-24
VINATIORGA, EQ, 24-Dec-2021,1916.5,1918.15,1950.0,1896.4, 1918.00,1917.15,1923.75,33330,641.18,5048, 14921, 44.77,0.44767476747674767,2021-12-24
VINDHYATEL, EQ, 24-Dec-2021,1039.1,1048.85,1048.85,1027.0, 1029.65,1030.45,1034.25,2959,30.6,514, 1820, 61.51,0.6150726596823252,2021-12-24
VINEETLAB, EQ, 24-Dec-2021,74.25,75.45,75.45,72.1, 73.00,72.7,73.11,8935,6.53,178, 6274, 70.22,0.702182428651371,2021-12-24
VINYLINDIA, EQ, 24-Dec-2021,242.3,242.55,244.8,232.0, 237.95,235.25,237.15,52852,125.34,2174, 27266, 51.59,0.5158934382804814,2021-12-24
VIPCLOTHNG, EQ, 24-Dec-2021,19.1,19.4,19.4,18.6, 19.00,18.95,19.0,86657,16.46,410, 60796, 70.16,0.7015705597932077,2021-12-24
VIPIND, EQ, 24-Dec-2021,556.85,561.95,561.95,535.1, 540.50,540.45,547.43,279137,1528.07,16656, 54206, 19.42,0.19419138272604491,2021-12-24
VIPULLTD, EQ, 24-Dec-2021,25.1,25.95,26.35,24.65, 25.50,25.45,25.56,13592,3.47,141, 9050, 66.58,0.6658328428487346,2021-12-24
VISAKAIND, EQ, 24-Dec-2021,589.6,590.0,592.95,575.55, 579.00,579.9,581.89,18993,110.52,1663, 12167, 64.06,0.640604433212236,2021-12-24
VISASTEEL, BE, 24-Dec-2021,13.75,13.75,13.75,13.3, 13.40,13.45,13.41,12702,1.7,130, -, -,,2021-12-24
VISESHINFO, BE, 24-Dec-2021,0.4,0.45,0.45,0.45, 0.45,0.45,0.45,54356066,244.6,2201, -, -,,2021-12-24
VISHAL, EQ, 24-Dec-2021,90.0,91.55,92.35,88.05, 89.00,89.65,89.76,34318,30.81,863, 17162, 50.01,0.5000874176816831,2021-12-24
VISHNU, BE, 24-Dec-2021,828.8,839.95,839.95,807.0, 829.00,823.1,812.48,5826,47.34,221, -, -,,2021-12-24
VISHWARAJ, EQ, 24-Dec-2021,28.05,28.25,29.6,28.05, 29.40,29.45,28.64,4895189,1401.75,3837, 2902640, 59.30,0.5929576978539541,2021-12-24
VIVIDHA, BE, 24-Dec-2021,1.45,1.5,1.5,1.5, 1.50,1.5,1.5,1075976,16.14,353, -, -,,2021-12-24
VIVIMEDLAB, EQ, 24-Dec-2021,19.65,19.8,21.2,19.7, 19.90,19.95,20.43,1118807,228.52,3574, 532255, 47.57,0.47573442068203003,2021-12-24
VLSFINANCE, EQ, 24-Dec-2021,187.6,188.9,189.85,182.0, 185.00,184.4,185.02,31494,58.27,656, 21843, 69.36,0.6935606782244237,2021-12-24
VMART, EQ, 24-Dec-2021,3594.65,3570.0,3619.0,3540.0, 3598.00,3578.45,3583.97,15333,549.53,5845, 6648, 43.36,0.43357464292702014,2021-12-24
VOLTAMP, EQ, 24-Dec-2021,1918.35,1940.0,1940.0,1875.0, 1894.40,1885.8,1892.38,6683,126.47,1815, 3379, 50.56,0.5056112524315427,2021-12-24
VOLTAS, EQ, 24-Dec-2021,1209.8,1209.8,1209.8,1185.0, 1192.05,1196.5,1195.11,427611,5110.4,26198, 177426, 41.49,0.41492384433515506,2021-12-24
VRLLOG, EQ, 24-Dec-2021,462.05,485.0,485.0,436.0, 452.00,448.65,449.75,226517,1018.77,15469, 94614, 41.77,0.41769050446544853,2021-12-24
VSSL, EQ, 24-Dec-2021,229.4,229.5,230.2,221.2, 221.35,222.25,223.77,44960,100.61,1694, 25828, 57.45,0.5744661921708185,2021-12-24
VSTIND, EQ, 24-Dec-2021,3073.2,3088.6,3180.4,3075.0, 3129.00,3114.1,3108.42,5845,181.69,1235, 3042, 52.04,0.5204448246364414,2021-12-24
VSTTILLERS, EQ, 24-Dec-2021,2736.75,2740.0,2765.4,2686.65, 2705.00,2703.45,2715.7,5345,145.15,1678, 2660, 49.77,0.4976613657623948,2021-12-24
VTL, EQ, 24-Dec-2021,2196.05,2215.0,2215.0,2150.0, 2199.50,2193.0,2186.04,84652,1850.52,8354, 37413, 44.20,0.44196238718518166,2021-12-24
WABAG, EQ, 24-Dec-2021,306.1,308.55,308.55,303.3, 304.10,306.25,305.63,210205,642.46,3875, 90427, 43.02,0.43018481958088534,2021-12-24
WABCOINDIA, EQ, 24-Dec-2021,8172.65,8189.95,8200.0,8075.1, 8200.00,8167.4,8151.76,2066,168.42,892, 1335, 64.62,0.6461761858664086,2021-12-24
WALCHANNAG, EQ, 24-Dec-2021,50.25,50.6,51.5,49.65, 49.90,49.85,50.54,344172,173.93,2718, 120632, 35.05,0.3504991690201411,2021-12-24
WANBURY, BE, 24-Dec-2021,80.25,80.05,81.2,77.0, 78.05,79.0,79.62,4394,3.5,61, -, -,,2021-12-24
WATERBASE, EQ, 24-Dec-2021,101.35,102.0,102.0,99.1, 100.00,100.05,100.37,34315,34.44,1019, 13961, 40.68,0.4068483170625091,2021-12-24
WEALTH, BE, 24-Dec-2021,238.0,230.85,240.0,230.85, 240.00,240.0,239.24,100,0.24,5, -, -,,2021-12-24
WEBELSOLAR, EQ, 24-Dec-2021,96.9,97.85,103.9,95.45, 99.80,100.05,101.45,1166495,1183.38,17655, 436801, 37.45,0.3744559556620474,2021-12-24
WEIZMANIND, EQ, 24-Dec-2021,55.55,56.1,59.6,55.15, 58.25,58.2,58.14,35278,20.51,643, 16716, 47.38,0.4738363852826124,2021-12-24
WELCORP, EQ, 24-Dec-2021,175.95,175.95,176.95,168.5, 173.00,172.15,172.32,2434290,4194.85,17328, 499751, 20.53,0.20529641086312642,2021-12-24
WELENT, EQ, 24-Dec-2021,93.5,94.45,94.45,90.95, 92.00,91.85,92.63,82115,76.07,1527, 45159, 54.99,0.5499482433172989,2021-12-24
WELINV, EQ, 24-Dec-2021,272.35,279.95,279.95,266.7, 270.70,268.05,268.92,1230,3.31,66, 1115, 90.65,0.9065040650406504,2021-12-24
WELSPUNIND, EQ, 24-Dec-2021,142.65,143.3,143.3,140.15, 142.00,142.05,141.96,671740,953.62,6754, 301918, 44.95,0.4494566350075922,2021-12-24
WENDT, EQ, 24-Dec-2021,4980.45,4915.0,5125.0,4915.0, 5030.10,5035.4,5001.0,628,31.41,205, 328, 52.23,0.5222929936305732,2021-12-24
WESTLIFE, EQ, 24-Dec-2021,555.9,559.8,572.35,552.5, 563.00,558.0,562.55,34722,195.33,2889, 10874, 31.32,0.3131732043085076,2021-12-24
WHEELS, EQ, 24-Dec-2021,645.6,645.0,645.8,620.0, 634.00,623.6,628.77,22376,140.69,1729, 14592, 65.21,0.652127279227744,2021-12-24
WHIRLPOOL, EQ, 24-Dec-2021,1769.2,1784.0,1784.0,1748.95, 1752.70,1753.05,1758.72,228424,4017.33,9906, 152198, 66.63,0.6662960109270479,2021-12-24
WILLAMAGOR, BE, 24-Dec-2021,24.8,24.35,25.45,23.8, 25.20,25.1,24.34,4793,1.17,53, -, -,,2021-12-24
WINDLAS, EQ, 24-Dec-2021,264.0,262.5,269.45,261.65, 265.35,266.1,265.33,45139,119.77,2695, 16175, 35.83,0.35833757947672745,2021-12-24
WINDMACHIN, EQ, 24-Dec-2021,37.15,37.7,38.2,36.35, 36.75,36.6,37.0,69375,25.67,590, 34176, 49.26,0.49262702702702704,2021-12-24
WINPRO, EQ, 24-Dec-2021,8.85,8.85,9.0,8.55, 8.90,8.9,8.73,702341,61.32,751, 387258, 55.14,0.5513817362221485,2021-12-24
WIPL, BE, 24-Dec-2021,50.65,50.65,50.95,48.25, 50.00,50.15,49.94,122,0.06,10, -, -,,2021-12-24
WIPRO, EQ, 24-Dec-2021,694.55,697.75,702.4,690.15, 697.65,698.45,696.16,6591213,45885.17,104089, 1985825, 30.13,0.30128369391187937,2021-12-24
WOCKPHARMA, EQ, 24-Dec-2021,393.95,395.0,398.9,389.5, 391.00,391.65,393.49,380973,1499.09,10723, 125324, 32.90,0.3289576951647492,2021-12-24
WONDERLA, EQ, 24-Dec-2021,206.85,206.85,207.5,200.7, 203.50,202.0,202.41,32187,65.15,2981, 15381, 47.79,0.4778637338055737,2021-12-24
WORTH, EQ, 24-Dec-2021,91.85,90.1,93.0,89.0, 93.00,92.45,91.47,17948,16.42,212, 11549, 64.35,0.6434700245152664,2021-12-24
WSTCSTPAPR, EQ, 24-Dec-2021,238.2,239.4,239.4,232.25, 234.00,233.9,235.32,59433,139.86,2310, 26478, 44.55,0.44551007016304073,2021-12-24
XCHANGING, EQ, 24-Dec-2021,104.75,105.15,105.5,102.05, 102.45,102.5,103.43,319120,330.07,5298, 117519, 36.83,0.3682595888693908,2021-12-24
XELPMOC, EQ, 24-Dec-2021,380.3,390.0,390.0,378.0, 381.00,379.8,382.0,16598,63.4,1164, 11180, 67.36,0.6735751295336787,2021-12-24
XPROINDIA, BE, 24-Dec-2021,937.8,937.8,960.0,915.0, 938.00,936.0,936.07,10086,94.41,391, -, -,,2021-12-24
YAARI, EQ, 24-Dec-2021,92.0,92.1,93.05,89.5, 92.30,91.6,90.57,52352,47.42,1081, 29422, 56.20,0.5620033618581907,2021-12-24
YESBANK, EQ, 24-Dec-2021,13.55,13.6,13.65,13.15, 13.30,13.25,13.31,84988162,11312.24,85577, 32875799, 38.68,0.38682797964262366,2021-12-24
YUKEN, EQ, 24-Dec-2021,556.5,557.2,565.0,552.95, 563.95,563.75,560.94,861,4.83,89, 721, 83.74,0.8373983739837398,2021-12-24
ZEEL, EQ, 24-Dec-2021,338.15,342.0,342.0,330.05, 333.00,331.8,334.71,15973004,53462.48,106851, 2497504, 15.64,0.1563578147228912,2021-12-24
ZEELEARN, EQ, 24-Dec-2021,14.05,14.15,14.35,13.75, 14.15,14.2,14.08,1542349,217.22,2331, 760967, 49.34,0.49338184807718616,2021-12-24
ZEEMEDIA, BE, 24-Dec-2021,13.2,13.35,13.4,12.55, 12.85,12.75,12.81,915616,117.32,1946, -, -,,2021-12-24
ZENITHEXPO, EQ, 24-Dec-2021,87.4,85.05,87.5,85.0, 87.50,87.1,87.04,268,0.23,18, 220, 82.09,0.8208955223880597,2021-12-24
ZENSARTECH, EQ, 24-Dec-2021,475.1,486.0,492.75,475.2, 477.05,477.6,482.94,1984102,9582.02,40680, 555691, 28.01,0.280071790663988,2021-12-24
ZENTEC, EQ, 24-Dec-2021,214.65,214.7,223.0,214.15, 214.15,215.0,217.49,301676,656.1,6595, 125164, 41.49,0.4148954507484851,2021-12-24
ZODIAC, EQ, 24-Dec-2021,44.95,47.15,47.15,47.15, 47.15,47.15,47.15,3000,1.41,10, 3000, 100.00,1.0,2021-12-24
ZODIACLOTH, EQ, 24-Dec-2021,106.8,107.1,108.8,103.25, 105.00,105.2,105.4,19103,20.14,540, 11202, 58.64,0.586400041878239,2021-12-24
ZOMATO, EQ, 24-Dec-2021,133.0,134.5,134.5,129.6, 131.50,131.45,131.06,17625584,23100.05,91117, 2909756, 16.51,0.16508706888804364,2021-12-24
ZOTA, EQ, 24-Dec-2021,404.55,406.0,409.0,392.4, 400.00,398.05,402.28,28525,114.75,1406, 11469, 40.21,0.40206836108676597,2021-12-24
ZUARI, EQ, 24-Dec-2021,108.1,107.5,113.9,107.5, 112.00,111.65,111.57,87709,97.86,1366, 56786, 64.74,0.6474364090344207,2021-12-24
ZUARIGLOB, EQ, 24-Dec-2021,134.65,135.05,139.9,134.35, 137.00,136.15,136.84,80428,110.06,1234, 45615, 56.72,0.567153230218332,2021-12-24
ZYDUSWELL, EQ, 24-Dec-2021,1889.3,1900.0,1901.15,1865.0, 1870.55,1873.0,1878.81,9897,185.95,1668, 5363, 54.19,0.5418813781954127,2021-12-24
