SYMBOL,SERIES,DATE1,PREV_CLOSE,OPEN_PRICE,HIGH_PRICE,LOW_PRICE,LAST_PRICE,CLOSE_PRICE,AVG_PRICE,TTL_TRD_QNTY,TURNOVER_LACS,NO_OF_TRADES,DELIV_QTY,DELIV_PER,DELIVERY_PCT,DATE
20MICRONS, EQ, 05-Jan-2023,91.45,91.95,92.55,90.15,91.1,90.85,91.06,69057,62.88,1145, 43309, 62.71,0.6271485873988155,2023-01-05
21STCENMGM, EQ, 05-Jan-2023,22.35,22.75,22.75,22.05,22.65,22.6,22.42,20993,4.71,151, 4879, 23.24,0.2324108036012004,2023-01-05
3IINFOLTD, EQ, 05-Jan-2023,41.05,41.3,41.95,40.55,40.85,40.85,40.91,259320,106.08,2058, 150880, 58.18,0.5818293999691501,2023-01-05
3MINDIA, EQ, 05-Jan-2023,22050.4,22090.0,22400.0,22007.05,22365.15,22388.0,22244.15,3679,818.36,1814, 1892, 51.43,0.5142701821147051,2023-01-05
3PLAND, EQ, 05-Jan-2023,17.45,17.45,20.9,17.45,20.9,20.9,19.68,69880,13.75,358, 57652, 82.50,0.8250143102461363,2023-01-05
4THDIM, BE, 05-Jan-2023,117.6,118.25,119.0,117.5,118.1,118.1,118.15,25257,29.84,63, -, -,,2023-01-05
5PAISA, EQ, 05-Jan-2023,314.4,317.9,318.4,311.1,312.55,313.0,314.59,20137,63.35,1998, 6137, 30.48,0.30476237771266823,2023-01-05
63MOONS, EQ, 05-Jan-2023,163.8,164.0,168.7,162.55,166.45,165.85,164.88,74042,122.08,2846, 25018, 33.79,0.3378893060695281,2023-01-05
A2ZINFRA, EQ, 05-Jan-2023,9.9,10.1,10.25,9.9,10.05,10.05,10.1,243695,24.62,489, 188679, 77.42,0.7742423931553787,2023-01-05
AAATECH, EQ, 05-Jan-2023,64.6,65.9,65.9,62.5,63.05,63.35,63.4,8440,5.35,153, 4234, 50.17,0.5016587677725118,2023-01-05
AAKASH, EQ, 05-Jan-2023,6.8,6.8,6.85,6.65,6.8,6.8,6.75,286803,19.35,689, 215719, 75.22,0.7521504307834995,2023-01-05
AAREYDRUGS, EQ, 05-Jan-2023,37.85,38.3,38.3,37.5,37.6,37.95,37.92,16977,6.44,212, 14115, 83.14,0.8314189786181304,2023-01-05
AARON, EQ, 05-Jan-2023,171.95,175.9,175.9,169.05,170.0,170.95,171.02,3034,5.19,175, 2002, 65.99,0.6598549769281477,2023-01-05
AARTIDRUGS, EQ, 05-Jan-2023,445.6,443.0,454.0,443.0,449.9,448.5,448.62,54398,244.04,4920, 23977, 44.08,0.44076988124563404,2023-01-05
AARTIIND, EQ, 05-Jan-2023,607.9,603.0,609.4,599.1,609.0,606.4,604.2,536007,3238.54,22747, 244073, 45.54,0.4553541278378827,2023-01-05
AARTISURF, EQ, 05-Jan-2023,664.35,668.0,670.0,641.0,644.9,645.45,655.09,9763,63.96,859, 6685, 68.47,0.6847280549011574,2023-01-05
AARVEEDEN, EQ, 05-Jan-2023,27.1,28.0,28.0,26.0,26.7,26.35,26.92,39416,10.61,596, 14584, 37.00,0.3700020296326365,2023-01-05
AARVI, EQ, 05-Jan-2023,171.25,177.15,177.15,168.0,171.0,171.45,172.0,17874,30.74,526, 9081, 50.81,0.5080563947633434,2023-01-05
AAVAS, EQ, 05-Jan-2023,1761.65,1769.9,1775.2,1723.85,1750.0,1731.65,1744.16,73697,1285.39,11579, 42437, 57.58,0.5758307665169545,2023-01-05
ABAN, EQ, 05-Jan-2023,48.35,48.2,49.7,47.7,48.5,48.15,48.45,111687,54.11,1632, 56642, 50.71,0.5071494444295218,2023-01-05
ABB, EQ, 05-Jan-2023,2705.2,2725.55,2814.1,2720.15,2811.0,2806.0,2772.93,361324,10019.27,41387, 118371, 32.76,0.3276034805327075,2023-01-05
ABBOTINDIA, EQ, 05-Jan-2023,21937.3,21997.7,22200.0,21870.1,22100.0,22105.15,22044.65,16249,3582.03,4539, 8324, 51.23,0.512277678626377,2023-01-05
ABCAPITAL, EQ, 05-Jan-2023,148.25,148.95,150.0,146.95,149.6,149.6,148.64,2494910,3708.35,18884, 518395, 20.78,0.20778104220192312,2023-01-05
ABFRL, EQ, 05-Jan-2023,279.95,280.2,282.45,276.7,279.0,279.65,279.5,1009808,2822.43,16661, 474487, 46.99,0.4698784323356519,2023-01-05
ABMINTLLTD, BE, 05-Jan-2023,65.35,68.6,68.6,64.0,67.0,67.0,68.4,210,0.14,18, -, -,,2023-01-05
ABSLAMC, EQ, 05-Jan-2023,457.7,457.0,457.0,445.95,448.0,449.75,453.15,35478,160.77,1886, 23497, 66.23,0.662297761993348,2023-01-05
ABSLBANETF, EQ, 05-Jan-2023,43.08,43.69,44.05,42.46,44.05,42.67,42.83,3176672,1360.58,373, 2933208, 92.34,0.923358785546635,2023-01-05
ABSLNN50ET, EQ, 05-Jan-2023,43.01,42.83,43.3,42.72,43.11,43.29,43.22,3925,1.7,158, 3757, 95.72,0.9571974522292994,2023-01-05
ACC, EQ, 05-Jan-2023,2409.3,2407.5,2445.4,2375.35,2444.95,2440.2,2415.28,347565,8394.66,21285, 77551, 22.31,0.22312660941118928,2023-01-05
ACCELYA, EQ, 05-Jan-2023,1426.9,1420.0,1440.0,1410.05,1436.0,1431.2,1423.86,8798,125.27,2242, 3745, 42.57,0.4256649238463287,2023-01-05
ACCURACY, EQ, 05-Jan-2023,164.1,168.9,170.0,161.65,162.8,162.9,164.63,16299,26.83,350, 10514, 64.51,0.6450702497085711,2023-01-05
ACE, EQ, 05-Jan-2023,317.4,320.0,324.0,309.05,317.0,317.45,316.14,489246,1546.69,13280, 147823, 30.21,0.3021445244314721,2023-01-05
ACEINTEG, EQ, 05-Jan-2023,53.95,51.55,57.5,51.55,53.3,54.05,56.17,4584,2.57,83, 2656, 57.94,0.5794066317626527,2023-01-05
ACI, EQ, 05-Jan-2023,532.95,534.9,570.8,528.65,560.55,558.75,552.52,797190,4404.63,38197, 278449, 34.93,0.34928812453743774,2023-01-05
ADANIENT, EQ, 05-Jan-2023,3827.05,3827.05,3842.4,3756.9,3839.0,3829.8,3813.43,997006,38020.09,49242, 191568, 19.21,0.19214327697125194,2023-01-05
ADANIGREEN, EQ, 05-Jan-2023,1860.5,1869.85,1880.9,1835.65,1859.9,1860.0,1859.1,803349,14935.03,38912, 266530, 33.18,0.331773612713777,2023-01-05
ADANIPORTS, EQ, 05-Jan-2023,810.0,814.05,821.6,797.0,818.25,819.6,812.2,3119740,25338.6,65560, 645092, 20.68,0.2067774878675787,2023-01-05
ADANIPOWER, EQ, 05-Jan-2023,286.6,287.95,293.2,277.0,290.2,288.75,285.44,1868579,5333.61,39798, 1095939, 58.65,0.5865093207191133,2023-01-05
ADANITRANS, EQ, 05-Jan-2023,2512.7,2525.3,2580.0,2437.8,2567.95,2554.15,2507.95,567439,14231.09,42904, 91640, 16.15,0.16149753541790396,2023-01-05
ADFFOODS, EQ, 05-Jan-2023,745.9,744.0,752.0,729.0,734.9,733.5,739.67,10224,75.62,1494, 4880, 47.73,0.47730829420970267,2023-01-05
ADL, BE, 05-Jan-2023,62.55,64.85,64.85,62.55,63.8,63.8,62.97,491,0.31,16, -, -,,2023-01-05
ADORWELD, EQ, 05-Jan-2023,843.65,857.2,857.2,840.0,850.0,849.8,849.58,7381,62.71,822, 6126, 83.00,0.8299688389107167,2023-01-05
ADROITINFO, EQ, 05-Jan-2023,23.35,24.3,24.3,22.2,22.7,22.85,22.76,74395,16.93,407, 51661, 69.44,0.694414947241078,2023-01-05
ADSL, EQ, 05-Jan-2023,93.5,94.35,94.5,92.9,94.3,93.75,93.54,37396,34.98,932, 19199, 51.34,0.5133971547759119,2023-01-05
ADVANIHOTR, EQ, 05-Jan-2023,80.45,81.5,81.5,79.8,80.55,80.2,80.34,13382,10.75,291, 8469, 63.29,0.6328650425945299,2023-01-05
ADVENZYMES, EQ, 05-Jan-2023,282.0,284.35,284.7,278.45,281.95,282.6,281.22,49795,140.03,2882, 23594, 47.38,0.47382267295913244,2023-01-05
AEGISCHEM, EQ, 05-Jan-2023,342.95,345.55,348.5,340.2,341.65,342.2,343.93,305599,1051.05,13595, 102659, 33.59,0.3359271463584632,2023-01-05
AETHER, EQ, 05-Jan-2023,845.05,846.0,855.1,840.8,845.35,848.5,849.0,12424,105.48,1241, 5118, 41.19,0.4119446233097231,2023-01-05
AFFLE, EQ, 05-Jan-2023,1043.65,1049.1,1052.95,1033.0,1036.0,1037.0,1039.8,120274,1250.61,15729, 66574, 55.35,0.5535194638907827,2023-01-05
AGARIND, EQ, 05-Jan-2023,597.8,595.05,600.0,590.65,598.5,594.95,597.37,12963,77.44,1041, 8196, 63.23,0.6322610506827123,2023-01-05
AGI, EQ, 05-Jan-2023,326.35,329.0,343.0,329.0,332.5,333.3,335.84,237787,798.59,7872, 80755, 33.96,0.3396106599603847,2023-01-05
AGRITECH, EQ, 05-Jan-2023,102.95,105.0,107.0,100.05,102.95,102.35,103.64,19106,19.8,730, 7474, 39.12,0.3911860148644405,2023-01-05
AGROPHOS, EQ, 05-Jan-2023,43.65,44.9,44.9,42.6,43.8,43.35,43.85,75180,32.97,674, 42122, 56.03,0.5602819898909285,2023-01-05
AGSTRA, EQ, 05-Jan-2023,65.65,66.25,66.35,64.75,64.85,64.9,65.34,398105,260.12,3984, 194740, 48.92,0.48916743070295526,2023-01-05
AHL, EQ, 05-Jan-2023,185.45,185.9,188.0,183.05,184.0,184.0,185.13,123103,227.9,3677, 68042, 55.27,0.5527241415725044,2023-01-05
AHLADA, EQ, 05-Jan-2023,103.2,104.3,104.5,100.0,101.9,100.85,101.24,10739,10.87,309, 7446, 69.34,0.6933606481050377,2023-01-05
AHLEAST, EQ, 05-Jan-2023,116.1,116.25,119.0,115.8,116.0,116.05,116.7,5737,6.7,145, 4303, 75.00,0.7500435767822904,2023-01-05
AHLUCONT, EQ, 05-Jan-2023,497.55,499.85,515.4,493.8,515.0,513.5,509.06,55017,280.07,2465, 29227, 53.12,0.5312357998436846,2023-01-05
AIAENG, EQ, 05-Jan-2023,2582.75,2593.05,2624.0,2520.0,2590.0,2595.3,2587.86,62095,1606.93,6433, 41749, 67.23,0.6723407681777921,2023-01-05
AIRAN, EQ, 05-Jan-2023,16.6,16.6,16.7,16.3,16.5,16.45,16.46,49303,8.11,483, 34466, 69.91,0.6990649656207533,2023-01-05
AIROLAM, EQ, 05-Jan-2023,84.05,84.35,86.0,83.7,83.7,84.25,84.8,7583,6.43,151, 5675, 74.84,0.748384544375577,2023-01-05
AJANTPHARM, EQ, 05-Jan-2023,1181.75,1175.0,1202.95,1174.65,1190.15,1191.3,1186.94,28851,342.44,5147, 13342, 46.24,0.46244497591071365,2023-01-05
AJMERA, EQ, 05-Jan-2023,315.65,317.4,317.4,304.6,310.0,309.25,309.7,94005,291.14,5208, 34710, 36.92,0.36923567895324716,2023-01-05
AJOONI, EQ, 05-Jan-2023,6.9,7.0,7.1,6.8,6.9,6.95,6.91,2270306,156.85,2055, 973797, 42.89,0.42892764235305725,2023-01-05
AJRINFRA, EQ, 05-Jan-2023,1.4,1.45,1.45,1.4,1.45,1.4,1.41,489290,6.88,240, 452190, 92.42,0.92417584663492,2023-01-05
AKASH, EQ, 05-Jan-2023,30.85,31.5,32.0,29.0,29.95,29.6,30.27,52509,15.89,569, 25493, 48.55,0.48549772419966103,2023-01-05
AKG, EQ, 05-Jan-2023,37.75,38.0,38.0,36.5,37.7,37.05,37.13,12881,4.78,145, 5816, 45.15,0.4515177393059545,2023-01-05
AKG-RE, BE, 05-Jan-2023,17.75,18.45,20.0,17.25,18.7,18.3,17.55,30553,5.36,86, -, -,,2023-01-05
AKSHAR, BE, 05-Jan-2023,56.8,55.7,55.7,55.7,55.7,55.7,55.7,261,0.15,16, -, -,,2023-01-05
AKSHARCHEM, EQ, 05-Jan-2023,273.05,273.0,281.9,273.0,279.95,278.4,278.09,9147,25.44,638, 3834, 41.92,0.4191538209248934,2023-01-05
AKSHOPTFBR, EQ, 05-Jan-2023,10.9,11.0,11.15,10.8,11.1,11.05,10.97,384523,42.2,661, 242073, 62.95,0.6295410157519836,2023-01-05
AKZOINDIA, EQ, 05-Jan-2023,2210.85,2211.0,2238.0,2211.0,2226.3,2228.65,2221.7,3538,78.6,1073, 2029, 57.35,0.5734878462408141,2023-01-05
ALANKIT, EQ, 05-Jan-2023,10.8,10.95,10.95,10.6,10.8,10.7,10.72,88416,9.47,463, 63564, 71.89,0.7189196525515744,2023-01-05
ALBERTDAVD, EQ, 05-Jan-2023,569.85,566.0,578.0,565.15,565.15,566.3,571.84,1511,8.64,296, 867, 57.38,0.5737921906022502,2023-01-05
ALEMBICLTD, EQ, 05-Jan-2023,71.7,71.7,73.05,71.45,72.15,71.9,71.95,91132,65.57,1124, 47074, 51.65,0.5165474257121538,2023-01-05
ALICON, EQ, 05-Jan-2023,945.35,949.8,954.25,925.05,937.0,929.95,938.36,7378,69.23,1512, 3515, 47.64,0.47641637300081324,2023-01-05
ALKALI, EQ, 05-Jan-2023,172.0,172.0,173.9,157.5,160.4,161.85,165.31,821317,1357.72,16200, 247893, 30.18,0.3018237781514324,2023-01-05
ALKEM, EQ, 05-Jan-2023,3024.95,3006.0,3051.4,3006.0,3043.0,3043.05,3035.04,35377,1073.7,5299, 15590, 44.07,0.4406817989088956,2023-01-05
ALKYLAMINE, EQ, 05-Jan-2023,2693.75,2692.95,2730.0,2671.0,2710.25,2707.3,2714.84,26941,731.41,6803, 11943, 44.33,0.4433020303626443,2023-01-05
ALLCARGO, EQ, 05-Jan-2023,407.95,409.5,414.4,402.4,413.0,412.45,408.53,306963,1254.03,10058, 90225, 29.39,0.29392793268244055,2023-01-05
ALLSEC, EQ, 05-Jan-2023,513.8,513.8,514.0,495.0,508.0,507.35,505.29,23375,118.11,2741, 17206, 73.61,0.7360855614973262,2023-01-05
ALMONDZ, EQ, 05-Jan-2023,71.0,71.05,71.75,70.3,71.0,71.05,71.05,9748,6.93,261, 4866, 49.92,0.49917931883463273,2023-01-05
ALOKINDS, BE, 05-Jan-2023,15.65,15.75,15.75,15.25,15.55,15.45,15.46,1287556,199.12,3356, -, -,,2023-01-05
ALPA, EQ, 05-Jan-2023,63.05,62.35,64.0,62.2,62.8,62.95,63.25,45151,28.56,679, 26231, 58.10,0.5809616619786937,2023-01-05
ALPHAGEO, EQ, 05-Jan-2023,278.9,279.9,282.75,277.65,280.8,279.2,279.46,6422,17.95,599, 2999, 46.70,0.4669884771099346,2023-01-05
ALPSINDUS, EQ, 05-Jan-2023,2.4,2.4,2.4,2.3,2.3,2.3,2.31,100531,2.33,91, 81447, 81.02,0.8101680078781669,2023-01-05
AMARAJABAT, EQ, 05-Jan-2023,573.15,576.85,577.75,569.5,573.2,575.45,573.68,392215,2250.07,14976, 151613, 38.66,0.38655584309626095,2023-01-05
AMBER, EQ, 05-Jan-2023,1860.25,1878.1,1946.95,1856.0,1920.0,1925.35,1896.72,70368,1334.69,11493, 32305, 45.91,0.45908651659845384,2023-01-05
AMBICAAGAR, EQ, 05-Jan-2023,26.1,26.1,26.35,25.25,25.25,25.4,25.72,18108,4.66,155, 12232, 67.55,0.6755025403136735,2023-01-05
AMBIKCO, EQ, 05-Jan-2023,1570.6,1583.0,1583.0,1555.95,1567.5,1569.3,1567.67,5443,85.33,1335, 2548, 46.81,0.4681241962153224,2023-01-05
AMBUJACEM, EQ, 05-Jan-2023,518.85,518.95,525.95,513.55,525.0,524.75,521.33,3166328,16507.14,48883, 742763, 23.46,0.23458182475094178,2023-01-05
AMDIND, EQ, 05-Jan-2023,56.35,56.5,57.75,56.5,56.6,56.65,56.94,7402,4.21,157, 5711, 77.15,0.7715482302080519,2023-01-05
AMIORG, EQ, 05-Jan-2023,968.6,968.0,987.2,941.8,950.0,947.65,961.61,43029,413.77,5363, 16086, 37.38,0.3738408979990239,2023-01-05
AMJLAND, EQ, 05-Jan-2023,27.05,27.1,28.8,27.05,27.95,28.0,28.19,120562,33.99,701, 65052, 53.96,0.5395729997843434,2023-01-05
AMRUTANJAN, EQ, 05-Jan-2023,720.65,724.0,727.0,718.0,723.45,719.35,721.69,21715,156.72,1619, 16617, 76.52,0.7652314068616164,2023-01-05
ANANDRATHI, EQ, 05-Jan-2023,716.05,720.6,755.95,720.6,733.7,733.9,740.18,200965,1487.51,12803, 72636, 36.14,0.3614360709576294,2023-01-05
ANANTRAJ, EQ, 05-Jan-2023,111.3,111.55,113.9,110.5,113.55,113.4,112.46,4258256,4788.89,11342, 1204244, 28.28,0.28280216126038454,2023-01-05
ANDHRACEMT, BE, 05-Jan-2023,6.75,6.85,7.05,6.5,6.7,6.65,6.9,467421,32.25,1026, -, -,,2023-01-05
ANDHRAPAP, EQ, 05-Jan-2023,418.5,419.9,423.5,417.5,417.5,419.1,420.75,17984,75.67,1006, 10450, 58.11,0.5810720640569395,2023-01-05
ANDHRSUGAR, EQ, 05-Jan-2023,130.9,131.05,132.0,129.5,130.25,130.2,130.34,92644,120.76,2233, 42291, 45.65,0.4564893571089331,2023-01-05
ANDREWYU, EQ, 05-Jan-2023,27.05,27.2,27.55,26.25,26.6,26.75,26.82,328157,88.01,1624, 162806, 49.61,0.4961222829316455,2023-01-05
ANGELONE, EQ, 05-Jan-2023,1332.55,1342.6,1345.0,1299.0,1320.0,1311.5,1314.22,292410,3842.9,17502, 122937, 42.04,0.42042679798912486,2023-01-05
ANIKINDS, EQ, 05-Jan-2023,38.8,39.55,39.85,38.5,39.15,39.4,39.37,22495,8.86,418, 12846, 57.11,0.5710602356079129,2023-01-05
ANKITMETAL, EQ, 05-Jan-2023,5.85,5.85,5.9,5.75,5.8,5.8,5.82,113495,6.61,254, 72748, 64.10,0.640979778844883,2023-01-05
ANMOL, EQ, 05-Jan-2023,149.4,149.6,150.25,147.2,149.2,148.55,149.19,1900,2.83,80, 1013, 53.32,0.533157894736842,2023-01-05
ANTGRAPHIC, EQ, 05-Jan-2023,0.8,0.85,0.85,0.8,0.8,0.8,0.83,249466,2.06,291, 228650, 91.66,0.9165577673911475,2023-01-05
ANUP, EQ, 05-Jan-2023,936.0,939.0,942.15,915.0,919.0,919.8,926.55,7248,67.16,1203, 3792, 52.32,0.5231788079470199,2023-01-05
ANURAS, EQ, 05-Jan-2023,694.9,698.6,698.6,683.0,687.0,691.05,688.65,27518,189.5,2317, 15911, 57.82,0.5782033578021658,2023-01-05
APARINDS, EQ, 05-Jan-2023,1774.9,1785.95,1865.0,1785.95,1855.0,1842.2,1842.51,265342,4888.96,28923, 85651, 32.28,0.32279473283535964,2023-01-05
APCL, EQ, 05-Jan-2023,207.15,207.15,208.15,205.9,206.1,206.45,207.11,5137,10.64,404, 3236, 62.99,0.6299396534942574,2023-01-05
APCL-RE, BE, 05-Jan-2023,6.95,6.95,6.95,5.65,6.5,5.9,6.14,37109,2.28,339, -, -,,2023-01-05
APCOTEXIND, EQ, 05-Jan-2023,468.3,465.15,468.8,457.0,463.9,464.75,463.08,32895,152.33,1979, 21399, 65.05,0.6505243958048336,2023-01-05
APEX, EQ, 05-Jan-2023,248.1,246.15,249.3,244.0,248.5,247.35,246.89,26805,66.18,1620, 14087, 52.55,0.5255362805446745,2023-01-05
APLAPOLLO, EQ, 05-Jan-2023,1135.2,1135.0,1150.0,1110.7,1128.0,1123.9,1132.45,548582,6212.4,33654, 292929, 53.40,0.533974866109351,2023-01-05
APLLTD, EQ, 05-Jan-2023,572.8,569.2,582.9,565.55,569.25,568.1,569.48,63838,363.55,4014, 24195, 37.90,0.379006234531157,2023-01-05
APOLLO, EQ, 05-Jan-2023,317.7,323.0,333.55,319.9,333.55,333.55,332.33,736328,2447.07,6746, 500668, 68.00,0.6799524125118154,2023-01-05
APOLLOHOSP, EQ, 05-Jan-2023,4433.3,4455.5,4455.5,4356.0,4422.0,4429.05,4393.37,468816,20596.81,49658, 167897, 35.81,0.3581298419849152,2023-01-05
APOLLOPIPE, EQ, 05-Jan-2023,510.4,515.5,524.0,504.0,519.5,520.95,516.75,35981,185.93,3193, 18502, 51.42,0.5142158361357383,2023-01-05
APOLLOTYRE, EQ, 05-Jan-2023,320.05,321.9,339.5,321.7,338.85,338.25,333.85,11848529,39556.34,99880, 1999260, 16.87,0.16873486995727485,2023-01-05
APOLSINHOT, EQ, 05-Jan-2023,1277.2,1261.5,1341.05,1260.05,1320.0,1317.7,1309.07,654,8.56,141, 349, 53.36,0.5336391437308868,2023-01-05
APTECHT, EQ, 05-Jan-2023,361.5,362.15,370.2,353.7,354.95,355.25,361.49,351088,1269.15,10680, 102122, 29.09,0.29087294353552384,2023-01-05
APTUS, EQ, 05-Jan-2023,298.35,300.7,304.95,298.35,303.0,302.95,301.67,46511,140.31,5432, 22552, 48.49,0.4848745458063684,2023-01-05
ARCHIDPLY, EQ, 05-Jan-2023,70.95,70.95,71.8,70.0,70.7,70.85,70.96,22470,15.95,406, 15438, 68.70,0.6870493991989319,2023-01-05
ARCHIES, EQ, 05-Jan-2023,24.25,24.75,25.0,24.25,24.65,24.65,24.7,29289,7.23,257, 18941, 64.67,0.6466932978251221,2023-01-05
ARENTERP, EQ, 05-Jan-2023,39.45,39.5,40.65,39.5,40.6,40.5,40.15,1955,0.79,45, 1239, 63.38,0.6337595907928388,2023-01-05
ARIES, EQ, 05-Jan-2023,206.9,208.9,227.9,208.9,219.5,216.55,221.15,1827575,4041.68,35979, 367047, 20.08,0.20083826929127396,2023-01-05
ARIHANTCAP, EQ, 05-Jan-2023,67.3,68.0,68.3,65.1,66.0,65.85,66.79,192870,128.81,1380, 45021, 23.34,0.23342666044485924,2023-01-05
ARIHANTSUP, EQ, 05-Jan-2023,221.9,221.3,229.0,219.0,226.7,226.7,225.7,28303,63.88,939, 16956, 59.91,0.5990884358548564,2023-01-05
ARMANFIN, EQ, 05-Jan-2023,1433.5,1425.9,1459.0,1424.5,1457.5,1450.75,1448.48,6134,88.85,737, 3225, 52.58,0.5257580697750245,2023-01-05
AROGRANITE, EQ, 05-Jan-2023,49.5,50.2,50.25,48.15,48.75,49.0,49.02,34548,16.94,545, 13596, 39.35,0.3935394234109066,2023-01-05
ARROWGREEN, EQ, 05-Jan-2023,177.55,176.55,179.95,172.2,175.0,175.0,175.75,8295,14.58,315, 5942, 71.63,0.7163351416515974,2023-01-05
ARSHIYA, EQ, 05-Jan-2023,9.0,9.25,9.25,8.75,8.9,8.9,8.93,668151,59.68,1004, 493663, 73.88,0.7388494516957993,2023-01-05
ARSSINFRA, BE, 05-Jan-2023,20.55,20.35,21.55,20.35,21.55,21.5,21.39,30180,6.46,146, -, -,,2023-01-05
ARTEMISMED, EQ, 05-Jan-2023,72.75,73.5,74.05,72.4,73.95,73.9,73.32,111845,82.01,2183, 63556, 56.83,0.5682507040994234,2023-01-05
ARTNIRMAN, EQ, 05-Jan-2023,68.35,67.1,70.3,66.0,69.5,68.8,68.09,8422,5.73,168, 3268, 38.80,0.3880313464735217,2023-01-05
ARVEE, BE, 05-Jan-2023,122.9,121.0,129.0,116.8,129.0,129.0,123.68,5506,6.81,142, -, -,,2023-01-05
ARVIND, EQ, 05-Jan-2023,87.0,86.95,87.7,84.8,85.45,85.2,85.99,1398457,1202.51,18325, 1013192, 72.45,0.7245070817336536,2023-01-05
ARVINDFASN, EQ, 05-Jan-2023,349.75,347.1,349.3,342.0,344.0,343.1,346.21,206551,715.11,9105, 104101, 50.40,0.5039965916408055,2023-01-05
ARVSMART, EQ, 05-Jan-2023,322.75,323.6,328.5,315.05,316.5,317.0,320.9,46232,148.36,2314, 24517, 53.03,0.5303036857587818,2023-01-05
ASAHIINDIA, EQ, 05-Jan-2023,517.3,516.1,522.0,507.3,509.0,509.45,513.53,76448,392.59,3995, 40234, 52.63,0.5262923817496861,2023-01-05
ASAHISONG, EQ, 05-Jan-2023,262.65,266.55,267.95,260.6,265.0,264.7,264.39,3319,8.78,383, 1801, 54.26,0.5426333232901477,2023-01-05
ASAL, EQ, 05-Jan-2023,364.95,368.5,372.55,358.85,362.75,359.9,362.92,8646,31.38,694, 5242, 60.63,0.6062919269026139,2023-01-05
ASALCBR, EQ, 05-Jan-2023,424.75,425.2,433.0,420.15,429.25,429.45,427.6,22011,94.12,1445, 11890, 54.02,0.5401844532279315,2023-01-05
ASHAPURMIN, EQ, 05-Jan-2023,94.1,95.05,95.15,91.35,93.65,93.25,92.94,106416,98.91,1658, 52552, 49.38,0.4938355134566231,2023-01-05
ASHIANA, EQ, 05-Jan-2023,144.95,145.1,149.3,145.1,145.35,146.3,147.74,34754,51.34,1674, 17888, 51.47,0.5147033435000288,2023-01-05
ASHIMASYN, EQ, 05-Jan-2023,16.75,16.75,18.2,16.75,17.45,17.4,17.71,531541,94.11,1096, 341511, 64.25,0.6424923006879996,2023-01-05
ASHOKA, EQ, 05-Jan-2023,87.7,88.0,88.45,86.2,87.35,87.3,87.42,577280,504.68,3917, 203192, 35.20,0.3519817073170732,2023-01-05
ASHOKLEY, EQ, 05-Jan-2023,145.8,146.2,148.75,145.4,148.15,148.45,147.12,9365490,13778.83,44241, 2498604, 26.68,0.266788390142961,2023-01-05
ASIANENE, EQ, 05-Jan-2023,72.35,72.4,74.15,71.8,72.3,72.1,72.84,19176,13.97,394, 8493, 44.29,0.44289737171464333,2023-01-05
ASIANHOTNR, EQ, 05-Jan-2023,80.75,81.8,81.95,80.05,80.95,81.35,81.21,3182,2.58,142, 2559, 80.42,0.8042111879321182,2023-01-05
ASIANPAINT, EQ, 05-Jan-2023,3016.85,3039.55,3046.6,2995.4,3010.0,3004.35,3011.88,1113920,33549.98,93698, 718488, 64.50,0.6450086182131571,2023-01-05
ASIANTILES, EQ, 05-Jan-2023,50.15,50.45,51.5,50.2,51.3,51.05,51.05,351034,179.19,2136, 216309, 61.62,0.6162052678657908,2023-01-05
ASPINWALL, EQ, 05-Jan-2023,237.95,233.1,236.95,228.05,229.0,228.95,231.79,5472,12.68,317, 2640, 48.25,0.4824561403508772,2023-01-05
ASTEC, EQ, 05-Jan-2023,1762.05,1770.9,1773.15,1735.15,1740.0,1738.7,1752.21,5420,94.97,1337, 2988, 55.13,0.5512915129151291,2023-01-05
ASTERDM, EQ, 05-Jan-2023,230.45,231.25,231.95,228.6,230.3,230.25,230.19,82666,190.29,3345, 36069, 43.63,0.43632206711344446,2023-01-05
ASTRAL, EQ, 05-Jan-2023,2015.1,2026.75,2026.75,1971.95,2012.95,2010.05,1998.23,317628,6346.95,34629, 109393, 34.44,0.3444060347324543,2023-01-05
ASTRAMICRO, EQ, 05-Jan-2023,277.95,277.0,285.0,274.85,280.45,281.7,279.84,294060,822.91,6712, 108357, 36.85,0.36848602326055907,2023-01-05
ASTRAZEN, EQ, 05-Jan-2023,3350.3,3367.1,3373.7,3330.1,3365.0,3358.65,3353.32,4047,135.71,1289, 2152, 53.18,0.5317519149987645,2023-01-05
ASTRON, EQ, 05-Jan-2023,32.5,32.8,32.8,31.95,32.1,32.15,32.3,110523,35.7,821, 54355, 49.18,0.4917980872759516,2023-01-05
ATFL, EQ, 05-Jan-2023,830.1,834.3,834.3,806.05,810.0,811.65,817.89,1939,15.86,319, 1058, 54.56,0.5456420835482207,2023-01-05
ATGL, EQ, 05-Jan-2023,3477.3,3509.9,3669.95,3472.05,3643.0,3633.7,3570.36,468166,16715.22,37935, 155197, 33.15,0.33149993805615957,2023-01-05
ATLANTA, EQ, 05-Jan-2023,17.2,18.05,18.05,18.05,18.05,18.05,18.05,10533,1.9,65, 10532, 99.99,0.9999050602867179,2023-01-05
ATUL, EQ, 05-Jan-2023,7978.55,8009.0,8020.5,7852.0,7945.0,7939.55,7927.04,37917,3005.7,8052, 16715, 44.08,0.44083128939525806,2023-01-05
ATULAUTO, EQ, 05-Jan-2023,281.7,283.45,287.6,280.2,282.3,282.35,283.51,98571,279.46,4546, 31642, 32.10,0.32100719278489614,2023-01-05
AUBANK, EQ, 05-Jan-2023,641.6,641.8,644.7,624.15,633.55,636.1,633.02,1987570,12581.81,69908, 1043568, 52.50,0.5250471681500526,2023-01-05
AURIONPRO, EQ, 05-Jan-2023,360.05,366.0,377.35,365.0,369.0,369.6,371.28,122779,455.86,7197, 49291, 40.15,0.4014611619250849,2023-01-05
AUROPHARMA, EQ, 05-Jan-2023,441.2,440.35,444.95,437.7,444.25,443.9,442.46,781594,3458.26,20045, 301379, 38.56,0.3855953346622415,2023-01-05
AURUM, EQ, 05-Jan-2023,119.45,119.85,122.95,118.0,118.3,118.4,119.01,15741,18.73,447, 9802, 62.27,0.6227050377993775,2023-01-05
AUSOMENT, EQ, 05-Jan-2023,71.0,71.05,71.75,69.35,71.35,71.45,70.65,7293,5.15,298, 4507, 61.80,0.6179898532839709,2023-01-05
AUTOAXLES, EQ, 05-Jan-2023,1989.45,1977.55,1998.55,1971.05,1992.0,1990.9,1987.22,2546,50.59,830, 1584, 62.22,0.622152395915161,2023-01-05
AUTOBEES, EQ, 05-Jan-2023,126.54,126.72,128.07,126.35,127.0,127.9,127.41,22241,28.34,485, 12903, 58.01,0.5801447776628749,2023-01-05
AUTOIND, EQ, 05-Jan-2023,77.75,77.9,78.25,75.4,76.6,76.3,77.07,58244,44.89,760, 39918, 68.54,0.6853581484788133,2023-01-05
AVADHSUGAR, EQ, 05-Jan-2023,525.2,528.8,531.95,516.7,522.0,520.35,522.06,52156,272.28,3261, 18960, 36.35,0.3635248101848301,2023-01-05
AVANTIFEED, EQ, 05-Jan-2023,388.25,388.05,389.8,385.0,387.0,386.15,386.64,45917,177.53,2866, 21137, 46.03,0.4603305965110961,2023-01-05
AVONMORE, EQ, 05-Jan-2023,73.45,77.4,77.4,70.85,74.7,74.7,74.6,22526,16.8,631, 9597, 42.60,0.42604101926662524,2023-01-05
AVROIND, EQ, 05-Jan-2023,148.65,152.95,153.65,145.55,146.5,146.95,149.9,56872,85.25,1069, 26893, 47.29,0.47286889857926573,2023-01-05
AVTNPL, EQ, 05-Jan-2023,106.7,107.1,108.9,105.0,107.1,106.55,106.71,83524,89.13,1890, 38199, 45.73,0.4573416024136775,2023-01-05
AWHCL, EQ, 05-Jan-2023,314.8,315.0,317.95,310.0,313.0,313.6,313.48,30048,94.19,2494, 14226, 47.34,0.47344249201277955,2023-01-05
AWL, EQ, 05-Jan-2023,584.35,589.0,589.75,570.0,575.1,573.95,575.84,1615969,9305.38,43732, 790715, 48.93,0.4893132232115839,2023-01-05
AXISBANK, EQ, 05-Jan-2023,957.45,960.0,961.9,938.25,949.0,949.55,948.38,6998980,66376.95,162367, 4031954, 57.61,0.5760773712741,2023-01-05
AXISBNKETF, EQ, 05-Jan-2023,433.58,434.79,435.72,427.13,430.55,429.68,430.33,1801,7.75,73, 1767, 98.11,0.9811215991116047,2023-01-05
AXISBPSETF, EQ, 05-Jan-2023,10.63,10.65,10.66,10.63,10.63,10.63,10.64,11975,1.27,369, 6867, 57.34,0.5734446764091858,2023-01-05
AXISCADES, EQ, 05-Jan-2023,301.1,305.7,316.15,300.05,316.15,316.15,314.07,64465,202.46,670, 62746, 97.33,0.9733343674862328,2023-01-05
AXISCETF, EQ, 05-Jan-2023,75.46,75.8,76.5,75.6,76.43,76.26,76.15,488,0.37,22, 458, 93.85,0.9385245901639344,2023-01-05
AXISGOLD, EQ, 05-Jan-2023,48.31,48.19,48.44,47.65,47.76,47.71,47.88,102172,48.92,1329, 85555, 83.74,0.8373624867869867,2023-01-05
AXISHCETF, EQ, 05-Jan-2023,80.35,80.65,81.55,79.8,81.55,81.47,80.84,2977,2.41,65, 1640, 55.09,0.5508901578770574,2023-01-05
AXISILVER, EQ, 05-Jan-2023,70.99,70.5,70.5,68.86,69.5,69.49,69.82,27629,19.29,134, 25574, 92.56,0.9256216294473198,2023-01-05
AXISNIFTY, EQ, 05-Jan-2023,192.19,192.9,192.99,190.61,191.9,191.71,192.19,17688,33.99,152, 16230, 91.76,0.9175712347354138,2023-01-05
AXISTECETF, EQ, 05-Jan-2023,296.65,296.65,299.98,293.51,294.23,294.23,295.92,937,2.77,62, 485, 51.76,0.5176093916755603,2023-01-05
AXITA, EQ, 05-Jan-2023,48.25,48.25,49.15,47.5,48.1,47.9,48.14,286354,137.84,1834, 185813, 64.89,0.6488926294027672,2023-01-05
AYMSYNTEX, EQ, 05-Jan-2023,73.95,74.0,75.35,73.6,73.75,74.0,74.23,6104,4.53,151, 3826, 62.68,0.6268020969855832,2023-01-05
BAFNAPH, BE, 05-Jan-2023,102.85,98.2,101.9,98.2,101.0,101.0,99.72,482,0.48,14, -, -,,2023-01-05
BAGFILMS, EQ, 05-Jan-2023,5.0,5.05,5.1,4.95,5.05,5.05,5.06,237069,11.99,184, 212045, 89.44,0.8944442335353842,2023-01-05
BAJAJ-AUTO, EQ, 05-Jan-2023,3552.85,3568.0,3632.5,3558.35,3628.0,3621.15,3610.44,294998,10650.74,30239, 153560, 52.05,0.5205459020061153,2023-01-05
BAJAJCON, EQ, 05-Jan-2023,171.25,172.1,175.25,167.85,171.1,170.95,172.12,613850,1056.56,11717, 227685, 37.09,0.370913089516983,2023-01-05
BAJAJELEC, EQ, 05-Jan-2023,1169.0,1170.95,1189.0,1141.4,1155.0,1153.25,1168.88,51099,597.29,6398, 16138, 31.58,0.31581831346993094,2023-01-05
BAJAJFINSV, EQ, 05-Jan-2023,1547.85,1548.0,1548.0,1454.7,1466.8,1468.85,1476.07,5979381,88259.62,250364, 2088111, 34.92,0.34921858968344716,2023-01-05
BAJAJHCARE, EQ, 05-Jan-2023,440.4,443.9,443.9,414.0,435.6,434.95,432.85,89224,386.21,3490, 50175, 56.23,0.5623486954182731,2023-01-05
BAJAJHIND, EQ, 05-Jan-2023,16.4,16.45,16.6,16.0,16.4,16.3,16.25,7134848,1159.14,9101, 3212632, 45.03,0.45027336251592187,2023-01-05
BAJAJHLDNG, EQ, 05-Jan-2023,5718.15,5727.4,5728.25,5592.05,5684.95,5687.6,5645.58,39152,2210.36,9159, 17106, 43.69,0.43691254597466284,2023-01-05
BAJFINANCE, EQ, 05-Jan-2023,6571.0,6490.0,6490.0,6025.05,6096.0,6100.05,6136.53,5102300,313104.12,578552, 1909084, 37.42,0.3741614565980048,2023-01-05
BALAJITELE, EQ, 05-Jan-2023,44.95,45.3,45.75,44.6,45.5,45.3,44.97,49695,22.35,500, 31444, 63.27,0.6327397122446926,2023-01-05
BALAMINES, EQ, 05-Jan-2023,2614.45,2627.55,2645.95,2527.55,2560.0,2556.3,2570.63,75412,1938.57,11364, 43714, 57.97,0.579669018193391,2023-01-05
BALAXI, EQ, 05-Jan-2023,599.0,606.0,609.95,585.0,594.0,591.0,594.6,2649,15.75,255, 1371, 51.76,0.5175537938844847,2023-01-05
BALKRISHNA, BE, 05-Jan-2023,36.95,36.7,36.9,35.15,35.15,35.15,35.58,23240,8.27,184, -, -,,2023-01-05
BALKRISIND, EQ, 05-Jan-2023,2122.8,2132.8,2233.0,2125.25,2175.0,2177.15,2192.31,1559767,34194.92,53116, 802976, 51.48,0.5148050958893219,2023-01-05
BALLARPUR, BZ, 05-Jan-2023,1.05,1.05,1.1,1.0,1.1,1.1,1.08,460692,4.99,224, -, -,,2023-01-05
BALMLAWRIE, EQ, 05-Jan-2023,128.25,128.7,129.4,125.5,126.4,126.3,127.4,259082,330.08,4054, 110887, 42.80,0.4279996294609429,2023-01-05
BALPHARMA, EQ, 05-Jan-2023,91.4,91.4,91.45,89.35,90.9,89.8,90.14,24369,21.97,425, 15256, 62.60,0.6260412819565842,2023-01-05
BALRAMCHIN, EQ, 05-Jan-2023,386.75,388.7,390.9,381.15,388.95,389.15,386.52,1445991,5589.06,19800, 233939, 16.18,0.16178454775997914,2023-01-05
BANARBEADS, EQ, 05-Jan-2023,80.6,80.0,82.55,78.6,81.8,79.9,80.07,7625,6.11,161, 3231, 42.37,0.4237377049180328,2023-01-05
BANARISUG, EQ, 05-Jan-2023,2788.25,2783.4,2821.0,2771.0,2780.0,2796.3,2779.33,5145,143.0,234, 4150, 80.66,0.8066083576287658,2023-01-05
BANCOINDIA, EQ, 05-Jan-2023,199.3,200.0,200.35,196.95,199.9,198.95,198.61,40152,79.75,2667, 18344, 45.69,0.45686391711496316,2023-01-05
BANDHANBNK, EQ, 05-Jan-2023,240.1,241.25,242.1,236.15,242.05,240.5,239.16,8344344,19956.06,61136, 3111169, 37.28,0.3728476438651139,2023-01-05
BANG, EQ, 05-Jan-2023,47.55,47.05,48.85,47.05,48.15,47.85,47.6,8060,3.84,101, 5471, 67.88,0.6787841191066998,2023-01-05
BANKA, EQ, 05-Jan-2023,76.8,80.0,88.35,80.0,80.9,80.7,84.49,148786,125.71,2435, 42090, 28.29,0.28288951917519123,2023-01-05
BANKBARODA, EQ, 05-Jan-2023,182.7,183.6,185.5,181.5,185.0,184.05,183.24,21073286,38614.06,97068, 4772018, 22.64,0.22644868958737616,2023-01-05
BANKBEES, EQ, 05-Jan-2023,435.32,437.75,437.99,428.79,431.8,431.63,432.38,2930741,12672.05,11988, 2310947, 78.85,0.7885196951897148,2023-01-05
BANKINDIA, EQ, 05-Jan-2023,94.15,94.5,95.9,92.1,94.15,94.2,94.24,23254902,21916.1,54073, 4423662, 19.02,0.1902249254802278,2023-01-05
BANSWRAS, EQ, 05-Jan-2023,121.6,123.4,125.1,120.25,122.7,123.65,122.52,76737,94.02,1331, 43277, 56.40,0.5639652318959563,2023-01-05
BARBEQUE, EQ, 05-Jan-2023,968.35,963.0,975.35,956.55,965.6,967.25,965.53,12312,118.88,2416, 4161, 33.80,0.33796296296296297,2023-01-05
BASF, EQ, 05-Jan-2023,2782.8,2789.0,2808.95,2751.0,2797.85,2791.4,2783.13,10119,281.63,2006, 5597, 55.31,0.5531178970253978,2023-01-05
BASML, EQ, 05-Jan-2023,54.1,54.6,55.8,53.9,54.65,54.75,54.98,41274,22.69,482, 23692, 57.40,0.5740175413092988,2023-01-05
BATAINDIA, EQ, 05-Jan-2023,1638.65,1639.15,1645.0,1613.4,1628.05,1635.1,1633.38,279136,4559.34,9014, 183965, 65.91,0.6590515017769116,2023-01-05
BAYERCROP, EQ, 05-Jan-2023,4793.2,4799.95,4840.2,4752.7,4800.0,4803.95,4797.67,12087,579.89,4657, 7159, 59.23,0.5922892363696534,2023-01-05
BBETF0432, EQ, 05-Jan-2023,1033.28,1033.98,1035.0,1030.74,1035.0,1033.57,1033.39,6934,71.66,48, 6232, 89.88,0.8987597346408999,2023-01-05
BBL, EQ, 05-Jan-2023,2411.9,2435.0,2446.6,2389.0,2400.0,2408.35,2414.91,10132,244.68,2619, 5819, 57.43,0.5743189893407027,2023-01-05
BBOX, EQ, 05-Jan-2023,130.35,132.35,135.0,131.0,135.0,133.7,132.89,14220,18.9,631, 10487, 73.75,0.7374824191279887,2023-01-05
BBTC, EQ, 05-Jan-2023,925.15,934.4,945.0,928.25,936.0,936.0,938.07,41024,384.84,3492, 16541, 40.32,0.4032030031201248,2023-01-05
BBTCL, EQ, 05-Jan-2023,265.35,261.55,273.0,251.55,254.0,253.9,260.0,22127,57.53,1709, 12554, 56.74,0.5673611424955937,2023-01-05
BCG, EQ, 05-Jan-2023,28.7,28.85,29.0,28.5,28.65,28.6,28.66,5872790,1682.96,10067, 2333298, 39.73,0.39730656127666747,2023-01-05
BCLIND, EQ, 05-Jan-2023,313.7,315.0,315.0,305.1,307.0,306.25,309.11,37247,115.14,1763, 23552, 63.23,0.6323193814266921,2023-01-05
BCONCEPTS, BE, 05-Jan-2023,284.05,294.0,294.0,269.85,278.95,272.4,275.62,7362,20.29,225, -, -,,2023-01-05
BCP, EQ, 05-Jan-2023,4.9,4.95,4.95,4.8,4.9,4.85,4.88,51928,2.53,172, 24322, 46.84,0.46837929440764137,2023-01-05
BDL, EQ, 05-Jan-2023,940.5,942.0,963.85,930.0,938.0,939.2,943.51,470648,4440.63,23525, 131711, 27.99,0.279850334007581,2023-01-05
BEARDSELL, EQ, 05-Jan-2023,23.65,23.95,24.35,23.35,24.35,24.2,23.91,47549,11.37,318, 32998, 69.40,0.6939788428778734,2023-01-05
BECTORFOOD, EQ, 05-Jan-2023,435.5,438.0,442.85,431.0,438.0,440.15,439.5,183911,808.3,18839, 98917, 53.79,0.5378525482434439,2023-01-05
BEDMUTHA, EQ, 05-Jan-2023,58.7,60.75,60.75,57.35,59.85,59.3,58.97,6468,3.81,182, 2480, 38.34,0.383426097711812,2023-01-05
BEL, EQ, 05-Jan-2023,98.75,99.0,100.15,98.3,100.1,99.95,99.32,10448282,10376.92,56220, 5153769, 49.33,0.4932647300293005,2023-01-05
BEML, EQ, 05-Jan-2023,1509.4,1510.0,1514.95,1481.0,1486.0,1484.7,1492.12,46423,692.69,6984, 17465, 37.62,0.3762143764944101,2023-01-05
BEPL, EQ, 05-Jan-2023,126.35,126.05,126.35,118.55,121.35,121.65,122.46,1195504,1464.04,12177, 304794, 25.50,0.2549502134664543,2023-01-05
BERGEPAINT, EQ, 05-Jan-2023,573.65,577.05,582.55,571.55,574.9,573.0,575.35,396000,2278.38,17390, 157912, 39.88,0.39876767676767677,2023-01-05
BESTAGRO, EQ, 05-Jan-2023,1465.5,1476.8,1490.0,1421.55,1464.0,1454.5,1451.3,61817,897.15,8205, 29863, 48.31,0.4830871766666127,2023-01-05
BFINVEST, EQ, 05-Jan-2023,458.35,412.55,412.55,412.55,412.55,412.55,412.55,17460,72.03,413, 17458, 99.99,0.999885452462772,2023-01-05
BFUTILITIE, EQ, 05-Jan-2023,411.45,400.0,403.6,391.65,394.0,395.4,396.76,404181,1603.62,12783, 122557, 30.32,0.30322306095536405,2023-01-05
BGRENERGY, EQ, 05-Jan-2023,59.7,60.1,60.35,58.75,59.5,59.4,59.58,186418,111.07,1929, 76023, 40.78,0.4078093317168943,2023-01-05
BHAGCHEM, EQ, 05-Jan-2023,1258.95,1255.05,1295.0,1221.2,1286.0,1293.65,1256.54,4372,54.94,393, 2917, 66.72,0.6672003659652334,2023-01-05
BHAGERIA, EQ, 05-Jan-2023,161.7,162.45,163.7,159.1,160.3,160.65,161.31,13018,21.0,764, 6786, 52.13,0.5212782301428791,2023-01-05
BHAGYANGR, EQ, 05-Jan-2023,45.65,46.25,46.25,44.3,45.3,45.3,45.23,13229,5.98,298, 8364, 63.22,0.6322473353995011,2023-01-05
BHANDARI, EQ, 05-Jan-2023,5.95,5.9,5.95,5.85,5.85,5.85,5.88,204178,12.01,455, 113040, 55.36,0.5536345737542733,2023-01-05
BHARATFORG, EQ, 05-Jan-2023,860.75,863.0,881.75,855.4,880.0,879.7,869.17,1022049,8883.3,26970, 367620, 35.97,0.3596892125524314,2023-01-05
BHARATGEAR, EQ, 05-Jan-2023,124.7,125.55,125.55,122.5,123.85,123.75,123.79,24141,29.88,649, 14422, 59.74,0.5974069011225716,2023-01-05
BHARATRAS, EQ, 05-Jan-2023,9727.75,9800.35,9800.35,9610.0,9630.05,9638.2,9668.03,757,73.19,431, 509, 67.24,0.6723910171730515,2023-01-05
BHARATWIRE, EQ, 05-Jan-2023,104.5,104.1,105.3,102.65,104.2,104.3,103.87,81947,85.12,1878, 35562, 43.40,0.4339634153782323,2023-01-05
BHARTIARTL, EQ, 05-Jan-2023,811.8,825.0,825.0,803.75,806.95,807.1,810.92,5297349,42957.02,149144, 3341854, 63.09,0.630854036613408,2023-01-05
BHEL, EQ, 05-Jan-2023,79.2,79.2,82.15,79.2,82.15,81.95,80.97,32813046,26567.49,61649, 9173315, 27.96,0.27956304330905457,2023-01-05
BIGBLOC, EQ, 05-Jan-2023,136.2,135.0,140.6,135.0,138.9,137.3,137.94,24647,34.0,797, 13157, 53.38,0.5338175031443989,2023-01-05
BIKAJI, EQ, 05-Jan-2023,414.85,417.2,420.65,407.0,412.65,412.1,411.64,229665,945.4,6394, 102582, 44.67,0.4466592645810202,2023-01-05
BIL, EQ, 05-Jan-2023,216.65,208.0,219.95,208.0,211.0,211.1,215.28,6471,13.93,1673, 1330, 20.55,0.2055323752124865,2023-01-05
BINDALAGRO, EQ, 05-Jan-2023,25.95,25.95,26.3,25.4,25.5,25.5,25.64,178766,45.84,1844, 99562, 55.69,0.5569403577861562,2023-01-05
BIOCON, EQ, 05-Jan-2023,260.85,262.0,262.15,259.45,260.25,260.2,260.31,1262638,3286.71,19373, 638205, 50.55,0.5054536613027645,2023-01-05
BIOFILCHEM, EQ, 05-Jan-2023,54.15,54.5,59.15,53.5,55.8,56.9,56.85,112599,64.01,1574, 44876, 39.85,0.3985470563681738,2023-01-05
BIRLACABLE, EQ, 05-Jan-2023,152.35,153.0,154.8,147.2,149.2,148.85,150.85,283303,427.35,5039, 102458, 36.17,0.36165518896728943,2023-01-05
BIRLACORPN, EQ, 05-Jan-2023,994.5,996.0,1006.0,977.0,985.85,988.85,993.14,96900,962.35,9530, 57396, 59.23,0.5923219814241486,2023-01-05
BIRLAMONEY, EQ, 05-Jan-2023,60.1,60.1,62.15,60.0,61.1,61.25,61.28,71820,44.01,811, 32351, 45.04,0.4504455583402952,2023-01-05
BKMINDST, BZ, 05-Jan-2023,1.2,1.25,1.25,1.2,1.25,1.2,1.24,34160,0.42,55, -, -,,2023-01-05
BLBLIMITED, EQ, 05-Jan-2023,33.75,34.2,37.65,33.5,36.9,36.0,35.92,2420728,869.56,12819, 508616, 21.01,0.2101086945745247,2023-01-05
BLISSGVS, EQ, 05-Jan-2023,71.95,72.25,72.55,71.5,71.8,71.85,71.89,43456,31.24,594, 27473, 63.22,0.6322026877761414,2023-01-05
BLKASHYAP, EQ, 05-Jan-2023,31.85,32.0,32.25,31.05,31.45,31.65,31.65,171119,54.15,824, 118744, 69.39,0.6939264488455402,2023-01-05
BLS, EQ, 05-Jan-2023,170.4,171.0,172.0,167.5,169.85,170.25,170.01,531859,904.23,26513, 199448, 37.50,0.37500164517287476,2023-01-05
BLUEDART, EQ, 05-Jan-2023,7863.05,7902.0,7902.0,7622.0,7684.0,7707.0,7757.98,40258,3123.21,8679, 26983, 67.03,0.6702518754036465,2023-01-05
BLUESTARCO, EQ, 05-Jan-2023,1183.75,1200.0,1208.95,1182.05,1195.65,1200.3,1198.31,88787,1063.94,4229, 73447, 82.72,0.827226958901641,2023-01-05
BODALCHEM, EQ, 05-Jan-2023,78.9,79.25,79.3,78.45,78.55,78.75,78.76,73925,58.22,1363, 39041, 52.81,0.5281163341224214,2023-01-05
BOHRAIND, BE, 05-Jan-2023,141.5,144.95,144.95,134.65,139.8,139.8,137.23,369,0.51,9, -, -,,2023-01-05
BOMDYEING, EQ, 05-Jan-2023,78.75,78.75,79.2,77.85,78.75,78.7,78.51,612718,481.04,3562, 153378, 25.03,0.25032396632708687,2023-01-05
BOROLTD, EQ, 05-Jan-2023,364.45,366.0,374.95,364.0,374.0,373.4,368.96,50322,185.67,2736, 25206, 50.09,0.5008942410873971,2023-01-05
BORORENEW, EQ, 05-Jan-2023,507.2,507.2,512.4,500.05,508.0,507.25,506.85,92774,470.22,6309, 38172, 41.15,0.41145148425205336,2023-01-05
BOSCHLTD, EQ, 05-Jan-2023,16857.4,16950.0,17044.8,16751.0,16935.0,17006.7,16936.74,14393,2437.7,5329, 6208, 43.13,0.43132078093517684,2023-01-05
BPCL, EQ, 05-Jan-2023,336.3,337.0,342.95,335.6,341.35,342.35,340.51,3714145,12647.01,53003, 1645549, 44.30,0.443049207825758,2023-01-05
BPL, EQ, 05-Jan-2023,63.4,63.85,64.15,61.85,62.5,62.4,62.93,62661,39.43,742, 36757, 58.66,0.5866009160402802,2023-01-05
BRIGADE, EQ, 05-Jan-2023,456.05,460.5,462.65,450.6,456.1,458.85,454.59,168128,764.29,13645, 104202, 61.98,0.619777788351732,2023-01-05
BRITANNIA, EQ, 05-Jan-2023,4235.0,4235.0,4387.0,4235.0,4312.7,4313.2,4335.61,686633,29769.73,57223, 168800, 24.58,0.2458372959062556,2023-01-05
BRNL, EQ, 05-Jan-2023,39.7,39.7,40.9,39.1,40.3,40.05,40.29,69332,27.93,585, 42016, 60.60,0.6060116540702706,2023-01-05
BROOKS, EQ, 05-Jan-2023,108.25,108.15,109.8,103.35,106.95,105.1,105.98,16908,17.92,468, 10597, 62.67,0.6267447362195411,2023-01-05
BSE, EQ, 05-Jan-2023,550.8,554.3,556.4,543.8,548.85,547.3,547.85,249947,1369.34,11753, 115876, 46.36,0.463602283684141,2023-01-05
BSHSL, BE, 05-Jan-2023,258.2,266.8,271.1,263.0,271.1,271.1,269.9,67099,181.1,699, -, -,,2023-01-05
BSL, BE, 05-Jan-2023,193.9,190.0,194.95,190.0,191.3,190.35,190.63,3104,5.92,82, -, -,,2023-01-05
BSLGOLDETF, EQ, 05-Jan-2023,50.55,50.89,50.89,50.1,50.1,50.35,50.54,19057,9.63,235, 13877, 72.82,0.7281838694442987,2023-01-05
BSLNIFTY, EQ, 05-Jan-2023,20.31,20.7,20.75,20.1,20.24,20.24,20.24,34248,6.93,855, 21614, 63.11,0.6311025461340808,2023-01-05
BSLSENETFG, EQ, 05-Jan-2023,58.67,59.75,59.75,58.0,58.54,58.54,58.31,565,0.33,58, 466, 82.48,0.8247787610619469,2023-01-05
BSOFT, EQ, 05-Jan-2023,294.75,294.75,295.8,289.05,291.9,291.7,291.39,1806809,5264.85,22145, 656963, 36.36,0.3636040112706988,2023-01-05
BURNPUR, EQ, 05-Jan-2023,5.5,5.45,5.8,5.45,5.65,5.65,5.62,117540,6.61,243, 67152, 57.13,0.5713118938233793,2023-01-05
BUTTERFLY, EQ, 05-Jan-2023,1560.6,1551.0,1567.6,1542.55,1552.0,1552.85,1550.53,3903,60.52,396, 2591, 66.38,0.6638483218037408,2023-01-05
BVCL, EQ, 05-Jan-2023,24.65,25.45,25.45,24.0,24.55,24.1,24.51,3213,0.79,56, 1770, 55.09,0.5508870214752568,2023-01-05
BYKE, EQ, 05-Jan-2023,41.65,42.0,42.0,41.3,41.5,41.65,41.68,11450,4.77,173, 6950, 60.70,0.6069868995633187,2023-01-05
CALSOFT, EQ, 05-Jan-2023,20.45,20.3,20.85,20.3,20.35,20.4,20.55,12674,2.6,203, 7205, 56.85,0.5684866656146441,2023-01-05
CAMLINFINE, EQ, 05-Jan-2023,162.95,163.4,164.85,157.0,159.5,160.0,161.96,444919,720.58,5657, 270967, 60.90,0.6090254630618157,2023-01-05
CAMPUS, EQ, 05-Jan-2023,400.5,404.4,405.0,392.2,396.0,394.75,397.43,623347,2477.38,15777, 367864, 59.01,0.5901432107638281,2023-01-05
CAMS, EQ, 05-Jan-2023,2207.0,2213.95,2246.9,2206.95,2222.0,2220.75,2220.34,87785,1949.13,11950, 59500, 67.78,0.6777923335421769,2023-01-05
CANBK, EQ, 05-Jan-2023,326.9,328.65,330.3,321.15,328.55,327.5,325.71,9144778,29785.58,69804, 1748539, 19.12,0.19120628188021624,2023-01-05
CANFINHOME, EQ, 05-Jan-2023,543.05,547.0,549.8,538.0,543.0,545.45,543.52,847069,4604.03,13454, 469145, 55.38,0.5538450822778309,2023-01-05
CANTABIL, EQ, 05-Jan-2023,1241.25,1246.0,1246.0,1200.0,1207.35,1206.15,1219.65,14087,171.81,1468, 4470, 31.73,0.3173138354511251,2023-01-05
CAPACITE, EQ, 05-Jan-2023,153.85,154.25,161.7,153.95,157.0,157.8,158.71,1076344,1708.23,9783, 681984, 63.36,0.6336115591297949,2023-01-05
CAPLIPOINT, EQ, 05-Jan-2023,745.75,749.7,749.75,732.95,737.0,737.95,738.99,22042,162.89,2879, 9211, 41.79,0.4178840395608384,2023-01-05
CAPTRUST, EQ, 05-Jan-2023,79.05,81.5,81.6,76.55,77.6,77.9,79.05,5804,4.59,183, 2801, 48.26,0.4825982081323225,2023-01-05
CARBORUNIV, EQ, 05-Jan-2023,930.3,935.0,945.0,904.2,926.4,926.4,931.0,319265,2972.36,18764, 66688, 20.89,0.20887977072338026,2023-01-05
CAREERP, EQ, 05-Jan-2023,134.9,134.9,136.45,132.5,133.95,133.6,134.19,14126,18.95,603, 7121, 50.41,0.504105904006796,2023-01-05
CARERATING, EQ, 05-Jan-2023,616.1,618.4,622.5,613.4,617.55,618.9,617.7,70653,436.43,2966, 42250, 59.80,0.5979930080817517,2023-01-05
CARTRADE, EQ, 05-Jan-2023,478.6,481.0,492.8,474.0,478.0,481.7,482.14,43147,208.03,4812, 18449, 42.76,0.4275847683500591,2023-01-05
CARYSIL, EQ, 05-Jan-2023,463.05,463.5,474.0,460.2,474.0,471.9,466.43,33065,154.23,3284, 17433, 52.72,0.5272342355965522,2023-01-05
CASTROLIND, EQ, 05-Jan-2023,127.0,128.0,128.6,126.2,128.0,128.0,127.83,966917,1236.05,18298, 442174, 45.73,0.4573029536144261,2023-01-05
CCCL, BE, 05-Jan-2023,1.5,1.45,1.45,1.45,1.45,1.45,1.45,127019,1.84,199, -, -,,2023-01-05
CCHHL, EQ, 05-Jan-2023,7.55,7.7,7.75,7.4,7.55,7.5,7.51,31475,2.36,119, 27131, 86.20,0.8619857029388404,2023-01-05
CCL, EQ, 05-Jan-2023,544.25,547.1,549.0,535.6,538.9,540.35,542.29,133598,724.49,8503, 61942, 46.36,0.4636446653393015,2023-01-05
CDSL, EQ, 05-Jan-2023,1134.6,1140.1,1149.0,1124.2,1130.0,1127.75,1133.92,146371,1659.72,14497, 64828, 44.29,0.4429019409582499,2023-01-05
CEATLTD, EQ, 05-Jan-2023,1610.8,1618.9,1706.95,1618.9,1657.9,1666.9,1676.2,765020,12823.23,40680, 107208, 14.01,0.14013751274476485,2023-01-05
CELEBRITY, EQ, 05-Jan-2023,17.9,18.25,18.25,17.8,18.05,17.9,17.9,31959,5.72,252, 21991, 68.81,0.6881003786100942,2023-01-05
CENTENKA, EQ, 05-Jan-2023,417.4,417.4,422.5,415.95,421.9,420.95,419.69,19920,83.6,1577, 10482, 52.62,0.5262048192771084,2023-01-05
CENTEXT, EQ, 05-Jan-2023,10.1,10.05,10.15,9.85,9.9,9.95,9.98,151067,15.08,505, 122877, 81.34,0.8133940569416219,2023-01-05
CENTRALBK, EQ, 05-Jan-2023,32.0,32.25,32.35,31.2,32.25,31.95,31.78,7253799,2305.04,12860, 2079416, 28.67,0.28666578712754515,2023-01-05
CENTRUM, EQ, 05-Jan-2023,24.4,24.55,24.8,24.1,24.4,24.3,24.37,80988,19.74,551, 59363, 73.30,0.7329851336000395,2023-01-05
CENTUM, EQ, 05-Jan-2023,724.55,738.85,743.95,728.15,732.0,732.8,734.17,50727,372.42,3883, 15869, 31.28,0.3128314309933566,2023-01-05
CENTURYPLY, EQ, 05-Jan-2023,514.0,516.7,519.2,508.05,509.8,509.7,510.77,87814,448.52,7854, 56805, 64.69,0.6468786298312342,2023-01-05
CENTURYTEX, EQ, 05-Jan-2023,713.8,712.15,723.0,711.85,723.0,719.0,717.44,41698,299.16,3096, 14323, 34.35,0.34349369274305724,2023-01-05
CERA, EQ, 05-Jan-2023,5233.5,5220.05,5328.15,5203.9,5250.0,5264.1,5279.62,6642,350.67,2518, 3262, 49.11,0.49111713339355617,2023-01-05
CEREBRAINT, EQ, 05-Jan-2023,13.8,13.9,14.0,13.25,13.95,13.8,13.69,450132,61.61,1142, 294137, 65.34,0.6534461002550364,2023-01-05
CESC, EQ, 05-Jan-2023,77.0,77.2,77.35,76.7,77.05,76.95,76.96,1020475,785.4,10956, 705192, 69.10,0.6910428966902668,2023-01-05
CGCL, EQ, 05-Jan-2023,752.8,753.0,756.9,749.65,750.0,752.25,750.87,106696,801.15,2074, 26180, 24.54,0.24537002324360802,2023-01-05
CGPOWER, EQ, 05-Jan-2023,274.3,272.5,273.9,269.0,271.0,270.9,270.98,953714,2584.37,18430, 522151, 54.75,0.5474922251324821,2023-01-05
CHALET, EQ, 05-Jan-2023,345.05,348.7,348.7,327.0,329.5,331.1,334.81,132990,445.26,4673, 73626, 55.36,0.5536205729754117,2023-01-05
CHAMBLFERT, EQ, 05-Jan-2023,316.5,318.25,321.0,313.75,317.25,317.85,318.05,2620750,8335.33,30664, 655748, 25.02,0.2502138700753601,2023-01-05
CHEMBOND, EQ, 05-Jan-2023,245.2,245.3,249.95,243.35,246.0,246.15,246.05,10665,26.24,535, 4939, 46.31,0.463103609939053,2023-01-05
CHEMCON, EQ, 05-Jan-2023,291.05,292.55,293.65,287.0,290.2,288.85,289.07,91672,265.0,4923, 46573, 50.80,0.5080395322453967,2023-01-05
CHEMFAB, EQ, 05-Jan-2023,282.5,292.0,292.0,274.1,277.35,277.75,279.24,8142,22.74,526, 4954, 60.85,0.6084500122819946,2023-01-05
CHEMPLASTS, EQ, 05-Jan-2023,463.7,467.8,474.9,435.1,465.5,466.5,468.94,386327,1811.63,13167, 97310, 25.19,0.25188506110108794,2023-01-05
CHENNPETRO, EQ, 05-Jan-2023,208.95,210.2,211.7,207.2,208.7,208.95,209.07,425049,888.65,6760, 128347, 30.20,0.3019581271806309,2023-01-05
CHEVIOT, EQ, 05-Jan-2023,1189.2,1189.0,1189.0,1170.0,1171.45,1174.45,1177.84,875,10.31,155, 685, 78.29,0.7828571428571428,2023-01-05
CHOICEIN, EQ, 05-Jan-2023,253.7,257.35,257.35,248.05,249.3,248.5,253.76,14823,37.61,718, 4149, 27.99,0.2799028536733455,2023-01-05
CHOLAFIN, EQ, 05-Jan-2023,718.5,720.95,721.3,680.0,687.6,683.25,689.17,3139861,21639.13,87515, 1686700, 53.72,0.5371893851352019,2023-01-05
CHOLAHLDNG, EQ, 05-Jan-2023,554.4,555.0,568.45,549.95,560.0,559.95,559.88,58552,327.82,5793, 33887, 57.88,0.5787505123650772,2023-01-05
CIGNITITEC, EQ, 05-Jan-2023,572.2,570.05,578.5,569.0,570.0,573.25,574.48,31771,182.52,1531, 21186, 66.68,0.6668345346385068,2023-01-05
CINELINE, EQ, 05-Jan-2023,108.65,110.9,110.9,107.15,107.55,108.7,108.33,13610,14.74,416, 7152, 52.55,0.525495958853784,2023-01-05
CINEVISTA, EQ, 05-Jan-2023,11.8,12.0,12.0,11.7,11.75,11.75,11.79,9827,1.16,122, 6680, 67.98,0.679759845324107,2023-01-05
CIPLA, EQ, 05-Jan-2023,1066.9,1075.0,1093.2,1067.4,1090.0,1088.35,1083.37,1605744,17396.08,46379, 803448, 50.04,0.500358712223119,2023-01-05
CLEAN, EQ, 05-Jan-2023,1491.9,1495.0,1497.5,1465.05,1475.0,1474.05,1476.63,25481,376.26,4632, 14939, 58.63,0.5862799733134493,2023-01-05
CLEDUCATE, EQ, 05-Jan-2023,68.8,68.35,69.5,65.45,67.35,67.0,67.2,68870,46.28,1346, 43727, 63.49,0.6349208653985771,2023-01-05
CLNINDIA, EQ, 05-Jan-2023,362.6,364.45,365.6,360.0,360.9,360.75,360.9,16890,60.96,2025, 10180, 60.27,0.6027235050325637,2023-01-05
CLSEL, EQ, 05-Jan-2023,132.25,132.35,135.95,131.05,131.45,131.75,133.71,86639,115.85,2184, 36669, 42.32,0.4232389570516742,2023-01-05
CMICABLES, EQ, 05-Jan-2023,19.9,20.0,22.5,20.0,20.8,21.0,21.48,493026,105.89,2601, 199471, 40.46,0.4045851537241444,2023-01-05
CMSINFO, EQ, 05-Jan-2023,309.5,311.0,312.45,304.2,308.5,307.9,308.32,142358,438.92,4740, 80065, 56.24,0.5624200958147768,2023-01-05
COALINDIA, EQ, 05-Jan-2023,217.15,216.8,218.9,215.2,218.35,218.15,217.77,8815728,19198.02,66690, 4992311, 56.63,0.5662959428875302,2023-01-05
COASTCORP, EQ, 05-Jan-2023,231.9,234.8,234.8,231.5,233.0,232.9,232.55,14189,33.0,387, 11472, 80.85,0.8085136373246882,2023-01-05
COCHINSHIP, EQ, 05-Jan-2023,521.5,526.7,532.0,512.1,518.0,517.8,520.03,886076,4607.83,23155, 197020, 22.24,0.22235113015136398,2023-01-05
COFFEEDAY, EQ, 05-Jan-2023,48.15,48.45,48.6,47.55,48.1,48.0,48.02,773894,371.63,3365, 356033, 46.01,0.4600539608783632,2023-01-05
COFORGE, EQ, 05-Jan-2023,3949.25,3958.0,3972.9,3907.25,3918.0,3929.45,3930.88,95607,3758.2,9323, 24508, 25.63,0.2563410628928844,2023-01-05
COLPAL, EQ, 05-Jan-2023,1512.45,1512.95,1538.0,1512.95,1525.0,1524.95,1525.08,412526,6291.36,23614, 247336, 59.96,0.5995646335018884,2023-01-05
COMPINFO, EQ, 05-Jan-2023,20.35,20.5,20.95,20.25,20.6,20.65,20.57,401232,82.51,1622, 204839, 51.05,0.510525082745145,2023-01-05
COMPUSOFT, EQ, 05-Jan-2023,19.75,20.3,20.3,19.8,20.1,20.0,20.05,28423,5.7,277, 17566, 61.80,0.618020617105865,2023-01-05
CONCOR, EQ, 05-Jan-2023,730.3,734.0,743.75,730.0,741.55,740.95,735.65,730194,5371.67,52750, 394826, 54.07,0.5407138376924489,2023-01-05
CONFIPET, EQ, 05-Jan-2023,80.2,80.7,81.5,77.0,78.5,78.35,78.83,1325550,1044.88,7374, 584195, 44.07,0.44071894685225,2023-01-05
CONSOFINVT, EQ, 05-Jan-2023,137.0,137.7,146.0,136.15,138.95,138.85,140.69,15824,22.26,371, 2724, 17.21,0.17214357937310415,2023-01-05
CONSUMBEES, EQ, 05-Jan-2023,81.84,82.27,82.59,81.79,82.13,82.44,82.35,26710,22.0,328, 22882, 85.67,0.8566828903032572,2023-01-05
CONTROLPR, EQ, 05-Jan-2023,402.85,402.8,404.8,402.0,403.0,402.2,402.84,5826,23.47,255, 4727, 81.14,0.8113628561620323,2023-01-05
CORALFINAC, EQ, 05-Jan-2023,33.7,33.7,34.15,33.4,33.5,33.55,33.64,11506,3.87,186, 3913, 34.01,0.34008343472970626,2023-01-05
CORDSCABLE, EQ, 05-Jan-2023,79.1,79.0,79.5,76.5,78.15,77.55,77.89,263484,205.23,2032, 115581, 43.87,0.4386642073142961,2023-01-05
COROMANDEL, EQ, 05-Jan-2023,895.4,897.0,910.6,888.05,901.6,902.65,903.04,729644,6588.94,32991, 465169, 63.75,0.6375287126324619,2023-01-05
COSMOFIRST, EQ, 05-Jan-2023,767.95,770.0,772.05,757.0,761.0,760.8,762.27,12981,98.95,1706, 7719, 59.46,0.5946383175410215,2023-01-05
COUNCODOS, BE, 05-Jan-2023,5.05,5.15,5.15,4.9,5.05,5.05,5.01,27834,1.4,81, -, -,,2023-01-05
CPSEETF, EQ, 05-Jan-2023,37.65,37.82,37.97,37.47,37.77,37.82,37.66,224270,84.45,1934, 114363, 50.99,0.5099344540063316,2023-01-05
CRAFTSMAN, EQ, 05-Jan-2023,3541.5,3545.05,3610.0,3472.55,3516.0,3497.4,3536.69,55009,1945.5,10308, 22907, 41.64,0.41642276718355176,2023-01-05
CREATIVE, EQ, 05-Jan-2023,538.15,549.9,551.15,522.0,527.05,529.0,535.23,13736,73.52,1105, 6758, 49.20,0.4919918462434479,2023-01-05
CREDITACC, EQ, 05-Jan-2023,885.2,886.2,899.05,868.2,870.0,870.7,884.25,329485,2913.48,5445, 291959, 88.61,0.8861071065450628,2023-01-05
CREST, EQ, 05-Jan-2023,193.55,195.1,196.0,191.3,191.6,191.7,192.98,18737,36.16,417, 10544, 56.27,0.5627368308694027,2023-01-05
CRISIL, EQ, 05-Jan-2023,2950.4,2950.4,2979.85,2930.0,2944.0,2947.9,2948.53,10257,302.43,3424, 4742, 46.23,0.4623184166910403,2023-01-05
CROMPTON, EQ, 05-Jan-2023,339.9,341.5,341.8,338.0,339.0,338.8,339.43,1204661,4089.02,18894, 969528, 80.48,0.8048139684110301,2023-01-05
CROWN, BE, 05-Jan-2023,36.45,36.45,36.45,36.45,36.45,36.45,36.45,265,0.1,6, -, -,,2023-01-05
CSBBANK, EQ, 05-Jan-2023,250.9,252.3,253.2,247.25,251.3,251.3,250.13,614354,1536.67,7824, 186881, 30.42,0.3041910689927957,2023-01-05
CSLFINANCE, EQ, 05-Jan-2023,259.95,261.9,261.9,250.0,250.75,251.8,252.05,6155,15.51,319, 3527, 57.30,0.5730300568643379,2023-01-05
CTE, EQ, 05-Jan-2023,55.4,56.25,57.5,55.3,57.3,57.2,56.39,32131,18.12,453, 17811, 55.43,0.5543244841430395,2023-01-05
CUB, EQ, 05-Jan-2023,178.65,179.5,179.9,175.9,177.9,177.85,177.76,1574435,2798.7,24616, 771429, 49.00,0.48997195819452694,2023-01-05
CUBEXTUB, EQ, 05-Jan-2023,36.95,37.6,37.6,35.65,35.8,36.2,36.7,28382,10.42,321, 9447, 33.29,0.33285180748361637,2023-01-05
CUMMINSIND, EQ, 05-Jan-2023,1392.85,1393.05,1425.0,1393.05,1414.0,1413.6,1412.86,472768,6679.54,29608, 232314, 49.14,0.49139112630296466,2023-01-05
CUPID, EQ, 05-Jan-2023,282.95,283.1,284.4,274.0,279.9,280.65,279.68,101159,282.93,4700, 47169, 46.63,0.4662857481786099,2023-01-05
CYBERMEDIA, EQ, 05-Jan-2023,17.85,18.55,18.65,17.6,17.7,17.8,18.09,12149,2.2,153, 4069, 33.49,0.3349246851592724,2023-01-05
CYBERTECH, EQ, 05-Jan-2023,132.45,133.15,133.15,131.0,132.0,131.85,131.76,13544,17.85,494, 6975, 51.50,0.5149881866509155,2023-01-05
CYIENT, EQ, 05-Jan-2023,807.35,803.55,821.1,802.2,821.1,818.3,810.03,194822,1578.11,10246, 153454, 78.77,0.7876625843077271,2023-01-05
DAAWAT, EQ, 05-Jan-2023,116.95,116.5,117.3,114.8,116.95,116.6,115.89,711582,824.63,6563, 216202, 30.38,0.30383286817260696,2023-01-05
DABUR, EQ, 05-Jan-2023,559.85,561.1,574.15,561.0,571.4,572.75,569.34,2641778,15040.61,81137, 1630159, 61.71,0.6170688831536942,2023-01-05
DALBHARAT, EQ, 05-Jan-2023,1848.1,1848.1,1880.0,1835.95,1874.0,1875.15,1864.06,228299,4255.64,14663, 117631, 51.52,0.5152497382818146,2023-01-05
DALMIASUG, EQ, 05-Jan-2023,376.15,374.0,380.9,371.1,379.0,377.75,376.07,84076,316.18,4685, 26135, 31.08,0.3108497074075836,2023-01-05
DAMODARIND, EQ, 05-Jan-2023,58.45,58.45,58.45,55.0,55.0,55.8,56.5,85366,48.23,1392, 48308, 56.59,0.5658927441838671,2023-01-05
DANGEE, EQ, 05-Jan-2023,19.0,19.35,19.35,18.6,18.75,18.7,18.78,855851,160.74,649, 628312, 73.41,0.7341371336833163,2023-01-05
DATAMATICS, EQ, 05-Jan-2023,286.9,285.0,288.0,280.0,282.9,282.7,282.89,52646,148.93,2870, 21801, 41.41,0.41410553508338716,2023-01-05
DATAPATTNS, EQ, 05-Jan-2023,1149.1,1145.0,1176.8,1140.05,1176.0,1171.85,1165.85,90031,1049.63,8406, 24876, 27.63,0.27630482833690617,2023-01-05
DBCORP, EQ, 05-Jan-2023,125.9,126.5,127.0,123.0,124.65,123.9,124.54,161193,200.76,3043, 70491, 43.73,0.43730807169045804,2023-01-05
DBL, EQ, 05-Jan-2023,219.65,219.9,221.7,218.7,219.95,220.2,220.18,155536,342.46,3408, 47938, 30.82,0.3082116037444707,2023-01-05
DBOL, EQ, 05-Jan-2023,199.55,199.85,202.0,191.2,194.9,193.85,195.85,173127,339.07,4378, 99987, 57.75,0.5775355663761285,2023-01-05
DBREALTY, EQ, 05-Jan-2023,91.4,92.0,92.85,88.8,89.0,89.2,89.95,208570,187.61,2048, 154445, 74.05,0.7404947979095747,2023-01-05
DBSTOCKBRO, EQ, 05-Jan-2023,23.85,23.9,24.7,23.55,23.95,23.7,24.01,5530,1.33,106, 2369, 42.84,0.4283905967450271,2023-01-05
DCAL, EQ, 05-Jan-2023,92.7,93.45,93.55,92.1,92.6,92.6,92.64,179695,166.47,2434, 72949, 40.60,0.405960099056735,2023-01-05
DCBBANK, EQ, 05-Jan-2023,126.05,126.95,131.25,126.05,129.8,129.75,128.82,1562649,2013.07,13619, 460165, 29.45,0.29447751862382404,2023-01-05
DCI, BE, 05-Jan-2023,135.55,139.95,139.95,130.4,131.0,131.1,133.34,1105,1.47,53, -, -,,2023-01-05
DCM, EQ, 05-Jan-2023,81.65,82.15,82.45,80.85,82.2,81.6,81.4,26544,21.61,378, 19177, 72.25,0.7224608197709463,2023-01-05
DCMFINSERV, EQ, 05-Jan-2023,5.25,5.45,5.45,5.3,5.3,5.4,5.4,30447,1.64,62, 27513, 90.36,0.9036358261897723,2023-01-05
DCMNVL, EQ, 05-Jan-2023,164.65,166.3,166.4,161.25,161.5,162.2,162.45,9897,16.08,470, 5183, 52.37,0.5236940487016267,2023-01-05
DCMSHRIRAM, EQ, 05-Jan-2023,882.65,881.0,887.1,874.0,874.5,876.1,880.59,20982,184.76,1975, 13997, 66.71,0.6670956057573157,2023-01-05
DCMSRIND, EQ, 05-Jan-2023,73.15,73.9,74.2,72.0,72.95,72.65,73.0,57423,41.92,750, 31625, 55.07,0.5507375093603608,2023-01-05
DCW, EQ, 05-Jan-2023,49.65,49.9,50.1,49.15,49.45,49.4,49.54,457519,226.67,2335, 240874, 52.65,0.5264786817596646,2023-01-05
DCXINDIA, EQ, 05-Jan-2023,210.35,212.0,220.0,212.0,216.0,215.6,215.9,346310,747.68,10460, 112028, 32.35,0.32349051427911407,2023-01-05
DECCANCE, EQ, 05-Jan-2023,504.05,506.5,506.9,496.55,500.0,500.75,500.73,4983,24.95,636, 2883, 57.86,0.5785671282360024,2023-01-05
DEEPAKFERT, EQ, 05-Jan-2023,701.1,705.2,711.45,692.5,706.95,707.0,704.66,421331,2968.96,12426, 138863, 32.96,0.3295817302785696,2023-01-05
DEEPAKNTR, EQ, 05-Jan-2023,1959.95,1968.95,1973.6,1921.65,1948.0,1943.65,1942.43,312180,6063.88,23463, 101976, 32.67,0.3266576974822218,2023-01-05
DEEPENR, EQ, 05-Jan-2023,133.35,132.85,132.95,128.5,130.0,129.45,130.44,3393,4.43,138, 1774, 52.28,0.5228411435307987,2023-01-05
DEEPINDS, EQ, 05-Jan-2023,283.25,283.25,289.15,283.15,286.65,287.45,286.31,27192,77.85,1946, 15456, 56.84,0.5684024713150927,2023-01-05
DELHIVERY, EQ, 05-Jan-2023,327.0,328.5,331.0,324.0,325.8,326.05,327.01,333469,1090.47,10848, 160938, 48.26,0.48261757464711863,2023-01-05
DELPHIFX, EQ, 05-Jan-2023,383.55,387.0,396.9,382.0,388.5,385.85,389.95,1188,4.63,126, 790, 66.50,0.664983164983165,2023-01-05
DELTACORP, EQ, 05-Jan-2023,213.3,213.0,214.5,210.5,214.25,214.05,212.92,1618137,3445.4,13592, 416180, 25.72,0.25719701113070154,2023-01-05
DELTAMAGNT, EQ, 05-Jan-2023,79.7,82.4,83.6,76.6,82.25,79.9,81.03,10706,8.67,295, 3960, 36.99,0.36988604520829443,2023-01-05
DEN, EQ, 05-Jan-2023,34.7,34.8,35.0,34.3,34.75,34.85,34.71,436147,151.4,2018, 147937, 33.92,0.33919068570917604,2023-01-05
DENORA, EQ, 05-Jan-2023,680.45,687.0,816.5,687.0,787.5,796.0,784.31,265106,2079.26,15376, 50335, 18.99,0.18986744924671642,2023-01-05
DEVIT, EQ, 05-Jan-2023,124.3,126.45,127.6,124.0,125.1,126.8,125.84,49540,62.34,542, 24443, 49.34,0.49339927331449335,2023-01-05
DEVYANI, EQ, 05-Jan-2023,177.5,178.25,178.6,172.85,173.2,173.6,174.21,2986531,5202.74,24754, 2364234, 79.16,0.7916321645414027,2023-01-05
DFMFOODS, EQ, 05-Jan-2023,461.15,465.75,466.5,450.3,451.25,452.6,457.15,101047,461.94,9109, 60721, 60.09,0.600918384514137,2023-01-05
DGCONTENT, EQ, 05-Jan-2023,17.05,17.05,17.75,16.25,17.5,17.4,17.42,62945,10.97,300, 51918, 82.48,0.8248153149575026,2023-01-05
DHAMPURSUG, EQ, 05-Jan-2023,239.05,239.1,240.65,234.2,237.3,236.9,236.85,230296,545.47,6187, 72382, 31.43,0.31429985757459966,2023-01-05
DHANBANK, EQ, 05-Jan-2023,21.1,21.35,21.35,20.2,20.75,20.6,20.63,3060785,631.46,4875, 993240, 32.45,0.32450498809945816,2023-01-05
DHANI, EQ, 05-Jan-2023,39.6,39.8,40.25,38.75,39.4,39.25,39.23,1215227,476.74,7328, 575324, 47.34,0.47342924408361564,2023-01-05
DHANUKA, EQ, 05-Jan-2023,708.4,705.75,711.3,691.8,701.0,699.8,700.35,20687,144.88,3534, 9117, 44.07,0.4407115579832745,2023-01-05
DHARMAJ, EQ, 05-Jan-2023,206.85,209.3,209.3,199.0,201.25,201.05,203.03,128517,260.93,5631, 68458, 53.27,0.5326766108763821,2023-01-05
DHARSUGAR, BZ, 05-Jan-2023,11.8,11.8,12.25,11.6,11.95,11.8,11.79,10078,1.19,69, -, -,,2023-01-05
DHRUV, EQ, 05-Jan-2023,55.4,55.95,55.95,53.7,54.5,54.45,54.62,9676,5.29,272, 6096, 63.00,0.6300124018189335,2023-01-05
DHUNINV, EQ, 05-Jan-2023,669.35,673.95,697.0,668.35,693.75,691.7,683.12,4451,30.41,938, 1564, 35.14,0.35138171197483714,2023-01-05
DIAMONDYD, EQ, 05-Jan-2023,861.25,874.15,874.15,855.25,866.0,859.25,861.06,3335,28.72,470, 1678, 50.31,0.5031484257871065,2023-01-05
DICIND, EQ, 05-Jan-2023,388.3,392.0,392.0,380.05,380.2,380.35,385.5,1628,6.28,393, 981, 60.26,0.6025798525798526,2023-01-05
DIGISPICE, EQ, 05-Jan-2023,25.95,27.0,27.3,25.5,26.75,26.4,26.31,68285,17.96,547, 32427, 47.49,0.47487735227355937,2023-01-05
DIGJAMLMTD, BE, 05-Jan-2023,124.35,130.15,130.55,124.95,126.3,125.0,127.18,4902,6.23,91, -, -,,2023-01-05
DIL, EQ, 05-Jan-2023,13.3,13.45,13.65,13.0,13.45,13.4,13.32,183549,24.45,341, 123279, 67.16,0.6716408152591407,2023-01-05
DISHTV, EQ, 05-Jan-2023,18.15,18.25,18.95,17.9,18.85,18.8,18.38,8725233,1604.01,7171, 2906744, 33.31,0.33314227826351456,2023-01-05
DIVISLAB, EQ, 05-Jan-2023,3435.55,3435.55,3470.9,3405.0,3463.0,3461.85,3443.06,270647,9318.54,32101, 104997, 38.79,0.38794813908892395,2023-01-05
DIVOPPBEES, EQ, 05-Jan-2023,47.45,48.54,48.54,46.83,47.8,47.76,47.64,11872,5.66,305, 5543, 46.69,0.4668969002695418,2023-01-05
DIXON, EQ, 05-Jan-2023,3864.05,3877.0,3897.8,3791.1,3829.0,3838.6,3832.71,95221,3649.54,15379, 26436, 27.76,0.2776278341962382,2023-01-05
DJML, EQ, 05-Jan-2023,145.8,144.9,152.45,143.65,149.85,150.1,148.56,3106,4.61,93, 2012, 64.78,0.6477784932388925,2023-01-05
DLF, EQ, 05-Jan-2023,371.85,372.7,374.6,368.65,372.9,372.75,371.63,2499525,9289.05,34657, 779593, 31.19,0.3118964603274622,2023-01-05
DLINKINDIA, EQ, 05-Jan-2023,223.8,224.05,225.55,217.1,221.0,220.8,220.45,150089,330.87,5368, 59834, 39.87,0.39865679696713285,2023-01-05
DMART, EQ, 05-Jan-2023,3924.2,3955.0,3964.0,3845.5,3868.4,3857.8,3878.93,483903,18770.28,61715, 264008, 54.56,0.5455804159098001,2023-01-05
DMCC, EQ, 05-Jan-2023,302.05,302.05,311.2,291.75,292.35,293.9,299.1,14316,42.82,1008, 6191, 43.25,0.43245319921765857,2023-01-05
DNAMEDIA, EQ, 05-Jan-2023,3.45,3.55,3.55,3.35,3.4,3.35,3.38,72916,2.47,129, 38385, 52.64,0.5264276701958418,2023-01-05
DODLA, EQ, 05-Jan-2023,503.55,503.9,510.95,502.0,505.0,506.25,506.66,6668,33.78,1118, 3741, 56.10,0.5610377924415118,2023-01-05
DOLATALGO, EQ, 05-Jan-2023,62.9,63.65,63.65,61.6,63.5,62.4,62.43,99936,62.39,1234, 59432, 59.47,0.5947006083893692,2023-01-05
DOLLAR, EQ, 05-Jan-2023,421.15,423.3,425.0,415.95,420.1,421.2,419.86,20229,84.93,1257, 11192, 55.33,0.5532651144396659,2023-01-05
DONEAR, EQ, 05-Jan-2023,89.5,90.05,93.9,89.75,93.1,93.35,92.2,371001,342.06,4749, 120768, 32.55,0.32551933822280804,2023-01-05
DPABHUSHAN, EQ, 05-Jan-2023,294.35,295.85,296.45,290.0,292.5,290.9,292.73,1033,3.02,93, 884, 85.58,0.8557599225556631,2023-01-05
DPSCLTD, EQ, 05-Jan-2023,13.05,13.35,13.35,12.85,13.05,13.0,13.02,43701,5.69,326, 26795, 61.31,0.6131438639848058,2023-01-05
DPWIRES, EQ, 05-Jan-2023,420.85,420.2,422.8,406.0,409.0,410.45,413.34,7514,31.06,644, 3892, 51.80,0.5179664626031408,2023-01-05
DREAMFOLKS, EQ, 05-Jan-2023,380.1,384.0,384.25,373.85,379.8,378.2,378.62,54907,207.89,3579, 21859, 39.81,0.39810953066093574,2023-01-05
DREDGECORP, EQ, 05-Jan-2023,377.75,378.0,381.65,370.55,375.2,374.7,375.36,46694,175.27,3090, 16863, 36.11,0.36113847603546495,2023-01-05
DRREDDY, EQ, 05-Jan-2023,4253.5,4265.0,4303.85,4241.5,4295.0,4297.5,4282.29,198985,8521.11,30675, 100779, 50.65,0.5064653114556373,2023-01-05
DSPN50ETF, EQ, 05-Jan-2023,182.07,182.3,182.8,181.01,182.39,182.39,182.19,320,0.58,43, 316, 98.75,0.9875,2023-01-05
DSPNEWETF, EQ, 05-Jan-2023,209.43,209.3,212.93,208.0,208.49,208.51,208.85,723,1.51,57, 652, 90.18,0.9017980636237898,2023-01-05
DSPQ50ETF, EQ, 05-Jan-2023,162.11,163.09,163.1,161.64,162.3,161.98,162.21,12639,20.5,143, 11441, 90.52,0.9052140200965266,2023-01-05
DSPSILVETF, EQ, 05-Jan-2023,69.79,71.88,71.88,67.0,68.1,68.06,67.73,3774,2.56,99, 2285, 60.55,0.6054583995760466,2023-01-05
DSSL, EQ, 05-Jan-2023,351.5,354.0,362.0,344.0,350.0,348.85,355.44,28547,101.47,2551, 14391, 50.41,0.5041160191964129,2023-01-05
DTIL, EQ, 05-Jan-2023,229.0,233.3,233.3,223.0,226.0,224.75,226.96,4501,10.22,289, 2371, 52.68,0.5267718284825594,2023-01-05
DUCON, EQ, 05-Jan-2023,12.7,12.95,13.05,12.05,12.55,12.2,12.34,1876204,231.59,1731, 1410822, 75.20,0.7519555442798331,2023-01-05
DVL, EQ, 05-Jan-2023,237.5,241.05,241.55,235.05,239.75,238.7,237.88,19778,47.05,808, 11343, 57.35,0.5735160279097987,2023-01-05
DWARKESH, EQ, 05-Jan-2023,103.1,103.2,103.45,101.3,101.9,101.85,102.17,702391,717.61,5336, 226849, 32.30,0.3229668375591373,2023-01-05
DYCL, EQ, 05-Jan-2023,215.2,214.05,217.5,207.6,211.35,210.75,212.56,120070,255.22,5443, 47876, 39.87,0.398734071791455,2023-01-05
DYNAMATECH, EQ, 05-Jan-2023,2411.1,2412.0,2431.8,2353.05,2361.0,2367.65,2383.96,2970,70.8,911, 1551, 52.22,0.5222222222222223,2023-01-05
DYNPRO, EQ, 05-Jan-2023,310.15,313.15,315.0,300.55,303.5,304.95,308.49,17463,53.87,879, 13546, 77.57,0.7756971883410639,2023-01-05
E2E, EQ, 05-Jan-2023,184.5,189.95,190.5,178.35,181.0,178.95,181.55,4638,8.42,148, 3397, 73.24,0.7324277705907719,2023-01-05
EASEMYTRIP, EQ, 05-Jan-2023,51.85,52.2,52.45,51.1,51.75,51.65,51.63,3289528,1698.32,11625, 1322506, 40.20,0.40203518559501544,2023-01-05
EASTSILK, BE, 05-Jan-2023,4.0,3.9,4.0,3.8,3.85,3.85,3.87,69404,2.69,94, -, -,,2023-01-05
EBBETF0423, EQ, 05-Jan-2023,1209.97,1210.74,1210.74,1209.76,1210.73,1210.72,1210.25,2815,34.07,69, 1848, 65.65,0.6564831261101244,2023-01-05
EBBETF0425, EQ, 05-Jan-2023,1098.11,1097.0,1098.96,1097.0,1098.04,1098.51,1098.41,5564,61.12,94, 5179, 93.08,0.930805176132279,2023-01-05
EBBETF0430, EQ, 05-Jan-2023,1233.54,1239.4,1239.4,1232.52,1235.49,1235.67,1234.91,8374,103.41,229, 7349, 87.76,0.8775973250537378,2023-01-05
EBBETF0431, EQ, 05-Jan-2023,1103.72,1103.5,1105.99,1103.01,1105.99,1105.94,1105.27,30133,333.05,122, 28923, 95.98,0.9598446885474397,2023-01-05
EBBETF0433, EQ, 05-Jan-2023,1004.75,1005.99,1006.49,1004.77,1005.0,1005.14,1005.21,7482,75.21,86, 7042, 94.12,0.9411921946003742,2023-01-05
ECLERX, EQ, 05-Jan-2023,1274.25,1285.0,1285.0,1265.0,1274.55,1275.0,1274.46,18589,236.91,2711, 13527, 72.77,0.7276884178815428,2023-01-05
EDELWEISS, EQ, 05-Jan-2023,63.95,64.45,65.2,63.75,64.85,64.5,64.22,1189597,763.9,14889, 555590, 46.70,0.46704051876391756,2023-01-05
EDUCOMP, BZ, 05-Jan-2023,2.35,2.3,2.4,2.25,2.35,2.35,2.3,33429,0.77,47, -, -,,2023-01-05
EICHERMOT, EQ, 05-Jan-2023,3215.25,3229.0,3266.9,3202.55,3259.55,3257.7,3245.04,383751,12452.88,36922, 169206, 44.09,0.4409265383021803,2023-01-05
EIDPARRY, EQ, 05-Jan-2023,562.25,562.95,568.4,551.8,555.0,554.6,557.93,152966,853.44,9500, 75142, 49.12,0.49123334597230756,2023-01-05
EIFFL, EQ, 05-Jan-2023,164.45,161.1,164.95,160.25,163.0,163.2,163.01,10224,16.67,188, 9792, 95.77,0.9577464788732394,2023-01-05
EIHAHOTELS, EQ, 05-Jan-2023,424.95,420.85,429.85,413.8,420.0,423.7,418.53,6815,28.52,470, 3810, 55.91,0.5590608950843727,2023-01-05
EIHOTEL, EQ, 05-Jan-2023,176.15,178.4,178.4,173.9,175.0,175.75,175.72,243447,427.78,3963, 97553, 40.07,0.40071555615801385,2023-01-05
EIMCOELECO, EQ, 05-Jan-2023,380.75,380.8,385.7,379.2,379.3,383.55,383.31,1302,4.99,105, 806, 61.90,0.6190476190476191,2023-01-05
EKC, EQ, 05-Jan-2023,98.65,98.9,98.9,96.35,96.8,96.8,97.34,340893,331.82,4379, 168541, 49.44,0.49441026949805367,2023-01-05
ELDEHSG, EQ, 05-Jan-2023,586.6,587.6,608.0,584.95,599.9,595.25,594.88,1778,10.58,138, 1184, 66.59,0.6659167604049494,2023-01-05
ELECON, EQ, 05-Jan-2023,363.15,364.9,366.65,355.25,361.8,361.05,359.56,205704,739.63,10591, 109255, 53.11,0.5311272508069848,2023-01-05
ELECTCAST, EQ, 05-Jan-2023,38.1,38.4,38.85,37.85,38.1,38.2,38.2,1037042,396.17,2806, 421602, 40.65,0.406542840116408,2023-01-05
ELECTHERM, EQ, 05-Jan-2023,73.9,73.1,74.95,72.5,72.55,72.8,73.47,18386,13.51,370, 10097, 54.92,0.5491678450995322,2023-01-05
ELGIEQUIP, EQ, 05-Jan-2023,406.25,407.55,415.7,398.85,411.5,412.15,406.61,374587,1523.12,15407, 153869, 41.08,0.41076972772680315,2023-01-05
ELGIRUBCO, EQ, 05-Jan-2023,35.8,36.25,36.95,35.1,36.6,36.6,35.96,60550,21.77,800, 29341, 48.46,0.48457473162675474,2023-01-05
ELIN, EQ, 05-Jan-2023,229.6,228.9,228.95,224.0,225.6,225.45,225.91,164666,371.99,6847, 86131, 52.31,0.5230648707079786,2023-01-05
EMAMILTD, EQ, 05-Jan-2023,422.6,424.7,429.85,421.55,422.9,422.8,425.18,104751,445.38,6600, 48190, 46.00,0.46004334087502746,2023-01-05
EMAMIPAP, EQ, 05-Jan-2023,145.6,147.0,154.7,145.5,148.85,150.3,150.56,67348,101.4,1525, 30279, 44.96,0.4495901882758211,2023-01-05
EMAMIREAL, EQ, 05-Jan-2023,81.05,81.1,84.8,80.65,83.3,83.6,83.21,82238,68.43,1042, 56036, 68.14,0.6813881660546219,2023-01-05
EMIL, EQ, 05-Jan-2023,83.0,83.35,84.15,81.95,82.0,82.75,82.74,1534057,1269.32,9079, 924770, 60.28,0.6028263617323215,2023-01-05
EMKAY, EQ, 05-Jan-2023,75.9,75.8,76.7,74.95,74.95,75.1,75.57,8277,6.25,177, 5544, 66.98,0.6698079014135556,2023-01-05
EMMBI, EQ, 05-Jan-2023,97.05,97.9,97.9,95.85,96.2,96.95,96.69,8548,8.26,207, 6497, 76.01,0.7600608329433786,2023-01-05
EMUDHRA, EQ, 05-Jan-2023,305.7,308.85,308.85,299.9,303.95,303.75,303.38,97807,296.73,4569, 59178, 60.50,0.6050487183943889,2023-01-05
ENDURANCE, EQ, 05-Jan-2023,1401.0,1405.95,1435.0,1395.1,1404.95,1405.45,1417.79,29001,411.17,5254, 7608, 26.23,0.262335781524775,2023-01-05
ENERGYDEV, EQ, 05-Jan-2023,19.2,19.7,19.7,18.9,19.4,19.3,19.2,50966,9.79,276, 36310, 71.24,0.7124357414747087,2023-01-05
ENGINERSIN, EQ, 05-Jan-2023,78.9,79.0,85.4,79.0,84.7,84.8,83.98,22392310,18805.9,68230, 4686119, 20.93,0.20927358544071603,2023-01-05
ENIL, EQ, 05-Jan-2023,149.8,151.5,151.9,148.7,149.05,149.3,149.89,19150,28.7,471, 13059, 68.19,0.6819321148825065,2023-01-05
EPL, EQ, 05-Jan-2023,167.5,168.0,169.8,166.05,167.45,167.35,167.77,177284,297.43,6148, 85499, 48.23,0.4822713837684168,2023-01-05
EQUIPPP, BE, 05-Jan-2023,51.25,53.6,53.8,48.7,53.0,52.6,52.37,8977,4.7,189, -, -,,2023-01-05
EQUITAS, EQ, 05-Jan-2023,131.2,132.2,133.45,128.4,129.85,130.05,131.35,2312010,3036.83,18722, 1713042, 74.09,0.7409319163844447,2023-01-05
EQUITASBNK, EQ, 05-Jan-2023,59.65,60.25,61.1,59.0,59.25,59.15,59.69,4162789,2484.61,17384, 1312540, 31.53,0.3153030336152037,2023-01-05
ERIS, EQ, 05-Jan-2023,650.15,654.4,658.55,647.0,647.0,649.8,650.65,25930,168.71,2972, 17003, 65.57,0.6557269571924412,2023-01-05
EROSMEDIA, EQ, 05-Jan-2023,27.45,28.4,28.4,27.05,27.5,27.55,27.67,191226,52.92,745, 99161, 51.86,0.5185539623272986,2023-01-05
ESABINDIA, EQ, 05-Jan-2023,4154.55,4175.35,4290.0,4173.8,4210.0,4197.15,4242.52,9377,397.82,2631, 2790, 29.75,0.2975365255412179,2023-01-05
ESCORTS, EQ, 05-Jan-2023,2145.3,2142.0,2175.0,2115.2,2163.0,2168.45,2148.88,178211,3829.55,12829, 26508, 14.87,0.14874502696242095,2023-01-05
ESSARSHPNG, EQ, 05-Jan-2023,9.85,9.85,9.95,9.65,9.8,9.75,9.78,134722,13.17,358, 80947, 60.08,0.6008447024242515,2023-01-05
ESSENTIA, BE, 05-Jan-2023,6.75,6.75,6.85,6.6,6.7,6.65,6.73,157163,10.58,282, -, -,,2023-01-05
ESTER, EQ, 05-Jan-2023,129.0,129.9,131.95,128.05,129.7,130.15,129.52,58426,75.67,1621, 26527, 45.40,0.4540273166056208,2023-01-05
ETHOSLTD, EQ, 05-Jan-2023,1010.9,1004.25,1020.0,1004.25,1018.8,1013.65,1015.75,19529,198.37,2881, 10827, 55.44,0.5544062676020277,2023-01-05
EUROTEXIND, EQ, 05-Jan-2023,13.35,14.65,14.65,14.65,14.65,14.65,14.65,5227,0.77,17, 5227, 100.00,1.0,2023-01-05
EVEREADY, EQ, 05-Jan-2023,361.15,361.0,378.5,359.4,376.55,375.05,371.85,401707,1493.75,12945, 155758, 38.77,0.38774031819211513,2023-01-05
EVERESTIND, EQ, 05-Jan-2023,817.0,817.0,821.8,790.0,792.95,791.85,801.33,17684,141.71,2672, 5839, 33.02,0.3301854783985524,2023-01-05
EXCEL, BE, 05-Jan-2023,0.55,0.5,0.55,0.5,0.55,0.5,0.52,3617387,18.69,1247, -, -,,2023-01-05
EXCELINDUS, EQ, 05-Jan-2023,1197.7,1181.0,1203.7,1152.6,1175.8,1171.85,1169.7,9909,115.91,1407, 4123, 41.61,0.4160863861136341,2023-01-05
EXIDEIND, EQ, 05-Jan-2023,179.2,179.25,181.55,178.55,180.5,180.6,180.09,1362043,2452.84,14543, 527730, 38.75,0.3874547279344338,2023-01-05
EXPLEOSOL, EQ, 05-Jan-2023,1266.75,1268.0,1279.9,1228.7,1250.0,1242.5,1248.13,14069,175.6,2288, 8708, 61.89,0.6189494633591585,2023-01-05
EXXARO, EQ, 05-Jan-2023,128.2,130.7,139.0,130.0,137.85,137.05,134.59,1207376,1625.04,13686, 418097, 34.63,0.3462856641178887,2023-01-05
FACT, EQ, 05-Jan-2023,353.85,361.0,371.5,360.0,371.5,371.5,368.97,2809836,10367.5,27266, 521766, 18.57,0.18569268811418174,2023-01-05
FAIRCHEMOR, EQ, 05-Jan-2023,1285.6,1298.45,1303.5,1235.0,1270.0,1254.7,1256.17,19250,241.81,4284, 9366, 48.65,0.48654545454545456,2023-01-05
FAZE3Q, EQ, 05-Jan-2023,279.05,285.05,285.15,265.4,274.5,274.55,275.21,8410,23.15,858, 4633, 55.09,0.5508917954815695,2023-01-05
FCL, EQ, 05-Jan-2023,251.1,252.35,252.35,245.0,246.3,246.5,247.81,172868,428.38,5721, 66121, 38.25,0.3824941573917671,2023-01-05
FCONSUMER, EQ, 05-Jan-2023,1.65,1.7,1.7,1.6,1.6,1.6,1.62,6992913,113.39,2581, 4638919, 66.34,0.6633743334144154,2023-01-05
FCSSOFT, EQ, 05-Jan-2023,2.8,2.85,2.85,2.75,2.85,2.8,2.81,3147592,88.4,2217, 1460181, 46.39,0.4639041527618573,2023-01-05
FDC, EQ, 05-Jan-2023,271.8,273.2,278.0,271.6,277.0,276.3,275.5,46245,127.41,3787, 22013, 47.60,0.4760082171045518,2023-01-05
FEDERALBNK, EQ, 05-Jan-2023,136.4,136.9,137.1,135.1,136.65,136.7,136.28,8313992,11330.15,39506, 2109933, 25.38,0.25378097549288,2023-01-05
FEL, EQ, 05-Jan-2023,2.1,2.2,2.2,2.0,2.0,2.0,2.07,9004546,186.18,3337, 5527635, 61.39,0.6138715933040932,2023-01-05
FELDVR, EQ, 05-Jan-2023,8.2,8.6,8.6,7.8,8.15,7.95,8.26,211769,17.49,460, 95632, 45.16,0.4515863983869216,2023-01-05
FIBERWEB, EQ, 05-Jan-2023,35.85,36.5,36.5,33.3,35.4,34.5,35.08,36291,12.73,452, 19514, 53.77,0.5377090738750654,2023-01-05
FIEMIND, EQ, 05-Jan-2023,1713.9,1720.0,1724.75,1652.75,1670.0,1661.15,1677.84,37244,624.89,6336, 18473, 49.60,0.49599935560090214,2023-01-05
FILATEX, EQ, 05-Jan-2023,45.2,45.2,45.85,44.0,44.3,44.15,44.54,279146,124.32,2360, 151129, 54.14,0.5413976915305969,2023-01-05
FINCABLES, EQ, 05-Jan-2023,545.4,547.95,556.0,546.1,548.25,550.4,550.99,151838,836.62,7010, 62143, 40.93,0.4092717238109037,2023-01-05
FINEORG, EQ, 05-Jan-2023,5608.75,5625.05,5649.9,5524.0,5575.0,5569.25,5584.1,18409,1027.98,6269, 9127, 49.58,0.49579010266717366,2023-01-05
FINOPB, EQ, 05-Jan-2023,245.5,253.2,263.4,245.35,255.0,255.85,256.94,470495,1208.87,12403, 147527, 31.36,0.3135569984803239,2023-01-05
FINPIPE, EQ, 05-Jan-2023,187.25,188.2,191.0,182.1,183.95,184.05,187.2,793700,1485.77,15994, 364535, 45.93,0.45928562429129394,2023-01-05
FIVESTAR, EQ, 05-Jan-2023,627.55,632.15,659.9,625.95,650.0,649.7,644.81,272222,1755.31,14679, 104708, 38.46,0.38464194664648704,2023-01-05
FLEXITUFF, BE, 05-Jan-2023,30.15,30.8,30.8,29.25,30.6,30.6,30.12,6767,2.04,20, -, -,,2023-01-05
FLFL, BE, 05-Jan-2023,11.2,11.2,11.3,10.65,10.65,10.65,10.9,410546,44.75,1121, -, -,,2023-01-05
FLUOROCHEM, EQ, 05-Jan-2023,3030.6,3032.8,3039.95,2972.0,3010.0,2994.35,2999.02,89124,2672.85,10436, 47665, 53.48,0.5348166599344734,2023-01-05
FMGOETZE, EQ, 05-Jan-2023,314.05,312.5,318.0,312.1,316.0,316.1,315.75,34434,108.73,1012, 22624, 65.70,0.6570250333972236,2023-01-05
FMNL, EQ, 05-Jan-2023,6.0,6.3,6.3,5.7,5.7,5.7,5.77,153149,8.84,279, 106326, 69.43,0.6942650621290377,2023-01-05
FOCUS, EQ, 05-Jan-2023,311.55,313.45,319.9,309.0,311.0,310.6,312.13,14912,46.54,346, 11553, 77.47,0.7747451716738197,2023-01-05
FOODSIN, BE, 05-Jan-2023,130.6,131.0,136.85,131.0,135.9,135.25,133.78,210718,281.9,760, -, -,,2023-01-05
FORCEMOT, EQ, 05-Jan-2023,1481.4,1488.0,1515.0,1485.4,1500.1,1505.65,1500.66,30201,453.21,4352, 11672, 38.65,0.3864772689646038,2023-01-05
FORTIS, EQ, 05-Jan-2023,283.25,284.7,288.35,283.1,286.65,287.1,286.46,745831,2136.49,17560, 424856, 56.96,0.5696411117263831,2023-01-05
FOSECOIND, EQ, 05-Jan-2023,1931.85,1959.0,1959.0,1926.8,1932.5,1936.25,1940.14,335,6.5,128, 196, 58.51,0.5850746268656717,2023-01-05
FRETAIL, BZ, 05-Jan-2023,3.5,3.6,3.65,3.55,3.65,3.65,3.62,839457,30.38,730, -, -,,2023-01-05
FSC, BE, 05-Jan-2023,29.9,30.9,30.9,28.45,28.45,28.45,29.15,39569,11.53,227, -, -,,2023-01-05
FSL, EQ, 05-Jan-2023,102.2,102.4,103.05,101.3,102.15,102.3,102.19,1159758,1185.15,9027, 445934, 38.45,0.3845060779921328,2023-01-05
FUSION, EQ, 05-Jan-2023,393.15,392.0,394.9,381.25,386.0,388.35,390.16,371510,1449.5,5846, 279370, 75.20,0.7519851417189308,2023-01-05
GABRIEL, EQ, 05-Jan-2023,188.95,190.7,190.7,185.0,188.0,188.35,187.75,366834,688.72,8381, 94002, 25.63,0.2562521467475752,2023-01-05
GAEL, EQ, 05-Jan-2023,249.65,250.7,251.5,243.1,246.0,245.1,245.76,132316,325.18,8678, 57321, 43.32,0.4332129145379244,2023-01-05
GAIL, EQ, 05-Jan-2023,95.4,95.9,97.5,95.15,97.45,97.35,96.34,12382060,11928.6,49804, 7187380, 58.05,0.5804672243552366,2023-01-05
GAL, BE, 05-Jan-2023,3.0,3.0,3.15,2.95,3.15,3.15,3.11,831464,25.9,654, -, -,,2023-01-05
GAL-RE, BE, 05-Jan-2023,0.2,0.15,0.2,0.15,0.2,0.2,0.16,5212938,8.55,1669, -, -,,2023-01-05
GALAXYSURF, EQ, 05-Jan-2023,2444.7,2450.0,2457.4,2415.0,2457.4,2430.75,2428.43,10919,265.16,2866, 5017, 45.95,0.4594743108343255,2023-01-05
GALLANTT, EQ, 05-Jan-2023,62.55,63.4,64.2,62.6,62.85,62.85,63.33,16135,10.22,342, 8364, 51.84,0.5183762008057019,2023-01-05
GANDHITUBE, EQ, 05-Jan-2023,525.8,525.05,525.95,510.35,511.25,511.45,516.14,7591,39.18,607, 5482, 72.22,0.7221709919641681,2023-01-05
GANECOS, EQ, 05-Jan-2023,916.55,921.15,924.25,904.55,913.0,913.3,915.27,11513,105.38,1583, 6207, 53.91,0.5391296794927474,2023-01-05
GANESHBE, EQ, 05-Jan-2023,142.05,141.25,141.9,138.75,140.05,139.8,140.04,65576,91.83,1518, 44566, 67.96,0.6796083933146273,2023-01-05
GANESHHOUC, EQ, 05-Jan-2023,361.4,365.0,371.0,358.95,366.0,368.6,365.83,72528,265.33,2030, 25455, 35.10,0.3509679020516214,2023-01-05
GANGAFORGE, EQ, 05-Jan-2023,4.55,4.65,4.65,4.2,4.55,4.55,4.49,155572,6.98,397, 112542, 72.34,0.7234078111742472,2023-01-05
GANGESSECU, EQ, 05-Jan-2023,119.9,122.25,122.25,118.45,119.0,119.0,119.48,11924,14.25,304, 9248, 77.56,0.7755786648775579,2023-01-05
GARFIBRES, EQ, 05-Jan-2023,3126.65,3100.0,3149.0,3094.9,3134.0,3125.55,3120.86,7230,225.64,2337, 3998, 55.30,0.5529737206085754,2023-01-05
GATEWAY, EQ, 05-Jan-2023,67.1,67.75,67.9,66.65,66.95,66.95,67.1,196955,132.16,1970, 120490, 61.18,0.6117641085527151,2023-01-05
GATI, EQ, 05-Jan-2023,139.4,140.0,142.7,137.6,139.85,139.65,139.99,461410,645.91,7508, 143947, 31.20,0.3119719988730197,2023-01-05
GAYAHWS, EQ, 05-Jan-2023,0.85,0.9,0.9,0.85,0.85,0.9,0.88,287980,2.55,318, 136399, 47.36,0.47364053059240224,2023-01-05
GAYAPROJ, BE, 05-Jan-2023,8.65,8.55,8.8,8.5,8.6,8.55,8.61,184077,15.85,364, -, -,,2023-01-05
GEECEE, EQ, 05-Jan-2023,154.7,154.8,158.45,152.85,155.55,156.2,156.5,10710,16.76,431, 4926, 45.99,0.4599439775910364,2023-01-05
GEEKAYWIRE, EQ, 05-Jan-2023,73.7,75.1,75.25,69.2,70.75,70.65,70.55,158063,111.52,1807, 96766, 61.22,0.6121989333367075,2023-01-05
GENCON, EQ, 05-Jan-2023,33.2,33.2,33.85,33.05,33.15,33.15,33.33,28595,9.53,259, 20795, 72.72,0.7272250393425425,2023-01-05
GENESYS, EQ, 05-Jan-2023,444.9,454.95,455.0,435.8,446.0,448.95,443.68,6358,28.21,290, 3834, 60.30,0.6030198175526895,2023-01-05
GENUSPAPER, EQ, 05-Jan-2023,17.85,18.25,19.35,17.95,18.8,18.6,18.74,891486,167.04,2811, 217173, 24.36,0.24360786372416393,2023-01-05
GENUSPOWER, EQ, 05-Jan-2023,84.8,84.8,86.45,84.55,85.5,85.45,85.38,222142,189.66,2694, 67544, 30.41,0.304057764853112,2023-01-05
GEOJITFSL, EQ, 05-Jan-2023,48.05,48.5,48.5,47.4,48.0,47.7,47.78,162687,77.73,1261, 88896, 54.64,0.5464235003411458,2023-01-05
GEPIL, EQ, 05-Jan-2023,137.1,139.0,139.0,135.35,137.75,137.6,136.89,35560,48.68,1040, 19523, 54.90,0.5490157480314961,2023-01-05
GESHIP, EQ, 05-Jan-2023,664.45,667.75,667.75,643.5,649.8,649.55,651.92,234770,1530.52,20472, 155409, 66.20,0.6619627720747966,2023-01-05
GET&D, EQ, 05-Jan-2023,113.75,115.75,116.55,111.6,113.95,112.95,113.34,29097,32.98,907, 12243, 42.08,0.4207650273224044,2023-01-05
GFLLIMITED, EQ, 05-Jan-2023,64.45,65.0,65.25,64.0,64.75,64.6,64.37,9602,6.18,390, 5744, 59.82,0.5982087065194751,2023-01-05
GHCL, EQ, 05-Jan-2023,528.9,531.55,544.0,528.15,531.6,534.1,537.05,371409,1994.66,13674, 124697, 33.57,0.3357403832432709,2023-01-05
GICHSGFIN, EQ, 05-Jan-2023,224.4,225.65,231.5,221.55,223.0,224.55,226.31,1622699,3672.29,15051, 311993, 19.23,0.19226794371599415,2023-01-05
GICRE, EQ, 05-Jan-2023,201.05,201.55,202.45,192.1,193.15,195.3,196.43,8183673,16075.44,50469, 1192477, 14.57,0.14571415548983935,2023-01-05
GILLANDERS, EQ, 05-Jan-2023,74.45,75.0,75.25,73.45,74.0,73.8,73.88,17788,13.14,161, 16258, 91.40,0.9139869574994378,2023-01-05
GILLETTE, EQ, 05-Jan-2023,5029.2,5006.2,5056.0,5000.0,5019.95,5018.95,5019.83,1559,78.26,445, 1038, 66.58,0.6658114175753689,2023-01-05
GILT5YBEES, EQ, 05-Jan-2023,50.3,50.39,50.4,50.28,50.37,50.34,50.31,290508,146.17,979, 263811, 90.81,0.9081023586269569,2023-01-05
GINNIFILA, EQ, 05-Jan-2023,33.1,32.6,33.55,32.6,32.85,32.9,32.87,19268,6.33,174, 13121, 68.10,0.6809736350425576,2023-01-05
GIPCL, EQ, 05-Jan-2023,82.75,82.95,84.4,81.9,82.75,83.2,83.17,332401,276.47,5835, 166655, 50.14,0.5013673244063646,2023-01-05
GKWLIMITED, EQ, 05-Jan-2023,551.0,543.0,552.0,537.05,540.0,540.0,544.44,305,1.66,74, 197, 64.59,0.6459016393442623,2023-01-05
GLAND, EQ, 05-Jan-2023,1587.95,1594.0,1595.0,1571.0,1581.85,1584.1,1584.92,232638,3687.13,7918, 185821, 79.88,0.7987560071871319,2023-01-05
GLAXO, EQ, 05-Jan-2023,1301.95,1299.5,1306.75,1299.5,1301.5,1302.25,1302.68,20011,260.68,2382, 11343, 56.68,0.5668382389685673,2023-01-05
GLENMARK, EQ, 05-Jan-2023,428.45,428.6,435.0,425.6,435.0,434.35,431.2,343516,1481.23,12147, 77613, 22.59,0.22593707425563875,2023-01-05
GLFL, EQ, 05-Jan-2023,3.0,3.0,3.1,2.9,2.9,2.9,2.94,6485,0.19,47, 5386, 83.05,0.8305319969159599,2023-01-05
GLOBAL, EQ, 05-Jan-2023,198.4,201.95,203.25,195.05,198.0,198.05,197.82,22962,45.42,684, 12420, 54.09,0.5408936503788868,2023-01-05
GLOBALVECT, EQ, 05-Jan-2023,53.25,53.35,58.0,53.35,55.9,55.6,56.21,53543,30.1,1025, 17315, 32.34,0.3233849429430551,2023-01-05
GLOBE, EQ, 05-Jan-2023,4.6,4.6,4.65,4.5,4.5,4.55,4.54,351958,15.97,724, 224854, 63.89,0.6388660010569442,2023-01-05
GLOBUSSPR, EQ, 05-Jan-2023,830.7,833.25,844.65,827.3,835.0,833.95,836.0,90708,758.32,8377, 41718, 45.99,0.45991533271596774,2023-01-05
GLS, EQ, 05-Jan-2023,418.8,420.8,420.8,415.8,418.3,416.95,417.67,37081,154.88,1515, 27753, 74.84,0.7484425986354197,2023-01-05
GMBREW, EQ, 05-Jan-2023,613.15,617.95,617.95,596.65,600.0,599.55,603.82,19813,119.64,2382, 11816, 59.64,0.5963761166910614,2023-01-05
GMDCLTD, EQ, 05-Jan-2023,147.05,148.2,148.5,145.25,148.2,148.0,147.06,685010,1007.37,6639, 228074, 33.29,0.3329498839433001,2023-01-05
GMMPFAUDLR, EQ, 05-Jan-2023,1606.45,1613.4,1629.0,1552.1,1584.0,1578.5,1598.81,118917,1901.25,11444, 47036, 39.55,0.3955363825188997,2023-01-05
GMRINFRA, EQ, 05-Jan-2023,39.9,40.2,40.5,39.7,40.35,40.4,40.15,8074807,3242.14,42586, 2279666, 28.23,0.28231832661758977,2023-01-05
GMRP&UI, EQ, 05-Jan-2023,22.55,22.9,22.95,21.9,22.15,22.0,22.22,396939,88.19,1821, 304596, 76.74,0.767362239538065,2023-01-05
GNA, EQ, 05-Jan-2023,714.1,714.9,716.7,705.55,708.9,708.95,709.27,25109,178.09,2326, 16841, 67.07,0.6707156796367836,2023-01-05
GNFC, EQ, 05-Jan-2023,580.5,581.95,583.45,565.6,571.25,572.1,574.06,1548956,8892.01,30031, 454336, 29.33,0.29331756357185096,2023-01-05
GOACARBON, EQ, 05-Jan-2023,557.9,559.0,575.0,557.8,567.65,567.35,565.77,35052,198.31,1574, 19152, 54.64,0.546388223211229,2023-01-05
GOCLCORP, EQ, 05-Jan-2023,358.75,358.75,369.45,355.15,358.0,358.85,360.98,23920,86.35,2389, 11408, 47.69,0.47692307692307695,2023-01-05
GOCOLORS, EQ, 05-Jan-2023,1162.8,1165.0,1178.0,1156.25,1156.5,1164.3,1167.72,16145,188.53,5469, 9852, 61.02,0.6102198823165067,2023-01-05
GODFRYPHLP, EQ, 05-Jan-2023,1923.65,1927.0,1988.95,1913.2,1950.6,1955.25,1950.72,133844,2610.92,11689, 16148, 12.06,0.12064791847225127,2023-01-05
GODHA, EQ, 05-Jan-2023,1.85,1.8,1.9,1.8,1.9,1.9,1.85,27026756,499.36,2749, 10060500, 37.22,0.372242232845111,2023-01-05
GODREJAGRO, EQ, 05-Jan-2023,471.7,470.55,474.0,468.3,472.0,472.7,470.5,22684,106.73,1801, 13899, 61.27,0.6127226238758596,2023-01-05
GODREJCP, EQ, 05-Jan-2023,888.7,891.9,920.8,887.0,918.15,916.5,910.5,3020912,27505.32,86180, 1541046, 51.01,0.5101260811304665,2023-01-05
GODREJIND, EQ, 05-Jan-2023,430.8,431.65,437.0,429.0,431.0,430.1,430.22,1976056,8501.48,7242, 1849535, 93.60,0.9359729683774144,2023-01-05
GODREJPROP, EQ, 05-Jan-2023,1213.0,1218.95,1220.3,1200.0,1215.0,1212.55,1210.52,266029,3220.33,16680, 73050, 27.46,0.27459412319709503,2023-01-05
GOENKA, BZ, 05-Jan-2023,1.3,1.35,1.35,1.25,1.3,1.3,1.3,264581,3.44,179, -, -,,2023-01-05
GOKEX, EQ, 05-Jan-2023,363.4,365.45,375.9,363.3,367.0,367.8,369.1,129421,477.7,5717, 53121, 41.05,0.41045116325789477,2023-01-05
GOKUL, EQ, 05-Jan-2023,41.9,42.4,42.4,40.65,41.2,41.25,41.55,255360,106.09,2434, 95963, 37.58,0.37579495614035086,2023-01-05
GOKULAGRO, EQ, 05-Jan-2023,131.35,131.9,133.2,127.0,128.1,128.55,129.84,227266,295.07,5073, 86831, 38.21,0.3820677092041924,2023-01-05
GOLDBEES, EQ, 05-Jan-2023,48.07,48.11,48.17,47.65,47.74,47.78,47.86,4303123,2059.44,17312, 3106689, 72.20,0.7219614684497747,2023-01-05
GOLDENTOBC, BZ, 05-Jan-2023,69.0,69.0,69.0,68.0,68.65,68.4,68.33,1215,0.83,45, -, -,,2023-01-05
GOLDIAM, EQ, 05-Jan-2023,133.75,134.9,135.7,132.0,133.0,132.95,133.32,63047,84.05,1628, 33965, 53.87,0.5387250781163259,2023-01-05
GOLDSHARE, EQ, 05-Jan-2023,48.05,48.0,48.05,47.7,47.85,47.8,47.89,53181,25.47,479, 38789, 72.94,0.7293770331509374,2023-01-05
GOLDTECH, EQ, 05-Jan-2023,47.15,47.75,48.0,45.5,47.4,47.3,46.98,9433,4.43,190, 4692, 49.74,0.49740273507897803,2023-01-05
GOODLUCK, EQ, 05-Jan-2023,382.85,387.0,387.0,376.0,380.0,381.25,380.21,44480,169.12,2041, 27273, 61.32,0.6131519784172662,2023-01-05
GOODYEAR, EQ, 05-Jan-2023,1123.1,1120.0,1159.0,1120.0,1127.0,1129.15,1140.74,59127,674.49,6929, 19621, 33.18,0.3318450115852318,2023-01-05
GOYALALUM, EQ, 05-Jan-2023,193.45,197.95,198.95,191.5,191.5,194.4,195.55,70459,137.78,252, 34231, 48.58,0.4858286379312792,2023-01-05
GPIL, EQ, 05-Jan-2023,398.1,401.0,406.0,394.8,401.0,400.9,399.58,460632,1840.6,17162, 156333, 33.94,0.33938805814619916,2023-01-05
GPPL, EQ, 05-Jan-2023,102.3,102.85,102.9,98.5,99.25,99.45,99.6,2403399,2393.78,15470, 1007474, 41.92,0.41918715951866503,2023-01-05
GPTINFRA, EQ, 05-Jan-2023,52.55,53.2,53.5,50.9,51.5,51.4,51.75,30775,15.93,666, 20767, 67.48,0.6748009748172218,2023-01-05
GRANULES, EQ, 05-Jan-2023,323.1,324.3,327.8,320.75,325.65,326.15,325.04,508679,1653.41,9433, 190202, 37.39,0.3739136075992915,2023-01-05
GRAPHITE, EQ, 05-Jan-2023,381.5,381.9,383.95,374.0,376.1,377.25,378.31,233490,883.31,9607, 88547, 37.92,0.3792325153111482,2023-01-05
GRASIM, EQ, 05-Jan-2023,1690.3,1698.8,1707.85,1676.55,1702.15,1698.3,1692.41,485255,8212.49,36262, 212987, 43.89,0.43891768245561613,2023-01-05
GRAUWEIL, EQ, 05-Jan-2023,86.3,86.9,87.9,86.0,87.5,87.05,86.77,110963,96.28,1499, 45531, 41.03,0.41032596451069275,2023-01-05
GRAVITA, EQ, 05-Jan-2023,443.95,444.4,448.0,424.35,432.0,432.75,433.66,219985,953.98,8499, 67019, 30.47,0.3046525899493147,2023-01-05
GREAVESCOT, EQ, 05-Jan-2023,135.45,136.05,137.4,134.55,135.45,135.15,135.69,641137,869.97,5665, 265835, 41.46,0.41463057037731404,2023-01-05
GREENLAM, EQ, 05-Jan-2023,334.0,334.0,338.45,328.05,333.05,332.0,334.14,15338,51.25,975, 7924, 51.66,0.5166253748859043,2023-01-05
GREENPANEL, EQ, 05-Jan-2023,335.45,333.5,334.9,324.05,327.35,326.55,328.46,206016,676.67,14271, 109972, 53.38,0.5338031997514756,2023-01-05
GREENPLY, EQ, 05-Jan-2023,144.4,144.9,146.0,142.5,142.95,143.45,144.13,93746,135.12,4528, 55706, 59.42,0.5942226868346383,2023-01-05
GREENPOWER, EQ, 05-Jan-2023,11.4,11.6,11.95,11.2,11.4,11.35,11.46,15594256,1787.22,10447, 4902703, 31.44,0.3143915939304831,2023-01-05
GRINDWELL, EQ, 05-Jan-2023,1894.45,1904.8,1924.0,1872.05,1910.15,1919.8,1908.76,78814,1504.37,7955, 54329, 68.93,0.6893318445961377,2023-01-05
GRINFRA, EQ, 05-Jan-2023,1169.2,1181.0,1194.0,1164.0,1179.9,1169.5,1176.24,13146,154.63,2943, 5018, 38.17,0.3817130686140271,2023-01-05
GRMOVER, EQ, 05-Jan-2023,404.4,404.4,408.0,395.0,400.0,402.75,400.85,24910,99.85,1314, 11264, 45.22,0.45218787635487756,2023-01-05
GROBTEA, EQ, 05-Jan-2023,875.4,862.75,870.05,862.6,870.0,870.0,866.78,41,0.36,9, 17, 41.46,0.4146341463414634,2023-01-05
GRPLTD, EQ, 05-Jan-2023,2153.1,2135.3,2220.0,2128.3,2210.0,2210.45,2179.14,2734,59.58,651, 1832, 67.01,0.6700804681784931,2023-01-05
GRSE, EQ, 05-Jan-2023,482.95,485.1,491.9,480.0,486.9,488.6,486.51,637510,3101.56,22197, 118923, 18.65,0.18654295618892253,2023-01-05
GRWRHITECH, EQ, 05-Jan-2023,666.3,672.95,672.95,651.1,651.1,656.5,661.32,19975,132.1,1153, 15498, 77.59,0.7758698372966207,2023-01-05
GSCLCEMENT, EQ, 05-Jan-2023,38.5,38.75,38.9,38.15,38.45,38.25,38.41,33197,12.75,422, 20632, 62.15,0.6215019429466518,2023-01-05
GSFC, EQ, 05-Jan-2023,140.6,141.15,141.7,137.95,138.3,138.85,139.45,2703468,3769.88,19850, 1111306, 41.11,0.41106682231859226,2023-01-05
GSPL, EQ, 05-Jan-2023,269.4,270.75,277.85,268.95,275.15,276.0,275.29,1167970,3215.36,25858, 628421, 53.80,0.5380454977439489,2023-01-05
GSS, EQ, 05-Jan-2023,265.15,269.0,274.05,263.35,270.05,269.95,268.89,205217,551.8,4443, 105146, 51.24,0.5123649600179322,2023-01-05
GTL, EQ, 05-Jan-2023,7.95,8.0,8.1,7.85,8.1,8.0,7.97,368462,29.38,677, 227971, 61.87,0.6187096634116951,2023-01-05
GTLINFRA, EQ, 05-Jan-2023,1.2,1.2,1.25,1.15,1.25,1.2,1.21,23705310,285.69,8483, 11722315, 49.45,0.4945016538488634,2023-01-05
GTPL, EQ, 05-Jan-2023,134.7,135.8,146.8,133.65,142.55,143.3,142.76,505436,721.58,5547, 302657, 59.88,0.5988038050316954,2023-01-05
GUFICBIO, EQ, 05-Jan-2023,226.35,227.0,227.0,221.7,222.05,222.6,223.64,103005,230.36,3764, 59627, 57.89,0.5788748119023348,2023-01-05
GUJALKALI, EQ, 05-Jan-2023,768.05,766.5,773.45,751.4,754.8,754.1,760.74,66498,505.88,5870, 30034, 45.17,0.4516526812836476,2023-01-05
GUJAPOLLO, EQ, 05-Jan-2023,196.65,195.95,198.9,195.95,197.0,196.25,196.9,1247,2.46,123, 908, 72.81,0.7281475541299118,2023-01-05
GUJGASLTD, EQ, 05-Jan-2023,477.5,478.95,491.7,472.1,490.0,490.05,485.79,2056214,9988.85,23608, 1108925, 53.93,0.5393042747496126,2023-01-05
GUJRAFFIA, BE, 05-Jan-2023,36.45,36.5,36.5,35.15,35.45,35.45,35.41,1836,0.65,9, -, -,,2023-01-05
GULFOILLUB, EQ, 05-Jan-2023,428.65,428.1,432.0,426.4,432.0,430.5,429.26,6059,26.01,667, 3851, 63.56,0.6355834296088464,2023-01-05
GULFPETRO, EQ, 05-Jan-2023,42.85,43.0,43.55,42.6,42.8,42.9,42.98,56357,24.22,740, 27719, 49.18,0.49184662065049595,2023-01-05
GULPOLY, EQ, 05-Jan-2023,256.9,256.85,257.85,253.0,256.0,255.15,255.65,28525,72.93,1265, 19433, 68.13,0.6812620508326029,2023-01-05
GVKPIL, EQ, 05-Jan-2023,3.1,3.1,3.15,3.05,3.1,3.05,3.11,889515,27.63,886, 493390, 55.47,0.5546730521688785,2023-01-05
HAL, EQ, 05-Jan-2023,2481.95,2481.5,2518.45,2450.0,2517.0,2511.7,2485.92,645334,16042.52,40969, 274607, 42.55,0.42552693643911527,2023-01-05
HAPPSTMNDS, EQ, 05-Jan-2023,884.15,886.55,890.0,866.2,879.75,880.05,878.97,108683,955.29,12274, 49024, 45.11,0.45107330493269415,2023-01-05
HARDWYN, EQ, 05-Jan-2023,334.2,334.7,339.85,319.5,321.75,321.95,324.74,8364,27.16,595, 5292, 63.27,0.6327116212338594,2023-01-05
HARIOMPIPE, EQ, 05-Jan-2023,354.85,357.45,362.5,347.15,349.5,349.85,354.51,233596,828.12,7827, 52394, 22.43,0.22429322419904452,2023-01-05
HARRMALAYA, EQ, 05-Jan-2023,138.6,139.85,141.15,137.0,137.3,137.65,138.77,16006,22.21,609, 7216, 45.08,0.45083093839810073,2023-01-05
HARSHA, EQ, 05-Jan-2023,396.0,395.3,399.75,394.8,396.5,396.95,397.15,55823,221.7,4697, 34481, 61.77,0.6176844669759777,2023-01-05
HATHWAY, EQ, 05-Jan-2023,17.35,17.5,17.5,17.05,17.25,17.2,17.24,1234496,212.87,2265, 485438, 39.32,0.39322768158017524,2023-01-05
HATSUN, EQ, 05-Jan-2023,891.05,891.05,900.05,891.0,893.0,893.0,893.41,22878,204.39,1170, 19541, 85.41,0.8541393478450914,2023-01-05
HAVELLS, EQ, 05-Jan-2023,1148.75,1154.9,1171.5,1146.0,1167.1,1167.1,1156.32,2453274,28367.65,52566, 1803056, 73.50,0.7349590791733822,2023-01-05
HAVISHA, BE, 05-Jan-2023,2.15,2.2,2.2,2.1,2.15,2.15,2.13,41676,0.89,70, -, -,,2023-01-05
HBANKETF, EQ, 05-Jan-2023,432.27,432.26,433.85,426.9,429.0,429.34,430.29,323881,1393.64,405, 294613, 90.96,0.9096334764929095,2023-01-05
HBLPOWER, EQ, 05-Jan-2023,102.6,103.1,105.25,101.7,103.0,103.3,103.47,1551725,1605.52,8569, 410320, 26.44,0.2644282975398347,2023-01-05
HBSL, EQ, 05-Jan-2023,55.1,56.35,56.35,53.4,54.0,54.5,54.72,5545,3.03,193, 3602, 64.96,0.6495942290351668,2023-01-05
HCC, EQ, 05-Jan-2023,20.55,20.7,21.35,20.35,21.3,21.1,20.78,39436072,8196.03,20890, 10718772, 27.18,0.27180120778763156,2023-01-05
HCG, EQ, 05-Jan-2023,284.15,282.7,287.3,282.7,286.8,286.35,285.48,44207,126.2,2425, 18558, 41.98,0.41979776958400256,2023-01-05
HCL-INSYS, EQ, 05-Jan-2023,16.4,16.5,17.35,16.3,16.65,16.6,16.81,1855763,311.95,3481, 497111, 26.79,0.26787418436513716,2023-01-05
HCLTECH, EQ, 05-Jan-2023,1036.6,1041.8,1049.8,1033.1,1043.6,1044.1,1042.99,2294943,23935.96,77635, 1641855, 71.54,0.7154229974339232,2023-01-05
HDFC, EQ, 05-Jan-2023,2625.7,2638.0,2644.3,2606.2,2624.9,2621.6,2623.93,2910551,76370.82,130753, 2190634, 75.27,0.7526526764176268,2023-01-05
HDFCAMC, EQ, 05-Jan-2023,2181.0,2180.05,2205.0,2161.0,2200.0,2199.4,2190.88,156953,3438.66,11676, 69387, 44.21,0.44208775875580586,2023-01-05
HDFCBANK, EQ, 05-Jan-2023,1610.05,1615.0,1618.05,1589.4,1599.95,1599.7,1602.26,5470718,87655.09,193143, 3582675, 65.49,0.6548820465613472,2023-01-05
HDFCGROWTH, EQ, 05-Jan-2023,86.02,86.01,86.79,86.01,86.11,86.11,86.12,11886,10.24,30, 11493, 96.69,0.9669358909641596,2023-01-05
HDFCLIFE, EQ, 05-Jan-2023,598.6,600.0,612.4,598.0,607.2,609.45,607.39,5704967,34651.58,113608, 2742636, 48.07,0.4807452873960533,2023-01-05
HDFCLOWVOL, EQ, 05-Jan-2023,131.12,132.0,133.91,130.0,131.0,131.23,131.82,75,0.1,23, 50, 66.67,0.6666666666666666,2023-01-05
HDFCMFGETF, EQ, 05-Jan-2023,49.28,49.48,49.48,48.84,49.16,49.14,49.12,920067,451.9,1247, 632133, 68.71,0.6870510517168859,2023-01-05
HDFCMOMENT, EQ, 05-Jan-2023,192.32,194.6,197.0,192.0,192.15,192.15,193.15,320,0.62,25, 310, 96.88,0.96875,2023-01-05
HDFCNEXT50, EQ, 05-Jan-2023,420.0,420.01,422.99,419.3,422.8,422.29,422.35,412,1.74,18, 341, 82.77,0.8276699029126213,2023-01-05
HDFCNIF100, EQ, 05-Jan-2023,182.82,183.0,186.5,180.8,182.5,182.5,184.42,819,1.51,66, 536, 65.45,0.6544566544566545,2023-01-05
HDFCNIFETF, EQ, 05-Jan-2023,195.64,196.59,196.59,194.25,195.37,195.33,195.33,16058,31.37,454, 13699, 85.31,0.8530950305143854,2023-01-05
HDFCNIFIT, EQ, 05-Jan-2023,288.3,287.3,288.5,284.31,285.0,285.0,286.49,442,1.27,30, 434, 98.19,0.9819004524886877,2023-01-05
HDFCPVTBAN, EQ, 05-Jan-2023,217.6,218.0,219.64,214.39,215.15,215.15,216.31,186,0.4,45, 148, 79.57,0.7956989247311828,2023-01-05
HDFCQUAL, EQ, 05-Jan-2023,37.98,38.19,38.59,38.0,38.5,38.02,38.2,4905,1.87,57, 3818, 77.84,0.7783893985728848,2023-01-05
HDFCSENETF, EQ, 05-Jan-2023,661.3,666.99,672.0,654.0,656.9,656.83,658.72,4070,26.81,340, 2584, 63.49,0.634889434889435,2023-01-05
HDFCSILVER, EQ, 05-Jan-2023,68.63,67.84,67.84,66.4,66.96,67.0,67.12,273314,183.45,485, 230224, 84.23,0.842342507152945,2023-01-05
HDFCVALUE, EQ, 05-Jan-2023,89.57,90.8,92.0,89.9,89.96,90.02,90.8,349,0.32,42, 290, 83.09,0.830945558739255,2023-01-05
HDIL, BZ, 05-Jan-2023,5.55,5.8,5.8,5.8,5.8,5.8,5.8,342625,19.87,450, -, -,,2023-01-05
HEADSUP, EQ, 05-Jan-2023,16.35,16.4,16.8,16.15,16.15,16.25,16.3,134936,22.0,1542, 28039, 20.78,0.20779480642675047,2023-01-05
HEALTHY, EQ, 05-Jan-2023,8.05,8.08,8.19,8.07,8.15,8.16,8.12,34886,2.83,220, 20929, 59.99,0.5999254715358596,2023-01-05
HECPROJECT, EQ, 05-Jan-2023,54.55,51.85,51.85,51.85,51.85,51.85,51.85,1761,0.91,37, 1761, 100.00,1.0,2023-01-05
HEG, EQ, 05-Jan-2023,1053.2,1046.0,1066.35,1046.0,1063.0,1060.7,1057.09,130504,1379.54,8009, 48675, 37.30,0.37297707349966286,2023-01-05
HEIDELBERG, EQ, 05-Jan-2023,189.35,189.1,190.25,187.2,188.9,188.85,188.75,102675,193.79,2833, 47562, 46.32,0.46322863403944486,2023-01-05
HEMIPROP, EQ, 05-Jan-2023,110.05,110.7,110.8,107.55,108.6,108.45,109.22,654185,714.53,4200, 302835, 46.29,0.46291951053601044,2023-01-05
HERANBA, EQ, 05-Jan-2023,492.85,496.45,498.05,488.5,493.05,493.2,492.88,26669,131.45,3893, 16230, 60.86,0.6085717499718775,2023-01-05
HERCULES, EQ, 05-Jan-2023,215.65,216.0,216.7,211.85,215.0,214.9,214.43,36365,77.98,2143, 10870, 29.89,0.2989137907328475,2023-01-05
HERITGFOOD, EQ, 05-Jan-2023,369.45,373.2,374.95,362.05,370.85,371.3,369.02,137901,508.88,5764, 66538, 48.25,0.48250556558690655,2023-01-05
HEROMOTOCO, EQ, 05-Jan-2023,2709.3,2707.9,2771.1,2702.0,2757.9,2767.15,2748.81,258988,7119.1,25528, 119075, 45.98,0.45977033684958374,2023-01-05
HESTERBIO, EQ, 05-Jan-2023,1788.55,1800.0,1801.35,1784.05,1790.0,1793.25,1794.79,1060,19.02,260, 690, 65.09,0.6509433962264151,2023-01-05
HEXATRADEX, EQ, 05-Jan-2023,157.95,151.05,157.95,151.05,157.9,155.0,155.04,49216,76.3,175, 46138, 93.75,0.9374593628088427,2023-01-05
HFCL, EQ, 05-Jan-2023,74.45,74.85,75.0,73.4,74.7,74.4,74.2,5705596,4233.44,15635, 2194379, 38.46,0.3846011880266321,2023-01-05
HGINFRA, EQ, 05-Jan-2023,628.95,630.5,649.0,617.7,643.5,644.3,634.72,188483,1196.34,8464, 75919, 40.28,0.4027896415061305,2023-01-05
HGS, EQ, 05-Jan-2023,1314.1,1316.05,1327.95,1305.0,1315.0,1313.45,1313.36,15190,199.5,2675, 8634, 56.84,0.5684002633311389,2023-01-05
HIKAL, EQ, 05-Jan-2023,409.75,411.75,412.85,402.5,411.4,408.6,406.88,572434,2329.12,10319, 131813, 23.03,0.2302675941680613,2023-01-05
HIL, EQ, 05-Jan-2023,2695.65,2702.0,2719.35,2666.2,2690.0,2690.75,2693.98,8619,232.19,2265, 5395, 62.59,0.6259426847662142,2023-01-05
HILTON, EQ, 05-Jan-2023,65.7,66.0,68.0,65.9,68.0,67.5,66.96,124742,83.53,910, 87525, 70.16,0.7016482018886983,2023-01-05
HIMATSEIDE, EQ, 05-Jan-2023,81.6,82.0,82.05,80.6,81.2,80.95,81.22,301913,245.23,3200, 121264, 40.17,0.4016521315743277,2023-01-05
HINDALCO, EQ, 05-Jan-2023,461.5,463.25,467.45,458.65,465.2,465.7,463.31,7087634,32837.67,86673, 1950737, 27.52,0.27523105735990316,2023-01-05
HINDCOMPOS, EQ, 05-Jan-2023,301.6,301.6,305.0,297.0,305.0,300.6,300.26,2209,6.63,100, 1640, 74.24,0.7424173834314169,2023-01-05
HINDCON, EQ, 05-Jan-2023,90.65,92.6,92.6,89.25,90.0,90.85,90.76,9164,8.32,296, 6093, 66.49,0.6648843299869053,2023-01-05
HINDCOPPER, EQ, 05-Jan-2023,114.6,114.15,116.7,114.1,115.55,115.55,115.42,2875797,3319.21,21580, 603777, 21.00,0.20995118918338115,2023-01-05
HINDMOTORS, BE, 05-Jan-2023,17.15,17.15,17.5,16.9,17.1,17.05,17.03,209686,35.71,1115, -, -,,2023-01-05
HINDOILEXP, EQ, 05-Jan-2023,140.05,140.1,140.3,136.55,138.2,137.8,138.11,191601,264.63,3393, 79222, 41.35,0.4134738336438745,2023-01-05
HINDPETRO, EQ, 05-Jan-2023,241.0,243.7,248.85,241.45,245.7,245.95,244.77,5629668,13779.77,50307, 2195624, 39.00,0.39000949967209436,2023-01-05
HINDUNILVR, EQ, 05-Jan-2023,2536.1,2537.55,2591.95,2537.5,2585.75,2583.7,2569.64,2008493,51610.96,120887, 1214234, 60.45,0.6045497793619395,2023-01-05
HINDWAREAP, EQ, 05-Jan-2023,452.05,451.0,462.85,440.05,444.0,447.6,449.62,196653,884.18,14525, 87715, 44.60,0.4460394705394782,2023-01-05
HINDZINC, EQ, 05-Jan-2023,332.05,334.55,340.55,333.3,336.5,337.7,338.3,1187757,4018.23,26433, 479091, 40.34,0.40335775752110914,2023-01-05
HIRECT, EQ, 05-Jan-2023,232.05,234.9,234.9,227.0,230.75,230.65,230.89,11935,27.56,257, 10116, 84.76,0.8475911185588605,2023-01-05
HISARMETAL, EQ, 05-Jan-2023,140.25,139.2,148.0,139.2,140.5,141.9,141.91,16432,23.32,1121, 7023, 42.74,0.4273977604673807,2023-01-05
HITECH, EQ, 05-Jan-2023,849.75,847.0,874.7,835.0,850.0,847.35,847.54,72949,618.27,3221, 45375, 62.20,0.6220098973255288,2023-01-05
HITECHCORP, EQ, 05-Jan-2023,223.2,224.95,228.0,220.1,222.1,222.75,222.28,11677,25.96,1022, 5133, 43.96,0.4395820844394964,2023-01-05
HITECHGEAR, EQ, 05-Jan-2023,253.35,254.0,258.4,253.15,253.4,253.45,254.03,1367,3.47,73, 975, 71.32,0.7132406730065838,2023-01-05
HLEGLAS, EQ, 05-Jan-2023,654.65,665.0,668.0,638.5,643.8,642.9,646.83,19897,128.7,2912, 11650, 58.55,0.5855154043323114,2023-01-05
HLVLTD, EQ, 05-Jan-2023,11.75,11.9,11.95,11.55,11.85,11.8,11.73,201842,23.67,539, 123480, 61.18,0.6117656384696941,2023-01-05
HMT, BZ, 05-Jan-2023,34.55,34.6,35.5,33.5,34.4,34.4,33.52,311970,104.58,81, -, -,,2023-01-05
HMVL, EQ, 05-Jan-2023,56.65,56.65,56.8,55.1,55.5,55.6,55.93,40914,22.88,374, 27800, 67.95,0.6794740186733148,2023-01-05
HNDFDS, BE, 05-Jan-2023,595.8,597.0,604.8,567.15,582.95,580.8,579.77,30204,175.11,3168, -, -,,2023-01-05
HNGSNGBEES, EQ, 05-Jan-2023,301.72,305.36,308.01,301.72,307.8,307.33,305.96,37995,116.25,854, 26712, 70.30,0.7030398736675878,2023-01-05
HOMEFIRST, EQ, 05-Jan-2023,755.7,762.95,762.95,745.4,752.0,750.1,752.69,32783,246.75,6528, 18577, 56.67,0.5666656498795107,2023-01-05
HONAUT, EQ, 05-Jan-2023,40467.0,40675.0,40675.0,39648.05,39899.0,39873.45,39961.33,5075,2028.04,3403, 2311, 45.54,0.45536945812807883,2023-01-05
HONDAPOWER, EQ, 05-Jan-2023,2167.35,2178.0,2200.0,2101.2,2180.1,2164.0,2142.23,16037,343.55,4217, 5176, 32.28,0.3227536322254786,2023-01-05
HOVS, EQ, 05-Jan-2023,49.55,50.45,50.45,48.6,50.0,49.6,49.49,4770,2.36,115, 2854, 59.83,0.5983228511530398,2023-01-05
HPAL, EQ, 05-Jan-2023,406.9,408.0,408.0,390.0,391.0,392.15,399.97,209220,836.81,9107, 80384, 38.42,0.3842080107064334,2023-01-05
HPIL, EQ, 05-Jan-2023,104.15,110.0,110.0,100.35,106.0,105.25,106.34,5975,6.35,353, 2036, 34.08,0.3407531380753138,2023-01-05
HPL, EQ, 05-Jan-2023,102.4,103.7,111.1,101.0,107.8,107.65,107.21,1174382,1259.06,13302, 323054, 27.51,0.27508425708159695,2023-01-05
HSCL, EQ, 05-Jan-2023,97.85,98.15,98.5,96.1,97.7,97.3,97.26,1174086,1141.88,7446, 491710, 41.88,0.4188023705248167,2023-01-05
HTMEDIA, EQ, 05-Jan-2023,22.05,22.1,22.55,21.7,21.85,22.0,22.06,353802,78.05,994, 243626, 68.86,0.6885941854483582,2023-01-05
HUBTOWN, EQ, 05-Jan-2023,45.65,46.95,46.95,45.2,46.45,45.9,45.77,86238,39.47,638, 68155, 79.03,0.790312855121872,2023-01-05
HUDCO, EQ, 05-Jan-2023,51.85,52.15,52.65,50.9,52.35,52.4,51.74,6487438,3356.63,12746, 1486992, 22.92,0.2292109766598155,2023-01-05
HUHTAMAKI, EQ, 05-Jan-2023,201.1,202.15,203.4,198.6,202.8,201.5,201.48,49172,99.07,1132, 22961, 46.70,0.46695273733018794,2023-01-05
HYBRIDFIN, BE, 05-Jan-2023,19.8,18.85,18.85,18.85,18.85,18.85,18.85,6441,1.21,34, -, -,,2023-01-05
IBMFNIFTY, EQ, 05-Jan-2023,188.93,192.98,192.98,187.03,187.03,189.66,189.51,466,0.88,61, 390, 83.69,0.8369098712446352,2023-01-05
IBREALEST, EQ, 05-Jan-2023,80.55,80.95,81.0,77.3,78.1,77.8,78.99,8232276,6502.62,24915, 3036230, 36.88,0.36882023877722275,2023-01-05
IBULHSGFIN, EQ, 05-Jan-2023,145.45,146.0,146.25,140.85,144.2,144.05,143.8,14127561,20315.95,60086, 1740423, 12.32,0.12319345143864535,2023-01-05
ICDSLTD, BE, 05-Jan-2023,29.5,29.5,29.95,28.15,28.95,28.95,28.98,1561,0.45,22, -, -,,2023-01-05
ICEMAKE, EQ, 05-Jan-2023,290.25,300.0,300.0,277.15,287.45,287.95,286.59,28459,81.56,771, 20033, 70.39,0.7039249446572262,2023-01-05
ICICI10GS, EQ, 05-Jan-2023,206.95,207.25,207.25,206.85,207.14,207.14,207.14,4842,10.03,5, 4841, 99.98,0.9997934737711689,2023-01-05
ICICI500, EQ, 05-Jan-2023,25.89,25.75,26.2,25.61,25.97,25.74,25.87,53892,13.94,527, 37028, 68.71,0.6870778594225488,2023-01-05
ICICI5GSEC, EQ, 05-Jan-2023,50.86,50.86,51.9,50.26,51.25,51.23,51.25,17459,8.95,99, 15295, 87.61,0.8760524657769632,2023-01-05
ICICIALPLV, EQ, 05-Jan-2023,173.01,173.79,174.99,172.81,174.65,174.44,174.02,29988,52.19,258, 26058, 86.89,0.8689475790316127,2023-01-05
ICICIAUTO, EQ, 05-Jan-2023,126.66,129.18,129.18,126.67,127.6,127.53,127.24,3098,3.94,162, 1309, 42.25,0.42253066494512587,2023-01-05
ICICIB22, EQ, 05-Jan-2023,56.95,57.19,57.49,56.95,57.2,57.42,57.31,84162,48.24,1404, 58690, 69.73,0.6973455953993489,2023-01-05
ICICIBANK, EQ, 05-Jan-2023,899.1,900.9,903.0,872.0,878.7,879.15,882.76,16547196,146072.52,315266, 11944691, 72.19,0.7218558963101663,2023-01-05
ICICIBANKN, EQ, 05-Jan-2023,43.14,43.41,43.41,42.49,42.85,42.78,42.87,5329051,2284.83,1557, 4644561, 87.16,0.871554991686137,2023-01-05
ICICIBANKP, EQ, 05-Jan-2023,217.95,217.0,218.29,214.13,216.16,215.97,216.32,10505,22.72,181, 6009, 57.20,0.572013326987149,2023-01-05
ICICICOMMO, EQ, 05-Jan-2023,59.25,59.5,59.79,59.21,59.5,59.5,59.53,1040,0.62,23, 606, 58.27,0.5826923076923077,2023-01-05
ICICICONSU, EQ, 05-Jan-2023,75.64,76.0,78.0,75.7,76.4,76.04,76.01,3464,2.63,35, 3221, 92.98,0.9298498845265589,2023-01-05
ICICIFIN, EQ, 05-Jan-2023,16.9,18.95,18.95,16.65,16.99,16.73,17.05,22187,3.78,107, 12065, 54.38,0.5437869022400504,2023-01-05
ICICIFMCG, EQ, 05-Jan-2023,447.72,454.98,454.99,447.1,454.49,454.23,451.35,13353,60.27,228, 10401, 77.89,0.7789260840260616,2023-01-05
ICICIGI, EQ, 05-Jan-2023,1249.15,1258.0,1281.3,1246.6,1280.0,1277.0,1269.0,671500,8521.32,31610, 394206, 58.71,0.5870528667163067,2023-01-05
ICICIGOLD, EQ, 05-Jan-2023,49.46,49.77,49.77,48.95,49.06,49.09,49.11,427194,209.79,2188, 292841, 68.55,0.6854988600027154,2023-01-05
ICICIINFRA, EQ, 05-Jan-2023,53.36,53.0,53.77,53.0,53.77,53.74,53.5,1792,0.96,44, 601, 33.54,0.3353794642857143,2023-01-05
ICICILIQ, EQ, 05-Jan-2023,999.99,1000.75,1000.75,999.6,1000.0,999.99,1000.0,632722,6327.22,827, 385732, 60.96,0.6096389883708802,2023-01-05
ICICILOVOL, EQ, 05-Jan-2023,141.67,142.96,143.61,141.76,143.35,142.65,142.59,48078,68.56,611, 36160, 75.21,0.7521111527101793,2023-01-05
ICICIM150, EQ, 05-Jan-2023,121.06,122.0,122.0,120.71,121.94,121.69,121.14,29335,35.54,316, 24316, 82.89,0.8289074484404295,2023-01-05
ICICIMCAP, EQ, 05-Jan-2023,99.29,104.92,104.92,98.5,99.1,99.08,99.15,8987,8.91,297, 5884, 65.47,0.6547234894848114,2023-01-05
ICICIMOM30, EQ, 05-Jan-2023,19.47,19.88,19.88,19.42,19.42,19.63,19.54,19544,3.82,51, 8388, 42.92,0.42918542775276297,2023-01-05
ICICINF100, EQ, 05-Jan-2023,198.8,219.1,219.1,197.31,198.55,198.53,198.56,2476,4.92,260, 1536, 62.04,0.6203554119547657,2023-01-05
ICICINIFTY, EQ, 05-Jan-2023,196.56,201.8,201.8,194.89,196.41,196.12,195.64,136723,267.49,3416, 78831, 57.66,0.5765745339116315,2023-01-05
ICICINV20, EQ, 05-Jan-2023,98.73,99.46,99.59,98.51,99.14,99.08,99.14,8903,8.83,711, 6014, 67.55,0.675502639559699,2023-01-05
ICICINXT50, EQ, 05-Jan-2023,43.18,43.8,43.8,43.01,43.59,43.36,43.26,54485,23.57,1033, 26683, 48.97,0.489731118656511,2023-01-05
ICICIPHARM, EQ, 05-Jan-2023,80.84,80.61,81.78,80.61,81.75,81.62,81.2,5075,4.12,110, 2823, 55.63,0.556256157635468,2023-01-05
ICICIPRULI, EQ, 05-Jan-2023,468.75,469.9,472.45,465.3,472.0,471.7,469.46,1070708,5026.56,34005, 415117, 38.77,0.3877032767103636,2023-01-05
ICICISENSX, EQ, 05-Jan-2023,669.16,669.41,672.94,663.0,665.0,664.9,664.99,3735,24.84,195, 2257, 60.43,0.6042838018741633,2023-01-05
ICICISILVE, EQ, 05-Jan-2023,71.33,70.9,70.94,68.6,69.55,69.52,69.61,461182,321.03,1737, 263286, 57.09,0.5708939204045258,2023-01-05
ICICITECH, EQ, 05-Jan-2023,29.85,30.19,30.19,29.52,29.58,29.61,29.76,194270,57.81,640, 149843, 77.13,0.7713131209141916,2023-01-05
ICIL, EQ, 05-Jan-2023,136.9,137.95,137.95,133.6,136.0,135.65,135.36,111729,151.23,2680, 48837, 43.71,0.43710227425287973,2023-01-05
ICRA, EQ, 05-Jan-2023,4821.65,4830.0,5074.0,4770.65,4886.0,4867.1,4871.35,17586,856.68,3720, 8505, 48.36,0.4836233367451382,2023-01-05
IDBI, EQ, 05-Jan-2023,54.65,54.8,55.4,53.65,54.85,54.75,54.65,11120438,6077.85,26768, 3186570, 28.66,0.2865507635580541,2023-01-05
IDBIGOLD, EQ, 05-Jan-2023,5121.75,5184.0,5184.0,5079.1,5082.0,5093.8,5124.3,121,6.2,51, 89, 73.55,0.7355371900826446,2023-01-05
IDEA, EQ, 05-Jan-2023,7.8,7.85,7.95,7.7,7.9,7.9,7.84,97595157,7655.54,59707, 26376973, 27.03,0.270269281907093,2023-01-05
IDFC, EQ, 05-Jan-2023,83.15,83.35,84.35,82.4,84.2,84.0,83.39,8172182,6814.51,35747, 2742888, 33.56,0.335637165202635,2023-01-05
IDFCFIRSTB, EQ, 05-Jan-2023,60.2,60.55,60.8,59.3,60.4,60.35,60.06,25828441,15512.82,67614, 6528883, 25.28,0.25277882625590914,2023-01-05
IDFNIFTYET, EQ, 05-Jan-2023,191.4,199.0,199.0,190.31,191.4,191.22,191.76,2830,5.43,34, 2038, 72.01,0.7201413427561838,2023-01-05
IEL, BE, 05-Jan-2023,13.7,13.3,14.35,13.15,14.35,14.35,14.28,140208,20.02,355, -, -,,2023-01-05
IEX, EQ, 05-Jan-2023,140.5,141.0,141.2,138.8,140.75,140.45,140.03,2394369,3352.82,28618, 790610, 33.02,0.33019555465343897,2023-01-05
IFBAGRO, EQ, 05-Jan-2023,539.7,535.05,545.15,535.05,538.0,539.0,541.3,1021,5.53,153, 506, 49.56,0.49559255631733595,2023-01-05
IFBIND, EQ, 05-Jan-2023,907.5,913.0,969.0,910.05,918.1,921.1,945.03,336804,3182.89,20502, 13635, 4.05,0.040483485944347454,2023-01-05
IFCI, EQ, 05-Jan-2023,13.85,13.9,14.25,13.7,14.2,14.1,13.91,10297355,1432.57,7218, 2196511, 21.33,0.2133082718814686,2023-01-05
IFGLEXPOR, EQ, 05-Jan-2023,263.2,267.0,269.9,262.0,267.1,267.2,266.27,21244,56.57,894, 13896, 65.41,0.654114102805498,2023-01-05
IGARASHI, EQ, 05-Jan-2023,406.05,413.95,413.95,404.4,407.0,407.8,407.27,14475,58.95,1429, 6981, 48.23,0.482279792746114,2023-01-05
IGL, EQ, 05-Jan-2023,417.1,417.45,422.4,414.0,420.55,421.6,419.07,994183,4166.35,26503, 464213, 46.69,0.4669291267301895,2023-01-05
IGPL, EQ, 05-Jan-2023,517.75,517.75,522.5,515.1,515.25,519.0,519.82,10741,55.83,514, 7576, 70.53,0.7053346988176148,2023-01-05
IIFL, EQ, 05-Jan-2023,462.1,464.45,473.8,460.4,465.2,466.65,466.65,234338,1093.53,7646, 85214, 36.36,0.363637139516425,2023-01-05
IIFLSEC, EQ, 05-Jan-2023,65.3,65.3,66.5,64.05,66.0,65.35,64.83,256913,166.56,2547, 138447, 53.89,0.5388867048378245,2023-01-05
IIFLWAM, EQ, 05-Jan-2023,1778.9,1778.3,1805.35,1749.1,1792.75,1789.9,1778.43,53660,954.31,4970, 40222, 74.96,0.7495713753261275,2023-01-05
IITL, EQ, 05-Jan-2023,80.65,81.0,81.8,78.0,78.05,78.65,79.28,7237,5.74,156, 5015, 69.30,0.6929666989083875,2023-01-05
IL&FSENGG, BZ, 05-Jan-2023,15.0,15.5,15.5,14.45,14.75,14.9,14.79,6783,1.0,40, -, -,,2023-01-05
IL&FSTRANS, BZ, 05-Jan-2023,4.3,4.45,4.45,4.2,4.35,4.3,4.29,26917,1.15,58, -, -,,2023-01-05
IMAGICAA, EQ, 05-Jan-2023,39.2,39.5,41.15,38.1,41.05,41.1,40.32,765539,308.65,2335, 508369, 66.41,0.6640667555800553,2023-01-05
IMFA, EQ, 05-Jan-2023,273.05,273.6,278.3,271.05,276.95,276.0,274.98,101664,279.56,5475, 43642, 42.93,0.4292768334907145,2023-01-05
IMPAL, EQ, 05-Jan-2023,728.1,727.5,735.35,726.0,732.0,730.25,729.96,928,6.77,126, 672, 72.41,0.7241379310344828,2023-01-05
INCREDIBLE, EQ, 05-Jan-2023,23.2,23.65,27.8,22.8,27.8,27.8,26.82,191296,51.3,842, 115154, 60.20,0.601967631314821,2023-01-05
INDBANK, EQ, 05-Jan-2023,32.55,32.45,32.55,31.4,32.0,31.85,32.07,269340,86.39,1131, 99540, 36.96,0.36957006014702604,2023-01-05
INDHOTEL, EQ, 05-Jan-2023,314.6,315.0,316.0,309.65,314.15,314.45,313.25,2130168,6672.85,35339, 1064949, 49.99,0.49993662471692374,2023-01-05
INDIACEM, EQ, 05-Jan-2023,219.55,220.65,221.7,217.95,220.5,220.7,219.74,1898964,4172.83,15252, 154950, 8.16,0.08159712348417347,2023-01-05
INDIAGLYCO, EQ, 05-Jan-2023,762.65,764.35,769.15,748.0,750.2,751.0,754.82,19545,147.53,1773, 12725, 65.11,0.651061652596572,2023-01-05
INDIAMART, EQ, 05-Jan-2023,4359.95,4385.0,4385.0,4316.9,4356.5,4368.05,4356.33,25914,1128.9,5587, 7075, 27.30,0.27301844562784594,2023-01-05
INDIANB, EQ, 05-Jan-2023,295.45,297.3,298.95,291.4,294.45,294.7,295.3,1507383,4451.32,21768, 379825, 25.20,0.25197643863570174,2023-01-05
INDIANCARD, EQ, 05-Jan-2023,233.05,239.7,239.7,228.0,238.0,237.65,236.51,13891,32.85,485, 11793, 84.90,0.8489669570225326,2023-01-05
INDIANHUME, EQ, 05-Jan-2023,149.65,150.7,152.15,147.7,150.0,149.75,149.85,22801,34.17,923, 9925, 43.53,0.4352879259681593,2023-01-05
INDIGO, EQ, 05-Jan-2023,2003.1,2023.95,2041.45,2015.0,2033.05,2037.55,2030.21,849893,17254.58,38545, 298667, 35.14,0.3514171783977513,2023-01-05
INDIGOPNTS, EQ, 05-Jan-2023,1299.05,1297.05,1305.85,1295.0,1303.0,1302.15,1299.9,9980,129.73,1916, 5084, 50.94,0.5094188376753507,2023-01-05
INDLMETER, BZ, 05-Jan-2023,6.4,6.55,6.55,6.35,6.4,6.4,6.49,5400,0.35,29, -, -,,2023-01-05
INDNIPPON, EQ, 05-Jan-2023,392.75,398.6,398.8,387.05,397.4,396.45,394.72,13351,52.7,931, 6193, 46.39,0.4638603849898884,2023-01-05
INDOAMIN, EQ, 05-Jan-2023,91.25,91.5,109.5,91.5,109.5,109.5,105.0,1103195,1158.39,15783, 307879, 27.91,0.27907940119380525,2023-01-05
INDOBORAX, EQ, 05-Jan-2023,133.7,135.7,136.05,133.0,135.0,134.55,134.4,18286,24.58,954, 10550, 57.69,0.5769441102482774,2023-01-05
INDOCO, EQ, 05-Jan-2023,398.65,399.05,405.75,393.25,396.0,396.8,396.91,51991,206.36,3938, 20381, 39.20,0.3920101556038545,2023-01-05
INDORAMA, EQ, 05-Jan-2023,60.0,60.0,60.3,58.55,59.4,58.85,59.39,39809,23.64,508, 19145, 48.09,0.4809213996834887,2023-01-05
INDOSTAR, BE, 05-Jan-2023,154.8,153.8,162.45,153.8,162.0,162.05,157.75,150780,237.85,278, -, -,,2023-01-05
INDOTECH, EQ, 05-Jan-2023,184.6,187.0,193.0,183.5,190.0,189.95,189.32,15949,30.19,708, 9865, 61.85,0.618534077371622,2023-01-05
INDOTHAI, BE, 05-Jan-2023,320.05,320.0,327.95,312.0,323.9,323.9,321.59,703,2.26,37, -, -,,2023-01-05
INDRAMEDCO, BE, 05-Jan-2023,83.25,82.1,83.8,81.5,82.4,81.85,82.57,71368,58.93,744, -, -,,2023-01-05
INDSWFTLAB, EQ, 05-Jan-2023,66.8,66.9,68.25,65.4,66.25,66.0,66.48,56443,37.52,711, 39315, 69.65,0.6965434154811049,2023-01-05
INDSWFTLTD, EQ, 05-Jan-2023,11.55,12.25,12.25,11.35,11.5,11.55,11.55,19363,2.24,180, 9917, 51.22,0.5121623715333368,2023-01-05
INDTERRAIN, EQ, 05-Jan-2023,72.85,73.5,73.55,71.3,72.0,71.95,72.0,207870,149.66,2673, 80895, 38.92,0.3891614951652475,2023-01-05
INDUSINDBK, EQ, 05-Jan-2023,1223.1,1229.25,1232.5,1203.8,1215.0,1215.85,1216.61,2364186,28762.97,100477, 969594, 41.01,0.41011747806644655,2023-01-05
INDUSTOWER, EQ, 05-Jan-2023,185.35,185.95,187.8,185.8,186.95,186.45,186.64,1220510,2277.96,20085, 659631, 54.05,0.5404552195393729,2023-01-05
INEOSSTYRO, EQ, 05-Jan-2023,790.65,793.35,820.5,787.25,815.5,815.95,807.15,28643,231.19,3823, 17198, 60.04,0.6004259330377405,2023-01-05
INFIBEAM, EQ, 05-Jan-2023,16.4,16.5,16.65,15.95,16.2,16.25,16.28,5077529,826.46,5679, 1865834, 36.75,0.3674689007192278,2023-01-05
INFOBEAN, EQ, 05-Jan-2023,518.3,519.0,523.9,503.05,511.5,510.1,512.15,10893,55.79,1332, 5152, 47.30,0.47296428899293125,2023-01-05
INFOMEDIA, EQ, 05-Jan-2023,5.55,5.75,5.8,5.5,5.7,5.6,5.69,21908,1.25,86, 17506, 79.91,0.799068833302903,2023-01-05
INFRABEES, EQ, 05-Jan-2023,546.46,553.99,553.99,541.85,549.23,547.33,545.53,2565,13.99,200, 1200, 46.78,0.4678362573099415,2023-01-05
INFY, EQ, 05-Jan-2023,1494.8,1505.9,1505.9,1469.25,1475.6,1475.2,1481.4,9868404,146190.78,294920, 7577717, 76.79,0.7678766495575171,2023-01-05
INGERRAND, EQ, 05-Jan-2023,1933.15,1942.85,1961.0,1924.45,1931.1,1938.35,1943.82,15606,303.35,2047, 6734, 43.15,0.43150070485710623,2023-01-05
INOXGREEN, EQ, 05-Jan-2023,46.15,46.4,47.6,45.1,45.3,45.5,46.19,887742,410.02,8753, 380146, 42.82,0.42821675667029385,2023-01-05
INOXLEISUR, EQ, 05-Jan-2023,493.0,496.2,496.45,483.6,488.4,487.0,485.64,360631,1751.37,14936, 262308, 72.74,0.7273584356308803,2023-01-05
INOXWIND, EQ, 05-Jan-2023,106.3,106.3,108.7,105.25,108.3,107.7,106.88,150380,160.72,3289, 63388, 42.15,0.4215188189918872,2023-01-05
INSECTICID, EQ, 05-Jan-2023,724.7,728.35,732.5,709.25,715.0,714.8,714.48,21523,153.78,2446, 13202, 61.34,0.613390326627329,2023-01-05
INSPIRISYS, EQ, 05-Jan-2023,60.05,61.05,61.9,58.9,59.0,60.15,60.21,5249,3.16,131, 2116, 40.31,0.40312440464850446,2023-01-05
INTELLECT, EQ, 05-Jan-2023,438.8,440.0,440.45,426.3,429.95,428.85,430.67,251346,1082.48,8484, 83204, 33.10,0.33103371448123303,2023-01-05
INTENTECH, EQ, 05-Jan-2023,68.9,69.45,69.7,68.2,68.5,68.65,68.72,21418,14.72,320, 13433, 62.72,0.6271827434867868,2023-01-05
INTLCONV, EQ, 05-Jan-2023,57.2,57.15,57.5,56.5,56.8,57.05,57.04,31651,18.05,349, 17958, 56.74,0.5673754383747749,2023-01-05
INVENTURE, EQ, 05-Jan-2023,2.7,2.65,2.7,2.65,2.7,2.65,2.65,1693155,44.95,1112, 1046523, 61.81,0.6180904878761838,2023-01-05
IOB, EQ, 05-Jan-2023,31.75,32.0,32.3,31.15,31.7,31.55,31.53,53331692,16817.13,32198, 3512714, 6.59,0.06586541450813149,2023-01-05
IOC, EQ, 05-Jan-2023,78.1,78.75,79.25,78.35,79.2,79.1,78.85,14449439,11393.98,48670, 6297113, 43.58,0.4358032862037066,2023-01-05
IOLCP, EQ, 05-Jan-2023,366.6,368.8,371.95,364.0,365.75,366.45,367.84,191632,704.9,7714, 52410, 27.35,0.27349294481088754,2023-01-05
IONEXCHANG, EQ, 05-Jan-2023,2786.7,2814.55,2839.8,2765.0,2765.0,2780.95,2792.81,13405,374.38,2857, 6146, 45.85,0.4584856396866841,2023-01-05
IPCALAB, EQ, 05-Jan-2023,855.75,855.7,863.85,850.65,855.0,858.35,857.33,115624,991.28,4628, 27558, 23.83,0.23834152079153118,2023-01-05
IPL, EQ, 05-Jan-2023,244.2,253.0,253.0,243.7,247.7,249.95,247.29,130939,323.8,3766, 41330, 31.56,0.3156431620831074,2023-01-05
IRB, EQ, 05-Jan-2023,319.5,321.5,323.9,306.0,307.0,308.05,310.65,8953721,27814.66,66503, 1882935, 21.03,0.21029636728685203,2023-01-05
IRCON, EQ, 05-Jan-2023,60.9,61.3,61.3,59.15,60.2,60.05,59.87,6753919,4043.72,16370, 1871095, 27.70,0.2770384128089188,2023-01-05
IRCTC, EQ, 05-Jan-2023,635.2,638.4,638.4,631.5,637.25,637.15,635.33,861066,5470.63,24341, 293640, 34.10,0.3410191553260726,2023-01-05
IRFC, EQ, 05-Jan-2023,33.25,33.45,33.65,32.2,32.95,32.75,32.82,45698294,14998.67,56119, 10763542, 23.55,0.2355348757658218,2023-01-05
IRIS, EQ, 05-Jan-2023,78.5,80.0,82.45,79.05,81.5,81.75,81.24,28216,22.92,649, 14369, 50.93,0.5092500708817692,2023-01-05
IRISDOREME, EQ, 05-Jan-2023,250.25,255.0,255.0,247.25,250.0,251.5,250.03,13280,33.2,178, 2327, 17.52,0.17522590361445783,2023-01-05
ISEC, EQ, 05-Jan-2023,493.4,495.0,508.9,493.05,500.1,500.05,497.67,1204476,5994.35,8923, 1095119, 90.92,0.9092078214924997,2023-01-05
ISFT, EQ, 05-Jan-2023,153.4,154.0,164.7,154.0,159.5,159.6,159.51,54966,87.67,1880, 30345, 55.21,0.5520685514681803,2023-01-05
ISGEC, EQ, 05-Jan-2023,472.65,477.0,477.0,471.1,472.5,473.65,473.39,13802,65.34,1048, 7961, 57.68,0.5768004637009129,2023-01-05
ISMTLTD, EQ, 05-Jan-2023,56.3,56.7,57.7,54.55,55.15,55.15,56.28,680366,382.92,4682, 296361, 43.56,0.43559054979231765,2023-01-05
ITBEES, EQ, 05-Jan-2023,29.89,30.0,30.03,29.6,29.74,29.73,29.74,2083144,619.55,9610, 1601863, 76.90,0.76896412345954,2023-01-05
ITC, EQ, 05-Jan-2023,327.0,328.65,333.9,328.2,333.6,333.45,332.2,8171437,27145.47,134902, 4660291, 57.03,0.5703147439061208,2023-01-05
ITDC, EQ, 05-Jan-2023,351.3,352.7,354.35,348.8,351.0,350.5,350.83,10639,37.32,526, 5349, 50.28,0.5027728169940784,2023-01-05
ITDCEM, EQ, 05-Jan-2023,122.45,123.05,123.05,120.7,122.0,121.95,121.51,392117,476.47,4983, 185018, 47.18,0.4718438629286667,2023-01-05
ITI, EQ, 05-Jan-2023,104.1,104.9,104.95,103.2,104.45,104.0,104.0,120737,125.56,2400, 40697, 33.71,0.33707148595708025,2023-01-05
IVC, EQ, 05-Jan-2023,7.55,7.55,7.6,7.35,7.45,7.45,7.46,206028,15.37,494, 112644, 54.67,0.546741219640049,2023-01-05
IVP, EQ, 05-Jan-2023,129.25,129.35,141.0,128.15,135.1,136.3,136.9,64716,88.6,1830, 21053, 32.53,0.3253136782248594,2023-01-05
IVZINGOLD, EQ, 05-Jan-2023,5038.2,5022.6,5022.6,4961.0,4961.0,4968.6,4984.7,161,8.03,35, 143, 88.82,0.8881987577639752,2023-01-05
IVZINNIFTY, EQ, 05-Jan-2023,2006.1,1993.5,1993.5,1971.1,1971.1,1971.1,1987.0,4,0.08,3, 2, 50.00,0.5,2023-01-05
IWEL, EQ, 05-Jan-2023,975.4,965.55,980.9,949.05,950.0,950.25,956.81,3241,31.01,257, 2882, 88.92,0.8892317186053688,2023-01-05
IZMO, EQ, 05-Jan-2023,76.55,75.35,77.2,73.85,73.85,74.05,74.68,22503,16.81,438, 14797, 65.76,0.6575567702084166,2023-01-05
J&KBANK, EQ, 05-Jan-2023,56.25,56.55,57.15,55.5,56.55,56.35,56.17,5303758,2979.23,9346, 1113197, 20.99,0.2098883470927595,2023-01-05
JAGRAN, EQ, 05-Jan-2023,75.4,75.4,76.9,74.45,75.35,75.4,75.45,598897,451.89,6924, 308048, 51.44,0.5143588964379517,2023-01-05
JAGSNPHARM, EQ, 05-Jan-2023,364.85,368.45,375.0,366.85,373.9,371.45,370.95,11742,43.56,874, 5401, 46.00,0.4599727474024868,2023-01-05
JAIBALAJI, EQ, 05-Jan-2023,54.8,55.2,56.7,54.3,54.65,54.55,55.04,359067,197.62,1445, 233692, 65.08,0.6508311819242648,2023-01-05
JAICORPLTD, EQ, 05-Jan-2023,146.45,146.5,147.15,143.0,144.6,144.95,144.91,799641,1158.72,8414, 192527, 24.08,0.24076679409885185,2023-01-05
JAIPURKURT, BE, 05-Jan-2023,100.25,103.0,103.45,95.65,102.5,102.7,101.05,32645,32.99,39, -, -,,2023-01-05
JAMNAAUTO, EQ, 05-Jan-2023,106.8,107.3,107.45,104.35,105.0,104.95,105.68,426086,450.28,4533, 234104, 54.94,0.5494289885140559,2023-01-05
JASH, EQ, 05-Jan-2023,861.4,861.0,878.0,850.0,863.15,858.55,864.72,2255,19.5,187, 1461, 64.79,0.6478935698447894,2023-01-05
JAYAGROGN, EQ, 05-Jan-2023,179.45,180.55,181.0,177.1,178.1,178.55,178.66,17733,31.68,775, 12847, 72.45,0.7244685050470874,2023-01-05
JAYBARMARU, EQ, 05-Jan-2023,162.6,164.35,164.35,160.0,162.0,161.2,161.12,11332,18.26,617, 4607, 40.65,0.40654782915637133,2023-01-05
JAYNECOIND, EQ, 05-Jan-2023,25.25,25.3,25.7,24.9,25.05,25.0,25.14,79350,19.95,468, 57016, 71.85,0.7185381222432262,2023-01-05
JAYSREETEA, EQ, 05-Jan-2023,97.1,98.0,98.35,96.0,96.5,96.55,96.67,48258,46.65,1018, 22355, 46.32,0.4632392556674541,2023-01-05
JBCHEPHARM, EQ, 05-Jan-2023,1986.75,1996.7,2017.05,1948.0,1992.0,1994.05,1998.18,18510,369.86,4778, 9375, 50.65,0.506482982171799,2023-01-05
JBFIND, EQ, 05-Jan-2023,9.0,9.0,9.05,8.85,8.95,8.9,8.95,46623,4.17,151, 35727, 76.63,0.7662956051734122,2023-01-05
JBMA, EQ, 05-Jan-2023,522.65,526.8,557.8,518.95,548.1,547.8,546.93,1946804,10647.6,49049, 332766, 17.09,0.17092937963965557,2023-01-05
JCHAC, EQ, 05-Jan-2023,1138.3,1140.0,1148.75,1120.0,1142.4,1134.95,1135.15,4184,47.49,962, 1944, 46.46,0.4646271510516252,2023-01-05
JETAIRWAYS, BZ, 05-Jan-2023,70.9,73.95,73.95,71.0,71.7,71.45,71.93,22537,16.21,381, -, -,,2023-01-05
JETFREIGHT, EQ, 05-Jan-2023,20.25,20.6,20.6,19.15,20.15,20.0,19.81,79914,15.83,703, 38873, 48.64,0.48643541807443,2023-01-05
JHS, EQ, 05-Jan-2023,22.1,22.2,22.4,21.45,21.75,21.7,21.73,202704,44.05,571, 123417, 60.89,0.6088533033388587,2023-01-05
JINDALPHOT, EQ, 05-Jan-2023,339.1,342.0,342.0,327.35,329.7,328.75,332.79,12066,40.15,706, 8151, 67.55,0.6755345599204375,2023-01-05
JINDALPOLY, EQ, 05-Jan-2023,782.2,790.0,791.5,770.05,774.3,774.55,779.43,21470,167.34,2684, 11271, 52.50,0.5249650675360968,2023-01-05
JINDALSAW, EQ, 05-Jan-2023,107.35,107.95,114.5,107.0,113.25,113.7,111.47,7391137,8239.07,38049, 2424573, 32.80,0.32803789186968124,2023-01-05
JINDALSTEL, EQ, 05-Jan-2023,585.55,589.0,595.5,580.1,593.6,593.55,589.2,3141675,18510.87,56685, 552573, 17.59,0.17588483850175463,2023-01-05
JINDRILL, EQ, 05-Jan-2023,286.05,288.0,303.25,286.3,294.0,293.55,296.74,98675,292.81,5281, 32737, 33.18,0.33176589815049407,2023-01-05
JINDWORLD, EQ, 05-Jan-2023,460.5,463.0,473.4,433.9,451.0,445.8,450.91,659921,2975.67,21667, 140716, 21.32,0.21323158378048282,2023-01-05
JISLDVREQS, EQ, 05-Jan-2023,18.85,19.2,19.2,18.65,18.75,18.8,18.76,48123,9.03,278, 25620, 53.24,0.5323857614861917,2023-01-05
JISLJALEQS, EQ, 05-Jan-2023,32.55,32.75,32.9,32.1,32.3,32.25,32.4,1728763,560.05,2977, 926894, 53.62,0.5361602486864886,2023-01-05
JITFINFRA, BE, 05-Jan-2023,114.8,111.1,115.75,111.1,114.85,112.15,112.06,17100,19.16,78, -, -,,2023-01-05
JKCEMENT, EQ, 05-Jan-2023,2913.4,2933.0,2956.75,2871.0,2880.0,2884.3,2898.66,144840,4198.42,14112, 92846, 64.10,0.6410245788456228,2023-01-05
JKIL, EQ, 05-Jan-2023,270.7,270.5,273.6,266.8,272.45,271.75,270.51,123352,333.68,4542, 44777, 36.30,0.36300181594137104,2023-01-05
JKLAKSHMI, EQ, 05-Jan-2023,781.0,784.3,799.0,770.0,773.9,774.2,778.19,350906,2730.72,16044, 223051, 63.56,0.6356431636962605,2023-01-05
JKPAPER, EQ, 05-Jan-2023,413.5,414.95,424.6,413.6,417.95,416.6,418.0,598005,2499.64,14920, 135800, 22.71,0.22708840227088403,2023-01-05
JKTYRE, EQ, 05-Jan-2023,185.55,186.35,199.0,185.6,198.3,197.85,193.55,10455096,20235.37,67025, 1949001, 18.64,0.1864163657607735,2023-01-05
JMA, EQ, 05-Jan-2023,69.15,69.1,69.9,69.0,69.8,69.65,69.5,6093,4.23,116, 4336, 71.16,0.7116363039553586,2023-01-05
JMCPROJECT, EQ, 05-Jan-2023,134.5,133.3,135.55,128.35,131.0,131.0,131.21,300724,394.57,6208, 150320, 49.99,0.49986033705324484,2023-01-05
JMFINANCIL, EQ, 05-Jan-2023,71.4,71.95,73.0,71.0,71.75,71.7,71.88,541401,389.13,3630, 234918, 43.39,0.43390758421207204,2023-01-05
JOCIL, EQ, 05-Jan-2023,194.9,195.3,201.0,191.5,200.0,199.75,198.5,19624,38.95,477, 15783, 80.43,0.8042702812882185,2023-01-05
JPASSOCIAT, EQ, 05-Jan-2023,10.75,10.8,10.95,10.4,10.6,10.5,10.62,9975202,1059.66,8369, 5171397, 51.84,0.5184252910367129,2023-01-05
JPOLYINVST, EQ, 05-Jan-2023,444.4,457.05,458.75,449.0,452.0,452.8,452.66,4692,21.24,386, 3130, 66.71,0.6670929241261722,2023-01-05
JPPOWER, EQ, 05-Jan-2023,7.45,7.5,7.55,7.3,7.5,7.45,7.42,28125897,2088.24,11578, 9824912, 34.93,0.3493190634951127,2023-01-05
JSL, EQ, 05-Jan-2023,240.35,241.9,241.9,234.05,236.5,237.65,237.66,814322,1935.32,11766, 336035, 41.27,0.41265617286527934,2023-01-05
JSLHISAR, EQ, 05-Jan-2023,438.15,440.0,447.8,436.5,439.0,439.95,440.87,100191,441.71,4797, 48226, 48.13,0.4813406393787865,2023-01-05
JSWENERGY, EQ, 05-Jan-2023,284.45,284.9,285.8,278.3,281.3,281.0,281.43,321335,904.32,7981, 89522, 27.86,0.278593990695069,2023-01-05
JSWHL, EQ, 05-Jan-2023,4327.3,4315.5,4408.7,4315.5,4408.7,4380.9,4370.83,946,41.35,390, 471, 49.79,0.4978858350951374,2023-01-05
JSWISPL, EQ, 05-Jan-2023,31.45,31.4,32.05,31.25,32.0,32.0,31.73,825664,262.0,1598, 379667, 45.98,0.45983232888923337,2023-01-05
JSWSTEEL, EQ, 05-Jan-2023,736.3,741.85,752.85,736.55,750.0,750.7,745.27,2452379,18276.74,66502, 745073, 30.38,0.30381641663054526,2023-01-05
JTEKTINDIA, EQ, 05-Jan-2023,142.9,143.95,145.65,140.75,144.05,143.55,142.89,172887,247.03,3892, 63927, 36.98,0.36976175189574695,2023-01-05
JTLIND, EQ, 05-Jan-2023,301.9,302.0,304.75,299.3,299.55,300.35,302.02,168541,509.02,2236, 118930, 70.56,0.7056443239330489,2023-01-05
JUBLFOOD, EQ, 05-Jan-2023,499.3,501.0,505.45,492.6,504.1,503.8,498.19,2849377,14195.2,83917, 1593669, 55.93,0.559304367235364,2023-01-05
JUBLINDS, EQ, 05-Jan-2023,402.1,401.5,404.1,396.85,401.5,399.95,400.33,4633,18.55,266, 3844, 82.97,0.8296999784157134,2023-01-05
JUBLINGREA, EQ, 05-Jan-2023,534.25,535.6,539.9,525.0,525.5,527.1,530.81,213612,1133.88,11152, 110692, 51.82,0.5181918618804187,2023-01-05
JUBLPHARMA, EQ, 05-Jan-2023,355.65,356.9,362.2,351.1,353.9,354.35,355.45,80726,286.94,4723, 42201, 52.28,0.5227683769789163,2023-01-05
JUNIORBEES, EQ, 05-Jan-2023,443.37,445.44,446.86,441.53,446.55,445.94,444.34,170951,759.6,8414, 75011, 43.88,0.43878655287187557,2023-01-05
JUSTDIAL, EQ, 05-Jan-2023,597.55,595.0,599.9,589.0,599.9,596.45,593.82,75415,447.83,3661, 17054, 22.61,0.2261353842073858,2023-01-05
JWL, EQ, 05-Jan-2023,103.55,101.85,103.35,98.4,99.2,99.5,100.02,542960,543.06,5567, 340493, 62.71,0.6271051274495358,2023-01-05
JYOTHYLAB, EQ, 05-Jan-2023,201.95,202.45,209.0,202.45,204.3,204.75,205.91,608904,1253.77,15140, 256728, 42.16,0.42162311300303495,2023-01-05
JYOTISTRUC, BZ, 05-Jan-2023,11.15,10.6,10.6,10.6,10.6,10.6,10.6,204675,21.7,231, -, -,,2023-01-05
KABRAEXTRU, EQ, 05-Jan-2023,503.9,507.0,512.5,490.65,493.0,493.45,497.9,51471,256.28,4152, 20271, 39.38,0.39383342076120537,2023-01-05
KAJARIACER, EQ, 05-Jan-2023,1166.5,1172.35,1199.05,1166.6,1190.0,1181.35,1187.42,501771,5958.12,20691, 381019, 75.93,0.7593483880096698,2023-01-05
KAKATCEM, EQ, 05-Jan-2023,222.2,221.0,222.8,214.55,215.35,215.9,218.69,13801,30.18,1211, 6349, 46.00,0.4600391275994493,2023-01-05
KALPATPOWR, EQ, 05-Jan-2023,556.1,559.95,568.4,540.0,545.15,544.25,556.11,191864,1066.98,9842, 75010, 39.10,0.3909540090897719,2023-01-05
KALYANIFRG, BE, 05-Jan-2023,247.4,247.4,247.4,241.0,241.0,241.7,243.46,762,1.86,25, -, -,,2023-01-05
KALYANKJIL, EQ, 05-Jan-2023,120.8,121.45,124.2,119.5,123.25,123.1,122.06,3911591,4774.39,19747, 775412, 19.82,0.19823442686109055,2023-01-05
KAMATHOTEL, EQ, 05-Jan-2023,102.3,100.0,107.4,97.7,105.2,105.55,104.85,253817,266.14,2241, 132832, 52.33,0.523337680297222,2023-01-05
KAMDHENU, EQ, 05-Jan-2023,379.0,378.1,384.75,370.95,378.5,378.45,379.22,235510,893.1,14018, 111992, 47.55,0.4755297014988748,2023-01-05
KANANIIND, EQ, 05-Jan-2023,9.1,9.05,9.2,8.6,8.8,8.9,8.97,79738,7.16,401, 52225, 65.50,0.6549574857658833,2023-01-05
KANORICHEM, EQ, 05-Jan-2023,148.9,149.9,155.75,145.2,146.2,147.4,150.17,37562,56.41,1059, 20540, 54.68,0.5468292423193654,2023-01-05
KANPRPLA, EQ, 05-Jan-2023,101.0,101.0,102.6,98.05,101.75,99.85,100.14,13087,13.1,407, 8922, 68.17,0.6817452433712845,2023-01-05
KANSAINER, EQ, 05-Jan-2023,429.2,430.3,433.25,421.05,425.5,425.45,424.63,135737,576.38,4244, 94314, 69.48,0.694828970730162,2023-01-05
KAPSTON, EQ, 05-Jan-2023,162.3,183.0,193.9,175.25,179.5,178.45,182.46,309072,563.92,8201, 78794, 25.49,0.25493736087384167,2023-01-05
KARMAENG, EQ, 05-Jan-2023,28.9,30.15,30.15,28.1,28.25,28.4,28.76,5036,1.45,73, 4107, 81.55,0.8155281969817315,2023-01-05
KARURVYSYA, EQ, 05-Jan-2023,111.1,111.95,113.25,110.1,111.0,111.25,111.89,4567169,5110.32,30272, 2332005, 51.06,0.5106018629921512,2023-01-05
KAUSHALYA, EQ, 05-Jan-2023,5.0,4.95,5.0,4.9,5.0,4.95,4.96,35035,1.74,112, 28894, 82.47,0.8247181390038533,2023-01-05
KAVVERITEL, EQ, 05-Jan-2023,6.4,6.55,6.6,6.1,6.2,6.2,6.26,106482,6.67,335, 73898, 69.40,0.6939952292406228,2023-01-05
KAYA, EQ, 05-Jan-2023,314.15,313.9,317.0,310.0,313.85,312.05,312.55,11139,34.81,372, 8710, 78.19,0.7819373372834186,2023-01-05
KAYNES, EQ, 05-Jan-2023,753.05,755.0,758.0,741.15,742.5,746.35,748.1,65554,490.41,3904, 30012, 45.78,0.457821033041462,2023-01-05
KBCGLOBAL, EQ, 05-Jan-2023,2.9,2.95,2.95,2.8,2.85,2.85,2.87,3190456,91.42,1630, 2158493, 67.65,0.6765468635204498,2023-01-05
KCP, EQ, 05-Jan-2023,112.35,112.0,113.5,111.4,112.1,112.1,112.17,120550,135.22,1633, 77952, 64.66,0.6466362505184571,2023-01-05
KCPSUGIND, EQ, 05-Jan-2023,30.4,30.55,31.3,30.05,30.65,30.55,30.57,749200,229.02,2425, 275268, 36.74,0.36741591030432463,2023-01-05
KDDL, EQ, 05-Jan-2023,1048.25,1045.0,1058.1,1017.15,1041.4,1028.95,1036.88,9774,101.34,1824, 5720, 58.52,0.5852261100879885,2023-01-05
KEC, EQ, 05-Jan-2023,477.3,477.3,482.4,470.95,480.0,480.0,478.03,216692,1035.84,9292, 84087, 38.80,0.38804847433223194,2023-01-05
KECL, EQ, 05-Jan-2023,63.45,63.9,64.7,63.05,64.2,64.05,63.83,186483,119.04,1462, 121121, 64.95,0.649501563145166,2023-01-05
KEEPLEARN, BE, 05-Jan-2023,4.2,4.4,4.4,4.2,4.4,4.4,4.39,44114,1.94,108, -, -,,2023-01-05
KEI, EQ, 05-Jan-2023,1516.9,1516.9,1526.0,1493.0,1513.0,1519.05,1513.96,261215,3954.68,15632, 203303, 77.83,0.7782975709664453,2023-01-05
KELLTONTEC, BE, 05-Jan-2023,58.75,59.1,59.7,57.6,58.05,57.95,58.06,45751,26.56,555, -, -,,2023-01-05
KENNAMET, EQ, 05-Jan-2023,2235.95,2236.0,2261.5,2195.05,2223.0,2206.75,2212.22,13045,288.58,2254, 8589, 65.84,0.6584131851284016,2023-01-05
KERNEX, BE, 05-Jan-2023,270.4,275.85,278.85,270.0,277.0,272.7,273.68,5825,15.94,82, -, -,,2023-01-05
KESORAMIND, EQ, 05-Jan-2023,62.95,63.3,63.7,61.35,62.35,62.25,62.53,1167080,729.83,5876, 596457, 51.11,0.5110677931247215,2023-01-05
KEYFINSERV, EQ, 05-Jan-2023,104.5,104.45,105.65,101.25,102.0,102.15,103.22,5492,5.67,171, 3352, 61.03,0.6103423160961399,2023-01-05
KFINTECH, EQ, 05-Jan-2023,354.75,353.0,355.75,344.05,348.1,347.25,349.3,99709,348.29,5004, 46432, 46.57,0.4656751145834378,2023-01-05
KHADIM, EQ, 05-Jan-2023,245.95,249.0,252.75,243.7,244.3,247.1,247.05,50803,125.51,1452, 35970, 70.80,0.7080290534023581,2023-01-05
KHAICHEM, EQ, 05-Jan-2023,77.5,77.95,79.05,77.4,77.7,77.65,78.0,144140,112.42,2393, 71896, 49.88,0.49879284029415843,2023-01-05
KHAITANLTD, BE, 05-Jan-2023,49.65,49.1,50.75,48.5,49.85,49.85,49.16,1694,0.83,20, -, -,,2023-01-05
KHANDSE, BE, 05-Jan-2023,37.1,37.5,38.5,35.75,37.1,37.1,36.45,6798,2.48,83, -, -,,2023-01-05
KICL, EQ, 05-Jan-2023,2095.6,2050.0,2055.1,1965.1,2014.0,2007.75,2000.94,11769,235.49,2544, 6522, 55.42,0.5541677287789957,2023-01-05
KILITCH, EQ, 05-Jan-2023,152.55,155.25,155.25,152.7,153.5,153.1,153.57,897,1.38,86, 219, 24.41,0.24414715719063546,2023-01-05
KIMS, EQ, 05-Jan-2023,1501.25,1509.45,1535.0,1492.15,1531.0,1529.1,1511.69,25704,388.56,3247, 13650, 53.10,0.5310457516339869,2023-01-05
KINGFA, EQ, 05-Jan-2023,1282.15,1303.65,1303.65,1270.55,1270.55,1276.45,1282.11,699,8.96,112, 521, 74.54,0.7453505007153076,2023-01-05
KIOCL, EQ, 05-Jan-2023,217.5,221.4,223.45,216.0,220.0,219.3,219.43,60561,132.89,2543, 18731, 30.93,0.3092914581991711,2023-01-05
KIRIINDUS, EQ, 05-Jan-2023,465.05,467.1,467.1,460.05,461.7,461.7,462.87,41680,192.92,2006, 23128, 55.49,0.55489443378119,2023-01-05
KIRLFER, EQ, 05-Jan-2023,361.65,364.25,372.9,350.45,354.0,354.1,362.57,337027,1221.96,11669, 119668, 35.51,0.3550694751459082,2023-01-05
KIRLOSBROS, EQ, 05-Jan-2023,316.9,317.05,321.35,310.0,315.2,316.6,315.4,143405,452.31,4111, 121130, 84.47,0.8446706879118581,2023-01-05
KIRLOSENG, EQ, 05-Jan-2023,317.1,321.0,324.5,314.0,317.15,316.2,319.83,260857,834.31,7081, 116762, 44.76,0.44760922651107693,2023-01-05
KIRLOSIND, EQ, 05-Jan-2023,2017.1,2055.0,2056.0,2012.55,2033.0,2025.65,2027.24,4720,95.69,602, 3240, 68.64,0.6864406779661016,2023-01-05
KITEX, EQ, 05-Jan-2023,189.6,190.1,193.45,189.15,190.2,190.35,191.33,85899,164.35,2811, 34466, 40.12,0.4012386640123866,2023-01-05
KKCL, EQ, 05-Jan-2023,515.15,510.0,516.8,497.85,516.0,515.85,509.79,104356,532.0,3491, 68314, 65.46,0.6546245544099045,2023-01-05
KMSUGAR, EQ, 05-Jan-2023,30.35,30.55,30.55,29.7,30.1,30.05,30.13,275188,82.92,1187, 123135, 44.75,0.4474577379827609,2023-01-05
KNRCON, EQ, 05-Jan-2023,263.2,263.9,266.95,260.35,263.0,263.0,263.18,272414,716.93,6857, 147747, 54.24,0.54236199314279,2023-01-05
KOHINOOR, EQ, 05-Jan-2023,55.6,55.7,55.7,54.75,55.35,54.85,54.98,57624,31.68,878, 33548, 58.22,0.582187977231709,2023-01-05
KOKUYOCMLN, EQ, 05-Jan-2023,85.7,85.7,86.75,84.35,85.05,85.15,85.42,91515,78.17,1674, 48006, 52.46,0.5245697426651369,2023-01-05
KOLTEPATIL, EQ, 05-Jan-2023,265.7,263.0,272.5,263.0,268.25,270.35,268.01,65649,175.94,2963, 19841, 30.22,0.3022285183323432,2023-01-05
KOPRAN, EQ, 05-Jan-2023,153.15,154.1,154.35,149.45,151.0,150.85,151.45,111773,169.28,2103, 60150, 53.81,0.5381442745564671,2023-01-05
KOTAKALPHA, EQ, 05-Jan-2023,28.47,28.48,28.61,28.14,28.47,28.38,28.34,121533,34.44,476, 55697, 45.83,0.45828704960792543,2023-01-05
KOTAKBANK, EQ, 05-Jan-2023,1820.75,1820.0,1832.8,1806.15,1822.65,1820.3,1819.97,1732618,31533.1,69543, 1085491, 62.65,0.6265033608100574,2023-01-05
KOTAKBKETF, EQ, 05-Jan-2023,436.62,437.95,437.95,428.65,430.82,431.35,430.75,1118072,4816.11,2317, 1028598, 92.00,0.9199747422348471,2023-01-05
KOTAKCONS, EQ, 05-Jan-2023,75.0,75.3,75.81,74.87,75.81,75.81,75.12,304,0.23,19, 299, 98.36,0.9835526315789473,2023-01-05
KOTAKGOLD, EQ, 05-Jan-2023,48.25,48.21,48.47,47.86,47.95,47.94,48.0,915049,439.23,891, 798018, 87.21,0.8721041168287162,2023-01-05
KOTAKIT, EQ, 05-Jan-2023,29.7,29.84,29.97,29.37,29.43,29.48,29.58,40035,11.84,395, 25592, 63.92,0.6392406644186337,2023-01-05
KOTAKLOVOL, EQ, 05-Jan-2023,13.4,13.45,13.6,13.4,13.53,13.51,13.49,534,0.07,60, 505, 94.57,0.9456928838951311,2023-01-05
KOTAKMID50, EQ, 05-Jan-2023,88.16,88.16,89.0,87.8,89.0,88.53,88.1,2537,2.24,53, 1744, 68.74,0.6874260938115885,2023-01-05
KOTAKMNC, EQ, 05-Jan-2023,19.67,19.77,19.86,19.7,19.7,19.79,19.75,3318,0.66,23, 1915, 57.72,0.5771549125979506,2023-01-05
KOTAKNIFTY, EQ, 05-Jan-2023,192.33,193.31,193.32,191.01,192.18,191.55,191.84,23638,45.35,452, 12094, 51.16,0.5116338099670023,2023-01-05
KOTAKNV20, EQ, 05-Jan-2023,100.41,101.04,101.44,100.21,101.07,100.66,100.63,46699,46.99,184, 40399, 86.51,0.8650934709522687,2023-01-05
KOTAKPSUBK, EQ, 05-Jan-2023,427.15,432.97,432.97,424.3,428.0,428.24,427.78,23704,101.4,595, 12276, 51.79,0.5178872764090449,2023-01-05
KOTAKSILVE, EQ, 05-Jan-2023,69.3,68.97,68.97,67.2,67.2,67.5,68.07,20889,14.22,94, 9404, 45.02,0.45018909473885776,2023-01-05
KOTARISUG, EQ, 05-Jan-2023,44.45,44.6,44.85,43.35,44.5,44.25,44.17,197908,87.41,1754, 82137, 41.50,0.4150261737777149,2023-01-05
KOTHARIPET, EQ, 05-Jan-2023,69.05,68.7,69.7,68.0,68.5,68.6,68.61,24401,16.74,404, 14525, 59.53,0.5952624892422441,2023-01-05
KOTHARIPRO, EQ, 05-Jan-2023,144.8,149.45,149.45,143.2,143.5,144.5,144.99,5846,8.48,316, 3220, 55.08,0.5508039685254875,2023-01-05
KOVAI, EQ, 05-Jan-2023,1724.5,1728.6,1770.0,1714.1,1744.5,1751.0,1749.12,4833,84.53,458, 3982, 82.39,0.8239188909579971,2023-01-05
KPIGREEN, EQ, 05-Jan-2023,897.15,901.65,927.95,893.1,914.8,912.75,915.52,72032,659.47,6077, 27874, 38.70,0.3869669035984007,2023-01-05
KPITTECH, EQ, 05-Jan-2023,681.15,682.7,690.0,677.2,682.5,682.7,683.51,571885,3908.89,25830, 186852, 32.67,0.32673002439301607,2023-01-05
KPRMILL, EQ, 05-Jan-2023,513.65,516.0,533.95,513.25,525.6,529.45,525.74,279411,1468.97,11840, 155213, 55.55,0.5555006782123825,2023-01-05
KRBL, EQ, 05-Jan-2023,387.15,387.5,392.2,383.85,390.35,390.25,387.87,200916,779.3,5466, 84203, 41.91,0.41909554241573593,2023-01-05
KREBSBIO, EQ, 05-Jan-2023,113.0,114.1,115.25,112.1,113.0,112.4,113.36,5776,6.55,339, 1492, 25.83,0.2583102493074792,2023-01-05
KRIDHANINF, EQ, 05-Jan-2023,3.7,3.85,3.9,3.55,3.6,3.6,3.68,160723,5.91,198, 63840, 39.72,0.3972051293218768,2023-01-05
KRISHANA, EQ, 05-Jan-2023,432.9,434.55,441.2,418.6,426.5,428.3,430.16,34382,147.9,1146, 19977, 58.10,0.5810307719155372,2023-01-05
KRITI, EQ, 05-Jan-2023,82.0,81.85,83.45,79.25,80.05,80.45,81.73,22537,18.42,2516, 12187, 54.08,0.5407552025557971,2023-01-05
KRITIKA, EQ, 05-Jan-2023,12.4,12.15,12.6,11.9,12.3,12.2,12.29,184112,22.62,872, 154650, 84.00,0.8399778395759103,2023-01-05
KRITINUT, EQ, 05-Jan-2023,49.8,50.8,50.8,48.95,49.75,49.35,49.47,9158,4.53,240, 5631, 61.49,0.6148722428477834,2023-01-05
KRSNAA, EQ, 05-Jan-2023,450.55,455.0,455.0,446.8,448.0,447.85,448.86,26012,116.76,1881, 18846, 72.45,0.7245117638013224,2023-01-05
KSB, EQ, 05-Jan-2023,1915.05,1922.0,1924.6,1890.25,1899.9,1899.75,1900.62,8764,166.57,1939, 6507, 74.25,0.7424691921497033,2023-01-05
KSCL, EQ, 05-Jan-2023,516.85,514.0,520.05,511.85,513.9,513.25,515.43,25167,129.72,2009, 12349, 49.07,0.49068224261930304,2023-01-05
KSHITIJPOL, EQ, 05-Jan-2023,26.9,28.1,28.2,26.25,27.6,27.55,28.03,1912981,536.14,5367, 1095604, 57.27,0.5727207954496151,2023-01-05
KSL, EQ, 05-Jan-2023,364.55,362.9,376.6,352.75,370.0,372.15,368.18,90003,331.38,6031, 37596, 41.77,0.41771940935302154,2023-01-05
KSOLVES, EQ, 05-Jan-2023,440.4,443.7,445.0,430.8,442.95,442.65,438.66,14777,64.82,1282, 8443, 57.14,0.5713608986939163,2023-01-05
KTKBANK, EQ, 05-Jan-2023,155.6,157.0,157.0,152.85,155.1,154.95,154.9,1054041,1632.73,7944, 542176, 51.44,0.5143784729436521,2023-01-05
KUANTUM, EQ, 05-Jan-2023,136.85,138.8,143.0,137.65,143.0,142.45,140.49,70917,99.63,1880, 39466, 55.65,0.5565097226335012,2023-01-05
L&TFH, EQ, 05-Jan-2023,88.5,89.0,89.1,87.35,88.65,88.6,88.38,6161579,5445.63,18376, 1808567, 29.35,0.2935232997905245,2023-01-05
LAGNAM, EQ, 05-Jan-2023,63.8,64.05,64.05,62.1,63.25,63.2,63.05,9182,5.79,137, 5989, 65.23,0.6522544108037465,2023-01-05
LAKPRE, BZ, 05-Jan-2023,5.7,5.5,5.55,5.45,5.45,5.45,5.47,1560,0.09,6, -, -,,2023-01-05
LALPATHLAB, EQ, 05-Jan-2023,2249.0,2260.25,2276.1,2201.5,2255.0,2267.3,2242.63,203112,4555.05,14981, 39836, 19.61,0.19612824451534128,2023-01-05
LAMBODHARA, EQ, 05-Jan-2023,130.0,130.9,133.5,123.1,125.05,126.15,128.17,624103,799.92,12903, 199838, 32.02,0.32020035154453674,2023-01-05
LANCER, EQ, 05-Jan-2023,222.4,220.0,228.95,218.0,218.9,220.5,221.3,77404,171.29,2068, 45017, 58.16,0.5815849310113173,2023-01-05
LANDMARK, EQ, 05-Jan-2023,496.6,500.0,533.4,496.1,525.55,528.45,518.3,719443,3728.91,26227, 370688, 51.52,0.5152430421868028,2023-01-05
LAOPALA, EQ, 05-Jan-2023,387.8,385.3,406.0,385.3,403.9,403.1,397.71,278063,1105.88,12673, 96768, 34.80,0.34800746593397897,2023-01-05
LASA, EQ, 05-Jan-2023,30.6,30.9,30.95,28.35,29.6,29.35,29.39,337228,99.12,2376, 226415, 67.14,0.6714003582146204,2023-01-05
LATENTVIEW, EQ, 05-Jan-2023,366.25,366.75,377.45,364.6,376.0,374.55,370.92,322099,1194.74,8204, 159981, 49.67,0.49668269693479333,2023-01-05
LAURUSLABS, EQ, 05-Jan-2023,374.15,373.5,379.4,373.1,377.0,378.55,376.83,769506,2899.75,12824, 314110, 40.82,0.4081969471323161,2023-01-05
LAXMICOT, EQ, 05-Jan-2023,22.75,22.9,23.2,22.6,22.7,22.75,22.86,11272,2.58,80, 7851, 69.65,0.6965046132008517,2023-01-05
LAXMIMACH, EQ, 05-Jan-2023,12131.15,12150.0,12231.8,11810.0,11810.0,11877.55,11977.45,5538,663.31,1613, 3768, 68.04,0.6803900325027086,2023-01-05
LCCINFOTEC, EQ, 05-Jan-2023,2.5,2.45,2.55,2.4,2.4,2.4,2.43,168860,4.1,150, 115003, 68.11,0.681055312092858,2023-01-05
LEMONTREE, EQ, 05-Jan-2023,80.75,81.4,81.5,78.1,79.05,78.9,79.14,3147966,2491.22,20429, 1411021, 44.82,0.4482326047994165,2023-01-05
LFIC, EQ, 05-Jan-2023,110.8,111.4,114.0,110.05,114.0,112.3,111.67,1102,1.23,56, 915, 83.03,0.8303085299455535,2023-01-05
LGBBROSLTD, EQ, 05-Jan-2023,716.05,714.0,742.4,701.1,721.5,721.75,721.6,75870,547.47,4925, 40924, 53.94,0.5393963358376169,2023-01-05
LGBFORGE, EQ, 05-Jan-2023,12.4,12.0,12.0,11.8,11.8,11.8,11.81,265590,31.38,249, 180399, 67.92,0.6792386761549757,2023-01-05
LIBAS, EQ, 05-Jan-2023,18.8,19.05,19.05,18.2,18.8,18.75,18.61,59498,11.07,285, 27464, 46.16,0.46159534774278127,2023-01-05
LIBERTSHOE, EQ, 05-Jan-2023,280.05,285.8,285.8,276.0,278.6,278.3,279.7,31263,87.44,1507, 17905, 57.27,0.5727217477529348,2023-01-05
LICHSGFIN, EQ, 05-Jan-2023,421.3,422.6,431.0,415.0,419.9,420.45,423.37,3000255,12702.26,54500, 582058, 19.40,0.19400284309167054,2023-01-05
LICI, EQ, 05-Jan-2023,731.0,733.85,738.3,722.6,727.35,727.8,728.85,1602415,11679.17,42725, 432713, 27.00,0.27003803633890094,2023-01-05
LICNETFGSC, EQ, 05-Jan-2023,22.58,22.89,24.45,22.46,23.0,23.65,23.46,61063,14.32,366, 42555, 69.69,0.6969031983361447,2023-01-05
LICNETFN50, EQ, 05-Jan-2023,194.27,194.01,194.99,193.11,193.99,193.92,194.02,542,1.05,43, 65, 11.99,0.11992619926199262,2023-01-05
LICNETFSEN, EQ, 05-Jan-2023,659.25,659.0,659.99,653.25,657.5,656.08,656.37,188,1.23,36, 176, 93.62,0.9361702127659575,2023-01-05
LICNFNHGP, EQ, 05-Jan-2023,194.48,194.0,194.72,192.81,192.81,192.81,193.56,138,0.27,32, 118, 85.51,0.855072463768116,2023-01-05
LIKHITHA, EQ, 05-Jan-2023,234.15,241.35,246.65,238.2,242.35,241.9,242.69,308349,748.33,9065, 120521, 39.09,0.39085905905321566,2023-01-05
LINC, EQ, 05-Jan-2023,454.8,459.8,464.0,440.0,443.5,440.5,448.25,31309,140.34,1977, 15168, 48.45,0.484461336995752,2023-01-05
LINCOLN, EQ, 05-Jan-2023,352.65,351.0,354.4,349.2,350.1,350.85,351.47,14698,51.66,1658, 8055, 54.80,0.5480337460879031,2023-01-05
LINDEINDIA, EQ, 05-Jan-2023,3466.75,3478.15,3500.0,3405.55,3430.0,3433.95,3437.33,38541,1324.78,7185, 17622, 45.72,0.4572273682571807,2023-01-05
LIQUIDBEES, EQ, 05-Jan-2023,1000.0,1000.01,1000.01,999.99,1000.01,1000.0,1000.01,5764559,57646.06,24135, 5494554, 95.32,0.9531612045257929,2023-01-05
LIQUIDETF, EQ, 05-Jan-2023,1000.0,999.98,1000.01,999.98,1000.0,999.99,1000.0,263901,2639.01,909, 224378, 85.02,0.8502355049810345,2023-01-05
LODHA, EQ, 05-Jan-2023,1071.4,1082.05,1094.7,1070.6,1074.6,1076.9,1079.54,143175,1545.64,14463, 90267, 63.05,0.6304662126767941,2023-01-05
LOKESHMACH, EQ, 05-Jan-2023,109.85,111.0,111.2,107.0,109.0,109.2,109.1,43934,47.93,742, 26865, 61.15,0.6114854099330814,2023-01-05
LOTUSEYE, BE, 05-Jan-2023,81.2,81.0,81.5,78.35,81.4,79.7,80.03,14871,11.9,91, -, -,,2023-01-05
LOVABLE, EQ, 05-Jan-2023,133.2,134.15,134.5,131.2,132.35,132.65,132.5,6403,8.48,414, 4150, 64.81,0.6481336873340622,2023-01-05
LOYALTEX, EQ, 05-Jan-2023,763.0,757.5,761.95,745.5,745.5,747.0,753.0,426,3.21,76, 246, 57.75,0.5774647887323944,2023-01-05
LPDC, EQ, 05-Jan-2023,7.65,8.0,8.2,7.6,7.75,7.8,7.81,133674,10.43,377, 65283, 48.84,0.4883747026347682,2023-01-05
LSIL, EQ, 05-Jan-2023,16.75,16.95,17.2,16.7,16.85,16.8,16.88,5278876,891.14,5573, 2124740, 40.25,0.4024985621939216,2023-01-05
LT, EQ, 05-Jan-2023,2070.55,2080.0,2099.2,2068.5,2089.5,2087.35,2080.7,1881403,39146.42,95733, 1285361, 68.32,0.6831928087709013,2023-01-05
LTGILTBEES, EQ, 05-Jan-2023,23.06,23.04,23.1,23.03,23.08,23.07,23.08,25016,5.77,89, 22790, 91.10,0.9110169491525424,2023-01-05
LTIM, EQ, 05-Jan-2023,4277.95,4290.0,4299.0,4250.05,4260.0,4260.2,4268.32,218691,9334.44,22550, 91839, 41.99,0.4199486947336653,2023-01-05
LTTS, EQ, 05-Jan-2023,3716.9,3722.95,3724.0,3617.0,3636.0,3641.55,3654.33,226169,8264.97,21037, 80153, 35.44,0.3543942803832532,2023-01-05
LUMAXIND, EQ, 05-Jan-2023,1701.25,1713.85,1723.45,1698.05,1713.5,1709.85,1707.4,8086,138.06,1161, 5980, 73.95,0.7395498392282959,2023-01-05
LUMAXTECH, EQ, 05-Jan-2023,237.45,237.55,238.85,233.4,237.95,236.25,235.77,29864,70.41,2515, 14125, 47.30,0.47297749799089206,2023-01-05
LUPIN, EQ, 05-Jan-2023,734.6,735.6,744.9,732.0,742.2,742.85,739.54,618678,4575.36,13435, 283696, 45.86,0.45855194463032467,2023-01-05
LUXIND, EQ, 05-Jan-2023,1640.8,1642.65,1649.4,1614.2,1619.5,1618.75,1621.82,14156,229.58,2621, 9485, 67.00,0.670033907883583,2023-01-05
LXCHEM, EQ, 05-Jan-2023,293.45,294.75,297.4,290.05,294.0,293.2,294.17,307946,905.9,9236, 130375, 42.34,0.42336968169744044,2023-01-05
LYKALABS, EQ, 05-Jan-2023,129.25,129.4,130.7,127.1,128.0,128.2,128.9,41267,53.19,770, 26219, 63.54,0.6353502798846536,2023-01-05
LYPSAGEMS, EQ, 05-Jan-2023,5.6,5.7,5.7,5.55,5.7,5.6,5.64,32128,1.81,103, 18435, 57.38,0.5737985557768924,2023-01-05
M&M, EQ, 05-Jan-2023,1236.2,1240.0,1255.0,1231.0,1253.0,1252.65,1248.46,2745160,34272.25,103100, 1851620, 67.45,0.6745034897783736,2023-01-05
M&MFIN, EQ, 05-Jan-2023,234.1,236.95,241.15,234.6,235.9,235.75,237.63,7175193,17050.54,44910, 1288882, 17.96,0.1796302900841831,2023-01-05
MAANALU, EQ, 05-Jan-2023,176.7,180.0,180.85,177.0,177.5,178.6,178.83,20266,36.24,1023, 11186, 55.20,0.5519589460179611,2023-01-05
MACPOWER, EQ, 05-Jan-2023,325.65,327.5,329.8,320.15,324.0,326.9,324.37,27624,89.6,4506, 4597, 16.64,0.16641326382855487,2023-01-05
MADHAV, EQ, 05-Jan-2023,43.9,43.9,45.75,42.65,43.15,43.7,44.2,25919,11.46,437, 16544, 63.83,0.6382962305644508,2023-01-05
MADHUCON, EQ, 05-Jan-2023,5.5,5.65,5.7,5.4,5.5,5.45,5.52,24246,1.34,105, 16330, 67.35,0.6735131568093706,2023-01-05
MADRASFERT, EQ, 05-Jan-2023,76.5,77.0,77.6,73.6,74.85,74.9,75.1,1623399,1219.14,8351, 488012, 30.06,0.3006112483745524,2023-01-05
MAESGETF, EQ, 05-Jan-2023,30.03,30.15,30.15,29.81,30.06,30.05,30.02,3258,0.98,73, 2172, 66.67,0.6666666666666666,2023-01-05
MAFANG, EQ, 05-Jan-2023,37.37,37.99,37.99,36.45,36.78,36.74,36.76,2464549,905.97,8562, 1505927, 61.10,0.6110355282041461,2023-01-05
MAFSETF, EQ, 05-Jan-2023,19.13,19.55,19.55,18.8,18.94,18.93,18.92,302353,57.2,861, 281050, 92.95,0.9295426207115524,2023-01-05
MAGADSUGAR, EQ, 05-Jan-2023,313.75,314.7,318.5,311.4,313.05,314.9,314.64,18412,57.93,645, 7543, 40.97,0.40967847056267653,2023-01-05
MAGNUM, EQ, 05-Jan-2023,25.15,26.4,26.4,26.4,26.4,26.4,26.4,171415,45.25,135, 171415, 100.00,1.0,2023-01-05
MAHABANK, EQ, 05-Jan-2023,31.45,31.75,31.9,30.55,31.3,31.1,31.13,35841006,11157.72,27595, 5037135, 14.05,0.14054111650772302,2023-01-05
MAHAPEXLTD, EQ, 05-Jan-2023,123.5,117.35,123.5,117.35,123.5,121.75,119.24,32374,38.6,440, 17009, 52.54,0.5253907456600976,2023-01-05
MAHASTEEL, EQ, 05-Jan-2023,70.35,71.0,71.4,69.15,71.2,70.45,70.15,11254,7.9,307, 7149, 63.52,0.6352408032699485,2023-01-05
MAHEPC, EQ, 05-Jan-2023,106.85,108.15,108.35,106.0,106.95,106.4,106.92,16160,17.28,398, 7911, 48.95,0.4895420792079208,2023-01-05
MAHESHWARI, EQ, 05-Jan-2023,69.55,70.3,70.4,69.05,69.75,69.3,69.63,9920,6.91,184, 5033, 50.74,0.5073588709677419,2023-01-05
MAHINDCIE, EQ, 05-Jan-2023,339.0,339.25,346.2,338.25,339.0,340.0,342.76,599257,2054.0,20138, 247035, 41.22,0.41223548494218676,2023-01-05
MAHKTECH, EQ, 05-Jan-2023,15.56,15.56,15.91,15.56,15.79,15.81,15.81,397823,62.89,791, 297187, 74.70,0.7470332283452691,2023-01-05
MAHLIFE, EQ, 05-Jan-2023,366.1,368.95,369.95,361.25,362.0,363.35,364.43,44777,163.18,3114, 19282, 43.06,0.4306228644169998,2023-01-05
MAHLOG, EQ, 05-Jan-2023,494.2,492.5,496.0,486.2,489.75,489.15,491.22,17589,86.4,2059, 7806, 44.38,0.4438001023366877,2023-01-05
MAHSCOOTER, EQ, 05-Jan-2023,4657.5,4680.8,4680.8,4544.4,4565.15,4580.45,4584.75,4509,206.73,1538, 2346, 52.03,0.520292747837658,2023-01-05
MAHSEAMLES, EQ, 05-Jan-2023,325.1,322.0,332.75,320.3,329.95,330.3,326.55,348496,1138.01,12002, 204915, 58.80,0.5879981405812406,2023-01-05
MAITHANALL, EQ, 05-Jan-2023,1073.9,1073.0,1099.85,1065.25,1099.0,1096.15,1085.11,48500,526.28,4700, 29103, 60.01,0.6000618556701031,2023-01-05
MALLCOM, EQ, 05-Jan-2023,718.55,730.65,730.65,675.3,709.9,702.4,694.82,7044,48.94,1064, 3354, 47.61,0.47614991482112434,2023-01-05
MALUPAPER, EQ, 05-Jan-2023,39.1,39.3,40.35,39.05,39.25,39.55,39.79,80149,31.89,507, 39108, 48.79,0.48794120949731123,2023-01-05
MAM150ETF, EQ, 05-Jan-2023,11.92,12.22,12.22,11.9,11.95,11.99,12.0,783197,93.95,457, 755888, 96.51,0.9651313781845436,2023-01-05
MAMFGETF, EQ, 05-Jan-2023,82.99,85.62,85.62,83.14,83.88,83.84,83.82,20515,17.2,66, 18884, 92.05,0.9204971971728004,2023-01-05
MAN50ETF, EQ, 05-Jan-2023,188.66,189.12,189.36,186.82,188.27,187.9,187.84,6352,11.93,178, 4923, 77.50,0.7750314861460957,2023-01-05
MANAKALUCO, EQ, 05-Jan-2023,22.2,22.5,22.9,22.0,22.5,22.45,22.42,49291,11.05,695, 27636, 56.07,0.5606703049238198,2023-01-05
MANAKCOAT, EQ, 05-Jan-2023,17.85,17.85,18.1,17.65,17.85,17.75,17.82,9510,1.69,158, 7158, 75.27,0.7526813880126183,2023-01-05
MANAKSIA, EQ, 05-Jan-2023,77.15,78.35,79.0,76.05,76.05,76.45,77.62,94752,73.54,1494, 42661, 45.02,0.4502385173927727,2023-01-05
MANAKSTEEL, EQ, 05-Jan-2023,35.15,35.65,35.65,34.7,35.05,35.15,35.15,26496,9.31,278, 11527, 43.50,0.4350467995169082,2023-01-05
MANALIPETC, EQ, 05-Jan-2023,81.9,82.15,82.65,81.05,81.5,81.8,81.79,105527,86.31,1866, 61973, 58.73,0.5872715039752859,2023-01-05
MANAPPURAM, EQ, 05-Jan-2023,121.6,122.5,122.75,119.7,121.0,120.95,120.85,5400310,6526.06,23814, 1584549, 29.34,0.2934181556243993,2023-01-05
MANGALAM, EQ, 05-Jan-2023,134.55,134.25,135.45,132.15,133.75,132.8,133.17,18137,24.15,390, 12109, 66.76,0.6676407344103215,2023-01-05
MANGCHEFER, EQ, 05-Jan-2023,87.95,88.45,89.0,86.05,86.6,86.8,87.26,280970,245.18,2567, 117560, 41.84,0.41840765918069545,2023-01-05
MANGLMCEM, EQ, 05-Jan-2023,298.5,301.45,301.45,292.0,294.5,295.9,295.65,301801,892.29,1671, 290710, 96.33,0.963250618785226,2023-01-05
MANINDS, EQ, 05-Jan-2023,77.95,78.75,78.75,77.1,78.0,77.6,77.8,50180,39.04,960, 26417, 52.64,0.5264447987245915,2023-01-05
MANINFRA, EQ, 05-Jan-2023,74.35,74.9,75.05,73.8,74.0,73.95,74.24,144052,106.94,1522, 86789, 60.25,0.6024838252853136,2023-01-05
MANORAMA, EQ, 05-Jan-2023,1018.55,1022.1,1085.95,1021.85,1056.0,1064.45,1055.27,6351,67.02,1454, 3685, 58.02,0.5802235868367186,2023-01-05
MANORG, EQ, 05-Jan-2023,513.1,522.75,523.15,500.3,502.55,503.6,507.74,5893,29.92,713, 3477, 59.00,0.590022060071271,2023-01-05
MANUGRAPH, EQ, 05-Jan-2023,15.55,15.95,16.7,15.5,16.45,16.25,16.14,7804,1.26,95, 5784, 74.12,0.7411583803177858,2023-01-05
MANXT50, EQ, 05-Jan-2023,422.5,424.46,426.06,422.14,426.06,426.05,425.88,9077,38.66,45, 8813, 97.09,0.9709155007160957,2023-01-05
MANYAVAR, EQ, 05-Jan-2023,1298.9,1299.0,1306.2,1275.0,1300.0,1293.05,1287.67,55044,708.79,13860, 30085, 54.66,0.5465627498001598,2023-01-05
MAPMYINDIA, EQ, 05-Jan-2023,1036.75,1041.0,1042.0,1022.0,1031.0,1031.7,1029.95,53837,554.5,6173, 18881, 35.07,0.35070676300685405,2023-01-05
MARALOVER, EQ, 05-Jan-2023,65.3,66.05,66.25,63.1,64.0,64.7,64.7,13104,8.48,374, 5346, 40.80,0.40796703296703296,2023-01-05
MARATHON, EQ, 05-Jan-2023,226.1,227.35,233.7,226.0,229.0,228.85,229.14,13257,30.38,553, 6151, 46.40,0.4639812929018632,2023-01-05
MARICO, EQ, 05-Jan-2023,506.15,506.15,524.9,504.85,515.0,515.5,517.54,2901670,15017.36,67987, 907470, 31.27,0.3127405942095414,2023-01-05
MARINE, EQ, 05-Jan-2023,34.6,35.25,38.4,34.6,38.15,37.85,37.26,2944548,1097.07,8537, 1351258, 45.89,0.4589016718355415,2023-01-05
MARKSANS, EQ, 05-Jan-2023,59.05,59.3,59.3,58.55,58.9,58.85,58.9,618583,364.34,2843, 289775, 46.84,0.46844966641501623,2023-01-05
MARSHALL, EQ, 05-Jan-2023,26.55,26.85,27.0,26.0,26.0,26.1,26.65,19769,5.27,306, 10734, 54.30,0.5429713187313471,2023-01-05
MARUTI, EQ, 05-Jan-2023,8422.8,8444.95,8475.0,8390.05,8470.0,8461.1,8428.69,417716,35208.0,70713, 233382, 55.87,0.5587097453772419,2023-01-05
MASFIN, EQ, 05-Jan-2023,823.4,824.95,834.2,811.25,817.0,819.5,823.8,11746,96.76,3036, 4431, 37.72,0.3772348033373063,2023-01-05
MASKINVEST, BE, 05-Jan-2023,76.5,76.5,77.45,73.0,76.6,76.6,74.98,372,0.28,22, -, -,,2023-01-05
MASPTOP50, EQ, 05-Jan-2023,25.49,25.74,25.74,25.21,25.44,25.27,25.41,186761,47.45,937, 143309, 76.73,0.7673390054668802,2023-01-05
MASTEK, EQ, 05-Jan-2023,1724.9,1720.05,1728.0,1703.95,1712.0,1713.3,1715.49,12716,218.14,2959, 5766, 45.34,0.4534444793960365,2023-01-05
MATRIMONY, EQ, 05-Jan-2023,583.1,583.1,586.3,575.05,578.15,581.3,580.12,3010,17.46,652, 1420, 47.18,0.4717607973421927,2023-01-05
MAWANASUG, EQ, 05-Jan-2023,98.55,99.0,99.45,96.15,96.6,96.55,97.43,188196,183.37,2558, 85064, 45.20,0.4519968543433442,2023-01-05
MAXHEALTH, EQ, 05-Jan-2023,445.15,446.0,449.35,437.3,439.8,440.0,444.3,1177013,5229.46,27806, 797908, 67.79,0.677909249940315,2023-01-05
MAXIND, EQ, 05-Jan-2023,97.5,97.85,100.0,97.5,99.65,99.65,98.86,67536,66.77,1337, 36299, 53.75,0.5374763089315329,2023-01-05
MAXVIL, EQ, 05-Jan-2023,149.5,149.5,151.95,148.5,148.9,149.05,149.15,122113,182.14,575, 108638, 88.97,0.8896513884680582,2023-01-05
MAYURUNIQ, EQ, 05-Jan-2023,420.45,422.6,425.0,419.95,422.5,421.75,422.18,9120,38.5,1325, 4456, 48.86,0.4885964912280702,2023-01-05
MAZDA, EQ, 05-Jan-2023,648.6,642.05,657.8,642.05,642.55,648.05,649.8,1586,10.31,333, 721, 45.46,0.4546027742749054,2023-01-05
MAZDOCK, EQ, 05-Jan-2023,808.9,815.0,823.0,795.5,813.25,814.4,810.78,2701422,21902.61,54015, 197648, 7.32,0.07316442969665606,2023-01-05
MBAPL, BE, 05-Jan-2023,552.0,558.9,559.0,545.0,545.9,545.45,548.81,6635,36.41,306, -, -,,2023-01-05
MBECL, BE, 05-Jan-2023,3.8,3.95,3.95,3.7,3.75,3.75,3.77,114369,4.31,103, -, -,,2023-01-05
MBLINFRA, EQ, 05-Jan-2023,23.3,23.3,26.7,23.15,24.8,24.75,25.62,1683081,431.22,6084, 683064, 40.58,0.40584143009159984,2023-01-05
MCDOWELL-N, EQ, 05-Jan-2023,851.45,855.0,861.0,840.3,850.0,850.2,848.51,1125318,9548.39,48541, 582955, 51.80,0.5180357907720307,2023-01-05
MCL, EQ, 05-Jan-2023,31.6,31.6,31.6,30.3,30.85,30.35,30.64,13598,4.17,166, 9532, 70.10,0.7009854390351522,2023-01-05
MCLEODRUSS, EQ, 05-Jan-2023,28.15,28.45,29.4,28.2,29.0,28.85,28.92,555146,160.54,1620, 274403, 49.43,0.49428979043350757,2023-01-05
MCX, EQ, 05-Jan-2023,1478.6,1479.9,1491.55,1452.45,1460.0,1461.95,1468.53,178780,2625.43,11600, 53418, 29.88,0.2987918111645598,2023-01-05
MEDANTA, EQ, 05-Jan-2023,455.55,452.5,473.8,452.5,469.3,470.7,465.44,432603,2013.53,15036, 213582, 49.37,0.49371363582776817,2023-01-05
MEDICAMEQ, EQ, 05-Jan-2023,842.45,842.6,850.35,826.95,831.5,831.75,837.67,3454,28.93,437, 1988, 57.56,0.5755645628257093,2023-01-05
MEDICO, BE, 05-Jan-2023,322.85,329.95,329.95,319.25,327.0,323.9,320.26,28500,91.27,146, -, -,,2023-01-05
MEDPLUS, EQ, 05-Jan-2023,614.25,615.5,619.9,602.0,608.95,609.75,612.61,20424,125.12,2268, 8421, 41.23,0.4123090481786134,2023-01-05
MEGASOFT, EQ, 05-Jan-2023,32.05,32.85,32.85,31.6,32.4,32.15,32.1,36659,11.77,394, 23383, 63.79,0.6378515507787992,2023-01-05
MEGASTAR, EQ, 05-Jan-2023,221.7,221.65,226.9,221.45,222.3,224.65,224.09,1788,4.01,148, 682, 38.14,0.3814317673378076,2023-01-05
MELSTAR, BZ, 05-Jan-2023,3.2,3.35,3.35,3.25,3.25,3.25,3.29,841,0.03,15, -, -,,2023-01-05
MENONBE, EQ, 05-Jan-2023,103.7,104.05,104.4,101.0,102.25,103.4,102.8,54049,55.56,1164, 34077, 63.05,0.630483450202594,2023-01-05
MEP, EQ, 05-Jan-2023,19.35,19.7,19.95,19.0,19.25,19.25,19.5,488765,95.31,833, 331002, 67.72,0.6772211594529068,2023-01-05
MERCATOR, BE, 05-Jan-2023,1.1,1.1,1.1,1.05,1.1,1.05,1.07,419057,4.47,178, -, -,,2023-01-05
METALFORGE, BZ, 05-Jan-2023,4.1,3.95,4.05,3.9,4.05,4.05,3.98,7486,0.3,20, -, -,,2023-01-05
METROBRAND, EQ, 05-Jan-2023,856.4,853.2,882.8,841.5,860.95,871.95,864.67,173244,1498.0,11865, 61977, 35.77,0.3577439911338921,2023-01-05
METROPOLIS, EQ, 05-Jan-2023,1358.65,1362.7,1373.95,1336.8,1368.0,1368.0,1357.66,127867,1736.0,8123, 33668, 26.33,0.26330484018550526,2023-01-05
MFL, EQ, 05-Jan-2023,1185.45,1191.4,1198.8,1177.8,1181.0,1185.15,1188.62,16236,192.98,1951, 9113, 56.13,0.5612835673811284,2023-01-05
MFSL, EQ, 05-Jan-2023,713.85,717.0,741.9,712.6,733.05,735.4,732.42,2354166,17242.38,50242, 1307813, 55.55,0.5555313431593184,2023-01-05
MGEL, EQ, 05-Jan-2023,35.3,36.5,36.5,33.35,33.7,33.9,35.32,150873,53.29,429, 40145, 26.61,0.2660847202614119,2023-01-05
MGL, EQ, 05-Jan-2023,851.45,851.45,869.0,845.5,868.5,867.35,859.69,205112,1763.34,9900, 58375, 28.46,0.2846006084480674,2023-01-05
MHLXMIRU, EQ, 05-Jan-2023,232.35,238.25,239.45,221.0,222.0,223.9,229.1,92801,212.61,3063, 35163, 37.89,0.3789075548754863,2023-01-05
MHRIL, EQ, 05-Jan-2023,264.45,265.95,268.0,258.05,261.0,260.25,261.95,151400,396.6,5794, 67851, 44.82,0.44815719947159843,2023-01-05
MID150BEES, EQ, 05-Jan-2023,121.39,121.98,122.0,120.81,121.89,121.68,121.05,451871,546.99,1919, 357925, 79.21,0.7920955316893539,2023-01-05
MIDHANI, EQ, 05-Jan-2023,219.2,219.2,220.6,216.5,220.0,218.95,218.43,262220,572.76,4962, 62585, 23.87,0.23867363282739684,2023-01-05
MINDACORP, EQ, 05-Jan-2023,208.5,209.35,220.0,208.7,218.4,218.9,215.62,1203669,2595.34,16294, 579397, 48.14,0.4813590779524936,2023-01-05
MINDTECK, EQ, 05-Jan-2023,137.75,136.3,139.6,135.85,137.8,138.2,137.94,7964,10.99,332, 5535, 69.50,0.6950025113008539,2023-01-05
MIRCELECTR, EQ, 05-Jan-2023,17.95,18.0,18.6,17.25,17.85,17.85,17.89,572789,102.48,1621, 382287, 66.74,0.6674133057722826,2023-01-05
MIRZAINT, EQ, 05-Jan-2023,238.5,239.65,241.8,232.7,236.5,236.0,236.36,153323,362.4,6108, 47984, 31.30,0.31296022123230044,2023-01-05
MITCON, EQ, 05-Jan-2023,63.4,62.5,65.35,61.0,61.2,61.65,63.13,18869,11.91,200, 11724, 62.13,0.6213365838147226,2023-01-05
MITTAL, EQ, 05-Jan-2023,12.75,12.95,13.35,12.65,13.1,13.15,13.05,134582,17.56,294, 102159, 75.91,0.7590836813243971,2023-01-05
MMFL, EQ, 05-Jan-2023,828.55,826.0,838.0,819.85,830.4,828.8,827.66,15092,124.91,2815, 6536, 43.31,0.433077126954678,2023-01-05
MMP, EQ, 05-Jan-2023,129.3,130.65,135.0,128.2,134.7,134.3,132.93,35178,46.76,355, 23786, 67.62,0.6761612371368468,2023-01-05
MMTC, EQ, 05-Jan-2023,37.6,37.85,38.0,34.6,37.25,37.15,36.36,5722345,2080.43,15666, 853975, 14.92,0.14923514747887448,2023-01-05
MODIRUBBER, BE, 05-Jan-2023,71.0,71.0,71.0,68.1,69.0,69.1,70.0,371,0.26,15, -, -,,2023-01-05
MODISONLTD, EQ, 05-Jan-2023,67.05,67.25,69.25,67.25,68.0,68.15,68.4,12849,8.79,247, 6849, 53.30,0.5330375904739668,2023-01-05
MOGSEC, EQ, 05-Jan-2023,50.24,50.22,50.35,50.19,50.22,50.28,50.32,20168,10.15,147, 20160, 99.96,0.9996033320111067,2023-01-05
MOHEALTH, EQ, 05-Jan-2023,23.2,23.89,23.89,22.8,23.3,23.3,23.43,222,0.05,56, 139, 62.61,0.6261261261261262,2023-01-05
MOHITIND, EQ, 05-Jan-2023,16.5,16.6,16.75,16.1,16.15,16.6,16.59,6073,1.01,53, 3664, 60.33,0.6033261979252429,2023-01-05
MOIL, EQ, 05-Jan-2023,167.15,168.5,170.35,166.5,166.6,166.9,168.04,195234,328.07,5889, 84797, 43.43,0.4343352080068021,2023-01-05
MOKSH, EQ, 05-Jan-2023,12.35,12.35,12.6,12.0,12.3,12.25,12.2,103467,12.62,441, 80835, 78.13,0.7812635912899765,2023-01-05
MOL, EQ, 05-Jan-2023,110.35,111.0,111.4,109.5,110.25,110.15,110.39,219727,242.55,2814, 104978, 47.78,0.4777655909378456,2023-01-05
MOLDTECH, EQ, 05-Jan-2023,147.15,148.0,164.7,148.0,159.6,159.6,159.34,1024672,1632.72,16227, 242042, 23.62,0.23621412510539957,2023-01-05
MOLDTKPAC, EQ, 05-Jan-2023,1035.0,1046.45,1048.0,991.4,1010.0,1000.5,1014.42,62382,632.82,6851, 26021, 41.71,0.41712352922317336,2023-01-05
MOLOWVOL, EQ, 05-Jan-2023,24.97,24.97,25.5,24.35,25.09,25.19,25.13,919,0.23,45, 861, 93.69,0.9368879216539717,2023-01-05
MOM100, EQ, 05-Jan-2023,33.41,33.6,33.62,33.15,33.5,33.47,33.38,67152,22.42,811, 34596, 51.52,0.5151894210150108,2023-01-05
MOM50, EQ, 05-Jan-2023,181.98,180.0,182.59,180.0,180.27,180.22,180.84,1673,3.03,98, 951, 56.84,0.5684399282725643,2023-01-05
MOMENTUM, EQ, 05-Jan-2023,19.26,19.26,19.6,19.18,19.6,19.6,19.53,3167,0.62,46, 3133, 98.93,0.9892642879696874,2023-01-05
MOMOMENTUM, EQ, 05-Jan-2023,38.83,39.37,39.38,38.54,39.08,39.06,38.83,17788,6.91,95, 15968, 89.77,0.8976838317967168,2023-01-05
MON100, EQ, 05-Jan-2023,89.01,89.25,89.48,88.32,88.7,88.68,88.82,1028194,913.28,7262, 826056, 80.34,0.8034048049298089,2023-01-05
MONARCH, EQ, 05-Jan-2023,340.15,339.95,343.4,335.1,336.25,336.95,337.85,2679,9.05,259, 1070, 39.94,0.3994027622247107,2023-01-05
MONQ50, EQ, 05-Jan-2023,51.41,51.97,52.15,51.41,51.77,51.73,51.74,22595,11.69,205, 14498, 64.16,0.6416463819429077,2023-01-05
MONTECARLO, EQ, 05-Jan-2023,699.8,701.2,706.9,688.25,692.7,691.1,694.51,21612,150.1,2103, 11235, 51.99,0.5198500832870627,2023-01-05
MOQUALITY, EQ, 05-Jan-2023,120.63,121.05,121.75,121.05,121.1,121.1,121.24,4,0.0,4, 3, 75.00,0.75,2023-01-05
MORARJEE, EQ, 05-Jan-2023,22.65,22.9,22.9,21.7,22.25,22.0,22.23,11795,2.62,148, 8935, 75.75,0.7575243747350572,2023-01-05
MOREPENLAB, EQ, 05-Jan-2023,36.3,36.6,36.6,35.4,35.65,35.7,35.72,6466348,2309.57,10171, 1097458, 16.97,0.16971836344100255,2023-01-05
MOTHERSON, EQ, 05-Jan-2023,74.8,74.95,75.65,74.0,75.5,75.5,75.07,4882904,3665.46,25716, 2614777, 53.55,0.535496294827832,2023-01-05
MOTILALOFS, EQ, 05-Jan-2023,717.2,720.8,720.8,701.35,706.8,706.15,707.24,183006,1294.3,4749, 148247, 81.01,0.810066336622843,2023-01-05
MOTOGENFIN, EQ, 05-Jan-2023,26.7,27.65,27.75,26.55,26.55,27.3,27.43,2793,0.77,45, 1540, 55.14,0.5513784461152882,2023-01-05
MOVALUE, EQ, 05-Jan-2023,49.82,49.86,49.86,49.86,49.86,49.86,49.86,65,0.03,1, 65, 100.00,1.0,2023-01-05
MPHASIS, EQ, 05-Jan-2023,2006.35,2015.0,2018.0,1980.55,2014.0,2013.4,2003.18,378231,7576.64,23299, 209963, 55.51,0.5551184329153348,2023-01-05
MPSLTD, EQ, 05-Jan-2023,860.35,867.5,881.9,850.1,873.3,876.15,867.34,20928,181.52,3327, 10693, 51.09,0.5109422782874617,2023-01-05
MRF, EQ, 05-Jan-2023,88012.25,88500.0,91900.0,88441.95,91300.0,91275.8,90562.09,22626,20490.58,13494, 3346, 14.79,0.1478829664987183,2023-01-05
MRO-TEK, EQ, 05-Jan-2023,59.8,59.2,60.2,59.15,59.5,59.3,59.44,2293,1.36,63, 1718, 74.92,0.7492368076755342,2023-01-05
MRPL, EQ, 05-Jan-2023,56.6,57.0,57.4,56.0,56.25,56.2,56.53,1464523,827.89,8269, 641274, 43.79,0.4378722628459915,2023-01-05
MSPL, EQ, 05-Jan-2023,9.7,9.95,9.95,9.65,9.85,9.8,9.77,252733,24.7,527, 116882, 46.25,0.4624722533266332,2023-01-05
MSTCLTD, EQ, 05-Jan-2023,298.35,299.9,300.35,293.6,298.8,297.8,297.28,121149,360.15,4340, 40126, 33.12,0.33121197863787566,2023-01-05
MSUMI, EQ, 05-Jan-2023,56.65,56.85,57.0,56.05,56.8,56.7,56.38,1684149,949.46,18889, 987444, 58.63,0.5863162938671104,2023-01-05
MTARTECH, EQ, 05-Jan-2023,1616.3,1691.05,1718.95,1610.0,1620.9,1619.05,1649.78,694087,11450.91,48117, 241986, 34.86,0.3486392916161807,2023-01-05
MTEDUCARE, BE, 05-Jan-2023,7.3,7.3,7.3,7.05,7.15,7.15,7.16,16855,1.21,68, -, -,,2023-01-05
MTNL, EQ, 05-Jan-2023,25.5,25.65,25.8,24.9,25.05,25.05,25.34,2815913,713.47,3487, 789327, 28.03,0.280309441378338,2023-01-05
MUKANDLTD, EQ, 05-Jan-2023,129.9,131.65,137.8,129.3,130.85,130.6,133.05,822179,1093.87,7567, 278211, 33.84,0.3383825176755913,2023-01-05
MUKTAARTS, EQ, 05-Jan-2023,53.95,55.0,56.2,53.55,55.0,54.95,55.3,23481,12.99,214, 9617, 40.96,0.4095651803585878,2023-01-05
MUNJALAU, EQ, 05-Jan-2023,47.35,47.9,47.95,47.1,47.5,47.5,47.39,29476,13.97,424, 15201, 51.57,0.5157076943954404,2023-01-05
MUNJALSHOW, EQ, 05-Jan-2023,99.5,101.0,101.0,99.0,99.6,99.4,99.45,9535,9.48,277, 4490, 47.09,0.47089669638175147,2023-01-05
MURUDCERA, EQ, 05-Jan-2023,41.3,41.6,42.8,40.7,41.05,41.0,41.6,127613,53.08,1031, 72926, 57.15,0.5714621551095892,2023-01-05
MUTHOOTCAP, EQ, 05-Jan-2023,266.0,266.1,269.9,261.85,269.9,265.9,264.73,17209,45.56,1210, 7739, 44.97,0.449706548898832,2023-01-05
MUTHOOTFIN, EQ, 05-Jan-2023,1090.05,1096.5,1096.5,1076.75,1084.9,1081.75,1083.69,389887,4225.16,23884, 122005, 31.29,0.3129240010567164,2023-01-05
NACLIND, EQ, 05-Jan-2023,101.55,102.4,104.7,99.2,102.35,102.85,102.27,538206,550.41,6141, 140440, 26.09,0.26094097798984034,2023-01-05
NAGREEKCAP, EQ, 05-Jan-2023,18.5,18.2,18.8,17.6,17.6,17.65,17.89,9700,1.74,87, 7436, 76.66,0.7665979381443299,2023-01-05
NAGREEKEXP, EQ, 05-Jan-2023,39.4,40.45,41.8,37.3,39.9,40.3,40.08,45317,18.16,407, 15780, 34.82,0.3482136946399806,2023-01-05
NAHARCAP, EQ, 05-Jan-2023,316.85,316.85,318.4,308.4,313.0,311.15,313.56,8241,25.84,1606, 2435, 29.55,0.2954738502608907,2023-01-05
NAHARINDUS, EQ, 05-Jan-2023,107.4,107.1,109.2,106.95,108.4,107.65,107.82,29526,31.83,588, 19392, 65.68,0.6567770778297094,2023-01-05
NAHARPOLY, EQ, 05-Jan-2023,261.5,261.15,264.5,261.1,262.0,263.3,263.03,2768,7.28,243, 1505, 54.37,0.5437138728323699,2023-01-05
NAHARSPING, EQ, 05-Jan-2023,278.65,281.35,281.35,275.7,278.5,276.65,277.74,9922,27.56,583, 4889, 49.27,0.49274339850836524,2023-01-05
NAM-INDIA, EQ, 05-Jan-2023,252.3,252.9,254.05,251.35,251.8,252.1,252.24,356396,898.97,16168, 244127, 68.50,0.6849880470038946,2023-01-05
NARMADA, EQ, 05-Jan-2023,23.55,23.5,24.3,22.5,23.6,23.25,23.51,20243,4.76,186, 6119, 30.23,0.30227733043521215,2023-01-05
NATCOPHARM, EQ, 05-Jan-2023,558.15,560.0,560.95,555.0,558.0,559.0,557.85,103520,577.49,4605, 64707, 62.51,0.6250676197836167,2023-01-05
NATHBIOGEN, EQ, 05-Jan-2023,162.75,161.0,163.9,159.25,163.4,162.65,161.57,13315,21.51,516, 7659, 57.52,0.5752159218926023,2023-01-05
NATIONALUM, EQ, 05-Jan-2023,80.9,81.3,82.45,80.1,81.8,81.7,81.32,18655160,15171.17,42599, 6099954, 32.70,0.32698481278102143,2023-01-05
NATNLSTEEL, BE, 05-Jan-2023,3.75,3.9,3.9,3.6,3.7,3.7,3.68,22465,0.83,74, -, -,,2023-01-05
NAUKRI, EQ, 05-Jan-2023,3827.05,3847.0,3847.2,3700.0,3725.0,3718.95,3753.79,507840,19063.24,50978, 149500, 29.44,0.29438405797101447,2023-01-05
NAVA, EQ, 05-Jan-2023,246.7,248.2,250.8,243.5,246.35,246.8,246.98,770228,1902.29,12579, 253907, 32.97,0.32965173948493176,2023-01-05
NAVINFLUOR, EQ, 05-Jan-2023,3942.05,3954.9,3979.9,3924.0,3937.05,3943.3,3950.06,93908,3709.43,14813, 37574, 40.01,0.4001150061762576,2023-01-05
NAVKARCORP, EQ, 05-Jan-2023,64.95,64.6,65.3,63.2,64.25,64.05,64.07,435760,279.2,2749, 175202, 40.21,0.40206076739489627,2023-01-05
NAVNETEDUL, EQ, 05-Jan-2023,121.15,121.95,122.0,117.7,118.85,119.2,119.12,159662,190.19,2851, 82533, 51.69,0.516923250366399,2023-01-05
NAZARA, EQ, 05-Jan-2023,587.55,588.0,590.65,580.8,583.5,585.5,584.67,97071,567.55,5924, 27060, 27.88,0.27876502766016625,2023-01-05
NBCC, EQ, 05-Jan-2023,40.0,40.2,40.35,39.15,39.9,39.8,39.77,4256922,1693.17,8949, 1102329, 25.89,0.25894977638772804,2023-01-05
NBIFIN, EQ, 05-Jan-2023,1697.45,1699.35,1700.0,1699.35,1700.0,1700.0,1699.78,3,0.05,3, 2, 66.67,0.6666666666666666,2023-01-05
NCC, EQ, 05-Jan-2023,91.15,91.45,93.95,89.3,92.9,93.25,92.33,12283099,11340.47,32135, 3363480, 27.38,0.2738299186548932,2023-01-05
NCLIND, EQ, 05-Jan-2023,176.75,176.5,176.65,174.2,175.5,174.85,175.21,24421,42.79,865, 15514, 63.53,0.6352729208468122,2023-01-05
NDGL, EQ, 05-Jan-2023,1396.35,1363.1,1397.85,1356.25,1356.25,1364.3,1369.41,186,2.55,52, 94, 50.54,0.5053763440860215,2023-01-05
NDL, EQ, 05-Jan-2023,25.5,25.75,26.0,25.05,25.25,25.45,25.45,70219,17.87,515, 34614, 49.29,0.49294350531907316,2023-01-05
NDRAUTO, EQ, 05-Jan-2023,558.45,597.8,619.8,592.0,598.0,598.05,603.74,54234,327.43,3586, 21609, 39.84,0.3984400929306339,2023-01-05
NDTV, EQ, 05-Jan-2023,333.8,336.0,338.7,321.0,326.2,323.95,329.28,837836,2758.84,9967, 532008, 63.50,0.6349786831790469,2023-01-05
NECCLTD, EQ, 05-Jan-2023,24.65,25.35,25.35,24.65,24.75,24.75,24.77,106743,26.44,165, 97815, 91.64,0.9163598549787808,2023-01-05
NECLIFE, EQ, 05-Jan-2023,23.95,24.1,24.1,23.4,23.65,23.55,23.71,240323,56.98,1112, 122176, 50.84,0.5083824685943501,2023-01-05
NELCAST, EQ, 05-Jan-2023,113.1,115.0,117.5,112.0,117.4,116.35,114.56,1124546,1288.33,11386, 321067, 28.55,0.28550810727173453,2023-01-05
NELCO, EQ, 05-Jan-2023,688.0,693.95,694.0,677.6,684.0,684.0,684.95,37116,254.22,3258, 18405, 49.59,0.4958777885548012,2023-01-05
NEOGEN, EQ, 05-Jan-2023,1248.5,1260.0,1260.0,1233.8,1250.0,1249.0,1246.39,13198,164.5,2053, 8251, 62.52,0.6251704803758145,2023-01-05
NESCO, EQ, 05-Jan-2023,612.3,615.0,615.4,601.0,604.0,604.55,606.23,52094,315.81,6192, 32218, 61.85,0.6184589396091681,2023-01-05
NESTLEIND, EQ, 05-Jan-2023,19519.9,19540.0,19894.15,19519.5,19773.0,19776.0,19731.65,51393,10140.69,17694, 22835, 44.43,0.444321211059872,2023-01-05
NETF, EQ, 05-Jan-2023,189.51,193.34,193.34,187.54,187.77,188.16,188.69,833,1.57,72, 335, 40.22,0.4021608643457383,2023-01-05
NETWORK18, EQ, 05-Jan-2023,65.75,66.25,66.45,64.7,65.8,65.75,65.6,663885,435.51,3424, 317305, 47.80,0.47795175369228105,2023-01-05
NEULANDLAB, EQ, 05-Jan-2023,1811.15,1820.0,1832.5,1774.2,1790.0,1802.05,1798.74,42193,758.94,4988, 19869, 47.09,0.4709074965041595,2023-01-05
NEWGEN, EQ, 05-Jan-2023,368.25,369.3,371.9,363.0,364.0,363.8,366.42,52627,192.84,4291, 29570, 56.19,0.5618788834628613,2023-01-05
NEXTMEDIA, BE, 05-Jan-2023,6.85,6.65,6.85,6.6,6.6,6.6,6.63,7748,0.51,34, -, -,,2023-01-05
NFL, EQ, 05-Jan-2023,76.0,76.35,77.1,73.8,74.75,75.0,75.29,9144704,6884.8,22328, 1515725, 16.57,0.16574894058900103,2023-01-05
NGIL, EQ, 05-Jan-2023,84.55,84.55,85.75,82.2,83.2,83.7,83.71,15142,12.68,193, 11322, 74.77,0.7477215691454233,2023-01-05
NGLFINE, EQ, 05-Jan-2023,1524.25,1533.1,1533.1,1497.05,1521.0,1516.1,1504.65,6143,92.43,898, 4900, 79.77,0.7976558684681752,2023-01-05
NH, EQ, 05-Jan-2023,729.8,731.15,737.0,716.55,725.5,724.3,722.98,158561,1146.36,10027, 95476, 60.21,0.6021405011320564,2023-01-05
NHPC, EQ, 05-Jan-2023,39.75,40.0,40.1,38.85,39.35,39.2,39.26,7073157,2776.73,14871, 3951862, 55.87,0.5587126088110302,2023-01-05
NIACL, EQ, 05-Jan-2023,137.9,138.55,138.85,133.05,134.2,135.3,135.18,4059355,5487.32,22824, 605051, 14.91,0.1490510191890091,2023-01-05
NIBL, EQ, 05-Jan-2023,22.1,22.85,23.0,21.25,22.0,22.05,22.21,24272,5.39,212, 4016, 16.55,0.16545814106789716,2023-01-05
NIF100BEES, EQ, 05-Jan-2023,189.08,190.99,196.67,187.75,196.67,191.92,189.9,8278,15.72,242, 5926, 71.59,0.7158733993718289,2023-01-05
NIFTYBEES, EQ, 05-Jan-2023,197.67,198.95,198.95,195.0,197.28,197.07,197.04,3469951,6837.24,39452, 2260298, 65.14,0.6513919072632438,2023-01-05
NIFTYQLITY, EQ, 05-Jan-2023,14.21,14.29,14.46,14.2,14.22,14.21,14.29,22060,3.15,312, 5253, 23.81,0.23812330009066182,2023-01-05
NIITLTD, EQ, 05-Jan-2023,310.4,311.0,312.8,307.6,310.0,310.35,309.95,124924,387.2,4595, 51097, 40.90,0.4090246870097019,2023-01-05
NILAINFRA, EQ, 05-Jan-2023,6.9,6.9,6.95,6.7,6.9,6.85,6.84,183991,12.58,256, 111130, 60.40,0.6039969346326722,2023-01-05
NILASPACES, EQ, 05-Jan-2023,3.55,3.55,3.65,3.5,3.5,3.5,3.52,266806,9.38,207, 213023, 79.84,0.7984190760327728,2023-01-05
NILKAMAL, EQ, 05-Jan-2023,1912.45,1910.0,1920.0,1900.0,1903.65,1915.3,1909.14,829,15.83,318, 500, 60.31,0.6031363088057901,2023-01-05
NIPPOBATRY, EQ, 05-Jan-2023,401.4,404.1,404.8,389.75,394.65,393.6,393.39,3188,12.54,381, 1963, 61.57,0.6157465495608532,2023-01-05
NIRAJ, EQ, 05-Jan-2023,32.85,33.0,33.45,32.0,32.5,32.75,32.71,27957,9.15,319, 11603, 41.50,0.415030224988375,2023-01-05
NITCO, EQ, 05-Jan-2023,27.85,28.3,29.05,26.6,28.1,28.15,28.36,122555,34.75,973, 67226, 54.85,0.5485373913753009,2023-01-05
NITINSPIN, EQ, 05-Jan-2023,207.1,208.0,208.0,203.1,207.0,206.4,205.48,68870,141.51,2166, 44042, 63.95,0.6394947001597212,2023-01-05
NITIRAJ, EQ, 05-Jan-2023,76.3,74.6,77.25,73.25,76.8,74.4,75.21,4415,3.32,126, 3256, 73.75,0.7374858437146092,2023-01-05
NKIND, EQ, 05-Jan-2023,39.65,41.35,41.35,38.55,39.95,39.95,39.48,1058,0.42,29, 727, 68.71,0.6871455576559546,2023-01-05
NLCINDIA, EQ, 05-Jan-2023,83.85,84.9,85.25,81.8,83.65,84.05,83.46,1819383,1518.38,10625, 500946, 27.53,0.2753383976875677,2023-01-05
NMDC, EQ, 05-Jan-2023,121.6,122.25,122.5,120.2,122.15,121.85,121.44,7666467,9309.83,34192, 2850154, 37.18,0.37176889954655773,2023-01-05
NOCIL, EQ, 05-Jan-2023,238.85,239.35,239.8,234.1,235.15,235.85,236.11,220173,519.86,6780, 93331, 42.39,0.42389847983176865,2023-01-05
NOIDATOLL, EQ, 05-Jan-2023,7.9,8.0,8.0,7.8,7.95,7.9,7.88,35131,2.77,65, 31577, 89.88,0.8988357860578976,2023-01-05
NOVARTIND, EQ, 05-Jan-2023,669.7,676.0,676.0,665.9,671.3,669.95,670.28,3501,23.47,348, 1680, 47.99,0.47986289631533846,2023-01-05
NPBET, EQ, 05-Jan-2023,222.96,218.75,226.98,218.75,219.79,220.81,220.8,989,2.18,31, 340, 34.38,0.3437815975733064,2023-01-05
NRAIL, EQ, 05-Jan-2023,290.0,290.1,295.9,289.35,290.0,290.9,291.71,5191,15.14,278, 3320, 63.96,0.6395684839144673,2023-01-05
NRBBEARING, EQ, 05-Jan-2023,155.0,156.8,156.8,154.15,154.55,154.7,155.06,96741,150.01,2355, 54381, 56.21,0.5621298105250101,2023-01-05
NSIL, EQ, 05-Jan-2023,2266.2,2270.0,2360.0,2252.05,2280.0,2294.0,2281.5,1144,26.1,369, 743, 64.95,0.6494755244755245,2023-01-05
NTPC, EQ, 05-Jan-2023,166.6,168.0,170.35,167.15,169.6,169.9,168.95,18887530,31910.69,93392, 10264167, 54.34,0.543436171908132,2023-01-05
NUCLEUS, EQ, 05-Jan-2023,384.3,384.3,389.35,383.05,386.5,387.5,386.82,6670,25.8,430, 5087, 76.27,0.7626686656671664,2023-01-05
NURECA, EQ, 05-Jan-2023,491.15,495.95,495.95,488.0,492.5,491.95,490.53,91108,446.91,3949, 28018, 30.75,0.30752513500460993,2023-01-05
NUVOCO, EQ, 05-Jan-2023,368.25,367.0,376.65,363.55,368.75,368.6,371.79,96005,356.93,6731, 39515, 41.16,0.4115931461903026,2023-01-05
NV20BEES, EQ, 05-Jan-2023,101.54,101.54,102.21,101.14,102.21,101.66,101.67,5104,5.19,98, 3045, 59.66,0.5965909090909091,2023-01-05
NXTDIGITAL, BE, 05-Jan-2023,136.95,140.4,140.4,134.7,136.3,136.05,135.79,11473,15.58,126, -, -,,2023-01-05
NYKAA, EQ, 05-Jan-2023,153.5,153.7,155.0,152.15,153.7,154.05,153.53,2164965,3323.96,28313, 895357, 41.36,0.41356650107507514,2023-01-05
OAL, EQ, 05-Jan-2023,408.05,415.0,434.55,408.2,426.0,426.45,423.15,9426,39.89,882, 5106, 54.17,0.5416931890515595,2023-01-05
OBCL, EQ, 05-Jan-2023,79.45,79.0,88.0,79.0,86.5,86.3,83.13,89627,74.51,2434, 46964, 52.40,0.5239938857710288,2023-01-05
OBEROIRLTY, EQ, 05-Jan-2023,860.2,860.5,870.55,847.5,857.0,858.95,859.33,468558,4026.46,13388, 134128, 28.63,0.2862569841940592,2023-01-05
OCCL, EQ, 05-Jan-2023,784.85,792.4,803.95,778.1,783.0,782.5,790.11,5290,41.8,595, 3579, 67.66,0.6765595463137997,2023-01-05
OFSS, EQ, 05-Jan-2023,3014.4,3029.5,3029.5,2991.7,3004.0,3006.85,3001.84,26234,787.5,5743, 14256, 54.34,0.5434169398490508,2023-01-05
OIL, EQ, 05-Jan-2023,207.9,206.8,211.45,205.5,210.3,210.4,208.43,752732,1568.95,12123, 321437, 42.70,0.42702714910486067,2023-01-05
OILCOUNTUB, EQ, 05-Jan-2023,18.0,18.0,18.15,17.5,17.5,17.85,17.83,44954,8.01,292, 16114, 35.85,0.35845530987231394,2023-01-05
OLECTRA, EQ, 05-Jan-2023,499.4,502.0,599.25,499.8,502.95,506.2,513.68,424276,2179.41,15816, 143192, 33.75,0.337497289500231,2023-01-05
OMAXAUTO, EQ, 05-Jan-2023,66.1,67.0,67.2,63.35,64.9,64.1,65.15,88838,57.88,1796, 47836, 53.85,0.5384632702222022,2023-01-05
OMAXE, EQ, 05-Jan-2023,71.95,73.0,73.0,70.55,70.55,70.95,71.42,61905,44.22,731, 48183, 77.83,0.7783377756239399,2023-01-05
OMINFRAL, EQ, 05-Jan-2023,41.1,41.4,42.2,39.8,40.25,40.45,40.92,106103,43.41,655, 50616, 47.70,0.4770458893716483,2023-01-05
OMKARCHEM, BZ, 05-Jan-2023,15.9,15.9,15.9,15.3,15.3,15.35,15.51,6777,1.05,70, -, -,,2023-01-05
ONELIFECAP, EQ, 05-Jan-2023,14.25,14.25,14.8,13.6,14.0,14.05,14.11,7762,1.1,107, 5672, 73.07,0.7307395001288328,2023-01-05
ONEPOINT, EQ, 05-Jan-2023,15.7,16.0,16.0,15.55,16.0,15.9,15.8,498669,78.78,390, 251555, 50.45,0.5044528534960063,2023-01-05
ONGC, EQ, 05-Jan-2023,146.25,145.85,147.0,144.15,146.45,146.5,146.03,16320559,23832.14,63651, 9161480, 56.13,0.5613459686031588,2023-01-05
ONMOBILE, EQ, 05-Jan-2023,100.1,100.0,100.0,97.0,97.05,97.4,97.88,493653,483.19,4674, 185903, 37.66,0.37658638760424834,2023-01-05
ONWARDTEC, EQ, 05-Jan-2023,296.75,300.2,306.95,297.0,297.2,301.7,300.64,2166,6.51,258, 1041, 48.06,0.4806094182825485,2023-01-05
OPTIEMUS, EQ, 05-Jan-2023,303.75,306.55,310.95,301.5,303.0,303.15,304.26,230334,700.81,1913, 176934, 76.82,0.7681627549558467,2023-01-05
ORBTEXP, EQ, 05-Jan-2023,159.5,163.85,163.85,155.8,156.6,156.9,158.87,15147,24.06,701, 7442, 49.13,0.4913184128870403,2023-01-05
ORCHPHARMA, BE, 05-Jan-2023,375.15,372.0,379.0,361.55,375.0,377.6,372.4,2328,8.67,74, -, -,,2023-01-05
ORICONENT, EQ, 05-Jan-2023,27.05,27.15,27.25,26.8,27.1,27.0,27.01,130262,35.19,476, 74400, 57.12,0.5711565920990005,2023-01-05
ORIENTABRA, EQ, 05-Jan-2023,28.5,28.9,28.9,28.1,28.25,28.3,28.38,35284,10.01,387, 23662, 67.06,0.6706155764652534,2023-01-05
ORIENTALTL, EQ, 05-Jan-2023,8.35,8.35,8.45,8.15,8.15,8.2,8.25,25734,2.12,114, 20149, 78.30,0.7829719437320277,2023-01-05
ORIENTBELL, EQ, 05-Jan-2023,530.2,534.9,537.95,522.45,525.05,530.45,531.91,5012,26.66,424, 2521, 50.30,0.5029928172386273,2023-01-05
ORIENTCEM, EQ, 05-Jan-2023,138.25,139.0,143.3,133.85,139.0,139.3,138.67,4026502,5583.38,30239, 900365, 22.36,0.2236097237751279,2023-01-05
ORIENTELEC, EQ, 05-Jan-2023,264.0,265.0,265.35,262.25,265.0,264.85,264.43,70881,187.43,3164, 43033, 60.71,0.6071161524244861,2023-01-05
ORIENTHOT, EQ, 05-Jan-2023,71.5,71.45,71.8,70.2,71.2,71.4,70.96,1363296,967.38,8925, 101064, 7.41,0.0741321033730019,2023-01-05
ORIENTLTD, EQ, 05-Jan-2023,62.7,62.7,64.9,62.7,64.15,64.15,63.94,1998,1.28,85, 1349, 67.52,0.6751751751751752,2023-01-05
ORIENTPPR, EQ, 05-Jan-2023,41.05,41.25,42.9,41.25,41.9,41.9,42.33,4234977,1792.5,9065, 1512041, 35.70,0.35703641365702815,2023-01-05
ORISSAMINE, EQ, 05-Jan-2023,2880.75,2856.0,2913.0,2840.0,2851.0,2858.45,2875.08,2063,59.31,399, 1407, 68.20,0.6820164808531265,2023-01-05
ORTINLAB, EQ, 05-Jan-2023,23.75,23.65,24.5,23.65,23.9,23.9,24.01,26176,6.28,192, 16486, 62.98,0.6298135696821516,2023-01-05
OSIAHYPER, EQ, 05-Jan-2023,273.05,273.05,277.0,270.0,274.0,273.95,274.28,2450,6.72,124, 1607, 65.59,0.6559183673469388,2023-01-05
OSWALAGRO, EQ, 05-Jan-2023,39.95,40.2,41.2,39.8,41.0,40.9,40.66,96772,39.35,878, 49900, 51.56,0.5156450212871492,2023-01-05
PAGEIND, EQ, 05-Jan-2023,42159.9,42198.0,42385.0,41900.0,42202.8,42302.9,42106.66,29884,12583.15,7735, 21048, 70.43,0.704323383750502,2023-01-05
PAISALO, EQ, 05-Jan-2023,79.55,78.0,79.3,76.5,77.8,77.95,77.7,308618,239.79,1024, 224035, 72.59,0.7259297902261047,2023-01-05
PALASHSECU, BE, 05-Jan-2023,137.35,136.8,136.8,133.0,135.0,134.95,134.72,823,1.11,25, -, -,,2023-01-05
PALREDTEC, EQ, 05-Jan-2023,185.55,188.9,190.1,180.0,180.2,180.9,183.7,22950,42.16,755, 12985, 56.58,0.5657952069716775,2023-01-05
PANACEABIO, EQ, 05-Jan-2023,140.15,140.5,140.5,138.15,138.65,138.75,139.1,64692,89.99,1539, 34828, 53.84,0.538366413157732,2023-01-05
PANACHE, EQ, 05-Jan-2023,58.6,59.95,59.95,57.15,58.0,58.0,57.71,6852,3.95,85, 5763, 84.11,0.8410683012259195,2023-01-05
PANAMAPET, EQ, 05-Jan-2023,344.4,343.5,357.4,343.5,355.95,354.5,350.95,83497,293.04,5062, 48110, 57.62,0.5761883660490796,2023-01-05
PANSARI, EQ, 05-Jan-2023,69.75,71.85,73.2,68.45,73.2,72.9,72.02,2013,1.45,119, 1495, 74.27,0.7426726279185295,2023-01-05
PAR, EQ, 05-Jan-2023,154.9,155.0,157.0,152.1,155.4,154.8,154.2,4243,6.54,221, 2170, 51.14,0.5114305915625736,2023-01-05
PARACABLES, BE, 05-Jan-2023,40.2,39.8,42.2,39.25,42.2,42.1,41.15,1481843,609.75,3378, -, -,,2023-01-05
PARADEEP, EQ, 05-Jan-2023,58.85,58.9,60.0,58.7,59.15,59.2,59.23,2095369,1241.06,7511, 771701, 36.83,0.3682888312273399,2023-01-05
PARAGMILK, EQ, 05-Jan-2023,101.5,102.15,102.45,99.05,100.8,100.5,100.56,321704,323.5,3905, 196409, 61.05,0.6105270683609778,2023-01-05
PARAS, EQ, 05-Jan-2023,592.6,595.6,596.4,586.65,587.25,589.85,590.03,43360,255.84,3718, 20835, 48.05,0.4805119926199262,2023-01-05
PARASPETRO, BE, 05-Jan-2023,1.2,1.15,1.15,1.15,1.15,1.15,1.15,29294,0.34,73, -, -,,2023-01-05
PARSVNATH, EQ, 05-Jan-2023,9.55,9.7,9.8,9.25,9.5,9.5,9.5,181479,17.24,520, 112655, 62.08,0.6207605287664137,2023-01-05
PASUPTAC, EQ, 05-Jan-2023,33.5,33.8,34.0,33.2,33.4,33.4,33.53,22999,7.71,276, 8987, 39.08,0.390756119831297,2023-01-05
PATANJALI, BE, 05-Jan-2023,1193.9,1204.5,1208.95,1159.0,1188.0,1187.4,1176.98,110825,1304.39,8761, -, -,,2023-01-05
PATELENG, EQ, 05-Jan-2023,19.15,19.25,19.3,18.95,19.05,19.05,19.09,641763,122.49,1071, 492097, 76.68,0.7667892976067489,2023-01-05
PATINTLOG, EQ, 05-Jan-2023,14.65,14.7,14.7,14.1,14.15,14.35,14.32,198738,28.46,616, 133395, 67.12,0.6712103372279081,2023-01-05
PAYTM, EQ, 05-Jan-2023,540.3,543.5,544.2,533.85,536.4,541.5,539.61,1526010,8234.55,35885, 591515, 38.76,0.38762196840125557,2023-01-05
PCBL, EQ, 05-Jan-2023,129.05,129.55,130.4,128.0,129.2,128.95,128.95,581253,749.54,7442, 244303, 42.03,0.42030406724782493,2023-01-05
PCJEWELLER, EQ, 05-Jan-2023,78.95,79.95,80.3,76.8,77.35,77.25,78.34,595983,466.89,5926, 325351, 54.59,0.5459065107561792,2023-01-05
PDMJEPAPER, EQ, 05-Jan-2023,47.0,47.2,48.75,46.55,47.8,47.65,47.67,386535,184.26,2639, 118532, 30.67,0.306652696392306,2023-01-05
PDSL, EQ, 05-Jan-2023,349.9,355.0,355.0,346.2,347.5,348.8,349.19,29952,104.59,1797, 17814, 59.48,0.5947516025641025,2023-01-05
PEARLPOLY, EQ, 05-Jan-2023,23.65,23.9,28.3,22.7,27.9,27.9,27.08,1051907,284.83,4156, 394596, 37.51,0.37512441689236786,2023-01-05
PEL, EQ, 05-Jan-2023,815.95,816.0,822.0,797.0,806.9,804.15,805.13,1275915,10272.78,35721, 436909, 34.24,0.3424279830552976,2023-01-05
PENIND, EQ, 05-Jan-2023,57.0,57.1,58.8,56.65,57.1,57.55,57.56,332780,191.54,2723, 158945, 47.76,0.47762786225133724,2023-01-05
PENINLAND, EQ, 05-Jan-2023,12.45,12.5,12.65,12.25,12.6,12.45,12.45,177405,22.09,267, 151027, 85.13,0.8513119697866464,2023-01-05
PERSISTENT, EQ, 05-Jan-2023,3928.95,3942.0,3965.65,3882.0,3947.0,3929.45,3921.45,225406,8839.18,21051, 71231, 31.60,0.31601199613142505,2023-01-05
PETRONET, EQ, 05-Jan-2023,216.55,217.8,221.0,215.6,221.0,220.5,219.08,3054569,6692.05,33412, 1915286, 62.70,0.6270233214571352,2023-01-05
PFC, EQ, 05-Jan-2023,154.5,154.5,158.0,152.6,157.0,156.9,155.45,11390782,17706.7,80695, 5313233, 46.65,0.46645024020299924,2023-01-05
PFIZER, EQ, 05-Jan-2023,4361.55,4361.55,4383.95,4351.0,4372.0,4370.95,4369.15,2496,109.05,736, 1638, 65.63,0.65625,2023-01-05
PFOCUS, EQ, 05-Jan-2023,72.3,72.2,73.7,71.5,72.2,72.4,72.64,17397,12.64,321, 9085, 52.22,0.5222164741047307,2023-01-05
PFS, EQ, 05-Jan-2023,16.6,16.9,16.9,16.05,16.6,16.6,16.54,535981,88.65,844, 318151, 59.36,0.5935863398142844,2023-01-05
PGEL, EQ, 05-Jan-2023,1086.5,1086.5,1109.9,1082.0,1109.0,1106.8,1097.88,16275,178.68,2058, 10476, 64.37,0.6436866359447004,2023-01-05
PGHH, EQ, 05-Jan-2023,14050.8,14118.0,14199.0,13984.4,14052.75,14110.3,14084.25,3072,432.67,1582, 1475, 48.01,0.4801432291666667,2023-01-05
PGHL, EQ, 05-Jan-2023,4022.5,4047.55,4047.55,3975.1,4025.0,4025.25,4011.25,6091,244.33,1721, 4540, 74.54,0.745362009522246,2023-01-05
PGIL, EQ, 05-Jan-2023,400.6,404.8,409.8,392.7,399.0,397.15,400.66,7049,28.24,487, 2543, 36.08,0.36076039154489997,2023-01-05
PHARMABEES, EQ, 05-Jan-2023,12.75,12.51,12.87,12.5,12.84,12.85,12.81,1120920,143.63,2357, 980938, 87.51,0.8751186525354173,2023-01-05
PHOENIXLTD, EQ, 05-Jan-2023,1402.2,1405.0,1421.0,1390.25,1420.0,1415.1,1408.75,165264,2328.16,19482, 123292, 74.60,0.7460305934746829,2023-01-05
PIDILITIND, EQ, 05-Jan-2023,2510.95,2520.0,2554.0,2510.95,2524.2,2518.1,2528.07,243997,6168.41,19869, 130440, 53.46,0.5345967368451251,2023-01-05
PIIND, EQ, 05-Jan-2023,3340.5,3344.95,3368.25,3312.65,3321.5,3328.25,3336.8,194133,6477.82,25050, 111733, 57.55,0.5755487217526128,2023-01-05
PILANIINVS, EQ, 05-Jan-2023,1912.85,1909.2,1929.75,1908.55,1929.75,1925.45,1920.49,1189,22.83,263, 809, 68.04,0.68040370058873,2023-01-05
PILITA, EQ, 05-Jan-2023,8.25,8.25,8.3,8.0,8.0,8.05,8.1,219183,17.75,515, 184847, 84.33,0.8433455149350086,2023-01-05
PIONDIST, EQ, 05-Jan-2023,179.65,183.8,183.8,178.05,180.5,180.55,180.03,5928,10.67,217, 4214, 71.09,0.7108636977058029,2023-01-05
PIONEEREMB, EQ, 05-Jan-2023,42.65,43.0,43.4,41.95,42.2,42.15,42.6,10515,4.48,179, 6292, 59.84,0.5983832620066571,2023-01-05
PITTIENG, EQ, 05-Jan-2023,316.15,318.45,319.1,309.45,310.2,310.85,314.54,80638,253.64,2646, 27993, 34.71,0.3471440263895434,2023-01-05
PIXTRANS, EQ, 05-Jan-2023,847.0,854.0,854.95,832.0,844.0,840.25,844.73,5796,48.96,934, 3263, 56.30,0.5629744651483782,2023-01-05
PKTEA, BE, 05-Jan-2023,237.0,238.1,244.95,235.0,235.0,235.2,236.8,347,0.82,23, -, -,,2023-01-05
PLASTIBLEN, EQ, 05-Jan-2023,184.5,185.5,186.95,182.0,182.4,182.95,183.87,6265,11.52,423, 3753, 59.90,0.5990422984836392,2023-01-05
PNB, EQ, 05-Jan-2023,56.25,56.7,57.15,55.45,56.95,56.75,56.26,82173647,46231.76,114052, 9516298, 11.58,0.11580717599159254,2023-01-05
PNBGILTS, EQ, 05-Jan-2023,63.65,64.0,64.0,62.75,63.45,63.25,63.24,144364,91.3,1615, 85490, 59.22,0.5921836468925771,2023-01-05
PNBHOUSING, EQ, 05-Jan-2023,555.95,557.4,577.0,548.9,559.95,562.6,564.29,2913217,16438.89,61361, 275224, 9.45,0.09447425303367377,2023-01-05
PNC, EQ, 05-Jan-2023,40.75,41.6,42.5,40.1,40.1,40.45,41.17,29849,12.29,687, 14798, 49.58,0.4957620020771215,2023-01-05
PNCINFRA, EQ, 05-Jan-2023,302.55,303.0,313.95,300.5,302.9,304.35,307.28,691708,2125.5,14750, 198587, 28.71,0.28709657832495794,2023-01-05
PODDARHOUS, EQ, 05-Jan-2023,221.0,223.0,223.0,209.95,209.95,209.95,210.86,8204,17.3,172, 6303, 76.83,0.7682837640175524,2023-01-05
PODDARMENT, EQ, 05-Jan-2023,271.55,273.0,273.0,263.4,269.9,266.15,267.64,3482,9.32,297, 1612, 46.30,0.462952326249282,2023-01-05
POKARNA, EQ, 05-Jan-2023,405.05,417.0,425.35,408.6,422.0,422.3,417.28,185790,775.26,7069, 68513, 36.88,0.3687658108617256,2023-01-05
POLICYBZR, EQ, 05-Jan-2023,452.6,452.0,472.85,449.15,467.5,464.9,462.72,2357522,10908.63,43749, 1023856, 43.43,0.43429329609649453,2023-01-05
POLYCAB, EQ, 05-Jan-2023,2596.6,2600.0,2655.95,2592.25,2645.45,2648.45,2631.59,336238,8848.39,26671, 87205, 25.94,0.2593549806981959,2023-01-05
POLYMED, EQ, 05-Jan-2023,902.15,897.65,910.8,897.65,907.9,905.4,905.19,13615,123.24,2154, 8232, 60.46,0.6046272493573265,2023-01-05
POLYPLEX, EQ, 05-Jan-2023,1567.45,1569.1,1585.4,1552.1,1575.0,1564.65,1564.85,32487,508.37,5407, 16710, 51.44,0.5143595899898421,2023-01-05
PONNIERODE, EQ, 05-Jan-2023,486.7,490.45,495.4,470.0,480.0,480.0,481.53,128091,616.8,5231, 45019, 35.15,0.35146107064508825,2023-01-05
POONAWALLA, EQ, 05-Jan-2023,298.35,300.0,302.25,291.2,292.95,292.75,295.97,2263047,6697.96,23086, 909347, 40.18,0.4018241777568031,2023-01-05
POWERGRID, EQ, 05-Jan-2023,211.05,211.9,211.9,206.6,209.0,208.8,208.45,15955132,33258.09,87266, 11259414, 70.57,0.7056923126677986,2023-01-05
POWERINDIA, EQ, 05-Jan-2023,3324.8,3321.35,3343.0,3205.8,3253.0,3233.35,3260.13,14048,457.98,4427, 5397, 38.42,0.38418280182232345,2023-01-05
POWERMECH, EQ, 05-Jan-2023,2139.0,2147.65,2157.3,2035.0,2082.0,2085.05,2099.88,26474,555.92,4928, 12411, 46.88,0.4687995769434162,2023-01-05
PPAP, BE, 05-Jan-2023,239.45,239.0,243.2,232.0,236.0,236.0,233.34,1340,3.13,26, -, -,,2023-01-05
PPL, EQ, 05-Jan-2023,164.0,164.0,164.3,162.2,163.0,162.6,163.03,18269,29.78,954, 11745, 64.29,0.6428923312715529,2023-01-05
PPLPHARMA, EQ, 05-Jan-2023,119.9,120.5,120.8,118.0,118.6,118.7,119.27,1662280,1982.63,15239, 1108536, 66.69,0.6668768197896865,2023-01-05
PRAENG, EQ, 05-Jan-2023,16.0,16.3,16.7,16.0,16.4,16.2,16.27,155640,25.32,817, 73215, 47.04,0.4704124903623747,2023-01-05
PRAJIND, EQ, 05-Jan-2023,364.95,362.55,370.6,362.55,368.0,368.0,367.65,568447,2089.88,12168, 220042, 38.71,0.3870932558356364,2023-01-05
PRAKASH, EQ, 05-Jan-2023,57.35,57.6,59.45,57.05,59.0,58.95,57.97,1062246,615.73,7871, 475565, 44.77,0.44769761430026567,2023-01-05
PRAKASHSTL, EQ, 05-Jan-2023,4.95,5.0,5.0,4.95,5.0,4.95,4.97,244057,12.12,537, 168330, 68.97,0.6897159270170493,2023-01-05
PRAXIS, EQ, 05-Jan-2023,28.75,29.4,29.4,28.0,28.1,28.3,28.44,12566,3.57,336, 7847, 62.45,0.6244628362247334,2023-01-05
PRECAM, EQ, 05-Jan-2023,120.5,120.5,121.35,111.2,115.9,115.9,115.42,420918,485.83,6289, 134114, 31.86,0.31862262958581006,2023-01-05
PRECOT, EQ, 05-Jan-2023,190.65,190.0,193.7,190.0,191.25,191.3,191.06,2914,5.57,98, 1920, 65.89,0.6588881262868909,2023-01-05
PRECWIRE, EQ, 05-Jan-2023,83.9,83.15,83.45,80.3,82.75,81.85,82.03,1065304,873.91,7947, 475915, 44.67,0.4467410241583623,2023-01-05
PREMEXPLN, EQ, 05-Jan-2023,422.6,419.5,419.5,406.1,407.6,410.4,410.89,13504,55.49,365, 11310, 83.75,0.8375296208530806,2023-01-05
PREMIER, BE, 05-Jan-2023,3.2,3.2,3.25,3.05,3.15,3.05,3.13,32923,1.03,56, -, -,,2023-01-05
PREMIERPOL, EQ, 05-Jan-2023,99.65,101.75,103.0,98.3,98.4,99.3,100.1,16105,16.12,393, 7068, 43.89,0.4388699161751009,2023-01-05
PRESSMN, EQ, 05-Jan-2023,48.8,51.2,51.2,47.25,51.2,51.2,50.82,333850,169.66,984, 243731, 73.01,0.7300614048225251,2023-01-05
PRESTIGE, EQ, 05-Jan-2023,465.5,466.95,474.8,464.0,471.0,473.0,469.31,308098,1445.95,10614, 161201, 52.32,0.5232133931411435,2023-01-05
PRICOLLTD, EQ, 05-Jan-2023,190.15,191.25,192.3,188.8,191.0,191.15,190.25,242970,462.25,3581, 81855, 33.69,0.33689344363501667,2023-01-05
PRIMESECU, EQ, 05-Jan-2023,102.95,103.3,104.5,100.5,103.95,103.4,102.55,115061,118.0,561, 79681, 69.25,0.6925109289854946,2023-01-05
PRINCEPIPE, EQ, 05-Jan-2023,586.3,585.95,599.0,582.2,590.8,590.05,590.72,92362,545.6,7554, 46638, 50.49,0.5049479223057102,2023-01-05
PRITI, BE, 05-Jan-2023,150.4,150.4,157.9,146.4,157.9,157.4,153.14,10924,16.73,311, -, -,,2023-01-05
PRITIKAUTO, EQ, 05-Jan-2023,16.05,16.2,17.45,16.0,17.1,17.05,16.73,763115,127.66,1743, 462528, 60.61,0.6061052397083009,2023-01-05
PRIVISCL, EQ, 05-Jan-2023,1156.3,1145.0,1151.05,1125.45,1127.0,1129.0,1137.64,6611,75.21,1013, 3607, 54.56,0.5456058085009832,2023-01-05
PROZONINTU, EQ, 05-Jan-2023,32.35,32.55,33.4,31.6,32.25,32.25,32.5,805549,261.77,3036, 262532, 32.59,0.3259044452913479,2023-01-05
PRSMJOHNSN, EQ, 05-Jan-2023,111.5,113.0,113.4,108.75,109.8,109.8,111.01,1343286,1491.16,13099, 335778, 25.00,0.24996761672495657,2023-01-05
PRUDENT, EQ, 05-Jan-2023,1023.7,1025.0,1037.15,1011.4,1031.0,1030.05,1023.83,18481,189.21,2932, 5349, 28.94,0.28943239002218496,2023-01-05
PSB, EQ, 05-Jan-2023,33.1,33.3,33.5,31.8,32.7,32.6,32.67,2647153,864.95,5174, 858947, 32.45,0.3244795446277567,2023-01-05
PSPPROJECT, EQ, 05-Jan-2023,740.75,747.0,757.0,734.6,746.2,750.3,747.27,462573,3456.67,16445, 139053, 30.06,0.3006076878676447,2023-01-05
PSUBNKBEES, EQ, 05-Jan-2023,47.69,48.29,48.29,47.23,47.99,47.79,47.6,2265906,1078.66,4860, 1239024, 54.68,0.5468117388806067,2023-01-05
PTC, EQ, 05-Jan-2023,85.15,85.4,85.7,83.9,84.65,84.55,84.48,339625,286.92,4201, 182631, 53.77,0.5377430990062569,2023-01-05
PTL, EQ, 05-Jan-2023,31.95,32.2,33.0,31.9,32.5,32.6,32.44,130035,42.18,1199, 52601, 40.45,0.40451416926212175,2023-01-05
PUNJABCHEM, EQ, 05-Jan-2023,1130.95,1137.3,1137.3,1082.0,1091.5,1092.0,1099.3,4609,50.67,560, 3121, 67.72,0.6771533955304838,2023-01-05
PURVA, EQ, 05-Jan-2023,90.75,91.65,91.85,90.05,91.15,91.0,90.8,93192,84.62,1595, 38522, 41.34,0.41336166194523133,2023-01-05
PVP, EQ, 05-Jan-2023,10.2,10.4,10.4,9.95,10.1,10.1,10.09,278850,28.12,356, 213681, 76.63,0.7662937062937063,2023-01-05
PVR, EQ, 05-Jan-2023,1703.55,1713.0,1716.0,1665.05,1679.0,1676.75,1681.8,418733,7042.25,24552, 161448, 38.56,0.38556311539811766,2023-01-05
QGOLDHALF, EQ, 05-Jan-2023,47.74,47.89,47.89,47.48,47.55,47.54,47.62,14209,6.77,248, 8928, 62.83,0.6283341544091773,2023-01-05
QNIFTY, EQ, 05-Jan-2023,1909.26,1947.45,1947.46,1893.59,1906.99,1905.12,1908.76,236,4.5,69, 131, 55.51,0.5550847457627118,2023-01-05
QUESS, EQ, 05-Jan-2023,402.8,404.85,406.65,399.65,401.0,401.75,401.89,121075,486.59,8234, 71270, 58.86,0.5886434028494735,2023-01-05
QUICKHEAL, EQ, 05-Jan-2023,171.2,172.1,172.9,170.95,171.25,171.3,171.65,21391,36.72,929, 8374, 39.15,0.3914730494133047,2023-01-05
RADHIKAJWE, EQ, 05-Jan-2023,154.85,158.05,158.05,151.2,154.5,154.65,155.61,7088,11.03,356, 4931, 69.57,0.6956828442437923,2023-01-05
RADIANTCMS, EQ, 05-Jan-2023,104.9,106.4,108.8,103.25,105.5,106.1,106.03,3563069,3778.03,28970, 1280096, 35.93,0.3592678109798042,2023-01-05
RADICO, EQ, 05-Jan-2023,1048.55,1050.0,1055.7,1008.15,1013.0,1013.6,1023.64,144103,1475.1,10551, 59358, 41.19,0.41191370061691984,2023-01-05
RADIOCITY, EQ, 05-Jan-2023,26.35,26.5,26.95,26.1,26.75,26.85,26.6,4184230,1112.9,5665, 3398444, 81.22,0.8122029620742646,2023-01-05
RAILTEL, EQ, 05-Jan-2023,130.35,130.95,131.05,127.3,128.4,128.4,128.57,1635045,2102.24,11729, 464491, 28.41,0.28408453589962357,2023-01-05
RAIN, EQ, 05-Jan-2023,176.5,174.0,179.3,174.0,177.5,177.4,176.3,2189343,3859.91,14365, 297066, 13.57,0.13568728152692383,2023-01-05
RAINBOW, EQ, 05-Jan-2023,779.15,788.0,789.25,766.8,773.0,772.6,778.43,115503,899.11,11109, 62575, 54.18,0.5417608200652797,2023-01-05
RAJESHEXPO, EQ, 05-Jan-2023,776.55,768.75,789.45,743.55,747.0,754.45,770.97,379136,2923.04,16718, 112381, 29.64,0.29641342420661715,2023-01-05
RAJMET, EQ, 05-Jan-2023,20.5,21.85,24.4,21.0,21.5,21.2,22.32,2255649,503.49,5980, 718460, 31.85,0.31851586838200446,2023-01-05
RAJRATAN, EQ, 05-Jan-2023,869.3,872.0,879.0,865.0,874.0,873.15,871.56,22385,195.1,2825, 10247, 45.78,0.4577618941255305,2023-01-05
RAJRILTD, BE, 05-Jan-2023,38.35,39.1,39.1,39.1,39.1,39.1,39.1,687,0.27,20, -, -,,2023-01-05
RAJSREESUG, EQ, 05-Jan-2023,56.4,56.05,58.0,55.55,56.2,56.3,56.44,53896,30.42,543, 20608, 38.24,0.38236603829597743,2023-01-05
RAJTV, EQ, 05-Jan-2023,59.4,60.6,60.75,57.7,58.5,58.7,59.36,15234,9.04,414, 8917, 58.53,0.58533543389786,2023-01-05
RALLIS, EQ, 05-Jan-2023,248.2,248.45,249.4,242.05,244.4,244.9,245.14,237902,583.19,6479, 112360, 47.23,0.4722953148775546,2023-01-05
RAMANEWS, EQ, 05-Jan-2023,15.65,15.7,15.95,15.5,15.6,15.65,15.7,14660,2.3,117, 7026, 47.93,0.47926330150068214,2023-01-05
RAMAPHO, EQ, 05-Jan-2023,265.75,271.45,271.5,262.0,263.0,263.0,266.73,36284,96.78,3903, 9338, 25.74,0.25735861536765514,2023-01-05
RAMASTEEL, EQ, 05-Jan-2023,183.9,184.3,184.8,170.35,173.6,173.55,176.1,1320567,2325.51,65225, 684341, 51.82,0.5182175535205711,2023-01-05
RAMCOCEM, EQ, 05-Jan-2023,708.45,710.0,712.0,702.1,707.4,710.05,708.18,153672,1088.27,8129, 42268, 27.51,0.2750533604039773,2023-01-05
RAMCOIND, EQ, 05-Jan-2023,162.35,163.8,164.0,160.0,161.9,161.35,162.15,98364,159.5,1790, 64203, 65.27,0.6527083079175308,2023-01-05
RAMCOSYS, EQ, 05-Jan-2023,251.85,252.1,254.15,245.75,248.6,248.6,248.94,44212,110.06,2131, 24143, 54.61,0.5460734642178594,2023-01-05
RAMKY, EQ, 05-Jan-2023,302.75,303.2,309.8,301.0,305.9,304.85,305.5,72771,222.32,2810, 26617, 36.58,0.36576383449451016,2023-01-05
RAMRAT, EQ, 05-Jan-2023,172.45,171.0,176.65,169.15,170.0,170.8,171.24,14892,25.5,962, 7772, 52.19,0.521890948160086,2023-01-05
RANASUG, EQ, 05-Jan-2023,26.0,26.1,26.3,25.1,25.55,25.55,25.69,673719,173.1,2042, 371277, 55.11,0.5510858384578734,2023-01-05
RANEENGINE, EQ, 05-Jan-2023,223.75,224.0,230.0,223.25,223.6,224.65,226.43,10564,23.92,592, 6354, 60.15,0.6014767133661492,2023-01-05
RANEHOLDIN, EQ, 05-Jan-2023,898.3,899.0,906.55,882.1,886.15,886.4,895.02,6697,59.94,1166, 3076, 45.93,0.4593101388681499,2023-01-05
RATEGAIN, EQ, 05-Jan-2023,302.5,304.0,304.25,295.1,298.5,297.75,298.63,205200,612.79,5737, 89603, 43.67,0.4366617933723197,2023-01-05
RATNAMANI, EQ, 05-Jan-2023,2019.5,2023.3,2095.4,2007.95,2085.0,2073.6,2054.33,26136,536.92,3956, 15934, 60.97,0.609657177838996,2023-01-05
RAYMOND, EQ, 05-Jan-2023,1463.6,1474.7,1507.85,1458.5,1483.0,1479.4,1479.02,385382,5699.86,18381, 58677, 15.23,0.15225672190190512,2023-01-05
RBA, EQ, 05-Jan-2023,110.9,111.0,112.25,109.0,110.8,110.55,110.58,154444,170.78,2868, 92570, 59.94,0.599375825541944,2023-01-05
RBL, EQ, 05-Jan-2023,725.05,737.0,737.0,715.1,716.05,718.35,724.89,13771,99.82,1375, 4087, 29.68,0.29678309490959265,2023-01-05
RBLBANK, EQ, 05-Jan-2023,179.95,180.25,187.0,180.25,186.3,186.25,183.85,21909870,40280.63,85147, 2508032, 11.45,0.11447041903945573,2023-01-05
RCF, EQ, 05-Jan-2023,134.85,135.55,137.7,131.6,133.3,133.2,134.33,12007421,16129.37,49011, 2641615, 22.00,0.21999853257414728,2023-01-05
RCOM, BE, 05-Jan-2023,2.0,2.1,2.1,2.1,2.1,2.1,2.1,2516908,52.86,1516, -, -,,2023-01-05
RECLTD, EQ, 05-Jan-2023,122.2,122.9,124.25,121.05,123.95,123.85,122.74,9774790,11997.7,40368, 3567888, 36.50,0.36500917155253465,2023-01-05
REDINGTON, EQ, 05-Jan-2023,186.65,187.0,188.65,181.2,188.5,188.1,185.53,2510756,4658.27,33183, 1099951, 43.81,0.4380955377583485,2023-01-05
REFEX, EQ, 05-Jan-2023,270.4,274.35,276.0,268.35,273.0,272.15,272.64,77809,212.14,2390, 36002, 46.27,0.46269711730005525,2023-01-05
REGENCERAM, BE, 05-Jan-2023,25.3,24.2,25.6,24.05,24.1,24.2,24.49,8163,2.0,78, -, -,,2023-01-05
RELAXO, EQ, 05-Jan-2023,891.8,897.45,901.35,872.0,889.5,889.05,877.34,506244,4441.47,15232, 437719, 86.46,0.8646403710463729,2023-01-05
RELCAPITAL, BE, 05-Jan-2023,9.7,10.15,10.15,10.15,10.15,10.15,10.15,493230,50.06,677, -, -,,2023-01-05
RELCHEMQ, EQ, 05-Jan-2023,192.3,194.5,194.5,188.35,190.0,189.45,190.25,2924,5.56,331, 1409, 48.19,0.48187414500683995,2023-01-05
RELIANCE, EQ, 05-Jan-2023,2518.55,2523.5,2536.4,2504.0,2521.8,2514.05,2516.5,6293519,158376.4,197434, 4398483, 69.89,0.6988908748825577,2023-01-05
RELIGARE, EQ, 05-Jan-2023,179.95,180.0,181.8,175.3,179.1,178.8,178.84,1459120,2609.48,13864, 506465, 34.71,0.3471030484127419,2023-01-05
RELINFRA, EQ, 05-Jan-2023,136.45,137.8,137.9,131.95,133.5,133.75,134.38,1120318,1505.49,7933, 686685, 61.29,0.6129375766523434,2023-01-05
REMSONSIND, EQ, 05-Jan-2023,238.0,236.4,239.75,230.8,238.9,236.3,235.13,4829,11.35,202, 2379, 49.26,0.49264858148685026,2023-01-05
RENUKA, EQ, 05-Jan-2023,57.15,57.3,57.5,56.25,56.9,56.9,56.85,4984208,2833.59,12924, 1290041, 25.88,0.25882567501195775,2023-01-05
REPCOHOME, EQ, 05-Jan-2023,228.65,230.25,233.7,227.8,231.4,230.85,230.96,138520,319.92,4755, 63417, 45.78,0.45781836557897776,2023-01-05
REPL, EQ, 05-Jan-2023,138.65,137.05,144.95,137.05,142.6,142.6,141.28,11447,16.17,254, 8342, 72.87,0.7287498908010832,2023-01-05
REPRO, EQ, 05-Jan-2023,389.3,391.35,393.0,384.65,386.15,388.85,389.4,972,3.78,100, 736, 75.72,0.757201646090535,2023-01-05
RESPONIND, EQ, 05-Jan-2023,117.4,118.0,118.1,115.85,118.1,117.4,116.69,35695,41.65,371, 23738, 66.50,0.6650231124807396,2023-01-05
REVATHI, EQ, 05-Jan-2023,1058.6,1069.8,1081.0,1025.05,1081.0,1069.05,1049.88,7268,76.31,1460, 2708, 37.26,0.37259218492019813,2023-01-05
RGL, EQ, 05-Jan-2023,99.9,100.0,100.0,97.2,100.0,99.45,98.46,74951,73.79,936, 7205, 9.61,0.09612947125455297,2023-01-05
RHFL, EQ, 05-Jan-2023,3.5,3.5,3.55,3.35,3.4,3.4,3.44,1898893,65.31,1210, 739648, 38.95,0.3895153650047686,2023-01-05
RHIM, EQ, 05-Jan-2023,868.8,873.15,884.45,865.0,879.4,877.2,873.53,305706,2670.44,12951, 97284, 31.82,0.3182273164412867,2023-01-05
RICOAUTO, EQ, 05-Jan-2023,81.65,82.2,82.5,77.95,79.2,79.6,79.98,984671,787.57,6300, 394870, 40.10,0.40101719254451484,2023-01-05
RIIL, EQ, 05-Jan-2023,915.8,918.35,923.7,907.05,923.7,919.2,916.58,199907,1832.32,8285, 24329, 12.17,0.12170159123992656,2023-01-05
RITCO, EQ, 05-Jan-2023,157.5,164.8,164.8,157.6,159.55,159.4,159.3,5462,8.7,224, 3531, 64.65,0.6464664957890882,2023-01-05
RITES, EQ, 05-Jan-2023,331.4,333.1,338.55,331.5,338.0,335.45,333.96,351779,1174.81,9680, 149371, 42.46,0.42461602312815716,2023-01-05
RKDL, EQ, 05-Jan-2023,17.9,18.5,18.5,17.7,17.85,18.15,18.08,8400,1.52,103, 6122, 72.88,0.7288095238095238,2023-01-05
RKEC, EQ, 05-Jan-2023,43.8,44.1,49.9,43.75,46.55,47.8,48.03,228996,109.98,1589, 106078, 46.32,0.46323079879124524,2023-01-05
RKFORGE, EQ, 05-Jan-2023,255.85,254.0,257.9,249.85,253.45,252.3,253.83,365254,927.13,9261, 161844, 44.31,0.44309987022729386,2023-01-05
RMCL, BZ, 05-Jan-2023,1.8,1.8,1.8,1.75,1.8,1.8,1.77,11414,0.2,30, -, -,,2023-01-05
RML, EQ, 05-Jan-2023,404.05,408.0,414.8,401.95,410.2,410.3,409.06,32199,131.71,1812, 16679, 51.80,0.5179974533370602,2023-01-05
RNAVAL, BZ, 05-Jan-2023,2.5,2.4,2.5,2.4,2.5,2.45,2.41,1109610,26.75,917, -, -,,2023-01-05
ROHLTD, EQ, 05-Jan-2023,261.2,265.1,265.1,244.05,257.8,252.25,251.44,59041,148.45,4675, 27282, 46.21,0.46208566928066935,2023-01-05
ROLEXRINGS, EQ, 05-Jan-2023,1763.8,1772.65,1784.9,1750.1,1772.95,1766.9,1765.81,18881,333.4,3382, 9461, 50.11,0.5010857475769291,2023-01-05
ROLLT, EQ, 05-Jan-2023,1.35,1.35,1.4,1.35,1.4,1.35,1.38,88076,1.21,119, 87543, 99.39,0.9939484081929243,2023-01-05
ROLTA, BZ, 05-Jan-2023,3.95,3.95,4.0,3.9,3.9,3.9,3.96,67656,2.68,102, -, -,,2023-01-05
ROML, BE, 05-Jan-2023,58.9,59.9,59.9,58.25,59.8,59.8,58.81,564,0.33,17, -, -,,2023-01-05
ROSSARI, EQ, 05-Jan-2023,716.0,719.55,775.1,706.1,730.0,739.55,741.52,383496,2843.71,18523, 112346, 29.30,0.2929522081064731,2023-01-05
ROSSELLIND, EQ, 05-Jan-2023,317.5,319.2,319.2,314.0,317.0,317.0,316.23,28860,91.26,1074, 21213, 73.50,0.735031185031185,2023-01-05
ROTO, EQ, 05-Jan-2023,461.2,459.7,467.45,453.0,458.05,458.2,457.27,13711,62.7,803, 9226, 67.29,0.6728903799868718,2023-01-05
ROUTE, EQ, 05-Jan-2023,1213.5,1223.4,1223.4,1195.75,1204.0,1207.25,1205.76,33850,408.15,4288, 16291, 48.13,0.48127031019202365,2023-01-05
RPGLIFE, EQ, 05-Jan-2023,823.05,827.2,842.85,801.0,834.1,833.65,831.74,14891,123.85,2107, 6545, 43.95,0.43952723121348464,2023-01-05
RPOWER, EQ, 05-Jan-2023,14.45,14.6,14.8,14.35,14.65,14.6,14.57,8101094,1180.13,8619, 3222414, 39.78,0.3977751646876335,2023-01-05
RPPINFRA, EQ, 05-Jan-2023,43.35,44.7,44.7,42.5,42.95,42.95,43.1,145960,62.9,987, 96551, 66.15,0.6614894491641545,2023-01-05
RPPL, EQ, 05-Jan-2023,169.4,174.0,174.0,165.4,173.0,169.75,168.12,4327,7.27,201, 2780, 64.25,0.6424774670672522,2023-01-05
RPSGVENT, EQ, 05-Jan-2023,457.45,462.9,462.9,448.8,453.55,451.95,452.5,7248,32.8,865, 4045, 55.81,0.5580849889624724,2023-01-05
RSSOFTWARE, EQ, 05-Jan-2023,24.8,25.0,25.35,24.25,25.35,24.75,24.72,22901,5.66,200, 11902, 51.97,0.5197152962752718,2023-01-05
RSWM, EQ, 05-Jan-2023,187.45,187.1,189.5,184.95,187.5,187.5,187.2,63250,118.41,2150, 40446, 63.95,0.6394624505928854,2023-01-05
RSYSTEMS, EQ, 05-Jan-2023,248.6,249.85,249.85,243.5,244.95,244.7,245.27,113349,278.01,888, 95618, 84.36,0.8435716239225755,2023-01-05
RTNINDIA, EQ, 05-Jan-2023,42.45,42.75,43.05,42.1,42.65,42.55,42.63,613120,261.35,3512, 250682, 40.89,0.40886286534446764,2023-01-05
RTNPOWER, EQ, 05-Jan-2023,4.0,4.0,4.0,3.9,4.0,4.0,3.96,4918454,194.57,4257, 2321589, 47.20,0.47201600340269523,2023-01-05
RUBYMILLS, EQ, 05-Jan-2023,198.9,200.2,201.7,197.0,198.0,198.4,198.87,7312,14.54,386, 4695, 64.21,0.6420951859956237,2023-01-05
RUCHINFRA, BE, 05-Jan-2023,10.7,10.3,11.2,10.2,11.2,11.2,10.78,785951,84.76,696, -, -,,2023-01-05
RUCHIRA, EQ, 05-Jan-2023,125.2,126.4,126.9,124.8,126.25,126.55,125.99,49360,62.19,951, 23958, 48.54,0.48537277147487845,2023-01-05
RUPA, EQ, 05-Jan-2023,278.9,280.95,280.95,274.8,279.35,278.65,277.9,42309,117.58,2098, 21304, 50.35,0.5035335271455246,2023-01-05
RUSHIL, EQ, 05-Jan-2023,427.45,433.95,433.95,410.1,414.95,413.7,417.48,66081,275.88,2906, 42805, 64.78,0.6477656209803121,2023-01-05
RUSTOMJEE, EQ, 05-Jan-2023,514.1,516.7,529.3,510.15,526.0,523.1,520.59,48679,253.42,3312, 20118, 41.33,0.41327882659873866,2023-01-05
RVHL, EQ, 05-Jan-2023,24.5,24.8,24.9,23.35,24.5,23.95,23.72,27099,6.43,96, 19349, 71.40,0.714011587143437,2023-01-05
RVNL, EQ, 05-Jan-2023,73.4,74.15,74.65,71.1,72.1,72.05,72.49,6983515,5062.37,31252, 2816339, 40.33,0.40328387638603197,2023-01-05
S&SPOWER, EQ, 05-Jan-2023,22.8,22.15,22.7,22.1,22.15,22.3,22.22,2916,0.65,31, 2766, 94.86,0.948559670781893,2023-01-05
SADBHAV, BE, 05-Jan-2023,15.5,15.7,16.0,15.4,15.5,15.6,15.61,114663,17.89,331, -, -,,2023-01-05
SADBHIN, EQ, 05-Jan-2023,5.95,6.1,6.1,5.85,5.9,5.9,5.95,119019,7.09,325, 77899, 65.45,0.6545089439501256,2023-01-05
SAFARI, EQ, 05-Jan-2023,1699.55,1691.05,1723.3,1690.0,1690.0,1699.5,1701.78,6128,104.29,3842, 4550, 74.25,0.7424934725848564,2023-01-05
SAGARDEEP, EQ, 05-Jan-2023,29.25,30.0,30.0,29.15,29.15,29.15,29.29,15271,4.47,155, 10092, 66.09,0.6608604544561587,2023-01-05
SAGCEM, EQ, 05-Jan-2023,236.7,237.25,237.6,231.95,233.0,233.05,234.05,28589,66.91,1628, 12716, 44.48,0.4447864563293574,2023-01-05
SAIL, EQ, 05-Jan-2023,85.25,85.7,87.85,84.65,87.45,87.4,86.33,24321965,20996.94,56744, 5451920, 22.42,0.2241562307979639,2023-01-05
SAKAR, EQ, 05-Jan-2023,242.35,238.05,246.45,238.0,238.0,238.3,239.85,7394,17.73,321, 3963, 53.60,0.5359751149580742,2023-01-05
SAKHTISUG, EQ, 05-Jan-2023,24.8,24.8,25.2,24.35,25.1,25.0,24.84,386132,95.9,1533, 181589, 47.03,0.4702770037189355,2023-01-05
SAKSOFT, EQ, 05-Jan-2023,129.0,130.1,133.85,126.0,132.5,132.05,130.86,1089087,1425.17,13751, 493953, 45.35,0.4535477881932297,2023-01-05
SAKUMA, EQ, 05-Jan-2023,16.9,17.05,17.25,16.65,16.85,16.75,16.89,279868,47.26,878, 170084, 60.77,0.6077293581259737,2023-01-05
SALASAR, EQ, 05-Jan-2023,50.5,50.9,51.5,48.85,50.0,49.9,50.12,595092,298.25,3657, 378237, 63.56,0.635594160230687,2023-01-05
SALONA, EQ, 05-Jan-2023,268.1,268.95,268.95,257.0,264.0,263.9,261.64,1254,3.28,111, 605, 48.25,0.4824561403508772,2023-01-05
SALSTEEL, EQ, 05-Jan-2023,17.0,17.4,17.45,16.15,16.65,16.45,16.67,401676,66.97,1369, 214213, 53.33,0.5332979814576922,2023-01-05
SALZERELEC, EQ, 05-Jan-2023,273.6,280.0,282.0,268.7,273.5,274.45,276.55,363715,1005.85,10823, 137349, 37.76,0.377628087925986,2023-01-05
SAMBHAAV, EQ, 05-Jan-2023,3.9,3.95,4.0,3.9,4.0,4.0,3.96,16409,0.65,66, 16391, 99.89,0.9989030410140777,2023-01-05
SANDESH, EQ, 05-Jan-2023,1185.2,1198.05,1212.35,1111.0,1129.0,1127.1,1156.1,14821,171.35,1474, 7422, 50.08,0.5007759260508737,2023-01-05
SANDHAR, EQ, 05-Jan-2023,230.0,229.7,232.4,225.85,232.0,231.0,230.68,102010,235.32,1761, 89926, 88.15,0.8815410253896677,2023-01-05
SANGAMIND, EQ, 05-Jan-2023,231.1,233.75,233.75,226.55,228.5,228.3,229.04,14119,32.34,1279, 6435, 45.58,0.4557688221545435,2023-01-05
SANGHIIND, EQ, 05-Jan-2023,70.95,71.3,71.45,68.65,69.55,69.75,69.85,221878,154.99,1550, 138662, 62.49,0.6249470429695598,2023-01-05
SANGHVIMOV, EQ, 05-Jan-2023,340.6,342.5,344.45,331.8,340.0,340.65,336.97,104188,351.08,5146, 43606, 41.85,0.41853188467001956,2023-01-05
SANGINITA, EQ, 05-Jan-2023,22.95,23.4,23.4,22.2,22.5,22.65,22.6,25276,5.71,194, 14531, 57.49,0.5748931793005222,2023-01-05
SANOFI, EQ, 05-Jan-2023,5766.65,5780.0,5789.95,5700.0,5730.15,5713.8,5712.85,9071,518.21,3552, 5347, 58.95,0.5894609194135156,2023-01-05
SANSERA, EQ, 05-Jan-2023,757.2,763.75,763.75,742.0,757.0,752.45,749.02,45285,339.19,4928, 15934, 35.19,0.3518604394391079,2023-01-05
SANWARIA, BZ, 05-Jan-2023,0.75,0.75,0.75,0.7,0.7,0.75,0.72,359486,2.58,227, -, -,,2023-01-05
SAPPHIRE, EQ, 05-Jan-2023,1335.2,1335.2,1343.0,1318.3,1323.0,1333.75,1325.74,109165,1447.25,19024, 71754, 65.73,0.6572985847112169,2023-01-05
SARDAEN, EQ, 05-Jan-2023,1068.6,1072.0,1119.0,1058.05,1108.0,1106.75,1081.95,48547,525.26,5395, 25087, 51.68,0.5167569571755206,2023-01-05
SAREGAMA, EQ, 05-Jan-2023,389.7,389.9,389.9,373.55,386.5,385.95,383.66,65517,251.37,5447, 23877, 36.44,0.3644397637254453,2023-01-05
SARLAPOLY, EQ, 05-Jan-2023,45.4,45.7,45.85,44.9,45.6,45.25,45.21,87706,39.65,992, 61820, 70.49,0.704854855996169,2023-01-05
SARVESHWAR, EQ, 05-Jan-2023,87.35,86.9,88.0,85.5,87.0,86.15,86.78,12388,10.75,174, 9866, 79.64,0.796415886341621,2023-01-05
SASKEN, EQ, 05-Jan-2023,902.0,902.0,914.7,882.0,883.0,888.55,895.49,12187,109.13,1464, 7963, 65.34,0.6534011651760072,2023-01-05
SASTASUNDR, EQ, 05-Jan-2023,283.0,282.7,294.2,277.05,279.0,279.85,286.21,174198,498.57,2763, 134398, 77.15,0.7715243573404976,2023-01-05
SATHAISPAT, BE, 05-Jan-2023,1.75,1.75,1.75,1.7,1.7,1.7,1.7,3820,0.07,5, -, -,,2023-01-05
SATIA, EQ, 05-Jan-2023,134.85,135.5,136.15,132.65,133.8,133.65,134.35,98040,131.71,2419, 44246, 45.13,0.45130558955528355,2023-01-05
SATIN, EQ, 05-Jan-2023,161.55,164.0,164.0,159.15,161.55,161.05,161.14,72234,116.4,2527, 46062, 63.77,0.6376775479691005,2023-01-05
SATINDLTD, EQ, 05-Jan-2023,67.6,68.45,68.65,66.8,66.8,66.9,67.67,67595,45.74,442, 35412, 52.39,0.5238849027294918,2023-01-05
SBC, BE, 05-Jan-2023,14.95,14.95,15.1,14.55,14.9,14.85,14.98,648547,97.18,831, -, -,,2023-01-05
SBCL, EQ, 05-Jan-2023,401.05,402.05,410.0,395.55,400.7,401.0,405.42,29348,118.98,3002, 11483, 39.13,0.3912702739539321,2023-01-05
SBICARD, EQ, 05-Jan-2023,784.0,787.95,788.95,775.1,780.0,779.55,780.53,637116,4972.91,32991, 342689, 53.79,0.5378753633561235,2023-01-05
SBIETFCON, EQ, 05-Jan-2023,75.5,77.45,77.45,75.03,75.96,75.95,75.93,2384,1.81,84, 1158, 48.57,0.48573825503355705,2023-01-05
SBIETFIT, EQ, 05-Jan-2023,297.75,298.01,300.0,295.52,295.56,296.28,297.35,6998,20.81,267, 5103, 72.92,0.7292083452414976,2023-01-05
SBIETFPB, EQ, 05-Jan-2023,220.13,221.09,221.09,216.59,218.5,218.45,217.74,16054,34.96,119, 10731, 66.84,0.6684315435405507,2023-01-05
SBIETFQLTY, EQ, 05-Jan-2023,148.74,149.0,149.7,148.75,149.01,148.99,149.09,1553,2.32,62, 704, 45.33,0.45331616226658084,2023-01-05
SBILIFE, EQ, 05-Jan-2023,1259.05,1260.65,1274.55,1255.05,1272.0,1267.65,1266.14,878852,11127.53,55984, 529852, 60.29,0.6028910442258765,2023-01-05
SBIN, EQ, 05-Jan-2023,605.2,607.0,611.6,601.95,605.75,605.1,605.84,8241475,49929.82,146571, 4011597, 48.68,0.4867571642212104,2023-01-05
SCAPDVR, EQ, 05-Jan-2023,12.95,12.9,13.15,12.35,12.35,12.35,12.46,1249412,155.68,855, 594420, 47.58,0.47575979740870106,2023-01-05
SCHAEFFLER, EQ, 05-Jan-2023,2735.15,2727.5,2734.45,2680.8,2687.0,2703.15,2704.13,115483,3122.81,18454, 72933, 63.15,0.6315475004979088,2023-01-05
SCHAND, EQ, 05-Jan-2023,174.6,176.0,178.2,173.4,177.15,176.6,176.03,38141,67.14,1015, 21314, 55.88,0.5588212160142628,2023-01-05
SCHNEIDER, EQ, 05-Jan-2023,171.75,173.0,188.0,171.75,185.9,186.25,181.37,5177713,9391.0,50877, 1220735, 23.58,0.23576722000620737,2023-01-05
SCI, EQ, 05-Jan-2023,145.3,146.2,147.2,141.65,143.8,143.8,143.82,2197623,3160.57,11942, 783666, 35.66,0.356597105144968,2023-01-05
SCPL, EQ, 05-Jan-2023,599.15,605.0,608.9,590.0,602.95,602.35,598.28,10124,60.57,1033, 5277, 52.12,0.5212366653496642,2023-01-05
SDBL, EQ, 05-Jan-2023,115.7,116.95,117.25,113.15,114.8,114.7,114.72,219791,252.15,2652, 91021, 41.41,0.41412523715711747,2023-01-05
SDL24BEES, EQ, 05-Jan-2023,110.49,110.3,110.44,110.17,110.36,110.36,110.17,286048,315.15,16, 285226, 99.71,0.9971263564157065,2023-01-05
SDL26BEES, EQ, 05-Jan-2023,110.0,109.99,110.25,109.99,110.0,110.0,110.16,19336,21.3,36, 19108, 98.82,0.9882085229623501,2023-01-05
SEAMECLTD, EQ, 05-Jan-2023,866.55,867.1,887.95,862.15,886.0,879.65,875.45,2738,23.97,365, 1013, 37.00,0.3699780861943024,2023-01-05
SECURCRED, EQ, 05-Jan-2023,34.85,34.75,34.8,31.75,32.2,32.1,32.93,326365,107.46,2861, 174575, 53.49,0.5349072357636389,2023-01-05
SECURKLOUD, EQ, 05-Jan-2023,61.35,61.8,61.85,60.6,60.75,60.95,61.18,11193,6.85,248, 6675, 59.64,0.5963548646475476,2023-01-05
SEJALLTD, BE, 05-Jan-2023,261.85,267.1,267.1,256.5,260.0,260.0,261.69,625,1.64,29, -, -,,2023-01-05
SELAN, EQ, 05-Jan-2023,233.8,234.0,235.95,230.05,232.6,232.45,232.45,16612,38.62,652, 7052, 42.45,0.4245124006742114,2023-01-05
SEPC, EQ, 05-Jan-2023,11.05,11.3,11.65,11.1,11.5,11.45,11.35,1029076,116.78,1159, 601658, 58.47,0.5846584703170611,2023-01-05
SEPOWER, EQ, 05-Jan-2023,17.0,17.25,17.3,16.5,16.95,16.75,16.9,30710,5.19,181, 9596, 31.25,0.31247150765223053,2023-01-05
SEQUENT, EQ, 05-Jan-2023,86.85,87.25,87.8,85.95,86.8,86.5,86.72,272968,236.71,4428, 112537, 41.23,0.41227176811934,2023-01-05
SERVOTECH, EQ, 05-Jan-2023,162.3,162.0,165.45,157.0,160.35,158.75,158.64,10119,16.05,161, 7133, 70.49,0.7049115525249531,2023-01-05
SESHAPAPER, EQ, 05-Jan-2023,281.1,281.1,286.0,278.0,278.55,279.05,280.91,37266,104.69,1908, 17657, 47.38,0.47380990715397414,2023-01-05
SETCO, EQ, 05-Jan-2023,11.5,11.6,11.6,11.25,11.3,11.35,11.33,121999,13.83,332, 77677, 63.67,0.6367019401798375,2023-01-05
SETF10GILT, EQ, 05-Jan-2023,206.79,206.49,206.75,206.0,206.0,206.0,206.61,5011,10.35,17, 4082, 81.46,0.8146078627020554,2023-01-05
SETFGOLD, EQ, 05-Jan-2023,49.49,49.53,49.59,48.83,48.94,48.9,49.08,1035647,508.31,2974, 679454, 65.61,0.6560671734674073,2023-01-05
SETFNIF50, EQ, 05-Jan-2023,186.98,188.15,188.16,185.25,186.8,186.42,186.11,215589,401.23,3227, 191142, 88.66,0.8866036764398926,2023-01-05
SETFNIFBK, EQ, 05-Jan-2023,431.27,431.26,433.23,425.7,427.26,428.23,429.17,597694,2565.13,1307, 570943, 95.52,0.9552429838679993,2023-01-05
SETFNN50, EQ, 05-Jan-2023,439.04,441.49,442.06,437.5,442.06,441.74,439.77,5718,25.15,443, 3519, 61.54,0.6154249737670514,2023-01-05
SETUINFRA, BE, 05-Jan-2023,1.65,1.7,1.7,1.6,1.65,1.6,1.65,63397,1.05,82, -, -,,2023-01-05
SEYAIND, BE, 05-Jan-2023,30.5,32.0,32.0,30.4,32.0,32.0,31.94,42589,13.6,109, -, -,,2023-01-05
SFL, EQ, 05-Jan-2023,1257.25,1269.8,1275.45,1246.35,1255.25,1255.15,1263.36,13535,171.0,2823, 7158, 52.89,0.5288511267085334,2023-01-05
SGIL, EQ, 05-Jan-2023,132.3,133.8,137.0,131.2,136.9,135.8,134.0,2739,3.67,105, 1977, 72.18,0.7217962760131434,2023-01-05
SGL, EQ, 05-Jan-2023,18.25,18.05,18.4,17.9,18.3,18.2,18.12,16892,3.06,129, 11765, 69.65,0.696483542505328,2023-01-05
SHAHALLOYS, EQ, 05-Jan-2023,68.3,70.9,70.9,68.4,69.05,69.2,69.23,12699,8.79,365, 5925, 46.66,0.46657217103708953,2023-01-05
SHAILY, EQ, 05-Jan-2023,1582.4,1609.0,1609.0,1553.65,1564.0,1566.55,1576.77,417,6.58,160, 279, 66.91,0.6690647482014388,2023-01-05
SHAKTIPUMP, EQ, 05-Jan-2023,401.05,403.45,403.45,398.1,400.65,400.45,400.84,22818,91.46,1457, 12902, 56.54,0.5654308002454203,2023-01-05
SHALBY, EQ, 05-Jan-2023,160.25,159.0,162.0,154.8,156.7,156.25,158.18,146502,231.73,4556, 59388, 40.54,0.40537330548388417,2023-01-05
SHALPAINTS, EQ, 05-Jan-2023,133.8,134.95,148.9,133.0,139.5,140.7,142.99,572948,819.29,7944, 138396, 24.16,0.24155071664444241,2023-01-05
SHANKARA, EQ, 05-Jan-2023,660.95,669.0,669.0,657.0,663.1,663.7,663.01,11493,76.2,1624, 5356, 46.60,0.46602279648481687,2023-01-05
SHANTI, EQ, 05-Jan-2023,21.35,21.85,23.0,21.55,21.7,21.85,22.17,35506,7.87,157, 26289, 74.04,0.740410071537205,2023-01-05
SHANTIGEAR, EQ, 05-Jan-2023,331.55,332.9,335.9,331.15,335.9,333.4,333.51,19179,63.96,1929, 8878, 46.29,0.4629021325407998,2023-01-05
SHARDACROP, EQ, 05-Jan-2023,488.8,489.95,495.35,480.5,486.3,486.7,487.07,123656,602.3,6433, 38837, 31.41,0.31407291194927867,2023-01-05
SHARDAMOTR, EQ, 05-Jan-2023,732.0,745.0,745.0,725.1,729.7,728.6,732.15,6106,44.7,824, 3685, 60.35,0.6035047494267933,2023-01-05
SHAREINDIA, EQ, 05-Jan-2023,1209.2,1217.0,1217.0,1195.3,1205.05,1208.6,1205.44,40319,486.02,2566, 7227, 17.92,0.17924551700190977,2023-01-05
SHARIABEES, EQ, 05-Jan-2023,414.76,414.76,416.41,411.01,412.91,413.04,413.22,2943,12.16,66, 1811, 61.54,0.6153584777437988,2023-01-05
SHEMAROO, EQ, 05-Jan-2023,165.15,166.0,167.25,160.0,162.95,162.05,163.62,34185,55.93,780, 21330, 62.40,0.6239578762615182,2023-01-05
SHILPAMED, EQ, 05-Jan-2023,282.9,284.0,285.45,280.0,282.7,282.45,282.25,60612,171.08,2459, 24708, 40.76,0.40764205107899426,2023-01-05
SHIVALIK, EQ, 05-Jan-2023,737.95,737.7,743.15,730.0,731.0,731.35,735.05,3135,23.04,434, 1729, 55.15,0.5515151515151515,2023-01-05
SHIVAMAUTO, EQ, 05-Jan-2023,28.5,28.5,29.0,28.3,28.95,28.55,28.57,21352,6.1,207, 13329, 62.43,0.6242506556762832,2023-01-05
SHIVAMILLS, EQ, 05-Jan-2023,93.05,94.75,96.5,92.35,93.65,94.0,93.28,8667,8.08,341, 5901, 68.09,0.68085842852198,2023-01-05
SHIVATEX, EQ, 05-Jan-2023,122.9,121.65,123.05,120.25,120.3,120.5,120.87,1237,1.5,93, 934, 75.51,0.7550525464834277,2023-01-05
SHK, EQ, 05-Jan-2023,141.7,141.0,142.75,140.3,141.55,141.2,141.65,65574,92.89,1707, 37265, 56.83,0.5682892609875866,2023-01-05
SHOPERSTOP, EQ, 05-Jan-2023,701.55,710.55,710.55,681.3,689.0,694.9,695.01,84017,583.93,2948, 75375, 89.71,0.8971398645512217,2023-01-05
SHRADHA, EQ, 05-Jan-2023,67.05,68.8,69.8,65.05,68.75,69.75,68.88,7044,4.85,89, 6605, 93.77,0.9376774559909142,2023-01-05
SHREDIGCEM, EQ, 05-Jan-2023,71.35,72.25,72.25,71.0,71.55,71.4,71.54,150510,107.68,1802, 76080, 50.55,0.5054813633645605,2023-01-05
SHREECEM, EQ, 05-Jan-2023,24007.55,24129.95,24379.75,23904.7,24265.0,24238.0,24170.65,44843,10838.85,15714, 16307, 36.36,0.36364650001115,2023-01-05
SHREEPUSHK, EQ, 05-Jan-2023,185.3,183.4,187.15,183.4,184.8,184.95,184.77,10914,20.17,370, 5196, 47.61,0.4760857614073667,2023-01-05
SHREERAMA, EQ, 05-Jan-2023,12.8,12.8,13.0,12.7,13.0,12.95,12.83,11945,1.53,84, 9881, 82.72,0.827208036835496,2023-01-05
SHRENIK, EQ, 05-Jan-2023,1.6,1.65,1.7,1.65,1.7,1.65,1.66,1149259,19.12,733, 820602, 71.40,0.7140270382916296,2023-01-05
SHREYANIND, EQ, 05-Jan-2023,166.8,167.05,178.2,167.05,175.05,175.1,174.2,146922,255.93,2660, 85195, 57.99,0.5798655068675896,2023-01-05
SHREYAS, EQ, 05-Jan-2023,306.2,306.45,315.0,303.0,306.9,306.3,308.78,48844,150.82,2035, 26995, 55.27,0.5526779133568094,2023-01-05
SHRIPISTON, BE, 05-Jan-2023,1332.25,1387.9,1398.85,1337.0,1398.0,1379.2,1389.36,6388,88.75,546, -, -,,2023-01-05
SHRIRAMFIN, EQ, 05-Jan-2023,1328.35,1335.95,1340.0,1311.25,1318.55,1319.9,1324.07,461987,6117.02,20972, 225597, 48.83,0.4883189353812986,2023-01-05
SHRIRAMPPS, EQ, 05-Jan-2023,76.15,76.15,76.65,75.3,75.5,75.4,75.69,83879,63.49,888, 51467, 61.36,0.6135862373180415,2023-01-05
SHYAMCENT, EQ, 05-Jan-2023,21.4,21.85,21.85,21.0,21.3,21.2,21.19,134319,28.47,941, 81485, 60.67,0.6066528190352817,2023-01-05
SHYAMMETL, EQ, 05-Jan-2023,312.95,313.15,316.0,307.0,308.0,308.3,311.2,130207,405.21,3865, 56617, 43.48,0.4348230125876489,2023-01-05
SHYAMTEL, EQ, 05-Jan-2023,11.0,10.5,11.4,10.45,10.85,10.7,10.79,10967,1.18,93, 3816, 34.80,0.347952949758366,2023-01-05
SIEMENS, EQ, 05-Jan-2023,2815.45,2834.0,2906.25,2815.55,2900.0,2895.2,2874.1,303206,8714.45,20705, 127853, 42.17,0.4216704154930971,2023-01-05
SIGACHI, EQ, 05-Jan-2023,275.8,278.55,278.55,271.0,276.15,274.75,274.55,27617,75.82,2325, 12895, 46.69,0.466922547706123,2023-01-05
SIGIND, EQ, 05-Jan-2023,38.9,38.5,39.7,38.4,39.0,39.1,39.03,13518,5.28,215, 9789, 72.41,0.7241455836662228,2023-01-05
SIKKO, BE, 05-Jan-2023,101.55,101.0,103.4,100.15,101.85,101.1,101.33,11936,12.1,333, -, -,,2023-01-05
SIL, BE, 05-Jan-2023,35.15,35.15,35.85,33.4,33.9,33.8,33.77,177807,60.05,1124, -, -,,2023-01-05
SILGO, EQ, 05-Jan-2023,26.65,27.1,27.85,26.25,26.55,26.7,27.1,32031,8.68,302, 16907, 52.78,0.5278324123505355,2023-01-05
SILINV, EQ, 05-Jan-2023,342.9,346.5,356.5,346.45,349.0,349.5,350.34,1592,5.58,157, 893, 56.09,0.5609296482412061,2023-01-05
SILLYMONKS, BE, 05-Jan-2023,29.25,29.9,29.9,28.6,28.75,28.75,29.22,4815,1.41,31, -, -,,2023-01-05
SILVER, EQ, 05-Jan-2023,71.1,69.75,70.35,69.1,69.55,69.35,69.49,134136,93.21,997, 119965, 89.44,0.8943534919782907,2023-01-05
SILVERBEES, EQ, 05-Jan-2023,68.73,67.89,67.89,66.4,67.1,66.92,67.19,2209592,1484.52,6681, 1571164, 71.11,0.7110652102288567,2023-01-05
SILVERTUC, EQ, 05-Jan-2023,352.7,351.1,351.1,342.5,345.5,345.5,344.59,12930,44.56,176, 2036, 15.75,0.1574632637277649,2023-01-05
SIMBHALS, EQ, 05-Jan-2023,26.8,26.95,27.05,25.6,26.7,26.35,26.34,94760,24.96,500, 58921, 62.18,0.6217918953144786,2023-01-05
SIMPLEXINF, EQ, 05-Jan-2023,58.0,59.0,59.0,57.1,59.0,58.85,58.1,28147,16.35,310, 18466, 65.61,0.656055707535439,2023-01-05
SINTERCOM, BE, 05-Jan-2023,105.0,105.0,105.0,104.0,105.0,105.0,104.97,6569,6.9,46, -, -,,2023-01-05
SINTEX, BE, 05-Jan-2023,3.6,3.55,3.55,3.55,3.55,3.55,3.55,348080,12.36,895, -, -,,2023-01-05
SIRCA, EQ, 05-Jan-2023,666.0,669.35,674.0,665.0,668.3,667.15,670.17,25825,173.07,3833, 5096, 19.73,0.19732817037754113,2023-01-05
SIS, EQ, 05-Jan-2023,384.8,386.7,388.0,381.25,382.1,383.3,385.06,27127,104.46,3307, 15596, 57.49,0.5749253511261843,2023-01-05
SITINET, EQ, 05-Jan-2023,1.65,1.7,1.7,1.65,1.7,1.7,1.68,647635,10.88,495, 362405, 55.96,0.5595821720567913,2023-01-05
SIYSIL, EQ, 05-Jan-2023,527.05,531.0,535.65,524.95,525.65,526.1,529.1,27029,143.01,2423, 13057, 48.31,0.48307373561729994,2023-01-05
SJS, EQ, 05-Jan-2023,487.15,488.05,492.4,476.1,487.0,481.8,483.12,32791,158.42,2380, 16518, 50.37,0.5037357811594645,2023-01-05
SJVN, EQ, 05-Jan-2023,34.3,35.45,35.7,34.4,34.55,34.65,34.78,9862273,3429.67,22106, 2889178, 29.30,0.29295254755166483,2023-01-05
SKFINDIA, EQ, 05-Jan-2023,4639.45,4640.8,4719.6,4605.1,4628.0,4615.6,4666.9,14092,657.66,5103, 5967, 42.34,0.42343173431734316,2023-01-05
SKIPPER, EQ, 05-Jan-2023,121.1,122.3,123.75,119.65,121.3,121.2,121.26,291326,353.26,3219, 147054, 50.48,0.5047747197297873,2023-01-05
SKMEGGPROD, EQ, 05-Jan-2023,142.65,144.9,147.2,138.5,139.1,140.3,140.96,58842,82.94,1174, 31491, 53.52,0.5351789538085041,2023-01-05
SMARTLINK, EQ, 05-Jan-2023,139.3,139.65,140.2,137.55,138.75,138.95,138.91,5270,7.32,192, 3066, 58.18,0.5817836812144213,2023-01-05
SMCGLOBAL, EQ, 05-Jan-2023,78.6,79.5,79.5,78.15,78.8,78.55,78.5,13625,10.7,284, 9092, 66.73,0.6673027522935779,2023-01-05
SMLISUZU, EQ, 05-Jan-2023,797.3,800.0,813.0,780.0,790.0,786.4,798.26,32958,263.09,2026, 9753, 29.59,0.2959220826506463,2023-01-05
SMLT, EQ, 05-Jan-2023,139.55,141.3,141.7,135.3,137.55,138.0,138.71,24567,34.08,998, 12808, 52.13,0.5213497781576912,2023-01-05
SMSLIFE, EQ, 05-Jan-2023,627.65,627.65,636.5,619.25,635.0,625.8,627.79,1863,11.7,157, 1357, 72.84,0.7283950617283951,2023-01-05
SMSPHARMA, EQ, 05-Jan-2023,83.05,84.45,84.45,80.5,81.5,81.6,81.55,63568,51.84,1050, 43438, 68.33,0.683331235841933,2023-01-05
SNOWMAN, EQ, 05-Jan-2023,38.6,38.7,39.1,38.35,38.85,38.75,38.66,333352,128.87,1134, 191101, 57.33,0.5732708968297775,2023-01-05
SOBHA, EQ, 05-Jan-2023,582.5,584.0,584.0,564.1,567.0,567.5,569.05,127238,724.05,7750, 48702, 38.28,0.382763011050158,2023-01-05
SOFTTECH, EQ, 05-Jan-2023,150.5,152.1,152.1,147.15,150.05,150.1,149.94,4061,6.09,205, 583, 14.36,0.14356069933513912,2023-01-05
SOLARA, EQ, 05-Jan-2023,434.15,435.3,436.4,422.0,428.45,426.55,429.03,48425,207.76,4050, 22691, 46.86,0.46858027878162106,2023-01-05
SOLARINDS, EQ, 05-Jan-2023,4459.9,4474.7,4527.0,4384.0,4400.0,4406.45,4451.0,56499,2514.77,11987, 28076, 49.69,0.4969291491884812,2023-01-05
SOMANYCERA, EQ, 05-Jan-2023,483.8,495.85,518.8,495.45,503.95,502.4,502.99,166398,836.97,9180, 67300, 40.45,0.40445197658625703,2023-01-05
SOMATEX, EQ, 05-Jan-2023,9.1,9.1,9.35,9.05,9.25,9.15,9.14,22802,2.08,59, 14801, 64.91,0.6491097272169108,2023-01-05
SOMICONVEY, EQ, 05-Jan-2023,41.75,43.0,43.0,40.9,41.85,41.0,41.18,2414,0.99,69, 1581, 65.49,0.6549295774647887,2023-01-05
SONACOMS, EQ, 05-Jan-2023,410.3,413.2,418.6,407.35,416.0,415.0,412.16,618502,2549.21,24091, 270994, 43.81,0.4381457133525841,2023-01-05
SONAMCLOCK, EQ, 05-Jan-2023,47.9,49.75,50.7,48.1,50.7,49.4,49.09,4653,2.28,101, 1990, 42.77,0.42768106597893835,2023-01-05
SONATSOFTW, EQ, 05-Jan-2023,575.3,580.7,587.8,572.05,583.5,584.7,582.74,146060,851.15,10300, 61258, 41.94,0.41940298507462687,2023-01-05
SOTL, EQ, 05-Jan-2023,304.0,307.0,307.5,300.9,305.0,303.2,304.21,27848,84.72,1825, 17651, 63.38,0.6338336684860673,2023-01-05
SOUTHBANK, EQ, 05-Jan-2023,19.95,20.1,20.15,19.25,19.55,19.5,19.58,42804737,8383.02,27393, 12472347, 29.14,0.2913777276566376,2023-01-05
SOUTHWEST, EQ, 05-Jan-2023,122.65,122.5,124.9,116.6,117.0,119.25,122.17,41257,50.41,447, 7754, 18.79,0.1879438640715515,2023-01-05
SPAL, EQ, 05-Jan-2023,319.75,321.15,325.0,315.2,324.85,321.35,319.6,14443,46.16,1190, 5887, 40.76,0.4076022986914076,2023-01-05
SPANDANA, EQ, 05-Jan-2023,588.45,590.5,592.15,577.2,585.1,587.9,584.21,24723,144.43,1864, 14636, 59.20,0.5919993528293492,2023-01-05
SPARC, EQ, 05-Jan-2023,208.6,209.6,212.85,208.5,211.0,210.95,210.5,218174,459.27,4594, 75487, 34.60,0.3459944814689193,2023-01-05
SPCENET, BE, 05-Jan-2023,30.05,30.9,31.55,28.6,30.8,30.7,30.96,448414,138.81,1127, -, -,,2023-01-05
SPECIALITY, EQ, 05-Jan-2023,222.7,224.0,259.4,218.25,252.2,253.25,247.7,1376537,3409.66,24485, 353254, 25.66,0.2566251397528726,2023-01-05
SPENCERS, EQ, 05-Jan-2023,65.55,65.95,66.2,64.8,65.6,65.3,65.41,52223,34.16,830, 26170, 50.11,0.501120196082186,2023-01-05
SPIC, EQ, 05-Jan-2023,85.1,85.15,85.8,79.85,81.5,81.45,82.44,2676049,2206.03,15359, 1403646, 52.45,0.5245217856623702,2023-01-05
SPICEJET, EQ, 05-Jan-2023,38.2,38.7,38.95,38.05,38.2,38.2,38.36,2000995,767.62,5780, 448529, 22.42,0.22415298389051447,2023-01-05
SPLIL, EQ, 05-Jan-2023,74.25,74.95,81.7,74.15,77.1,76.75,79.0,612471,483.88,8942, 165945, 27.09,0.27094344058739106,2023-01-05
SPLPETRO, EQ, 05-Jan-2023,794.25,798.95,799.0,790.0,799.0,798.75,796.68,48040,382.72,3099, 33573, 69.89,0.6988551207327227,2023-01-05
SPMLINFRA, EQ, 05-Jan-2023,26.9,27.35,27.45,26.05,26.9,26.4,26.69,31317,8.36,340, 17625, 56.28,0.5627933710125491,2023-01-05
SPORTKING, EQ, 05-Jan-2023,723.45,722.35,723.95,714.05,721.3,721.0,719.9,5794,41.71,635, 3821, 65.95,0.6594753192958233,2023-01-05
SPTL, EQ, 05-Jan-2023,2.85,2.9,2.95,2.8,2.95,2.95,2.9,2206869,64.04,1177, 1515834, 68.69,0.6868708564033479,2023-01-05
SREEL, EQ, 05-Jan-2023,209.8,210.15,212.0,208.9,209.8,209.2,209.8,6168,12.94,611, 3065, 49.69,0.4969195849546044,2023-01-05
SRF, EQ, 05-Jan-2023,2265.3,2275.0,2281.95,2245.1,2271.0,2266.9,2262.91,266401,6028.41,22487, 120698, 45.31,0.4530688698615996,2023-01-05
SRHHYPOLTD, EQ, 05-Jan-2023,518.5,522.0,538.95,515.0,532.0,533.1,524.89,15079,79.15,801, 9928, 65.84,0.6583990980834273,2023-01-05
SRPL, EQ, 05-Jan-2023,65.45,65.45,68.7,65.45,68.7,68.7,68.46,281460,192.69,835, 198830, 70.64,0.7064236481205145,2023-01-05
SSWL, EQ, 05-Jan-2023,163.05,163.8,164.1,162.0,164.0,163.9,163.74,134729,220.6,2023, 97884, 72.65,0.7265250985311255,2023-01-05
STAR, EQ, 05-Jan-2023,364.7,362.65,366.5,354.0,354.85,356.1,359.06,252294,905.88,7238, 97164, 38.51,0.3851221194320911,2023-01-05
STARCEMENT, EQ, 05-Jan-2023,112.9,114.0,114.2,112.45,113.1,113.25,113.16,130755,147.96,2601, 50832, 38.88,0.3887576000917747,2023-01-05
STARHEALTH, EQ, 05-Jan-2023,586.2,586.0,586.2,580.0,584.0,584.5,584.69,85054,497.3,7095, 60179, 70.75,0.7075387400945282,2023-01-05
STARPAPER, EQ, 05-Jan-2023,185.4,186.75,188.65,185.2,186.0,186.75,186.76,17262,32.24,919, 6542, 37.90,0.37898273664697024,2023-01-05
STARTECK, EQ, 05-Jan-2023,136.05,135.4,136.75,132.6,136.4,136.35,135.66,13407,18.19,578, 556, 4.15,0.041470873424330576,2023-01-05
STCINDIA, EQ, 05-Jan-2023,92.8,92.55,93.1,89.6,91.25,91.8,91.61,46303,42.42,849, 12995, 28.07,0.28065136168282834,2023-01-05
STEELCAS, EQ, 05-Jan-2023,493.5,498.0,499.9,478.35,480.7,482.5,488.35,16308,79.64,2863, 7344, 45.03,0.4503311258278146,2023-01-05
STEELCITY, EQ, 05-Jan-2023,62.55,62.2,62.8,61.55,61.55,61.75,61.84,7631,4.72,126, 3077, 40.32,0.40322369283187,2023-01-05
STEELXIND, EQ, 05-Jan-2023,14.9,15.0,15.05,14.4,14.75,14.8,14.7,2075170,305.06,3336, 1424415, 68.64,0.6864088243372832,2023-01-05
STEL, EQ, 05-Jan-2023,157.85,161.9,164.9,155.25,156.1,156.9,158.96,11671,18.55,384, 6954, 59.58,0.5958358324051066,2023-01-05
STERTOOLS, EQ, 05-Jan-2023,259.65,269.5,269.5,257.1,257.5,259.15,260.7,12986,33.85,1539, 7118, 54.81,0.5481287540428154,2023-01-05
STLTECH, EQ, 05-Jan-2023,172.15,172.45,174.6,170.5,173.0,172.95,172.43,414741,715.15,5320, 197480, 47.62,0.4761525867951324,2023-01-05
STOVEKRAFT, EQ, 05-Jan-2023,544.65,545.2,556.0,537.5,541.0,543.2,546.47,293639,1604.66,12086, 100299, 34.16,0.34157247504588967,2023-01-05
STYLAMIND, EQ, 05-Jan-2023,1120.3,1132.8,1132.8,1084.5,1122.0,1112.25,1106.47,14530,160.77,2864, 6507, 44.78,0.44783207157604954,2023-01-05
SUBEXLTD, EQ, 05-Jan-2023,33.85,33.95,35.7,33.75,35.6,35.35,34.82,9226261,3212.31,13794, 3730962, 40.44,0.4043850482877083,2023-01-05
SUBROS, EQ, 05-Jan-2023,302.2,303.3,308.7,303.3,306.55,307.0,305.58,10057,30.73,930, 5997, 59.63,0.5963010838222134,2023-01-05
SUDARSCHEM, EQ, 05-Jan-2023,384.55,388.0,388.0,377.6,379.0,379.85,381.99,62427,238.46,4301, 36941, 59.17,0.5917471606836785,2023-01-05
SUKHJITS, EQ, 05-Jan-2023,432.9,440.0,440.0,425.1,436.0,433.8,430.93,951,4.1,170, 569, 59.83,0.5983175604626709,2023-01-05
SULA, EQ, 05-Jan-2023,323.05,324.85,326.0,316.6,319.2,318.65,319.43,190479,608.44,9210, 72121, 37.86,0.3786296652124381,2023-01-05
SUMEETINDS, BE, 05-Jan-2023,4.4,4.2,4.2,4.2,4.2,4.2,4.2,60198,2.53,165, -, -,,2023-01-05
SUMICHEM, EQ, 05-Jan-2023,483.3,485.7,495.6,484.0,489.5,490.45,491.56,441783,2171.61,11042, 218450, 49.45,0.4944735311227458,2023-01-05
SUMIT, BE, 05-Jan-2023,31.85,33.4,33.4,30.75,31.0,30.9,31.48,53719,16.91,234, -, -,,2023-01-05
SUMMITSEC, EQ, 05-Jan-2023,657.0,670.0,670.05,658.15,665.0,663.85,662.5,5205,34.48,308, 2903, 55.77,0.557732949087416,2023-01-05
SUNCLAYLTD, EQ, 05-Jan-2023,4970.9,4964.6,4998.8,4939.1,4960.0,4971.15,4962.37,1464,72.65,451, 961, 65.64,0.6564207650273224,2023-01-05
SUNDARAM, EQ, 05-Jan-2023,2.8,2.8,2.9,2.7,2.8,2.75,2.78,1204179,33.53,525, 775626, 64.41,0.6441118803765885,2023-01-05
SUNDARMFIN, EQ, 05-Jan-2023,2296.15,2300.35,2410.0,2282.0,2388.35,2387.25,2371.85,81449,1931.85,9484, 47723, 58.59,0.5859249346216651,2023-01-05
SUNDARMHLD, EQ, 05-Jan-2023,94.55,94.65,95.5,91.9,92.75,92.9,93.3,76235,71.13,928, 36331, 47.66,0.4765658818128156,2023-01-05
SUNDRMBRAK, EQ, 05-Jan-2023,325.3,325.8,332.0,322.15,329.85,327.45,327.35,2003,6.56,322, 892, 44.53,0.4453320019970045,2023-01-05
SUNDRMFAST, EQ, 05-Jan-2023,962.25,967.05,1030.0,965.15,1004.0,1004.6,1004.48,1016320,10208.71,28139, 660814, 65.02,0.6502026920654912,2023-01-05
SUNFLAG, EQ, 05-Jan-2023,113.6,114.6,116.5,111.55,114.95,115.05,114.0,1053672,1201.23,8174, 217290, 20.62,0.20622167050087695,2023-01-05
SUNPHARMA, EQ, 05-Jan-2023,1004.1,1009.1,1021.9,1008.25,1014.5,1016.2,1015.35,2246533,22810.23,72404, 1354291, 60.28,0.6028360144275646,2023-01-05
SUNTECK, EQ, 05-Jan-2023,340.15,341.0,350.0,338.6,347.55,347.8,342.75,515594,1767.19,13291, 119030, 23.09,0.2308599401854948,2023-01-05
SUNTV, EQ, 05-Jan-2023,478.45,478.5,482.55,475.1,481.7,481.9,479.09,261171,1251.26,8600, 61672, 23.61,0.2361364776334279,2023-01-05
SUPERHOUSE, EQ, 05-Jan-2023,206.9,208.45,208.45,201.8,204.0,203.15,203.7,4615,9.4,500, 2344, 50.79,0.5079089924160347,2023-01-05
SUPERSPIN, EQ, 05-Jan-2023,8.95,9.1,9.15,8.7,8.8,8.85,8.86,45819,4.06,165, 29909, 65.28,0.6527641371483446,2023-01-05
SUPRAJIT, EQ, 05-Jan-2023,335.05,335.05,336.9,331.2,332.8,332.85,334.22,125413,419.15,4743, 53913, 42.99,0.4298836643729119,2023-01-05
SUPREMEENG, EQ, 05-Jan-2023,1.3,1.3,1.3,1.2,1.3,1.25,1.25,763606,9.57,332, 563551, 73.80,0.7380127971755067,2023-01-05
SUPREMEIND, EQ, 05-Jan-2023,2385.0,2387.95,2452.15,2375.0,2398.0,2386.0,2418.61,95383,2306.95,14419, 49373, 51.76,0.5176289275866769,2023-01-05
SUPREMEINF, EQ, 05-Jan-2023,25.2,25.3,26.1,25.0,25.0,25.1,25.56,56784,14.51,345, 36217, 63.78,0.6378029022259791,2023-01-05
SUPRIYA, EQ, 05-Jan-2023,237.6,243.8,243.8,236.1,238.05,238.4,239.39,136978,327.92,5651, 29789, 21.75,0.2174728788564587,2023-01-05
SURANASOL, EQ, 05-Jan-2023,23.0,23.45,24.0,23.0,23.1,23.2,23.3,48328,11.26,535, 31097, 64.35,0.6434572090713458,2023-01-05
SURANAT&P, EQ, 05-Jan-2023,11.4,11.55,13.0,11.3,11.7,12.15,12.11,496512,60.11,871, 199817, 40.24,0.40244143142562516,2023-01-05
SURYALAXMI, EQ, 05-Jan-2023,58.4,59.05,59.3,57.25,58.55,58.45,58.2,15996,9.31,427, 8887, 55.56,0.5555763940985247,2023-01-05
SURYAROSNI, EQ, 05-Jan-2023,544.9,549.95,570.9,540.1,560.9,560.8,560.05,1394396,7809.29,34808, 360008, 25.82,0.258182037240497,2023-01-05
SURYODAY, EQ, 05-Jan-2023,117.15,118.2,119.6,112.1,114.5,114.4,115.63,664341,768.15,7575, 240438, 36.19,0.36191955637240514,2023-01-05
SUTLEJTEX, EQ, 05-Jan-2023,62.4,62.45,65.0,61.35,64.0,63.95,63.71,209765,133.64,2418, 92563, 44.13,0.4412699926107787,2023-01-05
SUULD, EQ, 05-Jan-2023,35.9,37.0,37.0,35.0,35.45,35.3,35.59,146258,52.06,1010, 110316, 75.43,0.7542561774398665,2023-01-05
SUVEN, EQ, 05-Jan-2023,65.6,65.6,66.1,65.3,65.95,65.9,65.74,202473,133.11,1909, 110948, 54.80,0.547964419947351,2023-01-05
SUVENPHAR, EQ, 05-Jan-2023,490.15,487.7,494.0,485.85,491.0,491.05,490.75,238244,1169.19,8201, 140508, 58.98,0.5897651147563002,2023-01-05
SUVIDHAA, EQ, 05-Jan-2023,5.15,5.15,5.25,5.05,5.15,5.1,5.12,54852,2.81,173, 37160, 67.75,0.6774593451469408,2023-01-05
SUZLON, EQ, 05-Jan-2023,10.4,10.55,10.6,10.05,10.35,10.25,10.23,142768735,14606.47,46587, 37159997, 26.03,0.2602810552324359,2023-01-05
SVPGLOB, EQ, 05-Jan-2023,29.55,30.0,30.2,29.55,29.65,29.8,29.87,78826,23.55,489, 55477, 70.38,0.7037906274579453,2023-01-05
SWANENERGY, EQ, 05-Jan-2023,323.35,325.25,331.7,320.15,322.0,322.2,324.68,561292,1822.4,10275, 102683, 18.29,0.18294043029296694,2023-01-05
SWARAJENG, EQ, 05-Jan-2023,1574.0,1580.7,1588.4,1567.35,1576.1,1578.2,1579.32,3891,61.45,780, 2573, 66.13,0.6612695965047546,2023-01-05
SWELECTES, EQ, 05-Jan-2023,347.45,349.6,359.55,346.1,348.0,349.0,352.69,31082,109.62,1655, 15307, 49.25,0.49247152692876905,2023-01-05
SWSOLAR, EQ, 05-Jan-2023,274.35,278.1,278.1,271.75,274.7,273.8,273.14,341146,931.8,3735, 256562, 75.21,0.7520592356351826,2023-01-05
SYMPHONY, EQ, 05-Jan-2023,934.85,935.2,949.9,929.8,933.0,938.15,940.57,31644,297.64,5159, 14564, 46.02,0.4602452281633169,2023-01-05
SYNCOMF, EQ, 05-Jan-2023,9.05,9.45,9.45,8.85,9.0,9.0,9.07,5110825,463.33,4979, 1742129, 34.09,0.3408704074195458,2023-01-05
SYNGENE, EQ, 05-Jan-2023,590.6,592.0,594.9,585.3,593.0,591.3,590.36,202681,1196.55,7553, 86711, 42.78,0.42782007193570193,2023-01-05
SYRMA, EQ, 05-Jan-2023,275.7,275.0,276.9,269.5,271.8,271.6,272.2,160103,435.8,5682, 64404, 40.23,0.40226604123595433,2023-01-05
TAINWALCHM, EQ, 05-Jan-2023,116.45,117.1,138.0,117.1,131.8,131.55,130.65,738408,964.76,14078, 131198, 17.77,0.1776768399042264,2023-01-05
TAJGVK, EQ, 05-Jan-2023,205.35,205.35,206.4,200.0,202.5,201.9,202.77,105716,214.36,3838, 35148, 33.25,0.33247568958341217,2023-01-05
TAKE, EQ, 05-Jan-2023,23.5,23.6,23.65,23.3,23.5,23.4,23.44,106928,25.06,799, 58122, 54.36,0.5435620230435433,2023-01-05
TALBROAUTO, EQ, 05-Jan-2023,546.95,552.8,555.0,536.4,547.6,547.85,545.37,47366,258.32,4877, 15338, 32.38,0.32381877295950684,2023-01-05
TANLA, EQ, 05-Jan-2023,716.85,718.0,721.1,700.0,705.65,703.3,708.23,105938,750.28,6680, 43602, 41.16,0.41158035832279255,2023-01-05
TANTIACONS, BZ, 05-Jan-2023,13.45,13.45,14.1,12.8,13.25,12.9,13.31,18830,2.51,65, -, -,,2023-01-05
TARC, EQ, 05-Jan-2023,41.15,41.65,41.65,40.75,41.5,41.4,41.22,264640,109.07,1548, 122302, 46.21,0.46214480048367595,2023-01-05
TARMAT, EQ, 05-Jan-2023,53.85,53.8,54.7,53.0,53.0,53.25,53.53,5594,2.99,165, 3329, 59.51,0.5951018948873793,2023-01-05
TARSONS, EQ, 05-Jan-2023,682.85,680.85,690.0,680.5,688.0,684.85,683.78,14749,100.85,2597, 7246, 49.13,0.49128754491829957,2023-01-05
TASTYBITE, EQ, 05-Jan-2023,10560.25,10485.55,10598.95,10338.85,10422.0,10456.55,10463.94,756,79.11,372, 488, 64.55,0.6455026455026455,2023-01-05
TATACHEM, EQ, 05-Jan-2023,931.65,934.7,946.3,925.85,942.0,942.15,933.94,835241,7800.63,28760, 282443, 33.82,0.33815748987418004,2023-01-05
TATACOFFEE, EQ, 05-Jan-2023,217.2,218.2,222.3,217.25,220.3,221.15,220.71,866426,1912.27,8949, 334547, 38.61,0.3861229926156417,2023-01-05
TATACOMM, EQ, 05-Jan-2023,1333.55,1339.75,1339.75,1318.0,1325.0,1326.6,1327.2,421447,5593.46,23209, 204522, 48.53,0.48528521973106936,2023-01-05
TATACONSUM, EQ, 05-Jan-2023,762.25,762.0,781.0,760.1,764.0,763.85,767.85,3198519,24559.84,65444, 1613834, 50.46,0.5045566401200056,2023-01-05
TATAELXSI, EQ, 05-Jan-2023,6369.55,6384.95,6396.85,6270.0,6300.0,6287.45,6298.27,125426,7899.66,25742, 54898, 43.77,0.4376923444899782,2023-01-05
TATAINVEST, EQ, 05-Jan-2023,2101.15,2086.2,2118.55,2075.0,2096.85,2090.4,2090.29,18398,384.57,3258, 8363, 45.46,0.4545602782911186,2023-01-05
TATAMETALI, EQ, 05-Jan-2023,815.55,824.0,828.95,807.55,828.0,825.15,816.8,86327,705.12,4597, 22835, 26.45,0.2645174742548681,2023-01-05
TATAMOTORS, EQ, 05-Jan-2023,385.6,387.9,388.75,382.5,387.0,386.9,386.13,10443908,40326.92,130918, 4250557, 40.70,0.4069891270585685,2023-01-05
TATAMTRDVR, EQ, 05-Jan-2023,208.2,208.25,211.5,204.05,207.3,207.45,207.66,1612957,3349.45,20293, 598586, 37.11,0.37111094716102166,2023-01-05
TATAPOWER, EQ, 05-Jan-2023,208.1,209.6,209.75,205.15,207.75,207.6,207.62,10272550,21327.71,83943, 3791422, 36.91,0.3690828470048819,2023-01-05
TATASTEEL, EQ, 05-Jan-2023,115.75,116.5,117.0,114.5,116.8,116.55,115.74,58806907,68060.58,238074, 18665056, 31.74,0.31739564197790576,2023-01-05
TATASTLLP, EQ, 05-Jan-2023,690.85,694.35,702.6,684.05,702.25,700.0,694.44,50295,349.27,2741, 22970, 45.67,0.45670543791629387,2023-01-05
TATVA, EQ, 05-Jan-2023,2110.75,2110.75,2121.1,2076.1,2098.85,2087.65,2096.61,2822,59.17,868, 1422, 50.39,0.5038979447200567,2023-01-05
TBZ, EQ, 05-Jan-2023,79.7,80.05,81.9,78.15,79.0,78.9,80.23,249569,200.23,3490, 106752, 42.77,0.42774543312671043,2023-01-05
TCI, EQ, 05-Jan-2023,609.1,612.1,612.15,599.65,603.5,603.3,603.0,24703,148.96,3385, 17283, 69.96,0.6996316236894304,2023-01-05
TCIEXP, EQ, 05-Jan-2023,1794.85,1790.0,1828.85,1789.45,1828.5,1823.35,1811.0,6224,112.72,2520, 2265, 36.39,0.363913881748072,2023-01-05
TCNSBRANDS, EQ, 05-Jan-2023,525.6,533.95,534.0,521.55,524.0,525.0,527.66,10235,54.01,1349, 5296, 51.74,0.5174401563263312,2023-01-05
TCPLPACK, EQ, 05-Jan-2023,1502.7,1523.45,1527.0,1477.05,1510.0,1494.6,1496.9,12081,180.84,3259, 5266, 43.59,0.4358910686201473,2023-01-05
TCS, EQ, 05-Jan-2023,3314.65,3330.2,3337.3,3281.95,3302.65,3311.1,3311.44,1826057,60468.83,128658, 1202559, 65.86,0.6585550177239813,2023-01-05
TDPOWERSYS, EQ, 05-Jan-2023,143.35,142.6,147.95,139.8,146.35,146.05,144.77,1165964,1687.97,15461, 454250, 38.96,0.3895917884257147,2023-01-05
TEAMLEASE, EQ, 05-Jan-2023,2485.05,2485.05,2560.0,2455.5,2499.0,2488.45,2478.82,24229,600.59,3282, 18151, 74.91,0.7491435882620001,2023-01-05
TECH, EQ, 05-Jan-2023,29.25,29.7,29.7,28.91,29.1,29.07,29.13,2982,0.87,133, 2699, 90.51,0.9050972501676727,2023-01-05
TECHIN, EQ, 05-Jan-2023,10.65,10.9,10.9,10.35,10.5,10.5,10.59,79548,8.42,194, 5791, 7.28,0.0727988132951174,2023-01-05
TECHM, EQ, 05-Jan-2023,1020.3,1021.0,1024.95,1004.5,1012.8,1011.65,1013.24,1376035,13942.55,53787, 746970, 54.28,0.5428422968892507,2023-01-05
TECHNOE, EQ, 05-Jan-2023,343.25,346.7,369.7,342.3,363.8,362.6,360.12,641822,2311.35,22508, 187072, 29.15,0.29147022071540085,2023-01-05
TEGA, EQ, 05-Jan-2023,579.9,585.7,589.9,576.0,585.0,584.8,584.52,24816,145.06,2761, 13214, 53.25,0.5324790457769181,2023-01-05
TEJASNET, EQ, 05-Jan-2023,593.8,596.0,601.05,587.25,591.7,590.35,592.08,177767,1052.52,6022, 72529, 40.80,0.4080003600218263,2023-01-05
TEMBO, EQ, 05-Jan-2023,132.95,132.95,133.5,128.8,133.5,131.85,130.86,209842,274.59,402, 101472, 48.36,0.48356382421059657,2023-01-05
TERASOFT, EQ, 05-Jan-2023,44.05,44.2,44.5,43.1,43.1,43.45,43.74,10661,4.66,196, 6791, 63.70,0.6369946534096239,2023-01-05
TEXINFRA, EQ, 05-Jan-2023,60.4,60.4,60.4,58.75,59.05,58.95,59.42,23603,14.02,312, 19062, 80.76,0.8076092022200567,2023-01-05
TEXMOPIPES, EQ, 05-Jan-2023,58.15,58.95,59.0,57.45,57.8,58.3,58.31,32681,19.06,835, 16463, 50.37,0.5037483553134849,2023-01-05
TEXRAIL, EQ, 05-Jan-2023,59.1,59.5,60.6,59.0,59.75,59.75,59.77,2276513,1360.58,7860, 859840, 37.77,0.3777004567951073,2023-01-05
TFCILTD, EQ, 05-Jan-2023,83.05,83.15,83.8,81.3,82.85,82.9,82.46,411261,339.13,2954, 161198, 39.20,0.39196033662321494,2023-01-05
TFL, EQ, 05-Jan-2023,9.8,10.15,10.15,9.5,9.75,9.6,9.67,5489,0.53,33, 3166, 57.68,0.5767899435234105,2023-01-05
TGBHOTELS, EQ, 05-Jan-2023,12.3,12.55,12.55,11.9,12.0,12.05,12.12,20651,2.5,126, 14824, 71.78,0.7178344874340226,2023-01-05
THANGAMAYL, EQ, 05-Jan-2023,1087.3,1087.3,1113.0,1080.0,1086.0,1088.8,1098.34,8780,96.43,843, 5984, 68.15,0.6815489749430524,2023-01-05
THEINVEST, EQ, 05-Jan-2023,91.5,93.25,93.25,87.05,88.0,88.2,89.52,10845,9.71,295, 8534, 78.69,0.786906408483172,2023-01-05
THEMISMED, EQ, 05-Jan-2023,1359.45,1359.45,1379.95,1295.0,1296.2,1299.6,1314.73,10348,136.05,2873, 7105, 68.66,0.6866061074603789,2023-01-05
THERMAX, EQ, 05-Jan-2023,1951.15,1951.0,1961.4,1939.25,1955.95,1950.95,1949.97,20325,396.33,4287, 11672, 57.43,0.5742681426814268,2023-01-05
THOMASCOOK, EQ, 05-Jan-2023,73.0,73.6,73.6,72.05,73.1,73.2,72.93,184616,134.65,1988, 93837, 50.83,0.5082820557264809,2023-01-05
THOMASCOTT, BE, 05-Jan-2023,44.5,42.3,44.35,42.3,44.35,44.35,42.39,315,0.13,7, -, -,,2023-01-05
THYROCARE, EQ, 05-Jan-2023,608.75,610.75,610.75,602.8,605.0,605.4,605.8,86433,523.61,4306, 31883, 36.89,0.3688753138268948,2023-01-05
TI, EQ, 05-Jan-2023,118.05,117.55,119.5,113.7,116.05,116.2,116.07,371880,431.65,2866, 204961, 55.11,0.5511482198558675,2023-01-05
TIDEWATER, EQ, 05-Jan-2023,1000.95,1003.0,1014.7,995.0,999.0,998.85,1003.22,21829,218.99,4275, 9293, 42.57,0.42571808145128043,2023-01-05
TIIL, EQ, 05-Jan-2023,907.85,902.0,913.95,895.0,901.55,897.55,901.98,2568,23.16,383, 1442, 56.15,0.5615264797507789,2023-01-05
TIINDIA, EQ, 05-Jan-2023,2781.1,2785.0,2818.25,2760.15,2770.0,2771.55,2780.33,118486,3294.3,19993, 56353, 47.56,0.4756089327009098,2023-01-05
TIJARIA, BE, 05-Jan-2023,7.6,7.9,7.9,7.25,7.35,7.45,7.5,20946,1.57,67, -, -,,2023-01-05
TIL, BE, 05-Jan-2023,196.45,196.1,206.25,188.05,195.4,195.35,198.67,18378,36.51,245, -, -,,2023-01-05
TIMESGTY, EQ, 05-Jan-2023,56.15,55.3,56.6,54.5,56.6,56.55,55.11,2257,1.24,91, 1322, 58.57,0.5857332742578644,2023-01-05
TIMETECHNO, EQ, 05-Jan-2023,93.05,93.25,94.7,91.8,93.7,93.8,92.86,597349,554.72,4773, 192227, 32.18,0.32180015367900505,2023-01-05
TIMKEN, EQ, 05-Jan-2023,3149.25,3173.0,3191.4,3095.0,3117.9,3112.75,3142.47,53846,1692.1,9707, 30799, 57.20,0.5719830628087509,2023-01-05
TINPLATE, EQ, 05-Jan-2023,341.8,343.0,348.9,338.05,346.6,347.4,344.07,422123,1452.4,13297, 226232, 53.59,0.5359385771445764,2023-01-05
TIPSFILMS, EQ, 05-Jan-2023,436.5,438.7,470.0,431.3,455.0,453.6,452.06,9412,42.55,923, 5195, 55.20,0.5519549511262218,2023-01-05
TIPSINDLTD, EQ, 05-Jan-2023,1777.9,1777.0,1794.0,1705.3,1725.0,1743.5,1755.8,18280,320.96,1515, 14476, 79.19,0.7919037199124727,2023-01-05
TIRUMALCHM, EQ, 05-Jan-2023,211.05,211.9,212.15,205.3,207.3,206.95,208.12,171675,357.29,4352, 72303, 42.12,0.4211620795107034,2023-01-05
TIRUPATIFL, EQ, 05-Jan-2023,21.65,21.9,22.1,21.4,21.65,21.55,21.73,502540,109.19,1374, 291299, 57.97,0.5796533609264934,2023-01-05
TITAN, EQ, 05-Jan-2023,2597.55,2591.0,2620.0,2543.65,2565.2,2562.1,2573.8,1544601,39754.97,103786, 946321, 61.27,0.6126637235117678,2023-01-05
TMB, EQ, 05-Jan-2023,482.4,482.9,483.85,476.25,482.6,481.35,479.43,63906,306.38,6293, 43030, 67.33,0.6733327074140143,2023-01-05
TNIDETF, EQ, 05-Jan-2023,55.53,56.65,56.65,54.8,54.8,55.04,55.1,2720,1.5,100, 1496, 55.00,0.55,2023-01-05
TNPETRO, EQ, 05-Jan-2023,89.8,90.45,90.95,89.45,90.0,89.9,90.05,78343,70.54,1829, 40211, 51.33,0.5132685753672951,2023-01-05
TNPL, EQ, 05-Jan-2023,241.1,242.35,248.75,240.05,243.75,244.0,244.49,256520,627.16,6492, 157107, 61.25,0.6124551691875877,2023-01-05
TNTELE, BE, 05-Jan-2023,7.4,7.55,7.65,7.4,7.6,7.45,7.46,17513,1.31,46, -, -,,2023-01-05
TOKYOPLAST, EQ, 05-Jan-2023,97.95,97.95,99.4,96.0,98.5,98.45,97.77,1729,1.69,109, 1326, 76.69,0.7669172932330827,2023-01-05
TORNTPHARM, EQ, 05-Jan-2023,1548.0,1555.75,1564.25,1540.65,1563.95,1561.25,1558.61,59459,926.74,7616, 28903, 48.61,0.4860996653155956,2023-01-05
TORNTPOWER, EQ, 05-Jan-2023,484.4,486.0,490.0,478.8,483.0,484.6,481.75,511661,2464.93,16125, 314442, 61.46,0.6145514315142252,2023-01-05
TOTAL, EQ, 05-Jan-2023,161.55,162.35,163.0,157.5,159.1,159.25,159.64,7433,11.87,225, 5226, 70.31,0.7030808556437509,2023-01-05
TOUCHWOOD, EQ, 05-Jan-2023,102.1,102.15,105.0,100.9,102.1,102.1,101.9,5056,5.15,57, 3629, 71.78,0.7177610759493671,2023-01-05
TPLPLASTEH, EQ, 05-Jan-2023,30.85,31.6,31.6,30.5,31.5,31.35,31.13,17842,5.55,659, 6908, 38.72,0.3871763255240444,2023-01-05
TRACXN, EQ, 05-Jan-2023,88.05,88.5,90.3,85.4,86.3,86.35,87.51,914665,800.39,7351, 424821, 46.45,0.4644552923748039,2023-01-05
TREEHOUSE, EQ, 05-Jan-2023,18.0,18.0,18.2,17.7,17.7,17.75,17.89,11921,2.13,102, 8592, 72.07,0.7207449039510109,2023-01-05
TREJHARA, EQ, 05-Jan-2023,69.4,70.45,70.95,69.05,70.05,69.9,69.83,17067,11.92,367, 10765, 63.07,0.6307493994257924,2023-01-05
TRENT, EQ, 05-Jan-2023,1307.4,1312.0,1312.0,1272.3,1279.05,1279.9,1285.41,617568,7938.27,38964, 290800, 47.09,0.47087932017202966,2023-01-05
TRF, EQ, 05-Jan-2023,176.3,176.3,179.45,173.65,178.4,178.5,177.02,105211,186.24,1048, 53795, 51.13,0.5113058520496906,2023-01-05
TRIDENT, EQ, 05-Jan-2023,34.0,34.25,34.4,33.9,34.05,34.05,34.04,2393512,814.83,15415, 1117569, 46.69,0.466915979531333,2023-01-05
TRIGYN, EQ, 05-Jan-2023,94.45,95.0,95.4,92.55,92.75,93.35,94.27,65719,61.95,1069, 30409, 46.27,0.4627124575845646,2023-01-05
TRIL, EQ, 05-Jan-2023,57.1,57.5,58.8,56.0,58.0,58.1,57.83,400204,231.44,3390, 228846, 57.18,0.5718233700812586,2023-01-05
TRITURBINE, EQ, 05-Jan-2023,246.6,249.2,250.0,242.5,244.9,244.6,244.36,387786,947.6,18185, 186585, 48.12,0.4811545543160403,2023-01-05
TRIVENI, EQ, 05-Jan-2023,281.4,281.25,286.35,280.6,282.4,283.2,283.15,399371,1130.81,12724, 120852, 30.26,0.3026058476955012,2023-01-05
TRU, EQ, 05-Jan-2023,71.45,72.0,72.4,68.25,69.0,69.05,70.22,219062,153.82,1706, 109129, 49.82,0.49816490308679734,2023-01-05
TTKHLTCARE, EQ, 05-Jan-2023,987.8,997.85,1025.0,989.05,1001.0,998.65,1009.66,10220,103.19,1553, 5412, 52.95,0.5295499021526419,2023-01-05
TTKPRESTIG, EQ, 05-Jan-2023,794.9,809.0,809.0,789.35,795.0,792.55,796.46,64463,513.42,4323, 22898, 35.52,0.35521151668398926,2023-01-05
TTL, EQ, 05-Jan-2023,89.1,91.0,91.0,84.2,85.55,85.85,86.21,20582,17.74,544, 11101, 53.94,0.5393547760178797,2023-01-05
TTML, EQ, 05-Jan-2023,89.65,89.8,90.4,87.85,89.6,88.9,89.15,953353,849.93,12485, 608218, 63.80,0.6379777480114921,2023-01-05
TV18BRDCST, EQ, 05-Jan-2023,37.0,37.2,37.35,36.7,37.2,37.1,37.03,2891568,1070.7,6840, 953796, 32.99,0.32985425208744873,2023-01-05
TVSELECT, EQ, 05-Jan-2023,352.35,366.0,418.8,353.0,383.0,383.55,386.73,11617976,44930.46,193489, 656500, 5.65,0.05650726081720258,2023-01-05
TVSMOTOR, EQ, 05-Jan-2023,1025.05,1029.95,1031.95,1014.0,1031.0,1030.2,1022.97,987083,10097.54,45129, 418562, 42.40,0.4240393158427407,2023-01-05
TVSSRICHAK, EQ, 05-Jan-2023,3244.65,3250.0,3644.0,3250.0,3548.0,3552.05,3530.65,213273,7529.92,33898, 30775, 14.43,0.14429862195402138,2023-01-05
TVTODAY, EQ, 05-Jan-2023,250.65,252.45,252.85,245.3,247.5,247.4,249.06,42469,105.77,1883, 30084, 70.84,0.7083755209682356,2023-01-05
TVVISION, BE, 05-Jan-2023,2.65,2.6,2.75,2.55,2.6,2.75,2.57,20599,0.53,21, -, -,,2023-01-05
TWL, EQ, 05-Jan-2023,232.9,233.9,234.8,228.4,234.5,233.45,231.76,553022,1281.67,7501, 256247, 46.34,0.4633576964388397,2023-01-05
UBL, EQ, 05-Jan-2023,1679.55,1686.85,1688.4,1664.9,1675.0,1680.75,1678.94,85550,1436.34,7190, 23801, 27.82,0.2782115721800117,2023-01-05
UCALFUEL, EQ, 05-Jan-2023,126.05,128.2,128.2,124.0,125.8,125.45,125.76,18599,23.39,400, 13333, 71.69,0.7168664981988279,2023-01-05
UCOBANK, EQ, 05-Jan-2023,32.3,32.6,32.85,31.65,32.1,32.2,32.14,22394272,7198.53,39863, 3572199, 15.95,0.15951395964110823,2023-01-05
UDAICEMENT, EQ, 05-Jan-2023,32.3,32.6,32.6,31.65,32.0,31.8,31.98,152057,48.63,913, 90866, 59.76,0.5975785396265874,2023-01-05
UFLEX, EQ, 05-Jan-2023,559.15,560.15,563.5,550.1,559.9,555.9,555.08,60071,333.44,4156, 33526, 55.81,0.5581062409482113,2023-01-05
UFO, EQ, 05-Jan-2023,93.0,92.15,93.35,91.9,92.8,92.7,92.61,37771,34.98,558, 22189, 58.75,0.5874612798178497,2023-01-05
UGARSUGAR, EQ, 05-Jan-2023,104.75,105.0,106.35,100.3,101.0,101.8,103.38,778793,805.14,6723, 306499, 39.36,0.39355643925921263,2023-01-05
UGROCAP, EQ, 05-Jan-2023,154.65,155.0,155.0,152.35,153.85,153.25,153.28,29602,45.37,534, 21467, 72.52,0.725187487331937,2023-01-05
UJAAS, BE, 05-Jan-2023,2.95,2.95,2.95,2.85,2.95,2.9,2.92,296151,8.64,403, -, -,,2023-01-05
UJJIVAN, EQ, 05-Jan-2023,274.0,276.8,278.7,255.05,268.0,268.0,263.82,1306822,3447.66,17018, 772490, 59.11,0.591121055507177,2023-01-05
UJJIVANSFB, EQ, 05-Jan-2023,30.2,30.45,30.8,29.8,30.15,30.05,30.16,8936113,2695.43,12859, 2923216, 32.71,0.3271238848479199,2023-01-05
ULTRACEMCO, EQ, 05-Jan-2023,7005.35,7014.95,7042.2,6945.0,7003.0,7007.0,6998.0,236570,16555.18,34372, 119593, 50.55,0.5055290188950416,2023-01-05
UMAEXPORTS, EQ, 05-Jan-2023,48.65,48.65,48.65,47.45,47.5,47.7,48.03,21364,10.26,466, 14665, 68.64,0.686435124508519,2023-01-05
UMANGDAIRY, EQ, 05-Jan-2023,62.15,61.3,62.65,61.3,61.5,61.5,61.8,2390,1.48,74, 1669, 69.83,0.698326359832636,2023-01-05
UMESLTD, EQ, 05-Jan-2023,4.75,4.65,4.85,4.65,4.85,4.8,4.72,6042,0.29,64, 5801, 96.01,0.9601125455147302,2023-01-05
UNICHEMLAB, EQ, 05-Jan-2023,298.55,299.0,305.15,294.5,299.4,299.45,300.16,53750,161.34,3025, 22330, 41.54,0.4154418604651163,2023-01-05
UNIDT, EQ, 05-Jan-2023,261.2,266.35,266.35,259.65,261.85,260.75,261.64,8164,21.36,351, 5496, 67.32,0.6731994120529152,2023-01-05
UNIENTER, EQ, 05-Jan-2023,136.15,137.0,137.0,133.85,136.85,135.15,135.51,3772,5.11,194, 2037, 54.00,0.5400318133616119,2023-01-05
UNIINFO, EQ, 05-Jan-2023,22.65,23.8,23.85,22.1,22.45,22.95,23.14,66480,15.38,183, 5867, 8.83,0.08825210589651022,2023-01-05
UNIONBANK, EQ, 05-Jan-2023,80.55,81.0,81.8,79.3,80.7,80.6,80.41,18355266,14759.69,38274, 3249085, 17.70,0.17701105502911263,2023-01-05
UNIPARTS, EQ, 05-Jan-2023,571.15,569.85,574.7,542.0,547.25,547.35,551.44,391285,2157.72,15070, 216707, 55.38,0.5538341618002224,2023-01-05
UNITECH, BZ, 05-Jan-2023,1.85,1.85,1.85,1.8,1.8,1.8,1.8,2087329,37.63,502, -, -,,2023-01-05
UNITEDPOLY, BE, 05-Jan-2023,131.35,136.0,136.0,124.8,132.0,132.4,130.83,62518,81.8,480, -, -,,2023-01-05
UNITEDTEA, EQ, 05-Jan-2023,276.35,279.3,280.0,272.0,273.0,272.95,274.21,3383,9.28,145, 2954, 87.32,0.8731894767957434,2023-01-05
UNIVASTU, EQ, 05-Jan-2023,103.9,104.85,106.8,100.0,102.55,102.7,103.26,192524,198.79,3083, 79733, 41.41,0.41414576883920967,2023-01-05
UNIVCABLES, EQ, 05-Jan-2023,321.85,323.7,355.0,310.15,314.4,314.7,319.85,119076,380.86,3298, 50439, 42.36,0.423586616950519,2023-01-05
UNIVPHOTO, EQ, 05-Jan-2023,511.3,508.85,517.75,500.0,505.4,506.4,507.19,1735,8.8,178, 1264, 72.85,0.7285302593659942,2023-01-05
UNOMINDA, EQ, 05-Jan-2023,538.55,542.65,550.9,539.55,544.55,545.9,543.9,400305,2177.27,26708, 216730, 54.14,0.5414121732179213,2023-01-05
UPL, EQ, 05-Jan-2023,715.65,719.25,724.7,713.4,720.0,720.3,719.05,1407487,10120.51,52629, 659087, 46.83,0.46827217587089615,2023-01-05
URJA, EQ, 05-Jan-2023,10.0,10.1,10.2,9.9,10.05,10.05,10.03,1633019,163.86,3451, 614133, 37.61,0.3760721706238568,2023-01-05
USHAMART, EQ, 05-Jan-2023,180.2,181.0,184.85,178.15,182.0,182.55,181.62,1165900,2117.53,11859, 500317, 42.91,0.42912513937730506,2023-01-05
UTIAMC, EQ, 05-Jan-2023,843.45,847.95,860.0,835.7,841.95,841.75,844.66,209804,1772.13,8686, 71683, 34.17,0.3416665077882214,2023-01-05
UTIBANKETF, EQ, 05-Jan-2023,43.46,43.88,43.88,42.76,43.08,43.07,43.17,2886667,1246.17,415, 2880630, 99.79,0.9979086607495773,2023-01-05
UTINEXT50, EQ, 05-Jan-2023,44.13,44.4,44.77,44.0,44.35,44.27,44.21,12689,5.61,143, 6557, 51.67,0.5167467885570179,2023-01-05
UTINIFTETF, EQ, 05-Jan-2023,1922.36,1924.78,1927.68,1909.0,1916.0,1916.34,1918.14,657,12.6,125, 481, 73.21,0.7321156773211568,2023-01-05
UTISENSETF, EQ, 05-Jan-2023,645.63,645.63,646.72,639.64,639.97,641.72,642.88,857,5.51,120, 559, 65.23,0.6522753792298717,2023-01-05
UTISXN50, EQ, 05-Jan-2023,51.05,51.35,51.35,50.2,50.49,50.31,50.28,3741,1.88,71, 2021, 54.02,0.5402298850574713,2023-01-05
UTTAMSUGAR, EQ, 05-Jan-2023,290.25,292.8,292.8,280.05,286.35,285.05,285.08,115285,328.66,3762, 41911, 36.35,0.3635425250466236,2023-01-05
V2RETAIL, EQ, 05-Jan-2023,96.15,96.15,97.8,95.15,96.05,96.1,96.4,12809,12.35,395, 6672, 52.09,0.5208837536107425,2023-01-05
VADILALIND, EQ, 05-Jan-2023,2714.2,2750.0,2997.9,2750.0,2950.0,2973.35,2910.94,94464,2749.79,11943, 39848, 42.18,0.42183265582655827,2023-01-05
VAIBHAVGBL, EQ, 05-Jan-2023,299.75,302.0,303.0,299.0,300.0,299.9,300.14,176018,528.3,11610, 111363, 63.27,0.6326796123123771,2023-01-05
VAISHALI, EQ, 05-Jan-2023,143.55,144.5,149.9,144.0,145.7,145.4,147.29,226127,333.07,3544, 132750, 58.71,0.5870594842721125,2023-01-05
VAKRANGEE, EQ, 05-Jan-2023,27.8,27.95,28.0,27.4,27.75,27.75,27.65,1198922,331.52,3529, 485271, 40.48,0.4047561059018018,2023-01-05
VALIANTORG, EQ, 05-Jan-2023,581.65,587.45,587.45,575.0,578.4,577.2,579.88,16629,96.43,2686, 8039, 48.34,0.4834325575801311,2023-01-05
VARDHACRLC, EQ, 05-Jan-2023,54.1,54.95,54.95,53.15,53.45,53.6,53.91,61780,33.31,735, 29188, 47.25,0.4724506312722564,2023-01-05
VARDMNPOLY, EQ, 05-Jan-2023,19.3,19.25,19.65,19.2,19.45,19.3,19.32,8979,1.74,66, 4958, 55.22,0.5521773025949438,2023-01-05
VARROC, EQ, 05-Jan-2023,293.25,295.0,297.85,293.05,296.0,294.15,295.18,59140,174.57,2912, 32231, 54.50,0.5449949272911735,2023-01-05
VASCONEQ, EQ, 05-Jan-2023,33.8,33.95,34.7,33.15,34.65,34.45,33.99,1103694,375.11,3238, 332043, 30.08,0.300846973889502,2023-01-05
VASWANI, EQ, 05-Jan-2023,18.15,18.45,18.8,17.9,18.25,18.2,18.17,129574,23.55,256, 82441, 63.62,0.6362464691990677,2023-01-05
VBL, EQ, 05-Jan-2023,1308.55,1313.95,1330.9,1271.0,1311.95,1308.85,1295.13,1752730,22700.07,84275, 923496, 52.69,0.5268900515196294,2023-01-05
VCL, EQ, 05-Jan-2023,5.7,5.85,6.25,5.65,6.25,6.25,6.19,2068089,128.0,1676, 850037, 41.10,0.4110253475551584,2023-01-05
VEDL, EQ, 05-Jan-2023,308.3,310.0,312.0,307.45,311.75,311.35,309.84,6589413,20416.66,68956, 1736099, 26.35,0.26346792954091663,2023-01-05
VENKEYS, EQ, 05-Jan-2023,1914.5,1921.2,1927.45,1902.1,1918.0,1911.0,1913.86,17194,329.07,2171, 4187, 24.35,0.24351517971385367,2023-01-05
VENUSPIPES, EQ, 05-Jan-2023,724.1,724.4,726.0,719.0,725.9,724.75,722.07,47807,345.2,904, 40253, 84.20,0.8419896667851988,2023-01-05
VENUSREM, EQ, 05-Jan-2023,180.3,183.0,183.0,180.0,180.9,180.45,180.53,18844,34.02,753, 14398, 76.41,0.7640628316705582,2023-01-05
VERANDA, EQ, 05-Jan-2023,261.2,259.7,261.25,243.05,246.05,249.3,250.96,127782,320.68,5687, 56009, 43.83,0.43831682083548545,2023-01-05
VERTOZ, BE, 05-Jan-2023,254.6,257.05,262.9,251.0,254.0,253.75,257.32,51105,131.5,486, -, -,,2023-01-05
VESUVIUS, EQ, 05-Jan-2023,1614.35,1612.0,1635.0,1591.3,1593.5,1600.7,1603.14,4869,78.06,1142, 3053, 62.70,0.6270281371944958,2023-01-05
VETO, EQ, 05-Jan-2023,113.1,113.95,114.05,109.65,111.5,111.15,111.93,58748,65.76,2283, 27279, 46.43,0.46433921154762714,2023-01-05
VGUARD, EQ, 05-Jan-2023,260.0,261.0,263.8,260.2,261.6,262.4,262.35,230061,603.57,10869, 130525, 56.73,0.5673495290379508,2023-01-05
VHL, EQ, 05-Jan-2023,2960.45,2920.45,2968.5,2920.1,2945.0,2950.95,2952.37,745,22.0,152, 605, 81.21,0.8120805369127517,2023-01-05
VICEROY, BZ, 05-Jan-2023,1.85,1.9,1.9,1.9,1.9,1.9,1.9,2950,0.06,7, -, -,,2023-01-05
VIDHIING, EQ, 05-Jan-2023,373.9,374.05,374.3,367.0,368.0,367.6,371.19,7944,29.49,702, 4129, 51.98,0.5197633434038268,2023-01-05
VIJAYA, EQ, 05-Jan-2023,405.4,406.95,407.65,400.05,401.0,401.55,402.25,87706,352.8,3798, 35246, 40.19,0.4018653227829339,2023-01-05
VIJIFIN, EQ, 05-Jan-2023,3.2,3.2,3.25,3.1,3.1,3.1,3.13,73310,2.3,263, 49675, 67.76,0.6776019642613559,2023-01-05
VIKASECO, EQ, 05-Jan-2023,3.4,3.45,3.5,3.35,3.45,3.4,3.42,2439421,83.49,1471, 1353752, 55.49,0.5549480798927287,2023-01-05
VIKASLIFE, EQ, 05-Jan-2023,4.7,4.7,4.8,4.6,4.65,4.65,4.65,7735450,359.96,3870, 3414084, 44.14,0.4413555772450213,2023-01-05
VIKASPROP, BZ, 05-Jan-2023,0.75,0.75,0.75,0.7,0.7,0.7,0.72,506809,3.67,444, -, -,,2023-01-05
VIKASWSP, BZ, 05-Jan-2023,1.8,1.85,1.85,1.75,1.85,1.8,1.78,120915,2.16,119, -, -,,2023-01-05
VIMTALABS, EQ, 05-Jan-2023,422.8,424.0,429.15,419.4,422.5,420.9,422.29,12341,52.11,1484, 6529, 52.90,0.5290495097642006,2023-01-05
VINATIORGA, EQ, 05-Jan-2023,1994.9,2005.0,2037.7,1995.0,2014.85,2016.55,2018.21,40128,809.87,4432, 28633, 71.35,0.7135416666666666,2023-01-05
VINDHYATEL, EQ, 05-Jan-2023,1651.95,1668.45,1686.2,1636.05,1686.2,1676.3,1660.4,8029,133.31,1984, 3982, 49.60,0.4959521733715282,2023-01-05
VINEETLAB, EQ, 05-Jan-2023,58.6,58.1,58.8,57.8,58.75,58.45,58.3,12237,7.13,246, 9276, 75.80,0.7580289286589851,2023-01-05
VINNY, EQ, 05-Jan-2023,162.3,168.95,170.4,165.1,170.4,170.4,169.05,43108,72.87,692, 27257, 63.23,0.6322956295815162,2023-01-05
VINYLINDIA, EQ, 05-Jan-2023,518.25,523.0,526.95,508.0,508.25,511.55,512.55,29317,150.26,1696, 15333, 52.30,0.5230071289695398,2023-01-05
VIPCLOTHNG, EQ, 05-Jan-2023,46.9,46.0,47.95,45.35,46.25,46.3,46.36,265359,123.02,1401, 140084, 52.79,0.5279037078071593,2023-01-05
VIPIND, EQ, 05-Jan-2023,686.9,689.85,689.85,679.15,684.3,683.75,682.17,72131,492.06,5073, 36567, 50.70,0.5069526278576479,2023-01-05
VIPULLTD, BE, 05-Jan-2023,17.7,17.7,17.9,17.05,17.5,17.7,17.36,29279,5.08,75, -, -,,2023-01-05
VISAKAIND, EQ, 05-Jan-2023,438.95,438.95,442.9,435.85,437.0,436.95,438.54,11776,51.64,649, 7451, 63.27,0.6327275815217391,2023-01-05
VISASTEEL, BE, 05-Jan-2023,15.4,15.6,15.6,15.0,15.05,15.05,15.19,13512,2.05,92, -, -,,2023-01-05
VISESHINFO, BE, 05-Jan-2023,0.55,0.55,0.6,0.55,0.6,0.55,0.57,4931921,28.02,2339, -, -,,2023-01-05
VISHAL, EQ, 05-Jan-2023,21.2,21.2,21.65,21.05,21.2,21.25,21.34,75376,16.08,464, 30492, 40.45,0.40453194650817237,2023-01-05
VISHNU, EQ, 05-Jan-2023,1461.5,1480.0,1480.0,1420.65,1452.0,1449.25,1448.79,16663,241.41,2379, 11346, 68.09,0.6809098001560343,2023-01-05
VISHWARAJ, EQ, 05-Jan-2023,18.1,18.1,18.5,17.9,18.05,18.1,18.09,538379,97.41,1444, 197005, 36.59,0.36592251926616753,2023-01-05
VIVIDHA, EQ, 05-Jan-2023,1.25,1.3,1.3,1.25,1.25,1.25,1.26,528329,6.67,672, 380304, 71.98,0.7198242004508554,2023-01-05
VIVIMEDLAB, BZ, 05-Jan-2023,11.15,11.5,11.5,10.8,11.45,11.15,11.09,68873,7.64,167, -, -,,2023-01-05
VLSFINANCE, EQ, 05-Jan-2023,158.25,158.25,163.5,158.25,161.65,160.05,160.57,143026,229.65,2751, 67656, 47.30,0.47303287514158265,2023-01-05
VMART, EQ, 05-Jan-2023,2972.05,2965.05,2966.95,2915.05,2915.05,2946.45,2948.16,14558,429.19,5919, 9353, 64.25,0.6424646242615744,2023-01-05
VOLTAMP, EQ, 05-Jan-2023,2662.35,2675.7,2756.8,2648.0,2676.0,2687.95,2711.51,12329,334.3,3180, 6683, 54.21,0.5420553167329062,2023-01-05
VOLTAS, EQ, 05-Jan-2023,805.85,813.8,813.8,798.15,808.35,809.45,803.16,1361234,10932.85,24306, 915034, 67.22,0.672209186664453,2023-01-05
VRLLOG, EQ, 05-Jan-2023,541.2,544.7,544.7,536.95,541.5,540.0,539.46,58950,318.01,4846, 35552, 60.31,0.6030873621713316,2023-01-05
VSSL, EQ, 05-Jan-2023,306.9,309.8,315.0,307.4,310.0,311.45,310.98,80259,249.59,4619, 36505, 45.48,0.45483995564360385,2023-01-05
VSTIND, EQ, 05-Jan-2023,3253.55,3254.0,3290.0,3211.6,3222.0,3222.45,3248.97,7075,229.86,2229, 4621, 65.31,0.6531448763250883,2023-01-05
VSTTILLERS, EQ, 05-Jan-2023,2283.5,2281.05,2314.45,2261.05,2304.0,2299.85,2295.63,44020,1010.54,2807, 40213, 91.35,0.9135165833711949,2023-01-05
VTL, EQ, 05-Jan-2023,321.0,321.05,322.3,312.45,316.0,314.0,315.6,223810,706.35,9972, 129631, 57.92,0.5792011080827487,2023-01-05
WABAG, EQ, 05-Jan-2023,329.6,330.6,335.0,326.05,331.1,331.5,330.71,188355,622.91,6187, 68553, 36.40,0.36395635900294654,2023-01-05
WALCHANNAG, EQ, 05-Jan-2023,75.25,75.8,79.0,72.85,79.0,78.85,77.43,867265,671.52,5905, 521807, 60.17,0.6016696165531873,2023-01-05
WANBURY, BE, 05-Jan-2023,47.0,47.0,47.75,44.65,45.15,45.1,45.07,22116,9.97,120, -, -,,2023-01-05
WATERBASE, EQ, 05-Jan-2023,77.0,77.0,77.9,76.0,76.6,76.65,76.79,28592,21.96,629, 16481, 57.64,0.5764199776161164,2023-01-05
WEALTH, EQ, 05-Jan-2023,349.75,357.75,357.75,340.3,340.3,340.75,348.65,999,3.48,93, 524, 52.45,0.5245245245245245,2023-01-05
WEBELSOLAR, EQ, 05-Jan-2023,93.3,94.0,97.95,93.5,97.95,97.95,96.91,90066,87.28,862, 63369, 70.36,0.7035840383718607,2023-01-05
WEIZMANIND, EQ, 05-Jan-2023,100.5,98.3,103.45,98.3,100.05,100.1,101.47,14702,14.92,324, 6487, 44.12,0.4412324853761393,2023-01-05
WEL, EQ, 05-Jan-2023,257.55,258.95,270.0,245.6,266.6,266.5,259.01,12940,33.52,551, 4930, 38.10,0.38098918083462135,2023-01-05
WELCORP, EQ, 05-Jan-2023,228.65,229.05,230.25,225.15,227.0,226.4,227.6,340164,774.2,8237, 140213, 41.22,0.4121923542761727,2023-01-05
WELENT, EQ, 05-Jan-2023,167.9,169.35,169.7,168.0,169.55,169.25,168.87,266899,450.72,5306, 159058, 59.59,0.5959482800609969,2023-01-05
WELINV, EQ, 05-Jan-2023,315.1,319.3,327.0,302.65,308.0,310.95,313.44,4341,13.61,306, 2760, 63.58,0.635798203178991,2023-01-05
WELSPUNIND, EQ, 05-Jan-2023,75.25,75.7,75.75,73.55,74.2,74.0,74.21,688184,510.67,7057, 360313, 52.36,0.5235707310835475,2023-01-05
WENDT, EQ, 05-Jan-2023,7402.55,7350.0,7498.0,7305.0,7350.2,7380.1,7352.52,242,17.79,114, 186, 76.86,0.768595041322314,2023-01-05
WESTLIFE, EQ, 05-Jan-2023,763.0,774.3,778.55,769.0,771.95,772.8,774.19,136885,1059.76,8676, 66601, 48.65,0.4865471015816196,2023-01-05
WEWIN, EQ, 05-Jan-2023,53.2,53.25,55.6,50.9,54.45,53.55,53.74,14246,7.66,296, 2361, 16.57,0.16573073143338482,2023-01-05
WHEELS, EQ, 05-Jan-2023,576.75,574.55,576.95,566.45,574.0,572.3,572.22,5123,29.31,391, 3499, 68.30,0.6829982432168651,2023-01-05
WHIRLPOOL, EQ, 05-Jan-2023,1505.75,1510.0,1530.0,1504.0,1515.0,1512.15,1513.45,66598,1007.93,5242, 29078, 43.66,0.43661971830985913,2023-01-05
WILLAMAGOR, EQ, 05-Jan-2023,20.85,21.2,21.4,20.15,21.05,20.9,20.66,3574,0.74,47, 2332, 65.25,0.6524902070509233,2023-01-05
WINDLAS, EQ, 05-Jan-2023,238.9,238.5,247.55,238.15,244.1,245.15,243.67,24625,60.0,2630, 14232, 57.79,0.5779492385786802,2023-01-05
WINDMACHIN, EQ, 05-Jan-2023,44.6,44.6,46.15,44.25,45.05,44.95,45.29,68704,31.11,652, 42727, 62.19,0.621899743828598,2023-01-05
WINPRO, EQ, 05-Jan-2023,3.9,3.95,3.95,3.85,3.9,3.85,3.9,72832,2.84,173, 44264, 60.78,0.6077548330404218,2023-01-05
WIPL, BE, 05-Jan-2023,91.1,92.0,92.0,91.0,91.0,91.0,91.99,856,0.79,6, -, -,,2023-01-05
WIPRO, EQ, 05-Jan-2023,389.7,390.0,392.2,383.75,387.1,386.9,387.05,4784490,18518.44,105121, 2489587, 52.03,0.5203453241620319,2023-01-05
WOCKPHARMA, EQ, 05-Jan-2023,232.2,232.7,236.0,228.75,235.0,235.0,233.01,1141257,2659.19,16057, 412068, 36.11,0.3610650361837868,2023-01-05
WONDERLA, EQ, 05-Jan-2023,354.7,360.0,363.6,350.0,354.0,353.45,353.91,43134,152.66,3320, 21166, 49.07,0.49070338943756664,2023-01-05
WORTH, EQ, 05-Jan-2023,110.4,114.65,115.0,110.55,111.5,111.6,112.77,6115,6.9,174, 3158, 51.64,0.5164349959116925,2023-01-05
WSTCSTPAPR, EQ, 05-Jan-2023,535.3,538.0,555.75,536.0,550.8,550.2,549.76,305880,1681.62,17705, 76399, 24.98,0.24976788282986792,2023-01-05
XCHANGING, EQ, 05-Jan-2023,67.3,67.35,68.3,66.2,67.25,67.1,67.11,113056,75.87,1488, 40747, 36.04,0.36041430795358054,2023-01-05
XELPMOC, EQ, 05-Jan-2023,137.55,140.0,140.0,133.05,135.0,134.7,135.87,8881,12.07,769, 5347, 60.21,0.6020718387568967,2023-01-05
XPROINDIA, EQ, 05-Jan-2023,690.65,695.0,698.0,665.0,677.35,674.25,678.61,17223,116.88,1864, 9321, 54.12,0.5411949137780875,2023-01-05
YAARI, EQ, 05-Jan-2023,19.45,19.3,19.5,18.7,19.1,19.05,19.06,321710,61.3,1411, 157684, 49.01,0.4901432967579497,2023-01-05
YESBANK, EQ, 05-Jan-2023,21.35,21.5,21.7,21.15,21.55,21.45,21.38,207055994,44271.98,130810, 36382891, 17.57,0.17571522706075343,2023-01-05
YUKEN, EQ, 05-Jan-2023,525.7,518.05,534.95,514.45,525.1,527.05,524.25,5357,28.08,732, 2521, 47.06,0.47059921597909277,2023-01-05
ZEEL, EQ, 05-Jan-2023,236.95,237.55,240.25,235.6,239.2,239.75,238.16,4488552,10689.89,23732, 1785103, 39.77,0.39770130768229933,2023-01-05
ZEELEARN, EQ, 05-Jan-2023,7.0,7.0,7.05,6.9,7.0,6.95,6.95,268653,18.68,527, 198746, 73.98,0.7397870114981036,2023-01-05
ZEEMEDIA, EQ, 05-Jan-2023,14.8,14.85,14.9,14.5,14.65,14.6,14.61,1026797,150.06,1477, 631114, 61.46,0.6146434007890557,2023-01-05
ZENITHEXPO, EQ, 05-Jan-2023,81.85,83.95,84.0,80.15,83.3,83.05,82.32,893,0.74,88, 652, 73.01,0.7301231802911534,2023-01-05
ZENITHSTL, EQ, 05-Jan-2023,5.7,5.8,5.8,5.6,5.8,5.75,5.69,299869,17.08,715, 206675, 68.92,0.6892176250295963,2023-01-05
ZENSARTECH, EQ, 05-Jan-2023,213.3,213.2,214.45,209.25,209.9,210.05,210.65,1329676,2800.9,23027, 1006174, 75.67,0.7567061449556133,2023-01-05
ZENTEC, EQ, 05-Jan-2023,198.2,198.0,202.9,196.05,198.65,199.35,199.53,645346,1287.65,12939, 249799, 38.71,0.38707762967462417,2023-01-05
ZFCVINDIA, EQ, 05-Jan-2023,9034.45,9095.0,9165.0,8978.95,9085.0,9085.75,9065.38,7991,724.41,1259, 6609, 82.71,0.8270554373670379,2023-01-05
ZIMLAB, EQ, 05-Jan-2023,97.45,97.45,97.45,94.25,94.9,94.8,95.16,11173,10.63,337, 7061, 63.20,0.6319699275038038,2023-01-05
ZODIAC, EQ, 05-Jan-2023,116.85,118.85,122.65,115.55,122.65,122.0,119.67,48081,57.54,1567, 21675, 45.08,0.4508017720097336,2023-01-05
ZODIACLOTH, EQ, 05-Jan-2023,98.6,97.8,101.0,97.8,99.55,99.6,99.61,16982,16.92,253, 10753, 63.32,0.63319985867389,2023-01-05
ZOMATO, EQ, 05-Jan-2023,56.35,56.95,57.1,55.6,56.35,56.2,56.23,34448671,19368.86,90469, 14745516, 42.80,0.42804310215624863,2023-01-05
ZOTA, EQ, 05-Jan-2023,352.75,352.75,355.2,337.55,340.5,340.05,344.08,71988,247.7,3199, 33849, 47.02,0.4702033672278713,2023-01-05
ZUARI, EQ, 05-Jan-2023,162.3,164.1,164.9,159.3,160.95,160.8,161.52,97617,157.67,2380, 48684, 49.87,0.4987246073942039,2023-01-05
ZUARIIND, EQ, 05-Jan-2023,143.6,144.1,145.4,142.1,143.7,143.4,143.78,30606,44.0,560, 22091, 72.18,0.7217865777952036,2023-01-05
ZYDUSLIFE, EQ, 05-Jan-2023,423.85,425.0,433.3,423.4,432.9,432.3,430.47,2084601,8973.56,29607, 1203821, 57.75,0.5774826933307621,2023-01-05
ZYDUSWELL, EQ, 05-Jan-2023,1506.2,1513.75,1538.0,1500.25,1507.0,1503.7,1520.12,16549,251.56,3297, 8896, 53.76,0.5375551392833404,2023-01-05
