SYMBOL,SERIES,DATE1,PREV_CLOSE,OPEN_PRICE,HIGH_PRICE,LOW_PRICE,LAST_PRICE,CLOSE_PRICE,AVG_PRICE,TTL_TRD_QNTY,TURNOVER_LACS,NO_OF_TRADES,DELIV_QTY,DELIV_PER,DELIVERY_PCT,DATE
20MICRONS, EQ, 25-Apr-2024,160.6,161.0,163.45,156.4, 157.00,156.95,159.31,106885,170.28,4670, 59936, 56.08,0.5607522103195023,2024-04-25
21STCENMGM, BE, 25-Apr-2024,53.0,51.95,51.95,51.95, 51.95,51.95,51.95,2907,1.51,12, -, -,,2024-04-25
360ONE, EQ, 25-Apr-2024,801.4,802.0,845.0,793.85, 835.30,838.75,827.84,2685823,22234.27,109218, 1088522, 40.53,0.4052843392881809,2024-04-25
3IINFOLTD, EQ, 25-Apr-2024,40.1,40.2,40.55,39.85, 40.15,40.1,40.15,635467,255.16,3243, 386548, 60.83,0.608289651547602,2024-04-25
3MINDIA, EQ, 25-Apr-2024,30283.4,30202.05,30300.05,29865.0, 30000.00,29975.6,30009.93,4976,1493.29,1171, 3807, 76.51,0.765072347266881,2024-04-25
3PLAND, EQ, 25-Apr-2024,30.45,30.45,30.45,29.25, 30.30,30.05,30.0,14232,4.27,126, 13264, 93.20,0.9319842608206858,2024-04-25
5PAISA, EQ, 25-Apr-2024,575.3,514.0,548.5,506.35, 536.00,536.35,537.06,756274,4061.64,36379, 187907, 24.85,0.24846418097144685,2024-04-25
63MOONS, EQ, 25-Apr-2024,427.65,426.4,428.8,420.05, 425.90,425.2,424.64,66158,280.93,2369, 43371, 65.56,0.6555669760270867,2024-04-25
A2ZINFRA, BE, 25-Apr-2024,13.95,13.95,14.25,13.55, 14.10,14.05,14.08,320000,45.05,304, -, -,,2024-04-25
AAATECH, EQ, 25-Apr-2024,129.6,133.0,133.0,119.55, 123.80,122.75,125.75,195385,245.7,2984, 118011, 60.40,0.6039921181257517,2024-04-25
AAKASH, EQ, 25-Apr-2024,11.15,11.5,11.5,10.9, 11.10,11.05,11.13,363737,40.48,1242, 249293, 68.54,0.6853660749387607,2024-04-25
AAREYDRUGS, BE, 25-Apr-2024,50.75,51.45,53.25,50.75, 53.25,53.25,52.66,117198,61.72,340, -, -,,2024-04-25
AARON, EQ, 25-Apr-2024,257.55,257.55,260.95,255.0, 255.00,256.4,257.86,4090,10.55,321, 2124, 51.93,0.5193154034229829,2024-04-25
AARTECH, BE, 25-Apr-2024,204.2,200.0,214.4,194.0, 210.00,213.3,205.07,58719,120.41,857, -, -,,2024-04-25
AARTIDRUGS, EQ, 25-Apr-2024,500.75,499.0,504.3,498.55, 499.00,500.2,500.73,68793,344.47,4769, 31996, 46.51,0.4651054613114706,2024-04-25
AARTIIND, EQ, 25-Apr-2024,747.9,742.05,755.0,737.45, 753.00,753.65,746.38,991553,7400.77,34495, 395454, 39.88,0.398822856670294,2024-04-25
AARTIPHARM, EQ, 25-Apr-2024,519.6,517.0,542.5,515.3, 529.00,531.85,529.72,621015,3289.63,18286, 433006, 69.73,0.6972552997914704,2024-04-25
AARTISURF, EQ, 25-Apr-2024,633.95,633.95,649.5,630.0, 632.00,637.1,641.29,29464,188.95,2331, 14323, 48.61,0.4861186532717893,2024-04-25
AARVEEDEN, EQ, 25-Apr-2024,27.65,27.3,28.55,27.1, 28.40,28.0,27.68,63076,17.46,496, 35481, 56.25,0.5625118904179085,2024-04-25
AARVI, EQ, 25-Apr-2024,152.2,154.0,157.4,149.8, 153.95,153.6,153.68,56991,87.58,1284, 26056, 45.72,0.45719499570107563,2024-04-25
AAVAS, EQ, 25-Apr-2024,1638.2,1638.4,1640.0,1594.6, 1606.00,1605.4,1608.78,181527,2920.37,18283, 74814, 41.21,0.412137037465501,2024-04-25
ABAN, BE, 25-Apr-2024,71.0,71.0,72.5,69.1, 72.00,70.95,70.66,180505,127.55,814, -, -,,2024-04-25
ABB, EQ, 25-Apr-2024,6343.85,6374.0,6461.2,6345.5, 6409.00,6431.7,6424.25,260935,16763.13,28643, 89524, 34.31,0.34308927510682735,2024-04-25
ABBOTINDIA, EQ, 25-Apr-2024,25452.55,25549.95,25745.25,25200.0, 25707.00,25674.45,25425.71,23811,6054.11,7177, 13619, 57.20,0.571962538322624,2024-04-25
ABCAPITAL, EQ, 25-Apr-2024,216.3,217.8,230.85,216.6, 229.80,229.8,226.79,27820333,63094.62,143578, 5537752, 19.91,0.19905412347149115,2024-04-25
ABFRL, EQ, 25-Apr-2024,259.95,260.0,268.45,258.15, 265.25,265.0,264.24,11093240,29312.79,74929, 5093529, 45.92,0.4591561166980972,2024-04-25
ABMINTLLTD, EQ, 25-Apr-2024,65.0,66.0,68.25,66.0, 68.25,68.25,68.0,14401,9.79,177, 12507, 86.85,0.8684813554614262,2024-04-25
ABSLAMC, EQ, 25-Apr-2024,550.9,550.55,563.0,544.4, 560.95,560.05,555.44,825301,4584.08,27830, 569865, 69.05,0.6904935290275911,2024-04-25
ABSLBANETF, EQ, 25-Apr-2024,48.48,49.45,49.45,47.91, 48.72,48.78,48.64,14355,6.98,372, 11687, 81.41,0.8141414141414142,2024-04-25
ABSLLIQUID, EQ, 25-Apr-2024,999.99,1000.0,1000.01,999.99, 999.99,999.99,1000.0,5938,59.38,14, 4630, 77.97,0.7797238127315594,2024-04-25
ABSLNN50ET, EQ, 25-Apr-2024,65.2,65.69,65.95,65.03, 65.95,65.82,65.59,7105,4.66,142, 2814, 39.61,0.3960591133004926,2024-04-25
ACC, EQ, 25-Apr-2024,2556.4,2567.9,2609.55,2515.5, 2573.00,2579.6,2574.8,2388925,61510.11,135195, 647827, 27.12,0.271179296126919,2024-04-25
ACCELYA, EQ, 25-Apr-2024,1743.95,1752.7,1758.95,1713.0, 1715.10,1722.1,1735.45,13813,239.72,2463, 7401, 53.58,0.5357996090639253,2024-04-25
ACCURACY, BE, 25-Apr-2024,8.95,8.95,9.1,8.95, 9.10,9.1,9.04,92634,8.37,173, -, -,,2024-04-25
ACE, EQ, 25-Apr-2024,1539.05,1540.0,1570.0,1524.0, 1554.00,1553.85,1554.31,263539,4096.21,17191, 144783, 54.94,0.5493797881907422,2024-04-25
ACEINTEG, EQ, 25-Apr-2024,35.65,35.25,36.4,34.55, 36.15,35.8,35.96,5014,1.8,99, 3503, 69.86,0.6986437973673714,2024-04-25
ACI, EQ, 25-Apr-2024,679.85,682.8,703.1,672.55, 678.00,679.4,687.08,445982,3064.26,31445, 190552, 42.73,0.42726388060504683,2024-04-25
ACL, EQ, 25-Apr-2024,87.0,88.05,89.9,87.9, 89.40,89.4,88.95,45747,40.69,775, 30118, 65.84,0.658360111045533,2024-04-25
ACLGATI, EQ, 25-Apr-2024,106.1,106.1,110.8,105.5, 110.55,108.65,107.82,517990,558.51,5418, 266261, 51.40,0.5140272978242824,2024-04-25
ADANIENSOL, EQ, 25-Apr-2024,1047.85,1045.0,1053.95,1040.85, 1050.75,1050.15,1047.24,421022,4409.12,18262, 137640, 32.69,0.3269187833414881,2024-04-25
ADANIENT, EQ, 25-Apr-2024,3043.55,3050.0,3120.9,3025.65, 3115.00,3115.25,3078.5,1515529,46655.5,103832, 475663, 31.39,0.313859385072803,2024-04-25
ADANIGREEN, EQ, 25-Apr-2024,1808.3,1818.0,1819.65,1792.35, 1808.10,1812.65,1805.65,405971,7330.41,31296, 227387, 56.01,0.5601065100709164,2024-04-25
ADANIPORTS, EQ, 25-Apr-2024,1320.5,1320.5,1336.95,1316.8, 1328.25,1330.55,1328.29,6097087,80986.85,165345, 3865087, 63.39,0.6339235441449335,2024-04-25
ADANIPOWER, EQ, 25-Apr-2024,596.5,594.6,596.0,589.25, 592.80,592.35,591.81,1512574,8951.55,50953, 913560, 60.40,0.6039770616181424,2024-04-25
ADFFOODS, EQ, 25-Apr-2024,226.2,225.6,225.6,219.0, 219.50,219.8,221.72,150032,332.65,5535, 75789, 50.52,0.5051522341900394,2024-04-25
ADL, EQ, 25-Apr-2024,86.55,86.55,90.25,82.95, 83.75,83.15,84.59,12681,10.73,212, 10379, 81.85,0.8184685750335147,2024-04-25
ADORWELD, EQ, 25-Apr-2024,1452.75,1463.85,1496.4,1433.0, 1457.00,1451.1,1461.85,25484,372.54,5000, 11058, 43.39,0.4339193219274839,2024-04-25
ADROITINFO, EQ, 25-Apr-2024,20.2,20.35,21.2,20.0, 21.20,21.2,21.0,247063,51.88,735, 211967, 85.79,0.8579471632741447,2024-04-25
ADSL, EQ, 25-Apr-2024,137.35,137.75,139.5,137.0, 138.00,137.85,138.08,179115,247.32,4157, 91537, 51.11,0.5110515590542389,2024-04-25
ADVANIHOTR, EQ, 25-Apr-2024,81.0,81.75,81.75,80.25, 81.20,81.1,80.99,93466,75.7,1509, 49695, 53.17,0.5316906682643956,2024-04-25
ADVENZYMES, EQ, 25-Apr-2024,385.45,386.85,393.55,384.3, 385.70,386.3,388.85,97998,381.06,8395, 49560, 50.57,0.505724606624625,2024-04-25
AEGISCHEM, EQ, 25-Apr-2024,604.5,595.95,606.0,585.0, 597.75,600.15,597.43,2002474,11963.41,52680, 416422, 20.80,0.2079537611973988,2024-04-25
AEROFLEX, EQ, 25-Apr-2024,148.45,148.95,149.9,146.5, 148.95,148.8,148.46,471755,700.36,4619, 147529, 31.27,0.31272376551387904,2024-04-25
AETHER, EQ, 25-Apr-2024,845.5,841.35,850.0,837.8, 846.60,847.3,843.67,35025,295.49,3568, 21139, 60.35,0.6035403283369022,2024-04-25
AFFLE, EQ, 25-Apr-2024,1075.2,1073.2,1075.0,1062.55, 1066.00,1065.95,1067.71,82893,885.06,8656, 48239, 58.19,0.5819429867419444,2024-04-25
AGARIND, EQ, 25-Apr-2024,900.1,900.15,926.0,891.1, 895.00,895.35,910.62,53319,485.54,5141, 26218, 49.17,0.491719649655845,2024-04-25
AGI, EQ, 25-Apr-2024,846.6,846.0,851.95,827.2, 835.95,831.9,840.99,69887,587.74,7600, 32946, 47.14,0.4714181464363902,2024-04-25
AGRITECH, EQ, 25-Apr-2024,212.65,214.95,215.0,208.4, 208.50,209.35,210.61,11045,23.26,641, 6094, 55.17,0.5517428700769579,2024-04-25
AGROPHOS, EQ, 25-Apr-2024,47.35,48.35,48.35,46.5, 47.00,46.65,46.99,54458,25.59,414, 41995, 77.11,0.7711447353924125,2024-04-25
AGSTRA, EQ, 25-Apr-2024,77.05,77.05,78.0,75.75, 76.45,76.3,76.67,131639,100.93,975, 108795, 82.65,0.8264648014646115,2024-04-25
AHL, EQ, 25-Apr-2024,424.05,426.3,427.05,421.0, 421.80,422.55,425.2,47861,203.51,503, 37773, 78.92,0.7892229581496417,2024-04-25
AHLADA, EQ, 25-Apr-2024,112.6,111.65,115.4,108.15, 112.50,111.55,112.56,45189,50.87,494, 22418, 49.61,0.49609418221248536,2024-04-25
AHLEAST, EQ, 25-Apr-2024,153.45,152.1,153.5,148.1, 150.50,150.4,150.07,22792,34.2,574, 13300, 58.35,0.5835380835380836,2024-04-25
AHLUCONT, EQ, 25-Apr-2024,1151.9,1151.9,1163.5,1140.0, 1142.75,1145.55,1149.42,36962,424.85,7521, 19289, 52.19,0.5218602889454034,2024-04-25
AIAENG, EQ, 25-Apr-2024,3887.2,3887.9,3950.0,3852.4, 3900.00,3914.7,3880.5,137400,5331.81,7394, 123411, 89.82,0.8981877729257642,2024-04-25
AIIL, EQ, 25-Apr-2024,908.2,916.25,916.25,870.3, 885.00,885.95,886.53,13788,122.24,1206, 9855, 71.48,0.7147519582245431,2024-04-25
AIRAN, EQ, 25-Apr-2024,26.85,27.2,27.65,26.9, 27.50,27.4,27.3,175342,47.87,1153, 123104, 70.21,0.702079364898313,2024-04-25
AIROLAM, EQ, 25-Apr-2024,162.25,172.0,172.0,161.0, 168.00,166.4,164.91,35754,58.96,492, 26543, 74.24,0.7423784751356491,2024-04-25
AJANTPHARM, EQ, 25-Apr-2024,2133.7,2130.8,2144.35,2125.05, 2139.95,2139.95,2139.79,35470,758.98,8280, 28097, 79.21,0.79213419791373,2024-04-25
AJMERA, EQ, 25-Apr-2024,826.05,833.9,833.9,812.3, 816.00,822.95,822.89,65029,535.12,5749, 25197, 38.75,0.38747328115148627,2024-04-25
AJOONI, EQ, 25-Apr-2024,6.35,6.45,6.6,6.35, 6.40,6.45,6.48,960060,62.25,1087, 523807, 54.56,0.5455981917796804,2024-04-25
AKASH, EQ, 25-Apr-2024,40.1,40.1,40.8,39.7, 40.20,40.35,40.29,22664,9.13,136, 18553, 81.86,0.81861101306036,2024-04-25
AKG, EQ, 25-Apr-2024,20.5,20.65,20.95,20.35, 20.90,20.75,20.74,33498,6.95,195, 27624, 82.46,0.8246462475371664,2024-04-25
AKI, EQ, 25-Apr-2024,22.0,22.75,23.1,20.9, 20.90,20.9,21.48,87299,18.76,330, 52656, 60.32,0.6031684211732093,2024-04-25
AKSHAR, BE, 25-Apr-2024,2.3,2.3,2.3,2.3, 2.30,2.3,2.3,464559,10.68,478, -, -,,2024-04-25
AKSHARCHEM, EQ, 25-Apr-2024,282.55,283.0,283.8,276.3, 277.65,276.95,278.27,4231,11.77,289, 2258, 53.37,0.5336799810919405,2024-04-25
AKSHOPTFBR, BE, 25-Apr-2024,9.15,9.15,9.6,9.05, 9.60,9.6,9.5,429349,40.79,456, -, -,,2024-04-25
AKZOINDIA, EQ, 25-Apr-2024,2449.2,2461.45,2475.0,2421.35, 2455.00,2444.05,2454.23,7726,189.61,2295, 4515, 58.44,0.5843903701786176,2024-04-25
ALANKIT, BE, 25-Apr-2024,17.4,17.7,17.7,17.7, 17.70,17.7,17.7,69349,12.27,152, -, -,,2024-04-25
ALBERTDAVD, EQ, 25-Apr-2024,1193.8,1193.8,1202.5,1160.85, 1165.00,1171.9,1180.49,4421,52.19,538, 3080, 69.67,0.6966749604161955,2024-04-25
ALEMBICLTD, EQ, 25-Apr-2024,95.75,95.95,96.45,94.55, 94.55,94.75,95.32,460484,438.93,3515, 241126, 52.36,0.5236360003822066,2024-04-25
ALICON, EQ, 25-Apr-2024,933.1,942.0,953.1,914.05, 950.00,944.9,940.13,7968,74.91,977, 5688, 71.39,0.713855421686747,2024-04-25
ALKALI, EQ, 25-Apr-2024,116.9,117.5,117.95,114.85, 115.00,115.1,115.74,8398,9.72,262, 5328, 63.44,0.6344367706596808,2024-04-25
ALKEM, EQ, 25-Apr-2024,4720.95,4714.0,4879.0,4697.0, 4860.00,4867.65,4808.93,150059,7216.23,22203, 78595, 52.38,0.5237606541427039,2024-04-25
ALKYLAMINE, EQ, 25-Apr-2024,2099.4,2110.0,2112.0,2065.0, 2072.00,2072.65,2075.87,33083,686.76,5590, 16929, 51.17,0.5117129643623614,2024-04-25
ALLCARGO, EQ, 25-Apr-2024,75.5,75.9,76.0,74.0, 74.65,74.65,74.89,1712042,1282.1,11029, 839482, 49.03,0.49033960615452193,2024-04-25
ALLSEC, EQ, 25-Apr-2024,789.65,802.9,812.0,775.5, 795.00,786.1,797.9,84759,676.3,8390, 30098, 35.51,0.3551009332342288,2024-04-25
ALMONDZ, BE, 25-Apr-2024,108.45,109.0,109.0,106.3, 106.30,106.3,108.37,20442,22.15,54, -, -,,2024-04-25
ALOKINDS, EQ, 25-Apr-2024,27.7,27.55,27.9,27.5, 27.60,27.6,27.64,3637311,1005.45,12138, 2498820, 68.70,0.6869965202315667,2024-04-25
ALPA, EQ, 25-Apr-2024,95.8,96.05,98.0,95.9, 96.00,96.6,96.75,43798,42.37,437, 31620, 72.20,0.7219507740079456,2024-04-25
ALPHA, EQ, 25-Apr-2024,47.67,47.78,48.0,47.51, 47.99,47.95,47.85,484120,231.65,1953, 377314, 77.94,0.7793811451706188,2024-04-25
ALPHAETF, EQ, 25-Apr-2024,23.75,24.04,24.05,23.39, 24.00,23.9,23.95,66303,15.88,428, 57085, 86.10,0.8609716000784279,2024-04-25
ALPHAGEO, EQ, 25-Apr-2024,400.6,406.9,406.9,393.3, 395.40,396.35,397.72,20881,83.05,1011, 14299, 68.48,0.6847852114362339,2024-04-25
ALPL30IETF, EQ, 25-Apr-2024,267.66,267.63,270.75,266.67, 270.75,270.61,268.86,65544,176.22,567, 47025, 71.75,0.7174569754668619,2024-04-25
ALPSINDUS, EQ, 25-Apr-2024,2.7,2.8,2.8,2.8, 2.80,2.8,2.8,83966,2.35,48, 83966, 100.00,1.0,2024-04-25
AMBER, EQ, 25-Apr-2024,3788.95,3778.0,3818.0,3752.35, 3795.00,3794.2,3792.35,40666,1542.2,6737, 13957, 34.32,0.3432105444351547,2024-04-25
AMBICAAGAR, EQ, 25-Apr-2024,29.25,28.7,29.8,28.7, 29.20,29.55,29.13,17529,5.11,208, 10983, 62.66,0.6265616977580011,2024-04-25
AMBIKCO, EQ, 25-Apr-2024,1562.3,1562.3,1572.9,1540.05, 1541.00,1543.2,1551.85,8527,132.33,1598, 4845, 56.82,0.5681951448340565,2024-04-25
AMBUJACEM, EQ, 25-Apr-2024,644.45,644.0,649.0,629.2, 636.25,638.35,638.24,3367321,21491.69,76302, 969451, 28.79,0.28789978739775623,2024-04-25
AMDIND, EQ, 25-Apr-2024,69.55,69.95,72.95,69.5, 72.45,72.05,71.72,52493,37.65,541, 33870, 64.52,0.645228887661212,2024-04-25
AMIORG, EQ, 25-Apr-2024,1216.4,1220.0,1235.0,1209.0, 1212.00,1222.25,1217.46,106602,1297.84,9395, 58876, 55.23,0.552297330256468,2024-04-25
AMJLAND, EQ, 25-Apr-2024,39.45,40.1,40.25,39.0, 39.65,39.15,39.7,48507,19.26,442, 31759, 65.47,0.6547302451192611,2024-04-25
AMNPLST, EQ, 25-Apr-2024,204.5,202.0,215.65,196.55, 209.80,206.6,209.02,53831,112.52,2653, 17788, 33.04,0.33044156712674855,2024-04-25
AMRUTANJAN, EQ, 25-Apr-2024,679.7,679.75,698.8,678.0, 688.00,689.5,690.02,77111,532.08,6189, 40786, 52.89,0.528925834187081,2024-04-25
ANANDRATHI, EQ, 25-Apr-2024,3935.95,3935.95,3966.3,3921.05, 3950.00,3949.7,3948.66,22763,898.83,6095, 15086, 66.27,0.662742169309845,2024-04-25
ANANTRAJ, EQ, 25-Apr-2024,364.1,370.15,375.0,357.55, 359.95,359.4,364.79,5142031,18757.52,66624, 1687426, 32.82,0.32816332690331895,2024-04-25
ANDHRAPAP, EQ, 25-Apr-2024,505.15,505.0,505.0,491.35, 498.35,498.35,497.9,114697,571.07,9679, 63520, 55.38,0.5538069871051553,2024-04-25
ANDHRSUGAR, EQ, 25-Apr-2024,106.45,106.95,109.1,106.85, 108.20,107.55,107.82,166051,179.04,2124, 70415, 42.41,0.4240564645801591,2024-04-25
ANGELONE, EQ, 25-Apr-2024,2841.9,2824.75,2850.0,2805.05, 2844.00,2837.05,2831.49,218458,6185.61,22935, 120501, 55.16,0.5515980188411502,2024-04-25
ANIKINDS, EQ, 25-Apr-2024,55.6,56.75,57.95,54.0, 55.60,54.75,55.66,17899,9.96,316, 13436, 75.07,0.7506564612548187,2024-04-25
ANKITMETAL, EQ, 25-Apr-2024,4.3,4.3,4.3,4.1, 4.25,4.25,4.24,57293,2.43,265, 43949, 76.71,0.7670919658597036,2024-04-25
ANMOL, EQ, 25-Apr-2024,42.2,42.3,43.15,41.95, 42.45,42.3,42.21,709857,299.63,1909, 359846, 50.69,0.5069274515853193,2024-04-25
ANTGRAPHIC, BE, 25-Apr-2024,1.55,1.55,1.6,1.5, 1.60,1.6,1.55,1674947,25.97,1089, -, -,,2024-04-25
ANUP, EQ, 25-Apr-2024,1754.1,1725.6,1827.7,1725.6, 1805.00,1816.25,1794.9,39694,712.47,9399, 19157, 48.26,0.48261702020456493,2024-04-25
ANURAS, EQ, 25-Apr-2024,839.95,840.15,844.95,835.0, 835.25,839.15,839.77,124005,1041.36,6992, 62308, 50.25,0.5024636103382928,2024-04-25
APARINDS, EQ, 25-Apr-2024,7824.25,7826.0,7930.75,7749.9, 7834.80,7848.9,7852.4,92080,7230.49,18311, 33430, 36.31,0.3630538662033015,2024-04-25
APCL, EQ, 25-Apr-2024,186.55,187.45,189.7,184.0, 184.60,186.3,185.51,12506,23.2,571, 7073, 56.56,0.5655685271069887,2024-04-25
APCOTEXIND, EQ, 25-Apr-2024,452.95,452.0,454.95,446.9, 448.95,448.9,450.08,24333,109.52,1919, 16067, 66.03,0.6602967163933753,2024-04-25
APEX, EQ, 25-Apr-2024,214.75,215.6,217.9,213.0, 216.00,213.95,214.64,46957,100.79,2007, 24772, 52.75,0.5275464786932725,2024-04-25
APLAPOLLO, EQ, 25-Apr-2024,1582.35,1582.35,1595.95,1544.75, 1551.85,1549.9,1558.05,304658,4746.73,25202, 170308, 55.90,0.5590137137380276,2024-04-25
APLLTD, EQ, 25-Apr-2024,958.0,961.95,1010.0,955.8, 988.05,997.5,987.7,136404,1347.26,19834, 51803, 37.98,0.3797762528958095,2024-04-25
APOLLO, EQ, 25-Apr-2024,109.15,108.55,111.05,108.5, 109.90,109.65,109.68,568039,623.03,5528, 348201, 61.30,0.6129878406236191,2024-04-25
APOLLOHOSP, EQ, 25-Apr-2024,6283.35,6280.0,6402.2,6168.85, 6360.00,6384.1,6305.25,520353,32809.58,80127, 238377, 45.81,0.4581063239762238,2024-04-25
APOLLOPIPE, EQ, 25-Apr-2024,654.4,654.4,666.0,651.25, 660.50,660.65,658.53,35303,232.48,2497, 21475, 60.83,0.6083052431804663,2024-04-25
APOLLOTYRE, EQ, 25-Apr-2024,486.55,485.95,501.0,483.5, 499.05,499.3,493.55,1971088,9728.23,35427, 592707, 30.07,0.3007004253488429,2024-04-25
APOLSINHOT, EQ, 25-Apr-2024,1859.35,1860.2,1886.95,1736.15, 1780.00,1761.7,1790.05,11836,211.87,2133, 7521, 63.54,0.6354342683338966,2024-04-25
APTECHT, EQ, 25-Apr-2024,253.5,253.8,258.7,248.0, 254.40,254.25,254.43,387691,986.4,12094, 170202, 43.90,0.43901457604122873,2024-04-25
APTUS, EQ, 25-Apr-2024,347.1,354.0,354.0,343.0, 346.75,346.4,348.63,580442,2023.57,36202, 292195, 50.34,0.5034008565885997,2024-04-25
ARCHIDPLY, EQ, 25-Apr-2024,119.6,119.0,122.75,116.1, 117.90,117.5,119.55,101030,120.78,1605, 42607, 42.17,0.42172621993467285,2024-04-25
ARCHIES, BE, 25-Apr-2024,30.7,30.7,31.4,29.5, 30.80,30.65,30.13,61959,18.67,227, -, -,,2024-04-25
ARE&M, EQ, 25-Apr-2024,1133.3,1132.75,1150.0,1093.5, 1104.50,1106.05,1112.84,1739512,19357.92,58545, 612570, 35.22,0.3521504881828927,2024-04-25
ARENTERP, EQ, 25-Apr-2024,44.7,43.5,46.9,42.5, 46.90,46.65,45.31,21447,9.72,640, 14044, 65.48,0.6548235184408076,2024-04-25
ARIES, EQ, 25-Apr-2024,270.9,269.9,274.95,264.2, 268.65,269.7,270.82,41248,111.71,2315, 20546, 49.81,0.4981089992242048,2024-04-25
ARIHANTCAP, EQ, 25-Apr-2024,63.05,62.7,63.9,61.9, 61.90,62.1,62.55,216665,135.52,1039, 137229, 63.34,0.6333694874575958,2024-04-25
ARIHANTSUP, EQ, 25-Apr-2024,362.05,362.0,366.0,360.95, 362.00,362.0,362.45,15006,54.39,778, 10269, 68.43,0.6843262694922031,2024-04-25
ARMANFIN, EQ, 25-Apr-2024,2031.1,2045.0,2045.0,1980.3, 1988.30,1992.9,2007.45,15488,310.91,3067, 8292, 53.54,0.5353822314049587,2024-04-25
AROGRANITE, EQ, 25-Apr-2024,52.05,52.2,58.9,52.2, 54.90,54.65,55.99,302996,169.66,2975, 108373, 35.77,0.357671388401167,2024-04-25
ARROWGREEN, EQ, 25-Apr-2024,449.15,449.15,456.8,433.95, 435.55,440.65,448.09,38179,171.07,4126, 18974, 49.70,0.4969747767097095,2024-04-25
ARSHIYA, BE, 25-Apr-2024,7.2,7.3,7.3,7.1, 7.10,7.1,7.26,188677,13.7,86, -, -,,2024-04-25
ARSSINFRA, BE, 25-Apr-2024,22.85,23.5,23.5,21.8, 23.40,22.75,22.66,6737,1.53,53, -, -,,2024-04-25
ARTEMISMED, EQ, 25-Apr-2024,183.0,183.5,184.65,181.05, 182.65,182.8,182.84,28915,52.87,864, 18414, 63.68,0.6368320940688225,2024-04-25
ARTNIRMAN, BE, 25-Apr-2024,65.7,65.5,65.7,65.5, 65.70,65.7,65.63,1234,0.81,18, -, -,,2024-04-25
ARVEE, BE, 25-Apr-2024,203.55,193.4,213.7,193.4, 213.70,213.7,205.69,12915,26.57,256, -, -,,2024-04-25
ARVIND, EQ, 25-Apr-2024,318.4,318.4,322.7,313.3, 320.95,320.9,319.47,213490,682.03,8999, 108102, 50.64,0.5063562696145019,2024-04-25
ARVINDFASN, EQ, 25-Apr-2024,477.75,478.75,489.9,473.05, 483.50,485.05,483.14,200270,967.58,11798, 119701, 59.77,0.597698107554801,2024-04-25
ARVSMART, EQ, 25-Apr-2024,704.5,703.0,764.0,700.1, 758.70,753.45,744.95,442450,3296.02,34428, 122470, 27.68,0.27679963837721777,2024-04-25
ASAHIINDIA, EQ, 25-Apr-2024,603.5,603.5,606.4,593.7, 598.15,598.25,599.0,69976,419.16,6748, 38149, 54.52,0.5451726306162112,2024-04-25
ASAHISONG, EQ, 25-Apr-2024,361.9,356.0,362.6,351.0, 355.00,353.65,355.52,39124,139.1,1465, 26687, 68.21,0.6821132808506287,2024-04-25
ASAL, EQ, 25-Apr-2024,815.2,820.0,852.4,812.1, 837.15,835.65,836.45,110002,920.12,5650, 44282, 40.26,0.4025563171578699,2024-04-25
ASALCBR, EQ, 25-Apr-2024,545.2,540.3,562.0,540.25, 547.90,547.4,552.86,57931,320.27,5150, 27228, 47.00,0.47000742262346584,2024-04-25
ASHAPURMIN, EQ, 25-Apr-2024,335.5,334.0,339.5,329.25, 333.00,333.65,333.69,110203,367.74,2393, 76087, 69.04,0.6904258504759399,2024-04-25
ASHIANA, EQ, 25-Apr-2024,374.85,374.6,393.0,370.1, 376.15,377.8,383.71,251743,965.95,6352, 90408, 35.91,0.3591281584790838,2024-04-25
ASHIMASYN, EQ, 25-Apr-2024,22.25,22.5,22.5,21.55, 21.70,21.7,22.01,597946,131.6,1557, 390380, 65.29,0.6528683192127718,2024-04-25
ASHOKA, EQ, 25-Apr-2024,176.75,176.0,177.5,174.55, 175.55,175.8,175.87,660448,1161.55,11475, 272250, 41.22,0.41222018993168275,2024-04-25
ASHOKAMET, BE, 25-Apr-2024,18.5,18.35,18.35,18.15, 18.15,18.15,18.21,15731,2.86,88, -, -,,2024-04-25
ASHOKLEY, EQ, 25-Apr-2024,177.6,178.0,178.8,177.05, 177.20,177.7,177.99,11988994,21339.32,52537, 7201767, 60.07,0.6006981903569224,2024-04-25
ASIANENE, EQ, 25-Apr-2024,290.05,293.0,293.0,280.3, 290.00,285.3,286.02,26873,76.86,938, 16775, 62.42,0.6242325010233319,2024-04-25
ASIANHOTNR, BE, 25-Apr-2024,142.0,142.0,144.0,142.0, 144.00,144.0,142.01,1856,2.64,19, -, -,,2024-04-25
ASIANPAINT, EQ, 25-Apr-2024,2867.75,2865.0,2869.9,2829.05, 2858.85,2861.45,2850.86,1594152,45447.03,113559, 720148, 45.17,0.4517436229418525,2024-04-25
ASIANTILES, EQ, 25-Apr-2024,62.65,62.65,64.05,62.35, 63.00,63.0,63.13,454475,286.92,3036, 238358, 52.45,0.5244688926783652,2024-04-25
ASKAUTOLTD, EQ, 25-Apr-2024,316.3,322.0,326.0,312.7, 316.80,315.2,317.61,172557,548.05,4230, 90157, 52.25,0.5224766309103659,2024-04-25
ASMS, EQ, 25-Apr-2024,24.15,24.6,24.6,24.6, 24.60,24.6,24.6,22686,5.58,43, 22686, 100.00,1.0,2024-04-25
ASPINWALL, EQ, 25-Apr-2024,278.5,277.95,299.95,277.05, 299.00,297.5,292.82,71082,208.14,1359, 39197, 55.14,0.5514335556118286,2024-04-25
ASTEC, EQ, 25-Apr-2024,1263.25,1246.85,1280.6,1228.0, 1239.90,1243.75,1249.51,30999,387.34,4810, 15104, 48.72,0.48724152392012643,2024-04-25
ASTERDM, EQ, 25-Apr-2024,383.4,383.35,383.35,363.7, 366.05,366.0,372.42,3324121,12379.67,73841, 1587637, 47.76,0.4776110737244523,2024-04-25
ASTRAL, EQ, 25-Apr-2024,1988.85,2006.0,2032.7,1986.0, 2009.85,2010.65,2013.98,689666,13889.75,51609, 303923, 44.07,0.4406814313015286,2024-04-25
ASTRAMICRO, EQ, 25-Apr-2024,712.6,712.9,729.25,707.0, 714.00,715.2,720.73,403718,2909.7,23868, 211021, 52.27,0.522694058724159,2024-04-25
ASTRAZEN, EQ, 25-Apr-2024,5284.8,5321.75,5374.0,5288.1, 5296.05,5332.25,5327.27,3817,203.34,1533, 1592, 41.71,0.4170814776002096,2024-04-25
ASTRON, BE, 25-Apr-2024,22.95,23.4,23.4,23.4, 23.40,23.4,23.4,17499,4.09,70, -, -,,2024-04-25
ATALREAL, EQ, 25-Apr-2024,10.25,9.75,9.75,9.75, 9.75,9.75,9.75,291975,28.47,859, 291975, 100.00,1.0,2024-04-25
ATAM, BE, 25-Apr-2024,196.0,198.95,198.95,194.8, 198.50,197.45,196.44,14341,28.17,283, -, -,,2024-04-25
ATFL, EQ, 25-Apr-2024,733.6,727.05,736.95,713.0, 731.00,732.35,723.1,47284,341.91,2282, 18326, 38.76,0.38757296337027325,2024-04-25
ATGL, EQ, 25-Apr-2024,919.5,919.2,921.95,912.05, 920.00,918.15,916.74,573793,5260.2,24164, 278031, 48.45,0.48454930610864894,2024-04-25
ATL, EQ, 25-Apr-2024,59.45,59.0,60.4,58.45, 58.95,58.85,59.35,357966,212.45,2121, 225267, 62.93,0.629297195823067,2024-04-25
ATLANTAA, BE, 25-Apr-2024,33.05,32.6,32.95,31.4, 31.40,31.4,31.65,127862,40.47,481, -, -,,2024-04-25
ATUL, EQ, 25-Apr-2024,5902.45,5902.45,5918.25,5825.25, 5875.00,5874.8,5872.71,96736,5681.02,10118, 55630, 57.51,0.575070294409527,2024-04-25
ATULAUTO, EQ, 25-Apr-2024,506.05,505.7,551.1,500.55, 534.85,535.4,532.25,724707,3857.24,48086, 203292, 28.05,0.2805161258274034,2024-04-25
AUBANK, EQ, 25-Apr-2024,618.95,613.9,633.6,605.75, 609.15,608.85,618.29,6257904,38691.96,150246, 3042359, 48.62,0.48616261930512195,2024-04-25
AURIONPRO, BE, 25-Apr-2024,2688.0,2688.0,2688.0,2553.6, 2575.00,2572.35,2584.46,41530,1073.33,1135, -, -,,2024-04-25
AUROPHARMA, EQ, 25-Apr-2024,1084.05,1081.05,1106.95,1079.1, 1105.00,1103.4,1094.14,1642872,17975.36,46754, 859183, 52.30,0.5229762269975994,2024-04-25
AURUM, EQ, 25-Apr-2024,143.2,142.8,146.8,141.45, 142.00,142.0,143.12,78157,111.86,930, 50963, 65.21,0.65205931650396,2024-04-25
AUSOMENT, EQ, 25-Apr-2024,95.35,96.05,96.05,92.25, 96.00,94.15,95.09,8807,8.38,167, 5358, 60.84,0.6083796979675258,2024-04-25
AUTOAXLES, EQ, 25-Apr-2024,1867.8,1877.1,1919.85,1865.0, 1875.00,1888.45,1890.17,16448,310.9,3163, 9835, 59.79,0.5979450389105059,2024-04-25
AUTOBEES, EQ, 25-Apr-2024,222.21,223.94,225.06,222.01, 224.33,224.68,223.58,187595,419.42,1722, 112349, 59.89,0.5988912284442549,2024-04-25
AUTOIETF, EQ, 25-Apr-2024,22.2,22.21,22.55,22.19, 22.45,22.51,22.35,301862,67.46,1088, 116922, 38.73,0.38733593496365887,2024-04-25
AUTOIND, EQ, 25-Apr-2024,127.95,127.5,128.8,125.2, 126.20,125.8,126.77,59744,75.74,1480, 35482, 59.39,0.5939006427423674,2024-04-25
AVADHSUGAR, EQ, 25-Apr-2024,591.75,595.0,610.0,590.95, 598.00,596.45,598.5,85328,510.69,5755, 29771, 34.89,0.34890071254453403,2024-04-25
AVALON, EQ, 25-Apr-2024,531.2,534.9,549.0,525.0, 525.00,528.0,532.97,104787,558.49,7685, 42155, 40.23,0.40229226907917964,2024-04-25
AVANTIFEED, EQ, 25-Apr-2024,527.9,529.0,534.0,516.2, 521.00,521.1,524.01,179674,941.52,10481, 79307, 44.14,0.44139385776461815,2024-04-25
AVG, EQ, 25-Apr-2024,543.3,550.0,553.4,540.55, 543.00,543.8,546.16,32582,177.95,3829, 17482, 53.66,0.5365539254803265,2024-04-25
AVONMORE, EQ, 25-Apr-2024,108.85,109.95,114.8,108.0, 112.00,111.75,112.01,570408,638.93,2598, 508353, 89.12,0.891209450077839,2024-04-25
AVROIND, EQ, 25-Apr-2024,135.4,135.0,137.2,132.0, 135.15,136.15,134.93,66062,89.14,906, 45216, 68.44,0.6844479428415731,2024-04-25
AVTNPL, EQ, 25-Apr-2024,89.45,90.1,90.1,87.4, 87.80,87.85,88.68,128179,113.66,1884, 75391, 58.82,0.5881696689785378,2024-04-25
AWHCL, EQ, 25-Apr-2024,513.25,515.0,516.6,505.0, 507.00,506.65,509.2,72164,367.46,4880, 35312, 48.93,0.48932985976387117,2024-04-25
AWL, EQ, 25-Apr-2024,343.65,342.0,343.85,340.55, 342.50,342.25,342.01,728211,2490.57,13586, 374565, 51.44,0.5143632820707185,2024-04-25
AXISBANK, EQ, 25-Apr-2024,1063.25,1100.0,1133.95,1086.1, 1127.45,1127.0,1117.17,46136295,515422.75,657770, 21807972, 47.27,0.4726858105966246,2024-04-25
AXISBNKETF, EQ, 25-Apr-2024,489.03,486.05,493.84,486.05, 492.17,492.11,490.23,591,2.9,45, 495, 83.76,0.8375634517766497,2024-04-25
AXISBPSETF, EQ, 25-Apr-2024,11.67,12.0,12.0,11.65, 11.68,11.66,11.67,27441,3.2,299, 22377, 81.55,0.8154586203126708,2024-04-25
AXISCADES, EQ, 25-Apr-2024,620.45,620.45,649.75,619.0, 628.75,626.15,635.93,58071,369.29,6781, 23936, 41.22,0.41218508377675606,2024-04-25
AXISCETF, EQ, 25-Apr-2024,104.63,103.87,105.35,103.87, 104.84,104.84,104.7,570,0.6,22, 305, 53.51,0.5350877192982456,2024-04-25
AXISGOLD, EQ, 25-Apr-2024,60.89,60.99,61.44,60.72, 61.18,61.03,61.09,54883,33.53,992, 36460, 66.43,0.6643222855893446,2024-04-25
AXISHCETF, EQ, 25-Apr-2024,119.57,119.6,120.97,118.8, 120.88,120.88,119.97,4209,5.05,74, 2778, 66.00,0.6600142551674982,2024-04-25
AXISILVER, EQ, 25-Apr-2024,81.56,83.19,83.4,81.3, 82.50,82.75,82.39,16251,13.39,165, 13856, 85.26,0.8526244538797613,2024-04-25
AXISNIFTY, EQ, 25-Apr-2024,241.42,244.4,244.4,239.61, 242.31,242.38,241.67,2875,6.95,179, 2323, 80.80,0.808,2024-04-25
AXISTECETF, EQ, 25-Apr-2024,352.19,359.2,359.2,350.91, 353.52,353.52,352.78,6843,24.14,186, 4790, 70.00,0.6999853865263773,2024-04-25
AXITA, EQ, 25-Apr-2024,23.95,24.1,24.3,23.5, 23.55,23.6,23.85,1617630,385.79,3830, 548775, 33.92,0.339246304779214,2024-04-25
AXSENSEX, EQ, 25-Apr-2024,74.81,74.53,75.25,74.31, 75.13,75.13,74.84,2458,1.84,37, 1450, 58.99,0.5899104963384866,2024-04-25
AYMSYNTEX, EQ, 25-Apr-2024,97.2,98.9,99.0,94.6, 96.15,95.6,96.31,53955,51.96,946, 30357, 56.26,0.5626355296080067,2024-04-25
AZAD, EQ, 25-Apr-2024,1333.05,1359.0,1399.7,1342.05, 1380.60,1380.0,1384.34,412473,5710.03,17540, 232439, 56.35,0.5635253701454398,2024-04-25
BAFNAPH, BE, 25-Apr-2024,86.5,88.7,88.7,85.0, 86.85,86.85,85.08,12235,10.41,54, -, -,,2024-04-25
BAGFILMS, BE, 25-Apr-2024,8.65,8.65,8.65,8.6, 8.60,8.6,8.6,54271,4.67,137, -, -,,2024-04-25
BAIDFIN, EQ, 25-Apr-2024,22.2,22.6,22.6,21.65, 21.75,21.8,22.05,87940,19.39,507, 61008, 69.37,0.6937457357289061,2024-04-25
BAJAJ-AUTO, EQ, 25-Apr-2024,8697.1,8697.0,8770.0,8641.4, 8729.00,8734.9,8716.45,524667,45732.32,98987, 213310, 40.66,0.4065626387785014,2024-04-25
BAJAJCON, EQ, 25-Apr-2024,227.1,227.05,229.2,225.4, 226.30,226.05,226.62,192293,435.77,5869, 119817, 62.31,0.6230960045347465,2024-04-25
BAJAJELEC, EQ, 25-Apr-2024,939.65,943.0,946.7,932.0, 937.00,936.3,939.7,40380,379.45,4490, 19967, 49.45,0.49447746409113424,2024-04-25
BAJAJFINSV, EQ, 25-Apr-2024,1630.35,1630.0,1672.0,1615.65, 1654.00,1655.55,1644.81,1569437,25814.26,106131, 484629, 30.88,0.30879162400274746,2024-04-25
BAJAJHCARE, EQ, 25-Apr-2024,334.05,335.8,336.7,326.0, 327.90,328.45,330.03,135820,448.24,8753, 50499, 37.18,0.3718082756589604,2024-04-25
BAJAJHIND, EQ, 25-Apr-2024,33.95,34.2,34.8,33.8, 34.30,34.3,34.34,20441903,7019.12,23778, 8796795, 43.03,0.4303315107208952,2024-04-25
BAJAJHLDNG, EQ, 25-Apr-2024,8230.0,8250.0,8324.5,8151.95, 8205.55,8200.55,8208.16,30933,2539.03,13085, 16907, 54.66,0.5465683897455792,2024-04-25
BAJEL, EQ, 25-Apr-2024,268.75,271.2,282.15,263.8, 282.15,282.15,278.27,373583,1039.56,4053, 285493, 76.42,0.7642023325472519,2024-04-25
BAJFINANCE, EQ, 25-Apr-2024,7329.15,7330.0,7364.85,7125.1, 7296.00,7294.9,7275.33,1173354,85365.38,128179, 387906, 33.06,0.3305958815498136,2024-04-25
BALAJITELE, EQ, 25-Apr-2024,77.85,77.85,78.5,76.3, 76.95,76.55,76.89,139751,107.45,1340, 100841, 72.16,0.7215762320126511,2024-04-25
BALAMINES, EQ, 25-Apr-2024,2244.55,2238.0,2260.0,2215.55, 2235.95,2236.15,2232.84,28129,628.08,4696, 12166, 43.25,0.43250737672864303,2024-04-25
BALAXI, EQ, 25-Apr-2024,571.6,574.4,580.0,563.15, 573.35,575.35,571.94,13774,78.78,355, 10786, 78.31,0.7830695513285901,2024-04-25
BALKRISHNA, BE, 25-Apr-2024,24.4,24.4,24.4,24.35, 24.35,24.35,24.38,4810,1.17,31, -, -,,2024-04-25
BALKRISIND, EQ, 25-Apr-2024,2332.7,2342.75,2405.0,2312.55, 2393.00,2390.75,2374.38,426499,10126.69,28462, 277686, 65.11,0.6510824175437692,2024-04-25
BALMLAWRIE, EQ, 25-Apr-2024,258.2,257.05,281.9,256.5, 277.15,276.2,273.36,3991552,10911.12,58116, 1386582, 34.74,0.34737916479604924,2024-04-25
BALPHARMA, EQ, 25-Apr-2024,100.6,100.2,101.75,97.1, 98.75,98.3,99.09,22289,22.09,474, 14084, 63.19,0.6318811970030059,2024-04-25
BALRAMCHIN, EQ, 25-Apr-2024,388.05,389.4,392.5,386.0, 387.60,388.05,389.12,1672782,6509.09,27142, 633782, 37.89,0.37887901711041844,2024-04-25
BANARBEADS, EQ, 25-Apr-2024,94.65,94.65,95.55,92.1, 92.20,92.55,93.91,9401,8.83,571, 4913, 52.26,0.5226039783001808,2024-04-25
BANARISUG, EQ, 25-Apr-2024,2592.15,2590.0,2639.25,2590.0, 2625.00,2627.9,2613.0,779,20.36,211, 616, 79.08,0.7907573812580231,2024-04-25
BANCOINDIA, EQ, 25-Apr-2024,619.25,619.0,649.7,618.1, 631.65,631.45,637.28,211630,1348.68,13756, 79915, 37.76,0.37761659500070877,2024-04-25
BANDHANBNK, EQ, 25-Apr-2024,183.85,184.0,185.75,182.25, 184.65,184.6,184.54,10608276,19576.17,58249, 5012833, 47.25,0.4725398358790816,2024-04-25
BANG, EQ, 25-Apr-2024,53.4,55.7,56.05,54.0, 56.05,56.0,55.34,28338,15.68,234, 14744, 52.03,0.5202907756369539,2024-04-25
BANKA, BE, 25-Apr-2024,103.1,101.15,101.15,101.05, 101.15,101.15,101.14,4972,5.03,68, -, -,,2024-04-25
BANKBARODA, EQ, 25-Apr-2024,259.1,259.0,269.5,258.5, 268.60,268.65,266.25,23475720,62505.05,144690, 10736851, 45.74,0.45735981686610677,2024-04-25
BANKBEES, EQ, 25-Apr-2024,490.17,487.47,494.44,487.22, 493.01,493.23,491.12,1046836,5141.18,8217, 768531, 73.41,0.734146513876099,2024-04-25
BANKBETF, EQ, 25-Apr-2024,48.16,48.16,48.57,48.06, 48.48,48.45,48.35,7741,3.74,39, 5979, 77.24,0.7723808293502131,2024-04-25
BANKETF, EQ, 25-Apr-2024,481.63,481.46,485.5,480.49, 485.50,485.31,482.27,4958,23.91,133, 4187, 84.45,0.8444937474788221,2024-04-25
BANKETFADD, EQ, 25-Apr-2024,48.42,49.64,49.97,48.28, 48.69,48.71,48.71,13749,6.7,134, 7363, 53.55,0.5355298567168522,2024-04-25
BANKIETF, EQ, 25-Apr-2024,48.65,48.52,48.99,48.01, 48.90,48.85,48.71,380597,185.41,807, 324553, 85.27,0.8527471314802797,2024-04-25
BANKINDIA, EQ, 25-Apr-2024,144.45,144.5,152.15,144.1, 150.10,150.35,149.66,26477024,39626.29,113255, 13200606, 49.86,0.49856834363257746,2024-04-25
BANKNIFTY1, EQ, 25-Apr-2024,491.25,491.24,495.09,488.23, 493.57,493.62,491.86,253364,1246.2,1686, 217666, 85.91,0.8591038979491956,2024-04-25
BANSWRAS, EQ, 25-Apr-2024,149.85,150.4,151.7,148.0, 149.50,148.9,149.56,27510,41.14,991, 20082, 73.00,0.7299890948745911,2024-04-25
BARBEQUE, EQ, 25-Apr-2024,561.3,562.55,571.85,557.75, 559.80,559.6,564.16,43502,245.42,4613, 21878, 50.29,0.5029194060043216,2024-04-25
BASF, EQ, 25-Apr-2024,3572.65,3571.0,3624.9,3536.0, 3624.90,3616.35,3603.71,10204,367.72,2839, 5257, 51.52,0.5151901215209722,2024-04-25
BASML, EQ, 25-Apr-2024,43.9,44.2,46.25,43.8, 46.00,46.0,44.98,426729,191.95,1509, 306657, 71.86,0.7186223575149568,2024-04-25
BATAINDIA, EQ, 25-Apr-2024,1362.95,1366.0,1366.0,1345.25, 1353.00,1349.45,1352.64,346668,4689.15,20235, 150417, 43.39,0.4338935234864481,2024-04-25
BAYERCROP, EQ, 25-Apr-2024,5533.2,5523.0,5611.0,5505.0, 5583.00,5573.0,5567.93,6939,386.36,2115, 3425, 49.36,0.49358697218619396,2024-04-25
BBETF0432, EQ, 25-Apr-2024,1133.21,1136.59,1136.59,1133.07, 1133.07,1133.07,1133.75,372,4.22,16, 333, 89.52,0.8951612903225806,2024-04-25
BBL, EQ, 25-Apr-2024,3320.9,3318.05,3318.05,3111.0, 3139.00,3135.0,3165.62,181558,5747.43,18082, 113028, 62.25,0.6225448616970886,2024-04-25
BBNPPGOLD, EQ, 25-Apr-2024,70.75,70.8,72.7,70.75, 71.50,71.5,71.36,286,0.2,29, 98, 34.27,0.34265734265734266,2024-04-25
BBOX, EQ, 25-Apr-2024,250.9,250.95,253.4,241.85, 247.30,245.85,248.82,32162,80.03,999, 23810, 74.03,0.740314657048691,2024-04-25
BBTC, EQ, 25-Apr-2024,1583.85,1588.0,1609.9,1565.3, 1584.00,1578.9,1589.14,41053,652.39,5613, 20012, 48.75,0.487467420164178,2024-04-25
BBTCL, EQ, 25-Apr-2024,262.5,263.6,269.25,260.05, 263.00,264.55,261.96,6435,16.86,224, 4897, 76.10,0.760994560994561,2024-04-25
BCG, EQ, 25-Apr-2024,15.05,14.95,15.1,14.35, 14.80,14.7,14.85,14853916,2205.63,14755, 7441019, 50.09,0.5009466190599166,2024-04-25
BCLIND, EQ, 25-Apr-2024,59.75,59.7,60.9,58.95, 60.00,60.0,59.91,699109,418.85,4570, 360381, 51.55,0.5154861402156173,2024-04-25
BCONCEPTS, BE, 25-Apr-2024,763.1,789.7,789.7,750.05, 760.00,759.25,767.46,6778,52.02,287, -, -,,2024-04-25
BDL, EQ, 25-Apr-2024,2046.45,2053.9,2097.95,2028.95, 2055.25,2060.15,2065.56,1861910,38458.86,81585, 491146, 26.38,0.26378611211068204,2024-04-25
BEARDSELL, EQ, 25-Apr-2024,43.5,44.7,44.8,42.2, 42.95,42.6,43.48,124084,53.95,1081, 82702, 66.65,0.6665001128267948,2024-04-25
BECTORFOOD, EQ, 25-Apr-2024,1157.5,1157.5,1180.5,1141.0, 1160.00,1151.15,1154.77,160619,1854.78,13290, 105752, 65.84,0.6584028041514391,2024-04-25
BEDMUTHA, EQ, 25-Apr-2024,199.1,203.35,205.95,199.3, 205.00,204.55,204.31,7916,16.17,341, 3975, 50.21,0.5021475492673068,2024-04-25
BEL, EQ, 25-Apr-2024,236.5,236.4,240.05,235.45, 237.35,237.6,238.01,16197834,38552.32,110511, 5783247, 35.70,0.35703829289768,2024-04-25
BEML, EQ, 25-Apr-2024,3612.95,3612.0,3647.35,3585.4, 3599.75,3610.7,3619.34,185349,6708.42,22244, 80799, 43.59,0.43592897722674523,2024-04-25
BEPL, EQ, 25-Apr-2024,102.8,102.8,103.35,100.85, 101.30,101.25,101.85,585805,596.64,7184, 322124, 54.99,0.5498826401276875,2024-04-25
BERGEPAINT, EQ, 25-Apr-2024,506.7,507.0,509.75,503.6, 505.00,505.7,506.17,785265,3974.8,27760, 290141, 36.95,0.36948163995593847,2024-04-25
BESTAGRO, EQ, 25-Apr-2024,621.8,633.95,633.95,615.05, 622.40,621.3,622.62,18620,115.93,1541, 10889, 58.48,0.5848012889366273,2024-04-25
BFINVEST, EQ, 25-Apr-2024,577.5,577.4,588.65,573.5, 581.00,577.25,580.33,55232,320.53,4553, 22898, 41.46,0.4145785052143685,2024-04-25
BFSI, EQ, 25-Apr-2024,21.76,21.61,21.95,21.61, 21.86,21.87,21.82,177080,38.65,735, 100844, 56.95,0.5694827196747233,2024-04-25
BFUTILITIE, EQ, 25-Apr-2024,812.75,813.35,831.95,804.8, 809.00,810.05,815.5,236407,1927.91,11957, 91981, 38.91,0.38907900358280423,2024-04-25
BGRENERGY, BE, 25-Apr-2024,37.0,36.3,36.3,36.3, 36.30,36.3,36.3,81392,29.55,547, -, -,,2024-04-25
BHAGCHEM, EQ, 25-Apr-2024,1909.35,1928.0,1928.8,1909.55, 1918.00,1916.15,1920.31,7142,137.15,1007, 4972, 69.62,0.696163539624755,2024-04-25
BHAGERIA, EQ, 25-Apr-2024,179.05,181.7,183.1,177.7, 177.70,179.0,180.53,35346,63.81,2253, 17258, 48.83,0.48825892604537996,2024-04-25
BHAGYANGR, EQ, 25-Apr-2024,117.05,118.0,118.0,115.45, 116.50,116.6,116.79,53951,63.01,647, 37479, 69.47,0.6946859187040092,2024-04-25
BHANDARI, EQ, 25-Apr-2024,8.0,8.1,8.15,7.9, 8.05,8.0,8.0,585025,46.82,941, 346003, 59.14,0.5914328447502244,2024-04-25
BHARATFORG, EQ, 25-Apr-2024,1222.0,1240.75,1325.9,1237.2, 1312.00,1311.85,1300.23,6402642,83249.05,185125, 1525123, 23.82,0.2382021359307611,2024-04-25
BHARATGEAR, EQ, 25-Apr-2024,120.45,121.45,122.75,117.05, 117.30,117.7,120.29,122659,147.55,1800, 60124, 49.02,0.490171940094082,2024-04-25
BHARATRAS, EQ, 25-Apr-2024,9759.85,9820.0,9820.0,9600.0, 9610.00,9612.25,9670.01,895,86.55,421, 483, 53.97,0.5396648044692738,2024-04-25
BHARATWIRE, EQ, 25-Apr-2024,300.95,304.85,311.0,302.8, 306.00,305.95,307.19,142637,438.16,3377, 105841, 74.20,0.742030468952656,2024-04-25
BHARTIARTL, EQ, 25-Apr-2024,1336.4,1331.0,1343.8,1324.35, 1338.75,1338.7,1336.46,8512627,113768.07,243763, 4547554, 53.42,0.534212764167865,2024-04-25
BHARTIHEXA, EQ, 25-Apr-2024,917.8,916.9,921.15,901.0, 906.70,908.25,909.23,988092,8984.01,43634, 478039, 48.38,0.48380009148945646,2024-04-25
BHEL, EQ, 25-Apr-2024,264.05,265.0,273.9,264.1, 271.20,271.6,270.13,29632042,80046.18,148124, 9269772, 31.28,0.3128293352175999,2024-04-25
BIGBLOC, EQ, 25-Apr-2024,233.75,235.0,240.0,234.8, 237.00,236.2,236.68,111078,262.9,6598, 50909, 45.83,0.45831757863843425,2024-04-25
BIKAJI, EQ, 25-Apr-2024,524.3,524.3,539.9,521.8, 530.55,530.9,533.32,150849,804.51,7312, 79222, 52.52,0.5251741808033199,2024-04-25
BIL, BE, 25-Apr-2024,428.0,428.0,428.0,422.9, 425.00,425.0,423.45,1706,7.22,65, -, -,,2024-04-25
BINANIIND, EQ, 25-Apr-2024,14.75,14.4,15.45,14.3, 15.45,15.45,15.31,14415,2.21,77, 13687, 94.95,0.9494970516822754,2024-04-25
BIOCON, EQ, 25-Apr-2024,289.6,292.0,293.7,287.85, 292.00,291.65,290.71,7923803,23035.22,49433, 3375392, 42.60,0.4259813122562487,2024-04-25
BIOFILCHEM, EQ, 25-Apr-2024,72.6,73.65,73.65,69.55, 70.80,70.85,70.99,54928,38.99,1068, 33516, 61.02,0.6101806000582581,2024-04-25
BIRLACABLE, EQ, 25-Apr-2024,279.7,279.7,282.4,266.6, 271.95,270.7,274.0,179408,491.57,8044, 72289, 40.29,0.40293075002229556,2024-04-25
BIRLACORPN, EQ, 25-Apr-2024,1471.95,1479.8,1486.1,1423.7, 1432.00,1430.8,1450.29,156084,2263.67,14191, 114625, 73.44,0.7343802055303554,2024-04-25
BIRLAMONEY, EQ, 25-Apr-2024,134.65,140.8,140.8,129.0, 129.60,129.45,132.98,1080951,1437.46,10475, 621065, 57.46,0.5745542582411228,2024-04-25
BKMINDST, BZ, 25-Apr-2024,1.85,1.9,1.9,1.9, 1.90,1.9,1.9,19440,0.37,43, -, -,,2024-04-25
BLAL, EQ, 25-Apr-2024,263.6,263.0,267.3,260.4, 263.55,262.95,263.7,170899,450.66,3359, 88961, 52.05,0.520547223798852,2024-04-25
BLBLIMITED, BE, 25-Apr-2024,21.0,21.35,22.05,20.85, 22.05,22.05,21.49,203784,43.79,726, -, -,,2024-04-25
BLISSGVS, EQ, 25-Apr-2024,115.8,115.8,119.45,115.15, 116.55,116.95,117.34,526804,618.14,5954, 216549, 41.11,0.41106179907517787,2024-04-25
BLKASHYAP, EQ, 25-Apr-2024,68.75,69.05,69.45,66.9, 67.95,67.4,68.08,965819,657.57,3474, 296695, 30.72,0.30719524051608016,2024-04-25
BLS, EQ, 25-Apr-2024,336.45,335.0,337.9,332.0, 334.00,333.65,335.97,770217,2587.67,18855, 394471, 51.22,0.5121556652216194,2024-04-25
BLSE, EQ, 25-Apr-2024,298.65,301.3,305.85,297.1, 298.00,299.5,300.68,289995,871.97,8009, 107281, 36.99,0.36994086104932844,2024-04-25
BLUECHIP, BE, 25-Apr-2024,3.4,3.45,3.45,3.45, 3.45,3.45,3.45,71054,2.45,32, -, -,,2024-04-25
BLUEDART, EQ, 25-Apr-2024,6261.25,6292.6,6398.0,6265.0, 6322.45,6305.05,6320.89,18267,1154.64,4728, 9704, 53.12,0.5312311819127388,2024-04-25
BLUEJET, EQ, 25-Apr-2024,381.35,385.9,392.0,382.0, 391.50,391.75,388.84,79682,309.83,2165, 42465, 53.29,0.532930900328807,2024-04-25
BLUESTARCO, EQ, 25-Apr-2024,1444.8,1447.6,1473.0,1418.1, 1459.00,1464.65,1451.77,227597,3304.19,24627, 106633, 46.85,0.468516720343414,2024-04-25
BODALCHEM, EQ, 25-Apr-2024,80.15,80.2,81.2,79.55, 80.30,79.95,80.37,448358,360.34,2460, 230445, 51.40,0.5139754392695123,2024-04-25
BOHRAIND, BE, 25-Apr-2024,18.75,18.75,19.2,18.75, 19.00,19.05,19.04,5214,0.99,46, -, -,,2024-04-25
BOMDYEING, EQ, 25-Apr-2024,171.6,171.8,173.2,167.7, 169.95,169.45,170.23,1043187,1775.8,16156, 434310, 41.63,0.41632995809955453,2024-04-25
BOROLTD, EQ, 25-Apr-2024,352.4,353.35,357.0,352.55, 355.20,355.55,355.13,61950,220.0,6303, 30016, 48.45,0.4845197740112994,2024-04-25
BORORENEW, EQ, 25-Apr-2024,530.05,530.0,538.8,520.5, 523.75,522.85,528.05,441511,2331.38,21517, 191319, 43.33,0.43332782195687086,2024-04-25
BOSCHLTD, EQ, 25-Apr-2024,28858.0,28950.4,29171.65,28538.9, 28907.15,28901.05,28855.94,36654,10576.85,11780, 20924, 57.09,0.5708517487859442,2024-04-25
BPCL, EQ, 25-Apr-2024,593.35,593.35,605.8,588.05, 602.30,603.4,598.77,7173378,42951.85,126392, 2383253, 33.22,0.3322358029926765,2024-04-25
BPL, EQ, 25-Apr-2024,102.3,102.3,106.15,101.5, 104.50,103.75,104.41,369133,385.41,4854, 171284, 46.40,0.46401703451059645,2024-04-25
BRIGADE, EQ, 25-Apr-2024,1020.4,1020.95,1044.0,1020.0, 1039.00,1041.05,1033.88,237799,2458.56,22845, 109300, 45.96,0.4596318739776029,2024-04-25
BRITANNIA, EQ, 25-Apr-2024,4828.95,4816.15,4859.0,4747.5, 4847.30,4844.15,4809.98,509266,24495.58,68227, 258503, 50.76,0.5075991721418669,2024-04-25
BRNL, BE, 25-Apr-2024,56.0,55.2,55.2,55.05, 55.05,55.05,55.14,35233,19.43,460, -, -,,2024-04-25
BROOKS, BE, 25-Apr-2024,104.8,106.85,106.85,106.85, 106.85,106.85,106.85,5567,5.95,23, -, -,,2024-04-25
BSE, EQ, 25-Apr-2024,3129.95,3136.0,3223.0,3129.95, 3145.00,3147.55,3165.81,1234851,39093.05,83608, 548903, 44.45,0.4445094995266635,2024-04-25
BSE500IETF, EQ, 25-Apr-2024,34.74,34.83,35.0,34.54, 34.97,34.92,34.82,140141,48.79,689, 84548, 60.33,0.6033066697112194,2024-04-25
BSHSL, EQ, 25-Apr-2024,223.65,226.5,226.5,219.2, 223.00,220.25,222.34,7230,16.08,310, 5375, 74.34,0.7434301521438451,2024-04-25
BSL, EQ, 25-Apr-2024,191.05,190.95,192.0,187.3, 191.85,190.7,191.05,5285,10.1,158, 4007, 75.82,0.7581835383159886,2024-04-25
BSLGOLDETF, EQ, 25-Apr-2024,64.35,64.9,65.2,63.8, 64.00,64.09,64.47,44499,28.69,552, 32958, 74.06,0.7406458572102744,2024-04-25
BSLNIFTY, EQ, 25-Apr-2024,25.48,25.6,25.73,25.2, 25.63,25.68,25.56,52915,13.53,1972, 26916, 50.87,0.5086648398374752,2024-04-25
BSLSENETFG, EQ, 25-Apr-2024,72.2,72.18,73.15,72.18, 72.60,73.03,72.72,40665,29.57,94, 40207, 98.87,0.9887372433296446,2024-04-25
BSOFT, EQ, 25-Apr-2024,658.45,659.45,665.95,653.3, 659.00,659.95,661.25,1887949,12484.0,61389, 850927, 45.07,0.4507150352048705,2024-04-25
BTML, EQ, 25-Apr-2024,17.75,17.85,18.1,17.4, 18.00,17.85,17.78,994492,176.86,1299, 785274, 78.96,0.7896232448325377,2024-04-25
BURNPUR, EQ, 25-Apr-2024,6.9,6.85,6.85,6.7, 6.80,6.75,6.75,200460,13.54,716, 147294, 73.48,0.7347800059862317,2024-04-25
BUTTERFLY, EQ, 25-Apr-2024,846.25,846.35,860.0,840.0, 848.50,844.95,848.33,5270,44.71,1107, 2566, 48.69,0.48690702087286525,2024-04-25
BVCL, BE, 25-Apr-2024,53.4,53.85,54.0,53.85, 53.90,53.9,53.93,5140,2.77,34, -, -,,2024-04-25
BYKE, EQ, 25-Apr-2024,73.7,77.1,77.4,72.0, 74.90,73.45,74.39,480324,357.3,2649, 278297, 57.94,0.5793943254969562,2024-04-25
CALSOFT, BE, 25-Apr-2024,16.8,16.4,17.0,16.3, 16.75,16.35,16.49,31740,5.23,120, -, -,,2024-04-25
CAMLINFINE, EQ, 25-Apr-2024,111.6,111.6,111.8,108.5, 109.50,109.3,110.19,331038,364.77,3855, 168765, 50.98,0.5098055208163413,2024-04-25
CAMPUS, EQ, 25-Apr-2024,249.35,249.65,257.0,249.65, 254.20,254.45,254.44,1915775,4874.53,34751, 688304, 35.93,0.35928227479740577,2024-04-25
CAMS, EQ, 25-Apr-2024,3230.1,3238.0,3265.0,3183.0, 3256.00,3253.4,3228.91,214115,6913.58,23436, 84387, 39.41,0.39411998225252787,2024-04-25
CANBK, EQ, 25-Apr-2024,596.95,595.9,620.95,595.1, 615.80,616.85,613.62,11499958,70566.3,138471, 4085221, 35.52,0.3552379060862657,2024-04-25
CANFINHOME, EQ, 25-Apr-2024,743.85,749.0,749.0,735.7, 747.00,745.4,742.66,740636,5500.43,23768, 233580, 31.54,0.315377594391847,2024-04-25
CANTABIL, EQ, 25-Apr-2024,219.2,218.75,221.0,215.05, 216.50,217.35,217.59,78770,171.4,3431, 25793, 32.74,0.3274469975879142,2024-04-25
CAPACITE, EQ, 25-Apr-2024,316.55,317.0,322.0,314.05, 317.20,315.5,316.85,1661553,5264.6,22656, 648818, 39.05,0.39048889803695697,2024-04-25
CAPITALSFB, EQ, 25-Apr-2024,338.4,338.45,346.7,338.45, 345.00,344.4,342.79,38823,133.08,2244, 19987, 51.48,0.5148236869896711,2024-04-25
CAPLIPOINT, EQ, 25-Apr-2024,1336.0,1339.0,1372.7,1325.0, 1353.00,1357.15,1353.29,91456,1237.67,12108, 44501, 48.66,0.4865837123862841,2024-04-25
CAPTRUST, EQ, 25-Apr-2024,127.5,125.1,126.5,121.55, 121.65,122.55,123.38,16865,20.81,736, 9596, 56.90,0.5689890305366143,2024-04-25
CARBORUNIV, EQ, 25-Apr-2024,1341.1,1350.0,1423.0,1338.1, 1414.25,1414.85,1391.71,415243,5778.98,26103, 205571, 49.51,0.49506192759420387,2024-04-25
CAREERP, EQ, 25-Apr-2024,360.3,369.9,377.85,360.05, 371.10,370.85,370.86,81727,303.09,1673, 47482, 58.10,0.58098302886439,2024-04-25
CARERATING, EQ, 25-Apr-2024,1129.7,1146.65,1197.65,1127.0, 1180.00,1167.05,1169.41,56850,664.81,6316, 27607, 48.56,0.4856112576956904,2024-04-25
CARTRADE, EQ, 25-Apr-2024,723.2,727.25,727.25,711.05, 725.90,720.0,719.13,72384,520.54,8665, 41717, 57.63,0.5763290229885057,2024-04-25
CARYSIL, EQ, 25-Apr-2024,963.45,972.5,972.5,951.1, 955.00,955.8,961.11,33389,320.91,4030, 18858, 56.48,0.5647967893617658,2024-04-25
CASTROLIND, EQ, 25-Apr-2024,212.4,213.0,213.8,210.0, 212.20,211.35,211.86,2129055,4510.57,23612, 910452, 42.76,0.42763197756751237,2024-04-25
CCHHL, BE, 25-Apr-2024,15.15,15.25,15.6,14.95, 15.10,15.1,15.32,189711,29.07,386, -, -,,2024-04-25
CCL, EQ, 25-Apr-2024,581.1,583.0,586.95,575.0, 585.85,584.05,580.47,100394,582.76,10502, 48079, 47.89,0.47890312170050003,2024-04-25
CDSL, EQ, 25-Apr-2024,2080.75,2080.25,2165.0,2056.05, 2143.00,2151.0,2127.01,2369450,50398.41,105045, 714885, 30.17,0.3017092574226086,2024-04-25
CEATLTD, EQ, 25-Apr-2024,2528.25,2543.95,2570.75,2518.55, 2560.00,2545.8,2546.7,74895,1907.35,9973, 38230, 51.04,0.5104479604780026,2024-04-25
CELEBRITY, EQ, 25-Apr-2024,21.25,21.25,21.65,19.55, 19.85,19.85,20.39,646675,131.85,1888, 448437, 69.35,0.6934503421347663,2024-04-25
CELLO, EQ, 25-Apr-2024,949.9,949.9,963.8,920.7, 935.40,929.55,945.28,441848,4176.71,21820, 244767, 55.40,0.5539619959805182,2024-04-25
CENTENKA, EQ, 25-Apr-2024,463.95,463.95,469.1,458.0, 464.95,463.9,464.65,32174,149.5,2390, 15377, 47.79,0.47793249207434574,2024-04-25
CENTEXT, BE, 25-Apr-2024,19.2,19.15,19.15,19.0, 19.00,19.0,19.11,58863,11.25,272, -, -,,2024-04-25
CENTRALBK, EQ, 25-Apr-2024,63.45,63.45,66.5,63.25, 65.80,65.8,65.48,25913001,16968.16,44621, 9233934, 35.63,0.3563436747445809,2024-04-25
CENTRUM, EQ, 25-Apr-2024,39.3,39.5,40.0,37.3, 37.80,37.6,38.28,1927611,737.87,5891, 787114, 40.83,0.40833653678050186,2024-04-25
CENTUM, EQ, 25-Apr-2024,1902.65,1917.45,2042.75,1917.45, 1989.00,1992.35,1995.36,59434,1185.92,12042, 20286, 34.13,0.34131978328902646,2024-04-25
CENTURYPLY, EQ, 25-Apr-2024,640.0,645.0,651.4,634.1, 637.25,636.25,641.01,128508,823.75,8728, 49961, 38.88,0.38877735238273103,2024-04-25
CENTURYTEX, EQ, 25-Apr-2024,1865.05,1878.95,1987.85,1861.55, 1927.00,1924.25,1950.89,949916,18531.81,51271, 208346, 21.93,0.21933097242282476,2024-04-25
CERA, EQ, 25-Apr-2024,7262.6,7262.6,7298.85,7206.65, 7238.00,7245.1,7243.99,5443,394.29,3171, 3845, 70.64,0.7064119051993386,2024-04-25
CEREBRAINT, BE, 25-Apr-2024,7.7,7.6,7.7,7.4, 7.50,7.55,7.58,115235,8.73,207, -, -,,2024-04-25
CESC, EQ, 25-Apr-2024,141.15,141.15,142.45,140.7, 141.65,141.45,141.53,1825283,2583.37,16346, 765380, 41.93,0.41932127785116063,2024-04-25
CGCL, EQ, 25-Apr-2024,225.55,226.1,230.5,225.4, 226.55,226.85,227.4,192193,437.04,9899, 85212, 44.34,0.443366823973818,2024-04-25
CGPOWER, EQ, 25-Apr-2024,545.3,545.0,548.2,536.5, 541.05,542.25,541.81,1195547,6477.57,41742, 569974, 47.67,0.47674746371326265,2024-04-25
CHALET, EQ, 25-Apr-2024,883.9,879.4,930.35,879.35, 897.00,894.15,900.89,193701,1745.03,17739, 53532, 27.64,0.27636408691746556,2024-04-25
CHAMBLFERT, EQ, 25-Apr-2024,402.2,404.0,412.8,402.2, 408.30,408.85,408.35,5368467,21922.26,57658, 1455396, 27.11,0.2711008561662016,2024-04-25
CHEMBOND, EQ, 25-Apr-2024,558.7,555.0,562.0,548.4, 560.00,558.7,555.83,21895,121.7,2334, 12323, 56.28,0.5628225622288193,2024-04-25
CHEMCON, EQ, 25-Apr-2024,263.95,264.0,265.3,259.0, 259.40,259.75,261.04,32841,85.73,1777, 21139, 64.37,0.6436771109284126,2024-04-25
CHEMFAB, EQ, 25-Apr-2024,631.25,645.0,645.0,625.05, 629.00,633.45,634.5,7544,47.87,618, 4470, 59.25,0.5925238600212089,2024-04-25
CHEMPLASTS, EQ, 25-Apr-2024,493.8,486.4,503.0,486.4, 500.00,500.85,499.28,100976,504.16,10283, 47930, 47.47,0.474667247662811,2024-04-25
CHENNPETRO, EQ, 25-Apr-2024,1075.0,1080.0,1097.9,1056.0, 1075.25,1076.2,1075.03,4112611,44211.99,122789, 750530, 18.25,0.18249477035391873,2024-04-25
CHEVIOT, EQ, 25-Apr-2024,1311.2,1330.85,1331.95,1303.6, 1330.00,1328.3,1319.72,1322,17.45,356, 909, 68.76,0.6875945537065052,2024-04-25
CHOICEIN, EQ, 25-Apr-2024,324.95,326.65,326.65,320.4, 322.60,322.5,323.27,401038,1296.43,10269, 146781, 36.60,0.3660027229339863,2024-04-25
CHOLAFIN, EQ, 25-Apr-2024,1168.8,1159.0,1170.0,1147.25, 1154.30,1155.35,1154.66,766072,8845.53,34506, 386483, 50.45,0.5044995770632525,2024-04-25
CHOLAHLDNG, EQ, 25-Apr-2024,1100.9,1102.0,1112.55,1082.0, 1103.10,1093.85,1092.1,30974,338.27,6015, 14401, 46.49,0.464938335378059,2024-04-25
CIEINDIA, EQ, 25-Apr-2024,487.05,490.0,495.3,487.0, 489.25,489.0,490.24,598065,2931.93,17808, 427926, 71.55,0.7155175440796568,2024-04-25
CIGNITITEC, EQ, 25-Apr-2024,1248.85,1250.0,1260.4,1230.0, 1237.90,1240.05,1248.92,126423,1578.92,7461, 80535, 63.70,0.6370280724235305,2024-04-25
CINELINE, EQ, 25-Apr-2024,121.8,123.45,129.8,121.6, 126.75,125.8,125.73,129539,162.87,2433, 81745, 63.10,0.6310454766518191,2024-04-25
CINEVISTA, BE, 25-Apr-2024,20.6,20.6,21.45,19.8, 20.50,20.4,20.42,39668,8.1,123, -, -,,2024-04-25
CIPLA, EQ, 25-Apr-2024,1398.2,1407.0,1410.45,1384.1, 1400.00,1406.2,1399.83,2027213,28377.52,101882, 776547, 38.31,0.3830613753956787,2024-04-25
CLEAN, EQ, 25-Apr-2024,1299.75,1300.9,1318.85,1300.9, 1316.00,1312.7,1310.59,57308,751.07,6416, 30382, 53.02,0.5301528582396873,2024-04-25
CLEDUCATE, EQ, 25-Apr-2024,84.3,84.5,86.25,83.0, 85.00,84.65,84.68,48639,41.19,672, 24317, 49.99,0.49994860091695964,2024-04-25
CLSEL, EQ, 25-Apr-2024,226.85,226.85,231.5,223.05, 227.35,228.35,227.43,80568,183.23,4128, 36578, 45.40,0.4540015887200874,2024-04-25
CMSINFO, EQ, 25-Apr-2024,400.0,400.0,406.0,398.15, 402.25,401.7,402.64,1104045,4445.3,17361, 886002, 80.25,0.8025053326630708,2024-04-25
COALINDIA, EQ, 25-Apr-2024,443.85,443.0,454.0,441.75, 452.90,452.45,449.21,10858594,48777.93,150242, 3912445, 36.03,0.36030861822442206,2024-04-25
COASTCORP, EQ, 25-Apr-2024,250.65,253.9,262.15,251.0, 260.00,258.15,258.65,25351,65.57,1311, 17465, 68.89,0.6889274584829,2024-04-25
COCHINSHIP, EQ, 25-Apr-2024,1274.65,1276.9,1377.0,1251.75, 1322.70,1326.25,1335.14,13992038,186813.85,350542, 1401054, 10.01,0.10013223234528094,2024-04-25
COFFEEDAY, EQ, 25-Apr-2024,64.75,64.75,65.65,62.9, 64.00,64.25,63.95,5317476,3400.46,14904, 1707820, 32.12,0.3211711721877071,2024-04-25
COFORGE, EQ, 25-Apr-2024,5192.65,5155.5,5220.0,5120.3, 5202.00,5210.5,5174.96,276991,14334.17,35036, 158572, 57.25,0.572480694318588,2024-04-25
COLPAL, EQ, 25-Apr-2024,2748.0,2753.0,2812.0,2737.35, 2789.40,2799.65,2764.4,708101,19574.75,33262, 541900, 76.53,0.7652863080266799,2024-04-25
COMMOIETF, EQ, 25-Apr-2024,87.16,88.14,88.15,86.85, 88.00,87.84,87.27,70108,61.18,465, 15423, 22.00,0.21998915958235865,2024-04-25
COMPUSOFT, EQ, 25-Apr-2024,35.2,38.25,39.75,35.5, 35.50,35.95,37.85,3107625,1176.24,11186, 1237543, 39.82,0.3982279071638309,2024-04-25
COMSYN, EQ, 25-Apr-2024,72.85,74.95,74.95,72.0, 73.95,73.25,73.03,54133,39.53,215, 51115, 94.42,0.9442484251750318,2024-04-25
CONCOR, EQ, 25-Apr-2024,973.05,981.6,1012.0,968.2, 1000.90,1004.8,993.11,3929729,39026.7,87422, 1308774, 33.30,0.3330443396987426,2024-04-25
CONCORDBIO, EQ, 25-Apr-2024,1629.6,1642.7,1642.7,1610.0, 1635.00,1636.4,1631.68,43083,702.98,5765, 23573, 54.72,0.5471531694635935,2024-04-25
CONFIPET, EQ, 25-Apr-2024,90.9,90.9,92.2,90.5, 91.95,91.4,91.33,863875,788.97,5657, 409174, 47.36,0.47364954420489075,2024-04-25
CONS, EQ, 25-Apr-2024,104.36,104.0,104.18,103.07, 104.14,104.14,103.79,1076,1.12,54, 491, 45.63,0.4563197026022305,2024-04-25
CONSOFINVT, EQ, 25-Apr-2024,255.9,260.95,261.0,255.0, 256.90,257.35,257.17,14050,36.13,1244, 9022, 64.21,0.642135231316726,2024-04-25
CONSUMBEES, EQ, 25-Apr-2024,113.18,113.18,114.15,112.26, 113.56,113.56,113.22,33590,38.03,642, 17787, 52.95,0.529532598987794,2024-04-25
CONSUMIETF, EQ, 25-Apr-2024,105.26,104.91,105.51,104.02, 105.18,105.28,105.01,8477,8.9,198, 3110, 36.69,0.36687507372891354,2024-04-25
CONTROLPR, EQ, 25-Apr-2024,930.45,933.9,958.4,930.0, 950.00,947.95,948.7,17102,162.25,2528, 10586, 61.90,0.6189919307683311,2024-04-25
CORALFINAC, BE, 25-Apr-2024,43.7,43.2,43.5,43.2, 43.25,43.25,43.28,6855,2.97,57, -, -,,2024-04-25
CORDSCABLE, BE, 25-Apr-2024,170.05,170.05,172.0,168.25, 169.15,169.5,170.06,12650,21.51,163, -, -,,2024-04-25
COROMANDEL, EQ, 25-Apr-2024,1087.75,1095.4,1141.95,1071.9, 1112.00,1111.95,1104.37,996110,11000.76,67951, 100086, 10.05,0.10047685496581703,2024-04-25
COSMOFIRST, EQ, 25-Apr-2024,628.5,627.9,629.0,612.05, 618.95,617.2,621.32,106687,662.87,10864, 40470, 37.93,0.3793339394677889,2024-04-25
COUNCODOS, EQ, 25-Apr-2024,6.65,6.7,6.85,6.35, 6.35,6.35,6.6,1091660,72.0,829, 680989, 62.38,0.6238105270871883,2024-04-25
CPSEETF, EQ, 25-Apr-2024,84.95,85.1,85.96,84.51, 85.82,85.84,85.52,2844368,2432.56,10369, 1946114, 68.42,0.68419909097557,2024-04-25
CRAFTSMAN, EQ, 25-Apr-2024,4604.85,4660.3,4754.7,4570.0, 4620.00,4591.75,4668.67,103322,4823.76,20971, 32631, 31.58,0.3158185091268075,2024-04-25
CREATIVE, EQ, 25-Apr-2024,800.7,804.7,838.0,785.1, 831.00,832.0,820.51,56827,466.27,3154, 29499, 51.91,0.5191018353951466,2024-04-25
CREATIVEYE, EQ, 25-Apr-2024,4.7,4.8,4.9,4.8, 4.90,4.9,4.89,10135,0.5,39, 9513, 93.86,0.9386285150468673,2024-04-25
CREDITACC, EQ, 25-Apr-2024,1502.0,1507.0,1507.0,1471.2, 1481.00,1477.95,1486.06,66393,986.64,8993, 34556, 52.05,0.5204765562634616,2024-04-25
CREST, EQ, 25-Apr-2024,379.3,382.0,386.6,379.8, 380.00,380.0,382.09,10592,40.47,407, 7846, 74.07,0.7407477341389728,2024-04-25
CRISIL, EQ, 25-Apr-2024,4144.95,4141.0,4365.0,4130.05, 4364.00,4354.05,4306.45,147799,6364.89,20506, 45971, 31.10,0.31103728712643525,2024-04-25
CROMPTON, EQ, 25-Apr-2024,311.9,311.95,312.85,306.8, 310.20,309.75,310.0,5648355,17510.09,38646, 4071654, 72.09,0.7208566033827548,2024-04-25
CROWN, BE, 25-Apr-2024,221.0,216.6,216.6,216.6, 216.60,216.6,216.6,6843,14.82,57, -, -,,2024-04-25
CSBBANK, EQ, 25-Apr-2024,399.75,403.75,416.7,398.9, 404.00,404.9,408.0,364853,1488.6,14772, 126687, 34.72,0.3472275135465516,2024-04-25
CSLFINANCE, EQ, 25-Apr-2024,463.15,462.0,472.15,458.3, 465.00,465.0,466.3,19239,89.71,1692, 12253, 63.69,0.6368834138988513,2024-04-25
CTE, BE, 25-Apr-2024,92.7,94.4,95.0,91.55, 93.30,92.55,93.27,15477,14.44,150, -, -,,2024-04-25
CUB, EQ, 25-Apr-2024,155.5,156.5,157.8,155.5, 157.25,157.1,156.84,2415940,3789.23,13701, 1155799, 47.84,0.47840550675927385,2024-04-25
CUBEXTUB, BE, 25-Apr-2024,127.55,125.0,125.0,125.0, 125.00,125.0,125.0,8879,11.1,72, -, -,,2024-04-25
CUMMINSIND, EQ, 25-Apr-2024,3244.3,3244.3,3270.0,3223.65, 3230.00,3233.4,3243.58,339113,10999.4,35740, 161939, 47.75,0.4775369861963416,2024-04-25
CUPID, BE, 25-Apr-2024,112.45,112.45,112.5,109.5, 110.00,110.05,110.41,1076053,1188.02,6414, -, -,,2024-04-25
CYBERMEDIA, BE, 25-Apr-2024,27.3,28.5,28.5,25.95, 26.75,26.3,26.76,41508,11.11,238, -, -,,2024-04-25
CYBERTECH, EQ, 25-Apr-2024,168.2,169.4,169.4,164.0, 165.10,165.35,165.99,46599,77.35,2040, 24204, 51.94,0.5194102877744158,2024-04-25
CYIENT, EQ, 25-Apr-2024,1891.1,1902.0,1919.95,1900.0, 1917.80,1914.95,1913.2,355238,6796.42,28434, 234381, 65.98,0.6597858337227436,2024-04-25
CYIENTDLM, EQ, 25-Apr-2024,721.35,730.0,730.3,694.0, 700.00,698.9,704.29,1167828,8224.9,33613, 695585, 59.56,0.5956228143185469,2024-04-25
DABUR, EQ, 25-Apr-2024,509.45,509.5,510.25,504.15, 505.70,506.45,506.41,1022931,5180.2,25543, 565401, 55.27,0.5527264302284318,2024-04-25
DALBHARAT, EQ, 25-Apr-2024,1962.8,1926.0,1948.2,1767.05, 1815.80,1806.45,1831.11,2955407,54116.77,128184, 1275988, 43.17,0.43174696412372304,2024-04-25
DALMIASUG, EQ, 25-Apr-2024,386.05,382.5,399.0,381.1, 396.55,396.55,394.17,121607,479.34,8613, 57517, 47.30,0.4729744175910926,2024-04-25
DAMODARIND, EQ, 25-Apr-2024,52.35,52.0,53.0,51.6, 52.40,51.95,52.2,12786,6.67,236, 8598, 67.25,0.672454246832473,2024-04-25
DANGEE, EQ, 25-Apr-2024,8.6,8.8,8.9,8.5, 8.60,8.75,8.69,166749,14.48,426, 123478, 74.05,0.7405021919171929,2024-04-25
DATAMATICS, EQ, 25-Apr-2024,611.65,610.5,626.0,609.15, 613.50,616.15,617.5,89830,554.7,13485, 27351, 30.45,0.3044751196704887,2024-04-25
DATAPATTNS, EQ, 25-Apr-2024,3064.45,3074.95,3157.1,3030.0, 3061.00,3083.1,3089.33,469299,14498.21,39953, 95577, 20.37,0.20365907449195503,2024-04-25
DAVANGERE, EQ, 25-Apr-2024,93.65,93.85,94.85,92.7, 94.25,93.95,93.67,274904,257.5,853, 239770, 87.22,0.8721953845706137,2024-04-25
DBCORP, BE, 25-Apr-2024,283.9,284.95,289.0,280.1, 286.50,285.55,285.21,45680,130.28,925, -, -,,2024-04-25
DBL, EQ, 25-Apr-2024,464.45,464.5,464.5,456.05, 462.45,461.4,460.9,241758,1114.26,10408, 105087, 43.47,0.43467848013302557,2024-04-25
DBOL, EQ, 25-Apr-2024,137.4,143.6,143.8,136.3, 139.80,139.05,139.93,430476,602.36,5427, 172328, 40.03,0.40031964615913546,2024-04-25
DBREALTY, EQ, 25-Apr-2024,217.85,218.0,226.3,217.0, 221.70,221.35,222.74,6755522,15047.09,46652, 3104221, 45.95,0.45950868045430093,2024-04-25
DBSTOCKBRO, EQ, 25-Apr-2024,50.75,52.7,55.75,51.8, 53.15,54.1,53.99,131995,71.26,1611, 51903, 39.32,0.39321944013030796,2024-04-25
DCAL, EQ, 25-Apr-2024,233.45,233.55,236.4,230.5, 233.45,233.4,233.44,192320,448.96,6673, 76476, 39.76,0.3976497504159734,2024-04-25
DCBBANK, EQ, 25-Apr-2024,136.05,139.7,144.5,133.9, 136.60,136.05,138.72,18834857,26127.9,90528, 7191691, 38.18,0.38182880815076004,2024-04-25
DCI, BE, 25-Apr-2024,216.2,218.5,219.75,213.0, 219.75,218.65,215.92,6042,13.05,140, -, -,,2024-04-25
DCM, EQ, 25-Apr-2024,79.45,79.4,80.9,78.0, 80.00,79.75,79.59,32678,26.01,470, 20175, 61.74,0.6173878450333558,2024-04-25
DCMFINSERV, BE, 25-Apr-2024,5.5,5.7,5.7,5.35, 5.55,5.55,5.54,28176,1.56,92, -, -,,2024-04-25
DCMNVL, EQ, 25-Apr-2024,216.55,213.0,221.5,211.25, 220.00,219.3,216.65,86001,186.32,2889, 45705, 53.14,0.5314473087522238,2024-04-25
DCMSHRIRAM, EQ, 25-Apr-2024,909.65,915.9,918.55,900.0, 905.00,903.9,904.47,25766,233.05,3992, 13483, 52.33,0.5232865015912442,2024-04-25
DCMSRIND, EQ, 25-Apr-2024,189.4,191.2,196.7,188.55, 192.30,193.25,192.41,264229,508.41,10726, 145275, 54.98,0.5498071748369785,2024-04-25
DCW, EQ, 25-Apr-2024,57.0,57.0,58.6,56.65, 57.00,56.95,57.41,3054266,1753.44,7627, 723362, 23.68,0.23683660820635793,2024-04-25
DCXINDIA, EQ, 25-Apr-2024,329.7,329.7,333.0,324.0, 330.00,329.15,328.43,634063,2082.47,22281, 341944, 53.93,0.5392902598006822,2024-04-25
DECCANCE, EQ, 25-Apr-2024,636.1,636.1,644.0,632.1, 640.00,637.85,638.74,12179,77.79,805, 8197, 67.30,0.6730437638558174,2024-04-25
DEEPAKFERT, EQ, 25-Apr-2024,608.4,605.85,621.9,596.0, 619.00,617.9,613.49,1874520,11500.02,50656, 558206, 29.78,0.2977860999082432,2024-04-25
DEEPAKNTR, EQ, 25-Apr-2024,2399.3,2412.0,2427.0,2388.2, 2421.00,2422.8,2408.64,337195,8121.81,21007, 164586, 48.81,0.4881033230030101,2024-04-25
DEEPENR, EQ, 25-Apr-2024,181.8,181.65,186.5,180.55, 181.65,182.25,183.45,16593,30.44,1732, 7904, 47.63,0.4763454468751883,2024-04-25
DEEPINDS, EQ, 25-Apr-2024,290.1,293.8,299.0,290.8, 295.15,294.8,294.67,146440,431.52,8848, 80975, 55.30,0.5529568423927889,2024-04-25
DELHIVERY, EQ, 25-Apr-2024,448.65,454.05,468.8,443.7, 461.10,459.25,459.3,2679455,12306.75,70787, 1237943, 46.20,0.46201298398368323,2024-04-25
DELPHIFX, EQ, 25-Apr-2024,230.75,230.8,239.0,228.9, 232.75,230.2,232.87,40913,95.28,979, 29137, 71.22,0.7121697260039597,2024-04-25
DELTACORP, EQ, 25-Apr-2024,122.9,123.45,124.5,122.25, 122.60,122.5,123.1,1168644,1438.63,8303, 481102, 41.17,0.41167541184483897,2024-04-25
DELTAMAGNT, EQ, 25-Apr-2024,103.5,103.0,110.7,101.0, 109.00,108.85,107.99,65001,70.2,1215, 40734, 62.67,0.6266672820418148,2024-04-25
DEN, EQ, 25-Apr-2024,53.8,53.8,54.5,53.0, 53.20,53.15,53.61,1526434,818.31,5166, 709982, 46.51,0.46512459759151065,2024-04-25
DENORA, EQ, 25-Apr-2024,1888.35,1921.95,1999.0,1860.05, 1950.00,1949.5,1933.45,82593,1596.9,13159, 22831, 27.64,0.2764277844369378,2024-04-25
DEVIT, EQ, 25-Apr-2024,121.3,121.8,121.95,118.1, 118.10,118.7,119.69,15708,18.8,466, 9796, 62.36,0.6236312706900943,2024-04-25
DEVYANI, EQ, 25-Apr-2024,166.55,166.55,169.2,165.45, 169.05,169.0,167.95,1903654,3197.23,23267, 1206223, 63.36,0.6336356291637031,2024-04-25
DGCONTENT, EQ, 25-Apr-2024,22.65,22.9,23.75,22.1, 22.60,22.35,22.95,76869,17.64,314, 64558, 83.98,0.8398444106206663,2024-04-25
DHAMPURSUG, EQ, 25-Apr-2024,229.4,233.0,240.9,229.95, 233.20,233.1,235.07,810004,1904.05,18321, 353700, 43.67,0.43666451029871456,2024-04-25
DHANBANK, BE, 25-Apr-2024,43.5,45.65,45.65,43.35, 44.80,44.5,44.49,679398,302.23,2366, -, -,,2024-04-25
DHANI, EQ, 25-Apr-2024,51.8,51.8,52.6,51.0, 51.30,51.6,51.77,2408964,1247.17,7414, 1175184, 48.78,0.48783792534882214,2024-04-25
DHANUKA, EQ, 25-Apr-2024,1349.85,1346.05,1360.0,1290.35, 1335.25,1349.8,1322.41,73465,971.51,11063, 24083, 32.78,0.32781596678690533,2024-04-25
DHARMAJ, EQ, 25-Apr-2024,242.1,243.0,244.15,240.0, 241.60,241.5,241.98,23777,57.53,1853, 12676, 53.31,0.5331202422509147,2024-04-25
DHRUV, BE, 25-Apr-2024,104.05,105.5,106.1,105.5, 106.10,106.1,105.97,2348,2.49,19, -, -,,2024-04-25
DHUNINV, EQ, 25-Apr-2024,1277.9,1266.4,1279.25,1257.1, 1269.80,1264.3,1269.58,2269,28.81,243, 1918, 84.53,0.8453063023358308,2024-04-25
DIACABS, BE, 25-Apr-2024,730.3,744.9,744.9,744.9, 744.90,744.9,744.9,202,1.5,15, -, -,,2024-04-25
DIAMINESQ, EQ, 25-Apr-2024,591.1,594.0,596.95,580.0, 586.00,584.35,589.56,10730,63.26,1272, 6978, 65.03,0.6503261882572228,2024-04-25
DIAMONDYD, EQ, 25-Apr-2024,903.95,907.05,908.15,893.95, 900.00,900.85,900.71,11455,103.18,1571, 4371, 38.16,0.3815800960279354,2024-04-25
DICIND, EQ, 25-Apr-2024,468.7,471.2,477.95,464.05, 465.00,469.2,469.9,3083,14.49,282, 2112, 68.50,0.6850470321115796,2024-04-25
DIGIDRIVE, BE, 25-Apr-2024,40.7,41.5,41.5,41.5, 41.50,41.5,41.5,9844,4.09,44, -, -,,2024-04-25
DIGISPICE, EQ, 25-Apr-2024,30.1,30.1,30.1,28.6, 29.95,29.5,29.59,97003,28.7,833, 63921, 65.90,0.658959001268002,2024-04-25
DIGJAMLMTD, BE, 25-Apr-2024,91.2,91.2,91.2,87.75, 88.80,89.4,90.1,320,0.29,12, -, -,,2024-04-25
DIL, EQ, 25-Apr-2024,8.35,8.4,8.45,8.15, 8.20,8.2,8.29,706361,58.57,1305, 391199, 55.38,0.5538230451567966,2024-04-25
DISHTV, EQ, 25-Apr-2024,17.95,18.0,18.25,17.85, 17.90,17.9,17.99,17280265,3109.53,7926, 4215541, 24.40,0.24395117783205292,2024-04-25
DIVGIITTS, EQ, 25-Apr-2024,835.15,830.0,841.95,825.0, 830.00,832.2,833.37,18669,155.58,4318, 8356, 44.76,0.4475869087792597,2024-04-25
DIVISLAB, EQ, 25-Apr-2024,3813.8,3834.0,3876.8,3790.55, 3840.00,3843.8,3840.81,835354,32084.36,91222, 344068, 41.19,0.4118828664254915,2024-04-25
DIVOPPBEES, EQ, 25-Apr-2024,73.83,75.19,75.19,73.01, 74.53,74.53,74.2,44808,33.25,920, 30186, 67.37,0.6736743438671666,2024-04-25
DIXON, EQ, 25-Apr-2024,8145.75,8150.0,8190.05,8005.0, 8078.00,8093.4,8081.09,332031,26831.73,39930, 99431, 29.95,0.29946300194861325,2024-04-25
DJML, BE, 25-Apr-2024,276.5,277.0,280.9,270.5, 279.50,279.15,277.12,19054,52.8,227, -, -,,2024-04-25
DLF, EQ, 25-Apr-2024,893.5,893.5,897.0,882.75, 895.15,893.8,889.32,2376516,21134.73,52753, 941562, 39.62,0.3961942608423423,2024-04-25
DLINKINDIA, EQ, 25-Apr-2024,325.2,324.5,334.35,320.05, 327.95,328.0,328.09,257857,846.01,13833, 101647, 39.42,0.3941991103596179,2024-04-25
DMART, EQ, 25-Apr-2024,4797.55,4801.0,4817.65,4615.15, 4655.00,4657.1,4715.72,462020,21787.58,43230, 287849, 62.30,0.623022812865244,2024-04-25
DMCC, EQ, 25-Apr-2024,339.1,342.0,369.0,339.1, 360.00,359.0,357.94,210640,753.96,13211, 95439, 45.31,0.4530905810862134,2024-04-25
DNAMEDIA, BE, 25-Apr-2024,4.15,4.15,4.2,4.1, 4.20,4.2,4.14,27457,1.14,36, -, -,,2024-04-25
DODLA, EQ, 25-Apr-2024,974.95,973.55,974.0,955.25, 965.00,963.6,965.1,242474,2340.11,14609, 188991, 77.94,0.7794278974240537,2024-04-25
DOLATALGO, EQ, 25-Apr-2024,104.2,104.0,106.4,101.0, 102.50,101.85,103.58,729578,755.66,5288, 446474, 61.20,0.6119619835027921,2024-04-25
DOLLAR, EQ, 25-Apr-2024,559.4,560.0,570.3,553.85, 568.00,567.0,562.59,54927,309.02,3723, 30555, 55.63,0.5562837948549894,2024-04-25
DOLPHIN, BE, 25-Apr-2024,375.75,385.95,394.5,375.0, 394.50,394.5,387.13,6475,25.07,260, -, -,,2024-04-25
DOMS, EQ, 25-Apr-2024,1839.75,1825.05,1839.95,1810.0, 1825.00,1823.45,1824.89,57557,1050.35,13476, 24586, 42.72,0.42715916395920567,2024-04-25
DONEAR, EQ, 25-Apr-2024,107.6,108.15,108.15,105.25, 106.00,105.8,106.47,96418,102.66,1346, 55977, 58.06,0.5805658694434649,2024-04-25
DPABHUSHAN, EQ, 25-Apr-2024,1014.0,1024.15,1030.15,1011.15, 1024.30,1026.5,1024.71,3612,37.01,446, 2020, 55.92,0.5592469545957918,2024-04-25
DPSCLTD, EQ, 25-Apr-2024,17.55,17.9,17.9,17.5, 17.65,17.6,17.68,421086,74.45,1695, 335869, 79.76,0.7976256631661941,2024-04-25
DPWIRES, EQ, 25-Apr-2024,529.9,530.5,539.0,518.85, 526.00,526.8,526.17,22169,116.65,2526, 9523, 42.96,0.4295638053137264,2024-04-25
DRCSYSTEMS, EQ, 25-Apr-2024,19.5,19.75,19.95,19.2, 19.65,19.5,19.65,291760,57.32,674, 212573, 72.86,0.728588565944612,2024-04-25
DREAMFOLKS, EQ, 25-Apr-2024,528.45,525.9,531.7,522.8, 524.00,523.9,526.44,80642,424.54,6791, 45659, 56.62,0.566193794796756,2024-04-25
DREDGECORP, EQ, 25-Apr-2024,843.95,850.0,862.55,801.75, 830.30,830.65,840.18,114171,959.24,3198, 58831, 51.53,0.5152884708025681,2024-04-25
DRREDDY, EQ, 25-Apr-2024,5950.8,5975.05,6262.0,5928.0, 6250.00,6218.75,6143.92,926985,56953.2,110884, 408572, 44.08,0.4407536260025782,2024-04-25
DSSL, EQ, 25-Apr-2024,1329.4,1336.35,1415.0,1320.0, 1355.00,1340.7,1375.71,99140,1363.87,9037, 38032, 38.36,0.3836191244704458,2024-04-25
DTIL, EQ, 25-Apr-2024,202.4,203.35,208.0,202.5, 205.85,205.4,203.91,6854,13.98,293, 5464, 79.72,0.7971987160782025,2024-04-25
DUCON, BE, 25-Apr-2024,7.75,7.7,7.7,7.6, 7.60,7.6,7.61,126164,9.6,268, -, -,,2024-04-25
DVL, EQ, 25-Apr-2024,346.6,350.95,352.0,343.0, 345.50,345.15,346.27,16374,56.7,495, 10551, 64.44,0.6443752290216196,2024-04-25
DWARKESH, EQ, 25-Apr-2024,73.5,74.2,75.7,72.95, 73.90,73.7,74.08,1943690,1439.88,9741, 766022, 39.41,0.3941070849775427,2024-04-25
DYCL, EQ, 25-Apr-2024,441.15,447.75,447.75,432.6, 439.00,440.4,438.06,41622,182.33,4656, 20496, 49.24,0.4924318869828456,2024-04-25
DYNAMATECH, EQ, 25-Apr-2024,8101.8,8101.8,8183.6,8015.0, 8099.00,8063.45,8104.1,22359,1812.0,5654, 8146, 36.43,0.36432756384453685,2024-04-25
DYNPRO, EQ, 25-Apr-2024,302.05,300.0,310.0,297.5, 301.50,300.85,302.56,37987,114.93,2446, 22354, 58.85,0.5884644746887093,2024-04-25
E2E, BE, 25-Apr-2024,1151.1,1190.0,1200.0,1093.55, 1195.00,1191.45,1179.92,37494,442.4,1447, -, -,,2024-04-25
EASEMYTRIP, EQ, 25-Apr-2024,46.95,46.9,47.2,46.15, 46.25,46.4,46.53,10365217,4823.2,20615, 3985997, 38.46,0.3845550942155866,2024-04-25
EBBETF0425, EQ, 25-Apr-2024,1202.4,1204.0,1204.0,1202.07, 1202.28,1202.28,1202.64,4105,49.37,56, 3938, 95.93,0.9593179049939099,2024-04-25
EBBETF0430, EQ, 25-Apr-2024,1352.99,1393.6,1393.6,1352.0, 1352.01,1352.75,1353.04,9745,131.85,241, 8801, 90.31,0.9031298101590559,2024-04-25
EBBETF0431, EQ, 25-Apr-2024,1211.11,1211.01,1211.5,1209.06, 1209.07,1209.08,1210.44,8954,108.38,115, 6813, 76.09,0.7608889881617155,2024-04-25
EBBETF0433, EQ, 25-Apr-2024,1109.51,1142.8,1142.8,1107.0, 1109.98,1109.87,1109.07,10807,119.86,42, 10735, 99.33,0.9933376515221616,2024-04-25
ECLERX, EQ, 25-Apr-2024,2411.1,2404.05,2464.8,2371.1, 2451.00,2454.85,2444.43,28105,687.01,4096, 15577, 55.42,0.5542430172567159,2024-04-25
EDELWEISS, EQ, 25-Apr-2024,79.9,79.85,79.85,76.5, 77.35,76.9,77.87,7594700,5914.24,28275, 4226110, 55.65,0.5564551595191384,2024-04-25
EDUCOMP, BZ, 25-Apr-2024,3.25,3.1,3.35,3.1, 3.15,3.1,3.12,156009,4.87,186, -, -,,2024-04-25
EGOLD, EQ, 25-Apr-2024,73.05,73.2,74.25,73.0, 73.85,73.85,73.52,631,0.46,46, 328, 51.98,0.5198098256735341,2024-04-25
EICHERMOT, EQ, 25-Apr-2024,4530.7,4568.0,4629.5,4486.0, 4591.60,4615.2,4558.58,1260511,57461.35,112060, 619683, 49.16,0.49161252856976256,2024-04-25
EIDPARRY, EQ, 25-Apr-2024,625.5,627.0,635.0,621.4, 625.75,625.75,628.13,223921,1406.5,12271, 127215, 56.81,0.5681244724702016,2024-04-25
EIFFL, EQ, 25-Apr-2024,136.15,136.55,136.9,133.2, 134.30,133.4,134.47,19124,25.72,295, 17108, 89.46,0.8945827232796486,2024-04-25
EIHAHOTELS, EQ, 25-Apr-2024,752.35,752.6,758.1,741.0, 749.95,747.95,746.72,14092,105.23,1717, 7223, 51.26,0.5125603179108714,2024-04-25
EIHOTEL, EQ, 25-Apr-2024,454.7,458.35,468.65,448.0, 464.05,456.05,455.75,1523583,6943.71,48761, 1068776, 70.15,0.7014885306543851,2024-04-25
EIMCOELECO, BE, 25-Apr-2024,2099.2,2070.0,2204.15,2050.0, 2204.15,2204.15,2170.89,26890,583.75,863, -, -,,2024-04-25
EKC, EQ, 25-Apr-2024,150.0,150.35,155.0,146.55, 151.25,151.4,152.41,570355,869.29,9732, 224203, 39.31,0.3930937749296491,2024-04-25
ELDEHSG, EQ, 25-Apr-2024,1090.25,1092.2,1126.0,1087.6, 1105.00,1106.7,1100.91,5319,58.56,974, 3061, 57.55,0.5754841135551796,2024-04-25
ELECON, EQ, 25-Apr-2024,1148.5,1149.9,1159.5,1130.05, 1140.00,1142.0,1145.61,212326,2432.43,16811, 124441, 58.61,0.5860846057477652,2024-04-25
ELECTCAST, EQ, 25-Apr-2024,203.1,203.0,204.4,196.0, 199.15,199.35,199.45,1909472,3808.48,33686, 1092990, 57.24,0.5724043086256305,2024-04-25
ELECTHERM, BE, 25-Apr-2024,739.35,754.1,754.1,754.1, 754.10,754.1,754.1,622,4.69,20, -, -,,2024-04-25
ELGIEQUIP, EQ, 25-Apr-2024,617.35,613.0,630.0,606.05, 628.85,627.95,619.91,172291,1068.05,13072, 70104, 40.69,0.4068929891868989,2024-04-25
ELGIRUBCO, EQ, 25-Apr-2024,57.45,57.75,57.75,55.6, 55.70,55.9,56.24,32166,18.09,442, 18295, 56.88,0.5687682646272462,2024-04-25
ELIN, EQ, 25-Apr-2024,173.15,175.5,175.5,168.7, 169.50,169.6,171.54,243060,416.94,5903, 133234, 54.82,0.5481527194931293,2024-04-25
EMAMILTD, EQ, 25-Apr-2024,446.35,447.85,470.0,447.85, 465.00,465.0,460.4,3652786,16817.43,60787, 2581857, 70.68,0.7068185762867029,2024-04-25
EMAMIPAP, EQ, 25-Apr-2024,115.45,116.1,121.1,115.75, 119.00,118.95,119.04,171186,203.79,2124, 98160, 57.34,0.5734113770985945,2024-04-25
EMAMIREAL, EQ, 25-Apr-2024,112.75,112.75,117.0,110.4, 112.45,113.2,114.52,67411,77.2,818, 37286, 55.31,0.5531144768657934,2024-04-25
EMIL, EQ, 25-Apr-2024,202.9,203.9,205.3,201.55, 201.95,202.0,203.05,265074,538.24,12204, 137797, 51.98,0.5198435153957008,2024-04-25
EMKAY, EQ, 25-Apr-2024,154.95,155.0,157.05,148.55, 150.75,150.0,152.53,47325,72.18,949, 30034, 63.46,0.6346328578975172,2024-04-25
EMMBI, EQ, 25-Apr-2024,105.35,105.0,107.8,105.0, 107.00,106.65,107.03,37716,40.37,491, 27240, 72.22,0.7222398981864461,2024-04-25
EMSLIMITED, EQ, 25-Apr-2024,423.9,425.75,468.0,423.45, 458.00,458.0,452.02,856961,3873.67,40898, 386479, 45.10,0.4509878512557748,2024-04-25
EMUDHRA, EQ, 25-Apr-2024,773.15,775.0,781.3,756.1, 764.50,764.35,767.54,162605,1248.06,13712, 73922, 45.46,0.4546108668245134,2024-04-25
ENDURANCE, EQ, 25-Apr-2024,1932.1,1945.65,1990.0,1911.05, 1958.00,1957.3,1958.94,96375,1887.92,14349, 41724, 43.29,0.43293385214007785,2024-04-25
ENERGYDEV, EQ, 25-Apr-2024,24.05,24.0,24.05,23.3, 23.60,23.75,23.72,106144,25.18,704, 70745, 66.65,0.6665002261079288,2024-04-25
ENGINERSIN, EQ, 25-Apr-2024,214.1,214.9,223.35,213.25, 222.50,222.05,219.85,11652859,25618.87,69660, 3765441, 32.31,0.3231345200349545,2024-04-25
ENIL, EQ, 25-Apr-2024,271.4,270.7,279.6,265.05, 270.80,269.3,272.27,187986,511.83,7897, 50173, 26.69,0.26689753492281343,2024-04-25
ENTERO, EQ, 25-Apr-2024,1208.25,1182.35,1207.95,1160.0, 1165.00,1169.65,1174.28,45793,537.74,6702, 22639, 49.44,0.4943768698272662,2024-04-25
EPACK, EQ, 25-Apr-2024,206.35,206.35,213.0,205.0, 206.90,206.9,209.15,1630387,3409.91,27829, 710734, 43.59,0.4359296289776599,2024-04-25
EPIGRAL, EQ, 25-Apr-2024,1345.75,1353.2,1360.95,1325.05, 1332.50,1333.0,1342.04,64991,872.2,8561, 27872, 42.89,0.4288593805296118,2024-04-25
EPL, EQ, 25-Apr-2024,175.55,176.65,179.4,175.65, 177.55,177.65,177.53,832723,1478.31,9776, 563952, 67.72,0.6772384094110526,2024-04-25
EQUAL50ADD, EQ, 25-Apr-2024,289.6,288.0,291.8,287.19, 291.65,291.26,288.61,10163,29.33,246, 5054, 49.73,0.497294106071042,2024-04-25
EQUIPPP, BE, 25-Apr-2024,33.45,35.0,35.1,34.0, 34.80,34.55,34.73,85436,29.67,132, -, -,,2024-04-25
EQUITASBNK, EQ, 25-Apr-2024,97.5,98.0,101.2,97.3, 99.20,99.0,99.07,8931140,8848.01,35066, 3487254, 39.05,0.39046012043255396,2024-04-25
ERIS, EQ, 25-Apr-2024,870.1,866.55,886.45,860.05, 884.90,883.6,881.1,62936,554.53,4790, 44453, 70.63,0.706320706749714,2024-04-25
EROSMEDIA, EQ, 25-Apr-2024,21.9,21.7,21.9,21.2, 21.40,21.4,21.57,368106,79.39,1463, 214843, 58.36,0.5836443850412653,2024-04-25
ESABINDIA, EQ, 25-Apr-2024,5154.65,5169.9,5335.0,5121.0, 5320.00,5300.1,5223.78,7562,395.02,2675, 3722, 49.22,0.492197831261571,2024-04-25
ESAFSFB, EQ, 25-Apr-2024,61.45,61.45,62.1,61.1, 62.00,61.7,61.56,444433,273.61,2237, 323543, 72.80,0.7279904957552656,2024-04-25
ESCORTS, EQ, 25-Apr-2024,3250.65,3275.0,3275.0,3223.8, 3254.95,3250.65,3245.98,161514,5242.71,15511, 62587, 38.75,0.3875020122094679,2024-04-25
ESG, EQ, 25-Apr-2024,37.36,37.37,37.72,37.26, 37.66,37.67,37.57,43360,16.29,230, 41329, 95.32,0.953159594095941,2024-04-25
ESILVER, EQ, 25-Apr-2024,82.89,82.89,83.3,82.0, 83.20,83.22,82.76,3333,2.76,54, 2336, 70.09,0.7008700870087009,2024-04-25
ESSARSHPNG, EQ, 25-Apr-2024,29.3,29.55,31.3,29.2, 30.70,30.7,30.23,846723,255.97,2924, 393923, 46.52,0.4652324313854708,2024-04-25
ESSENTIA, BE, 25-Apr-2024,3.75,3.9,3.9,3.9, 3.90,3.9,3.9,561202,21.89,586, -, -,,2024-04-25
ESTER, EQ, 25-Apr-2024,119.1,119.9,128.0,117.9, 127.50,126.35,124.26,1462961,1817.85,8453, 760349, 51.97,0.5197329252112668,2024-04-25
ETHOSLTD, EQ, 25-Apr-2024,2444.55,2387.0,2489.95,2387.0, 2444.70,2443.0,2455.5,26534,651.54,4645, 18380, 69.27,0.6926961634129796,2024-04-25
EUROTEXIND, BE, 25-Apr-2024,14.45,14.45,14.45,14.4, 14.40,14.4,14.45,521,0.08,9, -, -,,2024-04-25
EVEREADY, EQ, 25-Apr-2024,355.25,355.0,357.9,350.55, 356.80,355.2,354.19,121362,429.85,6968, 42660, 35.15,0.3515103574430217,2024-04-25
EVERESTIND, EQ, 25-Apr-2024,1175.5,1185.0,1276.15,1171.05, 1262.00,1262.3,1234.13,77279,953.72,8462, 20050, 25.94,0.25944952703839336,2024-04-25
EXCEL, EQ, 25-Apr-2024,0.55,0.55,0.55,0.5, 0.55,0.5,0.52,5382751,28.22,3318, 2233016, 41.48,0.41484660910378357,2024-04-25
EXCELINDUS, EQ, 25-Apr-2024,928.35,933.0,1029.0,933.0, 1004.90,1006.55,1003.65,380962,3823.53,34448, 87396, 22.94,0.2294087074301374,2024-04-25
EXICOM, EQ, 25-Apr-2024,283.8,282.95,288.0,275.4, 276.25,278.0,281.26,808406,2273.7,12609, 387316, 47.91,0.47911074385890257,2024-04-25
EXIDEIND, EQ, 25-Apr-2024,444.55,444.55,451.0,433.5, 445.00,447.4,441.58,8617134,38051.17,113133, 3440913, 39.93,0.39931060605533114,2024-04-25
EXPLEOSOL, EQ, 25-Apr-2024,1307.5,1319.95,1322.1,1300.0, 1300.00,1307.0,1313.76,7362,96.72,1080, 5095, 69.21,0.6920673729964684,2024-04-25
EXXARO, EQ, 25-Apr-2024,97.95,98.5,104.8,97.7, 103.70,103.55,102.56,476772,488.98,3993, 139975, 29.36,0.29358896915087296,2024-04-25
FACT, EQ, 25-Apr-2024,711.15,715.0,726.0,710.75, 717.20,716.85,720.22,633105,4559.73,24408, 185341, 29.27,0.2927492280111514,2024-04-25
FAIRCHEMOR, EQ, 25-Apr-2024,1386.75,1392.0,1419.9,1382.0, 1399.00,1398.55,1404.28,24046,337.67,4879, 14098, 58.63,0.5862929385344756,2024-04-25
FAZE3Q, EQ, 25-Apr-2024,386.95,385.45,444.8,385.2, 430.50,429.8,422.85,231457,978.73,18287, 92488, 39.96,0.3995904206828914,2024-04-25
FCL, EQ, 25-Apr-2024,380.4,381.0,384.0,378.1, 378.55,380.35,381.6,168340,642.39,7758, 89970, 53.45,0.534454081026494,2024-04-25
FCONSUMER, EQ, 25-Apr-2024,0.9,0.95,0.95,0.9, 0.95,0.95,0.93,4394638,40.74,2913, 2877107, 65.47,0.6546857784418193,2024-04-25
FCSSOFT, EQ, 25-Apr-2024,4.25,4.2,4.4,4.15, 4.20,4.2,4.26,7144701,304.05,5822, 3448508, 48.27,0.48266652446337505,2024-04-25
FDC, EQ, 25-Apr-2024,452.65,453.75,460.0,449.15, 457.00,456.95,455.16,60837,276.9,5672, 35622, 58.55,0.585531830958134,2024-04-25
FEDERALBNK, EQ, 25-Apr-2024,153.6,153.5,156.6,153.5, 155.95,155.95,155.65,17911036,27877.63,65915, 8774022, 48.99,0.489866806141197,2024-04-25
FEDFINA, EQ, 25-Apr-2024,124.85,124.75,130.7,124.45, 126.80,127.05,127.75,712979,910.85,8476, 311998, 43.76,0.43759774130794876,2024-04-25
FEL, BZ, 25-Apr-2024,0.7,0.75,0.75,0.7, 0.70,0.7,0.72,134481,0.97,83, -, -,,2024-04-25
FELDVR, BE, 25-Apr-2024,5.0,5.0,5.1,5.0, 5.10,5.1,5.04,1265,0.06,26, -, -,,2024-04-25
FIBERWEB, EQ, 25-Apr-2024,37.1,36.75,37.0,35.9, 36.45,36.15,36.36,73096,26.58,595, 50091, 68.53,0.6852768961365875,2024-04-25
FIEMIND, EQ, 25-Apr-2024,1169.6,1172.85,1208.6,1157.05, 1198.00,1201.95,1194.55,86383,1031.89,9843, 51099, 59.15,0.5915400020837434,2024-04-25
FILATEX, EQ, 25-Apr-2024,63.95,63.85,64.35,63.15, 64.10,63.85,63.68,1601255,1019.72,6336, 711188, 44.41,0.44414412445238266,2024-04-25
FINCABLES, EQ, 25-Apr-2024,1011.8,1017.35,1021.0,1003.45, 1014.00,1012.3,1012.92,89727,908.86,9768, 42934, 47.85,0.47849588195303533,2024-04-25
FINEORG, EQ, 25-Apr-2024,4451.45,4463.0,4586.25,4400.0, 4500.00,4560.8,4529.58,48968,2218.05,10709, 25636, 52.35,0.5235255677176932,2024-04-25
FINIETF, EQ, 25-Apr-2024,23.77,24.14,24.14,23.63, 23.94,23.91,23.77,129128,30.69,423, 27483, 21.28,0.21283532618796852,2024-04-25
FINOPB, EQ, 25-Apr-2024,293.8,294.65,298.9,293.0, 293.10,294.65,294.96,53836,158.8,2099, 30431, 56.53,0.5652537335611858,2024-04-25
FINPIPE, EQ, 25-Apr-2024,274.1,274.5,274.75,268.5, 269.10,271.1,271.24,1125993,3054.09,26797, 466351, 41.42,0.41416864936105285,2024-04-25
FIVESTAR, EQ, 25-Apr-2024,692.3,691.25,702.0,686.8, 698.95,699.65,698.49,89866,627.71,10187, 59650, 66.38,0.6637660516769412,2024-04-25
FLAIR, EQ, 25-Apr-2024,300.8,302.1,309.8,299.3, 306.50,306.55,303.78,92512,281.04,13802, 58341, 63.06,0.6306317018332757,2024-04-25
FLEXITUFF, BE, 25-Apr-2024,38.0,38.7,38.7,36.85, 37.75,37.75,37.46,3469,1.3,28, -, -,,2024-04-25
FLFL, BZ, 25-Apr-2024,1.9,1.9,1.95,1.8, 1.95,1.95,1.85,408674,7.56,146, -, -,,2024-04-25
FLUOROCHEM, EQ, 25-Apr-2024,3670.75,3656.0,3719.5,3645.0, 3660.00,3657.45,3676.28,36264,1333.17,8301, 18631, 51.38,0.5137602029560997,2024-04-25
FMCGIETF, EQ, 25-Apr-2024,559.9,559.9,565.0,557.25, 565.00,562.91,560.65,16336,91.59,538, 6989, 42.78,0.4278281096963761,2024-04-25
FMGOETZE, EQ, 25-Apr-2024,387.65,382.05,384.05,372.0, 374.60,373.05,376.67,182150,686.1,9334, 115141, 63.21,0.6321218775734285,2024-04-25
FMNL, BE, 25-Apr-2024,6.3,6.25,6.25,6.2, 6.20,6.2,6.21,28159,1.75,45, -, -,,2024-04-25
FOCUS, EQ, 25-Apr-2024,171.7,173.4,174.0,169.1, 169.35,169.85,171.68,53425,91.72,2378, 27502, 51.48,0.5147777257838091,2024-04-25
FOODSIN, EQ, 25-Apr-2024,174.0,173.9,174.9,166.5, 167.25,167.55,169.21,581123,983.31,5821, 437898, 75.35,0.7535375471285769,2024-04-25
FORCEMOT, EQ, 25-Apr-2024,9949.3,10014.0,10242.75,9780.0, 9875.30,9869.85,9939.92,58312,5796.17,12483, 25417, 43.59,0.43587940732610786,2024-04-25
FORTIS, EQ, 25-Apr-2024,450.0,451.8,452.7,438.7, 443.80,444.85,444.64,716149,3184.32,21046, 541512, 75.61,0.7561443219218347,2024-04-25
FOSECOIND, EQ, 25-Apr-2024,3412.8,3412.8,3625.0,3412.8, 3608.00,3611.0,3576.22,6428,229.88,1759, 3504, 54.51,0.5451151213441194,2024-04-25
FSC, BZ, 25-Apr-2024,6.45,6.45,6.55,6.15, 6.35,6.3,6.21,105195,6.54,136, -, -,,2024-04-25
FSL, EQ, 25-Apr-2024,201.15,201.0,221.0,200.0, 213.95,215.65,212.29,9058887,19231.02,84096, 2816789, 31.09,0.3109420616462044,2024-04-25
FUSION, EQ, 25-Apr-2024,500.55,500.55,514.65,500.0, 513.05,512.4,508.17,157016,797.91,9046, 83138, 52.95,0.5294874407703674,2024-04-25
GABRIEL, EQ, 25-Apr-2024,351.8,350.0,359.0,348.0, 353.00,352.85,354.07,159766,565.68,10585, 79257, 49.61,0.49608176958802247,2024-04-25
GAEL, EQ, 25-Apr-2024,169.2,169.85,170.3,168.05, 169.00,168.65,169.08,217879,368.39,5604, 97368, 44.69,0.44689024642117875,2024-04-25
GAIL, EQ, 25-Apr-2024,207.4,207.3,209.0,206.1, 207.95,208.0,207.55,12365830,25664.73,80290, 4536580, 36.69,0.36686417329043014,2024-04-25
GALAXYSURF, EQ, 25-Apr-2024,2618.15,2602.5,2624.95,2580.0, 2600.00,2597.3,2601.85,16313,424.44,3082, 9919, 60.80,0.6080426653589162,2024-04-25
GALLANTT, BE, 25-Apr-2024,284.5,278.1,290.0,270.3, 289.00,288.8,277.3,268868,745.57,2447, -, -,,2024-04-25
GANDHAR, EQ, 25-Apr-2024,222.1,221.8,223.55,220.55, 220.85,221.05,221.84,211447,469.08,5962, 118376, 55.98,0.5598376898229817,2024-04-25
GANDHITUBE, EQ, 25-Apr-2024,787.9,792.0,820.0,778.85, 815.75,806.7,797.17,11940,95.18,1447, 7899, 66.16,0.6615577889447236,2024-04-25
GANECOS, EQ, 25-Apr-2024,1067.25,1069.0,1087.95,1066.1, 1075.95,1081.45,1078.4,36415,392.7,6610, 22996, 63.15,0.6314980090621997,2024-04-25
GANESHBE, EQ, 25-Apr-2024,176.2,174.45,175.1,168.55, 170.30,169.65,171.11,355151,607.68,10807, 208931, 58.83,0.5882877987109708,2024-04-25
GANESHHOUC, EQ, 25-Apr-2024,785.5,810.0,810.0,777.0, 795.00,789.15,793.64,24314,192.97,1744, 16708, 68.72,0.6871761125277618,2024-04-25
GANGAFORGE, BE, 25-Apr-2024,8.45,8.3,8.35,8.3, 8.35,8.35,8.31,240100,19.94,378, -, -,,2024-04-25
GANGESSECU, EQ, 25-Apr-2024,142.65,142.7,148.35,141.4, 146.55,147.45,146.7,20976,30.77,589, 16250, 77.47,0.7746948893974066,2024-04-25
GARFIBRES, EQ, 25-Apr-2024,3311.8,3311.0,3328.4,3264.0, 3272.70,3280.3,3288.25,5001,164.45,2444, 2520, 50.39,0.5038992201559688,2024-04-25
GATECH, BE, 25-Apr-2024,1.3,1.3,1.35,1.3, 1.35,1.35,1.34,42580,0.57,65, -, -,,2024-04-25
GATECHDVR, BE, 25-Apr-2024,3.3,3.25,3.25,3.25, 3.25,3.25,3.25,48455,1.57,69, -, -,,2024-04-25
GATEWAY, EQ, 25-Apr-2024,107.25,106.95,107.95,105.35, 107.80,107.3,106.85,624638,667.41,10606, 319696, 51.18,0.5118100403753855,2024-04-25
GAYAHWS, BE, 25-Apr-2024,1.05,1.05,1.1,1.0, 1.00,1.0,1.08,80417,0.87,101, -, -,,2024-04-25
GEECEE, EQ, 25-Apr-2024,294.95,298.0,308.0,294.0, 298.00,301.75,302.49,27695,83.77,1385, 12428, 44.87,0.4487452608774147,2024-04-25
GEEKAYWIRE, EQ, 25-Apr-2024,111.75,112.0,115.0,108.0, 111.85,111.25,111.8,139558,156.03,1408, 97063, 69.55,0.6955029450121096,2024-04-25
GENCON, EQ, 25-Apr-2024,41.65,42.1,43.7,41.6, 42.50,42.3,42.72,98021,41.88,797, 45135, 46.05,0.4604625539425225,2024-04-25
GENESYS, EQ, 25-Apr-2024,638.8,640.0,661.8,633.55, 646.80,645.1,647.4,154360,999.33,11330, 69329, 44.91,0.4491383778180876,2024-04-25
GENSOL, EQ, 25-Apr-2024,957.7,971.0,1005.55,949.05, 959.00,961.25,978.36,282180,2760.75,10136, 105850, 37.51,0.3751151747111773,2024-04-25
GENUSPAPER, EQ, 25-Apr-2024,20.55,20.6,20.6,20.2, 20.35,20.3,20.39,301546,61.49,1597, 130727, 43.35,0.43352258030283936,2024-04-25
GENUSPOWER, EQ, 25-Apr-2024,312.8,312.6,312.65,304.2, 306.20,305.65,308.49,351500,1084.35,6719, 239721, 68.20,0.6819943100995732,2024-04-25
GEOJITFSL, EQ, 25-Apr-2024,94.65,94.65,96.5,92.15, 94.00,93.1,94.36,3437843,3243.9,15907, 1004631, 29.22,0.2922271319545424,2024-04-25
GEPIL, EQ, 25-Apr-2024,357.2,354.15,358.0,350.85, 352.20,353.75,354.18,206327,730.78,9962, 113233, 54.88,0.548803598171834,2024-04-25
GESHIP, EQ, 25-Apr-2024,1068.0,1072.0,1118.95,1070.0, 1085.00,1086.25,1097.11,1235599,13555.87,53089, 393909, 31.88,0.31880003140177354,2024-04-25
GET&D, BE, 25-Apr-2024,1085.5,1113.95,1139.75,1074.0, 1111.00,1111.1,1126.44,95091,1071.15,8835, -, -,,2024-04-25
GFLLIMITED, EQ, 25-Apr-2024,81.6,82.7,84.95,81.65, 83.50,83.2,83.4,103613,86.42,1438, 51868, 50.06,0.5005935548628068,2024-04-25
GHCL, EQ, 25-Apr-2024,519.25,521.25,535.0,519.25, 534.45,533.0,529.75,322573,1708.83,15002, 160454, 49.74,0.49741918883477537,2024-04-25
GHCLTEXTIL, EQ, 25-Apr-2024,83.4,84.0,85.7,83.45, 85.05,84.8,84.83,206059,174.8,1165, 133956, 65.01,0.6500856550793704,2024-04-25
GICHSGFIN, EQ, 25-Apr-2024,218.55,219.75,220.9,217.9, 219.05,219.25,219.68,145577,319.8,3432, 79057, 54.31,0.5430596866263214,2024-04-25
GICRE, EQ, 25-Apr-2024,327.15,328.75,337.15,326.8, 332.00,331.15,333.17,1140025,3798.19,25694, 384937, 33.77,0.337656630337054,2024-04-25
GILLANDERS, BE, 25-Apr-2024,84.85,86.4,86.5,86.3, 86.50,86.5,86.49,1588,1.37,19, -, -,,2024-04-25
GILLETTE, EQ, 25-Apr-2024,6300.3,6320.0,6367.8,6195.05, 6199.00,6207.15,6278.06,35272,2214.4,5119, 26925, 76.34,0.7633533681106827,2024-04-25
GILT5YBEES, EQ, 25-Apr-2024,55.23,55.15,55.35,55.15, 55.23,55.22,55.22,213590,117.94,336, 148197, 69.38,0.6938386628587481,2024-04-25
GINNIFILA, EQ, 25-Apr-2024,34.95,35.45,36.1,34.3, 35.65,35.7,35.33,146795,51.86,551, 97182, 66.20,0.6620252733403726,2024-04-25
GIPCL, EQ, 25-Apr-2024,189.95,190.5,191.75,188.0, 189.25,189.65,189.66,285623,541.73,7280, 160451, 56.18,0.5617579816751452,2024-04-25
GKWLIMITED, BE, 25-Apr-2024,2491.4,2485.0,2485.0,2411.0, 2448.90,2426.75,2432.63,1134,27.59,157, -, -,,2024-04-25
GLAND, EQ, 25-Apr-2024,1756.7,1770.0,1780.8,1736.0, 1739.50,1738.6,1750.71,74251,1299.92,10061, 38159, 51.39,0.5139190044578524,2024-04-25
GLAXO, EQ, 25-Apr-2024,2077.25,2078.0,2118.0,2041.0, 2067.00,2065.6,2072.81,190449,3947.65,24078, 98956, 51.96,0.5195931719252923,2024-04-25
GLENMARK, EQ, 25-Apr-2024,1070.95,1071.0,1096.0,1070.95, 1080.30,1080.3,1081.67,1101089,11910.18,51197, 435999, 39.60,0.3959707162636263,2024-04-25
GLFL, BE, 25-Apr-2024,8.95,8.95,8.95,8.95, 8.95,8.95,8.95,3354,0.3,17, -, -,,2024-04-25
GLOBAL, BE, 25-Apr-2024,257.95,257.0,257.0,245.05, 250.20,251.4,250.25,32893,82.32,700, -, -,,2024-04-25
GLOBALVECT, BE, 25-Apr-2024,223.1,233.0,234.25,225.0, 234.25,234.25,233.63,88182,206.02,730, -, -,,2024-04-25
GLOBE, EQ, 25-Apr-2024,3.55,3.5,3.5,3.4, 3.40,3.4,3.41,9019877,307.23,3142, 7379569, 81.81,0.8181451920020639,2024-04-25
GLOBUSSPR, EQ, 25-Apr-2024,797.3,800.0,802.9,789.0, 794.00,792.15,795.54,54463,433.28,5264, 27587, 50.65,0.5065273672034225,2024-04-25
GLS, EQ, 25-Apr-2024,826.5,826.5,831.6,743.85, 775.00,750.5,758.95,589960,4477.49,13249, 240696, 40.80,0.4079869821682826,2024-04-25
GMBREW, EQ, 25-Apr-2024,759.45,759.45,797.0,759.45, 781.00,776.95,780.52,138096,1077.86,12219, 49868, 36.11,0.3611111111111111,2024-04-25
GMDCLTD, EQ, 25-Apr-2024,416.4,417.25,426.85,412.0, 418.30,418.3,419.88,3583596,15046.68,45430, 818107, 22.83,0.2282921958836878,2024-04-25
GMMPFAUDLR, EQ, 25-Apr-2024,1444.65,1445.65,1449.9,1427.1, 1432.00,1434.6,1435.19,50571,725.79,5692, 25715, 50.85,0.5084930098277669,2024-04-25
GMRINFRA, EQ, 25-Apr-2024,82.45,82.65,85.5,82.15, 85.40,85.15,84.19,29717351,25020.35,53217, 11046035, 37.17,0.3717032180963909,2024-04-25
GMRP&UI, EQ, 25-Apr-2024,66.2,69.5,69.5,64.4, 69.50,69.5,68.55,7729170,5298.72,13709, 3914461, 50.65,0.5064529567857868,2024-04-25
GNA, EQ, 25-Apr-2024,414.45,414.5,417.95,412.75, 416.20,416.15,415.59,31955,132.8,2792, 17517, 54.82,0.5481771240807385,2024-04-25
GNFC, EQ, 25-Apr-2024,711.0,715.65,718.0,706.05, 710.00,709.15,711.28,752820,5354.64,24320, 226386, 30.07,0.30071730294094207,2024-04-25
GOACARBON, EQ, 25-Apr-2024,905.35,908.45,936.5,903.8, 914.20,918.65,921.02,135929,1251.94,7440, 73179, 53.84,0.5383619389534242,2024-04-25
GOCLCORP, EQ, 25-Apr-2024,433.3,433.0,436.6,427.35, 434.05,431.0,430.14,108907,468.45,6002, 61382, 56.36,0.563618500188234,2024-04-25
GOCOLORS, EQ, 25-Apr-2024,1116.7,1115.9,1125.35,1106.1, 1121.00,1117.5,1113.48,11540,128.5,2067, 6819, 59.09,0.5909012131715772,2024-04-25
GODFRYPHLP, EQ, 25-Apr-2024,3131.2,3144.2,3488.0,3129.35, 3459.00,3449.7,3374.46,633890,21390.34,59003, 100015, 15.78,0.15777974096452066,2024-04-25
GODHA, BE, 25-Apr-2024,0.75,0.75,0.75,0.7, 0.70,0.75,0.72,4484109,32.49,1547, -, -,,2024-04-25
GODREJAGRO, EQ, 25-Apr-2024,545.4,545.4,551.9,540.05, 544.40,543.1,545.92,70737,386.17,6376, 35567, 50.28,0.5028061693314673,2024-04-25
GODREJCP, EQ, 25-Apr-2024,1212.8,1225.2,1230.0,1185.7, 1196.10,1201.8,1200.28,872879,10477.01,45979, 534447, 61.23,0.6122807399421913,2024-04-25
GODREJIND, EQ, 25-Apr-2024,849.8,851.05,870.05,844.6, 851.50,860.5,852.61,113921,971.3,6904, 72627, 63.75,0.6375207380553191,2024-04-25
GODREJPROP, EQ, 25-Apr-2024,2551.35,2551.35,2581.85,2523.15, 2575.60,2571.35,2551.06,391604,9990.04,23082, 148985, 38.04,0.3804481057394715,2024-04-25
GOENKA, BZ, 25-Apr-2024,0.95,0.95,0.95,0.9, 0.95,0.95,0.9,566965,5.12,63, -, -,,2024-04-25
GOKEX, EQ, 25-Apr-2024,801.45,801.4,815.0,792.8, 804.00,803.7,804.19,113840,915.49,12042, 61021, 53.60,0.5360242445537596,2024-04-25
GOKUL, BE, 25-Apr-2024,42.35,41.55,43.0,41.0, 41.65,41.75,42.09,35024,14.74,216, -, -,,2024-04-25
GOKULAGRO, EQ, 25-Apr-2024,118.85,119.45,119.95,116.6, 119.05,118.3,118.75,86125,102.27,2063, 45082, 52.34,0.5234484760522496,2024-04-25
GOLD1, EQ, 25-Apr-2024,61.12,61.11,61.51,60.9, 61.01,61.08,61.13,171970,105.13,1295, 92271, 53.66,0.5365528871314764,2024-04-25
GOLDBEES, EQ, 25-Apr-2024,60.73,60.8,61.09,60.51, 60.85,60.86,60.84,4876403,2967.03,27033, 3140527, 64.40,0.6440253194824136,2024-04-25
GOLDCASE, EQ, 25-Apr-2024,11.51,11.67,11.67,11.46, 11.53,11.52,11.52,123029,14.17,682, 113472, 92.23,0.9223191280104691,2024-04-25
GOLDETF, EQ, 25-Apr-2024,71.13,71.25,72.1,70.83, 71.39,71.37,71.18,34699,24.7,2319, 27931, 80.50,0.8049511513300095,2024-04-25
GOLDETFADD, EQ, 25-Apr-2024,71.09,72.51,72.51,70.6, 71.40,71.39,71.38,11011,7.86,62, 10956, 99.50,0.995004995004995,2024-04-25
GOLDIAM, EQ, 25-Apr-2024,174.1,174.1,181.6,172.4, 178.55,179.05,177.35,391186,693.78,4796, 200791, 51.33,0.5132877965980378,2024-04-25
GOLDIETF, EQ, 25-Apr-2024,62.32,64.2,64.2,62.18, 62.80,62.83,62.82,2719192,1708.21,4640, 2647087, 97.35,0.9734829316944151,2024-04-25
GOLDSHARE, EQ, 25-Apr-2024,60.9,61.15,61.5,60.85, 61.35,61.3,61.25,36000,22.05,645, 25798, 71.66,0.7166111111111111,2024-04-25
GOLDTECH, EQ, 25-Apr-2024,128.45,136.75,137.2,130.1, 135.70,135.6,134.41,56726,76.25,1188, 27426, 48.35,0.48348200119874485,2024-04-25
GOODLUCK, EQ, 25-Apr-2024,915.65,920.0,934.35,907.0, 910.35,911.4,916.67,91670,840.31,7280, 48100, 52.47,0.5247081924293662,2024-04-25
GOPAL, EQ, 25-Apr-2024,314.45,313.1,328.7,313.1, 319.10,320.2,322.36,443105,1428.37,9545, 211026, 47.62,0.47624377969104387,2024-04-25
GOYALALUM, BE, 25-Apr-2024,8.95,8.95,9.0,8.95, 9.00,9.0,8.96,35575,3.19,100, -, -,,2024-04-25
GPIL, EQ, 25-Apr-2024,897.25,891.3,915.0,865.15, 907.00,907.8,898.1,580923,5217.24,24307, 238879, 41.12,0.4112059601702807,2024-04-25
GPPL, EQ, 25-Apr-2024,208.4,209.0,219.35,207.35, 215.55,215.65,215.62,8056840,17372.45,66021, 2390404, 29.67,0.29669249978899914,2024-04-25
GPTHEALTH, EQ, 25-Apr-2024,173.65,175.35,181.0,174.0, 177.75,177.4,178.47,562678,1004.2,14817, 188108, 33.43,0.33430843217612916,2024-04-25
GPTINFRA, EQ, 25-Apr-2024,188.25,190.05,225.9,190.05, 214.90,211.8,214.02,1600986,3426.51,32289, 581558, 36.32,0.3632498972508192,2024-04-25
GRANULES, EQ, 25-Apr-2024,418.1,418.1,419.7,411.5, 416.10,417.95,415.87,614819,2556.83,17962, 184747, 30.05,0.3004900629290897,2024-04-25
GRAPHITE, EQ, 25-Apr-2024,678.1,680.05,709.4,677.0, 688.40,688.7,696.64,3417523,23807.97,63916, 849827, 24.87,0.2486675290846616,2024-04-25
GRASIM, EQ, 25-Apr-2024,2337.75,2349.0,2376.05,2334.2, 2364.20,2367.45,2362.71,1621547,38312.38,97819, 576191, 35.53,0.3553341346257617,2024-04-25
GRAVITA, EQ, 25-Apr-2024,967.9,974.95,983.1,965.7, 969.95,969.1,972.02,48003,466.6,2908, 34641, 72.16,0.7216423973501657,2024-04-25
GREAVESCOT, EQ, 25-Apr-2024,136.55,136.4,137.65,134.8, 135.50,135.55,135.87,702581,954.59,7178, 364011, 51.81,0.5181053857135334,2024-04-25
GREENLAM, EQ, 25-Apr-2024,594.4,594.95,597.6,585.15, 591.05,592.3,591.6,29272,173.17,3696, 12602, 43.05,0.4305138015851325,2024-04-25
GREENPANEL, EQ, 25-Apr-2024,312.15,314.0,318.9,313.25, 317.50,317.9,316.83,205858,652.22,8832, 123077, 59.79,0.5978732912978849,2024-04-25
GREENPLY, EQ, 25-Apr-2024,261.35,263.0,273.95,262.95, 268.00,267.85,268.49,304294,816.99,11241, 117839, 38.73,0.3872537743103709,2024-04-25
GREENPOWER, BE, 25-Apr-2024,20.9,21.0,21.15,20.5, 20.75,20.7,20.77,1942858,403.52,7624, -, -,,2024-04-25
GRINDWELL, EQ, 25-Apr-2024,2103.05,2103.05,2113.6,2077.75, 2109.00,2097.15,2092.14,17571,367.61,6269, 10283, 58.52,0.5852256559103067,2024-04-25
GRINFRA, EQ, 25-Apr-2024,1347.8,1351.0,1354.9,1310.0, 1352.00,1349.45,1344.6,44317,595.88,2808, 29912, 67.50,0.6749554347090282,2024-04-25
GRMOVER, EQ, 25-Apr-2024,142.25,142.0,144.95,141.05, 142.50,143.45,142.79,48642,69.46,1326, 27986, 57.53,0.5753464084535997,2024-04-25
GROBTEA, EQ, 25-Apr-2024,979.9,976.35,983.45,951.15, 954.00,956.3,968.36,350,3.39,99, 247, 70.57,0.7057142857142857,2024-04-25
GRPLTD, EQ, 25-Apr-2024,6551.8,6547.35,6700.0,6500.0, 6698.00,6586.8,6566.1,165,10.83,62, 99, 60.00,0.6,2024-04-25
GRSE, EQ, 25-Apr-2024,983.55,985.0,1077.85,970.75, 1021.90,1023.75,1033.45,7794493,80552.21,198528, 1525829, 19.58,0.19575731224596649,2024-04-25
GRWRHITECH, EQ, 25-Apr-2024,1765.0,1780.0,1780.0,1760.5, 1764.00,1762.05,1767.95,11615,205.35,2639, 8274, 71.24,0.7123547137322428,2024-04-25
GSEC10IETF, EQ, 25-Apr-2024,227.5,227.1,227.1,227.1, 227.10,227.1,227.1,100,0.23,1, 100, 100.00,1.0,2024-04-25
GSEC10YEAR, EQ, 25-Apr-2024,25.66,25.66,25.8,25.65, 25.76,25.76,25.66,1922,0.49,20, 1884, 98.02,0.9802289281997919,2024-04-25
GSEC5IETF, EQ, 25-Apr-2024,55.2,55.56,55.56,55.11, 55.55,55.11,55.12,153,0.08,5, 150, 98.04,0.9803921568627451,2024-04-25
GSFC, EQ, 25-Apr-2024,249.5,249.5,254.65,248.0, 249.25,249.95,250.77,3490741,8753.64,28293, 1360819, 38.98,0.38983671375218043,2024-04-25
GSLSU, EQ, 25-Apr-2024,212.1,213.8,216.9,203.5, 205.00,208.5,210.58,142955,301.03,1345, 104371, 73.01,0.7300968836347103,2024-04-25
GSPL, EQ, 25-Apr-2024,295.9,297.9,299.1,292.5, 293.45,293.3,294.92,3178444,9373.73,45913, 1401456, 44.09,0.44092518225899213,2024-04-25
GSS, EQ, 25-Apr-2024,139.55,141.5,141.5,136.6, 136.60,137.25,138.4,11906,16.48,437, 7759, 65.17,0.6516882244246598,2024-04-25
GTECJAINX, BE, 25-Apr-2024,84.0,83.5,83.5,83.5, 83.50,83.5,83.5,1,0.0,1, -, -,,2024-04-25
GTL, BE, 25-Apr-2024,10.45,10.65,10.65,10.65, 10.65,10.65,10.65,142428,15.17,351, -, -,,2024-04-25
GTLINFRA, EQ, 25-Apr-2024,1.7,1.75,1.75,1.7, 1.75,1.7,1.75,40040430,700.2,8552, 29968518, 74.85,0.7484564476455423,2024-04-25
GTPL, EQ, 25-Apr-2024,178.8,180.4,182.05,178.0, 179.10,178.9,179.64,34042,61.15,1599, 15042, 44.19,0.44186593032136773,2024-04-25
GUFICBIO, EQ, 25-Apr-2024,314.45,315.7,323.45,314.1, 321.20,320.75,320.05,78750,252.04,5069, 44652, 56.70,0.5670095238095239,2024-04-25
GUJALKALI, EQ, 25-Apr-2024,802.65,806.6,810.0,795.8, 800.25,803.5,803.52,71070,571.06,5425, 33186, 46.69,0.46694807935837906,2024-04-25
GUJAPOLLO, EQ, 25-Apr-2024,282.25,292.5,292.5,281.0, 286.95,285.6,286.54,16921,48.49,331, 13049, 77.12,0.7711719165533952,2024-04-25
GUJGASLTD, EQ, 25-Apr-2024,544.05,544.9,547.2,540.0, 543.10,543.2,543.28,561634,3051.22,14446, 152216, 27.10,0.2710234779233451,2024-04-25
GUJRAFFIA, BE, 25-Apr-2024,35.75,35.8,37.5,35.75, 37.50,37.5,37.33,6668,2.49,66, -, -,,2024-04-25
GULFOILLUB, EQ, 25-Apr-2024,988.1,989.0,1048.0,988.15, 1043.00,1043.15,1031.57,271028,2795.84,27681, 108068, 39.87,0.3987337101701669,2024-04-25
GULFPETRO, EQ, 25-Apr-2024,67.8,68.35,68.65,66.85, 67.40,67.1,67.36,154994,104.4,1852, 88331, 56.99,0.5698994799798702,2024-04-25
GULPOLY, EQ, 25-Apr-2024,205.6,206.5,207.8,205.0, 206.00,206.4,206.72,82618,170.79,2436, 46661, 56.48,0.5647800721392433,2024-04-25
GVKPIL, BE, 25-Apr-2024,11.1,11.2,11.2,10.6, 10.95,10.85,10.87,1919105,208.69,4403, -, -,,2024-04-25
GVPTECH, EQ, 25-Apr-2024,12.4,13.0,13.0,11.8, 12.25,12.2,12.18,193741,23.59,471, 147293, 76.03,0.7602572506593854,2024-04-25
HAL, EQ, 25-Apr-2024,3946.7,3958.6,4035.0,3939.0, 4002.90,4000.75,3990.85,2632613,105063.61,161742, 837955, 31.83,0.31829782805144546,2024-04-25
HAPPSTMNDS, EQ, 25-Apr-2024,819.05,827.0,838.65,818.0, 821.30,819.85,826.38,513798,4245.94,22683, 182246, 35.47,0.35470359946905206,2024-04-25
HAPPYFORGE, EQ, 25-Apr-2024,957.5,960.0,960.0,928.8, 930.00,931.35,938.26,74856,702.35,4831, 52598, 70.27,0.7026557657368815,2024-04-25
HARDWYN, EQ, 25-Apr-2024,30.95,31.0,31.45,30.35, 30.80,30.75,30.93,391688,121.16,1934, 250281, 63.90,0.6389805151038582,2024-04-25
HARIOMPIPE, EQ, 25-Apr-2024,609.45,609.45,629.35,607.15, 613.00,614.6,617.19,91233,563.09,7425, 48785, 53.47,0.5347297578726996,2024-04-25
HARRMALAYA, EQ, 25-Apr-2024,174.8,174.8,177.7,171.7, 171.90,172.6,173.73,29426,51.12,909, 21111, 71.74,0.7174267654455244,2024-04-25
HARSHA, EQ, 25-Apr-2024,427.45,426.0,429.85,405.4, 411.60,411.05,414.45,199020,824.84,8214, 143550, 72.13,0.7212842930358758,2024-04-25
HATHWAY, EQ, 25-Apr-2024,22.75,22.9,22.95,22.3, 22.40,22.35,22.45,9242899,2074.69,9541, 3509915, 37.97,0.3797417888045731,2024-04-25
HATSUN, EQ, 25-Apr-2024,1114.1,1104.0,1114.1,1085.0, 1087.95,1091.7,1100.51,51834,570.44,5258, 20186, 38.94,0.38943550565266044,2024-04-25
HAVELLS, EQ, 25-Apr-2024,1568.1,1569.0,1574.9,1553.2, 1557.60,1560.6,1560.41,1076657,16800.31,33579, 714592, 66.37,0.6637136989774831,2024-04-25
HAVISHA, EQ, 25-Apr-2024,2.5,2.55,2.6,2.45, 2.55,2.6,2.54,117967,3.0,240, 85724, 72.67,0.7266777997236515,2024-04-25
HBLPOWER, EQ, 25-Apr-2024,467.1,470.1,500.9,467.3, 493.00,492.7,490.33,2423839,11884.78,69423, 953282, 39.33,0.3932942740833859,2024-04-25
HBSL, EQ, 25-Apr-2024,90.05,91.9,91.9,86.0, 86.60,87.1,87.63,44169,38.7,856, 27465, 62.18,0.6218162059362902,2024-04-25
HCC, EQ, 25-Apr-2024,38.35,38.25,38.95,37.95, 38.20,38.2,38.34,6175607,2367.8,12705, 3219090, 52.13,0.5212588819204331,2024-04-25
HCG, EQ, 25-Apr-2024,363.6,365.0,365.45,354.0, 358.00,357.3,360.06,86176,310.29,9648, 49301, 57.21,0.5720966394355738,2024-04-25
HCL-INSYS, BE, 25-Apr-2024,19.05,19.1,19.5,18.8, 18.90,18.95,18.94,244583,46.31,861, -, -,,2024-04-25
HCLTECH, EQ, 25-Apr-2024,1479.25,1479.95,1515.05,1479.95, 1502.00,1504.15,1501.34,4558032,68431.55,200790, 2307329, 50.62,0.5062116720549571,2024-04-25
HDFCAMC, EQ, 25-Apr-2024,3660.4,3660.0,3705.0,3636.05, 3694.80,3687.6,3675.79,337566,12408.23,22815, 187928, 55.67,0.5567148350248544,2024-04-25
HDFCBANK, EQ, 25-Apr-2024,1511.7,1506.25,1519.7,1506.25, 1513.80,1510.75,1512.64,17722602,268079.95,412279, 9776931, 55.17,0.5516645354897661,2024-04-25
HDFCBSE500, EQ, 25-Apr-2024,33.53,33.53,33.84,33.22, 33.66,33.63,33.63,12304,4.14,287, 6755, 54.90,0.5490084525357607,2024-04-25
HDFCGOLD, EQ, 25-Apr-2024,62.47,62.47,62.8,62.27, 62.72,62.73,62.68,663683,415.97,1785, 565598, 85.22,0.8522110706466792,2024-04-25
HDFCGROWTH, EQ, 25-Apr-2024,110.2,108.11,109.92,108.11, 109.71,109.71,109.23,6120,6.69,163, 4028, 65.82,0.6581699346405229,2024-04-25
HDFCLIFE, EQ, 25-Apr-2024,594.2,595.45,596.4,585.6, 594.00,594.7,590.47,6150372,36316.23,153569, 2988464, 48.59,0.4858997146839248,2024-04-25
HDFCLIQUID, EQ, 25-Apr-2024,1000.0,999.99,1000.01,999.99, 999.99,999.99,1000.01,8612,86.12,13, 8207, 95.30,0.9529725963771482,2024-04-25
HDFCLOWVOL, EQ, 25-Apr-2024,17.98,17.99,19.75,17.82, 18.00,18.1,18.02,23937,4.31,244, 16027, 66.95,0.6695492334043531,2024-04-25
HDFCMID150, EQ, 25-Apr-2024,18.6,18.6,18.72,18.45, 18.45,18.66,18.64,138936,25.9,1025, 124582, 89.67,0.8966862440260264,2024-04-25
HDFCMOMENT, EQ, 25-Apr-2024,31.73,32.36,32.36,31.71, 32.00,32.08,31.89,136764,43.62,773, 100939, 73.81,0.7380524114533065,2024-04-25
HDFCNEXT50, EQ, 25-Apr-2024,65.31,64.3,65.07,63.4, 64.50,64.2,64.04,148233,94.93,1064, 110767, 74.72,0.7472492629846256,2024-04-25
HDFCNIF100, EQ, 25-Apr-2024,23.53,23.54,23.71,23.29, 23.69,23.66,23.52,40105,9.43,285, 28412, 70.84,0.708440344096746,2024-04-25
HDFCNIFBAN, EQ, 25-Apr-2024,48.71,48.14,49.15,48.14, 48.97,48.97,48.94,19006,9.3,145, 17367, 91.38,0.9137640745027886,2024-04-25
HDFCNIFIT, EQ, 25-Apr-2024,34.12,34.19,34.32,34.0, 34.24,34.23,34.12,21677,7.4,220, 18244, 84.16,0.8416293767587766,2024-04-25
HDFCNIFTY, EQ, 25-Apr-2024,245.33,246.45,248.0,244.56, 246.59,247.44,246.28,136327,335.75,2793, 112532, 82.55,0.825456439296691,2024-04-25
HDFCPSUBK, EQ, 25-Apr-2024,71.24,71.36,74.3,71.35, 72.03,74.02,73.43,39658,29.12,324, 37531, 94.64,0.9463664330021685,2024-04-25
HDFCPVTBAN, EQ, 25-Apr-2024,24.29,24.29,24.37,23.96, 24.32,24.28,24.25,23992,5.82,227, 16029, 66.81,0.6680976992330777,2024-04-25
HDFCQUAL, EQ, 25-Apr-2024,51.99,52.16,53.0,51.83, 52.14,52.15,52.09,11073,5.77,50, 8971, 81.02,0.8101688792558476,2024-04-25
HDFCSENSEX, EQ, 25-Apr-2024,81.57,82.07,82.2,81.13, 82.07,82.09,81.73,18897,15.44,264, 14170, 74.99,0.7498544742551728,2024-04-25
HDFCSILVER, EQ, 25-Apr-2024,79.01,77.43,92.0,77.43, 79.31,79.46,79.21,144716,114.63,1408, 103841, 71.76,0.7175502363249399,2024-04-25
HDFCSML250, EQ, 25-Apr-2024,156.6,156.61,157.99,154.55, 157.86,157.83,157.56,327369,515.82,3667, 221032, 67.52,0.6751769410054098,2024-04-25
HDFCVALUE, EQ, 25-Apr-2024,124.41,124.42,126.58,124.42, 126.16,126.14,125.84,16752,21.08,151, 15787, 94.24,0.9423949379178606,2024-04-25
HDIL, BZ, 25-Apr-2024,4.7,4.7,4.9,4.55, 4.70,4.75,4.72,382688,18.05,416, -, -,,2024-04-25
HEADSUP, BE, 25-Apr-2024,15.25,14.5,14.5,14.5, 14.50,14.5,14.5,53793,7.8,171, -, -,,2024-04-25
HEALTHADD, EQ, 25-Apr-2024,118.29,118.3,119.83,117.8, 119.83,119.83,118.32,232,0.27,18, 178, 76.72,0.7672413793103449,2024-04-25
HEALTHIETF, EQ, 25-Apr-2024,119.88,119.88,121.7,119.53, 121.70,121.16,120.18,46733,56.16,367, 15589, 33.36,0.3335758457620953,2024-04-25
HEALTHY, EQ, 25-Apr-2024,12.06,12.4,12.4,12.01, 12.16,12.15,12.11,118981,14.41,994, 94151, 79.13,0.791311217757457,2024-04-25
HECPROJECT, EQ, 25-Apr-2024,91.0,91.0,92.0,88.85, 89.65,91.45,90.6,8626,7.81,149, 6253, 72.49,0.7249014607002087,2024-04-25
HEG, EQ, 25-Apr-2024,2425.35,2425.95,2493.0,2412.1, 2450.00,2443.2,2452.37,412574,10117.86,27196, 75943, 18.41,0.184071221162749,2024-04-25
HEIDELBERG, EQ, 25-Apr-2024,196.75,197.95,202.2,197.85, 200.50,200.85,200.27,174043,348.56,6131, 100163, 57.55,0.5755072022431238,2024-04-25
HEMIPROP, EQ, 25-Apr-2024,215.65,215.5,219.0,214.05, 214.30,215.35,216.19,550853,1190.88,10349, 236220, 42.88,0.42882583919847944,2024-04-25
HERANBA, EQ, 25-Apr-2024,326.55,329.55,331.9,325.0, 328.95,329.25,327.95,23012,75.47,1919, 11707, 50.87,0.508734573266122,2024-04-25
HERCULES, EQ, 25-Apr-2024,517.6,518.6,524.8,505.0, 508.00,507.9,512.61,30474,156.21,2506, 15463, 50.74,0.5074161580363589,2024-04-25
HERITGFOOD, EQ, 25-Apr-2024,332.7,334.5,335.5,331.2, 332.85,333.5,333.41,210014,700.2,7087, 126331, 60.15,0.6015360880703191,2024-04-25
HEROMOTOCO, EQ, 25-Apr-2024,4393.35,4401.0,4515.0,4366.9, 4500.45,4498.3,4468.78,1103462,49311.32,91314, 564423, 51.15,0.5115019819440996,2024-04-25
HESTERBIO, EQ, 25-Apr-2024,1684.5,1659.25,1680.65,1649.0, 1663.00,1660.7,1659.93,11634,193.12,1312, 8570, 73.66,0.7366340037820183,2024-04-25
HEUBACHIND, EQ, 25-Apr-2024,408.65,414.9,432.5,409.0, 417.40,418.4,420.9,206167,867.75,11725, 81143, 39.36,0.39357899178821054,2024-04-25
HEXATRADEX, EQ, 25-Apr-2024,152.6,153.0,154.1,150.05, 150.75,151.25,152.4,2993,4.56,125, 2207, 73.74,0.7373872368860674,2024-04-25
HFCL, EQ, 25-Apr-2024,96.35,96.0,98.2,95.8, 97.10,97.1,97.15,9088625,8829.98,25595, 2759641, 30.36,0.30363679874568483,2024-04-25
HGINFRA, EQ, 25-Apr-2024,1059.2,1062.0,1183.95,1062.0, 1158.00,1151.15,1144.51,1319495,15101.82,88094, 262960, 19.93,0.19928836410899625,2024-04-25
HGS, EQ, 25-Apr-2024,853.95,860.0,861.4,849.5, 857.00,858.9,854.4,12756,108.99,1402, 7601, 59.59,0.595876450297899,2024-04-25
HIKAL, EQ, 25-Apr-2024,311.65,311.8,316.15,307.25, 308.65,308.65,311.57,322194,1003.87,10482, 142918, 44.36,0.4435774719578887,2024-04-25
HIL, EQ, 25-Apr-2024,2691.0,2710.25,2710.25,2664.0, 2700.00,2696.75,2687.94,9458,254.22,1809, 6929, 73.26,0.7326073165574117,2024-04-25
HILTON, EQ, 25-Apr-2024,118.8,121.0,121.0,114.15, 115.40,116.85,117.13,239865,280.96,1447, 94314, 39.32,0.3931961728472266,2024-04-25
HIMATSEIDE, EQ, 25-Apr-2024,139.85,138.0,141.45,138.0, 141.10,140.8,140.0,193192,270.46,3007, 122904, 63.62,0.6361754109901031,2024-04-25
HINDALCO, EQ, 25-Apr-2024,636.1,635.7,648.25,628.1, 644.20,646.8,638.66,11897458,75984.76,177271, 4811293, 40.44,0.40439672071126453,2024-04-25
HINDCOMPOS, EQ, 25-Apr-2024,421.6,423.6,431.45,418.75, 422.10,425.35,425.37,8661,36.84,1235, 3344, 38.61,0.3860986029326868,2024-04-25
HINDCON, BE, 25-Apr-2024,51.3,50.0,52.2,49.75, 51.45,50.9,51.05,43659,22.29,489, -, -,,2024-04-25
HINDCOPPER, EQ, 25-Apr-2024,379.65,380.2,386.9,374.7, 381.90,380.8,380.22,14965329,56901.62,84933, 5720834, 38.23,0.38227251803151135,2024-04-25
HINDMOTORS, EQ, 25-Apr-2024,29.1,29.9,30.8,29.5, 29.80,29.85,30.06,4643383,1395.66,11430, 2290211, 49.32,0.49322035248869195,2024-04-25
HINDOILEXP, EQ, 25-Apr-2024,202.3,200.05,203.35,197.2, 198.35,198.65,199.89,723192,1445.62,9038, 344883, 47.69,0.4768899545348953,2024-04-25
HINDPETRO, EQ, 25-Apr-2024,487.4,487.0,493.2,484.0, 490.40,491.2,489.22,3670160,17955.15,42893, 1252727, 34.13,0.3413276260435512,2024-04-25
HINDUNILVR, EQ, 25-Apr-2024,2260.25,2238.05,2239.85,2215.1, 2234.60,2230.85,2227.88,4951866,110321.8,248047, 3121895, 63.04,0.6304481987194323,2024-04-25
HINDWAREAP, EQ, 25-Apr-2024,375.1,378.85,378.85,367.75, 375.05,374.7,372.28,75652,281.64,5657, 39157, 51.76,0.5175937186062497,2024-04-25
HINDZINC, EQ, 25-Apr-2024,409.6,409.6,423.95,407.5, 411.40,411.5,416.52,2419866,10079.23,52135, 863457, 35.68,0.3568201710342639,2024-04-25
HIRECT, EQ, 25-Apr-2024,725.5,725.5,761.75,725.5, 761.75,761.75,757.06,20911,158.31,448, 16229, 77.61,0.776098704031371,2024-04-25
HISARMETAL, EQ, 25-Apr-2024,187.75,187.75,189.45,184.6, 185.40,186.0,186.31,4311,8.03,255, 2307, 53.51,0.535142658315936,2024-04-25
HITECH, EQ, 25-Apr-2024,128.3,128.5,133.3,128.25, 129.65,129.55,130.78,972251,1271.48,7974, 473051, 48.66,0.486552340907852,2024-04-25
HITECHCORP, EQ, 25-Apr-2024,237.6,238.8,240.0,234.1, 237.10,238.3,237.74,14789,35.16,816, 8423, 56.95,0.5695449320440868,2024-04-25
HITECHGEAR, BE, 25-Apr-2024,1102.55,1047.45,1157.65,1047.45, 1157.65,1157.65,1103.45,71313,786.9,1665, -, -,,2024-04-25
HLEGLAS, EQ, 25-Apr-2024,457.75,456.9,461.95,456.0, 458.00,458.95,459.12,75365,346.02,6389, 20014, 26.56,0.26556093677436476,2024-04-25
HLVLTD, BE, 25-Apr-2024,28.3,28.0,28.7,27.55, 28.35,28.25,28.22,329028,92.85,1393, -, -,,2024-04-25
HMAAGRO, EQ, 25-Apr-2024,61.75,62.5,63.1,61.55, 62.20,61.9,62.3,266362,165.95,2018, 146599, 55.04,0.5503750534986221,2024-04-25
HMT, BZ, 25-Apr-2024,58.85,58.0,60.0,58.0, 58.70,58.65,59.31,13765,8.16,127, -, -,,2024-04-25
HMVL, EQ, 25-Apr-2024,113.2,113.2,113.35,110.0, 110.15,110.4,111.3,47514,52.88,1135, 27360, 57.58,0.5758302816012123,2024-04-25
HNDFDS, EQ, 25-Apr-2024,499.55,499.0,503.2,498.0, 500.00,499.85,500.39,32208,161.17,4959, 17100, 53.09,0.5309239940387481,2024-04-25
HNGSNGBEES, EQ, 25-Apr-2024,263.33,265.99,265.99,258.47, 263.10,263.38,262.69,110436,290.1,2106, 62821, 56.88,0.5688453040675142,2024-04-25
HOMEFIRST, EQ, 25-Apr-2024,876.2,875.5,881.25,862.0, 869.95,866.4,872.92,325820,2844.15,22611, 271929, 83.46,0.8345988582652999,2024-04-25
HONASA, EQ, 25-Apr-2024,427.65,426.0,430.9,420.0, 422.00,423.5,425.62,169125,719.83,10067, 59711, 35.31,0.35305838876570583,2024-04-25
HONAUT, EQ, 25-Apr-2024,44823.95,45019.95,45225.0,44550.0, 44848.00,44938.25,44926.85,2717,1220.66,1326, 1049, 38.61,0.3860875966139124,2024-04-25
HONDAPOWER, EQ, 25-Apr-2024,2478.5,2482.0,2501.95,2462.35, 2470.00,2477.95,2480.21,3905,96.85,1034, 1818, 46.56,0.46555697823303455,2024-04-25
HOVS, BE, 25-Apr-2024,62.7,63.05,64.75,61.0, 61.55,62.0,62.06,28313,17.57,150, -, -,,2024-04-25
HPAL, EQ, 25-Apr-2024,106.35,105.8,107.45,105.0, 105.75,105.6,105.99,93463,99.06,1932, 48461, 51.85,0.5185046488984946,2024-04-25
HPIL, EQ, 25-Apr-2024,151.15,153.95,157.45,148.6, 155.50,155.2,153.78,390,0.6,104, 187, 47.95,0.4794871794871795,2024-04-25
HPL, EQ, 25-Apr-2024,349.75,349.0,382.0,346.65, 373.80,371.95,373.91,2633297,9846.19,35471, 648708, 24.63,0.24634820910820163,2024-04-25
HSCL, BE, 25-Apr-2024,360.7,372.0,372.0,362.0, 367.00,367.6,366.77,271633,996.26,5413, -, -,,2024-04-25
HTMEDIA, EQ, 25-Apr-2024,28.55,28.1,28.7,28.05, 28.30,28.25,28.35,219208,62.15,1183, 105149, 47.97,0.4796768366118025,2024-04-25
HUBTOWN, BE, 25-Apr-2024,138.05,139.95,140.0,135.0, 138.50,139.4,137.78,47441,65.37,294, -, -,,2024-04-25
HUDCO, EQ, 25-Apr-2024,198.55,199.0,205.3,198.1, 203.10,203.05,202.5,9578881,19397.21,51949, 3238962, 33.81,0.33813573840201167,2024-04-25
HUHTAMAKI, EQ, 25-Apr-2024,318.0,321.35,321.95,308.1, 309.85,309.75,312.76,243569,761.78,10153, 146446, 60.13,0.6012505696537737,2024-04-25
HYBRIDFIN, EQ, 25-Apr-2024,8.9,8.9,9.3,8.6, 8.70,8.8,8.9,12602,1.12,64, 8919, 70.77,0.7077448024123155,2024-04-25
IBREALEST, EQ, 25-Apr-2024,139.45,139.5,141.1,136.1, 137.20,137.6,138.12,10165355,14040.55,38044, 3294149, 32.41,0.32405646433400503,2024-04-25
IBULHSGFIN, EQ, 25-Apr-2024,171.95,172.5,173.1,170.1, 170.50,170.45,171.44,3707496,6356.16,23730, 1753376, 47.29,0.4729272802991561,2024-04-25
ICDSLTD, BE, 25-Apr-2024,37.3,37.3,37.3,37.25, 37.25,37.25,37.28,318,0.12,10, -, -,,2024-04-25
ICEMAKE, EQ, 25-Apr-2024,519.35,520.45,529.0,516.5, 524.00,521.95,523.05,13442,70.31,1488, 7518, 55.93,0.5592917720577295,2024-04-25
ICICIB22, EQ, 25-Apr-2024,104.38,104.96,106.18,104.28, 106.04,106.02,105.59,1011089,1067.65,4710, 550440, 54.44,0.5444031138702923,2024-04-25
ICICIBANK, EQ, 25-Apr-2024,1096.75,1090.0,1125.65,1089.95, 1110.90,1113.75,1111.16,19905338,221179.48,432523, 11021596, 55.37,0.5537005199308849,2024-04-25
ICICIGI, EQ, 25-Apr-2024,1700.6,1714.3,1714.3,1682.3, 1707.05,1706.8,1700.91,632326,10755.32,42793, 399512, 63.18,0.6318133367914651,2024-04-25
ICICIPRULI, EQ, 25-Apr-2024,575.65,572.0,578.35,560.0, 562.00,564.15,568.23,3477293,19759.18,55018, 1878444, 54.02,0.5402029682284467,2024-04-25
ICIL, EQ, 25-Apr-2024,399.0,397.9,400.0,390.0, 397.10,398.25,396.72,300261,1191.21,13382, 176489, 58.78,0.5877852934613553,2024-04-25
ICRA, EQ, 25-Apr-2024,5364.4,5364.4,5415.75,5221.0, 5250.00,5238.2,5320.76,4950,263.38,1711, 3126, 63.15,0.6315151515151515,2024-04-25
IDBI, EQ, 25-Apr-2024,86.8,86.8,88.9,86.35, 88.20,88.05,87.77,8809800,7732.0,24981, 3347370, 38.00,0.37995981747599267,2024-04-25
IDEA, EQ, 25-Apr-2024,13.1,11.8,14.4,11.8, 13.80,13.9,13.11,8453266674,1107926.5,1190150, 4561100119, 53.96,0.5395665717052002,2024-04-25
IDEAFORGE, EQ, 25-Apr-2024,688.65,691.0,691.0,686.9, 690.40,689.5,689.29,147923,1019.61,8141, 80029, 54.10,0.5410179620478222,2024-04-25
IDFC, EQ, 25-Apr-2024,124.2,123.9,124.75,123.55, 124.35,124.35,124.25,3124993,3882.93,24054, 1625942, 52.03,0.5203026054778362,2024-04-25
IDFCFIRSTB, EQ, 25-Apr-2024,83.35,83.35,83.75,82.9, 83.45,83.4,83.35,29515615,24600.6,80960, 12128111, 41.09,0.41090490575920574,2024-04-25
IDFNIFTYET, EQ, 25-Apr-2024,241.6,240.0,242.11,239.49, 241.50,241.5,241.09,567,1.37,16, 415, 73.19,0.7319223985890653,2024-04-25
IEL, EQ, 25-Apr-2024,13.05,13.1,13.25,12.5, 12.65,12.65,12.79,250708,32.06,1196, 166760, 66.52,0.66515627742234,2024-04-25
IEX, EQ, 25-Apr-2024,153.85,153.0,159.75,152.65, 159.30,159.35,157.77,22174713,34984.82,188852, 8992956, 40.56,0.4055500515384348,2024-04-25
IFBAGRO, EQ, 25-Apr-2024,480.7,483.2,490.95,472.0, 472.10,474.75,480.0,5651,27.12,409, 3097, 54.80,0.5480445938771898,2024-04-25
IFBIND, EQ, 25-Apr-2024,1669.7,1669.75,1677.75,1621.05, 1648.15,1656.25,1646.42,62560,1030.0,8741, 18140, 29.00,0.2899616368286445,2024-04-25
IFCI, EQ, 25-Apr-2024,47.1,47.1,47.25,45.6, 46.00,45.9,46.33,8788930,4071.74,22849, 4384057, 49.88,0.49881578303616025,2024-04-25
IFGLEXPOR, EQ, 25-Apr-2024,640.95,644.15,658.0,635.1, 653.00,656.9,650.93,20939,136.3,1191, 16055, 76.68,0.7667510387315536,2024-04-25
IGARASHI, EQ, 25-Apr-2024,516.0,517.0,545.0,516.05, 533.00,526.0,529.33,211114,1117.48,18348, 70554, 33.42,0.3341985846509469,2024-04-25
IGL, EQ, 25-Apr-2024,453.05,453.05,456.0,446.6, 451.90,453.05,451.18,2658787,11995.87,46354, 1671935, 62.88,0.6288337501274077,2024-04-25
IGPL, EQ, 25-Apr-2024,524.65,527.3,530.95,518.0, 524.00,521.4,524.66,77047,404.23,7272, 29358, 38.10,0.3810401443274884,2024-04-25
IIFL, EQ, 25-Apr-2024,410.55,412.85,422.7,408.0, 419.00,418.15,416.01,1158973,4821.43,32269, 501955, 43.31,0.43310327332905946,2024-04-25
IIFLSEC, EQ, 25-Apr-2024,144.05,144.0,145.75,141.75, 144.20,143.3,143.44,667457,957.37,7476, 441511, 66.15,0.6614823127182725,2024-04-25
IITL, EQ, 25-Apr-2024,181.25,181.25,189.5,172.6, 175.00,175.55,180.12,5809,10.46,347, 3016, 51.92,0.519194353589258,2024-04-25
IKIO, EQ, 25-Apr-2024,305.55,306.0,306.45,300.0, 301.40,300.8,302.71,197741,598.57,9362, 105313, 53.26,0.5325804967103434,2024-04-25
IL&FSENGG, BZ, 25-Apr-2024,37.25,37.5,37.5,36.5, 36.50,36.5,36.69,2602,0.95,15, -, -,,2024-04-25
IL&FSTRANS, BZ, 25-Apr-2024,4.7,4.85,4.85,4.7, 4.80,4.75,4.76,38362,1.83,91, -, -,,2024-04-25
IMAGICAA, EQ, 25-Apr-2024,82.9,83.45,84.4,82.0, 83.50,83.7,83.23,1056728,879.55,5884, 412717, 39.06,0.3905612418711343,2024-04-25
IMFA, EQ, 25-Apr-2024,709.7,716.95,740.75,705.1, 738.45,737.35,725.61,243885,1769.66,14862, 132634, 54.38,0.5438382844373373,2024-04-25
IMPAL, EQ, 25-Apr-2024,1011.0,1011.0,1020.1,1000.0, 1018.00,1013.6,1014.26,2497,25.33,244, 2023, 81.02,0.8101722066479776,2024-04-25
IMPEXFERRO, BE, 25-Apr-2024,3.5,3.5,3.5,3.5, 3.50,3.5,3.5,2144,0.08,17, -, -,,2024-04-25
INCREDIBLE, EQ, 25-Apr-2024,39.65,40.85,41.6,37.7, 37.70,37.7,38.23,104342,39.89,348, 92662, 88.81,0.8880604167065994,2024-04-25
INDBANK, EQ, 25-Apr-2024,48.5,49.25,55.8,48.55, 52.40,52.65,53.58,4249867,2277.02,15419, 1150278, 27.07,0.2706621171909615,2024-04-25
INDHOTEL, EQ, 25-Apr-2024,608.0,590.0,599.7,576.0, 577.00,577.25,583.26,10431160,60840.49,236098, 5095048, 48.84,0.4884450051576239,2024-04-25
INDIACEM, EQ, 25-Apr-2024,227.6,227.75,228.2,222.5, 227.00,226.6,225.69,4042607,9123.78,22978, 1739751, 43.04,0.4303537296600931,2024-04-25
INDIAGLYCO, EQ, 25-Apr-2024,848.2,850.0,858.85,832.1, 846.75,852.4,844.76,64268,542.91,5704, 29671, 46.17,0.46167610630484845,2024-04-25
INDIAMART, EQ, 25-Apr-2024,2637.0,2637.0,2669.0,2627.5, 2667.00,2658.3,2646.27,78484,2076.9,9582, 24298, 30.96,0.30959176392640536,2024-04-25
INDIANB, EQ, 25-Apr-2024,509.95,512.9,530.5,511.15, 527.00,527.05,521.98,2694600,14065.15,72931, 1292885, 47.98,0.47980590811252133,2024-04-25
INDIANCARD, EQ, 25-Apr-2024,275.2,274.25,276.0,268.6, 270.05,272.15,272.47,2406,6.56,228, 1428, 59.35,0.5935162094763092,2024-04-25
INDIANHUME, EQ, 25-Apr-2024,270.85,270.9,274.95,270.0, 274.80,272.45,272.29,47366,128.97,2454, 24412, 51.54,0.5153907866402061,2024-04-25
INDIASHLTR, EQ, 25-Apr-2024,579.85,579.85,581.55,568.0, 575.00,573.9,572.37,309341,1770.59,13051, 224421, 72.55,0.7254809417439008,2024-04-25
INDIGO, EQ, 25-Apr-2024,3742.2,3739.95,3829.0,3727.15, 3820.00,3812.55,3788.93,634457,24039.14,49229, 312020, 49.18,0.49179061780388583,2024-04-25
INDIGOPNTS, EQ, 25-Apr-2024,1314.7,1312.0,1328.0,1303.05, 1319.00,1320.55,1321.0,43939,580.43,7105, 30511, 69.44,0.6943945014679442,2024-04-25
INDNIPPON, EQ, 25-Apr-2024,716.4,718.0,723.95,709.05, 711.00,713.95,717.04,10302,73.87,1153, 5143, 49.92,0.4992234517569404,2024-04-25
INDOAMIN, EQ, 25-Apr-2024,141.65,141.65,143.05,139.45, 140.00,140.0,140.86,61480,86.6,1889, 34186, 55.61,0.5560507482108002,2024-04-25
INDOBORAX, EQ, 25-Apr-2024,180.25,181.5,188.2,180.25, 181.40,181.9,183.91,111501,205.06,4457, 59530, 53.39,0.5338965569815517,2024-04-25
INDOCO, EQ, 25-Apr-2024,329.0,331.95,332.0,323.1, 323.95,324.05,325.87,191638,624.49,7540, 140649, 73.39,0.7339306400609482,2024-04-25
INDORAMA, EQ, 25-Apr-2024,45.4,45.1,45.8,44.75, 45.25,45.25,45.28,64569,29.24,681, 35567, 55.08,0.5508370890055599,2024-04-25
INDOSTAR, EQ, 25-Apr-2024,253.05,255.0,263.35,245.0, 253.00,252.4,256.16,129811,332.53,1849, 84720, 65.26,0.6526411475144633,2024-04-25
INDOTECH, BE, 25-Apr-2024,1982.55,1911.0,1939.0,1883.45, 1883.45,1883.45,1886.03,74999,1414.51,1348, -, -,,2024-04-25
INDOTHAI, EQ, 25-Apr-2024,348.35,356.0,356.0,340.05, 350.00,346.25,347.26,6520,22.64,186, 4848, 74.36,0.743558282208589,2024-04-25
INDOWIND, EQ, 25-Apr-2024,23.8,24.75,24.9,23.55, 23.85,23.85,24.15,372721,90.02,1803, 259434, 69.61,0.6960541531064791,2024-04-25
INDRAMEDCO, EQ, 25-Apr-2024,267.7,263.0,269.1,260.0, 265.00,265.0,264.62,386265,1022.13,14691, 188640, 48.84,0.48836938371325384,2024-04-25
INDSWFTLAB, EQ, 25-Apr-2024,123.1,122.5,126.65,122.5, 124.30,124.35,124.63,454643,566.63,4447, 222863, 49.02,0.4901934044953953,2024-04-25
INDSWFTLTD, BE, 25-Apr-2024,22.4,23.45,23.5,22.0, 23.50,23.5,23.42,111603,26.13,314, -, -,,2024-04-25
INDTERRAIN, EQ, 25-Apr-2024,75.75,75.95,76.5,73.5, 74.40,74.7,75.43,85380,64.4,854, 50645, 59.32,0.5931717029749356,2024-04-25
INDUSINDBK, EQ, 25-Apr-2024,1474.65,1476.05,1499.5,1470.55, 1496.85,1496.1,1487.95,3697957,55023.57,174591, 1888059, 51.06,0.5105681326202549,2024-04-25
INDUSTOWER, EQ, 25-Apr-2024,348.35,349.0,356.8,345.2, 350.50,351.65,350.77,15367285,53903.88,119575, 5716406, 37.20,0.37198542227856124,2024-04-25
INFIBEAM, EQ, 25-Apr-2024,35.55,35.3,35.8,35.1, 35.25,35.2,35.35,13085225,4625.54,19446, 4154208, 31.75,0.3174731806292975,2024-04-25
INFOBEAN, EQ, 25-Apr-2024,387.75,388.45,394.3,385.2, 387.00,387.6,390.53,10310,40.26,1432, 4752, 46.09,0.46091173617846753,2024-04-25
INFRABEES, EQ, 25-Apr-2024,876.31,875.0,884.99,872.38, 884.80,882.79,880.63,12371,108.94,646, 8153, 65.90,0.659041306280818,2024-04-25
INFRAIETF, EQ, 25-Apr-2024,86.56,88.0,88.0,85.14, 87.43,87.37,86.96,65021,56.54,815, 24530, 37.73,0.37726273050245307,2024-04-25
INFY, EQ, 25-Apr-2024,1430.75,1420.0,1444.9,1420.0, 1438.30,1438.45,1436.68,9089398,130585.71,213914, 5307048, 58.39,0.5838723312589018,2024-04-25
INGERRAND, EQ, 25-Apr-2024,3895.9,3915.4,4020.25,3891.3, 4010.00,4001.25,3984.26,12765,508.59,3489, 6654, 52.13,0.5212690951821387,2024-04-25
INNOVACAP, EQ, 25-Apr-2024,474.0,470.25,475.85,470.05, 471.60,471.95,472.01,15422,72.79,1521, 8884, 57.61,0.5760601737777201,2024-04-25
INOXGREEN, EQ, 25-Apr-2024,151.9,153.75,154.8,148.15, 152.10,151.9,152.0,1376961,2093.04,9695, 982584, 71.36,0.7135888380280923,2024-04-25
INOXINDIA, EQ, 25-Apr-2024,1380.6,1382.0,1411.0,1366.0, 1370.00,1375.1,1385.32,366178,5072.72,25191, 134872, 36.83,0.3683236021825451,2024-04-25
INOXWIND, EQ, 25-Apr-2024,602.9,604.7,658.4,604.0, 649.00,645.5,638.56,6839962,43677.45,113492, 2024767, 29.60,0.29602021180819427,2024-04-25
INSECTICID, EQ, 25-Apr-2024,578.4,580.0,584.7,570.0, 579.15,577.7,578.17,30380,175.65,3428, 16537, 54.43,0.5443383805134957,2024-04-25
INTELLECT, EQ, 25-Apr-2024,1028.65,1030.0,1059.0,1022.65, 1051.00,1049.35,1046.23,487262,5097.9,25692, 137935, 28.31,0.2830817917260119,2024-04-25
INTENTECH, BE, 25-Apr-2024,120.9,126.8,126.8,119.65, 121.00,120.6,121.67,26328,32.03,179, -, -,,2024-04-25
INTLCONV, EQ, 25-Apr-2024,88.35,87.1,88.85,87.0, 87.55,87.75,87.7,154627,135.61,2296, 92654, 59.92,0.5992097111112549,2024-04-25
INVENTURE, BE, 25-Apr-2024,2.3,2.3,2.3,2.25, 2.25,2.25,2.26,276108,6.25,163, -, -,,2024-04-25
IOB, EQ, 25-Apr-2024,63.25,63.4,67.45,62.85, 66.70,66.9,66.1,41297357,27299.27,71191, 11319515, 27.41,0.2740978072761412,2024-04-25
IOC, EQ, 25-Apr-2024,168.75,169.45,171.0,168.75, 170.25,170.2,170.22,14757776,25120.7,63205, 6308417, 42.75,0.42746393494521123,2024-04-25
IOLCP, EQ, 25-Apr-2024,401.95,401.95,404.65,393.1, 398.00,400.35,401.39,142518,572.06,7170, 69631, 48.86,0.4885768815167207,2024-04-25
IONEXCHANG, EQ, 25-Apr-2024,548.0,549.45,562.0,546.2, 557.10,557.15,554.84,218068,1209.93,19704, 97131, 44.54,0.4454161087367243,2024-04-25
IPCALAB, EQ, 25-Apr-2024,1347.25,1348.95,1354.0,1322.0, 1325.50,1328.45,1331.45,209171,2785.0,18570, 60759, 29.05,0.2904752570863074,2024-04-25
IPL, EQ, 25-Apr-2024,229.55,230.0,238.0,228.3, 235.90,234.4,230.76,1422549,3282.7,8737, 928695, 65.28,0.6528386719895062,2024-04-25
IRB, EQ, 25-Apr-2024,67.6,67.5,69.35,67.25, 67.80,67.8,68.34,15248650,10420.94,38858, 5265686, 34.53,0.34532145468615255,2024-04-25
IRCON, EQ, 25-Apr-2024,241.45,245.0,246.0,240.4, 243.40,243.8,243.37,18885611,45961.39,117923, 7855640, 41.60,0.4159590070980494,2024-04-25
IRCTC, EQ, 25-Apr-2024,1025.35,1030.0,1038.0,1022.5, 1028.00,1027.8,1028.5,1586884,16321.17,51456, 505944, 31.88,0.3188285974274112,2024-04-25
IREDA, EQ, 25-Apr-2024,166.6,166.5,170.4,165.4, 167.20,167.25,168.24,17047847,28681.39,89448, 6535139, 38.33,0.3833410166104846,2024-04-25
IRFC, EQ, 25-Apr-2024,149.0,149.0,152.0,147.25, 150.35,150.25,150.48,43990323,66196.55,175699, 13366113, 30.38,0.3038421200044383,2024-04-25
IRIS, EQ, 25-Apr-2024,137.35,137.5,141.7,136.5, 140.90,139.9,139.52,22423,31.28,791, 12057, 53.77,0.537706818891317,2024-04-25
IRISDOREME, EQ, 25-Apr-2024,79.05,78.05,79.65,78.05, 79.00,78.5,78.57,68326,53.68,189, 17777, 26.02,0.2601791411761262,2024-04-25
IRMENERGY, EQ, 25-Apr-2024,590.55,590.55,590.95,570.0, 572.95,575.9,577.33,93482,539.7,3815, 56933, 60.90,0.6090263366209537,2024-04-25
ISEC, EQ, 25-Apr-2024,732.6,732.0,746.65,731.6, 740.70,741.25,740.33,1299772,9622.62,17994, 675172, 51.95,0.5194541811948558,2024-04-25
ISFT, EQ, 25-Apr-2024,141.6,141.8,142.0,130.8, 134.15,134.4,135.39,133889,181.28,1975, 50363, 37.62,0.3761548745602701,2024-04-25
ISGEC, EQ, 25-Apr-2024,1050.5,1057.8,1080.4,1045.0, 1077.00,1067.1,1063.94,93770,997.66,17110, 50107, 53.44,0.5343606697237923,2024-04-25
ISMTLTD, EQ, 25-Apr-2024,101.85,103.0,107.35,101.95, 105.60,105.45,105.01,1697078,1782.05,13165, 653253, 38.49,0.38492809405342593,2024-04-25
IT, EQ, 25-Apr-2024,35.29,35.6,35.67,35.1, 35.39,35.36,35.31,128974,45.54,930, 85427, 66.24,0.6623583047746058,2024-04-25
ITBEES, EQ, 25-Apr-2024,35.49,35.36,35.68,35.0, 35.63,35.58,35.52,6289387,2233.79,19465, 4123974, 65.57,0.6557036480661788,2024-04-25
ITC, EQ, 25-Apr-2024,428.9,431.0,438.3,429.0, 437.80,437.55,434.52,29211997,126932.04,270594, 15252996, 52.21,0.5221483488444834,2024-04-25
ITDC, EQ, 25-Apr-2024,677.1,674.1,689.4,670.15, 679.40,680.8,678.82,48201,327.2,2517, 17684, 36.69,0.36688035517935313,2024-04-25
ITDCEM, EQ, 25-Apr-2024,379.5,377.15,388.0,374.0, 376.85,376.55,381.16,622576,2373.01,21806, 342031, 54.94,0.5493803166199789,2024-04-25
ITETF, EQ, 25-Apr-2024,33.82,33.9,34.09,33.7, 33.96,33.9,33.86,64042,21.68,467, 43094, 67.29,0.6729021579588396,2024-04-25
ITETFADD, EQ, 25-Apr-2024,33.73,33.64,34.4,33.64, 34.40,33.87,33.76,23336,7.88,206, 20637, 88.43,0.8843417895097703,2024-04-25
ITI, EQ, 25-Apr-2024,296.0,294.9,297.7,290.75, 292.80,293.5,293.95,2001554,5883.59,26466, 297037, 14.84,0.14840319072080993,2024-04-25
ITIETF, EQ, 25-Apr-2024,35.41,35.49,35.64,35.26, 35.52,35.48,35.44,625951,221.84,1311, 410127, 65.52,0.6552062381879732,2024-04-25
IVC, EQ, 25-Apr-2024,10.05,10.15,10.2,9.95, 10.00,10.0,10.04,187097,18.78,1109, 106745, 57.05,0.5705329321154268,2024-04-25
IVP, BE, 25-Apr-2024,167.5,168.0,170.85,168.0, 170.85,170.85,168.29,296,0.5,9, -, -,,2024-04-25
IVZINGOLD, EQ, 25-Apr-2024,6360.15,6323.25,6430.0,6311.05, 6340.00,6350.1,6339.62,103,6.53,47, 49, 47.57,0.47572815533980584,2024-04-25
IVZINNIFTY, EQ, 25-Apr-2024,2505.0,2488.0,2531.52,2488.0, 2515.00,2515.0,2515.92,13,0.33,8, 11, 84.62,0.8461538461538461,2024-04-25
IWEL, BE, 25-Apr-2024,6965.85,7066.0,7314.1,6890.0, 7314.10,7314.1,7218.0,20753,1497.95,2003, -, -,,2024-04-25
IZMO, EQ, 25-Apr-2024,330.85,332.1,363.9,332.1, 363.90,363.9,358.89,607862,2181.55,8048, 237383, 39.05,0.39052120382586836,2024-04-25
J&KBANK, EQ, 25-Apr-2024,129.5,129.5,133.55,129.45, 132.25,132.3,132.19,3193482,4221.52,17063, 1350693, 42.30,0.4229530650243214,2024-04-25
JAGRAN, EQ, 25-Apr-2024,102.0,102.5,104.8,101.0, 104.05,104.1,103.77,228041,236.63,3286, 138564, 60.76,0.6076275757429584,2024-04-25
JAGSNPHARM, EQ, 25-Apr-2024,320.65,320.2,340.0,320.15, 335.80,333.35,329.73,38225,126.04,2830, 22978, 60.11,0.6011249182472204,2024-04-25
JAIBALAJI, BE, 25-Apr-2024,1037.5,1064.4,1089.35,1055.0, 1089.35,1089.35,1081.27,116391,1258.5,2141, -, -,,2024-04-25
JAICORPLTD, EQ, 25-Apr-2024,318.4,318.4,329.7,317.0, 320.95,321.1,322.77,518922,1674.91,7417, 148144, 28.55,0.28548413827126234,2024-04-25
JAIPURKURT, BE, 25-Apr-2024,49.65,50.4,50.4,49.05, 49.05,49.45,49.71,7649,3.8,53, -, -,,2024-04-25
JAMNAAUTO, EQ, 25-Apr-2024,134.7,134.9,136.2,132.25, 134.40,134.5,134.79,3165804,4267.22,16593, 1275090, 40.28,0.40276972295189467,2024-04-25
JASH, EQ, 25-Apr-2024,1914.55,1920.0,1937.35,1880.0, 1890.00,1887.95,1901.46,51063,970.94,5989, 21777, 42.65,0.42647318018917807,2024-04-25
JAYAGROGN, EQ, 25-Apr-2024,244.9,242.7,247.15,242.7, 245.00,245.35,244.83,15507,37.97,838, 10692, 68.95,0.689495066744051,2024-04-25
JAYBARMARU, EQ, 25-Apr-2024,116.45,117.05,118.15,116.0, 117.00,117.0,116.91,175545,205.23,2864, 101378, 57.75,0.5775043436155971,2024-04-25
JAYNECOIND, EQ, 25-Apr-2024,52.65,52.9,55.25,52.55, 55.25,55.25,54.5,342373,186.58,1062, 238150, 69.56,0.6955863926185768,2024-04-25
JAYSREETEA, EQ, 25-Apr-2024,103.25,103.4,103.4,101.9, 102.70,102.25,102.46,24246,24.84,335, 14107, 58.18,0.5818279303802689,2024-04-25
JBCHEPHARM, EQ, 25-Apr-2024,1824.55,1813.3,1885.0,1813.3, 1875.00,1862.8,1863.14,191404,3566.13,18405, 122548, 64.03,0.6402583018118744,2024-04-25
JBMA, EQ, 25-Apr-2024,1821.25,1824.0,1840.9,1814.05, 1823.90,1821.4,1825.14,89122,1626.61,7665, 42379, 47.55,0.4755167074347524,2024-04-25
JCHAC, EQ, 25-Apr-2024,1188.8,1200.7,1201.7,1135.65, 1165.00,1150.8,1169.86,89521,1047.27,8080, 53104, 59.32,0.5932015951564438,2024-04-25
JETAIRWAYS, BZ, 25-Apr-2024,46.6,47.25,47.5,46.3, 46.90,46.8,46.81,33836,15.84,345, -, -,,2024-04-25
JETFREIGHT, EQ, 25-Apr-2024,14.25,14.5,14.55,14.2, 14.40,14.3,14.4,86530,12.46,386, 58570, 67.69,0.6768750722292847,2024-04-25
JGCHEM, EQ, 25-Apr-2024,263.3,264.8,273.8,254.1, 256.00,255.7,262.9,1883270,4951.21,42215, 417604, 22.17,0.2217440940491804,2024-04-25
JHS, BE, 25-Apr-2024,17.65,18.0,18.0,17.75, 17.80,17.8,17.82,47160,8.4,51, -, -,,2024-04-25
JINDALPHOT, EQ, 25-Apr-2024,637.5,634.5,652.55,634.5, 640.00,644.1,645.17,9687,62.5,1091, 4124, 42.57,0.4257251987199339,2024-04-25
JINDALPOLY, EQ, 25-Apr-2024,571.45,575.0,592.95,567.1, 582.80,580.4,583.27,147171,858.4,22687, 30190, 20.51,0.20513552262334292,2024-04-25
JINDALSAW, EQ, 25-Apr-2024,533.8,538.75,553.0,528.0, 546.30,547.8,543.72,1854403,10082.76,52844, 930847, 50.20,0.5019658617894815,2024-04-25
JINDALSTEL, EQ, 25-Apr-2024,936.5,935.75,945.0,926.05, 942.00,942.25,935.5,2839898,26567.11,60121, 1295574, 45.62,0.4562044129753956,2024-04-25
JINDRILL, EQ, 25-Apr-2024,798.65,804.0,817.0,790.0, 810.00,813.7,806.64,89858,724.83,5914, 44235, 49.23,0.49227670324289435,2024-04-25
JINDWORLD, EQ, 25-Apr-2024,333.75,339.1,339.35,333.0, 337.95,336.3,334.47,42473,142.06,1237, 37188, 87.56,0.875568007910908,2024-04-25
JIOFIN, EQ, 25-Apr-2024,381.85,381.85,387.35,380.25, 382.50,382.3,383.72,17043110,65397.99,146755, 7865872, 46.15,0.4615279723008301,2024-04-25
JISLDVREQS, EQ, 25-Apr-2024,33.65,33.6,34.1,33.1, 33.70,33.7,33.73,28823,9.72,290, 18033, 62.56,0.625646185338098,2024-04-25
JISLJALEQS, EQ, 25-Apr-2024,60.5,60.9,60.9,58.5, 58.85,58.8,59.64,3191053,1903.14,15865, 1610215, 50.46,0.5046030260230714,2024-04-25
JITFINFRA, BE, 25-Apr-2024,638.75,638.75,670.65,625.0, 670.65,670.65,661.0,43291,286.16,510, -, -,,2024-04-25
JKCEMENT, EQ, 25-Apr-2024,4175.25,4150.0,4152.05,4000.05, 4042.00,4031.55,4054.63,363377,14733.61,26598, 213332, 58.71,0.5870817360482364,2024-04-25
JKIL, EQ, 25-Apr-2024,643.0,641.5,657.95,633.1, 650.00,650.05,643.62,332488,2139.96,13985, 205808, 61.90,0.6189937681961454,2024-04-25
JKLAKSHMI, EQ, 25-Apr-2024,802.2,803.0,808.0,795.05, 797.10,798.1,800.47,91905,735.67,8602, 48135, 52.37,0.5237473478047985,2024-04-25
JKPAPER, EQ, 25-Apr-2024,368.85,367.8,377.75,363.15, 374.00,374.3,374.57,1066086,3993.2,44011, 551127, 51.70,0.5169629842245372,2024-04-25
JKTYRE, EQ, 25-Apr-2024,406.85,409.0,415.9,406.05, 414.80,414.3,413.31,383486,1585.0,15025, 237382, 61.90,0.6190108634995801,2024-04-25
JLHL, EQ, 25-Apr-2024,1237.6,1245.25,1248.65,1211.0, 1232.00,1231.35,1224.29,23822,291.65,4717, 11076, 46.49,0.46494836705566284,2024-04-25
JMA, BE, 25-Apr-2024,99.3,100.2,102.0,98.0, 99.60,99.75,100.01,12842,12.84,124, -, -,,2024-04-25
JMFINANCIL, EQ, 25-Apr-2024,83.0,83.55,83.6,81.8, 82.30,82.35,82.67,2330830,1926.84,9854, 1137604, 48.81,0.48806819888194336,2024-04-25
JOCIL, EQ, 25-Apr-2024,191.4,193.8,193.8,189.4, 192.80,191.9,191.23,8190,15.66,286, 6035, 73.69,0.7368742368742369,2024-04-25
JPASSOCIAT, EQ, 25-Apr-2024,20.25,20.2,20.5,19.7, 19.90,19.8,20.07,18431772,3698.67,10788, 9513229, 51.61,0.5161320897415614,2024-04-25
JPOLYINVST, EQ, 25-Apr-2024,716.15,728.65,729.8,700.0, 729.80,712.15,713.76,5539,39.54,1101, 2003, 36.16,0.36161762050911717,2024-04-25
JPPOWER, BE, 25-Apr-2024,18.05,18.1,18.2,18.0, 18.10,18.05,18.06,14626951,2641.59,21607, -, -,,2024-04-25
JSFB, EQ, 25-Apr-2024,478.65,482.6,497.0,477.0, 486.35,488.3,487.34,239741,1168.35,12748, 113577, 47.37,0.4737487538635444,2024-04-25
JSL, EQ, 25-Apr-2024,737.75,736.9,741.6,723.45, 726.95,729.7,733.29,1020024,7479.7,71142, 560611, 54.96,0.5496056955522615,2024-04-25
JSWENERGY, EQ, 25-Apr-2024,600.4,603.0,613.65,602.1, 605.00,604.7,607.0,1539624,9345.59,35955, 527706, 34.27,0.3427499181618369,2024-04-25
JSWHL, EQ, 25-Apr-2024,6846.35,6846.0,7000.0,6810.2, 6905.00,6976.05,6946.87,4424,307.33,1403, 2134, 48.24,0.48236889692585894,2024-04-25
JSWINFRA, EQ, 25-Apr-2024,249.05,249.0,254.4,247.85, 252.00,252.2,252.42,2844520,7180.25,22919, 1833832, 64.47,0.6446894379368048,2024-04-25
JSWSTEEL, EQ, 25-Apr-2024,882.7,882.7,909.4,874.35, 903.10,905.8,895.2,4893459,43806.03,164594, 1796856, 36.72,0.3671954746121302,2024-04-25
JTEKTINDIA, EQ, 25-Apr-2024,180.55,179.45,182.0,178.4, 179.35,180.0,180.03,194455,350.07,6101, 95694, 49.21,0.4921138566763519,2024-04-25
JTLIND, EQ, 25-Apr-2024,208.3,210.0,210.7,206.5, 208.65,209.0,208.7,585181,1221.26,10016, 324438, 55.44,0.5544233322681359,2024-04-25
JUBLFOOD, EQ, 25-Apr-2024,440.15,441.8,441.8,437.3, 438.00,439.0,438.96,1394515,6121.39,23669, 705435, 50.59,0.505864045922776,2024-04-25
JUBLINDS, EQ, 25-Apr-2024,1213.4,1229.95,1230.0,1192.0, 1199.50,1199.15,1209.25,7190,86.94,967, 3963, 55.12,0.551182197496523,2024-04-25
JUBLINGREA, EQ, 25-Apr-2024,555.45,556.0,570.0,553.1, 559.75,560.15,561.57,538935,3026.51,24813, 213385, 39.59,0.39593828569307987,2024-04-25
JUBLPHARMA, EQ, 25-Apr-2024,682.3,670.0,699.95,670.0, 678.00,677.8,683.31,216020,1476.09,14837, 77544, 35.90,0.3589667623368207,2024-04-25
JUNIORBEES, EQ, 25-Apr-2024,673.86,694.1,694.1,658.02, 678.20,677.56,675.53,121210,818.81,4837, 70896, 58.49,0.5849022357891263,2024-04-25
JUNIPER, EQ, 25-Apr-2024,472.4,474.85,486.0,464.0, 466.05,466.35,474.79,244313,1159.98,6941, 172590, 70.64,0.7064298666055429,2024-04-25
JUSTDIAL, EQ, 25-Apr-2024,1083.7,1083.7,1090.0,1066.1, 1072.60,1075.95,1074.85,347801,3738.34,16804, 81875, 23.54,0.23540760377342215,2024-04-25
JWL, EQ, 25-Apr-2024,391.4,393.9,442.4,392.0, 423.20,419.55,427.18,15169959,64803.65,216969, 3691624, 24.34,0.24335095434338352,2024-04-25
JYOTHYLAB, EQ, 25-Apr-2024,421.6,422.55,465.95,421.0, 424.55,426.7,442.18,4219762,18658.79,148550, 846240, 20.05,0.20054211588236492,2024-04-25
JYOTICNC, EQ, 25-Apr-2024,805.0,809.9,820.95,792.0, 795.00,795.15,801.36,266969,2139.38,11020, 115813, 43.38,0.43380692140285954,2024-04-25
JYOTISTRUC, BE, 25-Apr-2024,22.65,22.8,23.35,22.3, 23.00,23.0,23.05,2844265,655.54,2321, -, -,,2024-04-25
KABRAEXTRU, EQ, 25-Apr-2024,385.5,382.8,386.7,375.25, 375.25,378.25,379.93,91291,346.84,7364, 32174, 35.24,0.3524334271724485,2024-04-25
KAJARIACER, EQ, 25-Apr-2024,1220.5,1222.0,1224.0,1209.8, 1217.00,1212.85,1215.8,74263,902.89,10474, 44966, 60.55,0.6054966807158343,2024-04-25
KAKATCEM, EQ, 25-Apr-2024,218.2,217.65,219.95,217.65, 218.00,218.45,218.58,3036,6.64,210, 2023, 66.63,0.6663372859025033,2024-04-25
KALAMANDIR, EQ, 25-Apr-2024,208.1,208.9,209.0,202.25, 204.50,202.75,203.85,328409,669.47,6184, 250442, 76.26,0.7625917681914929,2024-04-25
KALYANIFRG, EQ, 25-Apr-2024,426.85,426.9,443.85,424.1, 442.50,441.15,434.07,3537,15.35,323, 2105, 59.51,0.5951371218546792,2024-04-25
KALYANKJIL, EQ, 25-Apr-2024,421.8,421.75,422.0,414.65, 418.50,417.8,417.42,983530,4105.45,34910, 567610, 57.71,0.5771150854574848,2024-04-25
KAMATHOTEL, EQ, 25-Apr-2024,295.2,298.6,298.6,291.1, 291.60,292.25,293.56,16471,48.35,629, 11691, 70.98,0.7097929694614777,2024-04-25
KAMDHENU, EQ, 25-Apr-2024,531.9,547.0,547.0,530.1, 530.20,531.1,534.88,17194,91.97,758, 9846, 57.26,0.5726416191694778,2024-04-25
KAMOPAINTS, EQ, 25-Apr-2024,181.95,182.0,189.95,181.55, 185.05,185.4,186.84,593072,1108.11,17551, 109701, 18.50,0.18497079612593412,2024-04-25
KANANIIND, BE, 25-Apr-2024,3.85,3.8,3.8,3.8, 3.80,3.8,3.8,76051,2.89,256, -, -,,2024-04-25
KANORICHEM, EQ, 25-Apr-2024,126.9,125.85,128.85,118.4, 124.20,123.2,124.31,85864,106.73,1138, 52269, 60.87,0.6087417311096618,2024-04-25
KANPRPLA, EQ, 25-Apr-2024,110.45,110.45,111.95,109.0, 111.90,111.35,111.32,5632,6.27,187, 3806, 67.58,0.67578125,2024-04-25
KANSAINER, EQ, 25-Apr-2024,278.9,281.7,281.7,275.5, 278.95,278.5,277.9,196780,546.85,8935, 103889, 52.79,0.5279449131009248,2024-04-25
KAPSTON, EQ, 25-Apr-2024,287.5,285.0,298.0,281.55, 298.00,290.2,289.99,10043,29.12,878, 5429, 54.06,0.5405755252414617,2024-04-25
KARMAENG, BE, 25-Apr-2024,73.95,75.4,75.4,75.4, 75.40,75.4,75.4,3260,2.46,17, -, -,,2024-04-25
KARURVYSYA, EQ, 25-Apr-2024,189.6,189.6,192.85,188.45, 191.35,191.25,190.85,1267899,2419.84,23041, 690020, 54.42,0.5442231597311773,2024-04-25
KAUSHALYA, EQ, 25-Apr-2024,833.65,849.75,854.95,810.0, 810.00,817.0,831.45,766,6.37,152, 451, 58.88,0.5887728459530026,2024-04-25
KAVVERITEL, EQ, 25-Apr-2024,14.35,14.6,14.95,13.8, 14.00,14.1,14.12,47401,6.69,275, 31044, 65.49,0.6549228919221114,2024-04-25
KAYA, EQ, 25-Apr-2024,339.25,340.0,350.9,339.35, 341.15,341.5,343.73,10075,34.63,649, 6766, 67.16,0.6715632754342432,2024-04-25
KAYNES, EQ, 25-Apr-2024,2622.55,2622.55,2675.0,2618.05, 2642.00,2647.25,2653.15,58254,1545.57,9920, 36840, 63.24,0.6324029251210217,2024-04-25
KBCGLOBAL, EQ, 25-Apr-2024,1.95,1.95,2.0,1.9, 2.00,2.0,1.98,11214192,222.2,2614, 6273062, 55.94,0.5593859994549764,2024-04-25
KCP, EQ, 25-Apr-2024,182.9,182.7,184.8,177.9, 179.00,178.75,180.57,361313,652.43,10825, 187218, 51.82,0.5181601547688569,2024-04-25
KCPSUGIND, EQ, 25-Apr-2024,40.45,40.65,42.95,40.5, 41.10,40.9,41.31,777918,321.35,4225, 389369, 50.05,0.5005270478379469,2024-04-25
KDDL, EQ, 25-Apr-2024,2639.7,2648.0,2674.0,2552.0, 2589.00,2567.5,2592.33,16127,418.07,3484, 8459, 52.45,0.5245240900353445,2024-04-25
KEC, EQ, 25-Apr-2024,738.6,736.35,741.7,732.0, 734.00,733.8,736.02,123173,906.58,10344, 57437, 46.63,0.4663116104990542,2024-04-25
KECL, EQ, 25-Apr-2024,117.55,117.9,119.6,117.55, 118.20,118.4,118.55,162424,192.55,2247, 75469, 46.46,0.46464192483869377,2024-04-25
KEEPLEARN, EQ, 25-Apr-2024,4.25,4.45,4.45,4.45, 4.45,4.45,4.45,15879,0.71,15, 15872, 99.96,0.9995591661943447,2024-04-25
KEI, EQ, 25-Apr-2024,3949.05,3955.0,3964.6,3897.0, 3934.00,3918.15,3933.44,135590,5333.35,19873, 60266, 44.45,0.4444723062172727,2024-04-25
KELLTONTEC, EQ, 25-Apr-2024,100.5,100.55,100.85,99.2, 99.70,99.5,99.98,346225,346.17,3760, 217573, 62.84,0.6284150480179075,2024-04-25
KERNEX, EQ, 25-Apr-2024,547.05,550.15,558.05,540.1, 547.00,544.05,547.74,12648,69.28,622, 7880, 62.30,0.6230234029095509,2024-04-25
KESORAMIND, EQ, 25-Apr-2024,174.1,173.5,176.8,172.8, 174.20,174.6,175.11,638151,1117.5,5140, 359587, 56.35,0.5634826240184533,2024-04-25
KEYFINSERV, BE, 25-Apr-2024,190.6,194.95,194.95,185.7, 190.90,186.5,188.66,2255,4.25,50, -, -,,2024-04-25
KFINTECH, EQ, 25-Apr-2024,655.35,659.0,665.75,645.5, 664.00,660.75,654.09,448163,2931.41,24999, 322306, 71.92,0.7191713729156579,2024-04-25
KHADIM, EQ, 25-Apr-2024,363.55,367.0,370.0,360.0, 368.50,366.1,363.9,16925,61.59,1693, 10186, 60.18,0.6018316100443132,2024-04-25
KHAICHEM, EQ, 25-Apr-2024,76.15,76.5,77.55,74.3, 75.00,74.65,75.78,174299,132.08,1758, 106629, 61.18,0.6117591036093151,2024-04-25
KHAITANLTD, EQ, 25-Apr-2024,69.25,69.85,71.0,69.4, 70.70,70.1,70.0,8801,6.16,155, 7426, 84.38,0.8437677536643563,2024-04-25
KHANDSE, EQ, 25-Apr-2024,29.3,29.8,30.5,28.2, 30.50,30.25,29.65,8235,2.44,109, 6426, 78.03,0.780327868852459,2024-04-25
KICL, EQ, 25-Apr-2024,4316.0,4336.0,4463.95,4336.0, 4450.00,4437.35,4406.44,14575,642.24,4013, 7415, 50.87,0.5087478559176672,2024-04-25
KILITCH, EQ, 25-Apr-2024,346.3,354.05,363.6,345.3, 351.95,347.75,357.92,9200,32.93,230, 5226, 56.80,0.5680434782608695,2024-04-25
KIMS, EQ, 25-Apr-2024,2026.55,2045.0,2050.0,2010.0, 2019.50,2020.45,2030.37,24600,499.47,4119, 11663, 47.41,0.4741056910569106,2024-04-25
KINGFA, EQ, 25-Apr-2024,1923.9,1932.55,1940.0,1909.8, 1911.00,1934.55,1927.81,6657,128.33,738, 5291, 79.48,0.7948024635721797,2024-04-25
KIOCL, EQ, 25-Apr-2024,446.75,445.9,453.2,444.0, 444.50,445.0,447.05,156665,700.36,10243, 60360, 38.53,0.38528069447547314,2024-04-25
KIRIINDUS, EQ, 25-Apr-2024,379.2,380.0,382.85,375.05, 378.25,378.05,378.65,96750,366.34,9133, 35439, 36.63,0.36629457364341084,2024-04-25
KIRLOSBROS, EQ, 25-Apr-2024,1315.1,1303.25,1353.8,1281.15, 1350.00,1335.0,1326.02,226611,3004.91,23941, 78549, 34.66,0.346624832863365,2024-04-25
KIRLOSENG, EQ, 25-Apr-2024,953.25,965.0,968.0,941.0, 960.05,954.05,951.05,160727,1528.59,12323, 90098, 56.06,0.5605654308236948,2024-04-25
KIRLOSIND, EQ, 25-Apr-2024,4530.3,4525.0,4655.0,4481.35, 4650.00,4637.15,4587.88,6064,278.21,1495, 2670, 44.03,0.4403034300791557,2024-04-25
KIRLPNU, EQ, 25-Apr-2024,795.2,803.0,934.0,790.5, 919.00,908.6,870.65,3374324,29378.64,108237, 751693, 22.28,0.22276847155163523,2024-04-25
KITEX, EQ, 25-Apr-2024,205.05,205.6,205.6,201.6, 202.55,202.7,202.92,85006,172.49,2919, 42276, 49.73,0.4973296002635108,2024-04-25
KKCL, EQ, 25-Apr-2024,700.8,704.25,721.35,698.55, 705.05,703.05,712.89,31717,226.11,3909, 15741, 49.63,0.4962953621086484,2024-04-25
KMSUGAR, EQ, 25-Apr-2024,39.2,39.6,43.1,39.35, 43.10,43.05,42.38,3922321,1662.21,11042, 1978363, 50.44,0.5043857960630963,2024-04-25
KNRCON, EQ, 25-Apr-2024,261.85,261.85,264.55,259.95, 263.00,262.15,262.73,252722,663.98,7647, 137724, 54.50,0.5449624488568466,2024-04-25
KOHINOOR, EQ, 25-Apr-2024,41.45,42.0,43.5,41.5, 41.65,41.8,42.03,85486,35.93,733, 51133, 59.81,0.5981447254521208,2024-04-25
KOKUYOCMLN, EQ, 25-Apr-2024,138.25,138.0,147.25,138.0, 139.65,139.95,142.72,577714,824.52,7982, 117870, 20.40,0.20402829081517845,2024-04-25
KOLTEPATIL, EQ, 25-Apr-2024,541.6,542.5,550.05,535.4, 540.65,543.7,542.46,147327,799.19,13968, 51105, 34.69,0.3468814270296687,2024-04-25
KOPRAN, EQ, 25-Apr-2024,262.7,262.85,264.85,257.5, 259.10,259.5,261.44,169835,444.02,5837, 87535, 51.54,0.5154120175464422,2024-04-25
KOTAKBANK, EQ, 25-Apr-2024,1842.8,1665.0,1697.8,1602.0, 1645.00,1642.45,1654.95,66179079,1095231.83,1286396, 40653282, 61.43,0.6142920483979537,2024-04-25
KOTARISUG, EQ, 25-Apr-2024,58.95,59.25,61.9,59.2, 60.15,60.2,60.69,432026,262.18,2960, 207930, 48.13,0.4812904778879049,2024-04-25
KOTHARIPET, EQ, 25-Apr-2024,133.95,135.3,135.85,133.1, 134.40,134.0,134.24,46840,62.88,1302, 23778, 50.76,0.5076430401366353,2024-04-25
KOTHARIPRO, EQ, 25-Apr-2024,127.9,128.0,130.4,127.8, 128.40,129.25,129.41,11284,14.6,350, 9254, 82.01,0.8200992555831266,2024-04-25
KPIGREEN, EQ, 25-Apr-2024,2008.75,2080.0,2109.15,2030.0, 2109.15,2109.15,2095.99,534744,11208.17,17880, 250631, 46.87,0.4686934308753347,2024-04-25
KPIL, EQ, 25-Apr-2024,1174.95,1175.0,1197.95,1165.65, 1178.00,1183.5,1186.19,92488,1097.08,10493, 33321, 36.03,0.360273765245221,2024-04-25
KPITTECH, EQ, 25-Apr-2024,1371.2,1372.0,1384.9,1362.65, 1373.00,1373.95,1373.85,515923,7088.0,33411, 315846, 61.22,0.6121960059931424,2024-04-25
KPRMILL, EQ, 25-Apr-2024,887.8,888.95,891.6,862.1, 865.00,866.4,875.51,179403,1570.69,17074, 85573, 47.70,0.47698756431051875,2024-04-25
KRBL, EQ, 25-Apr-2024,296.0,297.0,302.15,296.2, 299.50,299.25,298.46,352792,1052.95,11997, 191616, 54.31,0.5431415678360053,2024-04-25
KREBSBIO, EQ, 25-Apr-2024,72.2,72.1,72.9,70.85, 71.55,71.55,71.4,1445,1.03,49, 1052, 72.80,0.7280276816608997,2024-04-25
KRIDHANINF, BE, 25-Apr-2024,4.6,4.65,4.75,4.4, 4.40,4.4,4.48,114122,5.12,171, -, -,,2024-04-25
KRISHANA, EQ, 25-Apr-2024,228.25,229.5,240.15,228.3, 237.40,237.7,236.44,87549,207.01,2347, 52922, 60.45,0.604484345909148,2024-04-25
KRITI, EQ, 25-Apr-2024,137.75,139.75,139.75,136.55, 138.85,137.95,138.1,28951,39.98,1028, 16817, 58.09,0.5808780353010259,2024-04-25
KRITIKA, BE, 25-Apr-2024,21.1,21.5,21.5,21.5, 21.50,21.5,21.5,866426,186.28,594, -, -,,2024-04-25
KRITINUT, EQ, 25-Apr-2024,110.2,108.5,111.9,108.05, 109.05,111.1,109.55,40196,44.04,880, 18827, 46.84,0.46837993830231867,2024-04-25
KRSNAA, EQ, 25-Apr-2024,562.4,563.95,582.5,561.5, 573.10,571.6,574.33,193966,1114.01,17777, 115411, 59.50,0.5950063413175505,2024-04-25
KRYSTAL, EQ, 25-Apr-2024,761.25,767.4,774.7,756.2, 762.55,767.15,764.95,422826,3234.4,11882, 87450, 20.68,0.20682266464219323,2024-04-25
KSB, EQ, 25-Apr-2024,4682.25,4688.8,4979.95,4660.25, 4915.00,4931.7,4918.44,224932,11063.14,34462, 94258, 41.91,0.41905109099639004,2024-04-25
KSCL, EQ, 25-Apr-2024,787.25,787.3,845.0,782.0, 836.05,841.1,823.16,756551,6227.64,42524, 194879, 25.76,0.25758871510314574,2024-04-25
KSHITIJPOL, BE, 25-Apr-2024,5.3,5.4,5.4,5.4, 5.40,5.4,5.4,71492,3.86,59, -, -,,2024-04-25
KSL, EQ, 25-Apr-2024,882.4,886.5,923.0,883.1, 903.00,892.25,901.93,110526,996.87,9770, 57606, 52.12,0.5211986319960914,2024-04-25
KSOLVES, EQ, 25-Apr-2024,1099.1,1099.1,1113.7,1085.1, 1110.00,1105.25,1098.14,29322,322.0,5701, 13920, 47.47,0.47472887251892776,2024-04-25
KTKBANK, EQ, 25-Apr-2024,224.25,224.25,229.5,224.0, 227.00,226.9,226.05,2408163,5443.65,28129, 1354030, 56.23,0.5622667568598969,2024-04-25
KUANTUM, EQ, 25-Apr-2024,160.6,160.0,163.5,158.0, 161.80,161.6,160.76,63630,102.29,2790, 34488, 54.20,0.542008486562942,2024-04-25
LAGNAM, BE, 25-Apr-2024,139.25,146.2,146.2,146.2, 146.20,146.2,146.2,34557,50.52,316, -, -,,2024-04-25
LAKPRE, BZ, 25-Apr-2024,4.25,4.45,4.45,4.45, 4.45,4.45,4.45,1500,0.07,9, -, -,,2024-04-25
LAL, BE, 25-Apr-2024,26.35,26.35,26.35,25.85, 25.85,25.85,26.23,32837,8.61,131, -, -,,2024-04-25
LALPATHLAB, EQ, 25-Apr-2024,2328.85,2335.0,2343.0,2307.05, 2324.20,2330.65,2327.09,116745,2716.76,16671, 40947, 35.07,0.35073878966979316,2024-04-25
LAMBODHARA, EQ, 25-Apr-2024,155.6,156.2,158.45,155.6, 156.05,156.35,156.49,6253,9.79,290, 4520, 72.29,0.7228530305453382,2024-04-25
LANCORHOL, EQ, 25-Apr-2024,50.8,49.5,51.45,48.8, 49.50,49.4,49.68,118410,58.83,464, 92845, 78.41,0.7840976268896208,2024-04-25
LANDMARK, EQ, 25-Apr-2024,788.45,795.0,797.95,765.05, 770.00,769.45,781.0,88357,690.07,6978, 45244, 51.21,0.5120590332401508,2024-04-25
LAOPALA, EQ, 25-Apr-2024,322.6,323.0,329.6,323.0, 329.30,328.7,326.86,132417,432.81,7434, 75394, 56.94,0.5693679814525325,2024-04-25
LASA, EQ, 25-Apr-2024,25.65,25.95,26.2,25.1, 25.85,25.7,25.59,55708,14.26,542, 38598, 69.29,0.6928627845192791,2024-04-25
LATENTVIEW, BE, 25-Apr-2024,504.65,509.5,509.65,498.0, 502.95,501.25,502.48,151740,762.46,3283, -, -,,2024-04-25
LATTEYS, BE, 25-Apr-2024,16.3,16.6,16.6,16.6, 16.60,16.6,16.6,37088,6.16,64, -, -,,2024-04-25
LAURUSLABS, EQ, 25-Apr-2024,434.4,434.45,438.9,420.05, 424.00,425.9,429.1,3421872,14683.19,51686, 698714, 20.42,0.20419057171045557,2024-04-25
LAXMICOT, EQ, 25-Apr-2024,33.35,33.0,34.15,32.55, 33.20,33.0,33.45,100628,33.66,386, 46692, 46.40,0.464006042055889,2024-04-25
LAXMIMACH, EQ, 25-Apr-2024,16734.25,16870.0,16870.0,16598.0, 16725.00,16718.25,16751.66,2491,417.28,1301, 935, 37.54,0.3753512645523886,2024-04-25
LCCINFOTEC, BE, 25-Apr-2024,1.9,1.95,1.95,1.95, 1.95,1.95,1.95,35693,0.7,49, -, -,,2024-04-25
LEMONTREE, EQ, 25-Apr-2024,136.75,136.0,139.95,134.5, 138.50,138.2,137.85,4818346,6641.87,46254, 2105333, 43.69,0.43694101668912944,2024-04-25
LEXUS, EQ, 25-Apr-2024,42.45,42.25,50.4,42.1, 49.10,49.15,48.09,973504,468.11,4830, 263052, 27.02,0.2702115245545986,2024-04-25
LFIC, BE, 25-Apr-2024,178.85,178.85,183.0,174.25, 178.05,178.05,178.78,842,1.51,34, -, -,,2024-04-25
LGBBROSLTD, EQ, 25-Apr-2024,1308.35,1314.9,1322.95,1301.0, 1311.50,1308.3,1310.77,18037,236.42,3427, 10964, 60.79,0.6078616177856628,2024-04-25
LGBFORGE, EQ, 25-Apr-2024,10.7,10.9,10.9,10.45, 10.55,10.55,10.61,105283,11.17,806, 62023, 58.91,0.5891074532450633,2024-04-25
LGHL, BE, 25-Apr-2024,265.0,265.0,267.0,258.0, 267.00,261.6,264.04,538,1.42,26, -, -,,2024-04-25
LIBAS, EQ, 25-Apr-2024,19.35,19.75,20.6,19.25, 20.50,20.45,20.16,250068,50.4,564, 172587, 69.02,0.6901602764048179,2024-04-25
LIBERTSHOE, EQ, 25-Apr-2024,341.5,350.0,353.0,334.0, 338.00,337.9,341.53,99507,339.84,2179, 69175, 69.52,0.6951772237129046,2024-04-25
LICHSGFIN, EQ, 25-Apr-2024,673.45,675.0,675.0,656.5, 662.40,661.25,663.46,2711612,17990.36,73429, 1448530, 53.42,0.5341951577143043,2024-04-25
LICI, EQ, 25-Apr-2024,990.75,995.0,995.2,979.45, 985.00,984.5,984.51,1754417,17272.4,50174, 807479, 46.03,0.46025488809102966,2024-04-25
LICMFGOLD, EQ, 25-Apr-2024,6580.85,6561.55,6599.25,6535.0, 6560.00,6559.2,6556.95,282,18.49,91, 198, 70.21,0.7021276595744681,2024-04-25
LICNETFGSC, EQ, 25-Apr-2024,25.3,25.7,25.7,23.57, 25.05,25.04,25.07,16399,4.11,152, 16104, 98.20,0.9820110982376974,2024-04-25
LICNETFN50, EQ, 25-Apr-2024,243.04,245.97,245.97,242.28, 244.81,244.99,243.89,395,0.96,36, 296, 74.94,0.7493670886075949,2024-04-25
LICNETFSEN, EQ, 25-Apr-2024,809.61,809.61,817.0,797.61, 813.38,814.33,809.63,397,3.21,20, 370, 93.20,0.9319899244332494,2024-04-25
LICNFNHGP, EQ, 25-Apr-2024,248.45,247.0,254.0,246.18, 254.00,254.0,248.99,445,1.11,18, 441, 99.10,0.9910112359550561,2024-04-25
LICNMID100, EQ, 25-Apr-2024,50.72,50.72,50.72,50.0, 50.69,50.62,50.12,3719,1.86,92, 3271, 87.95,0.8795375100833558,2024-04-25
LIKHITHA, EQ, 25-Apr-2024,320.8,320.55,322.5,312.15, 316.00,316.75,317.09,177787,563.75,5074, 96629, 54.35,0.5435099304223593,2024-04-25
LINC, EQ, 25-Apr-2024,603.45,603.5,610.0,592.0, 594.05,599.3,599.45,13954,83.65,2202, 7108, 50.94,0.5093879891070661,2024-04-25
LINCOLN, EQ, 25-Apr-2024,593.3,598.5,603.0,589.2, 598.55,600.35,598.14,18355,109.79,1914, 9480, 51.65,0.5164805230182512,2024-04-25
LINDEINDIA, EQ, 25-Apr-2024,8245.15,8050.0,8480.0,8027.0, 8358.70,8390.0,8295.57,196389,16291.58,32183, 40425, 20.58,0.20584146769931105,2024-04-25
LIQUID, EQ, 25-Apr-2024,999.99,1000.0,1000.0,999.99, 1000.00,999.99,1000.0,102684,1026.84,140, 82660, 80.50,0.8049939620583538,2024-04-25
LIQUID1, EQ, 25-Apr-2024,999.99,1000.0,1000.01,999.99, 1000.01,1000.0,1000.0,20419,204.19,10, 10402, 50.94,0.5094274940006857,2024-04-25
LIQUIDADD, EQ, 25-Apr-2024,1006.02,1005.99,1006.21,1005.99, 1006.21,1006.21,1006.21,1012875,10191.65,649, 1009120, 99.63,0.9962927310872516,2024-04-25
LIQUIDBEES, EQ, 25-Apr-2024,999.99,1000.0,1004.7,995.3, 1000.00,999.99,1000.0,3963306,39632.93,8131, 3344126, 84.38,0.84377184098326,2024-04-25
LIQUIDCASE, EQ, 25-Apr-2024,101.81,101.83,101.83,101.81, 101.83,101.82,101.82,3442963,3505.73,2130, 2614993, 75.95,0.7595181824492451,2024-04-25
LIQUIDETF, EQ, 25-Apr-2024,999.99,999.99,1010.0,999.99, 1000.00,1000.0,1000.07,237056,2370.73,2509, 121194, 51.12,0.5112462877969762,2024-04-25
LIQUIDIETF, EQ, 25-Apr-2024,999.99,999.99,1000.0,999.99, 1000.00,999.99,1000.0,373129,3731.29,301, 280517, 75.18,0.7517962956511018,2024-04-25
LIQUIDSBI, EQ, 25-Apr-2024,1000.0,1000.0,1000.01,999.99, 1000.01,1000.0,1000.01,16739,167.39,22, 14118, 84.34,0.8434195591134477,2024-04-25
LLOYDSENGG, EQ, 25-Apr-2024,65.4,65.3,66.75,64.15, 64.35,64.45,65.61,11219024,7361.34,28226, 3865664, 34.46,0.3445633060415951,2024-04-25
LLOYDSME, EQ, 25-Apr-2024,731.15,732.35,749.0,726.8, 735.00,730.5,739.77,479626,3548.11,21867, 262970, 54.83,0.5482813692335278,2024-04-25
LODHA, EQ, 25-Apr-2024,1250.45,1279.9,1309.45,1192.85, 1212.30,1213.3,1228.52,1227018,15074.16,75862, 461032, 37.57,0.3757336893183311,2024-04-25
LOKESHMACH, BE, 25-Apr-2024,443.5,449.0,464.9,436.0, 450.05,450.35,449.26,39909,179.29,624, -, -,,2024-04-25
LORDSCHLO, BE, 25-Apr-2024,130.25,133.9,133.9,129.9, 132.00,131.55,132.27,14666,19.4,126, -, -,,2024-04-25
LOTUSEYE, BE, 25-Apr-2024,60.3,60.3,60.3,58.2, 60.00,59.55,59.23,25839,15.3,212, -, -,,2024-04-25
LOVABLE, EQ, 25-Apr-2024,125.4,126.0,126.65,123.4, 123.75,124.05,124.83,15742,19.65,441, 9459, 60.09,0.6008766357514929,2024-04-25
LOWVOL, EQ, 25-Apr-2024,180.11,179.58,180.42,177.83, 179.57,179.57,179.36,641,1.15,16, 569, 88.77,0.8876755070202809,2024-04-25
LOWVOL1, EQ, 25-Apr-2024,18.27,18.55,18.55,18.07, 18.35,18.31,18.24,87630,15.98,276, 74354, 84.85,0.8484993723610635,2024-04-25
LOWVOLIETF, EQ, 25-Apr-2024,19.35,19.95,19.95,18.75, 19.42,19.38,19.3,1909726,368.62,1370, 1587945, 83.15,0.831504100588252,2024-04-25
LOYALTEX, EQ, 25-Apr-2024,576.2,576.0,583.35,568.9, 574.00,571.25,575.0,637,3.66,136, 320, 50.24,0.5023547880690737,2024-04-25
LPDC, EQ, 25-Apr-2024,10.25,10.9,11.25,9.75, 9.85,9.9,10.52,962598,101.3,2269, 447072, 46.44,0.4644431008583022,2024-04-25
LT, EQ, 25-Apr-2024,3634.85,3616.1,3666.0,3611.6, 3642.00,3652.3,3646.8,2420380,88266.36,138913, 1031256, 42.61,0.42607193911699814,2024-04-25
LTF, EQ, 25-Apr-2024,166.8,166.0,168.3,165.05, 167.75,167.75,166.82,5033663,8397.08,36677, 3198984, 63.55,0.6355181107674471,2024-04-25
LTFOODS, EQ, 25-Apr-2024,215.65,215.65,216.0,211.85, 213.50,213.45,213.39,584277,1246.77,14504, 270830, 46.35,0.46353014066957965,2024-04-25
LTGILTBEES, EQ, 25-Apr-2024,25.4,25.4,25.44,25.36, 25.39,25.38,25.37,1314673,333.54,803, 1143087, 86.95,0.8694838944741392,2024-04-25
LTIM, EQ, 25-Apr-2024,4726.8,4659.95,4687.75,4591.5, 4637.00,4634.7,4626.05,1495381,69177.07,135155, 865558, 57.88,0.5788210496187928,2024-04-25
LTTS, EQ, 25-Apr-2024,5245.2,5223.3,5240.6,5091.05, 5171.20,5182.85,5157.33,202131,10424.56,26911, 56616, 28.01,0.2800955815782834,2024-04-25
LUMAXIND, EQ, 25-Apr-2024,2501.95,2518.4,2572.4,2501.2, 2550.00,2552.3,2539.82,9900,251.44,2152, 4200, 42.42,0.42424242424242425,2024-04-25
LUMAXTECH, EQ, 25-Apr-2024,493.05,505.0,515.0,488.0, 490.00,488.75,500.35,743476,3719.97,22695, 282471, 37.99,0.3799329097375033,2024-04-25
LUPIN, EQ, 25-Apr-2024,1580.0,1580.8,1600.25,1578.7, 1592.40,1594.4,1593.61,1203147,19173.44,58582, 754219, 62.69,0.6268718618755647,2024-04-25
LUXIND, EQ, 25-Apr-2024,1377.3,1374.1,1376.05,1345.0, 1348.80,1351.3,1359.06,112180,1524.59,12087, 47279, 42.15,0.421456587627028,2024-04-25
LXCHEM, EQ, 25-Apr-2024,251.75,251.75,253.6,249.55, 250.90,250.25,250.89,543893,1364.6,13120, 266422, 48.98,0.4898426712607075,2024-04-25
LYKALABS, EQ, 25-Apr-2024,128.2,129.95,130.0,125.6, 126.65,126.0,128.31,62004,79.56,1057, 36746, 59.26,0.5926391845687375,2024-04-25
LYPSAGEMS, EQ, 25-Apr-2024,6.75,6.55,6.85,6.5, 6.65,6.65,6.66,62465,4.16,403, 41484, 66.41,0.6641159049067478,2024-04-25
M&M, EQ, 25-Apr-2024,2058.45,2060.0,2113.95,2041.9, 2092.35,2096.85,2084.46,3084498,64295.1,152671, 1344105, 43.58,0.43576134593052096,2024-04-25
M&MFIN, EQ, 25-Apr-2024,257.95,258.25,259.1,255.0, 257.90,257.75,256.71,7013832,18005.21,55263, 3484168, 49.68,0.4967566944859814,2024-04-25
MAANALU, EQ, 25-Apr-2024,151.65,151.7,153.2,150.6, 152.30,151.75,151.81,108473,164.68,2955, 57516, 53.02,0.5302333299530759,2024-04-25
MACPOWER, BE, 25-Apr-2024,1160.0,1158.0,1158.0,1148.0, 1148.00,1148.0,1150.73,3990,45.91,166, -, -,,2024-04-25
MADHAV, BE, 25-Apr-2024,42.6,41.75,43.3,41.75, 42.60,42.6,43.01,3413,1.47,20, -, -,,2024-04-25
MADHUCON, BE, 25-Apr-2024,9.4,9.6,9.6,9.15, 9.30,9.25,9.28,30093,2.79,101, -, -,,2024-04-25
MADRASFERT, EQ, 25-Apr-2024,92.65,93.0,93.0,91.3, 92.45,92.35,92.24,315235,290.79,3115, 120580, 38.25,0.38250828746807936,2024-04-25
MAFANG, EQ, 25-Apr-2024,92.89,94.0,94.87,93.5, 94.82,94.83,94.77,301272,285.52,4538, 249576, 82.84,0.8284075519796065,2024-04-25
MAGADSUGAR, EQ, 25-Apr-2024,585.9,590.0,609.95,581.5, 586.00,594.2,597.34,15550,92.89,1658, 5854, 37.65,0.3764630225080386,2024-04-25
MAGNUM, EQ, 25-Apr-2024,57.05,57.05,59.85,56.4, 58.25,59.0,58.77,397800,233.79,1651, 269943, 67.86,0.6785897435897436,2024-04-25
MAHABANK, EQ, 25-Apr-2024,64.0,64.0,66.0,63.9, 65.20,65.25,65.32,39432553,25758.39,58310, 14606480, 37.04,0.3704167975124512,2024-04-25
MAHAPEXLTD, EQ, 25-Apr-2024,126.1,127.75,128.8,122.6, 125.00,125.1,124.5,9088,11.31,781, 5403, 59.45,0.5945202464788732,2024-04-25
MAHASTEEL, BE, 25-Apr-2024,106.8,108.4,111.9,107.5, 110.00,109.65,110.06,9439,10.39,147, -, -,,2024-04-25
MAHEPC, EQ, 25-Apr-2024,136.45,137.0,137.0,133.25, 135.50,133.95,134.84,85793,115.68,2001, 52366, 61.04,0.6103761379133495,2024-04-25
MAHESHWARI, EQ, 25-Apr-2024,68.3,67.9,69.0,67.65, 68.15,67.85,68.06,5366,3.65,110, 4293, 80.00,0.8000372717107715,2024-04-25
MAHKTECH, EQ, 25-Apr-2024,12.61,12.83,12.83,12.55, 12.58,12.57,12.61,523139,65.95,1363, 394666, 75.44,0.7544189976277815,2024-04-25
MAHLIFE, EQ, 25-Apr-2024,670.6,676.0,678.8,661.0, 665.00,663.85,666.06,290280,1933.42,15660, 109754, 37.81,0.3780970097836572,2024-04-25
MAHLOG, EQ, 25-Apr-2024,466.5,468.35,476.2,462.9, 473.00,472.15,469.99,261512,1229.07,13699, 128299, 49.06,0.49060463764569123,2024-04-25
MAHSCOOTER, EQ, 25-Apr-2024,8092.4,8045.0,8279.95,8010.0, 8033.05,8040.9,8118.17,10274,834.06,3797, 4322, 42.07,0.42067354487054703,2024-04-25
MAHSEAMLES, EQ, 25-Apr-2024,878.65,882.0,918.0,879.0, 906.00,905.75,904.86,205037,1855.29,16086, 86201, 42.04,0.4204168028209543,2024-04-25
MAITHANALL, EQ, 25-Apr-2024,1171.25,1170.0,1255.0,1168.0, 1239.90,1239.55,1225.79,418561,5130.66,33197, 155345, 37.11,0.3711406461662697,2024-04-25
MAKEINDIA, EQ, 25-Apr-2024,128.53,128.54,130.04,128.33, 129.96,129.98,129.54,48497,62.82,389, 37763, 77.87,0.7786667216528858,2024-04-25
MALLCOM, EQ, 25-Apr-2024,1044.1,1055.0,1099.95,1013.9, 1075.00,1075.0,1063.68,14352,152.66,2350, 7161, 49.90,0.49895484949832775,2024-04-25
MALUPAPER, BE, 25-Apr-2024,38.9,38.9,38.9,38.85, 38.85,38.85,38.89,2241,0.87,30, -, -,,2024-04-25
MANAKALUCO, BE, 25-Apr-2024,26.75,26.75,27.25,26.75, 27.25,27.25,27.15,13098,3.56,78, -, -,,2024-04-25
MANAKCOAT, EQ, 25-Apr-2024,47.4,49.0,49.75,47.9, 49.75,49.75,49.65,235808,117.08,446, 230344, 97.68,0.9768286063237889,2024-04-25
MANAKSIA, EQ, 25-Apr-2024,119.5,119.5,122.2,117.25, 117.40,119.5,120.59,170146,205.18,2057, 98417, 57.84,0.5784267628977466,2024-04-25
MANAKSTEEL, BE, 25-Apr-2024,57.0,57.35,58.05,57.35, 58.05,58.05,57.65,25479,14.69,135, -, -,,2024-04-25
MANALIPETC, EQ, 25-Apr-2024,79.95,80.0,80.5,78.6, 79.10,79.1,79.41,424977,337.48,3463, 226943, 53.40,0.5340124289079173,2024-04-25
MANAPPURAM, EQ, 25-Apr-2024,192.45,191.95,195.0,191.0, 194.05,194.35,193.11,3526184,6809.57,30857, 1526475, 43.29,0.43289714887254893,2024-04-25
MANGALAM, EQ, 25-Apr-2024,101.75,101.75,102.9,100.5, 100.55,100.75,101.21,24396,24.69,437, 15231, 62.43,0.6243236596163305,2024-04-25
MANGCHEFER, EQ, 25-Apr-2024,116.75,117.25,118.9,116.25, 116.60,116.4,117.27,206817,242.53,2464, 143752, 69.51,0.6950685872051137,2024-04-25
MANGLMCEM, EQ, 25-Apr-2024,886.25,883.0,897.0,876.6, 888.40,890.2,885.52,70787,626.83,5527, 34679, 48.99,0.4899063387345134,2024-04-25
MANINDS, BE, 25-Apr-2024,423.4,413.1,430.0,413.1, 424.00,421.3,421.54,73813,311.15,970, -, -,,2024-04-25
MANINFRA, EQ, 25-Apr-2024,206.5,206.6,209.35,205.55, 207.85,206.65,207.52,306086,635.19,7843, 184444, 60.26,0.6025888149082284,2024-04-25
MANKIND, EQ, 25-Apr-2024,2398.3,2370.05,2420.0,2357.4, 2397.00,2398.55,2396.53,186814,4477.05,24485, 105141, 56.28,0.5628111383515154,2024-04-25
MANOMAY, EQ, 25-Apr-2024,199.8,197.8,203.65,194.0, 203.65,199.65,197.82,30713,60.76,506, 15594, 50.77,0.5077328818415655,2024-04-25
MANORAMA, BE, 25-Apr-2024,593.55,600.0,620.0,580.0, 606.00,608.05,604.72,73514,444.56,1032, -, -,,2024-04-25
MANORG, EQ, 25-Apr-2024,424.6,422.6,422.6,401.5, 408.00,404.45,407.91,42258,172.37,2759, 19448, 46.02,0.4602205499550381,2024-04-25
MANUGRAPH, EQ, 25-Apr-2024,23.85,24.5,24.5,23.05, 23.45,23.55,23.56,21970,5.18,181, 12769, 58.12,0.5812016385980883,2024-04-25
MANYAVAR, EQ, 25-Apr-2024,939.55,944.95,945.0,922.4, 925.85,925.7,929.88,87314,811.91,8363, 51655, 59.16,0.5916004306296814,2024-04-25
MAPMYINDIA, EQ, 25-Apr-2024,2025.5,2039.95,2040.1,1981.0, 1989.95,1989.65,2003.64,46455,930.79,7693, 24158, 52.00,0.5200301366914218,2024-04-25
MARALOVER, EQ, 25-Apr-2024,75.65,77.2,77.2,72.9, 73.45,73.5,74.6,29775,22.21,910, 16612, 55.79,0.5579177162048699,2024-04-25
MARATHON, EQ, 25-Apr-2024,446.0,441.9,447.95,438.3, 440.50,441.6,442.09,24904,110.1,3117, 10184, 40.89,0.4089302923225185,2024-04-25
MARICO, EQ, 25-Apr-2024,509.3,511.3,511.3,503.15, 509.95,510.15,507.52,642394,3260.3,30431, 317590, 49.44,0.4943850658630062,2024-04-25
MARINE, EQ, 25-Apr-2024,97.0,98.8,101.85,97.0, 101.85,101.85,100.27,324517,325.39,1176, 257534, 79.36,0.7935917070600308,2024-04-25
MARKSANS, EQ, 25-Apr-2024,168.15,168.5,169.1,166.05, 167.00,167.15,167.73,1037336,1739.93,17413, 384991, 37.11,0.3711343287035252,2024-04-25
MARSHALL, BE, 25-Apr-2024,26.0,26.0,26.0,25.5, 25.50,25.5,25.54,25807,6.59,64, -, -,,2024-04-25
MARUTI, EQ, 25-Apr-2024,12944.05,12964.0,12980.7,12740.35, 12906.85,12922.5,12864.09,640725,82423.46,109507, 271137, 42.32,0.4231721877560576,2024-04-25
MASFIN, EQ, 25-Apr-2024,298.35,310.0,331.5,305.5, 308.00,308.7,319.49,2855021,9121.51,81899, 310977, 10.89,0.10892284154827583,2024-04-25
MASKINVEST, EQ, 25-Apr-2024,76.2,79.3,80.0,79.3, 80.00,80.0,79.98,1089,0.87,33, 1069, 98.16,0.9816345270890725,2024-04-25
MASPTOP50, EQ, 25-Apr-2024,42.62,43.75,43.75,41.79, 42.98,42.84,42.41,340738,144.51,1938, 145686, 42.76,0.4275601782014334,2024-04-25
MASTEK, EQ, 25-Apr-2024,2774.95,2799.65,2812.0,2718.15, 2748.15,2736.05,2769.76,44960,1245.28,9790, 16766, 37.29,0.3729092526690391,2024-04-25
MATRIMONY, EQ, 25-Apr-2024,577.0,577.0,579.65,568.25, 578.00,575.25,572.74,15625,89.49,1797, 8950, 57.28,0.5728,2024-04-25
MAWANASUG, EQ, 25-Apr-2024,95.95,96.15,99.0,96.0, 97.75,97.7,97.65,94025,91.82,1311, 43485, 46.25,0.46248338207923423,2024-04-25
MAXESTATES, EQ, 25-Apr-2024,290.8,292.0,295.3,286.3, 291.00,289.7,291.77,65142,190.07,3995, 37430, 57.46,0.5745908937398299,2024-04-25
MAXHEALTH, EQ, 25-Apr-2024,811.0,810.0,814.95,796.5, 803.50,803.45,803.7,1069386,8594.66,37145, 555249, 51.92,0.5192222452884179,2024-04-25
MAXIND, EQ, 25-Apr-2024,229.9,230.0,237.75,225.85, 236.45,235.1,233.22,61142,142.6,1105, 44615, 72.97,0.7296948088057309,2024-04-25
MAYURUNIQ, EQ, 25-Apr-2024,513.9,513.9,515.65,505.2, 508.95,506.6,509.33,25257,128.64,1729, 16206, 64.16,0.6416439007007958,2024-04-25
MAZDA, EQ, 25-Apr-2024,1437.7,1444.0,1473.0,1434.05, 1464.00,1458.0,1455.41,7819,113.8,1735, 2772, 35.45,0.35452103849597133,2024-04-25
MAZDOCK, EQ, 25-Apr-2024,2309.6,2309.0,2470.0,2284.0, 2446.00,2455.85,2410.22,6825731,164515.18,260316, 1430948, 20.96,0.2096402568457503,2024-04-25
MBAPL, EQ, 25-Apr-2024,235.5,238.0,247.65,230.8, 247.00,245.6,242.25,53606,129.86,1423, 37392, 69.75,0.6975338581502071,2024-04-25
MBECL, EQ, 25-Apr-2024,4.45,4.25,4.25,4.25, 4.25,4.25,4.25,221414,9.41,116, 202556, 91.48,0.9148292339237808,2024-04-25
MBLINFRA, EQ, 25-Apr-2024,52.75,52.35,53.5,50.15, 51.70,51.3,51.71,135851,70.24,1037, 85885, 63.22,0.6321999838057872,2024-04-25
MCDOWELL-N, EQ, 25-Apr-2024,1182.9,1180.9,1199.85,1176.0, 1190.60,1194.85,1189.33,832424,9900.24,34451, 354917, 42.64,0.4263656501974955,2024-04-25
MCL, EQ, 25-Apr-2024,41.15,42.85,43.2,40.8, 42.20,41.7,41.86,76068,31.84,562, 50425, 66.29,0.662893726665615,2024-04-25
MCLEODRUSS, BE, 25-Apr-2024,25.0,25.0,25.0,24.8, 24.95,24.95,24.89,70398,17.52,125, -, -,,2024-04-25
MCX, EQ, 25-Apr-2024,3839.45,3855.0,4185.0,3824.85, 4158.50,4160.85,4072.53,4495144,183065.9,226126, 605975, 13.48,0.13480658239202126,2024-04-25
MEDANTA, EQ, 25-Apr-2024,1442.5,1453.0,1459.0,1430.05, 1433.00,1438.4,1449.57,221851,3215.89,19420, 179197, 80.77,0.8077358226918067,2024-04-25
MEDIASSIST, EQ, 25-Apr-2024,502.2,507.15,509.0,495.55, 502.00,504.2,504.34,125915,635.04,15098, 80212, 63.70,0.6370329190326808,2024-04-25
MEDICAMEQ, EQ, 25-Apr-2024,430.2,431.15,433.55,418.0, 418.60,422.1,427.81,7155,30.61,719, 3923, 54.83,0.5482879105520615,2024-04-25
MEDICO, BE, 25-Apr-2024,47.85,47.8,47.8,46.4, 46.60,46.75,46.77,59522,27.84,448, -, -,,2024-04-25
MEDPLUS, EQ, 25-Apr-2024,683.3,683.3,691.95,676.05, 677.60,680.45,683.0,56179,383.7,5715, 30680, 54.61,0.5461115363392015,2024-04-25
MEGASOFT, EQ, 25-Apr-2024,76.35,78.3,78.3,75.05, 76.10,76.25,76.43,113546,86.78,1009, 69960, 61.61,0.6161379529001462,2024-04-25
MEGASTAR, EQ, 25-Apr-2024,291.55,288.95,294.95,284.8, 285.10,287.5,288.58,7883,22.75,763, 4705, 59.69,0.5968539895978688,2024-04-25
MELSTAR, BZ, 25-Apr-2024,4.7,4.7,4.7,4.6, 4.60,4.6,4.62,402,0.02,5, -, -,,2024-04-25
MENONBE, EQ, 25-Apr-2024,130.65,130.65,131.2,126.65, 128.65,129.25,129.67,34594,44.86,1025, 18232, 52.70,0.527027808290455,2024-04-25
MEP, BE, 25-Apr-2024,8.65,8.45,9.0,8.3, 8.30,8.4,8.57,408476,35.0,553, -, -,,2024-04-25
METALFORGE, BZ, 25-Apr-2024,4.8,5.0,5.0,4.7, 5.00,5.0,4.76,7255,0.35,34, -, -,,2024-04-25
METROBRAND, EQ, 25-Apr-2024,1083.2,1085.0,1085.0,1067.15, 1072.00,1071.4,1072.68,85755,919.88,9201, 54038, 63.01,0.6301440149262434,2024-04-25
METROPOLIS, EQ, 25-Apr-2024,1841.0,1829.0,1839.0,1752.05, 1770.00,1771.65,1795.43,348884,6263.97,26351, 97626, 27.98,0.2798236663188911,2024-04-25
MFSL, EQ, 25-Apr-2024,1030.75,1037.95,1038.45,998.15, 1018.80,1017.75,1013.07,1914169,19391.93,73302, 1096535, 57.29,0.5728517178995167,2024-04-25
MGEL, EQ, 25-Apr-2024,19.1,19.0,20.35,18.8, 19.30,19.4,19.64,365374,71.75,955, 214441, 58.69,0.5869082091227071,2024-04-25
MGL, EQ, 25-Apr-2024,1422.35,1419.7,1452.0,1414.45, 1448.00,1449.25,1436.9,261558,3758.33,16984, 91516, 34.99,0.3498879789568662,2024-04-25
MHLXMIRU, BE, 25-Apr-2024,220.25,220.25,220.25,213.3, 214.00,214.65,217.01,6335,13.75,257, -, -,,2024-04-25
MHRIL, EQ, 25-Apr-2024,420.2,421.0,439.9,420.0, 426.80,426.55,430.74,606099,2610.73,25831, 203184, 33.52,0.3352323630298021,2024-04-25
MICEL, EQ, 25-Apr-2024,53.05,55.7,55.7,50.4, 50.40,51.2,52.91,2412080,1276.14,10838, 1219733, 50.57,0.505676843222447,2024-04-25
MID150BEES, EQ, 25-Apr-2024,190.51,193.01,193.01,189.52, 191.35,191.19,190.76,273214,521.18,3469, 170770, 62.50,0.6250411765136487,2024-04-25
MIDCAP, EQ, 25-Apr-2024,140.37,140.0,140.99,139.47, 140.52,140.73,140.7,12175,17.13,315, 8340, 68.50,0.6850102669404518,2024-04-25
MIDCAPETF, EQ, 25-Apr-2024,18.74,18.88,18.88,18.65, 18.85,18.82,18.78,377058,70.8,2436, 230489, 61.13,0.6112826143458036,2024-04-25
MIDCAPIETF, EQ, 25-Apr-2024,190.05,189.61,191.0,189.6, 190.23,190.45,190.19,39710,75.52,735, 23518, 59.22,0.5922437673130194,2024-04-25
MIDHANI, EQ, 25-Apr-2024,442.55,442.55,452.4,438.3, 444.50,443.5,445.79,1009924,4502.11,29341, 353424, 35.00,0.34995108542821046,2024-04-25
MIDQ50ADD, EQ, 25-Apr-2024,211.46,213.9,213.9,210.93, 213.90,212.11,211.49,3973,8.4,108, 2727, 68.64,0.6863830858293481,2024-04-25
MIDSELIETF, EQ, 25-Apr-2024,151.62,151.63,153.09,151.11, 152.99,152.57,151.99,15757,23.95,279, 13058, 82.87,0.8287110490575618,2024-04-25
MINDACORP, EQ, 25-Apr-2024,414.45,414.45,418.8,407.0, 412.40,410.0,411.12,1734300,7130.05,14893, 1343433, 77.46,0.7746254973188029,2024-04-25
MINDTECK, EQ, 25-Apr-2024,296.45,296.9,310.95,293.85, 308.60,308.75,304.53,231250,704.22,5020, 116607, 50.42,0.5042464864864865,2024-04-25
MIRCELECTR, EQ, 25-Apr-2024,21.95,23.0,23.0,23.0, 23.00,23.0,23.0,378291,87.01,190, 378291, 100.00,1.0,2024-04-25
MIRZAINT, EQ, 25-Apr-2024,47.8,47.8,48.0,47.1, 47.70,47.7,47.53,190709,90.65,954, 136199, 71.42,0.7141718534521182,2024-04-25
MITCON, BE, 25-Apr-2024,118.55,119.55,124.45,118.05, 124.00,124.1,123.64,24343,30.1,121, -, -,,2024-04-25
MITTAL, BE, 25-Apr-2024,1.7,1.75,1.75,1.65, 1.65,1.65,1.69,644530,10.92,322, -, -,,2024-04-25
MKPL, BE, 25-Apr-2024,10.2,10.2,10.2,10.0, 10.00,10.0,10.03,386226,38.74,940, -, -,,2024-04-25
MMFL, EQ, 25-Apr-2024,1054.65,1060.0,1076.0,1048.15, 1060.90,1067.75,1063.91,61969,659.3,6256, 33134, 53.47,0.5346866981878036,2024-04-25
MMP, EQ, 25-Apr-2024,298.6,298.45,300.5,291.5, 296.70,295.45,296.86,17465,51.85,1111, 9698, 55.53,0.5552819925565416,2024-04-25
MMTC, EQ, 25-Apr-2024,75.35,75.25,76.15,74.45, 74.70,74.7,75.08,1656547,1243.79,9137, 745009, 44.97,0.44973610769872513,2024-04-25
MNC, EQ, 25-Apr-2024,26.97,27.0,27.25,26.82, 27.21,27.18,27.0,16122,4.35,121, 11493, 71.29,0.7128768142910309,2024-04-25
MODIRUBBER, BE, 25-Apr-2024,101.15,101.95,106.0,100.5, 104.00,103.2,102.67,6327,6.5,119, -, -,,2024-04-25
MODISONLTD, BE, 25-Apr-2024,136.3,137.7,137.7,133.6, 135.00,135.2,136.0,20686,28.13,305, -, -,,2024-04-25
MODTHREAD, BE, 25-Apr-2024,59.5,60.65,60.65,60.65, 60.65,60.65,60.65,16,0.01,2, -, -,,2024-04-25
MOGSEC, EQ, 25-Apr-2024,55.07,54.75,55.15,54.75, 55.15,55.15,54.87,7761,4.26,43, 6142, 79.14,0.7913928617446205,2024-04-25
MOHEALTH, EQ, 25-Apr-2024,35.19,35.49,35.9,34.4, 35.88,35.62,35.41,43302,15.34,302, 23750, 54.85,0.5484735116160916,2024-04-25
MOHITIND, EQ, 25-Apr-2024,22.0,21.35,24.2,21.35, 23.10,23.3,23.54,122531,28.84,1292, 101339, 82.70,0.8270478491157339,2024-04-25
MOIL, EQ, 25-Apr-2024,388.45,389.95,439.3,385.9, 434.00,430.7,415.16,11707123,48603.48,131045, 2690348, 22.98,0.22980436781948904,2024-04-25
MOKSH, BE, 25-Apr-2024,17.05,16.9,17.05,16.9, 17.05,17.05,17.0,66308,11.27,213, -, -,,2024-04-25
MOL, EQ, 25-Apr-2024,90.15,90.35,91.4,88.5, 89.00,88.9,89.76,1105671,992.44,6344, 515144, 46.59,0.4659107456015397,2024-04-25
MOLDTECH, EQ, 25-Apr-2024,224.1,224.9,226.45,220.3, 221.10,221.75,222.76,91208,203.18,4517, 48542, 53.22,0.5322120866590649,2024-04-25
MOLDTKPAC, EQ, 25-Apr-2024,849.25,850.0,852.35,835.0, 835.00,839.55,842.06,17997,151.54,3224, 8716, 48.43,0.4843029393787854,2024-04-25
MOLOWVOL, EQ, 25-Apr-2024,35.14,35.19,35.41,35.0, 35.30,35.36,35.27,72055,25.41,108, 58662, 81.41,0.8141280965928804,2024-04-25
MOM100, EQ, 25-Apr-2024,53.36,53.57,53.8,53.0, 53.80,53.62,53.52,190498,101.95,1803, 114891, 60.31,0.6031086940545307,2024-04-25
MOM30IETF, EQ, 25-Apr-2024,31.99,32.35,32.5,31.55, 32.47,32.4,32.36,1010809,327.06,1101, 842903, 83.39,0.8338894885186025,2024-04-25
MOM50, EQ, 25-Apr-2024,228.35,228.35,230.0,227.15, 229.75,229.54,228.15,684,1.56,37, 586, 85.67,0.8567251461988304,2024-04-25
MOMENTUM, EQ, 25-Apr-2024,31.82,31.9,32.26,31.61, 32.20,32.2,32.01,86366,27.65,472, 72199, 83.60,0.8359655419956927,2024-04-25
MOMOMENTUM, EQ, 25-Apr-2024,63.66,63.66,64.61,63.36, 64.55,64.49,64.26,69199,44.47,482, 49289, 71.23,0.7122790791774447,2024-04-25
MON100, EQ, 25-Apr-2024,143.3,144.5,144.5,141.45, 142.18,142.15,142.01,525353,746.08,10218, 361116, 68.74,0.687377820246577,2024-04-25
MONARCH, EQ, 25-Apr-2024,595.0,606.0,606.0,588.1, 599.00,597.35,595.79,16774,99.94,1267, 9462, 56.41,0.5640872779301299,2024-04-25
MONIFTY500, EQ, 25-Apr-2024,20.78,20.79,20.99,20.75, 20.88,20.89,20.81,184278,38.34,769, 122284, 66.36,0.6635843670975374,2024-04-25
MONQ50, EQ, 25-Apr-2024,62.4,63.5,63.5,61.46, 62.25,62.22,62.17,31176,19.38,331, 16504, 52.94,0.529381575570952,2024-04-25
MONTECARLO, EQ, 25-Apr-2024,657.4,657.4,684.75,654.85, 678.00,677.0,674.54,63226,426.49,4269, 40198, 63.58,0.6357827476038339,2024-04-25
MOQUALITY, EQ, 25-Apr-2024,176.45,176.45,177.5,176.35, 176.92,177.11,176.91,405,0.72,19, 345, 85.19,0.8518518518518519,2024-04-25
MOREALTY, EQ, 25-Apr-2024,96.74,96.85,96.85,95.11, 96.85,96.55,95.82,57277,54.88,923, 49334, 86.13,0.8613230441538489,2024-04-25
MOREPENLAB, EQ, 25-Apr-2024,51.15,51.2,51.5,49.1, 50.20,50.05,50.45,3914500,1974.68,10137, 1725951, 44.09,0.44091224932941625,2024-04-25
MOSMALL250, EQ, 25-Apr-2024,15.65,15.34,15.74,15.33, 15.73,15.73,15.71,130576,20.51,326, 119207, 91.29,0.9129319323612303,2024-04-25
MOTHERSON, EQ, 25-Apr-2024,126.9,126.4,127.8,126.0, 127.20,127.2,126.93,10215969,12967.01,41283, 4670815, 45.72,0.45720724093818216,2024-04-25
MOTILALOFS, EQ, 25-Apr-2024,2353.0,2363.0,2485.0,2346.95, 2468.00,2463.75,2422.56,424554,10285.08,34577, 213582, 50.31,0.5030738139317966,2024-04-25
MOTISONS, EQ, 25-Apr-2024,167.4,168.65,168.65,164.15, 165.50,165.3,166.45,246826,410.83,2031, 201872, 81.79,0.8178716990916678,2024-04-25
MOTOGENFIN, EQ, 25-Apr-2024,36.8,36.8,37.35,36.35, 36.90,36.85,36.7,5573,2.05,53, 2991, 53.67,0.5366947783958371,2024-04-25
MOVALUE, EQ, 25-Apr-2024,97.01,97.11,98.78,96.83, 98.50,98.41,97.75,123056,120.28,1438, 90045, 73.17,0.7317400208035366,2024-04-25
MPHASIS, EQ, 25-Apr-2024,2243.5,2243.5,2255.0,2208.45, 2235.00,2229.3,2226.17,607132,13515.82,35991, 374680, 61.71,0.6171310357549923,2024-04-25
MPSLTD, EQ, 25-Apr-2024,1648.45,1633.0,1693.0,1633.0, 1680.25,1681.2,1680.84,14521,244.07,1361, 10180, 70.11,0.7010536464430824,2024-04-25
MRF, EQ, 25-Apr-2024,128524.45,128500.0,129874.6,128200.0, 129700.00,129632.7,129154.22,5828,7527.11,4309, 1622, 27.83,0.27831159917638987,2024-04-25
MRO-TEK, EQ, 25-Apr-2024,82.45,83.8,84.8,81.5, 83.45,83.55,83.29,65391,54.46,869, 40788, 62.38,0.6237555626921136,2024-04-25
MRPL, EQ, 25-Apr-2024,248.7,250.95,256.7,246.15, 249.65,250.05,250.61,16189162,40572.41,108313, 2771321, 17.12,0.17118372155396308,2024-04-25
MSPL, EQ, 25-Apr-2024,27.45,28.15,28.35,27.4, 27.40,27.55,27.79,606672,168.6,1209, 485916, 80.10,0.8009533982118838,2024-04-25
MSTCLTD, EQ, 25-Apr-2024,877.3,884.0,937.95,864.0, 933.05,927.9,908.98,471954,4289.96,23440, 198012, 41.96,0.4195578382638986,2024-04-25
MSUMI, EQ, 25-Apr-2024,70.95,71.1,71.3,69.8, 70.20,70.2,70.48,7057576,4974.09,38388, 3970728, 56.26,0.5626192335725467,2024-04-25
MTARTECH, EQ, 25-Apr-2024,1905.0,1900.0,1926.9,1881.25, 1901.00,1894.4,1902.19,181770,3457.61,19573, 74863, 41.19,0.41185564174506245,2024-04-25
MTEDUCARE, BE, 25-Apr-2024,3.35,3.35,3.45,3.2, 3.30,3.35,3.28,91319,3.0,70, -, -,,2024-04-25
MTNL, EQ, 25-Apr-2024,37.25,37.25,38.0,36.8, 37.55,37.45,37.42,2102528,786.81,5896, 914575, 43.50,0.43498826174966515,2024-04-25
MUFIN, EQ, 25-Apr-2024,135.65,142.4,142.4,133.5, 139.00,140.3,140.11,1206919,1691.02,7037, 504673, 41.81,0.41814985098420027,2024-04-25
MUFTI, EQ, 25-Apr-2024,190.95,191.8,193.45,187.35, 188.00,188.65,189.64,159943,303.31,7855, 91385, 57.14,0.5713597969276555,2024-04-25
MUKANDLTD, EQ, 25-Apr-2024,172.7,172.7,186.15,172.05, 181.60,181.95,180.89,1230674,2226.12,26710, 616374, 50.08,0.5008426276983181,2024-04-25
MUKKA, EQ, 25-Apr-2024,37.55,37.75,37.85,37.0, 37.25,37.15,37.21,869427,323.5,4529, 560356, 64.45,0.6445118451577878,2024-04-25
MUKTAARTS, EQ, 25-Apr-2024,75.05,76.75,76.75,74.3, 74.65,74.65,75.3,3665,2.76,58, 2970, 81.04,0.810368349249659,2024-04-25
MUNJALAU, EQ, 25-Apr-2024,84.2,85.4,85.4,84.0, 84.20,84.4,84.53,48876,41.31,557, 31083, 63.60,0.6359562975693592,2024-04-25
MUNJALSHOW, EQ, 25-Apr-2024,164.1,165.8,167.95,162.6, 164.05,163.4,164.89,75869,125.1,2602, 41039, 54.09,0.540919216017082,2024-04-25
MURUDCERA, EQ, 25-Apr-2024,50.8,51.45,52.5,50.95, 51.50,51.45,51.64,83187,42.96,539, 38155, 45.87,0.45866541647132364,2024-04-25
MUTHOOTCAP, EQ, 25-Apr-2024,314.75,311.9,316.7,306.15, 312.50,309.75,311.65,14746,45.96,1121, 6942, 47.08,0.4707717347077173,2024-04-25
MUTHOOTFIN, EQ, 25-Apr-2024,1642.9,1640.0,1665.2,1629.05, 1653.75,1655.05,1648.92,364893,6016.8,29694, 149970, 41.10,0.410997196438408,2024-04-25
MUTHOOTMF, EQ, 25-Apr-2024,235.7,238.5,238.9,233.0, 235.00,235.0,235.85,209107,493.18,7957, 103948, 49.71,0.49710435327368285,2024-04-25
MVGJL, EQ, 25-Apr-2024,251.55,254.0,255.0,244.0, 244.00,245.3,248.68,47223,117.43,1550, 28631, 60.63,0.6062935434004616,2024-04-25
NACLIND, EQ, 25-Apr-2024,64.95,65.55,65.55,63.85, 64.25,64.6,64.43,73829,47.57,801, 39123, 52.99,0.5299137195411018,2024-04-25
NAGAFERT, EQ, 25-Apr-2024,10.7,10.7,10.95,10.55, 10.65,10.85,10.8,943469,101.89,1705, 575075, 60.95,0.6095324806644415,2024-04-25
NAGREEKCAP, EQ, 25-Apr-2024,19.75,20.65,20.7,19.3, 20.70,20.1,20.34,4772,0.97,38, 4484, 93.96,0.9396479463537301,2024-04-25
NAGREEKEXP, EQ, 25-Apr-2024,33.25,33.65,34.4,32.7, 33.90,33.5,33.65,24651,8.29,240, 18232, 73.96,0.7396048841831975,2024-04-25
NAHARCAP, EQ, 25-Apr-2024,303.15,300.45,309.9,300.05, 305.15,305.55,306.29,12174,37.29,601, 8463, 69.52,0.6951700344997536,2024-04-25
NAHARINDUS, EQ, 25-Apr-2024,130.4,130.45,133.6,129.55, 130.10,130.0,131.4,44176,58.05,1105, 25226, 57.10,0.5710340456356393,2024-04-25
NAHARPOLY, EQ, 25-Apr-2024,206.45,205.1,209.6,204.2, 207.80,206.4,207.57,9730,20.2,693, 4821, 49.55,0.49547790339157244,2024-04-25
NAHARSPING, EQ, 25-Apr-2024,290.4,290.05,296.15,283.8, 292.00,290.55,290.16,29751,86.32,1606, 16918, 56.87,0.5686531545158146,2024-04-25
NAM-INDIA, EQ, 25-Apr-2024,584.35,588.15,614.95,574.0, 581.50,581.45,589.41,3428605,20208.58,81740, 1594221, 46.50,0.46497657210439813,2024-04-25
NARMADA, BE, 25-Apr-2024,20.65,20.65,20.65,20.3, 20.65,20.65,20.53,5430,1.11,22, -, -,,2024-04-25
NATCOPHARM, EQ, 25-Apr-2024,998.6,1006.65,1047.4,1000.75, 1019.00,1021.15,1028.98,1288313,13256.49,58357, 509701, 39.56,0.3956344459770258,2024-04-25
NATHBIOGEN, EQ, 25-Apr-2024,199.05,200.1,202.2,198.5, 200.00,200.1,200.57,22687,45.5,1045, 12739, 56.15,0.561510997487548,2024-04-25
NATIONALUM, EQ, 25-Apr-2024,188.0,188.0,189.9,185.7, 188.20,188.25,187.79,20344598,38205.96,67165, 6728339, 33.07,0.3307186998730572,2024-04-25
NAUKRI, EQ, 25-Apr-2024,5875.85,5855.0,5940.0,5820.0, 5903.95,5906.1,5872.59,265996,15620.86,25701, 182351, 68.55,0.6855403840659258,2024-04-25
NAVA, EQ, 25-Apr-2024,496.45,495.35,503.4,493.6, 497.00,498.35,499.48,105141,525.15,5790, 50522, 48.05,0.4805166395602096,2024-04-25
NAVINFLUOR, EQ, 25-Apr-2024,3283.5,3285.0,3351.2,3256.05, 3300.00,3306.85,3308.73,219631,7266.99,23119, 48168, 21.93,0.2193133027669136,2024-04-25
NAVINIFTY, EQ, 25-Apr-2024,225.48,225.02,227.68,224.55, 227.58,227.61,224.87,125,0.28,11, 110, 88.00,0.88,2024-04-25
NAVKARCORP, EQ, 25-Apr-2024,106.4,106.7,109.5,105.55, 107.70,108.1,107.42,888569,954.51,6666, 384331, 43.25,0.4325280310251652,2024-04-25
NAVNETEDUL, EQ, 25-Apr-2024,150.6,150.65,152.0,148.0, 149.55,149.2,149.49,152511,227.99,3387, 99000, 64.91,0.6491335051242205,2024-04-25
NAZARA, EQ, 25-Apr-2024,650.85,651.0,651.0,636.65, 639.95,638.15,640.04,250555,1603.65,11756, 156666, 62.53,0.6252758875296841,2024-04-25
NBCC, EQ, 25-Apr-2024,132.75,132.9,134.5,131.75, 132.30,132.35,132.85,8700202,11558.16,49001, 3976227, 45.70,0.45702697477598797,2024-04-25
NBIFIN, EQ, 25-Apr-2024,1857.3,1822.8,1869.1,1822.8, 1850.00,1850.0,1850.69,1159,21.45,73, 1141, 98.45,0.9844693701466781,2024-04-25
NCC, EQ, 25-Apr-2024,249.2,250.3,250.5,246.1, 247.40,246.85,247.34,2661407,6582.59,39540, 1134689, 42.63,0.4263492956920907,2024-04-25
NCLIND, EQ, 25-Apr-2024,209.45,209.0,210.9,204.2, 205.50,205.3,206.8,296775,613.72,7082, 192207, 64.77,0.647652261814506,2024-04-25
NDGL, EQ, 25-Apr-2024,2462.5,2436.5,2470.15,2375.2, 2445.00,2444.05,2445.63,33,0.81,24, 21, 63.64,0.6363636363636364,2024-04-25
NDL, EQ, 25-Apr-2024,42.45,42.2,42.55,41.0, 41.50,41.55,41.61,1120124,466.09,1959, 970235, 86.62,0.8661853509075781,2024-04-25
NDLVENTURE, EQ, 25-Apr-2024,102.2,103.95,104.9,101.9, 102.10,102.2,103.27,3444,3.56,113, 2441, 70.88,0.7087688734030198,2024-04-25
NDRAUTO, EQ, 25-Apr-2024,854.35,854.45,855.0,840.0, 849.40,846.05,845.22,3614,30.55,765, 2556, 70.72,0.7072495849474266,2024-04-25
NDTV, EQ, 25-Apr-2024,220.65,220.1,240.0,216.9, 234.15,234.65,233.84,1940795,4538.31,49650, 401272, 20.68,0.2067565095746846,2024-04-25
NECCLTD, EQ, 25-Apr-2024,27.0,27.1,27.5,25.95, 26.65,26.4,26.72,491542,131.33,1369, 329712, 67.08,0.670770758144777,2024-04-25
NECLIFE, EQ, 25-Apr-2024,34.6,34.0,34.6,33.95, 34.10,34.25,34.3,182158,62.47,790, 114572, 62.90,0.6289704542210608,2024-04-25
NELCAST, EQ, 25-Apr-2024,154.1,153.0,155.0,152.5, 153.70,153.85,153.86,56108,86.33,1564, 29398, 52.40,0.5239538033791973,2024-04-25
NELCO, EQ, 25-Apr-2024,778.8,776.25,784.4,756.55, 760.00,759.4,766.88,146365,1122.44,10701, 67457, 46.09,0.4608820414716633,2024-04-25
NEOGEN, EQ, 25-Apr-2024,1387.7,1385.0,1575.0,1380.0, 1544.00,1557.75,1526.53,597905,9127.21,62019, 133826, 22.38,0.22382485511912428,2024-04-25
NESCO, EQ, 25-Apr-2024,847.1,852.9,863.95,845.55, 860.00,860.75,857.28,72298,619.8,7065, 39859, 55.13,0.5513153890840687,2024-04-25
NESTLEIND, EQ, 25-Apr-2024,2500.15,2519.95,2577.9,2471.25, 2562.00,2562.65,2534.25,3240864,82131.75,213177, 793164, 24.47,0.2447384401196718,2024-04-25
NETF, EQ, 25-Apr-2024,236.96,236.96,240.0,236.05, 236.85,238.89,237.9,2308,5.49,186, 1741, 75.43,0.7543327556325823,2024-04-25
NETWEB, EQ, 25-Apr-2024,1730.85,1764.4,1798.0,1711.15, 1722.50,1719.5,1750.81,182075,3187.79,8177, 146200, 80.30,0.8029658107922559,2024-04-25
NETWORK18, EQ, 25-Apr-2024,92.45,92.8,94.4,89.5, 92.40,92.75,91.43,1208604,1105.08,6470, 780458, 64.58,0.6457516274975095,2024-04-25
NEULANDLAB, EQ, 25-Apr-2024,7220.15,7225.0,7276.0,7050.0, 7097.00,7092.15,7124.72,22889,1630.78,8248, 11928, 52.11,0.5211236838656123,2024-04-25
NEWGEN, EQ, 25-Apr-2024,752.15,757.0,808.4,752.7, 805.50,803.95,792.55,292876,2321.2,25138, 157317, 53.71,0.537145413075841,2024-04-25
NEXT50, EQ, 25-Apr-2024,642.18,641.62,646.89,640.93, 646.89,644.17,642.82,4728,30.39,82, 4119, 87.12,0.8711928934010152,2024-04-25
NEXT50IETF, EQ, 25-Apr-2024,65.73,65.99,66.16,65.24, 66.16,66.05,65.82,200354,131.88,1444, 105823, 52.82,0.5281801211855016,2024-04-25
NEXTMEDIA, EQ, 25-Apr-2024,7.9,7.75,8.2,7.3, 7.95,7.7,7.82,96204,7.52,153, 52418, 54.49,0.5448629994594819,2024-04-25
NFL, EQ, 25-Apr-2024,105.25,105.25,106.3,103.75, 104.65,104.5,104.77,2850313,2986.31,13100, 1007577, 35.35,0.3534969668243453,2024-04-25
NGIL, EQ, 25-Apr-2024,54.75,54.75,55.8,54.0, 55.00,54.6,54.78,138220,75.71,315, 26496, 19.17,0.191694400231515,2024-04-25
NGLFINE, EQ, 25-Apr-2024,2624.65,2663.9,2823.9,2615.1, 2706.10,2710.95,2751.34,46204,1271.23,9709, 12792, 27.69,0.2768591463942516,2024-04-25
NH, EQ, 25-Apr-2024,1262.6,1273.1,1285.85,1257.05, 1260.30,1266.55,1271.82,166628,2119.21,28170, 90146, 54.10,0.5410015123508654,2024-04-25
NHPC, EQ, 25-Apr-2024,90.25,90.4,91.65,90.0, 91.00,91.05,90.93,34351777,31237.64,85877, 12953159, 37.71,0.37707391381819927,2024-04-25
NIACL, EQ, 25-Apr-2024,226.05,226.5,229.45,224.05, 227.40,226.9,227.26,802337,1823.38,15791, 268849, 33.51,0.3350823905665574,2024-04-25
NIBL, EQ, 25-Apr-2024,36.25,38.95,38.95,35.85, 36.00,36.1,36.78,28344,10.42,323, 20976, 74.01,0.7400508044030483,2024-04-25
NIF100BEES, EQ, 25-Apr-2024,241.94,241.95,245.0,240.67, 244.97,243.5,242.7,24320,59.02,457, 14280, 58.72,0.587171052631579,2024-04-25
NIF100IETF, EQ, 25-Apr-2024,254.81,247.15,262.45,247.15, 255.60,256.23,254.58,8637,21.99,450, 6688, 77.43,0.7743429431515573,2024-04-25
NIF10GETF, EQ, 25-Apr-2024,22.98,22.75,23.14,22.6, 22.71,22.71,22.84,1016,0.23,19, 743, 73.13,0.7312992125984252,2024-04-25
NIF5GETF, EQ, 25-Apr-2024,55.79,55.2,55.76,55.0, 55.10,55.07,55.04,1714,0.94,26, 1672, 97.55,0.9754959159859977,2024-04-25
NIFITETF, EQ, 25-Apr-2024,335.09,346.49,346.49,334.1, 338.90,336.51,335.97,1423,4.78,139, 1242, 87.28,0.8728039353478566,2024-04-25
NIFMID150, EQ, 25-Apr-2024,186.3,186.15,186.88,185.97, 186.88,186.88,186.36,126,0.23,9, 85, 67.46,0.6746031746031746,2024-04-25
NIFTY1, EQ, 25-Apr-2024,241.3,241.0,243.67,239.33, 242.72,243.08,242.19,34153,82.71,629, 20652, 60.47,0.604690656750505,2024-04-25
NIFTY50ADD, EQ, 25-Apr-2024,229.59,236.7,236.7,228.59, 231.12,230.92,230.12,6263,14.41,216, 3673, 58.65,0.5864601628612486,2024-04-25
NIFTYBEES, EQ, 25-Apr-2024,247.94,248.99,249.95,246.28, 249.38,249.27,248.64,2917065,7252.93,27501, 1786633, 61.25,0.612476238959365,2024-04-25
NIFTYBETF, EQ, 25-Apr-2024,223.94,223.94,225.5,223.41, 225.50,225.5,224.3,1313,2.95,22, 602, 45.85,0.4584920030464585,2024-04-25
NIFTYETF, EQ, 25-Apr-2024,237.03,240.0,240.0,235.59, 237.94,238.22,237.48,40051,95.11,437, 28136, 70.25,0.702504307008564,2024-04-25
NIFTYIETF, EQ, 25-Apr-2024,246.71,245.56,248.76,245.56, 248.19,248.17,247.3,589325,1457.4,5325, 493135, 83.68,0.8367793662240699,2024-04-25
NIFTYQLITY, EQ, 25-Apr-2024,18.93,19.19,19.19,18.85, 19.05,19.04,19.02,39474,7.51,308, 37803, 95.77,0.9576683386532908,2024-04-25
NIITLTD, EQ, 25-Apr-2024,107.55,107.7,108.3,107.15, 107.90,107.75,107.67,224547,241.78,2258, 129392, 57.62,0.5762357101185943,2024-04-25
NIITMTS, EQ, 25-Apr-2024,513.2,513.0,520.0,510.0, 519.05,514.0,512.61,62145,318.56,4632, 35299, 56.80,0.5680102984954541,2024-04-25
NILAINFRA, BE, 25-Apr-2024,11.4,11.6,11.6,11.6, 11.60,11.6,11.6,143477,16.64,228, -, -,,2024-04-25
NILASPACES, EQ, 25-Apr-2024,8.9,9.25,9.3,9.05, 9.30,9.3,9.28,1875920,174.03,1730, 1360738, 72.54,0.7253710179538573,2024-04-25
NILKAMAL, EQ, 25-Apr-2024,1905.6,1915.0,1955.0,1903.75, 1906.00,1921.8,1928.35,13710,264.38,2153, 6901, 50.34,0.5033552151714077,2024-04-25
NINSYS, EQ, 25-Apr-2024,442.95,445.0,445.0,420.65, 437.80,430.75,433.17,7107,30.79,890, 5380, 75.70,0.7570001407063458,2024-04-25
NIPPOBATRY, EQ, 25-Apr-2024,666.55,673.2,749.0,663.15, 721.00,725.3,724.09,182880,1324.21,21423, 55764, 30.49,0.30492125984251967,2024-04-25
NIRAJ, EQ, 25-Apr-2024,44.9,45.0,45.15,43.7, 44.55,44.35,44.31,22419,9.93,226, 13939, 62.17,0.6217494089834515,2024-04-25
NITCO, BE, 25-Apr-2024,64.35,65.6,65.6,65.6, 65.60,65.6,65.6,16504,10.83,57, -, -,,2024-04-25
NITINSPIN, EQ, 25-Apr-2024,355.8,358.3,362.0,354.05, 357.80,357.2,357.52,43362,155.03,4151, 23701, 54.66,0.5465845671325124,2024-04-25
NITIRAJ, EQ, 25-Apr-2024,181.45,181.55,185.4,178.2, 185.00,182.1,181.15,2087,3.78,124, 1692, 81.07,0.8107331097268807,2024-04-25
NKIND, EQ, 25-Apr-2024,53.95,53.95,54.0,53.95, 53.95,53.95,53.97,360,0.19,7, 194, 53.89,0.5388888888888889,2024-04-25
NLCINDIA, EQ, 25-Apr-2024,232.25,232.25,235.8,231.15, 234.00,233.75,233.24,2334554,5445.21,23432, 863385, 36.98,0.3698286696302591,2024-04-25
NMDC, EQ, 25-Apr-2024,248.1,249.9,253.0,246.7, 252.50,252.25,250.42,23367304,58516.02,118090, 8042060, 34.42,0.3441586586111945,2024-04-25
NOCIL, EQ, 25-Apr-2024,277.0,277.05,282.8,274.3, 275.90,275.8,279.37,1608328,4493.26,31078, 432853, 26.91,0.26913229142314254,2024-04-25
NOIDATOLL, BE, 25-Apr-2024,8.6,8.6,8.75,8.6, 8.75,8.75,8.75,21783,1.91,22, -, -,,2024-04-25
NORBTEAEXP, EQ, 25-Apr-2024,12.9,12.85,12.9,12.3, 12.35,12.4,12.64,3465,0.44,41, 3388, 97.78,0.9777777777777777,2024-04-25
NOVAAGRI, EQ, 25-Apr-2024,54.15,55.25,55.25,53.05, 53.50,53.45,53.73,378094,203.15,3226, 233084, 61.65,0.6164710363031416,2024-04-25
NPBET, EQ, 25-Apr-2024,245.25,246.5,247.17,244.04, 246.51,246.84,245.54,383,0.94,24, 299, 78.07,0.7806788511749347,2024-04-25
NRAIL, EQ, 25-Apr-2024,490.2,489.9,490.95,483.05, 484.05,484.8,487.21,6980,34.01,519, 4740, 67.91,0.6790830945558739,2024-04-25
NRBBEARING, EQ, 25-Apr-2024,323.75,325.4,325.4,311.0, 315.75,315.35,317.69,187975,597.18,7859, 106852, 56.84,0.5684372921931108,2024-04-25
NRL, EQ, 25-Apr-2024,81.65,84.7,84.8,81.0, 81.90,81.65,82.68,148960,123.16,943, 74485, 50.00,0.5000335660580022,2024-04-25
NSIL, EQ, 25-Apr-2024,3595.6,3631.55,3631.55,3551.95, 3560.00,3573.1,3595.39,3802,136.7,868, 2369, 62.31,0.6230931088900579,2024-04-25
NSLNISP, EQ, 25-Apr-2024,68.0,68.0,68.1,66.05, 66.85,66.8,66.89,29534591,19754.56,63386, 8891605, 30.11,0.30105732630595766,2024-04-25
NTPC, EQ, 25-Apr-2024,351.65,351.0,360.6,349.1, 359.50,359.2,355.54,19865014,70627.61,197111, 9895888, 49.82,0.4981566083970542,2024-04-25
NUCLEUS, EQ, 25-Apr-2024,1372.55,1375.0,1424.5,1363.0, 1374.00,1377.55,1388.68,62400,866.54,7429, 26746, 42.86,0.42862179487179486,2024-04-25
NURECA, EQ, 25-Apr-2024,292.7,294.9,297.35,286.25, 288.90,288.95,292.39,18542,54.21,987, 10008, 53.97,0.5397476000431453,2024-04-25
NUVAMA, EQ, 25-Apr-2024,5386.1,5499.0,5500.0,5389.4, 5430.00,5453.4,5441.94,45298,2465.09,10340, 26879, 59.34,0.5933816062519317,2024-04-25
NUVOCO, EQ, 25-Apr-2024,347.8,347.15,347.95,336.3, 341.75,342.65,342.22,482996,1652.9,20946, 248496, 51.45,0.5144887328259448,2024-04-25
NV20, EQ, 25-Apr-2024,138.25,137.01,139.9,137.0, 139.21,139.57,138.63,20397,28.28,279, 12429, 60.94,0.6093543168112958,2024-04-25
NV20BEES, EQ, 25-Apr-2024,138.2,138.85,140.79,138.46, 140.50,140.46,139.87,17561,24.56,217, 10502, 59.80,0.5980297249587153,2024-04-25
NV20IETF, EQ, 25-Apr-2024,13.51,13.9,13.9,13.11, 13.74,13.69,13.62,559206,76.16,1531, 311498, 55.70,0.5570362263638087,2024-04-25
NYKAA, EQ, 25-Apr-2024,176.2,177.25,178.8,175.3, 177.70,178.1,177.21,2134798,3783.0,35778, 1028102, 48.16,0.48159216937621263,2024-04-25
OAL, EQ, 25-Apr-2024,376.2,382.3,388.95,375.05, 380.15,381.45,382.14,30827,117.8,2228, 12460, 40.42,0.4041911311512635,2024-04-25
OBCL, EQ, 25-Apr-2024,53.25,53.15,54.95,51.85, 52.80,52.35,52.65,39145,20.61,1048, 22660, 57.89,0.5788734193383573,2024-04-25
OBEROIRLTY, EQ, 25-Apr-2024,1460.6,1459.0,1479.0,1437.0, 1469.25,1474.2,1455.66,444577,6471.55,21729, 242259, 54.49,0.5449202275421355,2024-04-25
OCCL, EQ, 25-Apr-2024,761.2,764.0,780.0,755.6, 770.00,768.1,770.66,21208,163.44,2183, 13314, 62.78,0.6277819690682761,2024-04-25
OFSS, EQ, 25-Apr-2024,7358.8,7151.3,7578.5,7111.0, 7179.00,7143.05,7283.39,1100513,80154.61,115739, 306128, 27.82,0.27816845416637515,2024-04-25
OIL, EQ, 25-Apr-2024,608.35,604.0,620.5,602.05, 613.40,612.5,615.12,3486606,21446.84,63742, 1110387, 31.85,0.3184721760933125,2024-04-25
OILCOUNTUB, BE, 25-Apr-2024,45.95,46.85,46.85,46.8, 46.80,46.8,46.83,10281,4.81,38, -, -,,2024-04-25
OLECTRA, EQ, 25-Apr-2024,1775.25,1784.5,1815.8,1774.0, 1814.00,1807.8,1798.62,822213,14788.48,42708, 277107, 33.70,0.33702580718135083,2024-04-25
OMAXAUTO, BE, 25-Apr-2024,119.3,121.65,121.65,121.65, 121.65,121.65,121.65,7377,8.97,50, -, -,,2024-04-25
OMAXE, EQ, 25-Apr-2024,98.4,98.4,99.4,97.05, 97.90,97.6,98.29,199724,196.31,1335, 124322, 62.25,0.6224690072299773,2024-04-25
OMINFRAL, EQ, 25-Apr-2024,141.25,143.9,145.95,139.15, 139.75,140.75,142.47,239531,341.25,3987, 130918, 54.66,0.5465597354830899,2024-04-25
OMKARCHEM, BZ, 25-Apr-2024,7.15,7.35,7.5,6.9, 7.45,7.2,7.26,10698,0.78,32, -, -,,2024-04-25
ONELIFECAP, BE, 25-Apr-2024,18.6,18.9,19.5,18.8, 19.50,19.5,19.33,78468,15.17,236, -, -,,2024-04-25
ONEPOINT, EQ, 25-Apr-2024,54.5,55.4,57.2,54.0, 55.45,55.75,55.57,4910026,2728.26,5952, 3223468, 65.65,0.6565073178838564,2024-04-25
ONGC, EQ, 25-Apr-2024,279.35,279.35,282.6,278.0, 282.30,281.95,280.94,17050557,47901.35,137680, 7407130, 43.44,0.43442158517167506,2024-04-25
ONMOBILE, EQ, 25-Apr-2024,81.35,81.5,81.9,80.55, 81.10,80.85,81.18,297512,241.53,2231, 157070, 52.79,0.5279450912904353,2024-04-25
ONWARDTEC, EQ, 25-Apr-2024,470.8,475.5,475.5,459.45, 462.50,461.3,465.88,42487,197.94,4279, 22960, 54.04,0.5404005931226022,2024-04-25
OPTIEMUS, EQ, 25-Apr-2024,282.5,281.8,283.0,277.1, 279.45,278.5,279.79,55868,156.31,3530, 29432, 52.68,0.5268132025488652,2024-04-25
ORBTEXP, EQ, 25-Apr-2024,170.15,171.0,183.4,170.95, 178.00,179.6,178.47,66710,119.06,1148, 33041, 49.53,0.49529305951131763,2024-04-25
ORCHPHARMA, EQ, 25-Apr-2024,1065.0,1074.9,1101.95,1068.05, 1090.10,1092.4,1090.08,52477,572.04,5380, 32609, 62.14,0.6213960401699792,2024-04-25
ORICONENT, EQ, 25-Apr-2024,42.75,43.0,43.25,42.1, 42.45,42.45,42.59,529033,225.3,2723, 284511, 53.78,0.5377944287029354,2024-04-25
ORIENTALTL, BE, 25-Apr-2024,8.9,8.9,8.9,8.8, 8.80,8.8,8.8,22760,2.0,55, -, -,,2024-04-25
ORIENTBELL, EQ, 25-Apr-2024,371.05,371.1,404.0,369.7, 392.85,391.1,392.68,117815,462.63,6301, 48478, 41.15,0.4114756185545134,2024-04-25
ORIENTCEM, EQ, 25-Apr-2024,230.5,229.9,256.65,225.0, 229.50,229.45,241.45,9999307,24142.96,142920, 2056475, 20.57,0.2056617523594385,2024-04-25
ORIENTCER, EQ, 25-Apr-2024,50.5,50.75,51.5,49.0, 49.15,49.15,50.0,108156,54.08,1032, 73798, 68.23,0.6823292281519286,2024-04-25
ORIENTELEC, EQ, 25-Apr-2024,218.4,218.0,221.0,215.5, 217.50,217.3,218.29,301656,658.5,10118, 141981, 47.07,0.47067189116079244,2024-04-25
ORIENTHOT, EQ, 25-Apr-2024,133.8,134.55,142.4,131.7, 138.00,137.85,138.27,1616762,2235.47,18068, 773217, 47.83,0.47825035472135047,2024-04-25
ORIENTLTD, EQ, 25-Apr-2024,99.4,103.7,104.35,96.3, 99.25,100.35,101.76,60553,61.62,857, 38630, 63.80,0.637953528314039,2024-04-25
ORIENTPPR, EQ, 25-Apr-2024,49.15,49.0,49.8,48.4, 49.20,49.4,49.06,2091121,1025.87,6867, 879150, 42.04,0.42042043478115326,2024-04-25
ORISSAMINE, EQ, 25-Apr-2024,6792.7,6780.0,6878.0,6700.0, 6769.90,6730.45,6787.88,8327,565.23,2898, 3090, 37.11,0.3710820223369761,2024-04-25
ORTINLAB, EQ, 25-Apr-2024,19.95,20.25,20.25,19.6, 20.00,19.7,19.81,6370,1.26,134, 4434, 69.61,0.6960753532182103,2024-04-25
OSIAHYPER, BE, 25-Apr-2024,29.4,28.85,28.85,28.85, 28.85,28.85,28.85,343208,99.02,539, -, -,,2024-04-25
OSWALAGRO, EQ, 25-Apr-2024,45.2,44.25,46.2,44.25, 46.00,45.85,45.61,100007,45.61,590, 84501, 84.50,0.8449508534402592,2024-04-25
OSWALGREEN, EQ, 25-Apr-2024,34.7,35.15,35.45,34.55, 35.00,34.9,34.98,310587,108.63,1810, 148304, 47.75,0.47749583852511535,2024-04-25
OSWALSEEDS, BE, 25-Apr-2024,30.65,31.5,32.0,30.65, 32.00,31.9,31.36,101678,31.89,717, -, -,,2024-04-25
PAGEIND, EQ, 25-Apr-2024,36286.25,36350.0,36438.65,35429.9, 35457.65,35560.75,35956.83,40245,14470.83,9242, 24294, 60.37,0.6036526276556093,2024-04-25
PAISALO, EQ, 25-Apr-2024,75.6,75.9,79.35,75.1, 76.00,76.7,77.68,1607126,1248.35,10886, 911740, 56.73,0.5673108393492483,2024-04-25
PAKKA, EQ, 25-Apr-2024,278.8,279.8,282.0,275.0, 279.70,277.0,278.69,141059,393.11,10129, 64697, 45.87,0.45865205339609666,2024-04-25
PALASHSECU, EQ, 25-Apr-2024,133.1,139.85,139.85,133.05, 135.00,134.6,135.28,23641,31.98,1424, 4836, 20.46,0.20455987479379045,2024-04-25
PALREDTEC, BE, 25-Apr-2024,131.0,131.0,133.9,130.05, 132.00,132.1,132.88,5768,7.66,75, -, -,,2024-04-25
PANACEABIO, EQ, 25-Apr-2024,141.95,142.0,149.9,140.7, 146.50,146.5,146.57,418127,612.84,6039, 221692, 53.02,0.5302025461163713,2024-04-25
PANACHE, EQ, 25-Apr-2024,84.25,87.5,88.5,83.1, 85.00,84.5,85.98,53111,45.67,506, 42725, 80.44,0.8044472896386813,2024-04-25
PANAMAPET, EQ, 25-Apr-2024,338.4,334.25,339.8,332.0, 333.15,333.45,335.06,62056,207.92,3899, 36692, 59.13,0.5912723991233725,2024-04-25
PANSARI, EQ, 25-Apr-2024,92.45,92.45,97.05,92.45, 92.45,94.75,95.36,3561,3.4,134, 1581, 44.40,0.44397641112047176,2024-04-25
PAR, EQ, 25-Apr-2024,281.45,282.5,282.9,273.0, 277.55,276.1,277.64,40862,113.45,3057, 17318, 42.38,0.4238167490578043,2024-04-25
PARACABLES, BE, 25-Apr-2024,77.55,78.0,79.4,76.4, 78.45,77.4,78.03,316844,247.22,1758, -, -,,2024-04-25
PARADEEP, EQ, 25-Apr-2024,72.3,71.9,72.2,71.0, 71.20,71.15,71.53,1033974,739.58,5005, 487092, 47.11,0.4710872807246604,2024-04-25
PARAGMILK, EQ, 25-Apr-2024,218.1,218.65,218.9,215.0, 216.50,215.4,216.18,588058,1271.27,8688, 320869, 54.56,0.5456417564253866,2024-04-25
PARAS, EQ, 25-Apr-2024,757.15,759.25,773.8,749.0, 756.30,757.85,762.82,424771,3240.23,27085, 135642, 31.93,0.3193297094198992,2024-04-25
PARASPETRO, BE, 25-Apr-2024,3.9,3.85,3.85,3.85, 3.85,3.85,3.85,592013,22.79,675, -, -,,2024-04-25
PARKHOTELS, EQ, 25-Apr-2024,199.25,199.3,200.9,197.0, 197.10,197.4,198.29,267193,529.83,8858, 146896, 54.98,0.549774881826994,2024-04-25
PARSVNATH, EQ, 25-Apr-2024,15.05,14.9,15.45,14.5, 14.60,14.6,14.81,458141,67.86,1078, 339475, 74.10,0.7409836709659253,2024-04-25
PASUPTAC, EQ, 25-Apr-2024,39.5,39.65,40.05,38.25, 39.15,38.75,39.17,101254,39.66,809, 50396, 49.77,0.4977186086475596,2024-04-25
PATANJALI, EQ, 25-Apr-2024,1508.9,1513.95,1546.5,1485.0, 1508.00,1521.15,1510.99,804967,12163.0,30964, 400717, 49.78,0.4978055001012464,2024-04-25
PATELENG, EQ, 25-Apr-2024,64.35,64.75,66.2,64.0, 65.15,65.1,65.2,4910917,3202.01,16747, 2569601, 52.32,0.523242604181663,2024-04-25
PATINTLOG, EQ, 25-Apr-2024,21.25,21.6,23.45,21.35, 23.00,22.95,22.8,1944568,443.28,6999, 873176, 44.90,0.4490334099913194,2024-04-25
PAVNAIND, EQ, 25-Apr-2024,564.7,541.55,555.0,536.5, 536.50,536.5,537.37,24459,131.43,731, 21939, 89.70,0.8969704403287133,2024-04-25
PAYTM, EQ, 25-Apr-2024,382.65,382.5,384.25,378.0, 378.90,379.05,379.77,794300,3016.55,35278, 524121, 65.99,0.6598527004909983,2024-04-25
PCBL, EQ, 25-Apr-2024,265.1,265.1,270.0,264.0, 266.80,266.55,267.42,1304001,3487.14,18693, 602755, 46.22,0.462235074973102,2024-04-25
PCJEWELLER, EQ, 25-Apr-2024,53.95,53.95,54.35,52.75, 53.00,52.95,53.34,1631755,870.36,5122, 1174208, 71.96,0.7195982239980879,2024-04-25
PDMJEPAPER, EQ, 25-Apr-2024,73.65,74.3,76.8,73.35, 75.00,74.95,74.94,1149679,861.62,6528, 507717, 44.16,0.4416163120314453,2024-04-25
PDSL, EQ, 25-Apr-2024,471.6,471.6,487.5,470.95, 484.00,476.0,478.71,43811,209.73,5232, 21622, 49.35,0.4935290223916368,2024-04-25
PEARLPOLY, EQ, 25-Apr-2024,38.55,38.55,40.0,38.05, 38.80,38.9,39.12,138545,54.2,652, 82506, 59.55,0.5955177018297304,2024-04-25
PEL, EQ, 25-Apr-2024,879.05,871.05,911.3,866.5, 907.95,907.95,895.93,2470719,22135.98,75427, 1267508, 51.30,0.5130117993992842,2024-04-25
PENIND, EQ, 25-Apr-2024,140.7,139.7,144.0,138.95, 142.00,141.2,141.42,604295,854.61,9307, 264956, 43.85,0.4384547282370366,2024-04-25
PENINLAND, EQ, 25-Apr-2024,51.95,52.1,52.65,50.5, 51.30,51.35,51.51,540400,278.36,3377, 236764, 43.81,0.43812731310140635,2024-04-25
PERSISTENT, EQ, 25-Apr-2024,3466.4,3463.1,3478.7,3415.5, 3425.00,3430.35,3446.59,615599,21217.17,63116, 307203, 49.90,0.49903102506664243,2024-04-25
PETRONET, EQ, 25-Apr-2024,298.95,299.95,303.8,297.8, 302.20,302.6,301.39,6376314,19217.55,50684, 2109928, 33.09,0.3309008935256325,2024-04-25
PFC, EQ, 25-Apr-2024,402.05,400.3,408.0,399.0, 407.00,407.05,404.99,7978814,32313.4,66261, 4207909, 52.74,0.5273852730493529,2024-04-25
PFIZER, EQ, 25-Apr-2024,4148.7,4146.0,4159.95,4095.0, 4142.00,4143.2,4127.36,12362,510.22,2484, 7427, 60.08,0.60079275198188,2024-04-25
PFOCUS, EQ, 25-Apr-2024,101.7,102.3,103.35,101.0, 101.35,101.5,102.24,136552,139.61,998, 88793, 65.03,0.6502504540394868,2024-04-25
PFS, BE, 25-Apr-2024,40.4,40.65,40.65,39.5, 40.40,40.2,40.12,427206,171.41,1620, -, -,,2024-04-25
PGEL, EQ, 25-Apr-2024,2004.6,2004.6,2035.45,1979.95, 1985.00,2000.9,2004.26,91822,1840.35,9023, 59115, 64.38,0.6437999607937096,2024-04-25
PGHH, EQ, 25-Apr-2024,15893.95,15893.95,16196.0,15890.0, 16100.00,16095.35,16082.47,5625,904.64,2221, 3846, 68.37,0.6837333333333333,2024-04-25
PGHL, EQ, 25-Apr-2024,4729.2,4720.75,4769.95,4636.55, 4735.40,4720.85,4708.5,11382,535.92,2272, 7793, 68.47,0.6846775610613249,2024-04-25
PGIL, EQ, 25-Apr-2024,600.25,610.0,610.0,588.65, 598.00,594.05,593.37,15626,92.72,1081, 10532, 67.40,0.6740048636887239,2024-04-25
PHARMABEES, EQ, 25-Apr-2024,18.9,18.9,19.2,18.89, 19.19,19.16,19.03,3340941,635.95,6901, 2127730, 63.69,0.6368654819106354,2024-04-25
PHOENIXLTD, EQ, 25-Apr-2024,3189.8,3219.7,3219.7,3055.0, 3186.90,3162.85,3123.12,436126,13620.75,54207, 188509, 43.22,0.4322351797416343,2024-04-25
PIDILITIND, EQ, 25-Apr-2024,2950.4,2950.0,2950.4,2910.4, 2923.00,2919.45,2922.76,291095,8508.02,31979, 192696, 66.20,0.6619694601418781,2024-04-25
PIGL, BE, 25-Apr-2024,75.35,78.9,78.9,72.15, 72.95,72.95,74.37,13417,9.98,143, -, -,,2024-04-25
PIIND, EQ, 25-Apr-2024,3754.85,3772.25,3778.95,3721.65, 3750.00,3756.05,3744.08,169348,6340.53,16082, 101365, 59.86,0.5985603609136216,2024-04-25
PILANIINVS, EQ, 25-Apr-2024,3822.45,3825.0,4080.0,3789.1, 3945.00,3968.4,3970.22,28499,1131.47,6201, 11260, 39.51,0.39510158251166705,2024-04-25
PILITA, BE, 25-Apr-2024,12.6,12.6,12.6,12.5, 12.50,12.5,12.56,23457,2.95,81, -, -,,2024-04-25
PIONEEREMB, EQ, 25-Apr-2024,45.3,45.5,45.5,43.05, 44.85,44.6,44.11,13756,6.07,194, 8090, 58.81,0.5881070078511195,2024-04-25
PITTIENG, EQ, 25-Apr-2024,858.75,853.75,868.0,846.2, 863.90,859.9,856.91,72168,618.41,5100, 36098, 50.02,0.5001939917969183,2024-04-25
PIXTRANS, EQ, 25-Apr-2024,1387.8,1367.0,1461.25,1367.0, 1420.00,1422.75,1429.39,21174,302.66,3652, 13053, 61.65,0.6164635874185321,2024-04-25
PKTEA, EQ, 25-Apr-2024,314.95,321.0,329.9,315.15, 322.30,322.0,321.14,50,0.16,29, 35, 70.00,0.7,2024-04-25
PLASTIBLEN, EQ, 25-Apr-2024,274.35,275.8,278.7,267.5, 270.60,273.75,271.72,16974,46.12,977, 8074, 47.57,0.4756686697301756,2024-04-25
PLATIND, EQ, 25-Apr-2024,212.15,211.15,219.6,207.0, 211.60,216.0,214.23,729069,1561.87,22329, 192647, 26.42,0.2642369926577594,2024-04-25
PLAZACABLE, EQ, 25-Apr-2024,94.7,94.7,95.75,94.35, 94.60,94.5,94.75,44574,42.23,907, 30555, 68.55,0.6854892986943061,2024-04-25
PNB, EQ, 25-Apr-2024,133.0,132.95,137.0,132.55, 135.70,135.9,135.45,59269785,80278.05,135427, 20343740, 34.32,0.34323964563056875,2024-04-25
PNBGILTS, EQ, 25-Apr-2024,109.95,110.45,111.75,107.15, 110.15,110.6,110.54,440522,486.95,3149, 138567, 31.46,0.3145518271505169,2024-04-25
PNBHOUSING, EQ, 25-Apr-2024,776.65,778.3,788.0,772.6, 786.00,783.25,781.74,337406,2637.64,18193, 158520, 46.98,0.4698197423875094,2024-04-25
PNC, EQ, 25-Apr-2024,58.55,60.0,68.9,58.65, 65.25,65.0,66.19,574920,380.54,6339, 162235, 28.22,0.2821870868990468,2024-04-25
PNCINFRA, EQ, 25-Apr-2024,442.85,443.8,449.6,441.15, 449.25,448.6,445.81,204583,912.05,10377, 118019, 57.69,0.5768758890034852,2024-04-25
POCL, EQ, 25-Apr-2024,715.9,716.0,726.9,700.55, 703.00,702.65,708.1,17029,120.58,963, 12225, 71.79,0.7178930060485055,2024-04-25
PODDARHOUS, BZ, 25-Apr-2024,103.8,103.0,103.0,103.0, 103.00,103.0,103.0,23,0.02,2, -, -,,2024-04-25
PODDARMENT, EQ, 25-Apr-2024,347.7,349.5,355.0,344.55, 351.00,349.2,346.76,8874,30.77,353, 6666, 75.12,0.751183231913455,2024-04-25
POKARNA, EQ, 25-Apr-2024,474.65,485.0,485.0,467.0, 472.40,471.35,473.82,30492,144.48,2990, 15461, 50.71,0.5070510297783025,2024-04-25
POLICYBZR, EQ, 25-Apr-2024,1227.8,1228.0,1274.9,1212.35, 1270.05,1262.95,1235.92,1876111,23187.15,46108, 1492823, 79.57,0.7957007874267568,2024-04-25
POLYCAB, EQ, 25-Apr-2024,5593.8,5610.0,5689.9,5590.0, 5615.00,5633.1,5637.12,425165,23967.08,47905, 208418, 49.02,0.4902049792433526,2024-04-25
POLYMED, EQ, 25-Apr-2024,1561.2,1569.95,1595.0,1550.65, 1588.00,1584.05,1571.59,74222,1166.46,7773, 60076, 80.94,0.8094096090108054,2024-04-25
POLYPLEX, EQ, 25-Apr-2024,951.6,950.0,958.45,939.5, 941.50,943.55,949.82,188745,1792.73,10712, 113359, 60.06,0.600593393202469,2024-04-25
PONNIERODE, EQ, 25-Apr-2024,431.85,438.0,438.95,430.5, 433.05,433.45,434.12,18364,79.72,1698, 8444, 45.98,0.45981267697669354,2024-04-25
POONAWALLA, EQ, 25-Apr-2024,493.75,493.75,498.75,487.5, 494.00,493.0,494.08,1104525,5457.2,25631, 643959, 58.30,0.5830189447952739,2024-04-25
POWERGRID, EQ, 25-Apr-2024,290.4,292.0,294.5,289.25, 292.05,293.3,292.44,22022414,64401.52,173180, 11938006, 54.21,0.5420843509707882,2024-04-25
POWERINDIA, EQ, 25-Apr-2024,8212.75,8208.9,9821.95,8035.7, 9340.00,9329.5,9181.19,527464,48427.47,88778, 70744, 13.41,0.13412100162285956,2024-04-25
POWERMECH, EQ, 25-Apr-2024,5244.3,5270.0,5482.8,5202.05, 5331.00,5340.95,5378.99,58948,3170.81,12341, 23717, 40.23,0.4023376535251408,2024-04-25
PPAP, EQ, 25-Apr-2024,209.4,209.2,210.5,206.8, 208.40,207.05,208.48,6567,13.69,195, 5239, 79.78,0.7977767626008831,2024-04-25
PPL, EQ, 25-Apr-2024,391.65,405.0,408.9,389.95, 392.00,391.65,394.75,44988,177.59,1911, 26468, 58.83,0.5883346670223171,2024-04-25
PPLPHARMA, EQ, 25-Apr-2024,138.75,139.0,142.3,138.5, 142.05,141.95,141.1,2203137,3108.53,16409, 890767, 40.43,0.40431757080925973,2024-04-25
PRAENG, BE, 25-Apr-2024,27.25,27.75,27.75,27.7, 27.75,27.75,27.75,34248,9.5,16, -, -,,2024-04-25
PRAJIND, EQ, 25-Apr-2024,519.45,519.5,526.5,514.35, 519.40,517.75,519.79,368685,1916.39,21032, 170984, 46.38,0.46376717251854566,2024-04-25
PRAKASH, EQ, 25-Apr-2024,175.5,175.0,176.7,170.3, 172.20,171.95,172.46,437555,754.6,10555, 251697, 57.52,0.5752351133000423,2024-04-25
PRAKASHSTL, BE, 25-Apr-2024,7.95,7.95,7.95,7.95, 7.95,7.95,7.95,129063,10.26,399, -, -,,2024-04-25
PRAXIS, BE, 25-Apr-2024,19.8,19.4,19.4,19.4, 19.40,19.4,19.4,10117,1.96,19, -, -,,2024-04-25
PRECAM, EQ, 25-Apr-2024,212.3,212.0,218.9,211.5, 214.00,215.4,215.55,125523,270.56,5532, 54750, 43.62,0.43617504361750437,2024-04-25
PRECOT, BE, 25-Apr-2024,401.0,408.95,409.0,408.7, 409.00,409.0,408.96,12693,51.91,85, -, -,,2024-04-25
PRECWIRE, EQ, 25-Apr-2024,136.95,138.25,141.5,136.15, 137.45,137.85,138.99,509845,708.63,6500, 283024, 55.51,0.5551177318596828,2024-04-25
PREMEXPLN, EQ, 25-Apr-2024,2394.8,2441.95,2524.0,2370.85, 2524.00,2503.35,2473.94,134207,3320.21,6477, 87355, 65.09,0.6508974941694546,2024-04-25
PREMIER, BE, 25-Apr-2024,3.65,3.65,3.8,3.65, 3.80,3.8,3.8,19430,0.74,19, -, -,,2024-04-25
PREMIERPOL, EQ, 25-Apr-2024,200.3,206.0,206.0,196.0, 199.50,197.75,200.04,21072,42.15,1495, 12601, 59.80,0.5979973424449506,2024-04-25
PRESTIGE, EQ, 25-Apr-2024,1311.0,1309.95,1316.25,1287.0, 1305.70,1310.9,1302.32,281549,3666.67,27828, 162693, 57.78,0.5778496815829571,2024-04-25
PRICOLLTD, EQ, 25-Apr-2024,428.8,430.0,439.95,426.05, 433.35,434.0,435.39,426212,1855.69,23099, 181804, 42.66,0.4265576755229792,2024-04-25
PRIMESECU, EQ, 25-Apr-2024,174.25,174.3,181.75,173.75, 180.00,179.0,179.25,411271,737.19,2283, 206294, 50.16,0.5016011340454347,2024-04-25
PRINCEPIPE, EQ, 25-Apr-2024,626.75,628.3,633.7,621.45, 627.90,624.0,626.14,94501,591.71,8495, 50015, 52.93,0.5292536586914424,2024-04-25
PRITI, EQ, 25-Apr-2024,171.75,171.75,172.4,168.0, 170.90,169.45,170.31,34197,58.24,784, 18396, 53.79,0.5379419247302395,2024-04-25
PRITIKAUTO, BE, 25-Apr-2024,28.85,29.4,29.4,29.4, 29.40,29.4,29.4,85014,24.99,118, -, -,,2024-04-25
PRIVISCL, EQ, 25-Apr-2024,1173.9,1179.75,1187.7,1169.15, 1171.00,1178.5,1177.7,7107,83.7,1128, 4151, 58.41,0.5840720416490783,2024-04-25
PROZONER, EQ, 25-Apr-2024,33.2,32.7,35.35,32.7, 34.25,34.05,34.42,1622537,558.46,4951, 778568, 47.98,0.47984606822525466,2024-04-25
PRSMJOHNSN, EQ, 25-Apr-2024,167.25,168.1,168.6,166.55, 167.50,167.35,167.48,122544,205.23,3281, 62091, 50.67,0.5066833137485312,2024-04-25
PRUDENT, EQ, 25-Apr-2024,1506.35,1502.0,1557.0,1491.55, 1500.00,1501.2,1526.87,31811,485.71,4776, 12745, 40.06,0.4006475747382981,2024-04-25
PRUDMOULI, BE, 25-Apr-2024,24.75,24.25,24.75,24.25, 24.25,24.25,24.28,15887,3.86,19, -, -,,2024-04-25
PSB, EQ, 25-Apr-2024,60.65,60.7,63.15,60.7, 61.80,61.75,62.16,5764678,3583.2,15914, 1760794, 30.54,0.3054453345009036,2024-04-25
PSPPROJECT, EQ, 25-Apr-2024,695.15,697.7,700.8,684.4, 699.15,695.25,692.42,201455,1394.91,13330, 129039, 64.05,0.6405351070958775,2024-04-25
PSUBANK, EQ, 25-Apr-2024,707.27,707.27,736.21,706.69, 732.01,732.65,725.57,58159,421.98,2515, 44922, 77.24,0.7723998005467769,2024-04-25
PSUBANKADD, EQ, 25-Apr-2024,71.1,71.3,74.1,71.3, 72.27,73.83,73.28,43151,31.62,364, 39779, 92.19,0.9218558086718732,2024-04-25
PSUBNKBEES, EQ, 25-Apr-2024,79.12,79.24,82.05,78.85, 81.90,81.87,81.12,5261137,4267.59,10249, 3057559, 58.12,0.5811593577585986,2024-04-25
PSUBNKIETF, EQ, 25-Apr-2024,71.68,72.64,74.69,71.0, 74.50,74.43,73.64,736070,542.05,3653, 581915, 79.06,0.7905701903351583,2024-04-25
PTC, EQ, 25-Apr-2024,230.35,231.9,233.45,228.4, 228.80,229.0,230.1,1884156,4335.42,24259, 939889, 49.88,0.4988382066028503,2024-04-25
PTCIL, EQ, 25-Apr-2024,7497.2,7599.95,7987.0,7450.0, 7874.15,7831.1,7704.87,14537,1120.06,5122, 6726, 46.27,0.4626814335832703,2024-04-25
PTL, EQ, 25-Apr-2024,42.75,42.7,43.2,42.05, 42.65,42.5,42.74,129401,55.3,1554, 69877, 54.00,0.5400035548411527,2024-04-25
PUNJABCHEM, EQ, 25-Apr-2024,1105.75,1106.0,1135.75,1099.85, 1125.00,1124.0,1121.77,9728,109.13,1428, 5672, 58.31,0.5830592105263158,2024-04-25
PURVA, BE, 25-Apr-2024,377.0,386.9,395.85,376.2, 395.85,394.9,388.58,321965,1251.1,5132, -, -,,2024-04-25
PVP, EQ, 25-Apr-2024,31.75,32.3,33.3,31.15, 33.30,33.2,32.36,409773,132.61,2136, 247057, 60.29,0.6029118560764131,2024-04-25
PVRINOX, EQ, 25-Apr-2024,1408.3,1413.05,1417.2,1400.0, 1411.90,1409.4,1408.83,507165,7145.08,23638, 242570, 47.83,0.47828615933670504,2024-04-25
PVSL, EQ, 25-Apr-2024,237.1,236.0,242.0,236.0, 237.80,236.5,237.62,129429,307.55,6724, 53732, 41.51,0.41514652821237896,2024-04-25
PVTBANIETF, EQ, 25-Apr-2024,24.0,23.5,24.09,23.3, 24.01,24.05,24.01,487104,116.95,1167, 231742, 47.58,0.47575466430166863,2024-04-25
PVTBANKADD, EQ, 25-Apr-2024,24.13,24.02,24.28,23.91, 24.26,24.19,24.1,32806,7.91,168, 27408, 83.55,0.83545692861062,2024-04-25
PYRAMID, EQ, 25-Apr-2024,166.65,166.65,172.95,165.05, 166.45,165.9,169.52,444646,753.75,7259, 215307, 48.42,0.48422115570588736,2024-04-25
QGOLDHALF, EQ, 25-Apr-2024,60.5,61.71,61.71,60.12, 60.50,60.6,60.59,51005,30.91,254, 27512, 53.94,0.5393980982256642,2024-04-25
QNIFTY, EQ, 25-Apr-2024,2400.0,2400.0,2422.0,2392.0, 2418.00,2418.83,2403.25,753,18.1,83, 599, 79.55,0.795484727755644,2024-04-25
QUAL30IETF, EQ, 25-Apr-2024,187.67,187.0,188.72,186.61, 187.97,187.97,188.38,20481,38.58,36, 19937, 97.34,0.9734387969337435,2024-04-25
QUESS, EQ, 25-Apr-2024,632.15,633.0,634.65,621.15, 630.10,626.4,627.17,148135,929.06,7395, 80912, 54.62,0.5462044756472136,2024-04-25
QUICKHEAL, EQ, 25-Apr-2024,513.2,516.45,516.95,491.4, 500.00,503.2,504.35,118352,596.91,9262, 64531, 54.52,0.545246383669055,2024-04-25
RACE, EQ, 25-Apr-2024,318.25,319.9,328.0,319.1, 327.00,326.0,323.98,20135,65.23,805, 15670, 77.82,0.7782468338713683,2024-04-25
RADAAN, BE, 25-Apr-2024,1.55,1.55,1.55,1.55, 1.55,1.55,1.55,2052,0.03,9, -, -,,2024-04-25
RADHIKAJWE, EQ, 25-Apr-2024,64.1,64.0,64.9,62.95, 63.85,63.4,63.72,470485,299.77,3809, 226097, 48.06,0.4805615481896341,2024-04-25
RADIANTCMS, EQ, 25-Apr-2024,86.9,86.85,87.75,86.05, 86.50,86.6,86.79,92221,80.04,1633, 58191, 63.10,0.6309951095737414,2024-04-25
RADICO, EQ, 25-Apr-2024,1732.1,1716.0,1779.95,1716.0, 1737.65,1734.25,1747.32,99110,1731.77,13795, 27518, 27.77,0.2776510947432146,2024-04-25
RADIOCITY, EQ, 25-Apr-2024,17.6,17.7,19.4,17.5, 18.30,18.3,18.39,2440375,448.89,4431, 771857, 31.63,0.3162862265020745,2024-04-25
RAILTEL, EQ, 25-Apr-2024,396.25,396.4,403.95,393.2, 395.00,395.75,397.8,2800346,11139.84,33069, 913809, 32.63,0.3263200333101695,2024-04-25
RAIN, EQ, 25-Apr-2024,176.65,176.0,183.5,175.55, 181.50,181.0,180.56,4278180,7724.6,33780, 1723982, 40.30,0.4029708894903908,2024-04-25
RAINBOW, EQ, 25-Apr-2024,1356.3,1356.0,1363.0,1305.05, 1316.25,1316.2,1316.64,142693,1878.75,21224, 85774, 60.11,0.6011086738662723,2024-04-25
RAJESHEXPO, EQ, 25-Apr-2024,317.25,318.4,324.9,314.55, 319.00,319.35,319.9,920166,2943.66,22027, 358607, 38.97,0.3897198983661644,2024-04-25
RAJMET, BE, 25-Apr-2024,10.8,10.8,10.85,10.8, 10.85,10.85,10.81,257668,27.86,910, -, -,,2024-04-25
RAJRATAN, EQ, 25-Apr-2024,639.0,640.0,645.0,629.5, 630.00,632.55,635.09,39501,250.87,4213, 22401, 56.71,0.5670995670995671,2024-04-25
RAJRILTD, BE, 25-Apr-2024,23.3,23.75,23.75,22.85, 22.85,22.85,23.37,47603,11.12,335, -, -,,2024-04-25
RAJSREESUG, EQ, 25-Apr-2024,65.85,66.35,68.0,63.5, 64.90,64.9,66.07,216338,142.93,1416, 84441, 39.03,0.3903197773853877,2024-04-25
RAJTV, BE, 25-Apr-2024,71.85,71.25,75.4,71.1, 75.40,75.4,74.06,150718,111.62,201, -, -,,2024-04-25
RALLIS, EQ, 25-Apr-2024,265.4,266.6,273.5,265.45, 269.30,269.75,270.02,720409,1945.23,16854, 239907, 33.30,0.33301499564830533,2024-04-25
RAMANEWS, EQ, 25-Apr-2024,22.0,22.25,22.25,21.0, 21.40,21.35,21.53,173168,37.28,1032, 137512, 79.41,0.7940959068650097,2024-04-25
RAMAPHO, EQ, 25-Apr-2024,185.5,185.25,186.0,183.5, 186.00,185.65,184.79,3688,6.82,232, 1149, 31.16,0.31155097613882865,2024-04-25
RAMASTEEL, EQ, 25-Apr-2024,14.0,14.0,14.15,13.65, 13.80,13.75,13.84,19929073,2758.0,21956, 6346662, 31.85,0.31846247941386935,2024-04-25
RAMCOCEM, EQ, 25-Apr-2024,810.95,807.0,809.4,778.1, 792.00,789.2,789.05,1032067,8143.52,48873, 470505, 45.59,0.45588610041789923,2024-04-25
RAMCOIND, EQ, 25-Apr-2024,231.95,232.6,233.95,229.8, 230.10,230.85,232.11,69331,160.92,4364, 39333, 56.73,0.5673219771819243,2024-04-25
RAMCOSYS, BE, 25-Apr-2024,378.65,376.65,385.0,362.05, 362.10,365.1,371.42,70653,262.42,1510, -, -,,2024-04-25
RAMKY, EQ, 25-Apr-2024,602.0,604.0,629.0,598.05, 608.50,607.85,615.49,142053,874.32,7206, 64107, 45.13,0.451289307511985,2024-04-25
RAMRAT, EQ, 25-Apr-2024,338.7,338.45,341.85,328.8, 332.40,331.15,334.15,63780,213.12,4950, 33116, 51.92,0.5192223267481969,2024-04-25
RANASUG, EQ, 25-Apr-2024,22.7,22.85,23.45,22.75, 22.80,22.85,23.01,1241378,285.65,3436, 401395, 32.33,0.3233463135322198,2024-04-25
RANEENGINE, EQ, 25-Apr-2024,364.6,356.25,377.3,356.25, 372.85,369.15,365.59,9228,33.74,739, 2683, 29.07,0.2907455570004335,2024-04-25
RANEHOLDIN, EQ, 25-Apr-2024,1281.8,1289.9,1300.0,1252.0, 1282.00,1291.6,1280.49,10486,134.27,1263, 6637, 63.29,0.6329391569711997,2024-04-25
RATEGAIN, EQ, 25-Apr-2024,706.45,709.5,732.0,705.1, 731.15,729.55,722.88,408152,2950.46,22919, 208425, 51.07,0.5106553440874968,2024-04-25
RATNAMANI, EQ, 25-Apr-2024,3011.75,3005.0,3049.0,2965.95, 3001.00,3015.9,3010.92,49762,1498.29,8485, 28249, 56.77,0.5676821671154696,2024-04-25
RATNAVEER, EQ, 25-Apr-2024,144.6,144.6,145.95,140.5, 141.50,141.55,143.18,963437,1379.41,16368, 511168, 53.06,0.5305671258214082,2024-04-25
RAYMOND, EQ, 25-Apr-2024,2054.45,2050.0,2134.25,2050.0, 2110.15,2120.4,2102.44,257280,5409.16,20753, 113352, 44.06,0.44057835820895525,2024-04-25
RBA, EQ, 25-Apr-2024,100.7,100.7,102.95,99.75, 102.15,101.9,100.79,4699811,4737.13,9504, 3105550, 66.08,0.6607818910164686,2024-04-25
RBL, EQ, 25-Apr-2024,830.45,834.5,849.55,822.9, 844.90,842.15,835.99,27568,230.47,3401, 12963, 47.02,0.4702190946024376,2024-04-25
RBLBANK, EQ, 25-Apr-2024,262.25,261.0,266.4,260.0, 262.10,262.95,263.08,12244268,32212.46,52824, 4265095, 34.83,0.34833401229048566,2024-04-25
RBZJEWEL, EQ, 25-Apr-2024,148.55,148.7,149.55,146.05, 147.50,147.1,147.67,114199,168.64,2748, 77726, 68.06,0.6806189196052504,2024-04-25
RCF, EQ, 25-Apr-2024,152.0,152.85,153.6,149.6, 150.90,150.75,151.58,3462863,5249.03,26414, 1365249, 39.43,0.3942544074079743,2024-04-25
RCOM, BE, 25-Apr-2024,1.7,1.7,1.7,1.65, 1.70,1.7,1.68,2285779,38.44,2051, -, -,,2024-04-25
RECLTD, EQ, 25-Apr-2024,439.8,438.95,453.8,437.95, 452.45,451.25,446.98,11531272,51542.73,94349, 5697362, 49.41,0.4940792308081884,2024-04-25
REDINGTON, EQ, 25-Apr-2024,220.5,220.85,237.55,220.85, 223.50,223.6,228.22,8055202,18383.47,80899, 2088604, 25.93,0.2592863592992454,2024-04-25
REDTAPE, EQ, 25-Apr-2024,727.0,734.25,734.25,711.35, 711.35,723.55,726.13,41794,303.48,6572, 23906, 57.20,0.5719959802842514,2024-04-25
REFEX, EQ, 25-Apr-2024,163.1,154.95,167.0,154.95, 160.30,160.05,160.16,1643748,2632.64,16487, 825310, 50.21,0.5020903447487084,2024-04-25
REGENCERAM, BE, 25-Apr-2024,34.4,34.4,34.4,33.75, 33.75,33.75,33.75,3320,1.12,5, -, -,,2024-04-25
RELAXO, EQ, 25-Apr-2024,823.7,823.7,845.45,823.15, 835.05,840.45,835.29,114413,955.68,17058, 54210, 47.38,0.47380979434155207,2024-04-25
RELCHEMQ, EQ, 25-Apr-2024,225.45,225.0,230.55,220.1, 228.20,229.0,225.76,20099,45.38,2013, 9188, 45.71,0.4571371710035325,2024-04-25
RELIANCE, EQ, 25-Apr-2024,2900.35,2885.0,2935.95,2883.0, 2917.70,2919.95,2914.62,7971963,232352.73,236911, 3642640, 45.69,0.4569313731134979,2024-04-25
RELIGARE, EQ, 25-Apr-2024,224.7,224.9,226.5,222.05, 223.00,223.05,224.31,384037,861.42,7853, 225468, 58.71,0.5870996804995352,2024-04-25
RELINFRA, EQ, 25-Apr-2024,191.7,190.0,196.75,189.45, 192.90,192.65,193.64,2893721,5603.28,16701, 1788198, 61.80,0.6179579855832681,2024-04-25
REMSONSIND, EQ, 25-Apr-2024,952.35,954.55,982.85,953.6, 970.00,969.9,966.49,30714,296.85,332, 24009, 78.17,0.7816956436804063,2024-04-25
RENUKA, EQ, 25-Apr-2024,44.2,44.75,46.45,44.55, 44.95,44.95,45.36,12844062,5825.86,26327, 2941961, 22.91,0.2290522266242564,2024-04-25
REPCOHOME, EQ, 25-Apr-2024,514.65,514.65,525.0,508.55, 518.00,520.85,518.68,313964,1628.46,23596, 130220, 41.48,0.4147609280044846,2024-04-25
REPL, EQ, 25-Apr-2024,183.15,185.0,186.55,180.0, 181.30,182.1,181.33,21642,39.24,338, 12221, 56.47,0.5646890305886701,2024-04-25
REPRO, EQ, 25-Apr-2024,807.55,803.0,830.7,800.0, 828.50,825.95,814.73,5991,48.81,1448, 3490, 58.25,0.5825404773827407,2024-04-25
RESPONIND, EQ, 25-Apr-2024,290.1,290.1,293.65,287.75, 289.80,289.45,290.57,38983,113.27,2895, 14400, 36.94,0.36939178616319934,2024-04-25
RGL, EQ, 25-Apr-2024,114.45,114.6,116.1,112.2, 113.25,113.4,113.9,96760,110.21,1921, 47337, 48.92,0.4892207523770153,2024-04-25
RHFL, BE, 25-Apr-2024,3.65,3.8,3.8,3.8, 3.80,3.8,3.8,1893868,71.97,1165, -, -,,2024-04-25
RHIM, EQ, 25-Apr-2024,659.8,657.95,658.0,636.15, 646.00,643.65,643.49,239255,1539.59,20373, 126454, 52.85,0.5285323190737916,2024-04-25
RHL, BE, 25-Apr-2024,167.2,164.2,164.25,164.0, 164.25,164.25,164.1,3818,6.27,30, -, -,,2024-04-25
RICOAUTO, EQ, 25-Apr-2024,139.3,139.15,141.95,138.5, 138.90,139.4,140.03,1091980,1529.14,10563, 408626, 37.42,0.3742064872983022,2024-04-25
RIIL, EQ, 25-Apr-2024,1307.4,1312.0,1320.0,1296.5, 1307.00,1305.65,1310.43,206795,2709.9,12394, 43681, 21.12,0.2112285113276433,2024-04-25
RISHABH, EQ, 25-Apr-2024,447.95,445.0,452.7,423.8, 435.00,433.15,436.97,166866,729.16,11064, 93853, 56.24,0.5624453154027783,2024-04-25
RITCO, EQ, 25-Apr-2024,271.5,272.0,285.0,268.1, 269.05,269.65,274.8,128216,352.34,4624, 43102, 33.62,0.336167093030511,2024-04-25
RITES, EQ, 25-Apr-2024,674.45,678.1,692.0,676.0, 685.00,686.25,685.34,1129473,7740.79,31961, 309950, 27.44,0.27442001712302994,2024-04-25
RKDL, EQ, 25-Apr-2024,23.6,24.45,24.75,23.75, 24.75,24.75,24.68,27659,6.83,122, 26568, 96.06,0.9605553346107958,2024-04-25
RKEC, EQ, 25-Apr-2024,92.6,92.6,92.8,90.65, 92.35,92.3,92.01,50104,46.1,473, 34942, 69.74,0.6973894299856299,2024-04-25
RKFORGE, EQ, 25-Apr-2024,768.3,768.75,778.95,752.0, 756.15,760.9,768.21,328243,2521.58,13954, 164872, 50.23,0.5022864158565453,2024-04-25
RKSWAMY, EQ, 25-Apr-2024,288.2,286.95,289.05,278.75, 280.35,280.1,283.29,125069,354.31,4811, 69160, 55.30,0.5529747579336206,2024-04-25
RML, EQ, 25-Apr-2024,842.25,837.85,857.9,832.0, 836.00,842.55,845.79,27517,232.74,2726, 17493, 63.57,0.6357161027728313,2024-04-25
ROHLTD, EQ, 25-Apr-2024,397.0,397.7,400.25,395.55, 397.90,397.15,398.09,24611,97.97,2548, 12188, 49.52,0.49522571207996424,2024-04-25
ROLEXRINGS, EQ, 25-Apr-2024,1888.25,1899.85,1899.85,1849.9, 1865.00,1859.4,1864.33,18596,346.69,2657, 13013, 69.98,0.6997741449774145,2024-04-25
ROLLT, BE, 25-Apr-2024,2.4,2.5,2.5,2.5, 2.50,2.5,2.5,160027,4.0,88, -, -,,2024-04-25
ROML, EQ, 25-Apr-2024,63.05,73.0,75.65,72.15, 75.65,75.65,75.13,425409,319.62,1882, 167893, 39.47,0.3946625482770698,2024-04-25
ROSSARI, EQ, 25-Apr-2024,760.85,762.95,770.2,755.2, 762.00,761.6,763.03,30099,229.66,4871, 14625, 48.59,0.485896541413336,2024-04-25
ROSSELLIND, EQ, 25-Apr-2024,389.1,389.15,400.7,387.05, 390.30,390.3,392.78,50205,197.19,4234, 27779, 55.33,0.5533114231650234,2024-04-25
ROTO, EQ, 25-Apr-2024,426.65,426.0,430.2,418.0, 420.10,421.25,422.4,80395,339.58,7483, 41614, 51.76,0.5176192549287891,2024-04-25
ROUTE, EQ, 25-Apr-2024,1546.85,1551.0,1569.9,1534.55, 1556.00,1559.95,1555.34,45792,712.22,5175, 25536, 55.77,0.5576519916142557,2024-04-25
RPGLIFE, EQ, 25-Apr-2024,1541.95,1540.0,1564.45,1531.85, 1554.00,1548.75,1546.29,5808,89.81,1619, 2895, 49.85,0.4984504132231405,2024-04-25
RPOWER, EQ, 25-Apr-2024,27.6,27.85,27.85,27.4, 27.60,27.5,27.57,13686489,3773.71,38879, 8722643, 63.73,0.6373177956742595,2024-04-25
RPPINFRA, BE, 25-Apr-2024,127.6,133.95,133.95,129.0, 133.95,133.6,132.85,473740,629.36,1629, -, -,,2024-04-25
RPPL, BE, 25-Apr-2024,85.8,85.8,86.9,82.5, 84.35,83.75,84.4,22727,19.18,202, -, -,,2024-04-25
RPSGVENT, EQ, 25-Apr-2024,729.7,729.8,738.0,720.85, 728.00,733.95,730.61,74959,547.66,6486, 38830, 51.80,0.5180165156952468,2024-04-25
RPTECH, EQ, 25-Apr-2024,338.15,336.0,342.0,331.55, 337.50,336.35,336.43,365904,1231.01,15038, 266682, 72.88,0.728830512921422,2024-04-25
RRKABEL, EQ, 25-Apr-2024,1649.8,1663.05,1680.0,1642.1, 1660.00,1658.0,1659.51,54659,907.07,7380, 28269, 51.72,0.5171883861761101,2024-04-25
RSSOFTWARE, BE, 25-Apr-2024,280.6,283.95,283.95,275.0, 275.00,275.0,276.92,88329,244.6,270, -, -,,2024-04-25
RSWM, EQ, 25-Apr-2024,192.5,192.5,194.45,191.55, 193.00,191.85,192.58,24588,47.35,1698, 13809, 56.16,0.5616154221571499,2024-04-25
RSYSTEMS, EQ, 25-Apr-2024,468.3,469.25,473.15,461.0, 462.95,462.55,464.62,65924,306.3,4059, 36652, 55.60,0.5559735452945817,2024-04-25
RTNINDIA, EQ, 25-Apr-2024,75.35,75.35,76.9,74.2, 74.75,74.9,75.73,2618749,1983.13,11525, 870457, 33.24,0.3323942080741606,2024-04-25
RTNPOWER, BE, 25-Apr-2024,8.85,8.8,8.9,8.65, 8.85,8.75,8.77,9143440,801.89,13984, -, -,,2024-04-25
RUBYMILLS, EQ, 25-Apr-2024,204.45,203.1,206.4,200.55, 201.00,201.6,203.52,9564,19.46,687, 5885, 61.53,0.6153283145127562,2024-04-25
RUCHINFRA, EQ, 25-Apr-2024,13.3,13.5,13.55,13.15, 13.25,13.4,13.31,110698,14.74,385, 88119, 79.60,0.7960306419266834,2024-04-25
RUCHIRA, EQ, 25-Apr-2024,124.7,125.9,126.25,124.05, 126.15,125.75,125.29,48450,60.7,1126, 31569, 65.16,0.651578947368421,2024-04-25
RUPA, EQ, 25-Apr-2024,271.3,270.4,272.2,268.0, 268.10,268.4,269.62,97017,261.57,4060, 52220, 53.83,0.5382561819062639,2024-04-25
RUSHIL, EQ, 25-Apr-2024,313.95,312.0,319.0,312.0, 316.50,315.95,315.68,34338,108.4,2127, 20191, 58.80,0.5880074552973382,2024-04-25
RUSTOMJEE, EQ, 25-Apr-2024,683.55,688.0,688.0,668.0, 670.15,671.75,678.13,41014,278.13,1070, 7892, 19.24,0.19242209977080996,2024-04-25
RVHL, BE, 25-Apr-2024,46.6,46.1,46.1,45.7, 45.70,45.7,45.94,9408,4.32,28, -, -,,2024-04-25
RVNL, EQ, 25-Apr-2024,284.25,288.0,292.85,285.85, 286.30,287.15,288.71,21646420,62495.86,149965, 7346000, 33.94,0.33936327577493186,2024-04-25
S&SPOWER, BE, 25-Apr-2024,333.4,340.05,340.05,340.0, 340.00,340.0,340.05,3741,12.72,41, -, -,,2024-04-25
SABEVENTS, BE, 25-Apr-2024,7.85,8.0,8.2,7.55, 8.20,8.2,8.09,19288,1.56,67, -, -,,2024-04-25
SABTNL, BE, 25-Apr-2024,93.55,98.2,98.2,98.2, 98.20,98.2,98.2,57,0.06,5, -, -,,2024-04-25
SADBHAV, BE, 25-Apr-2024,30.55,29.4,31.3,29.05, 30.45,30.65,29.84,1873775,559.07,2550, -, -,,2024-04-25
SADBHIN, BE, 25-Apr-2024,6.8,7.0,7.1,6.95, 7.10,7.1,7.09,135762,9.62,251, -, -,,2024-04-25
SADHNANIQ, EQ, 25-Apr-2024,71.55,71.55,71.6,69.9, 70.40,70.15,70.57,124432,87.81,1977, 78813, 63.34,0.6333820882088209,2024-04-25
SAFARI, EQ, 25-Apr-2024,2069.9,2055.0,2091.05,2040.05, 2059.20,2050.65,2059.44,38328,789.34,5633, 23773, 62.03,0.620251513254018,2024-04-25
SAGARDEEP, EQ, 25-Apr-2024,27.3,26.65,27.8,26.65, 27.00,26.9,27.14,6697,1.82,82, 6332, 94.55,0.9454979841720174,2024-04-25
SAGCEM, EQ, 25-Apr-2024,223.6,223.65,226.4,222.1, 222.60,223.3,224.3,107259,240.58,7055, 57395, 53.51,0.535106611100234,2024-04-25
SAH, EQ, 25-Apr-2024,97.3,98.15,98.15,95.35, 95.65,96.5,97.14,39214,38.09,203, 8275, 21.10,0.2110215739276789,2024-04-25
SAHYADRI, EQ, 25-Apr-2024,359.85,361.65,365.9,360.5, 361.35,363.0,363.8,3305,12.02,246, 1800, 54.46,0.5446293494704992,2024-04-25
SAIL, EQ, 25-Apr-2024,164.65,164.8,167.25,162.3, 165.30,164.95,164.73,59808767,98520.88,126047, 12879088, 21.53,0.21533779487545698,2024-04-25
SAKAR, EQ, 25-Apr-2024,368.6,370.35,370.35,347.65, 354.70,354.45,356.58,34181,121.88,1161, 23868, 69.83,0.6982826716596939,2024-04-25
SAKHTISUG, EQ, 25-Apr-2024,37.55,37.7,39.45,37.6, 38.25,38.5,38.71,1234513,477.88,4157, 612736, 49.63,0.4963382321611842,2024-04-25
SAKSOFT, EQ, 25-Apr-2024,283.5,285.0,287.65,283.0, 284.25,283.55,285.09,95601,272.55,6476, 50765, 53.10,0.5310090898630767,2024-04-25
SAKUMA, EQ, 25-Apr-2024,28.9,29.2,29.4,28.25, 28.50,28.5,28.45,3943121,1121.72,5714, 1305928, 33.12,0.33119145975992115,2024-04-25
SAKUMA-RE, BE, 25-Apr-2024,3.6,2.2,2.45,2.2, 2.20,2.2,2.21,1028270,22.68,1730, -, -,,2024-04-25
SALASAR, EQ, 25-Apr-2024,21.0,21.0,21.1,20.85, 20.95,20.9,20.97,3501273,734.13,9213, 2179628, 62.25,0.6225244361122368,2024-04-25
SALONA, EQ, 25-Apr-2024,303.75,301.0,301.0,290.0, 292.00,292.75,293.11,6743,19.76,374, 3970, 58.88,0.5887587127391369,2024-04-25
SALSTEEL, BE, 25-Apr-2024,18.85,19.2,19.2,19.2, 19.20,19.2,19.2,14851,2.85,118, -, -,,2024-04-25
SALZERELEC, EQ, 25-Apr-2024,807.9,816.0,829.7,807.95, 819.40,816.4,819.01,54921,449.81,2768, 40830, 74.34,0.7434314742994483,2024-04-25
SAMBHAAV, BE, 25-Apr-2024,5.15,5.1,5.1,5.05, 5.05,5.05,5.05,55383,2.8,52, -, -,,2024-04-25
SAMHI, EQ, 25-Apr-2024,193.95,194.5,196.85,192.15, 194.00,194.5,194.24,1180594,2293.19,24211, 502442, 42.56,0.42558407039168417,2024-04-25
SAMPANN, BE, 25-Apr-2024,20.0,19.95,20.05,19.9, 20.05,20.05,19.96,1458,0.29,23, -, -,,2024-04-25
SANDESH, EQ, 25-Apr-2024,1222.95,1240.05,1240.05,1216.5, 1236.60,1230.45,1229.12,817,10.04,169, 524, 64.14,0.6413708690330477,2024-04-25
SANDHAR, EQ, 25-Apr-2024,520.6,520.0,530.05,516.0, 519.00,518.55,520.54,90868,473.0,9712, 44203, 48.65,0.48645287670026854,2024-04-25
SANDUMA, EQ, 25-Apr-2024,543.8,569.95,570.0,520.0, 546.00,544.85,547.94,637700,3494.2,14309, 328438, 51.50,0.5150352830484554,2024-04-25
SANGAMIND, EQ, 25-Apr-2024,437.25,439.85,445.05,434.0, 434.20,435.1,440.8,22536,99.34,2598, 9723, 43.14,0.4314430244941427,2024-04-25
SANGHIIND, EQ, 25-Apr-2024,93.1,94.3,94.7,89.5, 93.25,93.25,92.3,823978,760.55,5954, 385734, 46.81,0.4681362851920804,2024-04-25
SANGHVIMOV, EQ, 25-Apr-2024,1366.35,1375.45,1405.0,1360.0, 1366.35,1366.95,1378.4,269670,3717.14,23446, 92903, 34.45,0.34450624837764676,2024-04-25
SANGINITA, BE, 25-Apr-2024,22.85,23.3,23.3,23.3, 23.30,23.3,23.3,7528,1.75,24, -, -,,2024-04-25
SANOFI, EQ, 25-Apr-2024,8184.3,8224.8,8224.8,8118.0, 8155.00,8153.4,8157.07,9013,735.2,2691, 5194, 57.63,0.5762787085321203,2024-04-25
SANSERA, EQ, 25-Apr-2024,1017.4,1024.8,1035.6,1005.0, 1012.00,1017.1,1017.21,104978,1067.85,14941, 62815, 59.84,0.5983634666311036,2024-04-25
SAPPHIRE, EQ, 25-Apr-2024,1399.05,1399.95,1409.8,1372.4, 1381.50,1379.0,1385.31,129049,1787.73,6497, 97929, 75.89,0.7588512890452463,2024-04-25
SARDAEN, EQ, 25-Apr-2024,233.3,232.7,242.0,228.95, 237.10,238.1,236.5,1265623,2993.25,30622, 438030, 34.61,0.3460983246985872,2024-04-25
SAREGAMA, EQ, 25-Apr-2024,430.8,433.75,434.6,424.0, 425.80,425.1,428.2,236484,1012.63,10649, 124842, 52.79,0.5279088648703506,2024-04-25
SARLAPOLY, EQ, 25-Apr-2024,58.85,58.85,59.95,58.25, 58.75,58.95,59.32,88605,52.56,817, 45723, 51.60,0.5160318266463518,2024-04-25
SARVESHWAR, BE, 25-Apr-2024,9.1,9.2,9.35,9.1, 9.20,9.15,9.17,1373718,126.0,4078, -, -,,2024-04-25
SASKEN, EQ, 25-Apr-2024,1551.45,1562.15,1639.8,1558.3, 1599.00,1603.45,1612.55,37229,600.34,4523, 19337, 51.94,0.5194069139649198,2024-04-25
SASTASUNDR, EQ, 25-Apr-2024,316.25,318.4,326.5,315.05, 317.10,318.9,320.42,17709,56.74,1746, 8466, 47.81,0.4780620023716754,2024-04-25
SATIA, EQ, 25-Apr-2024,119.75,119.9,120.75,117.85, 118.90,119.3,119.36,301286,359.6,3633, 168617, 55.97,0.559657601083356,2024-04-25
SATIN, EQ, 25-Apr-2024,252.15,252.9,256.7,250.0, 254.80,255.3,253.63,275589,698.98,7842, 147422, 53.49,0.5349342680585945,2024-04-25
SATINDLTD, EQ, 25-Apr-2024,102.3,102.45,102.85,99.5, 100.50,101.65,101.74,339518,345.42,2795, 130476, 38.43,0.38429773973692116,2024-04-25
SAURASHCEM, EQ, 25-Apr-2024,125.85,125.85,127.7,123.05, 124.40,123.45,124.75,127676,159.28,3215, 62848, 49.22,0.49224599768163163,2024-04-25
SBC, EQ, 25-Apr-2024,27.0,27.0,27.45,26.7, 27.10,27.15,27.17,3018502,820.11,6922, 2101977, 69.64,0.6963642893064176,2024-04-25
SBCL, EQ, 25-Apr-2024,580.2,580.2,586.4,574.05, 579.00,577.45,580.61,60286,350.02,7647, 30555, 50.68,0.5068340908336927,2024-04-25
SBFC, EQ, 25-Apr-2024,89.4,89.4,91.8,89.1, 90.75,90.9,91.02,2209548,2011.09,12782, 1153027, 52.18,0.5218384031485173,2024-04-25
SBGLP, EQ, 25-Apr-2024,93.1,92.1,96.1,92.1, 95.90,94.45,93.91,339752,319.06,4721, 107505, 31.64,0.3164219783842332,2024-04-25
SBICARD, EQ, 25-Apr-2024,749.45,758.0,764.9,751.45, 759.00,758.4,757.99,1788745,13558.56,47326, 748775, 41.86,0.4186035460616242,2024-04-25
SBIETFCON, EQ, 25-Apr-2024,104.65,105.05,105.33,103.86, 105.31,104.96,104.64,5048,5.28,136, 3884, 76.94,0.7694136291600634,2024-04-25
SBIETFIT, EQ, 25-Apr-2024,354.29,361.4,361.4,352.4, 356.15,355.46,354.81,7982,28.32,442, 6804, 85.24,0.8524179403658231,2024-04-25
SBIETFPB, EQ, 25-Apr-2024,243.4,242.85,244.28,241.88, 242.72,243.6,242.84,10286,24.98,157, 5711, 55.52,0.5552206883142135,2024-04-25
SBIETFQLTY, EQ, 25-Apr-2024,197.1,197.11,198.95,196.08, 198.94,198.33,197.36,6638,13.1,92, 6182, 93.13,0.9313046098222356,2024-04-25
SBILIFE, EQ, 25-Apr-2024,1460.05,1464.0,1464.0,1436.15, 1445.00,1444.45,1446.38,2406788,34811.22,152381, 1287919, 53.51,0.5351194205721485,2024-04-25
SBIN, EQ, 25-Apr-2024,773.1,770.65,814.4,769.65, 812.00,812.7,798.71,36732974,293391.61,490497, 16475930, 44.85,0.44853242756766715,2024-04-25
SCHAEFFLER, EQ, 25-Apr-2024,3293.5,3349.5,3349.5,3266.0, 3273.70,3276.75,3292.97,27875,917.92,5422, 13115, 47.05,0.4704932735426009,2024-04-25
SCHAND, EQ, 25-Apr-2024,227.95,225.65,240.95,225.65, 239.00,237.8,236.75,180249,426.73,13861, 100868, 55.96,0.559603659382299,2024-04-25
SCHNEIDER, BE, 25-Apr-2024,726.85,726.85,760.0,716.0, 747.05,748.7,745.5,101795,758.89,3103, -, -,,2024-04-25
SCI, EQ, 25-Apr-2024,221.25,221.25,235.7,220.6, 233.25,232.85,232.25,10792266,25064.68,96272, 3455514, 32.02,0.3201842875259005,2024-04-25
SCILAL, EQ, 25-Apr-2024,65.65,66.4,72.2,66.0, 72.20,72.2,70.12,9553306,6698.43,27175, 4642748, 48.60,0.48598338627486654,2024-04-25
SCPL, EQ, 25-Apr-2024,414.95,417.1,424.7,413.05, 422.80,421.05,419.74,15018,63.04,1459, 8742, 58.21,0.5821014782261287,2024-04-25
SDBL, EQ, 25-Apr-2024,345.0,346.8,362.0,332.15, 334.50,338.3,351.42,2744108,9643.22,59112, 1175157, 42.82,0.42824735761128935,2024-04-25
SDL24BEES, EQ, 25-Apr-2024,120.37,120.4,121.0,120.4, 120.70,120.7,120.79,11238,13.57,18, 10731, 95.49,0.9548852108916177,2024-04-25
SDL26BEES, EQ, 25-Apr-2024,120.5,120.05,120.69,120.05, 120.06,120.06,120.49,148,0.18,20, 101, 68.24,0.6824324324324325,2024-04-25
SEAMECLTD, EQ, 25-Apr-2024,1092.2,1138.0,1146.8,1101.85, 1125.00,1124.8,1128.37,22677,255.88,734, 17630, 77.74,0.7774396966088989,2024-04-25
SECMARK, BE, 25-Apr-2024,109.3,114.0,114.0,109.35, 111.00,111.0,111.84,585,0.65,34, -, -,,2024-04-25
SECURCRED, EQ, 25-Apr-2024,18.8,19.05,19.1,18.55, 18.90,18.95,18.89,106960,20.2,661, 48673, 45.51,0.4550579655946148,2024-04-25
SECURKLOUD, BE, 25-Apr-2024,39.95,39.95,39.95,39.15, 39.15,39.15,39.55,20117,7.96,83, -, -,,2024-04-25
SEJALLTD, BE, 25-Apr-2024,345.0,350.0,350.0,340.1, 348.85,348.0,348.0,1403,4.88,36, -, -,,2024-04-25
SELAN, EQ, 25-Apr-2024,630.3,625.0,649.75,607.5, 613.00,614.6,621.71,53219,330.87,1946, 27834, 52.30,0.5230086999004115,2024-04-25
SELMC, EQ, 25-Apr-2024,80.4,80.4,81.9,77.3, 78.85,79.2,79.03,7307,5.77,564, 4055, 55.49,0.5549473107978651,2024-04-25
SEMAC, EQ, 25-Apr-2024,3251.0,3309.75,3309.75,3243.4, 3243.45,3247.1,3253.52,1870,60.84,267, 1334, 71.34,0.7133689839572193,2024-04-25
SENCO, EQ, 25-Apr-2024,962.1,961.95,968.9,929.15, 940.00,939.7,954.33,222127,2119.82,16913, 103081, 46.41,0.46406335114596603,2024-04-25
SENSEXADD, EQ, 25-Apr-2024,75.09,76.0,76.0,74.0, 74.74,74.67,74.24,926,0.69,52, 529, 57.13,0.5712742980561555,2024-04-25
SENSEXETF, EQ, 25-Apr-2024,74.27,74.31,74.89,73.65, 74.69,74.64,74.38,3052,2.27,113, 2283, 74.80,0.7480340760157274,2024-04-25
SENSEXIETF, EQ, 25-Apr-2024,823.15,833.15,833.15,819.5, 831.22,829.98,826.44,4734,39.12,203, 1305, 27.57,0.27566539923954375,2024-04-25
SEPC, EQ, 25-Apr-2024,20.35,20.6,20.65,19.95, 20.25,20.2,20.2,5802385,1172.1,6012, 3030704, 52.23,0.5223203906669412,2024-04-25
SEQUENT, EQ, 25-Apr-2024,126.05,126.05,126.5,124.0, 124.50,124.95,125.22,430051,538.53,6047, 186984, 43.48,0.43479494292537396,2024-04-25
SERVOTECH, EQ, 25-Apr-2024,87.0,87.9,88.2,85.9, 86.90,86.4,86.71,354119,307.07,4681, 258969, 73.13,0.7313050132864941,2024-04-25
SESHAPAPER, EQ, 25-Apr-2024,324.6,326.0,331.3,322.35, 329.00,328.5,327.14,77707,254.21,4474, 43207, 55.60,0.5560245537725044,2024-04-25
SETCO, EQ, 25-Apr-2024,11.55,12.1,12.1,12.1, 12.10,12.1,12.1,340267,41.17,162, 334880, 98.42,0.9841683148821366,2024-04-25
SETF10GILT, EQ, 25-Apr-2024,227.84,227.74,227.75,226.9, 227.45,227.45,227.08,4928,11.19,44, 4831, 98.03,0.9803165584415584,2024-04-25
SETFGOLD, EQ, 25-Apr-2024,62.65,64.55,64.55,62.36, 62.75,62.78,62.72,763540,478.92,2244, 647627, 84.82,0.8481900096916992,2024-04-25
SETFNIF50, EQ, 25-Apr-2024,234.56,234.55,236.78,233.2, 236.43,236.21,235.57,370465,872.72,6407, 298681, 80.62,0.8062327075432227,2024-04-25
SETFNIFBK, EQ, 25-Apr-2024,486.38,500.95,500.95,480.1, 490.00,489.2,487.83,17929,87.46,469, 10586, 59.04,0.5904400691616933,2024-04-25
SETFNN50, EQ, 25-Apr-2024,665.07,665.08,670.0,665.08, 670.00,669.38,667.72,9456,63.14,777, 6239, 65.98,0.6597927241962775,2024-04-25
SEYAIND, BE, 25-Apr-2024,21.4,22.4,22.45,22.05, 22.45,22.45,22.39,5902,1.32,33, -, -,,2024-04-25
SFL, EQ, 25-Apr-2024,934.85,937.0,937.0,924.0, 926.10,925.85,926.82,56968,527.99,4124, 37352, 65.57,0.6556663389973318,2024-04-25
SGIL, EQ, 25-Apr-2024,357.9,358.05,397.2,355.9, 387.30,388.85,384.87,121690,468.34,7619, 57495, 47.25,0.4724710329525844,2024-04-25
SGL, EQ, 25-Apr-2024,16.15,16.25,16.25,15.9, 16.00,16.1,16.08,10195,1.64,286, 9529, 93.47,0.9346738597351643,2024-04-25
SHAH, EQ, 25-Apr-2024,3.55,3.55,3.6,3.5, 3.55,3.55,3.55,675597,23.95,858, 467420, 69.19,0.6918621604299605,2024-04-25
SHAHALLOYS, EQ, 25-Apr-2024,62.7,60.25,65.2,60.25, 61.00,63.0,63.54,10298,6.54,124, 6646, 64.54,0.6453680326276947,2024-04-25
SHAILY, EQ, 25-Apr-2024,627.45,623.55,639.25,621.95, 629.00,632.45,631.64,107153,676.82,8650, 62855, 58.66,0.5865911360391216,2024-04-25
SHAKTIPUMP, BE, 25-Apr-2024,1768.2,1760.0,1856.6,1733.0, 1852.00,1840.15,1822.31,109962,2003.85,4628, -, -,,2024-04-25
SHALBY, EQ, 25-Apr-2024,281.7,281.05,285.9,281.05, 283.95,283.6,283.67,196620,557.75,8604, 114323, 58.14,0.5814413589665345,2024-04-25
SHALPAINTS, EQ, 25-Apr-2024,168.05,168.0,170.4,167.1, 168.00,167.6,168.38,158756,267.31,14321, 48723, 30.69,0.3069049358764393,2024-04-25
SHANKARA, EQ, 25-Apr-2024,710.95,710.95,710.95,695.7, 697.50,697.25,699.48,47993,335.7,3399, 26439, 55.09,0.5508928385389535,2024-04-25
SHANTI, BE, 25-Apr-2024,15.35,15.35,15.35,15.3, 15.35,15.35,15.33,4294,0.66,29, -, -,,2024-04-25
SHANTIGEAR, EQ, 25-Apr-2024,555.85,558.65,568.45,554.55, 562.80,565.1,563.41,30676,172.83,1917, 16759, 54.63,0.5463228582605294,2024-04-25
SHARDACROP, EQ, 25-Apr-2024,375.85,377.9,381.9,372.8, 375.15,375.3,376.74,72089,271.59,4089, 33682, 46.72,0.4672280098211932,2024-04-25
SHARDAMOTR, EQ, 25-Apr-2024,1487.9,1496.75,1504.4,1477.6, 1487.00,1485.65,1492.05,38453,573.74,5757, 25280, 65.74,0.6574259485605805,2024-04-25
SHAREINDIA, EQ, 25-Apr-2024,1697.4,1697.0,1711.0,1685.0, 1700.00,1704.0,1696.3,60613,1028.18,4389, 24550, 40.50,0.4050286242225265,2024-04-25
SHARIABEES, EQ, 25-Apr-2024,481.58,481.0,486.1,480.58, 486.10,484.63,483.67,987,4.77,116, 587, 59.47,0.5947315096251267,2024-04-25
SHEMAROO, EQ, 25-Apr-2024,172.7,174.0,174.8,169.0, 170.00,170.25,171.18,94460,161.69,1723, 68186, 72.19,0.7218505187380903,2024-04-25
SHILPAMED, EQ, 25-Apr-2024,531.1,531.0,533.7,527.25, 530.25,530.9,530.4,123694,656.07,4991, 75548, 61.08,0.6107652755994631,2024-04-25
SHIVALIK, EQ, 25-Apr-2024,560.65,563.6,569.85,556.0, 558.30,558.7,561.53,8059,45.25,1112, 5715, 70.91,0.7091450552177689,2024-04-25
SHIVAMAUTO, EQ, 25-Apr-2024,42.85,43.0,44.15,42.1, 42.80,42.5,42.82,186203,79.73,797, 86937, 46.69,0.4668936590710139,2024-04-25
SHIVAMILLS, EQ, 25-Apr-2024,92.7,92.65,94.0,91.05, 92.40,92.3,92.55,14448,13.37,552, 6813, 47.16,0.4715531561461794,2024-04-25
SHIVATEX, EQ, 25-Apr-2024,167.15,167.25,168.75,167.15, 167.25,167.3,167.32,6051,10.12,83, 4939, 81.62,0.8162287225252024,2024-04-25
SHK, EQ, 25-Apr-2024,206.6,208.0,214.2,207.2, 209.00,209.1,210.2,742959,1561.73,13223, 315309, 42.44,0.42439623182436714,2024-04-25
SHOPERSTOP, EQ, 25-Apr-2024,712.15,710.0,714.45,707.05, 710.40,710.45,710.16,22153,157.32,4102, 13649, 61.61,0.6161242269670022,2024-04-25
SHRADHA, EQ, 25-Apr-2024,78.55,78.9,88.0,77.1, 80.85,80.3,83.6,1354148,1132.13,13949, 408198, 30.14,0.3014426783483046,2024-04-25
SHREDIGCEM, EQ, 25-Apr-2024,115.1,115.85,118.75,110.0, 112.60,112.45,114.86,2158667,2479.51,19293, 728660, 33.76,0.33755090525773546,2024-04-25
SHREECEM, EQ, 25-Apr-2024,24369.15,24451.0,24500.0,23780.0, 24029.25,23971.6,24072.31,48298,11626.44,14810, 29821, 61.74,0.6174375750548677,2024-04-25
SHREEPUSHK, EQ, 25-Apr-2024,186.4,186.45,188.2,181.8, 185.50,184.9,186.1,23878,44.44,1464, 10146, 42.49,0.4249099589580367,2024-04-25
SHREERAMA, BE, 25-Apr-2024,23.8,24.2,24.2,23.65, 23.65,23.65,23.85,26010,6.2,47, -, -,,2024-04-25
SHRENIK, EQ, 25-Apr-2024,0.95,1.0,1.0,0.95, 1.00,0.95,0.97,1266396,12.29,824, 614847, 48.55,0.485509271981276,2024-04-25
SHREYANIND, EQ, 25-Apr-2024,248.05,248.1,249.8,243.8, 248.60,246.9,246.83,23772,58.68,1374, 13057, 54.93,0.5492596331818946,2024-04-25
SHREYAS, EQ, 25-Apr-2024,306.2,306.2,313.95,296.2, 296.40,297.3,303.3,92857,281.64,5883, 42188, 45.43,0.4543330066661641,2024-04-25
SHRIPISTON, EQ, 25-Apr-2024,2048.5,2064.95,2078.2,2036.0, 2056.05,2054.95,2052.44,65788,1350.26,8723, 34596, 52.59,0.525870979509941,2024-04-25
SHRIRAMFIN, EQ, 25-Apr-2024,2461.05,2459.0,2504.3,2422.25, 2462.30,2491.85,2469.89,2917532,72059.9,170467, 1806674, 61.92,0.6192473638678171,2024-04-25
SHRIRAMPPS, EQ, 25-Apr-2024,123.75,124.7,125.15,121.35, 122.85,122.65,123.35,1776874,2191.73,8067, 828648, 46.64,0.46635158148523753,2024-04-25
SHYAMCENT, BE, 25-Apr-2024,19.25,19.15,19.45,19.05, 19.20,19.3,19.19,102385,19.64,353, -, -,,2024-04-25
SHYAMMETL, EQ, 25-Apr-2024,653.4,655.0,661.0,638.35, 643.00,643.65,647.91,576306,3733.95,18313, 264560, 45.91,0.4590616790385663,2024-04-25
SHYAMTEL, BE, 25-Apr-2024,15.1,15.85,15.85,15.4, 15.85,15.85,15.83,8456,1.34,56, -, -,,2024-04-25
SICALLOG, BE, 25-Apr-2024,201.7,204.9,205.9,199.0, 203.70,202.1,203.31,5139,10.45,78, -, -,,2024-04-25
SIEMENS, EQ, 25-Apr-2024,5668.95,5670.0,5766.0,5633.0, 5729.00,5729.55,5709.58,208223,11888.66,25468, 99304, 47.69,0.4769117724747026,2024-04-25
SIGACHI, EQ, 25-Apr-2024,67.5,67.8,68.3,67.0, 67.30,67.4,67.67,739555,500.43,4020, 419975, 56.79,0.567875276348615,2024-04-25
SIGIND, EQ, 25-Apr-2024,78.35,78.0,82.0,77.0, 78.15,79.15,79.82,121505,96.98,1236, 67310, 55.40,0.5539689724702687,2024-04-25
SIGMA, EQ, 25-Apr-2024,406.75,415.0,416.75,405.0, 413.00,412.55,413.09,11398,47.08,1066, 4471, 39.23,0.3922618003158449,2024-04-25
SIGNATURE, EQ, 25-Apr-2024,1211.35,1211.0,1274.0,1211.0, 1260.00,1257.7,1248.25,682589,8520.4,17393, 192588, 28.21,0.2821434274504863,2024-04-25
SIGNPOST, EQ, 25-Apr-2024,318.95,321.0,323.1,316.1, 318.30,318.9,319.28,42498,135.69,2883, 29704, 69.90,0.698950538848887,2024-04-25
SIKKO, EQ, 25-Apr-2024,74.7,74.9,75.15,73.55, 73.75,73.8,74.22,15161,11.25,243, 11411, 75.27,0.7526548380713673,2024-04-25
SIL, EQ, 25-Apr-2024,23.0,23.25,23.9,22.65, 23.45,23.65,23.44,91165,21.37,729, 71816, 78.78,0.7877584599352822,2024-04-25
SILGO, EQ, 25-Apr-2024,39.65,40.5,40.5,38.0, 39.30,39.2,39.32,144384,56.77,724, 85609, 59.29,0.5929258089539007,2024-04-25
SILINV, EQ, 25-Apr-2024,517.95,515.15,525.45,515.0, 520.00,518.65,519.73,5632,29.27,924, 2650, 47.05,0.4705255681818182,2024-04-25
SILLYMONKS, EQ, 25-Apr-2024,16.6,16.05,17.6,16.05, 16.45,16.9,16.65,3748,0.62,31, 1792, 47.81,0.4781216648879402,2024-04-25
SILVER, EQ, 25-Apr-2024,82.01,82.01,82.51,81.49, 82.15,82.16,82.27,733562,603.53,933, 679346, 92.61,0.9260921367246395,2024-04-25
SILVER1, EQ, 25-Apr-2024,80.18,83.8,83.8,78.51, 80.30,80.15,79.9,28709,22.94,135, 21519, 74.96,0.7495558883973666,2024-04-25
SILVERADD, EQ, 25-Apr-2024,79.68,79.01,79.98,78.9, 79.40,79.49,79.3,6073,4.82,90, 5738, 94.48,0.9448378066853285,2024-04-25
SILVERBEES, EQ, 25-Apr-2024,79.11,78.61,79.56,78.61, 79.35,79.34,79.12,3785425,2995.18,8995, 2699242, 71.31,0.7130618094401553,2024-04-25
SILVERETF, EQ, 25-Apr-2024,81.21,81.2,81.48,80.26, 81.20,81.32,80.86,99045,80.09,564, 68470, 69.13,0.6913019334645868,2024-04-25
SILVERIETF, EQ, 25-Apr-2024,82.17,82.4,82.84,81.52, 82.49,82.44,82.22,387705,318.76,1297, 316198, 81.56,0.8155633793734928,2024-04-25
SILVERTUC, EQ, 25-Apr-2024,690.3,691.65,705.9,676.0, 681.30,684.7,693.86,21265,147.55,1073, 3847, 18.09,0.1809075946390783,2024-04-25
SILVRETF, EQ, 25-Apr-2024,80.78,80.99,81.0,79.8, 81.00,80.87,80.44,17578,14.14,115, 15951, 90.74,0.9074411195812948,2024-04-25
SIMBHALS, EQ, 25-Apr-2024,29.3,29.3,32.7,29.3, 30.80,31.1,30.88,371152,114.6,1717, 217737, 58.67,0.5866518299780143,2024-04-25
SIMPLEXINF, BE, 25-Apr-2024,145.55,142.65,142.65,142.65, 142.65,142.65,142.65,5889,8.4,18, -, -,,2024-04-25
SINCLAIR, EQ, 25-Apr-2024,127.25,127.25,128.6,125.75, 126.50,126.65,126.65,72350,91.63,1431, 52158, 72.09,0.7209122322045611,2024-04-25
SINDHUTRAD, EQ, 25-Apr-2024,24.75,24.95,25.25,24.05, 24.40,24.25,24.53,1120742,274.91,2894, 809519, 72.23,0.7223062935091217,2024-04-25
SINTERCOM, EQ, 25-Apr-2024,129.1,129.25,130.05,128.7, 129.50,129.5,129.77,5753,7.47,256, 4901, 85.19,0.8519033547714236,2024-04-25
SIRCA, EQ, 25-Apr-2024,320.05,323.2,323.2,318.0, 319.50,319.0,320.23,67162,215.07,4563, 32927, 49.03,0.49026235073404606,2024-04-25
SIS, EQ, 25-Apr-2024,476.3,478.8,481.45,466.7, 472.00,472.85,473.03,31251,147.83,3916, 14636, 46.83,0.4683370132155771,2024-04-25
SIYSIL, EQ, 25-Apr-2024,473.75,473.7,483.85,472.15, 476.95,477.9,478.26,50108,239.65,8265, 25630, 51.15,0.5114951704318672,2024-04-25
SJS, EQ, 25-Apr-2024,610.85,610.85,620.0,610.55, 620.00,614.45,615.0,39638,243.77,3739, 22855, 57.66,0.5765931681719562,2024-04-25
SJVN, EQ, 25-Apr-2024,129.7,130.4,134.4,129.45, 132.70,132.95,132.98,25448191,33841.49,84549, 8139075, 31.98,0.3198292169372668,2024-04-25
SKFINDIA, EQ, 25-Apr-2024,4620.35,4654.0,4815.2,4624.1, 4658.00,4669.05,4675.7,25895,1210.77,6631, 12393, 47.86,0.47858659972967754,2024-04-25
SKIPPER, EQ, 25-Apr-2024,336.25,332.0,343.2,331.1, 340.90,339.25,339.25,440929,1495.85,15663, 207449, 47.05,0.4704816421691474,2024-04-25
SKMEGGPROD, EQ, 25-Apr-2024,306.15,310.0,316.65,301.9, 303.75,304.0,309.71,340424,1054.34,14803, 112044, 32.91,0.3291307310882899,2024-04-25
SKYGOLD, BE, 25-Apr-2024,1055.85,1034.75,1105.0,1021.05, 1090.00,1093.75,1076.9,21149,227.75,686, -, -,,2024-04-25
SMALLCAP, EQ, 25-Apr-2024,46.93,46.81,47.4,46.81, 47.33,47.27,47.21,428641,202.36,1791, 360028, 83.99,0.8399289848614575,2024-04-25
SMARTLINK, EQ, 25-Apr-2024,197.35,197.0,213.3,196.05, 208.80,207.55,206.78,186100,384.81,4901, 68988, 37.07,0.3707039226222461,2024-04-25
SMCGLOBAL, EQ, 25-Apr-2024,146.25,147.0,154.5,146.5, 149.80,148.75,150.98,934428,1410.84,20036, 280790, 30.05,0.3004939920464712,2024-04-25
SMLISUZU, EQ, 25-Apr-2024,2264.6,2268.0,2350.0,2250.0, 2324.10,2330.2,2305.65,36827,849.1,3936, 21642, 58.77,0.5876666576153365,2024-04-25
SMLT, BE, 25-Apr-2024,231.45,231.4,234.5,229.0, 233.00,232.8,231.95,13671,31.71,274, -, -,,2024-04-25
SMSLIFE, EQ, 25-Apr-2024,687.85,694.75,701.2,666.05, 668.00,674.95,681.12,2334,15.9,280, 1561, 66.88,0.668808911739503,2024-04-25
SMSPHARMA, EQ, 25-Apr-2024,209.15,209.15,213.0,208.0, 208.00,208.35,209.71,204037,427.88,10275, 94772, 46.45,0.46448438273450404,2024-04-25
SNOWMAN, EQ, 25-Apr-2024,70.4,70.8,70.9,69.5, 69.90,69.75,70.03,476084,333.42,2924, 223548, 46.96,0.46955579267524217,2024-04-25
SOBHA, EQ, 25-Apr-2024,1724.9,1730.0,1767.0,1670.25, 1751.35,1752.65,1731.32,298066,5160.48,30126, 149798, 50.26,0.5025665456643831,2024-04-25
SOFTTECH, EQ, 25-Apr-2024,328.15,326.1,344.55,325.15, 344.55,344.2,337.82,44959,151.88,368, 41748, 92.86,0.9285793723169999,2024-04-25
SOLARA, EQ, 25-Apr-2024,551.6,552.0,572.0,545.0, 561.00,560.8,558.99,287023,1604.42,7971, 104196, 36.30,0.36302317235900955,2024-04-25
SOLARINDS, EQ, 25-Apr-2024,8794.35,8800.35,8849.95,8702.0, 8796.00,8801.6,8801.33,101575,8939.95,24770, 44872, 44.18,0.4417622446468127,2024-04-25
SOMANYCERA, EQ, 25-Apr-2024,636.45,636.0,651.0,626.0, 644.10,646.45,635.69,23247,147.78,3110, 14105, 60.67,0.6067449563384523,2024-04-25
SOMATEX, EQ, 25-Apr-2024,38.3,40.2,40.2,39.1, 40.20,40.2,40.17,341360,137.13,714, 207713, 60.85,0.6084866416686197,2024-04-25
SOMICONVEY, BE, 25-Apr-2024,144.15,147.0,147.0,147.0, 147.00,147.0,147.0,990,1.46,22, -, -,,2024-04-25
SONACOMS, EQ, 25-Apr-2024,666.8,666.5,673.7,659.1, 668.00,667.4,666.11,1254468,8356.16,45754, 678204, 54.06,0.5406307693779355,2024-04-25
SONAMLTD, EQ, 25-Apr-2024,79.05,79.3,79.5,78.3, 79.50,78.9,79.01,3996,3.16,33, 3490, 87.34,0.8733733733733734,2024-04-25
SONATSOFTW, EQ, 25-Apr-2024,671.7,675.0,683.25,665.55, 673.00,672.6,672.93,325994,2193.72,19273, 170474, 52.29,0.5229360049571464,2024-04-25
SOTL, EQ, 25-Apr-2024,568.65,570.6,574.6,560.1, 572.00,571.55,566.95,256060,1451.74,14068, 101841, 39.77,0.3977231898773725,2024-04-25
SOUTHBANK, EQ, 25-Apr-2024,29.1,29.1,30.5,29.0, 30.45,30.4,30.01,63808471,19150.69,54727, 28466137, 44.61,0.4461184628605189,2024-04-25
SOUTHWEST, EQ, 25-Apr-2024,121.35,120.0,122.7,117.7, 119.35,118.8,120.48,69416,83.63,597, 30670, 44.18,0.44182897314740116,2024-04-25
SPAL, EQ, 25-Apr-2024,587.05,587.1,599.9,577.1, 593.60,596.55,592.43,15926,94.35,2273, 8253, 51.82,0.5182092176315459,2024-04-25
SPANDANA, EQ, 25-Apr-2024,897.85,901.3,908.65,884.85, 886.30,889.35,895.8,107477,962.78,9830, 73666, 68.54,0.6854117625166315,2024-04-25
SPARC, EQ, 25-Apr-2024,285.15,270.9,283.7,270.9, 270.90,270.9,272.96,14322218,39093.75,16534, 6682230, 46.66,0.4665639079086773,2024-04-25
SPCENET, EQ, 25-Apr-2024,28.35,28.4,28.5,27.5, 27.55,27.9,28.11,376433,105.8,1017, 250641, 66.58,0.6658316353773447,2024-04-25
SPECIALITY, EQ, 25-Apr-2024,195.25,195.7,197.15,193.8, 195.40,194.65,195.2,24523,47.87,1271, 12010, 48.97,0.48974432165721976,2024-04-25
SPENCERS, EQ, 25-Apr-2024,102.7,103.5,107.2,102.7, 104.80,104.45,104.57,202069,211.31,2261, 121777, 60.27,0.6026505797524608,2024-04-25
SPIC, EQ, 25-Apr-2024,81.55,82.25,82.9,80.75, 81.20,81.1,81.82,576140,471.39,4198, 292749, 50.81,0.5081212899642448,2024-04-25
SPLIL, EQ, 25-Apr-2024,59.9,59.15,60.9,59.15, 60.45,60.0,60.09,24560,14.76,281, 17065, 69.48,0.694828990228013,2024-04-25
SPLPETRO, EQ, 25-Apr-2024,644.0,650.0,730.0,628.0, 707.00,690.75,667.9,540138,3607.6,27944, 174997, 32.40,0.323985722167298,2024-04-25
SPMLINFRA, EQ, 25-Apr-2024,123.0,120.05,125.75,118.0, 118.00,118.6,120.94,51317,62.06,489, 39002, 76.00,0.7600210456573845,2024-04-25
SPORTKING, EQ, 25-Apr-2024,862.45,867.0,873.45,857.05, 860.15,861.95,862.64,7438,64.16,962, 4699, 63.18,0.6317558483463297,2024-04-25
SPYL, BE, 25-Apr-2024,2.65,2.7,2.7,2.65, 2.65,2.65,2.7,245269,6.62,128, -, -,,2024-04-25
SREEL, EQ, 25-Apr-2024,311.2,311.3,313.7,309.05, 309.65,309.95,310.95,8816,27.41,746, 5735, 65.05,0.650521778584392,2024-04-25
SRF, EQ, 25-Apr-2024,2619.2,2619.2,2650.0,2601.15, 2634.50,2638.9,2622.66,661465,17347.98,32536, 484007, 73.17,0.7317197432970755,2024-04-25
SRGHFL, EQ, 25-Apr-2024,274.55,276.0,276.0,272.3, 272.50,272.85,273.93,611,1.67,55, 509, 83.31,0.8330605564648118,2024-04-25
SRHHYPOLTD, EQ, 25-Apr-2024,559.3,564.25,564.7,550.0, 563.00,559.4,558.67,14716,82.21,1761, 10370, 70.47,0.70467518347377,2024-04-25
SRM, EQ, 25-Apr-2024,201.05,200.95,202.95,198.6, 199.00,199.0,200.1,77142,154.36,1978, 56830, 73.67,0.7366933706670815,2024-04-25
SRPL, BE, 25-Apr-2024,1.15,1.15,1.15,1.1, 1.15,1.15,1.13,1018848,11.49,349, -, -,,2024-04-25
SSWL, EQ, 25-Apr-2024,226.35,227.5,228.65,223.5, 224.60,223.9,225.41,354970,800.15,12963, 234918, 66.18,0.6617967715581599,2024-04-25
STAR, EQ, 25-Apr-2024,881.7,883.7,901.0,873.45, 880.00,883.45,888.69,185948,1652.5,11561, 71882, 38.66,0.3865704390474756,2024-04-25
STARCEMENT, EQ, 25-Apr-2024,227.9,227.9,231.0,226.0, 229.40,229.65,228.19,217210,495.64,7786, 114900, 52.90,0.5289811702960269,2024-04-25
STARHEALTH, EQ, 25-Apr-2024,570.45,570.9,573.85,561.55, 562.60,563.7,565.71,153198,866.66,9170, 88321, 57.65,0.5765153592083447,2024-04-25
STARPAPER, EQ, 25-Apr-2024,241.7,243.0,244.75,238.6, 239.30,239.3,240.91,16747,40.34,1082, 9675, 57.77,0.5777154117155311,2024-04-25
STARTECK, BE, 25-Apr-2024,285.4,299.5,299.5,291.6, 291.60,291.6,295.16,780,2.3,30, -, -,,2024-04-25
STCINDIA, EQ, 25-Apr-2024,141.75,142.6,146.2,141.95, 143.90,143.5,143.74,79508,114.28,1867, 28498, 35.84,0.3584293404437289,2024-04-25
STEELCAS, EQ, 25-Apr-2024,654.0,650.85,657.15,640.15, 644.00,645.6,649.0,3507,22.76,736, 1891, 53.92,0.5392072996863416,2024-04-25
STEELCITY, EQ, 25-Apr-2024,102.95,103.0,105.8,96.0, 97.35,98.0,99.89,474193,473.67,5044, 233028, 49.14,0.49142016014576345,2024-04-25
STEELXIND, EQ, 25-Apr-2024,14.0,14.0,14.1,13.85, 13.95,13.9,13.95,2465716,344.07,4060, 1376805, 55.84,0.5583793916249884,2024-04-25
STEL, EQ, 25-Apr-2024,323.75,324.9,330.95,318.55, 320.05,320.65,323.92,12319,39.9,722, 8166, 66.29,0.6628784803961361,2024-04-25
STERTOOLS, EQ, 25-Apr-2024,357.25,357.25,360.0,355.55, 357.50,356.75,357.6,35061,125.38,2936, 16642, 47.47,0.4746584524115114,2024-04-25
STLTECH, EQ, 25-Apr-2024,130.95,134.5,139.15,133.55, 135.00,134.9,136.01,12079661,16429.24,54973, 3507042, 29.03,0.2903261937565963,2024-04-25
STOVEKRAFT, EQ, 25-Apr-2024,430.3,435.0,435.0,429.3, 433.00,431.25,432.23,66559,287.69,3436, 39507, 59.36,0.5935636052224342,2024-04-25
STYLAMIND, EQ, 25-Apr-2024,1713.7,1720.0,1774.0,1711.05, 1740.00,1747.65,1752.04,98481,1725.43,10613, 39795, 40.41,0.40408809821183783,2024-04-25
STYRENIX, EQ, 25-Apr-2024,1535.55,1549.0,1665.0,1535.05, 1645.00,1644.3,1608.3,81808,1315.72,8430, 50819, 62.12,0.6211984158028555,2024-04-25
SUBEXLTD, EQ, 25-Apr-2024,31.95,32.2,32.45,31.8, 31.95,32.1,32.15,7240205,2327.63,10101, 2937122, 40.57,0.4056683477884949,2024-04-25
SUBROS, EQ, 25-Apr-2024,605.7,603.0,655.9,602.95, 651.00,650.35,637.33,627152,3997.03,36680, 231472, 36.91,0.36908436870168637,2024-04-25
SUDARSCHEM, EQ, 25-Apr-2024,741.6,739.1,747.7,710.6, 730.60,728.35,727.15,660593,4803.5,36915, 256085, 38.77,0.38765926977730614,2024-04-25
SUKHJITS, EQ, 25-Apr-2024,499.6,505.0,505.0,490.55, 495.00,496.6,495.45,10027,49.68,1005, 6890, 68.71,0.6871447092849307,2024-04-25
SULA, EQ, 25-Apr-2024,554.8,559.5,559.5,553.3, 554.00,553.95,555.24,204484,1135.37,9379, 125249, 61.25,0.6125124704133331,2024-04-25
SUMEETINDS, BE, 25-Apr-2024,2.1,2.15,2.2,2.15, 2.20,2.2,2.19,1556641,34.03,255, -, -,,2024-04-25
SUMICHEM, EQ, 25-Apr-2024,399.7,400.4,409.5,399.35, 407.30,407.05,405.06,265736,1076.4,15705, 123526, 46.48,0.4648448083812506,2024-04-25
SUMIT, BE, 25-Apr-2024,70.55,71.3,72.0,70.0, 72.00,72.0,70.72,33005,23.34,160, -, -,,2024-04-25
SUMMITSEC, EQ, 25-Apr-2024,1358.75,1374.0,1377.3,1345.0, 1350.10,1364.4,1356.58,7136,96.81,1107, 4147, 58.11,0.5811378923766816,2024-04-25
SUNCLAY, EQ, 25-Apr-2024,1560.6,1584.0,1607.8,1517.35, 1550.00,1539.15,1562.51,38828,606.69,2679, 30581, 78.76,0.787601730709797,2024-04-25
SUNDARAM, EQ, 25-Apr-2024,3.2,3.2,3.2,3.1, 3.15,3.15,3.15,2037701,64.22,843, 957978, 47.01,0.47012687337347336,2024-04-25
SUNDARMFIN, EQ, 25-Apr-2024,4739.5,4739.5,4886.4,4706.8, 4778.00,4785.65,4791.7,154538,7405.0,24279, 60163, 38.93,0.3893087784234298,2024-04-25
SUNDARMHLD, EQ, 25-Apr-2024,246.3,246.3,252.55,244.6, 245.25,245.75,247.96,97510,241.79,5057, 55046, 56.45,0.5645164598502718,2024-04-25
SUNDRMBRAK, EQ, 25-Apr-2024,715.75,741.0,741.0,705.2, 734.90,732.75,727.65,2625,19.1,255, 1879, 71.58,0.7158095238095238,2024-04-25
SUNDRMFAST, EQ, 25-Apr-2024,1051.05,1055.5,1069.9,1050.15, 1060.05,1054.15,1054.61,859725,9066.73,6217, 830172, 96.56,0.9656250545232488,2024-04-25
SUNFLAG, EQ, 25-Apr-2024,214.75,219.7,222.25,215.2, 218.00,216.4,218.8,753078,1647.75,13105, 297087, 39.45,0.3944969843761204,2024-04-25
SUNPHARMA, EQ, 25-Apr-2024,1485.75,1490.0,1527.3,1488.65, 1517.30,1520.15,1511.54,3846327,58138.68,165102, 1598992, 41.57,0.41571920432142145,2024-04-25
SUNTECK, EQ, 25-Apr-2024,441.3,441.3,444.7,440.0, 443.00,443.0,442.73,158872,703.37,11119, 102528, 64.53,0.6453497154942344,2024-04-25
SUNTV, EQ, 25-Apr-2024,619.7,621.0,637.0,617.05, 634.00,634.95,630.03,1203325,7581.29,39174, 334122, 27.77,0.2776656348035651,2024-04-25
SUPERHOUSE, EQ, 25-Apr-2024,227.55,227.65,229.9,221.35, 223.40,222.85,226.38,8981,20.33,358, 6638, 73.91,0.7391159113684445,2024-04-25
SUPERSPIN, BE, 25-Apr-2024,7.05,7.05,7.15,6.95, 7.15,7.15,6.97,56519,3.94,37, -, -,,2024-04-25
SUPRAJIT, EQ, 25-Apr-2024,420.25,422.0,423.8,415.0, 418.45,416.85,418.71,77078,322.73,6994, 46363, 60.15,0.6015075637665741,2024-04-25
SUPREMEENG, BE, 25-Apr-2024,0.8,0.85,0.85,0.85, 0.85,0.85,0.85,143847,1.22,73, -, -,,2024-04-25
SUPREMEIND, EQ, 25-Apr-2024,4250.45,4250.05,4325.2,4211.4, 4320.00,4303.5,4286.7,96264,4126.55,16743, 56249, 58.43,0.5843202027757002,2024-04-25
SUPREMEINF, BZ, 25-Apr-2024,88.2,88.25,88.5,88.25, 88.25,88.25,88.42,5323,4.71,24, -, -,,2024-04-25
SUPRIYA, EQ, 25-Apr-2024,402.3,402.0,424.0,397.5, 414.50,413.8,416.01,1722108,7164.11,68008, 438886, 25.49,0.25485393482870994,2024-04-25
SURAJEST, EQ, 25-Apr-2024,373.55,367.0,376.1,364.2, 367.95,369.35,372.06,208807,776.88,5794, 124164, 59.46,0.5946352373244193,2024-04-25
SURANASOL, BE, 25-Apr-2024,43.75,43.75,43.85,42.2, 42.95,42.9,42.86,285731,122.47,2191, -, -,,2024-04-25
SURANAT&P, BE, 25-Apr-2024,15.45,15.45,15.45,15.45, 15.45,15.45,15.45,24660,3.81,149, -, -,,2024-04-25
SURYALAXMI, EQ, 25-Apr-2024,73.15,73.2,74.1,72.3, 72.80,73.0,73.36,9191,6.74,112, 6812, 74.12,0.7411598302687411,2024-04-25
SURYAROSNI, EQ, 25-Apr-2024,595.45,595.75,606.15,584.0, 601.30,601.2,594.92,380230,2262.07,14167, 147422, 38.77,0.3877179601819951,2024-04-25
SURYODAY, EQ, 25-Apr-2024,207.3,208.0,211.2,205.7, 207.50,207.65,207.7,379132,787.47,8585, 148111, 39.07,0.3906581348976082,2024-04-25
SUTLEJTEX, EQ, 25-Apr-2024,59.75,60.45,60.55,59.35, 60.00,59.75,59.94,72487,43.45,823, 42764, 59.00,0.5899540607281306,2024-04-25
SUULD, EQ, 25-Apr-2024,8.8,8.7,8.85,8.55, 8.65,8.6,8.65,141722,12.27,305, 129116, 91.11,0.9110512129380054,2024-04-25
SUVEN, EQ, 25-Apr-2024,112.45,117.95,118.05,112.1, 113.10,113.6,116.3,558699,649.78,2821, 375115, 67.14,0.6714080390335404,2024-04-25
SUVENPHAR, EQ, 25-Apr-2024,641.5,640.0,649.85,635.75, 648.00,646.8,644.13,271782,1750.64,6646, 237964, 87.56,0.8755693901730063,2024-04-25
SUVIDHAA, BE, 25-Apr-2024,5.95,5.9,6.05,5.8, 5.90,5.95,5.98,123020,7.36,444, -, -,,2024-04-25
SUZLON, BE, 25-Apr-2024,41.8,42.2,42.3,41.25, 41.90,42.15,41.93,22866483,9588.47,50726, -, -,,2024-04-25
SVLL, EQ, 25-Apr-2024,213.4,219.35,221.95,204.95, 209.00,209.25,210.75,1764,3.72,124, 1307, 74.09,0.7409297052154195,2024-04-25
SVPGLOB, EQ, 25-Apr-2024,6.95,7.1,7.1,6.8, 6.85,6.9,6.95,80635,5.6,408, 64617, 80.14,0.8013517703230607,2024-04-25
SWANENERGY, EQ, 25-Apr-2024,610.05,611.65,620.1,600.05, 618.00,615.1,610.34,1094293,6678.9,17091, 579046, 52.92,0.5291507850274104,2024-04-25
SWARAJENG, EQ, 25-Apr-2024,2476.2,2480.0,2491.55,2467.0, 2474.05,2475.55,2476.26,8319,206.0,2243, 4745, 57.04,0.5703810554153144,2024-04-25
SWELECTES, EQ, 25-Apr-2024,1351.85,1374.95,1419.4,1350.0, 1419.40,1419.4,1404.96,101651,1428.16,3835, 47645, 46.87,0.4687115719471525,2024-04-25
SWSOLAR, EQ, 25-Apr-2024,643.25,648.0,673.45,643.5, 664.80,663.05,661.15,2290249,15141.91,53754, 1317305, 57.52,0.5751798166924208,2024-04-25
SYMPHONY, EQ, 25-Apr-2024,949.6,941.4,956.0,941.4, 948.95,948.15,948.88,72681,689.66,6232, 33947, 46.71,0.467068422283678,2024-04-25
SYNCOMF, EQ, 25-Apr-2024,14.05,14.15,14.25,13.65, 13.75,13.75,13.83,2142172,296.28,8255, 1397142, 65.22,0.652208132680289,2024-04-25
SYNGENE, EQ, 25-Apr-2024,694.0,682.0,709.8,680.0, 698.00,699.1,694.55,6304386,43787.08,114734, 3164933, 50.20,0.5020208153498216,2024-04-25
SYRMA, EQ, 25-Apr-2024,477.05,479.65,487.05,473.05, 475.00,474.4,481.12,488708,2351.26,19731, 316851, 64.83,0.6483442055378672,2024-04-25
TAINWALCHM, EQ, 25-Apr-2024,133.85,133.85,140.9,132.1, 134.50,135.5,136.89,20656,28.28,897, 11407, 55.22,0.5522366382649109,2024-04-25
TAJGVK, EQ, 25-Apr-2024,373.5,373.9,390.0,372.35, 379.00,376.45,380.23,265506,1009.53,14633, 92886, 34.98,0.3498452012383901,2024-04-25
TAKE, EQ, 25-Apr-2024,23.15,23.1,24.3,22.75, 23.50,23.55,23.67,768641,181.93,2707, 355595, 46.26,0.46262819703866953,2024-04-25
TALBROAUTO, EQ, 25-Apr-2024,299.6,297.0,303.55,297.0, 299.00,299.0,299.66,112247,336.36,4903, 72175, 64.30,0.6430015946974084,2024-04-25
TANLA, EQ, 25-Apr-2024,985.0,993.0,998.7,955.2, 969.40,967.15,978.66,618743,6055.4,27286, 240746, 38.91,0.3890888462576546,2024-04-25
TARACHAND, BE, 25-Apr-2024,297.2,297.85,297.85,282.35, 282.35,282.35,283.9,22569,64.07,408, -, -,,2024-04-25
TARAPUR, BE, 25-Apr-2024,10.2,10.4,10.4,10.4, 10.40,10.4,10.4,7793,0.81,18, -, -,,2024-04-25
TARC, EQ, 25-Apr-2024,159.8,162.75,162.75,159.2, 159.60,160.4,161.22,220753,355.91,2298, 151996, 68.85,0.6885342441552323,2024-04-25
TARMAT, BE, 25-Apr-2024,96.95,96.95,96.95,95.05, 95.05,95.05,95.72,6289,6.02,73, -, -,,2024-04-25
TARSONS, EQ, 25-Apr-2024,471.15,471.15,473.0,460.1, 461.00,461.65,465.08,45613,212.14,7163, 25694, 56.33,0.5633043211365181,2024-04-25
TASTYBITE, EQ, 25-Apr-2024,11967.85,11997.0,12067.65,11655.2, 11760.00,11725.1,11868.28,1317,156.31,597, 787, 59.76,0.5975702353834472,2024-04-25
TATACHEM, EQ, 25-Apr-2024,1126.85,1133.95,1141.2,1108.55, 1114.30,1112.8,1122.11,2113748,23718.57,52992, 801249, 37.91,0.37906552720570286,2024-04-25
TATACOMM, EQ, 25-Apr-2024,1746.1,1746.1,1752.25,1721.05, 1740.00,1743.4,1733.7,519313,9003.35,27401, 264987, 51.03,0.5102645225519099,2024-04-25
TATACONSUM, EQ, 25-Apr-2024,1110.15,1116.0,1116.0,1077.4, 1104.85,1106.25,1094.89,6233672,68251.56,273667, 2681818, 43.02,0.43021480758050795,2024-04-25
TATAELXSI, EQ, 25-Apr-2024,7030.15,7087.15,7115.0,7060.0, 7089.45,7093.9,7093.38,145948,10352.65,21926, 58489, 40.08,0.40075232274508726,2024-04-25
TATAGOLD, EQ, 25-Apr-2024,7.16,7.66,7.66,7.11, 7.16,7.15,7.14,3010955,215.07,6648, 2351735, 78.11,0.7810594977341077,2024-04-25
TATAINVEST, BE, 25-Apr-2024,6761.95,6810.0,6835.0,6627.0, 6767.00,6708.75,6696.41,29786,1994.59,7347, -, -,,2024-04-25
TATAMOTORS, EQ, 25-Apr-2024,991.65,992.5,1003.3,989.5, 1002.00,1001.25,996.95,8366455,83409.2,191801, 3381959, 40.42,0.40422843366754496,2024-04-25
TATAMTRDVR, EQ, 25-Apr-2024,664.5,667.5,674.95,664.0, 673.50,672.5,669.34,678562,4541.87,27437, 401659, 59.19,0.5919267509822241,2024-04-25
TATAPOWER, EQ, 25-Apr-2024,428.3,428.3,433.1,427.0, 432.50,431.45,430.09,7794324,33522.56,73357, 3087915, 39.62,0.39617483183916913,2024-04-25
TATASTEEL, EQ, 25-Apr-2024,165.55,165.4,168.0,164.15, 167.00,167.7,166.15,50128523,83287.7,251319, 15904475, 31.73,0.31727395997683794,2024-04-25
TATATECH, EQ, 25-Apr-2024,1087.0,1084.7,1084.7,1067.1, 1069.50,1069.3,1072.66,729379,7823.78,45516, 467064, 64.04,0.6403584419074309,2024-04-25
TATSILV, EQ, 25-Apr-2024,8.04,8.04,8.13,7.95, 8.05,8.06,7.98,1288782,102.79,1659, 1090997, 84.65,0.8465333935452233,2024-04-25
TATVA, EQ, 25-Apr-2024,1252.85,1250.0,1266.6,1235.0, 1250.00,1244.7,1251.29,12460,155.91,2446, 5447, 43.72,0.4371589085072231,2024-04-25
TBZ, EQ, 25-Apr-2024,125.45,125.4,126.45,124.0, 124.85,125.6,125.32,94801,118.8,1951, 50609, 53.38,0.5338445796985264,2024-04-25
TCI, EQ, 25-Apr-2024,872.55,875.6,894.6,870.35, 889.00,889.7,886.03,44588,395.06,3953, 24627, 55.23,0.5523234951107922,2024-04-25
TCIEXP, EQ, 25-Apr-2024,1070.6,1076.0,1080.0,1058.65, 1060.00,1060.05,1063.63,29558,314.39,3089, 22574, 76.37,0.7637187901752487,2024-04-25
TCLCONS, EQ, 25-Apr-2024,32.15,33.5,33.9,29.55, 30.95,30.7,31.21,54721,17.08,536, 36873, 67.38,0.6738363699493796,2024-04-25
TCNSBRANDS, EQ, 25-Apr-2024,447.2,445.8,454.0,444.25, 449.00,451.25,449.99,246183,1107.79,9585, 121628, 49.41,0.4940552353330652,2024-04-25
TCPLPACK, EQ, 25-Apr-2024,2098.6,2072.6,2111.9,2062.0, 2070.00,2070.9,2081.52,3302,68.73,976, 2121, 64.23,0.6423379769836463,2024-04-25
TCS, EQ, 25-Apr-2024,3831.05,3811.2,3873.65,3811.0, 3851.00,3852.2,3850.53,2856271,109981.54,211754, 1534697, 53.73,0.5373079095085865,2024-04-25
TDPOWERSYS, EQ, 25-Apr-2024,342.85,346.8,354.0,342.65, 345.85,345.1,347.94,684216,2380.67,21862, 198136, 28.96,0.28958106796684085,2024-04-25
TEAMLEASE, EQ, 25-Apr-2024,3251.2,3271.9,3299.95,3240.25, 3280.05,3277.4,3270.76,9277,303.43,2587, 4455, 48.02,0.48021989867414033,2024-04-25
TECH, EQ, 25-Apr-2024,34.68,34.69,35.2,34.49, 35.20,34.83,34.72,20427,7.09,371, 14815, 72.53,0.7252655798697802,2024-04-25
TECHIN, BE, 25-Apr-2024,29.55,29.55,30.1,29.55, 30.10,30.1,29.71,2883,0.86,8, -, -,,2024-04-25
TECHM, EQ, 25-Apr-2024,1185.7,1185.0,1193.55,1172.8, 1190.75,1190.3,1185.31,3357065,39791.64,117539, 1866822, 55.61,0.5560875347960197,2024-04-25
TECHNOE, EQ, 25-Apr-2024,953.85,959.05,977.85,956.25, 967.60,968.2,967.51,231388,2238.71,21568, 123051, 53.18,0.5317950801251577,2024-04-25
TECILCHEM, BE, 25-Apr-2024,23.5,23.5,23.5,23.45, 23.45,23.45,23.46,1215,0.29,8, -, -,,2024-04-25
TEGA, EQ, 25-Apr-2024,1509.6,1501.9,1544.8,1491.0, 1527.95,1525.25,1521.02,43184,656.84,6466, 19066, 44.15,0.4415061133753242,2024-04-25
TEJASNET, EQ, 25-Apr-2024,1069.1,1058.3,1083.9,1031.0, 1045.00,1045.4,1051.8,1297451,13646.63,40693, 591672, 45.60,0.45602647036381333,2024-04-25
TEMBO, EQ, 25-Apr-2024,240.9,240.9,240.9,227.0, 232.00,232.85,231.98,188412,437.08,3878, 64102, 34.02,0.34022249113644565,2024-04-25
TERASOFT, BE, 25-Apr-2024,48.2,49.15,49.15,49.0, 49.15,49.15,49.11,21173,10.4,45, -, -,,2024-04-25
TEXINFRA, EQ, 25-Apr-2024,97.2,97.2,100.0,97.2, 98.60,98.55,98.76,345730,341.45,3912, 137909, 39.89,0.39889219911491625,2024-04-25
TEXMOPIPES, EQ, 25-Apr-2024,89.8,90.55,92.5,88.1, 88.20,88.5,89.93,204763,184.13,1598, 115228, 56.27,0.5627383853528225,2024-04-25
TEXRAIL, EQ, 25-Apr-2024,178.45,179.1,189.0,178.85, 187.70,188.05,186.14,6569644,12228.42,58993, 3360146, 51.15,0.5114654614466172,2024-04-25
TFCILTD, EQ, 25-Apr-2024,185.9,186.8,187.85,182.0, 182.40,182.6,184.16,579018,1066.32,4216, 376710, 65.06,0.6506015357035533,2024-04-25
TFL, EQ, 25-Apr-2024,11.55,11.75,11.85,11.2, 11.40,11.3,11.44,48606,5.56,494, 34936, 71.88,0.7187590009463852,2024-04-25
TGBHOTELS, EQ, 25-Apr-2024,15.4,15.95,15.95,15.15, 15.40,15.45,15.46,29778,4.6,209, 12826, 43.07,0.4307206662636846,2024-04-25
THANGAMAYL, EQ, 25-Apr-2024,1330.9,1339.5,1345.0,1310.0, 1323.00,1317.6,1325.4,7779,103.1,1373, 5344, 68.70,0.6869777606376141,2024-04-25
THEINVEST, EQ, 25-Apr-2024,146.8,146.95,151.95,145.0, 151.25,150.2,149.04,45773,68.22,1566, 18534, 40.49,0.40491119218753413,2024-04-25
THEJO, EQ, 25-Apr-2024,2892.8,2924.0,3093.8,2915.15, 3055.00,3063.45,3026.13,20035,606.29,3762, 8891, 44.38,0.44377339655602693,2024-04-25
THEMISMED, EQ, 25-Apr-2024,209.5,210.6,211.65,208.0, 210.00,210.15,209.72,21124,44.3,1167, 14005, 66.30,0.6629899640219655,2024-04-25
THERMAX, EQ, 25-Apr-2024,4436.4,4485.0,4485.0,4260.0, 4315.00,4300.3,4320.83,148427,6413.27,26337, 60074, 40.47,0.4047376824971198,2024-04-25
THOMASCOOK, EQ, 25-Apr-2024,215.2,215.95,222.5,210.3, 212.60,212.15,216.56,1354798,2933.92,20380, 786472, 58.05,0.5805086809989386,2024-04-25
THOMASCOTT, BE, 25-Apr-2024,277.25,272.0,272.05,271.7, 271.70,271.7,271.84,11297,30.71,55, -, -,,2024-04-25
THYROCARE, EQ, 25-Apr-2024,659.95,659.3,665.8,648.5, 660.00,659.8,654.83,39007,255.43,6139, 19234, 49.31,0.49309098366959775,2024-04-25
TI, EQ, 25-Apr-2024,235.75,235.75,239.4,234.0, 235.80,234.85,236.11,326137,770.04,11025, 153294, 47.00,0.4700294661445957,2024-04-25
TIDEWATER, EQ, 25-Apr-2024,1674.3,1679.95,1725.15,1660.1, 1720.00,1713.05,1706.75,97322,1661.04,13443, 50253, 51.64,0.5163580690902365,2024-04-25
TIIL, EQ, 25-Apr-2024,2297.05,2277.55,2321.95,2249.25, 2255.00,2263.5,2274.21,14359,326.55,2870, 6869, 47.84,0.47837593147155094,2024-04-25
TIINDIA, EQ, 25-Apr-2024,3607.4,3602.4,3615.85,3561.0, 3568.05,3573.85,3578.51,82363,2947.37,16843, 51098, 62.04,0.6203999368648544,2024-04-25
TIJARIA, BE, 25-Apr-2024,17.75,18.6,18.6,18.6, 18.60,18.6,18.6,320543,59.62,215, -, -,,2024-04-25
TIL, BZ, 25-Apr-2024,224.0,228.45,228.45,228.45, 228.45,228.45,228.45,395,0.9,5, -, -,,2024-04-25
TIMESGTY, BE, 25-Apr-2024,90.0,90.0,90.0,90.0, 90.00,90.0,90.0,96,0.09,5, -, -,,2024-04-25
TIMETECHNO, EQ, 25-Apr-2024,280.05,281.95,283.0,273.2, 275.00,274.85,277.07,855704,2370.9,16741, 258095, 30.16,0.30161714798575207,2024-04-25
TIMKEN, EQ, 25-Apr-2024,3170.25,3180.0,3199.95,3151.55, 3187.00,3186.1,3176.07,71471,2269.97,4814, 59175, 82.80,0.827958192833457,2024-04-25
TIPSFILMS, EQ, 25-Apr-2024,696.0,705.7,705.7,685.0, 694.00,687.35,690.23,1176,8.12,140, 934, 79.42,0.79421768707483,2024-04-25
TIPSINDLTD, EQ, 25-Apr-2024,462.45,466.0,467.95,458.05, 460.00,461.5,462.7,180924,837.13,9393, 133491, 73.78,0.7378291437288585,2024-04-25
TIRUMALCHM, EQ, 25-Apr-2024,277.5,278.5,279.4,272.5, 274.95,273.8,276.13,226841,626.38,6335, 119546, 52.70,0.5270034958406989,2024-04-25
TIRUPATIFL, EQ, 25-Apr-2024,18.55,18.5,19.0,18.35, 19.00,18.9,18.68,386289,72.17,1402, 241008, 62.39,0.6239059357113457,2024-04-25
TITAGARH, EQ, 25-Apr-2024,1006.45,1008.9,1055.0,994.6, 1046.00,1045.55,1036.63,2219369,23006.63,79959, 970915, 43.75,0.43747344402846033,2024-04-25
TITAN, EQ, 25-Apr-2024,3609.75,3595.0,3602.5,3541.0, 3570.00,3571.1,3571.38,1889163,67469.25,167582, 858168, 45.43,0.45425831439637554,2024-04-25
TMB, EQ, 25-Apr-2024,493.75,493.0,499.9,486.0, 491.00,491.3,493.95,101834,503.01,6912, 39209, 38.50,0.3850285759176699,2024-04-25
TNIDETF, EQ, 25-Apr-2024,78.44,79.39,79.5,77.37, 79.43,78.99,78.73,31944,25.15,681, 29159, 91.28,0.9128161783120461,2024-04-25
TNPETRO, EQ, 25-Apr-2024,88.65,89.45,91.95,88.2, 89.10,88.85,89.82,392958,352.97,3358, 178517, 45.43,0.454290280386199,2024-04-25
TNPL, EQ, 25-Apr-2024,270.1,271.8,274.55,267.35, 269.10,268.9,271.24,120886,327.89,4641, 72168, 59.70,0.5969922075343712,2024-04-25
TNTELE, BE, 25-Apr-2024,10.15,10.4,10.65,10.4, 10.65,10.65,10.56,25800,2.73,75, -, -,,2024-04-25
TOKYOPLAST, EQ, 25-Apr-2024,107.75,106.05,108.0,105.35, 107.90,107.75,107.17,5514,5.91,177, 4063, 73.69,0.7368516503445774,2024-04-25
TORNTPHARM, EQ, 25-Apr-2024,2686.45,2691.9,2702.05,2672.0, 2699.95,2694.3,2689.01,137290,3691.75,17589, 74171, 54.03,0.5402505644985068,2024-04-25
TORNTPOWER, EQ, 25-Apr-2024,1515.1,1522.4,1532.65,1501.0, 1512.50,1509.8,1516.05,306326,4644.05,28988, 169687, 55.39,0.5539425318125135,2024-04-25
TOTAL, EQ, 25-Apr-2024,101.35,101.45,102.5,101.15, 102.00,101.65,102.08,6153,6.28,116, 4938, 80.25,0.802535348610434,2024-04-25
TOUCHWOOD, EQ, 25-Apr-2024,153.1,153.05,153.95,146.4, 149.55,149.05,149.44,2078,3.11,552, 506, 24.35,0.2435033686236766,2024-04-25
TPHQ, BE, 25-Apr-2024,1.25,1.25,1.25,1.2, 1.20,1.2,1.21,1574211,19.01,546, -, -,,2024-04-25
TPLPLASTEH, EQ, 25-Apr-2024,98.2,100.2,100.2,94.85, 96.45,95.8,96.32,630718,607.52,3548, 204380, 32.40,0.32404339181694514,2024-04-25
TRACXN, EQ, 25-Apr-2024,95.7,95.55,96.35,94.7, 95.40,95.1,95.26,341749,325.56,3898, 199851, 58.48,0.5847888362511668,2024-04-25
TREEHOUSE, BE, 25-Apr-2024,22.95,22.0,23.4,22.0, 23.15,22.8,22.98,229251,52.69,103, -, -,,2024-04-25
TREJHARA, BE, 25-Apr-2024,183.2,185.0,185.0,184.0, 184.00,184.0,185.0,32498,60.12,41, -, -,,2024-04-25
TREL, EQ, 25-Apr-2024,49.7,49.65,50.3,48.9, 49.10,49.2,49.44,253372,125.27,1773, 149474, 58.99,0.5899389040620115,2024-04-25
TRENT, EQ, 25-Apr-2024,4221.75,4250.0,4347.0,4195.7, 4323.00,4323.15,4285.98,761557,32640.17,68899, 213021, 27.97,0.2797177361642004,2024-04-25
TRF, BE, 25-Apr-2024,561.2,551.6,572.0,550.0, 572.00,572.0,558.33,76921,429.47,558, -, -,,2024-04-25
TRIDENT, EQ, 25-Apr-2024,39.9,40.0,40.65,39.8, 40.15,40.1,40.2,9738919,3914.78,20651, 2902398, 29.80,0.2980205503300726,2024-04-25
TRIGYN, EQ, 25-Apr-2024,119.25,118.95,120.5,117.0, 119.90,119.45,119.31,64169,76.56,1396, 25533, 39.79,0.3979024139381945,2024-04-25
TRIL, BE, 25-Apr-2024,695.9,661.1,661.1,661.1, 661.10,661.1,661.1,66974,442.77,2252, -, -,,2024-04-25
TRITURBINE, EQ, 25-Apr-2024,537.95,542.3,545.85,528.55, 532.05,531.0,537.88,787985,4238.38,31442, 497032, 63.08,0.6307632759506844,2024-04-25
TRIVENI, EQ, 25-Apr-2024,356.25,356.5,368.4,355.5, 362.00,361.7,362.81,1421613,5157.78,32890, 499698, 35.15,0.351500724880822,2024-04-25
TRU, EQ, 25-Apr-2024,63.1,63.0,66.05,61.3, 62.00,62.55,63.64,3308788,2105.7,10810, 835657, 25.26,0.252556827454645,2024-04-25
TTKHLTCARE, EQ, 25-Apr-2024,1605.4,1582.05,1640.0,1582.05, 1600.10,1606.1,1611.6,18274,294.5,1264, 13556, 74.18,0.741818977782642,2024-04-25
TTKPRESTIG, EQ, 25-Apr-2024,705.55,702.95,707.0,698.0, 699.00,699.4,701.13,45063,315.95,6326, 25484, 56.55,0.5655193839735482,2024-04-25
TTL, EQ, 25-Apr-2024,114.05,115.4,115.4,111.9, 112.10,112.45,113.66,16052,18.25,348, 10417, 64.90,0.6489534014453028,2024-04-25
TTML, EQ, 25-Apr-2024,85.3,85.3,85.5,82.9, 83.20,83.35,84.03,4510805,3790.36,23645, 1940770, 43.02,0.43024914621669524,2024-04-25
TV18BRDCST, EQ, 25-Apr-2024,47.1,47.5,47.6,46.15, 46.50,46.45,46.52,4043740,1881.3,9905, 2675189, 66.16,0.6615630579611943,2024-04-25
TVSELECT, EQ, 25-Apr-2024,301.5,301.5,304.35,298.1, 301.70,300.3,301.36,42649,128.53,2399, 13670, 32.05,0.3205233416961711,2024-04-25
TVSHLTD, EQ, 25-Apr-2024,8349.7,8399.0,8635.0,8331.85, 8425.00,8434.25,8475.42,7015,594.55,2325, 3424, 48.81,0.4880969351389879,2024-04-25
TVSMOTOR, EQ, 25-Apr-2024,1964.3,1968.0,2014.1,1951.3, 2011.00,2005.75,1991.91,1052042,20955.7,56170, 599986, 57.03,0.5703061284625519,2024-04-25
TVSSCS, EQ, 25-Apr-2024,179.6,178.65,187.2,178.35, 183.50,183.7,183.48,2761354,5066.64,23581, 1177875, 42.66,0.426557044116763,2024-04-25
TVSSRICHAK, EQ, 25-Apr-2024,4132.05,4131.85,4141.2,4076.0, 4082.00,4091.2,4102.25,6268,257.13,850, 4886, 77.95,0.7795149968091896,2024-04-25
TVTODAY, EQ, 25-Apr-2024,235.5,237.2,242.45,235.45, 239.15,238.85,239.5,195612,468.5,8069, 110770, 56.63,0.5662740527166022,2024-04-25
TVVISION, BE, 25-Apr-2024,4.9,4.8,4.8,4.8, 4.80,4.8,4.8,11292,0.54,26, -, -,,2024-04-25
UBL, EQ, 25-Apr-2024,2030.95,2022.4,2106.0,2012.0, 2012.00,2022.35,2059.25,1441742,29689.14,74117, 343889, 23.85,0.23852325866902677,2024-04-25
UCAL, EQ, 25-Apr-2024,182.1,182.9,195.5,178.4, 189.05,189.85,189.8,846236,1606.19,15220, 227564, 26.89,0.26891316370374224,2024-04-25
UCOBANK, EQ, 25-Apr-2024,54.45,54.6,57.5,54.25, 56.60,56.8,56.35,24141393,13603.22,41256, 8380038, 34.71,0.3471232169576959,2024-04-25
UDAICEMENT, EQ, 25-Apr-2024,38.9,39.15,39.4,38.45, 38.80,38.95,38.99,436751,170.29,1559, 286181, 65.52,0.6552497876364336,2024-04-25
UDS, EQ, 25-Apr-2024,310.25,312.0,314.85,308.0, 310.00,309.5,311.55,251773,784.41,12695, 128368, 50.99,0.5098561005350057,2024-04-25
UEL, BE, 25-Apr-2024,34.45,36.15,36.15,36.15, 36.15,36.15,36.15,172,0.06,41, -, -,,2024-04-25
UFLEX, EQ, 25-Apr-2024,461.35,475.0,475.0,456.0, 463.50,463.7,462.72,80073,370.51,4874, 33949, 42.40,0.4239756222447017,2024-04-25
UFO, EQ, 25-Apr-2024,142.8,143.55,154.45,142.8, 146.75,146.45,149.14,849312,1266.65,14528, 300050, 35.33,0.353285953807317,2024-04-25
UGARSUGAR, EQ, 25-Apr-2024,79.05,79.8,82.35,78.95, 79.75,79.6,80.43,516985,415.81,3904, 214099, 41.41,0.4141300037718696,2024-04-25
UGROCAP, EQ, 25-Apr-2024,256.85,256.85,263.0,253.05, 255.40,256.25,258.9,274110,709.67,10256, 168819, 61.59,0.615880485936303,2024-04-25
UJJIVAN, EQ, 25-Apr-2024,561.2,562.0,563.0,555.0, 562.20,561.1,559.17,475991,2661.62,12438, 276098, 58.00,0.580048782434962,2024-04-25
UJJIVANSFB, EQ, 25-Apr-2024,53.85,53.7,53.8,53.05, 53.25,53.15,53.28,5490215,2925.4,18440, 2908429, 52.97,0.5297477421193888,2024-04-25
ULTRACEMCO, EQ, 25-Apr-2024,9658.85,9620.15,9706.0,9560.05, 9704.10,9683.75,9644.83,398260,38411.52,72944, 159857, 40.14,0.401388540149651,2024-04-25
UMAEXPORTS, BE, 25-Apr-2024,109.2,107.05,107.05,107.05, 107.05,107.05,107.05,128174,137.21,132, -, -,,2024-04-25
UMANGDAIRY, EQ, 25-Apr-2024,99.5,101.0,103.95,96.0, 96.10,96.65,100.49,205185,206.19,1817, 85827, 41.83,0.41829081073177865,2024-04-25
UMESLTD, EQ, 25-Apr-2024,5.5,5.7,5.7,5.5, 5.60,5.5,5.62,19779,1.11,413, 18348, 92.77,0.9276505384498711,2024-04-25
UNICHEMLAB, EQ, 25-Apr-2024,591.4,600.0,600.0,575.6, 585.20,580.45,587.67,16339,96.02,2338, 7856, 48.08,0.48081277923985555,2024-04-25
UNIDT, EQ, 25-Apr-2024,282.9,285.1,295.0,276.1, 277.00,278.5,285.56,59473,169.83,2661, 37240, 62.62,0.6261664957207472,2024-04-25
UNIENTER, EQ, 25-Apr-2024,153.15,153.8,156.4,150.05, 151.35,152.75,153.21,22366,34.27,1240, 10202, 45.61,0.4561387820799428,2024-04-25
UNIINFO, BE, 25-Apr-2024,35.1,34.5,34.5,34.4, 34.40,34.4,34.45,11279,3.89,34, -, -,,2024-04-25
UNIONBANK, EQ, 25-Apr-2024,147.1,147.5,151.0,146.75, 150.25,150.0,149.23,17834511,26615.06,67595, 8058862, 45.19,0.4518689634944294,2024-04-25
UNIPARTS, EQ, 25-Apr-2024,558.1,560.0,561.4,550.85, 555.00,554.0,556.5,34503,192.01,4492, 19818, 57.44,0.5743848361012086,2024-04-25
UNITECH, BZ, 25-Apr-2024,10.9,11.15,11.4,10.9, 11.40,11.4,11.35,11979694,1359.16,3845, -, -,,2024-04-25
UNITEDPOLY, EQ, 25-Apr-2024,95.95,96.0,97.55,94.85, 95.70,96.85,96.09,4097,3.94,129, 2567, 62.66,0.6265560165975104,2024-04-25
UNITEDTEA, EQ, 25-Apr-2024,341.15,338.85,346.0,338.85, 341.60,343.1,343.63,580,1.99,73, 249, 42.93,0.42931034482758623,2024-04-25
UNIVASTU, EQ, 25-Apr-2024,161.8,162.55,169.8,160.35, 164.90,164.0,164.37,14229,23.39,388, 10190, 71.61,0.7161430880595966,2024-04-25
UNIVCABLES, EQ, 25-Apr-2024,589.75,590.0,593.0,583.1, 584.90,588.45,589.21,33052,194.74,3052, 16985, 51.39,0.5138872080358223,2024-04-25
UNIVPHOTO, EQ, 25-Apr-2024,373.9,375.7,376.9,370.6, 371.15,372.35,373.7,411,1.54,75, 277, 67.40,0.6739659367396593,2024-04-25
UNOMINDA, EQ, 25-Apr-2024,721.3,721.3,724.95,711.0, 720.80,716.85,718.54,173681,1247.98,14775, 75782, 43.63,0.4363286715299889,2024-04-25
UPL, EQ, 25-Apr-2024,498.45,499.0,506.95,496.35, 506.00,505.9,504.09,4660938,23495.14,59697, 2867253, 61.52,0.6151665179841482,2024-04-25
URAVI, EQ, 25-Apr-2024,402.25,403.4,415.0,401.1, 405.90,402.7,408.6,106422,434.84,1943, 78296, 73.57,0.7357125406400932,2024-04-25
URJA, BE, 25-Apr-2024,22.15,22.15,22.5,21.8, 21.95,21.95,22.01,1244794,273.99,8627, -, -,,2024-04-25
USHAMART, EQ, 25-Apr-2024,361.4,364.7,371.0,358.5, 363.50,364.05,364.56,503060,1833.95,15072, 276402, 54.94,0.5494414185186658,2024-04-25
USK, BE, 25-Apr-2024,51.3,51.0,51.0,50.6, 50.60,50.6,50.83,38193,19.41,241, -, -,,2024-04-25
UTIAMC, EQ, 25-Apr-2024,948.4,950.0,958.0,933.25, 951.40,947.45,944.67,245268,2316.97,21040, 90930, 37.07,0.37073731591565146,2024-04-25
UTIBANKETF, EQ, 25-Apr-2024,48.98,49.3,49.6,48.3, 49.15,49.27,49.15,113603,55.84,475, 96260, 84.73,0.8473367780780438,2024-04-25
UTINEXT50, EQ, 25-Apr-2024,66.88,67.44,67.64,66.88, 67.50,67.45,67.19,22426,15.07,307, 15913, 70.96,0.7095781681976278,2024-04-25
UTINIFTETF, EQ, 25-Apr-2024,241.6,241.11,244.01,240.5, 243.31,243.41,242.21,118048,285.92,2324, 107201, 90.81,0.9081136486852806,2024-04-25
UTISENSETF, EQ, 25-Apr-2024,795.41,810.1,810.1,786.05, 800.00,801.08,794.42,926,7.36,81, 757, 81.75,0.8174946004319654,2024-04-25
UTISXN50, EQ, 25-Apr-2024,77.47,78.63,78.63,77.2, 77.95,77.95,77.59,765,0.59,46, 486, 63.53,0.6352941176470588,2024-04-25
UTKARSHBNK, EQ, 25-Apr-2024,59.25,59.45,60.7,56.95, 59.40,58.95,58.75,17033625,10007.35,31740, 7060367, 41.45,0.41449585745840944,2024-04-25
UTTAMSUGAR, EQ, 25-Apr-2024,336.9,336.55,353.85,336.55, 347.50,348.2,346.87,312474,1083.87,15390, 122540, 39.22,0.39216062776423,2024-04-25
V2RETAIL, BE, 25-Apr-2024,538.45,538.45,540.0,525.0, 525.00,525.45,530.37,14325,75.97,398, -, -,,2024-04-25
VADILALIND, EQ, 25-Apr-2024,4271.1,4269.65,4540.0,4231.6, 4526.95,4519.85,4438.59,49152,2181.65,10471, 18038, 36.70,0.3669840494791667,2024-04-25
VAIBHAVGBL, EQ, 25-Apr-2024,407.2,408.5,415.45,400.05, 402.60,401.7,406.16,481079,1953.93,23249, 182498, 37.94,0.3793514162954525,2024-04-25
VAISHALI, EQ, 25-Apr-2024,161.85,160.4,162.65,157.1, 159.15,158.9,159.33,40062,63.83,657, 18530, 46.25,0.4625330737357097,2024-04-25
VAKRANGEE, EQ, 25-Apr-2024,25.25,25.3,25.95,24.7, 25.50,25.55,25.41,15575903,3957.38,13167, 3650321, 23.44,0.2343569422588212,2024-04-25
VALIANTLAB, EQ, 25-Apr-2024,157.5,155.55,159.35,155.55, 158.45,158.5,157.83,70778,111.71,1951, 28149, 39.77,0.3977083274463816,2024-04-25
VALIANTORG, EQ, 25-Apr-2024,425.5,425.55,428.5,413.55, 418.50,416.0,419.95,64914,272.61,8349, 38950, 60.00,0.6000246479958098,2024-04-25
VARDHACRLC, EQ, 25-Apr-2024,57.55,57.3,58.0,57.3, 57.60,57.7,57.66,28796,16.6,366, 17546, 60.93,0.6093207389915266,2024-04-25
VARDMNPOLY, BE, 25-Apr-2024,84.4,85.25,86.65,83.5, 84.60,83.8,84.21,39432,33.21,284, -, -,,2024-04-25
VARROC, EQ, 25-Apr-2024,522.4,527.0,528.95,510.15, 514.90,514.9,517.49,153599,794.86,10459, 69911, 45.52,0.45515270281707565,2024-04-25
VASCONEQ, EQ, 25-Apr-2024,73.9,73.95,75.65,73.5, 74.35,74.2,74.45,1113399,828.98,6673, 515946, 46.34,0.46339721878679613,2024-04-25
VASWANI, BE, 25-Apr-2024,38.1,38.1,38.1,37.35, 37.40,37.4,37.62,11584,4.36,49, -, -,,2024-04-25
VBL, EQ, 25-Apr-2024,1445.1,1450.0,1450.0,1433.95, 1442.15,1441.95,1443.44,803258,11594.52,46090, 475040, 59.14,0.5913915578805315,2024-04-25
VEDL, EQ, 25-Apr-2024,383.45,380.0,387.7,377.1, 379.00,381.05,381.74,10150138,38747.05,114204, 4019921, 39.60,0.39604594538517607,2024-04-25
VENKEYS, EQ, 25-Apr-2024,1789.3,1797.0,1797.0,1775.1, 1784.75,1782.9,1786.39,13524,241.59,1591, 7136, 52.77,0.5276545400769004,2024-04-25
VENUSPIPES, EQ, 25-Apr-2024,2105.6,2117.5,2134.9,2085.0, 2105.00,2120.8,2108.08,35759,753.83,6457, 14936, 41.77,0.41768505830699965,2024-04-25
VENUSREM, EQ, 25-Apr-2024,329.7,328.45,334.65,327.75, 328.30,328.2,329.59,18520,61.04,979, 10781, 58.21,0.5821274298056156,2024-04-25
VERANDA, EQ, 25-Apr-2024,181.9,194.9,194.9,178.5, 179.90,179.85,181.6,303950,551.96,7989, 147854, 48.64,0.48644184898832044,2024-04-25
VERTOZ, BE, 25-Apr-2024,881.55,885.0,885.0,855.0, 877.95,873.5,877.75,92086,808.28,1029, -, -,,2024-04-25
VESUVIUS, EQ, 25-Apr-2024,3973.75,3978.0,4440.0,3955.05, 4338.90,4366.3,4272.81,138330,5910.58,29268, 39426, 28.50,0.2850140967252223,2024-04-25
VETO, EQ, 25-Apr-2024,137.1,135.65,138.9,132.5, 134.30,134.1,136.04,155044,210.93,1724, 70207, 45.28,0.4528198446892495,2024-04-25
VGUARD, EQ, 25-Apr-2024,342.95,343.65,345.9,341.0, 344.00,342.85,343.19,141364,485.15,6764, 62322, 44.09,0.44086188845816476,2024-04-25
VHL, EQ, 25-Apr-2024,3041.55,3050.0,3129.15,3047.9, 3116.90,3109.3,3087.06,1264,39.02,390, 842, 66.61,0.6661392405063291,2024-04-25
VIDHIING, EQ, 25-Apr-2024,471.45,471.45,488.75,457.2, 460.30,460.3,472.94,179657,849.68,11712, 78471, 43.68,0.4367823129630351,2024-04-25
VIJAYA, EQ, 25-Apr-2024,672.05,674.9,695.0,660.05, 692.00,691.4,685.16,94852,649.89,10016, 48049, 50.66,0.5065681271876186,2024-04-25
VIJIFIN, BE, 25-Apr-2024,3.85,4.0,4.0,4.0, 4.00,4.0,4.0,94669,3.79,179, -, -,,2024-04-25
VIKASECO, EQ, 25-Apr-2024,4.05,4.1,4.1,4.0, 4.05,4.0,4.02,3478513,139.71,4173, 1751268, 50.35,0.503453055946607,2024-04-25
VIKASLIFE, EQ, 25-Apr-2024,5.6,5.55,5.55,5.35, 5.35,5.35,5.4,19161930,1034.89,10500, 10339500, 53.96,0.5395855219176774,2024-04-25
VIMTALABS, EQ, 25-Apr-2024,509.2,529.95,609.0,520.2, 557.50,560.35,574.05,693920,3983.42,29741, 106310, 15.32,0.1532020982245792,2024-04-25
VINATIORGA, EQ, 25-Apr-2024,1636.6,1644.5,1644.5,1598.15, 1606.00,1602.6,1616.48,185918,3005.34,15890, 126176, 67.87,0.6786647877021053,2024-04-25
VINDHYATEL, EQ, 25-Apr-2024,2645.35,2643.75,2697.9,2606.25, 2644.00,2642.95,2655.18,11415,303.09,2555, 5485, 48.05,0.4805081033727551,2024-04-25
VINEETLAB, BE, 25-Apr-2024,53.6,54.65,54.65,54.5, 54.65,54.65,54.57,2088,1.14,17, -, -,,2024-04-25
VINNY, EQ, 25-Apr-2024,4.25,4.2,4.25,4.1, 4.10,4.1,4.14,415272,17.2,818, 382651, 92.14,0.9214466662813771,2024-04-25
VINYLINDIA, EQ, 25-Apr-2024,384.95,384.95,387.45,380.85, 381.25,382.4,383.83,23670,90.85,1655, 11475, 48.48,0.4847908745247148,2024-04-25
VIPCLOTHNG, EQ, 25-Apr-2024,39.4,39.95,40.1,38.6, 38.80,38.85,39.36,116959,46.03,682, 74253, 63.49,0.6348634991749246,2024-04-25
VIPIND, EQ, 25-Apr-2024,552.1,554.0,559.75,546.25, 555.00,553.85,554.51,366334,2031.37,12097, 161135, 43.99,0.4398581622235446,2024-04-25
VIPULLTD, BE, 25-Apr-2024,32.35,32.95,32.95,32.8, 32.80,32.8,32.87,83712,27.51,67, -, -,,2024-04-25
VIRINCHI, EQ, 25-Apr-2024,40.05,40.3,41.5,38.55, 38.90,38.85,40.24,4891780,1968.57,8322, 1268562, 25.93,0.25932523539488694,2024-04-25
VISAKAIND, EQ, 25-Apr-2024,110.1,110.5,110.8,108.5, 108.95,108.95,109.3,156856,171.45,1413, 104688, 66.74,0.6674146988320497,2024-04-25
VISHNU, EQ, 25-Apr-2024,307.6,307.0,312.0,304.0, 307.00,307.75,309.07,58400,180.49,4116, 33230, 56.90,0.5690068493150685,2024-04-25
VISHWARAJ, EQ, 25-Apr-2024,16.2,16.2,16.6,16.15, 16.35,16.3,16.38,849624,139.2,1520, 336818, 39.64,0.39643183337570503,2024-04-25
VIVIDHA, BE, 25-Apr-2024,1.05,1.05,1.05,1.0, 1.00,1.0,1.02,855518,8.75,356, -, -,,2024-04-25
VLEGOV, BE, 25-Apr-2024,67.25,66.6,67.95,65.3, 66.50,66.4,66.37,107420,71.29,607, -, -,,2024-04-25
VLSFINANCE, EQ, 25-Apr-2024,262.1,263.95,266.65,260.15, 261.50,263.25,262.57,30241,79.4,1573, 17291, 57.18,0.5717734201911312,2024-04-25
VMART, EQ, 25-Apr-2024,2087.45,2087.45,2145.0,2083.85, 2121.10,2130.45,2121.26,10749,228.01,2529, 5787, 53.84,0.5383756628523584,2024-04-25
VOLTAMP, EQ, 25-Apr-2024,10003.5,9997.0,10480.0,9857.0, 10375.00,10438.2,10340.13,37594,3887.27,5537, 28188, 74.98,0.7498005000797999,2024-04-25
VOLTAS, EQ, 25-Apr-2024,1414.15,1415.95,1436.85,1404.1, 1430.00,1427.4,1419.48,1976954,28062.52,76994, 958866, 48.50,0.48502190743942447,2024-04-25
VPRPL, EQ, 25-Apr-2024,163.1,163.75,164.7,162.0, 163.00,162.8,163.13,266668,435.01,5939, 142411, 53.40,0.534038579807101,2024-04-25
VRLLOG, EQ, 25-Apr-2024,559.55,562.35,571.5,557.5, 569.60,567.0,566.23,63307,358.46,5059, 33544, 52.99,0.5298624164784305,2024-04-25
VSSL, EQ, 25-Apr-2024,267.35,266.85,314.0,266.1, 290.00,292.25,294.56,2058873,6064.52,56639, 349789, 16.99,0.1698934319892485,2024-04-25
VSTIND, EQ, 25-Apr-2024,3999.55,4000.0,4055.05,3970.0, 4025.50,4027.5,4025.56,23466,944.64,3384, 15288, 65.15,0.6514957811301457,2024-04-25
VSTL, EQ, 25-Apr-2024,297.5,305.65,323.8,301.3, 304.50,304.1,308.97,305450,943.74,13336, 93451, 30.59,0.3059453265673596,2024-04-25
VSTTILLERS, EQ, 25-Apr-2024,3269.75,3250.0,3332.45,3250.0, 3300.00,3308.6,3281.39,4710,154.55,1578, 2617, 55.56,0.5556263269639066,2024-04-25
VTL, EQ, 25-Apr-2024,459.0,459.05,464.0,455.1, 461.00,460.45,459.71,143714,660.67,9160, 82301, 57.27,0.572672112668216,2024-04-25
WABAG, EQ, 25-Apr-2024,947.55,950.0,1030.0,942.5, 998.50,1000.1,1003.31,1229640,12337.13,43885, 400573, 32.58,0.32576445138414495,2024-04-25
WALCHANNAG, BE, 25-Apr-2024,241.45,242.7,243.25,235.0, 237.95,237.9,239.01,97693,233.49,825, -, -,,2024-04-25
WANBURY, EQ, 25-Apr-2024,161.7,163.0,163.0,156.45, 158.75,158.65,159.88,53350,85.3,839, 43984, 82.44,0.8244423617619494,2024-04-25
WEALTH, EQ, 25-Apr-2024,737.3,738.1,757.0,722.5, 755.00,752.15,740.12,2908,21.52,408, 1977, 67.98,0.6798486932599724,2024-04-25
WEBELSOLAR, BE, 25-Apr-2024,737.9,728.0,738.0,701.0, 706.00,705.45,710.81,448772,3189.89,11786, -, -,,2024-04-25
WEIZMANIND, EQ, 25-Apr-2024,142.25,139.85,139.85,131.05, 132.50,132.5,134.88,164524,221.91,3168, 79779, 48.49,0.4849079769516909,2024-04-25
WEL, BE, 25-Apr-2024,1135.6,1135.6,1192.35,1135.6, 1192.00,1192.3,1187.31,29054,344.96,928, -, -,,2024-04-25
WELCORP, EQ, 25-Apr-2024,574.7,575.0,589.15,573.55, 575.20,576.95,581.54,602312,3502.69,26979, 228353, 37.91,0.37912742897368806,2024-04-25
WELENT, EQ, 25-Apr-2024,350.35,350.0,350.0,342.55, 346.20,345.75,346.49,139076,481.89,6820, 86991, 62.55,0.625492536454888,2024-04-25
WELINV, EQ, 25-Apr-2024,777.65,777.65,795.1,756.05, 775.00,775.75,777.1,349,2.71,106, 207, 59.31,0.5931232091690545,2024-04-25
WELSPUNLIV, EQ, 25-Apr-2024,159.4,159.4,163.55,153.0, 155.70,155.6,158.66,6495892,10306.21,52373, 1543508, 23.76,0.23761294060923427,2024-04-25
WENDT, EQ, 25-Apr-2024,12714.7,12714.7,13207.35,12683.25, 12900.00,12993.8,12976.52,1137,147.54,611, 596, 52.42,0.5241864555848724,2024-04-25
WESTLIFE, EQ, 25-Apr-2024,819.45,821.0,829.0,812.1, 824.95,822.8,819.93,24015,196.91,3405, 12928, 53.83,0.5383302102852384,2024-04-25
WEWIN, BE, 25-Apr-2024,87.5,83.55,88.4,83.55, 85.00,85.7,85.62,14865,12.73,123, -, -,,2024-04-25
WHEELS, EQ, 25-Apr-2024,595.85,596.35,599.75,577.0, 582.00,579.65,583.72,130204,760.03,11244, 81450, 62.56,0.6255568185309207,2024-04-25
WHIRLPOOL, EQ, 25-Apr-2024,1553.35,1529.95,1540.9,1471.95, 1517.00,1517.1,1505.29,199540,3003.66,24431, 58021, 29.08,0.2907737796932946,2024-04-25
WILLAMAGOR, EQ, 25-Apr-2024,36.5,36.5,36.9,35.15, 35.50,35.5,35.89,9996,3.59,126, 6577, 65.80,0.6579631852741097,2024-04-25
WINDLAS, EQ, 25-Apr-2024,560.25,563.0,564.95,545.05, 550.80,549.3,552.73,34210,189.09,3241, 14757, 43.14,0.43136509792458344,2024-04-25
WINDMACHIN, EQ, 25-Apr-2024,91.2,90.0,92.4,87.6, 88.70,88.15,89.78,168008,150.84,2384, 75773, 45.10,0.4510082853197467,2024-04-25
WINSOME, BE, 25-Apr-2024,3.7,3.7,3.75,3.65, 3.75,3.7,3.73,28308,1.05,101, -, -,,2024-04-25
WIPL, EQ, 25-Apr-2024,157.75,156.15,156.15,150.0, 150.95,150.95,151.51,5173,7.84,40, 5024, 97.12,0.9711965977189252,2024-04-25
WIPRO, EQ, 25-Apr-2024,459.9,458.9,462.55,455.8, 461.65,461.0,460.46,5902545,27179.01,111925, 2074435, 35.14,0.35144755355528845,2024-04-25
WOCKPHARMA, BE, 25-Apr-2024,568.2,568.2,575.0,562.0, 572.00,570.65,570.16,106353,606.38,1801, -, -,,2024-04-25
WONDERLA, EQ, 25-Apr-2024,1003.9,1007.0,1011.5,991.95, 993.05,995.25,998.87,42311,422.63,7694, 22338, 52.79,0.52794781498901,2024-04-25
WORTH, EQ, 25-Apr-2024,113.25,113.7,114.95,112.75, 114.00,113.85,113.79,8665,9.86,130, 7348, 84.80,0.8480092325447202,2024-04-25
WSI, EQ, 25-Apr-2024,154.25,154.25,155.4,149.7, 152.00,151.15,151.68,122040,185.11,5507, 59903, 49.08,0.4908472631923959,2024-04-25
WSTCSTPAPR, EQ, 25-Apr-2024,625.1,627.5,633.7,621.0, 627.90,627.1,628.22,96320,605.1,5721, 46737, 48.52,0.48522632890365447,2024-04-25
XCHANGING, EQ, 25-Apr-2024,123.9,123.85,124.55,122.5, 123.00,122.8,123.32,108965,134.38,1988, 67667, 62.10,0.6209975680264305,2024-04-25
XELPMOC, BE, 25-Apr-2024,148.6,155.65,155.8,146.0, 149.90,149.55,152.73,105198,160.67,1063, -, -,,2024-04-25
XPROINDIA, EQ, 25-Apr-2024,1096.65,1096.65,1105.0,1082.25, 1105.00,1099.15,1094.21,14634,160.13,2030, 8465, 57.84,0.5784474511411781,2024-04-25
YAARI, BE, 25-Apr-2024,11.8,12.0,12.0,11.65, 11.65,11.65,11.96,88623,10.6,116, -, -,,2024-04-25
YASHO, EQ, 25-Apr-2024,1891.8,1891.8,1905.0,1865.25, 1899.85,1890.15,1894.51,8309,157.41,1602, 3026, 36.42,0.36418341557347456,2024-04-25
YATHARTH, EQ, 25-Apr-2024,444.65,447.95,454.0,436.5, 444.00,447.45,446.17,131589,587.11,6494, 70884, 53.87,0.5386772450584776,2024-04-25
YATRA, EQ, 25-Apr-2024,148.55,146.35,149.4,145.95, 148.20,147.45,147.62,48480,71.57,1813, 23776, 49.04,0.4904290429042904,2024-04-25
YESBANK, EQ, 25-Apr-2024,25.45,25.45,26.3,25.25, 25.95,25.95,25.76,222135067,57227.27,142256, 61758969, 27.80,0.2780244012531349,2024-04-25
YUKEN, EQ, 25-Apr-2024,1180.65,1178.0,1343.0,1173.15, 1280.00,1280.35,1280.23,312234,3997.32,14743, 137850, 44.15,0.44149580122600357,2024-04-25
ZAGGLE, EQ, 25-Apr-2024,296.5,294.8,304.7,292.0, 298.00,297.45,298.93,4029044,12044.15,54147, 1479017, 36.71,0.3670888180918352,2024-04-25
ZEEL, EQ, 25-Apr-2024,140.1,141.25,145.0,140.8, 142.90,142.7,142.91,24465317,34964.56,84807, 7431449, 30.38,0.30375445370276627,2024-04-25
ZEELEARN, BE, 25-Apr-2024,6.3,6.25,6.25,6.2, 6.20,6.2,6.2,103553,6.42,128, -, -,,2024-04-25
ZEEMEDIA, EQ, 25-Apr-2024,11.05,11.1,11.3,11.0, 11.05,11.1,11.15,3570754,398.07,3092, 1015822, 28.45,0.28448389331776985,2024-04-25
ZENITHEXPO, EQ, 25-Apr-2024,181.25,181.3,185.6,175.0, 175.25,179.4,180.24,503,0.91,58, 307, 61.03,0.610337972166998,2024-04-25
ZENITHSTL, EQ, 25-Apr-2024,8.25,8.25,8.45,8.05, 8.25,8.15,8.23,320950,26.41,689, 206598, 64.37,0.6437077426390404,2024-04-25
ZENSARTECH, EQ, 25-Apr-2024,581.05,581.1,583.35,571.5, 575.40,574.7,577.39,415059,2396.53,18823, 210192, 50.64,0.5064147506740005,2024-04-25
ZENTEC, EQ, 25-Apr-2024,1004.4,1007.0,1035.0,1007.0, 1026.00,1023.5,1021.26,168291,1718.69,8398, 110455, 65.63,0.6563333749279522,2024-04-25
ZFCVINDIA, EQ, 25-Apr-2024,13867.35,13868.0,14271.25,13868.0, 14000.00,13988.4,14116.26,4286,605.02,2347, 1780, 41.53,0.4153056462902473,2024-04-25
ZIMLAB, EQ, 25-Apr-2024,121.95,120.6,128.7,119.55, 123.85,124.4,123.81,1352894,1675.02,14812, 453155, 33.50,0.334952331816092,2024-04-25
ZODIAC, BE, 25-Apr-2024,575.3,563.8,563.8,563.8, 563.80,563.8,563.8,36477,205.66,1218, -, -,,2024-04-25
ZODIACLOTH, EQ, 25-Apr-2024,117.7,117.0,121.45,117.0, 118.55,118.95,119.75,26461,31.69,522, 9125, 34.48,0.3448471335172518,2024-04-25
ZOMATO, EQ, 25-Apr-2024,184.4,184.0,188.9,182.5, 184.65,184.7,185.17,38839521,71917.26,164901, 26963092, 69.42,0.6942179333262117,2024-04-25
ZOTA, EQ, 25-Apr-2024,492.5,488.0,495.1,484.0, 484.00,486.4,488.0,6971,34.02,508, 4911, 70.45,0.7044900301248027,2024-04-25
ZUARI, EQ, 25-Apr-2024,197.95,197.0,199.95,195.1, 195.30,195.85,197.44,176517,348.52,6181, 96488, 54.66,0.5466215718599342,2024-04-25
ZUARIIND, EQ, 25-Apr-2024,357.1,357.65,362.7,341.2, 356.90,355.1,354.44,109071,386.59,8175, 55393, 50.79,0.5078618514545571,2024-04-25
ZYDUSLIFE, EQ, 25-Apr-2024,933.5,935.15,954.85,925.4, 953.00,951.25,937.47,1455928,13648.83,54886, 785509, 53.95,0.5395246193493085,2024-04-25
ZYDUSWELL, EQ, 25-Apr-2024,1651.5,1650.0,1680.0,1630.75, 1678.50,1671.4,1657.98,101318,1679.83,9052, 82227, 81.16,0.8115734617738211,2024-04-25
