SYMBOL,SERIES,DATE1,PREV_CLOSE,OPEN_PRICE,HIGH_PRICE,LOW_PRICE,LAST_PRICE,CLOSE_PRICE,AVG_PRICE,TTL_TRD_QNTY,TURNOVER_LACS,NO_OF_TRADES,DELIV_QTY,DELIV_PER,DELIVERY_PCT,DATE
20MICRONS, EQ, 23-Sep-2025,228.35,228.5,232.0,225.25,226.31,226.24,227.69,73388,167.09,1623, 41932, 57.14,0.5713740666048945,2025-09-23
21STCENMGM, EQ, 23-Sep-2025,52.51,53.39,53.4,51.55,53.0,52.87,53.01,4423,2.34,127, 3526, 79.72,0.7971964729821388,2025-09-23
360ONE, EQ, 23-Sep-2025,1050.4,1048.0,1053.3,1015.4,1017.9,1019.6,1030.76,1808589,18642.17,53927, 1344267, 74.33,0.7432683710892857,2025-09-23
3IINFOLTD, EQ, 23-Sep-2025,24.31,24.3,24.6,24.3,24.47,24.38,24.47,199736,48.88,1504, 145811, 73.00,0.7300186245844514,2025-09-23
3MINDIA, EQ, 23-Sep-2025,29975.0,30000.0,30085.0,29780.0,29790.0,29835.0,29869.18,3373,1007.49,1586, 2359, 69.94,0.6993774088348651,2025-09-23
3PLAND, EQ, 23-Sep-2025,46.29,46.8,46.8,44.51,45.4,45.47,45.51,3932,1.79,150, 2537, 64.52,0.6452187182095626,2025-09-23
5PAISA, EQ, 23-Sep-2025,363.2,360.05,365.45,360.0,360.0,361.25,362.04,8000,28.96,947, 4351, 54.39,0.543875,2025-09-23
63MOONS, EQ, 23-Sep-2025,915.5,918.75,938.9,914.2,925.3,925.85,928.53,90286,838.34,4708, 39519, 43.77,0.43770905788272824,2025-09-23
A2ZINFRA, BE, 23-Sep-2025,18.2,18.1,18.1,18.0,18.0,18.0,18.05,54173,9.78,66, -, -,,2025-09-23
AAATECH, EQ, 23-Sep-2025,78.91,78.01,81.5,78.0,79.99,79.84,79.79,35245,28.12,506, 23668, 67.15,0.6715278762945098,2025-09-23
AADHARHFC, EQ, 23-Sep-2025,527.55,529.9,538.5,522.55,534.9,535.35,532.05,379297,2018.03,11969, 153210, 40.39,0.4039314837712927,2025-09-23
AAKASH, BE, 23-Sep-2025,9.98,10.0,10.08,9.81,9.99,9.92,9.92,61468,6.1,274, -, -,,2025-09-23
AAREYDRUGS, BE, 23-Sep-2025,79.29,79.0,80.8,78.1,78.1,78.69,79.57,26242,20.88,238, -, -,,2025-09-23
AARON, EQ, 23-Sep-2025,189.6,189.7,196.6,189.7,196.6,194.67,193.25,21540,41.63,1111, 12663, 58.79,0.5878830083565459,2025-09-23
AARTECH, EQ, 23-Sep-2025,54.99,55.0,55.66,54.05,54.4,54.28,54.62,53955,29.47,740, 40583, 75.22,0.7521638402372347,2025-09-23
AARTIDRUGS, EQ, 23-Sep-2025,520.25,520.25,522.2,505.0,512.7,515.85,513.3,161536,829.16,7816, 69696, 43.15,0.4314580031695721,2025-09-23
AARTIIND, EQ, 23-Sep-2025,389.6,388.05,391.2,385.0,387.0,386.55,387.91,437684,1697.84,16108, 154807, 35.37,0.35369581707350506,2025-09-23
AARTIPHARM, EQ, 23-Sep-2025,900.0,900.0,903.9,868.0,874.4,871.65,882.51,173830,1534.07,12860, 75644, 43.52,0.43516078927687973,2025-09-23
AARTISURF, EQ, 23-Sep-2025,484.85,486.6,489.95,475.05,477.85,478.05,481.9,8393,40.45,400, 6500, 77.45,0.7744549028952699,2025-09-23
AARVEEDEN, BE, 23-Sep-2025,169.3,165.5,171.98,164.23,165.94,165.52,166.26,16458,27.36,173, -, -,,2025-09-23
AARVI, EQ, 23-Sep-2025,124.4,123.55,126.99,123.55,126.54,126.11,125.31,7522,9.43,270, 4445, 59.09,0.5909332624302047,2025-09-23
AAVAS, EQ, 23-Sep-2025,1679.3,1679.3,1686.0,1653.1,1660.0,1655.4,1661.56,58773,976.55,9549, 38884, 66.16,0.6615963112313478,2025-09-23
ABAN, BE, 23-Sep-2025,43.88,43.15,43.99,42.95,43.48,43.45,43.16,50544,21.81,387, -, -,,2025-09-23
ABB, EQ, 23-Sep-2025,5362.8,5360.2,5375.4,5285.0,5303.8,5298.7,5309.52,167342,8885.05,19058, 106490, 63.64,0.6363614633505038,2025-09-23
ABBOTINDIA, EQ, 23-Sep-2025,30195.0,30340.0,30440.0,30100.0,30250.0,30225.0,30253.31,5182,1567.73,2273, 2918, 56.31,0.563103049015824,2025-09-23
ABCAPITAL, EQ, 23-Sep-2025,288.15,288.9,292.1,285.45,291.9,291.45,288.82,5157975,14897.19,39733, 2918239, 56.58,0.5657722265036181,2025-09-23
ABDL, EQ, 23-Sep-2025,541.0,540.9,542.95,530.5,532.0,531.7,534.74,303516,1623.03,8562, 184611, 60.82,0.608241410666983,2025-09-23
ABFRL, EQ, 23-Sep-2025,93.48,93.21,93.43,90.85,92.15,92.03,91.86,6807741,6253.35,32724, 2350154, 34.52,0.34521789239631767,2025-09-23
ABGSEC, EQ, 23-Sep-2025,110.57,110.11,110.84,110.11,110.84,110.22,110.22,33,0.04,2, 28, 84.85,0.8484848484848485,2025-09-23
ABINFRA, EQ, 23-Sep-2025,190.35,188.82,199.86,187.0,187.0,188.45,190.99,228912,437.19,949, 144600, 63.17,0.6316837911511848,2025-09-23
ABLBL, EQ, 23-Sep-2025,142.62,143.89,143.89,139.77,140.0,140.0,141.24,657624,928.82,10998, 408037, 62.05,0.6204715764631461,2025-09-23
ABMINTLLTD, BE, 23-Sep-2025,41.87,41.87,41.87,41.86,41.87,41.87,41.87,409,0.17,11, -, -,,2025-09-23
ABREL, EQ, 23-Sep-2025,1893.7,1895.0,1907.4,1820.1,1844.8,1846.9,1858.36,76095,1414.12,12261, 30137, 39.60,0.39604441816150865,2025-09-23
ABSLAMC, EQ, 23-Sep-2025,812.1,812.1,815.3,802.55,812.0,810.75,808.68,258695,2092.02,16396, 146836, 56.76,0.5676027754691818,2025-09-23
ABSLBANETF, EQ, 23-Sep-2025,56.29,56.0,56.87,55.99,56.64,56.71,56.62,24039,13.61,532, 4240, 17.64,0.17638004908690044,2025-09-23
ABSLLIQUID, EQ, 23-Sep-2025,999.99,999.99,1000.01,999.99,1000.01,1000.01,1000.0,1407,14.07,12, 873, 62.05,0.6204690831556503,2025-09-23
ABSLNN50ET, EQ, 23-Sep-2025,73.07,73.08,73.78,72.41,72.66,72.73,72.95,7902,5.76,216, 4492, 56.85,0.5684636800809921,2025-09-23
ABSLPSE, EQ, 23-Sep-2025,10.09,10.18,10.18,10.0,10.1,10.1,10.09,206105,20.79,457, 123968, 60.15,0.6014798282428859,2025-09-23
ACC, EQ, 23-Sep-2025,1882.1,1896.8,1910.0,1876.0,1880.0,1878.6,1886.2,204617,3859.5,13758, 99355, 48.56,0.48556571545863736,2025-09-23
ACCELYA, EQ, 23-Sep-2025,1498.6,1509.9,1515.7,1484.0,1494.0,1495.0,1492.87,24322,363.1,2557, 11972, 49.22,0.4922292574623797,2025-09-23
ACCURACY, EQ, 23-Sep-2025,7.25,7.44,7.44,7.2,7.29,7.28,7.29,66721,4.87,474, 51343, 76.95,0.7695178429579892,2025-09-23
ACE, EQ, 23-Sep-2025,1146.3,1154.0,1167.0,1144.0,1156.5,1155.4,1153.65,197555,2279.1,13737, 68525, 34.69,0.3468654298802865,2025-09-23
ACEINTEG, EQ, 23-Sep-2025,25.76,26.49,26.49,25.3,25.49,25.55,25.77,8209,2.12,101, 5185, 63.16,0.6316238275063955,2025-09-23
ACI, EQ, 23-Sep-2025,705.2,702.7,714.9,690.5,706.0,707.45,701.98,129236,907.21,8298, 50583, 39.14,0.3914002290383484,2025-09-23
ACL, BE, 23-Sep-2025,94.16,92.27,92.27,92.27,92.27,92.27,92.27,1172,1.08,31, -, -,,2025-09-23
ACLGATI, EQ, 23-Sep-2025,61.84,62.37,62.6,60.59,60.61,60.7,61.36,286519,175.82,2228, 203101, 70.89,0.7088570042475368,2025-09-23
ACMESOLAR, EQ, 23-Sep-2025,298.0,305.0,305.8,282.4,289.5,287.55,292.24,1642296,4799.41,32038, 728457, 44.36,0.4435601134022125,2025-09-23
ACUTAAS, EQ, 23-Sep-2025,1460.3,1455.0,1471.4,1431.1,1453.0,1450.1,1451.03,167791,2434.71,17251, 105343, 62.78,0.6278227080117527,2025-09-23
ADANIENSOL, EQ, 23-Sep-2025,937.4,941.5,949.2,915.05,926.0,925.1,930.17,4308383,40075.14,80897, 792650, 18.40,0.18397853672712014,2025-09-23
ADANIENT, EQ, 23-Sep-2025,2629.5,2642.6,2695.0,2593.0,2666.0,2676.4,2665.79,5610022,149551.5,167336, 2036966, 36.31,0.36309411977350536,2025-09-23
ADANIGREEN, EQ, 23-Sep-2025,1152.15,1164.0,1177.3,1120.8,1131.0,1131.45,1145.88,14163567,162297.54,260677, 1998778, 14.11,0.14112108905899198,2025-09-23
ADANIPORTS, EQ, 23-Sep-2025,1444.2,1453.0,1455.0,1423.1,1438.8,1441.6,1441.37,2550337,36759.7,72812, 861075, 33.76,0.3376318502221471,2025-09-23
ADANIPOWER, EQ, 23-Sep-2025,170.25,179.9,182.7,160.25,163.3,162.35,166.13,192595137,319952.54,780922, 39175642, 20.34,0.20340929999701912,2025-09-23
ADFFOODS, EQ, 23-Sep-2025,230.41,231.35,231.49,226.43,228.6,227.51,228.02,47926,109.28,1993, 32614, 68.05,0.6805074489838501,2025-09-23
ADL, EQ, 23-Sep-2025,84.28,84.7,87.99,83.4,87.99,87.68,86.55,295,0.26,14, 209, 70.85,0.7084745762711865,2025-09-23
ADOR, EQ, 23-Sep-2025,1013.95,1019.3,1019.3,996.0,1005.0,1015.45,1012.0,10139,102.61,680, 8553, 84.36,0.8435743169937864,2025-09-23
ADROITINFO, EQ, 23-Sep-2025,10.78,10.83,11.38,10.83,11.0,10.97,10.97,32021,3.51,286, 23869, 74.54,0.7454170700477811,2025-09-23
ADSL, EQ, 23-Sep-2025,196.82,197.0,203.99,196.01,200.9,200.93,200.16,609701,1220.4,12243, 173347, 28.43,0.2843147706826789,2025-09-23
ADVANIHOTR, EQ, 23-Sep-2025,59.83,60.49,61.5,59.57,60.06,60.69,60.16,44697,26.89,754, 31262, 69.94,0.6994205427657337,2025-09-23
ADVENZYMES, EQ, 23-Sep-2025,338.25,341.65,341.65,329.8,332.0,332.35,333.54,250385,835.14,9650, 122731, 49.02,0.4901691395251313,2025-09-23
AEGISLOG, EQ, 23-Sep-2025,772.5,774.45,786.0,773.0,781.0,782.15,780.23,215311,1679.92,14144, 57756, 26.82,0.26824453929432307,2025-09-23
AEGISVOPAK, EQ, 23-Sep-2025,248.97,249.9,251.51,243.0,246.0,247.04,247.02,888183,2193.98,18479, 589252, 66.34,0.6634353505977935,2025-09-23
AEROENTER, EQ, 23-Sep-2025,84.87,84.9,85.74,84.4,85.5,85.37,85.31,53756,45.86,566, 34569, 64.31,0.6430724012203289,2025-09-23
AEROFLEX, EQ, 23-Sep-2025,192.39,192.99,194.99,191.37,192.99,192.74,193.02,573573,1107.09,10077, 229389, 39.99,0.3999299130189183,2025-09-23
AERONEU, EQ, 23-Sep-2025,99.37,100.01,102.0,98.04,100.0,100.49,99.88,17755,17.73,522, 9104, 51.28,0.512756969867643,2025-09-23
AETHER, EQ, 23-Sep-2025,751.5,751.0,758.35,737.45,740.75,740.9,742.65,77629,576.51,4899, 39867, 51.36,0.5135580775225753,2025-09-23
AFCONS, EQ, 23-Sep-2025,459.2,459.2,460.0,452.1,454.6,455.35,455.24,280274,1275.91,8827, 151780, 54.15,0.5415414915404212,2025-09-23
AFFLE, EQ, 23-Sep-2025,2146.7,2146.7,2150.2,2070.0,2083.5,2084.2,2108.01,168647,3555.09,17571, 72917, 43.24,0.43236464330821184,2025-09-23
AFFORDABLE, EQ, 23-Sep-2025,249.75,254.5,254.5,246.0,251.0,249.5,249.46,381820,952.51,2565, 347705, 91.07,0.910651615944686,2025-09-23
AFIL, EQ, 23-Sep-2025,7.99,8.0,8.12,7.81,7.98,7.92,8.0,2862904,229.0,1945, 1850416, 64.63,0.6463423153553175,2025-09-23
AFSL, EQ, 23-Sep-2025,211.6,210.25,212.0,209.0,211.94,210.79,210.71,5985,12.61,290, 4168, 69.64,0.6964076858813701,2025-09-23
AGARIND, EQ, 23-Sep-2025,956.55,951.15,970.8,945.0,959.8,959.85,956.27,33983,324.97,3315, 13534, 39.83,0.3982579525056646,2025-09-23
AGARWALEYE, EQ, 23-Sep-2025,455.4,455.4,463.2,451.85,460.05,460.5,459.72,281295,1293.16,9253, 245771, 87.37,0.8737126504203772,2025-09-23
AGI, EQ, 23-Sep-2025,827.65,838.0,874.4,838.0,864.0,862.1,862.84,539803,4657.61,47036, 136719, 25.33,0.2532757320726265,2025-09-23
AGIIL, EQ, 23-Sep-2025,1204.1,1207.0,1210.0,1143.6,1189.5,1187.5,1172.34,1768704,20735.28,36312, 819527, 46.33,0.4633488701331597,2025-09-23
AGRITECH, EQ, 23-Sep-2025,137.71,136.01,141.06,136.01,139.02,139.08,139.68,12878,17.99,246, 7280, 56.53,0.5653051716104985,2025-09-23
AGROPHOS, BE, 23-Sep-2025,44.06,45.21,45.21,45.21,45.21,45.21,45.21,63311,28.62,103, -, -,,2025-09-23
AGSTRA, BE, 23-Sep-2025,4.19,4.11,4.12,4.1,4.12,4.12,4.11,432463,17.77,428, -, -,,2025-09-23
AHCL, EQ, 23-Sep-2025,140.12,140.98,142.87,135.0,140.0,140.55,138.67,611160,847.49,5076, 252155, 41.26,0.41258426598599385,2025-09-23
AHLADA, EQ, 23-Sep-2025,60.78,62.0,72.0,59.15,65.84,65.46,67.39,329381,221.97,2839, 168059, 51.02,0.5102267586776408,2025-09-23
AHLEAST, EQ, 23-Sep-2025,153.04,154.69,156.89,149.71,156.74,153.9,153.4,2050,3.14,118, 1336, 65.17,0.6517073170731708,2025-09-23
AHLUCONT, EQ, 23-Sep-2025,1003.8,1003.8,1031.0,993.15,1015.0,1012.8,1015.54,55951,568.21,6585, 24345, 43.51,0.43511286661543136,2025-09-23
AIAENG, EQ, 23-Sep-2025,3049.8,3051.0,3066.2,3034.0,3051.0,3055.7,3046.23,130583,3977.86,16608, 102482, 78.48,0.7848035349164899,2025-09-23
AIIL, EQ, 23-Sep-2025,3035.1,3030.0,3075.0,2978.4,3001.5,3014.9,3015.34,230539,6951.53,12050, 122000, 52.92,0.5291946265057106,2025-09-23
AIRAN, EQ, 23-Sep-2025,26.12,26.68,26.68,25.33,25.7,25.7,25.87,102349,26.47,888, 39994, 39.08,0.3907610235566542,2025-09-23
AIROLAM, EQ, 23-Sep-2025,108.93,109.01,111.98,108.75,110.95,109.19,110.09,703,0.77,37, 556, 79.09,0.7908961593172119,2025-09-23
AJANTPHARM, EQ, 23-Sep-2025,2539.2,2539.0,2578.8,2529.0,2540.5,2544.9,2548.23,42742,1089.16,6988, 18987, 44.42,0.4442234804173881,2025-09-23
AJAXENGG, EQ, 23-Sep-2025,658.45,656.05,669.0,655.0,659.0,656.5,661.16,61112,404.05,5282, 29119, 47.65,0.4764857965702317,2025-09-23
AJMERA, EQ, 23-Sep-2025,1028.2,1032.0,1079.0,1027.0,1079.0,1073.7,1055.93,141408,1493.18,10850, 60481, 42.77,0.42770564607377237,2025-09-23
AJOONI, EQ, 23-Sep-2025,5.44,5.41,5.5,5.33,5.4,5.36,5.41,378047,20.44,763, 254373, 67.29,0.6728607818604565,2025-09-23
AKASH, EQ, 23-Sep-2025,31.25,31.73,32.75,31.04,31.04,31.64,31.66,13668,4.33,134, 7978, 58.37,0.583699151302312,2025-09-23
AKG, EQ, 23-Sep-2025,12.43,12.38,12.9,12.36,12.59,12.54,12.54,35852,4.5,120, 26571, 74.11,0.7411302019413143,2025-09-23
AKI, BE, 23-Sep-2025,10.04,10.48,10.48,9.53,9.9,9.88,9.87,118946,11.74,269, -, -,,2025-09-23
AKSHAR, EQ, 23-Sep-2025,0.58,0.59,0.59,0.57,0.58,0.57,0.58,1589350,9.18,719, 1248552, 78.56,0.7855739767829616,2025-09-23
AKSHARCHEM, EQ, 23-Sep-2025,268.4,269.25,271.45,262.2,264.0,265.4,266.0,5851,15.56,439, 4015, 68.62,0.6862074858998461,2025-09-23
AKSHOPTFBR, EQ, 23-Sep-2025,7.75,7.68,7.94,7.68,7.81,7.83,7.84,101880,7.98,367, 67339, 66.10,0.6609638790734197,2025-09-23
AKUMS, EQ, 23-Sep-2025,475.25,474.5,476.85,467.0,471.9,470.65,470.74,112280,528.55,3698, 61300, 54.60,0.5459565372283577,2025-09-23
AKZOINDIA, EQ, 23-Sep-2025,3376.3,3376.3,3399.8,3376.3,3397.0,3392.7,3390.5,11706,396.89,2617, 7557, 64.56,0.6455663762173245,2025-09-23
ALANKIT, EQ, 23-Sep-2025,13.62,13.62,13.74,13.28,13.45,13.41,13.42,430531,57.76,1483, 315564, 73.30,0.7329646413382543,2025-09-23
ALBERTDAVD, EQ, 23-Sep-2025,802.6,802.0,804.1,798.0,798.05,799.6,800.47,1314,10.52,164, 934, 71.08,0.710806697108067,2025-09-23
ALEMBICLTD, EQ, 23-Sep-2025,105.11,105.3,105.89,103.6,104.75,104.33,104.53,184535,192.89,4381, 96679, 52.39,0.5239060340856748,2025-09-23
ALICON, EQ, 23-Sep-2025,867.9,872.5,935.0,860.8,910.1,918.9,909.42,32941,299.57,3763, 19379, 58.83,0.5882942230047661,2025-09-23
ALIVUS, EQ, 23-Sep-2025,1002.95,998.0,1002.8,966.05,980.7,983.25,982.8,121703,1196.1,13903, 37024, 30.42,0.3042160012489421,2025-09-23
ALKALI, EQ, 23-Sep-2025,96.35,98.49,98.49,94.91,95.5,95.9,96.84,46245,44.78,613, 27998, 60.54,0.6054276137960861,2025-09-23
ALKEM, EQ, 23-Sep-2025,5495.0,5549.0,5577.5,5500.0,5570.5,5544.5,5543.08,240178,13313.25,27994, 172665, 71.89,0.7189043126347958,2025-09-23
ALKYLAMINE, EQ, 23-Sep-2025,2028.0,2028.0,2039.9,2012.1,2029.9,2024.4,2023.46,15385,311.31,3427, 9519, 61.87,0.6187195320116997,2025-09-23
ALLCARGO, EQ, 23-Sep-2025,32.74,32.75,33.64,32.75,32.95,32.95,33.1,2787332,922.58,15331, 967430, 34.71,0.34708100793159913,2025-09-23
ALLDIGI, EQ, 23-Sep-2025,923.35,927.95,928.0,920.1,925.5,924.45,923.08,2218,20.47,703, 1415, 63.80,0.6379621280432822,2025-09-23
ALLTIME, EQ, 23-Sep-2025,282.65,281.3,283.75,279.55,280.85,281.6,281.39,159887,449.91,7015, 71865, 44.95,0.44947369079412336,2025-09-23
ALMONDZ, EQ, 23-Sep-2025,19.96,19.82,20.25,19.7,19.9,19.73,19.9,99551,19.81,492, 83182, 83.56,0.835571717009372,2025-09-23
ALOKINDS, EQ, 23-Sep-2025,18.45,18.45,18.49,18.23,18.32,18.3,18.34,4202719,770.98,11185, 1665001, 39.62,0.3961723351002054,2025-09-23
ALPA, EQ, 23-Sep-2025,94.17,95.0,95.0,93.38,94.9,94.72,94.11,6557,6.17,199, 4605, 70.23,0.7023028824157389,2025-09-23
ALPHA, EQ, 23-Sep-2025,49.34,48.95,49.9,48.95,49.25,49.29,49.32,786133,387.7,2759, 452886, 57.61,0.5760933582485407,2025-09-23
ALPHAETF, EQ, 23-Sep-2025,25.37,25.49,25.6,25.06,25.17,25.18,25.18,423293,106.57,1264, 263116, 62.16,0.6215930809155833,2025-09-23
ALPHAGEO, EQ, 23-Sep-2025,256.47,254.02,259.18,249.01,250.0,249.73,252.37,9393,23.7,569, 6296, 67.03,0.6702863834770574,2025-09-23
ALPL30IETF, EQ, 23-Sep-2025,27.71,27.72,27.86,27.45,27.57,27.52,27.55,301715,83.11,1428, 177401, 58.80,0.5879754072551912,2025-09-23
ALPSINDUS, BE, 23-Sep-2025,1.81,1.81,1.81,1.73,1.81,1.75,1.76,5961,0.1,28, -, -,,2025-09-23
AMANTA, EQ, 23-Sep-2025,143.77,148.15,154.4,145.2,146.8,146.82,150.21,1591935,2391.3,11015, 634377, 39.85,0.39849428525662167,2025-09-23
AMBER, EQ, 23-Sep-2025,8310.5,8265.0,8345.0,8222.5,8302.0,8300.5,8294.84,243736,20217.52,27178, 116441, 47.77,0.47773410575376635,2025-09-23
AMBICAAGAR, EQ, 23-Sep-2025,25.41,25.7,25.89,24.5,25.69,25.62,25.4,32875,8.35,447, 20367, 61.95,0.6195285171102661,2025-09-23
AMBIKCO, EQ, 23-Sep-2025,1479.3,1479.3,1486.8,1455.0,1456.0,1463.5,1472.51,7950,117.06,975, 4666, 58.69,0.5869182389937107,2025-09-23
AMBUJACEM, EQ, 23-Sep-2025,590.3,591.95,594.65,579.15,589.0,591.6,588.38,2989117,17587.33,46786, 1424954, 47.67,0.47671402624922343,2025-09-23
AMDIND, EQ, 23-Sep-2025,63.83,63.82,64.8,60.2,60.6,61.42,62.48,110765,69.21,1915, 49516, 44.70,0.4470365187559247,2025-09-23
AMJLAND, EQ, 23-Sep-2025,56.75,57.57,57.7,55.52,56.3,56.7,56.73,52765,29.93,699, 30862, 58.49,0.5848952904387378,2025-09-23
AMNPLST, EQ, 23-Sep-2025,227.65,226.48,228.64,225.5,225.5,225.54,226.52,3323,7.53,143, 2428, 73.07,0.7306650616912429,2025-09-23
AMRUTANJAN, EQ, 23-Sep-2025,759.4,762.4,765.4,752.2,756.2,757.4,756.45,13890,105.07,3451, 6987, 50.30,0.5030237580993521,2025-09-23
ANANDRATHI, EQ, 23-Sep-2025,3033.0,3046.0,3046.0,2951.5,2970.0,2973.0,2998.79,78208,2345.29,13153, 43399, 55.49,0.554917655482815,2025-09-23
ANANTRAJ, EQ, 23-Sep-2025,677.6,678.95,684.0,662.7,665.85,666.2,670.2,5072389,33994.93,80582, 1408319, 27.76,0.2776441239029578,2025-09-23
ANDHRAPAP, EQ, 23-Sep-2025,80.19,80.5,80.61,79.19,79.33,79.63,79.94,296200,236.8,1474, 247428, 83.53,0.8353409858203916,2025-09-23
ANDHRSUGAR, EQ, 23-Sep-2025,76.58,76.59,77.29,76.02,76.55,76.24,76.57,74860,57.32,1148, 36854, 49.23,0.4923056371894203,2025-09-23
ANGELONE, EQ, 23-Sep-2025,2248.0,2240.0,2256.0,2182.1,2228.0,2227.9,2218.62,806750,17898.68,44264, 181671, 22.52,0.22518872017353578,2025-09-23
ANIKINDS, EQ, 23-Sep-2025,70.03,71.98,72.7,67.25,68.0,68.6,69.48,50363,34.99,558, 36041, 71.56,0.7156245656533566,2025-09-23
ANKITMETAL, BZ, 23-Sep-2025,1.94,1.9,1.99,1.85,1.99,1.99,1.95,27043,0.53,42, -, -,,2025-09-23
ANMOL, EQ, 23-Sep-2025,15.89,15.89,16.08,15.8,15.95,15.93,15.91,16333,2.6,144, 14338, 87.79,0.8778546500948999,2025-09-23
ANSALAPI, BZ, 23-Sep-2025,4.82,4.72,4.86,4.72,4.75,4.75,4.78,6137,0.29,26, -, -,,2025-09-23
ANTELOPUS, EQ, 23-Sep-2025,563.15,561.3,579.95,561.3,569.0,566.5,571.34,19429,111.01,793, 13473, 69.34,0.6934479386484121,2025-09-23
ANTGRAPHIC, EQ, 23-Sep-2025,1.1,1.1,1.11,1.08,1.09,1.08,1.09,136944,1.49,296, 122039, 89.12,0.8911598901740858,2025-09-23
ANTHEM, EQ, 23-Sep-2025,831.25,838.95,838.95,806.0,819.0,821.85,818.28,608762,4981.41,28915, 307945, 50.59,0.5058545047161288,2025-09-23
ANUHPHR, EQ, 23-Sep-2025,85.85,86.29,87.08,86.1,86.86,86.53,86.47,25866,22.37,759, 17250, 66.69,0.666898631408026,2025-09-23
ANUP, EQ, 23-Sep-2025,2493.5,2480.9,2483.6,2422.7,2451.9,2446.6,2443.7,39158,956.9,8224, 16278, 41.57,0.41570049542877574,2025-09-23
ANURAS, EQ, 23-Sep-2025,1081.3,1076.0,1115.0,1076.0,1115.0,1093.2,1092.14,874487,9550.61,14385, 504975, 57.75,0.5774528380639163,2025-09-23
AONEGOLD, EQ, 23-Sep-2025,10.48,10.74,10.74,10.53,10.7,10.7,10.65,507047,53.99,1281, 467276, 92.16,0.9215634842529391,2025-09-23
AONELIQUID, EQ, 23-Sep-2025,1026.5,1026.67,1026.67,1026.65,1026.67,1026.66,1026.65,10080,103.49,179, 8803, 87.33,0.8733134920634921,2025-09-23
AONENIFTY, EQ, 23-Sep-2025,10.3,10.35,10.38,10.25,10.3,10.3,10.3,162756,16.76,1264, 107918, 66.31,0.6630661849639952,2025-09-23
AONETOTAL, EQ, 23-Sep-2025,11.85,11.91,11.93,11.82,11.88,11.82,11.85,1105607,131.02,2049, 749124, 67.76,0.6775680689431236,2025-09-23
APARINDS, EQ, 23-Sep-2025,8715.5,8725.0,8766.0,8655.0,8661.0,8676.0,8701.53,23495,2044.43,5862, 7404, 31.51,0.3151308789104065,2025-09-23
APCL, BE, 23-Sep-2025,139.9,139.9,142.27,136.79,138.2,138.36,138.54,1521,2.11,41, -, -,,2025-09-23
APCOTEXIND, EQ, 23-Sep-2025,411.55,411.55,414.95,405.0,406.25,406.5,409.84,18948,77.66,3225, 3952, 20.86,0.20857082541693053,2025-09-23
APEX, EQ, 23-Sep-2025,240.46,241.8,241.8,234.11,234.66,235.4,236.63,56423,133.51,2101, 24948, 44.22,0.4421601120110593,2025-09-23
APLAPOLLO, EQ, 23-Sep-2025,1679.3,1676.0,1694.9,1665.2,1682.0,1683.0,1681.1,433903,7294.34,25897, 271201, 62.50,0.6250267917022929,2025-09-23
APLLTD, EQ, 23-Sep-2025,950.0,944.0,954.65,938.1,939.25,940.05,942.94,27542,259.7,3353, 16594, 60.25,0.6024980030498874,2025-09-23
APOLLO, EQ, 23-Sep-2025,332.05,332.95,341.35,320.5,338.3,338.25,332.76,6823335,22705.12,61741, 1385215, 20.30,0.2030114306273985,2025-09-23
APOLLOHOSP, EQ, 23-Sep-2025,7739.0,7725.0,7749.0,7664.5,7685.0,7684.0,7684.42,443181,34055.89,44428, 362634, 81.83,0.8182525875432386,2025-09-23
APOLLOPIPE, EQ, 23-Sep-2025,396.35,398.0,399.0,387.95,390.0,389.5,391.74,78313,306.78,2372, 53341, 68.11,0.6811257390216183,2025-09-23
APOLLOTYRE, EQ, 23-Sep-2025,486.4,486.4,497.65,486.35,489.9,489.05,491.62,2074346,10197.89,46030, 1025857, 49.45,0.49454478664600793,2025-09-23
APOLSINHOT, EQ, 23-Sep-2025,1409.8,1413.5,1443.0,1400.0,1427.0,1423.7,1419.3,1103,15.65,163, 671, 60.83,0.6083408884859474,2025-09-23
APTECHT, EQ, 23-Sep-2025,128.56,129.3,129.3,125.0,127.0,126.67,126.87,87122,110.53,3031, 52355, 60.09,0.6009389132480889,2025-09-23
APTUS, EQ, 23-Sep-2025,322.95,322.1,324.6,320.5,322.0,323.3,323.14,661607,2137.91,13364, 376791, 56.95,0.5695087869384695,2025-09-23
ARCHIDPLY, EQ, 23-Sep-2025,105.21,106.73,110.67,104.21,108.0,107.85,107.82,19583,21.12,773, 10081, 51.48,0.5147832303528571,2025-09-23
ARCHIES, EQ, 23-Sep-2025,20.19,20.75,20.8,20.1,20.62,20.33,20.39,52628,10.73,429, 33402, 63.47,0.6346811583187657,2025-09-23
ARE&M, EQ, 23-Sep-2025,1003.8,1002.9,1027.25,997.95,1008.3,1008.65,1011.01,678287,6857.52,35886, 272642, 40.20,0.40195669384788446,2025-09-23
ARENTERP, EQ, 23-Sep-2025,44.97,44.97,45.7,43.9,45.65,44.09,44.02,2888,1.27,87, 2594, 89.82,0.8981994459833795,2025-09-23
ARFIN, BE, 23-Sep-2025,46.49,44.16,48.6,44.16,47.5,47.49,47.37,1065615,504.74,779, -, -,,2025-09-23
ARIES, EQ, 23-Sep-2025,410.4,405.85,413.05,389.95,393.0,392.2,399.24,92044,367.48,3570, 45249, 49.16,0.49160184259701883,2025-09-23
ARIHANTCAP, EQ, 23-Sep-2025,108.51,110.0,113.71,106.44,107.41,107.91,109.76,503973,553.18,4632, 238278, 47.28,0.47279913804906215,2025-09-23
ARIHANTSUP, EQ, 23-Sep-2025,406.75,406.1,411.7,397.3,404.0,403.4,401.14,159826,641.13,1555, 136689, 85.52,0.8552363194974535,2025-09-23
ARISINFRA, EQ, 23-Sep-2025,170.48,171.0,171.66,161.0,162.61,162.99,164.51,1496836,2462.51,18771, 773854, 51.70,0.5169931776093039,2025-09-23
ARKADE, EQ, 23-Sep-2025,179.65,180.0,180.13,177.1,177.74,178.0,178.26,531306,947.08,6824, 166088, 31.26,0.3126032832303795,2025-09-23
ARMANFIN, EQ, 23-Sep-2025,1451.0,1465.5,1465.5,1436.9,1456.5,1454.2,1452.13,19426,282.09,2250, 12762, 65.70,0.6569545969319469,2025-09-23
AROGRANITE, EQ, 23-Sep-2025,38.81,39.0,40.42,37.55,39.74,39.04,38.91,100495,39.1,1026, 28777, 28.64,0.28635255485347527,2025-09-23
ARROWGREEN, EQ, 23-Sep-2025,568.45,568.45,568.45,558.0,562.0,559.9,561.17,10217,57.33,941, 6305, 61.71,0.6171087403347362,2025-09-23
ARSHIYA, BZ, 23-Sep-2025,1.93,1.97,1.97,1.87,1.89,1.89,1.89,49519,0.94,99, -, -,,2025-09-23
ARTEMISMED, EQ, 23-Sep-2025,247.18,247.0,248.89,237.8,242.32,243.18,244.64,151471,370.56,4572, 85296, 56.31,0.5631176924955932,2025-09-23
ARTNIRMAN, BE, 23-Sep-2025,50.0,51.0,51.9,49.06,49.06,49.09,49.39,1633,0.81,12, -, -,,2025-09-23
ARVEE, EQ, 23-Sep-2025,180.47,179.01,179.4,172.0,172.0,172.12,173.48,826,1.43,61, 469, 56.78,0.5677966101694916,2025-09-23
ARVIND, EQ, 23-Sep-2025,315.85,314.15,316.8,308.35,316.0,315.05,312.52,220627,689.5,10611, 92585, 41.96,0.41964492106587137,2025-09-23
ARVINDFASN, EQ, 23-Sep-2025,554.05,556.25,561.25,543.25,549.8,547.65,550.92,193177,1064.26,12965, 97094, 50.26,0.5026167711477039,2025-09-23
ARVSMART, EQ, 23-Sep-2025,654.2,650.95,658.0,646.05,656.4,654.65,653.44,33308,217.65,2562, 17044, 51.17,0.5117088987630599,2025-09-23
ASAHIINDIA, EQ, 23-Sep-2025,885.15,884.1,920.95,882.65,916.0,916.25,903.42,484489,4376.96,25992, 145972, 30.13,0.30129063817754376,2025-09-23
ASAHISONG, EQ, 23-Sep-2025,284.1,286.4,289.85,284.05,286.75,288.05,286.5,5864,16.8,202, 4102, 69.95,0.6995225102319236,2025-09-23
ASAL, EQ, 23-Sep-2025,492.3,496.75,578.0,492.85,563.5,562.2,554.24,1246964,6911.12,33369, 126713, 10.16,0.10161720787448555,2025-09-23
ASALCBR, EQ, 23-Sep-2025,999.1,1002.9,1016.0,996.5,1004.0,1001.1,1000.82,23783,238.03,1829, 16835, 70.79,0.7078585544296346,2025-09-23
ASHAPURMIN, EQ, 23-Sep-2025,651.1,651.7,672.3,645.4,657.0,655.4,659.06,857415,5650.9,25530, 273762, 31.93,0.3192876261786883,2025-09-23
ASHIANA, EQ, 23-Sep-2025,308.75,308.25,310.3,306.9,308.65,308.6,308.54,13849,42.73,889, 5782, 41.75,0.41750306881363275,2025-09-23
ASHIMASYN, EQ, 23-Sep-2025,23.68,23.51,24.38,23.25,23.69,23.5,23.58,131404,30.99,720, 75720, 57.62,0.5762381662658671,2025-09-23
ASHOKA, EQ, 23-Sep-2025,193.98,192.95,195.5,191.6,195.22,193.32,193.04,537349,1037.28,12554, 258204, 48.05,0.48051452594124117,2025-09-23
ASHOKAMET, EQ, 23-Sep-2025,17.84,17.8,18.05,17.71,17.82,17.82,17.85,24265,4.33,181, 13982, 57.62,0.5762208942921904,2025-09-23
ASHOKLEY, EQ, 23-Sep-2025,139.42,139.56,144.5,139.56,144.05,144.04,143.28,43630485,62512.79,216861, 18789509, 43.07,0.4306509313384896,2025-09-23
ASIANENE, EQ, 23-Sep-2025,354.1,355.4,355.45,347.2,348.0,347.75,350.78,54118,189.83,2111, 27498, 50.81,0.5081119036180198,2025-09-23
ASIANHOTNR, EQ, 23-Sep-2025,330.2,345.0,346.7,331.05,342.0,339.85,336.74,131338,442.27,1190, 109112, 83.08,0.83077251062145,2025-09-23
ASIANPAINT, EQ, 23-Sep-2025,2482.7,2472.1,2483.8,2428.0,2450.0,2446.9,2449.86,1332111,32634.85,63604, 805969, 60.50,0.6050314125474529,2025-09-23
ASIANTILES, EQ, 23-Sep-2025,63.21,63.72,63.95,61.4,62.26,62.16,62.15,296807,184.48,1419, 205723, 69.31,0.6931204452725171,2025-09-23
ASKAUTOLTD, EQ, 23-Sep-2025,514.5,517.0,541.2,516.1,537.5,535.5,535.13,461584,2470.08,19201, 207381, 44.93,0.4492811709244688,2025-09-23
ASMS, BE, 23-Sep-2025,15.4,15.15,15.65,14.7,15.04,15.02,15.01,208607,31.31,693, -, -,,2025-09-23
ASPINWALL, EQ, 23-Sep-2025,269.0,270.0,270.0,266.25,270.0,269.9,268.42,1619,4.35,32, 1431, 88.39,0.8838789376158123,2025-09-23
ASTEC, EQ, 23-Sep-2025,850.2,840.3,860.0,828.0,832.0,829.9,840.69,6964,58.55,1077, 3609, 51.82,0.5182366456059736,2025-09-23
ASTERDM, EQ, 23-Sep-2025,648.5,644.0,650.65,634.3,639.6,636.6,640.45,382296,2448.43,17527, 220025, 57.55,0.5755357105488941,2025-09-23
ASTRAL, EQ, 23-Sep-2025,1438.4,1438.9,1453.0,1427.0,1434.0,1436.4,1437.92,489921,7044.66,18434, 273083, 55.74,0.5574021117690403,2025-09-23
ASTRAMICRO, EQ, 23-Sep-2025,1115.0,1115.6,1117.0,1091.0,1104.4,1107.1,1104.8,265167,2929.56,17159, 131696, 49.67,0.49665305260458503,2025-09-23
ASTRAZEN, EQ, 23-Sep-2025,8858.0,8865.0,8884.0,8692.0,8763.0,8761.0,8767.94,6649,582.98,2453, 2777, 41.77,0.41765679049481125,2025-09-23
ASTRON, EQ, 23-Sep-2025,15.93,16.7,16.7,15.95,15.95,15.95,16.18,34111,5.52,172, 22191, 65.06,0.6505526076632171,2025-09-23
ATALREAL, EQ, 23-Sep-2025,20.6,20.6,21.5,20.6,21.0,21.25,21.09,796696,168.06,1778, 588592, 73.88,0.7387912076877504,2025-09-23
ATAM, EQ, 23-Sep-2025,90.8,91.5,91.5,89.25,89.6,89.73,89.89,11530,10.36,328, 8738, 75.78,0.757849089332177,2025-09-23
ATGL, EQ, 23-Sep-2025,780.75,790.0,798.0,716.2,721.0,722.95,750.49,14832905,111319.87,291014, 2630565, 17.73,0.17734658180578922,2025-09-23
ATHERENERG, EQ, 23-Sep-2025,591.55,593.9,594.45,566.0,569.8,572.6,576.22,1909319,11001.9,39236, 569421, 29.82,0.2982325111728318,2025-09-23
ATL, EQ, 23-Sep-2025,32.25,32.0,36.0,31.71,35.2,35.35,35.1,3542759,1243.42,13538, 1309766, 36.97,0.36970225747785834,2025-09-23
ATLANTAA, EQ, 23-Sep-2025,41.48,41.08,42.35,40.4,40.5,41.04,41.57,110858,46.08,1628, 49397, 44.56,0.44558804957693626,2025-09-23
ATLASCYCLE, EQ, 23-Sep-2025,127.49,128.0,130.0,124.25,128.0,127.99,128.57,11431,14.7,146, 10117, 88.50,0.8850494269967631,2025-09-23
ATUL, EQ, 23-Sep-2025,6257.0,6260.0,6310.0,6230.0,6243.5,6259.0,6260.86,11954,748.42,3195, 6267, 52.43,0.5242596620378116,2025-09-23
ATULAUTO, EQ, 23-Sep-2025,501.95,505.1,535.0,505.1,519.5,520.6,521.99,725848,3788.84,22722, 127069, 17.51,0.1750628230703949,2025-09-23
AUBANK, EQ, 23-Sep-2025,706.05,710.0,734.05,708.9,731.65,731.65,727.17,5080969,36947.29,125195, 2020664, 39.77,0.3976926448478627,2025-09-23
AURIONPRO, EQ, 23-Sep-2025,1209.6,1217.0,1223.1,1189.0,1208.9,1205.2,1204.28,150254,1809.47,10658, 80340, 53.47,0.5346945838380343,2025-09-23
AUROPHARMA, EQ, 23-Sep-2025,1117.4,1112.0,1124.0,1099.2,1105.4,1109.9,1109.25,1396979,15496.01,44039, 945822, 67.70,0.6770481159702473,2025-09-23
AURUM, EQ, 23-Sep-2025,168.66,169.33,170.92,165.0,168.0,166.27,167.35,60775,101.71,2082, 34880, 57.39,0.5739201974496092,2025-09-23
AUSOMENT, EQ, 23-Sep-2025,102.52,103.21,104.75,102.45,102.65,102.99,103.67,3711,3.85,168, 2521, 67.93,0.6793317165184586,2025-09-23
AUTOAXLES, EQ, 23-Sep-2025,1791.5,1791.5,1842.0,1791.5,1816.0,1813.4,1820.43,8659,157.63,1890, 3794, 43.82,0.4381568310428456,2025-09-23
AUTOBEES, EQ, 23-Sep-2025,279.25,281.97,284.48,280.11,281.98,280.9,281.73,634138,1786.53,7953, 366748, 57.83,0.5783409920238182,2025-09-23
AUTOIETF, EQ, 23-Sep-2025,27.95,28.64,28.64,28.09,28.19,28.14,28.22,909997,256.82,2399, 652569, 71.71,0.717111155311501,2025-09-23
AUTOIND, EQ, 23-Sep-2025,75.29,75.8,79.64,75.79,79.0,78.28,77.91,194067,151.2,2854, 106348, 54.80,0.5479963105525412,2025-09-23
AVADHSUGAR, EQ, 23-Sep-2025,442.7,441.2,446.8,440.6,445.0,443.15,443.47,9140,40.53,643, 3651, 39.95,0.39945295404814,2025-09-23
AVALON, EQ, 23-Sep-2025,978.25,979.95,1023.0,975.0,1013.0,1011.85,1004.34,530894,5331.95,28847, 217467, 40.96,0.4096241434259946,2025-09-23
AVANTEL, EQ, 23-Sep-2025,189.73,191.3,196.5,188.25,192.5,193.57,192.91,8126545,15677.22,62355, 2091697, 25.74,0.25739068694014494,2025-09-23
AVANTIFEED, EQ, 23-Sep-2025,711.6,715.0,715.0,685.2,687.5,688.4,692.04,427447,2958.09,18797, 163629, 38.28,0.382805353646183,2025-09-23
AVG, EQ, 23-Sep-2025,231.11,238.7,239.46,227.42,232.95,230.41,230.18,8031,18.49,447, 4226, 52.62,0.5262109326360354,2025-09-23
AVL, EQ, 23-Sep-2025,572.85,565.0,568.75,547.0,562.0,559.45,557.45,573443,3196.65,39383, 233126, 40.65,0.40653735419213416,2025-09-23
AVONMORE, EQ, 23-Sep-2025,19.83,19.71,20.11,19.45,19.46,19.48,19.68,244340,48.08,863, 154611, 63.28,0.6327699107800606,2025-09-23
AVROIND, EQ, 23-Sep-2025,139.38,143.92,143.92,138.1,140.05,141.91,140.44,17006,23.88,717, 14337, 84.31,0.8430553922145125,2025-09-23
AVTNPL, EQ, 23-Sep-2025,74.08,74.2,74.96,73.8,74.2,74.08,74.19,33027,24.5,771, 20908, 63.31,0.6330578011929633,2025-09-23
AWFIS, EQ, 23-Sep-2025,603.8,609.8,609.8,595.3,608.0,603.05,599.69,241711,1449.52,15279, 42864, 17.73,0.1773357439255971,2025-09-23
AWHCL, EQ, 23-Sep-2025,580.7,583.0,584.5,572.0,581.9,577.95,576.9,64492,372.05,3256, 39202, 60.79,0.607858339018793,2025-09-23
AWL, EQ, 23-Sep-2025,271.1,272.2,273.4,259.5,260.3,260.1,263.8,5377628,14186.33,59335, 2537433, 47.18,0.47184985647947386,2025-09-23
AXISBANK, EQ, 23-Sep-2025,1144.4,1146.0,1172.8,1141.9,1170.0,1170.8,1160.45,16079093,186589.77,186417, 11986604, 74.55,0.745477621156865,2025-09-23
AXISBNKETF, EQ, 23-Sep-2025,569.83,567.4,572.47,567.4,570.2,570.74,570.07,3552,20.25,209, 3527, 99.30,0.9929617117117117,2025-09-23
AXISBPSETF, EQ, 23-Sep-2025,12.95,13.0,13.03,12.92,12.98,12.96,12.97,59355,7.7,354, 57339, 96.60,0.9660348749052312,2025-09-23
AXISCADES, EQ, 23-Sep-2025,1764.4,1773.3,1779.2,1676.2,1676.2,1684.2,1707.57,191000,3261.45,16998, 117554, 61.55,0.6154659685863875,2025-09-23
AXISCETF, EQ, 23-Sep-2025,128.02,128.02,130.13,126.83,127.61,127.52,128.28,3412,4.38,55, 3089, 90.53,0.9053341148886284,2025-09-23
AXISGOLD, EQ, 23-Sep-2025,93.8,96.14,96.5,94.11,96.04,96.0,95.09,1846152,1755.55,4121, 1615967, 87.53,0.875316333649667,2025-09-23
AXISHCETF, EQ, 23-Sep-2025,150.01,150.08,150.85,148.6,148.99,148.96,149.49,1595,2.38,56, 1369, 85.83,0.8583072100313479,2025-09-23
AXISILVER, EQ, 23-Sep-2025,132.95,136.27,136.27,133.41,134.61,134.78,134.36,957805,1286.9,2635, 804692, 84.01,0.840141782513142,2025-09-23
AXISNIFTY, EQ, 23-Sep-2025,276.22,276.23,277.0,275.69,275.96,276.46,276.22,1547,4.27,149, 1354, 87.52,0.8752424046541694,2025-09-23
AXISTECETF, EQ, 23-Sep-2025,384.67,384.97,384.97,381.54,382.27,381.98,382.73,1419,5.43,95, 1318, 92.88,0.9288231148696265,2025-09-23
AXISVALUE, EQ, 23-Sep-2025,29.57,29.71,30.21,29.36,29.59,29.44,29.64,179262,53.13,289, 56606, 31.58,0.31577244480146377,2025-09-23
AXITA, EQ, 23-Sep-2025,8.79,8.81,8.82,8.75,8.81,8.76,8.79,2572483,226.05,1617, 1513957, 58.85,0.588519729770809,2025-09-23
AXSENSEX, EQ, 23-Sep-2025,84.37,84.6,84.94,83.69,84.62,84.56,84.26,1514,1.28,42, 1170, 77.28,0.7727873183619551,2025-09-23
AYMSYNTEX, EQ, 23-Sep-2025,194.0,194.07,197.1,192.02,195.01,195.13,193.42,14282,27.62,262, 11841, 82.91,0.829085562246184,2025-09-23
AZAD, EQ, 23-Sep-2025,1634.7,1632.0,1634.7,1601.7,1617.5,1614.1,1616.19,87623,1416.16,9372, 37416, 42.70,0.42701117286557183,2025-09-23
BAFNAPH, BE, 23-Sep-2025,145.09,152.0,152.34,148.0,152.34,152.34,152.14,32255,49.07,337, -, -,,2025-09-23
BAGFILMS, EQ, 23-Sep-2025,6.88,6.94,6.99,6.56,6.75,6.77,6.74,80327,5.42,337, 41139, 51.21,0.5121441109465061,2025-09-23
BAIDFIN, EQ, 23-Sep-2025,11.26,11.31,11.44,11.15,11.26,11.2,11.23,78340,8.8,230, 45034, 57.49,0.5748532039826397,2025-09-23
BAJAJ-AUTO, EQ, 23-Sep-2025,9054.5,9079.0,9225.0,8950.0,8968.0,8984.5,9078.3,451186,40960.03,59015, 194187, 43.04,0.43039234373406976,2025-09-23
BAJAJCON, EQ, 23-Sep-2025,257.65,257.5,259.58,252.35,252.5,253.84,255.42,605160,1545.68,13375, 276155, 45.63,0.456333862119109,2025-09-23
BAJAJELEC, EQ, 23-Sep-2025,583.55,586.2,586.2,574.1,574.45,577.1,579.79,43240,250.7,4139, 21765, 50.34,0.5033533765032377,2025-09-23
BAJAJFINSV, EQ, 23-Sep-2025,2069.5,2068.0,2092.0,2068.0,2084.0,2084.4,2083.27,1177350,24527.33,62377, 598418, 50.83,0.5082753641652864,2025-09-23
BAJAJHCARE, EQ, 23-Sep-2025,420.4,423.3,486.0,420.25,464.8,463.45,463.64,2321957,10765.6,63227, 355705, 15.32,0.1531918980411782,2025-09-23
BAJAJHFL, EQ, 23-Sep-2025,113.24,113.24,113.67,112.5,112.6,112.6,112.87,3274041,3695.5,26271, 2130943, 65.09,0.6508602060878285,2025-09-23
BAJAJHIND, EQ, 23-Sep-2025,21.59,21.45,21.61,20.96,21.21,21.24,21.23,5111206,1085.19,11079, 2420014, 47.35,0.4734722098854947,2025-09-23
BAJAJHLDNG, EQ, 23-Sep-2025,13279.0,13328.0,13345.0,13175.0,13242.0,13265.0,13280.81,28684,3809.47,6772, 18135, 63.22,0.6322339980476921,2025-09-23
BAJAJINDEF, EQ, 23-Sep-2025,394.7,395.5,405.0,380.1,382.0,383.95,394.67,11870,46.85,1014, 6320, 53.24,0.5324347093513058,2025-09-23
BAJEL, EQ, 23-Sep-2025,215.85,216.0,217.89,212.7,213.8,213.41,214.84,135737,291.62,2153, 75136, 55.35,0.5535410389208543,2025-09-23
BAJFINANCE, EQ, 23-Sep-2025,1006.5,999.0,1028.8,999.0,1025.9,1025.5,1022.08,10230040,104559.36,162849, 5171502, 50.55,0.5055211905329794,2025-09-23
BALAJEE, EQ, 23-Sep-2025,51.27,51.97,52.39,50.43,52.37,51.86,51.58,77243,39.84,1383, 39958, 51.73,0.5173025387413747,2025-09-23
BALAJITELE, EQ, 23-Sep-2025,131.38,131.92,138.0,131.92,136.95,136.93,136.01,661186,899.27,9842, 303487, 45.90,0.4590039716509424,2025-09-23
BALAMINES, EQ, 23-Sep-2025,1478.9,1480.0,1483.8,1458.4,1469.9,1462.6,1467.62,30898,453.47,4597, 17622, 57.03,0.5703281765810084,2025-09-23
BALAXI, EQ, 23-Sep-2025,47.01,47.6,47.71,44.53,44.92,44.84,45.72,227257,103.9,2652, 149127, 65.62,0.6562042093312858,2025-09-23
BALKRISHNA, EQ, 23-Sep-2025,22.6,22.94,23.51,22.26,23.09,22.95,22.97,42414,9.74,357, 28826, 67.96,0.6796340830857736,2025-09-23
BALKRISIND, EQ, 23-Sep-2025,2536.0,2540.0,2551.8,2475.3,2489.0,2496.5,2505.07,68337,1711.89,10799, 35519, 51.98,0.5197623542151397,2025-09-23
BALMLAWRIE, EQ, 23-Sep-2025,214.75,215.0,215.28,210.6,212.05,211.15,212.3,268332,569.66,6698, 124469, 46.39,0.46386193223320366,2025-09-23
BALPHARMA, EQ, 23-Sep-2025,85.59,85.59,86.41,84.01,84.99,84.37,84.8,16592,14.07,576, 10628, 64.05,0.640549662487946,2025-09-23
BALRAMCHIN, EQ, 23-Sep-2025,504.3,507.45,507.45,494.0,495.0,496.25,497.65,235898,1173.94,11129, 91727, 38.88,0.38884178755224713,2025-09-23
BALUFORGE, EQ, 23-Sep-2025,646.15,642.05,661.55,640.0,644.0,642.4,647.17,299397,1937.6,4431, 86216, 28.80,0.2879654772759914,2025-09-23
BANARBEADS, EQ, 23-Sep-2025,105.71,109.39,126.85,104.2,126.85,123.36,120.43,111341,134.09,2627, 49162, 44.15,0.44154444454423797,2025-09-23
BANARISUG, EQ, 23-Sep-2025,3677.0,3713.8,3713.8,3655.2,3665.0,3678.1,3680.1,153,5.63,89, 79, 51.63,0.5163398692810458,2025-09-23
BANCOINDIA, EQ, 23-Sep-2025,823.75,816.0,838.0,808.1,814.5,815.1,822.66,702227,5776.97,15913, 131567, 18.74,0.18735679488256646,2025-09-23
BANDHANBNK, EQ, 23-Sep-2025,163.19,163.5,164.0,158.5,162.09,162.09,160.9,10403417,16739.35,49498, 3437915, 33.05,0.3304601747675788,2025-09-23
BANG, EQ, 23-Sep-2025,52.81,52.9,53.5,52.0,52.19,52.44,52.55,4971,2.61,55, 3616, 72.74,0.7274190303761818,2025-09-23
BANKA, EQ, 23-Sep-2025,89.2,87.0,87.63,86.97,87.5,87.31,87.3,7670,6.7,182, 6008, 78.33,0.7833116036505867,2025-09-23
BANKBARODA, EQ, 23-Sep-2025,251.14,251.14,254.45,249.14,253.0,253.23,252.36,10937835,27602.79,118433, 6704048, 61.29,0.6129227584800832,2025-09-23
BANKBEES, EQ, 23-Sep-2025,571.02,572.54,574.4,570.01,572.99,572.62,572.18,277910,1590.14,5683, 159608, 57.43,0.5743154258572919,2025-09-23
BANKBETF, EQ, 23-Sep-2025,56.07,56.0,56.41,55.44,56.16,56.18,56.15,21607,12.13,228, 19253, 89.11,0.8910538251492572,2025-09-23
BANKETF, EQ, 23-Sep-2025,560.85,561.0,565.0,559.69,563.57,563.16,561.89,1517,8.52,52, 977, 64.40,0.6440342781806196,2025-09-23
BANKETFADD, EQ, 23-Sep-2025,56.53,56.54,56.78,56.27,56.6,56.61,56.62,16925,9.58,47, 5619, 33.20,0.3319940915805022,2025-09-23
BANKIETF, EQ, 23-Sep-2025,56.69,56.69,56.97,56.48,56.85,56.77,56.71,123421,69.99,1622, 73225, 59.33,0.593294496074412,2025-09-23
BANKINDIA, EQ, 23-Sep-2025,120.53,120.53,121.85,119.27,121.4,121.43,120.99,6971134,8434.06,31988, 2993942, 42.95,0.42947704060774045,2025-09-23
BANKNIFTY1, EQ, 23-Sep-2025,571.31,571.3,574.85,569.9,570.37,573.17,573.58,532768,3055.85,627, 496750, 93.24,0.9323945882635594,2025-09-23
BANKPSU, EQ, 23-Sep-2025,74.08,73.63,75.02,73.38,74.66,74.71,74.19,6655,4.94,51, 1939, 29.14,0.29135987978963185,2025-09-23
BANSALWIRE, EQ, 23-Sep-2025,355.0,353.0,362.75,350.7,354.05,356.1,353.37,40892,144.5,1924, 20787, 50.83,0.5083390394209136,2025-09-23
BANSWRAS, EQ, 23-Sep-2025,129.86,129.0,131.66,126.72,127.35,128.12,128.18,41689,53.44,1491, 22776, 54.63,0.5463311664947588,2025-09-23
BARBEQUE, EQ, 23-Sep-2025,236.45,236.45,241.5,230.5,232.95,232.2,234.95,144315,339.06,3949, 87222, 60.44,0.604386238436753,2025-09-23
BASF, EQ, 23-Sep-2025,4631.8,4630.0,4635.0,4555.0,4608.2,4599.6,4589.88,10779,494.74,3134, 4843, 44.93,0.4492995639669728,2025-09-23
BASML, EQ, 23-Sep-2025,27.16,27.5,27.73,26.66,26.97,26.84,26.99,333934,90.12,1132, 286455, 85.78,0.8578192097839693,2025-09-23
BATAINDIA, EQ, 23-Sep-2025,1227.2,1228.0,1231.3,1215.0,1227.9,1226.5,1224.09,52220,639.22,5521, 23120, 44.27,0.44274224435082343,2025-09-23
BAYERCROP, EQ, 23-Sep-2025,5245.0,5250.0,5250.5,5048.0,5074.0,5072.0,5109.58,34850,1780.69,8644, 21332, 61.21,0.6121090387374462,2025-09-23
BBETF0432, EQ, 23-Sep-2025,1288.92,1288.0,1290.19,1286.13,1290.0,1290.0,1286.24,1514,19.47,15, 1471, 97.16,0.9715984147952443,2025-09-23
BBL, EQ, 23-Sep-2025,3102.9,3102.9,3135.8,3072.5,3077.0,3089.7,3102.98,15635,485.15,3988, 8461, 54.12,0.5411576590981771,2025-09-23
BBNPNBETF, EQ, 23-Sep-2025,55.56,53.06,56.67,53.06,56.01,56.0,55.77,2240,1.25,68, 1649, 73.62,0.7361607142857143,2025-09-23
BBNPPGOLD, EQ, 23-Sep-2025,109.25,106.55,111.65,106.55,111.4,111.5,111.43,97598,108.75,211, 94754, 97.09,0.9708600586077584,2025-09-23
BBOX, EQ, 23-Sep-2025,501.8,513.0,513.0,492.3,497.95,497.45,499.4,227198,1134.63,7443, 109593, 48.24,0.482367802533473,2025-09-23
BBTC, EQ, 23-Sep-2025,1911.7,1921.3,1921.9,1875.1,1883.0,1878.7,1893.45,39618,750.15,5107, 23569, 59.49,0.5949063556969054,2025-09-23
BBTCL, EQ, 23-Sep-2025,203.22,212.99,212.99,203.0,203.6,203.29,203.84,9658,19.69,532, 6269, 64.91,0.6490991923793746,2025-09-23
BCG, EQ, 23-Sep-2025,14.74,15.07,15.07,14.57,14.64,14.62,14.68,5144254,755.41,8324, 3155217, 61.33,0.6133478245825342,2025-09-23
BCLIND, EQ, 23-Sep-2025,43.16,43.28,43.36,42.15,42.32,42.28,42.63,654499,279.0,4247, 339552, 51.88,0.5187968201632088,2025-09-23
BCONCEPTS, EQ, 23-Sep-2025,316.1,319.8,379.3,310.95,379.3,379.3,368.61,308949,1138.83,7744, 98760, 31.97,0.3196644106308808,2025-09-23
BDL, EQ, 23-Sep-2025,1627.7,1625.0,1633.5,1570.9,1593.7,1595.4,1593.03,1691145,26940.48,55455, 652848, 38.60,0.38603904455265514,2025-09-23
BEARDSELL, EQ, 23-Sep-2025,31.84,31.6,32.95,30.63,32.0,31.11,31.82,70388,22.4,838, 25161, 35.75,0.357461499119168,2025-09-23
BECTORFOOD, EQ, 23-Sep-2025,1363.5,1374.5,1374.5,1350.5,1353.0,1357.5,1358.02,48905,664.14,6168, 25898, 52.96,0.529557304979041,2025-09-23
BEDMUTHA, EQ, 23-Sep-2025,141.51,140.05,143.55,140.05,140.7,140.9,140.96,2732,3.85,100, 1956, 71.60,0.7159590043923866,2025-09-23
BEL, EQ, 23-Sep-2025,406.4,406.4,407.7,402.3,404.45,404.45,404.4,11906108,48148.27,127214, 6355657, 53.38,0.533814828489713,2025-09-23
BELLACASA, EQ, 23-Sep-2025,415.55,417.25,417.25,405.0,409.9,405.95,408.76,5749,23.5,319, 3898, 67.80,0.6780309619064185,2025-09-23
BELRISE, EQ, 23-Sep-2025,153.99,154.1,164.5,153.77,160.3,159.87,160.29,28617373,45869.81,133710, 6977521, 24.38,0.24382115716910843,2025-09-23
BEML, EQ, 23-Sep-2025,4328.0,4339.8,4385.0,4285.1,4334.0,4334.8,4341.09,377511,16388.09,29477, 121805, 32.27,0.32265284985073284,2025-09-23
BEPL, EQ, 23-Sep-2025,105.67,105.6,105.94,104.35,105.1,105.37,104.97,281297,295.28,3603, 159498, 56.70,0.5670092464548147,2025-09-23
BERGEPAINT, EQ, 23-Sep-2025,531.55,532.05,535.6,529.5,533.75,532.6,532.16,263078,1400.01,20187, 152780, 58.07,0.5807403127589537,2025-09-23
BESTAGRO, EQ, 23-Sep-2025,363.05,361.25,374.75,361.25,374.4,371.6,369.49,34452,127.3,1942, 18518, 53.75,0.5375014512945547,2025-09-23
BFINVEST, EQ, 23-Sep-2025,468.3,469.3,528.0,467.0,473.6,472.6,498.75,2064885,10298.59,64198, 358442, 17.36,0.17358932821924708,2025-09-23
BFSI, EQ, 23-Sep-2025,27.37,27.5,27.53,27.31,27.46,27.45,27.46,203924,55.99,714, 110599, 54.24,0.5423540142405995,2025-09-23
BFUTILITIE, EQ, 23-Sep-2025,778.05,780.0,898.7,780.0,853.0,857.65,870.03,5261327,45774.99,161055, 497529, 9.46,0.0945634057719659,2025-09-23
BGRENERGY, BE, 23-Sep-2025,257.31,259.0,259.0,244.44,244.44,245.06,248.08,429313,1065.06,2596, -, -,,2025-09-23
BHAGCHEM, EQ, 23-Sep-2025,256.9,257.65,258.3,255.0,256.0,256.9,256.74,34609,88.86,1011, 24406, 70.52,0.7051922910225664,2025-09-23
BHAGERIA, EQ, 23-Sep-2025,179.59,180.4,184.9,176.5,182.0,179.68,178.77,108859,194.61,3233, 39800, 36.56,0.3656105604497561,2025-09-23
BHAGYANGR, BE, 23-Sep-2025,91.63,91.75,92.95,90.0,92.2,92.2,91.95,14548,13.38,145, -, -,,2025-09-23
BHANDARI, EQ, 23-Sep-2025,4.91,4.97,4.99,4.85,4.85,4.89,4.92,328764,16.18,675, 251315, 76.44,0.7644237203586768,2025-09-23
BHARATFORG, EQ, 23-Sep-2025,1256.0,1256.0,1273.8,1247.1,1252.4,1251.0,1259.64,1451840,18287.95,28687, 1103539, 76.01,0.7600968426272867,2025-09-23
BHARATGEAR, EQ, 23-Sep-2025,109.21,109.21,109.8,105.3,105.44,105.75,106.57,94613,100.83,2304, 43791, 46.28,0.46284337247524127,2025-09-23
BHARATRAS, EQ, 23-Sep-2025,10006.0,9986.0,10200.0,9902.0,10060.0,10042.0,10061.12,2863,288.05,1141, 1778, 62.10,0.6210268948655256,2025-09-23
BHARATSE, EQ, 23-Sep-2025,160.82,161.95,168.86,161.1,168.86,168.86,167.54,404590,677.85,3649, 239398, 59.17,0.5917051830247906,2025-09-23
BHARATWIRE, EQ, 23-Sep-2025,167.14,167.79,167.97,165.21,167.5,166.12,166.32,67793,112.76,1775, 38067, 56.15,0.5615181508415323,2025-09-23
BHARTIARTL, EQ, 23-Sep-2025,1956.2,1950.0,1955.0,1930.1,1939.5,1938.7,1941.04,4348633,84408.73,112057, 1928574, 44.35,0.4434897127442118,2025-09-23
BHARTIHEXA, EQ, 23-Sep-2025,1690.4,1690.2,1714.0,1685.3,1709.9,1710.0,1702.8,144812,2465.87,15145, 102856, 71.03,0.7102726293401099,2025-09-23
BHEL, EQ, 23-Sep-2025,239.6,239.6,240.83,236.6,238.1,238.73,238.49,6141305,14646.38,47021, 2266691, 36.91,0.36908946876925997,2025-09-23
BIGBLOC, EQ, 23-Sep-2025,57.77,58.16,58.16,56.56,57.75,57.49,57.46,100220,57.59,1000, 47512, 47.41,0.4740770305328278,2025-09-23
BIKAJI, EQ, 23-Sep-2025,773.65,770.0,775.0,765.0,766.0,768.0,769.81,105005,808.34,5069, 42418, 40.40,0.40396171610875675,2025-09-23
BIL, EQ, 23-Sep-2025,882.3,873.0,878.45,870.0,870.0,871.7,873.44,349,3.05,49, 311, 89.11,0.8911174785100286,2025-09-23
BILVYAPAR, EQ, 23-Sep-2025,12.89,13.01,13.39,12.95,13.1,13.1,13.12,42451,5.57,140, 39204, 92.35,0.9235118136204095,2025-09-23
BIOCON, EQ, 23-Sep-2025,362.15,360.65,364.35,358.1,360.25,359.5,360.72,836722,3018.19,14731, 308361, 36.85,0.368534590939404,2025-09-23
BIOFILCHEM, EQ, 23-Sep-2025,42.87,42.27,44.85,42.15,43.6,43.55,43.68,21946,9.59,412, 15794, 71.97,0.7196755673015583,2025-09-23
BIRLACABLE, EQ, 23-Sep-2025,171.74,173.0,175.0,171.6,171.6,171.65,173.04,41324,71.51,769, 24796, 60.00,0.6000387184202884,2025-09-23
BIRLACORPN, EQ, 23-Sep-2025,1301.9,1319.8,1320.0,1295.0,1300.0,1299.2,1305.53,89153,1163.92,8210, 41944, 47.05,0.4704721097439234,2025-09-23
BIRLAMONEY, EQ, 23-Sep-2025,180.66,179.6,181.37,177.0,178.5,178.28,178.54,76317,136.25,2530, 41042, 53.78,0.5377831937838228,2025-09-23
BIRLANU, EQ, 23-Sep-2025,1986.4,1980.6,1993.9,1970.2,1977.0,1979.8,1980.89,3155,62.5,904, 2182, 69.16,0.6916006339144215,2025-09-23
BLACKBUCK, EQ, 23-Sep-2025,588.35,588.35,614.1,583.05,590.2,590.7,598.98,2408277,14425.1,42805, 1294066, 53.73,0.537341011852042,2025-09-23
BLAL, EQ, 23-Sep-2025,223.08,222.71,223.89,221.05,221.06,221.08,221.82,26614,59.03,559, 21622, 81.24,0.8124295483580071,2025-09-23
BLBLIMITED, EQ, 23-Sep-2025,15.45,15.45,16.0,15.33,16.0,15.8,15.6,74694,11.65,468, 52097, 69.75,0.6974723538704581,2025-09-23
BLISSGVS, EQ, 23-Sep-2025,151.52,151.0,153.0,150.37,151.6,151.22,151.5,157081,237.98,2623, 65502, 41.70,0.4169950535074261,2025-09-23
BLKASHYAP, EQ, 23-Sep-2025,65.13,65.0,65.5,62.33,62.7,62.54,63.6,502365,319.52,3465, 340667, 67.81,0.678126461835518,2025-09-23
BLS, EQ, 23-Sep-2025,361.05,361.05,362.9,352.4,360.5,360.0,358.04,1001935,3587.31,35178, 464845, 46.39,0.46394726204793724,2025-09-23
BLSE, EQ, 23-Sep-2025,195.27,195.1,203.4,189.78,199.4,200.41,196.99,167627,330.21,2952, 87733, 52.34,0.5233822713524671,2025-09-23
BLUECOAST, BE, 23-Sep-2025,64.83,68.07,68.07,68.07,68.07,68.07,68.07,795,0.54,11, -, -,,2025-09-23
BLUEDART, EQ, 23-Sep-2025,5783.0,6050.0,6050.0,5720.0,5760.0,5755.0,5819.19,33575,1953.79,10532, 11022, 32.83,0.32827997021593447,2025-09-23
BLUEJET, EQ, 23-Sep-2025,668.85,672.95,684.65,671.2,679.75,680.9,678.87,525867,3569.96,10321, 338373, 64.35,0.6434573761046044,2025-09-23
BLUESTARCO, EQ, 23-Sep-2025,1996.8,1996.0,1998.2,1951.1,1964.0,1964.0,1965.67,548671,10785.08,29445, 344034, 62.70,0.6270314997512171,2025-09-23
BLUESTONE, EQ, 23-Sep-2025,600.9,607.0,607.0,589.25,593.35,594.5,593.61,147821,877.49,8942, 60832, 41.15,0.41152474952814555,2025-09-23
BLUSPRING, EQ, 23-Sep-2025,84.41,84.0,85.38,82.7,83.36,83.17,83.86,188183,157.8,3495, 96138, 51.09,0.5108750524755159,2025-09-23
BODALCHEM, EQ, 23-Sep-2025,65.3,65.49,66.05,65.01,65.1,65.27,65.33,88681,57.93,992, 46372, 52.29,0.5229079509703318,2025-09-23
BOHRAIND, EQ, 23-Sep-2025,26.25,26.08,26.66,25.06,25.96,25.23,25.49,30726,7.83,585, 16517, 53.76,0.5375577686649743,2025-09-23
BOMDYEING, EQ, 23-Sep-2025,181.98,182.25,183.35,177.88,180.15,180.93,180.6,862256,1557.21,12125, 284407, 32.98,0.3298405577925813,2025-09-23
BORANA, EQ, 23-Sep-2025,217.9,218.9,218.99,216.75,218.7,218.42,218.01,51236,111.7,528, 34651, 67.63,0.6763018190334921,2025-09-23
BOROLTD, EQ, 23-Sep-2025,351.85,352.95,375.95,352.95,373.0,373.6,369.18,1113635,4111.29,44721, 294095, 26.41,0.26408562949260755,2025-09-23
BORORENEW, EQ, 23-Sep-2025,619.85,620.0,624.0,600.0,602.3,602.85,610.57,988183,6033.54,24860, 350106, 35.43,0.35429267655889646,2025-09-23
BOROSCI, EQ, 23-Sep-2025,138.16,138.61,143.0,137.9,139.75,139.56,140.84,91073,128.27,2428, 33266, 36.53,0.36526742283662555,2025-09-23
BOSCHLTD, EQ, 23-Sep-2025,39570.0,39570.0,40055.0,39300.0,39520.0,39390.0,39552.01,30113,11910.3,10851, 16235, 53.91,0.5391359213628666,2025-09-23
BPCL, EQ, 23-Sep-2025,325.4,328.7,335.2,326.85,330.6,330.4,331.08,7992615,26462.17,71875, 3917105, 49.01,0.4900905398295802,2025-09-23
BPL, EQ, 23-Sep-2025,82.33,84.0,84.0,81.5,81.9,82.09,82.38,66712,54.95,1151, 40838, 61.22,0.6121537354598873,2025-09-23
BRIGADE, EQ, 23-Sep-2025,924.6,938.0,943.1,913.0,913.1,914.35,924.76,302517,2797.57,19063, 123696, 40.89,0.40888941778478566,2025-09-23
BRIGHOTEL, EQ, 23-Sep-2025,83.68,84.0,85.7,83.5,83.93,83.71,84.19,163468,137.63,3295, 81055, 49.58,0.4958462818410943,2025-09-23
BRITANNIA, EQ, 23-Sep-2025,6056.5,6066.5,6069.5,5927.0,5940.0,5934.0,5965.18,333112,19870.74,31193, 220944, 66.33,0.6632724128821538,2025-09-23
BRNL, EQ, 23-Sep-2025,21.6,21.7,21.99,21.15,21.92,21.72,21.54,146790,31.62,1291, 44015, 29.99,0.2998501260303835,2025-09-23
BROOKS, EQ, 23-Sep-2025,147.08,149.0,152.39,145.51,145.51,145.92,147.72,18605,27.48,408, 11727, 63.03,0.6303144316044074,2025-09-23
BSE, EQ, 23-Sep-2025,2156.2,2157.0,2160.0,2086.4,2126.4,2122.2,2119.54,4932424,104544.58,194280, 1603791, 32.52,0.3251527038227046,2025-09-23
BSE500IETF, EQ, 23-Sep-2025,39.5,39.69,39.69,39.31,39.48,39.45,39.44,86935,34.29,822, 78874, 90.73,0.907275550698798,2025-09-23
BSHSL, EQ, 23-Sep-2025,129.86,130.51,130.7,129.5,129.5,129.84,130.04,4084,5.31,185, 2928, 71.69,0.7169441723800196,2025-09-23
BSL, EQ, 23-Sep-2025,163.94,163.94,167.35,163.94,165.0,164.87,165.32,5521,9.13,210, 3382, 61.26,0.6125701865604057,2025-09-23
BSLGOLDETF, EQ, 23-Sep-2025,99.12,101.37,102.52,99.07,101.5,101.4,101.19,980138,991.83,1831, 872277, 89.00,0.8899532514809139,2025-09-23
BSLNIFTY, EQ, 23-Sep-2025,29.26,28.52,29.6,28.52,29.28,29.26,29.24,133533,39.04,3156, 85666, 64.15,0.6415343023821827,2025-09-23
BSLSENETFG, EQ, 23-Sep-2025,82.12,83.76,83.76,80.75,82.16,81.88,81.98,1178,0.97,105, 690, 58.57,0.5857385398981324,2025-09-23
BSOFT, EQ, 23-Sep-2025,372.25,373.45,377.55,371.1,372.6,372.35,372.73,465967,1736.82,17733, 161746, 34.71,0.34711900198941126,2025-09-23
BTML, EQ, 23-Sep-2025,9.03,9.43,9.43,9.07,9.2,9.16,9.15,92441,8.46,520, 63482, 68.67,0.6867299142155537,2025-09-23
BUTTERFLY, EQ, 23-Sep-2025,710.55,710.6,720.0,710.0,714.5,713.2,714.17,9576,68.39,783, 6369, 66.51,0.6651002506265664,2025-09-23
BVCL, BE, 23-Sep-2025,51.13,50.95,53.59,49.31,52.1,52.33,51.19,49246,25.21,325, -, -,,2025-09-23
BYKE, EQ, 23-Sep-2025,68.52,69.0,70.77,68.62,69.99,69.27,69.54,53889,37.48,1309, 25378, 47.09,0.4709309877711592,2025-09-23
CALSOFT, BE, 23-Sep-2025,14.94,14.71,15.4,14.71,15.01,14.78,14.86,9658,1.44,80, -, -,,2025-09-23
CAMLINFINE, EQ, 23-Sep-2025,226.95,229.0,229.0,223.1,227.4,226.04,225.74,206457,466.06,3329, 146457, 70.94,0.709382583298217,2025-09-23
CAMPUS, EQ, 23-Sep-2025,278.85,278.85,279.75,273.45,274.7,276.4,276.16,505061,1394.76,11079, 326593, 64.66,0.6466407028061957,2025-09-23
CAMS, EQ, 23-Sep-2025,4014.0,4014.0,4041.8,3964.6,3980.0,3986.1,3994.5,210754,8418.56,25003, 105165, 49.90,0.49899408789394273,2025-09-23
CANBK, EQ, 23-Sep-2025,118.87,118.77,122.09,116.93,121.85,121.9,120.36,44544453,53615.25,130548, 22071063, 49.55,0.49548398315722947,2025-09-23
CANFINHOME, EQ, 23-Sep-2025,771.4,770.0,785.0,759.35,780.85,780.3,771.81,166824,1287.56,9005, 105762, 63.40,0.6339735289886347,2025-09-23
CANTABIL, EQ, 23-Sep-2025,273.35,270.6,275.55,268.35,273.0,272.2,271.64,93592,254.23,3489, 31517, 33.67,0.3367488674245662,2025-09-23
CAPACITE, EQ, 23-Sep-2025,310.0,311.0,311.0,301.3,303.0,302.55,305.61,364685,1114.5,8758, 222524, 61.02,0.610181389418265,2025-09-23
CAPITALSFB, EQ, 23-Sep-2025,288.0,290.0,290.0,283.2,285.0,284.7,285.23,32922,93.9,911, 23465, 71.27,0.7127452767146589,2025-09-23
CAPLIPOINT, EQ, 23-Sep-2025,2320.0,2313.8,2318.6,2242.0,2254.0,2253.6,2277.11,64060,1458.72,9343, 28287, 44.16,0.44157040274742426,2025-09-23
CAPTRUST, EQ, 23-Sep-2025,44.22,44.18,44.69,43.0,43.74,43.63,43.58,11149,4.86,184, 6574, 58.96,0.5896492959009777,2025-09-23
CARBORUNIV, EQ, 23-Sep-2025,951.3,956.0,978.55,953.1,970.05,972.0,963.94,159826,1540.62,12625, 40090, 25.08,0.2508352833706656,2025-09-23
CARERATING, EQ, 23-Sep-2025,1578.9,1580.0,1581.3,1545.1,1553.0,1552.6,1558.05,24425,380.55,5089, 13159, 53.88,0.5387512794268168,2025-09-23
CARRARO, EQ, 23-Sep-2025,468.3,471.0,482.45,465.75,466.0,468.15,475.57,284048,1350.86,21962, 52610, 18.52,0.1852151749000169,2025-09-23
CARTRADE, EQ, 23-Sep-2025,2389.2,2391.0,2490.0,2379.4,2408.0,2404.8,2424.71,349112,8464.97,30745, 148465, 42.53,0.42526467150942965,2025-09-23
CARYSIL, EQ, 23-Sep-2025,896.7,891.25,905.4,882.5,882.75,885.35,891.11,64037,570.64,5515, 32139, 50.19,0.5018817246279494,2025-09-23
CASHIETF, EQ, 23-Sep-2025,1029.04,1029.17,1029.19,1029.17,1029.19,1029.17,1029.17,170945,1759.32,27, 134082, 78.44,0.7843575418994413,2025-09-23
CASTROLIND, EQ, 23-Sep-2025,202.79,202.77,204.9,202.01,203.3,203.17,202.98,1021736,2073.94,19882, 526968, 51.58,0.5157574950867935,2025-09-23
CCCL, EQ, 23-Sep-2025,24.38,24.5,25.8,24.1,24.97,24.9,24.87,1849732,459.98,10264, 835310, 45.16,0.45158433762296374,2025-09-23
CCHHL, EQ, 23-Sep-2025,17.03,17.3,17.3,16.9,16.98,16.99,17.03,55010,9.37,219, 44909, 81.64,0.8163788402108707,2025-09-23
CCL, EQ, 23-Sep-2025,899.3,900.15,913.95,893.55,897.0,899.85,903.05,91287,824.36,9048, 36335, 39.80,0.3980303876784208,2025-09-23
CDSL, EQ, 23-Sep-2025,1558.5,1551.0,1559.2,1525.6,1546.2,1546.6,1542.42,1127421,17389.61,52130, 303727, 26.94,0.2693998071705246,2025-09-23
CEATLTD, EQ, 23-Sep-2025,3470.6,3499.8,3585.0,3461.1,3470.5,3474.6,3517.95,243917,8580.88,27556, 61062, 25.03,0.25033925474649166,2025-09-23
CEIGALL, EQ, 23-Sep-2025,280.55,280.51,280.55,271.15,273.15,272.93,274.54,176208,483.77,4945, 100465, 57.02,0.5701500499409788,2025-09-23
CELEBRITY, EQ, 23-Sep-2025,12.4,12.2,12.35,12.03,12.17,12.14,12.15,73599,8.94,433, 49464, 67.21,0.6720743488362614,2025-09-23
CELLO, EQ, 23-Sep-2025,618.05,619.0,619.0,609.25,613.0,611.95,613.41,72657,445.69,4452, 34970, 48.13,0.4813025585972446,2025-09-23
CEMPRO, EQ, 23-Sep-2025,801.4,803.0,835.0,799.75,821.0,822.25,823.41,569655,4690.61,24691, 267691, 46.99,0.4699177572390306,2025-09-23
CENTENKA, EQ, 23-Sep-2025,505.7,503.2,506.55,495.3,498.0,496.6,500.88,37445,187.56,1682, 27729, 74.05,0.7405261049539325,2025-09-23
CENTEXT, EQ, 23-Sep-2025,25.22,25.34,26.0,25.22,25.91,25.79,25.63,133901,34.32,986, 89778, 67.05,0.670480429571101,2025-09-23
CENTRALBK, EQ, 23-Sep-2025,37.84,37.8,38.19,37.42,37.92,37.91,37.8,5952985,2249.94,15197, 2275029, 38.22,0.3821660897852086,2025-09-23
CENTRUM, EQ, 23-Sep-2025,36.63,36.64,37.6,36.6,37.05,36.81,36.87,251148,92.59,1335, 178802, 71.19,0.7119387771353942,2025-09-23
CENTUM, EQ, 23-Sep-2025,2810.2,2810.0,2827.9,2765.7,2810.0,2794.7,2794.64,14882,415.9,3810, 6716, 45.13,0.4512834296465529,2025-09-23
CENTURYPLY, EQ, 23-Sep-2025,808.65,808.65,817.0,803.6,809.85,810.2,811.18,43285,351.12,6449, 23728, 54.82,0.548180663047245,2025-09-23
CERA, EQ, 23-Sep-2025,6302.0,6305.5,6349.5,6169.0,6176.5,6180.0,6238.26,20601,1285.14,3440, 14981, 72.72,0.727197708849085,2025-09-23
CEREBRAINT, BZ, 23-Sep-2025,7.29,7.65,7.65,7.65,7.65,7.65,7.65,14408,1.1,20, -, -,,2025-09-23
CESC, EQ, 23-Sep-2025,168.19,168.19,171.36,166.46,167.3,166.84,169.07,4052011,6850.66,68376, 1980166, 48.87,0.4886872222212625,2025-09-23
CEWATER, EQ, 23-Sep-2025,528.85,528.15,534.9,519.25,522.8,521.95,524.3,40949,214.69,2343, 24831, 60.64,0.6063884343940023,2025-09-23
CGCL, EQ, 23-Sep-2025,193.35,194.4,198.4,189.24,193.8,193.2,194.49,3100576,6030.16,27121, 1162159, 37.48,0.37482035595966684,2025-09-23
CGPOWER, EQ, 23-Sep-2025,770.2,771.2,777.7,766.2,770.0,773.45,772.35,1773399,13696.76,36015, 819807, 46.23,0.4622800621856672,2025-09-23
CHALET, EQ, 23-Sep-2025,1009.8,1015.8,1028.6,1006.0,1025.2,1025.1,1018.32,155343,1581.89,11527, 70348, 45.29,0.4528559381497718,2025-09-23
CHAMBLFERT, EQ, 23-Sep-2025,539.75,542.0,542.0,534.6,535.0,537.1,537.83,572929,3081.4,14109, 293549, 51.24,0.5123654065337939,2025-09-23
CHEMBOND, EQ, 23-Sep-2025,183.62,182.0,184.4,178.0,180.0,179.2,180.28,8423,15.19,458, 5433, 64.50,0.6450195892199929,2025-09-23
CHEMBONDCH, EQ, 23-Sep-2025,183.64,188.89,190.15,180.06,182.5,181.31,184.87,38638,71.43,1818, 15381, 39.81,0.3980796107458978,2025-09-23
CHEMCON, EQ, 23-Sep-2025,258.74,261.69,264.3,246.7,253.0,253.61,256.2,390801,1001.22,12424, 107733, 27.57,0.2756722731006318,2025-09-23
CHEMFAB, EQ, 23-Sep-2025,647.8,653.85,656.95,636.5,640.0,640.35,644.45,2989,19.26,460, 1482, 49.58,0.4958179993308799,2025-09-23
CHEMPLASTS, EQ, 23-Sep-2025,423.2,424.8,425.0,418.05,422.0,421.6,420.17,34646,145.57,2880, 17544, 50.64,0.5063788027477919,2025-09-23
CHENNPETRO, EQ, 23-Sep-2025,756.0,755.2,758.45,745.5,752.8,751.7,751.81,459098,3451.53,14585, 177625, 38.69,0.3868999647134163,2025-09-23
CHEVIOT, EQ, 23-Sep-2025,1192.0,1192.0,1196.1,1172.2,1175.0,1179.6,1184.75,1405,16.65,267, 991, 70.53,0.7053380782918149,2025-09-23
CHOICEIN, EQ, 23-Sep-2025,805.85,807.8,818.0,803.45,814.0,815.85,811.87,299891,2434.73,7589, 81884, 27.30,0.273045873333978,2025-09-23
CHOLAFIN, EQ, 23-Sep-2025,1630.0,1629.9,1643.7,1610.1,1623.7,1623.8,1624.47,1724892,28020.28,62211, 1107707, 64.22,0.6421891921349279,2025-09-23
CHOLAHLDNG, EQ, 23-Sep-2025,1988.8,1999.8,1999.8,1909.0,1936.0,1922.4,1932.46,142963,2762.7,14003, 94183, 65.88,0.6587928345096283,2025-09-23
CIEINDIA, EQ, 23-Sep-2025,443.35,445.9,447.6,427.3,430.05,429.5,436.37,277261,1209.87,16718, 137073, 49.44,0.4943825492947079,2025-09-23
CIFL, EQ, 23-Sep-2025,37.34,37.3,37.6,36.3,36.4,36.61,36.85,116254,42.83,1161, 58823, 50.60,0.5059868907736508,2025-09-23
CIGNITITEC, EQ, 23-Sep-2025,1621.7,1620.0,1630.1,1571.5,1582.0,1583.4,1588.89,79773,1267.51,5564, 47174, 59.14,0.5913529640354506,2025-09-23
CINELINE, EQ, 23-Sep-2025,87.24,87.62,91.95,85.38,91.13,90.44,88.7,53246,47.23,799, 31242, 58.67,0.5867483003418097,2025-09-23
CINEVISTA, EQ, 23-Sep-2025,18.43,18.53,20.5,18.3,19.01,18.97,19.41,157659,30.59,811, 54392, 34.50,0.3449977483048859,2025-09-23
CIPLA, EQ, 23-Sep-2025,1542.2,1542.2,1550.7,1517.5,1530.0,1527.1,1527.25,1487350,22715.53,52933, 881061, 59.24,0.5923696507210812,2025-09-23
CLEAN, EQ, 23-Sep-2025,1143.0,1148.7,1148.8,1128.6,1136.0,1132.4,1132.72,371453,4207.51,48035, 259249, 69.79,0.6979321744608336,2025-09-23
CLEDUCATE, BE, 23-Sep-2025,100.33,100.83,101.9,98.0,98.15,98.42,99.06,23829,23.61,221, -, -,,2025-09-23
CLSEL, EQ, 23-Sep-2025,283.25,283.2,283.2,280.0,281.0,281.0,280.92,32805,92.16,765, 20080, 61.21,0.6121018137479043,2025-09-23
CMSINFO, EQ, 23-Sep-2025,401.9,405.65,405.65,399.3,400.4,400.15,400.83,1846667,7401.92,44118, 1506089, 81.56,0.8155715134347449,2025-09-23
COALINDIA, EQ, 23-Sep-2025,394.7,394.75,395.75,392.1,394.0,394.05,394.06,4720322,18600.99,74289, 2771985, 58.72,0.587244895581276,2025-09-23
COASTCORP, EQ, 23-Sep-2025,35.66,35.51,36.28,33.36,33.85,33.95,34.41,231500,79.67,2718, 152554, 65.90,0.6589805615550756,2025-09-23
COCHINSHIP, EQ, 23-Sep-2025,1922.9,1924.0,1925.0,1876.0,1888.6,1885.4,1890.68,1479948,27981.02,63396, 323728, 21.87,0.21874282069370005,2025-09-23
COFFEEDAY, BE, 23-Sep-2025,42.96,42.93,44.9,42.03,44.45,44.51,43.87,699501,306.87,2152, -, -,,2025-09-23
COFORGE, EQ, 23-Sep-2025,1716.9,1718.0,1723.2,1662.2,1668.7,1667.9,1680.58,2038607,34260.33,90352, 1165208, 57.16,0.57157068527676,2025-09-23
COHANCE, EQ, 23-Sep-2025,901.65,904.0,905.0,882.0,900.0,899.35,891.36,1024318,9130.41,37873, 641085, 62.59,0.6258652098274169,2025-09-23
COLPAL, EQ, 23-Sep-2025,2344.8,2343.7,2344.8,2312.1,2322.0,2324.9,2328.49,484250,11275.69,24258, 286726, 59.21,0.5921032524522457,2025-09-23
COMMOIETF, EQ, 23-Sep-2025,92.34,92.81,92.84,91.58,92.37,92.41,92.37,697609,644.39,714, 334145, 47.90,0.47898607959473,2025-09-23
COMPINFO, BZ, 23-Sep-2025,1.94,2.02,2.02,1.92,1.93,1.93,1.94,14620,0.28,20, -, -,,2025-09-23
COMPUSOFT, EQ, 23-Sep-2025,19.62,19.88,19.88,19.33,19.48,19.55,19.57,12079,2.36,210, 10536, 87.23,0.8722576372216243,2025-09-23
COMSYN, EQ, 23-Sep-2025,154.83,155.4,155.5,153.1,155.4,154.64,154.45,256836,396.68,1324, 89528, 34.86,0.34858041707548787,2025-09-23
CONCOR, EQ, 23-Sep-2025,550.15,552.7,552.7,542.5,543.5,543.75,545.25,1229127,6701.82,33047, 719453, 58.53,0.5853365844213007,2025-09-23
CONCORDBIO, EQ, 23-Sep-2025,1620.6,1620.6,1639.5,1609.7,1620.1,1624.4,1624.12,73974,1201.43,10752, 35660, 48.21,0.48206126476870254,2025-09-23
CONFIPET, EQ, 23-Sep-2025,46.95,47.18,47.51,46.25,46.79,46.74,46.87,721204,338.04,4470, 334397, 46.37,0.46366492698321143,2025-09-23
CONS, EQ, 23-Sep-2025,127.91,128.1,128.5,126.23,127.1,126.32,126.64,11786,14.93,96, 7089, 60.15,0.6014763278465977,2025-09-23
CONSOFINVT, EQ, 23-Sep-2025,194.92,195.67,195.67,193.35,193.41,193.49,194.06,1970,3.82,87, 1198, 60.81,0.6081218274111675,2025-09-23
CONSUMBEES, EQ, 23-Sep-2025,138.72,139.41,139.47,137.82,138.5,137.94,138.38,217445,300.89,1882, 182345, 83.86,0.8385798707719193,2025-09-23
CONSUMER, EQ, 23-Sep-2025,12.38,12.45,12.46,12.3,12.34,12.34,12.32,381691,47.01,329, 292655, 76.67,0.7667327759889544,2025-09-23
CONSUMIETF, EQ, 23-Sep-2025,129.07,129.0,129.58,127.64,128.2,127.74,127.98,67539,86.44,423, 47675, 70.59,0.7058884496365063,2025-09-23
CONTROLPR, EQ, 23-Sep-2025,805.05,808.0,843.3,805.1,823.0,828.6,827.01,126421,1045.51,13000, 40229, 31.82,0.31821453714177234,2025-09-23
CORALFINAC, EQ, 23-Sep-2025,45.13,44.92,45.89,44.55,44.55,44.67,45.13,17160,7.74,195, 12876, 75.03,0.7503496503496504,2025-09-23
CORDSCABLE, EQ, 23-Sep-2025,178.37,179.0,183.43,177.2,180.0,179.85,179.68,15061,27.06,644, 6985, 46.38,0.46378062545647697,2025-09-23
COROMANDEL, EQ, 23-Sep-2025,2273.0,2273.0,2289.0,2248.2,2250.0,2255.7,2269.68,214845,4876.3,32857, 129655, 60.35,0.603481579743536,2025-09-23
COSMOFIRST, EQ, 23-Sep-2025,939.8,939.0,942.85,915.4,921.0,916.55,922.52,38387,354.13,3534, 22909, 59.68,0.5967905801443197,2025-09-23
COUNCODOS, EQ, 23-Sep-2025,7.63,7.71,7.72,7.35,7.4,7.38,7.49,48141,3.61,326, 32394, 67.29,0.6728983610643734,2025-09-23
CPCAP, EQ, 23-Sep-2025,138.78,141.74,141.75,136.0,136.05,136.6,137.75,20215,27.85,599, 14203, 70.26,0.7025970813752164,2025-09-23
CPEDU, EQ, 23-Sep-2025,264.63,262.97,292.0,257.43,277.0,274.65,276.59,172572,477.31,3835, 48335, 28.01,0.28008599309273813,2025-09-23
CPPLUS, EQ, 23-Sep-2025,1422.2,1429.9,1433.1,1384.7,1388.0,1394.6,1404.4,90727,1274.17,6855, 42110, 46.41,0.4641396717625404,2025-09-23
CPSEETF, EQ, 23-Sep-2025,93.03,93.05,93.5,92.26,93.2,93.16,92.94,2567392,2386.19,6012, 2172473, 84.62,0.846178923982002,2025-09-23
CRAFTSMAN, EQ, 23-Sep-2025,6776.5,6800.0,6880.0,6779.0,6791.5,6804.5,6808.08,18221,1240.5,3920, 12435, 68.25,0.6824543109598814,2025-09-23
CREATIVE, EQ, 23-Sep-2025,665.85,667.2,705.0,667.2,690.0,691.0,687.44,38513,264.75,2656, 18437, 47.87,0.4787214706722405,2025-09-23
CREATIVEYE, EQ, 23-Sep-2025,7.78,7.75,8.1,7.68,7.7,7.72,7.75,16800,1.3,172, 13760, 81.90,0.819047619047619,2025-09-23
CREDITACC, EQ, 23-Sep-2025,1360.6,1351.0,1365.2,1341.5,1358.5,1357.5,1353.79,96592,1307.65,8685, 42009, 43.49,0.4349117939373861,2025-09-23
CREST, EQ, 23-Sep-2025,379.0,379.7,381.75,379.0,379.0,379.05,379.74,3062,11.63,122, 2827, 92.33,0.9232527759634226,2025-09-23
CRISIL, EQ, 23-Sep-2025,4951.4,4951.0,4963.8,4845.8,4850.0,4851.0,4872.23,25840,1258.98,7559, 14825, 57.37,0.5737229102167183,2025-09-23
CRIZAC, EQ, 23-Sep-2025,316.25,318.55,327.4,315.5,316.5,316.8,320.9,1081186,3469.56,22778, 390024, 36.07,0.36073719045566627,2025-09-23
CROMPTON, EQ, 23-Sep-2025,308.75,309.3,309.6,302.5,305.8,305.35,304.69,2832595,8630.6,31150, 1699428, 60.00,0.5999544587207137,2025-09-23
CROWN, EQ, 23-Sep-2025,165.86,168.7,168.7,160.05,162.0,161.74,163.4,24837,40.58,973, 14630, 58.90,0.5890405443491565,2025-09-23
CSBBANK, EQ, 23-Sep-2025,347.8,347.8,355.2,345.5,348.05,348.2,349.44,751528,2626.16,23211, 425783, 56.66,0.5665564024227973,2025-09-23
CSLFINANCE, EQ, 23-Sep-2025,291.55,291.55,297.35,291.55,291.8,292.0,292.95,5046,14.78,279, 3545, 70.25,0.7025366627031312,2025-09-23
CTE, EQ, 23-Sep-2025,41.25,41.25,42.4,40.15,41.2,41.25,41.68,80274,33.46,477, 44194, 55.05,0.550539402546279,2025-09-23
CUB, EQ, 23-Sep-2025,206.21,206.79,208.33,204.35,204.7,205.01,206.16,1098427,2264.56,13130, 722998, 65.82,0.6582121524689397,2025-09-23
CUBEXTUB, BE, 23-Sep-2025,105.38,105.38,107.99,100.11,101.2,101.08,101.97,35659,36.36,288, -, -,,2025-09-23
CUMMINSIND, EQ, 23-Sep-2025,3990.1,3990.0,4027.7,3981.4,3986.9,4005.2,4006.34,203423,8149.82,24929, 104206, 51.23,0.5122626251702118,2025-09-23
CUPID, EQ, 23-Sep-2025,217.92,218.29,221.0,214.61,219.95,220.1,217.84,2884229,6283.03,17481, 1373203, 47.61,0.47610747967654443,2025-09-23
CURAA, BE, 23-Sep-2025,199.25,209.2,209.2,209.2,209.2,209.2,209.2,36,0.08,3, -, -,,2025-09-23
CYBERMEDIA, BE, 23-Sep-2025,18.66,18.98,18.98,18.1,18.1,18.32,18.36,11186,2.05,51, -, -,,2025-09-23
CYBERTECH, EQ, 23-Sep-2025,164.69,171.48,172.0,164.21,166.01,167.2,167.75,131142,219.99,2551, 62476, 47.64,0.4763996278842781,2025-09-23
CYIENT, EQ, 23-Sep-2025,1194.8,1197.9,1207.2,1185.5,1195.7,1197.6,1198.07,337789,4046.94,21507, 147409, 43.64,0.4363937250768971,2025-09-23
CYIENTDLM, EQ, 23-Sep-2025,478.55,478.5,482.8,455.55,465.0,463.2,471.39,158213,745.8,10461, 84815, 53.61,0.536081105850973,2025-09-23
DABUR, EQ, 23-Sep-2025,522.05,522.0,522.0,512.65,515.4,515.0,515.62,3466804,17875.36,36559, 2349809, 67.78,0.6778026678173903,2025-09-23
DALBHARAT, EQ, 23-Sep-2025,2378.5,2378.5,2389.9,2333.3,2349.0,2339.2,2351.32,479593,11276.75,31469, 247968, 51.70,0.5170384054813144,2025-09-23
DALMIASUG, EQ, 23-Sep-2025,371.55,372.0,372.25,366.0,366.55,366.7,368.78,28347,104.54,1944, 14788, 52.17,0.5216777789536812,2025-09-23
DAMCAPITAL, EQ, 23-Sep-2025,258.43,260.75,264.9,250.51,252.85,253.49,257.87,1343560,3464.65,26057, 386548, 28.77,0.2877043079579624,2025-09-23
DAMODARIND, EQ, 23-Sep-2025,35.88,36.7,36.7,35.4,35.99,35.78,35.59,2033,0.72,43, 1902, 93.56,0.9355632070831283,2025-09-23
DANGEE, EQ, 23-Sep-2025,4.37,4.3,4.44,4.26,4.36,4.32,4.34,43537,1.89,179, 32403, 74.43,0.7442635000114844,2025-09-23
DATAMATICS, EQ, 23-Sep-2025,874.8,874.7,882.9,856.0,861.3,858.9,865.56,105330,911.69,6614, 44497, 42.25,0.42245324219120856,2025-09-23
DATAPATTNS, EQ, 23-Sep-2025,2814.2,2814.2,2860.0,2764.7,2773.0,2773.3,2803.76,234908,6586.27,21711, 94044, 40.03,0.40034396444565534,2025-09-23
DAVANGERE, EQ, 23-Sep-2025,3.83,3.86,3.86,3.74,3.81,3.79,3.79,7285279,276.46,4867, 4949543, 67.94,0.6793896294157026,2025-09-23
DBCORP, EQ, 23-Sep-2025,274.3,274.35,278.7,272.05,274.05,273.6,275.33,36039,99.23,2133, 19389, 53.80,0.5380004994589195,2025-09-23
DBEIL, EQ, 23-Sep-2025,173.25,175.0,183.6,174.16,180.09,178.35,180.17,743603,1339.76,10217, 314943, 42.35,0.42353648384958104,2025-09-23
DBL, EQ, 23-Sep-2025,559.45,560.45,562.7,543.0,556.5,555.15,553.01,240166,1328.13,12631, 114035, 47.48,0.4748174179525828,2025-09-23
DBOL, EQ, 23-Sep-2025,83.22,84.0,84.0,80.85,81.15,81.4,81.85,82008,67.12,1787, 56258, 68.60,0.6860062432933373,2025-09-23
DBREALTY, EQ, 23-Sep-2025,179.74,180.5,180.85,176.51,178.57,177.44,177.84,804732,1431.15,11339, 456490, 56.73,0.5672571738168732,2025-09-23
DBSTOCKBRO, EQ, 23-Sep-2025,25.72,25.84,26.59,25.6,26.0,26.12,25.99,16143,4.2,300, 8486, 52.57,0.5256767639224431,2025-09-23
DCAL, EQ, 23-Sep-2025,314.4,317.0,321.95,301.6,307.6,307.0,313.01,1018130,3186.89,12528, 572781, 56.26,0.5625813992319252,2025-09-23
DCBBANK, EQ, 23-Sep-2025,129.16,129.0,129.64,123.14,127.8,125.78,126.48,1856417,2347.97,11453, 1098501, 59.17,0.5917318145653697,2025-09-23
DCI, EQ, 23-Sep-2025,293.05,295.52,299.69,283.5,285.6,287.37,288.04,17209,49.57,1444, 9417, 54.72,0.5472136672671276,2025-09-23
DCM, EQ, 23-Sep-2025,99.65,99.01,101.88,98.36,99.3,99.72,99.32,17631,17.51,558, 10505, 59.58,0.5958255345697918,2025-09-23
DCMFINSERV, EQ, 23-Sep-2025,5.83,5.81,5.95,5.67,5.72,5.73,5.72,28287,1.62,110, 17545, 62.02,0.6202495846148407,2025-09-23
DCMNVL, EQ, 23-Sep-2025,164.83,166.65,168.0,162.95,164.0,164.03,164.67,10395,17.12,596, 6509, 62.62,0.6261664261664261,2025-09-23
DCMSHRIRAM, EQ, 23-Sep-2025,1235.2,1237.8,1252.0,1205.1,1206.9,1210.9,1224.84,144399,1768.65,14295, 58424, 40.46,0.4046011398970907,2025-09-23
DCMSRIND, EQ, 23-Sep-2025,166.48,166.48,176.78,165.01,171.19,171.23,171.93,324771,558.38,6842, 172196, 53.02,0.5302074384720311,2025-09-23
DCW, EQ, 23-Sep-2025,73.56,73.89,74.62,73.11,74.0,73.5,73.56,336062,247.21,3449, 149012, 44.34,0.44340627622283985,2025-09-23
DCXINDIA, EQ, 23-Sep-2025,272.8,273.0,274.4,268.0,269.0,269.2,269.9,482332,1301.8,12933, 212353, 44.03,0.4402631382533193,2025-09-23
DDEVPLSTIK, EQ, 23-Sep-2025,345.5,347.8,352.0,343.0,345.2,345.1,347.87,95672,332.82,5173, 52429, 54.80,0.5480077765699474,2025-09-23
DECCANCE, EQ, 23-Sep-2025,1130.3,1135.4,1142.9,1085.7,1104.0,1097.3,1109.74,106658,1183.63,7336, 42688, 40.02,0.40023251889216,2025-09-23
DEEDEV, EQ, 23-Sep-2025,281.9,282.0,283.85,278.2,279.0,279.25,280.66,44798,125.73,1881, 23037, 51.42,0.5142417072190723,2025-09-23
DEEPAKFERT, EQ, 23-Sep-2025,1453.6,1451.7,1547.9,1443.0,1522.0,1518.6,1510.88,703222,10624.83,42781, 199258, 28.34,0.28335006583980593,2025-09-23
DEEPAKNTR, EQ, 23-Sep-2025,1811.3,1822.7,1832.0,1805.7,1820.8,1821.1,1820.06,138134,2514.12,12487, 94532, 68.43,0.6843499790058928,2025-09-23
DEEPINDS, EQ, 23-Sep-2025,538.65,539.6,551.3,533.55,539.95,539.6,541.46,142336,770.69,6094, 40088, 28.16,0.2816434352517986,2025-09-23
DELHIVERY, EQ, 23-Sep-2025,467.9,467.85,468.95,457.0,458.4,459.05,460.08,1903827,8759.2,26832, 1048505, 55.07,0.5507354397222016,2025-09-23
DELPHIFX, BE, 23-Sep-2025,234.59,234.65,246.31,232.05,246.31,245.69,243.4,39449,96.02,238, -, -,,2025-09-23
DELTACORP, EQ, 23-Sep-2025,83.92,84.0,84.19,83.05,83.24,83.2,83.38,832229,693.91,6044, 367603, 44.17,0.4417089527041235,2025-09-23
DELTAMAGNT, EQ, 23-Sep-2025,86.38,87.29,89.6,86.0,86.2,86.21,87.63,5868,5.14,275, 2025, 34.51,0.3450920245398773,2025-09-23
DEN, EQ, 23-Sep-2025,35.97,36.01,36.11,35.45,35.6,35.58,35.66,336988,120.18,1481, 234297, 69.53,0.6952680807625198,2025-09-23
DENORA, EQ, 23-Sep-2025,888.55,900.0,908.0,866.3,870.0,877.6,890.75,10605,94.46,958, 6207, 58.53,0.5852899575671853,2025-09-23
DENTA, EQ, 23-Sep-2025,454.75,452.0,478.4,445.4,459.75,462.6,463.05,1280349,5928.7,22377, 246909, 19.28,0.1928450758347919,2025-09-23
DEVIT, EQ, 23-Sep-2025,42.48,42.48,42.8,41.4,41.94,41.71,42.03,47484,19.96,887, 35294, 74.33,0.7432819476034033,2025-09-23
DEVX, BE, 23-Sep-2025,59.88,58.5,58.9,56.88,56.88,56.88,57.24,713918,408.63,3147, -, -,,2025-09-23
DEVYANI, EQ, 23-Sep-2025,175.51,175.51,176.89,174.0,175.57,175.12,175.5,912027,1600.65,7897, 503347, 55.19,0.5518992310534666,2025-09-23
DGCONTENT, BE, 23-Sep-2025,35.84,35.11,35.89,34.5,34.76,35.14,34.84,22481,7.83,107, -, -,,2025-09-23
DHAMPURSUG, EQ, 23-Sep-2025,140.88,140.9,141.03,138.55,140.8,140.77,139.8,74142,103.65,1052, 29857, 40.27,0.40270022389468857,2025-09-23
DHANBANK, EQ, 23-Sep-2025,26.01,26.11,26.17,25.71,25.92,25.81,25.9,358599,92.89,2378, 200788, 55.99,0.5599234799873954,2025-09-23
DHANI, EQ, 23-Sep-2025,66.43,66.47,68.25,65.89,67.36,67.36,67.13,4141862,2780.26,24931, 1390404, 33.57,0.335695394969702,2025-09-23
DHANUKA, EQ, 23-Sep-2025,1547.6,1550.0,1564.9,1531.2,1553.0,1544.6,1549.72,20789,322.17,6292, 9805, 47.16,0.47164365770359323,2025-09-23
DHARAN, BE, 23-Sep-2025,0.57,0.58,0.58,0.58,0.58,0.58,0.58,17667252,102.47,1603, -, -,,2025-09-23
DHARMAJ, EQ, 23-Sep-2025,332.05,333.95,336.4,320.05,320.05,320.75,323.63,56903,184.16,2808, 35598, 62.56,0.6255909178777921,2025-09-23
DHRUV, EQ, 23-Sep-2025,57.26,57.88,57.88,55.7,56.2,56.11,56.25,19066,10.72,175, 12575, 65.96,0.659551033252911,2025-09-23
DHUNINV, EQ, 23-Sep-2025,1420.3,1431.2,1442.2,1400.0,1407.0,1409.1,1420.45,803,11.41,158, 702, 87.42,0.8742216687422167,2025-09-23
DIACABS, EQ, 23-Sep-2025,161.7,161.54,167.0,158.83,162.5,162.51,162.6,3238920,5266.51,21725, 946017, 29.21,0.29207791486050905,2025-09-23
DIAMINESQ, EQ, 23-Sep-2025,370.8,369.0,371.25,356.0,359.95,359.15,362.12,4986,18.06,336, 4282, 85.88,0.8588046530284797,2025-09-23
DIAMONDYD, EQ, 23-Sep-2025,1016.95,1016.0,1018.95,998.0,1004.65,1004.5,1008.9,39756,401.1,2872, 23558, 59.26,0.5925646443304156,2025-09-23
DICIND, EQ, 23-Sep-2025,557.45,564.95,574.9,546.6,546.6,553.25,558.32,2782,15.53,438, 1414, 50.83,0.5082674335010784,2025-09-23
DIFFNKG, EQ, 23-Sep-2025,395.0,396.25,397.75,378.2,385.8,381.3,387.59,231151,895.92,8335, 100254, 43.37,0.4337164883560962,2025-09-23
DIGIDRIVE, EQ, 23-Sep-2025,32.82,32.7,33.0,32.13,32.42,32.53,32.63,37454,12.22,180, 34391, 91.82,0.9182196828109147,2025-09-23
DIGISPICE, BE, 23-Sep-2025,29.04,29.04,29.75,27.75,28.4,28.13,28.59,56196,16.07,381, -, -,,2025-09-23
DIGITIDE, EQ, 23-Sep-2025,177.45,178.85,183.74,173.46,174.0,174.1,177.34,340609,604.02,11859, 149422, 43.87,0.43869069813187556,2025-09-23
DIGJAMLMTD, BE, 23-Sep-2025,56.88,57.0,59.7,55.6,59.0,58.64,58.41,8455,4.94,73, -, -,,2025-09-23
DIL, EQ, 23-Sep-2025,2.11,2.2,2.32,2.18,2.32,2.32,2.3,2781048,63.89,1669, 1930767, 69.43,0.6942587830199263,2025-09-23
DISHTV, EQ, 23-Sep-2025,5.35,5.32,5.39,5.31,5.39,5.35,5.35,1947575,104.26,2042, 706146, 36.26,0.36257705094797377,2025-09-23
DIVGIITTS, EQ, 23-Sep-2025,665.55,665.0,678.4,656.4,656.4,660.85,667.02,5163,34.44,709, 3332, 64.54,0.6453612240945187,2025-09-23
DIVISLAB, EQ, 23-Sep-2025,6092.5,6092.5,6128.0,6006.5,6038.5,6051.0,6046.45,264356,15984.15,38758, 168061, 63.57,0.6357374146983613,2025-09-23
DIVOPPBEES, EQ, 23-Sep-2025,78.39,79.7,79.7,76.95,78.4,78.22,78.1,49389,38.57,996, 27985, 56.66,0.5666241470772844,2025-09-23
DIXON, EQ, 23-Sep-2025,18082.0,18150.0,18170.0,17998.0,18112.0,18130.0,18110.58,132042,23913.57,25265, 63304, 47.94,0.47942321382590386,2025-09-23
DJML, EQ, 23-Sep-2025,97.76,99.9,99.9,95.99,97.32,97.46,97.33,10003,9.74,681, 4959, 49.58,0.4957512746176147,2025-09-23
DLF, EQ, 23-Sep-2025,773.75,774.05,775.7,756.1,760.3,759.4,761.88,3258299,24824.33,57980, 1852397, 56.85,0.5685165787424665,2025-09-23
DLINKINDIA, EQ, 23-Sep-2025,496.45,496.6,500.0,489.3,496.0,493.15,492.95,43307,213.48,3092, 21198, 48.95,0.4894820698732307,2025-09-23
DMART, EQ, 23-Sep-2025,4671.2,4695.8,4711.7,4572.5,4622.7,4633.9,4622.88,398679,18430.45,34424, 195618, 49.07,0.4906654225579978,2025-09-23
DMCC, EQ, 23-Sep-2025,313.1,314.8,315.7,307.6,315.5,312.9,311.12,16018,49.84,858, 8307, 51.86,0.5186040704207766,2025-09-23
DNAMEDIA, EQ, 23-Sep-2025,4.91,4.8,4.99,4.52,4.83,4.79,4.83,81046,3.92,326, 55255, 68.18,0.6817733139204896,2025-09-23
DODLA, EQ, 23-Sep-2025,1393.8,1405.0,1405.0,1373.1,1382.4,1385.7,1383.34,21578,298.5,4295, 9357, 43.36,0.4336361108536472,2025-09-23
DOLATALGO, EQ, 23-Sep-2025,85.63,86.0,86.42,84.11,84.75,84.54,84.74,139884,118.54,2612, 76546, 54.72,0.5472105458808727,2025-09-23
DOLLAR, EQ, 23-Sep-2025,373.55,374.0,377.0,367.85,369.25,369.6,371.89,78020,290.15,4301, 41629, 53.36,0.5335683158164574,2025-09-23
DOLPHIN, EQ, 23-Sep-2025,398.85,401.7,403.5,396.0,399.0,398.5,398.56,1305,5.2,102, 1191, 91.26,0.9126436781609195,2025-09-23
DOMS, EQ, 23-Sep-2025,2622.6,2624.0,2625.0,2600.0,2613.0,2614.0,2613.68,16440,429.69,2339, 9605, 58.42,0.5842457420924574,2025-09-23
DONEAR, EQ, 23-Sep-2025,95.73,95.75,97.0,94.83,96.32,96.04,95.92,25987,24.93,539, 15556, 59.86,0.5986069958055951,2025-09-23
DPABHUSHAN, EQ, 23-Sep-2025,1542.4,1538.0,1558.7,1531.5,1539.3,1535.5,1547.6,23847,369.06,1567, 4944, 20.73,0.20732167568247578,2025-09-23
DPSCLTD, EQ, 23-Sep-2025,12.67,12.67,12.86,12.49,12.61,12.56,12.62,105521,13.32,654, 71100, 67.38,0.6737995280560267,2025-09-23
DPWIRES, EQ, 23-Sep-2025,261.34,261.34,262.8,255.0,262.0,258.97,258.77,33229,85.99,2012, 14016, 42.18,0.42180023473471967,2025-09-23
DRCSYSTEMS, EQ, 23-Sep-2025,20.11,20.5,20.85,19.9,20.27,20.25,20.33,103533,21.05,676, 66897, 64.61,0.6461418098577265,2025-09-23
DREAMFOLKS, BE, 23-Sep-2025,112.36,106.74,106.74,106.74,106.74,106.74,106.74,120917,129.07,1993, -, -,,2025-09-23
DREDGECORP, EQ, 23-Sep-2025,692.8,695.2,703.3,689.45,696.45,694.85,695.55,71738,498.97,6794, 30930, 43.12,0.4311522484596727,2025-09-23
DRREDDY, EQ, 23-Sep-2025,1301.4,1300.0,1311.9,1295.2,1305.3,1308.4,1307.22,1271238,16617.89,42827, 781347, 61.46,0.6146347104161455,2025-09-23
DSSL, EQ, 23-Sep-2025,966.2,964.0,970.0,948.0,949.95,949.95,956.94,23925,228.95,3020, 15616, 65.27,0.6527063740856844,2025-09-23
DTIL, EQ, 23-Sep-2025,189.63,192.74,192.74,186.65,187.65,187.41,188.52,13744,25.91,307, 8835, 64.28,0.642825960419092,2025-09-23
DUCON, EQ, 23-Sep-2025,5.69,5.69,5.69,5.55,5.57,5.57,5.6,540981,30.29,922, 400193, 73.98,0.7397542612402284,2025-09-23
DVL, EQ, 23-Sep-2025,358.05,355.7,360.15,354.1,358.0,358.3,357.88,6121,21.91,481, 4307, 70.36,0.7036431955562816,2025-09-23
DWARKESH, EQ, 23-Sep-2025,41.53,41.99,42.08,41.21,41.75,41.64,41.5,227260,94.32,1354, 102068, 44.91,0.44912435096365394,2025-09-23
DYCL, EQ, 23-Sep-2025,417.95,418.0,421.4,413.0,414.0,413.95,415.87,100854,419.42,4309, 51917, 51.48,0.5147738314791679,2025-09-23
DYNAMATECH, EQ, 23-Sep-2025,7179.5,7208.0,7300.0,7037.0,7108.0,7082.5,7169.74,10923,783.15,2939, 4782, 43.78,0.43779181543532,2025-09-23
DYNPRO, EQ, 23-Sep-2025,352.35,351.6,365.0,346.05,360.35,362.35,356.47,26548,94.63,2058, 14719, 55.44,0.5544297122193762,2025-09-23
E2E, EQ, 23-Sep-2025,3191.8,3239.9,3351.3,3230.0,3351.3,3351.3,3332.95,190016,6333.13,7633, 81790, 43.04,0.43043743684742336,2025-09-23
EASEMYTRIP, EQ, 23-Sep-2025,8.64,8.64,8.71,8.54,8.57,8.55,8.61,7257558,624.67,10788, 3516830, 48.46,0.4845748390849925,2025-09-23
EBANKNIFTY, EQ, 23-Sep-2025,55.78,55.8,55.99,55.5,55.99,55.99,55.75,1186,0.66,21, 782, 65.94,0.6593591905564924,2025-09-23
EBBETF0430, EQ, 23-Sep-2025,1534.58,1543.8,1543.8,1528.77,1534.0,1533.32,1535.95,30761,472.47,382, 19025, 61.85,0.6184779428497122,2025-09-23
EBBETF0431, EQ, 23-Sep-2025,1371.14,1371.99,1377.49,1371.99,1377.4,1376.74,1376.58,19134,263.39,122, 18369, 96.00,0.9600188146754468,2025-09-23
EBBETF0433, EQ, 23-Sep-2025,1251.25,1258.39,1258.39,1249.06,1250.55,1251.92,1251.02,2526,31.6,77, 2096, 82.98,0.8297703879651623,2025-09-23
EBGNG, EQ, 23-Sep-2025,376.35,378.75,379.95,367.2,373.0,373.15,373.17,336234,1254.74,8625, 165201, 49.13,0.49132746837024216,2025-09-23
ECAPINSURE, EQ, 23-Sep-2025,23.15,23.26,23.26,22.96,23.15,23.1,23.12,59290,13.71,217, 45008, 75.91,0.7591162084668578,2025-09-23
ECLERX, EQ, 23-Sep-2025,4264.1,4265.0,4335.0,4231.5,4232.5,4250.9,4284.13,30816,1320.2,8434, 12324, 39.99,0.3999221183800623,2025-09-23
ECOSMOBLTY, EQ, 23-Sep-2025,285.65,285.6,285.65,275.2,276.8,276.65,278.79,52395,146.07,1990, 28391, 54.19,0.5418646817444412,2025-09-23
EDELWEISS, EQ, 23-Sep-2025,118.05,118.05,118.38,115.1,117.25,116.86,116.6,6971517,8129.01,27866, 3023453, 43.37,0.4336865276237582,2025-09-23
EFCIL, EQ, 23-Sep-2025,323.9,327.5,332.35,320.5,328.0,329.85,326.63,1103962,3605.83,21336, 496160, 44.94,0.4494357595641879,2025-09-23
EGOLD, EQ, 23-Sep-2025,112.55,113.55,119.0,113.1,115.75,114.95,114.88,540154,620.51,370, 510583, 94.53,0.9452545014940184,2025-09-23
EICHERMOT, EQ, 23-Sep-2025,6946.0,7015.0,7122.5,6978.5,6982.5,6990.5,7037.71,679055,47789.91,61044, 316973, 46.68,0.46678545920433545,2025-09-23
EIDPARRY, EQ, 23-Sep-2025,1074.5,1074.5,1076.0,1057.0,1072.0,1067.1,1068.33,113061,1207.87,13865, 65961, 58.34,0.5834107251837504,2025-09-23
EIEL, EQ, 23-Sep-2025,271.52,272.0,272.25,263.5,266.75,266.99,267.39,1969365,5265.82,30322, 576890, 29.29,0.29293198569081913,2025-09-23
EIFFL, BE, 23-Sep-2025,230.4,225.0,229.0,225.0,227.0,227.0,227.34,9910,22.53,57, -, -,,2025-09-23
EIHAHOTELS, EQ, 23-Sep-2025,393.3,393.25,395.85,387.55,391.0,390.25,390.84,22130,86.49,1742, 11095, 50.14,0.5013556258472661,2025-09-23
EIHOTEL, EQ, 23-Sep-2025,391.55,394.0,394.0,384.1,388.0,387.2,387.2,256046,991.4,9721, 137078, 53.54,0.5353647391484343,2025-09-23
EIMCOELECO, EQ, 23-Sep-2025,2042.5,2050.0,2050.0,2004.0,2042.5,2031.2,2030.81,10534,213.93,1381, 6461, 61.33,0.613347256502753,2025-09-23
EKC, EQ, 23-Sep-2025,141.59,141.59,148.45,139.15,145.55,145.59,145.33,1799826,2615.75,19007, 695633, 38.65,0.3865001394579254,2025-09-23
ELDEHSG, EQ, 23-Sep-2025,800.1,795.0,802.0,784.1,800.0,800.2,799.88,2372,18.97,161, 2149, 90.60,0.9059865092748736,2025-09-23
ELECON, EQ, 23-Sep-2025,613.45,613.9,615.3,600.55,605.0,605.4,605.41,245177,1484.32,13553, 122990, 50.16,0.5016375924332217,2025-09-23
ELECTCAST, EQ, 23-Sep-2025,98.75,98.75,99.15,97.7,98.44,98.21,98.32,794623,781.25,6960, 394732, 49.68,0.49675380652208656,2025-09-23
ELECTHERM, EQ, 23-Sep-2025,1066.35,1071.95,1119.0,1048.05,1104.0,1105.15,1096.96,22703,249.04,1888, 15304, 67.41,0.6740959344580012,2025-09-23
ELGIEQUIP, EQ, 23-Sep-2025,496.85,500.0,508.4,491.55,501.9,503.1,499.4,531334,2653.46,26791, 302252, 56.89,0.5688549951631178,2025-09-23
ELGIRUBCO, BE, 23-Sep-2025,70.08,69.1,72.0,69.1,70.15,69.57,69.92,13846,9.68,100, -, -,,2025-09-23
ELIN, EQ, 23-Sep-2025,223.38,224.45,234.0,223.0,227.0,224.61,229.0,528737,1210.82,12602, 205214, 38.81,0.3881211263823035,2025-09-23
ELLEN, EQ, 23-Sep-2025,518.75,517.5,522.5,512.9,516.0,514.7,516.22,68185,351.99,3178, 33089, 48.53,0.48528268680794895,2025-09-23
ELM250, EQ, 23-Sep-2025,16.46,16.54,16.54,16.31,16.44,16.39,16.39,16257,2.66,80, 11394, 70.09,0.7008673186934858,2025-09-23
EMAMILTD, EQ, 23-Sep-2025,582.45,585.9,585.9,574.55,578.05,576.55,579.41,660408,3826.48,12270, 535057, 81.02,0.8101915785393272,2025-09-23
EMAMIPAP, EQ, 23-Sep-2025,102.03,102.35,103.46,101.5,101.5,101.65,102.37,12219,12.51,336, 6541, 53.53,0.5353138554709878,2025-09-23
EMAMIREAL, EQ, 23-Sep-2025,113.23,113.17,114.33,111.82,113.5,113.61,113.32,4724,5.35,126, 3076, 65.11,0.6511430990685859,2025-09-23
EMBDL, EQ, 23-Sep-2025,97.75,98.2,98.24,96.47,97.49,97.68,97.32,3827734,3725.21,20380, 1923791, 50.26,0.50259265664751,2025-09-23
EMCURE, EQ, 23-Sep-2025,1317.0,1317.0,1329.6,1305.2,1323.6,1325.0,1319.09,74290,979.95,6050, 54671, 73.59,0.7359133126934985,2025-09-23
EMIL, EQ, 23-Sep-2025,163.39,164.5,164.5,160.2,160.69,161.13,161.74,1853433,2997.69,19294, 620378, 33.47,0.3347183307948008,2025-09-23
EMKAY, EQ, 23-Sep-2025,315.57,328.78,378.68,298.58,378.68,378.68,350.36,3247851,11379.08,45166, 555839, 17.11,0.1711405480115929,2025-09-23
EMMBI, EQ, 23-Sep-2025,104.95,106.65,106.75,104.78,106.75,106.72,106.32,8922,9.49,374, 6372, 71.42,0.7141896435776731,2025-09-23
EMSLIMITED, EQ, 23-Sep-2025,579.85,579.85,582.65,571.3,578.9,577.95,577.16,111993,646.38,6455, 50895, 45.44,0.4544480458600091,2025-09-23
EMUDHRA, EQ, 23-Sep-2025,680.65,678.1,683.55,673.0,674.0,674.1,676.23,53050,358.74,5364, 27967, 52.72,0.527181903864279,2025-09-23
EMULTIMQ, EQ, 23-Sep-2025,42.44,42.65,42.65,41.92,42.15,42.11,42.05,47019,19.77,305, 27636, 58.78,0.5877623939258597,2025-09-23
ENDURANCE, EQ, 23-Sep-2025,2855.8,2841.6,2928.0,2841.0,2843.8,2850.6,2891.84,89535,2589.21,15082, 29611, 33.07,0.3307198302339867,2025-09-23
ENERGYDEV, EQ, 23-Sep-2025,19.87,20.2,20.8,19.88,20.39,20.26,20.32,49216,10.0,429, 29053, 59.03,0.5903161573472041,2025-09-23
ENGINERSIN, EQ, 23-Sep-2025,207.71,207.54,208.49,203.05,204.65,203.7,204.87,1959186,4013.8,23457, 881864, 45.01,0.4501175488187441,2025-09-23
ENIL, EQ, 23-Sep-2025,164.76,165.81,165.81,158.01,161.0,160.61,160.96,39322,63.29,852, 28390, 72.20,0.7219876913686994,2025-09-23
ENRIN, EQ, 23-Sep-2025,3528.6,3566.0,3625.0,3515.9,3596.5,3606.5,3576.48,839211,30014.19,67436, 516998, 61.61,0.6160524587976087,2025-09-23
ENTERO, EQ, 23-Sep-2025,1122.9,1125.0,1125.7,1101.4,1119.0,1104.4,1110.83,74050,822.57,7335, 53830, 72.69,0.7269412559081702,2025-09-23
EPACK, EQ, 23-Sep-2025,378.2,378.65,382.1,364.1,371.1,371.25,371.33,769621,2857.84,22904, 419177, 54.47,0.5446537971287166,2025-09-23
EPIGRAL, EQ, 23-Sep-2025,1745.6,1744.0,1759.8,1731.0,1734.9,1735.1,1740.71,21214,369.27,3456, 11639, 54.86,0.5486471198265297,2025-09-23
EPL, EQ, 23-Sep-2025,215.61,216.6,216.6,213.0,214.0,214.38,214.57,323348,693.8,8650, 158173, 48.92,0.4891726560857033,2025-09-23
EQUAL200, EQ, 23-Sep-2025,13.28,13.28,13.37,13.28,13.33,13.33,13.33,36307,4.84,66, 21115, 58.16,0.581568292615749,2025-09-23
EQUAL50, EQ, 23-Sep-2025,324.98,324.98,325.36,323.73,325.36,325.36,325.13,1232,4.01,10, 988, 80.19,0.801948051948052,2025-09-23
EQUAL50ADD, EQ, 23-Sep-2025,335.44,337.11,337.11,333.47,335.39,335.43,334.99,2947,9.87,116, 1790, 60.74,0.6073973532405836,2025-09-23
EQUIPPP, BE, 23-Sep-2025,19.66,20.09,20.64,19.81,20.64,20.64,20.43,21263,4.34,82, -, -,,2025-09-23
EQUITASBNK, EQ, 23-Sep-2025,56.55,56.49,57.05,55.17,56.95,56.85,56.47,2692712,1520.59,19422, 1250342, 46.43,0.4643430118037131,2025-09-23
ERIS, EQ, 23-Sep-2025,1640.3,1644.1,1649.4,1630.0,1635.0,1634.9,1637.71,38744,634.51,9254, 27755, 71.64,0.7163689861655999,2025-09-23
ESABINDIA, EQ, 23-Sep-2025,5059.0,5060.0,5074.5,5030.0,5050.0,5039.0,5043.73,1203,60.68,293, 766, 63.67,0.6367414796342478,2025-09-23
ESAFSFB, EQ, 23-Sep-2025,29.25,29.26,29.49,29.05,29.45,29.32,29.21,212221,61.99,1364, 145722, 68.67,0.6866521220802843,2025-09-23
ESCORTS, EQ, 23-Sep-2025,3656.8,3672.0,3764.9,3585.0,3760.0,3739.1,3684.87,199806,7362.59,26756, 92165, 46.13,0.4612724342612334,2025-09-23
ESG, EQ, 23-Sep-2025,43.28,43.49,43.49,43.05,43.21,43.2,43.24,4329,1.87,87, 3994, 92.26,0.9226149226149226,2025-09-23
ESILVER, EQ, 23-Sep-2025,133.74,134.4,148.05,134.4,138.0,135.91,135.65,134642,182.64,436, 115813, 86.02,0.8601550779103103,2025-09-23
ESSARSHPNG, EQ, 23-Sep-2025,27.49,27.53,27.54,26.5,26.68,26.91,26.97,220415,59.45,1362, 136245, 61.81,0.6181294376517025,2025-09-23
ESSENTIA, EQ, 23-Sep-2025,1.9,1.91,1.91,1.88,1.9,1.89,1.9,1131216,21.46,1138, 783048, 69.22,0.6922179318538635,2025-09-23
ESTER, EQ, 23-Sep-2025,115.58,115.5,116.8,114.81,115.79,115.08,115.4,36897,42.58,1055, 19708, 53.41,0.5341355665772285,2025-09-23
ETERNAL, EQ, 23-Sep-2025,341.85,340.95,341.3,336.7,338.8,338.35,338.54,15144828,51271.74,108535, 8506605, 56.17,0.5616838302818625,2025-09-23
ETHOSLTD, EQ, 23-Sep-2025,2450.0,2440.0,2520.0,2440.0,2505.9,2504.4,2484.67,16265,404.13,3728, 9080, 55.83,0.558253919458961,2025-09-23
EUREKAFORB, EQ, 23-Sep-2025,574.35,577.0,582.0,572.5,577.0,579.05,577.58,44825,258.9,2682, 25865, 57.70,0.5770217512548801,2025-09-23
EUROBOND, EQ, 23-Sep-2025,216.0,221.0,221.0,214.0,214.0,216.3,217.25,13657,29.67,689, 8276, 60.60,0.6059896024016987,2025-09-23
EUROPRATIK, EQ, 23-Sep-2025,247.0,272.1,278.0,247.06,248.2,248.38,258.43,11746338,30355.5,110595, 4730148, 40.27,0.402691289830073,2025-09-23
EUROTEXIND, EQ, 23-Sep-2025,15.18,16.3,16.3,15.21,15.98,15.98,15.79,816,0.13,25, 478, 58.58,0.5857843137254902,2025-09-23
EVEREADY, EQ, 23-Sep-2025,418.4,419.4,423.55,414.7,415.0,416.1,417.71,134382,561.33,6047, 69723, 51.88,0.5188418091708711,2025-09-23
EVERESTIND, EQ, 23-Sep-2025,687.95,687.95,723.8,687.95,721.0,713.65,713.91,27694,197.71,2544, 12518, 45.20,0.45201126597819025,2025-09-23
EVIETF, EQ, 23-Sep-2025,31.78,32.57,32.57,31.03,32.24,31.78,31.8,209034,66.47,751, 170697, 81.66,0.8165992135250725,2025-09-23
EVINDIA, EQ, 23-Sep-2025,31.74,31.99,32.1,31.26,31.8,31.78,31.84,234777,74.76,1445, 148882, 63.41,0.6341421859892579,2025-09-23
EXCEL, BE, 23-Sep-2025,1.55,1.51,1.51,1.51,1.51,1.51,1.51,16293359,246.03,3445, -, -,,2025-09-23
EXCELINDUS, EQ, 23-Sep-2025,1168.2,1167.7,1168.9,1139.0,1139.0,1143.9,1152.46,5230,60.27,690, 3552, 67.92,0.6791586998087954,2025-09-23
EXICOM, EQ, 23-Sep-2025,155.91,155.81,158.48,153.8,155.35,154.83,155.59,553336,860.92,12730, 180450, 32.61,0.3261128862029581,2025-09-23
EXIDEIND, EQ, 23-Sep-2025,403.85,404.0,410.5,402.6,403.5,403.25,406.17,2101382,8535.22,35595, 960598, 45.71,0.45712678608648977,2025-09-23
EXPLEOSOL, EQ, 23-Sep-2025,1030.9,1033.3,1035.0,984.9,985.0,990.4,1002.85,24843,249.14,2552, 18362, 73.91,0.7391216841766293,2025-09-23
EXXARO, EQ, 23-Sep-2025,8.73,8.75,8.92,8.55,8.8,8.79,8.73,301944,26.35,728, 217309, 71.97,0.7196996794107516,2025-09-23
FACT, EQ, 23-Sep-2025,990.45,990.0,990.3,962.3,972.0,973.65,972.11,205374,1996.46,13359, 65190, 31.74,0.3174209004060884,2025-09-23
FAIRCHEMOR, EQ, 23-Sep-2025,801.25,815.0,817.95,784.6,795.0,792.9,793.44,8775,69.62,1878, 4984, 56.80,0.567977207977208,2025-09-23
FAZE3Q, EQ, 23-Sep-2025,521.45,515.0,524.45,507.4,512.0,511.4,514.4,21985,113.09,1739, 10483, 47.68,0.47682510802820105,2025-09-23
FCL, EQ, 23-Sep-2025,236.41,236.35,237.0,231.71,233.58,233.1,233.73,139883,326.95,5905, 79142, 56.58,0.5657728244318466,2025-09-23
FCSSOFT, EQ, 23-Sep-2025,2.39,2.4,2.41,2.37,2.38,2.37,2.38,2744995,65.36,2123, 1577293, 57.46,0.5746068754223596,2025-09-23
FDC, EQ, 23-Sep-2025,484.05,481.0,483.6,472.8,477.0,478.1,476.61,127619,608.24,5790, 49056, 38.44,0.38439417328140796,2025-09-23
FEDERALBNK, EQ, 23-Sep-2025,195.0,196.0,196.0,193.88,196.0,195.13,194.86,3435579,6694.44,36052, 1851959, 53.91,0.5390529514821228,2025-09-23
FEDFINA, EQ, 23-Sep-2025,152.38,153.0,156.14,151.06,154.0,154.21,154.05,1438222,2215.64,16323, 811108, 56.40,0.5639657855324143,2025-09-23
FEL, BZ, 23-Sep-2025,0.6,0.61,0.61,0.6,0.61,0.61,0.61,22753,0.14,34, -, -,,2025-09-23
FELDVR, BZ, 23-Sep-2025,3.53,3.53,3.65,3.5,3.5,3.5,3.58,4581,0.16,17, -, -,,2025-09-23
FIBERWEB, EQ, 23-Sep-2025,47.32,46.68,47.7,45.69,45.81,45.99,46.66,109738,51.2,1303, 68241, 62.19,0.6218538701270299,2025-09-23
FIEMIND, EQ, 23-Sep-2025,1994.5,2001.9,2035.0,1983.2,2015.0,2019.6,2015.89,98959,1994.9,10942, 46930, 47.42,0.4742368051415233,2025-09-23
FILATEX, EQ, 23-Sep-2025,55.84,55.6,55.92,54.0,54.6,54.24,54.74,622483,340.72,6402, 269616, 43.31,0.433129900736245,2025-09-23
FILATFASH, EQ, 23-Sep-2025,0.61,0.63,0.64,0.6,0.61,0.61,0.62,24852277,153.47,4819, 10711066, 43.10,0.4309893214211318,2025-09-23
FINCABLES, EQ, 23-Sep-2025,835.45,835.8,840.2,820.5,829.0,826.6,826.47,347466,2871.71,16588, 208904, 60.12,0.6012214144693294,2025-09-23
FINEORG, EQ, 23-Sep-2025,4787.1,4820.0,4833.9,4725.6,4788.8,4783.6,4780.71,7779,371.89,2490, 4012, 51.57,0.5157475253888675,2025-09-23
FINIETF, EQ, 23-Sep-2025,30.68,30.83,30.88,30.62,30.81,30.76,30.72,142858,43.89,908, 85163, 59.61,0.5961374231754609,2025-09-23
FINOPB, EQ, 23-Sep-2025,279.0,280.35,282.0,270.0,272.6,271.2,273.16,128506,351.03,4276, 72125, 56.13,0.5612578401008513,2025-09-23
FINPIPE, EQ, 23-Sep-2025,216.09,216.0,216.25,211.0,211.47,211.49,212.57,338842,720.27,7984, 165687, 48.90,0.48898011462569574,2025-09-23
FIRSTCRY, EQ, 23-Sep-2025,379.2,381.6,390.8,374.0,386.6,388.25,384.88,1299148,5000.17,26958, 456541, 35.14,0.35141569705684034,2025-09-23
FISCHER, EQ, 23-Sep-2025,112.9,112.5,118.5,112.0,114.5,115.0,115.7,703496,813.96,10082, 199066, 28.30,0.28296678303785666,2025-09-23
FIVESTAR, EQ, 23-Sep-2025,535.65,539.0,539.0,521.1,524.0,522.85,526.23,918828,4835.12,31548, 487277, 53.03,0.5303245003417397,2025-09-23
FLAIR, EQ, 23-Sep-2025,315.85,317.05,322.8,312.2,322.8,317.55,315.88,49591,156.65,2279, 28431, 57.33,0.5733096731261721,2025-09-23
FLEXITUFF, EQ, 23-Sep-2025,25.92,25.98,25.98,25.25,25.8,25.72,25.76,3023,0.78,26, 3021, 99.93,0.9993384055573933,2025-09-23
FLFL, BZ, 23-Sep-2025,1.83,1.85,1.88,1.76,1.78,1.78,1.79,24495,0.44,68, -, -,,2025-09-23
FLUOROCHEM, EQ, 23-Sep-2025,3888.7,3897.9,3928.4,3823.1,3865.0,3864.5,3877.23,212870,8253.46,21311, 102849, 48.32,0.48315403767557663,2025-09-23
FMCGIETF, EQ, 23-Sep-2025,59.8,60.01,60.09,58.85,59.1,59.04,59.28,2458206,1457.3,52051, 1528907, 62.20,0.6219604866313075,2025-09-23
FMGOETZE, EQ, 23-Sep-2025,553.25,556.95,564.85,545.0,557.0,550.5,554.78,28889,160.27,2541, 15273, 52.87,0.528678735851016,2025-09-23
FMNL, EQ, 23-Sep-2025,12.91,12.65,13.33,12.26,12.79,12.69,12.66,85133,10.78,298, 58730, 68.99,0.6898617457390201,2025-09-23
FOCUS, EQ, 23-Sep-2025,94.39,94.94,95.0,93.24,94.0,93.94,93.91,17838,16.75,306, 10894, 61.07,0.6107186904361476,2025-09-23
FOODSIN, BE, 23-Sep-2025,91.24,91.0,92.51,89.9,90.65,90.52,90.91,109671,99.7,346, -, -,,2025-09-23
FORCEMOT, EQ, 23-Sep-2025,18196.0,18200.0,18399.0,17850.0,18124.0,18111.0,18100.38,68311,12364.55,20889, 13991, 20.48,0.20481328043799682,2025-09-23
FORTIS, EQ, 23-Sep-2025,966.25,969.0,979.3,962.7,969.0,967.7,972.04,1333250,12959.7,47231, 834943, 62.62,0.6262463903994,2025-09-23
FOSECOIND, EQ, 23-Sep-2025,5878.5,5925.0,5999.5,5774.0,5789.0,5783.5,5836.59,4232,247.0,1778, 1779, 42.04,0.4203686200378072,2025-09-23
FSC, BZ, 23-Sep-2025,2.58,2.58,2.65,2.53,2.57,2.56,2.57,9182,0.24,38, -, -,,2025-09-23
FSL, EQ, 23-Sep-2025,365.3,366.5,368.0,360.1,362.1,361.8,363.42,465956,1693.35,18453, 222557, 47.76,0.47763522736052333,2025-09-23
FUSION, EQ, 23-Sep-2025,192.26,192.26,193.6,186.91,193.0,192.0,190.48,756646,1441.29,11263, 514268, 67.97,0.6796679028237775,2025-09-23
GABRIEL, EQ, 23-Sep-2025,1285.5,1288.7,1317.0,1276.8,1290.0,1289.5,1302.1,327122,4259.46,24379, 146867, 44.90,0.4489670520478598,2025-09-23
GAEL, EQ, 23-Sep-2025,109.98,109.51,110.8,108.25,108.7,109.15,109.32,260028,284.25,5897, 150075, 57.71,0.5771493839125017,2025-09-23
GAIL, EQ, 23-Sep-2025,180.95,181.1,181.7,178.15,178.51,178.66,179.35,6368313,11421.69,44542, 3180896, 49.95,0.49948801197428583,2025-09-23
GALAPREC, EQ, 23-Sep-2025,827.8,827.3,830.9,804.7,804.7,806.7,812.03,20765,168.62,2363, 13714, 66.04,0.6604382374187334,2025-09-23
GALAXYSURF, EQ, 23-Sep-2025,2352.5,2340.2,2363.0,2275.0,2360.0,2306.1,2310.0,14259,329.38,2902, 8190, 57.44,0.5743740795287187,2025-09-23
GALLANTT, EQ, 23-Sep-2025,671.2,671.0,673.85,658.2,670.0,664.3,664.95,134206,892.4,4982, 35397, 26.38,0.26375124808130784,2025-09-23
GANDHAR, EQ, 23-Sep-2025,146.12,147.4,147.4,144.75,145.05,144.98,145.47,92912,135.16,3305, 50007, 53.82,0.5382189598760118,2025-09-23
GANDHITUBE, EQ, 23-Sep-2025,928.9,929.5,935.0,910.05,923.9,918.3,917.7,9185,84.29,1196, 4676, 50.91,0.509090909090909,2025-09-23
GANECOS, EQ, 23-Sep-2025,1256.8,1256.2,1288.0,1256.2,1259.9,1259.4,1267.79,28547,361.92,4308, 14004, 49.06,0.4905594283112061,2025-09-23
GANESHBE, EQ, 23-Sep-2025,92.48,92.48,92.9,90.0,91.4,91.19,91.03,133116,121.18,1634, 66822, 50.20,0.5019832326692509,2025-09-23
GANESHHOU, EQ, 23-Sep-2025,865.05,865.05,875.05,846.0,867.5,868.9,865.63,41329,357.76,2660, 19650, 47.55,0.47545307169300005,2025-09-23
GANGAFORGE, EQ, 23-Sep-2025,3.68,3.75,3.82,3.7,3.72,3.72,3.77,201777,7.61,363, 152985, 75.82,0.7581884952199706,2025-09-23
GANGESSECU, EQ, 23-Sep-2025,151.68,155.01,160.01,151.5,152.32,152.34,155.41,3314,5.15,145, 2659, 80.24,0.8023536511768256,2025-09-23
GARFIBRES, EQ, 23-Sep-2025,809.05,806.05,809.45,775.0,784.05,784.1,785.08,44751,351.33,8484, 19318, 43.17,0.4316775044133092,2025-09-23
GARUDA, EQ, 23-Sep-2025,196.72,197.4,201.0,197.4,200.0,200.16,199.4,590357,1177.18,7862, 154282, 26.13,0.2613367843525189,2025-09-23
GATECH, EQ, 23-Sep-2025,0.81,0.83,0.89,0.83,0.89,0.89,0.87,45980586,399.32,5037, 20084623, 43.68,0.436806590503218,2025-09-23
GATECHDVR, BE, 23-Sep-2025,0.61,0.64,0.64,0.64,0.64,0.64,0.64,848090,5.43,199, -, -,,2025-09-23
GATEWAY, EQ, 23-Sep-2025,63.97,64.25,64.43,63.48,63.85,63.81,63.78,753439,480.55,7077, 410013, 54.42,0.5441887133530385,2025-09-23
GAYAHWS, BE, 23-Sep-2025,2.97,3.11,3.11,3.11,3.11,3.11,3.11,302322,9.4,159, -, -,,2025-09-23
GCSL, EQ, 23-Sep-2025,261.9,262.9,299.0,255.2,283.0,263.25,261.45,2999,7.84,410, 650, 21.67,0.21673891297099032,2025-09-23
GEECEE, EQ, 23-Sep-2025,368.8,374.5,376.9,365.75,370.0,369.45,371.49,3568,13.25,224, 3028, 84.87,0.8486547085201793,2025-09-23
GEEKAYWIRE, EQ, 23-Sep-2025,72.18,73.6,73.6,72.0,73.0,72.37,72.78,39312,28.61,793, 23223, 59.07,0.5907356532356532,2025-09-23
GEMAROMA, EQ, 23-Sep-2025,266.15,267.4,270.55,263.15,263.55,264.2,266.01,210462,559.85,8214, 97407, 46.28,0.46282464292841463,2025-09-23
GENCON, EQ, 23-Sep-2025,45.07,45.07,46.97,44.43,45.85,45.95,46.04,90858,41.83,724, 72198, 79.46,0.7946245790134056,2025-09-23
GENESYS, EQ, 23-Sep-2025,544.15,543.05,548.65,535.5,541.9,539.1,541.9,102047,552.99,6002, 54088, 53.00,0.530030280165022,2025-09-23
GENUSPAPER, EQ, 23-Sep-2025,17.81,17.97,18.0,17.8,17.97,17.91,17.89,43180,7.72,219, 32639, 75.59,0.7558823529411764,2025-09-23
GENUSPOWER, EQ, 23-Sep-2025,330.25,331.0,332.4,326.2,327.5,327.75,328.29,267884,879.43,7504, 145576, 54.34,0.5434292454943185,2025-09-23
GEOJITFSL, EQ, 23-Sep-2025,76.33,76.5,85.39,75.92,82.18,82.5,81.94,4045745,3315.17,47398, 1409893, 34.85,0.34848785575956964,2025-09-23
GESHIP, EQ, 23-Sep-2025,1047.85,1052.0,1060.0,1035.0,1042.5,1042.0,1045.82,452648,4733.89,39235, 220110, 48.63,0.4862718933917746,2025-09-23
GFLLIMITED, EQ, 23-Sep-2025,61.39,61.22,62.5,61.01,61.1,61.34,61.91,50776,31.44,702, 31315, 61.67,0.6167283756105246,2025-09-23
GHCL, EQ, 23-Sep-2025,592.85,593.8,605.8,588.0,604.0,601.75,601.41,198403,1193.22,8005, 107632, 54.25,0.5424917969990373,2025-09-23
GHCLTEXTIL, EQ, 23-Sep-2025,79.88,80.9,81.35,79.33,80.0,79.8,80.35,67554,54.28,1526, 45049, 66.69,0.6668591053083459,2025-09-23
GICHSGFIN, EQ, 23-Sep-2025,172.62,175.2,175.2,172.2,174.9,174.25,173.87,35283,61.35,936, 16012, 45.38,0.45381628546325425,2025-09-23
GICRE, EQ, 23-Sep-2025,363.1,366.0,369.35,363.0,363.95,363.6,365.44,649197,2372.4,16338, 340927, 52.52,0.5251518414287188,2025-09-23
GILLANDERS, EQ, 23-Sep-2025,117.83,119.19,119.19,116.0,116.0,116.21,117.35,4360,5.12,254, 2784, 63.85,0.6385321100917432,2025-09-23
GILLETTE, EQ, 23-Sep-2025,10148.0,10125.0,10174.0,9955.0,10000.0,10012.0,10033.33,13599,1364.43,4435, 6721, 49.42,0.49422751672917126,2025-09-23
GILT5YBEES, EQ, 23-Sep-2025,62.92,62.93,63.05,62.91,62.99,62.99,62.96,129115,81.3,301, 96274, 74.56,0.74564535491616,2025-09-23
GINNIFILA, BE, 23-Sep-2025,43.65,42.75,45.83,42.62,45.54,45.23,44.14,41046,18.12,120, -, -,,2025-09-23
GIPCL, EQ, 23-Sep-2025,190.22,190.5,192.0,187.25,190.9,190.33,189.38,315444,597.39,6401, 195329, 61.92,0.6192192592029013,2025-09-23
GKWLIMITED, EQ, 23-Sep-2025,1670.5,1670.0,1689.1,1655.5,1661.0,1661.3,1668.22,67,1.12,30, 30, 44.78,0.44776119402985076,2025-09-23
GLAND, EQ, 23-Sep-2025,2014.8,2023.8,2055.0,1988.2,2015.0,2017.2,2017.06,132401,2670.61,17714, 80521, 60.82,0.6081600592140542,2025-09-23
GLAXO, EQ, 23-Sep-2025,2762.3,2764.0,2780.0,2730.6,2761.0,2761.7,2750.09,68393,1880.87,12815, 39059, 57.11,0.571096457239776,2025-09-23
GLENMARK, EQ, 23-Sep-2025,2017.8,2020.5,2048.0,2010.5,2019.9,2016.8,2025.87,413502,8377.03,33501, 188832, 45.67,0.4566652640132333,2025-09-23
GLFL, EQ, 23-Sep-2025,5.62,5.9,5.9,5.36,5.51,5.51,5.6,10760,0.6,66, 5907, 54.90,0.5489776951672862,2025-09-23
GLOBAL, BE, 23-Sep-2025,69.6,69.5,70.5,67.01,68.5,67.92,68.26,68321,46.63,224, -, -,,2025-09-23
GLOBALE, EQ, 23-Sep-2025,13.84,13.83,15.22,13.83,13.94,13.95,14.18,8848,1.25,97, 5330, 60.24,0.6023960216998192,2025-09-23
GLOBALVECT, EQ, 23-Sep-2025,213.72,214.74,220.5,214.05,214.25,214.88,216.88,12940,28.06,529, 7183, 55.51,0.5551004636785162,2025-09-23
GLOBE, EQ, 23-Sep-2025,2.21,2.24,2.25,2.21,2.25,2.24,2.24,497035,11.11,366, 389006, 78.27,0.7826531330791594,2025-09-23
GLOBECIVIL, EQ, 23-Sep-2025,75.06,75.0,75.99,74.51,74.89,74.78,75.17,181945,136.77,2115, 75882, 41.71,0.41706010057984555,2025-09-23
GLOBUSSPR, EQ, 23-Sep-2025,1089.5,1091.7,1099.0,1074.0,1090.1,1088.6,1084.36,50054,542.77,4011, 29528, 58.99,0.589922883286051,2025-09-23
GLOSTERLTD, EQ, 23-Sep-2025,648.3,655.9,666.0,650.05,666.0,655.55,656.35,1459,9.58,128, 951, 65.18,0.6518163125428376,2025-09-23
GMBREW, EQ, 23-Sep-2025,725.0,728.0,733.45,714.0,720.6,720.35,720.99,26959,194.37,1838, 13951, 51.75,0.5174895211246708,2025-09-23
GMDCLTD, EQ, 23-Sep-2025,565.15,569.5,642.0,565.55,625.6,627.4,617.92,53264312,329132.21,572648, 4929785, 9.26,0.09255324653400197,2025-09-23
GMMPFAUDLR, EQ, 23-Sep-2025,1123.9,1133.4,1133.4,1108.0,1109.0,1110.5,1113.64,50132,558.29,6559, 30773, 61.38,0.613839463815527,2025-09-23
GMRAIRPORT, EQ, 23-Sep-2025,91.17,90.84,91.39,89.93,90.9,90.53,90.56,5911961,5353.76,26431, 2974450, 50.31,0.5031240902976186,2025-09-23
GMRP&UI, EQ, 23-Sep-2025,123.4,123.49,124.1,120.24,122.5,121.82,122.0,1322543,1613.5,11932, 704676, 53.28,0.5328189707253375,2025-09-23
GNA, EQ, 23-Sep-2025,319.1,322.0,332.0,315.25,330.0,328.3,323.84,95786,310.19,4111, 53466, 55.82,0.5581817802184035,2025-09-23
GNFC, EQ, 23-Sep-2025,506.7,508.0,509.4,503.0,503.5,503.65,505.22,138106,697.73,6760, 75099, 54.38,0.5437779676480384,2025-09-23
GOACARBON, EQ, 23-Sep-2025,463.7,464.0,470.45,452.0,453.0,453.9,458.39,31707,145.34,1429, 17056, 53.79,0.5379253792537926,2025-09-23
GOCLCORP, EQ, 23-Sep-2025,369.15,369.9,372.35,361.05,363.8,364.0,367.45,62032,227.93,3410, 23315, 37.59,0.3758543977302038,2025-09-23
GOCOLORS, EQ, 23-Sep-2025,727.05,727.0,729.25,707.0,715.0,712.55,714.3,29403,210.02,2987, 15370, 52.27,0.5227357752610278,2025-09-23
GODAVARIB, EQ, 23-Sep-2025,276.88,278.26,285.99,274.93,280.0,278.9,279.51,59447,166.16,2173, 37623, 63.29,0.6328830723165172,2025-09-23
GODFRYPHLP, EQ, 23-Sep-2025,3453.0,3470.0,3474.0,3331.0,3350.0,3348.0,3361.04,669086,22488.28,57361, 204964, 30.63,0.30633431277892526,2025-09-23
GODHA, BE, 23-Sep-2025,0.59,0.59,0.61,0.59,0.61,0.61,0.6,5534337,33.48,1954, -, -,,2025-09-23
GODIGIT, EQ, 23-Sep-2025,356.95,356.0,362.85,351.55,355.5,355.95,356.01,1089680,3879.33,31025, 753711, 69.17,0.6916810439762132,2025-09-23
GODREJAGRO, EQ, 23-Sep-2025,734.85,740.0,740.0,720.05,726.4,722.85,726.14,83887,609.14,6069, 45136, 53.81,0.5380571483066506,2025-09-23
GODREJCP, EQ, 23-Sep-2025,1232.2,1231.5,1234.4,1188.4,1192.2,1192.2,1202.25,1902576,22873.76,47376, 1144434, 60.15,0.6015181522315008,2025-09-23
GODREJIND, EQ, 23-Sep-2025,1177.8,1175.2,1185.3,1171.8,1180.0,1180.2,1177.98,77110,908.34,6610, 45049, 58.42,0.5842173518350409,2025-09-23
GODREJPROP, EQ, 23-Sep-2025,2103.7,2095.1,2118.3,2085.5,2106.2,2103.7,2100.63,368846,7748.09,24102, 151270, 41.01,0.41011695938142206,2025-09-23
GOENKA, BZ, 23-Sep-2025,1.03,1.03,1.03,0.97,0.98,0.98,0.99,96893,0.96,131, -, -,,2025-09-23
GOKEX, EQ, 23-Sep-2025,800.1,800.9,833.95,786.65,824.4,820.8,813.69,404328,3289.97,18900, 139791, 34.57,0.345736629667003,2025-09-23
GOKUL, EQ, 23-Sep-2025,44.44,44.44,44.94,43.1,43.1,43.72,43.82,24615,10.79,459, 17512, 71.14,0.7114361161893155,2025-09-23
GOKULAGRO, EQ, 23-Sep-2025,414.65,414.65,423.0,408.2,410.1,412.4,414.69,360222,1493.81,12909, 102203, 28.37,0.28372226016178914,2025-09-23
GOLD1, EQ, 23-Sep-2025,93.81,96.15,96.15,94.1,95.99,95.78,95.4,3303089,3150.99,6313, 2728324, 82.60,0.8259916702214201,2025-09-23
GOLD360, EQ, 23-Sep-2025,109.7,109.05,112.9,109.05,112.0,112.0,111.34,18003,20.04,244, 10985, 61.02,0.6101760817641504,2025-09-23
GOLDBEES, EQ, 23-Sep-2025,93.14,94.13,95.38,93.0,95.34,95.13,94.42,36910438,34851.08,79428, 24850591, 67.33,0.6732673017860151,2025-09-23
GOLDCASE, EQ, 23-Sep-2025,17.68,18.03,18.22,17.7,18.06,18.06,17.95,8682200,1558.11,7397, 6438062, 74.15,0.741524268042662,2025-09-23
GOLDENTOBC, BZ, 23-Sep-2025,35.1,35.11,35.8,34.01,35.1,35.1,34.36,288,0.1,15, -, -,,2025-09-23
GOLDETF, EQ, 23-Sep-2025,109.19,110.48,111.92,109.63,111.71,111.37,110.82,1450360,1607.24,4508, 1148474, 79.19,0.7918544361399928,2025-09-23
GOLDETFADD, EQ, 23-Sep-2025,109.26,109.6,111.6,109.27,111.6,111.48,110.94,995995,1104.94,1289, 730686, 73.36,0.7336241647799436,2025-09-23
GOLDIAM, EQ, 23-Sep-2025,385.05,387.0,390.1,378.0,379.9,380.45,381.58,450811,1720.2,7851, 228356, 50.65,0.5065448713540708,2025-09-23
GOLDIETF, EQ, 23-Sep-2025,96.35,97.24,98.59,96.56,98.39,98.36,97.84,11249295,11006.45,20030, 9071683, 80.64,0.8064223580233251,2025-09-23
GOLDSHARE, EQ, 23-Sep-2025,94.5,97.35,97.35,94.8,96.6,96.45,95.89,1230028,1179.52,3673, 1025733, 83.39,0.8339102849691227,2025-09-23
GOLDTECH, EQ, 23-Sep-2025,67.58,69.0,69.0,66.1,67.01,67.07,67.5,19868,13.41,335, 11937, 60.08,0.6008153815180189,2025-09-23
GOODLUCK, EQ, 23-Sep-2025,1101.9,1110.0,1128.0,1095.2,1119.5,1119.5,1115.19,146208,1630.49,7404, 78855, 53.93,0.5393343729481287,2025-09-23
GOPAL, EQ, 23-Sep-2025,364.9,367.85,367.85,361.4,362.6,362.6,363.62,92898,337.8,4661, 50511, 54.37,0.543725376219079,2025-09-23
GOYALALUM, EQ, 23-Sep-2025,7.6,7.62,7.73,7.45,7.57,7.53,7.55,63879,4.82,575, 50690, 79.35,0.793531520531004,2025-09-23
GPIL, EQ, 23-Sep-2025,263.58,264.7,274.6,263.0,268.0,268.34,270.26,8855832,23933.46,90575, 2773111, 31.31,0.313139522068621,2025-09-23
GPPL, EQ, 23-Sep-2025,157.97,157.4,157.96,154.75,155.6,155.48,155.63,818785,1274.28,13982, 375868, 45.91,0.45905579608810615,2025-09-23
GPTHEALTH, EQ, 23-Sep-2025,150.96,150.6,152.12,149.48,149.75,149.79,150.13,82490,123.84,1353, 52095, 63.15,0.6315310946781428,2025-09-23
GPTINFRA, EQ, 23-Sep-2025,122.05,121.15,122.46,119.0,120.9,120.03,120.58,114064,137.54,5052, 60857, 53.35,0.5335338055828307,2025-09-23
GRANULES, EQ, 23-Sep-2025,526.3,526.3,529.2,518.6,522.5,523.8,524.47,439802,2306.64,13238, 187482, 42.63,0.426287283823175,2025-09-23
GRAPHITE, EQ, 23-Sep-2025,569.45,569.45,583.2,567.2,572.25,573.6,575.94,740125,4262.71,19154, 213640, 28.87,0.2886539435906097,2025-09-23
GRASIM, EQ, 23-Sep-2025,2854.1,2858.9,2873.8,2808.1,2813.6,2813.5,2823.72,702680,19841.7,39202, 396857, 56.48,0.5647762850799795,2025-09-23
GRAVITA, EQ, 23-Sep-2025,1671.8,1680.0,1680.0,1651.0,1660.5,1660.2,1659.91,116767,1938.23,10470, 60950, 52.20,0.5219796689133059,2025-09-23
GREAVESCOT, EQ, 23-Sep-2025,218.73,219.05,229.6,217.79,225.09,225.4,226.5,5369060,12160.89,58661, 1430882, 26.65,0.2665051238019318,2025-09-23
GREENLAM, EQ, 23-Sep-2025,259.16,258.5,259.18,251.2,253.2,253.16,253.6,81633,207.02,4685, 25014, 30.64,0.30642019771415974,2025-09-23
GREENPANEL, EQ, 23-Sep-2025,295.4,295.4,297.2,288.55,292.3,290.8,292.37,125818,367.85,9047, 56928, 45.25,0.4524630815940485,2025-09-23
GREENPLY, EQ, 23-Sep-2025,316.35,316.0,319.85,314.0,317.65,317.35,316.69,40035,126.79,1777, 19652, 49.09,0.4908704883227176,2025-09-23
GREENPOWER, EQ, 23-Sep-2025,13.99,13.97,13.99,13.8,13.83,13.83,13.87,1946767,269.99,5154, 1050864, 53.98,0.5397995753985968,2025-09-23
GRINDWELL, EQ, 23-Sep-2025,1639.7,1639.7,1655.0,1616.4,1635.2,1631.0,1631.14,33221,541.88,5406, 25671, 77.27,0.7727341139640589,2025-09-23
GRINFRA, EQ, 23-Sep-2025,1310.3,1306.7,1312.4,1280.0,1283.5,1286.8,1291.1,11391,147.07,2301, 5244, 46.04,0.46036344482486175,2025-09-23
GRMOVER, EQ, 23-Sep-2025,354.45,354.45,359.2,353.5,356.05,355.65,355.88,254963,907.35,4121, 111848, 43.87,0.438683259923989,2025-09-23
GROBTEA, EQ, 23-Sep-2025,1030.2,1044.9,1236.2,990.0,1072.0,1082.1,1149.37,9789,112.51,1248, 2749, 28.08,0.2808254162835836,2025-09-23
GROWWDEFNC, EQ, 23-Sep-2025,82.57,82.57,83.1,81.45,81.95,81.89,81.89,269201,220.44,3031, 170699, 63.41,0.6340949699295322,2025-09-23
GROWWEV, EQ, 23-Sep-2025,31.72,31.52,32.08,31.51,31.64,31.57,31.73,300488,95.34,2254, 217782, 72.48,0.724761055349964,2025-09-23
GROWWGOLD, EQ, 23-Sep-2025,110.31,111.37,112.62,109.96,112.58,112.47,111.59,667253,744.57,4810, 326022, 48.86,0.4886032734210262,2025-09-23
GROWWLIQID, EQ, 23-Sep-2025,105.84,105.87,105.87,105.86,105.87,105.86,105.87,271268,287.18,201, 145394, 53.60,0.535979179261837,2025-09-23
GROWWLOVOL, EQ, 23-Sep-2025,10.51,10.7,10.7,10.33,10.53,10.52,10.51,25835,2.72,237, 16365, 63.34,0.6334430036771821,2025-09-23
GROWWMOM50, EQ, 23-Sep-2025,10.55,10.57,10.58,10.4,10.49,10.46,10.48,101178,10.6,740, 64916, 64.16,0.6416019292731622,2025-09-23
GROWWN200, EQ, 23-Sep-2025,11.44,11.6,11.6,11.25,11.42,11.36,11.38,59708,6.79,596, 39931, 66.88,0.6687713539224225,2025-09-23
GROWWNET, EQ, 23-Sep-2025,10.91,10.8,11.13,10.8,10.87,10.85,10.85,184660,20.04,745, 94404, 51.12,0.5112314523990036,2025-09-23
GROWWNIFTY, EQ, 23-Sep-2025,10.1,10.11,10.17,10.04,10.11,10.11,10.1,290685,29.35,1229, 205104, 70.56,0.7055885236596315,2025-09-23
GROWWNXT50, EQ, 23-Sep-2025,70.21,69.0,71.46,69.0,69.88,69.86,69.94,27203,19.03,484, 21459, 78.88,0.7888468183656214,2025-09-23
GROWWPOWER, EQ, 23-Sep-2025,10.42,10.68,10.68,10.38,10.4,10.44,10.45,442292,46.21,1201, 319382, 72.21,0.7221066625668111,2025-09-23
GROWWRAIL, EQ, 23-Sep-2025,36.09,36.39,36.39,35.63,35.91,35.83,35.83,390054,139.74,3705, 292299, 74.94,0.7493808549585442,2025-09-23
GROWWSLVR, EQ, 23-Sep-2025,131.88,131.89,137.77,131.59,133.51,133.81,133.58,814726,1088.31,5617, 442245, 54.28,0.5428143940416779,2025-09-23
GRPLTD, EQ, 23-Sep-2025,2232.8,2232.8,2247.8,2182.0,2190.0,2192.6,2197.65,1390,30.55,471, 612, 44.03,0.44028776978417267,2025-09-23
GRSE, EQ, 23-Sep-2025,2668.4,2681.0,2695.0,2620.0,2679.0,2680.8,2660.41,1515851,40327.91,73616, 353902, 23.35,0.23346753737669468,2025-09-23
GRWRHITECH, EQ, 23-Sep-2025,3304.2,3303.0,3309.6,3160.0,3176.0,3176.6,3200.95,50009,1600.76,10784, 25619, 51.23,0.5122877881981244,2025-09-23
GSEC10ABSL, EQ, 23-Sep-2025,109.89,110.43,110.43,109.25,109.78,109.78,109.79,25,0.03,7, 23, 92.00,0.92,2025-09-23
GSEC10IETF, EQ, 23-Sep-2025,256.86,256.86,258.58,256.86,258.52,258.52,257.62,71,0.18,11, 63, 88.73,0.8873239436619719,2025-09-23
GSEC10YEAR, EQ, 23-Sep-2025,29.22,29.22,29.43,29.2,29.43,29.26,29.27,16128,4.72,20, 15137, 93.86,0.9385540674603174,2025-09-23
GSEC5IETF, EQ, 23-Sep-2025,63.25,63.25,63.54,62.0,63.28,63.28,63.02,4266,2.69,31, 2955, 69.27,0.6926863572433193,2025-09-23
GSFC, EQ, 23-Sep-2025,205.6,205.5,206.58,202.1,203.2,203.04,204.07,826771,1687.23,11938, 467200, 56.51,0.565089970499691,2025-09-23
GSLSU, EQ, 23-Sep-2025,101.96,103.95,103.95,98.9,100.31,99.5,100.46,88350,88.76,1930, 47172, 53.39,0.5339219015280136,2025-09-23
GSPL, EQ, 23-Sep-2025,313.0,313.7,330.0,313.2,322.95,322.1,324.64,4010218,13018.95,79487, 623064, 15.54,0.15536910960950254,2025-09-23
GSS, EQ, 23-Sep-2025,26.98,27.0,27.31,27.0,27.1,27.08,27.14,20045,5.44,287, 12521, 62.46,0.6246445497630332,2025-09-23
GTECJAINX, EQ, 23-Sep-2025,26.5,25.97,27.45,25.25,25.25,25.37,26.02,1665,0.43,17, 924, 55.50,0.554954954954955,2025-09-23
GTL, EQ, 23-Sep-2025,9.66,9.72,9.74,9.15,9.39,9.32,9.43,1128416,106.42,2060, 747675, 66.26,0.6625880880809915,2025-09-23
GTLINFRA, EQ, 23-Sep-2025,1.52,1.52,1.54,1.52,1.53,1.52,1.53,31861837,486.75,16399, 14542166, 45.64,0.45641329468856423,2025-09-23
GTPL, EQ, 23-Sep-2025,114.39,114.0,114.0,112.5,112.6,112.61,112.94,22516,25.43,693, 14625, 64.95,0.6495381062355658,2025-09-23
GUFICBIO, EQ, 23-Sep-2025,367.55,368.5,372.55,361.0,372.5,371.6,367.66,42637,156.76,2398, 25133, 58.95,0.5894645495696226,2025-09-23
GUJALKALI, EQ, 23-Sep-2025,594.55,594.55,594.55,584.4,585.75,586.2,587.72,26707,156.96,1749, 14173, 53.07,0.5306848391807392,2025-09-23
GUJAPOLLO, BE, 23-Sep-2025,498.25,502.0,512.0,485.1,500.0,505.45,508.61,57665,293.29,387, -, -,,2025-09-23
GUJGASLTD, EQ, 23-Sep-2025,429.15,429.15,440.95,429.15,433.0,432.95,435.71,435135,1895.95,15884, 201536, 46.32,0.4631574109184506,2025-09-23
GUJRAFFIA, EQ, 23-Sep-2025,38.99,37.3,40.4,37.3,38.25,38.37,38.58,49839,19.23,409, 16093, 32.29,0.3228997371536347,2025-09-23
GUJTHEM, EQ, 23-Sep-2025,410.95,411.8,419.95,405.5,407.7,409.4,414.01,154257,638.64,7341, 66583, 43.16,0.4316368138885107,2025-09-23
GULFOILLUB, EQ, 23-Sep-2025,1254.4,1256.0,1259.9,1219.8,1220.0,1220.9,1230.5,55215,679.42,5413, 35936, 65.08,0.6508376347007154,2025-09-23
GULFPETRO, EQ, 23-Sep-2025,41.14,41.93,41.93,40.95,41.34,41.28,41.16,26440,10.88,469, 17796, 67.31,0.673071104387292,2025-09-23
GULPOLY, EQ, 23-Sep-2025,156.77,157.34,157.8,154.61,156.0,155.11,155.58,49750,77.4,966, 30938, 62.19,0.6218693467336683,2025-09-23
GVKPIL, BE, 23-Sep-2025,3.83,3.75,3.82,3.75,3.75,3.75,3.75,491006,18.41,766, -, -,,2025-09-23
GVPIL, EQ, 23-Sep-2025,347.2,349.9,351.9,341.3,346.9,344.95,345.21,141237,487.56,6964, 57794, 40.92,0.4091987227143029,2025-09-23
GVPTECH, EQ, 23-Sep-2025,10.06,9.97,10.13,9.73,9.96,9.92,9.98,56984,5.69,204, 43114, 75.66,0.756598343394637,2025-09-23
GVT&D, EQ, 23-Sep-2025,3022.8,3014.4,3037.7,2953.8,3000.0,2996.4,2991.37,223789,6694.35,37910, 113645, 50.78,0.5078221002819621,2025-09-23
HAL, EQ, 23-Sep-2025,4808.7,4814.5,4834.8,4758.1,4790.0,4799.9,4789.3,746869,35769.81,54304, 282676, 37.85,0.37848136687960005,2025-09-23
HAPPSTMNDS, EQ, 23-Sep-2025,564.2,564.0,564.3,553.6,558.0,556.95,557.37,309736,1726.37,23484, 151419, 48.89,0.4888647105922463,2025-09-23
HAPPYFORGE, EQ, 23-Sep-2025,972.6,979.1,981.9,962.95,973.55,973.85,972.93,41281,401.64,3330, 26584, 64.40,0.643976647852523,2025-09-23
HARDWYN, EQ, 23-Sep-2025,13.28,13.5,13.5,13.24,13.34,13.41,13.31,82744,11.01,375, 67787, 81.92,0.8192376486512617,2025-09-23
HARIOMPIPE, EQ, 23-Sep-2025,543.1,540.3,540.3,504.55,507.0,510.2,515.88,641879,3311.33,20437, 253850, 39.55,0.39547952184134394,2025-09-23
HARRMALAYA, EQ, 23-Sep-2025,209.76,209.83,213.76,208.0,210.9,209.18,210.74,12845,27.07,458, 3780, 29.43,0.29427792915531337,2025-09-23
HARSHA, EQ, 23-Sep-2025,421.3,417.5,424.0,416.5,423.0,421.8,420.2,32312,135.77,2249, 23316, 72.16,0.7215895023520673,2025-09-23
HATHWAY, EQ, 23-Sep-2025,14.86,14.87,14.9,14.7,14.81,14.75,14.77,1649408,243.69,3491, 639140, 38.75,0.3874966048424647,2025-09-23
HATSUN, EQ, 23-Sep-2025,909.5,916.95,916.95,900.0,902.0,902.5,905.2,26099,236.25,3065, 13208, 50.61,0.506073029617993,2025-09-23
HAVELLS, EQ, 23-Sep-2025,1581.3,1581.3,1585.4,1565.0,1569.8,1572.3,1572.96,436090,6859.53,30315, 255018, 58.48,0.5847829576463573,2025-09-23
HAVISHA, BE, 23-Sep-2025,2.0,1.96,2.1,1.91,2.06,2.05,1.99,81690,1.63,126, -, -,,2025-09-23
HBLENGINE, EQ, 23-Sep-2025,818.5,819.0,832.0,805.5,812.0,812.3,817.23,1014656,8292.09,21149, 332346, 32.75,0.3275454932509146,2025-09-23
HBSL, BE, 23-Sep-2025,76.26,76.26,78.4,75.88,76.0,76.05,76.34,853,0.65,35, -, -,,2025-09-23
HCC, EQ, 23-Sep-2025,28.61,28.63,30.0,27.81,29.43,29.46,29.33,29174186,8556.86,32328, 12673120, 43.44,0.43439498191997544,2025-09-23
HCG, EQ, 23-Sep-2025,650.65,661.0,663.1,648.1,660.0,659.65,654.22,253270,1656.94,9207, 178890, 70.63,0.7063213171713981,2025-09-23
HCL-INSYS, EQ, 23-Sep-2025,15.75,15.55,15.87,15.5,15.5,15.54,15.6,166782,26.02,894, 127462, 76.42,0.7642431437445288,2025-09-23
HCLTECH, EQ, 23-Sep-2025,1439.9,1444.2,1444.2,1420.4,1431.4,1429.8,1429.61,3106480,44410.66,105156, 2172888, 69.95,0.6994694960212201,2025-09-23
HDBFS, EQ, 23-Sep-2025,780.2,780.05,782.4,773.3,773.8,774.6,776.65,465488,3615.22,23584, 273667, 58.79,0.587914188980167,2025-09-23
HDFCAMC, EQ, 23-Sep-2025,5827.5,5830.0,5903.5,5811.0,5883.5,5883.5,5863.28,317764,18631.41,26551, 206409, 64.96,0.6495669742324492,2025-09-23
HDFCBANK, EQ, 23-Sep-2025,964.2,967.0,968.2,955.5,958.45,957.2,960.1,21022298,201834.27,190721, 11319285, 53.84,0.5384418487455558,2025-09-23
HDFCBSE500, EQ, 23-Sep-2025,37.43,38.36,38.36,37.22,37.46,37.49,37.53,16084,6.04,242, 10321, 64.17,0.6416936085550858,2025-09-23
HDFCGOLD, EQ, 23-Sep-2025,96.07,97.57,98.47,95.1,98.2,98.19,97.72,6891852,6734.92,10129, 5882235, 85.35,0.8535057049977277,2025-09-23
HDFCGROWTH, EQ, 23-Sep-2025,124.96,125.5,125.6,124.0,124.0,124.56,124.8,8416,10.5,179, 5923, 70.38,0.7037785171102662,2025-09-23
HDFCLIFE, EQ, 23-Sep-2025,787.8,787.45,791.5,774.0,775.9,775.05,777.17,2220802,17259.38,76093, 1324333, 59.63,0.5963309651198081,2025-09-23
HDFCLIQUID, EQ, 23-Sep-2025,1028.63,1028.75,1028.79,1028.75,1028.75,1028.75,1028.77,8318,85.57,14, 7617, 91.57,0.9157249338783361,2025-09-23
HDFCLOWVOL, EQ, 23-Sep-2025,20.94,21.36,21.36,20.82,21.04,20.9,20.93,281200,58.86,359, 236342, 84.05,0.8404765291607397,2025-09-23
HDFCMID150, EQ, 23-Sep-2025,22.02,22.03,22.39,21.84,22.0,21.98,21.97,326206,71.66,1256, 179317, 54.97,0.5497047877721439,2025-09-23
HDFCMOMENT, EQ, 23-Sep-2025,31.22,31.49,31.5,30.94,31.24,31.09,31.12,180698,56.23,972, 138900, 76.87,0.7686858736676665,2025-09-23
HDFCNEXT50, EQ, 23-Sep-2025,71.22,69.43,73.0,69.43,70.99,70.92,70.72,200935,142.1,740, 184288, 91.72,0.9171523129370195,2025-09-23
HDFCNIF100, EQ, 23-Sep-2025,26.63,26.48,26.74,26.25,26.68,26.65,26.62,30287,8.06,399, 17982, 59.37,0.5937200779212203,2025-09-23
HDFCNIFBAN, EQ, 23-Sep-2025,56.78,56.13,57.16,56.12,57.13,56.96,56.77,35521,20.17,888, 29870, 84.09,0.840911010388221,2025-09-23
HDFCNIFIT, EQ, 23-Sep-2025,37.23,37.67,37.68,36.79,37.05,36.89,36.92,344594,127.24,1200, 244321, 70.90,0.7090111841761609,2025-09-23
HDFCNIFTY, EQ, 23-Sep-2025,281.56,282.99,282.99,280.02,281.1,281.23,281.14,119030,334.65,555, 94807, 79.65,0.7964966815088633,2025-09-23
HDFCPSUBK, EQ, 23-Sep-2025,74.27,74.44,75.4,73.74,74.42,74.94,74.93,39555,29.64,241, 34154, 86.35,0.8634559474149918,2025-09-23
HDFCPVTBAN, EQ, 23-Sep-2025,27.33,27.58,27.58,27.19,27.43,27.44,27.31,662211,180.85,840, 558301, 84.31,0.8430862670659351,2025-09-23
HDFCQUAL, EQ, 23-Sep-2025,59.16,59.16,59.37,58.54,58.78,58.81,58.84,24026,14.14,273, 15570, 64.80,0.6480479480562724,2025-09-23
HDFCSENSEX, EQ, 23-Sep-2025,92.32,92.71,93.23,92.0,92.56,92.13,92.54,40599,37.57,425, 20193, 49.74,0.49737678267937635,2025-09-23
HDFCSILVER, EQ, 23-Sep-2025,128.68,131.89,131.89,128.71,130.7,130.19,129.58,4262355,5523.36,7974, 2682342, 62.93,0.6293098533557153,2025-09-23
HDFCSML250, EQ, 23-Sep-2025,174.02,174.5,174.99,173.2,173.96,173.49,173.67,1791322,3110.94,7872, 1363399, 76.11,0.7611133006796098,2025-09-23
HDFCVALUE, EQ, 23-Sep-2025,134.03,136.16,136.16,133.48,134.41,134.5,134.0,16008,21.45,113, 13396, 83.68,0.836831584207896,2025-09-23
HDIL, BZ, 23-Sep-2025,3.1,3.1,3.2,2.96,3.02,3.01,3.07,101497,3.11,214, -, -,,2025-09-23
HEADSUP, EQ, 23-Sep-2025,10.92,10.92,11.49,10.25,10.55,10.77,10.97,33892,3.72,358, 21063, 62.15,0.6214740941815178,2025-09-23
HEALTHADD, EQ, 23-Sep-2025,148.19,148.26,148.3,147.81,147.99,147.99,148.03,408,0.6,13, 336, 82.35,0.8235294117647058,2025-09-23
HEALTHIETF, EQ, 23-Sep-2025,150.91,150.91,151.5,149.68,151.0,150.27,149.85,94044,140.92,1064, 71905, 76.46,0.7645889158266344,2025-09-23
HEALTHY, EQ, 23-Sep-2025,15.1,15.47,15.47,15.01,15.11,15.06,15.06,79887,12.03,831, 56220, 70.37,0.7037440384543168,2025-09-23
HECPROJECT, EQ, 23-Sep-2025,138.5,142.0,145.42,139.21,145.42,145.42,143.06,15545,22.24,605, 8916, 57.36,0.5735606304277903,2025-09-23
HEG, EQ, 23-Sep-2025,517.2,519.0,529.7,516.35,519.9,519.35,522.11,758187,3958.59,20473, 179276, 23.65,0.23645353982592685,2025-09-23
HEIDELBERG, EQ, 23-Sep-2025,215.31,215.5,215.85,212.2,213.0,212.76,213.29,51102,108.99,2935, 23023, 45.05,0.4505303119251693,2025-09-23
HEMIPROP, EQ, 23-Sep-2025,174.94,175.5,177.0,171.62,173.6,173.93,174.12,778807,1356.05,11413, 297035, 38.14,0.38139744506662115,2025-09-23
HERANBA, EQ, 23-Sep-2025,317.45,317.45,318.7,312.3,314.9,313.85,315.09,18942,59.68,1128, 10100, 53.32,0.5332066307676063,2025-09-23
HERCULES, EQ, 23-Sep-2025,184.25,185.0,189.89,178.82,182.74,181.13,182.36,27141,49.5,1493, 15386, 56.69,0.5668914188865554,2025-09-23
HERITGFOOD, EQ, 23-Sep-2025,531.75,532.4,536.0,524.1,535.25,533.45,530.49,508536,2697.73,14672, 219208, 43.11,0.4310569949816729,2025-09-23
HEROMOTOCO, EQ, 23-Sep-2025,5429.5,5450.0,5514.0,5351.0,5365.0,5370.5,5416.05,507377,27479.81,58841, 225661, 44.48,0.44476001080064725,2025-09-23
HESTERBIO, EQ, 23-Sep-2025,1995.4,2005.9,2005.9,1957.0,2000.0,1978.1,1971.05,4927,97.11,698, 1968, 39.94,0.39943170286178203,2025-09-23
HEUBACHIND, EQ, 23-Sep-2025,597.1,597.15,597.9,593.2,597.8,596.85,596.33,13802,82.31,240, 10942, 79.28,0.7927836545428198,2025-09-23
HEXATRADEX, EQ, 23-Sep-2025,176.78,179.0,179.79,176.56,177.39,177.68,177.6,2146,3.81,97, 1058, 49.30,0.4930102516309413,2025-09-23
HEXT, EQ, 23-Sep-2025,726.85,728.7,733.35,685.5,692.45,689.35,700.89,2167268,15190.18,69094, 1322356, 61.01,0.6101488140829837,2025-09-23
HFCL, EQ, 23-Sep-2025,74.85,74.89,75.96,73.96,75.71,75.34,74.78,9392547,7023.81,26263, 2658373, 28.30,0.2830300449920559,2025-09-23
HGINFRA, EQ, 23-Sep-2025,998.2,1008.2,1014.0,990.0,993.55,992.85,997.21,62989,628.13,7363, 35769, 56.79,0.5678610551048596,2025-09-23
HGM, BE, 23-Sep-2025,78.23,78.0,79.8,76.02,79.68,79.52,79.06,7038,5.56,71, -, -,,2025-09-23
HGS, EQ, 23-Sep-2025,522.9,522.9,526.4,516.65,518.9,517.7,518.95,13834,71.79,1516, 8661, 62.61,0.6260662136764493,2025-09-23
HIKAL, EQ, 23-Sep-2025,262.9,263.0,263.05,258.55,260.9,260.1,260.35,130445,339.61,5450, 66535, 51.01,0.5100617118325731,2025-09-23
HILINFRA, EQ, 23-Sep-2025,86.52,86.85,87.2,85.6,85.81,85.81,86.13,316402,272.51,3534, 172820, 54.62,0.546203879874337,2025-09-23
HILTON, EQ, 23-Sep-2025,51.67,52.98,53.27,51.75,52.05,52.24,52.33,97448,50.99,664, 58690, 60.23,0.6022699285772926,2025-09-23
HIMATSEIDE, EQ, 23-Sep-2025,127.95,127.95,130.49,127.95,128.9,129.15,128.96,278097,358.63,4261, 118135, 42.48,0.4247978223425639,2025-09-23
HINDALCO, EQ, 23-Sep-2025,745.7,745.0,752.25,739.65,745.6,745.9,745.55,3783529,28208.08,77459, 2202882, 58.22,0.5822294476928814,2025-09-23
HINDCOMPOS, EQ, 23-Sep-2025,472.75,472.0,477.75,469.0,469.05,469.35,471.77,3346,15.79,412, 2275, 67.99,0.6799163179916318,2025-09-23
HINDCON, EQ, 23-Sep-2025,32.21,32.1,33.21,32.1,33.0,33.02,32.64,24573,8.02,292, 14827, 60.34,0.6033858299759899,2025-09-23
HINDCOPPER, EQ, 23-Sep-2025,296.57,298.1,312.0,293.4,306.9,307.43,305.52,28399927,86766.09,237909, 6529478, 22.99,0.22991178815353996,2025-09-23
HINDMOTORS, EQ, 23-Sep-2025,21.54,20.46,21.4,20.46,20.83,20.79,20.62,4957943,1022.54,12495, 2586048, 52.16,0.5215969606750219,2025-09-23
HINDOILEXP, EQ, 23-Sep-2025,177.67,177.5,178.9,174.2,174.8,174.59,176.33,287528,506.99,4422, 166315, 57.84,0.578430622408948,2025-09-23
HINDPETRO, EQ, 23-Sep-2025,412.75,413.0,425.25,413.0,424.0,424.3,421.38,4865287,20501.43,89193, 2463060, 50.63,0.5062517380783498,2025-09-23
HINDUNILVR, EQ, 23-Sep-2025,2572.2,2568.9,2575.3,2518.2,2524.9,2522.2,2533.19,1430474,36236.68,74139, 971597, 67.92,0.6792133236955024,2025-09-23
HINDWAREAP, EQ, 23-Sep-2025,328.95,330.7,332.55,321.5,321.5,323.6,324.74,53550,173.9,2866, 28842, 53.86,0.5385994397759104,2025-09-23
HINDZINC, EQ, 23-Sep-2025,459.25,461.35,464.25,452.85,462.0,461.5,458.39,4028797,18467.68,44949, 1918230, 47.61,0.47612972309103685,2025-09-23
HIRECT, EQ, 23-Sep-2025,1705.2,1748.0,1748.0,1674.3,1690.0,1691.6,1696.72,25602,434.39,3463, 15370, 60.03,0.6003437231466292,2025-09-23
HISARMETAL, EQ, 23-Sep-2025,183.26,186.01,186.6,183.0,185.7,183.65,184.57,1048,1.93,99, 590, 56.30,0.5629770992366412,2025-09-23
HITECH, EQ, 23-Sep-2025,122.59,122.6,123.48,120.6,122.22,122.09,121.95,3304889,4030.39,24069, 1258935, 38.09,0.38093109935008407,2025-09-23
HITECHCORP, EQ, 23-Sep-2025,205.98,204.83,206.9,200.8,202.0,203.4,203.01,3808,7.73,718, 1542, 40.49,0.40493697478991597,2025-09-23
HITECHGEAR, BE, 23-Sep-2025,744.85,748.55,780.7,747.95,780.7,775.9,765.2,5779,44.22,115, -, -,,2025-09-23
HLEGLAS, EQ, 23-Sep-2025,509.65,512.3,540.0,511.0,533.0,531.45,528.65,390068,2062.09,18958, 113144, 29.01,0.2900622455571849,2025-09-23
HLVLTD, EQ, 23-Sep-2025,11.95,11.84,12.09,11.84,11.92,11.95,11.97,244412,29.27,774, 161111, 65.92,0.6591779454363943,2025-09-23
HMAAGRO, EQ, 23-Sep-2025,33.01,33.08,33.3,32.94,33.08,33.03,33.04,298795,98.72,924, 234185, 78.38,0.7837647885674124,2025-09-23
HMT, BZ, 23-Sep-2025,64.09,64.0,65.0,63.01,63.05,63.43,63.98,9010,5.76,141, -, -,,2025-09-23
HMVL, EQ, 23-Sep-2025,85.32,85.32,85.95,85.0,85.0,85.0,85.23,17802,15.17,218, 13395, 75.24,0.7524435456690259,2025-09-23
HNDFDS, EQ, 23-Sep-2025,549.1,549.1,553.3,542.4,553.0,551.1,549.76,28073,154.33,2679, 18289, 65.15,0.6514800698179746,2025-09-23
HNGSNGBEES, EQ, 23-Sep-2025,526.63,526.75,526.75,522.11,526.75,526.15,526.05,188047,989.23,4591, 136150, 72.40,0.7240211223789798,2025-09-23
HOMEFIRST, EQ, 23-Sep-2025,1265.6,1265.0,1273.9,1249.8,1267.0,1266.0,1260.55,259488,3270.98,17674, 203539, 78.44,0.7843869466025404,2025-09-23
HONASA, EQ, 23-Sep-2025,300.45,300.45,302.65,298.25,300.25,301.1,300.15,197976,594.23,6919, 120682, 60.96,0.6095789388612761,2025-09-23
HONAUT, EQ, 23-Sep-2025,36930.0,37245.0,37280.0,36530.0,36750.0,36805.0,36827.75,2275,837.83,1550, 1289, 56.66,0.5665934065934066,2025-09-23
HONDAPOWER, EQ, 23-Sep-2025,2839.0,2835.0,2900.0,2814.3,2880.0,2867.2,2857.2,7251,207.18,1565, 3083, 42.52,0.42518273341608054,2025-09-23
HPAL, EQ, 23-Sep-2025,49.49,49.78,49.8,47.71,48.25,48.04,48.32,131771,63.67,1620, 83121, 63.08,0.6307988859460731,2025-09-23
HPIL, EQ, 23-Sep-2025,132.52,135.0,136.99,131.0,131.56,131.91,133.16,2315,3.08,141, 1150, 49.68,0.49676025917926564,2025-09-23
HPL, EQ, 23-Sep-2025,474.45,477.1,478.15,469.4,473.25,472.95,473.46,106883,506.04,6563, 47672, 44.60,0.4460204148461402,2025-09-23
HSCL, EQ, 23-Sep-2025,455.2,455.5,460.8,450.0,452.5,451.65,454.57,592276,2692.28,14276, 257680, 43.51,0.43506743477702964,2025-09-23
HTMEDIA, BE, 23-Sep-2025,26.42,26.25,27.4,26.25,27.0,26.99,26.88,142309,38.26,273, -, -,,2025-09-23
HUBTOWN, EQ, 23-Sep-2025,322.95,322.0,330.7,319.45,321.55,323.85,324.41,878666,2850.5,11399, 476170, 54.19,0.5419237799118208,2025-09-23
HUDCO, EQ, 23-Sep-2025,239.96,240.0,240.6,235.0,235.2,235.23,237.75,4416382,10499.79,31804, 1311733, 29.70,0.2970152944197309,2025-09-23
HUHTAMAKI, EQ, 23-Sep-2025,240.31,241.6,243.8,235.0,235.0,236.39,240.37,133177,320.11,2899, 60248, 45.24,0.452390427776568,2025-09-23
HYBRIDFIN, EQ, 23-Sep-2025,14.35,14.42,14.99,14.26,14.68,14.71,14.61,8207,1.2,78, 5782, 70.45,0.7045205312538078,2025-09-23
HYUNDAI, EQ, 23-Sep-2025,2721.7,2830.0,2845.0,2694.0,2724.0,2721.5,2761.5,1768867,48847.27,110710, 458399, 25.91,0.25914837011488145,2025-09-23
ICDSLTD, EQ, 23-Sep-2025,54.31,56.49,57.02,54.31,54.33,54.94,56.0,11943,6.69,185, 9466, 79.26,0.7925981746629825,2025-09-23
ICEMAKE, EQ, 23-Sep-2025,763.3,762.4,785.0,753.1,772.5,770.75,774.57,13544,104.91,1521, 6475, 47.81,0.478071470761961,2025-09-23
ICICIB22, EQ, 23-Sep-2025,110.63,110.9,111.24,110.13,111.1,111.0,110.94,412350,457.44,2480, 349132, 84.67,0.8466884927852553,2025-09-23
ICICIBANK, EQ, 23-Sep-2025,1401.5,1391.0,1403.3,1391.0,1396.1,1394.3,1396.75,12827524,179168.02,197247, 6510966, 50.76,0.507577767930896,2025-09-23
ICICIGI, EQ, 23-Sep-2025,1886.3,1885.0,1902.6,1871.0,1895.0,1894.7,1892.48,891529,16872.02,35745, 672987, 75.49,0.7548683217259338,2025-09-23
ICICIPRULI, EQ, 23-Sep-2025,609.5,609.5,610.3,599.4,600.0,600.85,603.63,420953,2540.99,14566, 239972, 57.01,0.5700683924333595,2025-09-23
ICIL, EQ, 23-Sep-2025,289.64,294.0,294.0,286.24,286.52,288.77,288.96,119577,345.53,5711, 46273, 38.70,0.38697241108239877,2025-09-23
ICRA, EQ, 23-Sep-2025,6631.5,6642.5,6982.0,6576.0,6685.0,6679.5,6767.45,11337,767.23,4317, 3774, 33.29,0.33289229955014554,2025-09-23
IDBI, EQ, 23-Sep-2025,93.2,93.24,94.15,92.4,93.24,93.23,93.21,4923326,4589.2,20412, 1482302, 30.11,0.30107736111726097,2025-09-23
IDEA, EQ, 23-Sep-2025,8.39,8.39,8.97,8.35,8.75,8.72,8.69,1285968709,111763.9,268382, 239714736, 18.64,0.18640790737933888,2025-09-23
IDEAFORGE, EQ, 23-Sep-2025,528.7,539.75,541.95,525.05,533.0,532.9,533.25,417575,2226.72,19047, 89588, 21.45,0.2145434951805065,2025-09-23
IDFCFIRSTB, EQ, 23-Sep-2025,70.92,70.92,71.49,70.45,70.6,70.51,70.79,20655395,14622.48,59988, 13278070, 64.28,0.6428378639091628,2025-09-23
IDFNIFTYET, EQ, 23-Sep-2025,277.13,277.12,277.13,275.62,276.7,276.71,276.58,136,0.38,17, 92, 67.65,0.6764705882352942,2025-09-23
IEL, BE, 23-Sep-2025,20.22,20.62,20.62,20.62,20.62,20.62,20.62,23744,4.9,35, -, -,,2025-09-23
IEX, EQ, 23-Sep-2025,146.09,146.12,146.31,142.87,144.17,143.91,144.51,4643971,6711.04,55700, 1930564, 41.57,0.4157140516166014,2025-09-23
IFBAGRO, EQ, 23-Sep-2025,775.15,789.8,813.9,789.8,813.9,813.9,809.06,6304,51.0,284, 5015, 79.55,0.7955266497461929,2025-09-23
IFBIND, EQ, 23-Sep-2025,1766.7,1750.0,1776.5,1711.0,1750.7,1748.0,1739.59,82685,1438.38,12818, 25764, 31.16,0.3115921872165447,2025-09-23
IFCI, EQ, 23-Sep-2025,58.59,58.3,58.45,57.02,57.24,57.26,57.56,4288216,2468.51,18250, 1446341, 33.73,0.337282683521539,2025-09-23
IFGLEXPOR, EQ, 23-Sep-2025,242.23,244.04,260.0,241.35,255.0,253.16,249.93,49331,123.29,1792, 32222, 65.32,0.6531795422756481,2025-09-23
IGARASHI, EQ, 23-Sep-2025,529.9,540.0,542.35,523.05,526.7,525.1,531.81,59257,315.13,3878, 22863, 38.58,0.3858278346861974,2025-09-23
IGCL, EQ, 23-Sep-2025,108.55,109.4,110.73,107.73,108.7,108.6,109.15,279449,305.03,3501, 111602, 39.94,0.3993644636409506,2025-09-23
IGIL, EQ, 23-Sep-2025,369.5,371.3,371.9,363.0,365.55,366.75,366.36,289884,1062.03,9433, 150248, 51.83,0.5183038732734473,2025-09-23
IGL, EQ, 23-Sep-2025,211.56,211.5,212.85,208.13,208.58,208.69,209.69,799958,1677.47,14765, 361542, 45.20,0.45195122743944055,2025-09-23
IGPL, EQ, 23-Sep-2025,430.0,432.6,432.6,421.0,426.15,426.6,425.87,28388,120.9,1817, 19976, 70.37,0.7036776102578555,2025-09-23
IIFL, EQ, 23-Sep-2025,450.1,452.0,454.1,442.0,450.8,451.0,449.03,929925,4175.69,22316, 425815, 45.79,0.4579025190203511,2025-09-23
IIFLCAPS, EQ, 23-Sep-2025,278.25,278.8,307.0,276.35,297.8,298.45,297.38,2893765,8605.43,64029, 817966, 28.27,0.28266497106710464,2025-09-23
IITL, EQ, 23-Sep-2025,182.66,180.67,184.39,180.67,181.99,181.87,182.21,705,1.28,48, 585, 82.98,0.8297872340425532,2025-09-23
IKIO, EQ, 23-Sep-2025,223.12,227.6,227.6,222.89,226.0,223.83,224.75,93640,210.45,3835, 31939, 34.11,0.3410828705681333,2025-09-23
IKS, EQ, 23-Sep-2025,1498.4,1498.3,1526.0,1485.0,1512.3,1515.5,1510.81,176675,2669.23,13031, 80917, 45.80,0.4579991509834442,2025-09-23
IL&FSENGG, BZ, 23-Sep-2025,31.28,31.28,31.75,29.8,31.45,31.29,30.26,18443,5.58,90, -, -,,2025-09-23
IL&FSTRANS, BZ, 23-Sep-2025,3.23,3.23,3.24,3.14,3.15,3.14,3.16,33719,1.06,84, -, -,,2025-09-23
IMAGICAA, EQ, 23-Sep-2025,56.11,56.11,56.32,55.5,55.8,55.69,55.85,337461,188.46,2613, 235410, 69.76,0.6975917217100642,2025-09-23
IMFA, EQ, 23-Sep-2025,1113.95,1134.5,1176.3,1103.3,1170.0,1162.2,1146.76,304282,3489.37,21952, 126910, 41.71,0.41708020849080785,2025-09-23
IMPAL, EQ, 23-Sep-2025,1067.8,1079.0,1079.0,1050.0,1058.0,1058.95,1065.46,2005,21.36,315, 1340, 66.83,0.6683291770573566,2025-09-23
IMPEXFERRO, BZ, 23-Sep-2025,2.08,2.05,2.06,1.99,2.05,2.05,2.0,18201,0.36,36, -, -,,2025-09-23
INCREDIBLE, EQ, 23-Sep-2025,46.56,45.6,47.5,45.4,45.8,46.96,46.08,12083,5.57,155, 9277, 76.78,0.7677729040801126,2025-09-23
INDBANK, EQ, 23-Sep-2025,32.81,32.81,33.49,32.5,32.77,32.8,32.87,35391,11.63,432, 15807, 44.66,0.44663897601085023,2025-09-23
INDGN, EQ, 23-Sep-2025,577.6,575.6,579.9,571.3,572.3,574.8,574.85,184918,1063.0,10671, 128076, 69.26,0.6926096972712229,2025-09-23
INDHOTEL, EQ, 23-Sep-2025,769.4,772.35,772.35,746.05,752.85,752.0,754.55,4312730,32541.91,100224, 2599554, 60.28,0.6027629830756852,2025-09-23
INDIACEM, EQ, 23-Sep-2025,391.0,391.0,392.35,378.9,382.0,381.7,382.06,547272,2090.89,21260, 235255, 42.99,0.42986851145317134,2025-09-23
INDIAGLYCO, EQ, 23-Sep-2025,875.95,867.0,899.5,863.0,881.2,883.3,884.43,246179,2177.27,14776, 101565, 41.26,0.41256565344728835,2025-09-23
INDIAMART, EQ, 23-Sep-2025,2449.3,2449.3,2456.3,2383.0,2385.3,2391.0,2418.1,87449,2114.61,11473, 64254, 73.48,0.7347596885041567,2025-09-23
INDIANB, EQ, 23-Sep-2025,704.55,703.95,703.95,693.95,694.5,695.1,698.18,1352536,9443.09,35568, 793682, 58.68,0.5868102586548528,2025-09-23
INDIANCARD, EQ, 23-Sep-2025,272.6,273.0,273.0,269.0,269.0,270.9,270.52,3490,9.44,266, 2797, 80.14,0.801432664756447,2025-09-23
INDIANHUME, EQ, 23-Sep-2025,378.55,378.0,380.6,376.65,378.0,378.0,378.49,8812,33.35,983, 4896, 55.56,0.5556059918293237,2025-09-23
INDIASHLTR, EQ, 23-Sep-2025,893.8,894.0,904.45,871.05,880.0,883.0,891.79,137804,1228.92,10939, 70652, 51.27,0.5126991959594787,2025-09-23
INDIGO, EQ, 23-Sep-2025,5747.5,5765.0,5812.5,5716.0,5735.0,5732.0,5761.24,662077,38143.86,56243, 360285, 54.42,0.5441738649734095,2025-09-23
INDIGOPNTS, EQ, 23-Sep-2025,1100.4,1106.2,1116.0,1093.6,1099.0,1098.5,1100.18,30017,330.24,3818, 19947, 66.45,0.6645234367191925,2025-09-23
INDIQUBE, EQ, 23-Sep-2025,233.16,233.4,240.0,233.1,235.5,237.4,238.37,648719,1546.33,22741, 359646, 55.44,0.5543941213375899,2025-09-23
INDNIPPON, EQ, 23-Sep-2025,980.15,980.05,1009.7,980.0,1000.0,1000.0,998.29,42364,422.91,5629, 21614, 51.02,0.5101973373619111,2025-09-23
INDOAMIN, EQ, 23-Sep-2025,144.01,145.45,145.45,140.7,141.5,141.14,141.77,74755,105.98,1722, 47488, 63.52,0.6352484783626513,2025-09-23
INDOBORAX, BE, 23-Sep-2025,250.16,250.0,250.0,240.0,241.0,241.89,244.2,34597,84.49,228, -, -,,2025-09-23
INDOCO, EQ, 23-Sep-2025,298.7,299.9,305.9,298.25,302.0,301.9,301.9,70020,211.39,3598, 34104, 48.71,0.48706083976006853,2025-09-23
INDOFARM, EQ, 23-Sep-2025,262.39,263.15,268.0,260.02,265.0,265.43,265.18,539883,1431.66,12132, 248743, 46.07,0.4607350111042578,2025-09-23
INDORAMA, EQ, 23-Sep-2025,53.8,54.7,55.89,53.23,55.01,55.04,54.51,123306,67.22,1154, 91350, 74.08,0.7408398618072113,2025-09-23
INDOSTAR, EQ, 23-Sep-2025,257.45,260.0,272.0,258.55,271.0,266.45,265.97,266713,709.38,11038, 147005, 55.12,0.5511729836940832,2025-09-23
INDOTECH, EQ, 23-Sep-2025,1774.8,1778.0,1789.9,1750.5,1780.0,1781.8,1768.16,12127,214.42,1513, 6438, 53.09,0.5308815040818009,2025-09-23
INDOTHAI, EQ, 23-Sep-2025,220.6,224.0,231.0,216.0,230.5,230.8,224.27,2179824,4888.7,11022, 679085, 31.15,0.31153203194386336,2025-09-23
INDOUS, EQ, 23-Sep-2025,141.74,141.41,141.72,138.22,139.0,139.53,140.23,9457,13.26,439, 7994, 84.53,0.845299777942265,2025-09-23
INDOWIND, EQ, 23-Sep-2025,17.07,17.08,17.29,16.82,17.01,16.93,16.96,58526,9.93,518, 42219, 72.14,0.7213716980487305,2025-09-23
INDRAMEDCO, EQ, 23-Sep-2025,463.2,462.5,466.95,460.2,462.0,461.95,462.58,110793,512.51,5754, 61075, 55.13,0.5512532380204526,2025-09-23
INDSWFTLAB, BE, 23-Sep-2025,104.34,105.78,105.78,101.3,103.9,103.9,103.41,20175,20.86,135, -, -,,2025-09-23
INDTERRAIN, EQ, 23-Sep-2025,35.36,35.95,35.95,34.33,34.35,34.64,35.02,12543,4.39,293, 7277, 58.02,0.5801642350314916,2025-09-23
INDUSINDBK, EQ, 23-Sep-2025,734.3,735.0,757.0,729.05,755.0,755.25,747.41,4501893,33647.77,90640, 1545401, 34.33,0.3432780388161158,2025-09-23
INDUSTOWER, EQ, 23-Sep-2025,356.0,356.15,360.0,353.35,359.8,359.1,357.14,7194465,25694.35,85081, 4822804, 67.03,0.6703492198516499,2025-09-23
INFIBEAM, EQ, 23-Sep-2025,16.25,16.3,17.09,16.17,16.65,16.63,16.64,25364839,4221.62,24266, 9685605, 38.19,0.38185162539371925,2025-09-23
INFOBEAN, EQ, 23-Sep-2025,515.1,529.0,538.0,523.85,538.0,533.8,531.92,58115,309.12,3077, 29625, 50.98,0.5097651208810118,2025-09-23
INFOMEDIA, BE, 23-Sep-2025,6.43,6.15,6.74,6.15,6.21,6.21,6.16,5437,0.33,13, -, -,,2025-09-23
INFRABEES, EQ, 23-Sep-2025,950.32,950.33,953.89,943.22,946.69,948.53,947.11,9895,93.72,479, 4635, 46.84,0.46841839312784234,2025-09-23
INFRAIETF, EQ, 23-Sep-2025,94.52,94.99,94.99,93.79,94.56,94.63,94.39,66754,63.01,818, 32731, 49.03,0.4903226772927465,2025-09-23
INFY, EQ, 23-Sep-2025,1499.5,1493.0,1513.0,1493.0,1500.6,1497.5,1500.6,9832164,147541.27,164451, 5882928, 59.83,0.5983350155672749,2025-09-23
INGERRAND, EQ, 23-Sep-2025,3970.2,3958.9,4025.0,3950.5,3980.0,4001.9,3987.84,7173,286.05,1427, 4709, 65.65,0.6564896138296389,2025-09-23
INNOVACAP, EQ, 23-Sep-2025,864.0,874.95,874.95,851.55,868.8,869.4,864.16,31130,269.01,3850, 14092, 45.27,0.45268230003212334,2025-09-23
INNOVANA, BE, 23-Sep-2025,521.45,522.0,530.95,522.0,524.0,524.05,524.23,1126,5.9,30, -, -,,2025-09-23
INOXGREEN, EQ, 23-Sep-2025,199.84,199.89,208.9,196.89,201.0,202.63,203.68,2915645,5938.7,18727, 1906198, 65.38,0.6537826107087797,2025-09-23
INOXINDIA, EQ, 23-Sep-2025,1215.6,1216.3,1228.3,1206.3,1213.2,1211.5,1215.53,31552,383.52,4459, 14895, 47.21,0.4720778397565923,2025-09-23
INOXWIND, EQ, 23-Sep-2025,152.43,152.5,153.39,149.3,149.52,149.63,150.57,8282682,12471.26,34191, 4779945, 57.71,0.5771011129003866,2025-09-23
INSECTICID, EQ, 23-Sep-2025,781.45,788.7,788.7,770.1,772.0,772.1,776.0,24549,190.5,2378, 12666, 51.59,0.515947696443847,2025-09-23
INSPIRISYS, BE, 23-Sep-2025,95.9,95.9,96.23,93.0,94.99,93.73,94.27,4435,4.18,58, -, -,,2025-09-23
INTELLECT, EQ, 23-Sep-2025,1072.2,1073.0,1078.35,1048.3,1060.0,1062.65,1056.81,290739,3072.56,18585, 160841, 55.32,0.5532143950416009,2025-09-23
INTENTECH, EQ, 23-Sep-2025,139.0,142.07,149.9,128.21,137.25,137.77,140.67,2167776,3049.35,27648, 894725, 41.27,0.41273867779696793,2025-09-23
INTERARCH, EQ, 23-Sep-2025,2084.8,2084.8,2100.9,2050.0,2060.0,2062.0,2066.16,23048,476.21,2770, 15824, 68.66,0.6865671641791045,2025-09-23
INTERNET, EQ, 23-Sep-2025,14.71,15.0,15.0,14.58,14.63,14.61,14.65,78303,11.47,162, 57693, 73.68,0.7367916938048351,2025-09-23
INTLCONV, EQ, 23-Sep-2025,104.75,108.0,108.0,101.27,102.57,102.2,103.44,709133,733.5,8248, 330770, 46.64,0.4664428252528087,2025-09-23
INVENTURE, EQ, 23-Sep-2025,1.59,1.61,1.61,1.58,1.59,1.58,1.59,609540,9.7,562, 332134, 54.49,0.5448928700331398,2025-09-23
IOB, EQ, 23-Sep-2025,39.8,39.81,40.0,39.18,39.64,39.65,39.55,6603921,2612.02,17777, 2097291, 31.76,0.31758269064696565,2025-09-23
IOC, EQ, 23-Sep-2025,148.3,148.09,149.14,147.55,148.39,148.24,148.38,7296186,10826.31,45716, 3691667, 50.60,0.5059721613456675,2025-09-23
IOLCP, EQ, 23-Sep-2025,116.74,117.2,117.2,114.0,115.14,114.77,115.09,2573442,2961.87,23296, 792861, 30.81,0.30809359604762804,2025-09-23
IONEXCHANG, EQ, 23-Sep-2025,429.4,430.0,431.0,422.6,424.9,424.9,425.15,121867,518.12,9486, 64485, 52.91,0.5291424257592293,2025-09-23
IPCALAB, EQ, 23-Sep-2025,1399.3,1400.8,1404.9,1367.1,1381.5,1395.2,1390.93,202440,2815.8,14803, 93700, 46.29,0.4628531910689587,2025-09-23
IPL, EQ, 23-Sep-2025,228.38,228.7,230.21,225.0,226.1,226.78,227.47,246399,560.49,6593, 95203, 38.64,0.38637737977832703,2025-09-23
IRB, EQ, 23-Sep-2025,43.46,43.35,43.57,42.91,43.18,43.12,43.12,4363692,1881.81,19318, 1952971, 44.76,0.4475501479022809,2025-09-23
IRCON, EQ, 23-Sep-2025,182.05,182.05,182.48,177.74,179.4,179.29,179.66,1762031,3165.7,20996, 605400, 34.36,0.34358078830622163,2025-09-23
IRCTC, EQ, 23-Sep-2025,727.1,727.15,730.0,721.0,723.4,722.6,724.61,571765,4143.06,19408, 340966, 59.63,0.5963394051752031,2025-09-23
IREDA, EQ, 23-Sep-2025,159.06,159.3,159.81,155.0,155.59,155.64,156.42,8095947,12663.93,48767, 3396749, 41.96,0.41956166462058114,2025-09-23
IRFC, EQ, 23-Sep-2025,128.54,128.23,128.93,127.0,127.23,127.29,127.8,5860471,7489.89,35829, 2050526, 34.99,0.349890989990395,2025-09-23
IRIS, BE, 23-Sep-2025,325.05,325.05,327.85,317.5,325.3,326.2,324.83,17078,55.47,174, -, -,,2025-09-23
IRISDOREME, BE, 23-Sep-2025,31.65,31.52,32.49,31.52,32.05,31.95,31.95,27826,8.89,74, -, -,,2025-09-23
IRMENERGY, EQ, 23-Sep-2025,346.65,344.9,393.0,342.05,362.1,367.35,380.46,8613938,32772.94,128545, 655643, 7.61,0.0761142000325519,2025-09-23
ISFT, EQ, 23-Sep-2025,105.05,105.0,107.49,102.5,105.81,104.72,104.44,31912,33.33,1091, 16176, 50.69,0.5068939583855603,2025-09-23
ISGEC, EQ, 23-Sep-2025,957.0,964.0,972.0,940.0,946.0,944.1,947.55,40255,381.44,4381, 24467, 60.78,0.6078002732579804,2025-09-23
ISHANCH, BE, 23-Sep-2025,60.27,61.0,62.65,60.0,62.47,62.2,61.48,126188,77.58,180, -, -,,2025-09-23
IT, EQ, 23-Sep-2025,38.64,38.99,39.09,38.26,38.42,38.34,38.46,635945,244.56,1416, 569105, 89.49,0.8948965712443686,2025-09-23
ITBEES, EQ, 23-Sep-2025,38.78,38.95,38.98,38.43,38.57,38.48,38.57,13024404,5023.48,26290, 10730538, 82.39,0.8238793882622192,2025-09-23
ITC, EQ, 23-Sep-2025,406.95,407.1,408.1,402.1,404.0,403.2,403.67,14936357,60294.15,165353, 8857898, 59.30,0.5930427345838079,2025-09-23
ITCHOTELS, EQ, 23-Sep-2025,239.21,239.2,239.21,236.05,236.87,237.1,237.29,1445862,3430.83,23717, 892144, 61.70,0.6170326075379254,2025-09-23
ITDC, EQ, 23-Sep-2025,614.75,617.0,627.7,614.1,623.0,620.4,619.75,34622,214.57,3794, 10568, 30.52,0.30523944312864654,2025-09-23
ITETF, EQ, 23-Sep-2025,36.91,37.1,37.25,36.55,36.7,36.56,36.69,1916835,703.37,1190, 1133814, 59.15,0.5915031810249709,2025-09-23
ITETFADD, EQ, 23-Sep-2025,36.9,35.97,37.08,35.91,36.89,36.69,36.57,24170,8.84,145, 14237, 58.90,0.5890359950351676,2025-09-23
ITI, EQ, 23-Sep-2025,323.25,324.8,333.25,318.0,322.7,322.55,325.83,937274,3053.94,21243, 304626, 32.50,0.32501274974020405,2025-09-23
ITIETF, EQ, 23-Sep-2025,38.73,38.76,38.92,38.34,38.8,38.47,38.53,3777988,1455.74,2662, 3226038, 85.39,0.8539037180636889,2025-09-23
IVC, EQ, 23-Sep-2025,8.38,8.49,8.49,8.35,8.39,8.37,8.4,80206,6.74,664, 64842, 80.84,0.8084432586090816,2025-09-23
IVP, EQ, 23-Sep-2025,169.85,167.71,170.05,161.85,163.0,163.64,164.71,11058,18.21,301, 7209, 65.19,0.6519262072707542,2025-09-23
IVZINGOLD, EQ, 23-Sep-2025,9798.05,9771.3,10038.95,9771.3,10038.0,10004.0,9950.34,1281,127.46,162, 867, 67.68,0.6768149882903981,2025-09-23
IVZINNIFTY, EQ, 23-Sep-2025,2865.12,2862.0,2865.12,2862.0,2865.12,2865.12,2864.34,4,0.11,3, 3, 75.00,0.75,2025-09-23
IXIGO, EQ, 23-Sep-2025,278.15,279.05,285.95,277.5,278.35,278.45,281.55,2144927,6038.95,38127, 819648, 38.21,0.38213328472251035,2025-09-23
IZMO, BE, 23-Sep-2025,1109.65,1106.0,1165.1,1062.8,1165.1,1165.1,1135.23,185585,2106.82,7836, -, -,,2025-09-23
J&KBANK, EQ, 23-Sep-2025,104.28,104.3,105.87,102.84,105.49,105.29,104.41,2216599,2314.26,15784, 1002396, 45.22,0.4522225264921621,2025-09-23
JAGRAN, EQ, 23-Sep-2025,71.9,72.29,72.29,71.5,71.5,71.59,71.73,59324,42.55,1320, 37120, 62.57,0.6257164048277257,2025-09-23
JAGSNPHARM, EQ, 23-Sep-2025,237.8,238.15,245.0,236.41,241.5,241.89,239.88,71843,172.34,3307, 36508, 50.82,0.5081636345920967,2025-09-23
JAIBALAJI, EQ, 23-Sep-2025,99.92,100.4,100.9,96.61,99.82,99.75,99.2,2532361,2512.17,20163, 1041279, 41.12,0.41118900504311984,2025-09-23
JAICORPLTD, EQ, 23-Sep-2025,156.25,156.1,160.8,153.04,158.0,157.62,157.0,2064904,3241.91,18868, 361103, 17.49,0.1748764107193361,2025-09-23
JAIPURKURT, EQ, 23-Sep-2025,38.48,37.71,40.5,37.5,38.01,37.82,38.46,16258,6.25,122, 4530, 27.86,0.2786320580637225,2025-09-23
JAMNAAUTO, EQ, 23-Sep-2025,104.73,105.0,109.69,104.45,106.9,107.31,107.76,4025369,4337.54,29458, 994468, 24.71,0.24705014621019836,2025-09-23
JASH, EQ, 23-Sep-2025,515.45,515.95,519.9,512.5,515.6,515.25,515.29,40880,210.65,3769, 23225, 56.81,0.5681262230919765,2025-09-23
JAYAGROGN, EQ, 23-Sep-2025,247.85,250.59,250.59,243.29,246.25,247.01,247.3,8317,20.57,729, 4408, 53.00,0.529998797643381,2025-09-23
JAYBARMARU, BE, 23-Sep-2025,99.05,102.69,104.0,100.0,104.0,104.0,103.28,268868,277.69,1452, -, -,,2025-09-23
JAYNECOIND, EQ, 23-Sep-2025,70.68,70.82,72.8,70.6,71.0,71.06,71.69,12720055,9118.8,25689, 4215421, 33.14,0.33139958907410383,2025-09-23
JAYSREETEA, EQ, 23-Sep-2025,97.17,97.5,97.82,95.75,96.35,96.15,96.52,36907,35.62,629, 25053, 67.88,0.6788143170672231,2025-09-23
JBCHEPHARM, EQ, 23-Sep-2025,1719.8,1733.9,1739.9,1712.3,1720.0,1723.4,1725.99,106623,1840.3,7848, 58963, 55.30,0.5530045112217814,2025-09-23
JBMA, EQ, 23-Sep-2025,741.7,750.0,790.0,731.15,737.5,738.2,762.35,11236046,85657.71,221843, 1494043, 13.30,0.13296875075093142,2025-09-23
JCHAC, EQ, 23-Sep-2025,1754.5,1755.0,1760.2,1741.1,1744.5,1746.7,1747.81,9480,165.69,1205, 6482, 68.38,0.6837552742616034,2025-09-23
JETFREIGHT, EQ, 23-Sep-2025,13.5,13.23,14.89,13.23,13.4,13.38,13.72,50510,6.93,223, 33831, 66.98,0.6697881607602455,2025-09-23
JGCHEM, EQ, 23-Sep-2025,457.3,457.0,458.15,441.35,444.25,443.8,449.32,87975,395.29,4636, 51302, 58.31,0.5831429383347542,2025-09-23
JHS, EQ, 23-Sep-2025,11.22,11.45,11.45,10.91,10.91,11.01,11.09,60083,6.67,299, 40856, 68.00,0.6799926767970973,2025-09-23
JINDALPHOT, EQ, 23-Sep-2025,1114.3,1114.3,1114.3,1071.4,1100.0,1101.6,1094.97,3174,34.75,442, 1977, 62.29,0.6228733459357277,2025-09-23
JINDALPOLY, EQ, 23-Sep-2025,599.3,597.75,597.8,588.05,595.0,595.45,593.39,34188,202.87,2660, 15561, 45.52,0.45515970515970516,2025-09-23
JINDALSAW, EQ, 23-Sep-2025,210.22,211.2,216.9,207.81,215.6,215.28,213.35,4102500,8752.54,36992, 2223919, 54.21,0.5420887263863498,2025-09-23
JINDALSTEL, EQ, 23-Sep-2025,1032.45,1035.0,1069.7,1028.05,1063.5,1062.7,1056.29,1889834,19962.17,41400, 920815, 48.72,0.4872464988988451,2025-09-23
JINDRILL, EQ, 23-Sep-2025,605.5,606.5,608.25,600.05,603.95,601.45,602.68,56441,340.16,2939, 31001, 54.93,0.5492638330291809,2025-09-23
JINDWORLD, EQ, 23-Sep-2025,38.0,38.0,38.0,37.11,37.24,37.24,37.41,484453,181.21,4273, 193589, 39.96,0.3996032638873121,2025-09-23
JIOFIN, EQ, 23-Sep-2025,313.85,313.85,315.0,310.75,313.05,312.55,312.28,11896537,37150.9,76354, 6558068, 55.13,0.5512585721374211,2025-09-23
JISLDVREQS, EQ, 23-Sep-2025,33.05,33.6,35.25,32.06,34.4,34.22,34.14,132408,45.21,1901, 73985, 55.88,0.5587653313999155,2025-09-23
JISLJALEQS, EQ, 23-Sep-2025,55.99,55.99,57.7,55.82,56.25,56.21,56.45,3193595,1802.86,15145, 934227, 29.25,0.2925314574953931,2025-09-23
JITFINFRA, BE, 23-Sep-2025,360.55,360.55,365.0,350.0,356.05,356.05,355.16,15781,56.05,412, -, -,,2025-09-23
JKCEMENT, EQ, 23-Sep-2025,6859.5,6859.5,6922.0,6803.5,6803.5,6850.5,6875.85,32013,2201.17,9112, 14531, 45.39,0.45390934932683596,2025-09-23
JKIL, EQ, 23-Sep-2025,640.25,640.25,642.8,628.25,633.2,632.05,633.23,85669,542.48,6673, 42862, 50.03,0.5003210029298812,2025-09-23
JKLAKSHMI, EQ, 23-Sep-2025,888.45,907.65,907.65,876.05,881.1,879.75,883.43,206506,1824.33,10420, 153594, 74.38,0.7437749992736289,2025-09-23
JKPAPER, EQ, 23-Sep-2025,388.65,388.65,389.15,379.75,387.0,386.15,384.19,253440,973.7,7226, 127529, 50.32,0.503192077020202,2025-09-23
JKTYRE, EQ, 23-Sep-2025,378.35,380.75,388.35,378.75,379.65,381.05,381.7,2136050,8153.23,22105, 1333192, 62.41,0.6241389480583319,2025-09-23
JLHL, EQ, 23-Sep-2025,1478.0,1492.8,1494.0,1408.8,1488.8,1488.1,1460.62,42845,625.8,11999, 22476, 52.46,0.524588633446143,2025-09-23
JMA, EQ, 23-Sep-2025,91.79,93.96,93.96,90.52,91.25,92.21,92.89,8340,7.75,206, 6239, 74.81,0.7480815347721822,2025-09-23
JMFINANCIL, EQ, 23-Sep-2025,171.25,172.07,176.0,171.41,173.35,172.65,173.72,4742146,8238.0,35660, 1664804, 35.11,0.3510655302472762,2025-09-23
JNKINDIA, EQ, 23-Sep-2025,299.45,299.45,301.65,296.2,297.0,296.75,297.98,15509,46.21,815, 11150, 71.89,0.718937391192211,2025-09-23
JOCIL, EQ, 23-Sep-2025,158.16,160.0,160.0,157.0,157.0,157.69,158.46,3045,4.82,59, 2362, 77.57,0.7756978653530378,2025-09-23
JPOLYINVST, EQ, 23-Sep-2025,943.6,934.95,953.95,916.0,950.0,944.4,938.33,6699,62.86,1090, 4077, 60.86,0.6085982982534707,2025-09-23
JPPOWER, EQ, 23-Sep-2025,18.52,18.57,18.62,18.22,18.34,18.32,18.39,18543532,3410.83,24237, 8822601, 47.58,0.47577780759350485,2025-09-23
JSFB, EQ, 23-Sep-2025,465.25,468.5,469.35,460.55,462.5,463.3,465.27,137983,642.0,26648, 84177, 61.01,0.610053412376887,2025-09-23
JSL, EQ, 23-Sep-2025,787.55,787.55,804.0,787.0,802.4,801.0,797.42,750145,5981.83,41241, 350830, 46.77,0.46768291463650363,2025-09-23
JSLL, EQ, 23-Sep-2025,818.4,821.95,849.5,816.15,828.05,829.1,836.22,199279,1666.41,12816, 91190, 45.76,0.45759964672644887,2025-09-23
JSWCEMENT, EQ, 23-Sep-2025,149.44,149.44,150.09,146.7,147.35,147.18,148.6,2670876,3968.87,21067, 1619625, 60.64,0.6064021691759558,2025-09-23
JSWENERGY, EQ, 23-Sep-2025,542.95,542.5,555.5,541.1,544.95,543.85,548.15,3398352,18628.02,54371, 1490158, 43.85,0.4384943054751244,2025-09-23
JSWHL, EQ, 23-Sep-2025,18325.0,18550.0,18600.0,18010.0,18284.0,18119.0,18206.54,921,167.68,492, 541, 58.74,0.5874049945711184,2025-09-23
JSWINFRA, EQ, 23-Sep-2025,338.65,341.0,343.5,338.65,342.0,342.05,341.5,3155566,10776.21,38664, 1703515, 53.98,0.5398445160075879,2025-09-23
JSWSTEEL, EQ, 23-Sep-2025,1117.0,1125.0,1148.0,1117.1,1137.9,1138.4,1136.23,2075493,23582.43,51808, 812762, 39.16,0.391599489856145,2025-09-23
JTEKTINDIA, EQ, 23-Sep-2025,182.03,183.4,187.95,178.38,184.25,184.86,183.51,1488605,2731.72,24110, 419790, 28.20,0.28200227729988814,2025-09-23
JTLIND, EQ, 23-Sep-2025,75.52,75.0,75.0,72.95,74.25,74.8,74.51,2183286,1626.82,9771, 1473249, 67.48,0.6747851632814025,2025-09-23
JUBLCPL, BE, 23-Sep-2025,2480.4,2472.0,2472.0,2400.0,2430.0,2412.3,2421.81,7098,171.9,493, -, -,,2025-09-23
JUBLFOOD, EQ, 23-Sep-2025,622.8,624.6,625.65,614.5,615.25,616.7,618.5,1702093,10527.4,38805, 1121980, 65.92,0.6591766724849935,2025-09-23
JUBLINGREA, EQ, 23-Sep-2025,685.4,685.4,687.6,666.05,672.1,671.95,674.23,228885,1543.22,12076, 148777, 65.00,0.6500076457609717,2025-09-23
JUBLPHARMA, EQ, 23-Sep-2025,1091.1,1091.1,1096.7,1073.4,1085.1,1084.8,1084.1,73080,792.26,7176, 46496, 63.62,0.6362342638204708,2025-09-23
JUNIORBEES, EQ, 23-Sep-2025,749.89,756.89,758.11,745.18,748.79,748.22,748.94,195576,1464.76,7588, 115698, 59.16,0.5915756534544115,2025-09-23
JUNIPER, EQ, 23-Sep-2025,298.25,299.95,306.0,298.0,302.8,300.85,301.41,43838,132.13,3603, 20966, 47.83,0.4782608695652174,2025-09-23
JUSTDIAL, EQ, 23-Sep-2025,838.35,838.35,845.35,830.3,834.0,834.25,837.84,68125,570.78,4804, 31601, 46.39,0.4638678899082569,2025-09-23
JWL, EQ, 23-Sep-2025,333.9,334.45,337.9,330.0,330.9,331.05,332.8,771503,2567.54,31281, 352803, 45.73,0.45729310190627903,2025-09-23
JYOTHYLAB, EQ, 23-Sep-2025,322.7,322.6,322.6,320.0,320.75,320.3,320.61,212799,682.25,10000, 133342, 62.66,0.6266100874534185,2025-09-23
JYOTICNC, EQ, 23-Sep-2025,937.25,938.1,939.75,902.0,917.45,913.8,915.75,164456,1506.01,14951, 84384, 51.31,0.5131098895753271,2025-09-23
JYOTISTRUC, EQ, 23-Sep-2025,16.46,16.5,16.52,16.14,16.18,16.17,16.28,2952752,480.74,4760, 1646973, 55.78,0.5577755937511854,2025-09-23
KABRAEXTRU, EQ, 23-Sep-2025,275.5,276.85,285.0,275.7,278.0,277.6,280.88,30076,84.48,1170, 19633, 65.28,0.6527796249501263,2025-09-23
KAJARIACER, EQ, 23-Sep-2025,1200.0,1199.0,1204.7,1179.0,1183.0,1183.0,1189.85,142609,1696.83,18479, 76009, 53.30,0.5329888015482894,2025-09-23
KAKATCEM, EQ, 23-Sep-2025,152.85,154.3,154.3,151.25,153.87,153.8,153.62,640,0.98,48, 504, 78.75,0.7875,2025-09-23
KALAMANDIR, EQ, 23-Sep-2025,158.56,158.56,159.93,155.7,156.5,156.75,157.71,604057,952.66,8632, 338002, 55.96,0.5595531547519522,2025-09-23
KALPATARU, EQ, 23-Sep-2025,387.35,387.35,398.0,385.0,388.6,389.85,389.93,46364,180.79,1437, 21316, 45.98,0.45975325683720125,2025-09-23
KALYANIFRG, EQ, 23-Sep-2025,692.6,692.6,709.4,676.5,680.35,682.75,688.1,828,5.7,109, 652, 78.74,0.7874396135265701,2025-09-23
KALYANKJIL, EQ, 23-Sep-2025,505.25,506.9,506.9,494.0,496.0,494.95,498.82,3515718,17537.13,53174, 1763640, 50.16,0.5016443298353281,2025-09-23
KAMATHOTEL, EQ, 23-Sep-2025,322.45,322.45,324.0,316.15,323.45,321.15,320.23,87623,280.6,2648, 44680, 50.99,0.5099117811533501,2025-09-23
KAMDHENU, EQ, 23-Sep-2025,28.27,28.35,28.6,27.95,28.47,28.19,28.15,516144,145.29,2502, 307852, 59.64,0.596445953067361,2025-09-23
KAMOPAINTS, EQ, 23-Sep-2025,9.13,9.13,9.2,9.04,9.09,9.07,9.07,484047,43.91,2479, 349670, 72.24,0.7223885283867062,2025-09-23
KANANIIND, EQ, 23-Sep-2025,1.95,1.95,1.98,1.95,1.98,1.96,1.96,153032,3.0,375, 131636, 86.02,0.8601861048669559,2025-09-23
KANORICHEM, EQ, 23-Sep-2025,82.59,82.5,83.5,81.82,82.02,82.76,82.46,8504,7.01,155, 6361, 74.80,0.7480009407337723,2025-09-23
KANPRPLA, EQ, 23-Sep-2025,217.79,218.0,222.0,212.44,222.0,218.34,216.35,9958,21.54,790, 4985, 50.06,0.5006025306286402,2025-09-23
KANSAINER, EQ, 23-Sep-2025,253.0,253.2,253.47,245.1,246.01,246.21,247.13,873562,2158.86,29862, 612581, 70.12,0.7012450175259455,2025-09-23
KAPSTON, EQ, 23-Sep-2025,247.32,249.05,264.4,245.11,262.0,259.92,256.22,24152,61.88,461, 19734, 81.71,0.8170751904604173,2025-09-23
KARMAENG, EQ, 23-Sep-2025,58.52,64.37,64.37,63.3,64.37,64.37,64.28,37440,24.07,185, 27505, 73.46,0.734642094017094,2025-09-23
KARURVYSYA, EQ, 23-Sep-2025,212.85,212.76,215.0,212.0,213.0,213.43,213.45,618439,1320.08,15341, 284384, 45.98,0.4598416335321673,2025-09-23
KAUSHALYA, BE, 23-Sep-2025,1107.4,1106.0,1162.7,1069.0,1162.7,1162.7,1124.79,1315,14.79,163, -, -,,2025-09-23
KAVDEFENCE, BE, 23-Sep-2025,115.78,117.0,121.56,116.0,121.56,121.56,120.73,419922,506.96,3156, -, -,,2025-09-23
KAYA, BE, 23-Sep-2025,464.7,474.0,487.9,450.1,487.9,482.45,469.97,36531,171.68,353, -, -,,2025-09-23
KAYNES, EQ, 23-Sep-2025,7083.5,7100.0,7299.0,7100.0,7233.0,7242.0,7226.26,433904,31355.05,37361, 108086, 24.91,0.2491011836719643,2025-09-23
KCP, EQ, 23-Sep-2025,202.8,202.8,204.05,201.0,202.44,201.54,201.86,103393,208.71,1919, 67015, 64.82,0.6481579990908476,2025-09-23
KCPSUGIND, EQ, 23-Sep-2025,32.57,32.57,32.69,32.1,32.1,32.26,32.28,72210,23.31,513, 58649, 81.22,0.8122005262429026,2025-09-23
KDDL, EQ, 23-Sep-2025,2601.0,2605.0,2691.1,2595.3,2633.4,2626.5,2641.64,14862,392.6,3111, 5160, 34.72,0.3471941865159467,2025-09-23
KEC, EQ, 23-Sep-2025,866.15,891.0,937.8,878.1,883.0,883.9,917.24,16870109,154738.73,355559, 2060981, 12.22,0.12216761610728182,2025-09-23
KECL, EQ, 23-Sep-2025,121.89,122.4,124.9,120.7,123.8,122.34,122.65,179330,219.95,2570, 84749, 47.26,0.4725868510567111,2025-09-23
KEEPLEARN, EQ, 23-Sep-2025,2.77,2.78,2.84,2.7,2.83,2.79,2.8,22367,0.63,795, 20776, 92.89,0.9288684222291769,2025-09-23
KEI, EQ, 23-Sep-2025,4131.4,4131.4,4210.1,4055.0,4172.0,4190.3,4147.85,522204,21660.22,32031, 292181, 55.95,0.5595150554189551,2025-09-23
KELLTONTEC, EQ, 23-Sep-2025,25.85,25.85,26.06,25.45,25.55,25.54,25.59,6259012,1601.48,7718, 2904493, 46.40,0.4640497573738475,2025-09-23
KERNEX, EQ, 23-Sep-2025,1096.2,1082.0,1125.0,1082.0,1108.0,1106.0,1108.99,65736,729.0,3673, 40903, 62.22,0.6222313496409881,2025-09-23
KESORAMIND, EQ, 23-Sep-2025,6.03,5.95,5.98,5.72,5.72,5.72,5.8,2052266,119.04,2589, 1203535, 58.64,0.5864420109284079,2025-09-23
KEYFINSERV, EQ, 23-Sep-2025,239.65,246.45,246.45,235.0,235.65,238.4,238.56,7056,16.83,277, 4206, 59.61,0.5960884353741497,2025-09-23
KFINTECH, EQ, 23-Sep-2025,1093.9,1105.9,1118.0,1072.0,1082.0,1080.4,1085.64,1853357,20120.79,71290, 898005, 48.45,0.4845288846131641,2025-09-23
KHADIM, EQ, 23-Sep-2025,288.43,287.55,292.78,280.63,281.35,281.73,288.26,112141,323.25,3839, 77473, 69.09,0.6908534791022017,2025-09-23
KHAICHEM, EQ, 23-Sep-2025,130.58,131.11,132.37,129.21,130.02,130.5,130.16,173748,226.15,3073, 90585, 52.14,0.5213585192347537,2025-09-23
KHAITANLTD, EQ, 23-Sep-2025,131.01,129.1,133.18,124.45,125.1,124.61,126.37,9060,11.45,124, 7856, 86.71,0.8671081677704194,2025-09-23
KHANDSE, EQ, 23-Sep-2025,24.39,24.5,24.54,23.86,24.02,24.02,24.18,4945,1.2,180, 3768, 76.20,0.7619817997977756,2025-09-23
KICL, EQ, 23-Sep-2025,5018.0,5038.0,5139.9,4976.7,5019.0,5005.8,5036.69,3143,158.3,1097, 1577, 50.17,0.501749920458161,2025-09-23
KILITCH, EQ, 23-Sep-2025,352.45,355.35,357.2,350.1,350.1,350.8,353.34,7049,24.91,186, 6203, 88.00,0.8799829763086963,2025-09-23
KIMS, EQ, 23-Sep-2025,739.15,739.2,740.1,730.5,736.25,736.4,735.2,160772,1181.99,10901, 76698, 47.71,0.47706068220834474,2025-09-23
KINGFA, BE, 23-Sep-2025,4487.5,4540.0,4540.0,4360.0,4443.9,4382.7,4413.77,1135,50.1,298, -, -,,2025-09-23
KIOCL, EQ, 23-Sep-2025,422.55,425.2,455.35,424.65,446.0,444.75,440.78,1621626,7147.85,32436, 267469, 16.49,0.16493877133198406,2025-09-23
KIRIINDUS, EQ, 23-Sep-2025,600.8,603.0,604.0,591.0,595.85,595.65,596.82,175895,1049.78,7730, 65975, 37.51,0.37508172489269165,2025-09-23
KIRLOSBROS, EQ, 23-Sep-2025,2018.0,2023.7,2031.1,1976.9,1980.0,1985.2,1997.19,34423,687.49,6950, 14517, 42.17,0.421723847427592,2025-09-23
KIRLOSENG, EQ, 23-Sep-2025,965.0,969.15,971.1,950.95,957.1,953.5,959.82,101433,973.57,11847, 47541, 46.87,0.46869362041939017,2025-09-23
KIRLOSIND, EQ, 23-Sep-2025,4202.2,4175.0,4251.9,4092.9,4160.0,4159.4,4174.29,7470,311.82,2088, 1943, 26.01,0.2601070950468541,2025-09-23
KIRLPNU, EQ, 23-Sep-2025,1244.4,1244.5,1246.1,1230.0,1237.9,1236.0,1237.91,33697,417.14,4597, 18742, 55.62,0.5561919458705523,2025-09-23
KITEX, EQ, 23-Sep-2025,209.83,214.35,217.5,202.5,207.5,206.81,208.95,1385644,2895.3,17515, 582268, 42.02,0.4202147160453912,2025-09-23
KKCL, EQ, 23-Sep-2025,581.85,585.95,595.0,578.0,592.4,592.0,587.44,68674,403.42,4442, 37888, 55.17,0.5517080700119404,2025-09-23
KMEW, EQ, 23-Sep-2025,2538.6,2538.7,2576.0,2522.1,2542.2,2561.7,2552.09,37494,956.88,5884, 12119, 32.32,0.3232250493412279,2025-09-23
KMSUGAR, EQ, 23-Sep-2025,28.3,28.59,28.59,28.0,28.15,28.14,28.15,47074,13.25,475, 33341, 70.83,0.7082678336236564,2025-09-23
KNRCON, EQ, 23-Sep-2025,209.71,209.65,209.97,205.67,205.96,206.35,207.09,2165827,4485.22,29147, 772994, 35.69,0.35690477586621644,2025-09-23
KOHINOOR, EQ, 23-Sep-2025,33.79,34.34,34.34,33.4,34.15,33.9,33.72,75262,25.38,1029, 29572, 39.29,0.3929207302489968,2025-09-23
KOKUYOCMLN, EQ, 23-Sep-2025,113.53,113.1,114.23,112.51,113.35,112.75,113.02,28816,32.57,724, 18777, 65.16,0.6516171571349251,2025-09-23
KOLTEPATIL, EQ, 23-Sep-2025,468.3,470.15,471.7,462.5,464.5,463.95,464.85,50809,236.19,4152, 27771, 54.66,0.5465763939459545,2025-09-23
KOPRAN, EQ, 23-Sep-2025,173.04,174.0,180.35,170.99,176.99,178.4,178.48,681508,1216.32,7804, 359175, 52.70,0.5270297634070327,2025-09-23
KOTAKBANK, EQ, 23-Sep-2025,2021.7,2023.0,2053.1,2008.4,2052.0,2047.7,2034.61,5085648,103472.91,128377, 3629028, 71.36,0.7135822219705336,2025-09-23
KOTARISUG, EQ, 23-Sep-2025,32.55,32.55,33.0,32.0,32.19,32.06,32.31,33241,10.74,447, 25981, 78.16,0.7815950182004151,2025-09-23
KOTHARIPET, EQ, 23-Sep-2025,152.52,152.52,152.97,148.0,149.0,149.27,149.97,79734,119.58,2647, 52233, 65.51,0.6550906764993604,2025-09-23
KOTHARIPRO, EQ, 23-Sep-2025,90.45,91.9,92.91,88.4,89.26,89.74,90.17,35823,32.3,842, 20115, 56.15,0.561510761242777,2025-09-23
KPEL, EQ, 23-Sep-2025,431.1,431.1,434.85,426.1,428.0,427.45,430.15,126396,543.69,5546, 65488, 51.81,0.5181176619513276,2025-09-23
KPIGREEN, EQ, 23-Sep-2025,480.35,480.35,482.25,474.95,477.45,477.45,476.63,449157,2140.8,10075, 333028, 74.15,0.7414512074842428,2025-09-23
KPIL, EQ, 23-Sep-2025,1242.7,1242.7,1257.6,1235.0,1247.7,1251.4,1248.64,75524,943.02,11253, 31749, 42.04,0.4203829246332292,2025-09-23
KPITTECH, EQ, 23-Sep-2025,1262.4,1262.4,1275.0,1246.6,1250.8,1249.7,1258.28,1018057,12810.04,23607, 677795, 66.58,0.6657731345101502,2025-09-23
KPRMILL, EQ, 23-Sep-2025,1138.4,1127.05,1131.7,1103.9,1112.1,1119.3,1115.25,196376,2190.08,20975, 100649, 51.25,0.5125320813133988,2025-09-23
KRBL, EQ, 23-Sep-2025,389.75,391.0,392.45,369.45,372.6,371.65,376.77,1346439,5072.99,28002, 656070, 48.73,0.48726306947436904,2025-09-23
KREBSBIO, EQ, 23-Sep-2025,79.96,78.9,79.6,77.1,77.63,77.7,77.96,2329,1.82,36, 1514, 65.01,0.6500644053241734,2025-09-23
KRIDHANINF, BE, 23-Sep-2025,3.86,3.98,3.98,3.66,3.8,3.78,3.8,141971,5.4,150, -, -,,2025-09-23
KRISHANA, EQ, 23-Sep-2025,539.5,538.05,546.0,531.0,539.7,535.1,537.71,76168,409.56,4616, 47635, 62.54,0.6253938661905262,2025-09-23
KRISHIVAL, BE, 23-Sep-2025,468.35,468.0,468.0,466.3,466.3,466.3,467.55,9623,44.99,103, -, -,,2025-09-23
KRITI, EQ, 23-Sep-2025,145.25,140.01,142.34,137.98,137.98,137.98,138.29,13797,19.08,151, 12559, 91.03,0.910270348626513,2025-09-23
KRITIKA, EQ, 23-Sep-2025,9.21,9.49,9.49,9.15,9.18,9.18,9.22,157243,14.51,566, 102394, 65.12,0.6511832005240297,2025-09-23
KRITINUT, EQ, 23-Sep-2025,97.06,97.99,97.99,95.26,96.46,95.76,96.25,10482,10.09,382, 5803, 55.36,0.5536157221904217,2025-09-23
KRN, EQ, 23-Sep-2025,875.65,877.95,881.0,850.0,855.0,854.15,862.87,316357,2729.75,32080, 150103, 47.45,0.47447345878232505,2025-09-23
KRONOX, EQ, 23-Sep-2025,167.08,167.0,168.75,163.85,165.89,164.84,165.38,56518,93.47,1363, 36891, 65.27,0.6527301036837821,2025-09-23
KROSS, EQ, 23-Sep-2025,213.18,213.95,220.3,212.53,219.6,218.73,216.23,790265,1708.76,10622, 219182, 27.74,0.2773525336437777,2025-09-23
KRSNAA, EQ, 23-Sep-2025,858.35,856.95,870.0,843.6,869.9,866.2,859.58,67794,582.74,5229, 48275, 71.21,0.712083665221111,2025-09-23
KRYSTAL, EQ, 23-Sep-2025,646.75,649.35,668.0,646.7,652.0,656.0,657.0,19861,130.49,1231, 8921, 44.92,0.4491717436181461,2025-09-23
KSB, EQ, 23-Sep-2025,852.45,852.0,857.65,834.55,843.55,840.95,846.4,83318,705.2,8526, 51692, 62.04,0.6204181569408771,2025-09-23
KSCL, EQ, 23-Sep-2025,1153.6,1151.1,1158.0,1137.4,1156.0,1141.5,1145.76,55999,641.61,5391, 27761, 49.57,0.4957409953749174,2025-09-23
KSHITIJPOL, EQ, 23-Sep-2025,3.05,3.09,3.09,3.05,3.08,3.07,3.07,130336,4.0,237, 110444, 84.74,0.847379081757918,2025-09-23
KSL, EQ, 23-Sep-2025,812.85,812.0,817.95,794.0,799.0,796.75,801.46,57931,464.29,3521, 37010, 63.89,0.6388634755139735,2025-09-23
KSOLVES, EQ, 23-Sep-2025,322.0,327.0,327.0,320.55,320.55,321.1,322.47,24492,78.98,1230, 14218, 58.05,0.5805160868855136,2025-09-23
KTKBANK, EQ, 23-Sep-2025,174.21,174.2,174.9,173.65,174.18,174.12,174.11,639368,1113.19,9402, 432238, 67.60,0.676039463970671,2025-09-23
KUANTUM, EQ, 23-Sep-2025,111.02,111.02,111.93,110.11,110.98,110.56,110.78,36333,40.25,715, 24936, 68.63,0.6863182231029642,2025-09-23
LAGNAM, EQ, 23-Sep-2025,87.05,87.06,88.8,86.0,87.27,86.24,87.21,14198,12.38,777, 5027, 35.41,0.35406395266939006,2025-09-23
LAL, EQ, 23-Sep-2025,11.58,11.42,11.83,11.1,11.55,11.39,11.41,13933,1.59,160, 9529, 68.39,0.6839158831550994,2025-09-23
LALPATHLAB, EQ, 23-Sep-2025,3388.5,3405.8,3405.8,3305.0,3330.7,3330.3,3329.17,109190,3635.12,28286, 59714, 54.69,0.5468815825625057,2025-09-23
LAMBODHARA, EQ, 23-Sep-2025,134.54,136.55,136.59,130.11,131.49,131.44,132.63,29996,39.78,1295, 14228, 47.43,0.474329910654754,2025-09-23
LANCORHOL, EQ, 23-Sep-2025,23.41,23.26,23.26,22.6,22.9,22.84,22.93,35817,8.21,360, 18483, 51.60,0.5160398693357903,2025-09-23
LANDMARK, EQ, 23-Sep-2025,613.75,613.75,631.55,610.25,620.1,620.0,622.25,75694,471.01,6235, 36004, 47.57,0.4756519671308162,2025-09-23
LAOPALA, EQ, 23-Sep-2025,250.02,250.1,259.7,248.47,251.86,252.78,252.64,139008,351.19,6501, 74726, 53.76,0.5375661832412523,2025-09-23
LASA, BE, 23-Sep-2025,12.53,12.53,12.53,11.93,12.29,12.05,12.3,60490,7.44,179, -, -,,2025-09-23
LATENTVIEW, EQ, 23-Sep-2025,416.05,415.0,415.8,406.3,410.0,408.75,409.2,206479,844.91,7552, 104518, 50.62,0.5061919129790439,2025-09-23
LATTEYS, EQ, 23-Sep-2025,21.0,20.61,21.49,20.2,20.6,20.3,20.56,44996,9.25,359, 31991, 71.10,0.7109743088274514,2025-09-23
LAURUSLABS, EQ, 23-Sep-2025,903.8,905.1,916.4,890.95,910.0,910.05,904.16,1599124,14458.64,38443, 713163, 44.60,0.4459710441466703,2025-09-23
LAXMICOT, EQ, 23-Sep-2025,24.67,24.0,24.91,24.0,24.8,24.77,24.74,6851,1.69,81, 5044, 73.62,0.7362428842504743,2025-09-23
LAXMIDENTL, EQ, 23-Sep-2025,337.0,337.25,341.9,335.6,339.0,340.1,339.14,275197,933.29,10005, 70145, 25.49,0.2548901332499991,2025-09-23
LAXMIINDIA, EQ, 23-Sep-2025,162.13,163.69,164.33,158.0,159.7,158.52,160.61,838265,1346.33,9355, 303471, 36.20,0.3620227493692329,2025-09-23
LCCINFOTEC, EQ, 23-Sep-2025,4.39,4.39,4.57,4.3,4.49,4.43,4.43,80474,3.57,215, 49314, 61.28,0.6127941943981907,2025-09-23
LEMONTREE, EQ, 23-Sep-2025,169.55,169.99,171.75,168.62,171.05,171.03,170.32,2342117,3988.98,68504, 1217089, 51.97,0.5196533734224208,2025-09-23
LEXUS, EQ, 23-Sep-2025,28.29,28.32,29.05,28.27,28.53,28.94,28.85,20634,5.95,68, 17696, 85.76,0.8576136473781137,2025-09-23
LFIC, EQ, 23-Sep-2025,213.29,213.29,214.6,212.75,214.0,213.99,212.99,917,1.95,34, 767, 83.64,0.836423118865867,2025-09-23
LGBBROSLTD, EQ, 23-Sep-2025,1438.4,1436.0,1465.0,1428.1,1439.0,1441.9,1450.62,69323,1005.61,8144, 38438, 55.45,0.5544768691487674,2025-09-23
LGHL, EQ, 23-Sep-2025,920.05,925.0,954.55,918.75,941.15,945.5,944.28,60002,566.59,2504, 8647, 14.41,0.14411186293790207,2025-09-23
LIBAS, EQ, 23-Sep-2025,13.29,13.5,13.74,12.72,13.22,13.22,13.27,35079,4.65,163, 21266, 60.62,0.6062316485646683,2025-09-23
LIBERTSHOE, EQ, 23-Sep-2025,362.4,365.0,368.8,351.6,355.0,357.95,362.9,16223,58.87,776, 10005, 61.67,0.616717006718856,2025-09-23
LICHSGFIN, EQ, 23-Sep-2025,587.3,587.3,588.25,579.2,583.3,582.6,582.39,660351,3845.79,15505, 288850, 43.74,0.4374188878338944,2025-09-23
LICI, EQ, 23-Sep-2025,904.5,904.45,908.65,896.45,899.5,897.65,900.11,2448827,22042.02,27425, 1802033, 73.59,0.7358759928733226,2025-09-23
LICMFGOLD, EQ, 23-Sep-2025,10121.7,10293.0,10375.0,10122.1,10375.0,10320.7,10300.72,3485,358.98,654, 1613, 46.28,0.46284074605451936,2025-09-23
LICNETFGSC, EQ, 23-Sep-2025,28.37,28.46,28.47,28.38,28.45,28.44,28.44,32830,9.34,99, 22360, 68.11,0.6810843740481267,2025-09-23
LICNETFN50, EQ, 23-Sep-2025,281.37,280.8,281.98,280.26,281.12,281.12,280.97,7467,20.98,80, 7341, 98.31,0.9831257533145842,2025-09-23
LICNETFSEN, EQ, 23-Sep-2025,922.0,922.0,922.48,917.89,922.48,919.14,919.33,54,0.5,12, 43, 79.63,0.7962962962962963,2025-09-23
LICNFNHGP, EQ, 23-Sep-2025,283.78,284.96,284.96,281.43,284.7,284.38,283.53,829,2.35,30, 344, 41.50,0.4149577804583836,2025-09-23
LICNMID100, EQ, 23-Sep-2025,58.77,58.86,58.97,58.46,58.88,58.78,58.77,3563,2.09,86, 1826, 51.25,0.5124894751613809,2025-09-23
LIKHITHA, EQ, 23-Sep-2025,238.69,239.65,242.0,237.6,240.79,241.36,239.48,53640,128.45,1610, 27768, 51.77,0.5176733780760626,2025-09-23
LINC, BE, 23-Sep-2025,129.1,131.69,131.69,127.0,129.69,128.35,128.71,7547,9.71,1818, -, -,,2025-09-23
LINCOLN, EQ, 23-Sep-2025,550.45,552.0,553.95,547.0,548.0,548.0,548.98,23829,130.82,1009, 16289, 68.36,0.6835788325150027,2025-09-23
LINDEINDIA, EQ, 23-Sep-2025,6379.0,6373.0,6519.5,6360.5,6472.0,6480.0,6454.62,27984,1806.26,5394, 12281, 43.89,0.438857918810749,2025-09-23
LIQGRWBEES, EQ, 23-Sep-2025,1008.77,1033.98,1033.98,1008.9,1008.92,1008.92,1008.91,6613,66.72,22, 3656, 55.29,0.5528504460910328,2025-09-23
LIQUID, EQ, 23-Sep-2025,999.99,999.99,1000.0,999.99,1000.0,999.99,1000.0,103396,1033.96,114, 53590, 51.83,0.518298580215869,2025-09-23
LIQUID1, EQ, 23-Sep-2025,1069.69,1069.85,1069.85,1069.83,1069.85,1069.83,1069.84,189034,2022.36,213, 126388, 66.86,0.6685992995968979,2025-09-23
LIQUIDADD, EQ, 23-Sep-2025,1091.87,1092.01,1092.03,1092.01,1092.02,1092.01,1092.02,554373,6053.85,269, 404224, 72.92,0.7291552799288565,2025-09-23
LIQUIDBEES, EQ, 23-Sep-2025,999.99,999.99,1000.01,999.56,1000.0,1000.0,1000.0,1942511,19425.15,3588, 1489359, 76.67,0.7667184381452666,2025-09-23
LIQUIDBETF, EQ, 23-Sep-2025,1048.98,1049.12,1049.14,1049.12,1049.13,1049.12,1049.12,200475,2103.23,75, 174764, 87.17,0.8717495947125576,2025-09-23
LIQUIDCASE, EQ, 23-Sep-2025,110.53,110.57,110.57,110.55,110.57,110.56,110.56,6376876,7050.25,8954, 4006543, 62.83,0.6282924428826905,2025-09-23
LIQUIDETF, EQ, 23-Sep-2025,999.99,999.99,1000.01,999.99,1000.0,999.99,1000.0,287355,2873.56,248, 263133, 91.57,0.9157070522524403,2025-09-23
LIQUIDIETF, EQ, 23-Sep-2025,999.99,1000.0,1000.01,999.99,1000.0,999.99,1000.0,332074,3320.74,162, 280264, 84.40,0.8439805585502027,2025-09-23
LIQUIDPLUS, EQ, 23-Sep-2025,1051.46,1051.63,1051.63,1051.61,1051.62,1051.62,1051.63,83275,875.74,73, 81040, 97.32,0.9731612128489943,2025-09-23
LIQUIDSBI, EQ, 23-Sep-2025,1000.0,1000.0,1000.01,999.99,999.99,999.99,1000.01,4044,40.44,11, 3564, 88.13,0.8813056379821959,2025-09-23
LIQUIDSHRI, EQ, 23-Sep-2025,1071.55,1071.72,1071.72,1071.7,1071.72,1071.71,1071.72,21906,234.77,35, 19790, 90.34,0.9034054596914087,2025-09-23
LLOYDSENGG, EQ, 23-Sep-2025,62.82,62.82,63.56,62.18,62.28,62.33,62.64,2146833,1344.71,11005, 881975, 41.08,0.410826086612233,2025-09-23
LLOYDSENT, EQ, 23-Sep-2025,67.34,67.78,67.78,66.0,66.43,66.58,66.68,1084124,722.85,7671, 429236, 39.59,0.39592887898432283,2025-09-23
LLOYDSME, EQ, 23-Sep-2025,1313.3,1310.0,1325.0,1306.1,1318.3,1318.0,1316.93,156488,2060.84,14444, 89303, 57.07,0.5706699555237462,2025-09-23
LMW, EQ, 23-Sep-2025,15600.0,15533.0,15698.0,15475.0,15587.0,15623.0,15603.68,3204,499.94,1366, 1808, 56.43,0.5642946317103621,2025-09-23
LODHA, EQ, 23-Sep-2025,1212.3,1212.3,1217.7,1194.4,1203.6,1205.4,1204.59,916013,11034.18,32302, 473199, 51.66,0.5165854633067435,2025-09-23
LOKESHMACH, EQ, 23-Sep-2025,196.46,198.8,208.0,190.52,203.0,204.03,202.15,205463,415.33,7170, 99563, 48.46,0.4845787319371371,2025-09-23
LORDSCHLO, BE, 23-Sep-2025,178.03,183.0,183.0,175.0,177.9,176.74,176.99,9003,15.93,138, -, -,,2025-09-23
LOTUSDEV, EQ, 23-Sep-2025,188.3,188.3,189.5,184.1,187.0,185.39,186.49,1086524,2026.22,10956, 515832, 47.48,0.47475435425264423,2025-09-23
LOTUSEYE, BE, 23-Sep-2025,122.64,125.0,125.75,117.5,121.99,120.93,122.05,23311,28.45,174, -, -,,2025-09-23
LOVABLE, EQ, 23-Sep-2025,101.2,99.6,102.88,99.4,99.41,100.43,101.32,26017,26.36,709, 14096, 54.18,0.5417995925740862,2025-09-23
LOWVOL, EQ, 23-Sep-2025,210.27,209.58,209.58,208.5,208.5,208.92,208.98,2251,4.7,17, 2251, 100.00,1.0,2025-09-23
LOWVOL1, EQ, 23-Sep-2025,21.49,21.21,21.51,21.21,21.31,21.33,21.44,387354,83.05,275, 368102, 95.03,0.9502986931850452,2025-09-23
LOWVOLIETF, EQ, 23-Sep-2025,22.59,23.27,23.27,22.33,22.44,22.44,22.46,1697084,381.23,1728, 1252977, 73.83,0.7383117158608531,2025-09-23
LOYALTEX, BE, 23-Sep-2025,317.95,302.35,308.95,302.1,308.95,308.95,302.58,131,0.4,10, -, -,,2025-09-23
LPDC, EQ, 23-Sep-2025,7.72,7.7,7.89,7.53,7.8,7.7,7.67,33977,2.61,207, 20012, 58.90,0.5889866674515113,2025-09-23
LT, EQ, 23-Sep-2025,3644.5,3646.9,3673.5,3613.2,3660.0,3657.6,3649.8,1262120,46064.89,80055, 506329, 40.12,0.40117342249548377,2025-09-23
LTF, EQ, 23-Sep-2025,248.09,248.95,249.73,244.2,246.6,246.41,246.82,3369508,8316.61,31762, 1373247, 40.76,0.40755119144990903,2025-09-23
LTFOODS, EQ, 23-Sep-2025,456.65,459.0,459.0,421.6,435.05,429.9,432.46,2373426,10264.11,72421, 1064250, 44.84,0.44840243597230334,2025-09-23
LTGILTBEES, EQ, 23-Sep-2025,28.83,28.88,28.89,28.8,28.87,28.87,28.86,2090117,603.18,841, 1937643, 92.71,0.9270500168172404,2025-09-23
LTGILTCASE, EQ, 23-Sep-2025,29.42,29.41,29.5,29.41,29.5,29.49,29.49,95024,28.02,680, 95003, 99.98,0.9997790031991918,2025-09-23
LTIM, EQ, 23-Sep-2025,5260.0,5280.5,5299.0,5216.5,5293.5,5262.5,5255.79,263293,13838.13,26056, 131956, 50.12,0.5011754965000969,2025-09-23
LTTS, EQ, 23-Sep-2025,4192.2,4212.4,4220.0,4165.3,4214.0,4190.0,4191.41,49064,2056.47,9813, 24641, 50.22,0.5022215881297897,2025-09-23
LUMAXIND, EQ, 23-Sep-2025,4274.8,4286.0,4637.6,4286.0,4611.0,4597.4,4531.69,84410,3825.2,19307, 22358, 26.49,0.2648738301149153,2025-09-23
LUMAXTECH, EQ, 23-Sep-2025,1102.7,1102.8,1196.0,1102.8,1184.0,1176.4,1169.77,436602,5107.26,22383, 200199, 45.85,0.4585388981268982,2025-09-23
LUPIN, EQ, 23-Sep-2025,2004.4,2017.0,2020.1,1998.3,2008.2,2007.0,2007.35,454836,9130.17,25273, 224548, 49.37,0.493690033330695,2025-09-23
LUXIND, EQ, 23-Sep-2025,1354.2,1350.0,1380.0,1340.1,1370.0,1369.5,1361.17,24057,327.46,4687, 10308, 42.85,0.4284823544082803,2025-09-23
LXCHEM, EQ, 23-Sep-2025,219.59,220.0,222.5,217.5,219.0,218.31,219.37,591128,1296.77,8705, 249384, 42.19,0.42187817190185545,2025-09-23
LYKALABS, EQ, 23-Sep-2025,99.63,101.9,101.9,99.22,99.65,99.79,100.15,24977,25.01,480, 16944, 67.84,0.6783841133843136,2025-09-23
LYPSAGEMS, EQ, 23-Sep-2025,6.84,6.71,6.95,6.71,6.88,6.78,6.84,16685,1.14,128, 12706, 76.15,0.7615223254420138,2025-09-23
M&M, EQ, 23-Sep-2025,3584.8,3610.0,3679.2,3606.8,3610.0,3614.6,3627.06,2523224,91518.89,126861, 1208006, 47.88,0.4787549579426955,2025-09-23
M&MFIN, EQ, 23-Sep-2025,290.25,289.0,289.5,282.5,282.8,282.8,284.77,761645,2168.91,15474, 456507, 59.94,0.5993697851361198,2025-09-23
MAANALU, EQ, 23-Sep-2025,112.99,110.1,113.97,110.1,112.0,112.36,112.04,30001,33.61,200, 26229, 87.43,0.8742708576380788,2025-09-23
MACPOWER, EQ, 23-Sep-2025,862.2,842.5,914.9,842.5,870.1,869.6,881.59,15025,132.46,2292, 5195, 34.58,0.34575707154742097,2025-09-23
MADHAV, EQ, 23-Sep-2025,45.2,44.98,45.84,44.35,44.62,44.69,45.03,4387,1.98,82, 3781, 86.19,0.8618645999544108,2025-09-23
MADHUCON, EQ, 23-Sep-2025,7.45,7.4,7.68,7.2,7.2,7.26,7.33,22576,1.66,142, 14401, 63.79,0.6378897944720057,2025-09-23
MADRASFERT, EQ, 23-Sep-2025,89.22,89.22,89.81,88.47,89.31,89.04,89.08,137504,122.49,1356, 67798, 49.31,0.4930620200139632,2025-09-23
MAFANG, EQ, 23-Sep-2025,169.89,171.78,171.78,171.01,171.78,171.78,171.78,440774,757.15,6150, 439806, 99.78,0.9978038632042725,2025-09-23
MAGADSUGAR, EQ, 23-Sep-2025,570.1,572.6,572.7,560.1,564.5,562.15,566.64,1905,10.79,262, 1168, 61.31,0.6131233595800525,2025-09-23
MAGNUM, EQ, 23-Sep-2025,26.2,26.88,26.88,26.0,26.11,26.17,26.31,34855,9.17,326, 22556, 64.71,0.6471381437383446,2025-09-23
MAHABANK, EQ, 23-Sep-2025,57.26,57.26,57.42,56.3,57.08,57.19,56.96,7055472,4019.07,28242, 2640244, 37.42,0.3742122426394719,2025-09-23
MAHAPEXLTD, EQ, 23-Sep-2025,104.6,105.0,108.8,102.01,105.0,105.07,105.97,3417,3.62,180, 2054, 60.11,0.601112086625695,2025-09-23
MAHASTEEL, EQ, 23-Sep-2025,389.1,398.75,407.65,393.0,406.9,402.5,401.9,83474,335.48,1600, 48533, 58.14,0.5814145722021228,2025-09-23
MAHEPC, EQ, 23-Sep-2025,154.79,155.0,155.66,152.5,153.7,153.24,153.78,46989,72.26,1355, 22713, 48.34,0.483368447934623,2025-09-23
MAHESHWARI, EQ, 23-Sep-2025,59.52,59.76,59.8,59.0,59.05,59.04,59.3,2385,1.41,72, 1686, 70.69,0.7069182389937106,2025-09-23
MAHKTECH, EQ, 23-Sep-2025,28.57,28.66,28.66,28.66,28.66,28.66,28.66,472831,135.51,1778, 472404, 99.91,0.9990969289238649,2025-09-23
MAHLIFE, EQ, 23-Sep-2025,373.6,372.0,378.0,370.15,376.1,375.35,374.78,110102,412.64,5259, 57496, 52.22,0.5222066810775463,2025-09-23
MAHLOG, EQ, 23-Sep-2025,364.1,360.0,364.9,358.5,359.25,359.15,360.72,88160,318.01,3010, 45643, 51.77,0.5177291288566244,2025-09-23
MAHSCOOTER, EQ, 23-Sep-2025,17868.0,17883.0,18199.0,17463.0,17537.0,17553.0,17787.26,9118,1621.84,3591, 5152, 56.50,0.5650361921474008,2025-09-23
MAHSEAMLES, EQ, 23-Sep-2025,613.95,614.0,616.65,599.0,600.0,600.5,605.27,303588,1837.52,20094, 213435, 70.30,0.7030416221985059,2025-09-23
MAITHANALL, EQ, 23-Sep-2025,1143.8,1143.8,1152.5,1124.0,1140.0,1137.4,1135.62,27095,307.7,3855, 13601, 50.20,0.5019745340468721,2025-09-23
MAKEINDIA, EQ, 23-Sep-2025,153.71,154.44,154.85,153.26,153.93,153.85,153.69,12005,18.45,259, 8723, 72.66,0.7266139108704707,2025-09-23
MALLCOM, EQ, 23-Sep-2025,1336.7,1384.9,1384.9,1324.6,1333.3,1334.8,1348.94,5091,68.67,685, 2207, 43.35,0.43351011589078764,2025-09-23
MALUPAPER, EQ, 23-Sep-2025,40.49,40.1,40.97,39.65,39.66,39.72,40.16,16918,6.79,155, 12072, 71.36,0.7135595224021752,2025-09-23
MAMATA, EQ, 23-Sep-2025,480.0,480.0,502.9,470.5,492.6,491.6,489.7,1156339,5662.58,30356, 189620, 16.40,0.16398305341253733,2025-09-23
MANAKALUCO, EQ, 23-Sep-2025,29.94,29.94,30.34,29.87,30.21,30.16,29.92,444562,133.0,269, 437787, 98.48,0.9847602809057004,2025-09-23
MANAKCOAT, EQ, 23-Sep-2025,145.45,146.73,150.5,142.0,145.0,145.51,146.33,291502,426.56,5265, 105446, 36.17,0.3617333671810142,2025-09-23
MANAKSIA, EQ, 23-Sep-2025,70.07,70.05,71.5,69.5,71.45,71.37,70.51,39162,27.61,651, 25679, 65.57,0.6557121699606762,2025-09-23
MANAKSTEEL, BE, 23-Sep-2025,61.06,61.06,63.45,60.5,60.72,60.72,61.83,31264,19.33,148, -, -,,2025-09-23
MANALIPETC, EQ, 23-Sep-2025,67.74,67.74,68.47,66.17,67.3,66.83,67.14,203595,136.69,2339, 104337, 51.25,0.512473292566124,2025-09-23
MANAPPURAM, EQ, 23-Sep-2025,293.9,296.0,297.0,288.55,293.25,293.25,292.47,3071893,8984.5,35517, 1240427, 40.38,0.40379889533912805,2025-09-23
MANBA, EQ, 23-Sep-2025,138.91,140.7,140.7,136.9,137.13,137.89,138.77,94618,131.31,983, 34122, 36.06,0.3606290557821979,2025-09-23
MANCREDIT, EQ, 23-Sep-2025,191.35,191.88,191.88,187.35,191.35,189.78,189.84,24061,45.68,472, 1732, 7.20,0.07198370807530859,2025-09-23
MANGALAM, EQ, 23-Sep-2025,75.05,76.79,76.79,74.15,74.67,74.78,75.28,10987,8.27,351, 5675, 51.65,0.5165195230727223,2025-09-23
MANGCHEFER, EQ, 23-Sep-2025,320.25,321.8,322.0,309.3,313.0,316.0,316.5,301814,955.25,7860, 155042, 51.37,0.5137004910308999,2025-09-23
MANGLMCEM, EQ, 23-Sep-2025,746.95,746.25,751.5,735.9,736.6,741.45,741.93,40635,301.48,2962, 23316, 57.38,0.5737910668143227,2025-09-23
MANINDS, EQ, 23-Sep-2025,439.4,440.0,458.4,438.1,454.0,452.7,449.32,609140,2737.01,16105, 249268, 40.92,0.40921298880388746,2025-09-23
MANINFRA, EQ, 23-Sep-2025,156.56,156.35,158.01,154.11,154.28,154.48,155.3,223970,347.83,5926, 106135, 47.39,0.47388043041478767,2025-09-23
MANKIND, EQ, 23-Sep-2025,2594.9,2590.5,2615.9,2552.6,2561.7,2564.3,2577.11,291468,7511.44,16767, 194655, 66.78,0.6678434682366503,2025-09-23
MANOMAY, EQ, 23-Sep-2025,171.15,170.05,177.94,170.05,170.51,170.78,170.6,980,1.67,20, 973, 99.29,0.9928571428571429,2025-09-23
MANORAMA, EQ, 23-Sep-2025,1425.2,1443.9,1444.0,1411.1,1432.0,1432.8,1425.94,62927,897.3,7461, 26944, 42.82,0.42817868323613073,2025-09-23
MANORG, EQ, 23-Sep-2025,560.7,561.05,561.05,552.3,552.3,554.5,555.59,2004,11.13,68, 1831, 91.37,0.9136726546906188,2025-09-23
MANUFGBEES, EQ, 23-Sep-2025,152.02,151.64,151.84,150.74,151.77,151.63,151.07,21748,32.85,70, 10903, 50.13,0.5013334559499724,2025-09-23
MANUGRAPH, BE, 23-Sep-2025,22.0,21.89,21.89,21.56,21.56,21.56,21.58,13294,2.87,38, -, -,,2025-09-23
MANYAVAR, EQ, 23-Sep-2025,750.8,751.8,751.8,719.1,723.8,721.8,727.0,443406,3223.58,23420, 244159, 55.06,0.5506443304781622,2025-09-23
MAPMYINDIA, EQ, 23-Sep-2025,1634.9,1643.5,1643.5,1624.0,1634.7,1632.6,1630.93,25463,415.28,3807, 16640, 65.35,0.6534972312767545,2025-09-23
MARALOVER, EQ, 23-Sep-2025,48.43,48.95,49.77,47.7,47.99,48.04,48.8,51536,25.15,824, 27975, 54.28,0.5428244334057746,2025-09-23
MARATHON, EQ, 23-Sep-2025,670.85,674.6,680.0,655.45,661.0,673.2,670.09,102184,684.73,10892, 51457, 50.36,0.5035719877867376,2025-09-23
MARICO, EQ, 23-Sep-2025,716.85,720.4,721.5,704.5,705.25,706.0,709.89,1832965,13012.06,43938, 1379129, 75.24,0.7524033464905222,2025-09-23
MARINE, EQ, 23-Sep-2025,226.7,229.09,229.94,217.03,218.0,217.98,222.0,511092,1134.62,8710, 272130, 53.24,0.5324481698011317,2025-09-23
MARKSANS, EQ, 23-Sep-2025,174.25,174.25,174.25,169.97,171.25,171.32,171.98,1087903,1870.92,22431, 445933, 40.99,0.4099014342271324,2025-09-23
MARUTI, EQ, 23-Sep-2025,15816.0,16120.0,16325.0,16031.0,16083.0,16097.0,16148.86,873114,140997.94,132040, 328977, 37.68,0.376785849270542,2025-09-23
MASFIN, EQ, 23-Sep-2025,314.85,312.5,316.5,311.0,315.05,314.4,313.42,51914,162.71,2417, 33077, 63.71,0.637149901760604,2025-09-23
MASKINVEST, EQ, 23-Sep-2025,164.56,168.4,168.4,160.0,165.0,164.99,164.91,757,1.25,36, 593, 78.34,0.7833553500660502,2025-09-23
MASPTOP50, EQ, 23-Sep-2025,67.64,68.36,68.36,68.36,68.36,68.36,68.36,93403,63.85,232, 93403, 100.00,1.0,2025-09-23
MASTEK, EQ, 23-Sep-2025,2348.0,2360.9,2361.0,2284.2,2287.0,2290.8,2311.59,86862,2007.9,17198, 42870, 49.35,0.4935414795883125,2025-09-23
MASTERTR, EQ, 23-Sep-2025,141.5,141.98,144.35,139.01,139.6,141.15,141.89,1089462,1545.82,3911, 454476, 41.72,0.417156357908766,2025-09-23
MATRIMONY, EQ, 23-Sep-2025,507.05,507.05,511.55,504.05,505.8,507.8,506.56,6664,33.76,691, 4161, 62.44,0.6243997599039616,2025-09-23
MAWANASUG, EQ, 23-Sep-2025,91.48,91.0,92.43,91.0,92.1,91.93,91.65,14143,12.96,481, 9181, 64.92,0.6491550590398076,2025-09-23
MAXESTATES, EQ, 23-Sep-2025,472.8,471.0,473.5,452.55,458.9,456.1,461.65,90403,417.35,6273, 49139, 54.36,0.5435549705208897,2025-09-23
MAXHEALTH, EQ, 23-Sep-2025,1171.6,1174.7,1175.0,1149.0,1154.7,1157.0,1155.87,4729220,54663.55,57596, 3699312, 78.22,0.7822245528860996,2025-09-23
MAXIND, EQ, 23-Sep-2025,207.31,209.4,213.0,204.5,204.9,205.43,206.82,34284,70.91,1279, 22156, 64.62,0.6462489791156224,2025-09-23
MAYURUNIQ, EQ, 23-Sep-2025,525.05,524.95,531.4,519.1,521.7,522.1,523.27,35625,186.42,3108, 20728, 58.18,0.581838596491228,2025-09-23
MAZDA, EQ, 23-Sep-2025,280.9,284.05,284.4,275.2,276.25,276.1,279.42,27805,77.69,1848, 14272, 51.33,0.5132889768027333,2025-09-23
MAZDOCK, EQ, 23-Sep-2025,2976.4,2977.0,2991.3,2914.1,2947.1,2939.5,2946.22,934666,27537.29,56851, 219142, 23.45,0.23446022429402588,2025-09-23
MBAPL, EQ, 23-Sep-2025,426.05,422.0,430.5,420.1,422.0,422.5,425.88,114863,489.18,3955, 34610, 30.13,0.30131548018073706,2025-09-23
MBEL, EQ, 23-Sep-2025,424.15,424.9,424.9,412.5,418.0,419.4,418.74,316536,1325.47,19926, 128396, 40.56,0.4056284277301792,2025-09-23
MBLINFRA, EQ, 23-Sep-2025,44.93,44.84,45.2,43.7,44.89,43.99,44.24,228507,101.09,1576, 149421, 65.39,0.6539011933988893,2025-09-23
MCL, EQ, 23-Sep-2025,48.15,48.9,48.9,47.55,47.7,47.84,47.96,20387,9.78,517, 12590, 61.76,0.6175503997645558,2025-09-23
MCLEODRUSS, EQ, 23-Sep-2025,36.71,36.73,40.38,36.51,38.3,37.92,38.71,1490836,577.17,3923, 490736, 32.92,0.32916833239873466,2025-09-23
MCLOUD, EQ, 23-Sep-2025,83.77,83.76,87.0,82.76,85.0,85.12,85.08,6754615,5746.68,23511, 1970376, 29.17,0.2917081136378609,2025-09-23
MCX, EQ, 23-Sep-2025,7989.5,7989.5,8060.0,7870.0,8049.0,8038.5,7980.51,321812,25682.24,39731, 88427, 27.48,0.2747784420717686,2025-09-23
MEDANTA, EQ, 23-Sep-2025,1329.3,1335.6,1338.4,1311.5,1325.6,1321.7,1321.97,88197,1165.94,14758, 57680, 65.40,0.6539904985430344,2025-09-23
MEDIASSIST, EQ, 23-Sep-2025,523.75,523.0,524.95,518.1,520.0,520.65,520.19,86416,449.52,6464, 50659, 58.62,0.5862224588039252,2025-09-23
MEDICAMEQ, EQ, 23-Sep-2025,324.1,325.0,342.0,324.95,336.95,333.2,330.41,33410,110.39,1329, 21801, 65.25,0.6525291828793774,2025-09-23
MEDICO, EQ, 23-Sep-2025,43.23,43.25,46.5,43.23,45.73,45.8,45.09,1299811,586.14,6906, 638693, 49.14,0.49137374587536187,2025-09-23
MEDPLUS, EQ, 23-Sep-2025,820.05,819.25,827.95,803.05,805.35,808.15,810.72,90077,730.27,14110, 53342, 59.22,0.5921822440800648,2025-09-23
MEGASOFT, EQ, 23-Sep-2025,164.36,172.57,172.57,162.0,170.5,169.96,170.74,1320321,2254.33,6310, 521005, 39.46,0.39460479686379296,2025-09-23
MEGASTAR, EQ, 23-Sep-2025,218.37,215.41,223.97,215.41,215.65,216.22,219.11,7342,16.09,233, 4282, 58.32,0.5832198311086897,2025-09-23
MEIL, EQ, 23-Sep-2025,476.65,478.9,490.65,473.0,487.9,486.05,482.19,190788,919.96,9321, 64763, 33.95,0.33945007023502527,2025-09-23
MENONBE, EQ, 23-Sep-2025,129.8,129.11,136.79,129.11,135.8,135.23,133.88,152914,204.73,4447, 59396, 38.84,0.38842748211412953,2025-09-23
MEP, BZ, 23-Sep-2025,1.67,1.7,1.7,1.7,1.7,1.7,1.7,51416,0.87,11, -, -,,2025-09-23
METAL, EQ, 23-Sep-2025,10.08,10.22,10.22,10.03,10.18,10.18,10.15,583186,59.18,1024, 441246, 75.66,0.7566128130647856,2025-09-23
METALIETF, EQ, 23-Sep-2025,10.04,10.18,10.45,9.94,10.18,10.18,10.16,9937450,1009.43,3495, 7115459, 71.60,0.7160246340862092,2025-09-23
METROBRAND, EQ, 23-Sep-2025,1281.1,1285.0,1285.0,1261.5,1275.0,1277.6,1272.55,118017,1501.83,4831, 99762, 84.53,0.8453188947355043,2025-09-23
METROPOLIS, EQ, 23-Sep-2025,2079.5,2065.0,2071.8,2038.5,2050.0,2050.1,2051.6,33977,697.07,4861, 22518, 66.27,0.662742443417606,2025-09-23
MFML, EQ, 23-Sep-2025,32.03,32.19,34.5,31.5,32.1,32.34,32.86,64547,21.21,523, 26331, 40.79,0.40793530295753483,2025-09-23
MFSL, EQ, 23-Sep-2025,1556.7,1558.7,1591.9,1551.5,1583.9,1584.5,1576.07,384921,6066.62,27335, 244435, 63.50,0.6350264080161904,2025-09-23
MGEL, EQ, 23-Sep-2025,16.04,16.25,16.48,15.4,15.95,16.05,16.19,5277046,854.11,3868, 2707626, 51.31,0.5130950156583816,2025-09-23
MGL, EQ, 23-Sep-2025,1306.4,1308.9,1329.5,1298.6,1312.0,1308.2,1312.58,359892,4723.88,20762, 213879, 59.43,0.5942866193191291,2025-09-23
MHLXMIRU, EQ, 23-Sep-2025,221.15,220.01,223.0,218.51,221.8,219.5,220.05,824,1.81,40, 749, 90.90,0.9089805825242718,2025-09-23
MHRIL, EQ, 23-Sep-2025,360.5,362.75,363.3,351.8,355.1,354.55,354.99,98499,349.66,5872, 59497, 60.40,0.6040365892039513,2025-09-23
MICEL, EQ, 23-Sep-2025,63.96,64.18,69.4,62.1,62.9,62.85,66.28,50821854,33683.21,136418, 6709368, 13.20,0.1320173797673733,2025-09-23
MID150, EQ, 23-Sep-2025,22.03,22.58,22.58,21.81,22.04,22.0,22.01,19914,4.38,173, 12395, 62.24,0.6224264336647585,2025-09-23
MID150BEES, EQ, 23-Sep-2025,224.69,226.4,226.4,222.57,223.3,223.36,223.1,1790854,3995.34,6937, 1607706, 89.77,0.8977314733641045,2025-09-23
MID150CASE, EQ, 23-Sep-2025,10.85,11.18,11.18,10.81,10.85,10.84,10.85,1287826,139.79,3435, 837545, 65.04,0.6503557157566318,2025-09-23
MIDCAP, EQ, 23-Sep-2025,168.37,167.02,169.98,167.02,168.01,168.29,168.13,20795,34.96,378, 11062, 53.20,0.5319547968261601,2025-09-23
MIDCAPETF, EQ, 23-Sep-2025,22.18,22.47,22.47,21.83,22.12,22.12,22.13,3963178,876.93,5085, 3722450, 93.93,0.939258847318995,2025-09-23
MIDCAPIETF, EQ, 23-Sep-2025,22.48,22.88,22.88,22.21,22.42,22.4,22.42,1592609,356.98,2025, 1189909, 74.71,0.7471444654651581,2025-09-23
MIDHANI, EQ, 23-Sep-2025,401.05,401.05,406.95,394.5,404.3,404.3,401.28,456177,1830.55,13825, 167065, 36.62,0.3662284595672294,2025-09-23
MIDQ50ADD, EQ, 23-Sep-2025,252.93,253.63,253.63,250.47,251.0,251.54,251.85,2753,6.93,95, 2590, 94.08,0.9407918634217217,2025-09-23
MIDSELIETF, EQ, 23-Sep-2025,17.8,18.24,18.24,17.67,17.77,17.73,17.74,124202,22.03,786, 63746, 51.32,0.5132445532278063,2025-09-23
MIDSMALL, EQ, 23-Sep-2025,49.35,49.34,49.34,48.76,48.96,48.86,48.94,177079,86.65,1166, 137000, 77.37,0.773665990885424,2025-09-23
MINDACORP, EQ, 23-Sep-2025,532.8,532.8,552.85,530.05,538.0,534.5,540.78,537326,2905.74,23455, 147950, 27.53,0.2753449488764735,2025-09-23
MINDTECK, BE, 23-Sep-2025,237.69,241.3,247.3,235.0,244.0,244.0,243.25,87455,212.74,1057, -, -,,2025-09-23
MIRCELECTR, BE, 23-Sep-2025,28.99,28.31,28.93,28.0,28.08,28.06,28.43,409552,116.44,645, -, -,,2025-09-23
MIRZAINT, EQ, 23-Sep-2025,41.24,41.5,41.5,39.6,40.2,40.21,40.26,330146,132.93,3075, 204670, 61.99,0.6199378456803959,2025-09-23
MITCON, EQ, 23-Sep-2025,66.09,67.41,72.0,66.41,70.0,69.58,69.1,45825,31.67,673, 31010, 67.67,0.6767048554282596,2025-09-23
MITTAL, EQ, 23-Sep-2025,1.59,1.56,1.62,1.56,1.6,1.6,1.6,389820,6.24,433, 295682, 75.85,0.758509055461495,2025-09-23
MKPL, EQ, 23-Sep-2025,7.59,7.65,7.84,7.5,7.64,7.61,7.64,296060,22.62,1433, 216610, 73.16,0.731642234682159,2025-09-23
MMFL, EQ, 23-Sep-2025,326.1,327.8,332.0,319.0,326.0,328.25,323.85,46018,149.03,2653, 24905, 54.12,0.5412012690686253,2025-09-23
MMP, EQ, 23-Sep-2025,276.95,272.7,284.7,272.7,283.0,280.65,280.71,11871,33.32,662, 8447, 71.16,0.7115660011793447,2025-09-23
MMTC, EQ, 23-Sep-2025,70.96,71.45,71.45,69.21,70.4,70.14,70.23,2664107,1871.07,17476, 806248, 30.26,0.30263349032152237,2025-09-23
MNC, EQ, 23-Sep-2025,31.04,31.19,31.26,30.9,31.1,30.97,31.03,38944,12.08,333, 25303, 64.97,0.6497278142974527,2025-09-23
MOALPHA50, EQ, 23-Sep-2025,51.72,52.97,52.97,51.16,51.43,51.23,51.39,7158,3.68,65, 4122, 57.59,0.575859178541492,2025-09-23
MOBIKWIK, EQ, 23-Sep-2025,294.38,295.75,297.48,284.4,285.0,288.02,291.09,3015854,8778.71,36038, 756727, 25.09,0.25091632419871784,2025-09-23
MOCAPITAL, EQ, 23-Sep-2025,43.53,42.44,44.03,42.44,43.38,43.32,43.27,208345,90.16,1614, 164074, 78.75,0.7875110993784348,2025-09-23
MODEFENCE, EQ, 23-Sep-2025,90.45,92.71,92.71,89.2,89.96,89.87,89.62,5337801,4783.81,11421, 4206392, 78.80,0.7880383701078403,2025-09-23
MODIRUBBER, EQ, 23-Sep-2025,121.79,123.6,130.0,118.25,121.49,120.63,123.0,16737,20.59,847, 8829, 52.75,0.5275138913783832,2025-09-23
MODISONLTD, EQ, 23-Sep-2025,160.7,160.01,171.8,160.01,167.56,167.85,168.06,309194,519.63,5970, 129251, 41.80,0.4180255761754756,2025-09-23
MODTHREAD, EQ, 23-Sep-2025,49.75,50.0,50.0,47.26,47.26,47.59,47.91,11441,5.48,102, 7202, 62.95,0.6294904291582903,2025-09-23
MOGOLD, EQ, 23-Sep-2025,110.95,112.95,115.45,111.5,115.45,113.9,113.76,1257581,1430.57,598, 1251284, 99.50,0.9949927678614737,2025-09-23
MOGSEC, EQ, 23-Sep-2025,62.18,62.2,62.22,62.11,62.2,62.19,62.15,1175,0.73,29, 1173, 99.83,0.9982978723404256,2025-09-23
MOHEALTH, EQ, 23-Sep-2025,45.59,45.96,45.98,45.1,45.33,45.2,45.37,69395,31.49,761, 56251, 81.06,0.8105915411773182,2025-09-23
MOHITIND, BE, 23-Sep-2025,33.44,34.75,34.75,32.35,33.95,33.85,33.85,6333,2.14,49, -, -,,2025-09-23
MOIL, EQ, 23-Sep-2025,354.3,354.0,368.2,350.0,363.2,362.4,360.93,1524774,5503.38,32759, 499150, 32.74,0.32735998908690733,2025-09-23
MOINFRA, EQ, 23-Sep-2025,62.01,62.32,62.86,61.06,61.95,61.61,61.71,7301,4.51,82, 4845, 66.36,0.6636077249691823,2025-09-23
MOKSH, EQ, 23-Sep-2025,14.96,14.7,14.99,14.61,14.94,14.91,14.88,364219,54.21,537, 250617, 68.81,0.6880942509863571,2025-09-23
MOL, EQ, 23-Sep-2025,86.5,86.0,86.67,85.2,86.2,86.0,86.04,331014,284.81,4358, 135660, 40.98,0.4098316083307655,2025-09-23
MOLDTECH, EQ, 23-Sep-2025,174.62,174.09,174.84,169.02,171.6,171.39,171.31,135393,231.95,3717, 69738, 51.51,0.515078327535397,2025-09-23
MOLDTKPAC, EQ, 23-Sep-2025,812.8,812.85,829.8,798.25,801.9,801.2,813.4,83828,681.86,9294, 21656, 25.83,0.2583385026482798,2025-09-23
MOLOWVOL, EQ, 23-Sep-2025,38.16,38.68,38.68,37.87,37.87,37.94,38.04,2980,1.13,87, 1821, 61.11,0.6110738255033556,2025-09-23
MOM100, EQ, 23-Sep-2025,63.2,62.8,63.8,62.43,62.8,62.84,62.87,375466,236.06,3010, 227356, 60.55,0.6055301944783282,2025-09-23
MOM30IETF, EQ, 23-Sep-2025,31.46,31.95,31.95,31.26,31.4,31.35,31.36,325150,101.97,1940, 204346, 62.85,0.6284668614485622,2025-09-23
MOM50, EQ, 23-Sep-2025,261.5,261.49,264.08,259.2,262.98,261.39,261.05,7942,20.73,262, 7003, 88.18,0.8817678166708638,2025-09-23
MOMENTUM, EQ, 23-Sep-2025,31.27,31.09,31.54,31.02,31.34,31.21,31.18,19647,6.13,289, 13712, 69.79,0.6979182572402911,2025-09-23
MOMENTUM50, EQ, 23-Sep-2025,52.14,52.39,52.7,51.53,51.96,51.9,51.97,300014,155.92,1949, 201174, 67.05,0.6705487077269727,2025-09-23
MOMGF, EQ, 23-Sep-2025,182.16,181.97,181.97,150.0,152.22,150.69,152.24,122098,185.88,1411, 43988, 36.03,0.3602679814575177,2025-09-23
MOMIDMTM, EQ, 23-Sep-2025,62.25,62.77,62.9,61.8,62.9,62.26,62.08,12337,7.66,194, 11991, 97.20,0.9719542838615547,2025-09-23
MOMOMENTUM, EQ, 23-Sep-2025,62.8,63.11,63.37,62.13,62.23,62.32,62.52,62613,39.15,678, 28757, 45.93,0.45928161883314966,2025-09-23
MON100, EQ, 23-Sep-2025,214.61,219.97,219.97,215.44,217.3,216.98,216.35,952429,2060.62,11328, 550078, 57.76,0.5775527624631337,2025-09-23
MON50EQUAL, EQ, 23-Sep-2025,32.53,33.18,33.6,31.8,32.44,32.45,32.54,38100,12.4,126, 5285, 13.87,0.13871391076115486,2025-09-23
MONARCH, EQ, 23-Sep-2025,332.3,333.05,340.0,328.2,330.75,330.55,333.79,363137,1212.13,8990, 102188, 28.14,0.28140343727023137,2025-09-23
MONEXT50, EQ, 23-Sep-2025,70.01,71.15,71.15,69.05,69.42,69.27,69.45,8534,5.93,68, 6746, 79.05,0.7904851183501289,2025-09-23
MONIFTY500, EQ, 23-Sep-2025,23.85,24.09,24.09,23.68,23.82,23.82,23.83,281975,67.2,1317, 235836, 83.64,0.8363720187959925,2025-09-23
MONQ50, EQ, 23-Sep-2025,90.11,90.25,91.48,90.01,90.38,90.6,90.49,187273,169.47,2024, 155319, 82.94,0.8293720931474372,2025-09-23
MONTECARLO, EQ, 23-Sep-2025,644.85,631.0,715.5,630.1,687.0,687.3,690.67,663863,4585.11,26547, 148939, 22.44,0.22435201238809815,2025-09-23
MOPSE, EQ, 23-Sep-2025,98.81,99.0,99.0,99.0,99.0,99.0,99.0,5,0.0,1, 5, 100.00,1.0,2025-09-23
MOQUALITY, EQ, 23-Sep-2025,196.32,197.12,197.19,195.26,195.46,195.46,196.0,516,1.01,32, 511, 99.03,0.9903100775193798,2025-09-23
MORARJEE, BZ, 23-Sep-2025,9.2,9.29,9.66,9.27,9.27,9.27,9.29,536,0.05,12, -, -,,2025-09-23
MOREALTY, EQ, 23-Sep-2025,91.97,92.42,92.96,90.53,91.55,91.26,91.37,250667,229.02,1754, 171527, 68.43,0.6842823347309378,2025-09-23
MOREPENLAB, EQ, 23-Sep-2025,53.18,53.48,53.48,51.62,52.03,51.97,52.2,2567333,1340.22,16884, 938692, 36.56,0.36562923469608344,2025-09-23
MOSCHIP, EQ, 23-Sep-2025,260.29,260.99,262.4,248.4,252.75,252.67,253.83,5103036,12953.2,54494, 1690234, 33.12,0.3312212573064348,2025-09-23
MOSILVER, EQ, 23-Sep-2025,134.67,135.99,138.45,130.73,131.8,131.26,131.94,648190,855.23,2385, 519060, 80.08,0.8007837208225983,2025-09-23
MOSMALL250, EQ, 23-Sep-2025,17.37,17.49,17.58,17.2,17.32,17.26,17.33,897686,155.53,4014, 754489, 84.05,0.8404820839358083,2025-09-23
MOTHERSON, EQ, 23-Sep-2025,109.95,109.95,112.38,109.37,112.05,112.08,111.6,33790140,37710.06,133167, 16417935, 48.59,0.485879460694747,2025-09-23
MOTILALOFS, EQ, 23-Sep-2025,950.3,951.0,962.0,943.65,955.0,958.35,952.14,684313,6515.64,29453, 436485, 63.78,0.6378440859665094,2025-09-23
MOTISONS, EQ, 23-Sep-2025,19.12,19.12,19.2,18.68,18.83,18.81,18.91,1309384,247.64,3628, 809101, 61.79,0.6179249173657231,2025-09-23
MOTOGENFIN, EQ, 23-Sep-2025,26.72,26.37,26.99,26.35,26.68,26.39,26.48,8952,2.37,61, 6365, 71.10,0.7110142984807865,2025-09-23
MOTOUR, EQ, 23-Sep-2025,92.37,92.37,92.37,90.61,91.54,91.5,91.59,6771,6.2,118, 5940, 87.73,0.8772707133362871,2025-09-23
MOVALUE, EQ, 23-Sep-2025,104.73,104.74,105.94,104.05,105.43,105.28,105.17,45698,48.06,545, 38832, 84.98,0.8497527244080704,2025-09-23
MPHASIS, EQ, 23-Sep-2025,2852.4,2840.0,2840.0,2753.4,2772.8,2766.6,2778.48,845283,23486.06,57293, 388381, 45.95,0.45946860400599565,2025-09-23
MPSLTD, EQ, 23-Sep-2025,2284.3,2288.9,2303.1,2246.5,2283.0,2259.0,2273.88,6544,148.8,2058, 2477, 37.85,0.3785146699266504,2025-09-23
MRF, EQ, 23-Sep-2025,152850.0,153000.0,156400.0,152995.0,155340.0,155935.0,155167.28,12421,19273.33,8071, 4682, 37.69,0.3769422751791321,2025-09-23
MRPL, EQ, 23-Sep-2025,129.88,130.5,130.71,128.6,129.2,129.11,129.47,695274,900.14,7596, 241829, 34.78,0.34781827020714134,2025-09-23
MSCIINDIA, EQ, 23-Sep-2025,30.15,30.2,30.2,29.9,30.09,30.08,30.04,7570,2.27,56, 6390, 84.41,0.8441215323645971,2025-09-23
MSPL, EQ, 23-Sep-2025,37.24,36.92,38.79,36.92,38.23,38.24,37.98,1128974,428.83,3090, 830890, 73.60,0.7359691188636762,2025-09-23
MSTCLTD, EQ, 23-Sep-2025,530.85,534.0,534.0,516.4,518.0,517.55,520.29,123817,644.21,5611, 59494, 48.05,0.48049944676417616,2025-09-23
MSUMI, EQ, 23-Sep-2025,47.58,47.88,48.52,47.42,47.99,48.01,47.97,9956959,4775.94,42880, 5770669, 57.96,0.5795613901794715,2025-09-23
MTARTECH, EQ, 23-Sep-2025,1807.6,1812.0,1876.0,1784.0,1876.0,1869.0,1842.55,387647,7142.58,29712, 183837, 47.42,0.47423815997544155,2025-09-23
MTEDUCARE, BE, 23-Sep-2025,1.96,1.9,2.05,1.87,2.0,2.0,1.9,21905,0.42,34, -, -,,2025-09-23
MTNL, EQ, 23-Sep-2025,44.71,44.74,44.89,44.0,44.1,44.1,44.44,1371276,609.46,6627, 502953, 36.68,0.36677736648202114,2025-09-23
MUFIN, EQ, 23-Sep-2025,86.15,86.09,87.84,86.09,87.05,87.1,87.07,155071,135.02,1206, 90026, 58.05,0.5805469752564955,2025-09-23
MUFTI, EQ, 23-Sep-2025,116.28,116.15,116.94,115.01,115.5,115.32,115.5,222999,257.57,2484, 149819, 67.18,0.6718370934398809,2025-09-23
MUKANDLTD, EQ, 23-Sep-2025,135.52,135.52,141.12,135.52,137.0,139.2,138.43,254055,351.69,4684, 107334, 42.25,0.42248332054082777,2025-09-23
MUKKA, EQ, 23-Sep-2025,27.55,27.85,27.85,27.3,27.45,27.5,27.49,170125,46.76,1449, 119873, 70.46,0.7046171932402645,2025-09-23
MUKTAARTS, EQ, 23-Sep-2025,70.74,70.7,70.74,69.3,69.3,69.93,70.01,3730,2.61,62, 3402, 91.21,0.9120643431635389,2025-09-23
MULTICAP, EQ, 23-Sep-2025,16.42,16.42,16.46,16.13,16.37,16.35,16.37,530584,86.83,483, 506631, 95.49,0.9548554046107686,2025-09-23
MUNJALAU, EQ, 23-Sep-2025,90.38,90.39,95.0,90.35,94.0,93.44,93.19,656288,611.62,6132, 261754, 39.88,0.39884014335169926,2025-09-23
MUNJALSHOW, EQ, 23-Sep-2025,139.65,137.55,142.5,137.55,138.74,138.3,140.11,36557,51.22,963, 15555, 42.55,0.4254999042591022,2025-09-23
MURUDCERA, EQ, 23-Sep-2025,43.17,44.2,44.2,43.04,43.23,43.34,43.34,7955,3.45,240, 5058, 63.58,0.6358265241986172,2025-09-23
MUTHOOTCAP, EQ, 23-Sep-2025,282.05,282.95,287.4,280.95,283.85,285.0,284.82,16832,47.94,957, 9467, 56.24,0.5624405893536122,2025-09-23
MUTHOOTFIN, EQ, 23-Sep-2025,3047.6,3070.0,3078.1,3031.1,3060.0,3060.8,3055.74,576185,17606.7,40424, 208437, 36.18,0.3617536034433385,2025-09-23
MUTHOOTMF, EQ, 23-Sep-2025,167.84,169.0,169.85,165.0,165.07,165.75,166.59,78210,130.29,2987, 33767, 43.17,0.4317478583301368,2025-09-23
MVGJL, EQ, 23-Sep-2025,199.22,200.0,201.4,197.7,200.0,198.32,199.02,73074,145.43,2232, 42318, 57.91,0.5791115855160522,2025-09-23
MWL, EQ, 23-Sep-2025,239.8,239.9,246.15,235.0,235.0,238.25,239.98,23462,56.31,396, 16128, 68.74,0.6874094280112523,2025-09-23
NACLIND, BE, 23-Sep-2025,229.4,228.85,231.95,219.5,224.0,224.65,222.59,266865,594.01,4284, -, -,,2025-09-23
NAGAFERT, EQ, 23-Sep-2025,5.36,5.35,5.41,5.31,5.33,5.33,5.34,352979,18.85,626, 258651, 73.28,0.7327659719133433,2025-09-23
NAGREEKCAP, EQ, 23-Sep-2025,27.71,28.14,28.14,26.61,27.3,27.3,27.38,3728,1.02,44, 3195, 85.70,0.8570278969957081,2025-09-23
NAGREEKEXP, EQ, 23-Sep-2025,34.81,35.5,35.5,33.0,33.55,33.34,34.09,24015,8.19,405, 18420, 76.70,0.7670206121174266,2025-09-23
NAHARCAP, BE, 23-Sep-2025,288.95,295.0,295.0,286.35,288.15,292.15,288.6,1193,3.44,30, -, -,,2025-09-23
NAHARINDUS, EQ, 23-Sep-2025,118.19,119.41,130.0,116.71,124.5,124.48,125.19,91031,113.96,1824, 52664, 57.85,0.5785281936922587,2025-09-23
NAHARPOLY, EQ, 23-Sep-2025,291.65,292.0,298.95,289.85,291.5,292.85,294.42,12900,37.98,724, 8217, 63.70,0.6369767441860466,2025-09-23
NAHARSPING, EQ, 23-Sep-2025,218.16,219.83,220.25,215.05,217.7,216.56,217.19,10023,21.77,465, 6020, 60.06,0.6006185772722737,2025-09-23
NAM-INDIA, EQ, 23-Sep-2025,841.5,840.0,857.75,833.05,840.0,837.85,847.62,663635,5625.1,23394, 326142, 49.14,0.49144785913943656,2025-09-23
NARMADA, EQ, 23-Sep-2025,24.21,24.2,24.69,23.75,23.89,23.88,23.96,121225,29.04,386, 106121, 87.54,0.875405238193442,2025-09-23
NATCAPSUQ, EQ, 23-Sep-2025,232.18,233.6,236.8,222.42,225.2,225.87,228.48,18732,42.8,1240, 10494, 56.02,0.5602178090967329,2025-09-23
NATCOPHARM, EQ, 23-Sep-2025,864.5,865.05,868.2,853.4,856.85,855.5,856.55,277366,2375.79,18503, 160974, 58.04,0.5803667356489259,2025-09-23
NATHBIOGEN, BE, 23-Sep-2025,172.9,178.0,179.7,173.1,175.89,175.07,176.11,24196,42.61,239, -, -,,2025-09-23
NATIONALUM, EQ, 23-Sep-2025,210.94,210.9,211.88,207.3,209.24,208.84,209.22,6350517,13286.8,38158, 3060197, 48.19,0.4818815538955332,2025-09-23
NAUKRI, EQ, 23-Sep-2025,1417.7,1422.8,1433.6,1389.0,1394.4,1393.9,1404.43,1526034,21432.02,77422, 896893, 58.77,0.5877280584836249,2025-09-23
NAVA, EQ, 23-Sep-2025,709.55,712.4,723.0,708.0,710.5,710.35,712.3,246646,1756.86,8432, 88791, 36.00,0.3599936751457555,2025-09-23
NAVINFLUOR, EQ, 23-Sep-2025,4713.3,4720.0,4799.0,4651.0,4680.0,4691.7,4705.62,86124,4052.67,23021, 57859, 67.18,0.671810412893038,2025-09-23
NAVKARCORP, EQ, 23-Sep-2025,126.69,127.5,129.49,126.05,126.82,126.34,127.53,344072,438.78,5408, 139341, 40.50,0.4049762840335744,2025-09-23
NAVKARURB, BE, 23-Sep-2025,2.76,2.7,2.7,2.69,2.69,2.69,2.7,396863,10.7,201, -, -,,2025-09-23
NAVNETEDUL, EQ, 23-Sep-2025,163.87,163.95,164.2,158.72,159.07,159.58,160.67,274397,440.88,6611, 144678, 52.73,0.5272579510708937,2025-09-23
NAZARA, EQ, 23-Sep-2025,1104.5,1109.0,1114.0,1095.7,1104.0,1104.2,1104.73,225377,2489.82,7073, 100650, 44.66,0.4465850552629594,2025-09-23
NBCC, EQ, 23-Sep-2025,114.95,115.5,115.5,112.31,112.81,112.84,113.5,8040918,9126.08,40552, 2876712, 35.78,0.3577591513804767,2025-09-23
NBIFIN, EQ, 23-Sep-2025,2550.6,2550.6,2550.6,2503.0,2514.5,2514.8,2519.4,109,2.75,26, 93, 85.32,0.8532110091743119,2025-09-23
NCC, EQ, 23-Sep-2025,213.93,213.93,214.79,211.32,212.49,212.01,212.35,1381772,2934.24,15994, 536051, 38.79,0.38794461025407956,2025-09-23
NCLIND, EQ, 23-Sep-2025,210.65,210.9,211.4,206.64,208.65,209.53,208.79,75271,157.16,1508, 38155, 50.69,0.5069017284213043,2025-09-23
NDGL, EQ, 23-Sep-2025,3789.5,3789.5,3850.0,3730.0,3730.0,3744.2,3765.12,203,7.64,45, 177, 87.19,0.8719211822660099,2025-09-23
NDL, EQ, 23-Sep-2025,3.55,3.53,3.57,3.47,3.51,3.49,3.5,1648207,57.74,1928, 1167943, 70.86,0.7086142699309007,2025-09-23
NDLVENTURE, BE, 23-Sep-2025,84.93,86.5,86.5,81.11,84.4,84.49,83.31,37465,31.21,73, -, -,,2025-09-23
NDRAUTO, EQ, 23-Sep-2025,1061.0,1061.0,1113.6,1061.0,1081.0,1082.7,1090.9,57587,628.22,7635, 20861, 36.23,0.3622518971295605,2025-09-23
NDTV, EQ, 23-Sep-2025,130.8,129.39,131.9,125.43,127.01,126.36,128.66,211286,271.84,3028, 128750, 60.94,0.6093636114082334,2025-09-23
NDTV-RE, BE, 23-Sep-2025,30.09,30.09,30.4,28.51,29.25,29.28,29.06,410589,119.3,2196, -, -,,2025-09-23
NECCLTD, EQ, 23-Sep-2025,21.09,21.2,21.32,20.8,21.08,20.88,21.01,27660,5.81,327, 17831, 64.46,0.644649313087491,2025-09-23
NECLIFE, BE, 23-Sep-2025,15.66,15.34,15.34,15.34,15.34,15.34,15.34,21687,3.33,121, -, -,,2025-09-23
NELCAST, EQ, 23-Sep-2025,145.27,144.1,146.0,143.5,144.0,144.07,144.28,66611,96.11,1188, 47972, 72.02,0.7201813514284428,2025-09-23
NELCO, EQ, 23-Sep-2025,877.45,884.45,896.5,879.0,886.0,884.0,888.53,85990,764.05,7209, 20894, 24.30,0.24298174206303058,2025-09-23
NEOGEN, EQ, 23-Sep-2025,1559.9,1548.8,1568.4,1534.6,1540.0,1542.1,1550.26,17471,270.85,5114, 8887, 50.87,0.5086715127926278,2025-09-23
NESCO, EQ, 23-Sep-2025,1500.2,1508.1,1512.3,1455.0,1460.4,1473.0,1480.91,55673,824.47,10493, 28975, 52.04,0.5204497691879367,2025-09-23
NESTLEIND, EQ, 23-Sep-2025,1188.3,1189.8,1194.5,1165.0,1167.9,1168.4,1170.62,2114020,24747.11,61376, 1395011, 65.99,0.6598854315474783,2025-09-23
NETF, EQ, 23-Sep-2025,271.25,273.29,273.29,271.0,271.02,271.08,271.78,699,1.9,92, 564, 80.69,0.8068669527896996,2025-09-23
NETWEB, EQ, 23-Sep-2025,3535.4,3535.0,3585.0,3355.4,3494.0,3540.8,3497.48,4161875,145560.65,209226, 407558, 9.79,0.09792653551584322,2025-09-23
NETWORK18, EQ, 23-Sep-2025,55.05,55.06,55.64,54.01,54.43,54.44,54.66,3131668,1711.7,14855, 1233803, 39.40,0.393976309110672,2025-09-23
NEULANDLAB, EQ, 23-Sep-2025,15306.0,15306.0,15459.0,14900.0,15110.0,14985.0,15075.56,33213,5007.05,10560, 10818, 32.57,0.3257158341613224,2025-09-23
NEWGEN, EQ, 23-Sep-2025,898.1,898.1,899.1,881.7,884.0,884.2,886.84,203983,1808.99,10655, 81234, 39.82,0.39823906894201966,2025-09-23
NEXT30ADD, EQ, 23-Sep-2025,39.59,39.83,39.83,39.39,39.49,39.45,39.56,1256,0.5,53, 696, 55.41,0.554140127388535,2025-09-23
NEXT50, EQ, 23-Sep-2025,717.8,721.26,721.26,711.49,714.66,714.66,715.15,14015,100.23,467, 8541, 60.94,0.609418480199786,2025-09-23
NEXT50IETF, EQ, 23-Sep-2025,73.25,73.9,73.9,72.74,73.15,73.07,73.13,389705,284.97,4542, 219162, 56.24,0.5623792355756277,2025-09-23
NEXTMEDIA, EQ, 23-Sep-2025,6.3,6.43,6.43,6.12,6.33,6.33,6.27,4028,0.25,38, 3210, 79.69,0.7969215491559086,2025-09-23
NFL, EQ, 23-Sep-2025,96.97,97.19,97.19,95.53,95.9,95.81,96.11,747713,718.63,5488, 264977, 35.44,0.354383299474531,2025-09-23
NGIL, EQ, 23-Sep-2025,31.84,32.7,32.7,31.3,31.35,31.76,31.97,18559,5.93,522, 8769, 47.25,0.47249313001778115,2025-09-23
NGLFINE, EQ, 23-Sep-2025,1423.0,1423.0,1480.0,1394.8,1469.9,1455.2,1456.31,1771,25.79,413, 1317, 74.36,0.743647656691135,2025-09-23
NH, EQ, 23-Sep-2025,1739.3,1747.5,1758.8,1726.1,1733.1,1733.2,1736.89,181344,3149.75,23526, 110726, 61.06,0.61058540674078,2025-09-23
NHPC, EQ, 23-Sep-2025,87.73,87.85,88.3,86.29,86.6,86.63,86.83,11788276,10235.55,46505, 6316139, 53.58,0.5357983644088414,2025-09-23
NIACL, EQ, 23-Sep-2025,198.89,200.0,200.0,195.44,196.0,196.14,196.93,570211,1122.93,9354, 155743, 27.31,0.27313222649159696,2025-09-23
NIBE, EQ, 23-Sep-2025,1357.0,1369.7,1414.9,1369.7,1379.9,1387.2,1390.8,74313,1033.55,5459, 42760, 57.54,0.5754040342874059,2025-09-23
NIBL, EQ, 23-Sep-2025,30.15,31.18,31.18,28.41,29.61,29.58,29.81,45483,13.56,256, 33428, 73.50,0.7349559175955852,2025-09-23
NIF100BEES, EQ, 23-Sep-2025,273.45,273.98,274.82,272.65,273.98,273.74,273.42,5763,15.76,501, 3287, 57.04,0.5703626583376713,2025-09-23
NIF100IETF, EQ, 23-Sep-2025,28.83,28.84,28.95,28.68,28.68,28.75,28.77,57029,16.41,998, 29176, 51.16,0.5115993617282435,2025-09-23
NIF10GETF, EQ, 23-Sep-2025,25.85,25.85,26.08,25.85,25.94,25.87,25.94,7878,2.04,25, 6109, 77.55,0.7754506219852755,2025-09-23
NIF5GETF, EQ, 23-Sep-2025,63.79,63.79,63.79,62.96,63.65,63.58,63.56,1382,0.88,25, 994, 71.92,0.7192474674384949,2025-09-23
NIFITETF, EQ, 23-Sep-2025,366.55,368.38,375.0,363.1,364.12,363.78,367.53,3117,11.46,172, 1972, 63.27,0.632659608598011,2025-09-23
NIFMID150, EQ, 23-Sep-2025,220.98,220.99,224.4,217.91,219.5,219.49,220.24,3203,7.05,101, 1647, 51.42,0.5142054324071184,2025-09-23
NIFTY1, EQ, 23-Sep-2025,277.22,277.21,278.25,275.9,277.49,276.87,276.45,29990,82.91,957, 19332, 64.46,0.6446148716238747,2025-09-23
NIFTY100EW, EQ, 23-Sep-2025,34.12,34.12,34.12,33.75,33.92,33.91,33.85,14455,4.89,159, 8978, 62.11,0.6210999654098928,2025-09-23
NIFTY50ADD, EQ, 23-Sep-2025,262.92,264.23,264.23,261.8,262.71,262.7,262.67,16309,42.84,312, 14119, 86.57,0.865718315040775,2025-09-23
NIFTYBEES, EQ, 23-Sep-2025,284.49,285.39,285.39,283.01,284.55,284.35,284.14,4375351,12431.92,34315, 2478458, 56.65,0.5664592394987282,2025-09-23
NIFTYBETF, EQ, 23-Sep-2025,257.29,257.29,259.0,256.16,259.0,257.06,257.16,1992,5.12,76, 1545, 77.56,0.7756024096385542,2025-09-23
NIFTYETF, EQ, 23-Sep-2025,271.71,272.59,272.59,270.5,271.01,271.14,271.4,107595,292.02,894, 73892, 68.68,0.686760537199684,2025-09-23
NIFTYIETF, EQ, 23-Sep-2025,283.1,286.0,286.0,281.82,283.09,283.0,282.75,429786,1215.24,11535, 316073, 73.54,0.7354194878381334,2025-09-23
NIFTYQLITY, EQ, 23-Sep-2025,21.79,21.52,22.21,21.02,21.73,21.65,21.7,54456,11.82,563, 41646, 76.48,0.7647642133098281,2025-09-23
NIITLTD, EQ, 23-Sep-2025,110.71,110.79,112.0,109.11,109.58,109.4,110.03,291246,320.47,4030, 117841, 40.46,0.40460984871895234,2025-09-23
NIITMTS, EQ, 23-Sep-2025,320.95,324.2,332.2,320.0,330.0,329.05,326.0,137076,446.87,5890, 78137, 57.00,0.5700268464209636,2025-09-23
NILAINFRA, EQ, 23-Sep-2025,10.27,10.35,10.42,10.14,10.33,10.29,10.27,385027,39.54,1126, 191277, 49.68,0.4967885369078013,2025-09-23
NILASPACES, EQ, 23-Sep-2025,16.0,16.0,16.41,16.0,16.04,16.07,16.15,333349,53.82,1346, 189681, 56.90,0.5690162562359569,2025-09-23
NILKAMAL, EQ, 23-Sep-2025,1578.1,1580.5,1599.8,1566.6,1583.3,1578.1,1580.6,3468,54.82,656, 1530, 44.12,0.4411764705882353,2025-09-23
NINSYS, EQ, 23-Sep-2025,438.05,437.45,447.9,430.0,444.5,442.3,436.56,3821,16.68,387, 2801, 73.31,0.7330541742999215,2025-09-23
NIPPOBATRY, EQ, 23-Sep-2025,477.3,476.85,480.6,468.05,470.0,469.9,475.08,2222,10.56,192, 1922, 86.50,0.864986498649865,2025-09-23
NIRAJ, EQ, 23-Sep-2025,46.11,46.76,46.76,45.63,45.99,45.79,45.91,11084,5.09,231, 7003, 63.18,0.6318116203536629,2025-09-23
NIRAJISPAT, BE, 23-Sep-2025,345.15,330.2,336.2,330.2,336.15,336.15,334.03,64,0.21,9, -, -,,2025-09-23
NITCO, EQ, 23-Sep-2025,117.56,117.56,119.8,115.55,115.56,116.02,117.45,184013,216.11,3306, 87478, 47.54,0.47539032568351147,2025-09-23
NITINSPIN, EQ, 23-Sep-2025,346.85,346.1,348.1,343.25,345.0,345.25,345.17,34338,118.52,677, 20125, 58.61,0.5860853864523269,2025-09-23
NITIRAJ, EQ, 23-Sep-2025,210.09,210.05,210.2,206.0,207.03,206.44,206.72,2109,4.36,118, 1570, 74.44,0.7444286391654813,2025-09-23
NIVABUPA, EQ, 23-Sep-2025,82.84,82.71,82.84,81.35,81.7,81.73,81.74,1455467,1189.65,10160, 779228, 53.54,0.5353800532749969,2025-09-23
NKIND, EQ, 23-Sep-2025,71.6,72.31,73.59,71.2,72.25,72.2,71.44,3465,2.48,88, 2834, 81.79,0.8178932178932179,2025-09-23
NLCINDIA, EQ, 23-Sep-2025,264.25,265.5,277.45,260.11,276.9,276.09,271.52,9772198,26533.45,96619, 3387196, 34.66,0.3466155720545163,2025-09-23
NMDC, EQ, 23-Sep-2025,76.86,76.88,78.38,76.51,78.3,78.1,77.67,32011480,24862.28,71922, 15627659, 48.82,0.4881892058723933,2025-09-23
NOCIL, EQ, 23-Sep-2025,181.23,182.4,183.04,180.7,182.1,182.19,181.97,601769,1095.03,13984, 425375, 70.69,0.7068742324712639,2025-09-23
NOIDATOLL, BE, 23-Sep-2025,4.38,4.16,4.49,4.16,4.42,4.41,4.35,48479,2.11,69, -, -,,2025-09-23
NORBTEAEXP, BE, 23-Sep-2025,52.68,51.62,51.62,51.62,51.62,51.62,51.62,2617,1.35,15, -, -,,2025-09-23
NORTHARC, EQ, 23-Sep-2025,279.16,279.2,283.53,276.06,279.7,279.1,279.61,1097794,3069.57,20452, 476791, 43.43,0.43431736737493554,2025-09-23
NOVAAGRI, EQ, 23-Sep-2025,50.53,51.3,51.3,50.2,50.6,50.34,50.46,72210,36.44,1500, 39062, 54.10,0.5409500069242488,2025-09-23
NPBET, EQ, 23-Sep-2025,278.23,276.5,278.44,276.5,278.44,278.44,277.44,531,1.47,9, 459, 86.44,0.864406779661017,2025-09-23
NPST, EQ, 23-Sep-2025,1960.4,1961.3,2040.9,1960.0,1960.0,1971.0,1991.09,17561,349.66,2564, 7710, 43.90,0.439041056887421,2025-09-23
NRAIL, EQ, 23-Sep-2025,386.2,386.4,398.95,363.85,368.0,368.85,377.08,10740,40.5,459, 7787, 72.50,0.7250465549348231,2025-09-23
NRBBEARING, EQ, 23-Sep-2025,279.6,281.1,301.0,278.4,294.5,294.65,293.47,987931,2899.28,34395, 363599, 36.80,0.36804088544645325,2025-09-23
NRL, EQ, 23-Sep-2025,73.15,72.8,75.65,72.8,74.95,74.76,74.36,50852,37.82,665, 34250, 67.35,0.6735231652639031,2025-09-23
NSIL, EQ, 23-Sep-2025,7068.0,7151.0,7151.0,7020.5,7119.5,7092.5,7080.36,3479,246.33,854, 1889, 54.30,0.5429721184248347,2025-09-23
NSLNISP, EQ, 23-Sep-2025,46.61,46.68,47.82,46.12,47.02,47.1,46.96,6343048,2978.51,19379, 2108940, 33.25,0.33248053617125395,2025-09-23
NTPC, EQ, 23-Sep-2025,339.2,339.45,344.1,338.1,343.05,343.0,342.2,10738268,36746.15,100962, 6765510, 63.00,0.6300373579798902,2025-09-23
NTPCGREEN, EQ, 23-Sep-2025,103.83,103.84,103.94,102.8,103.05,103.01,103.04,19539744,20132.89,28744, 12805777, 65.54,0.6553707663723741,2025-09-23
NUCLEUS, EQ, 23-Sep-2025,1029.9,1030.0,1039.9,1005.0,1014.0,1016.1,1016.06,17819,181.05,2347, 11243, 63.10,0.6309557214209551,2025-09-23
NURECA, EQ, 23-Sep-2025,239.69,240.0,242.1,235.0,237.96,235.74,239.11,25904,61.94,961, 17773, 68.61,0.6861102532427424,2025-09-23
NUVAMA, EQ, 23-Sep-2025,6280.5,6300.0,6303.0,6155.0,6208.0,6222.5,6208.18,113215,7028.6,21600, 57132, 50.46,0.5046327783420925,2025-09-23
NUVOCO, EQ, 23-Sep-2025,447.3,449.7,450.05,443.8,448.25,445.9,446.85,110042,491.73,7463, 70963, 64.49,0.6448719579796804,2025-09-23
NV20, EQ, 23-Sep-2025,149.14,149.69,149.69,148.51,149.0,149.0,148.91,7314,10.89,166, 4137, 56.56,0.5656275635767022,2025-09-23
NV20BEES, EQ, 23-Sep-2025,149.17,149.91,149.99,148.58,149.01,149.33,148.94,14269,21.25,262, 11037, 77.35,0.7734949891372906,2025-09-23
NV20IETF, EQ, 23-Sep-2025,14.55,14.36,14.81,14.36,14.55,14.55,14.54,199460,29.01,1778, 118194, 59.26,0.5925699388348541,2025-09-23
NYKAA, EQ, 23-Sep-2025,242.4,243.1,243.56,237.1,238.51,237.71,238.82,2661574,6356.26,35898, 1392530, 52.32,0.5231979272415496,2025-09-23
OAL, EQ, 23-Sep-2025,352.15,352.65,352.65,345.7,347.45,347.2,347.12,3081,10.69,311, 2186, 70.95,0.7095098993833171,2025-09-23
OBCL, EQ, 23-Sep-2025,57.7,57.5,58.55,56.16,57.2,56.83,57.21,4767,2.73,102, 2441, 51.21,0.512062093559891,2025-09-23
OBEROIRLTY, EQ, 23-Sep-2025,1673.9,1671.5,1677.8,1652.3,1666.0,1666.0,1664.58,379371,6314.95,24484, 186499, 49.16,0.4916005704178759,2025-09-23
OCCLLTD, EQ, 23-Sep-2025,137.63,139.7,139.7,132.82,133.45,133.32,135.26,96681,130.77,1000, 78646, 81.35,0.813458694055709,2025-09-23
ODIGMA, BE, 23-Sep-2025,56.09,54.4,54.4,53.28,53.28,53.28,53.47,62793,33.58,439, -, -,,2025-09-23
OFSS, EQ, 23-Sep-2025,9056.5,9098.0,9211.5,9035.0,9110.0,9104.0,9112.46,130689,11908.99,19855, 40894, 31.29,0.31291080351062445,2025-09-23
OIL, EQ, 23-Sep-2025,409.25,409.6,411.0,403.55,405.5,404.55,406.79,1604703,6527.76,24893, 941949, 58.70,0.5869927332347481,2025-09-23
OILCOUNTUB, EQ, 23-Sep-2025,76.5,76.5,78.19,73.5,74.2,74.24,74.87,78144,58.51,1921, 41655, 53.31,0.5330543611793612,2025-09-23
OILIETF, EQ, 23-Sep-2025,11.52,11.55,11.65,11.4,11.5,11.46,11.46,1758009,201.44,2405, 1040292, 59.17,0.5917444108647908,2025-09-23
OLAELEC, BE, 23-Sep-2025,58.01,58.1,59.2,57.55,58.1,58.24,58.34,16657850,9718.54,39934, -, -,,2025-09-23
OLECTRA, EQ, 23-Sep-2025,1661.4,1663.0,1714.2,1651.0,1668.0,1671.0,1681.03,1193379,20061.11,43891, 319486, 26.77,0.2677154533471764,2025-09-23
OMAXAUTO, BE, 23-Sep-2025,151.14,151.0,154.99,148.25,151.0,151.48,151.29,29676,44.9,292, -, -,,2025-09-23
OMAXE, EQ, 23-Sep-2025,85.81,86.15,87.88,85.55,85.95,85.94,86.3,298684,257.75,3873, 135631, 45.41,0.4540952980407387,2025-09-23
OMINFRAL, EQ, 23-Sep-2025,121.82,129.7,144.0,126.01,128.9,129.75,134.04,3179745,4262.18,45833, 608736, 19.14,0.19144176655675219,2025-09-23
OMKARCHEM, BZ, 23-Sep-2025,6.19,6.31,6.45,5.88,6.1,6.09,5.94,27983,1.66,37, -, -,,2025-09-23
ONELIFECAP, EQ, 23-Sep-2025,14.3,14.65,15.01,14.37,15.01,14.96,14.83,45883,6.8,300, 37841, 82.47,0.8247281128086655,2025-09-23
ONEPOINT, EQ, 23-Sep-2025,44.68,44.1,45.3,43.8,44.44,44.32,44.3,298285,132.14,1741, 178687, 59.90,0.5990478904403507,2025-09-23
ONESOURCE, EQ, 23-Sep-2025,1801.9,1809.9,1809.9,1767.5,1770.0,1781.8,1784.94,40958,731.08,10822, 23837, 58.20,0.581986425118414,2025-09-23
ONGC, EQ, 23-Sep-2025,237.47,237.25,237.59,235.15,236.89,236.66,236.31,7014239,16575.41,101860, 3508956, 50.03,0.5002618245543101,2025-09-23
ONMOBILE, EQ, 23-Sep-2025,65.13,65.14,70.45,64.27,67.3,67.47,67.76,4297927,2912.13,23151, 1119267, 26.04,0.26042019792332444,2025-09-23
ONWARDTEC, BE, 23-Sep-2025,310.1,308.55,311.65,305.65,310.45,309.25,309.31,10569,32.69,219, -, -,,2025-09-23
OPTIEMUS, EQ, 23-Sep-2025,660.45,664.05,677.0,658.35,671.0,670.95,669.27,229439,1535.57,10959, 104349, 45.48,0.4548006223876499,2025-09-23
ORBTEXP, BE, 23-Sep-2025,187.93,185.0,186.49,182.5,185.85,184.34,185.54,6351,11.78,83, -, -,,2025-09-23
ORCHASP, EQ, 23-Sep-2025,2.58,2.52,2.6,2.52,2.58,2.58,2.59,130816,3.38,160, 124950, 95.52,0.955158390410959,2025-09-23
ORCHPHARMA, EQ, 23-Sep-2025,766.35,766.35,766.4,751.0,752.0,754.05,756.96,58496,442.79,3887, 36762, 62.85,0.628453227571116,2025-09-23
ORICONENT, EQ, 23-Sep-2025,54.02,54.48,54.48,53.5,53.78,53.68,53.83,133737,71.99,1050, 98884, 73.94,0.7393914922571914,2025-09-23
ORIENTALTL, EQ, 23-Sep-2025,10.34,10.3,10.46,10.3,10.38,10.33,10.37,225147,23.35,539, 142125, 63.13,0.6312542472251462,2025-09-23
ORIENTBELL, EQ, 23-Sep-2025,316.55,310.25,313.6,301.35,310.0,305.75,307.76,7969,24.53,411, 4505, 56.53,0.5653155979420253,2025-09-23
ORIENTCEM, EQ, 23-Sep-2025,223.39,224.9,236.9,221.7,236.0,234.83,231.48,2295735,5314.11,41446, 930339, 40.52,0.4052466857019647,2025-09-23
ORIENTCER, EQ, 23-Sep-2025,39.44,39.01,39.64,38.4,38.9,38.54,38.68,38822,15.02,573, 27418, 70.62,0.7062490340528567,2025-09-23
ORIENTELEC, EQ, 23-Sep-2025,206.67,207.4,207.5,203.7,205.45,204.81,205.04,89709,183.94,4690, 49788, 55.50,0.5549944821589807,2025-09-23
ORIENTHOT, EQ, 23-Sep-2025,136.66,136.01,137.35,135.5,137.18,136.21,136.34,94306,128.58,2188, 56956, 60.39,0.6039488473692024,2025-09-23
ORIENTLTD, EQ, 23-Sep-2025,84.94,84.94,86.8,84.94,85.85,86.27,85.95,1426,1.23,49, 1211, 84.92,0.8492286115007013,2025-09-23
ORIENTPPR, EQ, 23-Sep-2025,28.27,28.18,28.49,28.0,28.2,28.22,28.2,339612,95.77,1586, 213708, 62.93,0.6292710504929154,2025-09-23
ORIENTTECH, EQ, 23-Sep-2025,362.95,363.85,384.3,360.75,369.0,367.8,373.35,1076044,4017.36,33789, 271951, 25.27,0.25273223028054614,2025-09-23
ORISSAMINE, EQ, 23-Sep-2025,4842.5,4846.0,5247.0,4812.5,5149.9,5128.6,5113.87,97178,4969.56,19985, 24009, 24.71,0.2470620922431003,2025-09-23
ORTEL, BZ, 23-Sep-2025,1.62,1.67,1.67,1.53,1.58,1.53,1.57,16757,0.26,44, -, -,,2025-09-23
ORTINGLOBE, BE, 23-Sep-2025,12.0,12.0,12.0,12.0,12.0,12.0,12.0,500,0.06,2, -, -,,2025-09-23
OSIAHYPER, BE, 23-Sep-2025,28.21,26.79,29.62,26.79,29.62,29.62,27.83,5006465,1393.52,3804, -, -,,2025-09-23
OSWALAGRO, EQ, 23-Sep-2025,74.87,75.84,75.84,74.01,74.98,74.37,74.78,57559,43.04,1547, 29457, 51.18,0.5117705311072117,2025-09-23
OSWALGREEN, EQ, 23-Sep-2025,40.56,40.66,40.9,40.01,40.31,40.19,40.26,119883,48.27,1200, 63350, 52.84,0.5284318877572299,2025-09-23
OSWALPUMPS, EQ, 23-Sep-2025,784.4,788.0,802.9,781.95,782.7,782.9,790.48,247294,1954.81,10136, 110488, 44.68,0.4467880336765146,2025-09-23
OSWALSEEDS, BE, 23-Sep-2025,14.08,14.36,14.78,14.09,14.78,14.78,14.63,101266,14.82,288, -, -,,2025-09-23
PAGEIND, EQ, 23-Sep-2025,43405.0,43595.0,43595.0,42600.0,42785.0,42780.0,42803.85,19571,8377.14,10981, 12487, 63.80,0.6380358693986,2025-09-23
PAISALO, EQ, 23-Sep-2025,38.53,38.69,40.67,38.53,40.15,40.12,39.67,25680350,10187.82,53528, 12014023, 46.78,0.46782941042470216,2025-09-23
PAKKA, EQ, 23-Sep-2025,165.46,165.5,167.2,162.3,164.2,165.07,165.08,106480,175.78,2028, 45329, 42.57,0.42570435762584524,2025-09-23
PALASHSECU, EQ, 23-Sep-2025,119.47,123.0,123.0,119.35,119.99,119.58,120.04,6281,7.54,69, 6090, 96.96,0.9695908294857507,2025-09-23
PALREDTEC, EQ, 23-Sep-2025,49.04,51.4,51.4,48.62,49.07,49.36,49.62,25879,12.84,482, 20529, 79.33,0.7932686734417868,2025-09-23
PANACEABIO, EQ, 23-Sep-2025,408.75,416.0,416.0,405.0,407.0,407.05,408.5,156935,641.07,4867, 102005, 65.00,0.649982476821614,2025-09-23
PANACHE, EQ, 23-Sep-2025,317.38,317.38,349.11,292.01,349.11,349.11,341.96,195169,667.4,1940, 145390, 74.49,0.7449441253477755,2025-09-23
PANAMAPET, EQ, 23-Sep-2025,293.75,294.0,295.0,287.95,290.0,289.85,290.65,61598,179.03,2952, 41736, 67.76,0.6775544660540926,2025-09-23
PANSARI, EQ, 23-Sep-2025,262.9,259.95,270.0,253.45,254.25,262.45,261.21,3207,8.38,88, 1332, 41.53,0.4153414405986904,2025-09-23
PAR, BE, 23-Sep-2025,112.42,112.42,112.42,108.01,109.0,109.07,109.53,9374,10.27,140, -, -,,2025-09-23
PARACABLES, EQ, 23-Sep-2025,47.35,47.2,47.74,46.76,47.15,47.07,47.15,425913,200.8,2812, 240360, 56.43,0.564340604771397,2025-09-23
PARADEEP, EQ, 23-Sep-2025,178.31,178.5,179.05,173.08,173.99,173.74,175.53,3358762,5895.5,32835, 1260690, 37.53,0.3753436534056298,2025-09-23
PARAGMILK, EQ, 23-Sep-2025,291.39,293.0,293.6,288.68,289.85,290.94,291.21,722023,2102.58,18778, 286286, 39.65,0.3965053744825303,2025-09-23
PARAS, EQ, 23-Sep-2025,734.25,735.75,736.6,711.55,714.35,713.0,719.39,517247,3721.05,23194, 247250, 47.80,0.4780114722753346,2025-09-23
PARASPETRO, EQ, 23-Sep-2025,2.46,2.49,2.56,2.46,2.49,2.47,2.48,115292,2.86,408, 94126, 81.64,0.8164139749505603,2025-09-23
PARKHOTELS, EQ, 23-Sep-2025,156.24,156.11,156.75,154.0,154.27,154.36,154.99,341668,529.57,4652, 203529, 59.57,0.5956923094934263,2025-09-23
PARSVNATH, BE, 23-Sep-2025,14.53,14.53,15.25,14.31,15.25,15.18,14.86,1735310,257.88,1188, -, -,,2025-09-23
PASHUPATI, EQ, 23-Sep-2025,704.6,701.6,723.0,698.05,723.0,719.6,710.91,2708,19.25,471, 1070, 39.51,0.3951255539143279,2025-09-23
PASUPTAC, EQ, 23-Sep-2025,46.88,47.5,47.7,46.5,47.25,46.68,47.05,55584,26.15,828, 37145, 66.83,0.6682678468624065,2025-09-23
PATANJALI, EQ, 23-Sep-2025,597.4,596.5,603.3,596.5,601.0,599.8,599.98,2129544,12776.83,15970, 1564219, 73.45,0.7345323693710955,2025-09-23
PATELENG, EQ, 23-Sep-2025,40.37,40.05,40.59,39.63,40.35,40.12,39.97,2028687,810.97,11253, 1018289, 50.19,0.5019448539868397,2025-09-23
PATELRMART, EQ, 23-Sep-2025,240.2,242.0,252.35,236.8,242.0,244.0,244.07,775776,1893.47,10066, 136488, 17.59,0.1759373839871303,2025-09-23
PATINTLOG, EQ, 23-Sep-2025,14.87,14.8,16.9,14.6,15.9,15.9,15.65,428145,67.02,1061, 265545, 62.02,0.6202221210104053,2025-09-23
PAVNAIND, EQ, 23-Sep-2025,36.8,36.6,42.5,36.5,39.45,39.8,40.87,1175505,480.45,7846, 306822, 26.10,0.2610129263593094,2025-09-23
PAYTM, EQ, 23-Sep-2025,1196.2,1196.2,1203.9,1177.6,1181.0,1179.4,1188.03,1697633,20168.36,44081, 659671, 38.86,0.38858280912305543,2025-09-23
PCBL, EQ, 23-Sep-2025,403.2,401.0,403.65,391.35,392.65,392.6,397.04,826275,3280.61,20108, 384288, 46.51,0.4650848688390669,2025-09-23
PCJEWELLER, EQ, 23-Sep-2025,13.67,13.86,13.94,13.35,13.55,13.48,13.62,62184215,8467.49,53276, 20771523, 33.40,0.3340320851521564,2025-09-23
PDMJEPAPER, EQ, 23-Sep-2025,128.5,128.85,128.86,125.9,127.0,126.66,126.92,61007,77.43,1483, 31252, 51.23,0.5122690838756209,2025-09-23
PDSL, EQ, 23-Sep-2025,346.85,350.0,350.0,336.7,340.0,339.65,340.44,49329,167.94,3377, 18653, 37.81,0.3781345658740295,2025-09-23
PEARLPOLY, EQ, 23-Sep-2025,30.88,31.04,31.41,30.85,30.99,31.02,31.16,29211,9.1,565, 13531, 46.32,0.46321591181404265,2025-09-23
PENIND, EQ, 23-Sep-2025,245.75,245.01,246.3,240.12,245.8,244.78,243.46,723803,1762.16,18526, 209299, 28.92,0.2891656984013606,2025-09-23
PENINLAND, EQ, 23-Sep-2025,35.99,36.3,36.71,35.01,35.66,35.48,35.61,357361,127.26,3002, 162806, 45.56,0.4555785326322682,2025-09-23
PERSISTENT, EQ, 23-Sep-2025,5271.0,5275.5,5296.5,5194.5,5252.0,5240.5,5237.37,450288,23583.24,34843, 191617, 42.55,0.42554320790249794,2025-09-23
PETRONET, EQ, 23-Sep-2025,275.9,276.05,277.75,274.3,275.4,275.95,276.03,940038,2594.76,25951, 508059, 54.05,0.5404664492286482,2025-09-23
PFC, EQ, 23-Sep-2025,408.85,409.1,415.0,409.1,412.5,412.9,413.18,4410834,18224.73,48816, 2337069, 52.98,0.5298474166110082,2025-09-23
PFIZER, EQ, 23-Sep-2025,5066.5,5062.0,5100.5,5011.0,5026.0,5026.0,5042.82,13425,677.0,4562, 9102, 67.80,0.6779888268156424,2025-09-23
PFOCUS, EQ, 23-Sep-2025,186.53,186.0,195.85,183.92,195.0,195.6,192.74,5276071,10169.03,23018, 1865950, 35.37,0.3536627918767583,2025-09-23
PFS, EQ, 23-Sep-2025,37.52,37.4,37.85,36.4,37.12,37.01,37.12,495474,183.94,4440, 292879, 59.11,0.5911087160981202,2025-09-23
PGEL, EQ, 23-Sep-2025,561.0,561.0,567.0,555.5,557.5,558.2,561.25,1180388,6624.88,23183, 386973, 32.78,0.32783542360647516,2025-09-23
PGHH, EQ, 23-Sep-2025,13534.0,13534.0,13598.0,13372.0,13430.0,13408.0,13468.76,8699,1171.65,3631, 4071, 46.80,0.4679848258420508,2025-09-23
PGHL, EQ, 23-Sep-2025,6251.0,6237.0,6361.5,6237.0,6296.0,6290.0,6308.11,10625,670.24,3381, 4701, 44.24,0.4424470588235294,2025-09-23
PGIL, EQ, 23-Sep-2025,1376.9,1376.9,1385.1,1345.0,1360.6,1358.4,1359.35,32463,441.29,4145, 18562, 57.18,0.5717894218032837,2025-09-23
PHARMABEES, EQ, 23-Sep-2025,22.92,23.49,23.49,22.78,22.87,22.86,22.86,2835787,648.18,8560, 1565979, 55.22,0.552220247853594,2025-09-23
PHOENIXLTD, EQ, 23-Sep-2025,1638.3,1646.9,1646.9,1614.5,1621.7,1626.5,1628.21,466468,7595.07,28417, 242905, 52.07,0.520732397506367,2025-09-23
PICCADIL, EQ, 23-Sep-2025,759.4,777.6,779.0,738.05,740.2,742.4,753.39,158349,1192.98,11952, 51645, 32.61,0.32614667601311026,2025-09-23
PIDILITIND, EQ, 23-Sep-2025,3038.0,1534.0,1535.7,1482.7,1492.7,1489.3,1496.82,810500,12131.76,49656, 428143, 52.82,0.52824552745219,2025-09-23
PIGL, BE, 23-Sep-2025,158.02,158.01,158.81,155.0,155.0,156.24,156.12,102307,159.72,248, -, -,,2025-09-23
PIIND, EQ, 23-Sep-2025,3668.9,3668.9,3681.0,3592.8,3632.1,3625.8,3626.41,184263,6682.13,20824, 100831, 54.72,0.5472124083511068,2025-09-23
PILANIINVS, EQ, 23-Sep-2025,5355.6,5324.1,5350.0,5252.1,5312.7,5309.5,5311.63,2877,152.82,832, 1226, 42.61,0.42613833854709765,2025-09-23
PILITA, EQ, 23-Sep-2025,14.27,14.21,14.65,14.13,14.19,14.2,14.25,97289,13.87,311, 69212, 71.14,0.7114062226973245,2025-09-23
PIONEEREMB, EQ, 23-Sep-2025,38.2,37.75,39.2,37.33,37.65,37.65,37.84,7891,2.99,139, 5261, 66.67,0.6667089088835382,2025-09-23
PITTIENG, EQ, 23-Sep-2025,1015.25,1015.25,1022.0,995.0,1010.0,1010.75,1009.1,47076,475.04,4333, 20952, 44.51,0.4450675503441244,2025-09-23
PIXTRANS, EQ, 23-Sep-2025,1437.1,1437.1,1444.6,1422.1,1442.0,1439.8,1433.97,9395,134.72,1663, 5990, 63.76,0.6375731772219265,2025-09-23
PKTEA, BE, 23-Sep-2025,792.5,800.0,832.1,798.0,832.1,832.1,829.07,1217,10.09,53, -, -,,2025-09-23
PLASTIBLEN, EQ, 23-Sep-2025,192.14,192.14,194.58,189.35,190.84,190.81,190.9,6300,12.03,247, 4532, 71.94,0.7193650793650793,2025-09-23
PLATIND, EQ, 23-Sep-2025,313.25,313.45,328.1,307.55,324.0,325.1,316.99,854496,2708.63,23321, 167801, 19.64,0.19637423697711867,2025-09-23
PLAZACABLE, EQ, 23-Sep-2025,56.32,57.19,57.19,55.72,56.75,56.68,56.48,44528,25.15,1594, 24391, 54.78,0.5477676967301474,2025-09-23
PNB, EQ, 23-Sep-2025,113.04,113.09,114.09,112.43,113.35,113.43,113.29,12673502,14358.33,63267, 5107704, 40.30,0.4030223059103948,2025-09-23
PNBGILTS, EQ, 23-Sep-2025,102.38,102.01,103.45,101.51,102.45,102.18,102.21,413735,422.9,3700, 138901, 33.57,0.33572455799001777,2025-09-23
PNBHOUSING, EQ, 23-Sep-2025,859.05,859.05,896.85,859.05,888.95,891.75,883.09,3932351,34726.33,80121, 1988042, 50.56,0.5055606684143913,2025-09-23
PNC, BE, 23-Sep-2025,35.06,34.21,34.89,33.74,34.8,34.74,34.06,9652,3.29,67, -, -,,2025-09-23
PNCINFRA, EQ, 23-Sep-2025,307.85,309.9,309.9,304.2,306.7,305.9,306.06,221145,676.83,7032, 92213, 41.70,0.4169798096271677,2025-09-23
PNGJL, EQ, 23-Sep-2025,633.9,635.0,635.95,622.25,626.0,624.7,628.05,113829,714.91,6584, 55617, 48.86,0.48860132303718734,2025-09-23
POCL, EQ, 23-Sep-2025,1312.1,1330.0,1330.0,1283.0,1285.7,1291.3,1295.05,218268,2826.67,13720, 85812, 39.31,0.39314970586618286,2025-09-23
PODDARMENT, EQ, 23-Sep-2025,284.05,284.55,289.7,282.1,287.5,286.85,286.26,1957,5.6,210, 1128, 57.64,0.5763924374041901,2025-09-23
POKARNA, EQ, 23-Sep-2025,860.75,855.0,865.55,848.45,853.5,850.95,855.79,33230,284.38,2962, 16854, 50.72,0.5071922961179657,2025-09-23
POLICYBZR, EQ, 23-Sep-2025,1796.6,1796.0,1810.3,1771.1,1800.0,1801.6,1793.56,811647,14557.38,63751, 484362, 59.68,0.5967643569187098,2025-09-23
POLYCAB, EQ, 23-Sep-2025,7657.0,7650.0,7697.0,7561.5,7610.0,7620.0,7622.96,317133,24174.92,34877, 204671, 64.54,0.6453790680881523,2025-09-23
POLYMED, EQ, 23-Sep-2025,1956.2,1956.2,1964.8,1931.6,1950.0,1952.9,1949.81,74268,1448.09,10124, 33868, 45.60,0.4560241288307212,2025-09-23
POLYPLEX, EQ, 23-Sep-2025,1065.2,1062.3,1094.9,1061.6,1090.0,1085.4,1082.55,74180,803.04,16303, 46714, 62.97,0.6297384739822054,2025-09-23
PONNIERODE, EQ, 23-Sep-2025,290.7,290.0,304.8,288.0,290.9,292.05,296.06,21282,63.01,1114, 8567, 40.25,0.40254675312470634,2025-09-23
POONAWALLA, EQ, 23-Sep-2025,484.45,485.95,489.4,478.45,482.2,482.95,484.8,1123046,5444.57,20684, 370400, 32.98,0.3298173004489576,2025-09-23
POWERGRID, EQ, 23-Sep-2025,286.65,288.65,289.0,285.4,288.55,288.6,287.98,13619147,39220.19,83384, 8721997, 64.04,0.6404216798599794,2025-09-23
POWERINDIA, EQ, 23-Sep-2025,19086.0,19206.0,19520.0,18878.0,19000.0,18995.0,19126.36,98133,18769.27,24641, 43296, 44.12,0.4411971508055394,2025-09-23
POWERMECH, EQ, 23-Sep-2025,3004.3,3006.0,3009.0,2850.0,2864.9,2869.4,2911.54,117358,3416.93,15032, 71312, 60.76,0.6076449837250124,2025-09-23
PPAP, BE, 23-Sep-2025,225.66,225.7,230.17,225.7,230.16,230.16,229.49,13897,31.89,34, -, -,,2025-09-23
PPL, EQ, 23-Sep-2025,313.05,313.0,315.1,309.65,313.0,312.05,312.24,127792,399.02,2111, 99647, 77.98,0.7797592963565795,2025-09-23
PPLPHARMA, EQ, 23-Sep-2025,202.71,202.6,203.42,199.51,200.06,200.03,200.71,2198637,4412.96,25220, 1002755, 45.61,0.4560802897431454,2025-09-23
PRABHA, EQ, 23-Sep-2025,210.4,219.7,231.44,211.4,223.9,223.04,223.75,183163,409.83,4440, 82236, 44.90,0.4489771405797022,2025-09-23
PRAENG, BE, 23-Sep-2025,24.29,24.47,24.58,23.55,24.01,24.11,24.18,83251,20.13,170, -, -,,2025-09-23
PRAJIND, EQ, 23-Sep-2025,381.95,383.0,384.5,379.2,381.2,380.35,381.36,662685,2527.22,21556, 346714, 52.32,0.5231957868368833,2025-09-23
PRAKASH, EQ, 23-Sep-2025,167.21,167.9,171.83,166.5,167.9,168.02,168.99,1616156,2731.2,11413, 1123322, 69.51,0.6950579028262123,2025-09-23
PRAKASHSTL, EQ, 23-Sep-2025,5.6,5.6,5.7,5.52,5.58,5.58,5.6,119140,6.67,473, 75591, 63.45,0.634472049689441,2025-09-23
PRAXIS, BE, 23-Sep-2025,12.58,12.32,12.32,12.32,12.32,12.32,12.32,66276,8.17,37, -, -,,2025-09-23
PRECAM, EQ, 23-Sep-2025,218.41,219.8,222.28,212.13,213.83,214.7,216.14,635341,1373.21,9514, 169722, 26.71,0.26713528640525325,2025-09-23
PRECOT, BE, 23-Sep-2025,474.7,492.0,493.5,462.7,470.0,469.95,469.68,2122,9.97,63, -, -,,2025-09-23
PRECWIRE, EQ, 23-Sep-2025,180.81,180.85,183.0,179.52,180.53,180.11,180.61,128861,232.73,3815, 82607, 64.11,0.6410550903686918,2025-09-23
PREMEXPLN, EQ, 23-Sep-2025,595.65,595.0,596.65,579.6,589.0,588.35,587.28,454146,2667.12,19722, 178979, 39.41,0.3941001351988127,2025-09-23
PREMIER, BE, 23-Sep-2025,3.49,3.65,3.65,3.35,3.65,3.53,3.52,3095,0.11,23, -, -,,2025-09-23
PREMIERENE, EQ, 23-Sep-2025,1027.0,1025.8,1025.8,1003.7,1011.9,1012.35,1014.94,585032,5937.72,30143, 299958, 51.27,0.5127206716897538,2025-09-23
PREMIERPOL, EQ, 23-Sep-2025,47.71,47.5,48.35,46.81,47.49,47.33,47.35,143320,67.87,1357, 106585, 74.37,0.7436854591124756,2025-09-23
PRESTIGE, EQ, 23-Sep-2025,1617.4,1615.5,1625.9,1600.0,1607.0,1604.9,1609.77,507009,8161.67,23377, 319239, 62.97,0.6296515446471365,2025-09-23
PRICOLLTD, EQ, 23-Sep-2025,541.3,543.3,556.0,542.45,546.0,544.0,547.94,309708,1697.0,16744, 136083, 43.94,0.4393912976093611,2025-09-23
PRIMESECU, EQ, 23-Sep-2025,254.95,253.75,261.7,248.0,252.25,258.25,253.98,63456,161.16,2178, 42888, 67.59,0.6758698940998488,2025-09-23
PRIMO, EQ, 23-Sep-2025,25.94,25.99,25.99,25.43,25.66,25.71,25.71,37346,9.6,385, 21608, 57.86,0.5785894071654261,2025-09-23
PRINCEPIPE, EQ, 23-Sep-2025,341.15,342.6,351.45,340.25,345.0,344.95,346.89,575030,1994.7,20904, 195679, 34.03,0.34029354990174426,2025-09-23
PRITI, EQ, 23-Sep-2025,74.79,76.49,76.49,73.01,74.7,74.61,74.63,18766,14.0,638, 6805, 36.26,0.36262389427688374,2025-09-23
PRITIKAUTO, EQ, 23-Sep-2025,17.41,17.3,17.73,17.26,17.4,17.33,17.36,93655,16.25,541, 68708, 73.36,0.733628743793711,2025-09-23
PRIVISCL, EQ, 23-Sep-2025,2423.7,2432.0,2451.0,2401.0,2447.8,2444.3,2434.52,29751,724.29,4141, 20490, 68.87,0.6887163456690532,2025-09-23
PROSTARM, EQ, 23-Sep-2025,209.83,210.0,210.0,203.52,206.0,206.22,205.64,628175,1291.78,8259, 219481, 34.94,0.34939467505074223,2025-09-23
PROTEAN, EQ, 23-Sep-2025,883.95,890.8,901.75,882.0,895.0,893.85,891.97,294200,2624.18,13908, 130081, 44.22,0.44215159755268524,2025-09-23
PROZONER, EQ, 23-Sep-2025,48.64,48.64,49.95,48.25,48.6,48.47,48.89,619494,302.84,2783, 214663, 34.65,0.346513444843695,2025-09-23
PRSMJOHNSN, EQ, 23-Sep-2025,165.37,166.21,172.0,163.1,168.0,168.28,166.99,788823,1317.25,13279, 159221, 20.18,0.2018462950497133,2025-09-23
PRUDENT, EQ, 23-Sep-2025,2884.7,2865.0,2912.9,2785.1,2804.4,2802.6,2824.77,28461,803.96,9723, 15542, 54.61,0.5460806015248937,2025-09-23
PRUDMOULI, EQ, 23-Sep-2025,35.35,35.35,36.35,34.01,35.1,34.56,34.69,92551,32.1,1230, 32645, 35.27,0.352724443820164,2025-09-23
PSB, EQ, 23-Sep-2025,30.04,30.04,30.24,29.65,30.09,30.03,29.96,1354673,405.89,6840, 564082, 41.64,0.41639716743450267,2025-09-23
PSPPROJECT, EQ, 23-Sep-2025,767.4,760.4,792.0,756.35,784.95,783.2,768.91,121606,935.04,5899, 78135, 64.25,0.6425258622107461,2025-09-23
PSUBANK, EQ, 23-Sep-2025,737.85,737.85,748.16,730.3,742.22,744.11,741.88,25608,189.98,1049, 11509, 44.94,0.44942986566697907,2025-09-23
PSUBANKADD, EQ, 23-Sep-2025,74.21,73.78,75.2,73.44,74.93,74.97,74.33,167751,124.7,168, 160532, 95.70,0.9569659793384242,2025-09-23
PSUBNKBEES, EQ, 23-Sep-2025,82.22,82.9,83.36,81.51,82.9,83.03,82.58,2880132,2378.52,8700, 1596906, 55.45,0.554455837440784,2025-09-23
PSUBNKIETF, EQ, 23-Sep-2025,74.41,74.47,75.6,73.85,75.16,75.4,75.47,1419180,1071.03,1085, 1265852, 89.20,0.8919601459998027,2025-09-23
PTC, EQ, 23-Sep-2025,173.73,174.09,174.3,172.0,172.2,172.3,172.37,843765,1454.39,15403, 573188, 67.93,0.6793218490930532,2025-09-23
PTCIL, EQ, 23-Sep-2025,15211.0,15211.0,15364.0,15079.0,15244.0,15221.0,15226.84,9543,1453.1,3624, 3599, 37.71,0.3771350728282511,2025-09-23
PTL, EQ, 23-Sep-2025,39.94,39.99,40.7,39.81,40.55,40.41,40.19,92647,37.23,652, 81438, 87.90,0.8790138914373914,2025-09-23
PUNJABCHEM, EQ, 23-Sep-2025,1287.3,1299.8,1299.8,1261.2,1280.0,1277.8,1278.46,11953,152.81,1620, 5718, 47.84,0.4783736300510332,2025-09-23
PURVA, EQ, 23-Sep-2025,270.45,270.5,274.8,267.35,273.1,273.0,272.4,143125,389.88,4486, 62335, 43.55,0.435528384279476,2025-09-23
PVP, BE, 23-Sep-2025,28.49,28.47,29.0,28.0,28.47,28.36,28.5,92158,26.26,265, -, -,,2025-09-23
PVRINOX, EQ, 23-Sep-2025,1108.0,1112.5,1119.9,1100.0,1112.3,1115.2,1111.19,302370,3359.9,18489, 154421, 51.07,0.5107021199193041,2025-09-23
PVSL, EQ, 23-Sep-2025,138.68,143.0,152.0,141.45,149.48,148.11,147.35,611980,901.75,12600, 141694, 23.15,0.231533710251969,2025-09-23
PVTBANIETF, EQ, 23-Sep-2025,27.11,26.43,27.3,26.43,27.27,27.25,27.18,336495,91.47,890, 195108, 57.98,0.5798243658895378,2025-09-23
PVTBANKADD, EQ, 23-Sep-2025,27.32,27.35,27.48,27.12,27.46,27.45,27.21,143614,39.08,137, 93478, 65.09,0.6508975448076093,2025-09-23
PYRAMID, EQ, 23-Sep-2025,165.77,164.5,170.4,164.5,167.0,166.05,166.53,14073,23.44,713, 7173, 50.97,0.5096994244297591,2025-09-23
QGOLDHALF, EQ, 23-Sep-2025,93.08,90.75,95.18,90.75,95.08,95.0,94.89,202375,192.04,552, 123957, 61.25,0.6125114268066708,2025-09-23
QNIFTY, EQ, 23-Sep-2025,2751.06,2752.01,2756.0,2740.01,2748.0,2748.0,2748.18,572,15.72,50, 455, 79.55,0.7954545454545454,2025-09-23
QPOWER, EQ, 23-Sep-2025,998.25,999.85,1054.9,992.0,1050.0,1046.65,1031.65,970230,10009.41,69754, 243009, 25.05,0.25046535357595623,2025-09-23
QUADFUTURE, EQ, 23-Sep-2025,426.05,426.7,431.75,420.1,420.65,421.9,424.36,121773,516.76,5091, 34874, 28.64,0.2863853235117801,2025-09-23
QUAL30IETF, EQ, 23-Sep-2025,21.59,21.69,21.69,21.37,21.5,21.45,21.43,75569,16.19,345, 38631, 51.12,0.5112016832298959,2025-09-23
QUALITY30, EQ, 23-Sep-2025,21.14,20.72,21.17,20.72,21.17,21.16,21.06,3456,0.73,16, 3181, 92.04,0.9204282407407407,2025-09-23
QUESS, EQ, 23-Sep-2025,263.05,265.7,265.7,260.6,261.5,261.6,262.65,183892,483.0,11885, 107215, 58.30,0.5830324320796989,2025-09-23
QUICKHEAL, EQ, 23-Sep-2025,328.1,329.1,330.6,324.2,326.5,325.75,326.41,102203,333.6,3896, 34547, 33.80,0.3380233456943534,2025-09-23
RACE, EQ, 23-Sep-2025,236.2,246.0,246.0,232.35,234.0,233.96,236.0,26657,62.91,406, 5684, 21.32,0.21322729489439923,2025-09-23
RACLGEAR, EQ, 23-Sep-2025,914.35,924.0,947.85,911.45,929.05,942.35,934.06,13320,124.42,1233, 8301, 62.32,0.6231981981981982,2025-09-23
RADAAN, EQ, 23-Sep-2025,3.57,3.57,3.67,3.57,3.62,3.58,3.59,6773,0.24,103, 5591, 82.55,0.8254835375756681,2025-09-23
RADHIKAJWE, EQ, 23-Sep-2025,92.66,92.81,93.5,92.5,92.98,92.78,92.91,284460,264.3,2829, 123224, 43.32,0.43318568515784295,2025-09-23
RADIANTCMS, EQ, 23-Sep-2025,55.95,55.15,56.43,55.15,56.0,55.96,55.73,65073,36.27,808, 37896, 58.24,0.5823613480245263,2025-09-23
RADICO, EQ, 23-Sep-2025,3027.6,3030.7,3034.0,2946.8,2962.0,2957.6,2982.29,125042,3729.12,22511, 64886, 51.89,0.5189136450152748,2025-09-23
RADIOCITY, EQ, 23-Sep-2025,8.88,9.0,9.0,8.66,8.9,8.87,8.84,85921,7.6,571, 53539, 62.31,0.6231189115582919,2025-09-23
RAILTEL, EQ, 23-Sep-2025,387.45,387.35,387.4,380.2,382.5,382.45,383.61,867746,3328.8,16109, 283198, 32.64,0.3263604787576088,2025-09-23
RAIN, EQ, 23-Sep-2025,137.58,137.65,138.35,135.1,136.19,136.05,136.76,959729,1312.53,9852, 536569, 55.91,0.5590838663831144,2025-09-23
RAINBOW, EQ, 23-Sep-2025,1409.5,1416.2,1419.0,1393.0,1415.9,1413.8,1405.3,173220,2434.26,10909, 136775, 78.96,0.7896028172266482,2025-09-23
RAJESHEXPO, EQ, 23-Sep-2025,194.35,195.0,196.01,190.2,193.2,192.57,193.28,302633,584.92,10025, 134095, 44.31,0.4430944411217547,2025-09-23
RAJMET, EQ, 23-Sep-2025,4.72,4.74,4.8,4.64,4.67,4.66,4.69,399036,18.7,1201, 274459, 68.78,0.6878051103158612,2025-09-23
RAJOOENG, EQ, 23-Sep-2025,93.42,95.35,95.8,92.41,93.0,92.97,93.77,655941,615.05,6350, 363474, 55.41,0.5541260570691572,2025-09-23
RAJRATAN, EQ, 23-Sep-2025,348.75,349.7,356.0,346.5,347.0,347.55,350.32,46778,163.87,4546, 21741, 46.48,0.46476976356406857,2025-09-23
RAJRILTD, BE, 23-Sep-2025,27.42,27.75,27.96,27.75,27.75,27.81,27.83,15755,4.39,111, -, -,,2025-09-23
RAJSREESUG, EQ, 23-Sep-2025,41.4,41.85,42.24,40.7,40.97,40.76,41.16,34987,14.4,550, 20298, 58.02,0.5801583445279676,2025-09-23
RAJTV, EQ, 23-Sep-2025,41.69,41.69,42.0,40.5,41.1,41.43,41.26,6249,2.58,102, 4953, 79.26,0.7926068170907346,2025-09-23
RALLIS, EQ, 23-Sep-2025,327.35,330.0,340.0,327.05,328.6,328.55,332.25,1658838,5511.42,27084, 914950, 55.16,0.5515607913491251,2025-09-23
RAMANEWS, EQ, 23-Sep-2025,33.13,33.0,34.6,32.49,33.15,32.86,33.04,572020,189.01,992, 537789, 94.02,0.940157686794168,2025-09-23
RAMAPHO, BE, 23-Sep-2025,151.2,150.0,150.0,145.0,145.0,145.99,148.01,25376,37.56,219, -, -,,2025-09-23
RAMASTEEL, EQ, 23-Sep-2025,10.25,10.34,10.34,10.17,10.27,10.23,10.24,13598920,1393.18,9183, 7797056, 57.34,0.5733584725845876,2025-09-23
RAMCOCEM, EQ, 23-Sep-2025,1044.4,1051.0,1069.5,1044.0,1045.0,1045.0,1053.76,282944,2981.55,14938, 124307, 43.93,0.43933428522958606,2025-09-23
RAMCOIND, EQ, 23-Sep-2025,389.8,390.8,390.8,378.1,385.15,385.15,383.51,241081,924.57,8592, 86388, 35.83,0.3583359949560521,2025-09-23
RAMCOSYS, EQ, 23-Sep-2025,510.75,519.45,528.7,502.5,511.0,506.75,512.5,70000,358.75,3004, 43915, 62.74,0.6273571428571428,2025-09-23
RAMKY, EQ, 23-Sep-2025,614.95,615.5,618.35,607.0,614.0,615.0,613.48,132900,815.32,4367, 71705, 53.95,0.5395410082768999,2025-09-23
RAMRAT, EQ, 23-Sep-2025,654.8,654.8,659.9,639.6,641.7,643.3,646.87,45103,291.76,2910, 25765, 57.12,0.5712480322816664,2025-09-23
RANASUG, EQ, 23-Sep-2025,14.59,14.65,14.67,14.15,14.58,14.47,14.44,286792,41.43,774, 187837, 65.50,0.6549589946720968,2025-09-23
RANEHOLDIN, EQ, 23-Sep-2025,1504.0,1496.5,1613.9,1496.5,1584.0,1592.9,1564.09,60086,939.8,8630, 34886, 58.06,0.5806011383683387,2025-09-23
RATEGAIN, EQ, 23-Sep-2025,657.9,661.2,669.2,650.25,665.85,665.45,661.69,451670,2988.64,13725, 215222, 47.65,0.47650275643722184,2025-09-23
RATNAMANI, EQ, 23-Sep-2025,2415.4,2425.0,2489.0,2381.1,2449.0,2450.1,2439.61,35086,855.96,8646, 15625, 44.53,0.4453343213817477,2025-09-23
RATNAVEER, EQ, 23-Sep-2025,142.79,144.39,148.8,140.58,146.9,146.8,146.13,809576,1183.05,6762, 351538, 43.42,0.4342248287992727,2025-09-23
RAYMOND, EQ, 23-Sep-2025,618.6,620.95,641.9,619.4,624.0,624.7,630.46,443581,2796.58,21687, 147850, 33.33,0.3333100380764731,2025-09-23
RAYMONDLSL, EQ, 23-Sep-2025,1252.7,1248.0,1291.9,1227.3,1265.0,1267.2,1255.14,136973,1719.2,13103, 44596, 32.56,0.3255824140524045,2025-09-23
RAYMONDREL, EQ, 23-Sep-2025,672.3,679.15,679.15,643.75,644.6,648.6,654.02,189257,1237.78,12131, 96717, 51.10,0.5110352589336193,2025-09-23
RBA, EQ, 23-Sep-2025,83.43,83.43,84.09,81.15,82.4,82.26,82.32,1852724,1525.08,13235, 1081974, 58.40,0.583990923634605,2025-09-23
RBLBANK, EQ, 23-Sep-2025,269.7,270.55,274.35,266.5,268.6,268.95,270.51,7932080,21457.25,37860, 4138836, 52.18,0.521784449980333,2025-09-23
RBZJEWEL, EQ, 23-Sep-2025,141.21,142.0,143.95,138.51,141.0,141.57,140.86,104945,147.83,2095, 44561, 42.46,0.42461289246748296,2025-09-23
RCF, EQ, 23-Sep-2025,151.9,152.0,152.5,150.33,151.4,151.39,151.37,947018,1433.5,9414, 348437, 36.79,0.3679307045906202,2025-09-23
RCOM, BE, 23-Sep-2025,1.45,1.46,1.47,1.42,1.44,1.44,1.44,2176113,31.42,2468, -, -,,2025-09-23
RECLTD, EQ, 23-Sep-2025,384.0,384.6,389.4,383.95,387.0,386.7,387.29,5784348,22401.96,76665, 3297795, 57.01,0.570123892960797,2025-09-23
REDINGTON, EQ, 23-Sep-2025,290.2,291.5,292.48,283.27,285.8,285.03,285.87,3327492,9512.23,35661, 793121, 23.84,0.23835399153476552,2025-09-23
REDTAPE, EQ, 23-Sep-2025,154.85,155.8,159.0,153.57,158.0,157.8,156.43,919654,1438.58,18400, 265883, 28.91,0.2891119921187751,2025-09-23
REFEX, EQ, 23-Sep-2025,338.05,348.0,404.4,343.55,391.9,390.35,391.42,17505957,68522.22,267384, 1425734, 8.14,0.08144279115960355,2025-09-23
REGAAL, EQ, 23-Sep-2025,102.7,102.94,103.49,99.43,99.78,99.93,101.06,968270,978.58,9471, 402536, 41.57,0.4157270182903529,2025-09-23
REGENCERAM, EQ, 23-Sep-2025,44.05,43.0,46.0,41.75,41.8,42.25,43.58,72169,31.45,327, 29746, 41.22,0.4121714309468054,2025-09-23
RELAXO, EQ, 23-Sep-2025,465.3,465.3,467.85,453.85,457.0,455.2,457.67,181167,829.15,8875, 95436, 52.68,0.5267846793290168,2025-09-23
RELCHEMQ, EQ, 23-Sep-2025,160.63,162.0,163.45,158.0,159.2,159.51,160.0,5329,8.53,171, 3436, 64.48,0.6447738787765059,2025-09-23
RELIABLE, BE, 23-Sep-2025,124.58,127.99,127.99,122.0,124.5,124.99,124.22,10092,12.54,184, -, -,,2025-09-23
RELIANCE, EQ, 23-Sep-2025,1390.6,1391.0,1395.0,1376.8,1390.5,1389.8,1387.57,14014702,194463.55,210931, 5947857, 42.44,0.42440124663371365,2025-09-23
RELIGARE, EQ, 23-Sep-2025,248.73,248.74,264.5,247.34,264.5,263.45,258.43,6104050,15774.94,58215, 3452665, 56.56,0.5656351111147517,2025-09-23
RELINFRA, BE, 23-Sep-2025,265.35,269.0,273.7,262.0,264.75,264.8,267.41,1551246,4148.26,7999, -, -,,2025-09-23
RELTD, EQ, 23-Sep-2025,181.72,181.8,182.8,172.63,173.99,173.75,176.59,321440,567.65,4909, 177035, 55.08,0.5507559731209557,2025-09-23
REMSONSIND, EQ, 23-Sep-2025,126.93,127.18,138.78,127.18,132.84,133.14,133.99,1366077,1830.38,14405, 529660, 38.77,0.38772338601704004,2025-09-23
RENUKA, EQ, 23-Sep-2025,31.77,31.77,31.9,31.0,31.4,31.4,31.34,3491308,1094.18,9385, 1356821, 38.86,0.38862827341500666,2025-09-23
REPCOHOME, EQ, 23-Sep-2025,369.5,368.0,376.8,366.1,369.0,369.55,371.11,109970,408.11,4829, 47204, 42.92,0.42924433936528145,2025-09-23
REPL, EQ, 23-Sep-2025,145.78,145.5,148.21,143.4,144.0,144.66,145.74,10953,15.96,370, 6508, 59.42,0.5941751118415046,2025-09-23
REPRO, EQ, 23-Sep-2025,447.9,447.9,453.15,447.0,450.0,448.7,450.02,51518,231.84,234, 50870, 98.74,0.9874218719670794,2025-09-23
RESPONIND, EQ, 23-Sep-2025,198.3,198.05,201.9,196.27,198.0,197.47,199.02,32763,65.2,981, 21441, 65.44,0.6544272502518085,2025-09-23
RETAIL, EQ, 23-Sep-2025,37.17,37.17,38.5,36.5,36.55,36.68,37.25,20715,7.72,427, 13049, 62.99,0.6299300024137099,2025-09-23
RGL, EQ, 23-Sep-2025,120.84,121.26,121.75,118.8,120.0,121.04,120.7,179745,216.95,2486, 90587, 50.40,0.5039750758018303,2025-09-23
RHFL, EQ, 23-Sep-2025,4.37,4.15,4.15,4.15,4.15,4.15,4.15,1389345,57.66,1900, 1389345, 100.00,1.0,2025-09-23
RHIM, EQ, 23-Sep-2025,476.1,476.9,478.2,470.5,471.95,472.05,473.81,119091,564.26,6409, 72593, 60.96,0.6095590766724606,2025-09-23
RHL, EQ, 23-Sep-2025,264.5,270.0,270.0,254.1,255.0,255.05,256.46,12078,30.97,281, 10117, 83.76,0.837638681900977,2025-09-23
RICOAUTO, EQ, 23-Sep-2025,104.43,104.34,107.5,103.16,103.36,103.57,105.19,1273171,1339.26,9832, 341316, 26.81,0.2680833917831933,2025-09-23
RIIL, EQ, 23-Sep-2025,907.2,910.0,929.6,903.55,913.0,911.7,914.63,144620,1322.74,7582, 29963, 20.72,0.20718434518047296,2025-09-23
RISHABH, BE, 23-Sep-2025,400.95,401.65,420.95,395.0,420.95,420.95,414.39,33958,140.72,415, -, -,,2025-09-23
RITCO, EQ, 23-Sep-2025,271.95,270.85,272.75,267.85,269.2,269.9,269.93,31534,85.12,488, 21586, 68.45,0.6845309824316611,2025-09-23
RITES, EQ, 23-Sep-2025,264.52,264.7,267.23,260.4,261.01,260.91,262.74,560162,1471.78,19963, 262315, 46.83,0.46828417493510804,2025-09-23
RKDL, EQ, 23-Sep-2025,28.74,29.26,29.49,28.5,28.56,28.68,28.92,24387,7.05,313, 18698, 76.67,0.7667199737565096,2025-09-23
RKEC, EQ, 23-Sep-2025,69.23,69.32,81.5,69.23,77.55,78.02,78.29,759975,594.96,7867, 213162, 28.05,0.2804855422875753,2025-09-23
RKFORGE, EQ, 23-Sep-2025,555.6,560.0,565.0,549.2,564.2,563.8,558.02,405554,2263.07,15170, 163068, 40.21,0.4020870217036449,2025-09-23
RKSWAMY, EQ, 23-Sep-2025,157.08,158.0,158.02,154.0,154.72,154.7,156.0,66871,104.32,947, 57518, 86.01,0.8601336902394162,2025-09-23
RMDRIP, EQ, 23-Sep-2025,788.1,804.25,804.25,763.1,766.55,770.45,773.22,61659,476.76,4001, 29167, 47.30,0.4730371884072074,2025-09-23
RML, EQ, 23-Sep-2025,840.3,840.3,865.0,836.0,859.9,856.8,853.4,28236,240.97,2610, 15485, 54.84,0.5484133729990084,2025-09-23
RNBDENIMS, EQ, 23-Sep-2025,117.81,121.63,136.8,112.3,115.02,115.53,122.09,307522,375.44,5233, 112665, 36.64,0.3663640324919843,2025-09-23
ROHLTD, EQ, 23-Sep-2025,513.35,513.95,553.8,504.9,540.1,545.75,535.76,635201,3403.18,24699, 184655, 29.07,0.29070325770897715,2025-09-23
ROLEXRINGS, EQ, 23-Sep-2025,1385.5,1389.7,1389.7,1373.0,1379.8,1377.3,1377.88,27756,382.44,3133, 17424, 62.78,0.6277561608300908,2025-09-23
ROLLT, EQ, 23-Sep-2025,1.27,1.3,1.3,1.24,1.28,1.28,1.27,80321,1.02,154, 53186, 66.22,0.66216805069658,2025-09-23
ROLTA, BZ, 23-Sep-2025,2.01,2.04,2.04,2.0,2.03,2.01,2.02,40492,0.82,77, -, -,,2025-09-23
ROML, BE, 23-Sep-2025,48.41,48.41,50.6,48.0,48.71,48.74,49.49,7669,3.8,108, -, -,,2025-09-23
ROSSARI, EQ, 23-Sep-2025,659.65,659.65,664.1,649.4,657.5,654.4,654.17,33537,219.39,3428, 15438, 46.03,0.46032739958851415,2025-09-23
ROSSELLIND, EQ, 23-Sep-2025,65.47,65.47,67.1,64.1,64.1,65.27,64.98,27777,18.05,698, 16053, 57.79,0.5779241818770926,2025-09-23
ROSSTECH, EQ, 23-Sep-2025,794.05,798.2,808.0,772.85,775.0,779.15,783.28,143673,1125.36,10916, 52244, 36.36,0.36363130163635476,2025-09-23
ROTO, EQ, 23-Sep-2025,81.1,81.9,81.91,80.07,81.1,81.05,80.88,159678,129.15,2858, 73147, 45.81,0.45809065744811434,2025-09-23
ROUTE, EQ, 23-Sep-2025,841.1,845.3,850.0,839.0,845.6,845.65,844.23,88423,746.49,10117, 42579, 48.15,0.48153760899313525,2025-09-23
RPEL, EQ, 23-Sep-2025,682.25,692.5,692.5,677.7,680.1,681.5,683.97,9226,63.1,902, 5006, 54.26,0.5425970084543681,2025-09-23
RPGLIFE, EQ, 23-Sep-2025,2404.0,2419.0,2432.1,2383.0,2401.0,2404.3,2402.51,11119,267.13,1665, 7664, 68.93,0.6892706178613185,2025-09-23
RPOWER, EQ, 23-Sep-2025,48.83,48.99,49.03,47.61,47.87,47.84,48.15,10414579,5014.64,30262, 5303977, 50.93,0.5092838606342128,2025-09-23
RPPINFRA, EQ, 23-Sep-2025,136.75,138.1,139.5,134.3,139.0,137.03,137.15,99126,135.95,2288, 48908, 49.34,0.4933922482497024,2025-09-23
RPPL, EQ, 23-Sep-2025,23.38,23.5,23.5,22.01,22.35,22.49,22.64,93946,21.27,677, 58510, 62.28,0.6228045898707768,2025-09-23
RPSGVENT, EQ, 23-Sep-2025,890.0,881.1,885.75,868.05,874.35,875.55,876.68,19445,170.47,1581, 9329, 47.98,0.47976343533041915,2025-09-23
RPTECH, EQ, 23-Sep-2025,321.3,321.3,336.0,315.6,331.0,332.75,326.63,579982,1894.42,22746, 178855, 30.84,0.3083802600770369,2025-09-23
RRKABEL, EQ, 23-Sep-2025,1267.2,1295.0,1345.8,1277.8,1303.0,1292.9,1306.39,725623,9479.43,60669, 133878, 18.45,0.18450076692717843,2025-09-23
RSSOFTWARE, BE, 23-Sep-2025,78.18,82.0,82.0,78.18,81.4,80.7,80.68,59759,48.21,536, -, -,,2025-09-23
RSWM, EQ, 23-Sep-2025,159.02,156.7,159.2,156.57,158.51,158.22,157.94,21877,34.55,428, 16736, 76.50,0.765004342460118,2025-09-23
RSYSTEMS, EQ, 23-Sep-2025,429.4,431.1,432.95,425.1,430.05,428.1,429.32,144268,619.37,6397, 61606, 42.70,0.4270247040230682,2025-09-23
RTNINDIA, EQ, 23-Sep-2025,55.77,55.98,56.24,54.92,55.25,55.15,55.4,2604891,1443.18,13162, 657766, 25.25,0.252511909327492,2025-09-23
RTNPOWER, EQ, 23-Sep-2025,12.24,12.25,12.27,12.02,12.08,12.09,12.15,11952463,1451.64,16389, 6278755, 52.53,0.5253105573303176,2025-09-23
RUBFILA, EQ, 23-Sep-2025,83.65,83.01,84.29,82.2,83.0,83.53,83.16,36354,30.23,1013, 19825, 54.53,0.5453320129834406,2025-09-23
RUBYMILLS, EQ, 23-Sep-2025,233.88,235.9,235.9,231.8,233.0,232.37,233.2,10346,24.13,471, 5889, 56.92,0.5692054900444616,2025-09-23
RUCHINFRA, EQ, 23-Sep-2025,7.88,8.04,8.04,7.67,7.86,7.93,7.87,137492,10.82,332, 57493, 41.82,0.41815523812294536,2025-09-23
RUCHIRA, EQ, 23-Sep-2025,164.58,164.59,165.29,157.5,159.85,159.6,159.75,227634,363.64,4098, 104495, 45.90,0.4590482968273632,2025-09-23
RUPA, EQ, 23-Sep-2025,203.51,204.45,205.1,200.91,204.95,203.03,202.58,65506,132.7,2906, 35985, 54.93,0.549338991848075,2025-09-23
RUSHIL, EQ, 23-Sep-2025,32.18,32.5,32.6,30.68,31.2,31.19,31.78,959001,304.78,3922, 402559, 41.98,0.4197691139008197,2025-09-23
RUSTOMJEE, EQ, 23-Sep-2025,624.0,624.0,630.0,607.55,623.0,624.8,621.14,116163,721.54,7740, 85357, 73.48,0.7348036810344085,2025-09-23
RVHL, BE, 23-Sep-2025,58.08,56.0,58.45,56.0,56.5,56.28,56.32,7774,4.38,131, -, -,,2025-09-23
RVNL, EQ, 23-Sep-2025,358.9,362.0,365.0,354.55,356.65,357.6,359.98,6674464,24026.56,60381, 1565355, 23.45,0.23452894494599116,2025-09-23
RVTH, EQ, 23-Sep-2025,1182.7,1241.8,1241.8,1161.0,1241.8,1241.8,1226.18,21129,259.08,1015, 10836, 51.28,0.5128496379383786,2025-09-23
S&SPOWER, EQ, 23-Sep-2025,385.1,384.3,404.35,383.75,403.85,402.8,398.36,8558,34.09,313, 5714, 66.77,0.667679364337462,2025-09-23
SABEVENTS, BE, 23-Sep-2025,6.84,6.98,7.17,6.51,7.17,7.17,7.08,28110,1.99,81, -, -,,2025-09-23
SABTNL, BE, 23-Sep-2025,977.7,1007.0,1007.0,965.0,975.1,978.1,984.98,2415,23.79,259, -, -,,2025-09-23
SADBHAV, EQ, 23-Sep-2025,13.19,13.19,13.38,13.01,13.2,13.24,13.21,109954,14.52,807, 80092, 72.84,0.7284137002746603,2025-09-23
SADBHIN, BE, 23-Sep-2025,3.95,3.92,3.96,3.8,3.85,3.85,3.88,191708,7.43,315, -, -,,2025-09-23
SADHNANIQ, BE, 23-Sep-2025,10.08,10.28,10.28,10.28,10.28,10.28,10.28,314800,32.36,127, -, -,,2025-09-23
SAFARI, EQ, 23-Sep-2025,2252.2,2249.4,2250.2,2191.0,2197.0,2204.0,2220.01,12278,272.57,2720, 5725, 46.63,0.4662811532822935,2025-09-23
SAGARDEEP, EQ, 23-Sep-2025,26.53,26.54,26.98,26.16,26.89,26.66,26.37,6858,1.81,127, 5956, 86.85,0.868474773986585,2025-09-23
SAGCEM, EQ, 23-Sep-2025,274.85,274.75,278.4,271.65,271.65,272.95,273.06,46762,127.69,1897, 25536, 54.61,0.5460844275266242,2025-09-23
SAGILITY, EQ, 23-Sep-2025,44.89,45.0,45.55,44.32,44.62,44.61,44.76,19288038,8632.6,45851, 7966817, 41.30,0.413044447548268,2025-09-23
SAHYADRI, EQ, 23-Sep-2025,271.98,270.42,270.42,262.2,266.3,263.72,265.61,4865,12.92,414, 3827, 78.66,0.786639260020555,2025-09-23
SAIL, EQ, 23-Sep-2025,135.49,135.49,137.75,134.9,137.29,137.3,136.83,10743591,14700.37,44997, 3738490, 34.80,0.3479739688526862,2025-09-23
SAILIFE, EQ, 23-Sep-2025,874.3,876.9,902.0,876.9,890.85,892.25,890.87,548523,4886.62,24433, 297873, 54.30,0.5430455969941096,2025-09-23
SAKAR, BE, 23-Sep-2025,346.45,336.25,363.75,336.25,363.75,363.75,360.04,61288,220.66,484, -, -,,2025-09-23
SAKHTISUG, EQ, 23-Sep-2025,22.28,22.28,22.45,22.1,22.29,22.23,22.29,109777,24.47,337, 63105, 57.48,0.5748471902128861,2025-09-23
SAKSOFT, EQ, 23-Sep-2025,210.9,210.1,218.9,210.1,215.0,215.42,215.71,368593,795.08,10605, 124176, 33.69,0.33689191058972906,2025-09-23
SAKUMA, EQ, 23-Sep-2025,2.58,2.58,2.6,2.56,2.6,2.58,2.58,1004090,25.93,1185, 618228, 61.57,0.615709747134221,2025-09-23
SALASAR, EQ, 23-Sep-2025,9.7,9.76,9.84,9.52,9.67,9.59,9.64,8602895,829.67,8797, 3039648, 35.33,0.3533285016264874,2025-09-23
SALONA, EQ, 23-Sep-2025,245.01,241.5,250.75,241.46,250.0,249.99,246.89,215,0.53,38, 149, 69.30,0.6930232558139535,2025-09-23
SALSTEEL, BE, 23-Sep-2025,31.68,31.55,31.68,30.09,30.09,30.52,30.3,348560,105.61,727, -, -,,2025-09-23
SALZERELEC, EQ, 23-Sep-2025,801.8,811.8,814.5,797.55,803.0,801.25,802.69,37246,298.97,2401, 22492, 60.39,0.6038769263813564,2025-09-23
SAMBHAAV, EQ, 23-Sep-2025,6.27,6.16,6.59,6.16,6.25,6.18,6.27,123261,7.73,182, 109611, 88.93,0.8892593764451043,2025-09-23
SAMBHV, EQ, 23-Sep-2025,121.64,121.0,122.43,120.0,121.0,120.85,121.02,880391,1065.48,9557, 475497, 54.01,0.5400975248497543,2025-09-23
SAMHI, EQ, 23-Sep-2025,206.2,206.1,206.9,202.54,205.85,205.22,204.71,650259,1331.18,22098, 418727, 64.39,0.643938799770553,2025-09-23
SAMMAANCAP, EQ, 23-Sep-2025,141.16,141.03,141.5,134.5,135.3,135.02,137.28,23118559,31737.82,45307, 14291416, 61.82,0.6181793597083625,2025-09-23
SAMPANN, EQ, 23-Sep-2025,28.06,28.95,28.95,27.53,28.5,28.43,28.42,51103,14.52,1131, 23331, 45.65,0.45654853922470306,2025-09-23
SANATHAN, EQ, 23-Sep-2025,515.05,515.0,517.9,511.1,515.5,515.45,514.35,20602,105.97,1194, 13070, 63.44,0.634404426754684,2025-09-23
SANCO, BZ, 23-Sep-2025,2.32,2.43,2.43,2.43,2.43,2.43,2.43,22431,0.55,14, -, -,,2025-09-23
SANDESH, EQ, 23-Sep-2025,1193.3,1191.0,1211.9,1171.9,1189.6,1199.7,1200.78,613,7.36,152, 390, 63.62,0.636215334420881,2025-09-23
SANDHAR, EQ, 23-Sep-2025,457.2,458.5,466.0,451.5,457.0,455.6,458.66,82006,376.13,5484, 38280, 46.68,0.46679511255274003,2025-09-23
SANDUMA, EQ, 23-Sep-2025,160.05,159.0,160.0,156.3,158.75,158.75,158.24,520089,823.01,9842, 206117, 39.63,0.3963110159991848,2025-09-23
SANGAMIND, EQ, 23-Sep-2025,428.85,428.85,435.9,425.2,435.0,434.9,431.67,45309,195.59,3523, 34414, 75.95,0.7595400472312344,2025-09-23
SANGHIIND, EQ, 23-Sep-2025,67.26,67.0,67.23,65.7,66.4,66.65,66.5,330877,220.05,2497, 139076, 42.03,0.4203253777083327,2025-09-23
SANGHVIMOV, EQ, 23-Sep-2025,381.5,383.0,396.5,379.85,394.95,393.95,389.32,699108,2721.75,19808, 222623, 31.84,0.31843863895134944,2025-09-23
SANGINITA, EQ, 23-Sep-2025,9.83,10.03,10.07,9.72,9.77,9.78,9.87,27316,2.7,189, 19755, 72.32,0.7232025186703763,2025-09-23
SANOFI, EQ, 23-Sep-2025,5018.0,5039.0,5050.0,4990.0,4999.0,5001.5,5010.89,16253,814.42,3367, 9868, 60.71,0.607149449332431,2025-09-23
SANOFICONR, EQ, 23-Sep-2025,5103.5,5120.0,5120.0,5025.0,5030.0,5048.0,5053.63,2436,123.11,925, 1418, 58.21,0.5821018062397373,2025-09-23
SANSERA, EQ, 23-Sep-2025,1495.4,1494.0,1503.0,1478.2,1500.0,1498.2,1494.87,72627,1085.68,6333, 40421, 55.66,0.5565561017252537,2025-09-23
SANSTAR, EQ, 23-Sep-2025,95.0,95.47,97.85,94.35,95.95,95.0,96.13,480748,462.16,5580, 207304, 43.12,0.4312113622937589,2025-09-23
SANWARIA, BZ, 23-Sep-2025,0.35,0.36,0.36,0.35,0.35,0.35,0.35,425612,1.51,180, -, -,,2025-09-23
SAPPHIRE, EQ, 23-Sep-2025,312.7,315.0,315.5,302.35,307.0,306.0,308.7,412452,1273.25,20817, 221375, 53.67,0.5367291224190937,2025-09-23
SARDAEN, EQ, 23-Sep-2025,584.9,585.0,592.0,580.3,585.2,585.15,586.97,993420,5831.09,22861, 378970, 38.15,0.38148013931670394,2025-09-23
SAREGAMA, EQ, 23-Sep-2025,484.45,485.05,488.1,475.0,480.5,481.8,481.07,289384,1392.14,11126, 181838, 62.84,0.6283623144334172,2025-09-23
SARLAPOLY, EQ, 23-Sep-2025,101.21,102.2,102.5,98.5,100.0,99.81,99.75,88955,88.73,1194, 50118, 56.34,0.5634084649541903,2025-09-23
SARVESHWAR, EQ, 23-Sep-2025,6.63,6.67,6.71,6.43,6.47,6.44,6.52,23293275,1519.2,10958, 13646329, 58.58,0.5858484476742751,2025-09-23
SASKEN, EQ, 23-Sep-2025,1500.9,1500.9,1530.2,1494.6,1498.4,1501.0,1511.79,30586,462.4,3400, 18247, 59.66,0.5965801347021513,2025-09-23
SASTASUNDR, EQ, 23-Sep-2025,328.25,327.95,327.95,317.4,319.0,319.85,321.65,20086,64.61,1392, 12781, 63.63,0.6363138504430947,2025-09-23
SATIA, EQ, 23-Sep-2025,82.75,82.6,83.4,80.49,81.6,81.65,81.67,74489,60.83,1570, 51115, 68.62,0.6862087019559935,2025-09-23
SATIN, EQ, 23-Sep-2025,144.48,144.99,145.5,143.1,144.2,143.82,144.22,111518,160.83,2027, 59129, 53.02,0.5302193367886798,2025-09-23
SAURASHCEM, EQ, 23-Sep-2025,108.54,108.21,109.32,107.0,108.58,107.64,107.88,66934,72.21,1224, 40971, 61.21,0.6121104371470404,2025-09-23
SBC, EQ, 23-Sep-2025,21.41,21.5,22.05,21.34,21.85,21.88,21.66,8764338,1898.01,6424, 4148384, 47.33,0.47332542400806543,2025-09-23
SBCL, EQ, 23-Sep-2025,553.6,553.6,575.0,546.55,565.0,564.45,562.37,216631,1218.27,12397, 105432, 48.67,0.48668934732332864,2025-09-23
SBFC, EQ, 23-Sep-2025,109.33,111.16,113.4,109.99,111.68,111.66,111.8,3922296,4385.14,31738, 1250451, 31.88,0.318805872886697,2025-09-23
SBGLP, EQ, 23-Sep-2025,32.9,32.94,34.95,32.83,33.25,33.51,33.56,52939,17.77,496, 25364, 47.91,0.4791174748295208,2025-09-23
SBIBPB, EQ, 23-Sep-2025,42.97,41.89,43.98,41.89,43.39,43.4,43.37,37511,16.27,187, 20894, 55.70,0.5570099437498334,2025-09-23
SBICARD, EQ, 23-Sep-2025,869.05,874.5,874.85,864.0,870.0,870.3,870.06,520336,4527.22,26738, 257686, 49.52,0.4952300052273915,2025-09-23
SBIETFCON, EQ, 23-Sep-2025,128.43,128.43,129.68,127.22,127.77,127.48,127.56,10143,12.94,121, 8577, 84.56,0.8456078083407276,2025-09-23
SBIETFIT, EQ, 23-Sep-2025,387.02,388.99,388.99,382.49,385.9,384.34,384.99,9108,35.06,373, 7634, 83.82,0.8381642512077294,2025-09-23
SBIETFPB, EQ, 23-Sep-2025,274.49,274.49,276.0,272.43,276.0,275.88,275.11,2224,6.12,64, 1871, 84.13,0.8412769784172662,2025-09-23
SBIETFQLTY, EQ, 23-Sep-2025,226.92,226.01,228.15,224.49,225.89,225.72,225.4,1295,2.92,69, 1139, 87.95,0.8795366795366796,2025-09-23
SBILIFE, EQ, 23-Sep-2025,1857.7,1865.0,1865.7,1815.4,1820.3,1819.4,1832.41,737343,13511.15,47126, 429476, 58.25,0.582464334780421,2025-09-23
SBILIQETF, EQ, 23-Sep-2025,1006.63,1006.75,1006.77,1006.75,1006.75,1006.75,1006.75,1271,12.8,7, 1268, 99.76,0.997639653815893,2025-09-23
SBIN, EQ, 23-Sep-2025,855.25,854.6,874.25,851.2,869.6,870.6,866.65,14357863,124431.85,218373, 7216250, 50.26,0.502599168135258,2025-09-23
SBINEQWETF, EQ, 23-Sep-2025,32.73,31.91,32.95,31.91,32.76,32.67,32.67,20602,6.73,194, 17025, 82.64,0.8263760799922337,2025-09-23
SBISILVER, EQ, 23-Sep-2025,131.51,132.41,133.17,131.55,133.0,132.9,132.39,3606280,4774.2,4998, 2489993, 69.05,0.6904602526703417,2025-09-23
SCHAEFFLER, EQ, 23-Sep-2025,4138.7,4149.0,4149.0,4058.3,4101.0,4119.4,4100.49,20091,823.83,6606, 10120, 50.37,0.5037081280175203,2025-09-23
SCHAND, EQ, 23-Sep-2025,191.89,192.27,193.65,187.2,188.8,188.42,189.58,61615,116.81,1090, 49264, 79.95,0.7995455652032785,2025-09-23
SCHNEIDER, EQ, 23-Sep-2025,883.3,880.0,895.2,868.8,872.85,872.05,881.26,89222,786.28,5235, 54005, 60.53,0.6052879334693237,2025-09-23
SCI, EQ, 23-Sep-2025,226.53,226.54,227.41,220.81,223.66,223.34,223.15,3013194,6724.05,29186, 937471, 31.11,0.31112201869511225,2025-09-23
SCILAL, EQ, 23-Sep-2025,51.69,51.75,52.0,51.22,51.43,51.35,51.44,366233,188.4,2784, 172360, 47.06,0.47062935344439194,2025-09-23
SCODATUBES, EQ, 23-Sep-2025,180.22,180.98,181.42,174.8,176.0,176.64,176.61,266962,471.48,4206, 137792, 51.61,0.5161483656850039,2025-09-23
SCPL, EQ, 23-Sep-2025,251.05,252.9,255.88,243.31,244.0,244.24,247.45,14825,36.69,1422, 10145, 68.43,0.6843170320404722,2025-09-23
SDBL, EQ, 23-Sep-2025,139.89,140.8,142.6,138.32,141.2,140.89,140.92,929389,1309.68,12539, 438231, 47.15,0.4715259164892203,2025-09-23
SDL26BEES, EQ, 23-Sep-2025,133.03,133.03,134.0,133.01,133.33,133.33,133.26,4618,6.15,66, 4034, 87.35,0.8735383282806409,2025-09-23
SEAMECLTD, EQ, 23-Sep-2025,959.3,962.0,962.55,945.0,947.4,947.95,949.43,11922,113.19,1264, 7436, 62.37,0.6237208522060057,2025-09-23
SECMARK, EQ, 23-Sep-2025,120.7,120.69,123.0,120.69,123.0,122.99,121.89,336,0.41,10, 328, 97.62,0.9761904761904762,2025-09-23
SECURKLOUD, EQ, 23-Sep-2025,23.78,23.78,24.77,23.29,23.45,23.73,23.64,19309,4.56,232, 14778, 76.53,0.7653425863586928,2025-09-23
SEJALLTD, EQ, 23-Sep-2025,763.55,730.0,760.0,730.0,750.0,750.75,744.09,29453,219.16,1340, 18217, 61.85,0.6185108477913964,2025-09-23
SELECTIPO, EQ, 23-Sep-2025,50.16,50.2,52.07,49.63,49.72,49.96,49.95,91410,45.66,268, 58807, 64.33,0.6433322393611203,2025-09-23
SELMC, EQ, 23-Sep-2025,30.43,30.01,31.12,30.01,30.4,30.53,30.72,5399,1.66,135, 3097, 57.36,0.573624745323208,2025-09-23
SEMAC, BE, 23-Sep-2025,510.05,510.05,510.5,507.45,510.05,510.05,508.91,227,1.16,23, -, -,,2025-09-23
SENCO, EQ, 23-Sep-2025,367.8,369.45,373.0,361.15,361.6,362.1,365.56,307617,1124.52,8264, 176770, 57.46,0.5746431439094718,2025-09-23
SENORES, EQ, 23-Sep-2025,706.4,703.2,734.3,703.0,716.0,717.2,719.1,381389,2742.55,17793, 178272, 46.74,0.46742826877544974,2025-09-23
SENSEXADD, EQ, 23-Sep-2025,84.08,84.14,84.23,83.5,84.05,84.05,83.92,14916,12.52,36, 14820, 99.36,0.9935639581657281,2025-09-23
SENSEXETF, EQ, 23-Sep-2025,84.11,84.23,84.28,83.63,84.07,84.07,83.97,10522,8.84,137, 9618, 91.41,0.9140847747576506,2025-09-23
SENSEXIETF, EQ, 23-Sep-2025,938.2,938.2,940.63,933.01,937.76,937.19,936.62,51621,483.49,4241, 48949, 94.82,0.9482381201449023,2025-09-23
SEPC, EQ, 23-Sep-2025,13.12,13.28,13.4,12.9,13.0,12.96,13.14,9559919,1256.18,11266, 3736286, 39.08,0.3908282068080284,2025-09-23
SEQUENT, EQ, 23-Sep-2025,203.59,203.59,208.0,201.22,203.8,203.42,204.12,869077,1773.93,19961, 364802, 41.98,0.41975797311400487,2025-09-23
SERVOTECH, EQ, 23-Sep-2025,131.06,132.44,132.44,129.0,129.95,129.58,130.3,361515,471.04,4620, 170794, 47.24,0.47243959448432293,2025-09-23
SESHAPAPER, EQ, 23-Sep-2025,263.5,261.0,264.2,258.6,261.25,260.5,260.3,17075,44.45,853, 11513, 67.43,0.6742606149341142,2025-09-23
SETCO, EQ, 23-Sep-2025,17.41,17.42,18.28,17.05,18.27,18.13,17.77,121959,21.68,539, 91590, 75.10,0.75099008683246,2025-09-23
SETF10GILT, EQ, 23-Sep-2025,258.35,258.36,259.23,257.99,258.26,258.33,258.39,19152,49.49,135, 15968, 83.38,0.83375104427736,2025-09-23
SETFGOLD, EQ, 23-Sep-2025,96.05,93.64,98.2,93.64,98.1,97.96,97.55,10125944,9877.5,10430, 8859222, 87.49,0.8749033176561118,2025-09-23
SETFNIF50, EQ, 23-Sep-2025,268.9,275.62,275.62,267.6,269.0,268.83,268.43,262309,704.11,4407, 183860, 70.09,0.7009290569519155,2025-09-23
SETFNIFBK, EQ, 23-Sep-2025,566.82,566.82,570.11,565.26,568.0,567.94,568.46,1055958,6002.69,1004, 1051059, 99.54,0.9953606109333893,2025-09-23
SETFNN50, EQ, 23-Sep-2025,743.56,750.6,765.87,738.0,741.0,741.69,741.61,41880,310.59,2207, 25434, 60.73,0.6073065902578797,2025-09-23
SEYAIND, BE, 23-Sep-2025,16.64,16.8,17.38,16.08,16.22,16.21,16.57,2602,0.43,44, -, -,,2025-09-23
SFL, EQ, 23-Sep-2025,679.9,682.6,684.95,676.7,679.5,678.1,679.94,65770,447.19,6636, 43253, 65.76,0.6576402615174092,2025-09-23
SGFIN, EQ, 23-Sep-2025,378.35,375.3,378.15,371.45,373.0,373.3,374.54,84465,316.36,5025, 53797, 63.69,0.6369146983957852,2025-09-23
SGIL, EQ, 23-Sep-2025,563.55,557.9,562.85,551.2,558.0,557.1,556.29,7061,39.28,753, 4450, 63.02,0.630222348109333,2025-09-23
SGL, EQ, 23-Sep-2025,17.86,18.8,20.79,17.55,17.91,18.11,19.32,2213006,427.6,5970, 353326, 15.97,0.1596588531617176,2025-09-23
SGLTL, EQ, 23-Sep-2025,192.37,193.0,193.57,188.0,188.99,188.54,190.58,293908,560.14,5226, 159706, 54.34,0.5433877267716428,2025-09-23
SGMART, EQ, 23-Sep-2025,376.9,376.45,382.9,374.0,379.45,379.55,378.49,53619,202.94,3645, 26607, 49.62,0.4962233536619482,2025-09-23
SHAH, EQ, 23-Sep-2025,3.75,3.77,3.77,3.41,3.59,3.53,3.6,1098842,39.51,1083, 809134, 73.64,0.7363515409858742,2025-09-23
SHAHALLOYS, EQ, 23-Sep-2025,70.05,70.05,71.27,67.2,69.3,69.31,69.08,39055,26.98,633, 22644, 57.98,0.5797977211624632,2025-09-23
SHAILY, EQ, 23-Sep-2025,2312.8,2316.0,2329.2,2235.0,2266.6,2252.0,2266.1,123560,2800.0,19534, 68201, 55.20,0.5519666558756879,2025-09-23
SHAKTIPUMP, EQ, 23-Sep-2025,876.65,877.65,877.7,864.65,868.2,867.6,869.44,208138,1809.63,10526, 98345, 47.25,0.47249901507653574,2025-09-23
SHALBY, EQ, 23-Sep-2025,265.62,263.91,270.86,257.01,267.0,266.83,262.06,1014842,2659.47,21069, 276701, 27.27,0.27265426539303655,2025-09-23
SHALPAINTS, EQ, 23-Sep-2025,82.42,82.42,84.0,80.25,81.5,80.98,81.58,169376,138.17,2931, 74471, 43.97,0.43967858492348383,2025-09-23
SHANKARA, EQ, 23-Sep-2025,946.15,949.9,1021.35,947.2,989.0,990.5,988.02,238010,2351.58,17435, 120025, 50.43,0.5042855342212512,2025-09-23
SHANTI, EQ, 23-Sep-2025,9.4,9.7,9.7,9.16,9.39,9.42,9.4,98404,9.25,275, 54230, 55.11,0.5510954839234178,2025-09-23
SHANTIGEAR, EQ, 23-Sep-2025,554.4,557.3,566.0,552.7,556.9,555.85,557.1,29134,162.3,1691, 11843, 40.65,0.4065009954005629,2025-09-23
SHANTIGOLD, EQ, 23-Sep-2025,224.22,225.1,227.0,222.1,224.8,223.63,224.39,303519,681.07,3580, 168234, 55.43,0.5542783153608176,2025-09-23
SHARDACROP, EQ, 23-Sep-2025,876.35,876.0,876.0,850.5,853.95,860.6,861.66,303118,2611.84,15914, 184308, 60.80,0.6080404330986613,2025-09-23
SHARDAMOTR, EQ, 23-Sep-2025,1086.8,1092.0,1146.0,1082.2,1134.1,1133.8,1123.54,202817,2278.74,21344, 95822, 47.25,0.4724554647785935,2025-09-23
SHAREINDIA, EQ, 23-Sep-2025,141.37,142.5,143.16,140.5,141.0,141.08,141.99,269080,382.06,5830, 145126, 53.93,0.5393414597889103,2025-09-23
SHARIABEES, EQ, 23-Sep-2025,501.29,501.24,501.28,494.51,499.1,497.31,497.45,15689,78.04,794, 10367, 66.08,0.6607814392249347,2025-09-23
SHEKHAWATI, EQ, 23-Sep-2025,23.44,23.97,23.97,22.26,22.26,22.26,22.47,110621,24.86,434, 89298, 80.72,0.807242747760371,2025-09-23
SHEMAROO, EQ, 23-Sep-2025,113.77,114.97,117.45,113.35,114.9,114.62,115.25,16009,18.45,534, 7210, 45.04,0.45037166593790995,2025-09-23
SHILPAMED, EQ, 23-Sep-2025,818.45,825.0,859.35,816.0,825.0,824.85,842.42,352175,2966.78,11543, 128519, 36.49,0.36492936750195215,2025-09-23
SHIVALIK, EQ, 23-Sep-2025,470.55,473.65,474.95,455.4,464.0,463.25,464.25,34317,159.32,2089, 15881, 46.28,0.4627735524667075,2025-09-23
SHIVAMAUTO, EQ, 23-Sep-2025,32.69,32.68,33.23,32.11,32.11,32.29,32.54,45283,14.73,475, 26181, 57.82,0.5781639909016629,2025-09-23
SHIVAMILLS, EQ, 23-Sep-2025,72.39,72.0,74.72,71.13,71.31,71.4,72.18,5504,3.97,185, 3929, 71.38,0.713844476744186,2025-09-23
SHIVATEX, EQ, 23-Sep-2025,189.05,186.0,187.99,184.0,184.01,184.24,184.81,1582,2.92,34, 1475, 93.24,0.9323640960809102,2025-09-23
SHK, EQ, 23-Sep-2025,248.17,248.17,250.07,240.1,247.49,246.38,244.55,248592,607.93,7291, 110590, 44.49,0.44486548239685914,2025-09-23
SHOPERSTOP, EQ, 23-Sep-2025,557.8,563.4,563.4,547.45,553.0,550.85,551.46,12686,69.96,2253, 4967, 39.15,0.3915339744600347,2025-09-23
SHRADHA, EQ, 23-Sep-2025,50.04,51.24,51.24,46.63,47.15,47.08,48.22,60379,29.12,769, 41995, 69.55,0.6955232779608804,2025-09-23
SHREDIGCEM, EQ, 23-Sep-2025,89.95,90.0,90.1,88.78,89.21,89.22,89.13,405459,361.39,1420, 325037, 80.17,0.8016519549448896,2025-09-23
SHREECEM, EQ, 23-Sep-2025,29705.0,29895.0,30115.0,29690.0,29690.0,29790.0,29912.14,33031,9880.28,14241, 20230, 61.25,0.6124549665465775,2025-09-23
SHREEJISPG, EQ, 23-Sep-2025,253.55,255.0,255.05,252.05,252.2,252.8,253.02,567745,1436.49,5556, 310970, 54.77,0.5477282935120521,2025-09-23
SHREEPUSHK, EQ, 23-Sep-2025,451.9,461.8,476.0,444.15,457.3,454.75,456.97,2412057,11022.44,52185, 316451, 13.12,0.1311954899904936,2025-09-23
SHREERAMA, BE, 23-Sep-2025,61.03,60.0,61.62,60.0,60.98,60.36,60.69,53381,32.4,276, -, -,,2025-09-23
SHRENIK, EQ, 23-Sep-2025,0.53,0.54,0.56,0.53,0.55,0.54,0.55,1160169,6.34,481, 511022, 44.05,0.44047203467770646,2025-09-23
SHREYANIND, EQ, 23-Sep-2025,237.76,238.0,240.29,229.01,231.51,233.06,234.55,8873,20.81,332, 6801, 76.65,0.7664825876253804,2025-09-23
SHRINGARMS, EQ, 23-Sep-2025,191.07,191.8,193.79,189.35,191.0,191.67,191.85,2430170,4662.33,13029, 803113, 33.05,0.3304760572305641,2025-09-23
SHRIPISTON, EQ, 23-Sep-2025,2600.3,2591.3,2646.4,2580.0,2600.0,2602.8,2618.23,49178,1287.59,8018, 25751, 52.36,0.523628451746716,2025-09-23
SHRIRAMFIN, EQ, 23-Sep-2025,627.85,628.0,634.4,624.5,628.3,628.8,630.39,3586451,22608.57,74116, 1941992, 54.15,0.5414801429045036,2025-09-23
SHRIRAMPPS, EQ, 23-Sep-2025,96.78,97.0,98.5,94.85,95.36,95.44,95.91,773357,741.73,5579, 354699, 45.86,0.45864846377546203,2025-09-23
SHYAMCENT, EQ, 23-Sep-2025,7.34,7.35,7.4,7.02,7.2,7.09,7.24,178939,12.96,651, 108116, 60.42,0.6042059025701496,2025-09-23
SHYAMMETL, EQ, 23-Sep-2025,918.35,917.0,917.0,901.0,901.0,902.85,906.21,91819,832.07,7022, 50587, 55.09,0.5509426153628334,2025-09-23
SHYAMTEL, EQ, 23-Sep-2025,14.37,14.35,14.35,13.81,14.19,14.13,14.22,574,0.08,20, 574, 100.00,1.0,2025-09-23
SICALLOG, BE, 23-Sep-2025,109.74,115.22,115.22,110.5,115.22,115.15,115.22,11403,13.14,62, -, -,,2025-09-23
SIEMENS, EQ, 23-Sep-2025,3243.5,3243.5,3272.9,3225.5,3229.2,3240.4,3244.85,204819,6646.06,21320, 96114, 46.93,0.4692631054736133,2025-09-23
SIGACHI, EQ, 23-Sep-2025,42.82,43.0,43.0,41.79,42.1,42.21,42.26,5869057,2480.38,14010, 1219618, 20.78,0.20780476318427304,2025-09-23
SIGIND, EQ, 23-Sep-2025,55.89,55.2,56.69,54.03,54.14,54.96,55.77,24431,13.62,353, 6529, 26.72,0.267242437886292,2025-09-23
SIGMA, EQ, 23-Sep-2025,467.5,480.0,491.5,473.5,484.95,483.0,484.23,33262,161.06,1697, 21064, 63.33,0.6332752089471468,2025-09-23
SIGNATURE, EQ, 23-Sep-2025,1112.6,1113.4,1120.8,1101.0,1109.0,1106.4,1109.52,262677,2914.46,9573, 32728, 12.46,0.12459408322769028,2025-09-23
SIGNPOST, EQ, 23-Sep-2025,291.35,296.0,297.7,286.05,288.35,288.1,288.88,41341,119.43,1979, 23825, 57.63,0.5763043951525121,2025-09-23
SIKKO, EQ, 23-Sep-2025,68.0,68.4,68.4,64.01,67.99,67.77,66.9,136013,90.99,1238, 89887, 66.09,0.6608706520700227,2025-09-23
SIL, EQ, 23-Sep-2025,19.29,19.5,19.51,18.93,18.93,19.0,19.16,26889,5.15,373, 20420, 75.94,0.7594183495109524,2025-09-23
SILGO, BE, 23-Sep-2025,69.37,69.35,69.35,67.02,68.39,68.2,67.48,10917,7.37,131, -, -,,2025-09-23
SILINV, EQ, 23-Sep-2025,593.55,590.0,614.9,590.0,602.0,600.05,603.72,3739,22.57,316, 2890, 77.29,0.7729339395560311,2025-09-23
SILLYMONKS, EQ, 23-Sep-2025,16.28,16.12,16.47,15.8,16.47,16.19,16.16,7238,1.17,80, 4744, 65.54,0.6554296767062725,2025-09-23
SILVER, EQ, 23-Sep-2025,133.5,136.83,136.83,133.99,136.5,135.61,135.01,2167533,2926.42,6134, 1658089, 76.50,0.7649659774499397,2025-09-23
SILVER1, EQ, 23-Sep-2025,129.7,132.94,132.94,128.4,131.48,131.53,131.28,1138838,1495.01,2368, 991145, 87.03,0.8703125466484258,2025-09-23
SILVER360, EQ, 23-Sep-2025,132.14,133.39,138.8,132.8,136.5,135.97,134.91,24434,32.96,408, 16061, 65.73,0.6573217647540313,2025-09-23
SILVERADD, EQ, 23-Sep-2025,128.84,129.98,130.63,128.51,130.6,130.35,129.89,2088796,2713.18,10404, 1604534, 76.82,0.7681621374227067,2025-09-23
SILVERAG, EQ, 23-Sep-2025,130.31,132.39,132.83,130.5,132.08,132.07,131.78,586488,772.89,1316, 427827, 72.95,0.7294727257846708,2025-09-23
SILVERBEES, EQ, 23-Sep-2025,128.22,128.51,129.94,128.25,129.83,129.74,129.2,30486985,39389.55,70104, 20259007, 66.45,0.6645132996916553,2025-09-23
SILVERCASE, EQ, 23-Sep-2025,13.57,13.23,13.98,13.23,13.75,13.74,13.71,6583967,902.81,4985, 5014591, 76.16,0.7616367153723583,2025-09-23
SILVERETF, EQ, 23-Sep-2025,129.9,133.14,133.14,130.0,131.48,131.52,131.04,1368682,1793.46,5229, 1030954, 75.32,0.7532458233541466,2025-09-23
SILVERIETF, EQ, 23-Sep-2025,133.31,136.64,136.64,133.31,135.07,135.0,134.62,5869111,7900.95,15429, 4442220, 75.69,0.7568812380614373,2025-09-23
SILVERTUC, EQ, 23-Sep-2025,731.55,731.55,736.05,720.4,720.4,725.9,726.18,12772,92.75,378, 11617, 90.96,0.9095678045725023,2025-09-23
SIMBHALS, BE, 23-Sep-2025,13.78,14.0,14.0,13.31,13.53,13.52,13.49,22137,2.99,118, -, -,,2025-09-23
SIMPLEXINF, EQ, 23-Sep-2025,309.0,309.3,314.5,306.65,309.0,309.55,309.65,72546,224.64,2399, 53874, 74.26,0.7426184765528079,2025-09-23
SINCLAIR, EQ, 23-Sep-2025,105.84,104.8,108.05,102.22,102.43,102.72,104.03,186322,193.83,1734, 145758, 78.23,0.782290872790116,2025-09-23
SINDHUTRAD, EQ, 23-Sep-2025,29.54,29.54,30.39,29.04,29.15,29.26,29.41,1116976,328.52,4742, 268959, 24.08,0.2407921029637163,2025-09-23
SINTERCOM, EQ, 23-Sep-2025,122.32,122.31,123.5,121.0,121.0,121.01,121.52,4255,5.17,102, 2572, 60.45,0.6044653349001176,2025-09-23
SIRCA, EQ, 23-Sep-2025,489.05,492.0,504.9,489.1,500.6,501.45,499.22,662656,3308.11,10367, 201397, 30.39,0.3039239062198184,2025-09-23
SIS, EQ, 23-Sep-2025,340.8,342.15,347.4,341.4,345.0,345.2,344.26,32267,111.08,3093, 16121, 49.96,0.49961260730777574,2025-09-23
SITINET, BZ, 23-Sep-2025,0.49,0.5,0.5,0.48,0.5,0.49,0.49,796312,3.87,168, -, -,,2025-09-23
SIYSIL, EQ, 23-Sep-2025,672.95,671.0,678.45,669.05,670.0,671.0,672.34,15476,104.05,3132, 6744, 43.58,0.43577151718790386,2025-09-23
SJS, EQ, 23-Sep-2025,1506.7,1506.7,1554.4,1494.4,1524.9,1531.5,1534.36,324977,4986.31,19664, 191422, 58.90,0.5890324546044797,2025-09-23
SJVN, EQ, 23-Sep-2025,93.82,93.9,93.99,92.28,92.9,92.7,92.9,3836407,3563.94,24648, 1743573, 45.45,0.45448071594072265,2025-09-23
SKFINDIA, EQ, 23-Sep-2025,4735.3,4798.0,4800.1,4725.0,4775.0,4741.0,4746.95,8321,394.99,2304, 4055, 48.73,0.4873212354284341,2025-09-23
SKIPPER, EQ, 23-Sep-2025,548.15,550.0,555.0,536.6,541.45,542.65,544.76,314974,1715.86,12250, 114218, 36.26,0.3626267564941868,2025-09-23
SKMEGGPROD, BE, 23-Sep-2025,338.2,325.05,333.1,321.3,322.5,321.35,323.7,80106,259.31,1095, -, -,,2025-09-23
SKYGOLD, EQ, 23-Sep-2025,290.75,290.85,292.95,280.0,291.5,290.0,286.18,607780,1739.33,12197, 295517, 48.62,0.4862236335516141,2025-09-23
SMALLCAP, EQ, 23-Sep-2025,46.63,46.63,46.87,46.11,46.3,46.23,46.31,1027230,475.68,3703, 701032, 68.24,0.6824489160168609,2025-09-23
SMARTLINK, EQ, 23-Sep-2025,156.89,155.0,159.88,154.01,156.1,156.06,157.07,8209,12.89,162, 4494, 54.74,0.547447923011329,2025-09-23
SMARTWORKS, EQ, 23-Sep-2025,540.8,553.05,575.0,524.5,562.15,563.6,556.23,509731,2835.29,20626, 234777, 46.06,0.4605899974692534,2025-09-23
SMCGLOBAL, EQ, 23-Sep-2025,140.43,141.5,144.0,139.13,140.42,140.66,141.37,106964,151.22,2003, 53065, 49.61,0.4961014920907969,2025-09-23
SML100CASE, EQ, 23-Sep-2025,10.31,10.62,10.62,10.22,10.26,10.26,10.27,201333,20.67,383, 193282, 96.00,0.9600115231978861,2025-09-23
SMLISUZU, EQ, 23-Sep-2025,3555.7,3507.2,3559.8,3378.0,3427.0,3413.9,3448.61,80005,2759.06,8748, 41230, 51.53,0.5153427910755578,2025-09-23
SMLT, EQ, 23-Sep-2025,108.27,109.26,110.7,107.07,109.0,109.2,108.87,7664,8.34,263, 2347, 30.62,0.30623695198329853,2025-09-23
SMSLIFE, EQ, 23-Sep-2025,1243.9,1236.8,1236.8,1184.8,1210.0,1198.4,1209.57,2975,35.98,571, 1503, 50.52,0.5052100840336134,2025-09-23
SMSPHARMA, EQ, 23-Sep-2025,283.4,285.29,288.5,282.33,285.7,286.71,285.74,212728,607.86,7315, 61738, 29.02,0.2902203753149562,2025-09-23
SNOWMAN, EQ, 23-Sep-2025,56.35,55.83,56.73,55.83,56.35,56.48,56.39,138990,78.38,1261, 74088, 53.30,0.533045542844809,2025-09-23
SNXT30BEES, EQ, 23-Sep-2025,39.84,39.84,41.0,39.41,40.96,40.02,39.87,9623,3.84,152, 7939, 82.50,0.8250025979424296,2025-09-23
SOBHA, EQ, 23-Sep-2025,1595.8,1594.0,1602.9,1550.5,1574.0,1578.1,1576.67,171501,2704.0,19597, 84258, 49.13,0.4912974268371613,2025-09-23
SOFTTECH, EQ, 23-Sep-2025,370.7,375.05,375.15,369.95,370.5,370.55,372.44,873,3.25,119, 703, 80.53,0.8052691867124857,2025-09-23
SOLARA, EQ, 23-Sep-2025,660.5,662.0,664.65,651.15,658.9,655.9,657.44,78618,516.86,14856, 29710, 37.79,0.37790327914726907,2025-09-23
SOLARINDS, EQ, 23-Sep-2025,14464.0,14464.0,14527.0,14100.0,14210.0,14215.0,14261.71,109997,15687.45,28079, 45879, 41.71,0.4170931934507305,2025-09-23
SOMANYCERA, EQ, 23-Sep-2025,479.8,481.7,485.1,470.0,470.9,472.95,476.71,44643,212.82,3881, 25321, 56.72,0.567188584996528,2025-09-23
SOMATEX, BE, 23-Sep-2025,68.32,70.7,71.73,70.26,71.73,71.73,71.55,41474,29.67,243, -, -,,2025-09-23
SOMICONVEY, EQ, 23-Sep-2025,139.09,139.74,140.4,137.3,138.0,138.08,138.65,10215,14.16,294, 8166, 79.94,0.7994126284875184,2025-09-23
SONACOMS, EQ, 23-Sep-2025,420.6,423.5,434.4,420.65,422.9,421.35,427.0,4907137,20953.64,80058, 2011489, 40.99,0.40991091139293645,2025-09-23
SONAMLTD, EQ, 23-Sep-2025,45.65,45.96,46.4,44.64,46.02,45.82,45.48,50803,23.1,757, 21721, 42.76,0.42755349093557465,2025-09-23
SONATSOFTW, EQ, 23-Sep-2025,392.65,392.95,403.0,385.6,385.8,386.65,392.85,1078881,4238.38,30030, 310553, 28.78,0.2878473158763571,2025-09-23
SOTL, EQ, 23-Sep-2025,405.55,407.7,407.7,401.1,405.0,404.7,404.74,11629,47.07,1010, 6682, 57.46,0.5745979877891478,2025-09-23
SOUTHBANK, EQ, 23-Sep-2025,29.55,29.54,30.3,29.33,29.93,29.96,29.87,14567291,4350.93,28037, 8053757, 55.29,0.5528658005115707,2025-09-23
SOUTHWEST, EQ, 23-Sep-2025,137.92,138.1,140.73,137.18,139.09,138.14,138.86,8495,11.8,487, 5573, 65.60,0.6560329605650382,2025-09-23
SPAL, EQ, 23-Sep-2025,750.05,746.85,755.7,726.0,729.0,728.9,733.33,20931,153.49,2170, 10338, 49.39,0.49390855668625483,2025-09-23
SPANDANA, EQ, 23-Sep-2025,263.99,263.0,263.95,254.06,259.65,257.0,258.01,182683,471.34,5562, 101726, 55.68,0.5568443697552591,2025-09-23
SPARC, EQ, 23-Sep-2025,141.01,141.7,141.94,138.91,139.55,139.39,139.82,238223,333.07,4407, 149156, 62.61,0.626119224424174,2025-09-23
SPCENET, EQ, 23-Sep-2025,7.17,7.32,7.36,7.16,7.24,7.18,7.24,384278,27.84,607, 272103, 70.81,0.7080889356143208,2025-09-23
SPECIALITY, EQ, 23-Sep-2025,133.18,134.0,135.0,130.01,134.0,132.67,132.02,26874,35.48,728, 14347, 53.39,0.5338617250874451,2025-09-23
SPECTRUM, EQ, 23-Sep-2025,1379.8,1389.2,1399.9,1366.4,1390.0,1377.3,1381.43,721,9.96,189, 360, 49.93,0.49930651872399445,2025-09-23
SPENCERS, EQ, 23-Sep-2025,56.69,57.0,57.15,55.8,56.28,56.2,56.4,59016,33.28,584, 40972, 69.43,0.694252406127152,2025-09-23
SPIC, EQ, 23-Sep-2025,98.13,98.4,98.58,96.23,96.77,96.6,97.38,772500,752.23,5389, 370345, 47.94,0.47941100323624597,2025-09-23
SPLIL, EQ, 23-Sep-2025,39.37,39.37,40.25,39.1,40.24,40.16,39.8,6557,2.61,74, 4982, 75.98,0.7597986884245844,2025-09-23
SPLPETRO, EQ, 23-Sep-2025,848.85,853.3,862.0,842.0,861.75,860.2,856.57,51146,438.1,7522, 28812, 56.33,0.5633285105384586,2025-09-23
SPMLINFRA, EQ, 23-Sep-2025,272.55,274.75,275.55,266.05,266.1,266.75,268.83,234617,630.73,6165, 118344, 50.44,0.5044135761688198,2025-09-23
SPORTKING, EQ, 23-Sep-2025,109.28,110.0,111.39,108.8,109.7,110.1,110.08,78435,86.34,1108, 44912, 57.26,0.5726015171798304,2025-09-23
SRD, BE, 23-Sep-2025,72.61,72.69,73.02,68.97,71.0,71.7,71.72,62007,44.47,227, -, -,,2025-09-23
SREEL, EQ, 23-Sep-2025,239.54,240.0,243.29,236.99,237.05,237.5,238.85,8166,19.5,484, 3818, 46.75,0.467548371295616,2025-09-23
SRF, EQ, 23-Sep-2025,2914.0,2919.0,2936.5,2866.1,2910.5,2903.2,2894.22,256230,7415.87,21913, 158950, 62.03,0.6203410997931545,2025-09-23
SRGHFL, EQ, 23-Sep-2025,287.25,293.05,301.3,281.35,297.7,291.9,285.02,4857,13.84,194, 3577, 73.65,0.7364628371422689,2025-09-23
SRHHYPOLTD, EQ, 23-Sep-2025,613.55,616.6,619.95,602.5,602.8,605.65,610.84,7994,48.83,875, 5415, 67.74,0.6773830372779585,2025-09-23
SRM, EQ, 23-Sep-2025,563.95,560.95,561.0,543.05,546.0,546.7,549.17,330044,1812.51,16897, 70239, 21.28,0.21281707893492988,2025-09-23
SRPL, BZ, 23-Sep-2025,0.8,0.81,0.81,0.81,0.81,0.81,0.81,1049624,8.5,142, -, -,,2025-09-23
SSDL, EQ, 23-Sep-2025,90.25,91.0,91.0,87.92,89.5,89.28,89.32,57513,51.37,1602, 33648, 58.51,0.5850503364456732,2025-09-23
SSWL, EQ, 23-Sep-2025,241.22,242.15,244.31,240.01,240.1,240.75,241.36,105676,255.06,4519, 52037, 49.24,0.49242022786630835,2025-09-23
STALLION, EQ, 23-Sep-2025,212.36,213.44,220.98,207.34,217.83,217.37,214.98,1664483,3578.3,21410, 462645, 27.80,0.27795117162506316,2025-09-23
STANLEY, EQ, 23-Sep-2025,300.05,299.9,320.45,299.9,315.05,315.45,313.61,249692,783.05,12400, 84471, 33.83,0.33830078656905305,2025-09-23
STAR, EQ, 23-Sep-2025,856.25,860.0,863.0,841.0,854.0,854.1,852.55,209529,1786.33,10715, 120946, 57.72,0.5772279732161181,2025-09-23
STARCEMENT, EQ, 23-Sep-2025,270.4,270.6,271.85,268.45,269.55,269.65,269.86,116350,313.99,4239, 65271, 56.10,0.5609883970777826,2025-09-23
STARHEALTH, EQ, 23-Sep-2025,448.7,448.7,452.25,447.55,448.95,450.85,450.05,309690,1393.76,9237, 191047, 61.69,0.6168975427039943,2025-09-23
STARPAPER, EQ, 23-Sep-2025,174.2,173.0,176.0,173.0,176.0,173.9,174.1,6777,11.8,262, 5232, 77.20,0.7720230190349713,2025-09-23
STARTECK, EQ, 23-Sep-2025,322.95,324.95,334.75,318.7,318.7,324.8,326.19,12110,39.5,528, 1519, 12.54,0.1254335260115607,2025-09-23
STCINDIA, EQ, 23-Sep-2025,139.2,140.49,140.49,132.0,132.2,132.71,135.21,141977,191.97,2934, 69758, 49.13,0.49133310324911783,2025-09-23
STEELCAS, EQ, 23-Sep-2025,221.23,222.39,222.4,215.02,216.0,215.91,217.28,97124,211.03,4976, 45548, 46.90,0.46896750545694166,2025-09-23
STEELCITY, EQ, 23-Sep-2025,103.84,104.98,104.98,102.3,103.15,103.19,103.18,7551,7.79,128, 6629, 87.79,0.8778969672891008,2025-09-23
STEELXIND, EQ, 23-Sep-2025,10.33,10.32,10.59,10.11,10.24,10.25,10.3,1842160,189.78,4720, 858120, 46.58,0.4658227298388848,2025-09-23
STEL, EQ, 23-Sep-2025,480.5,482.1,482.4,472.8,479.95,478.0,477.43,2191,10.46,275, 1024, 46.74,0.4673664993153811,2025-09-23
STERTOOLS, EQ, 23-Sep-2025,332.2,332.2,335.7,325.5,329.8,327.65,329.97,55237,182.26,2528, 25078, 45.40,0.45400727773050675,2025-09-23
STLNETWORK, EQ, 23-Sep-2025,29.13,29.38,31.84,28.59,30.58,30.54,30.31,12964926,3929.46,19898, 5785257, 44.62,0.44622368072135543,2025-09-23
STLTECH, EQ, 23-Sep-2025,123.27,123.26,125.43,122.63,124.0,123.51,124.12,892000,1107.19,16290, 443013, 49.67,0.4966513452914798,2025-09-23
STOVEKRAFT, EQ, 23-Sep-2025,713.6,713.6,724.0,707.9,710.0,711.4,715.56,44676,319.68,4199, 22802, 51.04,0.5103858895156236,2025-09-23
STYLAMIND, EQ, 23-Sep-2025,1694.9,1694.0,1739.9,1694.0,1730.0,1729.0,1715.61,20647,354.22,3631, 13037, 63.14,0.6314234513488642,2025-09-23
STYLEBAAZA, EQ, 23-Sep-2025,366.45,366.0,370.8,356.45,368.0,368.8,364.76,259107,945.11,8307, 127548, 49.23,0.4922599543817805,2025-09-23
STYRENIX, EQ, 23-Sep-2025,2519.1,2510.5,2522.4,2480.0,2484.5,2485.5,2494.71,19985,498.57,3591, 13470, 67.40,0.6740055041280961,2025-09-23
SUBEXLTD, EQ, 23-Sep-2025,12.87,12.84,12.99,12.67,12.8,12.72,12.81,811776,103.98,1682, 530246, 65.32,0.6531925063071586,2025-09-23
SUBROS, EQ, 23-Sep-2025,1021.9,1027.0,1179.7,1017.15,1134.0,1128.7,1138.06,4391359,49976.46,177782, 386288, 8.80,0.08796547947913164,2025-09-23
SUDARSCHEM, EQ, 23-Sep-2025,1513.6,1520.0,1533.8,1495.0,1520.0,1523.8,1519.73,92580,1406.96,10567, 40258, 43.48,0.4348455389933031,2025-09-23
SUKHJITS, EQ, 23-Sep-2025,169.25,169.0,170.59,167.03,170.13,169.39,169.42,2919,4.95,213, 1815, 62.18,0.6217882836587872,2025-09-23
SULA, EQ, 23-Sep-2025,284.13,284.0,285.5,280.0,280.86,281.44,282.63,536355,1515.92,8655, 376236, 70.15,0.7014682439801997,2025-09-23
SUMEETINDS, BE, 23-Sep-2025,144.64,147.8,151.87,147.53,151.87,151.57,151.02,121014,182.76,1369, -, -,,2025-09-23
SUMICHEM, EQ, 23-Sep-2025,582.2,580.1,582.15,563.55,570.0,567.2,569.42,310930,1770.49,13372, 162637, 52.31,0.52306628501592,2025-09-23
SUMIT, EQ, 23-Sep-2025,89.97,89.99,91.0,88.82,90.5,90.16,89.95,8663,7.79,190, 4601, 53.11,0.531109315479626,2025-09-23
SUMMITSEC, EQ, 23-Sep-2025,2178.1,2186.3,2230.0,2173.2,2197.2,2195.0,2207.32,10048,221.79,1934, 4273, 42.53,0.4252587579617834,2025-09-23
SUNCLAY, EQ, 23-Sep-2025,1769.2,1769.2,1824.6,1712.4,1732.2,1743.1,1745.84,23232,405.59,2912, 10678, 45.96,0.4596246556473829,2025-09-23
SUNDARAM, EQ, 23-Sep-2025,1.97,1.97,1.98,1.96,1.96,1.96,1.97,146465,2.88,359, 127680, 87.17,0.8717441026866487,2025-09-23
SUNDARMFIN, EQ, 23-Sep-2025,4664.8,4669.0,4738.5,4531.2,4642.0,4614.0,4646.49,71146,3305.79,10669, 33581, 47.20,0.4720012368931493,2025-09-23
SUNDARMHLD, EQ, 23-Sep-2025,603.75,610.0,612.9,587.0,592.3,590.05,596.94,211880,1264.8,11008, 91934, 43.39,0.43389654521427223,2025-09-23
SUNDRMBRAK, EQ, 23-Sep-2025,777.95,774.65,785.0,767.55,781.0,777.2,776.74,2274,17.66,224, 1095, 48.15,0.4815303430079156,2025-09-23
SUNDRMFAST, EQ, 23-Sep-2025,1030.2,1035.6,1047.0,1022.3,1033.0,1030.1,1034.23,65521,677.64,10419, 35598, 54.33,0.5433067260878192,2025-09-23
SUNDROP, EQ, 23-Sep-2025,810.35,822.5,825.15,804.0,818.45,818.7,811.03,12710,103.08,764, 7032, 55.33,0.5532651455546813,2025-09-23
SUNFLAG, EQ, 23-Sep-2025,267.2,265.0,270.0,265.0,268.0,267.65,268.03,302329,810.34,6971, 152040, 50.29,0.5028958518699826,2025-09-23
SUNPHARMA, EQ, 23-Sep-2025,1644.0,1643.2,1644.0,1625.1,1632.8,1631.2,1633.78,1967731,32148.3,103928, 1246110, 63.33,0.6332725357276986,2025-09-23
SUNTECK, EQ, 23-Sep-2025,445.85,446.2,446.3,437.15,437.6,439.1,441.14,114821,506.52,5388, 58296, 50.77,0.5077120039017253,2025-09-23
SUNTV, EQ, 23-Sep-2025,553.5,558.35,558.35,544.45,547.15,548.0,548.9,137534,754.92,8527, 71575, 52.04,0.5204167696714994,2025-09-23
SUPERHOUSE, EQ, 23-Sep-2025,177.55,178.0,184.44,172.01,173.95,175.35,178.51,12177,21.74,595, 7563, 62.11,0.6210889381621089,2025-09-23
SUPERSPIN, EQ, 23-Sep-2025,9.03,9.22,9.42,9.09,9.32,9.31,9.32,77871,7.26,238, 59929, 76.96,0.7695933017426256,2025-09-23
SUPRAJIT, EQ, 23-Sep-2025,464.0,464.85,499.45,464.85,499.0,494.0,486.33,766293,3726.73,36286, 241811, 31.56,0.31555945310736233,2025-09-23
SUPREME, EQ, 23-Sep-2025,85.24,85.24,91.44,85.24,90.0,90.46,89.25,793766,708.44,5685, 185268, 23.34,0.233403799104522,2025-09-23
SUPREMEIND, EQ, 23-Sep-2025,4371.9,4390.0,4397.4,4320.5,4326.5,4326.3,4352.74,92703,4035.12,16044, 40467, 43.65,0.4365230898676418,2025-09-23
SUPREMEINF, BZ, 23-Sep-2025,110.13,110.13,110.13,107.1,108.9,108.31,108.71,13383,14.55,74, -, -,,2025-09-23
SUPRIYA, EQ, 23-Sep-2025,747.0,745.9,754.8,737.0,737.85,738.7,742.82,292463,2172.48,15279, 159152, 54.42,0.544178237930952,2025-09-23
SURAJEST, EQ, 23-Sep-2025,295.65,305.0,305.0,292.15,295.0,294.25,297.52,195165,580.65,3405, 117304, 60.11,0.6010503932569877,2025-09-23
SURAJLTD, EQ, 23-Sep-2025,316.8,319.95,323.0,317.3,317.8,320.0,319.29,750,2.39,156, 515, 68.67,0.6866666666666666,2025-09-23
SURAKSHA, EQ, 23-Sep-2025,320.3,315.5,322.0,314.55,320.0,317.35,317.29,27976,88.76,1581, 13245, 47.34,0.4734415213039748,2025-09-23
SURANASOL, EQ, 23-Sep-2025,34.52,34.5,34.83,33.91,34.17,34.16,34.18,67241,22.99,990, 46344, 68.92,0.6892223494594072,2025-09-23
SURANAT&P, EQ, 23-Sep-2025,23.15,23.05,23.63,22.6,22.86,22.89,22.95,269218,61.79,1738, 134197, 49.85,0.4984696417030065,2025-09-23
SURYALAXMI, EQ, 23-Sep-2025,64.71,64.8,65.98,64.05,64.7,64.84,64.65,6562,4.24,122, 4740, 72.23,0.7223407497714112,2025-09-23
SURYAROSNI, EQ, 23-Sep-2025,286.2,286.2,287.7,283.55,284.0,284.5,285.22,113449,323.57,4692, 48216, 42.50,0.4250015425433455,2025-09-23
SURYODAY, EQ, 23-Sep-2025,132.16,131.7,134.09,129.5,133.8,133.56,132.1,86484,114.24,2711, 42111, 48.69,0.48692243652004996,2025-09-23
SUTLEJTEX, EQ, 23-Sep-2025,37.8,38.56,38.56,37.0,37.12,37.14,37.36,31197,11.66,603, 23911, 76.65,0.7664519024265154,2025-09-23
SUVEN, EQ, 23-Sep-2025,232.3,233.4,234.45,224.15,226.13,224.82,228.35,177465,405.24,4186, 104765, 59.03,0.5903417575296538,2025-09-23
SUVIDHAA, BE, 23-Sep-2025,4.13,4.06,4.19,4.05,4.12,4.11,4.09,36425,1.49,163, -, -,,2025-09-23
SUYOG, EQ, 23-Sep-2025,795.25,795.25,820.15,787.0,815.0,814.9,805.07,21297,171.46,1577, 13877, 65.16,0.651594121237733,2025-09-23
SUZLON, EQ, 23-Sep-2025,59.93,60.0,60.13,58.63,58.78,58.75,59.08,43152416,25496.33,120064, 23300817, 54.00,0.5399655259163241,2025-09-23
SVLL, BE, 23-Sep-2025,809.65,817.0,817.0,770.0,772.0,772.95,776.43,3982,30.92,66, -, -,,2025-09-23
SVPGLOB, EQ, 23-Sep-2025,3.64,3.73,3.75,3.57,3.72,3.72,3.7,83766,3.1,246, 60561, 72.30,0.7229782966836187,2025-09-23
SWANCORP, EQ, 23-Sep-2025,489.1,491.5,492.5,479.9,482.7,482.0,484.38,891453,4318.02,17503, 414344, 46.48,0.4647962371543985,2025-09-23
SWARAJENG, EQ, 23-Sep-2025,4405.8,4421.6,4540.0,4409.5,4494.2,4497.5,4494.87,32896,1478.63,7265, 16619, 50.52,0.505198200389105,2025-09-23
SWELECTES, EQ, 23-Sep-2025,884.0,889.9,962.65,880.0,927.0,923.75,930.09,256977,2390.13,17675, 56072, 21.82,0.218198515820482,2025-09-23
SWIGGY, EQ, 23-Sep-2025,449.55,450.7,451.65,445.2,449.95,449.2,448.68,7987236,35837.28,55810, 5352320, 67.01,0.6701091591634453,2025-09-23
SWSOLAR, EQ, 23-Sep-2025,265.3,266.5,266.5,260.0,260.4,260.4,261.66,1612269,4218.65,26362, 913975, 56.69,0.5668874114679374,2025-09-23
SYMPHONY, EQ, 23-Sep-2025,937.85,938.0,938.7,919.0,922.1,922.25,923.69,81910,756.6,10689, 54003, 65.93,0.6592967891588328,2025-09-23
SYNCOMF, EQ, 23-Sep-2025,17.54,17.53,17.9,17.3,17.45,17.37,17.42,735330,128.07,3022, 429404, 58.40,0.583960942705996,2025-09-23
SYNGENE, EQ, 23-Sep-2025,655.3,658.0,659.1,642.0,642.8,643.65,647.49,163168,1056.49,10556, 72260, 44.29,0.4428564424396941,2025-09-23
SYRMA, EQ, 23-Sep-2025,815.65,818.0,836.0,814.2,820.0,817.9,825.06,737589,6085.52,24107, 217095, 29.43,0.2943305824788602,2025-09-23
TAINWALCHM, EQ, 23-Sep-2025,217.1,214.05,220.7,214.05,214.07,214.99,216.73,2597,5.63,256, 905, 34.85,0.34847901424720834,2025-09-23
TAJGVK, EQ, 23-Sep-2025,429.35,435.5,450.0,427.5,429.85,428.85,435.82,799032,3482.31,24426, 246431, 30.84,0.3084119284334044,2025-09-23
TAKE, EQ, 23-Sep-2025,10.5,10.3,10.86,10.12,10.38,10.37,10.39,57228,5.95,443, 42518, 74.30,0.7429579925910393,2025-09-23
TALBROAUTO, EQ, 23-Sep-2025,306.45,308.9,316.0,308.9,310.0,310.7,312.03,356706,1113.02,8900, 135286, 37.93,0.37926471660134675,2025-09-23
TANLA, EQ, 23-Sep-2025,735.15,732.95,745.4,725.4,732.95,736.45,736.04,678445,4993.63,28420, 194817, 28.72,0.2871522378379972,2025-09-23
TARACHAND, EQ, 23-Sep-2025,70.97,70.3,73.99,70.3,73.0,72.98,72.06,115397,83.16,2124, 65184, 56.49,0.5648673709021899,2025-09-23
TARAPUR, EQ, 23-Sep-2025,28.06,27.94,27.94,26.65,26.65,26.65,26.95,42394,11.42,480, 26838, 63.31,0.6330612822569232,2025-09-23
TARC, EQ, 23-Sep-2025,174.29,175.8,175.8,171.0,171.88,172.37,172.48,253800,437.76,5867, 144557, 56.96,0.5695705279747832,2025-09-23
TARIL, EQ, 23-Sep-2025,535.9,538.4,552.0,528.0,537.8,536.25,542.09,1849452,10025.72,54826, 699755, 37.84,0.37835802172751715,2025-09-23
TARMAT, EQ, 23-Sep-2025,52.47,53.69,53.69,52.1,52.1,52.5,52.84,8008,4.23,269, 5460, 68.18,0.6818181818181818,2025-09-23
TARSONS, EQ, 23-Sep-2025,308.5,313.15,313.15,304.45,307.2,309.5,307.86,30456,93.76,1163, 19831, 65.11,0.6511360651431574,2025-09-23
TASTYBITE, EQ, 23-Sep-2025,9309.0,9306.5,9390.0,9207.0,9294.0,9243.5,9283.41,1012,93.95,522, 519, 51.28,0.5128458498023716,2025-09-23
TATACHEM, EQ, 23-Sep-2025,973.95,974.0,982.75,956.9,959.0,959.9,965.58,528618,5104.26,22383, 249934, 47.28,0.47280645002629496,2025-09-23
TATACOMM, EQ, 23-Sep-2025,1652.9,1666.4,1675.0,1642.4,1669.7,1655.3,1655.09,140911,2332.2,12372, 71849, 50.99,0.5098892208557174,2025-09-23
TATACONSUM, EQ, 23-Sep-2025,1130.1,1131.0,1134.6,1118.4,1128.4,1128.5,1127.26,1082761,12205.56,41242, 608429, 56.19,0.5619236378111143,2025-09-23
TATAELXSI, EQ, 23-Sep-2025,5607.0,5595.0,5640.0,5501.0,5560.0,5555.5,5544.0,136231,7552.65,19607, 51197, 37.58,0.3758102047257966,2025-09-23
TATAGOLD, EQ, 23-Sep-2025,10.91,10.63,11.25,10.63,11.24,11.18,11.08,54082248,5993.49,88894, 35781825, 66.16,0.6616186701410784,2025-09-23
TATAINVEST, EQ, 23-Sep-2025,7281.0,7388.0,8238.0,7281.5,8036.0,8138.0,7956.29,1728371,137514.13,238450, 196381, 11.36,0.11362201749508641,2025-09-23
TATAMOTORS, EQ, 23-Sep-2025,696.25,701.8,707.8,697.0,702.2,701.35,701.49,11904667,83510.27,194058, 4728205, 39.72,0.39717238625826323,2025-09-23
TATAPOWER, EQ, 23-Sep-2025,395.3,396.5,398.2,394.25,395.1,395.5,396.22,2963511,11742.07,35522, 1394635, 47.06,0.4706022687278704,2025-09-23
TATASTEEL, EQ, 23-Sep-2025,171.39,171.45,173.81,171.2,173.21,173.29,172.77,24533561,42387.37,157753, 8558859, 34.89,0.34886329791260223,2025-09-23
TATATECH, EQ, 23-Sep-2025,702.25,702.25,706.7,695.8,699.0,697.8,699.13,743334,5196.86,22482, 333599, 44.88,0.4487874898766907,2025-09-23
TATSILV, EQ, 23-Sep-2025,13.0,12.67,13.32,12.67,13.19,13.17,13.11,20649135,2706.89,28693, 15652618, 75.80,0.7580277817932809,2025-09-23
TATVA, EQ, 23-Sep-2025,1103.3,1104.9,1108.2,1078.6,1093.9,1093.0,1093.73,28220,308.65,4416, 11801, 41.82,0.41817859673990077,2025-09-23
TBOTEK, EQ, 23-Sep-2025,1638.2,1630.0,1634.1,1587.7,1596.0,1599.0,1607.57,74220,1193.14,10660, 39224, 52.85,0.5284828887092428,2025-09-23
TBZ, EQ, 23-Sep-2025,188.91,189.28,191.02,188.4,190.01,190.25,190.01,162485,308.73,2830, 84932, 52.27,0.5227067113887436,2025-09-23
TCI, EQ, 23-Sep-2025,1164.8,1151.9,1217.7,1137.0,1200.0,1201.0,1186.61,97178,1153.13,20024, 47831, 49.22,0.4921998806314186,2025-09-23
TCIEXP, EQ, 23-Sep-2025,719.5,721.95,769.9,714.3,762.0,761.1,754.29,148608,1120.93,11150, 57592, 38.75,0.3875430663221361,2025-09-23
TCIFINANCE, EQ, 23-Sep-2025,12.88,12.88,13.4,12.5,12.88,12.75,12.67,37318,4.73,245, 21544, 57.73,0.577308537435018,2025-09-23
TCPLPACK, EQ, 23-Sep-2025,3406.6,3390.0,3425.0,3376.2,3415.0,3404.5,3399.53,1819,61.84,409, 1257, 69.10,0.6910390324354041,2025-09-23
TCS, EQ, 23-Sep-2025,3073.8,3070.0,3080.7,3052.0,3065.0,3062.4,3063.85,3177741,97361.22,141198, 1680183, 52.87,0.5287350353600246,2025-09-23
TDPOWERSYS, EQ, 23-Sep-2025,541.95,541.9,555.0,541.1,553.0,553.15,550.71,332580,1831.55,17716, 153428, 46.13,0.4613265981117325,2025-09-23
TEAMGTY, BE, 23-Sep-2025,241.4,241.0,253.45,241.0,253.45,253.45,250.1,1405,3.51,33, -, -,,2025-09-23
TEAMLEASE, EQ, 23-Sep-2025,1868.4,1858.7,1885.0,1853.6,1867.7,1868.7,1867.75,33554,626.7,3045, 26080, 77.73,0.7772545747153842,2025-09-23
TECH, EQ, 23-Sep-2025,37.85,38.48,39.08,37.55,37.65,37.6,37.75,50861,19.2,324, 36981, 72.71,0.7270993492066613,2025-09-23
TECHM, EQ, 23-Sep-2025,1505.4,1511.7,1511.7,1468.2,1472.9,1471.9,1481.99,1380054,20452.25,60805, 686492, 49.74,0.4974385060294742,2025-09-23
TECHNOE, EQ, 23-Sep-2025,1428.5,1437.5,1440.5,1397.1,1400.0,1403.7,1407.82,273357,3848.39,19994, 191398, 70.02,0.7001759603741627,2025-09-23
TECILCHEM, BE, 23-Sep-2025,20.16,20.16,20.26,19.75,19.75,19.75,19.82,572,0.11,10, -, -,,2025-09-23
TEGA, EQ, 23-Sep-2025,1972.6,1988.0,1988.0,1900.0,1918.0,1913.6,1940.84,362318,7032.02,17926, 175994, 48.57,0.48574456692739526,2025-09-23
TEJASNET, EQ, 23-Sep-2025,599.85,600.0,603.95,591.7,592.0,596.6,598.32,338648,2026.21,14054, 158101, 46.69,0.4668593938248565,2025-09-23
TEMBO, EQ, 23-Sep-2025,601.75,600.1,609.55,589.9,589.9,590.65,597.11,29268,174.76,1159, 17956, 61.35,0.6135028016946836,2025-09-23
TERASOFT, BE, 23-Sep-2025,469.95,460.55,460.55,460.55,460.55,460.55,460.55,4900,22.57,96, -, -,,2025-09-23
TEXINFRA, EQ, 23-Sep-2025,94.4,94.01,95.41,93.62,94.98,94.64,94.53,57798,54.64,999, 34907, 60.39,0.6039482335028894,2025-09-23
TEXMOPIPES, EQ, 23-Sep-2025,58.62,58.02,58.9,57.08,57.61,57.74,57.81,21115,12.21,449, 12834, 60.78,0.6078143499881601,2025-09-23
TEXRAIL, EQ, 23-Sep-2025,146.85,146.85,146.85,144.25,145.19,144.95,145.16,967135,1403.93,10513, 341667, 35.33,0.3532774638494109,2025-09-23
TFCILTD, EQ, 23-Sep-2025,72.1,72.05,72.9,71.85,72.9,72.8,72.74,6276757,4565.45,7245, 3918907, 62.44,0.6243521933380566,2025-09-23
TFL, EQ, 23-Sep-2025,15.78,15.7,16.2,15.06,15.4,15.83,15.55,19321,3.0,79, 17721, 91.72,0.9171885513172197,2025-09-23
TGBHOTELS, EQ, 23-Sep-2025,12.54,12.8,12.9,12.06,12.41,12.56,12.6,36682,4.62,323, 24136, 65.80,0.6579793904367265,2025-09-23
THANGAMAYL, EQ, 23-Sep-2025,2106.1,2106.1,2106.1,2058.3,2066.1,2065.5,2078.5,18043,375.02,4381, 9330, 51.71,0.5170980435626005,2025-09-23
THEINVEST, EQ, 23-Sep-2025,151.58,152.89,154.18,150.25,154.0,153.04,152.49,7716,11.77,401, 4161, 53.93,0.5392690513219285,2025-09-23
THEJO, EQ, 23-Sep-2025,1867.0,1885.7,1900.0,1853.0,1866.7,1874.1,1887.22,2619,49.43,438, 1575, 60.14,0.6013745704467354,2025-09-23
THELEELA, EQ, 23-Sep-2025,432.0,431.05,445.85,425.05,439.0,437.45,436.8,783363,3421.75,21100, 511358, 65.28,0.6527727247776574,2025-09-23
THEMISMED, EQ, 23-Sep-2025,129.34,132.0,137.9,131.08,134.4,134.8,135.38,362950,491.38,5556, 196442, 54.12,0.5412370849979335,2025-09-23
THERMAX, EQ, 23-Sep-2025,3269.8,3322.0,3398.4,3298.0,3358.6,3358.8,3348.02,212678,7120.5,24352, 73336, 34.48,0.3448217493111652,2025-09-23
THOMASCOOK, EQ, 23-Sep-2025,168.57,168.21,169.88,165.88,166.75,166.38,168.65,1302158,2196.06,16075, 767121, 58.91,0.5891151457810804,2025-09-23
THOMASCOTT, EQ, 23-Sep-2025,383.8,384.05,399.85,366.35,381.95,379.6,382.18,88618,338.68,3746, 36018, 40.64,0.40644112934166876,2025-09-23
THYROCARE, EQ, 23-Sep-2025,1218.8,1225.2,1229.5,1194.2,1208.0,1200.2,1210.2,42835,518.39,6793, 19051, 44.48,0.4447531224465974,2025-09-23
TI, EQ, 23-Sep-2025,462.55,464.9,465.0,453.0,455.5,455.75,459.1,448304,2058.17,13000, 212541, 47.41,0.4741001641743103,2025-09-23
TICL, EQ, 23-Sep-2025,22.0,22.0,22.65,21.85,22.39,22.22,22.25,95155,21.17,427, 73097, 76.82,0.7681887446797331,2025-09-23
TIGERLOGS, EQ, 23-Sep-2025,46.23,46.5,54.37,46.26,51.7,52.04,51.67,1433032,740.38,11438, 521347, 36.38,0.3638069491818745,2025-09-23
TIIL, EQ, 23-Sep-2025,2481.5,2502.0,2502.0,2452.1,2460.1,2466.2,2467.37,2925,72.17,908, 1377, 47.08,0.4707692307692308,2025-09-23
TIINDIA, EQ, 23-Sep-2025,3350.1,3369.0,3394.5,3294.0,3305.0,3303.0,3340.16,179660,6000.94,26061, 86731, 48.28,0.48275075141934765,2025-09-23
TIJARIA, EQ, 23-Sep-2025,6.12,6.39,6.39,6.11,6.27,6.28,6.21,14267,0.89,84, 9590, 67.22,0.6721805565290531,2025-09-23
TIL, EQ, 23-Sep-2025,332.5,331.0,332.05,317.4,321.5,319.6,324.78,17601,57.16,824, 8913, 50.64,0.5063916822907789,2025-09-23
TIMETECHNO, EQ, 23-Sep-2025,477.8,246.0,249.15,222.2,230.45,226.75,234.52,1803460,4229.46,31346, 734809, 40.74,0.4074440242644694,2025-09-23
TIMKEN, EQ, 23-Sep-2025,3049.6,3054.0,3066.5,3016.6,3020.5,3046.1,3038.53,58511,1777.87,6234, 38573, 65.92,0.6592435610398045,2025-09-23
TINNARUBR, EQ, 23-Sep-2025,918.95,941.0,1006.05,937.55,995.0,984.7,980.65,404900,3970.64,35045, 90250, 22.29,0.22289454186218818,2025-09-23
TIPSFILMS, EQ, 23-Sep-2025,460.15,456.0,466.45,455.15,455.15,458.05,459.98,1478,6.8,294, 768, 51.96,0.5196211096075778,2025-09-23
TIPSMUSIC, EQ, 23-Sep-2025,597.8,594.2,600.15,581.35,585.8,587.85,594.15,179684,1067.59,19029, 100849, 56.13,0.5612575410164511,2025-09-23
TIRUMALCHM, EQ, 23-Sep-2025,321.8,320.0,321.7,314.1,314.15,315.45,317.12,143398,454.75,3623, 81899, 57.11,0.5711306991729312,2025-09-23
TIRUPATIFL, EQ, 23-Sep-2025,37.83,37.5,38.0,36.56,37.72,37.52,37.43,107409,40.2,1122, 74756, 69.60,0.6959938180226983,2025-09-23
TITAGARH, EQ, 23-Sep-2025,933.9,930.2,937.0,918.2,921.7,921.1,924.8,792339,7327.53,22618, 225268, 28.43,0.2843076006608283,2025-09-23
TITAN, EQ, 23-Sep-2025,3457.5,3465.2,3465.3,3405.0,3439.3,3439.2,3432.6,1144975,39302.45,63052, 743215, 64.91,0.6491102425817158,2025-09-23
TMB, EQ, 23-Sep-2025,430.35,430.0,432.9,426.95,431.15,430.3,429.57,33806,145.22,2028, 23901, 70.70,0.7070046737265574,2025-09-23
TNIDETF, EQ, 23-Sep-2025,95.03,95.03,95.69,93.77,94.45,94.12,94.36,47159,44.5,607, 30599, 64.88,0.6488475158506329,2025-09-23
TNPETRO, BE, 23-Sep-2025,103.79,104.9,106.94,103.02,106.0,106.19,105.64,220634,233.07,919, -, -,,2025-09-23
TNPL, EQ, 23-Sep-2025,156.2,155.65,156.62,153.71,155.17,154.62,154.56,108440,167.6,2683, 60819, 56.09,0.5608539284396902,2025-09-23
TNTELE, BE, 23-Sep-2025,12.72,12.5,13.17,12.47,12.5,12.64,12.81,35863,4.6,175, -, -,,2025-09-23
TOKYOPLAST, EQ, 23-Sep-2025,130.06,133.66,133.66,128.06,128.26,128.56,129.22,1346,1.74,80, 948, 70.43,0.7043090638930164,2025-09-23
TOLINS, EQ, 23-Sep-2025,192.37,193.33,193.84,185.0,188.51,188.35,189.18,368365,696.89,5824, 126381, 34.31,0.34308634099330826,2025-09-23
TOP100CASE, EQ, 23-Sep-2025,10.82,11.14,11.14,10.72,10.81,10.8,10.81,709136,76.65,1261, 558984, 78.83,0.7882606439385393,2025-09-23
TOP10ADD, EQ, 23-Sep-2025,95.81,95.81,96.02,95.26,96.0,95.57,95.52,302999,289.42,611, 258798, 85.41,0.854121630764458,2025-09-23
TOP15IETF, EQ, 23-Sep-2025,10.54,10.72,10.72,10.53,10.61,10.6,10.55,445870,47.06,163, 362667, 81.34,0.8133917958149236,2025-09-23
TORNTPHARM, EQ, 23-Sep-2025,3655.9,3678.8,3689.2,3640.5,3646.1,3651.5,3668.22,421379,15457.12,54098, 300952, 71.42,0.7142073999890834,2025-09-23
TORNTPOWER, EQ, 23-Sep-2025,1268.6,1268.0,1289.3,1265.4,1278.4,1279.3,1281.35,503712,6454.3,26568, 284326, 56.45,0.564461438282193,2025-09-23
TOTAL, EQ, 23-Sep-2025,72.2,72.56,73.59,71.33,72.2,72.77,72.3,1255,0.91,33, 918, 73.15,0.7314741035856573,2025-09-23
TOUCHWOOD, EQ, 23-Sep-2025,118.04,113.95,117.39,110.0,111.5,111.78,113.31,17237,19.53,711, 7309, 42.40,0.4240297035447004,2025-09-23
TPHQ, EQ, 23-Sep-2025,0.73,0.73,0.74,0.72,0.72,0.72,0.73,961126,7.01,753, 656437, 68.30,0.6829874542983958,2025-09-23
TPLPLASTEH, EQ, 23-Sep-2025,75.76,76.0,76.27,74.8,75.0,75.04,75.16,12927,9.72,327, 7985, 61.77,0.617699388875996,2025-09-23
TRACXN, EQ, 23-Sep-2025,51.7,51.99,52.02,50.5,50.97,50.79,50.88,220217,112.04,2602, 156749, 71.18,0.7117933674511958,2025-09-23
TRANSRAILL, EQ, 23-Sep-2025,781.5,781.5,783.0,761.5,767.0,766.8,770.08,1081203,8326.16,27464, 454703, 42.06,0.42055284715266233,2025-09-23
TRANSWORLD, EQ, 23-Sep-2025,261.18,263.9,265.14,260.0,261.2,260.81,261.88,10499,27.49,285, 8099, 77.14,0.7714068006476807,2025-09-23
TRAVELFOOD, EQ, 23-Sep-2025,1359.3,1359.3,1379.9,1310.5,1331.0,1332.8,1332.12,170841,2275.8,12406, 65849, 38.54,0.3854402631686773,2025-09-23
TREEHOUSE, EQ, 23-Sep-2025,7.78,7.7,8.0,7.7,8.0,7.88,7.91,25684,2.03,138, 13020, 50.69,0.5069303846752842,2025-09-23
TREJHARA, EQ, 23-Sep-2025,199.42,201.78,204.5,190.01,194.0,193.34,195.37,4921,9.61,346, 3369, 68.46,0.6846169477748425,2025-09-23
TREL, EQ, 23-Sep-2025,32.31,32.31,33.51,32.17,32.44,32.5,32.72,204442,66.89,930, 131239, 64.19,0.6419375666448186,2025-09-23
TRENT, EQ, 23-Sep-2025,5010.5,5010.5,5019.5,4846.0,4905.0,4891.0,4903.89,2734495,134096.67,179923, 1690049, 61.80,0.6180479393818603,2025-09-23
TRF, EQ, 23-Sep-2025,351.3,355.0,372.0,346.3,360.0,359.5,360.17,114027,410.69,4881, 46328, 40.63,0.40628973839529237,2025-09-23
TRIDENT, EQ, 23-Sep-2025,30.35,30.42,30.48,29.73,29.95,29.86,29.94,4545100,1360.76,15353, 1737179, 38.22,0.38220919231700073,2025-09-23
TRIGYN, EQ, 23-Sep-2025,94.27,92.21,93.84,89.8,89.9,90.32,91.28,126697,115.65,2452, 73840, 58.28,0.5828078012896911,2025-09-23
TRITURBINE, EQ, 23-Sep-2025,539.8,541.0,542.3,528.05,529.45,530.15,534.23,836676,4469.76,21949, 656059, 78.41,0.7841255157312986,2025-09-23
TRIVENI, EQ, 23-Sep-2025,347.4,349.6,351.35,340.0,340.0,343.05,345.84,210885,729.32,7121, 117087, 55.52,0.5552172985276336,2025-09-23
TRU, EQ, 23-Sep-2025,12.75,12.97,12.97,12.11,12.11,12.2,12.27,348983,42.81,508, 276750, 79.30,0.7930185711051828,2025-09-23
TTKHLTCARE, EQ, 23-Sep-2025,1190.3,1194.0,1205.0,1189.0,1190.0,1190.0,1196.82,2752,32.94,305, 2421, 87.97,0.8797238372093024,2025-09-23
TTKPRESTIG, EQ, 23-Sep-2025,656.8,659.75,659.8,645.0,647.6,649.35,649.3,19328,125.5,2849, 11285, 58.39,0.5838679635761589,2025-09-23
TTL, EQ, 23-Sep-2025,11.21,11.25,11.44,11.06,11.13,11.07,11.15,74160,8.27,231, 52747, 71.13,0.7112594390507012,2025-09-23
TTML, EQ, 23-Sep-2025,57.24,57.18,57.19,56.8,56.95,56.89,56.94,794054,452.14,5487, 534562, 67.32,0.6732061043707355,2025-09-23
TVSELECT, EQ, 23-Sep-2025,472.6,478.0,567.1,476.95,516.0,520.7,545.63,1698483,9267.36,43801, 279996, 16.49,0.16485063436019082,2025-09-23
TVSHLTD, EQ, 23-Sep-2025,13428.0,13478.0,13617.0,13052.0,13066.0,13077.0,13323.97,9150,1219.14,3247, 4843, 52.93,0.5292896174863388,2025-09-23
TVSMOTOR, EQ, 23-Sep-2025,3525.6,3538.8,3599.9,3496.4,3501.4,3512.7,3546.77,491046,17416.27,30609, 207465, 42.25,0.4224960594323139,2025-09-23
TVSSCS, EQ, 23-Sep-2025,130.15,130.13,131.58,129.69,130.25,130.05,130.42,318020,414.76,7996, 164349, 51.68,0.5167882523111754,2025-09-23
TVSSRICHAK, EQ, 23-Sep-2025,3268.1,3268.1,3377.0,3261.2,3335.0,3327.7,3333.62,17477,582.62,3307, 9310, 53.27,0.5327001201579218,2025-09-23
TVTODAY, EQ, 23-Sep-2025,149.57,149.06,150.52,147.55,148.3,148.18,148.9,51537,76.74,1038, 39972, 77.56,0.7755981139763665,2025-09-23
TVVISION, EQ, 23-Sep-2025,6.55,6.55,6.87,6.33,6.87,6.87,6.77,66076,4.47,316, 54506, 82.49,0.824898601610267,2025-09-23
UBL, EQ, 23-Sep-2025,1774.9,1784.0,1802.9,1773.0,1795.1,1795.6,1791.46,87968,1575.91,9961, 49242, 55.98,0.5597717351764278,2025-09-23
UCAL, EQ, 23-Sep-2025,138.95,140.45,143.75,139.63,142.6,142.97,142.31,12083,17.2,414, 6783, 56.14,0.5613672101299346,2025-09-23
UCOBANK, EQ, 23-Sep-2025,30.7,30.94,30.94,30.25,30.74,30.69,30.59,8419311,2575.43,20352, 2859963, 33.97,0.3396908606891942,2025-09-23
UDS, EQ, 23-Sep-2025,257.44,257.99,259.79,254.0,254.99,254.85,255.57,152813,390.54,3954, 104649, 68.48,0.6848173911905401,2025-09-23
UFLEX, EQ, 23-Sep-2025,550.0,551.0,555.4,548.0,550.75,549.6,549.81,5671,31.18,509, 3461, 61.03,0.6102980074061012,2025-09-23
UFO, EQ, 23-Sep-2025,75.71,75.8,75.93,75.0,75.33,75.07,75.28,48828,36.76,529, 33425, 68.45,0.6845457524371262,2025-09-23
UGARSUGAR, EQ, 23-Sep-2025,44.24,44.7,44.7,43.7,44.13,43.82,43.96,78279,34.41,834, 55084, 70.37,0.7036880900369192,2025-09-23
UGROCAP, EQ, 23-Sep-2025,168.66,170.29,170.29,167.3,168.0,167.98,168.1,107922,181.42,2309, 66192, 61.33,0.6133318507811197,2025-09-23
UJJIVANSFB, EQ, 23-Sep-2025,44.77,44.99,45.6,44.35,45.09,45.21,44.84,9294787,4167.56,23353, 4745921, 51.06,0.5106002967039481,2025-09-23
ULTRACEMCO, EQ, 23-Sep-2025,12650.0,12650.0,12698.0,12361.0,12470.0,12401.0,12423.78,403638,50147.08,65225, 278371, 68.97,0.6896550869838816,2025-09-23
UMAEXPORTS, BE, 23-Sep-2025,48.4,48.4,48.4,48.4,48.4,48.4,48.4,1255,0.61,27, -, -,,2025-09-23
UMESLTD, EQ, 23-Sep-2025,5.62,5.66,5.7,5.55,5.67,5.6,5.66,33205,1.88,128, 27798, 83.72,0.8371630778497214,2025-09-23
UMIYA-MRO, EQ, 23-Sep-2025,81.87,82.9,82.9,79.8,81.2,80.37,81.16,16679,13.54,294, 12219, 73.26,0.7325978775705978,2025-09-23
UNICHEMLAB, EQ, 23-Sep-2025,491.95,499.35,499.35,492.55,495.75,494.7,495.15,4885,24.19,497, 3108, 63.62,0.6362333674513818,2025-09-23
UNIDT, EQ, 23-Sep-2025,205.19,205.5,205.5,202.6,202.6,202.83,203.51,4644,9.45,221, 2958, 63.70,0.6369509043927648,2025-09-23
UNIECOM, EQ, 23-Sep-2025,149.76,149.5,149.88,143.1,144.55,144.11,145.42,418743,608.96,6591, 193547, 46.22,0.4622095175322334,2025-09-23
UNIENTER, EQ, 23-Sep-2025,153.61,153.61,153.61,148.1,148.1,150.69,151.65,2254,3.42,104, 1552, 68.86,0.6885536823425022,2025-09-23
UNIINFO, EQ, 23-Sep-2025,17.74,17.7,17.7,17.5,17.68,17.68,17.68,3709,0.66,24, 3697, 99.68,0.9967646265839849,2025-09-23
UNIMECH, EQ, 23-Sep-2025,1064.1,1067.0,1090.2,1042.0,1054.0,1047.1,1064.66,62701,667.55,4571, 38216, 60.95,0.609495861310027,2025-09-23
UNIONBANK, EQ, 23-Sep-2025,138.81,138.81,141.34,137.11,140.15,140.2,139.58,7618679,10634.46,41572, 2794537, 36.68,0.3668007275276987,2025-09-23
UNIONGOLD, EQ, 23-Sep-2025,109.5,111.7,112.25,108.95,112.25,112.25,111.18,2192,2.44,54, 1666, 76.00,0.760036496350365,2025-09-23
UNIPARTS, EQ, 23-Sep-2025,420.7,424.9,433.0,412.05,429.0,427.3,424.94,278892,1185.14,11943, 103365, 37.06,0.37062733961533495,2025-09-23
UNITDSPR, EQ, 23-Sep-2025,1339.9,1339.2,1343.5,1325.0,1342.9,1341.2,1335.73,608739,8131.08,27515, 370117, 60.80,0.6080060584256964,2025-09-23
UNITECH, BZ, 23-Sep-2025,7.35,7.27,7.33,7.1,7.17,7.14,7.22,1937377,139.82,1465, -, -,,2025-09-23
UNITEDPOLY, BE, 23-Sep-2025,42.1,44.2,44.2,43.99,44.2,44.2,44.19,124967,55.22,195, -, -,,2025-09-23
UNITEDTEA, EQ, 23-Sep-2025,484.45,492.1,492.1,466.1,473.0,474.7,476.39,3876,18.46,371, 1775, 45.79,0.45794633642930854,2025-09-23
UNIVASTU, EQ, 23-Sep-2025,247.6,247.5,259.8,239.0,242.0,246.9,247.29,174382,431.24,2127, 60891, 34.92,0.3491816815955775,2025-09-23
UNIVCABLES, EQ, 23-Sep-2025,774.2,770.0,775.4,754.4,764.75,761.55,763.59,48103,367.31,4554, 17329, 36.02,0.36024780159241626,2025-09-23
UNIVPHOTO, BE, 23-Sep-2025,259.85,261.1,261.1,258.05,260.9,260.2,259.27,52,0.13,11, -, -,,2025-09-23
UNOMINDA, EQ, 23-Sep-2025,1312.7,1319.3,1336.1,1313.5,1321.0,1317.1,1322.94,1015364,13432.63,26350, 698483, 68.79,0.6879138909789987,2025-09-23
UPL, EQ, 23-Sep-2025,682.8,680.0,684.85,670.0,677.55,677.2,676.39,2559504,17312.1,56381, 1626688, 63.55,0.6355481374516313,2025-09-23
URAVIDEF, EQ, 23-Sep-2025,285.0,271.0,271.0,270.75,270.75,270.75,270.76,15430,41.78,190, 10379, 67.27,0.672650680492547,2025-09-23
URBANCO, EQ, 23-Sep-2025,186.73,185.3,185.3,176.2,178.0,178.57,180.78,34010401,61484.08,174783, 7158463, 21.05,0.2104786415191047,2025-09-23
URJA, EQ, 23-Sep-2025,13.83,13.94,13.95,13.73,13.94,13.86,13.82,1095173,151.39,3508, 583387, 53.27,0.5326893559282415,2025-09-23
USHAMART, EQ, 23-Sep-2025,431.85,432.0,453.0,426.5,443.5,442.75,443.05,2659706,11783.78,48894, 782805, 29.43,0.2943201241039423,2025-09-23
USK, EQ, 23-Sep-2025,34.36,35.17,35.17,33.1,33.1,33.25,33.91,77864,26.4,716, 48563, 62.37,0.6236900236309463,2025-09-23
UTIAMC, EQ, 23-Sep-2025,1399.5,1417.0,1418.0,1385.6,1397.0,1392.6,1397.47,87678,1225.27,10606, 37351, 42.60,0.42600196172357946,2025-09-23
UTIBANKETF, EQ, 23-Sep-2025,57.14,57.58,57.58,56.8,57.17,57.17,57.15,36996,21.14,1078, 24304, 65.69,0.6569358849605362,2025-09-23
UTINEXT50, EQ, 23-Sep-2025,74.86,75.23,75.39,74.13,74.87,74.82,74.76,68797,51.44,654, 48716, 70.81,0.7081122723374565,2025-09-23
UTINIFTETF, EQ, 23-Sep-2025,276.9,276.92,279.0,276.0,276.7,276.67,276.38,13436,37.13,267, 11993, 89.26,0.8926019648704971,2025-09-23
UTISENSETF, EQ, 23-Sep-2025,902.47,910.0,910.0,897.0,905.97,902.87,900.16,2526,22.74,116, 2043, 80.88,0.8087885985748219,2025-09-23
UTISXN50, EQ, 23-Sep-2025,92.23,89.92,93.47,89.92,92.53,91.84,91.98,4159,3.83,140, 3074, 73.91,0.7391199807646068,2025-09-23
UTKARSHBNK, EQ, 23-Sep-2025,21.94,21.94,22.09,21.63,21.74,21.7,21.75,614679,133.67,4840, 329387, 53.59,0.5358683150066945,2025-09-23
UTTAMSUGAR, EQ, 23-Sep-2025,263.4,263.3,263.3,259.8,262.6,262.15,261.64,24316,63.62,779, 12498, 51.40,0.5139825629215331,2025-09-23
UYFINCORP, EQ, 23-Sep-2025,13.83,13.83,14.43,13.53,14.2,14.14,14.06,446332,62.73,1316, 278344, 62.36,0.6236254626600827,2025-09-23
V2RETAIL, EQ, 23-Sep-2025,1989.0,1990.0,1999.0,1952.0,1974.0,1987.6,1977.07,69399,1372.07,5812, 39006, 56.21,0.5620542082738944,2025-09-23
VADILALIND, EQ, 23-Sep-2025,5890.0,5885.0,6090.0,5807.0,5895.5,5923.0,5996.52,41854,2509.78,9071, 14961, 35.75,0.3574568738949682,2025-09-23
VAIBHAVGBL, EQ, 23-Sep-2025,250.7,249.75,251.55,245.6,246.95,247.16,247.98,171792,426.01,6598, 71457, 41.60,0.4159506845487566,2025-09-23
VAISHALI, EQ, 23-Sep-2025,12.11,12.23,12.23,11.92,11.93,11.97,12.0,122561,14.71,365, 92520, 75.49,0.7548894020120593,2025-09-23
VAKRANGEE, EQ, 23-Sep-2025,8.74,8.73,8.73,8.48,8.5,8.53,8.61,4006914,345.02,5335, 2817481, 70.32,0.7031548468472246,2025-09-23
VAL30IETF, EQ, 23-Sep-2025,13.38,13.4,13.5,13.33,13.4,13.48,13.46,75780,10.2,289, 67047, 88.48,0.8847585114806017,2025-09-23
VALIANTLAB, EQ, 23-Sep-2025,88.92,89.0,90.49,87.38,88.2,88.04,88.44,62029,54.86,1342, 36138, 58.26,0.5825984620097051,2025-09-23
VALIANTORG, BE, 23-Sep-2025,358.05,358.6,359.95,350.25,354.0,353.2,354.48,5729,20.31,203, -, -,,2025-09-23
VARDHACRLC, EQ, 23-Sep-2025,45.15,45.05,45.06,44.61,44.8,44.73,44.78,20440,9.15,198, 18372, 89.88,0.898825831702544,2025-09-23
VARDMNPOLY, EQ, 23-Sep-2025,8.74,8.75,9.1,8.75,8.88,8.88,8.92,223753,19.95,818, 177652, 79.40,0.7939647736566661,2025-09-23
VARROC, EQ, 23-Sep-2025,640.15,645.0,664.15,632.15,638.8,638.2,649.08,533232,3461.09,30105, 186697, 35.01,0.35012339844570467,2025-09-23
VASCONEQ, EQ, 23-Sep-2025,61.72,61.95,64.18,61.5,63.41,63.24,62.51,2019018,1262.1,11962, 768750, 38.08,0.38075440635001767,2025-09-23
VASWANI, BE, 23-Sep-2025,57.38,56.51,58.92,56.15,56.5,56.78,56.79,10743,6.1,94, -, -,,2025-09-23
VBL, EQ, 23-Sep-2025,463.95,464.0,466.4,458.0,458.5,458.5,460.8,2589988,11934.65,56202, 1566584, 60.49,0.6048614897057438,2025-09-23
VCL, BE, 23-Sep-2025,1.11,1.13,1.15,1.05,1.05,1.05,1.05,3202523,33.78,531, -, -,,2025-09-23
VEDL, EQ, 23-Sep-2025,458.45,458.45,459.9,452.25,457.0,457.2,455.34,6504267,29616.21,64461, 2334708, 35.90,0.35895020914731823,2025-09-23
VEEDOL, EQ, 23-Sep-2025,1976.8,1976.8,1992.9,1910.2,1910.2,1923.7,1949.36,23818,464.3,4592, 12664, 53.17,0.5316987152573683,2025-09-23
VENKEYS, EQ, 23-Sep-2025,1504.6,1507.3,1507.3,1488.0,1497.4,1494.1,1496.31,9696,145.08,1345, 5126, 52.87,0.5286716171617162,2025-09-23
VENTIVE, EQ, 23-Sep-2025,779.25,789.0,789.0,753.0,763.3,767.3,764.68,124913,955.18,6971, 72587, 58.11,0.5811004459103536,2025-09-23
VENUSPIPES, EQ, 23-Sep-2025,1451.6,1459.0,1505.0,1408.1,1420.0,1416.0,1434.51,92791,1331.1,11262, 31539, 33.99,0.339892877542003,2025-09-23
VENUSREM, EQ, 23-Sep-2025,440.05,442.05,462.05,442.0,456.0,457.4,457.61,70370,322.02,1495, 31571, 44.86,0.4486428875941452,2025-09-23
VERANDA, EQ, 23-Sep-2025,216.4,216.4,222.59,215.0,216.97,217.98,219.43,438083,961.27,10460, 229821, 52.46,0.5246060677999375,2025-09-23
VERTOZ, EQ, 23-Sep-2025,78.94,79.25,79.74,77.73,78.0,77.99,78.43,52008,40.79,794, 35592, 68.44,0.6843562528841717,2025-09-23
VESUVIUS, EQ, 23-Sep-2025,511.2,515.3,519.8,509.05,519.7,517.0,516.08,331924,1713.01,19111, 50977, 15.36,0.15358033766765886,2025-09-23
VETO, EQ, 23-Sep-2025,119.31,120.75,121.81,120.0,121.38,121.2,120.89,19273,23.3,393, 11130, 57.75,0.577491827945831,2025-09-23
VGUARD, EQ, 23-Sep-2025,369.8,370.7,372.5,365.25,367.0,366.35,367.52,60867,223.7,3172, 30128, 49.50,0.49498085990766755,2025-09-23
VHL, EQ, 23-Sep-2025,3810.0,3800.0,3881.9,3800.0,3822.0,3815.4,3835.62,736,28.23,277, 445, 60.46,0.6046195652173914,2025-09-23
VHLTD, BE, 23-Sep-2025,118.93,121.89,122.56,118.5,121.0,120.0,120.87,24407,29.5,98, -, -,,2025-09-23
VIDHIING, EQ, 23-Sep-2025,378.5,377.75,379.0,371.55,372.5,373.25,374.68,4926,18.46,462, 3734, 75.80,0.758018676410881,2025-09-23
VIJAYA, EQ, 23-Sep-2025,1049.7,1048.0,1055.1,1036.0,1051.2,1049.8,1042.75,134519,1402.69,9141, 96351, 71.63,0.7162631301154484,2025-09-23
VIJIFIN, BE, 23-Sep-2025,3.14,3.01,3.14,2.98,2.98,2.98,3.0,306848,9.22,336, -, -,,2025-09-23
VIKASECO, EQ, 23-Sep-2025,2.07,2.07,2.09,2.05,2.05,2.05,2.06,2582586,53.33,1850, 1406075, 54.44,0.5444445993279604,2025-09-23
VIKASLIFE, EQ, 23-Sep-2025,2.27,2.27,2.29,2.23,2.25,2.24,2.25,4469836,100.44,8684, 2441297, 54.62,0.5461714926453678,2025-09-23
VIKRAMSOLR, EQ, 23-Sep-2025,333.0,333.0,335.45,326.0,326.6,326.85,329.14,2289066,7534.33,34661, 832319, 36.36,0.3636063791957069,2025-09-23
VIKRAN, EQ, 23-Sep-2025,109.79,106.12,109.24,104.76,105.45,105.51,106.66,12458425,13288.65,61325, 3837561, 30.80,0.30802938573696115,2025-09-23
VIMTALABS, EQ, 23-Sep-2025,764.2,765.0,770.7,738.5,750.0,750.45,750.25,1138524,8541.76,33958, 185855, 16.32,0.1632420572601017,2025-09-23
VINATIORGA, EQ, 23-Sep-2025,1696.5,1705.0,1719.0,1695.0,1714.0,1712.4,1712.7,22837,391.13,3411, 14173, 62.06,0.6206156675570347,2025-09-23
VINCOFE, EQ, 23-Sep-2025,146.69,146.69,149.35,146.37,148.7,149.08,148.18,1519019,2250.88,6949, 557311, 36.69,0.36688876176005697,2025-09-23
VINDHYATEL, EQ, 23-Sep-2025,1488.8,1490.0,1501.5,1484.0,1489.0,1488.2,1489.03,4401,65.53,737, 2766, 62.85,0.6284935241990457,2025-09-23
VINEETLAB, BE, 23-Sep-2025,36.11,36.1,37.8,35.65,37.25,37.29,36.07,228379,82.38,200, -, -,,2025-09-23
VINNY, EQ, 23-Sep-2025,1.33,1.35,1.35,1.23,1.32,1.31,1.29,1830139,23.52,683, 1177999, 64.37,0.6436664100377075,2025-09-23
VINYLINDIA, EQ, 23-Sep-2025,295.95,296.95,299.9,293.05,293.9,294.2,296.01,7216,21.36,433, 4429, 61.38,0.6137749445676275,2025-09-23
VIPCLOTHNG, EQ, 23-Sep-2025,40.11,40.11,40.51,39.0,39.02,39.14,39.89,222606,88.8,1820, 90565, 40.68,0.40683988751426287,2025-09-23
VIPIND, EQ, 23-Sep-2025,448.05,448.05,449.25,437.4,439.95,439.5,444.18,250268,1111.64,8921, 121083, 48.38,0.48381335208656323,2025-09-23
VIPULLTD, EQ, 23-Sep-2025,9.98,9.81,10.14,9.56,9.68,9.68,9.81,270641,26.55,744, 149357, 55.19,0.5518639082770164,2025-09-23
VIRINCHI, EQ, 23-Sep-2025,30.86,31.2,31.5,29.91,30.8,30.82,30.74,306132,94.1,1348, 200738, 65.57,0.655723674754681,2025-09-23
VISAKAIND, BE, 23-Sep-2025,84.06,84.44,84.44,82.0,83.0,82.83,83.06,57218,47.53,416, -, -,,2025-09-23
VISHNU, EQ, 23-Sep-2025,502.6,503.55,506.1,495.1,495.85,495.65,499.47,53696,268.19,3870, 32634, 60.78,0.6077547675804529,2025-09-23
VISHWARAJ, EQ, 23-Sep-2025,8.46,8.46,8.47,8.25,8.28,8.28,8.35,670789,56.0,1376, 534367, 79.66,0.7966245719592897,2025-09-23
VIVIDHA, EQ, 23-Sep-2025,0.81,0.82,0.85,0.81,0.83,0.82,0.83,397214,3.29,399, 283754, 71.44,0.7143605210289667,2025-09-23
VLEGOV, EQ, 23-Sep-2025,32.56,32.1,33.19,32.1,32.5,32.42,32.61,217378,70.89,1486, 155482, 71.53,0.715260973971607,2025-09-23
VLSFINANCE, EQ, 23-Sep-2025,227.23,229.3,230.0,227.0,229.85,228.3,228.16,7590,17.32,314, 4386, 57.79,0.5778656126482213,2025-09-23
VMART, EQ, 23-Sep-2025,736.4,742.0,742.0,715.5,719.5,722.6,722.18,168122,1214.14,11220, 47876, 28.48,0.28476939365460796,2025-09-23
VMM, EQ, 23-Sep-2025,149.02,150.25,150.99,149.01,149.9,149.94,149.89,10295893,15432.89,63456, 5433116, 52.77,0.5276974032267041,2025-09-23
VOLTAMP, EQ, 23-Sep-2025,7384.0,7348.0,7379.0,7158.5,7170.0,7179.0,7236.2,54564,3948.36,12765, 31135, 57.06,0.5706143244630159,2025-09-23
VOLTAS, EQ, 23-Sep-2025,1376.2,1376.2,1386.4,1356.0,1373.0,1372.7,1370.46,799766,10960.51,21286, 382105, 47.78,0.47777099801691997,2025-09-23
VPRPL, EQ, 23-Sep-2025,104.19,105.18,107.78,102.0,102.82,102.7,104.17,2090329,2177.44,16288, 744600, 35.62,0.35621186904071084,2025-09-23
VRAJ, EQ, 23-Sep-2025,157.66,159.99,159.99,153.7,154.5,154.16,155.8,27034,42.12,600, 17979, 66.51,0.6650514167344825,2025-09-23
VRLLOG, EQ, 23-Sep-2025,287.3,288.25,288.95,285.05,287.0,286.85,286.74,104219,298.84,4195, 52792, 50.65,0.5065487099281321,2025-09-23
VSSL, EQ, 23-Sep-2025,274.65,275.2,277.85,274.2,275.75,275.55,276.09,32392,89.43,1780, 16572, 51.16,0.5116078043961472,2025-09-23
VSTIND, EQ, 23-Sep-2025,267.6,267.1,268.5,266.05,266.65,266.5,266.75,87765,234.11,3747, 57783, 65.84,0.6583831823619894,2025-09-23
VSTL, EQ, 23-Sep-2025,161.04,161.99,163.79,161.14,161.8,161.94,162.2,11346,18.4,414, 7658, 67.50,0.6749515247664375,2025-09-23
VSTTILLERS, EQ, 23-Sep-2025,5186.0,5186.0,5214.0,5122.0,5148.0,5135.0,5155.11,4915,253.37,1809, 2275, 46.29,0.46286876907426244,2025-09-23
VTL, EQ, 23-Sep-2025,421.55,421.6,423.95,415.85,418.75,417.7,418.78,102710,430.12,5415, 54945, 53.50,0.5349527796709181,2025-09-23
WAAREEENER, EQ, 23-Sep-2025,3454.4,3464.0,3520.0,3420.0,3436.0,3435.1,3464.14,1068121,37001.22,58917, 298430, 27.94,0.2793971844013927,2025-09-23
WAAREERTL, EQ, 23-Sep-2025,1055.4,1059.6,1067.0,1043.0,1054.9,1053.9,1053.32,216789,2283.48,13757, 86290, 39.80,0.39803680076018616,2025-09-23
WABAG, EQ, 23-Sep-2025,1560.4,1555.1,1568.8,1520.0,1541.0,1544.8,1551.16,121388,1882.93,15286, 69040, 56.88,0.5687547368767918,2025-09-23
WALCHANNAG, EQ, 23-Sep-2025,209.08,209.5,213.79,208.25,209.25,209.13,210.46,135119,284.36,1957, 79757, 59.03,0.5902722785100541,2025-09-23
WANBURY, EQ, 23-Sep-2025,249.65,247.15,252.3,244.1,252.0,249.55,247.73,56536,140.06,2018, 31390, 55.52,0.5552214518183105,2025-09-23
WCIL, EQ, 23-Sep-2025,144.87,144.97,146.97,142.3,143.5,142.69,144.57,498288,720.38,4848, 278791, 55.95,0.5594977201939441,2025-09-23
WEALTH, EQ, 23-Sep-2025,1220.1,1220.0,1227.0,1210.0,1215.0,1214.7,1218.73,1911,23.29,262, 1407, 73.63,0.7362637362637363,2025-09-23
WEBELSOLAR, EQ, 23-Sep-2025,1261.9,1263.0,1285.0,1255.0,1267.3,1264.7,1266.87,112878,1430.02,6440, 48899, 43.32,0.4332022183242084,2025-09-23
WEIZMANIND, EQ, 23-Sep-2025,109.62,109.62,117.9,108.24,112.9,111.8,114.21,22834,26.08,665, 10699, 46.86,0.468555662608391,2025-09-23
WEL, EQ, 23-Sep-2025,159.8,160.2,160.7,156.0,157.01,157.19,158.47,77852,123.37,2431, 38898, 49.96,0.49964034321533163,2025-09-23
WELCORP, EQ, 23-Sep-2025,892.35,889.3,889.3,881.2,883.15,883.15,883.6,217436,1921.26,9939, 123777, 56.93,0.5692571607277543,2025-09-23
WELENT, EQ, 23-Sep-2025,548.2,547.95,552.6,545.1,545.1,547.9,548.72,138450,759.7,7453, 69049, 49.87,0.4987287829541351,2025-09-23
WELINV, BE, 23-Sep-2025,1030.0,1021.0,1022.0,1020.0,1022.0,1022.0,1020.22,67,0.68,5, -, -,,2025-09-23
WELSPUNLIV, EQ, 23-Sep-2025,123.39,123.39,123.39,121.12,122.2,121.97,122.23,1128734,1379.68,11998, 461313, 40.87,0.40869948101146947,2025-09-23
WENDT, EQ, 23-Sep-2025,9456.0,9470.0,9499.5,9364.0,9370.0,9422.0,9424.02,9207,867.67,2876, 5646, 61.32,0.613229064841968,2025-09-23
WESTLIFE, EQ, 23-Sep-2025,708.85,704.3,734.9,701.15,710.4,712.3,711.75,131601,936.67,18023, 53388, 40.57,0.40568080789659655,2025-09-23
WEWIN, EQ, 23-Sep-2025,48.55,49.0,50.98,49.0,50.7,50.4,50.17,6902,3.46,121, 4741, 68.69,0.6869023471457548,2025-09-23
WHEELS, EQ, 23-Sep-2025,797.7,798.5,816.6,798.0,810.45,809.15,809.1,187741,1519.01,4072, 168896, 89.96,0.8996223520701392,2025-09-23
WHIRLPOOL, EQ, 23-Sep-2025,1329.2,1337.5,1341.4,1314.1,1320.0,1320.9,1323.15,81756,1081.75,11841, 50510, 61.78,0.6178139830715789,2025-09-23
WILLAMAGOR, EQ, 23-Sep-2025,32.82,33.98,33.98,31.3,32.2,32.34,32.79,21693,7.11,173, 11639, 53.65,0.5365325220117089,2025-09-23
WINDLAS, EQ, 23-Sep-2025,944.3,945.6,950.3,939.0,944.95,941.4,944.07,18644,176.01,1594, 10993, 58.96,0.5896266895515984,2025-09-23
WINDMACHIN, EQ, 23-Sep-2025,297.95,295.35,301.05,291.0,293.0,292.2,294.48,51094,150.46,2118, 29783, 58.29,0.5829060163619995,2025-09-23
WINSOME, BZ, 23-Sep-2025,2.05,2.05,2.05,2.0,2.05,2.05,2.05,480,0.01,6, -, -,,2025-09-23
WIPL, EQ, 23-Sep-2025,171.5,174.39,174.39,170.0,173.5,173.47,171.91,1334,2.29,65, 913, 68.44,0.684407796101949,2025-09-23
WIPRO, EQ, 23-Sep-2025,250.33,250.22,252.0,248.75,249.4,249.63,250.18,8674114,21701.0,78897, 4599716, 53.03,0.5302807871789557,2025-09-23
WOCKPHARMA, EQ, 23-Sep-2025,1481.1,1482.5,1494.0,1474.7,1476.0,1476.9,1482.56,133355,1977.06,8216, 63005, 47.25,0.472460725132166,2025-09-23
WONDERLA, EQ, 23-Sep-2025,639.75,638.0,639.3,627.0,630.7,630.0,632.53,24699,156.23,1941, 15376, 62.25,0.6225353253168144,2025-09-23
WORTH, EQ, 23-Sep-2025,159.23,161.09,161.09,158.0,158.0,159.88,159.26,10308,16.42,225, 7062, 68.51,0.6850989522700814,2025-09-23
WSI, EQ, 23-Sep-2025,76.74,77.59,78.9,75.64,76.5,77.51,77.61,66897,51.92,457, 49090, 73.38,0.7338146703140649,2025-09-23
WSTCSTPAPR, EQ, 23-Sep-2025,477.6,480.05,482.7,470.8,477.0,478.7,475.47,36866,175.29,2126, 19216, 52.12,0.5212390820810503,2025-09-23
XCHANGING, EQ, 23-Sep-2025,87.18,87.54,89.08,86.83,87.2,87.0,87.38,80185,70.07,1142, 44930, 56.03,0.5603292386356551,2025-09-23
XELPMOC, EQ, 23-Sep-2025,105.35,105.38,109.49,104.22,108.01,108.75,107.79,46153,49.75,647, 30995, 67.16,0.6715706454618334,2025-09-23
XPROINDIA, EQ, 23-Sep-2025,1215.9,1220.9,1231.9,1185.0,1188.0,1191.0,1199.08,42135,505.23,4254, 24967, 59.25,0.5925477631422807,2025-09-23
XTGLOBAL, EQ, 23-Sep-2025,44.61,44.79,45.89,41.4,42.28,42.3,44.22,309460,136.83,3451, 143735, 46.45,0.46447036773734895,2025-09-23
YASHO, EQ, 23-Sep-2025,1692.9,1690.0,1704.6,1675.0,1680.2,1684.8,1684.48,8110,136.61,1987, 4704, 58.00,0.5800246609124537,2025-09-23
YATHARTH, EQ, 23-Sep-2025,774.25,780.0,792.65,777.0,785.0,784.55,784.15,420462,3297.05,25598, 233864, 55.62,0.5562072196774025,2025-09-23
YATRA, EQ, 23-Sep-2025,149.05,150.2,151.39,146.18,146.97,146.84,147.87,1266878,1873.37,11349, 457125, 36.08,0.3608279565988201,2025-09-23
YESBANK, EQ, 23-Sep-2025,21.21,21.2,21.45,21.1,21.4,21.38,21.3,82429015,17559.28,78264, 33562075, 40.72,0.4071633635316399,2025-09-23
YUKEN, EQ, 23-Sep-2025,999.2,1002.7,1002.7,990.0,990.5,992.4,994.66,1762,17.53,342, 1175, 66.69,0.6668558456299659,2025-09-23
ZAGGLE, EQ, 23-Sep-2025,355.35,360.2,373.6,357.0,361.0,360.7,364.4,1552692,5657.95,33106, 523150, 33.69,0.3369309560427953,2025-09-23
ZEEL, EQ, 23-Sep-2025,119.91,120.0,120.38,117.6,118.12,118.14,118.58,4470978,5301.61,23223, 2063161, 46.15,0.4614563077697989,2025-09-23
ZEELEARN, EQ, 23-Sep-2025,9.96,10.45,10.45,9.62,9.74,9.69,10.24,2723326,278.76,2770, 1519585, 55.80,0.5579886506426333,2025-09-23
ZEEMEDIA, EQ, 23-Sep-2025,12.44,12.5,12.54,12.31,12.39,12.39,12.42,2345087,291.25,2042, 1342517, 57.25,0.5724806798212604,2025-09-23
ZENITHEXPO, EQ, 23-Sep-2025,279.2,285.0,285.0,270.35,282.9,274.15,276.48,592,1.64,60, 374, 63.18,0.6317567567567568,2025-09-23
ZENITHSTL, EQ, 23-Sep-2025,7.42,7.4,7.55,7.3,7.42,7.44,7.43,70714,5.25,253, 58446, 82.65,0.826512430353254,2025-09-23
ZENSARTECH, EQ, 23-Sep-2025,810.3,811.8,820.0,805.9,808.55,808.1,811.07,270098,2190.67,16978, 117368, 43.45,0.43453857488763337,2025-09-23
ZENTEC, EQ, 23-Sep-2025,1605.4,1644.0,1644.0,1590.0,1602.0,1603.5,1611.4,294825,4750.82,13717, 133078, 45.14,0.4513796319850759,2025-09-23
ZFCVINDIA, EQ, 23-Sep-2025,13330.0,13330.0,13380.0,12805.0,12990.0,12999.0,13016.78,22487,2927.08,8173, 15449, 68.70,0.6870191666296083,2025-09-23
ZIMLAB, EQ, 23-Sep-2025,75.23,75.29,76.4,74.31,76.4,75.87,75.18,40105,30.15,628, 31248, 77.92,0.7791547188629847,2025-09-23
ZODIAC, BE, 23-Sep-2025,392.05,392.05,402.9,387.0,401.1,398.0,393.78,11629,45.79,361, -, -,,2025-09-23
ZODIACLOTH, EQ, 23-Sep-2025,103.45,104.69,105.45,102.16,103.91,103.4,103.22,8190,8.45,474, 4227, 51.61,0.5161172161172162,2025-09-23
ZOTA, EQ, 23-Sep-2025,1422.5,1438.0,1475.0,1412.2,1474.0,1466.2,1445.86,57953,837.92,6419, 29526, 50.95,0.5094818214760237,2025-09-23
ZUARI, EQ, 23-Sep-2025,269.2,270.95,281.0,268.1,274.7,274.2,275.98,521431,1439.02,9355, 188619, 36.17,0.36173338370752794,2025-09-23
ZUARIIND, EQ, 23-Sep-2025,286.55,287.95,331.95,287.95,316.9,313.4,321.15,3398144,10913.11,57426, 371510, 10.93,0.1093273269172819,2025-09-23
ZYDUSLIFE, EQ, 23-Sep-2025,1035.7,1035.5,1048.0,1030.3,1043.25,1044.85,1040.99,544814,5671.45,21230, 305266, 56.03,0.5603123267757436,2025-09-23
ZYDUSWELL, EQ, 23-Sep-2025,497.6,496.3,501.3,471.2,473.4,473.8,483.36,428510,2071.26,21683, 191404, 44.67,0.44667335651443374,2025-09-23
