SYMBOL,SERIES,DATE1,PREV_CLOSE,OPEN_PRICE,HIGH_PRICE,LOW_PRICE,LAST_PRICE,CLOSE_PRICE,AVG_PRICE,TTL_TRD_QNTY,TURNOVER_LACS,NO_OF_TRADES,DELIV_QTY,DELIV_PER,DELIVERY_PCT,DATE
20MICRONS, EQ, 28-Jun-2022,68.55,68.0,70.9,67.5, 70.90,69.85,69.22,90552,62.68,1455, 44386, 49.02,0.4901713932326177,2022-06-28
21STCENMGM, EQ, 28-Jun-2022,24.6,25.05,25.05,25.05, 25.05,25.05,25.05,104,0.03,4, 104, 100.00,1.0,2022-06-28
3IINFOLTD, EQ, 28-Jun-2022,41.9,42.0,42.2,41.05, 41.65,41.75,41.72,212858,88.8,2601, 102677, 48.24,0.48237322534271676,2022-06-28
3MINDIA, EQ, 28-Jun-2022,20838.75,20531.0,22818.15,20531.0, 22560.00,22013.05,21651.06,5840,1264.42,2646, 3234, 55.38,0.5537671232876712,2022-06-28
3PLAND, EQ, 28-Jun-2022,13.85,13.85,14.25,13.55, 14.25,14.25,13.98,1768,0.25,66, 1519, 85.92,0.8591628959276018,2022-06-28
5PAISA, EQ, 28-Jun-2022,292.75,291.7,303.0,287.05, 298.00,298.95,297.72,12794,38.09,433, 7822, 61.14,0.6113803345318118,2022-06-28
63MOONS, EQ, 28-Jun-2022,170.25,166.05,172.9,166.05, 170.00,170.15,169.91,26092,44.33,1132, 12917, 49.51,0.49505595584853596,2022-06-28
A2ZINFRA, EQ, 28-Jun-2022,10.4,10.7,10.7,10.0, 10.20,10.15,10.15,316176,32.09,503, 190313, 60.19,0.6019210819290521,2022-06-28
AAKASH, EQ, 28-Jun-2022,15.25,15.35,16.0,14.6, 15.95,15.75,15.69,543551,85.29,1084, 301548, 55.48,0.5547740690385998,2022-06-28
AAREYDRUGS, EQ, 28-Jun-2022,33.35,33.65,34.45,32.4, 34.00,34.05,33.71,29290,9.87,286, 17434, 59.52,0.5952202116763401,2022-06-28
AARON, EQ, 28-Jun-2022,115.55,112.55,116.0,112.0, 112.00,112.8,113.83,7872,8.96,111, 961, 12.21,0.12207825203252033,2022-06-28
AARTIDRUGS, EQ, 28-Jun-2022,400.3,400.0,409.0,395.0, 408.60,405.9,401.54,47610,191.17,3643, 18997, 39.90,0.39901281243436254,2022-06-28
AARTIIND, EQ, 28-Jun-2022,723.95,723.95,726.0,711.5, 715.05,715.2,715.96,462109,3308.51,13934, 185982, 40.25,0.4024634880515203,2022-06-28
AARTISURF, EQ, 28-Jun-2022,628.4,626.0,634.65,619.35, 629.90,624.6,623.46,10603,66.11,1679, 6488, 61.19,0.6119022918042064,2022-06-28
AARVEEDEN, EQ, 28-Jun-2022,20.2,20.2,20.35,19.25, 19.25,19.3,19.63,5579,1.1,68, 2418, 43.34,0.4334110055565514,2022-06-28
AARVI, EQ, 28-Jun-2022,88.0,87.05,89.9,87.05, 89.40,88.95,88.49,5315,4.7,105, 3975, 74.79,0.7478833490122295,2022-06-28
AAVAS, EQ, 28-Jun-2022,1963.8,1964.0,1974.0,1909.0, 1941.00,1935.85,1929.45,111212,2145.78,19527, 43578, 39.18,0.39184620364708844,2022-06-28
ABAN, EQ, 28-Jun-2022,45.05,45.2,47.2,44.4, 45.80,45.8,45.97,236892,108.9,3527, 75165, 31.73,0.317296489539537,2022-06-28
ABB, EQ, 28-Jun-2022,2292.55,2291.95,2302.25,2272.9, 2285.00,2284.8,2287.13,72430,1656.57,6364, 20985, 28.97,0.28972801325417646,2022-06-28
ABBOTINDIA, EQ, 28-Jun-2022,18000.35,18036.5,18200.0,17862.0, 18105.75,18137.05,18032.38,11481,2070.3,4466, 2562, 22.32,0.22315129344133786,2022-06-28
ABCAPITAL, EQ, 28-Jun-2022,92.3,91.6,94.4,91.25, 91.95,92.0,92.44,2205828,2039.02,11308, 774358, 35.11,0.3510509432285745,2022-06-28
ABFRL, EQ, 28-Jun-2022,242.05,241.75,241.75,237.6, 240.00,239.8,239.54,1122230,2688.15,9317, 523070, 46.61,0.46609874981064486,2022-06-28
ABMINTLLTD, BE, 28-Jun-2022,79.6,79.95,83.0,79.95, 83.00,83.0,82.56,7,0.01,3, -, -,,2022-06-28
ABSLAMC, EQ, 28-Jun-2022,406.4,414.55,414.55,405.55, 407.30,407.7,407.49,22884,93.25,1740, 13998, 61.17,0.6116937598321972,2022-06-28
ABSLBANETF, EQ, 28-Jun-2022,33.88,34.19,34.19,33.25, 33.53,33.45,33.67,2124,0.72,106, 1802, 84.84,0.8483992467043314,2022-06-28
ABSLNN50ET, EQ, 28-Jun-2022,37.89,37.15,38.35,37.15, 37.95,37.95,37.75,3617,1.37,60, 3240, 89.58,0.8957699751175007,2022-06-28
ACC, EQ, 28-Jun-2022,2115.85,2111.15,2134.2,2102.8, 2130.65,2128.0,2122.78,137952,2928.42,9601, 49649, 35.99,0.3599005451171422,2022-06-28
ACCELYA, EQ, 28-Jun-2022,894.75,899.25,901.8,883.15, 890.00,890.4,890.84,2753,24.52,366, 1812, 65.82,0.658191064293498,2022-06-28
ACCURACY, EQ, 28-Jun-2022,202.9,206.0,206.0,200.95, 204.70,203.6,203.63,17545,35.73,1363, 7015, 39.98,0.3998290111142776,2022-06-28
ACE, EQ, 28-Jun-2022,214.55,217.7,217.7,211.5, 213.30,214.05,214.8,146877,315.49,10130, 44857, 30.54,0.3054052029929805,2022-06-28
ACRYSIL, EQ, 28-Jun-2022,565.1,560.0,578.0,550.55, 576.90,568.0,558.98,84795,473.99,6104, 24065, 28.38,0.28380211097352437,2022-06-28
ADANIENT, EQ, 28-Jun-2022,2181.6,2170.0,2210.25,2160.0, 2207.00,2204.6,2186.15,1282047,28027.45,37963, 308815, 24.09,0.24087650452752513,2022-06-28
ADANIGREEN, EQ, 28-Jun-2022,1917.65,1909.0,1920.0,1871.1, 1907.50,1909.85,1890.12,959332,18132.5,41681, 338805, 35.32,0.3531676208028086,2022-06-28
ADANIPORTS, EQ, 28-Jun-2022,687.75,681.0,683.8,670.25, 678.65,678.05,676.21,4596840,31084.3,59005, 1573786, 34.24,0.34236257951114246,2022-06-28
ADANIPOWER, EQ, 28-Jun-2022,272.9,270.05,274.8,267.75, 270.50,270.25,271.3,7019512,19043.6,66109, 2394419, 34.11,0.34110904005862513,2022-06-28
ADANITRANS, EQ, 28-Jun-2022,2140.55,2150.0,2176.15,2102.0, 2156.00,2163.4,2153.74,153729,3310.92,15703, 63378, 41.23,0.41227094432410283,2022-06-28
ADFFOODS, EQ, 28-Jun-2022,716.1,710.6,715.0,709.85, 714.90,712.1,712.33,2673,19.04,216, 1513, 56.60,0.5660306771417882,2022-06-28
ADL, BE, 28-Jun-2022,58.8,56.35,58.8,56.35, 58.75,57.8,58.09,1107,0.64,18, -, -,,2022-06-28
ADORWELD, EQ, 28-Jun-2022,638.75,647.8,660.0,637.25, 660.00,651.4,648.2,3305,21.42,460, 2042, 61.79,0.6178517397881997,2022-06-28
ADROITINFO, EQ, 28-Jun-2022,15.4,16.15,16.15,14.65, 14.65,14.65,15.72,887075,139.42,1191, 396131, 44.66,0.4465586337119184,2022-06-28
ADSL, EQ, 28-Jun-2022,124.0,122.0,126.7,122.0, 125.00,124.85,124.41,91087,113.32,2490, 39450, 43.31,0.43310241856686466,2022-06-28
ADVANIHOTR, EQ, 28-Jun-2022,67.2,67.2,67.9,66.25, 67.40,67.4,67.06,3561,2.39,147, 1992, 55.94,0.5593934288121314,2022-06-28
ADVENZYMES, EQ, 28-Jun-2022,275.7,272.95,275.95,270.35, 271.05,272.05,272.08,27295,74.27,1430, 15035, 55.08,0.5508334859864444,2022-06-28
AEGISCHEM, EQ, 28-Jun-2022,212.45,211.0,212.25,208.05, 210.35,209.85,209.84,129678,272.12,3677, 42446, 32.73,0.32731843489258006,2022-06-28
AETHER, EQ, 28-Jun-2022,765.4,760.0,788.0,760.0, 773.65,775.45,778.19,128856,1002.75,11467, 56995, 44.23,0.44231545290867325,2022-06-28
AFFLE, EQ, 28-Jun-2022,1041.05,1030.0,1040.75,1014.0, 1016.60,1026.95,1027.95,99499,1022.8,7776, 35572, 35.75,0.3575111307651333,2022-06-28
AGARIND, EQ, 28-Jun-2022,455.9,464.65,464.65,442.45, 452.00,450.8,449.07,13716,61.59,1230, 7186, 52.39,0.5239136774569846,2022-06-28
AGI, EQ, 28-Jun-2022,207.3,207.5,215.1,200.0, 210.85,211.25,209.75,167705,351.76,7197, 68692, 40.96,0.40960019081124593,2022-06-28
AGRITECH, EQ, 28-Jun-2022,68.9,67.9,69.6,66.4, 68.50,68.1,67.76,4373,2.96,150, 2569, 58.75,0.5874685570546535,2022-06-28
AGROPHOS, EQ, 28-Jun-2022,31.85,31.85,33.4,31.85, 33.40,33.4,33.01,76682,25.31,583, 56394, 73.54,0.7354268276779427,2022-06-28
AGSTRA, EQ, 28-Jun-2022,75.55,75.45,75.45,72.4, 72.65,73.4,73.34,368573,270.31,5789, 228829, 62.09,0.6208512289288689,2022-06-28
AHLADA, EQ, 28-Jun-2022,85.65,86.75,87.15,83.0, 83.00,84.05,84.29,20783,17.52,281, 16987, 81.74,0.8173507193379204,2022-06-28
AHLEAST, EQ, 28-Jun-2022,218.85,218.2,226.95,217.15, 220.20,225.05,222.45,2211,4.92,126, 1536, 69.47,0.694708276797829,2022-06-28
AHLUCONT, EQ, 28-Jun-2022,400.55,398.2,406.45,396.4, 402.90,400.2,401.08,5652,22.67,421, 3966, 70.17,0.7016985138004246,2022-06-28
AIAENG, EQ, 28-Jun-2022,2229.45,2229.45,2247.0,2188.0, 2190.60,2197.95,2214.39,32694,723.97,8984, 14959, 45.75,0.4575457270447177,2022-06-28
AIRAN, EQ, 28-Jun-2022,20.3,20.25,20.45,19.85, 20.20,20.3,20.13,161527,32.51,1254, 71029, 43.97,0.43973453354547537,2022-06-28
AIROLAM, EQ, 28-Jun-2022,62.4,62.0,63.25,61.95, 63.15,62.7,62.67,8946,5.61,56, 2210, 24.70,0.24703778224904985,2022-06-28
AJANTPHARM, EQ, 28-Jun-2022,1262.75,1263.0,1276.5,1234.0, 1241.65,1240.05,1252.62,27091,339.35,6657, 12713, 46.93,0.46927023734819684,2022-06-28
AJMERA, EQ, 28-Jun-2022,234.55,232.0,234.25,222.45, 224.35,225.15,227.43,47305,107.59,8634, 19977, 42.23,0.4223020822323222,2022-06-28
AJOONI, EQ, 28-Jun-2022,44.55,44.1,44.1,42.1, 43.80,43.5,42.88,36257,15.55,262, 27349, 75.43,0.7543095126458339,2022-06-28
AJRINFRA, EQ, 28-Jun-2022,1.55,1.6,1.6,1.55, 1.60,1.6,1.59,402384,6.41,213, 275656, 68.51,0.6850570599228597,2022-06-28
AKASH, EQ, 28-Jun-2022,25.9,26.3,26.6,24.65, 24.80,24.8,25.11,144923,36.39,682, 104102, 71.83,0.718326283612677,2022-06-28
AKG, EQ, 28-Jun-2022,32.1,31.9,34.4,31.7, 33.10,32.7,33.08,104328,34.51,848, 19062, 18.27,0.18271221532091098,2022-06-28
AKSHAR, EQ, 28-Jun-2022,80.85,83.9,83.9,79.5, 82.50,81.5,81.55,12887,10.51,387, 7387, 57.32,0.5732133157445488,2022-06-28
AKSHARCHEM, EQ, 28-Jun-2022,288.8,294.8,294.8,279.2, 283.50,285.55,284.5,6625,18.85,781, 2350, 35.47,0.35471698113207545,2022-06-28
AKSHOPTFBR, EQ, 28-Jun-2022,9.2,9.2,9.5,9.0, 9.30,9.25,9.2,111721,10.28,345, 73296, 65.61,0.656062870901621,2022-06-28
AKZOINDIA, EQ, 28-Jun-2022,1787.8,1787.8,1790.0,1767.2, 1776.00,1777.2,1776.44,621,11.03,248, 346, 55.72,0.5571658615136876,2022-06-28
ALANKIT, EQ, 28-Jun-2022,11.1,11.1,11.25,10.9, 11.25,11.15,11.09,84613,9.38,431, 42356, 50.06,0.5005850164868283,2022-06-28
ALBERTDAVD, EQ, 28-Jun-2022,531.5,532.45,535.0,525.0, 529.20,530.25,529.38,1647,8.72,215, 958, 58.17,0.5816636308439587,2022-06-28
ALEMBICLTD, EQ, 28-Jun-2022,61.7,61.7,61.9,60.55, 61.85,61.35,61.21,41691,25.52,780, 28127, 67.47,0.6746540020627954,2022-06-28
ALICON, EQ, 28-Jun-2022,655.05,660.0,668.2,650.85, 659.40,658.9,659.34,5803,38.26,664, 2597, 44.75,0.44752714113389624,2022-06-28
ALKALI, EQ, 28-Jun-2022,78.25,75.75,79.3,74.55, 75.40,75.0,75.76,9250,7.01,282, 6056, 65.47,0.6547027027027027,2022-06-28
ALKEM, EQ, 28-Jun-2022,3032.2,3032.0,3036.2,2955.35, 2957.15,2982.3,2989.07,58818,1758.11,7623, 23403, 39.79,0.3978884015097419,2022-06-28
ALKYLAMINE, EQ, 28-Jun-2022,2615.05,2629.45,2629.45,2565.0, 2585.00,2574.75,2581.5,26395,681.39,4531, 14657, 55.53,0.5552945633642735,2022-06-28
ALLCARGO, EQ, 28-Jun-2022,282.15,280.0,281.5,274.55, 277.45,277.8,277.31,165926,460.13,5129, 77740, 46.85,0.46852211226691415,2022-06-28
ALLSEC, EQ, 28-Jun-2022,435.15,438.6,438.6,424.25, 425.50,430.0,433.22,12509,54.19,756, 8912, 71.24,0.7124470381325446,2022-06-28
ALMONDZ, EQ, 28-Jun-2022,89.75,89.9,90.0,85.65, 89.00,88.35,88.58,11517,10.2,351, 7845, 68.12,0.6811669705652513,2022-06-28
ALOKINDS, BE, 28-Jun-2022,20.25,20.25,20.3,20.0, 20.00,20.05,20.14,1062325,213.91,2379, -, -,,2022-06-28
ALPA, EQ, 28-Jun-2022,57.35,57.8,61.15,55.95, 59.45,59.3,58.7,43603,25.6,841, 18238, 41.83,0.4182739719744054,2022-06-28
ALPHAGEO, EQ, 28-Jun-2022,279.45,277.95,281.1,276.0, 276.00,277.05,278.42,10918,30.4,460, 4418, 40.47,0.4046528668254259,2022-06-28
ALPSINDUS, BE, 28-Jun-2022,2.8,2.7,2.7,2.7, 2.70,2.7,2.7,1000,0.03,1, -, -,,2022-06-28
AMARAJABAT, EQ, 28-Jun-2022,470.0,469.4,472.55,466.3, 471.00,471.2,469.74,262573,1233.4,8273, 73098, 27.84,0.27839115217482374,2022-06-28
AMBER, EQ, 28-Jun-2022,2239.35,2226.0,2295.0,2210.0, 2292.00,2282.85,2272.54,53879,1224.42,7454, 11041, 20.49,0.20492214035152842,2022-06-28
AMBICAAGAR, EQ, 28-Jun-2022,22.65,22.3,22.75,21.7, 22.05,22.2,22.31,5178,1.16,105, 1783, 34.43,0.34434144457319427,2022-06-28
AMBIKCO, EQ, 28-Jun-2022,1628.9,1631.0,1631.0,1571.0, 1599.00,1596.35,1592.03,20444,325.47,4120, 5682, 27.79,0.27792995499902173,2022-06-28
AMBUJACEM, EQ, 28-Jun-2022,365.15,365.85,367.35,363.5, 366.55,366.45,365.95,4285971,15684.4,40338, 2746357, 64.08,0.6407782507161154,2022-06-28
AMDIND, EQ, 28-Jun-2022,42.7,43.0,44.2,42.6, 43.75,43.7,43.49,12615,5.49,269, 6538, 51.83,0.5182718985334919,2022-06-28
AMIORG, EQ, 28-Jun-2022,883.2,883.2,887.6,865.95, 881.00,878.5,877.34,41876,367.39,2607, 17052, 40.72,0.407202216066482,2022-06-28
AMJLAND, EQ, 28-Jun-2022,25.3,25.0,25.6,24.7, 25.30,25.05,24.96,6435,1.61,124, 5021, 78.03,0.7802641802641803,2022-06-28
AMRUTANJAN, EQ, 28-Jun-2022,789.8,790.0,796.5,781.35, 787.00,789.65,790.89,6627,52.41,1265, 2669, 40.27,0.4027463407273276,2022-06-28
ANANDRATHI, EQ, 28-Jun-2022,650.3,643.8,650.75,641.3, 644.25,644.6,644.42,6210,40.02,1028, 2015, 32.45,0.3244766505636071,2022-06-28
ANANTRAJ, EQ, 28-Jun-2022,53.05,53.4,53.95,52.3, 52.80,52.9,52.8,168612,89.03,1405, 116280, 68.96,0.6896306312717956,2022-06-28
ANDHRAPAP, EQ, 28-Jun-2022,302.8,297.6,320.0,295.0, 315.40,313.7,314.55,77114,242.56,2950, 25022, 32.45,0.3244806390538683,2022-06-28
ANDHRSUGAR, EQ, 28-Jun-2022,125.45,123.6,126.6,123.5, 126.60,125.6,125.06,92222,115.34,2160, 36274, 39.33,0.39333347791199497,2022-06-28
ANDREWYU, EQ, 28-Jun-2022,20.85,21.2,21.5,20.5, 21.00,20.9,20.88,73856,15.42,407, 39632, 53.66,0.5366117850953206,2022-06-28
ANGELONE, EQ, 28-Jun-2022,1246.25,1230.8,1247.0,1201.0, 1230.10,1229.95,1228.84,528123,6489.76,21205, 79155, 14.99,0.1498798575331883,2022-06-28
ANIKINDS, EQ, 28-Jun-2022,27.25,27.4,28.1,27.0, 27.85,27.7,27.45,7919,2.17,150, 4112, 51.93,0.5192574820053037,2022-06-28
ANKITMETAL, BE, 28-Jun-2022,7.45,7.55,7.55,7.1, 7.30,7.25,7.19,188781,13.58,485, -, -,,2022-06-28
ANMOL, EQ, 28-Jun-2022,165.05,164.25,166.65,160.75, 162.00,162.2,163.66,4735,7.75,219, 3486, 73.62,0.736219640971489,2022-06-28
ANSALAPI, EQ, 28-Jun-2022,13.05,13.0,13.4,12.6, 12.75,12.85,12.93,92880,12.01,274, 66395, 71.48,0.7148471145564169,2022-06-28
ANSALHSG, EQ, 28-Jun-2022,6.85,6.9,6.9,6.55, 6.80,6.8,6.73,119478,8.04,317, 83560, 69.94,0.6993756172684511,2022-06-28
ANTGRAPHIC, BE, 28-Jun-2022,1.1,1.05,1.1,1.05, 1.05,1.05,1.05,223728,2.35,259, -, -,,2022-06-28
ANUP, EQ, 28-Jun-2022,690.75,696.0,727.0,682.55, 720.00,722.25,711.39,13300,94.62,1674, 8690, 65.34,0.6533834586466165,2022-06-28
ANURAS, EQ, 28-Jun-2022,619.7,624.7,636.0,615.2, 629.70,632.75,628.85,74761,470.14,3747, 25758, 34.45,0.34453792752905926,2022-06-28
APARINDS, EQ, 28-Jun-2022,957.4,964.0,965.95,935.55, 949.00,950.2,948.6,105325,999.12,6368, 46003, 43.68,0.4367718965107999,2022-06-28
APCL, EQ, 28-Jun-2022,222.7,221.0,221.55,216.1, 217.15,217.4,217.84,9977,21.73,681, 6644, 66.59,0.6659316427783903,2022-06-28
APCOTEXIND, EQ, 28-Jun-2022,627.65,623.2,640.15,621.0, 626.95,626.4,628.63,64382,404.72,4109, 22780, 35.38,0.35382560342953,2022-06-28
APEX, EQ, 28-Jun-2022,255.95,254.9,262.55,251.0, 260.10,259.9,259.24,54654,141.68,4442, 27723, 50.72,0.5072455812932265,2022-06-28
APLAPOLLO, EQ, 28-Jun-2022,858.65,859.0,860.75,816.5, 829.80,831.85,831.35,540233,4491.24,27279, 307580, 56.93,0.569346929935787,2022-06-28
APLLTD, EQ, 28-Jun-2022,748.8,743.9,748.0,736.25, 736.50,738.2,741.58,42625,316.1,1884, 7947, 18.64,0.1864398826979472,2022-06-28
APOLLO, EQ, 28-Jun-2022,121.45,122.65,122.65,119.3, 120.70,120.6,120.83,26971,32.59,762, 15271, 56.62,0.5662007341218346,2022-06-28
APOLLOHOSP, EQ, 28-Jun-2022,3794.5,3759.05,3846.65,3722.9, 3834.00,3837.35,3794.1,463753,17595.26,33282, 114302, 24.65,0.24647172093765432,2022-06-28
APOLLOPIPE, EQ, 28-Jun-2022,418.75,417.95,417.95,413.45, 415.00,415.0,415.51,28705,119.27,1553, 17166, 59.80,0.5980142832259189,2022-06-28
APOLLOTYRE, EQ, 28-Jun-2022,187.65,186.6,190.25,184.0, 188.80,188.9,188.47,3252373,6129.68,20500, 969335, 29.80,0.29803930852949523,2022-06-28
APOLSINHOT, EQ, 28-Jun-2022,581.3,581.0,593.2,577.25, 590.00,583.0,583.48,1490,8.69,82, 1188, 79.73,0.7973154362416107,2022-06-28
APTECHT, EQ, 28-Jun-2022,229.0,228.5,231.75,224.1, 226.45,227.9,228.36,163213,372.71,7358, 33965, 20.81,0.2081022957730083,2022-06-28
APTUS, EQ, 28-Jun-2022,266.7,261.05,269.4,261.05, 265.45,265.9,265.26,72184,191.47,5970, 26173, 36.26,0.3625872769588829,2022-06-28
ARCHIDPLY, EQ, 28-Jun-2022,51.65,52.35,54.4,49.3, 52.20,52.35,52.55,54420,28.6,1078, 25019, 45.97,0.4597390665196619,2022-06-28
ARCHIES, EQ, 28-Jun-2022,15.35,15.7,15.7,15.0, 15.50,15.3,15.24,23951,3.65,188, 16615, 69.37,0.6937079871404117,2022-06-28
ARENTERP, EQ, 28-Jun-2022,31.2,30.6,31.15,29.95, 29.95,30.1,30.35,3655,1.11,65, 3003, 82.16,0.8216142270861833,2022-06-28
ARIES, EQ, 28-Jun-2022,121.75,121.9,121.9,117.95, 118.80,118.75,119.45,14376,17.17,537, 8792, 61.16,0.6115748469671675,2022-06-28
ARIHANTCAP, EQ, 28-Jun-2022,81.0,82.45,82.45,78.45, 80.80,80.45,80.89,12580,10.18,277, 8067, 64.13,0.6412559618441971,2022-06-28
ARIHANTSUP, EQ, 28-Jun-2022,131.8,130.8,131.7,120.1, 124.10,123.6,127.77,112396,143.61,1754, 49306, 43.87,0.4386810918538026,2022-06-28
ARMANFIN, EQ, 28-Jun-2022,1150.5,1150.0,1199.0,1139.0, 1198.00,1185.45,1178.84,9993,117.8,1077, 5868, 58.72,0.5872110477334134,2022-06-28
AROGRANITE, EQ, 28-Jun-2022,39.4,39.65,39.65,38.2, 39.20,38.65,38.71,17235,6.67,289, 9512, 55.19,0.5519002030751378,2022-06-28
ARROWGREEN, EQ, 28-Jun-2022,92.6,96.95,98.0,88.35, 94.60,91.5,92.17,11536,10.63,344, 4597, 39.85,0.39849167822468795,2022-06-28
ARSHIYA, EQ, 28-Jun-2022,15.2,15.3,15.3,14.35, 14.50,14.5,14.75,695917,102.65,1052, 548832, 78.86,0.7886457724125147,2022-06-28
ARSSINFRA, BE, 28-Jun-2022,22.8,22.8,22.85,22.05, 22.85,22.55,22.3,3861,0.86,33, -, -,,2022-06-28
ARTEMISMED, EQ, 28-Jun-2022,41.0,41.45,42.15,40.9, 41.60,41.7,41.61,19539,8.13,287, 11409, 58.39,0.5839091048671887,2022-06-28
ARTNIRMAN, EQ, 28-Jun-2022,62.9,62.0,62.25,62.0, 62.20,62.2,62.04,71,0.04,5, 60, 84.51,0.8450704225352113,2022-06-28
ARVEE, EQ, 28-Jun-2022,67.65,70.8,71.0,66.1, 67.60,68.65,69.15,2319,1.6,381, 734, 31.65,0.3165157395429064,2022-06-28
ARVIND, EQ, 28-Jun-2022,91.3,90.9,92.4,90.1, 91.60,91.85,91.19,303443,276.72,3204, 112464, 37.06,0.370626443846126,2022-06-28
ARVINDFASN, EQ, 28-Jun-2022,259.9,261.5,261.5,255.65, 256.00,256.25,257.7,46120,118.85,1393, 27548, 59.73,0.5973113616652211,2022-06-28
ARVSMART, EQ, 28-Jun-2022,162.4,164.9,164.9,161.2, 162.10,162.8,163.25,5876,9.59,124, 4182, 71.17,0.7117086453369639,2022-06-28
ASAHIINDIA, EQ, 28-Jun-2022,544.5,542.0,555.65,536.05, 546.00,545.95,545.13,663725,3618.19,20174, 187331, 28.22,0.28224189234999436,2022-06-28
ASAHISONG, EQ, 28-Jun-2022,284.1,285.95,288.0,278.45, 287.95,284.65,282.49,3426,9.68,332, 1917, 55.95,0.5595446584938704,2022-06-28
ASAL, EQ, 28-Jun-2022,425.8,447.05,447.05,406.65, 424.00,419.05,430.5,136091,585.87,5070, 45359, 33.33,0.3332990425524098,2022-06-28
ASALCBR, EQ, 28-Jun-2022,438.05,439.9,465.0,437.0, 453.55,454.35,452.99,38585,174.78,2487, 22700, 58.83,0.5883115200207334,2022-06-28
ASHAPURMIN, EQ, 28-Jun-2022,100.75,101.4,107.0,100.6, 102.70,103.3,103.59,165303,171.23,3144, 103533, 62.63,0.6263225712781982,2022-06-28
ASHIANA, EQ, 28-Jun-2022,127.6,127.9,127.9,121.65, 126.35,126.85,126.49,8247,10.43,375, 5282, 64.05,0.6404753243603735,2022-06-28
ASHIMASYN, EQ, 28-Jun-2022,12.25,12.4,12.55,11.85, 12.30,12.2,12.14,69954,8.49,309, 37220, 53.21,0.5320639277239329,2022-06-28
ASHOKA, EQ, 28-Jun-2022,71.9,72.4,73.45,72.0, 73.20,73.15,72.67,390232,283.59,3249, 155664, 39.89,0.39890116648557783,2022-06-28
ASHOKLEY, EQ, 28-Jun-2022,141.3,140.85,146.0,140.25, 145.10,145.0,144.04,22073426,31794.24,104318, 6701891, 30.36,0.3036180699815244,2022-06-28
ASIANENE, EQ, 28-Jun-2022,84.7,85.0,88.95,84.15, 88.25,88.5,86.79,37671,32.7,953, 18173, 48.24,0.4824135276472618,2022-06-28
ASIANHOTNR, EQ, 28-Jun-2022,84.2,85.45,85.45,82.0, 82.05,83.05,83.49,2775,2.32,96, 1940, 69.91,0.6990990990990991,2022-06-28
ASIANPAINT, EQ, 28-Jun-2022,2820.95,2780.0,2784.8,2704.3, 2725.00,2726.5,2726.22,1838358,50117.77,136469, 772229, 42.01,0.4200645358521028,2022-06-28
ASIANTILES, EQ, 28-Jun-2022,42.25,42.75,43.45,41.7, 42.95,42.9,42.61,507482,216.24,2897, 235171, 46.34,0.463407569135457,2022-06-28
ASPINWALL, EQ, 28-Jun-2022,164.7,163.0,165.2,160.85, 164.50,164.35,163.8,846,1.39,66, 369, 43.62,0.43617021276595747,2022-06-28
ASTEC, EQ, 28-Jun-2022,1935.75,1940.0,1990.0,1890.0, 1901.00,1911.35,1930.65,25355,489.52,3562, 13856, 54.65,0.5464799842240189,2022-06-28
ASTERDM, EQ, 28-Jun-2022,176.9,176.75,179.7,175.3, 178.00,178.5,178.37,124051,221.27,3737, 50155, 40.43,0.40430951785959,2022-06-28
ASTRAL, EQ, 28-Jun-2022,1696.35,1681.0,1694.0,1615.5, 1631.05,1632.55,1655.51,758198,12552.07,37551, 240456, 31.71,0.31714143271282697,2022-06-28
ASTRAMICRO, EQ, 28-Jun-2022,196.0,196.0,202.0,195.85, 197.50,199.05,199.07,159690,317.9,3687, 81500, 51.04,0.5103638299204709,2022-06-28
ASTRAZEN, EQ, 28-Jun-2022,2729.1,2739.8,2739.8,2691.05, 2691.20,2695.55,2703.55,3187,86.16,875, 1608, 50.45,0.5045497332914967,2022-06-28
ASTRON, EQ, 28-Jun-2022,37.7,38.0,42.3,37.45, 40.50,40.45,40.33,135058,54.47,1360, 29524, 21.86,0.21860237823749795,2022-06-28
ATFL, EQ, 28-Jun-2022,815.5,807.35,829.95,794.05, 826.00,820.45,812.62,3850,31.29,1019, 1949, 50.62,0.5062337662337663,2022-06-28
ATGL, EQ, 28-Jun-2022,2289.8,2285.0,2410.0,2230.0, 2398.00,2394.4,2354.26,474019,11159.62,37384, 118691, 25.04,0.2503929167396244,2022-06-28
ATLANTA, EQ, 28-Jun-2022,14.8,15.15,15.15,14.35, 14.45,14.45,14.56,33436,4.87,282, 18559, 55.51,0.5550604139251106,2022-06-28
ATUL, EQ, 28-Jun-2022,8020.65,8036.75,8099.0,7926.05, 8050.00,8055.9,7995.01,19323,1544.88,4805, 11281, 58.38,0.583812037468302,2022-06-28
ATULAUTO, EQ, 28-Jun-2022,169.35,165.5,174.55,165.5, 172.40,171.0,171.4,53692,92.03,2098, 18227, 33.95,0.3394732921105565,2022-06-28
AUBANK, EQ, 28-Jun-2022,624.3,621.7,627.45,614.95, 618.70,622.65,622.22,1141215,7100.92,31974, 343939, 30.14,0.3013796699132065,2022-06-28
AURIONPRO, EQ, 28-Jun-2022,257.7,255.0,257.95,244.65, 252.50,251.05,250.93,37275,93.53,2001, 19975, 53.59,0.5358819584171697,2022-06-28
AUROPHARMA, EQ, 28-Jun-2022,521.25,517.2,522.55,508.3, 521.95,521.35,515.4,1842702,9497.31,34481, 364006, 19.75,0.19753926570872557,2022-06-28
AURUM, EQ, 28-Jun-2022,83.55,84.5,84.5,82.0, 82.25,82.15,82.55,14841,12.25,701, 10357, 69.79,0.69786402533522,2022-06-28
AUSOMENT, EQ, 28-Jun-2022,62.55,60.0,65.85,60.0, 64.00,63.1,62.59,1590,1.0,116, 967, 60.82,0.6081761006289308,2022-06-28
AUTOAXLES, EQ, 28-Jun-2022,1589.85,1580.0,1600.0,1572.0, 1594.00,1593.6,1591.63,12039,191.62,1339, 8938, 74.24,0.7424204668161808,2022-06-28
AUTOBEES, EQ, 28-Jun-2022,117.03,118.36,119.15,116.45, 118.51,119.12,118.08,238737,281.89,490, 101148, 42.37,0.4236796139685093,2022-06-28
AUTOIND, EQ, 28-Jun-2022,56.8,56.05,59.6,55.05, 59.60,59.45,58.12,52820,30.7,657, 30673, 58.07,0.5807080651268459,2022-06-28
AVADHSUGAR, EQ, 28-Jun-2022,533.35,532.0,545.0,527.0, 530.05,533.6,537.59,87826,472.14,4797, 18790, 21.39,0.21394575638193702,2022-06-28
AVANTIFEED, EQ, 28-Jun-2022,432.15,430.95,433.45,425.05, 428.90,429.6,428.32,90891,389.31,7401, 35937, 39.54,0.3953856817506684,2022-06-28
AVROIND, BE, 28-Jun-2022,125.5,129.3,129.3,119.55, 127.85,122.0,122.49,41458,50.78,150, -, -,,2022-06-28
AVTNPL, EQ, 28-Jun-2022,92.75,92.55,98.95,92.1, 94.90,95.35,96.45,504010,486.11,8638, 184230, 36.55,0.3655284617368703,2022-06-28
AWHCL, EQ, 28-Jun-2022,273.65,272.0,279.05,270.1, 275.75,275.25,274.88,28031,77.05,1746, 11325, 40.40,0.4040169811993864,2022-06-28
AWL, BE, 28-Jun-2022,598.4,587.05,603.0,582.25, 594.00,592.0,590.6,694084,4099.26,20296, -, -,,2022-06-28
AXISBANK, EQ, 28-Jun-2022,637.1,634.0,644.7,632.0, 643.50,642.35,639.34,10711123,68480.3,159105, 6937128, 64.77,0.6476564595514401,2022-06-28
AXISBNKETF, EQ, 28-Jun-2022,340.77,339.2,339.4,337.26, 339.20,337.42,337.85,399,1.35,40, 239, 59.90,0.5989974937343359,2022-06-28
AXISBPSETF, EQ, 28-Jun-2022,10.27,10.22,10.33,10.22, 10.22,10.3,10.32,1786270,184.29,540, 1779848, 99.64,0.9964047988266052,2022-06-28
AXISCADES, EQ, 28-Jun-2022,123.65,122.85,123.65,117.8, 120.25,120.15,120.65,28446,34.32,562, 17933, 63.04,0.6304225550165226,2022-06-28
AXISCETF, EQ, 28-Jun-2022,68.46,67.6,70.4,66.92, 68.31,68.31,68.05,551,0.37,55, 212, 38.48,0.38475499092558985,2022-06-28
AXISGOLD, EQ, 28-Jun-2022,43.91,44.0,44.0,43.66, 43.91,43.86,43.84,23463,10.29,635, 18404, 78.44,0.78438392362443,2022-06-28
AXISHCETF, EQ, 28-Jun-2022,74.77,76.99,77.0,73.83, 77.00,76.45,75.18,725,0.55,138, 422, 58.21,0.5820689655172414,2022-06-28
AXISNIFTY, EQ, 28-Jun-2022,167.61,167.05,167.88,165.91, 167.88,167.51,166.91,3687,6.15,144, 2792, 75.73,0.7572552210469217,2022-06-28
AXISTECETF, EQ, 28-Jun-2022,289.28,290.0,290.37,285.37, 290.37,289.99,287.65,774,2.23,51, 599, 77.39,0.7739018087855297,2022-06-28
AXITA, EQ, 28-Jun-2022,200.15,200.0,217.75,199.65, 211.00,212.1,208.65,64847,135.3,1878, 19245, 29.68,0.2967754869153546,2022-06-28
AYMSYNTEX, EQ, 28-Jun-2022,91.0,91.0,94.65,89.0, 94.00,93.75,92.52,7698,7.12,241, 5020, 65.21,0.6521174330995063,2022-06-28
BAFNAPH, BE, 28-Jun-2022,120.35,117.95,120.8,116.65, 116.65,116.65,118.09,220,0.26,11, -, -,,2022-06-28
BAGFILMS, EQ, 28-Jun-2022,5.6,5.45,5.65,5.35, 5.35,5.35,5.38,176848,9.51,208, 128774, 72.82,0.7281620374558944,2022-06-28
BAJAJ-AUTO, EQ, 28-Jun-2022,3861.2,3839.95,3907.2,3783.05, 3885.00,3889.0,3864.76,799053,30881.51,57522, 195457, 24.46,0.2446108080440221,2022-06-28
BAJAJCON, EQ, 28-Jun-2022,137.3,136.9,138.6,136.0, 137.80,137.9,137.25,177191,243.2,4119, 83749, 47.26,0.47264815933089155,2022-06-28
BAJAJELEC, EQ, 28-Jun-2022,935.25,945.0,948.8,921.7, 940.00,941.4,937.11,57972,543.26,4834, 10512, 18.13,0.18132891740840407,2022-06-28
BAJAJFINSV, EQ, 28-Jun-2022,11595.15,11547.55,11550.0,11290.0, 11370.00,11364.45,11370.6,349057,39689.86,56387, 111340, 31.90,0.3189736919758091,2022-06-28
BAJAJHCARE, EQ, 28-Jun-2022,291.75,287.0,290.45,280.25, 282.50,282.95,285.14,20566,58.64,1106, 13684, 66.54,0.6653700282018866,2022-06-28
BAJAJHIND, EQ, 28-Jun-2022,13.5,13.4,13.55,13.25, 13.35,13.35,13.38,2607197,348.73,5350, 1017233, 39.02,0.3901634590711787,2022-06-28
BAJAJHLDNG, EQ, 28-Jun-2022,4758.05,4760.0,4767.25,4609.05, 4640.00,4644.7,4684.25,12779,598.6,3348, 4754, 37.20,0.3720165897175053,2022-06-28
BAJFINANCE, EQ, 28-Jun-2022,5641.2,5607.0,5619.0,5525.0, 5564.70,5576.25,5565.68,739500,41158.2,70589, 223496, 30.22,0.3022258282623394,2022-06-28
BALAJITELE, EQ, 28-Jun-2022,43.15,43.2,45.8,41.6, 43.00,42.95,43.17,413790,178.62,2691, 221544, 53.54,0.5354020155151163,2022-06-28
BALAMINES, EQ, 28-Jun-2022,2941.05,2920.0,2939.65,2887.35, 2909.95,2907.55,2902.26,20540,596.12,3200, 7473, 36.38,0.36382667964946447,2022-06-28
BALAXI, EQ, 28-Jun-2022,366.25,371.65,371.65,365.35, 370.50,369.95,368.36,353,1.3,63, 155, 43.91,0.43909348441926344,2022-06-28
BALKRISHNA, EQ, 28-Jun-2022,31.5,31.5,32.85,30.6, 32.30,31.4,31.76,8952,2.84,151, 4116, 45.98,0.4597855227882037,2022-06-28
BALKRISIND, EQ, 28-Jun-2022,2164.25,2163.95,2178.8,2110.3, 2158.50,2170.3,2157.18,201321,4342.86,19265, 59954, 29.78,0.29780301111160784,2022-06-28
BALLARPUR, BZ, 28-Jun-2022,1.25,1.3,1.3,1.25, 1.30,1.3,1.3,141574,1.84,83, -, -,,2022-06-28
BALMLAWRIE, EQ, 28-Jun-2022,108.75,108.55,109.85,107.55, 109.65,109.15,108.91,53083,57.81,1226, 28189, 53.10,0.5310363016408266,2022-06-28
BALPHARMA, EQ, 28-Jun-2022,97.75,97.8,99.6,96.05, 98.90,98.7,97.74,10223,9.99,317, 4573, 44.73,0.44732466008021127,2022-06-28
BALRAMCHIN, EQ, 28-Jun-2022,367.5,364.05,371.25,361.5, 367.40,367.8,366.83,1708716,6268.15,18267, 304327, 17.81,0.17810273913277572,2022-06-28
BANARBEADS, EQ, 28-Jun-2022,69.25,70.55,70.9,69.0, 69.10,69.7,70.06,1944,1.36,96, 1490, 76.65,0.7664609053497943,2022-06-28
BANARISUG, EQ, 28-Jun-2022,2148.85,2167.95,2201.0,2135.0, 2168.00,2181.65,2185.59,1116,24.39,206, 590, 52.87,0.5286738351254481,2022-06-28
BANCOINDIA, EQ, 28-Jun-2022,172.25,169.3,175.0,169.3, 174.95,173.45,172.5,75720,130.62,2902, 42731, 56.43,0.5643291072371897,2022-06-28
BANDHANBNK, EQ, 28-Jun-2022,283.7,283.0,283.0,263.4, 276.25,276.4,271.94,15384485,41835.87,123751, 2935350, 19.08,0.19079936702463554,2022-06-28
BANG, EQ, 28-Jun-2022,40.2,40.65,40.85,39.6, 39.60,39.95,40.22,14705,5.91,365, 6552, 44.56,0.44556273376402583,2022-06-28
BANKA, EQ, 28-Jun-2022,65.5,66.45,66.5,63.95, 65.00,66.3,65.76,469,0.31,42, 249, 53.09,0.5309168443496801,2022-06-28
BANKBARODA, EQ, 28-Jun-2022,100.0,99.45,101.8,99.45, 101.35,101.55,100.99,16394684,16557.02,51871, 4126479, 25.17,0.25169615956001345,2022-06-28
BANKBEES, EQ, 28-Jun-2022,341.4,340.0,340.62,338.45, 340.35,339.89,339.42,422285,1433.33,8466, 155869, 36.91,0.36910854044069763,2022-06-28
BANKINDIA, EQ, 28-Jun-2022,45.55,45.4,45.55,44.6, 44.90,44.9,45.11,1271193,573.39,4836, 562963, 44.29,0.4428619414990485,2022-06-28
BANSWRAS, EQ, 28-Jun-2022,189.6,189.0,226.7,189.0, 216.10,216.1,211.92,76488,162.09,2865, 25400, 33.21,0.33207823449429974,2022-06-28
BARBEQUE, EQ, 28-Jun-2022,1064.2,1068.0,1090.2,1050.0, 1087.00,1079.8,1071.68,54452,583.55,5086, 21398, 39.30,0.39296995518989203,2022-06-28
BARTRONICS, BZ, 28-Jun-2022,4.25,4.45,4.45,4.2, 4.20,4.2,4.35,19012,0.83,43, -, -,,2022-06-28
BASF, EQ, 28-Jun-2022,2544.85,2544.85,2650.0,2521.75, 2610.00,2630.4,2596.44,19925,517.34,3680, 7234, 36.31,0.36306148055207027,2022-06-28
BASML, EQ, 28-Jun-2022,54.25,54.4,54.7,53.0, 54.50,54.35,53.77,61483,33.06,449, 31617, 51.42,0.5142397085373193,2022-06-28
BATAINDIA, EQ, 28-Jun-2022,1749.05,1740.05,1746.8,1704.9, 1711.50,1712.45,1721.07,148720,2559.57,9953, 35481, 23.86,0.23857584722969338,2022-06-28
BAYERCROP, EQ, 28-Jun-2022,4950.75,4915.0,5044.0,4910.05, 5010.00,5033.0,5010.71,9755,488.79,2432, 5753, 58.97,0.5897488467452588,2022-06-28
BBETF0432, EQ, 28-Jun-2022,980.96,978.09,980.99,978.01, 979.99,978.34,979.54,8929,87.46,50, 3816, 42.74,0.4273714861686639,2022-06-28
BBL, EQ, 28-Jun-2022,1622.2,1630.0,1630.0,1594.65, 1610.55,1614.05,1612.23,2471,39.84,672, 1125, 45.53,0.45528126264670177,2022-06-28
BBOX, EQ, 28-Jun-2022,137.4,138.9,139.6,134.05, 134.40,135.2,136.72,15104,20.65,713, 7534, 49.88,0.4988082627118644,2022-06-28
BBTC, EQ, 28-Jun-2022,914.25,915.0,924.0,901.45, 924.00,919.95,913.02,10747,98.12,1430, 5114, 47.59,0.4758537266213827,2022-06-28
BCG, EQ, 28-Jun-2022,33.1,31.45,32.0,31.45, 31.45,31.45,31.48,3670870,1155.69,7976, 2417778, 65.86,0.658638960246481,2022-06-28
BCLIND, BE, 28-Jun-2022,390.85,390.85,392.0,381.0, 386.35,386.0,386.21,9470,36.57,237, -, -,,2022-06-28
BCONCEPTS, EQ, 28-Jun-2022,109.45,107.3,112.0,105.45, 109.75,111.7,108.33,8289,8.98,172, 6143, 74.11,0.7411026661840994,2022-06-28
BCP, EQ, 28-Jun-2022,4.75,4.85,4.95,4.05, 4.60,4.6,4.59,395719,18.18,691, 218153, 55.13,0.5512826020484233,2022-06-28
BDL, EQ, 28-Jun-2022,727.0,726.8,728.8,716.0, 718.30,718.8,721.26,425833,3071.34,13070, 122468, 28.76,0.28759631122998924,2022-06-28
BEARDSELL, EQ, 28-Jun-2022,16.15,16.1,16.3,15.6, 16.00,15.9,15.98,21297,3.4,208, 14317, 67.23,0.6722543081185144,2022-06-28
BECTORFOOD, EQ, 28-Jun-2022,275.0,271.0,279.65,269.0, 273.75,274.05,275.8,107075,295.32,3493, 51441, 48.04,0.4804202661685734,2022-06-28
BEDMUTHA, EQ, 28-Jun-2022,73.6,74.95,74.95,71.5, 73.40,73.15,72.92,6197,4.52,197, 2005, 32.35,0.3235436501533,2022-06-28
BEL, EQ, 28-Jun-2022,240.05,239.45,240.5,234.8, 236.55,236.45,236.59,3165855,7490.17,29338, 1388360, 43.85,0.43854187889211604,2022-06-28
BEML, EQ, 28-Jun-2022,1266.65,1260.1,1287.0,1212.5, 1261.45,1267.2,1253.68,135646,1700.57,10562, 11080, 8.17,0.08168320481252672,2022-06-28
BEPL, EQ, 28-Jun-2022,105.5,105.45,109.9,104.45, 108.30,108.5,108.06,251228,271.48,4486, 99514, 39.61,0.3961103061760632,2022-06-28
BERGEPAINT, EQ, 28-Jun-2022,600.0,591.8,591.8,579.0, 583.00,582.25,582.77,948799,5529.3,29745, 251863, 26.55,0.26545453778935263,2022-06-28
BESTAGRO, EQ, 28-Jun-2022,836.1,844.45,844.45,825.0, 832.30,834.05,835.27,23319,194.78,1238, 2666, 11.43,0.11432737252883915,2022-06-28
BFINVEST, EQ, 28-Jun-2022,256.7,254.4,260.0,252.75, 258.00,257.0,257.09,4009,10.31,311, 1628, 40.61,0.4060863058119232,2022-06-28
BFUTILITIE, EQ, 28-Jun-2022,297.95,297.45,303.0,293.05, 301.20,300.3,297.85,70320,209.45,3888, 19586, 27.85,0.27852673492605234,2022-06-28
BGRENERGY, EQ, 28-Jun-2022,63.45,63.4,63.9,62.1, 63.50,62.95,62.72,33171,20.81,854, 16980, 51.19,0.5118929185131591,2022-06-28
BHAGCHEM, EQ, 28-Jun-2022,930.9,930.1,943.4,917.7, 932.00,927.9,931.35,165,1.54,36, 57, 34.55,0.34545454545454546,2022-06-28
BHAGERIA, EQ, 28-Jun-2022,175.15,176.05,178.65,172.45, 174.90,174.65,174.87,6748,11.8,489, 3657, 54.19,0.5419383521043272,2022-06-28
BHAGYANGR, EQ, 28-Jun-2022,38.1,38.05,40.7,37.55, 40.40,40.0,39.15,53886,21.1,440, 33079, 61.39,0.6138700218980812,2022-06-28
BHAGYAPROP, EQ, 28-Jun-2022,40.2,39.5,39.95,39.1, 39.30,39.7,39.48,2759,1.09,38, 1918, 69.52,0.6951794128307358,2022-06-28
BHANDARI, EQ, 28-Jun-2022,5.8,5.95,5.95,5.5, 5.65,5.7,5.67,277316,15.72,466, 144854, 52.23,0.5223427425752571,2022-06-28
BHARATFORG, EQ, 28-Jun-2022,647.45,645.0,661.35,641.3, 658.00,658.75,654.0,1555945,10175.89,31677, 758916, 48.78,0.48775245911648546,2022-06-28
BHARATGEAR, EQ, 28-Jun-2022,140.4,140.0,147.95,138.6, 144.90,142.1,144.9,79380,115.02,1932, 34376, 43.31,0.4330561854371378,2022-06-28
BHARATRAS, EQ, 28-Jun-2022,11356.85,11252.0,11425.0,11111.05, 11301.60,11361.85,11271.45,1386,156.22,642, 633, 45.67,0.45670995670995673,2022-06-28
BHARATWIRE, EQ, 28-Jun-2022,60.15,60.7,60.7,58.4, 59.20,59.45,59.01,57137,33.72,327, 48331, 84.59,0.8458792026182683,2022-06-28
BHARTIARTL, EQ, 28-Jun-2022,683.95,683.0,684.9,676.3, 682.55,681.15,681.22,3216376,21910.49,92823, 1666869, 51.82,0.518244446544807,2022-06-28
BHEL, EQ, 28-Jun-2022,45.95,45.55,46.45,45.4, 46.30,46.3,45.99,10726671,4932.91,22131, 1153976, 10.76,0.10758006841078653,2022-06-28
BIGBLOC, BE, 28-Jun-2022,100.4,105.0,105.4,102.05, 105.40,105.4,104.91,37211,39.04,355, -, -,,2022-06-28
BIL, EQ, 28-Jun-2022,166.95,165.6,166.5,158.0, 160.10,164.05,163.02,3397,5.54,162, 2458, 72.36,0.7235796290844864,2022-06-28
BINDALAGRO, EQ, 28-Jun-2022,23.85,23.85,24.0,23.5, 23.70,23.55,23.7,75669,17.93,475, 48811, 64.51,0.6450594034545191,2022-06-28
BIOCON, EQ, 28-Jun-2022,319.95,318.6,319.25,314.5, 316.00,315.95,315.83,2250561,7107.84,24558, 835111, 37.11,0.3710679248418505,2022-06-28
BIOFILCHEM, EQ, 28-Jun-2022,53.15,53.4,53.7,45.35, 51.90,51.4,51.25,29884,15.32,787, 12643, 42.31,0.42306920091018607,2022-06-28
BIRLACABLE, EQ, 28-Jun-2022,109.05,109.0,112.25,107.9, 112.20,111.6,110.04,36216,39.85,1282, 17198, 47.49,0.4748729843163243,2022-06-28
BIRLACORPN, EQ, 28-Jun-2022,878.8,878.4,885.0,871.5, 881.80,881.6,879.04,23454,206.17,3786, 7785, 33.19,0.3319263238679969,2022-06-28
BIRLAMONEY, EQ, 28-Jun-2022,54.7,54.95,54.95,53.5, 54.35,54.15,54.14,15329,8.3,456, 6888, 44.93,0.44934437993345944,2022-06-28
BKMINDST, BZ, 28-Jun-2022,1.95,2.0,2.0,1.9, 1.95,1.95,1.94,27349,0.53,96, -, -,,2022-06-28
BLBLIMITED, EQ, 28-Jun-2022,18.5,18.5,18.5,17.75, 18.00,18.0,18.0,10023,1.8,94, 5799, 57.86,0.5785692906315475,2022-06-28
BLISSGVS, EQ, 28-Jun-2022,74.95,73.3,74.5,70.9, 73.30,72.8,72.71,91588,66.6,1430, 58141, 63.48,0.6348102371489714,2022-06-28
BLKASHYAP, EQ, 28-Jun-2022,18.75,19.2,19.2,18.15, 18.20,18.25,18.42,58641,10.8,549, 44960, 76.67,0.7666990672055388,2022-06-28
BLS, EQ, 28-Jun-2022,203.0,203.7,203.95,195.55, 197.00,198.8,200.65,705819,1416.26,15381, 355945, 50.43,0.504300677652486,2022-06-28
BLUEDART, EQ, 28-Jun-2022,7301.55,7325.0,7850.0,7194.05, 7840.00,7563.85,7428.27,23720,1761.98,3982, 16337, 68.87,0.6887436762225969,2022-06-28
BLUESTARCO, EQ, 28-Jun-2022,952.7,963.8,963.8,925.35, 936.05,939.2,939.29,32793,308.02,4713, 15551, 47.42,0.4742170585185863,2022-06-28
BODALCHEM, EQ, 28-Jun-2022,85.2,85.2,86.9,84.25, 86.15,86.0,85.45,145739,124.53,3703, 58160, 39.91,0.39906956957300377,2022-06-28
BOMDYEING, EQ, 28-Jun-2022,96.9,96.0,97.5,94.9, 97.10,97.1,96.2,2012787,1936.26,13018, 317896, 15.79,0.15793822197778504,2022-06-28
BOROLTD, EQ, 28-Jun-2022,268.75,268.0,278.5,266.0, 274.00,273.9,272.51,124877,340.31,5175, 77582, 62.13,0.621267327049817,2022-06-28
BORORENEW, EQ, 28-Jun-2022,652.5,660.0,669.5,640.95, 664.00,663.45,656.55,258476,1697.03,12407, 83338, 32.24,0.3224206502731395,2022-06-28
BOSCHLTD, EQ, 28-Jun-2022,14593.15,14550.0,14700.0,14457.1, 14661.50,14656.7,14619.83,20876,3052.04,5750, 9762, 46.76,0.4676183176853803,2022-06-28
BPCL, EQ, 28-Jun-2022,315.0,312.0,319.5,312.0, 318.75,318.6,317.22,3240518,10279.47,45084, 1061323, 32.75,0.3275164649602317,2022-06-28
BPL, EQ, 28-Jun-2022,66.15,65.25,66.15,63.35, 63.35,64.15,64.39,59618,38.39,618, 44500, 74.64,0.7464188667851991,2022-06-28
BRIGADE, EQ, 28-Jun-2022,441.55,450.0,466.95,443.85, 445.50,446.85,455.18,1570830,7150.17,43071, 174853, 11.13,0.11131249084878694,2022-06-28
BRITANNIA, EQ, 28-Jun-2022,3459.1,3455.0,3469.9,3388.05, 3439.90,3434.7,3422.13,182574,6247.91,21375, 68493, 37.52,0.3751519931644155,2022-06-28
BRNL, EQ, 28-Jun-2022,26.8,27.35,27.35,26.7, 26.90,26.8,26.93,10981,2.96,248, 6655, 60.60,0.6060468081231217,2022-06-28
BROOKS, BE, 28-Jun-2022,87.1,87.1,88.0,84.4, 87.00,87.8,85.96,11048,9.5,153, -, -,,2022-06-28
BSE, EQ, 28-Jun-2022,607.2,602.0,606.5,592.9, 598.45,599.65,598.92,1013554,6070.36,31694, 274337, 27.07,0.2706683610345379,2022-06-28
BSHSL, EQ, 28-Jun-2022,396.0,410.0,410.0,395.05, 401.55,403.1,404.89,160,0.65,30, 109, 68.13,0.68125,2022-06-28
BSL, EQ, 28-Jun-2022,93.15,92.95,93.0,90.55, 93.00,92.3,91.65,3389,3.11,267, 1421, 41.93,0.41929772794334613,2022-06-28
BSLGOLDETF, EQ, 28-Jun-2022,46.45,45.83,46.45,45.83, 46.30,46.14,46.07,398953,183.78,499, 300500, 75.32,0.753221557426564,2022-06-28
BSLNIFTY, EQ, 28-Jun-2022,17.7,17.6,17.78,17.55, 17.77,17.74,17.64,13145,2.32,379, 9555, 72.69,0.7268923545074173,2022-06-28
BSLSENETFG, EQ, 28-Jun-2022,51.69,51.9,51.9,50.55, 50.98,51.06,51.0,1808,0.92,69, 635, 35.12,0.351216814159292,2022-06-28
BSOFT, EQ, 28-Jun-2022,373.1,370.0,375.9,365.4, 369.60,369.8,369.52,1645109,6078.96,27014, 505265, 30.71,0.3071316247130129,2022-06-28
BURNPUR, EQ, 28-Jun-2022,4.6,4.65,4.65,4.5, 4.65,4.6,4.59,79538,3.65,297, 50480, 63.47,0.6346651914808016,2022-06-28
BUTTERFLY, EQ, 28-Jun-2022,1093.55,1102.0,1130.0,1065.2, 1070.10,1071.1,1098.43,12494,137.24,4649, 9714, 77.75,0.7774931967344325,2022-06-28
BVCL, BE, 28-Jun-2022,21.9,22.9,22.9,20.85, 21.40,21.4,21.41,773,0.17,19, -, -,,2022-06-28
BYKE, EQ, 28-Jun-2022,33.25,34.9,34.9,33.3, 34.90,34.9,34.68,51412,17.83,314, 34523, 67.15,0.6714969267875204,2022-06-28
CALSOFT, EQ, 28-Jun-2022,21.45,22.45,22.45,20.6, 20.75,20.9,21.07,47196,9.94,386, 30900, 65.47,0.6547165013984236,2022-06-28
CAMLINFINE, EQ, 28-Jun-2022,112.45,111.0,113.5,110.1, 111.80,112.15,111.74,59765,66.78,1391, 28726, 48.06,0.48064920940349704,2022-06-28
CAMPUS, EQ, 28-Jun-2022,329.95,334.0,339.8,332.45, 335.10,336.2,335.96,456151,1532.48,12937, 136212, 29.86,0.29861164395123546,2022-06-28
CAMS, EQ, 28-Jun-2022,2297.95,2299.95,2299.95,2253.0, 2258.05,2258.1,2266.92,84246,1909.79,10827, 43126, 51.19,0.5119056097618878,2022-06-28
CANBK, EQ, 28-Jun-2022,187.7,186.95,189.0,186.4, 187.95,187.8,187.95,4040506,7593.96,21355, 749283, 18.54,0.185442862849356,2022-06-28
CANDC, BZ, 28-Jun-2022,3.65,3.65,3.75,3.5, 3.75,3.75,3.69,9342,0.34,16, -, -,,2022-06-28
CANFINHOME, EQ, 28-Jun-2022,442.35,443.4,443.95,430.1, 432.20,432.35,433.67,316930,1374.45,6654, 67433, 21.28,0.21276938125138042,2022-06-28
CANTABIL, EQ, 28-Jun-2022,1039.25,1045.0,1045.5,1020.0, 1030.50,1032.95,1030.75,11371,117.21,807, 4598, 40.44,0.4043619734412101,2022-06-28
CAPACITE, EQ, 28-Jun-2022,109.8,108.85,112.75,108.05, 111.65,111.05,110.93,106910,118.59,5564, 50767, 47.49,0.47485735665513046,2022-06-28
CAPLIPOINT, EQ, 28-Jun-2022,711.65,711.5,716.7,703.0, 716.00,714.3,709.4,15394,109.21,1921, 7179, 46.64,0.4663505261790308,2022-06-28
CAPTRUST, EQ, 28-Jun-2022,98.8,99.2,100.45,96.1, 99.45,99.4,99.3,2162,2.15,57, 1436, 66.42,0.6641998149861239,2022-06-28
CARBORUNIV, EQ, 28-Jun-2022,751.5,732.0,764.4,717.55, 755.00,756.95,745.72,487233,3633.39,28528, 88497, 18.16,0.18163178602434565,2022-06-28
CAREERP, EQ, 28-Jun-2022,109.95,109.05,114.0,108.95, 110.95,110.45,111.05,17632,19.58,515, 6347, 36.00,0.3599705081669691,2022-06-28
CARERATING, EQ, 28-Jun-2022,418.15,418.0,423.0,416.55, 422.45,421.0,419.87,28538,119.82,1605, 21277, 74.56,0.7455673137570958,2022-06-28
CARTRADE, EQ, 28-Jun-2022,579.55,572.55,596.0,570.95, 576.35,578.85,577.9,91517,528.88,9563, 41254, 45.08,0.4507796365702547,2022-06-28
CASTROLIND, EQ, 28-Jun-2022,103.05,102.8,104.25,102.65, 104.00,103.95,103.62,265018,274.61,6565, 142972, 53.95,0.539480337184644,2022-06-28
CCCL, BE, 28-Jun-2022,2.0,2.1,2.1,2.1, 2.10,2.1,2.1,178585,3.75,128, -, -,,2022-06-28
CCHHL, EQ, 28-Jun-2022,7.6,7.65,7.65,7.1, 7.40,7.3,7.28,44907,3.27,155, 23118, 51.48,0.5147972476451332,2022-06-28
CCL, EQ, 28-Jun-2022,379.2,377.0,392.0,376.05, 388.00,383.85,387.3,568203,2200.68,18361, 156569, 27.56,0.2755511674524774,2022-06-28
CDSL, EQ, 28-Jun-2022,1114.35,1111.95,1118.7,1102.85, 1110.00,1110.1,1109.9,158540,1759.64,11679, 57435, 36.23,0.36227450485681845,2022-06-28
CEATLTD, EQ, 28-Jun-2022,926.0,926.0,952.0,919.95, 939.90,936.15,936.93,57666,540.29,5230, 14231, 24.68,0.2467831998057781,2022-06-28
CELEBRITY, EQ, 28-Jun-2022,13.1,13.0,13.65,12.9, 13.40,13.25,13.25,47177,6.25,346, 27166, 57.58,0.5758314432880429,2022-06-28
CENTENKA, EQ, 28-Jun-2022,436.6,434.6,434.6,420.0, 423.00,423.65,423.79,60071,254.57,4565, 35713, 59.45,0.5945131594280102,2022-06-28
CENTEXT, EQ, 28-Jun-2022,9.85,9.85,10.1,9.6, 10.10,9.95,9.91,92603,9.18,312, 53681, 57.97,0.5796896428841398,2022-06-28
CENTRALBK, EQ, 28-Jun-2022,17.25,17.25,17.4,17.0, 17.20,17.15,17.26,1224345,211.26,7324, 580122, 47.38,0.47382232949046227,2022-06-28
CENTRUM, EQ, 28-Jun-2022,20.85,20.85,20.9,20.5, 20.75,20.6,20.66,65982,13.63,370, 43085, 65.30,0.6529811160619563,2022-06-28
CENTUM, EQ, 28-Jun-2022,414.75,412.0,416.35,410.0, 410.00,410.85,412.17,1598,6.59,197, 708, 44.31,0.4430538172715895,2022-06-28
CENTURYPLY, EQ, 28-Jun-2022,519.6,519.6,519.6,503.6, 512.95,510.5,512.84,74829,383.75,10258, 45296, 60.53,0.6053268117975651,2022-06-28
CENTURYTEX, EQ, 28-Jun-2022,807.65,814.0,814.0,794.5, 801.95,802.55,801.09,75802,607.25,3747, 17951, 23.68,0.23681433207567082,2022-06-28
CERA, EQ, 28-Jun-2022,4197.35,4130.5,4182.45,4060.0, 4087.00,4094.55,4148.59,14126,586.03,2740, 9129, 64.63,0.6462551323800085,2022-06-28
CEREBRAINT, EQ, 28-Jun-2022,48.3,48.4,50.35,47.0, 49.90,49.95,48.7,90127,43.89,1469, 42280, 46.91,0.46911580325540625,2022-06-28
CESC, EQ, 28-Jun-2022,70.85,71.5,73.8,70.55, 72.90,72.95,72.75,1948097,1417.29,14882, 934073, 47.95,0.4794797178990574,2022-06-28
CGCL, EQ, 28-Jun-2022,707.15,713.4,714.9,705.0, 705.00,706.45,708.33,126987,899.49,1864, 94804, 74.66,0.746564608975722,2022-06-28
CGPOWER, EQ, 28-Jun-2022,187.0,185.0,192.9,182.95, 190.50,191.3,188.36,998102,1880.0,10277, 579288, 58.04,0.5803895794217425,2022-06-28
CHALET, EQ, 28-Jun-2022,307.65,308.0,314.9,301.05, 310.90,312.05,308.26,231356,713.18,5735, 94824, 40.99,0.4098618579159391,2022-06-28
CHAMBLFERT, EQ, 28-Jun-2022,284.8,284.75,284.75,268.2, 270.00,269.95,272.08,4142486,11270.82,53560, 1611201, 38.89,0.3889454303526916,2022-06-28
CHEMBOND, EQ, 28-Jun-2022,161.15,157.8,165.75,157.65, 163.90,163.55,163.73,9169,15.01,262, 3515, 38.34,0.38335696368197186,2022-06-28
CHEMCON, EQ, 28-Jun-2022,283.5,280.05,286.8,279.9, 285.50,285.35,283.41,35294,100.03,1961, 22075, 62.55,0.625460418201394,2022-06-28
CHEMFAB, EQ, 28-Jun-2022,156.85,159.9,164.65,157.0, 164.65,164.65,163.67,9439,15.45,122, 7036, 74.54,0.7454179468164001,2022-06-28
CHEMPLASTS, EQ, 28-Jun-2022,482.15,474.7,476.25,460.25, 463.45,462.6,466.01,123535,575.68,7343, 48639, 39.37,0.39372647427854457,2022-06-28
CHENNPETRO, EQ, 28-Jun-2022,298.95,300.95,331.7,300.5, 326.00,325.75,322.21,10510042,33863.98,131238, 1735083, 16.51,0.16508811287338337,2022-06-28
CHEVIOT, EQ, 28-Jun-2022,1192.35,1184.1,1199.95,1155.55, 1177.10,1174.7,1182.4,1644,19.44,375, 995, 60.52,0.6052311435523114,2022-06-28
CHOICEIN, EQ, 28-Jun-2022,388.25,386.1,389.5,382.05, 388.00,387.85,386.33,39518,152.67,2562, 6152, 15.57,0.15567589452907535,2022-06-28
CHOLAFIN, EQ, 28-Jun-2022,634.25,634.25,642.95,627.0, 641.30,640.8,635.44,1387622,8817.48,32696, 389887, 28.10,0.2809749340958849,2022-06-28
CHOLAHLDNG, EQ, 28-Jun-2022,625.0,626.75,627.2,620.45, 625.00,626.0,625.4,6158,38.51,675, 4214, 68.43,0.6843130886651511,2022-06-28
CIGNITITEC, EQ, 28-Jun-2022,434.9,433.2,442.4,433.2, 436.50,438.7,438.29,54761,240.01,1418, 41083, 75.02,0.7502236993480762,2022-06-28
CINELINE, EQ, 28-Jun-2022,137.9,135.35,138.0,131.05, 135.05,136.1,133.3,31073,41.42,349, 19824, 63.80,0.6379815273710295,2022-06-28
CINEVISTA, EQ, 28-Jun-2022,11.2,11.1,11.5,10.75, 10.75,10.95,11.17,27435,3.06,157, 11688, 42.60,0.42602515035538546,2022-06-28
CIPLA, EQ, 28-Jun-2022,932.35,935.0,947.8,921.85, 947.30,945.1,934.11,931109,8697.57,34709, 335875, 36.07,0.3607257582087597,2022-06-28
CLEAN, EQ, 28-Jun-2022,1473.65,1469.0,1482.8,1450.7, 1479.95,1459.9,1461.06,98731,1442.52,10797, 62144, 62.94,0.6294274341392267,2022-06-28
CLEDUCATE, EQ, 28-Jun-2022,122.7,121.5,123.5,120.65, 123.40,123.1,121.75,18880,22.99,180, 14245, 75.45,0.7545021186440678,2022-06-28
CLNINDIA, EQ, 28-Jun-2022,412.65,414.75,417.7,409.5, 409.50,413.45,413.77,7714,31.92,754, 4184, 54.24,0.5423904589058854,2022-06-28
CLSEL, EQ, 28-Jun-2022,95.6,96.45,97.0,94.8, 96.95,96.6,96.37,24181,23.3,664, 16980, 70.22,0.7022042099168769,2022-06-28
CMICABLES, EQ, 28-Jun-2022,22.9,22.75,22.9,22.5, 22.65,22.7,22.8,42812,9.76,245, 33940, 79.28,0.7927683826964402,2022-06-28
CMSINFO, EQ, 28-Jun-2022,223.3,223.95,226.0,221.4, 225.00,224.35,223.84,59685,133.6,3391, 27609, 46.26,0.4625785373209349,2022-06-28
COALINDIA, EQ, 28-Jun-2022,182.05,181.15,186.95,180.75, 186.75,186.4,184.08,9844211,18121.04,78300, 2630391, 26.72,0.26720181028220547,2022-06-28
COASTCORP, EQ, 28-Jun-2022,272.15,270.25,276.75,260.25, 266.90,267.0,268.03,12480,33.45,397, 4889, 39.17,0.39174679487179487,2022-06-28
COCHINSHIP, EQ, 28-Jun-2022,309.5,307.0,317.5,307.0, 314.55,314.5,311.69,147361,459.32,5138, 35560, 24.13,0.2413121517905009,2022-06-28
COFFEEDAY, EQ, 28-Jun-2022,44.1,43.6,45.0,43.55, 43.75,44.15,44.35,644723,285.92,3220, 320696, 49.74,0.49741672004876514,2022-06-28
COFORGE, EQ, 28-Jun-2022,3791.1,3751.35,3781.85,3710.0, 3730.00,3735.2,3738.08,309547,11571.11,38798, 110180, 35.59,0.35593948576468193,2022-06-28
COLPAL, EQ, 28-Jun-2022,1511.0,1511.0,1519.8,1497.3, 1515.00,1514.2,1509.85,197903,2988.04,12049, 131454, 66.42,0.6642344987190695,2022-06-28
COMPINFO, EQ, 28-Jun-2022,22.95,22.75,23.7,22.4, 22.60,22.6,22.94,1883853,432.23,3566, 640179, 33.98,0.33982428565286144,2022-06-28
COMPUSOFT, EQ, 28-Jun-2022,23.95,23.9,24.45,23.2, 23.85,23.8,23.81,177734,42.33,1509, 70487, 39.66,0.39658703455725974,2022-06-28
CONCOR, EQ, 28-Jun-2022,624.6,624.65,628.05,616.2, 620.00,620.25,619.64,715973,4436.47,17927, 277305, 38.73,0.38731209137774747,2022-06-28
CONFIPET, EQ, 28-Jun-2022,47.85,47.95,48.2,46.65, 47.35,47.25,47.14,280176,132.08,3294, 144300, 51.50,0.515033407572383,2022-06-28
CONSOFINVT, EQ, 28-Jun-2022,118.65,122.15,122.15,118.5, 119.20,119.25,119.58,1386,1.66,37, 1218, 87.88,0.8787878787878788,2022-06-28
CONSUMBEES, EQ, 28-Jun-2022,73.44,75.47,75.47,72.25, 73.32,73.52,73.47,3786,2.78,167, 2229, 58.87,0.5887480190174327,2022-06-28
CONTROLPR, EQ, 28-Jun-2022,430.65,430.25,432.75,419.0, 429.80,427.1,425.76,7968,33.92,834, 4116, 51.66,0.516566265060241,2022-06-28
CORALFINAC, EQ, 28-Jun-2022,33.7,33.4,34.25,33.3, 33.70,33.5,33.69,9719,3.27,246, 5013, 51.58,0.5157938059471139,2022-06-28
CORDSCABLE, EQ, 28-Jun-2022,52.45,52.9,53.7,52.2, 53.25,53.1,53.17,9018,4.79,345, 6132, 68.00,0.6799733865602129,2022-06-28
COROMANDEL, EQ, 28-Jun-2022,946.05,940.1,951.0,931.05, 934.30,937.55,939.27,186507,1751.8,8945, 80702, 43.27,0.4327022578241031,2022-06-28
COSMOFILMS, EQ, 28-Jun-2022,1046.5,1043.5,1047.45,1010.0, 1034.35,1034.85,1030.87,73248,755.09,8288, 20294, 27.71,0.2770587592835299,2022-06-28
COUNCODOS, EQ, 28-Jun-2022,4.35,4.45,4.45,4.2, 4.40,4.3,4.32,48293,2.09,153, 23547, 48.76,0.4875861926159071,2022-06-28
CPSEETF, EQ, 28-Jun-2022,32.42,32.74,32.98,32.21, 32.89,32.93,32.7,960818,314.18,2727, 518185, 53.93,0.5393164990664205,2022-06-28
CRAFTSMAN, EQ, 28-Jun-2022,2195.45,2208.0,2250.3,2165.0, 2215.00,2212.2,2202.42,60877,1340.76,3697, 45358, 74.51,0.7450761371289649,2022-06-28
CREATIVE, EQ, 28-Jun-2022,545.0,527.5,545.0,527.5, 545.00,544.25,537.04,50371,270.51,133, 49127, 97.53,0.975303249885847,2022-06-28
CREDITACC, EQ, 28-Jun-2022,1002.5,1010.0,1027.75,983.05, 995.00,1004.5,1005.85,149236,1501.09,10519, 46942, 31.45,0.3145487683936852,2022-06-28
CREST, EQ, 28-Jun-2022,166.45,165.8,167.5,162.65, 167.50,166.7,165.18,1966,3.25,83, 1271, 64.65,0.6464903357070193,2022-06-28
CRISIL, EQ, 28-Jun-2022,3209.45,3215.9,3244.0,3185.65, 3213.55,3224.85,3212.79,12913,414.87,3635, 5739, 44.44,0.44443583985131263,2022-06-28
CROMPTON, EQ, 28-Jun-2022,346.1,344.65,345.0,338.8, 341.70,341.65,342.2,934276,3197.07,24773, 385973, 41.31,0.4131252435040609,2022-06-28
CROWN, EQ, 28-Jun-2022,31.05,31.45,32.5,30.2, 31.00,30.5,31.06,3118,0.97,173, 1554, 49.84,0.49839640795381657,2022-06-28
CSBBANK, EQ, 28-Jun-2022,196.6,192.5,200.0,192.5, 199.75,199.45,198.06,142656,282.54,3471, 68326, 47.90,0.4789563705697622,2022-06-28
CTE, EQ, 28-Jun-2022,54.15,54.95,54.95,52.7, 53.55,54.4,53.9,14521,7.83,385, 8172, 56.28,0.5627711590110874,2022-06-28
CUB, EQ, 28-Jun-2022,137.25,136.75,138.7,136.0, 137.10,137.0,137.66,3799379,5230.38,33831, 903272, 23.77,0.23774200994425668,2022-06-28
CUBEXTUB, EQ, 28-Jun-2022,25.0,25.65,25.65,24.15, 24.50,24.5,24.76,3243,0.8,111, 2188, 67.47,0.6746839346284305,2022-06-28
CUMMINSIND, EQ, 28-Jun-2022,1007.35,1001.65,1006.05,993.0, 1002.85,1001.15,998.87,320171,3198.1,11118, 176311, 55.07,0.5506776066539443,2022-06-28
CUPID, EQ, 28-Jun-2022,218.25,220.0,220.0,213.55, 216.00,216.2,215.63,16355,35.27,928, 9200, 56.25,0.562519107306634,2022-06-28
CYBERMEDIA, EQ, 28-Jun-2022,16.65,16.65,17.3,16.2, 17.15,17.1,16.71,6999,1.17,51, 2568, 36.69,0.3669095585083583,2022-06-28
CYBERTECH, EQ, 28-Jun-2022,135.2,135.9,138.7,133.6, 138.00,137.85,136.8,33606,45.97,982, 14797, 44.03,0.44030827828363983,2022-06-28
CYIENT, EQ, 28-Jun-2022,792.0,792.5,798.0,771.0, 776.00,775.7,778.46,137497,1070.36,14750, 80508, 58.55,0.5855255023745972,2022-06-28
DAAWAT, EQ, 28-Jun-2022,75.45,75.45,78.4,74.3, 77.50,77.7,76.24,1404251,1070.64,11378, 609550, 43.41,0.43407481995740077,2022-06-28
DABUR, EQ, 28-Jun-2022,515.7,515.7,515.7,507.45, 512.00,512.1,511.12,1358007,6941.07,19964, 763939, 56.25,0.5625442284170847,2022-06-28
DALBHARAT, EQ, 28-Jun-2022,1302.6,1299.0,1313.8,1273.15, 1304.00,1302.4,1298.59,133711,1736.36,8706, 27210, 20.35,0.20349859024313632,2022-06-28
DALMIASUG, EQ, 28-Jun-2022,317.05,314.6,319.5,310.6, 317.80,317.0,315.33,65640,206.98,3103, 32023, 48.79,0.48785801340645946,2022-06-28
DAMODARIND, EQ, 28-Jun-2022,43.05,42.55,44.0,42.1, 43.50,43.45,43.27,7062,3.06,164, 2457, 34.79,0.34791843670348344,2022-06-28
DANGEE, EQ, 28-Jun-2022,380.15,380.15,394.65,370.15, 378.00,376.55,384.49,17099,65.74,1105, 6118, 35.78,0.35779870167846073,2022-06-28
DATAMATICS, EQ, 28-Jun-2022,290.25,291.0,296.2,285.45, 295.00,294.45,289.93,55442,160.75,2869, 15357, 27.70,0.2769921719995671,2022-06-28
DATAPATTNS, EQ, 28-Jun-2022,659.85,657.0,664.9,652.55, 656.00,660.6,659.55,64810,427.46,3926, 36944, 57.00,0.5700354883505632,2022-06-28
DBCORP, EQ, 28-Jun-2022,78.0,77.0,79.0,75.2, 76.00,75.95,76.38,77727,59.37,2587, 42839, 55.11,0.5511469630887593,2022-06-28
DBL, EQ, 28-Jun-2022,195.1,194.0,194.75,191.6, 192.50,192.65,193.31,330708,639.29,4144, 156731, 47.39,0.47392563832746715,2022-06-28
DBREALTY, BE, 28-Jun-2022,60.35,60.35,60.35,57.35, 59.00,58.3,58.29,247321,144.16,1019, -, -,,2022-06-28
DBSTOCKBRO, EQ, 28-Jun-2022,21.1,21.9,21.9,20.75, 21.50,20.85,20.92,791,0.17,24, 687, 86.85,0.8685208596713021,2022-06-28
DCAL, EQ, 28-Jun-2022,117.95,117.8,120.25,116.1, 116.75,116.9,118.54,365456,433.2,10211, 65117, 17.82,0.17818013659647125,2022-06-28
DCBBANK, EQ, 28-Jun-2022,77.45,77.5,79.4,76.15, 76.75,76.9,78.14,1718607,1342.86,32152, 270183, 15.72,0.15721046172859765,2022-06-28
DCM, EQ, 28-Jun-2022,67.2,67.8,71.05,66.7, 69.50,69.35,69.08,23293,16.09,791, 11090, 47.61,0.47610870218520585,2022-06-28
DCMFINSERV, EQ, 28-Jun-2022,4.15,4.15,4.15,3.95, 3.95,3.95,4.04,2733,0.11,28, 2632, 96.30,0.9630442736919137,2022-06-28
DCMNVL, EQ, 28-Jun-2022,180.8,179.8,182.45,175.0, 175.90,175.75,178.46,27605,49.26,746, 18685, 67.69,0.6768701322224234,2022-06-28
DCMSHRIRAM, EQ, 28-Jun-2022,948.8,945.0,962.0,943.6, 955.45,952.85,953.96,27453,261.89,3332, 7001, 25.50,0.255017666557389,2022-06-28
DCMSRIND, EQ, 28-Jun-2022,78.9,79.0,80.7,77.6, 80.40,80.25,79.68,67445,53.74,1612, 30593, 45.36,0.45359922900140853,2022-06-28
DCW, EQ, 28-Jun-2022,36.4,35.0,37.2,34.95, 37.05,36.9,36.3,489179,177.56,2131, 185710, 37.96,0.3796360841328021,2022-06-28
DECCANCE, EQ, 28-Jun-2022,440.8,435.2,470.0,435.0, 469.95,457.85,447.75,3883,17.39,446, 2064, 53.15,0.5315477723409735,2022-06-28
DEEPAKFERT, EQ, 28-Jun-2022,593.05,594.0,622.7,588.0, 618.90,622.25,611.52,429871,2628.74,13544, 182977, 42.57,0.42565560365784155,2022-06-28
DEEPAKNTR, EQ, 28-Jun-2022,1814.25,1814.0,1814.0,1788.75, 1795.00,1795.95,1799.45,340584,6128.63,20309, 107364, 31.52,0.31523500810372773,2022-06-28
DEEPENR, EQ, 28-Jun-2022,78.6,77.55,80.0,77.55, 80.00,79.7,79.45,17774,14.12,309, 9211, 51.82,0.5182288736356476,2022-06-28
DEEPINDS, EQ, 28-Jun-2022,200.85,198.0,201.75,197.25, 197.50,198.05,199.27,46157,91.98,1259, 30213, 65.46,0.6545702710314795,2022-06-28
DELHIVERY, EQ, 28-Jun-2022,491.4,491.0,505.0,488.95, 502.00,501.95,495.45,279123,1382.9,4672, 184900, 66.24,0.66243197443421,2022-06-28
DELPHIFX, EQ, 28-Jun-2022,397.45,417.8,417.8,395.0, 395.90,396.25,398.69,697,2.78,63, 617, 88.52,0.8852223816355811,2022-06-28
DELTACORP, EQ, 28-Jun-2022,176.8,175.35,179.5,173.05, 176.70,177.9,176.81,4418997,7813.13,28420, 952880, 21.56,0.21563264242994507,2022-06-28
DELTAMAGNT, EQ, 28-Jun-2022,66.85,70.15,70.15,70.15, 70.15,70.15,70.15,3059,2.15,38, 3057, 99.93,0.9993461915658712,2022-06-28
DEN, EQ, 28-Jun-2022,33.3,33.55,34.25,32.75, 33.70,33.7,33.63,506252,170.24,3298, 229834, 45.40,0.4539912928739047,2022-06-28
DENORA, EQ, 28-Jun-2022,778.6,800.0,856.45,795.0, 856.45,856.3,840.43,133626,1123.04,7858, 47244, 35.36,0.3535539490817655,2022-06-28
DEVIT, EQ, 28-Jun-2022,170.25,176.75,176.75,174.0, 174.50,174.9,175.31,38981,68.34,491, 11537, 29.60,0.2959647007516482,2022-06-28
DEVYANI, EQ, 28-Jun-2022,154.95,153.8,155.7,150.25, 150.95,150.9,151.88,796599,1209.88,10782, 384767, 48.30,0.4830121554257537,2022-06-28
DFMFOODS, EQ, 28-Jun-2022,200.75,200.0,202.85,199.2, 202.85,201.8,201.46,11072,22.31,466, 6293, 56.84,0.5683706647398844,2022-06-28
DGCONTENT, EQ, 28-Jun-2022,15.05,14.35,15.45,14.35, 15.35,15.1,15.22,142154,21.63,96, 137792, 96.93,0.9693149682738439,2022-06-28
DHAMPURSUG, EQ, 28-Jun-2022,225.15,222.1,228.45,221.6, 227.45,225.5,225.47,199781,450.45,6821, 77717, 38.90,0.3890109670088747,2022-06-28
DHANBANK, EQ, 28-Jun-2022,11.75,11.7,11.8,11.65, 11.65,11.7,11.73,91586,10.74,357, 54190, 59.17,0.5916843185639726,2022-06-28
DHANI, EQ, 28-Jun-2022,31.0,31.85,32.55,31.25, 32.55,32.55,32.35,3840227,1242.28,4753, 2061025, 53.67,0.5366935340020265,2022-06-28
DHANUKA, EQ, 28-Jun-2022,701.95,705.5,709.95,695.0, 708.45,704.5,701.16,6790,47.61,2141, 2805, 41.31,0.41310751104565535,2022-06-28
DHANVARSHA, EQ, 28-Jun-2022,75.75,82.4,90.9,78.95, 90.90,90.9,88.49,3033334,2684.29,47036, 698835, 23.04,0.2303851142010738,2022-06-28
DHARAMSI, EQ, 28-Jun-2022,378.9,379.5,389.95,360.0, 367.00,367.35,370.86,31453,116.65,2311, 14782, 47.00,0.4699710679426446,2022-06-28
DHARSUGAR, BE, 28-Jun-2022,11.0,11.0,11.2,10.8, 10.85,10.95,10.93,5423,0.59,77, -, -,,2022-06-28
DHRUV, EQ, 28-Jun-2022,44.15,44.0,48.5,43.65, 47.90,47.45,45.67,17382,7.94,315, 11223, 64.57,0.6456679323438039,2022-06-28
DHUNINV, EQ, 28-Jun-2022,586.15,587.25,587.25,567.4, 570.70,572.55,572.98,687,3.94,91, 388, 56.48,0.5647743813682679,2022-06-28
DIAMONDYD, EQ, 28-Jun-2022,648.75,655.25,655.9,636.1, 637.85,638.9,639.81,37357,239.01,470, 35949, 96.23,0.9623096073025136,2022-06-28
DICIND, EQ, 28-Jun-2022,369.95,372.0,375.0,371.0, 374.40,373.55,374.08,776,2.9,83, 597, 76.93,0.7693298969072165,2022-06-28
DIGISPICE, EQ, 28-Jun-2022,26.65,26.8,31.45,26.1, 29.85,29.6,28.63,109643,31.39,459, 56071, 51.14,0.5113960763569038,2022-06-28
DIGJAMLMTD, BE, 28-Jun-2022,120.95,122.9,124.9,118.5, 122.90,120.65,122.1,1180,1.44,47, -, -,,2022-06-28
DIL, EQ, 28-Jun-2022,48.25,49.4,49.4,47.2, 47.85,47.9,48.04,28401,13.64,141, 8635, 30.40,0.30403859019048624,2022-06-28
DISHTV, EQ, 28-Jun-2022,12.5,12.65,13.2,12.2, 13.05,12.8,12.51,3106870,388.69,3851, 1884697, 60.66,0.6066224206355593,2022-06-28
DIVISLAB, EQ, 28-Jun-2022,3673.45,3681.5,3681.5,3582.95, 3607.00,3613.45,3609.07,560883,20242.65,43931, 335418, 59.80,0.5980177684115938,2022-06-28
DIVOPPBEES, EQ, 28-Jun-2022,41.74,42.74,42.74,41.01, 41.68,41.73,41.58,3999,1.66,103, 2743, 68.59,0.6859214803700925,2022-06-28
DIXON, EQ, 28-Jun-2022,3636.15,3640.0,3695.0,3591.1, 3668.10,3664.7,3651.98,251343,9179.0,22364, 39067, 15.54,0.15543301384959995,2022-06-28
DLF, EQ, 28-Jun-2022,318.05,315.9,320.0,310.5, 319.60,319.4,316.02,5140316,16244.42,43480, 744051, 14.47,0.14474810498031637,2022-06-28
DLINKINDIA, EQ, 28-Jun-2022,119.25,119.95,120.55,116.35, 118.00,118.5,118.61,65853,78.11,2742, 18537, 28.15,0.28149059268370463,2022-06-28
DMART, EQ, 28-Jun-2022,3408.6,3407.55,3497.0,3374.0, 3475.00,3479.95,3457.18,440886,15242.21,54453, 149168, 33.83,0.3383368943445698,2022-06-28
DNAMEDIA, BE, 28-Jun-2022,2.9,3.0,3.0,3.0, 3.00,3.0,3.0,25879,0.78,23, -, -,,2022-06-28
DODLA, EQ, 28-Jun-2022,480.3,480.3,483.55,480.0, 480.20,482.3,480.8,4224,20.31,716, 2919, 69.11,0.6910511363636364,2022-06-28
DOLATALGO, EQ, 28-Jun-2022,65.85,65.8,68.0,64.55, 66.15,66.5,65.58,161334,105.81,1611, 108889, 67.49,0.6749290292188875,2022-06-28
DOLLAR, EQ, 28-Jun-2022,483.05,482.0,485.0,478.1, 479.50,479.85,480.7,36044,173.26,1781, 22585, 62.66,0.6265952724447897,2022-06-28
DONEAR, EQ, 28-Jun-2022,51.45,54.0,54.0,50.65, 51.40,51.2,52.24,20066,10.48,396, 10448, 52.07,0.5206817502242599,2022-06-28
DPABHUSHAN, EQ, 28-Jun-2022,390.8,398.4,398.4,373.6, 385.05,386.85,385.33,1410,5.43,85, 1003, 71.13,0.7113475177304964,2022-06-28
DPSCLTD, EQ, 28-Jun-2022,11.35,11.5,11.5,10.95, 11.25,11.25,11.2,43960,4.92,319, 33119, 75.34,0.7533894449499545,2022-06-28
DPWIRES, EQ, 28-Jun-2022,288.85,288.5,292.6,282.0, 282.05,283.55,286.78,4871,13.97,770, 1794, 36.83,0.3683021966741942,2022-06-28
DREDGECORP, EQ, 28-Jun-2022,268.85,268.0,271.6,265.0, 267.00,266.95,267.28,37871,101.22,2248, 9368, 24.74,0.24736605846161971,2022-06-28
DRREDDY, EQ, 28-Jun-2022,4320.55,4329.25,4380.0,4312.0, 4375.00,4374.6,4348.34,282443,12281.59,25548, 129662, 45.91,0.45907315812394006,2022-06-28
DSPN50ETF, EQ, 28-Jun-2022,159.75,159.0,159.25,157.56, 159.25,158.5,158.46,5505,8.72,31, 5469, 99.35,0.9934604904632153,2022-06-28
DSPNEWETF, EQ, 28-Jun-2022,180.25,180.25,180.65,178.25, 180.65,179.58,178.97,714,1.28,51, 455, 63.73,0.6372549019607843,2022-06-28
DSPQ50ETF, EQ, 28-Jun-2022,152.54,151.75,152.75,150.7, 152.75,152.74,152.0,13590,20.66,72, 10802, 79.48,0.7948491537895511,2022-06-28
DSSL, BE, 28-Jun-2022,318.85,323.95,332.0,310.0, 330.00,329.45,324.69,11206,36.38,436, -, -,,2022-06-28
DTIL, EQ, 28-Jun-2022,208.15,211.25,211.25,204.1, 204.10,205.1,205.88,407,0.84,65, 277, 68.06,0.6805896805896806,2022-06-28
DUCON, EQ, 28-Jun-2022,18.75,19.35,20.3,18.6, 19.25,19.1,19.2,136647,26.23,853, 63306, 46.33,0.46328130145557533,2022-06-28
DVL, EQ, 28-Jun-2022,204.6,203.0,205.8,198.95, 202.60,200.85,201.41,20072,40.43,881, 8903, 44.36,0.4435532084495815,2022-06-28
DWARKESH, EQ, 28-Jun-2022,102.55,102.0,103.9,101.0, 102.50,102.55,102.74,1115737,1146.28,9179, 208402, 18.68,0.1867841615004253,2022-06-28
DYNAMATECH, EQ, 28-Jun-2022,1788.05,1782.0,1824.85,1779.4, 1805.00,1806.35,1811.92,5037,91.27,811, 988, 19.61,0.19614850109191978,2022-06-28
DYNPRO, EQ, 28-Jun-2022,414.45,419.7,419.7,405.15, 409.25,409.85,409.25,5355,21.92,718, 2206, 41.20,0.4119514472455649,2022-06-28
E2E, EQ, 28-Jun-2022,107.5,102.7,118.25,102.7, 118.25,118.05,115.81,24745,28.66,865, 16227, 65.58,0.6557688421903415,2022-06-28
EASEMYTRIP, EQ, 28-Jun-2022,398.4,397.8,398.95,389.1, 390.55,391.25,393.47,510866,2010.09,7174, 198507, 38.86,0.3885696053368202,2022-06-28
EASTSILK, BE, 28-Jun-2022,4.35,4.55,4.55,4.25, 4.50,4.45,4.47,33510,1.5,106, -, -,,2022-06-28
EASUNREYRL, BZ, 28-Jun-2022,2.4,2.45,2.45,2.3, 2.30,2.3,2.42,896,0.02,4, -, -,,2022-06-28
EBBETF0423, EQ, 28-Jun-2022,1174.14,1171.0,1178.99,1171.0, 1178.27,1176.19,1176.59,2760,32.47,54, 1496, 54.20,0.5420289855072464,2022-06-28
EBBETF0425, EQ, 28-Jun-2022,1062.4,1062.59,1065.0,1062.59, 1063.50,1063.5,1064.85,2045,21.78,14, 1986, 97.11,0.9711491442542787,2022-06-28
EBBETF0430, EQ, 28-Jun-2022,1175.97,1200.0,1200.0,1174.9, 1177.20,1175.56,1176.42,51102,601.17,153, 50575, 98.97,0.9896872920825016,2022-06-28
EBBETF0431, EQ, 28-Jun-2022,1043.73,1043.09,1046.3,1043.02, 1045.47,1044.21,1044.58,6625,69.2,102, 5618, 84.80,0.848,2022-06-28
ECLERX, EQ, 28-Jun-2022,1993.15,1971.0,1987.85,1905.0, 1929.00,1933.45,1938.84,29302,568.12,4150, 16278, 55.55,0.5555252201214934,2022-06-28
EDELWEISS, EQ, 28-Jun-2022,52.9,53.8,53.8,51.6, 52.05,52.05,52.05,772003,401.82,8483, 365602, 47.36,0.47357587988647715,2022-06-28
EDUCOMP, BZ, 28-Jun-2022,3.1,3.05,3.1,3.0, 3.05,3.05,3.05,9389,0.29,37, -, -,,2022-06-28
EICHERMOT, EQ, 28-Jun-2022,2848.3,2827.7,2886.1,2818.75, 2869.00,2863.8,2861.38,770778,22054.89,44103, 383568, 49.76,0.4976374520289889,2022-06-28
EIDPARRY, EQ, 28-Jun-2022,513.95,512.4,517.95,500.2, 501.55,502.95,507.35,282376,1432.64,8517, 110678, 39.20,0.3919525738731337,2022-06-28
EIFFL, EQ, 28-Jun-2022,106.5,106.5,112.0,103.05, 111.95,110.9,108.08,1870,2.02,266, 836, 44.71,0.4470588235294118,2022-06-28
EIHAHOTELS, EQ, 28-Jun-2022,351.25,346.35,367.0,346.35, 365.00,363.45,356.49,3798,13.54,265, 2380, 62.66,0.6266456029489205,2022-06-28
EIHOTEL, EQ, 28-Jun-2022,125.15,125.2,126.8,124.6, 125.00,125.15,125.44,162850,204.28,2053, 99475, 61.08,0.6108381946576604,2022-06-28
EIMCOELECO, EQ, 28-Jun-2022,361.8,356.45,367.1,352.05, 364.00,361.55,358.91,5879,21.1,405, 3664, 62.32,0.6232352440891308,2022-06-28
EKC, EQ, 28-Jun-2022,174.4,175.95,183.1,170.05, 183.10,181.65,178.4,251632,448.92,4268, 149396, 59.37,0.5937082723977872,2022-06-28
ELDEHSG, EQ, 28-Jun-2022,550.75,568.9,568.9,538.3, 557.95,552.85,546.43,1862,10.17,195, 1061, 56.98,0.5698174006444683,2022-06-28
ELECON, EQ, 28-Jun-2022,261.45,262.05,271.1,255.6, 269.00,268.95,264.92,1356356,3593.24,19353, 303036, 22.34,0.22341922032268816,2022-06-28
ELECTCAST, EQ, 28-Jun-2022,31.85,31.7,32.5,31.1, 32.05,32.1,31.61,414279,130.97,1639, 205854, 49.69,0.4968970186758199,2022-06-28
ELECTHERM, EQ, 28-Jun-2022,99.7,99.35,100.0,89.4, 89.50,89.75,92.3,124480,114.9,1889, 93151, 74.83,0.7483210154241645,2022-06-28
ELGIEQUIP, EQ, 28-Jun-2022,389.65,389.65,389.65,381.2, 384.90,384.6,385.62,190638,735.14,4047, 131690, 69.08,0.6907856775669069,2022-06-28
ELGIRUBCO, EQ, 28-Jun-2022,30.3,30.45,30.45,28.9, 30.35,30.0,29.76,10538,3.14,126, 6127, 58.14,0.581419624217119,2022-06-28
EMAMILTD, EQ, 28-Jun-2022,415.75,412.0,413.85,407.15, 410.90,411.4,410.49,76568,314.31,6329, 29201, 38.14,0.38137341970535993,2022-06-28
EMAMIPAP, EQ, 28-Jun-2022,137.05,138.8,142.35,131.8, 139.10,139.2,139.08,51269,71.3,1744, 19876, 38.77,0.38768066472917356,2022-06-28
EMAMIREAL, EQ, 28-Jun-2022,62.95,61.5,63.8,60.55, 63.75,63.55,62.7,39539,24.79,526, 20370, 51.52,0.5151875363565087,2022-06-28
EMKAY, EQ, 28-Jun-2022,67.7,67.4,67.4,64.55, 65.45,65.25,65.59,23139,15.18,650, 14091, 60.90,0.6089718656813172,2022-06-28
EMMBI, EQ, 28-Jun-2022,80.3,81.05,81.5,79.05, 79.55,79.5,79.85,11058,8.83,299, 7966, 72.04,0.7203834328088262,2022-06-28
EMUDHRA, EQ, 28-Jun-2022,239.5,238.55,251.0,237.2, 246.00,246.3,246.07,115028,283.05,3552, 70844, 61.59,0.6158848280418681,2022-06-28
ENDURANCE, EQ, 28-Jun-2022,1353.45,1343.55,1385.1,1336.9, 1351.00,1361.45,1349.52,239325,3229.74,8578, 174269, 72.82,0.7281688081061318,2022-06-28
ENERGYDEV, EQ, 28-Jun-2022,14.95,15.0,15.3,14.3, 14.30,14.5,14.57,86104,12.55,329, 57842, 67.18,0.6717690235064573,2022-06-28
ENGINERSIN, EQ, 28-Jun-2022,57.8,57.85,58.5,57.4, 58.10,57.95,57.81,264034,152.63,2244, 105981, 40.14,0.40139148745994835,2022-06-28
ENIL, EQ, 28-Jun-2022,175.4,175.8,175.8,171.1, 171.60,173.65,174.41,5444,9.49,139, 3286, 60.36,0.603600293901543,2022-06-28
EPL, EQ, 28-Jun-2022,153.0,153.0,160.0,150.3, 158.50,158.0,155.62,150951,234.91,6857, 85241, 56.47,0.564693178581129,2022-06-28
EQUIPPP, BE, 28-Jun-2022,51.15,50.85,53.6,50.0, 53.20,53.05,52.29,7855,4.11,87, -, -,,2022-06-28
EQUITAS, EQ, 28-Jun-2022,84.75,84.25,85.0,82.5, 84.30,84.6,83.64,329574,275.67,7726, 178196, 54.07,0.5406858550735192,2022-06-28
EQUITASBNK, EQ, 28-Jun-2022,39.45,39.65,39.9,38.7, 39.40,39.55,39.25,374337,146.94,4624, 199393, 53.27,0.5326564031875022,2022-06-28
ERIS, EQ, 28-Jun-2022,654.6,652.85,653.15,640.0, 643.90,643.6,646.32,4615,29.83,750, 2700, 58.50,0.5850487540628385,2022-06-28
EROSMEDIA, EQ, 28-Jun-2022,23.35,22.9,23.8,22.6, 23.35,23.5,23.35,136831,31.95,1122, 57436, 41.98,0.41975868041598763,2022-06-28
ESABINDIA, EQ, 28-Jun-2022,3474.1,3509.95,3670.0,3461.55, 3668.95,3638.85,3590.49,7828,281.06,2270, 3117, 39.82,0.3981859989780276,2022-06-28
ESCORTS, EQ, 28-Jun-2022,1544.9,1548.0,1551.95,1530.0, 1532.00,1533.15,1540.7,298015,4591.52,14205, 134896, 45.26,0.45264835662634434,2022-06-28
ESSARSHPNG, EQ, 28-Jun-2022,7.0,6.9,7.15,6.9, 7.00,7.0,7.04,115679,8.14,322, 75987, 65.69,0.6568780850456868,2022-06-28
ESSENTIA, EQ, 28-Jun-2022,2.2,2.3,2.3,2.3, 2.30,2.3,2.3,102,0.0,2, 102, 100.00,1.0,2022-06-28
ESTER, EQ, 28-Jun-2022,123.35,124.6,127.0,122.0, 126.80,126.6,124.81,49197,61.4,1676, 19103, 38.83,0.3882960343110352,2022-06-28
ETHOSLTD, EQ, 28-Jun-2022,809.95,795.4,817.15,792.0, 792.50,797.85,806.34,13009,104.9,1318, 8304, 63.83,0.6383273118610193,2022-06-28
EVEREADY, EQ, 28-Jun-2022,294.55,294.0,296.0,291.0, 295.50,294.45,293.44,43978,129.05,999, 22581, 51.35,0.5134612760925917,2022-06-28
EVERESTIND, EQ, 28-Jun-2022,524.5,524.5,524.5,516.4, 521.10,521.0,519.58,9947,51.68,1325, 4931, 49.57,0.4957273549814014,2022-06-28
EXCEL, EQ, 28-Jun-2022,6.5,6.7,6.8,6.65, 6.80,6.8,6.76,220528,14.9,307, 166512, 75.51,0.7550605818762244,2022-06-28
EXCELINDUS, EQ, 28-Jun-2022,1198.7,1204.0,1235.6,1163.95, 1225.00,1222.95,1202.74,16841,202.55,3093, 6602, 39.20,0.3920194762781308,2022-06-28
EXIDEIND, EQ, 28-Jun-2022,139.05,138.8,140.5,137.05, 140.00,140.25,138.9,1437947,1997.31,15538, 485398, 33.76,0.3375632064325041,2022-06-28
EXPLEOSOL, EQ, 28-Jun-2022,1308.55,1310.0,1318.15,1295.0, 1301.00,1300.3,1309.87,2614,34.24,421, 1383, 52.91,0.5290742157612854,2022-06-28
EXXARO, EQ, 28-Jun-2022,108.7,108.55,108.6,105.0, 107.50,107.15,106.98,15507,16.59,498, 6772, 43.67,0.4367060037402463,2022-06-28
FACT, EQ, 28-Jun-2022,98.4,98.0,98.3,96.1, 96.90,97.15,97.15,104880,101.89,2531, 41913, 39.96,0.39962814645308925,2022-06-28
FAIRCHEMOR, EQ, 28-Jun-2022,1507.6,1507.9,1520.0,1465.25, 1473.55,1485.65,1499.98,11108,166.62,3111, 4301, 38.72,0.38719841555635576,2022-06-28
FCL, EQ, 28-Jun-2022,180.3,181.3,184.75,178.35, 182.25,181.65,182.37,925637,1688.07,5862, 545618, 58.95,0.5894513724062457,2022-06-28
FCONSUMER, EQ, 28-Jun-2022,2.05,2.0,2.05,1.95, 2.05,2.05,2.01,4743720,95.3,2772, 2491476, 52.52,0.5252156535377299,2022-06-28
FCSSOFT, EQ, 28-Jun-2022,3.0,3.15,3.15,2.9, 3.05,3.05,3.05,9609341,293.39,4456, 4240294, 44.13,0.441267928778883,2022-06-28
FDC, EQ, 28-Jun-2022,235.05,234.55,246.45,234.5, 245.65,245.05,238.9,135373,323.4,4741, 87379, 64.55,0.6454684464405753,2022-06-28
FEDERALBNK, EQ, 28-Jun-2022,91.05,90.1,92.15,90.05, 91.75,91.8,91.18,6663872,6075.91,19735, 1384060, 20.77,0.20769606619094724,2022-06-28
FEL, EQ, 28-Jun-2022,2.95,2.95,3.05,2.85, 3.05,2.95,2.91,1042212,30.36,978, 525164, 50.39,0.5038936416007491,2022-06-28
FELDVR, EQ, 28-Jun-2022,7.6,7.3,7.9,7.25, 7.55,7.7,7.59,37833,2.87,173, 22097, 58.41,0.5840668199719822,2022-06-28
FIBERWEB, EQ, 28-Jun-2022,35.45,36.0,36.15,35.1, 35.60,35.95,35.61,24723,8.8,529, 14496, 58.63,0.5863366096347531,2022-06-28
FIEMIND, EQ, 28-Jun-2022,1262.6,1261.9,1317.0,1245.05, 1295.30,1303.15,1286.13,179830,2312.84,13331, 52769, 29.34,0.2934382472334983,2022-06-28
FILATEX, EQ, 28-Jun-2022,95.7,95.35,96.95,94.85, 95.20,95.45,95.83,160387,153.7,1636, 116498, 72.64,0.7263556273264042,2022-06-28
FINCABLES, EQ, 28-Jun-2022,386.4,388.45,388.45,378.2, 381.50,382.85,383.67,55876,214.38,3302, 20589, 36.85,0.3684766268165223,2022-06-28
FINEORG, EQ, 28-Jun-2022,4807.0,4838.0,5000.0,4810.1, 4941.05,4970.15,4918.54,59897,2946.06,12212, 17585, 29.36,0.2935873249077583,2022-06-28
FINOPB, EQ, 28-Jun-2022,237.45,237.0,245.65,234.85, 241.90,241.45,239.68,26390,63.25,1607, 10997, 41.67,0.416710875331565,2022-06-28
FINPIPE, EQ, 28-Jun-2022,139.25,139.0,139.95,136.3, 136.50,137.2,137.65,272480,375.07,5876, 170223, 62.47,0.6247174104521432,2022-06-28
FLEXITUFF, EQ, 28-Jun-2022,25.45,26.7,26.7,25.3, 26.50,26.15,26.33,32136,8.46,426, 14456, 44.98,0.44983818770226536,2022-06-28
FLFL, BE, 28-Jun-2022,18.45,17.55,17.55,17.55, 17.55,17.55,17.55,59595,10.46,274, -, -,,2022-06-28
FLUOROCHEM, EQ, 28-Jun-2022,2756.8,2760.0,2814.0,2720.6, 2750.00,2737.6,2758.26,33553,925.48,3638, 21974, 65.49,0.6549041814442822,2022-06-28
FMGOETZE, EQ, 28-Jun-2022,275.8,276.6,280.9,274.55, 279.00,279.05,278.63,24493,68.24,779, 14643, 59.78,0.5978442820397665,2022-06-28
FMNL, EQ, 28-Jun-2022,4.85,4.95,5.05,4.7, 4.85,4.85,4.85,109009,5.29,255, 62106, 56.97,0.5697327743580806,2022-06-28
FOCUS, EQ, 28-Jun-2022,105.6,109.95,110.0,102.05, 105.90,104.75,107.17,3218,3.45,148, 1413, 43.91,0.4390926041019267,2022-06-28
FOODSIN, EQ, 28-Jun-2022,70.15,70.1,70.35,69.05, 69.35,69.95,69.93,12537,8.77,327, 7618, 60.76,0.6076413815107282,2022-06-28
FORCEMOT, EQ, 28-Jun-2022,936.45,943.65,1076.95,938.45, 1068.00,1061.05,1036.25,643887,6672.27,43091, 52007, 8.08,0.08077038362321338,2022-06-28
FORTIS, EQ, 28-Jun-2022,230.5,230.25,231.9,229.0, 230.50,230.45,230.25,527101,1213.67,6851, 393205, 74.60,0.7459765775439622,2022-06-28
FOSECOIND, EQ, 28-Jun-2022,1589.55,1572.0,1590.0,1550.0, 1550.05,1562.15,1574.96,2040,32.13,372, 1085, 53.19,0.5318627450980392,2022-06-28
FRETAIL, EQ, 28-Jun-2022,6.85,6.55,6.9,6.55, 6.70,6.6,6.62,15939747,1055.03,14321, 6851071, 42.98,0.4298105233414307,2022-06-28
FSC, BE, 28-Jun-2022,32.0,30.4,31.35,30.4, 30.40,30.45,30.46,78546,23.92,398, -, -,,2022-06-28
FSL, EQ, 28-Jun-2022,104.9,104.4,104.4,101.5, 103.50,103.3,102.88,2037256,2095.86,12390, 346540, 17.01,0.17010135201467072,2022-06-28
GABRIEL, EQ, 28-Jun-2022,127.5,127.3,137.25,125.85, 134.70,133.3,131.43,1559521,2049.63,16601, 577143, 37.01,0.37007709418468876,2022-06-28
GAEL, EQ, 28-Jun-2022,277.45,276.0,286.0,270.0, 283.95,283.6,277.49,800108,2220.22,26637, 168135, 21.01,0.21014038104855845,2022-06-28
GAIL, EQ, 28-Jun-2022,134.65,133.9,137.2,133.75, 137.10,136.9,135.97,6604729,8980.48,50533, 2279285, 34.51,0.34509894349942294,2022-06-28
GAL, EQ, 28-Jun-2022,3.4,3.3,3.45,3.25, 3.45,3.3,3.29,266834,8.79,242, 173866, 65.16,0.6515886281358447,2022-06-28
GALAXYSURF, EQ, 28-Jun-2022,2901.75,2901.75,2989.85,2868.85, 2957.65,2964.75,2931.06,8811,258.26,2587, 3370, 38.25,0.3824764498921802,2022-06-28
GALLANTT, EQ, 28-Jun-2022,68.6,69.55,76.1,68.55, 74.30,74.4,73.1,73109,53.44,810, 28506, 38.99,0.38991095487559674,2022-06-28
GANDHITUBE, EQ, 28-Jun-2022,371.4,371.4,378.0,351.2, 365.00,367.45,363.91,5152,18.75,435, 2493, 48.39,0.483889751552795,2022-06-28
GANECOS, EQ, 28-Jun-2022,585.05,600.0,610.3,588.8, 609.95,607.3,599.28,47463,284.44,2587, 30375, 64.00,0.6399721888629037,2022-06-28
GANESHBE, EQ, 28-Jun-2022,113.5,113.95,115.9,113.45, 114.40,114.2,114.58,47260,54.15,1009, 22861, 48.37,0.4837283114684723,2022-06-28
GANESHHOUC, EQ, 28-Jun-2022,262.45,264.9,268.0,257.0, 264.85,265.15,263.5,22921,60.4,538, 15135, 66.03,0.6603115047336504,2022-06-28
GANGAFORGE, EQ, 28-Jun-2022,5.85,6.0,6.1,5.95, 6.05,6.0,6.03,134993,8.14,450, 107539, 79.66,0.7966264917440163,2022-06-28
GANGESSECU, EQ, 28-Jun-2022,106.45,106.0,109.9,105.4, 108.65,108.25,107.27,3413,3.66,220, 1000, 29.30,0.2929973630237328,2022-06-28
GARFIBRES, EQ, 28-Jun-2022,2918.6,2947.8,2999.95,2891.75, 2999.95,2960.45,2939.66,3981,117.03,1271, 1919, 48.20,0.48203968852047224,2022-06-28
GATEWAY, EQ, 28-Jun-2022,67.7,66.6,68.8,66.6, 68.00,68.0,67.73,79685,53.97,1035, 49796, 62.49,0.6249105854301311,2022-06-28
GATI, EQ, 28-Jun-2022,137.8,137.1,137.5,135.0, 135.70,136.0,136.23,119741,163.13,2874, 47925, 40.02,0.40023884884876526,2022-06-28
GAYAHWS, BE, 28-Jun-2022,0.95,0.9,0.9,0.9, 0.90,0.9,0.9,7650,0.07,10, -, -,,2022-06-28
GAYAPROJ, EQ, 28-Jun-2022,18.8,18.4,18.9,17.85, 17.95,18.0,18.36,460957,84.61,1297, 266033, 57.71,0.5771319233681232,2022-06-28
GEECEE, EQ, 28-Jun-2022,127.7,126.0,132.9,122.7, 132.00,132.05,129.57,9509,12.32,560, 5458, 57.40,0.5739825428541382,2022-06-28
GEEKAYWIRE, EQ, 28-Jun-2022,76.35,77.45,79.0,75.05, 78.10,78.1,77.51,14467,11.21,352, 7405, 51.19,0.5118545655630055,2022-06-28
GENCON, EQ, 28-Jun-2022,32.05,31.6,32.6,30.95, 31.50,31.7,31.46,1716,0.54,60, 1316, 76.69,0.7668997668997669,2022-06-28
GENESYS, BE, 28-Jun-2022,535.95,538.0,548.95,525.0, 545.00,537.55,535.26,5636,30.17,128, -, -,,2022-06-28
GENUSPAPER, EQ, 28-Jun-2022,15.65,15.65,16.4,15.1, 16.40,16.4,15.69,361839,56.77,1038, 166513, 46.02,0.4601853310450228,2022-06-28
GENUSPOWER, EQ, 28-Jun-2022,76.75,76.0,78.5,75.35, 77.20,77.8,76.63,441043,337.98,4445, 98687, 22.38,0.2237582276558068,2022-06-28
GEOJITFSL, EQ, 28-Jun-2022,53.05,53.8,55.1,53.2, 55.10,54.85,54.3,481345,261.37,5317, 292010, 60.67,0.6066542708452357,2022-06-28
GEPIL, EQ, 28-Jun-2022,136.1,136.1,136.3,132.8, 133.95,134.2,134.65,33461,45.05,1345, 19562, 58.46,0.5846209019455485,2022-06-28
GESHIP, EQ, 28-Jun-2022,365.15,369.95,397.9,366.65, 393.20,392.35,383.01,843513,3230.73,26409, 200529, 23.77,0.23773077593350667,2022-06-28
GET&D, EQ, 28-Jun-2022,99.4,97.05,99.7,97.05, 98.10,98.55,98.34,12242,12.04,275, 7247, 59.20,0.5919784348962588,2022-06-28
GFLLIMITED, EQ, 28-Jun-2022,65.1,64.85,65.45,64.35, 65.30,65.25,64.93,14017,9.1,192, 10913, 77.86,0.7785546122565457,2022-06-28
GFSTEELS, BE, 28-Jun-2022,3.05,2.9,2.9,2.9, 2.90,2.9,2.9,200,0.01,1, -, -,,2022-06-28
GHCL, EQ, 28-Jun-2022,576.55,577.75,587.25,572.45, 582.50,583.25,581.38,321877,1871.32,15448, 137298, 42.66,0.4265542427697537,2022-06-28
GICHSGFIN, EQ, 28-Jun-2022,121.2,121.6,122.15,119.85, 120.85,120.7,120.93,38131,46.11,752, 17690, 46.39,0.46392698853950853,2022-06-28
GICRE, EQ, 28-Jun-2022,113.7,113.8,116.5,113.55, 116.00,115.85,115.26,183555,211.56,3705, 71707, 39.07,0.39065675138241945,2022-06-28
GILLANDERS, EQ, 28-Jun-2022,62.15,62.2,63.0,59.9, 62.00,61.1,61.68,1562,0.96,45, 1319, 84.44,0.8444302176696543,2022-06-28
GILLETTE, EQ, 28-Jun-2022,4960.85,4958.65,4958.7,4905.05, 4920.00,4921.85,4943.72,16469,814.18,798, 15552, 94.43,0.9443196308215435,2022-06-28
GILT5YBEES, EQ, 28-Jun-2022,48.79,48.5,48.79,48.4, 48.56,48.57,48.64,34947,17.0,192, 25044, 71.66,0.7166280367413512,2022-06-28
GINNIFILA, EQ, 28-Jun-2022,38.8,38.95,38.95,35.1, 36.70,36.65,36.98,92344,34.15,898, 54006, 58.48,0.5848349649138006,2022-06-28
GIPCL, EQ, 28-Jun-2022,76.05,75.75,76.6,74.65, 76.10,76.05,75.5,76967,58.11,1003, 41882, 54.42,0.544155287330934,2022-06-28
GKWLIMITED, EQ, 28-Jun-2022,536.65,536.9,556.35,536.65, 553.95,553.1,545.91,205,1.12,41, 161, 78.54,0.7853658536585366,2022-06-28
GLAND, EQ, 28-Jun-2022,2659.05,2659.05,2690.0,2605.1, 2675.00,2653.0,2643.73,170427,4505.62,35083, 119366, 70.04,0.7003937169579938,2022-06-28
GLAXO, EQ, 28-Jun-2022,1499.0,1507.75,1507.8,1494.0, 1499.50,1498.0,1497.23,29584,442.94,3352, 18948, 64.05,0.6404813412655489,2022-06-28
GLENMARK, EQ, 28-Jun-2022,385.8,386.0,388.0,379.1, 386.85,387.4,384.39,400257,1538.56,7597, 28675, 7.16,0.07164147035529672,2022-06-28
GLFL, EQ, 28-Jun-2022,2.8,2.9,2.9,2.9, 2.90,2.9,2.9,31168,0.9,18, 31168, 100.00,1.0,2022-06-28
GLOBAL, BE, 28-Jun-2022,133.5,140.1,140.15,135.0, 140.15,140.15,139.31,35151,48.97,326, -, -,,2022-06-28
GLOBALVECT, EQ, 28-Jun-2022,43.05,43.9,43.9,42.0, 42.20,42.3,42.51,9575,4.07,149, 5662, 59.13,0.591331592689295,2022-06-28
GLOBE, EQ, 28-Jun-2022,7.05,6.9,7.35,6.85, 7.10,7.1,7.07,703940,49.78,831, 219193, 31.14,0.3113802312697105,2022-06-28
GLOBUSSPR, EQ, 28-Jun-2022,937.35,929.0,935.0,918.0, 924.00,923.7,923.48,40041,369.77,3301, 15552, 38.84,0.38840188806473364,2022-06-28
GLS, EQ, 28-Jun-2022,443.95,443.0,446.1,441.0, 444.00,443.9,443.57,18584,82.43,1441, 13370, 71.94,0.7194360740421868,2022-06-28
GMBREW, EQ, 28-Jun-2022,578.9,578.0,598.0,577.05, 595.15,596.45,589.88,17376,102.5,1422, 9473, 54.52,0.545177255985267,2022-06-28
GMDCLTD, EQ, 28-Jun-2022,134.9,134.5,138.7,132.25, 136.15,136.25,135.3,1550407,2097.62,11552, 418964, 27.02,0.2702283980915979,2022-06-28
GMMPFAUDLR, EQ, 28-Jun-2022,4145.35,4152.0,4229.95,4140.0, 4221.10,4212.85,4188.2,11640,487.51,2755, 6621, 56.88,0.5688144329896907,2022-06-28
GMRINFRA, EQ, 28-Jun-2022,34.9,34.9,35.2,34.7, 35.00,34.9,35.0,8836669,3092.42,36772, 3984942, 45.10,0.4509552185331373,2022-06-28
GMRP&UI, EQ, 28-Jun-2022,21.1,20.5,21.0,20.25, 20.55,20.6,20.6,2272422,468.11,1539, 2160539, 95.08,0.9507648667369001,2022-06-28
GNA, EQ, 28-Jun-2022,508.05,511.4,513.75,490.0, 506.80,504.45,501.78,63829,320.28,3255, 34449, 53.97,0.5397076563944289,2022-06-28
GNFC, EQ, 28-Jun-2022,608.25,612.9,625.7,590.1, 599.00,601.2,606.72,5108123,30991.87,104424, 651100, 12.75,0.12746364956364598,2022-06-28
GOACARBON, EQ, 28-Jun-2022,373.5,371.2,384.9,368.15, 379.00,379.05,377.4,35930,135.6,3335, 11547, 32.14,0.32137489563039245,2022-06-28
GOCLCORP, EQ, 28-Jun-2022,272.5,272.5,272.5,259.2, 260.05,260.2,263.87,18388,48.52,937, 9618, 52.31,0.5230585164237547,2022-06-28
GOCOLORS, EQ, 28-Jun-2022,998.8,995.0,1010.0,985.0, 995.00,1004.05,998.05,8048,80.32,1442, 2212, 27.49,0.27485089463220674,2022-06-28
GODFRYPHLP, EQ, 28-Jun-2022,1052.95,1053.0,1094.85,1040.95, 1074.00,1081.35,1080.2,55206,596.34,9232, 17023, 30.84,0.30835416440242003,2022-06-28
GODHA, EQ, 28-Jun-2022,8.3,7.9,8.5,7.9, 8.15,8.1,7.99,976235,78.0,847, 648922, 66.47,0.6647190481799976,2022-06-28
GODREJAGRO, EQ, 28-Jun-2022,504.95,507.5,508.9,502.85, 503.70,505.1,506.14,35580,180.08,1932, 8175, 22.98,0.22976391231028667,2022-06-28
GODREJCP, EQ, 28-Jun-2022,797.25,795.9,797.2,770.1, 793.60,794.1,781.09,1285196,10038.55,49270, 573664, 44.64,0.4463630450141457,2022-06-28
GODREJIND, EQ, 28-Jun-2022,428.95,428.95,429.2,422.15, 425.10,425.85,425.46,26968,114.74,3155, 13167, 48.82,0.48824532779590624,2022-06-28
GODREJPROP, EQ, 28-Jun-2022,1211.3,1210.9,1210.9,1178.0, 1205.35,1206.8,1193.5,648609,7741.15,33093, 168820, 26.03,0.26028007628632965,2022-06-28
GOENKA, BZ, 28-Jun-2022,1.75,1.8,1.8,1.8, 1.80,1.8,1.8,25573,0.46,49, -, -,,2022-06-28
GOKEX, EQ, 28-Jun-2022,359.85,359.7,359.7,350.15, 353.00,354.3,354.23,241029,853.79,12542, 98072, 40.69,0.40688879761356517,2022-06-28
GOKUL, EQ, 28-Jun-2022,30.8,30.65,31.5,30.2, 31.25,31.2,30.84,94113,29.02,1460, 38790, 41.22,0.4121641006024672,2022-06-28
GOKULAGRO, EQ, 28-Jun-2022,94.3,97.5,99.0,94.3, 99.00,99.0,97.79,308502,301.68,3770, 156212, 50.64,0.5063565228102249,2022-06-28
GOLDBEES, EQ, 28-Jun-2022,43.87,43.8,43.93,43.56, 43.82,43.8,43.81,2173213,952.14,11261, 1855810, 85.39,0.853947588202353,2022-06-28
GOLDENTOBC, BE, 28-Jun-2022,82.75,84.45,84.45,80.55, 82.45,81.75,81.96,1512,1.24,81, -, -,,2022-06-28
GOLDIAM, EQ, 28-Jun-2022,142.75,143.8,143.9,138.6, 139.90,140.2,140.97,91471,128.95,2445, 42841, 46.84,0.4683560910015196,2022-06-28
GOLDSHARE, EQ, 28-Jun-2022,43.8,43.75,43.9,43.65, 43.80,43.75,43.79,40175,17.59,254, 28306, 70.46,0.7045675171126322,2022-06-28
GOLDTECH, EQ, 28-Jun-2022,45.9,46.15,47.45,45.4, 46.90,46.4,46.51,14802,6.88,233, 6321, 42.70,0.42703688690717473,2022-06-28
GOODLUCK, EQ, 28-Jun-2022,284.0,282.15,284.15,274.95, 282.10,277.85,281.27,30613,86.11,653, 24387, 79.66,0.7966223499820337,2022-06-28
GOODYEAR, EQ, 28-Jun-2022,1029.55,1029.9,1030.85,1020.0, 1029.95,1029.0,1028.6,15668,161.16,1811, 10752, 68.62,0.6862394689813633,2022-06-28
GPIL, EQ, 28-Jun-2022,262.75,262.5,263.0,257.4, 258.50,258.55,260.1,206827,537.96,4360, 117400, 56.76,0.5676241496516412,2022-06-28
GPPL, EQ, 28-Jun-2022,74.0,73.0,74.4,72.5, 73.20,73.2,73.17,195224,142.84,3358, 90142, 46.17,0.461736261935008,2022-06-28
GPTINFRA, EQ, 28-Jun-2022,78.85,78.7,80.75,77.85, 80.70,80.1,79.48,17266,13.72,410, 9750, 56.47,0.5646936175141898,2022-06-28
GRANULES, EQ, 28-Jun-2022,268.15,265.05,282.0,259.65, 275.15,275.25,274.32,4296675,11786.46,48104, 523188, 12.18,0.12176578400740107,2022-06-28
GRAPHITE, EQ, 28-Jun-2022,389.75,388.45,398.9,383.8, 393.60,393.3,391.55,369007,1444.85,13701, 83316, 22.58,0.22578433471451761,2022-06-28
GRASIM, EQ, 28-Jun-2022,1349.3,1344.0,1353.85,1326.7, 1344.95,1343.05,1341.17,658414,8830.45,24474, 239231, 36.33,0.36334433957965656,2022-06-28
GRAUWEIL, EQ, 28-Jun-2022,58.9,58.5,60.45,57.65, 59.60,59.5,59.19,673276,398.51,4537, 156545, 23.25,0.23251237234061514,2022-06-28
GRAVITA, EQ, 28-Jun-2022,270.9,275.9,284.4,275.9, 284.40,284.4,282.32,51029,144.07,898, 37858, 74.19,0.741891865409865,2022-06-28
GREAVESCOT, EQ, 28-Jun-2022,151.8,150.8,153.1,149.15, 150.10,150.45,151.02,999954,1510.08,13256, 222536, 22.25,0.22254623712690783,2022-06-28
GREENLAM, EQ, 28-Jun-2022,330.35,327.3,332.5,322.0, 327.35,330.5,327.68,27699,90.76,2463, 12247, 44.21,0.4421459258456984,2022-06-28
GREENPANEL, EQ, 28-Jun-2022,427.9,430.5,430.5,425.0, 426.00,425.55,427.16,110120,470.39,7321, 56935, 51.70,0.5170268797675264,2022-06-28
GREENPLY, EQ, 28-Jun-2022,173.7,173.3,173.55,169.0, 171.50,171.45,171.35,97037,166.27,3679, 51887, 53.47,0.534713562867772,2022-06-28
GREENPOWER, EQ, 28-Jun-2022,7.85,8.2,8.2,7.55, 8.20,8.2,8.06,5317155,428.8,3581, 2676308, 50.33,0.503334584002159,2022-06-28
GRINDWELL, EQ, 28-Jun-2022,1573.8,1576.0,1645.0,1553.4, 1644.00,1638.85,1614.49,22259,359.37,3580, 8884, 39.91,0.39911945729817155,2022-06-28
GRINFRA, EQ, 28-Jun-2022,1101.5,1110.0,1116.05,1092.4, 1116.00,1113.2,1108.03,7692,85.23,1763, 3833, 49.83,0.4983099323972959,2022-06-28
GROBTEA, EQ, 28-Jun-2022,834.3,825.4,850.1,820.0, 845.00,838.3,831.19,86,0.71,52, 32, 37.21,0.37209302325581395,2022-06-28
GRPLTD, EQ, 28-Jun-2022,1314.45,1347.9,1347.9,1302.5, 1302.50,1308.8,1320.3,718,9.48,182, 183, 25.49,0.25487465181058494,2022-06-28
GRSE, EQ, 28-Jun-2022,225.7,229.4,241.85,225.15, 236.70,238.85,235.94,360369,850.27,8163, 126504, 35.10,0.35104018381159313,2022-06-28
GRWRHITECH, EQ, 28-Jun-2022,681.4,685.6,694.45,670.0, 678.00,680.25,681.46,5343,36.41,368, 3267, 61.15,0.6114542391914655,2022-06-28
GSCLCEMENT, EQ, 28-Jun-2022,33.15,33.25,33.4,32.15, 32.60,32.55,32.78,32372,10.61,499, 22691, 70.09,0.7009452613369579,2022-06-28
GSFC, EQ, 28-Jun-2022,140.6,139.95,141.8,136.55, 140.75,141.35,139.54,1237220,1726.46,18865, 358677, 28.99,0.28990559480124795,2022-06-28
GSPL, EQ, 28-Jun-2022,216.7,216.25,217.0,212.1, 213.95,213.75,213.95,735998,1574.68,9304, 344575, 46.82,0.4681738265593113,2022-06-28
GSS, EQ, 28-Jun-2022,215.4,221.95,224.25,215.0, 215.25,216.05,217.28,79261,172.21,813, 40218, 50.74,0.5074122203858139,2022-06-28
GTL, EQ, 28-Jun-2022,9.05,9.05,9.05,8.65, 8.80,8.8,8.78,423260,37.18,1377, 193307, 45.67,0.4567098237489959,2022-06-28
GTLINFRA, EQ, 28-Jun-2022,1.15,1.15,1.2,1.1, 1.15,1.1,1.11,73153580,814.19,24919, 52385158, 71.61,0.7160983508941052,2022-06-28
GTPL, EQ, 28-Jun-2022,145.1,145.0,146.55,144.05, 144.60,144.9,145.24,19457,28.26,752, 14608, 75.08,0.7507837796165905,2022-06-28
GUFICBIO, EQ, 28-Jun-2022,232.85,234.6,234.6,223.7, 228.00,227.0,227.54,56277,128.06,2115, 27219, 48.37,0.48366117596886826,2022-06-28
GUJALKALI, EQ, 28-Jun-2022,683.9,683.0,717.7,683.0, 703.55,706.3,704.96,668349,4711.6,23879, 130857, 19.58,0.1957914203507449,2022-06-28
GUJAPOLLO, EQ, 28-Jun-2022,205.65,201.4,203.9,200.3, 200.35,200.75,201.42,660,1.33,69, 507, 76.82,0.7681818181818182,2022-06-28
GUJGASLTD, EQ, 28-Jun-2022,425.8,425.95,436.65,420.5, 435.20,435.7,429.9,1413131,6075.02,20580, 487237, 34.48,0.3447925210047759,2022-06-28
GUJRAFFIA, BE, 28-Jun-2022,29.6,30.9,31.0,29.15, 31.00,30.75,30.62,630,0.19,13, -, -,,2022-06-28
GULFOILLUB, EQ, 28-Jun-2022,408.25,408.0,408.0,399.1, 401.00,403.75,404.2,10092,40.79,890, 4747, 47.04,0.4703725723345224,2022-06-28
GULFPETRO, EQ, 28-Jun-2022,44.5,44.7,46.0,44.5, 44.75,44.8,45.22,55822,25.24,856, 18799, 33.68,0.3367668661101358,2022-06-28
GULPOLY, EQ, 28-Jun-2022,240.05,248.1,251.85,233.1, 245.45,244.9,243.24,121009,294.35,5698, 55158, 45.58,0.4558173359006355,2022-06-28
HAL, EQ, 28-Jun-2022,1808.5,1807.5,1817.2,1793.1, 1797.80,1800.15,1801.61,380817,6860.82,16385, 137665, 36.15,0.3614990927400825,2022-06-28
HAPPSTMNDS, EQ, 28-Jun-2022,877.65,874.0,874.0,857.0, 860.80,861.75,862.83,205950,1777.0,17500, 100761, 48.92,0.48924981791697014,2022-06-28
HARDWYN, EQ, 28-Jun-2022,230.0,231.9,241.5,225.5, 241.50,241.35,237.99,5332,12.69,210, 3688, 69.17,0.6916729182295573,2022-06-28
HARIOMPIPE, EQ, 28-Jun-2022,195.7,192.05,199.0,192.05, 197.00,197.35,196.46,94564,185.78,2916, 62108, 65.68,0.6567827080072755,2022-06-28
HARRMALAYA, EQ, 28-Jun-2022,141.4,140.6,143.7,138.95, 142.80,142.4,141.48,19093,27.01,703, 7259, 38.02,0.3801916932907348,2022-06-28
HATHWAY, EQ, 28-Jun-2022,16.7,16.7,17.05,16.4, 16.95,16.85,16.78,1127357,189.16,2796, 442018, 39.21,0.39208343053708805,2022-06-28
HATSUN, EQ, 28-Jun-2022,920.7,918.0,930.95,905.0, 920.00,924.1,916.62,15307,140.31,1799, 6969, 45.53,0.45528189717122886,2022-06-28
HAVELLS, EQ, 28-Jun-2022,1102.4,1103.0,1109.25,1075.2, 1106.45,1106.55,1098.23,913805,10035.69,17904, 605107, 66.22,0.6621839451524122,2022-06-28
HAVISHA, BE, 28-Jun-2022,2.25,2.3,2.3,2.2, 2.25,2.25,2.25,23305,0.52,55, -, -,,2022-06-28
HBANKETF, EQ, 28-Jun-2022,340.48,337.2,339.19,337.0, 339.16,338.41,338.44,934,3.16,53, 877, 93.90,0.9389721627408993,2022-06-28
HBLPOWER, EQ, 28-Jun-2022,91.2,90.9,93.0,90.0, 91.30,91.9,91.49,3680803,3367.74,17544, 771142, 20.95,0.2095037414390284,2022-06-28
HBSL, EQ, 28-Jun-2022,39.75,39.0,40.7,38.1, 39.00,38.65,39.23,6606,2.59,170, 5273, 79.82,0.7982137450802301,2022-06-28
HCC, EQ, 28-Jun-2022,12.5,12.45,12.65,12.25, 12.50,12.5,12.47,2560634,319.4,3059, 855076, 33.39,0.33393136231105264,2022-06-28
HCG, EQ, 28-Jun-2022,295.3,295.3,298.5,290.4, 293.80,294.7,294.04,92489,271.96,4867, 49750, 53.79,0.5379018045389181,2022-06-28
HCL-INSYS, EQ, 28-Jun-2022,16.25,16.5,16.6,16.0, 16.30,16.2,16.19,180848,29.28,1205, 95200, 52.64,0.5264089179863753,2022-06-28
HCLTECH, EQ, 28-Jun-2022,992.35,989.9,1007.0,983.25, 1004.00,1001.95,995.52,2702471,26903.51,73021, 1616279, 59.81,0.5980745029271359,2022-06-28
HDFC, EQ, 28-Jun-2022,2194.45,2177.0,2197.0,2159.0, 2191.50,2180.85,2172.07,2995821,65071.44,142758, 2003511, 66.88,0.6687685946523507,2022-06-28
HDFCAMC, EQ, 28-Jun-2022,1757.95,1753.0,1790.65,1744.0, 1751.00,1750.1,1768.05,743510,13145.59,43178, 160359, 21.57,0.21567833653884952,2022-06-28
HDFCBANK, EQ, 28-Jun-2022,1356.25,1344.0,1351.0,1338.4, 1349.90,1345.9,1344.55,4885287,65684.95,170596, 2978267, 60.96,0.6096401296382382,2022-06-28
HDFCLIFE, EQ, 28-Jun-2022,558.0,559.95,569.0,549.35, 567.05,565.95,559.66,2194297,12280.62,73997, 890218, 40.57,0.4056962207030315,2022-06-28
HDFCMFGETF, EQ, 28-Jun-2022,45.1,44.99,45.2,44.85, 45.04,45.08,45.16,2499991,1128.88,736, 2256214, 90.25,0.9024888489598563,2022-06-28
HDFCNIFETF, EQ, 28-Jun-2022,170.86,171.0,171.5,169.52, 171.10,170.73,170.58,46602,79.49,347, 25438, 54.59,0.5458564010128321,2022-06-28
HDFCSENETF, EQ, 28-Jun-2022,576.44,577.98,577.98,570.05, 574.01,575.72,574.29,1815,10.42,148, 1399, 77.08,0.7707988980716254,2022-06-28
HEALTHY, EQ, 28-Jun-2022,7.56,7.56,7.74,7.5, 7.56,7.58,7.57,10023,0.76,360, 8817, 87.97,0.879676743489973,2022-06-28
HECPROJECT, EQ, 28-Jun-2022,25.25,24.3,25.45,24.3, 25.45,25.45,24.57,569,0.14,17, 453, 79.61,0.7961335676625659,2022-06-28
HEG, EQ, 28-Jun-2022,1021.55,1019.7,1053.45,996.3, 1035.00,1033.05,1030.28,183223,1887.72,16889, 31945, 17.44,0.1743503817752138,2022-06-28
HEIDELBERG, EQ, 28-Jun-2022,175.0,175.85,175.85,172.7, 174.55,174.6,174.04,17716,30.83,1383, 8756, 49.42,0.49424249266200043,2022-06-28
HEMIPROP, EQ, 28-Jun-2022,106.7,106.0,107.4,105.0, 105.40,105.45,106.11,428730,454.92,5570, 141602, 33.03,0.3302824621556691,2022-06-28
HERANBA, EQ, 28-Jun-2022,543.55,544.85,544.85,538.9, 540.50,541.65,541.11,7010,37.93,775, 4191, 59.79,0.5978601997146933,2022-06-28
HERCULES, EQ, 28-Jun-2022,126.1,123.8,126.4,123.8, 125.70,125.55,125.26,4739,5.94,186, 2469, 52.10,0.5209959907153408,2022-06-28
HERITGFOOD, EQ, 28-Jun-2022,269.95,270.0,271.35,265.75, 268.75,269.9,268.78,17837,47.94,1123, 11891, 66.66,0.666647978920222,2022-06-28
HEROMOTOCO, EQ, 28-Jun-2022,2755.5,2748.0,2792.7,2730.0, 2760.00,2766.7,2769.98,714029,19778.45,45584, 191897, 26.88,0.2687523896088254,2022-06-28
HESTERBIO, EQ, 28-Jun-2022,2031.55,2035.25,2035.25,2007.05, 2025.00,2022.65,2021.86,2337,47.25,223, 1519, 65.00,0.6499786050492083,2022-06-28
HEXATRADEX, EQ, 28-Jun-2022,167.8,167.05,168.65,165.05, 165.50,165.7,166.41,96483,160.56,482, 90121, 93.41,0.934060922649586,2022-06-28
HFCL, EQ, 28-Jun-2022,56.55,56.4,56.9,55.8, 56.45,56.5,56.32,2504307,1410.51,9539, 1004582, 40.11,0.40114171305674584,2022-06-28
HGINFRA, EQ, 28-Jun-2022,530.95,532.7,533.95,521.0, 528.35,523.4,526.21,56155,295.49,4724, 28382, 50.54,0.5054224913186716,2022-06-28
HGS, EQ, 28-Jun-2022,1089.1,1083.0,1094.7,1048.5, 1089.25,1088.7,1073.72,76789,824.5,6034, 33616, 43.78,0.43777103491385483,2022-06-28
HIKAL, EQ, 28-Jun-2022,263.9,258.5,260.9,252.05, 255.50,255.5,257.28,907224,2334.09,18275, 383053, 42.22,0.4222253820445667,2022-06-28
HIL, EQ, 28-Jun-2022,3379.05,3380.0,3420.0,3380.0, 3392.00,3385.4,3398.2,5329,181.09,1418, 3680, 69.06,0.6905610808782136,2022-06-28
HILTON, EQ, 28-Jun-2022,32.25,33.8,33.85,33.8, 33.85,33.85,33.85,7881,2.67,41, 7881, 100.00,1.0,2022-06-28
HIMATSEIDE, EQ, 28-Jun-2022,98.2,98.95,98.95,96.1, 97.00,96.9,97.69,451415,440.97,9795, 366962, 81.29,0.8129149452277837,2022-06-28
HINDALCO, EQ, 28-Jun-2022,329.95,328.45,345.25,325.3, 344.65,343.55,335.87,15742835,52874.94,141655, 4311663, 27.39,0.2738809750594477,2022-06-28
HINDCOMPOS, EQ, 28-Jun-2022,265.5,265.6,269.25,262.35, 264.40,266.1,265.78,2386,6.34,442, 1000, 41.91,0.4191114836546521,2022-06-28
HINDCON, EQ, 28-Jun-2022,54.65,55.6,55.6,54.1, 54.80,55.05,55.02,3188,1.75,84, 2734, 85.76,0.8575909661229612,2022-06-28
HINDCOPPER, EQ, 28-Jun-2022,87.25,87.0,90.7,86.25, 90.05,90.2,88.98,4572546,4068.57,20916, 888086, 19.42,0.1942213375218095,2022-06-28
HINDMOTORS, BE, 28-Jun-2022,19.8,19.3,19.3,18.85, 18.85,18.85,19.05,1324292,252.29,4171, -, -,,2022-06-28
HINDOILEXP, EQ, 28-Jun-2022,178.2,181.2,196.9,180.55, 192.70,194.15,191.8,3123878,5991.6,56696, 483065, 15.46,0.15463632062455704,2022-06-28
HINDPETRO, EQ, 28-Jun-2022,224.75,222.65,230.0,220.35, 222.80,222.35,224.4,5992679,13447.59,52402, 1868108, 31.17,0.3117316979601277,2022-06-28
HINDUNILVR, EQ, 28-Jun-2022,2320.65,2320.65,2324.0,2277.85, 2320.85,2317.65,2306.26,1404108,32382.35,68116, 877853, 62.52,0.6252033319374293,2022-06-28
HINDWAREAP, EQ, 28-Jun-2022,283.15,278.0,284.0,275.35, 283.95,281.7,280.8,41355,116.12,1968, 29611, 71.60,0.7160198283158022,2022-06-28
HINDZINC, EQ, 28-Jun-2022,246.1,246.4,252.5,246.1, 252.00,251.2,248.92,298402,742.78,7044, 112001, 37.53,0.3753359561933231,2022-06-28
HIRECT, EQ, 28-Jun-2022,181.7,186.0,186.0,171.3, 178.00,177.8,177.79,4901,8.71,230, 3029, 61.80,0.6180371352785146,2022-06-28
HISARMETAL, EQ, 28-Jun-2022,119.15,119.75,123.85,118.95, 123.00,122.35,122.02,41665,50.84,829, 18481, 44.36,0.44356174246969876,2022-06-28
HITECH, EQ, 28-Jun-2022,500.9,515.0,529.0,487.6, 501.00,508.1,513.34,260776,1338.68,14401, 38308, 14.69,0.1469000214743688,2022-06-28
HITECHCORP, EQ, 28-Jun-2022,233.45,236.85,236.95,230.25, 230.25,233.8,234.93,4290,10.08,218, 3577, 83.38,0.8337995337995338,2022-06-28
HITECHGEAR, EQ, 28-Jun-2022,183.75,185.9,195.5,180.1, 192.70,191.35,190.24,15791,30.04,822, 7163, 45.36,0.45361281742764864,2022-06-28
HLEGLAS, EQ, 28-Jun-2022,3314.55,3348.8,3348.8,3250.0, 3297.90,3281.5,3291.41,2316,76.23,861, 1229, 53.07,0.5306563039723662,2022-06-28
HLVLTD, EQ, 28-Jun-2022,9.0,8.95,9.15,8.8, 8.90,8.9,8.95,88504,7.92,180, 45602, 51.53,0.5152535478622435,2022-06-28
HMT, BZ, 28-Jun-2022,23.85,23.8,23.8,22.85, 22.85,22.9,23.2,3821,0.89,57, -, -,,2022-06-28
HMVL, EQ, 28-Jun-2022,52.05,53.05,53.05,51.5, 52.60,52.3,52.23,14067,7.35,216, 7398, 52.59,0.525911708253359,2022-06-28
HNDFDS, EQ, 28-Jun-2022,1725.55,1715.0,1746.55,1713.85, 1732.95,1731.4,1733.56,1636,28.36,460, 872, 53.30,0.5330073349633252,2022-06-28
HNGSNGBEES, EQ, 28-Jun-2022,308.21,303.0,308.49,297.8, 298.15,298.63,300.33,7715,23.17,253, 7034, 91.17,0.9117303953337654,2022-06-28
HOMEFIRST, EQ, 28-Jun-2022,753.5,755.0,759.95,728.3, 737.00,739.65,748.72,66739,499.69,7347, 46917, 70.30,0.7029922534050556,2022-06-28
HONAUT, EQ, 28-Jun-2022,34546.1,34501.0,35071.5,34300.0, 34458.00,34507.7,34546.84,5554,1918.73,2491, 3086, 55.56,0.5556355779618293,2022-06-28
HONDAPOWER, EQ, 28-Jun-2022,1410.85,1410.0,1439.0,1408.6, 1414.50,1416.15,1419.67,2742,38.93,640, 957, 34.90,0.3490153172866521,2022-06-28
HOVS, EQ, 28-Jun-2022,47.7,47.7,49.8,47.65, 48.05,48.3,48.32,6454,3.12,125, 2651, 41.08,0.41075302138208863,2022-06-28
HPAL, EQ, 28-Jun-2022,359.75,358.95,363.85,357.05, 362.00,362.0,360.28,56820,204.71,1076, 53536, 94.22,0.9422034494896163,2022-06-28
HPL, EQ, 28-Jun-2022,57.75,57.0,58.3,57.0, 58.00,58.0,57.67,32934,18.99,638, 17257, 52.40,0.5239873686767474,2022-06-28
HSCL, EQ, 28-Jun-2022,60.2,60.05,61.2,59.55, 60.95,60.8,60.41,2506311,1514.06,10133, 514288, 20.52,0.2051972001878458,2022-06-28
HTMEDIA, EQ, 28-Jun-2022,19.8,19.9,19.95,19.5, 19.75,19.6,19.61,282352,55.36,3140, 164956, 58.42,0.5842211140703802,2022-06-28
HUBTOWN, EQ, 28-Jun-2022,57.2,60.05,60.05,57.25, 60.05,60.05,59.14,140662,83.19,1033, 88680, 63.04,0.6304474556027925,2022-06-28
HUDCO, EQ, 28-Jun-2022,34.5,34.6,34.85,34.25, 34.55,34.55,34.46,385485,132.84,1728, 210202, 54.53,0.545292294122988,2022-06-28
HUHTAMAKI, EQ, 28-Jun-2022,168.1,167.75,171.55,163.8, 169.10,169.75,169.41,73424,124.39,3172, 51673, 70.38,0.7037617127914578,2022-06-28
IBMFNIFTY, EQ, 28-Jun-2022,168.82,167.95,168.0,165.01, 167.40,166.09,166.67,272,0.45,38, 128, 47.06,0.47058823529411764,2022-06-28
IBREALEST, EQ, 28-Jun-2022,65.95,66.1,66.3,64.5, 65.35,65.55,65.2,5819168,3794.25,26264, 2429118, 41.74,0.41743390120374596,2022-06-28
IBULHSGFIN, EQ, 28-Jun-2022,104.4,103.0,104.15,100.2, 102.40,102.25,101.92,15151276,15441.46,65933, 2707243, 17.87,0.1786808582986674,2022-06-28
ICDSLTD, BE, 28-Jun-2022,36.25,34.5,37.0,34.5, 35.50,36.8,35.2,547,0.19,14, -, -,,2022-06-28
ICEMAKE, EQ, 28-Jun-2022,119.3,121.0,122.65,115.35, 116.00,117.8,119.35,33905,40.47,700, 20499, 60.46,0.6046010912844714,2022-06-28
ICICI500, EQ, 28-Jun-2022,22.42,22.84,23.1,22.13, 22.30,22.36,22.39,142001,31.8,361, 108993, 76.76,0.7675509327399103,2022-06-28
ICICI5GSEC, EQ, 28-Jun-2022,50.01,50.5,50.99,50.01, 50.01,50.01,50.5,9,0.0,9, 1, 11.11,0.1111111111111111,2022-06-28
ICICIALPLV, EQ, 28-Jun-2022,154.49,154.5,154.5,152.34, 153.75,153.53,153.21,15534,23.8,171, 6236, 40.14,0.40144199819750226,2022-06-28
ICICIAUTO, EQ, 28-Jun-2022,116.85,117.2,118.96,116.3, 118.93,118.88,117.94,764101,901.14,344, 697130, 91.24,0.9123532098505303,2022-06-28
ICICIB22, EQ, 28-Jun-2022,45.43,45.4,46.1,45.13, 46.10,46.08,46.02,335659,154.47,925, 318968, 95.03,0.9502739387294844,2022-06-28
ICICIBANK, EQ, 28-Jun-2022,717.35,711.05,717.3,707.0, 712.00,710.3,711.76,8339931,59359.9,158748, 4831275, 57.93,0.5792943610684549,2022-06-28
ICICIBANKN, EQ, 28-Jun-2022,338.45,346.7,346.7,335.17, 336.23,336.23,336.44,896,3.01,84, 462, 51.56,0.515625,2022-06-28
ICICIBANKP, EQ, 28-Jun-2022,168.85,170.88,170.88,166.57, 167.30,167.26,167.12,6254,10.45,114, 5757, 92.05,0.9205308602494403,2022-06-28
ICICICONSU, EQ, 28-Jun-2022,68.0,68.0,68.2,67.35, 67.92,68.19,68.03,515,0.35,23, 505, 98.06,0.9805825242718447,2022-06-28
ICICIFMCG, EQ, 28-Jun-2022,390.15,385.0,389.74,384.25, 389.60,388.28,386.8,17587,68.03,131, 9679, 55.03,0.5503496901120145,2022-06-28
ICICIGI, EQ, 28-Jun-2022,1133.3,1136.0,1160.0,1102.15, 1116.95,1118.25,1115.95,1844323,20581.73,39879, 1506363, 81.68,0.8167566093357834,2022-06-28
ICICIGOLD, EQ, 28-Jun-2022,45.14,45.04,45.22,44.71, 45.21,45.15,45.14,296689,133.93,1281, 281783, 94.98,0.9497588383795826,2022-06-28
ICICILIQ, EQ, 28-Jun-2022,999.99,999.95,1000.01,996.5, 1000.00,999.99,999.95,81661,816.57,118, 80548, 98.64,0.9863704828498304,2022-06-28
ICICILOVOL, EQ, 28-Jun-2022,129.84,132.0,132.0,128.31, 130.08,129.65,129.4,187154,242.18,594, 183358, 97.97,0.9797172382102439,2022-06-28
ICICIM150, EQ, 28-Jun-2022,102.71,101.6,103.46,101.36, 102.50,102.52,102.13,6621,6.76,256, 3457, 52.21,0.5221265669838393,2022-06-28
ICICIMCAP, EQ, 28-Jun-2022,93.29,94.0,94.0,91.8, 92.71,92.74,92.45,2775,2.57,199, 1468, 52.90,0.529009009009009,2022-06-28
ICICINF100, EQ, 28-Jun-2022,174.79,174.99,174.99,172.65, 174.79,174.77,173.91,6668,11.6,202, 5514, 82.69,0.8269346130773845,2022-06-28
ICICINIFTY, EQ, 28-Jun-2022,171.49,171.45,171.98,170.25, 171.68,171.76,171.44,585939,1004.53,2148, 518846, 88.55,0.8854949064663727,2022-06-28
ICICINV20, EQ, 28-Jun-2022,88.01,91.7,91.7,87.11, 88.01,88.01,87.83,17662,15.51,613, 12252, 69.37,0.6936926735364058,2022-06-28
ICICINXT50, EQ, 28-Jun-2022,38.02,38.44,38.44,37.38, 38.05,37.98,37.79,110418,41.72,1218, 93254, 84.46,0.8445543299099785,2022-06-28
ICICIPHARM, EQ, 28-Jun-2022,76.08,76.9,77.78,75.18, 75.86,76.09,75.78,2216,1.68,84, 1049, 47.34,0.4733754512635379,2022-06-28
ICICIPRULI, EQ, 28-Jun-2022,494.65,492.6,494.9,474.55, 489.65,490.65,484.34,2848824,13798.11,40333, 1166300, 40.94,0.4093970003060912,2022-06-28
ICICISENSX, EQ, 28-Jun-2022,583.21,584.0,584.0,579.0, 583.45,583.31,580.47,555,3.22,80, 504, 90.81,0.9081081081081082,2022-06-28
ICICISILVE, EQ, 28-Jun-2022,62.77,62.35,62.68,62.14, 62.44,62.56,62.47,76103,47.54,386, 59795, 78.57,0.7857114699814725,2022-06-28
ICICITECH, EQ, 28-Jun-2022,291.68,290.0,293.0,286.61, 292.18,291.65,290.3,16802,48.78,278, 9111, 54.23,0.542256874181645,2022-06-28
ICIL, EQ, 28-Jun-2022,139.9,139.9,140.0,136.3, 137.50,136.85,137.96,118707,163.76,5373, 41733, 35.16,0.35156309231974525,2022-06-28
ICRA, EQ, 28-Jun-2022,3718.7,3725.4,3768.0,3718.7, 3720.00,3723.75,3737.28,653,24.4,168, 332, 50.84,0.5084226646248086,2022-06-28
IDBI, EQ, 28-Jun-2022,31.55,31.6,31.6,31.15, 31.30,31.25,31.3,3619631,1133.08,7537, 1799583, 49.72,0.4971730543804051,2022-06-28
IDBIGOLD, EQ, 28-Jun-2022,4689.35,4689.1,4702.3,4680.85, 4680.85,4695.8,4687.89,30,1.41,15, 17, 56.67,0.5666666666666667,2022-06-28
IDEA, EQ, 28-Jun-2022,8.85,8.85,9.0,8.75, 8.80,8.85,8.86,73902850,6549.34,144887, 16592776, 22.45,0.2245214629747026,2022-06-28
IDFC, EQ, 28-Jun-2022,49.4,49.0,49.95,48.95, 49.60,49.75,49.51,3248177,1608.13,5046, 927158, 28.54,0.2854394942147549,2022-06-28
IDFCFIRSTB, EQ, 28-Jun-2022,32.1,32.1,32.15,31.65, 32.00,32.0,31.93,25536769,8154.4,26102, 4140970, 16.22,0.16215716248206655,2022-06-28
IDFNIFTYET, EQ, 28-Jun-2022,168.97,174.03,174.03,164.52, 165.70,165.7,166.69,902,1.5,66, 825, 91.46,0.9146341463414634,2022-06-28
IEX, EQ, 28-Jun-2022,174.9,174.0,174.0,166.0, 167.10,167.15,167.21,16152902,27009.3,119837, 6495419, 40.21,0.40212086967406846,2022-06-28
IFBAGRO, EQ, 28-Jun-2022,542.4,545.0,557.0,537.1, 545.50,550.65,546.05,4558,24.89,311, 2552, 55.99,0.5598946906537955,2022-06-28
IFBIND, EQ, 28-Jun-2022,917.95,906.0,940.0,901.95, 914.00,920.25,924.27,33518,309.8,3798, 5410, 16.14,0.1614058118026135,2022-06-28
IFCI, EQ, 28-Jun-2022,8.95,8.8,9.0,8.8, 8.90,8.9,8.92,1065141,95.03,1857, 583456, 54.78,0.5477734872660052,2022-06-28
IFGLEXPOR, EQ, 28-Jun-2022,263.25,259.1,267.0,258.05, 264.00,266.0,263.71,4230,11.15,231, 2199, 51.99,0.5198581560283688,2022-06-28
IGARASHI, EQ, 28-Jun-2022,287.9,286.9,297.0,284.0, 287.90,286.65,288.77,102832,296.95,3791, 30201, 29.37,0.2936926248638556,2022-06-28
IGL, EQ, 28-Jun-2022,364.2,364.05,369.85,360.15, 366.80,367.7,364.7,1157923,4222.9,23163, 370133, 31.97,0.3196525157545018,2022-06-28
IGPL, EQ, 28-Jun-2022,602.45,600.0,608.5,592.4, 606.45,605.5,602.41,8285,49.91,964, 3141, 37.91,0.3791188895594448,2022-06-28
IIFL, EQ, 28-Jun-2022,318.4,317.8,321.5,314.6, 320.00,319.85,318.2,230991,735.02,6280, 83904, 36.32,0.3632349312310869,2022-06-28
IIFLSEC, EQ, 28-Jun-2022,69.15,69.0,70.0,68.1, 69.35,69.55,69.08,94772,65.47,1475, 44518, 46.97,0.46973789726923565,2022-06-28
IIFLWAM, EQ, 28-Jun-2022,1433.6,1434.05,1450.0,1419.95, 1448.65,1430.15,1429.76,36549,522.56,4616, 29488, 80.68,0.806807299789324,2022-06-28
IITL, EQ, 28-Jun-2022,100.85,96.45,101.8,95.85, 98.75,98.75,99.32,949,0.94,32, 792, 83.46,0.8345626975763962,2022-06-28
IL&FSENGG, BZ, 28-Jun-2022,11.95,12.35,12.35,11.4, 11.70,11.75,11.75,12929,1.52,65, -, -,,2022-06-28
IL&FSTRANS, BZ, 28-Jun-2022,4.4,4.5,4.5,4.3, 4.40,4.3,4.38,26350,1.15,42, -, -,,2022-06-28
IMAGICAA, EQ, 28-Jun-2022,17.3,18.15,18.15,18.15, 18.15,18.15,18.15,228624,41.5,183, 228622, 100.00,0.9999912520120372,2022-06-28
IMFA, EQ, 28-Jun-2022,260.1,261.95,275.0,258.0, 271.10,272.45,268.08,76846,206.01,3881, 34055, 44.32,0.4431590453634542,2022-06-28
IMPAL, EQ, 28-Jun-2022,767.15,774.75,777.5,770.35, 774.35,775.3,774.79,254,1.97,62, 200, 78.74,0.7874015748031497,2022-06-28
IMPEXFERRO, BE, 28-Jun-2022,9.4,8.95,8.95,8.95, 8.95,8.95,8.95,24350,2.18,178, -, -,,2022-06-28
INCREDIBLE, EQ, 28-Jun-2022,19.8,19.8,20.2,19.5, 20.10,19.65,19.72,2598,0.51,49, 2169, 83.49,0.8348729792147807,2022-06-28
INDBANK, EQ, 28-Jun-2022,19.25,19.3,19.9,18.5, 19.00,19.15,19.02,102174,19.44,559, 53469, 52.33,0.5233131716483646,2022-06-28
INDHOTEL, EQ, 28-Jun-2022,225.95,224.65,229.75,224.6, 228.10,229.0,227.13,2815451,6394.61,18443, 1195412, 42.46,0.42458987920585367,2022-06-28
INDIACEM, EQ, 28-Jun-2022,158.75,157.85,157.9,152.3, 157.15,156.8,155.24,1717201,2665.71,12217, 169612, 9.88,0.09877236269953256,2022-06-28
INDIAGLYCO, EQ, 28-Jun-2022,693.05,690.0,735.0,681.05, 726.65,718.85,707.97,89116,630.91,4434, 40084, 44.98,0.4497957718030432,2022-06-28
INDIAMART, EQ, 28-Jun-2022,4146.4,4149.0,4149.0,4010.0, 4083.30,4073.4,4079.35,134607,5491.1,16168, 27573, 20.48,0.20484075865296753,2022-06-28
INDIANB, EQ, 28-Jun-2022,152.9,152.1,153.9,151.7, 153.05,153.05,153.03,543324,831.46,5715, 176650, 32.51,0.32512828441224756,2022-06-28
INDIANCARD, EQ, 28-Jun-2022,272.75,282.0,292.7,270.6, 282.00,281.9,284.32,101553,288.74,3900, 51049, 50.27,0.5026833279174421,2022-06-28
INDIANHUME, EQ, 28-Jun-2022,145.0,144.0,147.65,140.0, 145.25,145.35,145.04,8946,12.98,433, 4977, 55.63,0.5563380281690141,2022-06-28
INDIGO, EQ, 28-Jun-2022,1625.15,1605.0,1646.55,1571.75, 1638.85,1637.9,1616.87,1172518,18958.14,33750, 346338, 29.54,0.295379687134867,2022-06-28
INDIGOPNTS, EQ, 28-Jun-2022,1429.85,1424.8,1460.0,1380.15, 1391.00,1393.3,1418.53,31907,452.61,6538, 10796, 33.84,0.33835835396621433,2022-06-28
INDLMETER, BE, 28-Jun-2022,11.65,11.9,11.9,11.1, 11.30,11.3,11.23,3937,0.44,42, -, -,,2022-06-28
INDNIPPON, EQ, 28-Jun-2022,362.05,360.4,391.85,358.3, 387.20,386.5,379.62,30325,115.12,1629, 15256, 50.31,0.503083264633141,2022-06-28
INDOAMIN, EQ, 28-Jun-2022,80.65,81.0,81.65,78.0, 79.50,79.75,79.89,14237,11.37,594, 7996, 56.16,0.5616351759499895,2022-06-28
INDOBORAX, EQ, 28-Jun-2022,107.65,107.65,112.0,102.3, 112.00,111.65,109.47,22431,24.55,1029, 14339, 63.92,0.6392492532655699,2022-06-28
INDOCO, EQ, 28-Jun-2022,373.2,373.8,379.45,367.5, 375.00,372.35,371.19,80577,299.09,4236, 61001, 75.71,0.7570522605706343,2022-06-28
INDORAMA, EQ, 28-Jun-2022,63.55,63.75,64.6,62.8, 63.20,63.8,63.6,37433,23.81,715, 19692, 52.61,0.5260598936767024,2022-06-28
INDOSTAR, EQ, 28-Jun-2022,140.65,142.0,143.7,137.05, 137.70,138.55,139.57,12811,17.88,480, 8690, 67.83,0.6783233159003981,2022-06-28
INDOTECH, EQ, 28-Jun-2022,180.5,175.35,181.7,174.05, 178.00,179.1,177.9,2353,4.19,118, 1582, 67.23,0.6723331916702082,2022-06-28
INDOTHAI, EQ, 28-Jun-2022,172.15,171.0,171.0,163.55, 163.55,163.8,164.57,5471,9.0,137, 3532, 64.56,0.6455858161213672,2022-06-28
INDOWIND, BE, 28-Jun-2022,13.35,13.5,13.5,12.75, 13.30,13.2,13.08,50720,6.64,436, -, -,,2022-06-28
INDRAMEDCO, EQ, 28-Jun-2022,56.15,56.0,56.75,55.05, 56.15,56.3,55.97,29268,16.38,597, 18155, 62.03,0.6203020363536969,2022-06-28
INDSWFTLAB, EQ, 28-Jun-2022,59.6,59.55,59.55,58.4, 59.00,59.2,58.98,5823,3.43,127, 2718, 46.68,0.4667697063369397,2022-06-28
INDSWFTLTD, EQ, 28-Jun-2022,10.9,10.9,11.2,10.6, 11.05,11.0,10.96,18232,2.0,120, 7762, 42.57,0.42573497147871875,2022-06-28
INDTERRAIN, EQ, 28-Jun-2022,44.65,44.85,44.95,43.2, 43.70,43.95,44.0,28873,12.7,372, 15602, 54.04,0.5403664323069997,2022-06-28
INDUSINDBK, EQ, 28-Jun-2022,823.5,819.0,823.5,812.0, 817.90,816.6,817.57,1280737,10470.88,28984, 214976, 16.79,0.1678533531864856,2022-06-28
INDUSTOWER, EQ, 28-Jun-2022,211.85,209.75,212.7,206.45, 207.70,207.85,207.9,5494910,11423.79,28394, 3278921, 59.67,0.596719691496312,2022-06-28
INEOSSTYRO, EQ, 28-Jun-2022,780.5,781.7,781.7,749.3, 776.85,772.25,768.16,64471,495.24,7892, 32889, 51.01,0.5101363403700889,2022-06-28
INFIBEAM, EQ, 28-Jun-2022,13.25,13.25,13.45,12.95, 13.35,13.35,13.23,1265163,167.36,2644, 606694, 47.95,0.4795382097010425,2022-06-28
INFOBEAN, EQ, 28-Jun-2022,640.55,640.55,655.0,631.2, 649.00,652.45,644.21,7916,51.0,947, 4897, 61.86,0.6186205154118242,2022-06-28
INFOMEDIA, BE, 28-Jun-2022,4.05,3.9,3.9,3.9, 3.90,3.9,3.9,5300,0.21,20, -, -,,2022-06-28
INFRABEES, EQ, 28-Jun-2022,476.58,476.58,479.11,473.0, 478.99,478.99,475.39,427,2.03,69, 336, 78.69,0.7868852459016393,2022-06-28
INFY, EQ, 28-Jun-2022,1474.6,1469.0,1488.25,1453.0, 1486.00,1480.15,1468.85,4412178,64808.18,143516, 2856516, 64.74,0.6474163100400755,2022-06-28
INGERRAND, EQ, 28-Jun-2022,1442.8,1426.0,1470.3,1422.8, 1464.00,1457.55,1448.04,1483,21.47,476, 760, 51.25,0.5124747134187457,2022-06-28
INOXLEISUR, EQ, 28-Jun-2022,502.1,498.15,511.15,496.0, 505.65,507.5,506.11,406703,2058.38,8733, 128913, 31.70,0.31697086080014164,2022-06-28
INOXWIND, EQ, 28-Jun-2022,81.35,81.35,81.55,80.15, 81.20,80.9,80.74,103413,83.5,2241, 56966, 55.09,0.5508591763124558,2022-06-28
INSECTICID, EQ, 28-Jun-2022,855.6,858.0,877.9,833.9, 864.00,861.5,862.07,51996,448.24,6123, 14318, 27.54,0.27536733594891916,2022-06-28
INSPIRISYS, BE, 28-Jun-2022,62.8,65.0,65.9,65.0, 65.90,65.9,65.85,9876,6.5,29, -, -,,2022-06-28
INTELLECT, EQ, 28-Jun-2022,665.35,660.0,668.35,648.05, 666.05,666.0,658.66,229926,1514.43,7811, 53358, 23.21,0.23206596905091204,2022-06-28
INTENTECH, EQ, 28-Jun-2022,67.1,67.7,67.9,65.25, 67.90,67.25,66.78,29591,19.76,525, 16437, 55.55,0.555472947855767,2022-06-28
INTLCONV, EQ, 28-Jun-2022,58.3,58.5,61.95,57.1, 61.00,59.9,59.16,115815,68.52,2860, 61427, 53.04,0.5303889824288737,2022-06-28
INVENTURE, EQ, 28-Jun-2022,2.75,2.75,2.75,2.6, 2.70,2.7,2.68,1746975,46.88,1538, 966343, 55.32,0.5531521630246569,2022-06-28
IOB, EQ, 28-Jun-2022,16.8,16.8,17.4,16.65, 16.80,16.9,17.05,1807324,308.12,4009, 710742, 39.33,0.3932565494620776,2022-06-28
IOC, EQ, 28-Jun-2022,109.55,109.5,110.65,107.55, 108.70,108.3,109.08,15087448,16456.97,89348, 7403584, 49.07,0.49071148414231486,2022-06-28
IOLCP, EQ, 28-Jun-2022,331.6,327.0,348.35,326.8, 334.65,334.8,339.75,519089,1763.62,17678, 89576, 17.26,0.17256385706497343,2022-06-28
IONEXCHANG, EQ, 28-Jun-2022,1796.3,1819.0,1819.0,1727.3, 1765.00,1766.0,1762.53,9501,167.46,1867, 5614, 59.09,0.5908851699821072,2022-06-28
IPCALAB, EQ, 28-Jun-2022,912.35,911.8,918.0,897.05, 903.00,902.05,904.43,315204,2850.79,14259, 90385, 28.68,0.28675080265478864,2022-06-28
IPL, EQ, 28-Jun-2022,247.0,247.0,254.95,244.0, 249.50,249.0,250.49,167580,419.77,4272, 99576, 59.42,0.5941997851772288,2022-06-28
IRB, EQ, 28-Jun-2022,211.5,209.1,214.9,203.2, 209.95,211.6,208.95,1156677,2416.83,12281, 387762, 33.52,0.3352379272692377,2022-06-28
IRCON, EQ, 28-Jun-2022,36.3,36.3,36.45,35.9, 36.45,36.35,36.17,301172,108.92,2386, 168510, 55.95,0.5595141646633818,2022-06-28
IRCTC, EQ, 28-Jun-2022,613.0,610.55,623.5,603.8, 620.45,620.05,614.34,2017990,12397.37,42605, 304088, 15.07,0.15068855643486836,2022-06-28
IRFC, EQ, 28-Jun-2022,19.75,19.8,19.8,19.55, 19.65,19.65,19.64,3878945,761.82,6529, 2397610, 61.81,0.6181087898900345,2022-06-28
IRIS, EQ, 28-Jun-2022,79.35,79.25,81.0,78.0, 81.00,80.65,79.18,12842,10.17,376, 7381, 57.48,0.5747547111041894,2022-06-28
IRISDOREME, EQ, 28-Jun-2022,209.5,211.45,211.45,203.0, 205.20,204.05,205.51,30574,62.83,530, 15954, 52.18,0.5218159220252502,2022-06-28
ISEC, EQ, 28-Jun-2022,434.85,430.0,439.6,427.1, 428.00,428.75,432.25,244351,1056.2,15092, 129030, 52.81,0.5280518598245966,2022-06-28
ISFT, EQ, 28-Jun-2022,161.85,161.85,164.3,158.2, 164.30,163.4,161.81,8332,13.48,201, 5619, 67.44,0.6743879020643303,2022-06-28
ISGEC, EQ, 28-Jun-2022,478.2,476.5,506.0,474.0, 494.00,494.6,490.81,36276,178.05,2363, 18324, 50.51,0.5051273569302018,2022-06-28
ISMTLTD, EQ, 28-Jun-2022,51.5,51.35,53.15,50.55, 51.30,51.45,52.01,44175,22.97,376, 30740, 69.59,0.6958687040181097,2022-06-28
ITBEES, EQ, 28-Jun-2022,29.22,29.5,29.5,28.71, 29.38,29.33,29.04,999787,290.3,3903, 610324, 61.05,0.6104540267076888,2022-06-28
ITC, EQ, 28-Jun-2022,269.95,268.9,272.25,268.55, 271.70,271.85,271.1,11240154,30471.99,89068, 5960912, 53.03,0.5303229831192704,2022-06-28
ITDC, EQ, 28-Jun-2022,298.25,299.75,299.75,291.35, 297.55,296.3,295.81,5638,16.68,480, 1787, 31.70,0.31695636750620787,2022-06-28
ITDCEM, EQ, 28-Jun-2022,64.7,64.85,66.0,64.1, 66.00,65.3,65.07,383675,249.65,3093, 303911, 79.21,0.7921052974522708,2022-06-28
ITI, EQ, 28-Jun-2022,106.25,107.05,109.55,101.8, 103.85,103.5,105.01,3269742,3433.56,23959, 273623, 8.37,0.08368336095019117,2022-06-28
IVC, EQ, 28-Jun-2022,6.1,6.2,6.2,6.0, 6.15,6.05,6.09,72466,4.41,261, 49516, 68.33,0.6832997543675655,2022-06-28
IVP, EQ, 28-Jun-2022,163.2,167.95,176.9,162.5, 169.50,171.95,172.15,74581,128.39,2399, 27546, 36.93,0.36934339845268904,2022-06-28
IVZINGOLD, EQ, 28-Jun-2022,4599.0,4598.95,4614.7,4541.2, 4614.60,4613.4,4588.76,12,0.55,10, 6, 50.00,0.5,2022-06-28
IVZINNIFTY, EQ, 28-Jun-2022,1739.2,1731.0,1732.3,1729.95, 1729.95,1729.95,1731.08,3,0.05,3, 1, 33.33,0.3333333333333333,2022-06-28
IWEL, EQ, 28-Jun-2022,462.3,453.0,463.8,446.15, 463.40,463.4,457.68,212,0.97,35, 107, 50.47,0.5047169811320755,2022-06-28
IZMO, EQ, 28-Jun-2022,70.9,72.0,73.6,70.15, 72.35,72.75,71.86,14818,10.65,301, 9542, 64.39,0.6439465514914293,2022-06-28
J&KBANK, EQ, 28-Jun-2022,25.6,25.5,26.45,25.4, 26.35,26.1,25.85,874722,226.09,3758, 447985, 51.21,0.5121455731077988,2022-06-28
JAGRAN, EQ, 28-Jun-2022,49.7,50.2,50.4,49.1, 49.70,49.45,49.85,97443,48.58,1049, 57096, 58.59,0.5859425510298328,2022-06-28
JAGSNPHARM, EQ, 28-Jun-2022,292.75,291.7,318.0,291.7, 312.00,310.25,309.51,66007,204.3,2501, 29269, 44.34,0.4434226672928629,2022-06-28
JAIBALAJI, EQ, 28-Jun-2022,40.4,40.4,40.4,37.8, 40.00,39.85,39.2,9602,3.76,258, 5265, 54.83,0.5483232659862529,2022-06-28
JAICORPLTD, EQ, 28-Jun-2022,107.9,107.45,112.0,106.5, 111.25,111.2,109.48,1495213,1636.92,11777, 244364, 16.34,0.16343089579879255,2022-06-28
JAIPURKURT, EQ, 28-Jun-2022,65.0,65.45,65.95,63.05, 64.50,64.2,64.71,1902,1.23,59, 1232, 64.77,0.647739221871714,2022-06-28
JAMNAAUTO, EQ, 28-Jun-2022,112.45,110.8,119.0,110.5, 118.50,117.65,116.13,3108689,3610.02,26811, 1237706, 39.81,0.3981440407837516,2022-06-28
JASH, EQ, 28-Jun-2022,616.4,605.7,627.7,605.0, 624.90,624.6,618.52,1746,10.8,253, 891, 51.03,0.5103092783505154,2022-06-28
JAYAGROGN, EQ, 28-Jun-2022,203.2,201.1,206.95,200.35, 205.80,203.9,204.04,12082,24.65,742, 6138, 50.80,0.508028472107267,2022-06-28
JAYBARMARU, EQ, 28-Jun-2022,142.85,143.9,143.9,139.65, 141.20,141.55,142.03,20339,28.89,666, 10062, 49.47,0.49471458773784355,2022-06-28
JAYNECOIND, EQ, 28-Jun-2022,21.95,21.55,22.95,21.3, 21.60,22.2,21.86,84053,18.38,410, 58345, 69.41,0.6941453606652945,2022-06-28
JAYSREETEA, EQ, 28-Jun-2022,88.65,88.95,88.95,87.1, 88.10,87.95,87.87,13995,12.3,359, 8384, 59.91,0.5990710968202929,2022-06-28
JBCHEPHARM, EQ, 28-Jun-2022,1567.0,1571.0,1596.05,1528.45, 1590.00,1568.55,1545.8,45586,704.67,5415, 29648, 65.04,0.6503751151669372,2022-06-28
JBFIND, EQ, 28-Jun-2022,11.35,11.6,11.6,11.1, 11.30,11.3,11.33,69637,7.89,215, 43416, 62.35,0.6234616654939185,2022-06-28
JBMA, EQ, 28-Jun-2022,421.7,423.65,437.0,421.7, 434.00,433.15,432.18,62771,271.28,3224, 32178, 51.26,0.5126252568861417,2022-06-28
JCHAC, EQ, 28-Jun-2022,1617.2,1604.4,1623.0,1575.75, 1590.00,1580.0,1595.0,14242,227.16,2644, 10867, 76.30,0.7630248560595422,2022-06-28
JETAIRWAYS, BZ, 28-Jun-2022,105.85,108.9,111.1,108.0, 111.10,111.1,110.34,117000,129.1,788, -, -,,2022-06-28
JETFREIGHT, EQ, 28-Jun-2022,22.25,23.0,23.35,22.95, 23.35,23.35,23.24,4607,1.07,36, 4607, 100.00,1.0,2022-06-28
JHS, EQ, 28-Jun-2022,21.7,21.95,22.3,21.4, 21.60,21.7,21.73,29652,6.44,258, 19314, 65.14,0.6513557264265479,2022-06-28
JINDALPHOT, EQ, 28-Jun-2022,203.75,200.1,210.0,200.1, 205.10,208.2,206.5,10421,21.52,363, 6622, 63.54,0.6354476537760292,2022-06-28
JINDALPOLY, EQ, 28-Jun-2022,997.8,1000.0,1039.95,978.65, 1005.00,1002.15,1007.46,88137,887.95,7475, 21838, 24.78,0.24777335284840646,2022-06-28
JINDALSAW, EQ, 28-Jun-2022,79.6,79.8,80.5,78.2, 79.00,79.8,79.23,690191,546.82,10752, 160764, 23.29,0.2329268275013728,2022-06-28
JINDALSTEL, EQ, 28-Jun-2022,322.5,323.15,334.25,321.1, 333.35,333.05,329.2,5277001,17371.63,48411, 588598, 11.15,0.11154024795523063,2022-06-28
JINDRILL, EQ, 28-Jun-2022,178.6,180.0,185.8,177.6, 183.00,182.5,181.93,27715,50.42,852, 9020, 32.55,0.32545552949666245,2022-06-28
JINDWORLD, BE, 28-Jun-2022,244.1,236.05,243.4,236.05, 237.90,239.2,240.19,5072,12.18,116, -, -,,2022-06-28
JISLDVREQS, EQ, 28-Jun-2022,20.75,21.0,21.0,19.25, 20.00,20.05,20.06,38575,7.74,234, 24335, 63.08,0.630848995463383,2022-06-28
JISLJALEQS, EQ, 28-Jun-2022,38.35,38.0,38.6,37.15, 37.40,37.35,37.76,2215457,836.58,4590, 1022845, 46.17,0.4616857831138226,2022-06-28
JITFINFRA, BE, 28-Jun-2022,124.6,126.4,126.4,122.65, 124.00,124.1,123.96,14148,17.54,124, -, -,,2022-06-28
JKCEMENT, EQ, 28-Jun-2022,2092.9,2093.8,2112.45,2040.15, 2096.00,2100.0,2091.63,214659,4489.88,9800, 116327, 54.19,0.5419153168513783,2022-06-28
JKIL, EQ, 28-Jun-2022,296.1,293.25,297.2,287.1, 292.50,293.75,290.99,389778,1134.23,12929, 122808, 31.51,0.3150716561735142,2022-06-28
JKLAKSHMI, EQ, 28-Jun-2022,416.1,416.1,430.8,406.05, 426.15,416.15,413.67,221589,916.64,7819, 112400, 50.72,0.5072453957552044,2022-06-28
JKPAPER, EQ, 28-Jun-2022,290.45,289.4,309.45,287.1, 307.25,307.95,301.79,2608270,7871.38,36600, 455917, 17.48,0.174796704328923,2022-06-28
JKTYRE, EQ, 28-Jun-2022,102.1,101.5,104.0,101.15, 103.50,103.45,102.79,455943,468.69,5698, 159406, 34.96,0.3496182636864696,2022-06-28
JMA, EQ, 28-Jun-2022,65.2,65.85,67.2,64.1, 67.20,66.5,65.91,7156,4.72,194, 5669, 79.22,0.7922023476802683,2022-06-28
JMCPROJECT, EQ, 28-Jun-2022,76.8,76.5,78.0,75.3, 77.55,77.3,76.44,47535,36.34,873, 30802, 64.80,0.6479856947512359,2022-06-28
JMFINANCIL, EQ, 28-Jun-2022,60.0,58.7,60.5,58.7, 60.00,60.15,59.81,144124,86.2,1831, 63797, 44.27,0.4426535483333796,2022-06-28
JOCIL, EQ, 28-Jun-2022,166.6,166.05,166.05,161.0, 164.75,164.3,163.48,3339,5.46,171, 2134, 63.91,0.6391135070380354,2022-06-28
JPASSOCIAT, EQ, 28-Jun-2022,7.6,7.55,7.65,7.45, 7.65,7.55,7.56,1892425,143.14,6081, 990771, 52.35,0.523545715153837,2022-06-28
JPINFRATEC, BE, 28-Jun-2022,2.15,2.15,2.15,2.05, 2.15,2.05,2.09,640550,13.36,681, -, -,,2022-06-28
JPOLYINVST, EQ, 28-Jun-2022,281.55,294.9,295.6,291.0, 295.60,295.6,295.19,18905,55.81,360, 12567, 66.47,0.6647447765141496,2022-06-28
JPPOWER, EQ, 28-Jun-2022,6.55,6.5,6.7,6.4, 6.60,6.55,6.56,18819511,1233.7,12800, 6004578, 31.91,0.3190613188621107,2022-06-28
JSL, EQ, 28-Jun-2022,99.9,100.1,101.0,98.7, 99.85,99.45,99.58,954239,950.26,10256, 466746, 48.91,0.4891290337116802,2022-06-28
JSLHISAR, EQ, 28-Jun-2022,201.35,200.9,202.7,200.15, 201.35,201.05,201.19,82980,166.95,4494, 34542, 41.63,0.41626898047722344,2022-06-28
JSWENERGY, EQ, 28-Jun-2022,218.3,217.75,225.0,211.8, 217.35,219.45,219.19,892784,1956.88,15200, 269202, 30.15,0.3015309414147207,2022-06-28
JSWHL, EQ, 28-Jun-2022,3235.45,3220.85,3233.15,3180.1, 3220.00,3216.4,3212.88,138,4.43,69, 113, 81.88,0.8188405797101449,2022-06-28
JSWISPL, EQ, 28-Jun-2022,23.75,23.65,24.2,23.55, 24.00,24.05,23.96,1418390,339.79,1901, 577090, 40.69,0.4068627105380044,2022-06-28
JSWSTEEL, EQ, 28-Jun-2022,571.65,573.45,580.55,568.0, 579.90,578.4,575.19,4285360,24648.88,53192, 722555, 16.86,0.16861010510202176,2022-06-28
JTEKTINDIA, EQ, 28-Jun-2022,86.3,85.45,88.0,75.0, 82.00,81.35,79.2,3620396,2867.33,24886, 1416303, 39.12,0.39120112827436554,2022-06-28
JTLINFRA, EQ, 28-Jun-2022,204.55,200.9,210.0,196.75, 206.90,207.35,205.14,293096,601.25,4234, 126708, 43.23,0.4323088680841772,2022-06-28
JUBLFOOD, EQ, 28-Jun-2022,542.65,538.95,539.8,523.2, 537.25,535.55,531.69,2391155,12713.62,53048, 518423, 21.68,0.21680861341067392,2022-06-28
JUBLINDS, EQ, 28-Jun-2022,376.2,372.1,384.5,370.8, 373.05,376.0,375.78,7507,28.21,615, 2986, 39.78,0.39776208871719726,2022-06-28
JUBLINGREA, EQ, 28-Jun-2022,497.55,496.95,504.55,490.1, 497.70,497.1,496.05,218133,1082.05,7979, 77198, 35.39,0.3539033525417979,2022-06-28
JUBLPHARMA, EQ, 28-Jun-2022,351.65,351.0,351.0,344.3, 346.90,347.0,347.77,28630,99.57,2386, 13417, 46.86,0.4686342996856444,2022-06-28
JUNIORBEES, EQ, 28-Jun-2022,389.98,399.99,399.99,366.6, 391.00,390.44,388.34,57961,225.09,4243, 40795, 70.38,0.7038353375545625,2022-06-28
JUSTDIAL, EQ, 28-Jun-2022,563.95,562.0,584.3,553.5, 563.15,568.25,570.23,481939,2748.15,15324, 95725, 19.86,0.1986247222158821,2022-06-28
JWL, EQ, 28-Jun-2022,53.65,53.6,53.75,52.45, 52.75,52.9,53.17,74501,39.61,1112, 48215, 64.72,0.6471725211742124,2022-06-28
JYOTHYLAB, EQ, 28-Jun-2022,157.15,158.0,158.0,154.0, 154.70,154.55,154.92,126901,196.59,2596, 61645, 48.58,0.48577237374015964,2022-06-28
JYOTISTRUC, BZ, 28-Jun-2022,14.15,14.85,14.85,14.35, 14.85,14.85,14.8,22899,3.39,62, -, -,,2022-06-28
KABRAEXTRU, EQ, 28-Jun-2022,311.6,315.0,368.85,307.4, 348.35,357.25,353.91,914849,3237.75,35019, 110842, 12.12,0.12115879232529084,2022-06-28
KAJARIACER, EQ, 28-Jun-2022,939.0,932.0,938.0,915.1, 931.25,931.15,927.71,85562,793.76,14881, 44019, 51.45,0.5144690399943901,2022-06-28
KAKATCEM, EQ, 28-Jun-2022,190.75,191.55,191.9,188.65, 190.00,190.35,190.21,3617,6.88,295, 1821, 50.35,0.5034559026817805,2022-06-28
KALPATPOWR, EQ, 28-Jun-2022,364.4,360.05,365.0,359.1, 361.95,361.0,362.95,363830,1320.51,2252, 350362, 96.30,0.9629827117060166,2022-06-28
KALYANIFRG, BE, 28-Jun-2022,177.05,172.25,184.7,172.25, 177.10,177.1,183.32,553,1.01,10, -, -,,2022-06-28
KALYANKJIL, EQ, 28-Jun-2022,58.45,58.8,61.0,58.0, 60.00,60.45,60.24,664986,400.59,7990, 218389, 32.84,0.3284114252029366,2022-06-28
KAMATHOTEL, EQ, 28-Jun-2022,56.0,55.8,56.75,54.5, 55.65,56.1,55.54,21771,12.09,487, 11425, 52.48,0.5247806715355289,2022-06-28
KAMDHENU, EQ, 28-Jun-2022,185.85,187.0,188.8,182.75, 185.05,184.55,184.99,14403,26.64,650, 7592, 52.71,0.5271124071374019,2022-06-28
KANANIIND, EQ, 28-Jun-2022,15.2,14.45,14.45,14.45, 14.45,14.45,14.45,32266,4.66,264, 32266, 100.00,1.0,2022-06-28
KANORICHEM, EQ, 28-Jun-2022,109.5,108.35,114.95,108.25, 114.95,111.9,109.68,10374,11.38,143, 6135, 59.14,0.5913823019086177,2022-06-28
KANPRPLA, EQ, 28-Jun-2022,116.2,117.8,125.95,117.3, 122.80,123.65,122.54,13100,16.05,541, 8305, 63.40,0.6339694656488549,2022-06-28
KANSAINER, EQ, 28-Jun-2022,377.9,376.0,379.8,372.0, 376.55,376.2,374.78,34065,127.67,2182, 15050, 44.18,0.44180243651842066,2022-06-28
KAPSTON, EQ, 28-Jun-2022,145.75,148.95,148.95,140.0, 142.75,144.6,143.54,1210,1.74,183, 551, 45.54,0.4553719008264463,2022-06-28
KARMAENG, EQ, 28-Jun-2022,23.6,24.1,24.1,22.45, 22.45,22.5,23.01,5170,1.19,41, 2528, 48.90,0.48897485493230175,2022-06-28
KARURVYSYA, EQ, 28-Jun-2022,45.9,45.65,45.75,45.2, 45.40,45.55,45.5,465909,211.99,3284, 283244, 60.79,0.6079384600855532,2022-06-28
KAUSHALYA, EQ, 28-Jun-2022,3.5,3.35,3.6,3.35, 3.55,3.5,3.53,16257,0.57,43, 9986, 61.43,0.6142584732730516,2022-06-28
KAVVERITEL, EQ, 28-Jun-2022,7.85,8.2,8.2,8.2, 8.20,8.2,8.2,3972,0.33,35, 3972, 100.00,1.0,2022-06-28
KAYA, EQ, 28-Jun-2022,275.15,279.25,280.0,267.05, 270.40,272.55,271.86,8241,22.4,538, 3471, 42.12,0.42118674918092464,2022-06-28
KBCGLOBAL, EQ, 28-Jun-2022,3.65,3.8,3.8,3.5, 3.75,3.7,3.67,30096933,1105.8,7527, 10574427, 35.13,0.35134566701530684,2022-06-28
KCP, EQ, 28-Jun-2022,107.4,106.35,108.35,105.6, 107.15,106.55,106.61,70393,75.05,1721, 38543, 54.75,0.5475402383759749,2022-06-28
KCPSUGIND, EQ, 28-Jun-2022,21.05,21.25,21.5,20.75, 21.25,21.1,21.07,164727,34.71,926, 61730, 37.47,0.3747412385340594,2022-06-28
KDDL, EQ, 28-Jun-2022,694.6,685.55,703.0,685.55, 695.80,692.85,692.74,1295,8.97,194, 648, 50.04,0.5003861003861004,2022-06-28
KEC, EQ, 28-Jun-2022,420.75,416.9,425.0,410.25, 413.30,414.85,418.86,453287,1898.63,12198, 83612, 18.45,0.18445708789354207,2022-06-28
KECL, EQ, 28-Jun-2022,25.85,26.8,26.8,25.3, 25.80,25.6,25.7,78407,20.15,597, 57469, 73.30,0.7329575165482674,2022-06-28
KEEPLEARN, BE, 28-Jun-2022,1.55,1.6,1.6,1.6, 1.60,1.6,1.6,314,0.01,2, -, -,,2022-06-28
KEERTI, EQ, 28-Jun-2022,16.75,17.4,17.4,16.5, 16.95,16.6,16.72,371,0.06,14, 317, 85.44,0.8544474393530997,2022-06-28
KEI, EQ, 28-Jun-2022,1200.45,1203.85,1203.85,1163.65, 1172.70,1172.2,1176.9,119145,1402.22,13242, 75877, 63.68,0.6368458600864493,2022-06-28
KELLTONTEC, EQ, 28-Jun-2022,72.2,73.0,78.6,72.3, 76.10,76.6,75.88,902029,684.5,12041, 330724, 36.66,0.36664453138424596,2022-06-28
KENNAMET, EQ, 28-Jun-2022,1835.5,1865.0,1872.0,1789.85, 1860.00,1840.3,1821.92,4375,79.71,1372, 1960, 44.80,0.448,2022-06-28
KERNEX, BE, 28-Jun-2022,175.75,174.0,175.3,168.0, 170.35,170.95,172.15,3427,5.9,34, -, -,,2022-06-28
KESORAMIND, EQ, 28-Jun-2022,48.25,48.45,48.7,47.6, 48.00,48.2,48.16,121491,58.51,1233, 68058, 56.02,0.5601896436773094,2022-06-28
KEYFINSERV, EQ, 28-Jun-2022,99.7,99.6,100.0,95.5, 99.50,99.6,97.88,4170,4.08,102, 2349, 56.33,0.5633093525179856,2022-06-28
KHADIM, EQ, 28-Jun-2022,193.8,193.8,195.6,191.6, 193.00,192.3,193.35,12593,24.35,674, 6108, 48.50,0.485031366632256,2022-06-28
KHAICHEM, EQ, 28-Jun-2022,104.4,103.5,104.25,99.5, 100.75,100.85,101.24,213802,216.45,4263, 103736, 48.52,0.4851965837550631,2022-06-28
KHAITANLTD, EQ, 28-Jun-2022,48.3,47.45,49.7,46.75, 47.50,48.65,48.16,1985,0.96,46, 610, 30.73,0.30730478589420657,2022-06-28
KHANDSE, BE, 28-Jun-2022,33.8,33.0,34.45,32.3, 34.40,34.4,32.76,1421,0.47,11, -, -,,2022-06-28
KICL, EQ, 28-Jun-2022,1495.4,1499.2,1516.0,1481.0, 1516.00,1508.55,1502.73,224,3.37,41, 154, 68.75,0.6875,2022-06-28
KILITCH, EQ, 28-Jun-2022,157.3,158.2,161.95,155.25, 161.60,159.35,157.99,3482,5.5,279, 1440, 41.36,0.4135554279149914,2022-06-28
KIMS, EQ, 28-Jun-2022,1148.2,1157.9,1158.95,1139.35, 1155.10,1155.25,1147.99,12073,138.6,1293, 6166, 51.07,0.5107264143129296,2022-06-28
KINGFA, EQ, 28-Jun-2022,903.9,907.15,909.5,870.0, 905.75,899.8,883.66,3471,30.67,432, 1525, 43.94,0.4393546528377989,2022-06-28
KIOCL, EQ, 28-Jun-2022,192.4,191.0,191.85,188.0, 189.00,189.8,189.59,31687,60.08,1302, 11341, 35.79,0.3579070281187869,2022-06-28
KIRIINDUS, EQ, 28-Jun-2022,453.55,454.0,458.0,448.2, 453.00,451.85,452.17,35230,159.3,2442, 14380, 40.82,0.408174850979279,2022-06-28
KIRLFER, EQ, 28-Jun-2022,200.4,200.4,202.3,198.55, 200.10,201.1,200.61,44639,89.55,3102, 21840, 48.93,0.48925827191469345,2022-06-28
KIRLOSBROS, EQ, 28-Jun-2022,324.65,319.8,325.8,318.2, 324.85,323.95,322.73,15794,50.97,1112, 9668, 61.21,0.6121311890591363,2022-06-28
KIRLOSENG, EQ, 28-Jun-2022,131.65,132.2,133.25,129.05, 132.60,132.7,131.7,46302,60.98,1406, 24543, 53.01,0.530063496177271,2022-06-28
KIRLOSIND, EQ, 28-Jun-2022,1305.85,1299.4,1322.95,1291.0, 1303.00,1313.25,1309.29,789,10.33,151, 647, 82.00,0.8200253485424588,2022-06-28
KITEX, EQ, 28-Jun-2022,224.85,223.75,229.5,219.2, 229.50,228.1,224.16,274555,615.45,5337, 67598, 24.62,0.24620932053686875,2022-06-28
KKCL, EQ, 28-Jun-2022,247.2,243.5,253.4,242.4, 246.30,246.5,248.78,116462,289.73,7063, 36902, 31.69,0.3168587178650547,2022-06-28
KMSUGAR, EQ, 28-Jun-2022,28.2,27.85,28.65,27.7, 28.10,28.2,28.21,194408,54.84,1032, 98387, 50.61,0.5060851405291963,2022-06-28
KNRCON, EQ, 28-Jun-2022,233.4,230.05,236.5,228.1, 235.05,235.15,232.69,220419,512.89,8964, 118374, 53.70,0.5370408177153512,2022-06-28
KOHINOOR, BE, 28-Jun-2022,106.2,111.5,111.5,111.5, 111.50,111.5,111.5,18839,21.01,148, -, -,,2022-06-28
KOKUYOCMLN, EQ, 28-Jun-2022,55.1,54.9,56.25,54.45, 55.80,55.9,55.64,41787,23.25,617, 26867, 64.30,0.6429511570584153,2022-06-28
KOLTEPATIL, EQ, 28-Jun-2022,223.45,222.9,222.9,218.9, 219.50,219.8,220.02,177298,390.09,2125, 98402, 55.50,0.5550090807566921,2022-06-28
KOPRAN, EQ, 28-Jun-2022,196.9,198.0,209.4,191.65, 207.95,206.1,204.38,166803,340.91,4711, 79859, 47.88,0.4787623723793937,2022-06-28
KOTAKALPHA, EQ, 28-Jun-2022,26.19,26.15,26.38,25.61, 25.94,25.85,25.8,222642,57.45,579, 128634, 57.78,0.57776160832188,2022-06-28
KOTAKBANK, EQ, 28-Jun-2022,1691.55,1684.9,1692.35,1664.7, 1669.10,1668.8,1670.31,2799443,46759.37,109677, 1900050, 67.87,0.6787243033703491,2022-06-28
KOTAKBKETF, EQ, 28-Jun-2022,342.24,349.28,349.28,338.69, 340.00,340.32,339.68,891576,3028.55,619, 797980, 89.50,0.8950218489506223,2022-06-28
KOTAKGOLD, EQ, 28-Jun-2022,44.01,43.7,44.11,43.7, 43.93,43.99,43.99,77851,34.25,397, 50288, 64.60,0.6459518824421009,2022-06-28
KOTAKIT, EQ, 28-Jun-2022,28.82,29.04,29.44,28.51, 29.40,29.24,28.99,16365,4.74,183, 11245, 68.71,0.6871371830125267,2022-06-28
KOTAKLOVOL, EQ, 28-Jun-2022,12.16,12.47,12.47,11.74, 12.06,12.1,12.02,2543,0.31,59, 1973, 77.59,0.7758552890287063,2022-06-28
KOTAKMID50, EQ, 28-Jun-2022,74.5,74.5,74.8,72.05, 74.65,74.21,73.69,956,0.7,57, 562, 58.79,0.5878661087866108,2022-06-28
KOTAKNIFTY, EQ, 28-Jun-2022,168.11,167.7,168.55,167.0, 168.55,167.87,167.72,28396,47.62,280, 12445, 43.83,0.43826595295111986,2022-06-28
KOTAKNV20, EQ, 28-Jun-2022,88.99,88.34,90.49,87.07, 90.40,89.94,88.63,8898,7.89,207, 7718, 86.74,0.867385929422342,2022-06-28
KOTAKPSUBK, EQ, 28-Jun-2022,245.16,243.9,247.0,243.9, 247.00,245.74,245.52,728,1.79,39, 362, 49.73,0.49725274725274726,2022-06-28
KOTARISUG, EQ, 28-Jun-2022,33.2,33.1,33.45,31.55, 33.40,33.15,32.66,109226,35.67,2024, 27280, 24.98,0.2497573837730943,2022-06-28
KOTHARIPET, EQ, 28-Jun-2022,81.2,82.0,85.5,80.8, 83.90,83.5,83.63,92874,77.67,2516, 33573, 36.15,0.3614897603204341,2022-06-28
KOTHARIPRO, EQ, 28-Jun-2022,81.1,84.0,85.15,80.1, 83.50,83.9,83.22,4805,4.0,141, 2761, 57.46,0.5746097814776274,2022-06-28
KOVAI, EQ, 28-Jun-2022,1418.1,1428.0,1450.0,1415.9, 1450.00,1434.95,1423.9,2422,34.49,274, 1995, 82.37,0.8236994219653179,2022-06-28
KPIGREEN, EQ, 28-Jun-2022,626.45,628.0,669.9,615.55, 668.90,664.55,647.24,419016,2712.06,20249, 88547, 21.13,0.2113212860606755,2022-06-28
KPITTECH, EQ, 28-Jun-2022,504.4,503.95,519.65,497.0, 518.00,516.3,510.44,957846,4889.18,32117, 330004, 34.45,0.34452719957070344,2022-06-28
KPRMILL, EQ, 28-Jun-2022,520.75,520.8,521.9,511.65, 513.55,514.2,514.29,127478,655.6,12463, 64993, 50.98,0.509836991480883,2022-06-28
KRBL, EQ, 28-Jun-2022,223.75,222.0,225.5,217.05, 222.10,222.65,222.95,104236,232.39,3018, 34769, 33.36,0.33356038220960127,2022-06-28
KREBSBIO, EQ, 28-Jun-2022,103.65,101.3,105.0,101.3, 104.95,103.85,103.12,2461,2.54,132, 1250, 50.79,0.5079236082893133,2022-06-28
KRIDHANINF, EQ, 28-Jun-2022,4.15,4.25,4.45,4.05, 4.35,4.25,4.29,96613,4.15,143, 45983, 47.60,0.4759504414519785,2022-06-28
KRISHANA, EQ, 28-Jun-2022,273.75,278.8,278.8,272.15, 275.00,273.7,274.03,4255,11.66,268, 3327, 78.19,0.781903642773208,2022-06-28
KRITI, EQ, 28-Jun-2022,72.1,70.0,72.1,70.0, 71.80,71.95,70.82,13424,9.51,292, 10748, 80.07,0.8006555423122765,2022-06-28
KRITIKA, EQ, 28-Jun-2022,84.6,85.95,85.95,80.65, 80.65,81.5,82.13,8469,6.96,156, 5054, 59.68,0.5967646711536191,2022-06-28
KRSNAA, EQ, 28-Jun-2022,530.7,528.0,545.0,524.45, 542.00,540.5,535.21,14410,77.12,1532, 5756, 39.94,0.3994448299791811,2022-06-28
KSB, EQ, 28-Jun-2022,1403.4,1397.2,1493.65,1397.2, 1469.80,1469.85,1459.1,63886,932.16,10475, 31837, 49.83,0.49834079454027486,2022-06-28
KSCL, EQ, 28-Jun-2022,495.0,496.9,499.0,488.25, 494.90,493.4,493.9,70756,349.46,4133, 42414, 59.94,0.5994403301486799,2022-06-28
KSL, EQ, 28-Jun-2022,284.3,280.4,287.95,280.4, 285.40,286.1,286.4,11014,31.54,901, 4741, 43.05,0.43045215180679136,2022-06-28
KTKBANK, EQ, 28-Jun-2022,65.05,64.95,65.05,64.55, 64.85,64.85,64.85,625229,405.45,3105, 431688, 69.04,0.6904478199187818,2022-06-28
KUANTUM, EQ, 28-Jun-2022,69.25,70.0,71.8,69.0, 70.60,70.75,70.58,7879,5.56,270, 3806, 48.31,0.4830562254093159,2022-06-28
L&TFH, EQ, 28-Jun-2022,69.85,69.35,70.95,69.1, 70.05,70.2,70.15,4647893,3260.48,12276, 1394787, 30.01,0.30009016988988346,2022-06-28
LAGNAM, EQ, 28-Jun-2022,73.0,72.0,74.95,70.85, 73.00,73.45,73.14,10229,7.48,293, 4224, 41.29,0.41294359174894907,2022-06-28
LAKPRE, BZ, 28-Jun-2022,5.75,5.75,5.75,5.7, 5.70,5.7,5.7,103,0.01,3, -, -,,2022-06-28
LALPATHLAB, EQ, 28-Jun-2022,2108.6,2107.55,2185.0,2060.0, 2170.00,2170.55,2125.75,279639,5944.42,19186, 46576, 16.66,0.166557597473886,2022-06-28
LAMBODHARA, EQ, 28-Jun-2022,76.6,75.0,88.0,75.0, 79.00,80.3,78.51,11572,9.09,241, 8935, 77.21,0.7721223643276875,2022-06-28
LANCER, EQ, 28-Jun-2022,200.0,202.9,224.95,197.7, 206.10,206.8,210.16,68565,144.09,2993, 22237, 32.43,0.32431998833223946,2022-06-28
LAOPALA, EQ, 28-Jun-2022,263.8,261.5,274.1,259.15, 266.00,266.15,267.93,132682,355.5,5711, 52451, 39.53,0.3953136069700487,2022-06-28
LASA, EQ, 28-Jun-2022,31.35,31.85,32.0,29.9, 30.10,30.1,30.53,209501,63.96,2069, 145312, 69.36,0.6936100543672823,2022-06-28
LATENTVIEW, EQ, 28-Jun-2022,337.0,334.95,342.85,330.3, 341.20,341.2,337.71,338414,1142.87,10621, 109044, 32.22,0.3222207119090818,2022-06-28
LAURUSLABS, EQ, 28-Jun-2022,466.75,467.8,470.0,458.15, 468.00,468.6,464.77,657252,3054.7,21570, 263246, 40.05,0.4005252171161138,2022-06-28
LAXMICOT, EQ, 28-Jun-2022,21.5,21.85,21.85,21.25, 21.70,21.55,21.5,15864,3.41,81, 14091, 88.82,0.8882375189107413,2022-06-28
LAXMIMACH, EQ, 28-Jun-2022,8993.05,9010.0,9020.0,8886.45, 8948.00,8934.65,8931.06,1662,148.43,648, 859, 51.68,0.5168471720818292,2022-06-28
LCCINFOTEC, EQ, 28-Jun-2022,3.45,3.5,3.6,3.5, 3.60,3.6,3.59,113878,4.09,175, 87019, 76.41,0.7641423277542634,2022-06-28
LEMONTREE, EQ, 28-Jun-2022,61.75,62.4,62.4,60.5, 61.10,61.15,61.17,2215626,1355.4,10151, 1223907, 55.24,0.5523978324861687,2022-06-28
LFIC, EQ, 28-Jun-2022,94.25,93.15,94.35,92.7, 92.70,93.05,93.07,452,0.42,32, 254, 56.19,0.5619469026548672,2022-06-28
LGBBROSLTD, EQ, 28-Jun-2022,583.6,583.0,592.0,576.0, 585.10,583.9,584.8,32694,191.2,2201, 18931, 57.90,0.5790359087294304,2022-06-28
LGBFORGE, EQ, 28-Jun-2022,9.2,9.4,9.4,9.05, 9.10,9.15,9.22,82850,7.63,325, 44614, 53.85,0.5384912492456246,2022-06-28
LIBAS, EQ, 28-Jun-2022,24.3,24.7,24.9,23.9, 24.00,24.05,24.29,72746,17.67,308, 21696, 29.82,0.2982432023753883,2022-06-28
LIBERTSHOE, EQ, 28-Jun-2022,141.5,141.0,144.1,139.85, 142.00,142.6,142.22,36131,51.39,980, 9875, 27.33,0.2733110071683596,2022-06-28
LICHSGFIN, EQ, 28-Jun-2022,330.0,328.0,330.45,325.3, 330.00,329.65,328.18,1917099,6291.59,24654, 563834, 29.41,0.2941079203525744,2022-06-28
LICI, EQ, 28-Jun-2022,664.8,663.25,664.8,659.0, 664.00,663.35,662.21,1004747,6653.55,45785, 388778, 38.69,0.3869411901702618,2022-06-28
LICNETFGSC, EQ, 28-Jun-2022,21.89,21.62,22.26,21.62, 21.80,21.81,21.85,8342,1.82,55, 8219, 98.53,0.9852553344521697,2022-06-28
LICNETFN50, EQ, 28-Jun-2022,169.5,172.65,172.65,166.3, 169.00,168.9,168.44,723,1.22,63, 594, 82.16,0.8215767634854771,2022-06-28
LICNETFSEN, EQ, 28-Jun-2022,573.0,575.0,575.0,565.25, 572.00,571.64,571.31,463,2.65,43, 446, 96.33,0.9632829373650108,2022-06-28
LICNFNHGP, EQ, 28-Jun-2022,169.75,172.2,172.2,165.93, 169.00,169.0,168.41,876,1.48,39, 842, 96.12,0.9611872146118722,2022-06-28
LIKHITHA, EQ, 28-Jun-2022,284.0,286.0,291.8,278.45, 286.00,282.7,285.32,101704,290.18,3519, 30321, 29.81,0.29812986706520883,2022-06-28
LINC, EQ, 28-Jun-2022,254.0,258.0,258.0,246.0, 251.00,248.75,252.37,2465,6.22,196, 1839, 74.60,0.7460446247464503,2022-06-28
LINCOLN, EQ, 28-Jun-2022,287.55,287.55,297.4,285.3, 297.20,295.7,290.96,23512,68.41,4887, 12894, 54.84,0.5484008166042872,2022-06-28
LINDEINDIA, EQ, 28-Jun-2022,3097.15,3097.9,3325.0,3051.5, 3225.00,3227.9,3229.77,254388,8216.15,34538, 56501, 22.21,0.2221056024655251,2022-06-28
LIQUIDBEES, EQ, 28-Jun-2022,999.99,1002.6,1002.6,999.95, 1000.01,1000.0,1000.0,1446603,14466.03,5889, 1223107, 84.55,0.8455028781220556,2022-06-28
LIQUIDETF, EQ, 28-Jun-2022,1000.0,1000.0,1000.01,999.99, 999.99,1000.0,1000.0,60759,607.59,67, 54679, 89.99,0.8999325202850607,2022-06-28
LODHA, EQ, 28-Jun-2022,1027.45,1024.0,1055.0,990.05, 1054.00,1028.25,1013.79,298996,3031.18,13412, 241991, 80.93,0.8093452755220806,2022-06-28
LOKESHMACH, EQ, 28-Jun-2022,76.45,77.2,79.6,74.25, 77.45,78.1,77.07,50574,38.98,716, 37943, 75.02,0.7502471625736544,2022-06-28
LOTUSEYE, EQ, 28-Jun-2022,53.0,54.8,56.85,52.6, 53.00,53.15,54.73,28210,15.44,459, 14043, 49.78,0.4978021978021978,2022-06-28
LOVABLE, EQ, 28-Jun-2022,131.8,133.8,138.7,127.45, 128.75,128.45,132.32,68554,90.71,3509, 23743, 34.63,0.34634011144499227,2022-06-28
LPDC, EQ, 28-Jun-2022,5.95,6.2,6.2,6.0, 6.20,6.2,6.16,35091,2.16,176, 22265, 63.45,0.6344931748881479,2022-06-28
LSIL, EQ, 28-Jun-2022,9.8,10.25,10.25,9.55, 10.25,10.25,10.15,4648614,471.93,2570, 1463871, 31.49,0.314904829697626,2022-06-28
LT, EQ, 28-Jun-2022,1535.8,1530.0,1557.5,1524.1, 1551.50,1551.5,1540.52,2072405,31925.74,79951, 1301049, 62.78,0.627796690318736,2022-06-28
LTGILTBEES, EQ, 28-Jun-2022,22.02,22.12,22.15,21.87, 22.11,22.1,22.02,41966,9.24,68, 39410, 93.91,0.9390935519229853,2022-06-28
LTI, EQ, 28-Jun-2022,4163.3,4117.2,4234.95,4076.0, 4224.00,4222.6,4148.57,299984,12445.04,28970, 73845, 24.62,0.24616312870019735,2022-06-28
LTTS, EQ, 28-Jun-2022,3130.55,3119.0,3165.0,3054.25, 3164.00,3158.05,3118.39,321369,10021.55,26976, 83180, 25.88,0.25883019208448854,2022-06-28
LUMAXIND, EQ, 28-Jun-2022,1294.15,1299.0,1308.4,1246.05, 1259.90,1254.8,1267.49,9195,116.55,1936, 4613, 50.17,0.5016856987493202,2022-06-28
LUMAXTECH, EQ, 28-Jun-2022,170.05,169.95,175.95,166.0, 173.00,172.65,172.45,35364,60.98,1128, 17505, 49.50,0.49499491007804547,2022-06-28
LUPIN, EQ, 28-Jun-2022,630.0,625.0,635.35,621.5, 633.00,633.45,629.14,503079,3165.06,14315, 111752, 22.21,0.22213608598251963,2022-06-28
LUXIND, EQ, 28-Jun-2022,1819.4,1824.0,1834.0,1787.0, 1823.95,1819.15,1817.27,56353,1024.09,5400, 29704, 52.71,0.5271059216013344,2022-06-28
LXCHEM, EQ, 28-Jun-2022,299.0,299.0,299.0,291.7, 294.05,292.55,294.1,412379,1212.79,15704, 245529, 59.54,0.5953964678123764,2022-06-28
LYKALABS, EQ, 28-Jun-2022,117.45,114.25,118.45,111.5, 115.50,115.1,114.12,98734,112.67,2443, 60854, 61.63,0.616342901128284,2022-06-28
LYPSAGEMS, BE, 28-Jun-2022,6.1,5.8,5.8,5.8, 5.80,5.8,5.8,44387,2.57,116, -, -,,2022-06-28
M&M, EQ, 28-Jun-2022,1082.7,1082.0,1121.45,1079.45, 1110.50,1112.0,1109.18,11020641,122238.31,261901, 4739512, 43.01,0.4300577434651941,2022-06-28
M&MFIN, EQ, 28-Jun-2022,177.9,178.3,180.8,175.8, 180.80,180.25,178.11,2486665,4429.09,15785, 669023, 26.90,0.26904428220126153,2022-06-28
MAANALU, EQ, 28-Jun-2022,104.5,105.8,121.9,103.95, 116.95,117.45,117.72,117944,138.84,3331, 28469, 24.14,0.2413772637862036,2022-06-28
MACPOWER, EQ, 28-Jun-2022,201.55,201.0,204.7,198.5, 201.00,200.85,199.87,1891,3.78,115, 1458, 77.10,0.7710206240084612,2022-06-28
MADHAV, EQ, 28-Jun-2022,43.05,43.8,43.8,41.4, 42.50,41.75,42.27,5848,2.47,208, 3575, 61.13,0.6113201094391245,2022-06-28
MADHUCON, EQ, 28-Jun-2022,5.35,5.55,5.6,5.1, 5.20,5.2,5.32,26908,1.43,73, 24760, 92.02,0.9201724394232199,2022-06-28
MADRASFERT, EQ, 28-Jun-2022,43.85,43.7,43.95,42.5, 43.95,43.75,43.33,135395,58.66,1752, 66310, 48.98,0.4897522065068873,2022-06-28
MAESGETF, EQ, 28-Jun-2022,26.63,26.53,26.67,26.35, 26.59,26.58,26.48,2717,0.72,65, 1199, 44.13,0.44129554655870445,2022-06-28
MAFANG, EQ, 28-Jun-2022,41.09,41.09,41.64,40.9, 41.64,41.5,41.28,358172,147.87,1647, 257575, 71.91,0.7191377327094245,2022-06-28
MAFSETF, EQ, 28-Jun-2022,15.73,16.04,16.04,15.54, 15.69,15.65,15.64,57320,8.97,193, 53673, 93.64,0.9363747383112352,2022-06-28
MAGADSUGAR, EQ, 28-Jun-2022,318.2,319.0,322.0,311.45, 321.60,318.45,318.41,16271,51.81,1044, 7548, 46.39,0.46389281543851024,2022-06-28
MAGNUM, EQ, 28-Jun-2022,12.0,12.5,12.6,11.85, 11.95,11.95,12.17,63824,7.77,194, 40095, 62.82,0.6282119578841815,2022-06-28
MAHABANK, EQ, 28-Jun-2022,16.3,16.3,16.35,15.7, 15.85,15.8,15.94,2902584,462.81,4604, 1758259, 60.58,0.6057564570052064,2022-06-28
MAHAPEXLTD, EQ, 28-Jun-2022,79.05,78.0,78.95,74.05, 76.25,74.85,76.15,1889,1.44,116, 666, 35.26,0.3525674960296453,2022-06-28
MAHASTEEL, EQ, 28-Jun-2022,61.65,62.8,62.8,60.4, 61.30,60.9,61.23,13720,8.4,295, 9241, 67.35,0.6735422740524781,2022-06-28
MAHEPC, EQ, 28-Jun-2022,96.2,96.6,103.5,94.1, 102.05,101.5,99.57,37299,37.14,1158, 21353, 57.25,0.5724818359741548,2022-06-28
MAHESHWARI, EQ, 28-Jun-2022,73.35,73.5,78.0,73.2, 74.75,74.25,74.78,27193,20.34,317, 11632, 42.78,0.42775714338248816,2022-06-28
MAHINDCIE, EQ, 28-Jun-2022,223.75,222.85,244.3,217.3, 241.80,241.9,237.05,2968652,7037.28,37703, 634786, 21.38,0.2138297112628897,2022-06-28
MAHKTECH, EQ, 28-Jun-2022,16.53,16.63,17.19,16.26, 17.19,16.91,16.64,201933,33.6,415, 131978, 65.36,0.6535732148782022,2022-06-28
MAHLIFE, EQ, 28-Jun-2022,419.05,425.0,425.0,403.15, 406.50,408.1,410.32,100272,411.43,6416, 44342, 44.22,0.44221716929950533,2022-06-28
MAHLOG, EQ, 28-Jun-2022,453.85,453.5,478.95,447.95, 472.10,466.8,458.89,317777,1458.24,15384, 232857, 73.28,0.7327685767063066,2022-06-28
MAHSCOOTER, EQ, 28-Jun-2022,3737.5,3750.5,3793.7,3730.0, 3750.00,3749.4,3756.1,1742,65.43,566, 1068, 61.31,0.6130884041331802,2022-06-28
MAHSEAMLES, EQ, 28-Jun-2022,613.35,616.25,669.0,609.15, 669.00,648.85,637.09,375621,2393.05,8218, 181791, 48.40,0.4839745381647991,2022-06-28
MAITHANALL, EQ, 28-Jun-2022,886.85,887.1,889.0,870.9, 872.00,874.35,876.01,20239,177.29,2878, 11421, 56.43,0.5643065368842334,2022-06-28
MALLCOM, EQ, 28-Jun-2022,706.55,703.05,719.0,702.0, 719.00,716.0,714.77,567,4.05,122, 316, 55.73,0.5573192239858906,2022-06-28
MALUPAPER, EQ, 28-Jun-2022,30.2,29.7,31.9,29.4, 31.30,31.0,31.1,72802,22.64,673, 25991, 35.70,0.3570094228180544,2022-06-28
MAM150ETF, EQ, 28-Jun-2022,10.09,10.01,10.14,9.99, 10.14,10.13,10.12,112158,11.35,129, 104485, 93.16,0.9315875818042404,2022-06-28
MAMFGETF, EQ, 28-Jun-2022,73.3,74.98,74.98,72.96, 73.61,73.8,73.74,1713,1.26,33, 1624, 94.80,0.9480443666082895,2022-06-28
MAN50ETF, EQ, 28-Jun-2022,164.76,164.28,165.17,163.03, 165.17,164.97,164.84,24767,40.83,135, 24427, 98.63,0.9862720555577987,2022-06-28
MANAKALUCO, EQ, 28-Jun-2022,19.5,19.55,19.75,19.25, 19.50,19.55,19.53,22133,4.32,289, 9654, 43.62,0.4361812677901776,2022-06-28
MANAKCOAT, EQ, 28-Jun-2022,20.3,20.3,20.3,19.3, 19.30,19.55,19.6,24586,4.82,275, 15829, 64.38,0.6438216871390222,2022-06-28
MANAKSIA, EQ, 28-Jun-2022,75.7,76.5,76.65,74.55, 75.50,75.75,75.66,28590,21.63,595, 15450, 54.04,0.540398740818468,2022-06-28
MANAKSTEEL, EQ, 28-Jun-2022,36.0,36.0,37.4,33.75, 36.35,36.9,36.53,32288,11.79,406, 20867, 64.63,0.6462772547076313,2022-06-28
MANALIPETC, EQ, 28-Jun-2022,100.55,101.45,102.5,99.3, 100.60,101.15,101.34,650841,659.59,7306, 149146, 22.92,0.22915888826917788,2022-06-28
MANAPPURAM, EQ, 28-Jun-2022,88.9,89.0,89.3,87.1, 87.45,87.5,87.64,3269193,2865.07,15692, 931613, 28.50,0.2849672686806805,2022-06-28
MANGALAM, EQ, 28-Jun-2022,144.55,146.1,146.1,141.95, 143.80,143.0,143.83,25624,36.85,823, 12524, 48.88,0.48876053699656574,2022-06-28
MANGCHEFER, EQ, 28-Jun-2022,106.4,106.4,107.25,103.7, 104.00,104.15,104.6,467926,489.44,9835, 293504, 62.72,0.6272444788278488,2022-06-28
MANGLMCEM, EQ, 28-Jun-2022,269.3,269.3,270.9,266.1, 269.50,269.35,268.86,4574,12.3,251, 2440, 53.34,0.5334499344118933,2022-06-28
MANINDS, EQ, 28-Jun-2022,76.35,76.75,76.75,74.8, 76.70,76.0,75.78,31660,23.99,899, 15232, 48.11,0.48111181301326594,2022-06-28
MANINFRA, EQ, 28-Jun-2022,77.35,76.1,79.4,75.4, 78.25,78.5,77.32,219724,169.89,2912, 118999, 54.16,0.5415839871839216,2022-06-28
MANORG, EQ, 28-Jun-2022,557.75,557.0,560.65,551.0, 551.00,555.5,557.72,4714,26.29,692, 2768, 58.72,0.5871871022486211,2022-06-28
MANUGRAPH, EQ, 28-Jun-2022,12.6,13.3,13.3,12.25, 12.75,12.75,12.54,1842,0.23,49, 1210, 65.69,0.6568946796959826,2022-06-28
MANXT50, EQ, 28-Jun-2022,372.14,370.34,372.86,366.81, 372.51,372.71,371.85,7311,27.19,69, 6527, 89.28,0.8927643277253454,2022-06-28
MANYAVAR, EQ, 28-Jun-2022,979.45,972.0,999.0,961.0, 966.95,973.25,972.03,58529,568.92,5646, 23600, 40.32,0.4032189171180099,2022-06-28
MAPMYINDIA, EQ, 28-Jun-2022,1359.55,1348.0,1384.9,1321.15, 1384.70,1364.05,1345.78,255638,3440.32,19758, 23089, 9.03,0.09031912313505817,2022-06-28
MARALOVER, EQ, 28-Jun-2022,68.9,70.0,72.0,68.05, 70.70,70.7,70.63,21781,15.38,335, 12919, 59.31,0.5931316284835407,2022-06-28
MARATHON, EQ, 28-Jun-2022,206.9,207.0,213.95,201.1, 202.50,202.5,206.53,350294,723.48,9418, 137267, 39.19,0.39186226426944226,2022-06-28
MARICO, EQ, 28-Jun-2022,482.7,482.7,490.8,477.15, 488.70,488.6,486.01,1230006,5977.92,34736, 543424, 44.18,0.44180597493020357,2022-06-28
MARINE, EQ, 28-Jun-2022,27.9,27.9,27.9,26.35, 26.80,27.05,27.33,128778,35.19,790, 83593, 64.91,0.6491248505179457,2022-06-28
MARKSANS, EQ, 28-Jun-2022,42.05,42.05,43.05,41.55, 42.90,42.65,42.36,377712,160.0,2920, 173914, 46.04,0.46044075909687804,2022-06-28
MARSHALL, EQ, 28-Jun-2022,34.35,34.35,38.5,32.7, 35.40,36.15,34.18,43037,14.71,421, 21784, 50.62,0.5061691103004392,2022-06-28
MARUTI, EQ, 28-Jun-2022,8448.75,8415.25,8539.9,8381.05, 8499.00,8489.7,8489.9,691242,58685.76,74571, 247853, 35.86,0.35856183507367895,2022-06-28
MASFIN, EQ, 28-Jun-2022,500.9,499.85,505.3,494.1, 500.00,496.85,499.05,36531,182.31,2204, 24875, 68.09,0.6809285264569818,2022-06-28
MASKINVEST, BE, 28-Jun-2022,32.0,30.4,30.45,30.4, 30.45,30.45,30.41,11,0.0,2, -, -,,2022-06-28
MASPTOP50, EQ, 28-Jun-2022,26.29,26.66,27.1,26.0, 26.75,26.61,26.69,265803,70.95,876, 207516, 78.07,0.7807135359646054,2022-06-28
MASTEK, EQ, 28-Jun-2022,2105.7,2080.1,2131.25,2080.1, 2102.00,2126.4,2116.15,50261,1063.6,5407, 31450, 62.57,0.6257336702413402,2022-06-28
MATRIMONY, EQ, 28-Jun-2022,822.4,820.0,830.0,811.1, 818.95,814.0,819.35,39496,323.61,4070, 27866, 70.55,0.705539801498886,2022-06-28
MAWANASUG, EQ, 28-Jun-2022,103.4,103.0,104.0,101.35, 103.00,103.1,102.78,43965,45.19,941, 25074, 57.03,0.570317297850563,2022-06-28
MAXHEALTH, EQ, 28-Jun-2022,373.85,374.0,374.05,365.0, 369.50,370.55,368.74,216280,797.51,8260, 90430, 41.81,0.4181154059552432,2022-06-28
MAXIND, EQ, 28-Jun-2022,69.4,69.45,69.9,69.0, 69.10,69.2,69.25,9561,6.62,83, 7274, 76.08,0.7607990795941847,2022-06-28
MAXVIL, EQ, 28-Jun-2022,90.65,91.9,91.9,88.5, 89.50,89.4,89.44,32208,28.81,751, 18448, 57.28,0.5727769498261301,2022-06-28
MAYURUNIQ, EQ, 28-Jun-2022,359.9,359.9,362.7,354.6, 358.05,360.25,359.1,50294,180.61,1870, 34320, 68.24,0.6823875611404939,2022-06-28
MAZDA, EQ, 28-Jun-2022,548.25,538.5,559.8,535.5, 559.80,555.75,552.4,2664,14.72,239, 2102, 78.90,0.789039039039039,2022-06-28
MAZDOCK, EQ, 28-Jun-2022,250.35,247.3,256.9,247.1, 256.40,255.35,254.3,242904,617.7,5442, 61447, 25.30,0.25296825083160424,2022-06-28
MBAPL, BE, 28-Jun-2022,639.85,656.9,656.9,630.05, 639.35,638.85,642.49,8810,56.6,178, -, -,,2022-06-28
MBECL, BE, 28-Jun-2022,3.45,3.45,3.6,3.35, 3.60,3.6,3.56,44854,1.6,102, -, -,,2022-06-28
MBLINFRA, EQ, 28-Jun-2022,19.25,19.25,19.4,17.4, 19.15,19.0,18.35,157017,28.81,806, 68997, 43.94,0.43942375666329125,2022-06-28
MCDOWELL-N, EQ, 28-Jun-2022,770.25,765.0,774.5,752.5, 774.50,772.35,766.3,1000883,7669.73,29413, 496704, 49.63,0.49626579730098325,2022-06-28
MCL, EQ, 28-Jun-2022,25.35,25.4,26.0,24.8, 25.25,25.0,25.22,13072,3.3,141, 6797, 52.00,0.5199663402692778,2022-06-28
MCLEODRUSS, EQ, 28-Jun-2022,20.85,20.9,20.9,20.05, 20.70,20.7,20.67,356067,73.6,920, 269679, 75.74,0.7573827397652689,2022-06-28
MCX, EQ, 28-Jun-2022,1282.0,1278.7,1279.0,1247.3, 1272.40,1273.75,1265.54,177586,2247.43,15210, 17680, 9.96,0.09955739754259908,2022-06-28
MEDICAMEQ, EQ, 28-Jun-2022,680.7,675.0,712.75,660.65, 712.75,708.7,701.18,34496,241.88,1636, 22323, 64.71,0.6471185064935064,2022-06-28
MEDICO, EQ, 28-Jun-2022,89.75,87.85,92.95,87.3, 92.00,90.2,89.24,820,0.73,36, 179, 21.83,0.21829268292682927,2022-06-28
MEDPLUS, EQ, 28-Jun-2022,748.1,742.75,802.1,742.75, 763.25,764.45,777.37,238916,1857.25,28893, 52254, 21.87,0.21871285305295585,2022-06-28
MEGASOFT, EQ, 28-Jun-2022,39.0,39.5,39.5,37.2, 38.50,38.55,37.84,110999,42.01,791, 59705, 53.79,0.5378877287182767,2022-06-28
MEGASTAR, EQ, 28-Jun-2022,178.35,181.55,181.55,175.3, 176.55,176.6,177.6,3743,6.65,159, 2914, 77.85,0.7785199038204649,2022-06-28
MELSTAR, BZ, 28-Jun-2022,3.95,4.1,4.1,3.8, 3.80,3.8,3.94,1105,0.04,5, -, -,,2022-06-28
MENONBE, EQ, 28-Jun-2022,73.9,73.2,73.8,70.35, 72.70,72.8,72.71,38141,27.73,618, 19503, 51.13,0.5113395034215149,2022-06-28
MEP, EQ, 28-Jun-2022,17.05,17.0,17.5,16.5, 17.50,17.5,17.15,517190,88.71,685, 438101, 84.71,0.8470794098880489,2022-06-28
MERCATOR, BE, 28-Jun-2022,1.45,1.45,1.5,1.45, 1.50,1.5,1.49,218641,3.26,193, -, -,,2022-06-28
METALFORGE, BZ, 28-Jun-2022,4.55,4.6,4.65,4.45, 4.55,4.5,4.56,5137,0.23,38, -, -,,2022-06-28
METROBRAND, EQ, 28-Jun-2022,562.6,570.0,588.9,562.6, 578.00,580.15,579.09,190948,1105.76,8382, 93819, 49.13,0.4913327188553952,2022-06-28
METROPOLIS, EQ, 28-Jun-2022,1441.05,1444.0,1450.0,1400.0, 1446.50,1438.1,1424.2,228573,3255.34,12236, 40670, 17.79,0.17793002673106623,2022-06-28
MFL, EQ, 28-Jun-2022,1266.3,1276.0,1352.5,1250.35, 1338.00,1338.35,1310.9,251252,3293.66,16140, 63995, 25.47,0.2547044401636604,2022-06-28
MFSL, EQ, 28-Jun-2022,821.25,814.0,824.5,803.75, 815.00,815.55,816.43,381582,3115.36,23276, 190193, 49.84,0.49843284012348593,2022-06-28
MGEL, EQ, 28-Jun-2022,172.65,181.25,181.25,181.0, 181.25,181.25,181.25,18258,33.09,94, 16482, 90.27,0.9027275714755176,2022-06-28
MGL, EQ, 28-Jun-2022,763.25,761.0,770.95,750.05, 763.40,764.4,762.41,651004,4963.3,23783, 116595, 17.91,0.17910028202591688,2022-06-28
MHLXMIRU, EQ, 28-Jun-2022,118.2,121.0,121.0,118.05, 118.90,118.3,119.23,2198,2.62,102, 817, 37.17,0.37170154686078255,2022-06-28
MHRIL, EQ, 28-Jun-2022,214.45,214.2,219.85,211.1, 219.00,218.85,216.0,106500,230.03,6350, 48089, 45.15,0.45153990610328637,2022-06-28
MICEL, BE, 28-Jun-2022,14.7,15.2,15.35,14.25, 15.30,15.3,15.03,57086,8.58,248, -, -,,2022-06-28
MID150BEES, EQ, 28-Jun-2022,102.68,100.11,103.87,98.57, 102.55,102.92,102.41,116197,118.99,1093, 57253, 49.27,0.4927235642916771,2022-06-28
MIDHANI, EQ, 28-Jun-2022,163.8,165.1,166.5,163.5, 164.50,164.45,164.56,84454,138.98,2376, 42349, 50.14,0.5014445733772231,2022-06-28
MINDACORP, EQ, 28-Jun-2022,191.35,189.5,190.3,187.5, 189.45,189.4,189.2,489947,926.98,11765, 178447, 36.42,0.3642169459145581,2022-06-28
MINDAIND, EQ, 28-Jun-2022,937.6,939.5,939.5,916.6, 928.00,928.6,925.23,192996,1785.65,11316, 90078, 46.67,0.46673506186656716,2022-06-28
MINDTECK, EQ, 28-Jun-2022,108.5,109.85,109.85,105.2, 105.90,106.45,106.63,14487,15.45,600, 8516, 58.78,0.5878373714364603,2022-06-28
MINDTREE, EQ, 28-Jun-2022,2958.55,2934.0,3040.0,2895.15, 3029.05,3027.05,2968.9,617916,18345.31,39314, 132493, 21.44,0.2144191119828585,2022-06-28
MIRCELECTR, EQ, 28-Jun-2022,13.0,13.2,13.2,12.7, 13.00,12.8,12.95,90053,11.66,557, 73685, 81.82,0.8182403695601479,2022-06-28
MIRZAINT, EQ, 28-Jun-2022,222.55,222.8,234.5,221.7, 232.75,233.0,228.5,890174,2034.05,15427, 227458, 25.55,0.2555208307589303,2022-06-28
MITCON, EQ, 28-Jun-2022,72.35,74.0,74.0,70.05, 72.25,70.45,71.51,2248,1.61,43, 1160, 51.60,0.5160142348754448,2022-06-28
MITTAL, EQ, 28-Jun-2022,11.1,11.65,11.65,10.55, 11.00,10.85,10.97,30880,3.39,193, 16790, 54.37,0.5437176165803109,2022-06-28
MMFL, EQ, 28-Jun-2022,862.05,870.0,874.0,851.0, 859.90,859.8,859.57,51891,446.04,1271, 46701, 90.00,0.8999826559518992,2022-06-28
MMP, EQ, 28-Jun-2022,156.05,156.85,170.9,156.15, 165.00,164.05,163.15,46160,75.31,1186, 19880, 43.07,0.4306759098786828,2022-06-28
MMTC, EQ, 28-Jun-2022,39.15,38.6,39.4,38.0, 38.40,38.45,38.62,1687409,651.67,6559, 338288, 20.05,0.20047777391254876,2022-06-28
MODIRUBBER, BE, 28-Jun-2022,54.1,54.95,56.8,53.0, 54.70,54.7,55.67,586,0.33,23, -, -,,2022-06-28
MODISNME, EQ, 28-Jun-2022,54.5,54.8,55.85,54.05, 55.85,54.95,54.97,9907,5.45,344, 5601, 56.54,0.5653578277985263,2022-06-28
MOGSEC, EQ, 28-Jun-2022,48.55,48.63,48.63,48.53, 48.60,48.58,48.58,298,0.14,20, 280, 93.96,0.9395973154362416,2022-06-28
MOHITIND, EQ, 28-Jun-2022,16.2,16.0,16.7,15.9, 16.70,16.6,16.51,17651,2.91,167, 11481, 65.04,0.6504447340094046,2022-06-28
MOIL, EQ, 28-Jun-2022,143.85,142.55,144.0,141.2, 142.75,142.6,142.61,105075,149.85,4080, 55879, 53.18,0.5318010944563407,2022-06-28
MOKSH, EQ, 28-Jun-2022,19.85,20.3,20.3,19.5, 19.60,19.6,19.68,417700,82.2,779, 278673, 66.72,0.6671606416088102,2022-06-28
MOL, EQ, 28-Jun-2022,120.2,119.6,127.7,118.05, 123.40,123.8,124.24,2644438,3285.57,19075, 774342, 29.28,0.2928191169541506,2022-06-28
MOLDTECH, EQ, 28-Jun-2022,97.3,96.05,97.95,95.25, 96.95,96.95,96.35,33302,32.09,937, 19116, 57.40,0.5740195784036994,2022-06-28
MOLDTKPAC, EQ, 28-Jun-2022,708.8,705.0,734.95,703.0, 732.00,727.15,717.67,38920,279.32,3423, 22852, 58.72,0.5871531346351491,2022-06-28
MOM100, EQ, 28-Jun-2022,28.35,28.4,28.5,28.06, 28.48,28.4,28.24,85300,24.09,817, 71479, 83.80,0.8379718640093786,2022-06-28
MOM50, EQ, 28-Jun-2022,158.87,158.45,159.1,156.95, 159.10,158.54,157.65,239,0.38,44, 198, 82.85,0.8284518828451883,2022-06-28
MOMOMENTUM, EQ, 28-Jun-2022,168.14,168.14,176.75,165.31, 168.50,172.15,171.96,19300,33.19,276, 12936, 67.03,0.670259067357513,2022-06-28
MON100, EQ, 28-Jun-2022,94.45,95.8,95.8,92.28, 92.90,92.5,92.75,1209838,1122.15,17595, 816318, 67.47,0.6747333114020224,2022-06-28
MONARCH, EQ, 28-Jun-2022,258.05,251.1,265.35,251.1, 256.70,257.45,258.19,10046,25.94,581, 5042, 50.19,0.5018913000199084,2022-06-28
MONQ50, EQ, 28-Jun-2022,52.91,52.5,53.49,50.8, 52.07,52.47,53.1,13110,6.96,165, 11277, 86.02,0.8601830663615561,2022-06-28
MONTECARLO, EQ, 28-Jun-2022,685.6,688.7,706.2,661.35, 672.00,674.7,684.11,480027,3283.91,27488, 71356, 14.86,0.14864997177242115,2022-06-28
MORARJEE, EQ, 28-Jun-2022,16.85,16.1,17.5,16.1, 17.45,17.35,17.12,16504,2.83,99, 11580, 70.16,0.7016480853126514,2022-06-28
MOREPENLAB, EQ, 28-Jun-2022,37.15,37.25,37.3,36.35, 37.00,36.9,36.93,424093,156.63,2971, 184932, 43.61,0.4360647310849271,2022-06-28
MOTHERSON, EQ, 28-Jun-2022,123.85,123.2,124.95,121.55, 124.55,124.45,123.39,5646742,6967.48,29359, 2866797, 50.77,0.5076904522997508,2022-06-28
MOTILALOFS, EQ, 28-Jun-2022,738.9,731.2,746.95,720.5, 729.25,726.7,732.81,34429,252.3,2734, 18860, 54.78,0.5477940108629353,2022-06-28
MOTOGENFIN, EQ, 28-Jun-2022,26.05,28.45,28.5,25.15, 27.05,27.0,26.58,1460,0.39,67, 1140, 78.08,0.7808219178082192,2022-06-28
MPHASIS, EQ, 28-Jun-2022,2338.75,2320.0,2379.6,2300.0, 2369.45,2370.95,2341.12,361325,8459.06,29604, 169143, 46.81,0.4681187296754999,2022-06-28
MPSLTD, EQ, 28-Jun-2022,698.3,682.35,704.8,682.35, 702.00,702.2,694.8,5239,36.4,867, 3329, 63.54,0.6354266081313228,2022-06-28
MRF, EQ, 28-Jun-2022,71221.75,71000.0,72599.75,70567.7, 72304.20,72268.65,71915.5,10643,7653.97,5810, 2034, 19.11,0.1911115287043127,2022-06-28
MRO-TEK, EQ, 28-Jun-2022,61.55,61.55,62.6,60.0, 61.50,61.75,61.02,15310,9.34,221, 7790, 50.88,0.5088177661659047,2022-06-28
MRPL, EQ, 28-Jun-2022,82.15,83.5,90.35,83.5, 90.35,90.35,88.29,15572272,13748.85,53907, 5189808, 33.33,0.33327237027454953,2022-06-28
MSPL, EQ, 28-Jun-2022,9.95,10.05,10.15,9.8, 9.95,10.0,9.99,168133,16.79,512, 101743, 60.51,0.6051340307970475,2022-06-28
MSTCLTD, EQ, 28-Jun-2022,250.25,248.0,249.1,244.15, 246.00,245.25,246.07,149373,367.56,5130, 76740, 51.37,0.513747464401197,2022-06-28
MSUMI, EQ, 28-Jun-2022,67.3,66.45,69.4,65.2, 68.80,68.85,67.31,9168694,6171.82,16218, 7273415, 79.33,0.7932880080849029,2022-06-28
MTARTECH, EQ, 28-Jun-2022,1404.75,1400.0,1410.75,1340.0, 1343.00,1348.75,1386.82,121840,1689.71,6312, 94429, 77.50,0.7750246224556796,2022-06-28
MTEDUCARE, EQ, 28-Jun-2022,8.75,8.7,8.95,8.3, 8.40,8.5,8.64,145173,12.54,362, 100506, 69.23,0.6923188196152177,2022-06-28
MTNL, EQ, 28-Jun-2022,19.1,19.1,19.25,18.7, 19.10,19.0,19.02,570012,108.41,1987, 205449, 36.04,0.3604292541209659,2022-06-28
MUKANDLTD, EQ, 28-Jun-2022,106.0,106.0,109.7,106.0, 108.30,108.1,108.06,14675,15.86,434, 9440, 64.33,0.6432708688245315,2022-06-28
MUKTAARTS, EQ, 28-Jun-2022,48.45,48.45,48.75,47.65, 47.90,48.0,48.22,1728,0.83,43, 1216, 70.37,0.7037037037037037,2022-06-28
MUNJALAU, EQ, 28-Jun-2022,44.05,44.0,44.55,43.2, 43.50,43.5,43.76,101487,44.41,1172, 42148, 41.53,0.41530442322662015,2022-06-28
MUNJALSHOW, EQ, 28-Jun-2022,101.85,101.85,103.3,101.25, 101.70,102.0,102.02,44969,45.88,655, 28675, 63.77,0.637661500144544,2022-06-28
MURUDCERA, EQ, 28-Jun-2022,23.65,23.6,23.6,22.8, 23.25,23.15,23.18,6431,1.49,125, 4220, 65.62,0.6561965479707667,2022-06-28
MUTHOOTCAP, EQ, 28-Jun-2022,173.5,173.3,174.95,170.05, 173.00,171.55,172.1,2924,5.03,262, 1472, 50.34,0.5034199726402189,2022-06-28
MUTHOOTFIN, EQ, 28-Jun-2022,1001.3,995.0,1001.35,976.25, 993.85,993.3,986.5,942348,9296.28,34557, 344215, 36.53,0.36527376298352626,2022-06-28
NACLIND, EQ, 28-Jun-2022,76.3,76.9,77.45,74.4, 76.95,76.4,76.03,21063,16.01,489, 10241, 48.62,0.48620804253904953,2022-06-28
NAGAFERT, BE, 28-Jun-2022,9.0,9.0,9.1,8.7, 8.90,8.9,8.87,218283,19.36,654, -, -,,2022-06-28
NAGREEKEXP, EQ, 28-Jun-2022,32.1,33.05,33.7,32.3, 33.00,33.25,33.25,19098,6.35,242, 10843, 56.78,0.5677557859461724,2022-06-28
NAHARCAP, EQ, 28-Jun-2022,377.0,371.0,383.95,366.8, 382.50,380.1,377.14,21174,79.85,1609, 5117, 24.17,0.24166430528006044,2022-06-28
NAHARINDUS, EQ, 28-Jun-2022,125.3,125.0,129.05,120.05, 128.00,128.1,125.68,85088,106.94,2088, 27161, 31.92,0.3192106995110944,2022-06-28
NAHARPOLY, EQ, 28-Jun-2022,338.45,347.95,355.35,345.65, 355.35,355.35,353.44,25457,89.97,531, 19374, 76.10,0.7610480417959696,2022-06-28
NAHARSPING, EQ, 28-Jun-2022,305.2,320.45,320.45,310.2, 320.45,320.45,318.67,40998,130.65,672, 28001, 68.30,0.6829845358310161,2022-06-28
NAM-INDIA, EQ, 28-Jun-2022,285.3,284.5,284.5,277.45, 279.45,279.7,279.69,388092,1085.45,6220, 117080, 30.17,0.3016810447007411,2022-06-28
NATCOPHARM, EQ, 28-Jun-2022,639.0,630.0,644.5,627.1, 634.50,640.25,635.12,109280,694.06,9779, 53729, 49.17,0.491663616398243,2022-06-28
NATHBIOGEN, EQ, 28-Jun-2022,166.15,166.0,167.8,161.2, 167.80,166.65,165.09,7523,12.42,361, 3629, 48.24,0.4823873454738801,2022-06-28
NATIONALUM, EQ, 28-Jun-2022,70.2,70.25,72.65,69.55, 72.40,72.45,71.35,19577338,13967.51,51302, 4779104, 24.41,0.24411408742087407,2022-06-28
NAUKRI, EQ, 28-Jun-2022,3925.75,3920.0,3959.9,3854.15, 3888.00,3912.1,3914.72,261281,10228.41,21810, 61916, 23.70,0.2369709240243263,2022-06-28
NAVINFLUOR, EQ, 28-Jun-2022,3685.05,3670.0,3717.75,3663.05, 3698.00,3699.15,3695.47,68469,2530.25,6298, 22296, 32.56,0.32563641940148097,2022-06-28
NAVKARCORP, EQ, 28-Jun-2022,48.15,47.75,53.95,47.75, 52.20,52.2,50.98,4780274,2437.04,17941, 1183770, 24.76,0.2476364325559581,2022-06-28
NAVNETEDUL, EQ, 28-Jun-2022,94.4,94.5,95.75,94.0, 94.00,94.05,94.38,118731,112.06,4419, 59195, 49.86,0.49856398076323794,2022-06-28
NAZARA, EQ, 28-Jun-2022,643.8,640.0,681.7,624.0, 672.35,674.0,655.96,1007773,6610.54,43538, 177317, 17.59,0.1759493457355972,2022-06-28
NBCC, EQ, 28-Jun-2022,29.05,29.0,29.4,28.7, 29.25,29.3,29.03,2066275,599.92,5743, 512762, 24.82,0.24815767504325417,2022-06-28
NBIFIN, EQ, 28-Jun-2022,1895.2,1892.95,1900.0,1891.05, 1900.00,1895.75,1894.86,125,2.37,14, 97, 77.60,0.776,2022-06-28
NBVENTURES, EQ, 28-Jun-2022,178.95,178.8,185.85,177.2, 182.40,182.2,181.65,790513,1435.97,9565, 199007, 25.17,0.25174412059004725,2022-06-28
NCC, EQ, 28-Jun-2022,54.9,54.9,55.4,54.2, 54.75,54.75,54.71,1003395,548.94,4847, 385625, 38.43,0.38432023280961136,2022-06-28
NCLIND, EQ, 28-Jun-2022,169.3,169.0,173.15,168.1, 172.95,171.7,170.25,41402,70.48,2156, 23678, 57.19,0.5719047389015024,2022-06-28
NDGL, EQ, 28-Jun-2022,1159.35,1182.45,1257.0,1159.35, 1257.00,1237.75,1218.96,399,4.86,73, 210, 52.63,0.5263157894736842,2022-06-28
NDL, EQ, 28-Jun-2022,29.6,29.6,30.05,28.4, 29.95,29.8,29.5,105092,31.0,1050, 49835, 47.42,0.4742035549803981,2022-06-28
NDRAUTO, EQ, 28-Jun-2022,347.6,347.6,388.75,347.45, 366.50,370.75,369.53,23783,87.89,1307, 9531, 40.07,0.4007484337552033,2022-06-28
NDTV, EQ, 28-Jun-2022,175.75,176.9,181.75,172.1, 178.35,178.35,177.32,434922,771.19,13482, 73693, 16.94,0.16943957767139856,2022-06-28
NECCLTD, EQ, 28-Jun-2022,26.5,26.5,26.8,25.4, 25.60,25.85,25.88,49431,12.79,395, 28597, 57.85,0.5785235985515162,2022-06-28
NECLIFE, EQ, 28-Jun-2022,23.0,23.1,23.4,22.8, 23.30,23.15,23.06,67079,15.47,535, 34851, 51.96,0.5195515735177925,2022-06-28
NELCAST, EQ, 28-Jun-2022,59.85,59.9,59.9,58.4, 58.50,58.7,59.02,27126,16.01,560, 14374, 52.99,0.5298975152989751,2022-06-28
NELCO, EQ, 28-Jun-2022,616.5,616.5,616.5,594.05, 607.00,603.95,601.53,20016,120.4,1702, 8818, 44.05,0.44054756195043965,2022-06-28
NEOGEN, EQ, 28-Jun-2022,1334.4,1334.4,1334.4,1291.0, 1294.00,1297.3,1308.61,13686,179.1,2897, 8135, 59.44,0.5944030396025135,2022-06-28
NESCO, EQ, 28-Jun-2022,544.45,538.5,550.25,536.6, 547.55,549.3,545.67,21128,115.29,1928, 15242, 72.14,0.7214123438091632,2022-06-28
NESTLEIND, EQ, 28-Jun-2022,17358.25,17300.0,17499.85,17051.0, 17395.00,17403.9,17295.16,52224,9032.23,14265, 23308, 44.63,0.4463082107843137,2022-06-28
NETF, EQ, 28-Jun-2022,165.45,167.5,167.5,162.07, 164.19,164.94,164.53,777,1.28,104, 322, 41.44,0.4144144144144144,2022-06-28
NETWORK18, EQ, 28-Jun-2022,62.85,62.8,71.5,62.0, 67.45,67.8,68.7,13506771,9279.6,51216, 893227, 6.61,0.06613179419418601,2022-06-28
NEULANDLAB, EQ, 28-Jun-2022,1046.75,1044.55,1132.0,1041.7, 1100.00,1109.95,1103.23,43370,478.47,5327, 13674, 31.53,0.3152870647913304,2022-06-28
NEWGEN, EQ, 28-Jun-2022,356.7,357.5,359.2,350.55, 359.15,358.1,355.94,49827,177.35,4494, 24887, 49.95,0.49946815983302223,2022-06-28
NEXTMEDIA, EQ, 28-Jun-2022,5.35,5.55,5.55,5.2, 5.30,5.3,5.4,3221,0.17,26, 3147, 97.70,0.9770257683949084,2022-06-28
NFL, EQ, 28-Jun-2022,41.65,41.4,41.75,40.9, 41.50,41.55,41.3,545136,225.14,2480, 224296, 41.14,0.4114496199113616,2022-06-28
NGIL, EQ, 28-Jun-2022,131.15,141.9,142.5,131.15, 141.00,138.3,136.65,120962,165.3,1409, 84031, 69.47,0.694689241249318,2022-06-28
NH, EQ, 28-Jun-2022,634.75,637.95,643.1,630.5, 640.00,640.15,639.57,66684,426.49,2897, 46179, 69.25,0.6925049487133346,2022-06-28
NHPC, EQ, 28-Jun-2022,32.3,32.0,32.7,31.8, 32.25,32.5,32.43,14475762,4694.52,15544, 10964292, 75.74,0.7574241687587845,2022-06-28
NIACL, EQ, 28-Jun-2022,81.95,81.15,81.9,80.0, 81.30,81.45,80.98,286334,231.87,5143, 138618, 48.41,0.48411295899194645,2022-06-28
NIBL, EQ, 28-Jun-2022,19.95,20.0,20.0,19.65, 19.80,19.85,19.92,5582,1.11,50, 4653, 83.36,0.8335721963453959,2022-06-28
NIF100BEES, EQ, 28-Jun-2022,166.22,166.0,166.0,164.3, 165.80,165.93,165.12,1261,2.08,121, 864, 68.52,0.6851704996034893,2022-06-28
NIFTYBEES, EQ, 28-Jun-2022,172.62,173.99,173.99,171.3, 172.79,172.65,172.0,2233374,3841.47,24411, 1076211, 48.19,0.4818767479159335,2022-06-28
NIITLTD, EQ, 28-Jun-2022,421.65,421.0,437.7,408.0, 427.00,427.95,423.73,581550,2464.18,23563, 145457, 25.01,0.2501195082108159,2022-06-28
NILAINFRA, EQ, 28-Jun-2022,4.85,4.75,5.3,4.75, 5.30,5.3,5.22,597612,31.18,552, 246025, 41.17,0.41168015367830635,2022-06-28
NILASPACES, EQ, 28-Jun-2022,2.95,2.9,3.05,2.9, 3.05,3.05,3.03,261718,7.94,229, 155292, 59.34,0.5933562078267448,2022-06-28
NILKAMAL, EQ, 28-Jun-2022,1786.0,1785.05,1930.0,1757.9, 1919.80,1908.0,1885.2,15979,301.24,2593, 5203, 32.56,0.3256148695162401,2022-06-28
NIPPOBATRY, EQ, 28-Jun-2022,333.7,337.5,337.5,331.0, 332.30,332.15,333.34,755,2.52,106, 438, 58.01,0.5801324503311258,2022-06-28
NIRAJ, EQ, 28-Jun-2022,29.3,28.95,30.2,28.95, 29.25,29.3,29.55,5543,1.64,148, 3184, 57.44,0.5744181850983222,2022-06-28
NITCO, EQ, 28-Jun-2022,23.45,23.8,24.3,23.25, 23.40,23.35,23.45,13051,3.06,183, 8405, 64.40,0.6440119531070416,2022-06-28
NITINSPIN, EQ, 28-Jun-2022,208.05,208.0,209.1,203.5, 204.50,205.1,205.58,83147,170.94,3964, 49361, 59.37,0.5936594224686399,2022-06-28
NITIRAJ, EQ, 28-Jun-2022,68.4,69.45,72.0,68.4, 68.80,69.5,69.26,3528,2.44,99, 2508, 71.09,0.7108843537414966,2022-06-28
NKIND, BE, 28-Jun-2022,37.35,37.0,39.0,37.0, 39.00,39.0,38.43,7,0.0,3, -, -,,2022-06-28
NLCINDIA, EQ, 28-Jun-2022,64.2,63.8,65.8,63.15, 65.55,65.4,64.51,1812724,1169.43,10374, 646001, 35.64,0.3563703023736653,2022-06-28
NMDC, EQ, 28-Jun-2022,111.25,111.65,112.05,109.45, 110.90,111.25,111.02,10346469,11487.03,44331, 3302007, 31.91,0.3191433715212407,2022-06-28
NOCIL, EQ, 28-Jun-2022,259.05,258.95,261.0,255.45, 258.90,259.25,258.6,345384,893.17,7507, 117246, 33.95,0.3394656382461261,2022-06-28
NOIDATOLL, EQ, 28-Jun-2022,7.55,7.45,7.75,7.05, 7.45,7.4,7.38,165813,12.23,327, 94386, 56.92,0.5692316042771074,2022-06-28
NOVARTIND, EQ, 28-Jun-2022,619.05,618.4,639.0,616.3, 628.80,629.45,628.33,5409,33.99,551, 3688, 68.18,0.6818265853207617,2022-06-28
NPBET, EQ, 28-Jun-2022,173.13,172.3,173.8,170.35, 172.49,172.49,172.19,142,0.24,23, 122, 85.92,0.8591549295774648,2022-06-28
NRAIL, EQ, 28-Jun-2022,226.15,224.4,230.0,220.95, 229.90,228.5,226.56,14209,32.19,649, 6049, 42.57,0.42571609543247235,2022-06-28
NRBBEARING, EQ, 28-Jun-2022,137.25,137.0,145.6,134.2, 144.95,143.1,140.01,647053,905.94,8233, 331416, 51.22,0.512192973373124,2022-06-28
NSIL, EQ, 28-Jun-2022,1306.75,1305.0,1379.9,1295.2, 1379.90,1369.75,1342.3,1983,26.62,342, 1318, 66.46,0.6646495209278871,2022-06-28
NTPC, EQ, 28-Jun-2022,138.5,138.5,139.3,137.15, 138.40,138.6,138.1,14272044,19710.23,73363, 7991759, 56.00,0.5599589659336812,2022-06-28
NUCLEUS, EQ, 28-Jun-2022,389.5,389.5,392.85,383.75, 391.95,391.0,388.6,6189,24.05,505, 3029, 48.94,0.4894167070609145,2022-06-28
NURECA, EQ, 28-Jun-2022,1001.45,1001.45,1020.0,987.0, 1020.00,1012.95,1006.43,7141,71.87,1527, 3185, 44.60,0.4460159641506792,2022-06-28
NUVOCO, EQ, 28-Jun-2022,304.05,303.0,307.0,297.1, 298.15,300.15,300.55,546461,1642.36,20541, 261921, 47.93,0.47930410404402146,2022-06-28
NV20BEES, EQ, 28-Jun-2022,90.39,90.4,90.65,88.16, 90.59,90.59,90.44,7642,6.91,124, 6093, 79.73,0.7973043705836168,2022-06-28
NXTDIGITAL, EQ, 28-Jun-2022,383.95,383.95,383.95,375.65, 379.10,379.7,378.74,2548,9.65,201, 1891, 74.22,0.7421507064364207,2022-06-28
NYKAA, EQ, 28-Jun-2022,1472.3,1467.8,1467.8,1426.0, 1440.00,1439.6,1439.3,330896,4762.57,21713, 176420, 53.32,0.5331584546201827,2022-06-28
OAL, EQ, 28-Jun-2022,597.75,597.75,598.0,573.75, 575.20,577.1,582.5,5652,32.92,692, 2521, 44.60,0.4460368011323425,2022-06-28
OBCL, EQ, 28-Jun-2022,121.9,132.0,132.0,116.95, 121.90,120.95,120.52,27335,32.95,219, 22216, 81.27,0.8127309310407902,2022-06-28
OBEROIRLTY, EQ, 28-Jun-2022,753.9,746.0,755.45,737.4, 747.50,747.6,746.04,695308,5187.26,21756, 305752, 43.97,0.4397360594153958,2022-06-28
OCCL, EQ, 28-Jun-2022,733.25,734.0,737.55,720.6, 721.00,721.6,725.23,2494,18.09,247, 1906, 76.42,0.764234161988773,2022-06-28
OFSS, EQ, 28-Jun-2022,3157.1,3139.0,3151.95,3111.05, 3129.00,3134.55,3129.18,111940,3502.8,16801, 60993, 54.49,0.5448722529926746,2022-06-28
OIL, EQ, 28-Jun-2022,233.5,236.7,252.9,236.7, 249.00,249.65,244.7,7691863,18821.9,70730, 839944, 10.92,0.10919903279608595,2022-06-28
OILCOUNTUB, BE, 28-Jun-2022,8.3,8.3,8.5,8.05, 8.10,8.1,8.13,6989,0.57,40, -, -,,2022-06-28
OLECTRA, EQ, 28-Jun-2022,590.9,589.0,620.4,581.9, 619.05,614.75,611.31,425715,2602.42,10826, 245773, 57.73,0.5773181588621495,2022-06-28
OMAXAUTO, EQ, 28-Jun-2022,54.9,55.2,56.2,43.95, 49.40,49.65,48.8,202926,99.03,2056, 91680, 45.18,0.4517903077969309,2022-06-28
OMAXE, EQ, 28-Jun-2022,86.75,87.0,88.55,83.25, 86.55,86.25,86.14,97194,83.73,1865, 31363, 32.27,0.32268452785151347,2022-06-28
OMINFRAL, EQ, 28-Jun-2022,29.25,28.7,29.75,28.3, 29.45,29.6,29.05,86209,25.05,579, 67301, 78.07,0.7806725515897412,2022-06-28
OMKARCHEM, EQ, 28-Jun-2022,22.75,22.75,22.8,21.8, 22.55,22.5,22.22,12500,2.78,148, 7365, 58.92,0.5892,2022-06-28
ONELIFECAP, EQ, 28-Jun-2022,10.25,10.5,10.5,9.8, 9.90,9.95,10.03,3818,0.38,52, 2534, 66.37,0.6636982713462546,2022-06-28
ONEPOINT, EQ, 28-Jun-2022,10.35,10.5,10.5,10.05, 10.35,10.35,10.24,27850,2.85,133, 26230, 94.18,0.9418312387791742,2022-06-28
ONGC, EQ, 28-Jun-2022,141.5,142.8,151.75,142.15, 148.80,149.35,146.92,54387675,79905.99,215624, 11491685, 21.13,0.21129208042079387,2022-06-28
ONMOBILE, EQ, 28-Jun-2022,121.65,120.1,122.8,120.05, 122.10,122.1,121.72,627422,763.7,7837, 147065, 23.44,0.23439566990000352,2022-06-28
ONWARDTEC, EQ, 28-Jun-2022,286.15,285.8,302.0,279.45, 298.20,299.1,293.88,20501,60.25,648, 16824, 82.06,0.8206428954685138,2022-06-28
OPTIEMUS, EQ, 28-Jun-2022,298.65,291.0,295.0,288.5, 292.00,292.25,291.77,87398,255.0,3923, 36691, 41.98,0.41981509874367834,2022-06-28
ORBTEXP, EQ, 28-Jun-2022,106.1,105.0,108.15,103.6, 107.00,107.35,105.93,7538,7.98,205, 6240, 82.78,0.8278057840275935,2022-06-28
ORCHPHARMA, BE, 28-Jun-2022,292.55,292.45,292.45,285.0, 286.00,286.25,287.26,727,2.09,54, -, -,,2022-06-28
ORICONENT, EQ, 28-Jun-2022,25.6,25.75,25.9,25.0, 25.60,25.4,25.38,39818,10.11,335, 19199, 48.22,0.48216886835099704,2022-06-28
ORIENTABRA, EQ, 28-Jun-2022,27.45,27.5,28.2,27.2, 27.70,27.8,27.68,21083,5.84,203, 15752, 74.71,0.7471422473082578,2022-06-28
ORIENTALTL, EQ, 28-Jun-2022,12.4,12.45,12.5,12.1, 12.15,12.2,12.3,32961,4.06,120, 26062, 79.07,0.7906920299748187,2022-06-28
ORIENTBELL, EQ, 28-Jun-2022,578.15,589.0,589.0,576.0, 578.00,579.9,579.26,5052,29.26,633, 2123, 42.02,0.42022961203483766,2022-06-28
ORIENTCEM, EQ, 28-Jun-2022,109.3,109.25,114.4,109.2, 114.00,113.2,111.62,504148,562.73,9465, 198406, 39.35,0.39354713298475846,2022-06-28
ORIENTELEC, EQ, 28-Jun-2022,271.25,271.9,271.9,263.2, 264.65,265.85,265.81,100230,266.42,3433, 43584, 43.48,0.43483986830290333,2022-06-28
ORIENTHOT, EQ, 28-Jun-2022,56.55,57.3,57.3,54.5, 56.00,56.25,56.01,23517,13.17,501, 11860, 50.43,0.5043160267040864,2022-06-28
ORIENTLTD, EQ, 28-Jun-2022,61.1,61.45,69.9,61.45, 64.45,64.25,64.63,9403,6.08,449, 5119, 54.44,0.5444007231734552,2022-06-28
ORIENTPPR, EQ, 28-Jun-2022,22.8,23.0,24.0,22.6, 23.85,23.8,23.49,1505533,353.72,4195, 490578, 32.59,0.32585004779038385,2022-06-28
ORISSAMINE, BE, 28-Jun-2022,2442.85,2426.0,2437.0,2400.0, 2412.00,2413.2,2417.13,316,7.64,55, -, -,,2022-06-28
ORTEL, BZ, 28-Jun-2022,1.05,1.0,1.1,1.0, 1.00,1.0,1.0,32494,0.33,20, -, -,,2022-06-28
ORTINLAB, EQ, 28-Jun-2022,21.65,21.8,22.05,21.2, 21.85,21.7,21.64,12451,2.69,292, 5802, 46.60,0.4659866677375311,2022-06-28
OSWALAGRO, EQ, 28-Jun-2022,31.3,31.95,33.25,31.1, 32.10,32.35,32.5,128523,41.78,893, 46980, 36.55,0.36553768586167457,2022-06-28
PAGEIND, EQ, 28-Jun-2022,40190.8,40100.0,40299.1,39580.0, 39940.50,40028.55,40016.32,11511,4606.28,5392, 5846, 50.79,0.5078620450004344,2022-06-28
PAISALO, EQ, 28-Jun-2022,781.9,782.0,812.0,782.0, 798.00,799.15,800.42,116374,931.49,9149, 61218, 52.60,0.5260453365872102,2022-06-28
PALASHSECU, EQ, 28-Jun-2022,92.2,91.8,95.3,90.95, 91.35,94.75,93.03,1256,1.17,35, 716, 57.01,0.5700636942675159,2022-06-28
PALREDTEC, EQ, 28-Jun-2022,135.35,140.9,142.1,136.1, 142.10,142.1,140.48,10682,15.01,186, 8938, 83.67,0.8367346938775511,2022-06-28
PANACEABIO, EQ, 28-Jun-2022,132.35,132.35,133.2,130.05, 131.00,131.45,131.68,13921,18.33,529, 7659, 55.02,0.5501759931039437,2022-06-28
PANACHE, EQ, 28-Jun-2022,63.4,62.95,66.55,61.1, 66.55,66.55,63.9,1993,1.27,36, 1668, 83.69,0.8369292523833417,2022-06-28
PANAMAPET, EQ, 28-Jun-2022,270.3,270.25,275.55,268.0, 274.60,273.2,271.98,72055,195.98,3780, 26016, 36.11,0.3610575255013531,2022-06-28
PANSARI, EQ, 28-Jun-2022,98.45,102.85,102.85,93.55, 93.55,93.55,94.16,798,0.75,51, 600, 75.19,0.7518796992481203,2022-06-28
PAR, EQ, 28-Jun-2022,143.5,142.8,143.85,140.0, 140.00,140.75,141.19,2604,3.68,109, 1047, 40.21,0.402073732718894,2022-06-28
PARACABLES, EQ, 28-Jun-2022,11.0,11.2,11.2,10.85, 10.95,11.1,11.04,53956,5.96,258, 35538, 65.86,0.6586477870857735,2022-06-28
PARADEEP, EQ, 28-Jun-2022,39.7,40.0,41.15,39.25, 40.75,40.9,40.34,1956406,789.22,7271, 702436, 35.90,0.3590440838966963,2022-06-28
PARAGMILK, EQ, 28-Jun-2022,77.95,76.95,77.5,75.0, 75.60,75.6,75.93,252112,191.43,4282, 105986, 42.04,0.4203925239576061,2022-06-28
PARAS, EQ, 28-Jun-2022,587.55,589.5,642.5,578.8, 630.90,632.15,623.19,497199,3098.5,31376, 60852, 12.24,0.12238962668871016,2022-06-28
PARSVNATH, EQ, 28-Jun-2022,10.05,10.25,10.25,10.0, 10.20,10.15,10.11,96176,9.72,255, 72896, 75.79,0.7579437697554483,2022-06-28
PASUPTAC, EQ, 28-Jun-2022,32.5,33.0,33.1,31.5, 32.05,31.85,32.11,49948,16.04,525, 23921, 47.89,0.4789180747977897,2022-06-28
PATELENG, EQ, 28-Jun-2022,22.7,23.0,23.0,21.9, 22.35,22.25,22.25,269352,59.92,951, 177969, 66.07,0.6607301969170454,2022-06-28
PATINTLOG, EQ, 28-Jun-2022,12.25,12.4,12.4,11.9, 12.10,12.15,12.12,60502,7.33,230, 45838, 75.76,0.7576278470133219,2022-06-28
PAYTM, EQ, 28-Jun-2022,701.35,702.15,723.6,701.4, 704.00,707.1,713.06,9391690,66968.33,195048, 1024058, 10.90,0.10903873530748992,2022-06-28
PBAINFRA, EQ, 28-Jun-2022,13.1,13.1,14.4,12.65, 14.40,14.4,14.1,59770,8.42,184, 50830, 85.04,0.8504266354358374,2022-06-28
PCBL, EQ, 28-Jun-2022,105.2,103.7,105.75,103.7, 104.95,105.5,104.98,257951,270.81,3429, 120523, 46.72,0.46723214874142766,2022-06-28
PCJEWELLER, EQ, 28-Jun-2022,24.65,24.45,24.9,24.25, 24.30,24.45,24.56,1381592,339.38,1831, 1108788, 80.25,0.8025437321582638,2022-06-28
PDMJEPAPER, EQ, 28-Jun-2022,33.7,34.0,35.5,33.05, 35.20,35.1,34.64,168736,58.45,1330, 51498, 30.52,0.30519865351792147,2022-06-28
PDPL, BE, 28-Jun-2022,4.05,4.25,4.25,4.25, 4.25,4.25,4.25,17,0.0,2, -, -,,2022-06-28
PDSL, EQ, 28-Jun-2022,1713.3,1710.0,1710.75,1669.05, 1710.00,1703.65,1689.16,1087,18.36,248, 741, 68.17,0.6816927322907084,2022-06-28
PEARLPOLY, EQ, 28-Jun-2022,22.45,22.9,22.9,21.25, 21.90,21.95,21.99,39998,8.8,457, 19171, 47.93,0.4792989649482474,2022-06-28
PEL, EQ, 28-Jun-2022,1665.5,1667.0,1691.9,1642.5, 1687.00,1688.1,1669.19,257756,4302.45,14418, 62464, 24.23,0.24233771473796925,2022-06-28
PENIND, EQ, 28-Jun-2022,36.2,36.0,36.9,35.8, 36.60,36.7,36.45,278617,101.56,982, 137195, 49.24,0.4924143178628727,2022-06-28
PENINLAND, EQ, 28-Jun-2022,9.7,9.95,10.1,9.4, 10.00,9.95,9.91,20280,2.01,132, 14526, 71.63,0.7162721893491124,2022-06-28
PERSISTENT, EQ, 28-Jun-2022,3457.05,3400.0,3534.55,3363.35, 3520.00,3523.3,3452.16,265049,9149.92,22416, 66740, 25.18,0.25180249689680023,2022-06-28
PETRONET, EQ, 28-Jun-2022,208.15,206.75,216.2,206.75, 215.80,215.75,213.73,2508896,5362.28,25342, 955451, 38.08,0.38082527135441246,2022-06-28
PFC, EQ, 28-Jun-2022,104.35,103.75,104.35,103.15, 104.00,103.95,103.93,2010603,2089.63,10619, 894485, 44.49,0.4448839477509981,2022-06-28
PFIZER, EQ, 28-Jun-2022,4111.55,4146.6,4146.6,4072.0, 4089.90,4095.7,4095.16,6099,249.76,1533, 2686, 44.04,0.44040006558452205,2022-06-28
PFOCUS, EQ, 28-Jun-2022,61.7,62.45,63.35,61.4, 61.50,62.35,62.03,17557,10.89,208, 13696, 78.01,0.7800877143019878,2022-06-28
PFS, EQ, 28-Jun-2022,13.85,13.8,13.85,13.6, 13.70,13.7,13.72,68610,9.41,503, 44682, 65.12,0.6512461740271097,2022-06-28
PGEL, BE, 28-Jun-2022,905.3,920.2,937.8,882.0, 894.90,888.85,899.65,8123,73.08,354, -, -,,2022-06-28
PGHH, EQ, 28-Jun-2022,13365.3,13429.95,13500.0,13140.1, 13158.00,13174.6,13246.71,5624,744.99,2500, 2264, 40.26,0.40256045519203415,2022-06-28
PGHL, EQ, 28-Jun-2022,4086.35,4102.65,4111.15,4020.05, 4050.00,4061.35,4053.04,4180,169.42,966, 3113, 74.47,0.7447368421052631,2022-06-28
PGIL, EQ, 28-Jun-2022,386.7,375.15,403.0,375.15, 400.00,398.9,389.93,7741,30.18,488, 4526, 58.47,0.5846789820436636,2022-06-28
PHARMABEES, EQ, 28-Jun-2022,12.32,12.4,12.47,11.93, 12.31,12.3,12.18,375899,45.78,679, 144438, 38.42,0.3842468322607935,2022-06-28
PHOENIXLTD, EQ, 28-Jun-2022,1134.35,1136.15,1230.9,1092.85, 1178.00,1189.35,1190.72,436525,5197.79,25813, 155875, 35.71,0.3570814959051601,2022-06-28
PIDILITIND, EQ, 28-Jun-2022,2143.15,2131.0,2139.85,2100.0, 2116.00,2116.2,2117.13,245869,5205.37,21679, 81079, 32.98,0.3297650374793081,2022-06-28
PIIND, EQ, 28-Jun-2022,2610.85,2595.0,2648.0,2582.05, 2632.10,2626.25,2623.57,185465,4865.8,15947, 76027, 40.99,0.40992640120777507,2022-06-28
PILANIINVS, EQ, 28-Jun-2022,1578.1,1578.1,1588.0,1554.55, 1588.00,1584.55,1570.63,264,4.15,128, 166, 62.88,0.6287878787878788,2022-06-28
PILITA, EQ, 28-Jun-2022,8.1,8.1,8.1,7.85, 7.85,7.9,7.95,187608,14.92,575, 147566, 78.66,0.7865656048782568,2022-06-28
PIONDIST, EQ, 28-Jun-2022,155.7,158.0,158.0,146.2, 152.05,153.0,150.99,1037,1.57,78, 351, 33.85,0.33847637415621984,2022-06-28
PIONEEREMB, EQ, 28-Jun-2022,37.65,38.05,38.25,37.05, 37.80,37.75,37.78,17238,6.51,172, 11373, 65.98,0.6597633136094675,2022-06-28
PITTIENG, EQ, 28-Jun-2022,307.2,303.0,307.1,299.05, 304.30,302.65,302.56,151530,458.48,7196, 55864, 36.87,0.36866627070547087,2022-06-28
PIXTRANS, EQ, 28-Jun-2022,830.3,849.0,849.0,801.5, 820.00,822.05,815.97,5863,47.84,1324, 2396, 40.87,0.40866450622548184,2022-06-28
PKTEA, BE, 28-Jun-2022,304.2,317.6,319.4,310.0, 319.40,319.4,317.62,1867,5.93,25, -, -,,2022-06-28
PLASTIBLEN, EQ, 28-Jun-2022,194.05,194.95,199.0,194.4, 198.65,198.25,197.41,2223,4.39,123, 1296, 58.30,0.582995951417004,2022-06-28
PNB, EQ, 28-Jun-2022,29.55,29.45,29.85,29.45, 29.65,29.75,29.66,18553627,5502.22,22721, 2991364, 16.12,0.16122799062415127,2022-06-28
PNBGILTS, EQ, 28-Jun-2022,61.15,61.15,61.85,60.6, 61.70,61.65,61.27,63456,38.88,1191, 40850, 64.38,0.6437531517902169,2022-06-28
PNBHOUSING, EQ, 28-Jun-2022,327.9,327.4,334.5,326.0, 330.05,331.3,330.61,93088,307.76,5659, 30415, 32.67,0.3267338432451014,2022-06-28
PNC, EQ, 28-Jun-2022,43.85,44.7,44.7,42.2, 43.55,43.0,43.19,19653,8.49,608, 9260, 47.12,0.4711748842415916,2022-06-28
PNCINFRA, EQ, 28-Jun-2022,233.95,233.75,234.3,226.6, 229.20,229.25,229.41,94734,217.33,4414, 47568, 50.21,0.5021217303185762,2022-06-28
PODDARHOUS, EQ, 28-Jun-2022,165.15,175.0,175.0,166.65, 170.60,172.2,172.19,1157,1.99,81, 649, 56.09,0.560933448573898,2022-06-28
PODDARMENT, EQ, 28-Jun-2022,252.9,245.35,251.9,245.35, 251.80,250.35,248.32,721,1.79,55, 405, 56.17,0.5617198335644937,2022-06-28
POKARNA, EQ, 28-Jun-2022,424.15,429.5,430.0,422.15, 423.05,425.15,425.24,10484,44.58,850, 5172, 49.33,0.4933231590995803,2022-06-28
POLICYBZR, EQ, 28-Jun-2022,603.05,600.55,600.85,590.3, 593.45,593.65,594.5,441205,2622.96,13889, 251291, 56.96,0.5695561020387349,2022-06-28
POLYCAB, EQ, 28-Jun-2022,2260.3,2265.25,2287.35,2227.45, 2234.00,2238.0,2250.46,223020,5018.97,13648, 51171, 22.94,0.22944578961528114,2022-06-28
POLYMED, EQ, 28-Jun-2022,738.75,730.55,740.2,725.05, 726.05,737.35,736.33,70569,519.62,1868, 63846, 90.47,0.9047315393444714,2022-06-28
POLYPLEX, EQ, 28-Jun-2022,2324.8,2320.0,2372.95,2260.0, 2349.00,2354.6,2329.61,252227,5875.91,20739, 63375, 25.13,0.251261760239784,2022-06-28
PONNIERODE, EQ, 28-Jun-2022,238.6,238.6,254.95,236.85, 253.50,253.4,250.34,77071,192.94,1871, 22272, 28.90,0.2889802909005981,2022-06-28
POONAWALLA, EQ, 28-Jun-2022,240.35,239.5,242.2,236.25, 238.90,239.0,239.3,1544925,3697.05,13943, 427669, 27.68,0.27682185219347216,2022-06-28
POWERGRID, EQ, 28-Jun-2022,211.55,209.55,211.55,208.35, 210.75,210.3,209.97,5077566,10661.24,63938, 2573830, 50.69,0.5069023228846262,2022-06-28
POWERINDIA, EQ, 28-Jun-2022,3157.3,3156.65,3174.8,3125.0, 3139.00,3150.0,3148.79,27030,851.12,6572, 17134, 63.39,0.6338882722900481,2022-06-28
POWERMECH, EQ, 28-Jun-2022,867.85,868.0,930.0,852.2, 929.00,918.4,908.01,26119,237.16,2241, 16933, 64.83,0.6483020023737509,2022-06-28
PPAP, EQ, 28-Jun-2022,183.1,181.05,192.0,178.35, 188.25,190.15,188.08,8002,15.05,310, 5383, 67.27,0.6727068232941764,2022-06-28
PPL, EQ, 28-Jun-2022,165.55,167.3,168.1,164.6, 168.05,167.6,166.37,35525,59.1,1568, 19782, 55.68,0.5568472906403941,2022-06-28
PRAENG, EQ, 28-Jun-2022,13.7,13.9,14.35,13.5, 14.35,14.35,13.87,14892,2.07,118, 11640, 78.16,0.7816277195809831,2022-06-28
PRAJIND, EQ, 28-Jun-2022,358.5,357.6,359.7,352.95, 357.00,357.45,356.15,245762,875.28,5983, 85109, 34.63,0.3463065893018449,2022-06-28
PRAKASH, EQ, 28-Jun-2022,49.4,49.85,51.5,49.1, 51.35,51.0,50.21,704304,353.61,2442, 496041, 70.43,0.704299563824712,2022-06-28
PRAKASHSTL, EQ, 28-Jun-2022,4.9,4.9,4.9,4.8, 4.90,4.85,4.86,383800,18.65,746, 198108, 51.62,0.5161750911933298,2022-06-28
PRAXIS, EQ, 28-Jun-2022,39.25,40.2,40.2,38.1, 39.00,38.8,39.54,7729,3.06,86, 6735, 87.14,0.8713934532281019,2022-06-28
PRECAM, EQ, 28-Jun-2022,97.5,98.3,104.0,98.05, 102.95,102.75,101.95,167487,170.75,4455, 75254, 44.93,0.4493124839539785,2022-06-28
PRECOT, EQ, 28-Jun-2022,230.0,234.55,239.85,225.9, 239.70,236.75,232.0,6566,15.23,1174, 1559, 23.74,0.2374352726165093,2022-06-28
PRECWIRE, EQ, 28-Jun-2022,64.35,64.9,66.5,63.0, 65.00,65.25,64.43,84833,54.65,1044, 61595, 72.61,0.7260735798568954,2022-06-28
PREMEXPLN, EQ, 28-Jun-2022,309.95,310.2,315.9,303.25, 304.00,303.85,304.37,5868,17.86,79, 4653, 79.29,0.7929447852760736,2022-06-28
PREMIER, BE, 28-Jun-2022,4.2,4.25,4.4,4.25, 4.25,4.25,4.33,8548,0.37,38, -, -,,2022-06-28
PREMIERPOL, EQ, 28-Jun-2022,83.15,83.85,83.85,82.05, 82.60,82.6,82.56,1264,1.04,125, 686, 54.27,0.5427215189873418,2022-06-28
PRESSMN, EQ, 28-Jun-2022,42.7,43.8,46.5,41.8, 45.05,44.7,44.42,846579,376.05,4081, 364861, 43.10,0.43098281436227454,2022-06-28
PRESTIGE, EQ, 28-Jun-2022,398.05,398.45,405.15,397.05, 401.10,401.9,400.87,616959,2473.2,13478, 413276, 66.99,0.6698597475683149,2022-06-28
PRICOLLTD, EQ, 28-Jun-2022,128.1,129.0,130.25,127.35, 128.00,128.35,128.79,960336,1236.82,9458, 265274, 27.62,0.276230402692391,2022-06-28
PRIMESECU, EQ, 28-Jun-2022,96.15,95.5,96.3,94.6, 96.25,95.8,95.77,28615,27.41,278, 25225, 88.15,0.8815306657347545,2022-06-28
PRINCEPIPE, EQ, 28-Jun-2022,581.9,583.0,620.0,580.0, 615.20,614.3,604.12,243796,1472.82,18052, 61257, 25.13,0.2512633513265189,2022-06-28
PRITI, EQ, 28-Jun-2022,117.2,123.05,123.05,123.05, 123.05,123.05,123.05,29479,36.27,78, 21479, 72.86,0.7286203738254351,2022-06-28
PRITIKAUTO, EQ, 28-Jun-2022,14.15,13.9,14.5,13.9, 14.15,14.25,14.21,47571,6.76,242, 34675, 72.89,0.7289104706649009,2022-06-28
PRIVISCL, EQ, 28-Jun-2022,1100.45,1099.9,1100.45,1059.15, 1077.00,1076.7,1074.71,13641,146.6,2249, 5910, 43.33,0.43325269408401146,2022-06-28
PROZONINTU, EQ, 28-Jun-2022,20.95,21.0,21.35,20.8, 21.05,20.95,21.02,50085,10.53,440, 34557, 69.00,0.6899670560047918,2022-06-28
PRSMJOHNSN, EQ, 28-Jun-2022,106.25,106.0,107.25,103.5, 105.30,104.95,106.13,70907,75.25,1284, 46225, 65.19,0.6519102486355367,2022-06-28
PRUDENT, EQ, 28-Jun-2022,506.2,501.1,512.95,497.05, 505.65,508.95,506.09,40751,206.24,2364, 17300, 42.45,0.4245294593997693,2022-06-28
PSB, EQ, 28-Jun-2022,14.55,14.45,14.55,14.25, 14.35,14.3,14.38,150892,21.7,714, 105159, 69.69,0.696915674787265,2022-06-28
PSPPROJECT, EQ, 28-Jun-2022,529.15,527.8,566.55,527.8, 565.00,559.05,549.24,341178,1873.88,13725, 111992, 32.83,0.328250942323362,2022-06-28
PSUBNKBEES, EQ, 28-Jun-2022,27.45,27.45,27.55,26.83, 27.52,27.47,27.43,397730,109.12,936, 223269, 56.14,0.561358207829432,2022-06-28
PTC, EQ, 28-Jun-2022,73.45,73.25,73.4,71.7, 73.00,72.8,72.61,548066,397.94,6321, 260878, 47.60,0.47599741636956133,2022-06-28
PTL, EQ, 28-Jun-2022,33.5,33.9,34.0,33.3, 33.90,33.75,33.75,119026,40.17,1679, 75384, 63.33,0.6333406146556214,2022-06-28
PUNJABCHEM, EQ, 28-Jun-2022,1204.2,1220.0,1223.75,1186.4, 1213.00,1214.95,1215.58,1171,14.23,187, 548, 46.80,0.46797608881298036,2022-06-28
PUNJLLOYD, BZ, 28-Jun-2022,1.75,1.7,1.7,1.7, 1.70,1.7,1.7,238092,4.05,136, -, -,,2022-06-28
PURVA, EQ, 28-Jun-2022,82.8,82.8,84.8,82.05, 84.75,83.95,83.48,45018,37.58,794, 20355, 45.22,0.4521524723443956,2022-06-28
PVP, EQ, 28-Jun-2022,5.35,5.3,5.45,5.1, 5.25,5.15,5.19,20388,1.06,92, 17515, 85.91,0.8590837747694723,2022-06-28
PVR, EQ, 28-Jun-2022,1833.5,1824.0,1854.8,1815.2, 1843.00,1846.2,1838.03,395163,7263.22,22420, 157821, 39.94,0.3993820271634743,2022-06-28
QGOLDHALF, EQ, 28-Jun-2022,43.64,43.35,43.68,43.35, 43.59,43.64,43.51,5773,2.51,236, 3758, 65.10,0.6509613719036896,2022-06-28
QNIFTY, EQ, 28-Jun-2022,1666.0,1658.3,1666.0,1658.0, 1666.00,1666.0,1664.27,57,0.95,17, 30, 52.63,0.5263157894736842,2022-06-28
QUESS, EQ, 28-Jun-2022,630.05,626.0,627.55,603.05, 607.90,607.55,613.31,78194,479.57,3751, 38736, 49.54,0.4953832774893214,2022-06-28
QUICKHEAL, EQ, 28-Jun-2022,158.95,157.05,164.0,155.05, 164.00,162.3,159.92,27734,44.35,1292, 11551, 41.65,0.4164923920098075,2022-06-28
RADAAN, BE, 28-Jun-2022,1.1,1.1,1.1,1.05, 1.05,1.05,1.1,398,0.0,4, -, -,,2022-06-28
RADICO, EQ, 28-Jun-2022,822.55,822.0,846.5,811.05, 833.05,834.4,835.71,189270,1581.75,13221, 61210, 32.34,0.32340043324351453,2022-06-28
RADIOCITY, EQ, 28-Jun-2022,22.45,22.55,23.2,22.2, 23.05,23.0,22.85,139861,31.95,504, 109072, 77.99,0.7798600038609762,2022-06-28
RAILTEL, EQ, 28-Jun-2022,93.25,92.9,94.5,91.9, 92.95,93.0,93.18,437965,408.11,9968, 125109, 28.57,0.2856598129987556,2022-06-28
RAIN, EQ, 28-Jun-2022,146.45,146.25,148.85,141.5, 146.75,147.3,145.3,2500638,3633.45,16424, 227407, 9.09,0.09093959221606646,2022-06-28
RAINBOW, EQ, 28-Jun-2022,471.6,469.2,469.5,463.6, 466.00,466.6,465.45,123999,577.16,3443, 106400, 85.81,0.8580714360599683,2022-06-28
RAJESHEXPO, EQ, 28-Jun-2022,573.7,575.0,603.0,570.45, 598.95,589.9,581.59,117871,685.52,5720, 42377, 35.95,0.3595201533880259,2022-06-28
RAJMET, EQ, 28-Jun-2022,394.2,395.5,395.65,392.05, 394.20,394.15,394.3,21627,85.27,461, 7657, 35.40,0.35404818051509684,2022-06-28
RAJRATAN, EQ, 28-Jun-2022,603.95,603.95,618.75,589.35, 617.70,616.8,607.25,46298,281.15,4651, 26196, 56.58,0.5658127780897663,2022-06-28
RAJSREESUG, EQ, 28-Jun-2022,33.0,32.55,33.35,32.25, 32.85,32.7,32.7,12896,4.22,149, 6808, 52.79,0.5279156327543424,2022-06-28
RAJTV, EQ, 28-Jun-2022,37.15,36.9,39.0,36.9, 38.00,38.2,38.0,2686,1.02,73, 2241, 83.43,0.8343261355174981,2022-06-28
RALLIS, EQ, 28-Jun-2022,191.6,191.5,192.35,187.9, 188.50,188.55,189.08,169020,319.59,4492, 82147, 48.60,0.48601940598745713,2022-06-28
RAMANEWS, EQ, 28-Jun-2022,15.45,15.45,15.7,15.1, 15.40,15.45,15.51,21178,3.28,243, 10867, 51.31,0.5131268297289641,2022-06-28
RAMASTEEL, EQ, 28-Jun-2022,384.35,384.35,386.0,375.35, 383.00,382.55,380.41,82822,315.06,1905, 30631, 36.98,0.3698413465021371,2022-06-28
RAMCOCEM, EQ, 28-Jun-2022,625.95,619.3,632.0,617.2, 625.50,627.85,625.17,347444,2172.11,11967, 97129, 27.96,0.2795529639308781,2022-06-28
RAMCOIND, EQ, 28-Jun-2022,179.35,180.0,183.8,177.1, 183.10,182.6,180.58,19583,35.36,796, 10841, 55.36,0.5535924015727928,2022-06-28
RAMCOSYS, EQ, 28-Jun-2022,296.05,294.0,304.05,292.0, 293.00,294.55,298.0,81232,242.07,2800, 22021, 27.11,0.2710877486704747,2022-06-28
RAMKY, EQ, 28-Jun-2022,148.45,148.45,155.2,146.25, 155.00,153.65,152.03,61481,93.47,2038, 36230, 58.93,0.5892877474341667,2022-06-28
RANASUG, EQ, 28-Jun-2022,26.4,26.0,26.35,26.0, 26.00,26.15,26.15,621883,162.65,3258, 242601, 39.01,0.39010714234027943,2022-06-28
RANEENGINE, EQ, 28-Jun-2022,232.9,236.35,279.45,234.8, 256.95,260.1,268.58,192143,516.06,7553, 31678, 16.49,0.1648667919206008,2022-06-28
RANEHOLDIN, EQ, 28-Jun-2022,604.9,609.9,644.45,607.05, 631.05,632.85,633.99,96808,613.75,7018, 24743, 25.56,0.25558838112552684,2022-06-28
RATEGAIN, EQ, 28-Jun-2022,259.9,258.95,269.9,257.1, 263.55,264.75,263.87,173168,456.94,5700, 46897, 27.08,0.27081793402938187,2022-06-28
RATNAMANI, EQ, 28-Jun-2022,2546.35,2546.35,2550.4,2462.25, 2490.00,2482.85,2506.59,22067,553.13,5066, 10701, 48.49,0.48493225177867405,2022-06-28
RAYMOND, EQ, 28-Jun-2022,859.95,864.95,899.0,855.0, 888.50,883.0,873.0,209976,1833.1,10676, 98676, 46.99,0.46993942164818836,2022-06-28
RBA, EQ, 28-Jun-2022,106.8,107.0,110.35,105.4, 109.00,109.35,107.45,698026,750.06,17663, 310946, 44.55,0.44546478211413326,2022-06-28
RBL, EQ, 28-Jun-2022,684.0,682.2,750.0,680.8, 719.00,722.75,729.99,163997,1197.16,11496, 33868, 20.65,0.20651597285316195,2022-06-28
RBLBANK, EQ, 28-Jun-2022,91.25,90.45,90.45,87.1, 88.75,88.95,89.16,30302164,27016.65,68891, 5314723, 17.54,0.17539087307427945,2022-06-28
RCF, EQ, 28-Jun-2022,79.9,79.95,79.95,78.5, 78.90,79.05,79.11,1661462,1314.41,7415, 471189, 28.36,0.2835990230291153,2022-06-28
RCOM, BE, 28-Jun-2022,2.3,2.3,2.3,2.25, 2.30,2.25,2.27,1046147,23.78,2239, -, -,,2022-06-28
RECLTD, EQ, 28-Jun-2022,119.35,119.3,120.8,119.05, 120.30,120.2,120.06,3723707,4470.56,22746, 1699596, 45.64,0.45642581438335506,2022-06-28
REDINGTON, EQ, 28-Jun-2022,129.2,128.6,130.6,126.0, 129.50,129.5,127.81,1864359,2382.83,20839, 756598, 40.58,0.40582205465792803,2022-06-28
REFEX, EQ, 28-Jun-2022,114.8,113.55,116.55,112.15, 113.00,113.2,113.98,61229,69.79,2026, 19355, 31.61,0.3161083800160055,2022-06-28
RELAXO, EQ, 28-Jun-2022,977.75,977.75,984.55,960.1, 969.30,965.05,970.55,71487,693.82,9177, 35107, 49.11,0.4910962832403094,2022-06-28
RELCAPITAL, BE, 28-Jun-2022,12.4,12.1,12.45,11.8, 12.25,12.2,12.11,598112,72.45,1669, -, -,,2022-06-28
RELCHEMQ, EQ, 28-Jun-2022,210.45,210.7,223.8,210.0, 219.50,220.7,216.78,8528,18.49,422, 4312, 50.56,0.5056285178236398,2022-06-28
RELIANCE, EQ, 28-Jun-2022,2492.65,2482.1,2533.95,2482.1, 2530.00,2527.7,2515.75,6263867,157583.4,279432, 2590698, 41.36,0.4135940306523111,2022-06-28
RELIGARE, EQ, 28-Jun-2022,122.2,122.0,122.75,119.05, 120.90,120.7,121.04,921674,1115.63,4452, 687072, 74.55,0.7454609764406938,2022-06-28
RELINFRA, EQ, 28-Jun-2022,93.1,92.75,93.25,91.6, 92.30,92.2,92.33,852555,787.19,4791, 501936, 58.87,0.5887432482361842,2022-06-28
REMSONSIND, EQ, 28-Jun-2022,208.7,205.2,214.95,203.65, 208.50,209.65,207.53,2557,5.31,194, 1276, 49.90,0.49902229174814233,2022-06-28
RENUKA, EQ, 28-Jun-2022,47.4,46.95,47.6,46.35, 46.95,46.95,46.98,12545607,5894.52,23152, 2178094, 17.36,0.17361407861731998,2022-06-28
REPCOHOME, EQ, 28-Jun-2022,135.25,133.1,140.6,130.65, 139.00,138.1,136.0,242552,329.87,6576, 75972, 31.32,0.31321943335862,2022-06-28
REPL, EQ, 28-Jun-2022,168.05,169.95,174.7,169.75, 174.40,173.95,172.5,3701,6.38,119, 2723, 73.57,0.7357470953796271,2022-06-28
REPRO, EQ, 28-Jun-2022,374.45,377.65,379.0,369.3, 378.90,378.6,375.23,829,3.11,65, 501, 60.43,0.6043425814234017,2022-06-28
RESPONIND, EQ, 28-Jun-2022,124.0,123.6,123.7,118.6, 120.35,119.7,121.2,32344,39.2,1248, 7479, 23.12,0.2312329953005194,2022-06-28
REVATHI, EQ, 28-Jun-2022,685.2,684.9,685.2,674.75, 675.20,675.5,679.14,348,2.36,30, 314, 90.23,0.9022988505747126,2022-06-28
RGL, EQ, 28-Jun-2022,585.6,589.55,596.9,580.55, 586.20,584.4,584.95,30606,179.03,4119, 1269, 4.15,0.04146245834150167,2022-06-28
RHFL, EQ, 28-Jun-2022,3.05,3.05,3.1,2.9, 3.05,3.0,3.03,812662,24.63,701, 509352, 62.68,0.6267698009750671,2022-06-28
RHIM, EQ, 28-Jun-2022,492.0,495.0,496.85,482.45, 488.55,487.8,489.01,80907,395.64,4697, 22461, 27.76,0.27761503948978455,2022-06-28
RICOAUTO, EQ, 28-Jun-2022,43.25,43.3,44.7,42.7, 43.95,43.9,43.87,980270,430.05,6232, 418215, 42.66,0.4266324584043172,2022-06-28
RIIL, EQ, 28-Jun-2022,815.85,813.95,848.7,803.3, 844.50,842.0,827.92,883495,7314.64,31630, 98040, 11.10,0.1109683699398412,2022-06-28
RITCO, EQ, 28-Jun-2022,134.1,137.0,137.0,128.7, 128.70,129.35,131.43,10267,13.49,384, 4326, 42.13,0.4213499561702542,2022-06-28
RITES, EQ, 28-Jun-2022,228.9,229.4,231.0,227.4, 229.60,229.95,229.58,58269,133.77,1695, 46065, 79.06,0.7905575863666787,2022-06-28
RKDL, EQ, 28-Jun-2022,10.2,10.0,10.55,9.85, 9.85,10.05,10.13,20404,2.07,81, 18262, 89.50,0.8950205841991766,2022-06-28
RKEC, EQ, 28-Jun-2022,38.55,39.05,41.5,37.65, 38.80,39.25,39.31,24180,9.51,220, 9885, 40.88,0.4088089330024814,2022-06-28
RKFORGE, EQ, 28-Jun-2022,165.3,165.65,165.9,161.0, 164.50,164.15,163.71,116729,191.1,3423, 64589, 55.33,0.5533243666955084,2022-06-28
RMCL, BZ, 28-Jun-2022,1.9,1.9,1.95,1.85, 1.95,1.95,1.91,6723,0.13,38, -, -,,2022-06-28
RML, EQ, 28-Jun-2022,303.65,311.0,348.7,311.0, 327.05,332.0,338.94,349282,1183.86,12484, 50298, 14.40,0.1440039853184533,2022-06-28
RNAVAL, BZ, 28-Jun-2022,3.0,3.0,3.05,2.9, 3.00,2.95,2.97,527838,15.67,363, -, -,,2022-06-28
ROHLTD, EQ, 28-Jun-2022,122.65,122.05,125.2,121.4, 124.80,124.8,123.96,11193,13.88,318, 3843, 34.33,0.3433395872420263,2022-06-28
ROLEXRINGS, EQ, 28-Jun-2022,1637.3,1600.0,1646.8,1581.0, 1620.00,1612.85,1613.91,65368,1054.98,8671, 14026, 21.46,0.21456982009545955,2022-06-28
ROLLT, EQ, 28-Jun-2022,1.2,1.25,1.25,1.15, 1.20,1.2,1.18,407904,4.8,428, 335388, 82.22,0.8222228759708167,2022-06-28
ROLTA, EQ, 28-Jun-2022,4.3,4.3,4.4,4.2, 4.25,4.25,4.28,64258,2.75,227, 48702, 75.79,0.7579134115596502,2022-06-28
ROML, BE, 28-Jun-2022,61.95,62.8,64.65,62.8, 64.30,64.35,63.98,7048,4.51,149, -, -,,2022-06-28
ROSSARI, EQ, 28-Jun-2022,870.55,868.9,879.4,861.05, 874.90,867.0,872.03,21775,189.88,3195, 7236, 33.23,0.3323076923076923,2022-06-28
ROSSELLIND, EQ, 28-Jun-2022,174.15,174.15,179.9,171.7, 179.85,178.85,176.65,9030,15.95,368, 4591, 50.84,0.5084163898117386,2022-06-28
ROTO, EQ, 28-Jun-2022,469.4,465.9,480.0,461.1, 480.00,474.0,470.25,4800,22.57,438, 3143, 65.48,0.6547916666666667,2022-06-28
ROUTE, EQ, 28-Jun-2022,1365.8,1350.0,1379.0,1316.85, 1322.00,1327.05,1345.82,1118156,15048.34,65751, 115021, 10.29,0.10286668407628273,2022-06-28
RPGLIFE, EQ, 28-Jun-2022,553.4,556.2,575.0,544.3, 574.50,570.9,563.21,11721,66.01,928, 6727, 57.39,0.5739271393225834,2022-06-28
RPOWER, EQ, 28-Jun-2022,11.8,11.8,12.0,11.55, 11.85,11.8,11.8,5181067,611.12,7349, 2036570, 39.31,0.39307926340269295,2022-06-28
RPPINFRA, EQ, 28-Jun-2022,34.7,34.1,35.8,33.5, 35.70,35.15,34.8,48836,17.0,522, 30983, 63.44,0.6344295192071423,2022-06-28
RPPL, EQ, 28-Jun-2022,160.2,160.85,163.0,155.65, 156.60,156.65,159.63,1843,2.94,100, 873, 47.37,0.47368421052631576,2022-06-28
RPSGVENT, EQ, 28-Jun-2022,501.95,502.0,510.0,496.4, 510.00,506.75,502.75,12200,61.34,1089, 7100, 58.20,0.5819672131147541,2022-06-28
RSSOFTWARE, EQ, 28-Jun-2022,26.3,26.75,26.75,25.1, 25.55,25.75,25.66,47451,12.18,706, 17339, 36.54,0.36540852669069146,2022-06-28
RSWM, EQ, 28-Jun-2022,363.35,362.0,389.9,359.15, 386.00,384.65,369.78,116986,432.59,8667, 55255, 47.23,0.4723214743644539,2022-06-28
RSYSTEMS, EQ, 28-Jun-2022,222.8,220.0,226.85,219.0, 224.00,225.2,222.73,14794,32.95,1066, 5583, 37.74,0.3773827227254292,2022-06-28
RTNINDIA, EQ, 28-Jun-2022,42.6,42.3,42.3,41.5, 41.60,41.65,41.78,601726,251.39,3833, 394902, 65.63,0.656282095172886,2022-06-28
RTNPOWER, EQ, 28-Jun-2022,3.45,3.5,3.55,3.3, 3.30,3.3,3.41,16529919,563.86,10188, 10686922, 64.65,0.6465199254757389,2022-06-28
RUBYMILLS, EQ, 28-Jun-2022,366.7,373.85,375.0,362.5, 366.25,370.2,367.61,5287,19.44,345, 3226, 61.02,0.6101759031586911,2022-06-28
RUCHI, BE, 28-Jun-2022,1096.0,1077.0,1099.7,1072.2, 1090.30,1094.3,1085.24,206898,2245.33,4639, -, -,,2022-06-28
RUCHINFRA, BE, 28-Jun-2022,8.2,8.15,8.55,8.0, 8.25,8.25,8.18,28693,2.35,136, -, -,,2022-06-28
RUCHIRA, EQ, 28-Jun-2022,99.05,99.05,112.0,96.25, 111.70,110.45,108.33,806618,873.78,9637, 196171, 24.32,0.2432018625917101,2022-06-28
RUPA, EQ, 28-Jun-2022,356.7,361.3,364.5,350.0, 351.00,351.75,356.12,306561,1091.71,7283, 86141, 28.10,0.28099138507507476,2022-06-28
RUSHIL, EQ, 28-Jun-2022,418.95,411.65,425.8,411.0, 418.50,418.2,419.88,13890,58.32,1406, 7089, 51.04,0.5103671706263498,2022-06-28
RVHL, EQ, 28-Jun-2022,20.0,20.9,21.0,20.6, 21.00,21.0,20.89,19745,4.12,57, 16633, 84.24,0.8423904786021778,2022-06-28
RVNL, EQ, 28-Jun-2022,30.45,30.5,30.5,30.25, 30.35,30.4,30.38,471283,143.2,5884, 232111, 49.25,0.49250874739806016,2022-06-28
SABEVENTS, BE, 28-Jun-2022,7.55,7.2,7.2,7.2, 7.20,7.2,7.2,2033,0.15,26, -, -,,2022-06-28
SABTN, BE, 28-Jun-2022,1.6,1.6,1.65,1.6, 1.65,1.65,1.64,3539,0.06,13, -, -,,2022-06-28
SADBHAV, EQ, 28-Jun-2022,15.35,15.3,16.0,14.95, 15.30,15.2,15.49,559633,86.66,2166, 327077, 58.44,0.5844490943171686,2022-06-28
SADBHIN, EQ, 28-Jun-2022,7.95,7.75,8.2,7.6, 7.80,7.7,7.87,383235,30.16,904, 292152, 76.23,0.7623312067008493,2022-06-28
SAFARI, EQ, 28-Jun-2022,925.4,916.75,974.35,916.75, 970.00,954.3,938.4,8752,82.13,1274, 4667, 53.32,0.5332495429616088,2022-06-28
SAGARDEEP, EQ, 28-Jun-2022,27.5,28.0,28.0,27.0, 27.85,27.75,27.49,15824,4.35,417, 5807, 36.70,0.366974216380182,2022-06-28
SAGCEM, EQ, 28-Jun-2022,169.5,169.0,174.7,169.0, 172.60,173.8,171.79,41728,71.68,1822, 20642, 49.47,0.4946798312883436,2022-06-28
SAIL, EQ, 28-Jun-2022,69.95,69.8,71.4,69.2, 71.15,71.1,70.5,35159121,24786.29,58700, 6080529, 17.29,0.17294314610424988,2022-06-28
SAKAR, BE, 28-Jun-2022,161.4,161.4,164.35,158.1, 161.70,161.15,161.35,10534,17.0,188, -, -,,2022-06-28
SAKHTISUG, EQ, 28-Jun-2022,16.5,16.85,17.2,16.25, 16.55,16.5,16.54,126015,20.84,790, 83201, 66.02,0.6602467960163473,2022-06-28
SAKSOFT, EQ, 28-Jun-2022,807.5,790.5,814.0,790.5, 811.10,807.15,803.86,10112,81.29,1686, 4895, 48.41,0.4840783227848101,2022-06-28
SAKUMA, EQ, 28-Jun-2022,13.4,13.45,14.15,13.2, 13.75,13.7,13.7,307216,42.07,982, 185286, 60.31,0.6031131191083797,2022-06-28
SALASAR, EQ, 28-Jun-2022,30.55,30.0,35.35,29.1, 34.50,34.7,33.86,3918167,1326.86,15858, 1013251, 25.86,0.2586033214000322,2022-06-28
SALONA, EQ, 28-Jun-2022,218.55,222.1,222.1,215.5, 222.00,220.65,219.53,877,1.93,50, 369, 42.08,0.4207525655644242,2022-06-28
SALSTEEL, EQ, 28-Jun-2022,8.35,8.5,8.5,8.25, 8.50,8.4,8.39,27637,2.32,266, 18189, 65.81,0.6581394507363317,2022-06-28
SALZERELEC, EQ, 28-Jun-2022,175.2,175.7,175.7,172.4, 174.30,173.45,173.61,6037,10.48,300, 3476, 57.58,0.5757826735133345,2022-06-28
SAMBHAAV, EQ, 28-Jun-2022,3.85,3.95,3.95,3.5, 3.70,3.75,3.68,289757,10.67,381, 117153, 40.43,0.40431464986178073,2022-06-28
SANCO, EQ, 28-Jun-2022,9.35,9.15,9.4,8.9, 9.25,9.05,9.09,34164,3.11,176, 22127, 64.77,0.6476700620536237,2022-06-28
SANDESH, EQ, 28-Jun-2022,677.7,684.6,694.0,667.0, 693.00,687.9,677.1,473,3.2,98, 216, 45.67,0.45665961945031713,2022-06-28
SANDHAR, EQ, 28-Jun-2022,240.05,253.5,265.0,240.1, 245.05,246.1,249.85,284689,711.29,5612, 152554, 53.59,0.5358619405737489,2022-06-28
SANGAMIND, EQ, 28-Jun-2022,279.6,277.25,284.6,272.25, 283.00,281.3,279.73,5828,16.3,359, 2398, 41.15,0.41146190803019905,2022-06-28
SANGHIIND, EQ, 28-Jun-2022,36.7,36.85,37.05,36.1, 36.70,36.55,36.64,129559,47.47,1073, 74522, 57.52,0.5751974004121674,2022-06-28
SANGHVIMOV, EQ, 28-Jun-2022,204.55,204.95,212.2,203.15, 211.50,211.05,208.79,63037,131.61,2083, 33237, 52.73,0.5272617668988054,2022-06-28
SANGINITA, EQ, 28-Jun-2022,20.45,20.5,20.5,19.8, 20.00,20.25,20.26,4779,0.97,92, 2847, 59.57,0.5957313245448839,2022-06-28
SANOFI, EQ, 28-Jun-2022,6434.85,6444.95,6460.95,6390.0, 6399.95,6399.95,6401.7,7335,469.56,1637, 5305, 72.32,0.7232447171097478,2022-06-28
SANSERA, EQ, 28-Jun-2022,665.0,660.5,683.95,659.8, 670.00,673.45,667.1,11860,79.12,2731, 3582, 30.20,0.30202360876897133,2022-06-28
SANWARIA, BZ, 28-Jun-2022,0.85,0.9,0.9,0.8, 0.85,0.8,0.86,782750,6.74,538, -, -,,2022-06-28
SAPPHIRE, EQ, 28-Jun-2022,1019.05,1019.05,1048.8,1011.25, 1045.00,1041.5,1031.42,39562,408.05,3660, 12972, 32.79,0.32789039987867147,2022-06-28
SARDAEN, EQ, 28-Jun-2022,812.9,806.0,829.9,799.0, 822.00,826.0,815.42,21170,172.63,2992, 9496, 44.86,0.4485592820028342,2022-06-28
SAREGAMA, EQ, 28-Jun-2022,352.65,350.0,353.55,348.1, 352.95,352.55,350.69,72701,254.95,3783, 43265, 59.51,0.595108733029807,2022-06-28
SARLAPOLY, EQ, 28-Jun-2022,48.1,47.4,48.95,47.25, 48.75,47.9,48.04,71920,34.55,1006, 40395, 56.17,0.5616657397107898,2022-06-28
SASKEN, EQ, 28-Jun-2022,797.15,800.0,800.0,785.05, 786.50,787.9,789.2,4178,32.97,501, 2602, 62.28,0.6227860220201054,2022-06-28
SASTASUNDR, EQ, 28-Jun-2022,300.9,298.2,315.3,293.7, 302.50,303.95,304.67,25448,77.53,1702, 9387, 36.89,0.36886985224772084,2022-06-28
SATIA, EQ, 28-Jun-2022,123.0,125.8,129.8,122.85, 125.50,125.8,125.93,1173339,1477.58,14369, 338830, 28.88,0.288774173533821,2022-06-28
SATIN, EQ, 28-Jun-2022,89.8,91.0,91.05,88.95, 89.65,89.85,89.98,111733,100.54,1265, 84972, 76.05,0.7604915289126758,2022-06-28
SBC, EQ, 28-Jun-2022,5.65,5.6,5.7,5.5, 5.60,5.6,5.61,614670,34.5,715, 465359, 75.71,0.7570875429092033,2022-06-28
SBCL, EQ, 28-Jun-2022,421.35,427.65,427.65,408.7, 414.00,412.65,414.95,14848,61.61,2025, 5915, 39.84,0.39837015086206895,2022-06-28
SBICARD, EQ, 28-Jun-2022,766.1,764.0,778.85,753.5, 776.05,775.95,769.09,1657323,12746.33,60018, 755692, 45.60,0.4559714672396389,2022-06-28
SBIETFCON, EQ, 28-Jun-2022,68.04,69.98,69.98,67.0, 67.92,67.97,67.94,2412,1.64,101, 1828, 75.79,0.75787728026534,2022-06-28
SBIETFIT, EQ, 28-Jun-2022,291.34,305.7,305.7,288.1, 293.98,293.21,290.13,6191,17.96,156, 4077, 65.85,0.6585365853658537,2022-06-28
SBIETFPB, EQ, 28-Jun-2022,170.42,169.73,169.8,168.83, 169.40,169.4,169.38,551,0.93,26, 328, 59.53,0.5952813067150635,2022-06-28
SBIETFQLTY, EQ, 28-Jun-2022,138.79,137.75,138.75,136.8, 138.21,138.46,137.87,2414,3.33,73, 1986, 82.27,0.8227009113504556,2022-06-28
SBILIFE, EQ, 28-Jun-2022,1084.55,1085.0,1090.0,1068.0, 1084.55,1078.05,1077.75,572706,6172.32,28697, 269034, 46.98,0.4697593529664435,2022-06-28
SBIN, EQ, 28-Jun-2022,461.2,458.9,465.75,458.0, 464.75,464.25,462.78,13261290,61370.31,168906, 6701665, 50.54,0.5053554367636934,2022-06-28
SCAPDVR, EQ, 28-Jun-2022,9.4,9.7,9.7,8.95, 9.20,9.15,9.1,94404,8.59,414, 52103, 55.19,0.5519151730858862,2022-06-28
SCHAEFFLER, EQ, 28-Jun-2022,2270.45,2270.0,2295.45,2230.55, 2250.00,2252.2,2255.58,43130,972.83,8334, 24006, 55.66,0.5565963366566196,2022-06-28
SCHAND, EQ, 28-Jun-2022,104.8,104.0,107.0,102.95, 105.25,106.25,105.05,29811,31.32,695, 14970, 50.22,0.5021636308745094,2022-06-28
SCHNEIDER, EQ, 28-Jun-2022,98.4,97.8,104.8,97.8, 102.80,102.9,102.01,702715,716.84,9971, 157187, 22.37,0.22368527781533054,2022-06-28
SCI, EQ, 28-Jun-2022,95.65,95.05,99.0,94.05, 98.85,98.25,96.66,1276640,1234.05,13489, 355194, 27.82,0.2782256548439654,2022-06-28
SDBL, EQ, 28-Jun-2022,68.35,67.0,71.75,66.5, 71.75,71.7,70.47,383860,270.5,2737, 268857, 70.04,0.7004037930495494,2022-06-28
SDL24BEES, EQ, 28-Jun-2022,106.85,107.0,107.0,106.51, 106.51,106.71,106.71,205311,219.1,10, 205311, 100.00,1.0,2022-06-28
SDL26BEES, EQ, 28-Jun-2022,104.54,105.5,105.95,104.5, 105.50,105.5,105.05,236,0.25,17, 192, 81.36,0.8135593220338984,2022-06-28
SEAMECLTD, EQ, 28-Jun-2022,885.95,890.0,912.5,882.0, 905.30,907.95,899.92,10452,94.06,659, 7671, 73.39,0.733926521239954,2022-06-28
SECURKLOUD, BE, 28-Jun-2022,75.9,77.5,77.5,72.8, 77.25,76.8,75.17,8342,6.27,156, -, -,,2022-06-28
SEJALLTD, BE, 28-Jun-2022,250.0,258.0,262.5,247.0, 259.95,259.9,256.82,2668,6.85,104, -, -,,2022-06-28
SELAN, EQ, 28-Jun-2022,165.0,166.6,176.9,166.6, 174.90,175.25,172.5,91798,158.35,1965, 36644, 39.92,0.3991808100394344,2022-06-28
SEPC, EQ, 28-Jun-2022,8.7,8.65,8.95,8.55, 8.80,8.75,8.78,270819,23.78,493, 150029, 55.40,0.5539825492302978,2022-06-28
SEPOWER, EQ, 28-Jun-2022,17.7,18.45,18.45,17.1, 17.15,17.25,17.53,13288,2.33,198, 4517, 33.99,0.3399307645996388,2022-06-28
SEQUENT, EQ, 28-Jun-2022,96.6,97.25,101.4,96.6, 97.75,97.7,99.17,1943779,1927.63,15898, 367289, 18.90,0.1889561519082159,2022-06-28
SERVOTECH, EQ, 28-Jun-2022,61.35,64.0,64.0,59.05, 62.95,61.55,61.04,115697,70.62,2469, 3030, 2.62,0.026189097383683243,2022-06-28
SESHAPAPER, EQ, 28-Jun-2022,191.65,191.6,203.3,187.75, 197.50,198.3,197.63,214558,424.04,3779, 119965, 55.91,0.559126203637245,2022-06-28
SETCO, EQ, 28-Jun-2022,13.2,13.05,13.45,12.95, 13.10,13.1,13.2,41702,5.5,268, 25876, 62.05,0.6204978178504628,2022-06-28
SETF10GILT, EQ, 28-Jun-2022,198.1,198.3,198.3,197.8, 198.25,198.25,198.19,7,0.01,4, 5, 71.43,0.7142857142857143,2022-06-28
SETFGOLD, EQ, 28-Jun-2022,45.14,45.05,45.28,44.92, 45.25,45.24,45.17,2520480,1138.56,1107, 2423201, 96.14,0.9614045737319875,2022-06-28
SETFNIF50, EQ, 28-Jun-2022,163.1,160.11,163.7,160.11, 163.37,163.22,162.66,375504,610.78,1407, 300343, 79.98,0.7998396821338787,2022-06-28
SETFNIFBK, EQ, 28-Jun-2022,338.74,338.95,341.28,335.67, 337.49,336.84,336.54,22365,75.27,341, 10076, 45.05,0.45052537446903645,2022-06-28
SETFNN50, EQ, 28-Jun-2022,384.59,384.0,386.0,380.5, 385.99,385.38,384.07,18257,70.12,317, 9752, 53.42,0.5341512844388454,2022-06-28
SETUINFRA, EQ, 28-Jun-2022,2.35,2.45,2.45,2.3, 2.35,2.35,2.4,38169,0.92,77, 24619, 64.50,0.6449998690036417,2022-06-28
SEYAIND, BE, 28-Jun-2022,23.0,23.0,23.7,22.65, 23.00,23.0,22.99,44645,10.27,82, -, -,,2022-06-28
SFL, EQ, 28-Jun-2022,2704.2,2790.0,2790.0,2642.55, 2663.00,2678.5,2679.42,9433,252.75,2322, 1727, 18.31,0.18308067422877133,2022-06-28
SGIL, EQ, 28-Jun-2022,154.2,154.0,161.8,152.6, 156.85,157.4,157.44,1160,1.83,69, 615, 53.02,0.5301724137931034,2022-06-28
SGL, EQ, 28-Jun-2022,24.1,24.35,25.4,22.55, 25.20,25.25,24.36,39940,9.73,389, 21657, 54.22,0.5422383575363044,2022-06-28
SHAHALLOYS, EQ, 28-Jun-2022,70.15,69.35,72.95,69.35, 72.45,72.25,71.56,19334,13.84,340, 8929, 46.18,0.4618289024516396,2022-06-28
SHAILY, EQ, 28-Jun-2022,1818.95,1809.1,1844.5,1807.0, 1809.15,1813.8,1825.24,67,1.22,40, 30, 44.78,0.44776119402985076,2022-06-28
SHAKTIPUMP, EQ, 28-Jun-2022,512.1,515.0,527.2,510.8, 518.80,515.65,520.43,112933,587.74,8720, 29476, 26.10,0.2610043122913586,2022-06-28
SHALBY, EQ, 28-Jun-2022,102.25,102.8,106.5,101.5, 103.95,103.9,103.77,67387,69.93,1347, 28950, 42.96,0.4296080846454064,2022-06-28
SHALPAINTS, EQ, 28-Jun-2022,133.4,134.0,151.25,133.4, 150.00,148.25,143.19,558147,799.2,6839, 326683, 58.53,0.5852992132896889,2022-06-28
SHANKARA, EQ, 28-Jun-2022,677.65,678.0,680.95,670.85, 678.80,676.95,675.85,26926,181.98,1073, 21916, 81.39,0.8139344871128278,2022-06-28
SHANTI, BE, 28-Jun-2022,32.25,31.0,33.4,31.0, 31.50,31.5,32.11,18155,5.83,97, -, -,,2022-06-28
SHANTIGEAR, EQ, 28-Jun-2022,210.6,211.5,223.6,210.65, 220.55,220.55,217.34,153806,334.28,5011, 50581, 32.89,0.328862333068931,2022-06-28
SHARDACROP, EQ, 28-Jun-2022,607.4,612.65,627.6,608.05, 619.00,617.15,616.82,193812,1195.48,7093, 51086, 26.36,0.26358533011371843,2022-06-28
SHARDAMOTR, EQ, 28-Jun-2022,747.85,747.95,790.0,741.35, 759.10,760.1,763.4,21210,161.92,2592, 8585, 40.48,0.40476190476190477,2022-06-28
SHAREINDIA, EQ, 28-Jun-2022,1119.6,1118.0,1120.4,1105.25, 1116.00,1118.65,1117.32,16266,181.74,626, 14663, 90.15,0.9014508791343907,2022-06-28
SHARIABEES, EQ, 28-Jun-2022,390.16,393.95,395.16,385.01, 392.98,392.71,389.57,299,1.16,48, 276, 92.31,0.9230769230769231,2022-06-28
SHEMAROO, EQ, 28-Jun-2022,105.0,104.0,106.15,101.0, 101.95,101.85,102.41,16158,16.55,497, 10914, 67.55,0.675454883030078,2022-06-28
SHILPAMED, EQ, 28-Jun-2022,397.75,398.0,398.95,391.0, 392.15,393.0,394.74,52687,207.97,1771, 35230, 66.87,0.6686658948127622,2022-06-28
SHIVALIK, EQ, 28-Jun-2022,730.6,730.0,779.0,689.95, 756.00,753.05,718.06,17677,126.93,1007, 9398, 53.17,0.5316512982972224,2022-06-28
SHIVAMAUTO, EQ, 28-Jun-2022,32.45,32.9,35.65,30.6, 35.65,35.65,34.87,713683,248.83,1573, 577907, 80.98,0.8097530696401624,2022-06-28
SHIVAMILLS, EQ, 28-Jun-2022,88.65,90.55,97.5,86.1, 97.50,97.5,93.8,10156,9.53,178, 7199, 70.88,0.7088420638046475,2022-06-28
SHIVATEX, EQ, 28-Jun-2022,171.95,172.9,172.9,167.25, 171.00,170.45,169.08,4039,6.83,161, 2422, 59.97,0.5996533795493935,2022-06-28
SHK, EQ, 28-Jun-2022,136.8,133.95,138.0,133.95, 138.00,137.7,136.21,62058,84.53,996, 48983, 78.93,0.7893100003222792,2022-06-28
SHOPERSTOP, EQ, 28-Jun-2022,468.45,462.0,481.85,458.0, 480.50,472.25,466.1,115609,538.85,5570, 38993, 33.73,0.3372834294907836,2022-06-28
SHRADHA, EQ, 28-Jun-2022,47.7,48.6,50.0,46.4, 49.45,49.2,48.6,11002,5.35,200, 6476, 58.86,0.5886202508634794,2022-06-28
SHREDIGCEM, EQ, 28-Jun-2022,58.35,58.15,60.65,57.5, 60.00,59.8,58.92,94298,55.56,1876, 35143, 37.27,0.37268022651593885,2022-06-28
SHREECEM, EQ, 28-Jun-2022,19101.5,19090.0,19352.0,18815.0, 19350.00,19236.9,19140.85,37399,7158.49,12756, 11235, 30.04,0.30040910184764297,2022-06-28
SHREEPUSHK, EQ, 28-Jun-2022,233.55,232.15,244.0,232.15, 244.00,240.9,238.5,43879,104.65,1226, 29697, 67.68,0.6767929989288726,2022-06-28
SHREERAMA, EQ, 28-Jun-2022,10.75,11.15,11.25,10.55, 11.25,11.25,10.96,20380,2.23,267, 13860, 68.01,0.6800785083415113,2022-06-28
SHRENIK, EQ, 28-Jun-2022,1.9,1.9,1.9,1.8, 1.90,1.9,1.88,930801,17.47,721, 493547, 53.02,0.5302390091974547,2022-06-28
SHREYANIND, EQ, 28-Jun-2022,86.7,86.9,89.0,84.25, 87.00,87.45,87.65,11424,10.01,380, 5967, 52.23,0.5223214285714286,2022-06-28
SHREYAS, EQ, 28-Jun-2022,305.75,304.0,309.55,297.35, 301.00,300.85,302.1,15724,47.5,981, 7408, 47.11,0.47112693970999747,2022-06-28
SHRIRAMCIT, EQ, 28-Jun-2022,1733.65,1733.0,1743.4,1686.1, 1740.00,1738.4,1734.07,48275,837.12,4650, 19165, 39.70,0.3969963749352667,2022-06-28
SHRIRAMPPS, EQ, 28-Jun-2022,63.85,63.85,64.55,63.4, 64.20,64.1,63.92,87189,55.73,1212, 51144, 58.66,0.5865877576299763,2022-06-28
SHYAMCENT, EQ, 28-Jun-2022,20.0,20.05,20.4,19.5, 20.20,20.05,19.92,208467,41.53,1364, 119369, 57.26,0.572603817390762,2022-06-28
SHYAMMETL, EQ, 28-Jun-2022,288.35,286.0,290.25,284.6, 289.30,289.1,288.02,53012,152.68,1883, 24045, 45.36,0.4535765487059534,2022-06-28
SHYAMTEL, EQ, 28-Jun-2022,9.75,10.2,10.2,10.2, 10.20,10.2,10.2,475,0.05,3, 475, 100.00,1.0,2022-06-28
SICAL, BE, 28-Jun-2022,8.45,8.45,8.75,8.05, 8.05,8.05,8.17,59426,4.85,196, -, -,,2022-06-28
SIEMENS, EQ, 28-Jun-2022,2373.95,2360.0,2385.15,2343.85, 2382.00,2380.6,2368.37,225512,5340.96,18410, 126356, 56.03,0.5603072120330626,2022-06-28
SIGACHI, EQ, 28-Jun-2022,253.75,255.0,256.2,243.15, 252.90,251.0,251.7,44560,112.16,3120, 18308, 41.09,0.4108617594254937,2022-06-28
SIGIND, EQ, 28-Jun-2022,33.2,33.0,33.45,32.05, 32.75,33.1,32.77,8864,2.9,260, 4621, 52.13,0.521322202166065,2022-06-28
SIKKO, EQ, 28-Jun-2022,51.4,50.1,53.35,49.05, 52.90,50.2,50.48,24086,12.16,498, 13072, 54.27,0.5427219131445653,2022-06-28
SIL, BE, 28-Jun-2022,31.6,33.15,33.15,30.05, 30.05,30.05,31.23,565540,176.61,1499, -, -,,2022-06-28
SILGO, EQ, 28-Jun-2022,28.35,28.0,28.95,27.35, 28.95,28.7,28.32,24739,7.01,326, 8682, 35.09,0.35094385383402726,2022-06-28
SILINV, EQ, 28-Jun-2022,283.3,274.4,286.1,274.4, 284.45,282.15,281.95,749,2.11,49, 700, 93.46,0.9345794392523364,2022-06-28
SILLYMONKS, EQ, 28-Jun-2022,20.0,19.4,20.05,16.75, 18.50,18.15,18.4,25073,4.61,278, 14380, 57.35,0.57352530610617,2022-06-28
SILVER, EQ, 28-Jun-2022,62.44,62.1,62.6,61.5, 62.50,62.46,62.26,14929,9.29,188, 9478, 63.49,0.6348717261705406,2022-06-28
SILVERBEES, EQ, 28-Jun-2022,60.58,60.3,60.41,59.82, 60.41,60.36,60.18,152654,91.87,714, 111370, 72.96,0.72955834763583,2022-06-28
SILVERTUC, EQ, 28-Jun-2022,270.3,260.8,279.8,255.9, 276.00,276.4,267.47,1802,4.82,87, 808, 44.84,0.4483906770255272,2022-06-28
SIMBHALS, EQ, 28-Jun-2022,22.7,23.05,23.15,22.2, 22.20,22.45,22.55,10979,2.48,108, 6362, 57.95,0.5794698970762364,2022-06-28
SIMPLEXINF, EQ, 28-Jun-2022,60.45,60.0,60.95,58.4, 58.40,59.1,59.37,45312,26.9,331, 32135, 70.92,0.7091940324858758,2022-06-28
SINTERCOM, EQ, 28-Jun-2022,86.65,86.9,87.8,85.5, 85.50,85.5,85.66,5476,4.69,52, 5141, 93.88,0.9388239590942293,2022-06-28
SIRCA, EQ, 28-Jun-2022,441.7,443.95,446.0,441.7, 442.65,441.85,441.95,15555,68.75,248, 12625, 81.16,0.8116361298617808,2022-06-28
SIS, EQ, 28-Jun-2022,452.3,451.8,461.0,447.05, 459.60,458.0,455.54,94834,432.0,4774, 36209, 38.18,0.38181453908935614,2022-06-28
SITINET, EQ, 28-Jun-2022,1.65,1.7,1.7,1.65, 1.70,1.7,1.7,1377556,23.41,354, 620184, 45.02,0.45020601703306434,2022-06-28
SIYSIL, EQ, 28-Jun-2022,494.25,495.0,495.9,485.1, 489.55,489.5,489.2,30865,150.99,3377, 15882, 51.46,0.5145634213510448,2022-06-28
SJS, EQ, 28-Jun-2022,471.85,478.95,491.0,475.0, 485.00,486.3,484.64,138425,670.86,8179, 56324, 40.69,0.4068918186743724,2022-06-28
SJVN, EQ, 28-Jun-2022,26.35,26.6,27.05,26.15, 27.05,27.0,26.77,1149258,307.65,4633, 653854, 56.89,0.5689357829138453,2022-06-28
SKFINDIA, EQ, 28-Jun-2022,3435.7,3430.0,3628.0,3373.0, 3536.20,3546.65,3533.76,69770,2465.51,10966, 29038, 41.62,0.4161960728106636,2022-06-28
SKIPPER, EQ, 28-Jun-2022,54.25,54.75,55.05,52.8, 55.00,54.85,54.43,41413,22.54,529, 22319, 53.89,0.5389370487528071,2022-06-28
SKMEGGPROD, EQ, 28-Jun-2022,54.55,54.95,55.9,53.2, 55.10,55.45,54.73,15899,8.7,375, 8745, 55.00,0.5500345933706522,2022-06-28
SMARTLINK, EQ, 28-Jun-2022,107.8,108.0,115.8,106.1, 115.00,114.55,113.44,32476,36.84,913, 12212, 37.60,0.37603153097672126,2022-06-28
SMCGLOBAL, EQ, 28-Jun-2022,91.35,91.5,92.3,90.6, 91.95,91.9,91.48,107434,98.28,1632, 72890, 67.85,0.678463056388108,2022-06-28
SMLISUZU, EQ, 28-Jun-2022,559.85,551.35,604.0,551.35, 578.00,579.05,585.95,107525,630.04,7833, 26534, 24.68,0.24677051848407347,2022-06-28
SMLT, EQ, 28-Jun-2022,88.4,87.8,89.0,87.0, 88.10,87.8,87.99,4933,4.34,376, 1999, 40.52,0.4052300831137239,2022-06-28
SMSLIFE, EQ, 28-Jun-2022,711.4,708.85,715.0,702.15, 715.00,714.65,710.47,909,6.46,114, 671, 73.82,0.7381738173817382,2022-06-28
SMSPHARMA, EQ, 28-Jun-2022,80.3,79.45,80.85,78.7, 80.15,80.2,80.03,14967,11.98,277, 11685, 78.07,0.7807175786730808,2022-06-28
SNOWMAN, EQ, 28-Jun-2022,26.35,26.7,26.7,25.6, 26.30,26.45,26.39,711595,187.81,2949, 608538, 85.52,0.8551746428797279,2022-06-28
SOBHA, EQ, 28-Jun-2022,533.7,539.7,539.7,528.2, 535.95,534.45,533.07,85994,458.41,4236, 14261, 16.58,0.16583715142916947,2022-06-28
SOFTTECH, BE, 28-Jun-2022,92.6,90.0,93.45,88.0, 93.45,93.2,92.59,185,0.17,15, -, -,,2022-06-28
SOLARA, EQ, 28-Jun-2022,375.9,375.1,386.4,360.4, 365.15,369.5,375.62,98817,371.18,6931, 31500, 31.88,0.3187710616594311,2022-06-28
SOLARINDS, EQ, 28-Jun-2022,2747.1,2703.0,2759.95,2703.0, 2749.15,2753.0,2749.44,13945,383.41,2360, 8419, 60.37,0.6037289351021872,2022-06-28
SOMANYCERA, EQ, 28-Jun-2022,574.05,577.85,578.0,562.05, 566.00,564.1,565.82,4459,25.23,692, 2735, 61.34,0.6133662256111235,2022-06-28
SOMATEX, EQ, 28-Jun-2022,6.85,6.6,6.9,6.55, 6.55,6.55,6.62,6630,0.44,77, 5766, 86.97,0.869683257918552,2022-06-28
SOMICONVEY, EQ, 28-Jun-2022,31.85,31.4,32.8,31.4, 32.00,32.25,32.2,3474,1.12,73, 2687, 77.35,0.7734599884858953,2022-06-28
SONACOMS, EQ, 28-Jun-2022,581.75,582.8,582.8,565.2, 568.00,568.25,571.88,451025,2579.34,14829, 224040, 49.67,0.4967352142342442,2022-06-28
SONAMCLOCK, EQ, 28-Jun-2022,86.7,81.0,92.9,73.05, 87.50,84.85,82.09,2896,2.38,123, 1000, 34.53,0.3453038674033149,2022-06-28
SONATSOFTW, EQ, 28-Jun-2022,688.15,689.85,691.0,678.05, 682.40,681.05,682.22,46887,319.87,3892, 23311, 49.72,0.497174056774799,2022-06-28
SORILINFRA, EQ, 28-Jun-2022,67.35,66.1,70.0,65.3, 68.75,68.65,68.28,76614,52.31,1137, 19421, 25.35,0.25349152896337485,2022-06-28
SOTL, EQ, 28-Jun-2022,1110.15,1101.0,1125.0,1100.8, 1119.20,1115.8,1115.27,9906,110.48,1258, 6739, 68.03,0.6802947708459519,2022-06-28
SOUTHBANK, EQ, 28-Jun-2022,7.6,7.65,7.65,7.55, 7.65,7.6,7.6,942897,71.69,4345, 564766, 59.90,0.5989689223743421,2022-06-28
SOUTHWEST, EQ, 28-Jun-2022,196.5,196.15,204.75,195.0, 200.00,199.8,198.72,4761,9.46,61, 2722, 57.17,0.5717286284394035,2022-06-28
SPAL, EQ, 28-Jun-2022,386.7,389.0,396.9,378.0, 382.00,382.05,386.45,70446,272.24,3900, 24890, 35.33,0.35332027368480823,2022-06-28
SPANDANA, EQ, 28-Jun-2022,424.1,416.0,436.1,411.0, 415.80,415.35,421.23,270046,1137.5,8826, 58227, 21.56,0.21561882049724862,2022-06-28
SPARC, EQ, 28-Jun-2022,207.65,204.0,215.1,204.0, 208.85,209.9,211.15,396723,837.7,8194, 86125, 21.71,0.21709101816632764,2022-06-28
SPCENET, EQ, 28-Jun-2022,3.15,3.3,3.3,3.3, 3.30,3.3,3.3,5811,0.19,6, 5811, 100.00,1.0,2022-06-28
SPECIALITY, EQ, 28-Jun-2022,118.5,119.0,123.8,116.65, 123.80,122.5,120.61,45794,55.23,999, 28466, 62.16,0.6216098178800716,2022-06-28
SPENCERS, EQ, 28-Jun-2022,71.15,71.0,73.75,71.0, 72.90,72.55,72.39,86208,62.4,1874, 37751, 43.79,0.43790599480326653,2022-06-28
SPENTEX, BZ, 28-Jun-2022,2.2,2.3,2.3,2.1, 2.20,2.15,2.13,22760,0.49,10, -, -,,2022-06-28
SPIC, EQ, 28-Jun-2022,48.9,49.0,50.25,48.3, 49.65,49.55,49.47,957716,473.74,5919, 257148, 26.85,0.26850130936519806,2022-06-28
SPICEJET, EQ, 28-Jun-2022,38.1,38.1,38.1,37.65, 37.85,37.8,37.82,679967,257.17,3692, 321651, 47.30,0.4730391327814438,2022-06-28
SPLIL, EQ, 28-Jun-2022,50.25,50.9,50.9,48.5, 49.15,49.05,49.17,16450,8.09,320, 10997, 66.85,0.6685106382978724,2022-06-28
SPLPETRO, EQ, 28-Jun-2022,885.15,890.45,905.0,883.95, 888.00,892.05,893.24,22544,201.37,2997, 16561, 73.46,0.7346078779276083,2022-06-28
SPMLINFRA, EQ, 28-Jun-2022,34.65,35.9,36.35,34.7, 36.35,36.15,36.18,190065,68.76,582, 141310, 74.35,0.7434824928313998,2022-06-28
SPTL, EQ, 28-Jun-2022,5.6,5.7,6.15,5.7, 5.70,5.75,5.89,2478956,145.94,1926, 995888, 40.17,0.40173686019437216,2022-06-28
SREEL, EQ, 28-Jun-2022,162.1,162.6,162.6,155.65, 160.30,161.45,160.43,17219,27.62,363, 14775, 85.81,0.8580637667692665,2022-06-28
SREINFRA, BE, 28-Jun-2022,4.15,4.0,4.2,4.0, 4.05,4.05,4.06,109769,4.45,252, -, -,,2022-06-28
SRF, EQ, 28-Jun-2022,2302.25,2296.6,2311.15,2273.7, 2296.00,2298.5,2297.12,256337,5888.38,16559, 96141, 37.51,0.3750570538002707,2022-06-28
SRHHYPOLTD, EQ, 28-Jun-2022,421.95,420.2,436.75,416.15, 434.00,434.6,431.81,13176,56.9,540, 7974, 60.52,0.605191256830601,2022-06-28
SRPL, EQ, 28-Jun-2022,84.35,88.55,88.55,88.55, 88.55,88.55,88.55,12262,10.86,19, 12262, 100.00,1.0,2022-06-28
SRTRANSFIN, EQ, 28-Jun-2022,1252.45,1243.0,1263.45,1239.3, 1248.80,1251.05,1253.36,705427,8841.51,26574, 194915, 27.63,0.2763078249060498,2022-06-28
SSWL, EQ, 28-Jun-2022,794.8,795.0,806.55,783.0, 802.00,803.65,800.56,33010,264.27,2353, 20252, 61.35,0.6135110572553771,2022-06-28
STAR, EQ, 28-Jun-2022,336.05,332.0,358.2,331.9, 348.00,351.3,350.21,5821946,20388.87,67393, 617908, 10.61,0.10613427194274903,2022-06-28
STARCEMENT, EQ, 28-Jun-2022,85.35,86.3,86.8,83.5, 84.50,84.65,85.17,50375,42.9,991, 28418, 56.41,0.5641290322580645,2022-06-28
STARHEALTH, EQ, 28-Jun-2022,515.05,515.0,529.0,507.15, 510.75,511.8,515.95,1188373,6131.46,36345, 540572, 45.49,0.4548841146677011,2022-06-28
STARPAPER, EQ, 28-Jun-2022,144.7,145.0,152.4,143.5, 151.10,150.2,149.3,155831,232.65,3723, 43615, 27.99,0.2798865437557354,2022-06-28
STARTECK, EQ, 28-Jun-2022,127.05,129.5,129.9,123.8, 129.90,125.85,128.41,11842,15.21,130, 404, 3.41,0.03411585880763385,2022-06-28
STCINDIA, EQ, 28-Jun-2022,87.15,87.5,87.5,82.85, 83.10,83.15,84.09,45908,38.6,990, 28569, 62.23,0.6223098370654352,2022-06-28
STEELCAS, EQ, 28-Jun-2022,345.5,361.9,361.9,333.65, 340.00,341.0,342.7,2227,7.63,265, 819, 36.78,0.367759317467445,2022-06-28
STEELCITY, EQ, 28-Jun-2022,53.25,54.2,55.85,52.55, 55.85,54.45,54.18,9959,5.4,150, 7349, 73.79,0.737925494527563,2022-06-28
STEELXIND, EQ, 28-Jun-2022,139.4,146.35,146.35,144.1, 146.35,146.35,146.24,99951,146.16,615, 67847, 67.88,0.6788026132805074,2022-06-28
STEL, EQ, 28-Jun-2022,106.55,103.95,107.3,103.95, 104.20,104.45,104.76,3350,3.51,99, 2663, 79.49,0.7949253731343283,2022-06-28
STERTOOLS, EQ, 28-Jun-2022,285.35,287.8,298.0,271.1, 271.10,271.7,286.83,545602,1564.96,13300, 194945, 35.73,0.35730257587032305,2022-06-28
STLTECH, EQ, 28-Jun-2022,151.95,151.9,151.9,147.6, 148.80,148.95,149.19,499404,745.07,8930, 186247, 37.29,0.3729385427429496,2022-06-28
STOVEKRAFT, EQ, 28-Jun-2022,531.45,527.0,569.7,525.6, 567.95,564.05,556.5,159470,887.45,9829, 44651, 28.00,0.2799962375368408,2022-06-28
STYLAMIND, EQ, 28-Jun-2022,799.0,788.9,815.9,788.85, 795.00,800.0,803.29,2276,18.28,323, 1336, 58.70,0.5869947275922671,2022-06-28
SUBCAPCITY, BE, 28-Jun-2022,101.95,98.9,107.0,96.9, 106.25,105.05,104.83,1840,1.93,56, -, -,,2022-06-28
SUBEXLTD, EQ, 28-Jun-2022,24.4,24.4,25.0,23.65, 24.95,24.8,24.37,3157190,769.37,8156, 782194, 24.78,0.24775005622087995,2022-06-28
SUBROS, EQ, 28-Jun-2022,312.85,314.35,314.35,300.1, 304.60,304.35,306.08,12365,37.85,878, 5881, 47.56,0.4756166599272139,2022-06-28
SUDARSCHEM, EQ, 28-Jun-2022,438.35,437.95,438.0,424.0, 424.90,424.95,428.09,50840,217.64,3297, 35557, 69.94,0.699390243902439,2022-06-28
SUMEETINDS, EQ, 28-Jun-2022,6.65,6.95,6.95,6.55, 6.95,6.95,6.85,130183,8.91,255, 90467, 69.49,0.6949217639783997,2022-06-28
SUMICHEM, EQ, 28-Jun-2022,422.25,420.1,424.0,416.4, 418.95,419.6,419.38,130821,548.64,6926, 62268, 47.60,0.47597862728461027,2022-06-28
SUMIT, EQ, 28-Jun-2022,10.1,10.05,10.4,9.55, 10.25,10.15,10.13,19329,1.96,143, 7885, 40.79,0.40793626157587043,2022-06-28
SUMMITSEC, EQ, 28-Jun-2022,538.35,532.35,543.1,527.6, 540.00,540.4,539.93,1384,7.47,244, 929, 67.12,0.671242774566474,2022-06-28
SUNCLAYLTD, EQ, 28-Jun-2022,4131.7,4150.0,4255.0,4121.05, 4255.00,4234.9,4199.98,9158,384.63,2410, 3975, 43.40,0.4340467350949989,2022-06-28
SUNDARAM, EQ, 28-Jun-2022,2.95,3.05,3.2,2.95, 3.20,3.2,3.13,718953,22.48,553, 501413, 69.74,0.6974211109766564,2022-06-28
SUNDARMFIN, EQ, 28-Jun-2022,1777.5,1787.45,1788.75,1763.7, 1772.10,1777.15,1772.6,78597,1393.21,1924, 69683, 88.66,0.8865860020102548,2022-06-28
SUNDARMHLD, EQ, 28-Jun-2022,68.55,68.55,74.0,67.35, 73.25,72.45,70.84,169382,119.99,1288, 105099, 62.05,0.6204850574441204,2022-06-28
SUNDRMBRAK, EQ, 28-Jun-2022,309.65,306.4,314.9,306.15, 310.50,311.15,310.67,2413,7.5,185, 1242, 51.47,0.5147119767923747,2022-06-28
SUNDRMFAST, EQ, 28-Jun-2022,713.65,717.4,724.0,703.05, 720.00,719.2,711.78,55372,394.13,6116, 29914, 54.02,0.5402369428592069,2022-06-28
SUNFLAG, EQ, 28-Jun-2022,79.45,79.85,82.8,78.85, 82.50,81.85,80.57,355543,286.47,5144, 125606, 35.33,0.35327935017705314,2022-06-28
SUNPHARMA, EQ, 28-Jun-2022,835.65,837.0,837.5,825.05, 831.90,828.6,829.59,2823691,23425.08,63967, 2028445, 71.84,0.718366492650931,2022-06-28
SUNTECK, EQ, 28-Jun-2022,502.0,503.6,508.4,490.0, 490.00,493.35,494.71,943127,4665.75,25865, 196965, 20.88,0.20884249947249947,2022-06-28
SUNTV, EQ, 28-Jun-2022,414.9,414.9,421.3,412.4, 418.00,418.25,416.88,720905,3005.3,13455, 199245, 27.64,0.2763817701361483,2022-06-28
SUPERHOUSE, EQ, 28-Jun-2022,175.35,173.7,177.55,172.1, 174.25,176.1,175.49,15687,27.53,511, 9562, 60.95,0.6095493083444891,2022-06-28
SUPERSPIN, EQ, 28-Jun-2022,9.9,10.3,10.35,9.75, 10.10,10.1,10.19,40734,4.15,186, 27231, 66.85,0.6685078803947562,2022-06-28
SUPRAJIT, EQ, 28-Jun-2022,328.1,328.9,331.3,316.1, 322.05,323.5,319.73,298940,955.8,7520, 155218, 51.92,0.5192279387167994,2022-06-28
SUPREMEENG, EQ, 28-Jun-2022,2.65,2.6,2.75,2.6, 2.75,2.75,2.74,1236724,33.85,393, 920968, 74.47,0.7446835348873314,2022-06-28
SUPREMEIND, EQ, 28-Jun-2022,1699.6,1697.6,1733.0,1697.6, 1716.00,1715.9,1714.86,57632,988.31,12339, 35947, 62.37,0.6237333425874514,2022-06-28
SUPREMEINF, EQ, 28-Jun-2022,10.6,11.0,11.0,9.9, 9.95,10.15,10.41,23880,2.49,161, 9556, 40.02,0.4001675041876047,2022-06-28
SUPRIYA, EQ, 28-Jun-2022,332.7,332.0,364.0,330.45, 358.05,358.85,356.24,739298,2633.66,21051, 184763, 24.99,0.2499168129766346,2022-06-28
SURANASOL, EQ, 28-Jun-2022,20.9,20.5,21.4,19.6, 20.00,20.35,20.41,40572,8.28,390, 17291, 42.62,0.426180617174406,2022-06-28
SURANAT&P, EQ, 28-Jun-2022,10.6,10.5,10.9,9.65, 9.90,10.0,10.16,138047,14.02,613, 109208, 79.11,0.7910928886538643,2022-06-28
SURYALAXMI, EQ, 28-Jun-2022,60.55,61.8,63.8,60.0, 60.10,60.55,61.77,7714,4.76,346, 2804, 36.35,0.3634949442571947,2022-06-28
SURYAROSNI, EQ, 28-Jun-2022,369.85,368.8,376.0,365.0, 368.00,367.8,369.43,72794,268.92,2559, 53174, 73.05,0.7304722916723906,2022-06-28
SURYODAY, EQ, 28-Jun-2022,80.4,81.45,81.55,78.9, 79.90,79.2,79.99,113082,90.46,1932, 81606, 72.17,0.7216533135246989,2022-06-28
SUTLEJTEX, EQ, 28-Jun-2022,64.75,64.0,67.0,62.7, 66.60,66.55,65.12,74796,48.71,953, 33291, 44.51,0.4450906465586395,2022-06-28
SUULD, EQ, 28-Jun-2022,69.5,68.4,70.2,67.5, 68.30,68.1,68.37,53545,36.61,723, 33127, 61.87,0.6186758801008497,2022-06-28
SUVEN, EQ, 28-Jun-2022,74.6,73.1,74.2,72.1, 72.55,72.35,73.04,208046,151.96,1575, 112379, 54.02,0.540164194456995,2022-06-28
SUVENPHAR, EQ, 28-Jun-2022,470.45,472.9,472.9,461.1, 463.45,464.5,466.67,45754,213.52,3801, 19491, 42.60,0.4259955413734318,2022-06-28
SUVIDHAA, EQ, 28-Jun-2022,6.1,6.15,6.45,6.05, 6.45,6.25,6.18,117085,7.24,354, 85930, 73.39,0.7339112610496648,2022-06-28
SUZLON, EQ, 28-Jun-2022,7.15,7.15,7.3,7.0, 7.10,7.05,7.13,37170884,2649.58,21501, 15548754, 41.83,0.41830466017434503,2022-06-28
SVPGLOB, EQ, 28-Jun-2022,37.85,38.3,38.3,36.7, 37.65,37.65,37.6,73225,27.53,677, 53630, 73.24,0.7324001365653807,2022-06-28
SWANENERGY, EQ, 28-Jun-2022,194.35,194.5,196.95,188.95, 195.00,195.1,193.46,229097,443.2,8258, 45261, 19.76,0.1975626044863093,2022-06-28
SWARAJENG, EQ, 28-Jun-2022,1627.0,1633.0,1649.0,1618.1, 1620.00,1624.1,1633.79,14753,241.03,2485, 7864, 53.30,0.5330441266183149,2022-06-28
SWELECTES, EQ, 28-Jun-2022,313.3,327.35,328.95,309.0, 316.00,318.45,320.47,21885,70.14,1080, 8832, 40.36,0.40356408498971896,2022-06-28
SWSOLAR, EQ, 28-Jun-2022,294.4,290.0,300.95,290.0, 297.65,298.0,296.58,149359,442.96,4114, 51204, 34.28,0.3428250055236042,2022-06-28
SYMPHONY, EQ, 28-Jun-2022,861.7,861.35,865.0,845.1, 863.60,860.95,856.05,15058,128.9,3720, 8810, 58.51,0.5850710585735157,2022-06-28
SYNGENE, EQ, 28-Jun-2022,568.25,568.0,575.0,555.35, 569.45,567.9,563.68,122166,688.63,3937, 21834, 17.87,0.17872403123618683,2022-06-28
TAINWALCHM, EQ, 28-Jun-2022,71.15,71.1,72.6,71.05, 71.20,71.95,71.75,696,0.5,66, 440, 63.22,0.632183908045977,2022-06-28
TAJGVK, EQ, 28-Jun-2022,137.4,136.4,137.0,134.1, 136.55,136.35,135.34,39854,53.94,2718, 17753, 44.55,0.4454508957695589,2022-06-28
TAKE, EQ, 28-Jun-2022,22.7,23.1,23.1,22.35, 22.70,22.55,22.52,190713,42.95,996, 107468, 56.35,0.5635064206425362,2022-06-28
TALBROAUTO, EQ, 28-Jun-2022,438.15,435.0,491.0,414.1, 476.10,482.75,473.88,383403,1816.86,21088, 70212, 18.31,0.18312845752380655,2022-06-28
TANLA, EQ, 28-Jun-2022,1028.0,1031.0,1032.0,1006.55, 1018.00,1018.65,1017.56,158482,1612.66,14477, 68759, 43.39,0.43385999671887027,2022-06-28
TANTIACONS, BZ, 28-Jun-2022,12.85,12.85,13.35,12.75, 13.35,12.85,12.8,417,0.05,5, -, -,,2022-06-28
TARC, EQ, 28-Jun-2022,35.25,34.75,37.3,34.4, 37.20,36.3,35.58,228023,81.12,1614, 122160, 53.57,0.5357354301978309,2022-06-28
TARMAT, EQ, 28-Jun-2022,47.6,48.2,48.2,46.1, 46.55,46.6,46.73,2370,1.11,77, 1474, 62.19,0.6219409282700422,2022-06-28
TARSONS, EQ, 28-Jun-2022,695.85,695.85,704.95,690.0, 697.15,698.1,698.51,29493,206.01,2829, 15218, 51.60,0.5159868443359441,2022-06-28
TASTYBITE, EQ, 28-Jun-2022,8619.25,8619.3,8794.0,8576.05, 8650.00,8696.25,8680.65,311,27.0,200, 173, 55.63,0.5562700964630225,2022-06-28
TATACHEM, EQ, 28-Jun-2022,813.65,813.0,817.95,803.0, 814.00,814.95,810.69,654137,5303.01,17169, 112716, 17.23,0.17231252780380868,2022-06-28
TATACOFFEE, EQ, 28-Jun-2022,199.1,199.05,201.9,197.6, 201.60,201.45,199.52,1016509,2028.1,6676, 477482, 46.97,0.4697272724589748,2022-06-28
TATACOMM, EQ, 28-Jun-2022,929.4,922.25,933.0,909.75, 926.00,925.85,920.45,328037,3019.41,15974, 139811, 42.62,0.4262049707807351,2022-06-28
TATACONSUM, EQ, 28-Jun-2022,729.4,730.0,740.0,722.1, 740.00,736.85,732.66,878300,6434.95,31010, 325775, 37.09,0.3709154047591939,2022-06-28
TATAELXSI, EQ, 28-Jun-2022,7991.6,7958.0,8060.0,7915.0, 8055.15,8036.7,7989.97,273264,21833.71,39400, 41068, 15.03,0.15028690204344516,2022-06-28
TATAINVEST, EQ, 28-Jun-2022,1345.55,1352.0,1352.0,1331.45, 1343.70,1341.55,1343.72,10517,141.32,2131, 5150, 48.97,0.4896833697822573,2022-06-28
TATAMETALI, EQ, 28-Jun-2022,690.8,688.0,691.0,679.05, 687.00,687.9,685.85,15744,107.98,2201, 5710, 36.27,0.3626778455284553,2022-06-28
TATAMOTORS, EQ, 28-Jun-2022,414.5,411.3,418.2,409.15, 417.70,417.1,415.0,13238339,54939.51,141548, 2419484, 18.28,0.18276341163343832,2022-06-28
TATAMTRDVR, EQ, 28-Jun-2022,199.25,197.0,203.0,196.3, 202.50,202.65,200.6,1639206,3288.32,15595, 684374, 41.75,0.41750335223272733,2022-06-28
TATAPOWER, EQ, 28-Jun-2022,208.15,206.1,209.15,204.9, 208.90,208.65,207.28,13321760,27613.29,84697, 2180079, 16.36,0.16364797143920923,2022-06-28
TATASTEEL, EQ, 28-Jun-2022,867.85,866.0,884.4,860.4, 880.00,878.9,873.85,8464733,73969.32,169907, 1732375, 20.47,0.20465796145017215,2022-06-28
TATASTLLP, EQ, 28-Jun-2022,588.3,589.8,604.7,578.35, 602.00,601.25,592.18,64411,381.43,5102, 11900, 18.48,0.1847510518389716,2022-06-28
TATVA, EQ, 28-Jun-2022,2290.05,2274.0,2321.95,2250.0, 2300.05,2318.15,2288.44,4663,106.71,1104, 2578, 55.29,0.5528629637572379,2022-06-28
TBZ, EQ, 28-Jun-2022,65.1,64.4,66.15,64.4, 65.90,65.85,65.24,55028,35.9,1390, 33298, 60.51,0.6051101257541616,2022-06-28
TCI, EQ, 28-Jun-2022,666.3,667.7,679.9,663.9, 676.20,677.6,674.39,57160,385.48,4959, 39206, 68.59,0.6858992302309307,2022-06-28
TCIDEVELOP, EQ, 28-Jun-2022,365.35,363.0,383.5,360.0, 361.25,362.3,369.44,609,2.25,36, 318, 52.22,0.5221674876847291,2022-06-28
TCIEXP, EQ, 28-Jun-2022,1628.05,1625.45,1644.9,1591.25, 1602.00,1606.9,1611.12,11669,188.0,1970, 5753, 49.30,0.4930156825777702,2022-06-28
TCNSBRANDS, EQ, 28-Jun-2022,532.1,532.1,533.0,516.1, 519.00,519.1,518.69,40012,207.54,1341, 33444, 83.58,0.8358492452264321,2022-06-28
TCPLPACK, EQ, 28-Jun-2022,843.15,854.95,887.5,838.15, 863.10,863.2,865.21,19308,167.05,2172, 7488, 38.78,0.3878185208203853,2022-06-28
TCS, EQ, 28-Jun-2022,3314.7,3307.0,3330.0,3272.6, 3318.15,3318.15,3303.05,1400046,46244.23,84893, 763205, 54.51,0.5451285172058632,2022-06-28
TDPOWERSYS, EQ, 28-Jun-2022,477.6,479.45,487.0,461.5, 480.00,480.4,475.38,47560,226.09,3879, 27245, 57.29,0.5728553406223718,2022-06-28
TEAMLEASE, EQ, 28-Jun-2022,3111.2,3064.55,3203.95,3064.55, 3159.90,3149.7,3169.95,11962,379.19,3348, 5286, 44.19,0.4418993479351279,2022-06-28
TECH, EQ, 28-Jun-2022,28.5,28.4,28.74,28.26, 28.72,28.7,28.46,1666,0.47,39, 1374, 82.47,0.8247298919567827,2022-06-28
TECHIN, EQ, 28-Jun-2022,10.9,10.7,11.2,10.6, 11.00,11.1,10.93,16512,1.8,62, 10382, 62.88,0.6287548449612403,2022-06-28
TECHM, EQ, 28-Jun-2022,1007.2,1002.0,1029.0,984.05, 1027.00,1020.7,1004.71,2755698,27686.75,76436, 1094764, 39.73,0.3972728506534461,2022-06-28
TECHNOE, EQ, 28-Jun-2022,282.05,279.25,290.95,278.0, 287.00,286.35,284.87,41530,118.31,1791, 24530, 59.07,0.5906573561281002,2022-06-28
TEGA, EQ, 28-Jun-2022,449.75,451.8,454.8,446.3, 453.25,451.55,449.91,17976,80.87,1588, 9458, 52.61,0.5261459724076547,2022-06-28
TEJASNET, EQ, 28-Jun-2022,441.35,445.5,445.5,437.0, 442.65,440.65,439.82,82866,364.46,2606, 39365, 47.50,0.47504404701566383,2022-06-28
TEMBO, EQ, 28-Jun-2022,115.05,116.75,116.75,107.0, 111.10,111.1,110.58,14614,16.16,300, 8967, 61.36,0.6135897084986999,2022-06-28
TERASOFT, EQ, 28-Jun-2022,34.9,34.55,35.7,34.1, 35.50,35.2,34.75,10859,3.77,244, 6372, 58.68,0.5867943641219265,2022-06-28
TEXINFRA, EQ, 28-Jun-2022,59.9,58.8,60.5,58.8, 59.00,60.05,60.0,10479,6.29,192, 8710, 83.12,0.8311861818875846,2022-06-28
TEXMOPIPES, EQ, 28-Jun-2022,62.75,63.2,63.2,61.0, 62.30,62.0,62.07,62790,38.97,2061, 22434, 35.73,0.35728619206880075,2022-06-28
TEXRAIL, EQ, 28-Jun-2022,40.1,39.8,40.7,39.8, 40.50,40.5,40.31,386220,155.69,2699, 134462, 34.81,0.34814872352545184,2022-06-28
TFCILTD, EQ, 28-Jun-2022,50.95,51.3,52.0,49.65, 50.60,51.0,50.7,94303,47.81,1228, 57070, 60.52,0.6051769296841034,2022-06-28
TFL, EQ, 28-Jun-2022,7.35,7.0,7.7,7.0, 7.70,7.7,7.42,10316,0.77,36, 5507, 53.38,0.5338309422256688,2022-06-28
TGBHOTELS, EQ, 28-Jun-2022,8.75,8.4,8.85,8.4, 8.70,8.7,8.65,10975,0.95,69, 2176, 19.83,0.19826879271070616,2022-06-28
THANGAMAYL, EQ, 28-Jun-2022,971.35,971.35,974.45,960.0, 972.00,969.4,969.14,494,4.79,141, 336, 68.02,0.680161943319838,2022-06-28
THEINVEST, EQ, 28-Jun-2022,92.25,93.9,96.35,92.1, 94.95,93.85,94.02,4503,4.23,283, 2246, 49.88,0.4987785920497446,2022-06-28
THEMISMED, EQ, 28-Jun-2022,728.7,728.8,750.0,720.0, 730.00,748.4,742.29,1082,8.03,101, 812, 75.05,0.7504621072088724,2022-06-28
THERMAX, EQ, 28-Jun-2022,2000.9,1990.1,2034.2,1990.1, 2029.95,2027.1,2015.36,29026,584.98,5605, 9461, 32.59,0.3259491490387928,2022-06-28
THOMASCOOK, EQ, 28-Jun-2022,60.15,61.0,61.7,60.5, 60.75,60.9,61.03,333285,203.41,3275, 108316, 32.50,0.32499512429302246,2022-06-28
THOMASCOTT, BE, 28-Jun-2022,44.0,45.0,46.0,42.05, 44.90,44.85,44.41,826,0.37,17, -, -,,2022-06-28
THYROCARE, EQ, 28-Jun-2022,629.5,634.95,638.05,629.0, 630.00,631.4,634.22,53700,340.57,3991, 16781, 31.25,0.31249534450651767,2022-06-28
TI, EQ, 28-Jun-2022,68.3,69.0,69.0,66.65, 67.50,67.8,67.65,136230,92.15,1298, 77254, 56.71,0.5670850767085077,2022-06-28
TIDEWATER, EQ, 28-Jun-2022,1050.9,1055.0,1060.0,1030.0, 1035.05,1038.3,1045.42,5041,52.7,1199, 3263, 64.73,0.6472922039277921,2022-06-28
TIIL, EQ, 28-Jun-2022,897.3,891.0,918.95,883.05, 918.95,912.2,902.68,4135,37.33,594, 1609, 38.91,0.3891172914147521,2022-06-28
TIINDIA, EQ, 28-Jun-2022,1632.8,1632.8,1790.0,1623.85, 1750.05,1753.8,1708.09,169886,2901.8,18166, 51723, 30.45,0.3044571065302615,2022-06-28
TIJARIA, EQ, 28-Jun-2022,5.2,5.45,5.45,5.1, 5.10,5.1,5.25,12800,0.67,30, 10004, 78.16,0.7815625,2022-06-28
TIL, EQ, 28-Jun-2022,98.7,103.2,103.4,96.05, 97.80,98.15,98.66,10899,10.75,412, 6592, 60.48,0.6048261308376915,2022-06-28
TIMESGTY, EQ, 28-Jun-2022,39.35,40.15,40.25,39.35, 40.25,40.1,39.92,536,0.21,33, 346, 64.55,0.6455223880597015,2022-06-28
TIMETECHNO, EQ, 28-Jun-2022,104.45,103.2,107.45,102.7, 105.65,105.65,105.47,3400969,3587.13,15952, 680121, 20.00,0.1999785943359084,2022-06-28
TIMKEN, EQ, 28-Jun-2022,2411.8,2411.9,2469.7,2389.2, 2447.00,2440.15,2439.41,125201,3054.17,21111, 58654, 46.85,0.46847868627247385,2022-06-28
TINPLATE, EQ, 28-Jun-2022,312.7,311.75,317.5,311.0, 314.00,313.7,313.91,216942,681.0,6522, 72338, 33.34,0.33344396198062154,2022-06-28
TIPSINDLTD, EQ, 28-Jun-2022,1328.05,1300.0,1360.0,1300.0, 1345.00,1355.6,1337.92,2339,31.29,608, 1415, 60.50,0.6049593843522874,2022-06-28
TIRUMALCHM, EQ, 28-Jun-2022,246.75,243.65,254.35,243.65, 253.10,251.35,249.54,359588,897.33,7991, 105607, 29.37,0.2936888883944959,2022-06-28
TIRUPATIFL, EQ, 28-Jun-2022,10.05,9.4,10.45,9.4, 9.90,9.85,10.0,57470,5.75,192, 45050, 78.39,0.7838872455194015,2022-06-28
TITAN, EQ, 28-Jun-2022,2040.3,2020.0,2022.0,1960.0, 1970.20,1968.05,1970.62,3397585,66953.41,163512, 1692977, 49.83,0.4982883430436619,2022-06-28
TMRVL, EQ, 28-Jun-2022,12.85,13.0,13.0,12.55, 12.65,12.65,12.71,17024,2.16,153, 11449, 67.25,0.6725211466165414,2022-06-28
TNIDETF, EQ, 28-Jun-2022,54.79,54.9,54.9,53.5, 54.00,54.75,54.34,1436,0.78,71, 772, 53.76,0.5376044568245125,2022-06-28
TNPETRO, EQ, 28-Jun-2022,89.05,89.15,91.0,88.35, 89.80,90.05,89.95,348896,313.85,6460, 69555, 19.94,0.1993574016325782,2022-06-28
TNPL, EQ, 28-Jun-2022,178.55,176.75,184.0,176.1, 182.00,181.8,181.31,254838,462.04,6944, 91911, 36.07,0.36066442210345395,2022-06-28
TNTELE, BE, 28-Jun-2022,7.15,6.9,7.4,6.9, 7.10,7.1,7.14,4098,0.29,43, -, -,,2022-06-28
TOKYOPLAST, EQ, 28-Jun-2022,87.15,87.15,88.45,86.65, 88.45,88.2,87.93,1130,0.99,49, 612, 54.16,0.5415929203539823,2022-06-28
TORNTPHARM, EQ, 28-Jun-2022,2862.65,2861.35,2895.0,2830.8, 2881.00,2883.75,2864.44,163863,4693.76,16792, 98251, 59.96,0.5995923423835765,2022-06-28
TORNTPOWER, EQ, 28-Jun-2022,469.65,468.9,476.9,461.1, 475.90,475.3,472.61,480685,2271.78,9442, 74256, 15.45,0.1544795448162518,2022-06-28
TOTAL, EQ, 28-Jun-2022,63.75,64.0,66.7,61.0, 64.85,64.2,64.62,63439,40.99,677, 31713, 49.99,0.49989753936852727,2022-06-28
TOUCHWOOD, EQ, 28-Jun-2022,65.35,64.0,67.5,63.35, 67.45,67.4,66.72,1751,1.17,75, 867, 49.51,0.49514563106796117,2022-06-28
TPLPLASTEH, EQ, 28-Jun-2022,133.95,136.55,143.9,130.9, 133.90,133.35,133.09,6168,8.21,366, 3133, 50.79,0.5079442282749675,2022-06-28
TREEHOUSE, BE, 28-Jun-2022,13.25,12.6,12.6,12.6, 12.60,12.6,12.6,49963,6.3,106, -, -,,2022-06-28
TREJHARA, EQ, 28-Jun-2022,50.35,50.1,53.25,49.15, 53.20,52.65,51.32,22137,11.36,419, 16944, 76.54,0.7654153679360347,2022-06-28
TRENT, EQ, 28-Jun-2022,1049.1,1050.0,1076.0,1030.0, 1070.00,1068.25,1056.75,442089,4671.77,26685, 205147, 46.40,0.46404004623503414,2022-06-28
TRIDENT, EQ, 28-Jun-2022,38.0,38.0,39.2,37.4, 38.95,38.5,38.06,3841308,1462.11,22589, 2079612, 54.14,0.5413812170229516,2022-06-28
TRIGYN, EQ, 28-Jun-2022,100.1,99.9,101.25,98.1, 99.55,99.9,99.72,58818,58.65,1886, 27392, 46.57,0.46570777653099393,2022-06-28
TRIL, EQ, 28-Jun-2022,28.4,28.3,29.05,28.15, 28.60,28.7,28.71,72450,20.8,769, 29238, 40.36,0.40356107660455487,2022-06-28
TRITURBINE, EQ, 28-Jun-2022,157.85,156.95,157.8,155.1, 155.55,155.75,156.08,138264,215.81,3180, 43081, 31.16,0.3115850836081699,2022-06-28
TRIVENI, EQ, 28-Jun-2022,238.6,235.25,244.0,235.0, 240.00,240.3,240.53,632783,1522.06,17439, 175190, 27.69,0.27685636308181477,2022-06-28
TTKHLTCARE, EQ, 28-Jun-2022,734.8,730.05,768.15,730.0, 767.00,760.8,752.27,4950,37.24,469, 3255, 65.76,0.6575757575757576,2022-06-28
TTKPRESTIG, EQ, 28-Jun-2022,822.7,817.0,835.0,817.0, 828.40,829.25,828.82,37177,308.13,4543, 14505, 39.02,0.3901605831562525,2022-06-28
TTL, EQ, 28-Jun-2022,75.7,77.6,77.6,73.1, 74.70,73.65,74.26,9459,7.02,299, 4697, 49.66,0.49656411882862883,2022-06-28
TTML, EQ, 28-Jun-2022,128.3,126.4,127.85,123.45, 124.25,124.3,124.91,3946075,4929.19,33664, 1246287, 31.58,0.3158295268082842,2022-06-28
TV18BRDCST, EQ, 28-Jun-2022,37.85,37.55,40.85,37.3, 39.60,39.6,39.5,20668983,8164.63,35098, 3307357, 16.00,0.16001546858885124,2022-06-28
TVSELECT, EQ, 28-Jun-2022,194.1,194.1,194.1,189.9, 191.50,191.2,191.17,31090,59.43,1283, 17241, 55.46,0.5545513026696687,2022-06-28
TVSMOTOR, EQ, 28-Jun-2022,801.5,798.9,823.6,793.1, 819.50,820.2,813.82,3330788,27106.77,64561, 760162, 22.82,0.2282228709842836,2022-06-28
TVSSRICHAK, EQ, 28-Jun-2022,1547.05,1540.8,1579.9,1540.05, 1565.00,1565.9,1563.75,3134,49.01,549, 1920, 61.26,0.612635609444799,2022-06-28
TVTODAY, EQ, 28-Jun-2022,261.1,260.0,265.85,257.2, 265.00,264.7,263.03,83252,218.98,1279, 9284, 11.15,0.1115168404362658,2022-06-28
TWL, EQ, 28-Jun-2022,99.45,99.45,102.4,98.15, 102.00,101.8,101.09,519702,525.35,4014, 358448, 68.97,0.6897183385863437,2022-06-28
UBL, EQ, 28-Jun-2022,1494.85,1485.1,1493.1,1448.15, 1455.45,1461.45,1458.59,321724,4692.63,23429, 126063, 39.18,0.39183585930797826,2022-06-28
UCALFUEL, EQ, 28-Jun-2022,117.6,115.25,127.65,115.25, 124.50,125.15,123.97,134393,166.6,3214, 59666, 44.40,0.4439665756401003,2022-06-28
UCOBANK, EQ, 28-Jun-2022,11.1,11.15,11.15,10.95, 11.00,11.0,11.04,1081985,119.47,21451, 508346, 46.98,0.46982721571925673,2022-06-28
UDAICEMENT, EQ, 28-Jun-2022,28.0,28.0,30.1,27.5, 30.10,29.7,29.21,252149,73.64,1750, 163725, 64.93,0.6493184585304721,2022-06-28
UFLEX, EQ, 28-Jun-2022,594.95,599.7,599.7,585.0, 591.85,591.4,591.02,85849,507.38,4166, 25025, 29.15,0.29150019219792894,2022-06-28
UFO, EQ, 28-Jun-2022,89.5,89.5,90.5,87.65, 89.50,89.55,89.37,43458,38.84,995, 24336, 56.00,0.5599889548529615,2022-06-28
UGARSUGAR, EQ, 28-Jun-2022,51.05,51.0,51.0,50.0, 50.00,50.3,50.47,58989,29.77,771, 26843, 45.51,0.4550509417009951,2022-06-28
UGROCAP, EQ, 28-Jun-2022,137.45,138.75,140.0,136.0, 139.00,139.15,138.95,26225,36.44,404, 19859, 75.73,0.757254528122021,2022-06-28
UJAAS, BE, 28-Jun-2022,3.35,3.3,3.4,3.2, 3.30,3.25,3.29,213107,7.02,527, -, -,,2022-06-28
UJJIVAN, EQ, 28-Jun-2022,122.0,122.0,132.8,120.75, 131.00,131.75,127.14,1220571,1551.83,12346, 543314, 44.51,0.44513100835592523,2022-06-28
UJJIVANSFB, EQ, 28-Jun-2022,14.4,14.6,14.9,14.35, 14.75,14.75,14.6,1083085,158.17,3116, 543217, 50.15,0.5015460467091687,2022-06-28
ULTRACEMCO, EQ, 28-Jun-2022,5560.25,5560.0,5585.0,5480.0, 5572.00,5572.75,5548.04,278114,15429.89,36732, 135495, 48.72,0.4871923024371301,2022-06-28
UMAEXPORTS, EQ, 28-Jun-2022,51.85,51.8,52.45,51.05, 51.60,51.45,51.57,88444,45.61,1307, 34323, 38.81,0.3880760707340238,2022-06-28
UMANGDAIRY, EQ, 28-Jun-2022,49.05,49.7,50.65,49.35, 50.00,50.5,49.76,2664,1.33,65, 2070, 77.70,0.777027027027027,2022-06-28
UNICHEMLAB, EQ, 28-Jun-2022,237.1,238.3,241.0,236.0, 240.50,240.15,238.77,12771,30.49,875, 8576, 67.15,0.6715214157074623,2022-06-28
UNIDT, EQ, 28-Jun-2022,389.15,386.7,397.9,383.0, 392.50,395.05,393.41,15801,62.16,1315, 7731, 48.93,0.48927283083349155,2022-06-28
UNIENTER, EQ, 28-Jun-2022,122.3,122.3,124.05,119.95, 123.50,122.6,122.04,7277,8.88,239, 1684, 23.14,0.23141404424900372,2022-06-28
UNIINFO, EQ, 28-Jun-2022,21.8,22.85,22.85,20.8, 22.85,22.85,21.81,4142,0.9,23, 1397, 33.73,0.3372766779333655,2022-06-28
UNIONBANK, EQ, 28-Jun-2022,34.9,34.9,35.2,34.7, 35.00,35.0,34.92,3681275,1285.59,7014, 1576424, 42.82,0.42822772001548376,2022-06-28
UNITECH, BZ, 28-Jun-2022,1.75,1.75,1.8,1.7, 1.80,1.75,1.76,1583124,27.85,517, -, -,,2022-06-28
UNITEDPOLY, EQ, 28-Jun-2022,55.35,58.1,58.1,52.6, 52.60,52.6,54.33,233035,126.62,815, 195548, 83.91,0.8391357521402364,2022-06-28
UNITEDTEA, EQ, 28-Jun-2022,343.15,339.85,345.2,338.65, 340.00,341.0,342.26,1721,5.89,44, 638, 37.07,0.37071470075537477,2022-06-28
UNIVASTU, EQ, 28-Jun-2022,62.1,60.9,74.5,60.9, 67.50,68.55,71.81,405578,291.26,4622, 71961, 17.74,0.177428262874219,2022-06-28
UNIVCABLES, EQ, 28-Jun-2022,140.75,140.1,147.95,138.0, 147.50,146.85,144.73,17462,25.27,350, 14038, 80.39,0.803917077081663,2022-06-28
UNIVPHOTO, EQ, 28-Jun-2022,516.1,525.25,529.6,510.05, 526.00,521.0,520.25,457,2.38,116, 190, 41.58,0.41575492341356673,2022-06-28
UPL, EQ, 28-Jun-2022,657.1,651.1,665.5,647.65, 657.65,656.0,658.82,2692035,17735.56,48826, 1178000, 43.76,0.43758717847279105,2022-06-28
URJA, EQ, 28-Jun-2022,12.25,12.2,12.25,11.9, 12.15,12.1,12.07,985656,118.98,4016, 563703, 57.19,0.571906425771263,2022-06-28
USHAMART, EQ, 28-Jun-2022,118.75,118.5,125.0,116.4, 122.00,121.95,121.75,1286118,1565.78,14788, 529858, 41.20,0.4119824152993738,2022-06-28
UTIAMC, EQ, 28-Jun-2022,642.45,646.6,647.75,628.05, 645.00,645.25,637.84,44859,286.13,3190, 18063, 40.27,0.40266167324282753,2022-06-28
UTIBANKETF, EQ, 28-Jun-2022,34.04,33.9,34.32,33.85, 34.25,33.96,33.96,1908,0.65,40, 1790, 93.82,0.9381551362683438,2022-06-28
UTINEXT50, EQ, 28-Jun-2022,38.83,39.2,39.2,38.11, 38.86,38.85,38.61,12829,4.95,139, 10968, 85.49,0.8549380310234624,2022-06-28
UTINIFTETF, EQ, 28-Jun-2022,1677.96,1680.0,1680.0,1663.53, 1678.98,1678.88,1672.38,505,8.45,76, 385, 76.24,0.7623762376237624,2022-06-28
UTISENSETF, EQ, 28-Jun-2022,562.43,562.3,565.98,556.13, 562.20,562.2,560.09,309,1.73,56, 255, 82.52,0.8252427184466019,2022-06-28
UTISXN50, EQ, 28-Jun-2022,44.99,45.89,45.89,44.11, 45.05,45.05,44.79,186,0.08,28, 158, 84.95,0.8494623655913979,2022-06-28
UTTAMSTL, BE, 28-Jun-2022,3.7,3.8,3.8,3.65, 3.75,3.75,3.74,119856,4.48,244, -, -,,2022-06-28
UTTAMSUGAR, EQ, 28-Jun-2022,246.15,245.0,250.5,242.55, 246.25,247.9,247.31,89992,222.56,2942, 25532, 28.37,0.28371410792070406,2022-06-28
V2RETAIL, EQ, 28-Jun-2022,108.65,109.0,109.0,106.1, 108.00,107.95,108.15,13541,14.64,304, 9836, 72.64,0.72638652979839,2022-06-28
VADILALIND, EQ, 28-Jun-2022,2006.15,2050.0,2165.0,2012.75, 2156.00,2143.1,2122.04,93111,1975.86,11734, 16361, 17.57,0.17571500681981722,2022-06-28
VAIBHAVGBL, EQ, 28-Jun-2022,309.35,311.85,312.6,303.55, 306.50,305.05,307.71,171517,527.78,8507, 81421, 47.47,0.4747109615956436,2022-06-28
VAISHALI, EQ, 28-Jun-2022,82.25,81.0,85.95,79.1, 82.20,82.6,82.9,49194,40.78,455, 26352, 53.57,0.535675082327113,2022-06-28
VAKRANGEE, EQ, 28-Jun-2022,25.95,25.95,27.1,25.4, 26.30,26.5,26.02,2790371,726.14,5828, 1247888, 44.72,0.4472122165833862,2022-06-28
VALIANTORG, EQ, 28-Jun-2022,576.9,575.9,582.8,560.45, 564.00,563.9,568.94,148393,844.26,9011, 27385, 18.45,0.18454374532491424,2022-06-28
VARDHACRLC, EQ, 28-Jun-2022,50.95,50.5,50.8,49.2, 50.15,49.95,49.87,19134,9.54,419, 13838, 72.32,0.723215218981917,2022-06-28
VARDMNPOLY, EQ, 28-Jun-2022,21.75,21.9,21.95,20.6, 21.00,21.25,21.48,26683,5.73,176, 18981, 71.14,0.7113517970243226,2022-06-28
VARROC, EQ, 28-Jun-2022,307.0,306.0,308.45,302.2, 304.10,304.8,305.5,85840,262.24,4573, 27963, 32.58,0.32575722273998137,2022-06-28
VASCONEQ, EQ, 28-Jun-2022,21.2,21.0,21.45,20.8, 21.40,21.25,21.16,93045,19.68,601, 46698, 50.19,0.5018861841044656,2022-06-28
VASWANI, EQ, 28-Jun-2022,20.75,20.7,20.75,20.0, 20.00,20.1,20.3,53196,10.8,521, 25692, 48.30,0.48296864425896685,2022-06-28
VBL, EQ, 28-Jun-2022,776.35,777.95,788.7,768.45, 782.00,779.95,775.03,639078,4953.04,19322, 343039, 53.68,0.5367717242652696,2022-06-28
VCL, EQ, 28-Jun-2022,12.75,12.15,12.15,12.15, 12.15,12.15,12.15,70369,8.55,420, 70369, 100.00,1.0,2022-06-28
VEDL, EQ, 28-Jun-2022,227.8,226.9,235.75,222.0, 235.40,234.8,228.69,23261360,53196.77,141299, 8528795, 36.67,0.3666507461300629,2022-06-28
VENKEYS, EQ, 28-Jun-2022,1906.5,1906.5,1915.0,1886.25, 1900.00,1899.2,1898.36,9088,172.52,2040, 3231, 35.55,0.3555237676056338,2022-06-28
VENUSPIPES, EQ, 28-Jun-2022,326.35,327.95,363.0,327.65, 332.00,330.3,335.76,465963,1564.5,8949, 274274, 58.86,0.5886175511789563,2022-06-28
VENUSREM, EQ, 28-Jun-2022,210.7,210.8,215.3,207.55, 209.05,209.5,210.96,29431,62.09,1552, 16061, 54.57,0.5457171010159356,2022-06-28
VERANDA, EQ, 28-Jun-2022,237.15,242.0,243.05,231.35, 233.00,234.35,235.81,78480,185.07,1892, 45709, 58.24,0.5824286442405708,2022-06-28
VERTOZ, EQ, 28-Jun-2022,90.7,95.0,101.55,88.0, 90.80,90.9,95.25,381304,363.19,5107, 121143, 31.77,0.31770713131779366,2022-06-28
VESUVIUS, EQ, 28-Jun-2022,1021.4,1028.85,1050.0,1026.0, 1046.00,1047.15,1044.85,27345,285.71,512, 25197, 92.14,0.9214481623697203,2022-06-28
VETO, EQ, 28-Jun-2022,84.35,85.0,85.45,83.35, 84.60,84.8,84.49,16568,14.0,279, 11408, 68.86,0.6885562530178657,2022-06-28
VGUARD, EQ, 28-Jun-2022,221.95,218.4,221.85,215.2, 215.45,215.65,218.16,391677,854.49,6207, 229326, 58.55,0.5854977443148308,2022-06-28
VHL, EQ, 28-Jun-2022,2778.2,2709.35,2798.65,2709.35, 2778.00,2761.4,2768.41,257,7.11,103, 187, 72.76,0.7276264591439688,2022-06-28
VICEROY, BZ, 28-Jun-2022,2.25,2.35,2.35,2.2, 2.25,2.25,2.29,62159,1.42,71, -, -,,2022-06-28
VIDHIING, EQ, 28-Jun-2022,391.95,393.95,407.9,386.1, 404.10,398.2,393.71,18263,71.9,1319, 10727, 58.74,0.5873624267644966,2022-06-28
VIJAYA, EQ, 28-Jun-2022,329.6,332.0,349.4,328.45, 332.00,332.65,337.37,274871,927.33,13491, 119862, 43.61,0.4360663729531307,2022-06-28
VIJIFIN, EQ, 28-Jun-2022,3.1,3.35,3.4,3.05, 3.40,3.4,3.36,293168,9.86,271, 213735, 72.91,0.7290529662173225,2022-06-28
VIKASECO, EQ, 28-Jun-2022,3.7,3.7,3.75,3.6, 3.75,3.7,3.7,3266904,120.85,1852, 1669778, 51.11,0.511119396223458,2022-06-28
VIKASLIFE, BE, 28-Jun-2022,5.55,5.5,5.6,5.35, 5.50,5.5,5.45,2987061,162.79,3418, -, -,,2022-06-28
VIKASPROP, EQ, 28-Jun-2022,1.5,1.5,1.55,1.45, 1.45,1.5,1.49,627297,9.38,7013, 452774, 72.18,0.7217856932202769,2022-06-28
VIKASWSP, BZ, 28-Jun-2022,2.3,2.35,2.35,2.25, 2.30,2.3,2.3,64908,1.49,125, -, -,,2022-06-28
VIMTALABS, EQ, 28-Jun-2022,347.05,351.0,379.9,348.3, 372.00,371.8,368.16,130622,480.9,6774, 48284, 36.96,0.36964676700708915,2022-06-28
VINATIORGA, EQ, 28-Jun-2022,1866.5,1875.0,1965.0,1835.0, 1960.00,1936.75,1900.79,41520,789.21,6863, 18050, 43.47,0.43473025048169556,2022-06-28
VINDHYATEL, EQ, 28-Jun-2022,948.6,950.5,984.4,946.55, 982.00,976.45,964.86,5659,54.6,749, 2986, 52.77,0.5276550627319314,2022-06-28
VINEETLAB, EQ, 28-Jun-2022,59.7,59.5,62.0,59.25, 62.00,60.5,60.05,6849,4.11,128, 4782, 69.82,0.6982041173893999,2022-06-28
VINYLINDIA, EQ, 28-Jun-2022,262.75,261.0,268.9,260.05, 265.00,265.1,265.16,30184,80.04,1565, 10743, 35.59,0.3559170421415319,2022-06-28
VIPCLOTHNG, EQ, 28-Jun-2022,22.85,22.35,23.15,22.05, 22.40,22.3,22.3,49853,11.12,306, 32407, 65.01,0.6500511503821235,2022-06-28
VIPIND, EQ, 28-Jun-2022,634.9,638.1,645.0,625.0, 633.50,637.1,635.17,211495,1343.35,7558, 89559, 42.35,0.42345681931014917,2022-06-28
VIPULLTD, EQ, 28-Jun-2022,17.0,17.35,17.4,16.85, 17.30,17.3,17.3,361920,62.61,32, 361483, 99.88,0.9987925508399647,2022-06-28
VISAKAIND, EQ, 28-Jun-2022,481.05,478.0,483.9,476.7, 482.00,481.45,480.65,6963,33.47,254, 6192, 88.93,0.8892718655751831,2022-06-28
VISASTEEL, EQ, 28-Jun-2022,12.35,12.4,12.95,12.05, 12.95,12.95,12.71,28419,3.61,173, 23320, 82.06,0.8205777824694747,2022-06-28
VISESHINFO, EQ, 28-Jun-2022,0.75,0.7,0.75,0.7, 0.75,0.75,0.72,6418404,46.0,4673, 6019256, 93.78,0.9378119544983456,2022-06-28
VISHAL, EQ, 28-Jun-2022,28.7,29.55,29.55,28.1, 28.40,28.4,28.5,45714,13.03,682, 30185, 66.03,0.6603010018812617,2022-06-28
VISHNU, EQ, 28-Jun-2022,1525.15,1548.0,1548.0,1459.1, 1468.00,1470.3,1484.83,10493,155.8,1955, 5617, 53.53,0.5353092537882398,2022-06-28
VISHWARAJ, EQ, 28-Jun-2022,16.55,16.4,16.55,16.2, 16.55,16.5,16.44,221870,36.47,1202, 152491, 68.73,0.6872988687069005,2022-06-28
VIVIDHA, EQ, 28-Jun-2022,1.6,1.55,1.6,1.5, 1.55,1.5,1.52,852920,13.0,1659, 514212, 60.29,0.6028842095389955,2022-06-28
VIVIMEDLAB, EQ, 28-Jun-2022,11.15,11.7,11.7,10.6, 10.60,10.6,10.93,371696,40.63,675, 295516, 79.50,0.7950475657526581,2022-06-28
VLSFINANCE, EQ, 28-Jun-2022,144.95,145.5,146.55,143.05, 146.55,145.6,145.05,9091,13.19,283, 6360, 69.96,0.6995930040699593,2022-06-28
VMART, EQ, 28-Jun-2022,2457.35,2459.0,2525.0,2437.4, 2480.00,2489.15,2486.73,25609,636.83,4825, 12844, 50.15,0.5015424264906869,2022-06-28
VOLTAMP, EQ, 28-Jun-2022,2766.2,2750.0,2812.4,2719.1, 2786.00,2792.5,2772.6,85545,2371.82,11034, 32138, 37.57,0.3756853118241861,2022-06-28
VOLTAS, EQ, 28-Jun-2022,981.75,970.0,989.8,960.1, 976.85,976.15,975.21,992871,9682.54,26614, 380949, 38.37,0.3836842852696876,2022-06-28
VRLLOG, EQ, 28-Jun-2022,619.8,610.0,646.0,607.1, 625.00,624.45,630.25,452613,2852.61,20298, 106335, 23.49,0.234935806085994,2022-06-28
VSSL, EQ, 28-Jun-2022,223.05,218.55,233.05,218.55, 232.40,231.65,227.93,20752,47.3,935, 11970, 57.68,0.5768118735543563,2022-06-28
VSTIND, EQ, 28-Jun-2022,3057.6,3072.5,3088.0,3003.35, 3060.00,3061.8,3055.74,3364,102.8,662, 2784, 82.76,0.8275862068965517,2022-06-28
VSTTILLERS, EQ, 28-Jun-2022,2564.35,2577.2,2577.2,2511.05, 2538.00,2561.8,2545.06,2429,61.82,654, 903, 37.18,0.37175792507204614,2022-06-28
VTL, EQ, 28-Jun-2022,280.8,281.45,281.45,268.3, 272.00,272.3,272.45,614949,1675.45,23686, 287073, 46.68,0.466824078094281,2022-06-28
WABAG, EQ, 28-Jun-2022,233.75,232.0,233.8,228.7, 231.70,231.0,231.03,71248,164.6,3386, 31739, 44.55,0.4454721536043117,2022-06-28
WALCHANNAG, EQ, 28-Jun-2022,51.6,51.8,52.3,51.05, 51.35,51.35,51.49,23630,12.17,369, 12397, 52.46,0.5246297079983072,2022-06-28
WANBURY, BE, 28-Jun-2022,65.7,64.35,67.35,63.05, 66.00,66.8,65.18,77584,50.57,255, -, -,,2022-06-28
WATERBASE, EQ, 28-Jun-2022,74.45,75.0,75.0,73.1, 73.75,73.85,73.87,19713,14.56,461, 6569, 33.32,0.3332318774412824,2022-06-28
WEALTH, EQ, 28-Jun-2022,239.75,230.0,250.85,228.15, 250.85,250.85,239.65,87,0.21,6, 1, 1.15,0.011494252873563218,2022-06-28
WEBELSOLAR, EQ, 28-Jun-2022,88.45,92.85,92.85,84.5, 88.00,86.85,88.73,415119,368.35,4469, 163074, 39.28,0.3928367528347293,2022-06-28
WEIZMANIND, EQ, 28-Jun-2022,46.2,46.7,48.0,46.0, 47.40,46.85,46.99,2134,1.0,67, 538, 25.21,0.2521087160262418,2022-06-28
WELCORP, EQ, 28-Jun-2022,222.95,217.5,229.0,216.2, 225.50,227.5,223.93,1746913,3911.84,20071, 399634, 22.88,0.22876582863599962,2022-06-28
WELENT, EQ, 28-Jun-2022,95.0,94.7,98.55,91.55, 98.05,96.75,94.15,563343,530.4,6753, 305947, 54.31,0.543091864104107,2022-06-28
WELINV, EQ, 28-Jun-2022,279.05,283.85,284.0,274.0, 282.00,281.45,280.45,768,2.15,47, 478, 62.24,0.6223958333333334,2022-06-28
WELSPUNIND, EQ, 28-Jun-2022,76.85,76.75,76.75,71.6, 72.05,72.05,72.87,3160042,2302.81,27904, 1497253, 47.38,0.47380794305898466,2022-06-28
WENDT, EQ, 28-Jun-2022,8718.2,8800.0,9195.55,8800.0, 9170.00,9093.6,9051.81,12342,1117.17,4716, 2437, 19.75,0.1974558418408686,2022-06-28
WESTLIFE, EQ, 28-Jun-2022,473.4,470.0,480.8,467.8, 480.50,477.4,476.18,70702,336.67,2880, 56594, 80.05,0.8004582614353201,2022-06-28
WEWIN, EQ, 28-Jun-2022,36.85,37.95,37.95,35.05, 37.25,36.5,36.56,3298,1.21,104, 1421, 43.09,0.43086719223771985,2022-06-28
WFL, EQ, 28-Jun-2022,139.45,136.15,145.0,134.95, 139.90,139.9,139.87,304,0.43,67, 37, 12.17,0.12171052631578948,2022-06-28
WHEELS, EQ, 28-Jun-2022,591.65,604.95,620.45,597.95, 610.95,607.5,610.91,25750,157.31,1947, 11120, 43.18,0.4318446601941748,2022-06-28
WHIRLPOOL, EQ, 28-Jun-2022,1542.4,1542.4,1555.0,1519.15, 1537.35,1537.5,1538.47,120156,1848.57,14072, 32748, 27.25,0.2725456906022171,2022-06-28
WILLAMAGOR, EQ, 28-Jun-2022,17.7,17.55,18.6,17.3, 18.40,18.25,18.14,5727,1.04,59, 3637, 63.51,0.6350619870787498,2022-06-28
WINDLAS, EQ, 28-Jun-2022,222.75,222.5,225.0,219.0, 225.00,222.1,220.73,9257,20.43,413, 4611, 49.81,0.4981095387274495,2022-06-28
WINDMACHIN, EQ, 28-Jun-2022,32.8,32.55,32.7,31.85, 32.45,32.3,32.24,13672,4.41,176, 9105, 66.60,0.6659596255119953,2022-06-28
WINPRO, EQ, 28-Jun-2022,4.45,4.55,4.55,4.3, 4.50,4.45,4.46,109279,4.88,204, 66753, 61.08,0.610849294008913,2022-06-28
WIPL, BE, 28-Jun-2022,51.55,50.55,54.0,50.55, 54.00,54.0,54.0,7979,4.31,7, -, -,,2022-06-28
WIPRO, EQ, 28-Jun-2022,424.9,422.0,429.1,415.7, 427.00,427.25,422.49,6045914,25543.27,84342, 2583468, 42.73,0.4273080960132744,2022-06-28
WOCKPHARMA, EQ, 28-Jun-2022,221.55,219.95,221.0,211.1, 212.45,212.65,214.03,1435565,3072.57,13985, 535623, 37.31,0.37310954223598375,2022-06-28
WONDERLA, EQ, 28-Jun-2022,222.7,222.0,234.0,219.75, 233.40,232.65,227.16,52024,118.18,4029, 26894, 51.70,0.5169537136706136,2022-06-28
WORTH, EQ, 28-Jun-2022,95.1,96.5,99.5,95.1, 99.45,99.15,98.04,9703,9.51,223, 5688, 58.62,0.5862104503761724,2022-06-28
WSTCSTPAPR, EQ, 28-Jun-2022,319.4,319.4,329.4,317.1, 329.00,328.2,325.43,575032,1871.34,12186, 218683, 38.03,0.3802970965094116,2022-06-28
XCHANGING, EQ, 28-Jun-2022,59.7,60.0,60.1,58.25, 59.70,59.45,59.35,142319,84.46,2678, 56709, 39.85,0.3984640139405139,2022-06-28
XELPMOC, EQ, 28-Jun-2022,179.65,179.15,184.0,170.4, 173.00,172.5,174.79,13853,24.21,749, 9350, 67.49,0.6749440554392551,2022-06-28
XPROINDIA, BE, 28-Jun-2022,1144.4,1187.0,1201.0,1144.4, 1200.00,1195.05,1182.18,15486,183.07,1664, -, -,,2022-06-28
YAARI, EQ, 28-Jun-2022,28.75,28.85,31.6,28.65, 31.60,31.6,31.17,533423,166.26,2259, 180784, 33.89,0.33891302024847075,2022-06-28
YESBANK, EQ, 28-Jun-2022,12.85,12.85,12.9,12.65, 12.90,12.85,12.79,33141182,4239.62,36705, 12924789, 39.00,0.38999179329210404,2022-06-28
YUKEN, EQ, 28-Jun-2022,437.15,430.65,440.0,426.9, 439.00,438.7,433.61,152953,663.21,333, 151598, 99.11,0.9911410694788595,2022-06-28
ZEEL, EQ, 28-Jun-2022,222.1,221.6,221.6,215.25, 216.70,217.25,217.22,6991281,15186.36,40306, 2695861, 38.56,0.38560329644881963,2022-06-28
ZEELEARN, EQ, 28-Jun-2022,6.2,6.15,6.2,5.95, 6.10,6.05,6.06,826892,50.14,938, 420293, 50.83,0.5082804042124002,2022-06-28
ZEEMEDIA, EQ, 28-Jun-2022,14.2,14.4,14.5,13.55, 14.05,14.0,14.08,1090083,153.43,3099, 646981, 59.35,0.5935153561701265,2022-06-28
ZENITHEXPO, EQ, 28-Jun-2022,73.45,73.4,73.4,72.7, 72.70,72.7,73.0,425,0.31,7, 423, 99.53,0.9952941176470588,2022-06-28
ZENITHSTL, BE, 28-Jun-2022,7.45,7.1,7.1,7.1, 7.10,7.1,7.1,232912,16.54,606, -, -,,2022-06-28
ZENSARTECH, EQ, 28-Jun-2022,278.2,276.0,276.0,269.0, 271.25,270.65,271.34,456976,1239.95,16286, 241138, 52.77,0.5276819789223066,2022-06-28
ZENTEC, EQ, 28-Jun-2022,174.55,174.5,175.5,172.0, 174.15,173.2,173.81,42297,73.52,1562, 25533, 60.37,0.6036598340307823,2022-06-28
ZFCVINDIA, EQ, 28-Jun-2022,7299.3,7255.0,7445.0,7240.55, 7445.00,7342.85,7335.52,8539,626.38,3453, 6677, 78.19,0.7819416793535543,2022-06-28
ZODIAC, BE, 28-Jun-2022,106.65,110.4,110.4,104.2, 106.10,108.0,108.02,7136,7.71,335, -, -,,2022-06-28
ZODIACLOTH, EQ, 28-Jun-2022,86.2,86.9,87.25,84.25, 84.75,85.1,85.2,3199,2.73,210, 1930, 60.33,0.6033135354798375,2022-06-28
ZOMATO, EQ, 28-Jun-2022,65.85,65.7,65.7,59.65, 60.55,60.3,61.26,120959477,74103.45,290221, 27909798, 23.07,0.23073676153543554,2022-06-28
ZOTA, EQ, 28-Jun-2022,269.65,268.0,268.0,259.95, 262.00,263.8,262.99,9886,26.0,498, 3945, 39.90,0.3990491604288893,2022-06-28
ZUARI, EQ, 28-Jun-2022,152.15,151.65,157.0,150.0, 150.80,151.7,153.75,296523,455.89,9503, 82338, 27.77,0.27767829139729466,2022-06-28
ZUARIGLOB, EQ, 28-Jun-2022,158.75,160.95,169.85,152.9, 154.50,155.8,161.65,454621,734.88,11933, 109606, 24.11,0.24109313032174054,2022-06-28
ZYDUSLIFE, EQ, 28-Jun-2022,353.9,353.0,358.55,349.2, 357.30,357.75,353.81,657485,2326.24,8725, 187291, 28.49,0.2848597306402427,2022-06-28
ZYDUSWELL, EQ, 28-Jun-2022,1565.1,1561.65,1572.95,1552.3, 1572.95,1568.7,1562.8,2613,40.84,815, 1339, 51.24,0.5124378109452736,2022-06-28
