SYMBOL,SERIES,DATE1,PREV_CLOSE,OPEN_PRICE,HIGH_PRICE,LOW_PRICE,LAST_PRICE,CLOSE_PRICE,AVG_PRICE,TTL_TRD_QNTY,TURNOVER_LACS,NO_OF_TRADES,DELIV_QTY,DELIV_PER,DELIVERY_PCT,DATE
20MICRONS, EQ, 14-Jul-2025,223.66,224.0,224.57,221.25,223.3,223.42,222.86,57629,128.43,1531, 28189, 48.91,0.48914608964236755,2025-07-14
21STCENMGM, EQ, 14-Jul-2025,60.66,60.31,60.66,59.44,59.44,59.44,59.54,4765,2.84,113, 4530, 95.07,0.950682056663169,2025-07-14
360ONE, EQ, 14-Jul-2025,1194.0,1191.1,1206.0,1176.4,1188.0,1188.2,1188.41,584814,6950.0,45736, 344175, 58.85,0.5885204526567421,2025-07-14
3IINFOLTD, EQ, 14-Jul-2025,23.8,23.8,24.0,23.43,23.55,23.53,23.6,381356,89.98,2030, 221426, 58.06,0.580628074555009,2025-07-14
3MINDIA, EQ, 14-Jul-2025,29700.0,29615.0,29850.0,29310.0,29700.0,29690.0,29608.54,2818,834.37,1745, 1430, 50.75,0.5074520936834634,2025-07-14
3PLAND, EQ, 14-Jul-2025,49.2,48.8,49.79,48.51,49.79,48.74,49.11,4019,1.97,223, 2350, 58.47,0.5847225678029361,2025-07-14
5PAISA, EQ, 14-Jul-2025,399.25,401.0,412.0,396.0,401.05,401.5,400.08,25974,103.92,1703, 10015, 38.56,0.3855778855778856,2025-07-14
63MOONS, EQ, 14-Jul-2025,1079.2,1065.0,1098.0,1053.0,1074.6,1081.1,1074.62,298397,3206.64,10746, 123783, 41.48,0.4148265565672577,2025-07-14
A2ZINFRA, BE, 14-Jul-2025,19.97,20.25,20.5,19.98,20.1,20.1,20.16,252192,50.84,266, -, -,,2025-07-14
AAATECH, EQ, 14-Jul-2025,81.95,81.95,83.29,81.62,82.55,82.34,82.24,5484,4.51,286, 3072, 56.02,0.5601750547045952,2025-07-14
AADHARHFC, EQ, 14-Jul-2025,451.7,455.75,461.05,448.5,459.5,459.95,457.8,717536,3284.89,17994, 460727, 64.21,0.6420960063327833,2025-07-14
AAKASH, BE, 14-Jul-2025,10.05,9.95,10.15,9.9,10.01,10.03,10.01,133122,13.33,555, -, -,,2025-07-14
AAREYDRUGS, BE, 14-Jul-2025,71.0,70.0,70.0,69.58,69.58,69.58,69.61,8377,5.83,34, -, -,,2025-07-14
AARON, EQ, 14-Jul-2025,361.05,365.0,365.05,346.0,349.55,349.45,353.24,29224,103.23,1617, 19973, 68.34,0.683445113605256,2025-07-14
AARTECH, EQ, 14-Jul-2025,70.51,70.93,72.01,69.13,69.85,70.47,70.64,182119,128.65,2523, 54188, 29.75,0.29754171722884487,2025-07-14
AARTIDRUGS, EQ, 14-Jul-2025,473.6,475.9,482.5,471.05,481.6,480.75,476.95,84053,400.89,4558, 36861, 43.85,0.43854472773131237,2025-07-14
AARTIIND, EQ, 14-Jul-2025,441.0,439.0,447.9,436.5,443.25,443.3,443.43,777134,3446.05,20125, 232401, 29.90,0.299048812688674,2025-07-14
AARTIPHARM, EQ, 14-Jul-2025,927.2,927.2,946.4,912.0,931.3,932.8,933.9,345526,3226.86,23557, 125263, 36.25,0.36252843490793746,2025-07-14
AARTISURF, BE, 14-Jul-2025,545.4,554.9,554.9,531.35,549.0,540.85,540.62,4918,26.59,221, -, -,,2025-07-14
AARVEEDEN, BE, 14-Jul-2025,154.41,155.92,156.0,155.5,156.0,156.0,155.92,15032,23.44,69, -, -,,2025-07-14
AARVI, EQ, 14-Jul-2025,108.35,108.95,110.38,107.0,107.45,107.28,107.6,14567,15.67,464, 9855, 67.65,0.6765291412095833,2025-07-14
AAVAS, EQ, 14-Jul-2025,2009.2,1961.1,2013.9,1949.6,1985.5,1988.9,1977.06,212054,4192.44,17819, 97055, 45.77,0.45769002235279693,2025-07-14
ABAN, EQ, 14-Jul-2025,52.94,53.74,53.74,51.15,52.0,51.85,52.01,81914,42.6,1415, 49224, 60.09,0.6009229191591181,2025-07-14
ABB, EQ, 14-Jul-2025,5756.5,5756.5,5782.5,5577.0,5650.5,5647.5,5656.81,456678,25833.39,53795, 284348, 62.26,0.6226444015258016,2025-07-14
ABBOTINDIA, EQ, 14-Jul-2025,34420.0,34330.0,34500.0,34190.0,34340.0,34295.0,34343.29,2513,863.05,1426, 1123, 44.69,0.44687624353362515,2025-07-14
ABCAPITAL, EQ, 14-Jul-2025,269.45,268.0,273.15,267.65,271.0,271.5,270.87,2037858,5519.87,19912, 840954, 41.27,0.4126656518756459,2025-07-14
ABDL, EQ, 14-Jul-2025,447.25,451.0,491.95,445.05,486.0,486.45,469.87,1955511,9188.28,47155, 737856, 37.73,0.3773213241960797,2025-07-14
ABFRL, EQ, 14-Jul-2025,76.85,76.85,77.39,76.06,76.81,76.6,76.76,4710275,3615.5,20543, 2332725, 49.52,0.49524178524608437,2025-07-14
ABGSEC, EQ, 14-Jul-2025,110.3,109.86,110.49,109.85,110.39,110.39,110.42,1346,1.49,24, 1290, 95.84,0.9583952451708767,2025-07-14
ABINFRA, BE, 14-Jul-2025,169.99,169.99,174.0,168.95,174.0,173.94,173.06,30352,52.53,272, -, -,,2025-07-14
ABLBL, EQ, 14-Jul-2025,158.75,160.0,160.37,155.8,155.99,156.46,157.04,2137838,3357.2,29146, 1336115, 62.50,0.6249842130226893,2025-07-14
ABMINTLLTD, BE, 14-Jul-2025,60.38,62.0,63.39,62.0,63.39,63.39,63.13,4323,2.73,60, -, -,,2025-07-14
ABREL, EQ, 14-Jul-2025,2200.9,2201.0,2243.0,2190.2,2234.0,2231.6,2218.46,85595,1898.89,12426, 37585, 43.91,0.4391027513289328,2025-07-14
ABSLAMC, EQ, 14-Jul-2025,844.3,844.95,854.6,838.0,850.9,850.05,845.73,264256,2234.9,24528, 129308, 48.93,0.48932852991038994,2025-07-14
ABSLBANETF, EQ, 14-Jul-2025,57.93,58.21,58.34,57.64,57.76,57.8,57.66,527095,303.94,348, 520123, 98.68,0.9867727828949241,2025-07-14
ABSLLIQUID, EQ, 14-Jul-2025,999.99,999.99,1000.01,999.99,999.99,999.99,1000.0,7461,74.61,61, 5352, 71.73,0.717330116606353,2025-07-14
ABSLNN50ET, EQ, 14-Jul-2025,70.71,69.7,71.6,69.7,71.44,70.85,71.04,12483,8.87,342, 5550, 44.46,0.44460466234078344,2025-07-14
ABSLPSE, EQ, 14-Jul-2025,10.26,10.51,10.51,10.1,10.2,10.23,10.23,114987,11.77,580, 47282, 41.12,0.41119430892187814,2025-07-14
ACC, EQ, 14-Jul-2025,1982.5,1974.0,1987.9,1963.3,1976.0,1977.9,1975.08,236099,4663.15,14492, 107185, 45.40,0.45398328667211635,2025-07-14
ACCELYA, EQ, 14-Jul-2025,1393.9,1386.0,1400.0,1379.9,1386.0,1386.5,1388.48,6370,88.45,1294, 3914, 61.44,0.6144427001569859,2025-07-14
ACCURACY, EQ, 14-Jul-2025,7.83,7.85,7.89,7.75,7.8,7.79,7.8,227978,17.78,604, 177970, 78.06,0.7806455008816641,2025-07-14
ACE, EQ, 14-Jul-2025,1196.2,1197.9,1199.0,1176.6,1180.0,1179.8,1182.82,109723,1297.82,9945, 62550, 57.01,0.5700719083510294,2025-07-14
ACEINTEG, EQ, 14-Jul-2025,26.16,26.81,26.99,25.57,25.57,26.11,26.4,3811,1.01,143, 2254, 59.14,0.5914458147467856,2025-07-14
ACI, EQ, 14-Jul-2025,673.2,675.0,689.6,661.1,684.0,687.1,679.16,249485,1694.39,13856, 132158, 52.97,0.5297232298534982,2025-07-14
ACL, EQ, 14-Jul-2025,66.63,66.03,68.5,65.96,67.5,67.62,67.4,31721,21.38,701, 23175, 73.06,0.7305885690867249,2025-07-14
ACLGATI, EQ, 14-Jul-2025,68.45,68.5,69.22,67.6,68.0,67.8,68.04,200333,136.31,1772, 99151, 49.49,0.4949309399849251,2025-07-14
ACMESOLAR, EQ, 14-Jul-2025,295.39,295.78,303.52,287.5,290.79,291.47,294.93,3758494,11084.94,50244, 1095138, 29.14,0.29137681209548294,2025-07-14
ACUTAAS, EQ, 14-Jul-2025,1146.4,1141.6,1173.2,1125.0,1154.8,1148.2,1153.73,387401,4469.56,42284, 228043, 58.86,0.5886484547019755,2025-07-14
ADANIENSOL, EQ, 14-Jul-2025,874.05,876.8,886.55,867.3,878.85,880.5,878.18,857740,7532.46,23491, 275434, 32.11,0.32111595588406744,2025-07-14
ADANIENT, EQ, 14-Jul-2025,2558.7,2555.0,2604.8,2543.5,2578.0,2581.3,2576.63,536585,13825.8,34764, 174982, 32.61,0.3261030405248004,2025-07-14
ADANIGREEN, EQ, 14-Jul-2025,995.2,995.8,1036.0,994.2,1025.0,1025.9,1019.45,5134094,52339.42,90679, 1690284, 32.92,0.32922731839346925,2025-07-14
ADANIPORTS, EQ, 14-Jul-2025,1431.7,1432.0,1446.5,1426.1,1433.0,1433.0,1434.71,718442,10307.54,34508, 359661, 50.06,0.5006124363553356,2025-07-14
ADANIPOWER, EQ, 14-Jul-2025,603.95,604.1,619.3,602.25,609.1,609.55,611.23,7403596,45253.18,85309, 1986218, 26.83,0.26827746948915093,2025-07-14
ADFFOODS, EQ, 14-Jul-2025,264.15,264.0,264.0,256.0,259.6,258.4,259.06,60694,157.23,3167, 29325, 48.32,0.4831614327610637,2025-07-14
ADL, BE, 14-Jul-2025,91.44,90.0,90.0,90.0,90.0,90.0,90.0,1,0.0,1, -, -,,2025-07-14
ADOR, EQ, 14-Jul-2025,1103.3,1109.0,1109.0,1077.9,1087.4,1082.6,1084.48,5983,64.88,1146, 3345, 55.91,0.5590840715360187,2025-07-14
ADROITINFO, EQ, 14-Jul-2025,11.02,11.09,11.09,10.82,11.08,11.03,10.99,44802,4.92,429, 17868, 39.88,0.3988214811838757,2025-07-14
ADSL, EQ, 14-Jul-2025,178.2,179.19,187.85,179.09,183.3,183.8,185.08,440097,814.52,8681, 134812, 30.63,0.30632337870969356,2025-07-14
ADVANIHOTR, EQ, 14-Jul-2025,61.6,63.05,64.0,61.45,62.0,62.32,62.37,85113,53.08,1642, 43314, 50.89,0.5088999330302069,2025-07-14
ADVENZYMES, EQ, 14-Jul-2025,332.45,335.0,335.9,321.3,321.9,322.25,326.73,286179,935.04,12091, 164044, 57.32,0.573221654978178,2025-07-14
AEGISLOG, EQ, 14-Jul-2025,738.8,740.6,742.95,723.3,736.6,737.85,729.78,484418,3535.17,23044, 222918, 46.02,0.46017695461357755,2025-07-14
AEGISVOPAK, EQ, 14-Jul-2025,260.1,259.39,268.0,256.0,257.89,258.3,262.78,1679118,4412.35,28105, 628537, 37.43,0.3743256876526843,2025-07-14
AEROENTER, EQ, 14-Jul-2025,101.13,101.19,108.0,100.24,104.0,104.62,103.03,626186,645.17,4268, 250285, 39.97,0.3996975339595583,2025-07-14
AEROFLEX, EQ, 14-Jul-2025,198.25,196.7,210.0,195.2,210.0,207.26,201.67,2258167,4554.12,28660, 714279, 31.63,0.31630920122382444,2025-07-14
AETHER, EQ, 14-Jul-2025,778.55,777.55,783.15,770.05,774.0,776.0,774.17,65834,509.67,4861, 34118, 51.82,0.5182428532369292,2025-07-14
AFCONS, EQ, 14-Jul-2025,425.0,425.0,426.9,419.6,422.45,422.4,423.02,520914,2203.59,15409, 237318, 45.56,0.4555799997696357,2025-07-14
AFFLE, EQ, 14-Jul-2025,1987.6,1980.0,2004.0,1955.0,1957.1,1966.6,1976.23,157240,3107.42,20737, 63725, 40.53,0.4052721953701348,2025-07-14
AFFORDABLE, EQ, 14-Jul-2025,494.55,499.5,510.0,482.7,510.0,496.35,492.28,10468,51.53,875, 5385, 51.44,0.5144249140236913,2025-07-14
AFIL, EQ, 14-Jul-2025,7.29,7.39,7.39,7.16,7.22,7.26,7.23,722365,52.21,1109, 384772, 53.27,0.5326559287894624,2025-07-14
AFSL, EQ, 14-Jul-2025,253.99,255.6,259.98,249.47,255.85,253.06,253.5,35045,88.84,1297, 19421, 55.42,0.5541732058781567,2025-07-14
AGARIND, EQ, 14-Jul-2025,922.95,927.8,930.3,919.25,921.1,926.1,923.35,7946,73.37,678, 5484, 69.02,0.6901585703498616,2025-07-14
AGARWALEYE, EQ, 14-Jul-2025,427.25,423.0,440.0,422.65,427.0,427.1,427.0,229180,978.61,6412, 173419, 75.67,0.7566934287459639,2025-07-14
AGI, EQ, 14-Jul-2025,791.5,798.0,805.0,778.75,800.1,801.65,795.52,100463,799.21,8529, 56388, 56.13,0.5612812677304082,2025-07-14
AGIIL, EQ, 14-Jul-2025,1032.0,1032.5,1037.55,1002.8,1008.45,1009.9,1015.67,89048,904.43,8443, 29854, 33.53,0.335257389273201,2025-07-14
AGRITECH, EQ, 14-Jul-2025,152.58,150.0,152.28,145.66,147.53,147.56,147.89,18077,26.73,1202, 10876, 60.16,0.6016485036233888,2025-07-14
AGROPHOS, EQ, 14-Jul-2025,35.66,35.6,36.35,35.21,35.26,35.36,35.64,27336,9.74,628, 13349, 48.83,0.4883304067895815,2025-07-14
AGSTRA, BE, 14-Jul-2025,6.04,5.91,5.91,5.91,5.91,5.91,5.91,164894,9.75,408, -, -,,2025-07-14
AHLADA, EQ, 14-Jul-2025,67.18,68.18,68.18,67.01,67.11,67.38,67.57,3829,2.59,177, 2538, 66.28,0.662836249673544,2025-07-14
AHLEAST, EQ, 14-Jul-2025,160.67,158.76,163.0,155.0,155.0,159.47,160.29,14544,23.31,585, 10222, 70.28,0.7028327832783279,2025-07-14
AHLUCONT, EQ, 14-Jul-2025,983.7,984.0,1055.2,980.0,1039.9,1037.7,1029.46,349261,3595.51,22821, 75054, 21.49,0.21489373276718557,2025-07-14
AIAENG, EQ, 14-Jul-2025,3359.7,3359.7,3425.0,3330.9,3425.0,3349.6,3353.66,14149,474.51,5011, 7331, 51.81,0.5181284896459114,2025-07-14
AIIL, EQ, 14-Jul-2025,2628.6,2646.9,2690.0,2584.8,2585.0,2612.7,2629.7,179794,4728.05,12787, 37264, 20.73,0.20725941911298487,2025-07-14
AIRAN, EQ, 14-Jul-2025,30.16,30.2,30.64,29.61,29.94,29.95,30.07,158394,47.64,2840, 54257, 34.25,0.3425445408285667,2025-07-14
AIROLAM, EQ, 14-Jul-2025,118.35,115.3,119.93,115.22,116.5,116.66,117.66,7222,8.5,315, 2521, 34.91,0.3490722791470507,2025-07-14
AJANTPHARM, EQ, 14-Jul-2025,2626.5,2626.5,2688.8,2592.1,2650.0,2646.4,2626.96,446241,11722.57,23419, 375242, 84.09,0.8408953906073175,2025-07-14
AJAXENGG, EQ, 14-Jul-2025,688.25,686.0,689.85,676.0,679.0,678.4,681.31,102583,698.9,8966, 65171, 63.53,0.6353001959388983,2025-07-14
AJMERA, EQ, 14-Jul-2025,903.2,900.0,909.9,871.65,890.0,897.6,886.4,163851,1452.37,12557, 26383, 16.10,0.16101824218344715,2025-07-14
AJOONI, EQ, 14-Jul-2025,5.66,5.71,5.71,5.62,5.68,5.65,5.66,186637,10.56,536, 134015, 71.81,0.7180516189180066,2025-07-14
AKASH, EQ, 14-Jul-2025,28.15,28.6,28.6,27.8,28.09,28.06,27.91,4095,1.14,86, 3645, 89.01,0.8901098901098901,2025-07-14
AKG, EQ, 14-Jul-2025,13.85,14.1,14.1,13.01,13.36,13.32,13.49,120138,16.2,859, 62327, 51.88,0.5187950523564567,2025-07-14
AKI, BE, 14-Jul-2025,15.52,15.62,15.62,14.74,14.93,14.82,14.9,347981,51.84,1170, -, -,,2025-07-14
AKSHAR, BE, 14-Jul-2025,0.56,0.56,0.58,0.56,0.57,0.56,0.57,1279955,7.24,739, -, -,,2025-07-14
AKSHARCHEM, EQ, 14-Jul-2025,302.1,304.45,304.45,287.9,290.25,291.1,295.07,10762,31.76,643, 6903, 64.14,0.6414235272254227,2025-07-14
AKSHOPTFBR, EQ, 14-Jul-2025,8.68,8.75,8.78,8.61,8.65,8.67,8.69,257665,22.4,591, 189610, 73.59,0.7358779810994897,2025-07-14
AKUMS, EQ, 14-Jul-2025,557.95,558.95,560.0,550.0,553.0,550.8,552.85,164202,907.79,11580, 94101, 57.31,0.5730807176526473,2025-07-14
AKZOINDIA, EQ, 14-Jul-2025,3642.6,3643.0,3655.0,3606.0,3627.0,3636.2,3636.12,44670,1624.26,6494, 22690, 50.79,0.507947168121782,2025-07-14
ALANKIT, EQ, 14-Jul-2025,17.02,17.09,17.14,16.51,16.97,16.93,16.79,901961,151.45,3385, 384710, 42.65,0.4265262023524299,2025-07-14
ALBERTDAVD, EQ, 14-Jul-2025,905.6,910.1,949.85,897.5,949.85,942.0,927.43,7497,69.53,849, 4782, 63.79,0.6378551420568227,2025-07-14
ALEMBICLTD, EQ, 14-Jul-2025,117.26,117.26,118.0,115.34,117.15,117.2,116.49,366539,426.99,5660, 161795, 44.14,0.4414127828143799,2025-07-14
ALICON, EQ, 14-Jul-2025,984.15,990.0,994.0,955.0,956.0,962.35,973.83,18085,176.12,2379, 6107, 33.77,0.33768316284213434,2025-07-14
ALIVUS, EQ, 14-Jul-2025,1014.6,1011.1,1085.0,1009.1,1080.0,1072.9,1057.8,304270,3218.58,21461, 122705, 40.33,0.40327669504058894,2025-07-14
ALKALI, EQ, 14-Jul-2025,96.62,97.67,98.47,94.36,96.9,96.98,96.64,8188,7.91,514, 4690, 57.28,0.5727894479726429,2025-07-14
ALKEM, EQ, 14-Jul-2025,4806.7,4796.7,4877.7,4786.7,4856.3,4840.7,4846.79,76088,3687.82,19139, 36680, 48.21,0.482073388707812,2025-07-14
ALKYLAMINE, EQ, 14-Jul-2025,2234.2,2234.2,2269.6,2197.5,2253.0,2251.1,2241.92,66117,1482.29,11546, 22164, 33.52,0.33522392123054584,2025-07-14
ALLCARGO, EQ, 14-Jul-2025,33.83,33.82,34.0,33.28,33.91,33.67,33.55,1310200,439.57,7563, 629135, 48.02,0.4801824148984888,2025-07-14
ALLDIGI, EQ, 14-Jul-2025,949.75,949.0,957.3,940.0,945.75,950.85,946.99,5801,54.93,777, 3708, 63.92,0.6392001379072574,2025-07-14
ALMONDZ, EQ, 14-Jul-2025,23.04,22.7,23.58,22.5,22.86,22.99,23.02,268381,61.78,1064, 134755, 50.21,0.5021033530689579,2025-07-14
ALOKINDS, EQ, 14-Jul-2025,20.79,20.79,21.09,20.42,20.95,20.82,20.79,17275434,3592.08,30010, 4326345, 25.04,0.25043336103741304,2025-07-14
ALPA, EQ, 14-Jul-2025,103.78,103.79,104.34,102.21,102.75,102.92,103.11,13380,13.8,288, 10151, 75.87,0.7586696562032885,2025-07-14
ALPHA, EQ, 14-Jul-2025,50.12,50.62,50.64,49.71,50.45,50.5,50.19,1365444,685.38,4114, 781279, 57.22,0.5721794522514289,2025-07-14
ALPHAETF, EQ, 14-Jul-2025,25.24,25.55,25.55,25.04,25.39,25.34,25.19,434937,109.54,1458, 288625, 66.36,0.6636018549812961,2025-07-14
ALPHAGEO, EQ, 14-Jul-2025,286.0,288.0,288.0,278.55,283.95,283.05,282.83,4982,14.09,341, 3277, 65.78,0.6577679646728222,2025-07-14
ALPL30IETF, EQ, 14-Jul-2025,27.56,27.56,27.72,27.44,27.62,27.6,27.55,733300,202.05,1830, 409604, 55.86,0.5585762989226783,2025-07-14
ALPSINDUS, BE, 14-Jul-2025,2.42,2.29,2.29,2.29,2.29,2.29,2.29,10009,0.23,15, -, -,,2025-07-14
AMBER, EQ, 14-Jul-2025,7466.5,7459.0,7695.5,7459.0,7644.0,7625.0,7570.69,251465,19037.63,37371, 106318, 42.28,0.4227944246714255,2025-07-14
AMBICAAGAR, EQ, 14-Jul-2025,28.31,28.98,28.98,28.42,28.5,28.52,28.56,2631,0.75,80, 2139, 81.30,0.8129988597491448,2025-07-14
AMBIKCO, EQ, 14-Jul-2025,1607.8,1599.9,1629.9,1575.0,1621.0,1623.8,1615.53,10705,172.94,981, 7242, 67.65,0.6765063054647361,2025-07-14
AMBUJACEM, EQ, 14-Jul-2025,587.15,586.75,591.4,584.5,590.75,590.15,588.32,1926899,11336.26,30789, 1402127, 72.77,0.7276598306398,2025-07-14
AMDIND, EQ, 14-Jul-2025,51.5,51.7,55.0,51.7,54.61,54.0,53.83,52276,28.14,1072, 25441, 48.67,0.48666692172316167,2025-07-14
AMJLAND, EQ, 14-Jul-2025,62.21,61.9,63.38,61.5,62.0,62.1,62.42,34132,21.31,735, 18152, 53.18,0.531817649126919,2025-07-14
AMNPLST, EQ, 14-Jul-2025,248.3,249.0,251.0,243.05,249.11,250.62,247.19,6550,16.19,682, 3599, 54.95,0.5494656488549619,2025-07-14
AMRUTANJAN, EQ, 14-Jul-2025,726.4,720.1,727.55,715.1,717.0,719.05,720.35,6816,49.1,1175, 3247, 47.64,0.4763791079812207,2025-07-14
ANANDRATHI, EQ, 14-Jul-2025,2211.7,2229.0,2596.8,2216.3,2510.8,2540.2,2438.51,4087689,99678.75,198532, 458517, 11.22,0.11217022625742809,2025-07-14
ANANTRAJ, EQ, 14-Jul-2025,561.3,562.0,574.75,551.2,571.95,571.5,566.0,2239125,12673.52,50421, 939820, 41.97,0.419726455646737,2025-07-14
ANDHRAPAP, EQ, 14-Jul-2025,81.71,82.1,82.83,80.84,82.6,82.28,81.77,92964,76.02,1756, 34144, 36.73,0.3672819586076331,2025-07-14
ANDHRSUGAR, EQ, 14-Jul-2025,82.0,82.4,84.0,81.25,82.93,82.66,82.69,184565,152.62,2187, 89283, 48.37,0.4837482729661637,2025-07-14
ANGELONE, EQ, 14-Jul-2025,2678.9,2725.0,2759.0,2646.8,2678.0,2678.8,2689.39,1194613,32127.78,62031, 186015, 15.57,0.15571151494249602,2025-07-14
ANIKINDS, EQ, 14-Jul-2025,104.98,105.0,107.79,102.66,106.0,106.18,105.11,6154,6.47,235, 3847, 62.51,0.6251218719532011,2025-07-14
ANKITMETAL, BZ, 14-Jul-2025,1.99,1.91,2.03,1.91,1.95,1.95,1.98,10596,0.21,28, -, -,,2025-07-14
ANMOL, EQ, 14-Jul-2025,17.56,17.58,17.77,17.11,17.66,17.62,17.63,15742,2.78,283, 7012, 44.54,0.4454326006860628,2025-07-14
ANSALAPI, BZ, 14-Jul-2025,4.94,4.95,5.03,4.85,5.03,5.03,5.0,42967,2.15,72, -, -,,2025-07-14
ANTGRAPHIC, EQ, 14-Jul-2025,1.22,1.22,1.23,1.19,1.22,1.21,1.21,220171,2.67,383, 147585, 67.03,0.670319887723633,2025-07-14
ANUHPHR, EQ, 14-Jul-2025,205.92,208.0,212.0,205.05,208.89,207.75,207.56,257701,534.89,7848, 153518, 59.57,0.5957213980543343,2025-07-14
ANUP, EQ, 14-Jul-2025,2849.4,2850.0,2894.0,2848.6,2865.2,2872.2,2873.1,20187,579.99,4921, 7930, 39.28,0.3928270669242582,2025-07-14
ANURAS, EQ, 14-Jul-2025,1139.6,1147.0,1154.8,1132.7,1146.8,1147.2,1147.36,113078,1297.41,9501, 50049, 44.26,0.44260598878650137,2025-07-14
AONELIQUID, EQ, 14-Jul-2025,1016.4,1016.55,1016.55,1016.53,1016.55,1016.54,1016.55,14588,148.29,145, 13391, 91.79,0.9179462571976967,2025-07-14
AONENIFTY, EQ, 14-Jul-2025,10.27,10.58,10.58,10.19,10.29,10.24,10.25,345482,35.42,2066, 286319, 82.88,0.828752293896643,2025-07-14
AONETOTAL, EQ, 14-Jul-2025,11.8,12.07,12.07,11.75,11.79,11.8,11.79,324258,38.23,2350, 199504, 61.53,0.6152631546484589,2025-07-14
APARINDS, EQ, 14-Jul-2025,8671.5,8671.0,8799.5,8663.0,8741.0,8736.0,8743.82,29532,2582.23,9158, 12608, 42.69,0.4269267235541108,2025-07-14
APCL, BE, 14-Jul-2025,149.72,149.72,153.0,146.2,148.0,148.0,148.99,2054,3.06,24, -, -,,2025-07-14
APCOTEXIND, EQ, 14-Jul-2025,400.35,402.0,404.85,394.85,402.95,403.95,400.96,39222,157.27,2873, 29709, 75.75,0.7574575493345571,2025-07-14
APEX, EQ, 14-Jul-2025,240.67,240.2,243.88,237.52,242.37,242.22,240.31,19761,47.49,894, 7986, 40.41,0.4041293456808866,2025-07-14
APLAPOLLO, EQ, 14-Jul-2025,1701.8,1703.0,1712.0,1678.1,1696.5,1692.5,1691.03,612974,10365.55,42538, 435417, 71.03,0.7103351855054211,2025-07-14
APLLTD, EQ, 14-Jul-2025,976.6,976.0,1039.6,972.3,1025.0,1030.4,1022.68,661872,6768.86,33065, 154801, 23.39,0.23388359078492518,2025-07-14
APOLLO, EQ, 14-Jul-2025,179.81,179.2,185.0,175.51,184.0,184.24,182.15,5854302,10663.57,34833, 1620518, 27.68,0.276808063540282,2025-07-14
APOLLOHOSP, EQ, 14-Jul-2025,7189.5,7200.0,7256.5,7173.0,7215.0,7220.0,7222.43,670246,48408.08,54894, 509471, 76.01,0.76012538679828,2025-07-14
APOLLOPIPE, EQ, 14-Jul-2025,422.1,422.15,429.0,415.3,417.0,418.15,418.85,104631,438.25,5058, 39872, 38.11,0.3810725310854336,2025-07-14
APOLLOTYRE, EQ, 14-Jul-2025,458.6,458.0,461.45,451.8,453.9,453.5,454.54,768813,3494.56,21308, 394822, 51.35,0.5135475076514054,2025-07-14
APOLSINHOT, EQ, 14-Jul-2025,1388.6,1409.4,1595.0,1378.6,1570.0,1551.8,1531.36,64662,990.21,5965, 7439, 11.50,0.11504438464631468,2025-07-14
APTECHT, BE, 14-Jul-2025,143.34,143.35,145.65,142.6,144.99,144.75,143.83,24640,35.44,393, -, -,,2025-07-14
APTUS, EQ, 14-Jul-2025,347.9,349.45,349.45,340.4,343.85,345.1,345.17,1281606,4423.73,39432, 724802, 56.55,0.5655419840418975,2025-07-14
ARCHIDPLY, EQ, 14-Jul-2025,101.65,102.0,105.75,97.89,104.69,104.62,103.4,10400,10.75,357, 5317, 51.13,0.51125,2025-07-14
ARCHIES, BE, 14-Jul-2025,21.93,21.76,21.79,20.9,21.4,21.42,21.19,46501,9.85,146, -, -,,2025-07-14
ARE&M, EQ, 14-Jul-2025,978.05,980.0,987.9,970.55,987.0,986.85,982.81,270144,2655.0,16818, 145959, 54.03,0.5403007285003554,2025-07-14
ARENTERP, BE, 14-Jul-2025,49.37,49.37,50.0,48.02,48.57,48.57,48.52,377,0.18,14, -, -,,2025-07-14
ARIES, EQ, 14-Jul-2025,345.7,343.0,348.0,340.0,341.2,342.6,342.92,33289,114.16,1529, 15637, 46.97,0.4697347472137943,2025-07-14
ARIHANTCAP, EQ, 14-Jul-2025,88.81,88.81,90.9,87.09,87.43,87.46,89.15,397479,354.37,5619, 142025, 35.73,0.3573144744753811,2025-07-14
ARIHANTSUP, EQ, 14-Jul-2025,414.25,414.0,427.95,413.5,415.2,416.1,415.81,582444,2421.86,4673, 416405, 71.49,0.714927100287753,2025-07-14
ARISINFRA, EQ, 14-Jul-2025,163.18,167.0,168.95,161.33,162.5,162.33,163.76,1104801,1809.22,18530, 225907, 20.45,0.20447754844537613,2025-07-14
ARKADE, EQ, 14-Jul-2025,200.48,201.84,207.2,199.37,204.89,205.58,203.66,1499157,3053.15,20986, 580155, 38.70,0.3869874869676758,2025-07-14
ARMANFIN, EQ, 14-Jul-2025,1701.2,1694.2,1694.2,1645.5,1680.0,1665.4,1661.62,56308,935.63,9574, 17298, 30.72,0.3072032393265611,2025-07-14
AROGRANITE, EQ, 14-Jul-2025,39.99,40.01,40.9,39.26,39.35,39.51,39.71,17019,6.76,436, 11020, 64.75,0.6475116046771255,2025-07-14
ARROWGREEN, BE, 14-Jul-2025,654.0,650.45,659.0,636.0,653.9,645.15,646.41,12038,77.81,388, -, -,,2025-07-14
ARSHIYA, BZ, 14-Jul-2025,2.42,2.39,2.5,2.39,2.45,2.45,2.41,296129,7.15,80, -, -,,2025-07-14
ARSSINFRA, BE, 14-Jul-2025,41.12,41.94,43.17,41.0,42.55,42.54,42.21,15509,6.55,92, -, -,,2025-07-14
ARTEMISMED, EQ, 14-Jul-2025,251.65,252.7,253.5,249.05,249.25,249.5,250.57,44918,112.55,3335, 22872, 50.92,0.5091945322587826,2025-07-14
ARTNIRMAN, BE, 14-Jul-2025,58.52,60.95,60.95,59.45,59.6,59.6,59.97,2457,1.47,24, -, -,,2025-07-14
ARVEE, EQ, 14-Jul-2025,193.5,193.99,193.99,185.01,187.0,188.33,188.39,1421,2.68,77, 832, 58.55,0.585503166783955,2025-07-14
ARVIND, EQ, 14-Jul-2025,336.25,336.0,339.0,332.5,339.0,338.6,335.71,138687,465.59,7161, 64199, 46.29,0.4629056796960061,2025-07-14
ARVINDFASN, EQ, 14-Jul-2025,458.6,456.6,459.7,451.0,454.9,452.6,453.84,225189,1022.0,10681, 143777, 63.85,0.638472571928469,2025-07-14
ARVSMART, EQ, 14-Jul-2025,661.2,661.2,664.0,648.35,657.0,657.45,657.19,51171,336.29,3440, 25932, 50.68,0.5067714134959255,2025-07-14
ASAHIINDIA, EQ, 14-Jul-2025,851.7,855.0,859.95,829.35,838.3,835.85,841.49,502765,4230.72,24605, 116769, 23.23,0.2322536373852595,2025-07-14
ASAHISONG, BE, 14-Jul-2025,442.4,449.0,449.0,435.0,435.05,436.7,437.54,3686,16.13,102, -, -,,2025-07-14
ASAL, EQ, 14-Jul-2025,575.55,575.0,593.45,568.35,577.0,582.4,582.8,101382,590.86,5359, 22552, 22.24,0.22244579905703182,2025-07-14
ASALCBR, EQ, 14-Jul-2025,1197.1,1199.9,1201.2,1166.2,1168.0,1169.4,1174.49,35800,420.47,4158, 19177, 53.57,0.5356703910614525,2025-07-14
ASHAPURMIN, EQ, 14-Jul-2025,471.45,470.4,489.0,462.2,488.7,485.9,478.46,522816,2501.45,17135, 260054, 49.74,0.4974101787244461,2025-07-14
ASHIANA, EQ, 14-Jul-2025,331.2,335.0,348.7,328.1,328.5,332.1,335.59,232870,781.5,8897, 40188, 17.26,0.17257697427749388,2025-07-14
ASHIMASYN, BE, 14-Jul-2025,28.24,28.1,28.9,28.1,28.9,28.72,28.63,71281,20.41,126, -, -,,2025-07-14
ASHOKA, EQ, 14-Jul-2025,205.13,205.0,205.9,203.1,204.1,205.04,204.51,716832,1465.98,12276, 297964, 41.57,0.4156678273291371,2025-07-14
ASHOKAMET, EQ, 14-Jul-2025,16.96,17.19,17.19,16.85,16.91,16.96,17.01,17997,3.06,377, 7551, 41.96,0.4195699283213869,2025-07-14
ASHOKLEY, EQ, 14-Jul-2025,246.25,250.0,253.95,247.0,253.0,252.95,251.3,9111254,22896.94,80766, 4851976, 53.25,0.532525599659498,2025-07-14
ASIANENE, EQ, 14-Jul-2025,294.3,295.05,297.5,288.0,288.0,289.95,293.43,46820,137.38,1711, 26009, 55.55,0.5555104656129859,2025-07-14
ASIANHOTNR, BE, 14-Jul-2025,364.8,360.0,364.75,358.0,360.0,358.9,360.24,673,2.42,29, -, -,,2025-07-14
ASIANPAINT, EQ, 14-Jul-2025,2439.2,2431.1,2448.6,2391.0,2404.8,2401.6,2406.44,891624,21456.38,56494, 583875, 65.48,0.6548444187235876,2025-07-14
ASIANTILES, BE, 14-Jul-2025,64.48,64.47,64.5,62.76,64.1,63.98,63.95,200823,128.42,521, -, -,,2025-07-14
ASKAUTOLTD, EQ, 14-Jul-2025,542.35,542.7,551.0,534.0,544.8,543.95,543.22,331416,1800.3,16023, 119834, 36.16,0.3615818186207063,2025-07-14
ASMS, EQ, 14-Jul-2025,13.82,13.9,14.19,13.64,14.05,13.92,13.94,515979,71.94,2062, 263659, 51.10,0.5109878502807285,2025-07-14
ASPINWALL, EQ, 14-Jul-2025,293.2,298.0,298.75,288.8,290.1,290.25,291.97,2521,7.36,172, 1220, 48.39,0.4839349464498215,2025-07-14
ASTEC, EQ, 14-Jul-2025,893.55,893.55,946.75,886.9,925.75,930.3,914.6,34064,311.55,2760, 13180, 38.69,0.38691874119304837,2025-07-14
ASTEC-RE, BE, 14-Jul-2025,3.55,4.95,4.95,4.95,4.95,4.95,4.95,9162,0.45,174, -, -,,2025-07-14
ASTERDM, EQ, 14-Jul-2025,606.9,606.9,609.95,598.05,600.5,599.85,602.09,722955,4352.84,37768, 362461, 50.14,0.5013603889592022,2025-07-14
ASTRAL, EQ, 14-Jul-2025,1475.1,1479.9,1498.0,1461.2,1494.7,1495.0,1482.17,533307,7904.5,27766, 298145, 55.90,0.5590494780679796,2025-07-14
ASTRAMICRO, EQ, 14-Jul-2025,993.7,993.3,1010.8,970.1,996.0,994.3,993.38,332834,3306.31,21299, 154900, 46.54,0.46539716495309974,2025-07-14
ASTRAZEN, EQ, 14-Jul-2025,9241.5,9200.0,9303.0,9161.0,9194.5,9184.5,9217.63,10623,979.19,3051, 3510, 33.04,0.3304151369669585,2025-07-14
ASTRON, EQ, 14-Jul-2025,15.58,15.58,15.97,15.2,15.77,15.73,15.7,18289,2.87,262, 11116, 60.78,0.6077970364700093,2025-07-14
ATALREAL, BE, 14-Jul-2025,20.08,20.15,20.15,19.4,19.71,19.72,19.88,176491,35.09,270, -, -,,2025-07-14
ATAM, EQ, 14-Jul-2025,108.01,108.08,108.77,105.0,105.31,106.0,106.58,15778,16.82,798, 10377, 65.77,0.6576879198884523,2025-07-14
ATGL, EQ, 14-Jul-2025,644.75,649.9,656.0,640.0,647.65,646.7,647.56,675567,4374.7,20721, 205729, 30.45,0.304527900267479,2025-07-14
ATHERENERG, EQ, 14-Jul-2025,332.4,335.0,354.9,330.1,344.9,344.0,345.72,2192694,7580.64,56431, 707205, 32.25,0.32252790403038456,2025-07-14
ATL, EQ, 14-Jul-2025,29.16,29.16,30.1,28.7,29.56,29.93,29.63,264738,78.44,1782, 167543, 63.29,0.6328634347921341,2025-07-14
ATLANTAA, EQ, 14-Jul-2025,36.47,36.1,37.55,34.25,35.16,35.26,35.64,50256,17.91,2045, 20643, 41.08,0.41075692454632284,2025-07-14
ATLASCYCLE, BE, 14-Jul-2025,132.21,132.21,132.21,129.56,129.56,129.56,130.21,4195,5.46,46, -, -,,2025-07-14
ATUL, EQ, 14-Jul-2025,7385.0,7436.0,7576.0,7415.5,7515.0,7554.0,7516.98,27951,2101.07,7380, 12295, 43.99,0.43987692748023327,2025-07-14
ATULAUTO, EQ, 14-Jul-2025,450.65,448.0,466.05,446.95,462.6,462.15,457.43,67805,310.16,3365, 28770, 42.43,0.4243049922572082,2025-07-14
AUBANK, EQ, 14-Jul-2025,821.0,805.3,814.75,797.15,804.6,804.95,803.85,2464428,19810.38,71092, 1184119, 48.05,0.4804843152244659,2025-07-14
AURIONPRO, EQ, 14-Jul-2025,1611.0,1610.1,1649.8,1578.3,1640.0,1640.3,1618.99,74743,1210.08,7701, 37805, 50.58,0.5057998742357144,2025-07-14
AUROPHARMA, EQ, 14-Jul-2025,1124.8,1124.7,1147.7,1122.6,1138.0,1138.6,1138.75,819943,9337.07,28389, 383629, 46.79,0.46787276676549466,2025-07-14
AURUM, EQ, 14-Jul-2025,191.61,191.21,194.54,187.66,190.7,189.53,190.5,41249,78.58,1706, 23975, 58.12,0.5812262115445223,2025-07-14
AUSOMENT, BE, 14-Jul-2025,107.2,102.2,108.0,102.2,107.39,104.13,103.67,3894,4.04,69, -, -,,2025-07-14
AUTOAXLES, EQ, 14-Jul-2025,1806.7,1808.0,1815.0,1788.1,1796.0,1804.5,1803.44,5905,106.49,916, 3965, 67.15,0.6714648602878917,2025-07-14
AUTOBEES, EQ, 14-Jul-2025,240.41,246.42,247.62,240.02,241.28,241.02,240.82,67621,162.85,1689, 41203, 60.93,0.6093225477292558,2025-07-14
AUTOIETF, EQ, 14-Jul-2025,24.12,24.15,24.22,24.03,24.18,24.12,24.11,336149,81.03,1477, 244096, 72.62,0.7261541756780475,2025-07-14
AUTOIND, EQ, 14-Jul-2025,77.15,77.48,78.34,75.6,76.03,76.57,76.73,100677,77.25,1537, 58162, 57.77,0.5777089106747321,2025-07-14
AVADHSUGAR, EQ, 14-Jul-2025,502.05,506.0,507.55,498.2,506.1,504.6,502.07,37693,189.25,1753, 20107, 53.34,0.5334412225081581,2025-07-14
AVALON, EQ, 14-Jul-2025,855.75,864.8,889.95,857.75,877.0,878.45,879.16,443506,3899.14,22210, 184691, 41.64,0.4164340504976257,2025-07-14
AVANTEL, EQ, 14-Jul-2025,154.87,155.08,156.8,151.95,156.8,155.8,154.53,899356,1389.74,8609, 361218, 40.16,0.40164072958872793,2025-07-14
AVANTIFEED, EQ, 14-Jul-2025,745.1,738.0,742.0,719.75,724.0,723.8,730.1,253636,1851.8,13631, 131574, 51.88,0.5187512813638443,2025-07-14
AVG, EQ, 14-Jul-2025,286.6,286.8,286.9,280.0,281.1,281.7,282.15,22112,62.39,913, 13030, 58.93,0.5892727930535456,2025-07-14
AVL, EQ, 14-Jul-2025,356.2,357.95,363.7,357.95,360.35,359.6,359.94,342958,1234.44,3817, 319437, 93.14,0.9314172580899119,2025-07-14
AVONMORE, EQ, 14-Jul-2025,18.74,19.16,20.6,18.97,19.67,19.74,19.75,474841,93.76,1586, 336204, 70.80,0.7080349001034031,2025-07-14
AVROIND, EQ, 14-Jul-2025,161.78,162.21,166.19,156.6,157.5,159.36,160.34,22049,35.35,525, 14368, 65.16,0.6516395301374212,2025-07-14
AVTNPL, EQ, 14-Jul-2025,66.5,66.7,69.0,66.3,66.95,68.02,67.64,357732,241.98,3764, 265372, 74.18,0.7418178971967841,2025-07-14
AWFIS, EQ, 14-Jul-2025,634.0,640.35,640.35,622.05,623.0,624.45,626.99,80093,502.17,6577, 36720, 45.85,0.45846703207521255,2025-07-14
AWHCL, EQ, 14-Jul-2025,667.7,668.35,668.35,643.0,646.0,645.25,651.34,119130,775.94,8607, 44785, 37.59,0.37593385377318894,2025-07-14
AWL, EQ, 14-Jul-2025,269.9,269.9,271.45,266.5,269.0,268.0,268.18,965397,2589.0,21216, 461244, 47.78,0.47777650023772605,2025-07-14
AXISBANK, EQ, 14-Jul-2025,1173.8,1179.0,1179.9,1163.0,1172.9,1172.7,1171.45,4772502,55907.53,131342, 3072715, 64.38,0.6438373415034714,2025-07-14
AXISBNKETF, EQ, 14-Jul-2025,583.13,586.04,586.04,581.17,583.39,583.33,582.4,55119,321.01,46, 51568, 93.56,0.9355757542771095,2025-07-14
AXISBPSETF, EQ, 14-Jul-2025,12.78,12.87,12.87,12.68,12.79,12.76,12.76,32179,4.1,501, 21560, 67.00,0.6700021753317381,2025-07-14
AXISCADES, BE, 14-Jul-2025,1436.2,1433.4,1433.4,1375.5,1395.6,1396.9,1392.1,64453,897.25,2610, -, -,,2025-07-14
AXISCETF, EQ, 14-Jul-2025,119.15,119.74,120.19,119.2,119.71,119.71,119.53,720,0.86,37, 412, 57.22,0.5722222222222222,2025-07-14
AXISGOLD, EQ, 14-Jul-2025,81.81,82.94,82.94,79.76,82.5,82.45,82.42,305975,252.17,2118, 270592, 88.44,0.8843598333197157,2025-07-14
AXISHCETF, EQ, 14-Jul-2025,146.61,150.85,150.85,146.0,148.74,148.69,148.02,4210,6.23,87, 3689, 87.62,0.8762470308788599,2025-07-14
AXISILVER, EQ, 14-Jul-2025,110.7,111.9,114.7,111.9,114.39,114.33,113.91,413838,471.41,1052, 317984, 76.84,0.7683779643242041,2025-07-14
AXISNIFTY, EQ, 14-Jul-2025,275.4,277.75,277.75,272.55,274.5,274.68,274.22,9739,26.71,204, 6109, 62.73,0.6272717938186673,2025-07-14
AXISTECETF, EQ, 14-Jul-2025,407.09,411.0,411.0,398.28,404.46,401.35,400.36,246787,988.05,1825, 233642, 94.67,0.9467354439253283,2025-07-14
AXISVALUE, EQ, 14-Jul-2025,28.73,28.74,29.03,28.44,28.84,28.77,28.79,21561,6.21,217, 16075, 74.56,0.7455591113584713,2025-07-14
AXITA, EQ, 14-Jul-2025,9.0,9.03,9.05,8.99,9.0,9.0,9.01,861174,77.56,1828, 407805, 47.35,0.4735454159089801,2025-07-14
AXSENSEX, EQ, 14-Jul-2025,84.47,86.0,86.0,83.0,84.25,84.25,84.05,12800,10.76,35, 12463, 97.37,0.973671875,2025-07-14
AYMSYNTEX, EQ, 14-Jul-2025,230.98,229.5,231.6,225.02,231.6,228.42,227.44,15106,34.36,986, 11591, 76.73,0.7673110022507613,2025-07-14
AZAD, EQ, 14-Jul-2025,1588.3,1600.0,1600.0,1548.0,1549.7,1552.3,1562.77,148092,2314.33,12008, 79213, 53.49,0.5348904734894525,2025-07-14
BAFNAPH, EQ, 14-Jul-2025,83.37,83.0,86.9,81.61,85.92,85.45,85.4,4456,3.81,263, 1957, 43.92,0.4391831238779174,2025-07-14
BAGFILMS, EQ, 14-Jul-2025,7.39,7.53,7.53,7.16,7.27,7.26,7.29,110677,8.07,488, 57077, 51.57,0.5157078706506321,2025-07-14
BAIDFIN, EQ, 14-Jul-2025,11.47,11.47,11.64,11.31,11.35,11.4,11.46,137021,15.7,425, 89442, 65.28,0.6527612555739631,2025-07-14
BAJAJ-AUTO, EQ, 14-Jul-2025,8067.0,8090.0,8120.0,8035.5,8080.0,8087.5,8084.31,248351,20077.47,33114, 155257, 62.52,0.6251514992893124,2025-07-14
BAJAJCON, EQ, 14-Jul-2025,233.15,235.7,238.09,231.37,234.4,235.81,234.75,759714,1783.44,13043, 295344, 38.88,0.3887568216460405,2025-07-14
BAJAJELEC, EQ, 14-Jul-2025,667.95,671.5,671.5,662.65,668.15,666.6,667.08,20721,138.23,3147, 7228, 34.88,0.348824863664881,2025-07-14
BAJAJFINSV, EQ, 14-Jul-2025,2017.2,2010.0,2015.0,1989.0,2000.2,2003.6,2000.53,605261,12108.45,33013, 237415, 39.23,0.39225226802982516,2025-07-14
BAJAJHCARE, EQ, 14-Jul-2025,478.55,480.0,520.35,475.35,516.0,513.05,503.88,680285,3427.85,21751, 197989, 29.10,0.2910383148239341,2025-07-14
BAJAJHFL, EQ, 14-Jul-2025,120.79,120.5,120.74,119.43,119.9,119.86,119.97,3365718,4037.97,27305, 1855537, 55.13,0.5513049518705964,2025-07-14
BAJAJHIND, EQ, 14-Jul-2025,27.67,27.67,27.85,27.06,27.43,27.26,27.33,6721609,1837.02,21833, 2527334, 37.60,0.3760013413455022,2025-07-14
BAJAJHLDNG, EQ, 14-Jul-2025,13752.0,13805.0,14299.0,13659.0,14086.0,14148.0,14057.65,57795,8124.62,16970, 27771, 48.05,0.4805086945237477,2025-07-14
BAJAJINDEF, EQ, 14-Jul-2025,457.4,458.9,458.9,434.55,436.9,435.55,441.38,122400,540.25,4725, 61197, 50.00,0.49997549019607845,2025-07-14
BAJEL, BE, 14-Jul-2025,245.61,246.0,249.99,241.0,245.99,245.13,245.63,70727,173.73,705, -, -,,2025-07-14
BAJFINANCE, EQ, 14-Jul-2025,933.5,932.0,932.0,911.3,920.0,918.85,918.6,6657978,61160.0,153338, 4003466, 60.13,0.6013035789544513,2025-07-14
BALAJEE, EQ, 14-Jul-2025,45.03,45.05,45.35,44.49,44.8,44.88,44.85,149362,66.99,1157, 120425, 80.63,0.8062626370830599,2025-07-14
BALAJITELE, BE, 14-Jul-2025,91.55,93.38,93.38,93.38,93.38,93.38,93.38,48645,45.42,120, -, -,,2025-07-14
BALAMINES, EQ, 14-Jul-2025,1794.7,1794.1,1810.9,1747.7,1765.0,1760.1,1769.16,104554,1849.73,13894, 50544, 48.34,0.48342483310059875,2025-07-14
BALAXI, EQ, 14-Jul-2025,48.99,49.4,49.44,48.73,49.1,49.03,49.01,301449,147.74,1274, 242618, 80.48,0.8048392928820464,2025-07-14
BALKRISHNA, EQ, 14-Jul-2025,22.05,22.49,22.5,21.52,21.9,21.73,21.89,20218,4.43,618, 9473, 46.85,0.4685428825798793,2025-07-14
BALKRISIND, EQ, 14-Jul-2025,2655.5,2661.9,2678.6,2629.3,2650.0,2649.8,2645.88,400590,10599.14,21723, 292846, 73.10,0.7310367208367657,2025-07-14
BALMLAWRIE, EQ, 14-Jul-2025,216.1,215.5,215.8,213.2,214.5,214.62,214.48,108449,232.6,3380, 53657, 49.48,0.49476712556132374,2025-07-14
BALPHARMA, EQ, 14-Jul-2025,99.59,98.71,99.99,98.41,99.22,99.25,99.42,6767,6.73,267, 3213, 47.48,0.47480419683759423,2025-07-14
BALRAMCHIN, EQ, 14-Jul-2025,616.1,616.1,622.0,602.0,610.2,610.5,609.22,459115,2797.01,14082, 256308, 55.83,0.5582653583524825,2025-07-14
BALUFORGE, BE, 14-Jul-2025,665.7,665.7,676.45,660.0,676.45,674.3,670.42,68673,460.4,1342, -, -,,2025-07-14
BANARBEADS, EQ, 14-Jul-2025,117.74,119.2,121.35,117.9,118.0,118.05,119.26,6101,7.28,860, 1415, 23.19,0.23192919193574824,2025-07-14
BANARISUG, EQ, 14-Jul-2025,3772.8,3810.5,3812.9,3730.5,3737.9,3750.4,3747.86,2806,105.17,500, 2179, 77.66,0.7765502494654312,2025-07-14
BANCOINDIA, EQ, 14-Jul-2025,641.4,644.5,668.2,642.05,663.0,662.25,658.82,326254,2149.43,18919, 151619, 46.47,0.46472686924911266,2025-07-14
BANDHANBNK, EQ, 14-Jul-2025,175.59,175.0,177.14,174.38,175.2,175.14,175.52,2551186,4477.85,29015, 862469, 33.81,0.33806590346607424,2025-07-14
BANG, EQ, 14-Jul-2025,56.44,56.7,57.79,56.5,56.99,56.9,57.05,13951,7.96,258, 8771, 62.87,0.6287004515805319,2025-07-14
BANKA, EQ, 14-Jul-2025,70.15,70.1,71.37,69.61,71.02,70.08,70.4,3643,2.56,222, 2191, 60.14,0.6014273950041175,2025-07-14
BANKBARODA, EQ, 14-Jul-2025,237.44,237.44,241.8,236.44,240.95,240.92,240.45,5818162,13989.85,50814, 2309097, 39.69,0.3968773987386395,2025-07-14
BANKBEES, EQ, 14-Jul-2025,583.92,589.0,589.0,582.5,584.9,584.64,583.95,239373,1397.81,6029, 123970, 51.79,0.5178946664828531,2025-07-14
BANKBETF, EQ, 14-Jul-2025,57.43,57.36,57.66,57.1,57.66,57.45,57.36,4461,2.56,166, 3212, 72.00,0.7200179331988343,2025-07-14
BANKETF, EQ, 14-Jul-2025,574.89,573.39,576.41,573.39,575.3,574.88,574.5,802,4.61,53, 706, 88.03,0.8802992518703242,2025-07-14
BANKETFADD, EQ, 14-Jul-2025,57.83,57.1,57.98,57.1,57.82,57.71,57.74,4162,2.4,81, 2571, 61.77,0.6177318596828448,2025-07-14
BANKIETF, EQ, 14-Jul-2025,57.94,57.5,58.19,57.5,57.98,57.87,57.8,2545856,1471.44,2109, 2385799, 93.71,0.9371303797229694,2025-07-14
BANKINDIA, EQ, 14-Jul-2025,114.56,114.26,115.87,113.84,114.99,114.98,115.07,5246766,6037.65,25405, 2262399, 43.12,0.4311987612941,2025-07-14
BANKNIFTY1, EQ, 14-Jul-2025,584.29,584.29,587.97,583.16,586.4,585.93,584.75,203582,1190.44,494, 91098, 44.75,0.44747571003330355,2025-07-14
BANKPSU, EQ, 14-Jul-2025,70.69,71.03,71.75,70.79,71.14,71.17,71.19,1873,1.33,34, 932, 49.76,0.49759743726641753,2025-07-14
BANSALWIRE, EQ, 14-Jul-2025,405.65,411.05,422.85,409.0,412.8,412.0,415.39,484161,2011.15,18042, 179429, 37.06,0.37059779701380324,2025-07-14
BANSWRAS, EQ, 14-Jul-2025,148.19,147.0,148.8,146.02,146.1,146.69,147.33,13754,20.26,621, 7745, 56.31,0.5631089137705395,2025-07-14
BARBEQUE, EQ, 14-Jul-2025,306.2,305.9,309.0,301.0,307.7,307.3,305.78,60946,186.36,3127, 33397, 54.80,0.5479768975814655,2025-07-14
BASF, EQ, 14-Jul-2025,5045.5,5070.0,5070.0,4964.0,5002.0,4998.5,4995.69,18091,903.77,4539, 10215, 56.46,0.5646454037919407,2025-07-14
BASML, EQ, 14-Jul-2025,32.93,32.94,33.53,32.41,33.0,32.76,32.71,101856,33.31,735, 55610, 54.60,0.5459668551680804,2025-07-14
BATAINDIA, EQ, 14-Jul-2025,1239.1,1239.1,1243.9,1229.9,1239.0,1235.6,1235.36,214886,2654.61,5885, 177079, 82.41,0.824060199361522,2025-07-14
BAYERCROP, EQ, 14-Jul-2025,6196.0,6180.0,6239.5,6164.5,6224.0,6224.5,6185.86,25130,1554.51,7451, 18123, 72.12,0.7211699164345404,2025-07-14
BBETF0432, EQ, 14-Jul-2025,1280.9,1312.92,1312.92,1280.2,1280.36,1280.76,1281.14,2741,35.12,58, 2663, 97.15,0.9715432323969354,2025-07-14
BBL, EQ, 14-Jul-2025,3253.8,3254.0,3299.0,3205.6,3224.0,3234.2,3250.07,38080,1237.63,7004, 18926, 49.70,0.4970063025210084,2025-07-14
BBNPNBETF, EQ, 14-Jul-2025,56.87,56.87,57.15,56.69,56.69,56.69,57.04,52,0.03,11, 42, 80.77,0.8076923076923077,2025-07-14
BBNPPGOLD, EQ, 14-Jul-2025,95.35,95.8,96.15,95.35,95.9,95.9,95.71,2195,2.1,45, 1583, 72.12,0.7211845102505695,2025-07-14
BBOX, BE, 14-Jul-2025,525.0,518.55,525.0,510.6,522.0,520.65,519.67,47669,247.72,1669, -, -,,2025-07-14
BBTC, EQ, 14-Jul-2025,1950.6,1951.0,1955.2,1930.5,1931.1,1940.1,1942.63,16094,312.65,2684, 8660, 53.81,0.5380887287187772,2025-07-14
BBTCL, EQ, 14-Jul-2025,163.96,166.01,196.75,161.68,192.0,194.35,190.87,45886,87.58,1376, 19696, 42.92,0.4292376759796016,2025-07-14
BCG, BE, 14-Jul-2025,2.0,21.8,22.0,20.71,20.71,20.71,21.29,7963358,1695.58,8784, -, -,,2025-07-14
BCLIND, EQ, 14-Jul-2025,41.86,41.48,41.98,41.18,41.85,41.85,41.66,241834,100.76,2724, 120823, 49.96,0.4996113036214924,2025-07-14
BCONCEPTS, EQ, 14-Jul-2025,341.3,337.0,344.6,337.0,341.0,342.6,341.11,3461,11.81,290, 2167, 62.61,0.6261196186073389,2025-07-14
BDL, EQ, 14-Jul-2025,1856.6,1849.0,1851.3,1815.1,1822.0,1824.1,1827.97,1412001,25811.02,55104, 441582, 31.27,0.31273490599510906,2025-07-14
BEARDSELL, EQ, 14-Jul-2025,29.68,29.5,30.41,29.05,30.07,29.82,29.96,33732,10.11,474, 17412, 51.62,0.5161864105300604,2025-07-14
BECTORFOOD, EQ, 14-Jul-2025,1451.9,1451.7,1462.9,1431.9,1451.0,1450.6,1451.73,63805,926.27,9586, 29771, 46.66,0.4665935271530444,2025-07-14
BEDMUTHA, EQ, 14-Jul-2025,150.94,150.9,153.92,148.4,152.1,151.79,149.7,133299,199.55,652, 130240, 97.71,0.977051590784627,2025-07-14
BEL, EQ, 14-Jul-2025,409.3,405.5,410.35,405.15,407.5,407.3,407.44,17844425,72705.35,115458, 11146919, 62.47,0.6246723556516951,2025-07-14
BELRISE, EQ, 14-Jul-2025,119.25,119.5,119.99,115.65,116.99,117.28,118.02,20208129,23849.37,75244, 5765738, 28.53,0.28531775504798096,2025-07-14
BEML, EQ, 14-Jul-2025,4428.9,4500.0,4614.8,4445.0,4610.0,4594.9,4519.66,709387,32061.86,63056, 168717, 23.78,0.2378349194445345,2025-07-14
BEPL, EQ, 14-Jul-2025,113.32,113.5,113.84,112.2,113.35,113.18,112.92,185774,209.77,3899, 85045, 45.78,0.4577874191221592,2025-07-14
BERGEPAINT, EQ, 14-Jul-2025,572.55,569.75,571.15,555.2,557.0,556.85,558.72,501192,2800.25,46193, 289037, 57.67,0.5766991492282398,2025-07-14
BESTAGRO, EQ, 14-Jul-2025,388.45,400.9,400.9,382.05,384.05,385.8,387.92,34494,133.81,1208, 17269, 50.06,0.500637792079782,2025-07-14
BFINVEST, EQ, 14-Jul-2025,493.25,493.5,499.45,488.7,494.8,495.45,494.74,22397,110.81,1290, 9656, 43.11,0.4311291690851453,2025-07-14
BFSI, EQ, 14-Jul-2025,27.69,27.71,27.94,27.51,27.64,27.64,27.59,526461,145.23,1036, 439237, 83.43,0.8343201110813526,2025-07-14
BFUTILITIE, EQ, 14-Jul-2025,828.35,825.0,837.9,812.85,816.15,820.15,825.38,94608,780.88,8294, 39209, 41.44,0.41443641129714187,2025-07-14
BGLOBAL, BZ, 14-Jul-2025,2.98,3.1,3.12,2.87,2.96,2.97,3.06,25503,0.78,110, -, -,,2025-07-14
BGRENERGY, BE, 14-Jul-2025,101.82,103.19,103.23,98.05,99.9,99.78,100.19,104752,104.95,510, -, -,,2025-07-14
BHAGCHEM, EQ, 14-Jul-2025,295.6,298.55,298.55,294.0,296.95,296.5,296.15,26701,79.07,1149, 12333, 46.19,0.4618928130032583,2025-07-14
BHAGERIA, EQ, 14-Jul-2025,202.67,204.0,207.8,197.48,198.9,198.97,202.39,32935,66.66,1853, 15482, 47.01,0.47007742523151663,2025-07-14
BHAGYANGR, EQ, 14-Jul-2025,83.29,83.8,88.5,80.74,86.97,86.77,86.7,119637,103.72,2642, 80986, 67.69,0.6769310497588539,2025-07-14
BHANDARI, EQ, 14-Jul-2025,5.67,5.67,5.69,5.55,5.6,5.6,5.63,351686,19.78,617, 292139, 83.07,0.830681346428348,2025-07-14
BHARATFORG, EQ, 14-Jul-2025,1214.8,1210.9,1218.6,1201.2,1210.0,1209.0,1208.01,973388,11758.58,51393, 546151, 56.11,0.5610825282415645,2025-07-14
BHARATGEAR, EQ, 14-Jul-2025,89.79,90.35,90.35,88.12,88.25,88.89,89.08,6672,5.94,400, 3307, 49.57,0.49565347721822545,2025-07-14
BHARATRAS, EQ, 14-Jul-2025,11231.0,11120.0,11384.0,11021.0,11340.0,11297.0,11200.71,3078,344.76,1158, 1438, 46.72,0.46718648473034435,2025-07-14
BHARATSE, BE, 14-Jul-2025,104.42,103.05,103.95,101.1,102.97,102.68,101.89,36022,36.7,313, -, -,,2025-07-14
BHARATWIRE, EQ, 14-Jul-2025,221.91,220.0,221.84,214.53,218.73,216.98,217.27,211343,459.18,5785, 104693, 49.54,0.4953700855954538,2025-07-14
BHARTIARTL, EQ, 14-Jul-2025,1921.9,1915.0,1927.5,1900.2,1923.1,1920.9,1912.33,5269381,100767.82,117745, 4056307, 76.98,0.7697881402009078,2025-07-14
BHARTIHEXA, EQ, 14-Jul-2025,1791.1,1795.1,1796.9,1731.5,1766.0,1761.9,1755.24,426444,7485.13,54715, 227010, 53.23,0.5323324985226665,2025-07-14
BHEL, EQ, 14-Jul-2025,258.7,258.65,259.75,255.2,257.9,257.35,257.67,2826291,7282.64,34711, 948889, 33.57,0.3357364829028575,2025-07-14
BIGBLOC, EQ, 14-Jul-2025,63.2,63.57,63.65,62.4,62.47,62.61,62.71,61082,38.31,1464, 38706, 63.37,0.6336727677548214,2025-07-14
BIKAJI, EQ, 14-Jul-2025,727.85,728.0,728.0,717.75,721.05,720.65,720.79,56822,409.57,6504, 26762, 47.10,0.47097955017422827,2025-07-14
BIL, EQ, 14-Jul-2025,810.1,827.0,839.8,809.0,837.0,835.8,827.59,10851,89.8,875, 6258, 57.67,0.5767210395355267,2025-07-14
BILVYAPAR, BE, 14-Jul-2025,12.02,11.53,12.55,11.53,12.4,12.35,12.27,10652,1.31,73, -, -,,2025-07-14
BIOCON, EQ, 14-Jul-2025,374.2,372.85,381.25,369.0,379.0,379.1,378.2,5647593,21359.2,65193, 3117859, 55.21,0.5520686423401969,2025-07-14
BIOFILCHEM, BE, 14-Jul-2025,46.99,47.95,47.95,46.33,46.36,46.36,46.57,4155,1.93,58, -, -,,2025-07-14
BIRLACABLE, BE, 14-Jul-2025,176.83,177.7,179.5,174.0,179.0,178.19,176.5,8674,15.31,189, -, -,,2025-07-14
BIRLACORPN, EQ, 14-Jul-2025,1367.4,1390.0,1401.4,1365.1,1369.9,1370.0,1379.34,67984,937.73,11089, 32243, 47.43,0.47427335843727936,2025-07-14
BIRLAMONEY, EQ, 14-Jul-2025,185.06,185.59,185.99,175.8,175.8,175.8,178.05,279939,498.42,4489, 139664, 49.89,0.49890869082192907,2025-07-14
BIRLANU, EQ, 14-Jul-2025,2324.5,2317.1,2411.2,2290.0,2371.0,2378.0,2380.46,17974,427.86,3066, 7987, 44.44,0.44436408145098477,2025-07-14
BLACKBUCK, EQ, 14-Jul-2025,436.55,437.0,441.95,433.05,438.7,438.15,437.45,207405,907.28,11750, 122748, 59.18,0.5918275837130252,2025-07-14
BLAL, EQ, 14-Jul-2025,211.38,211.38,214.0,208.15,212.0,212.4,210.52,70835,149.12,1445, 38693, 54.62,0.5462412649114139,2025-07-14
BLBLIMITED, EQ, 14-Jul-2025,14.75,14.5,14.73,14.5,14.59,14.6,14.6,21500,3.14,174, 14140, 65.77,0.6576744186046511,2025-07-14
BLISSGVS, EQ, 14-Jul-2025,153.82,154.83,155.7,152.0,152.01,153.16,153.38,247602,379.77,5836, 112326, 45.37,0.4536554632030436,2025-07-14
BLKASHYAP, EQ, 14-Jul-2025,67.54,67.55,69.6,67.55,68.2,68.17,68.38,262845,179.72,2435, 144493, 54.97,0.5497270254332401,2025-07-14
BLS, EQ, 14-Jul-2025,385.1,384.95,385.95,377.35,380.5,380.05,380.03,843099,3204.07,16433, 300579, 35.65,0.35651685033430236,2025-07-14
BLSE, BE, 14-Jul-2025,186.38,187.6,195.0,186.6,187.55,187.87,189.04,41972,79.35,539, -, -,,2025-07-14
BLUECHIP, BE, 14-Jul-2025,5.11,5.0,5.0,5.0,5.0,5.0,5.0,9319,0.47,81, -, -,,2025-07-14
BLUECOAST, BE, 14-Jul-2025,28.71,29.28,29.28,29.28,29.28,29.28,29.28,326,0.1,3, -, -,,2025-07-14
BLUEDART, EQ, 14-Jul-2025,6643.0,6643.0,6850.0,6612.5,6790.0,6824.0,6737.65,15798,1064.41,3747, 7491, 47.42,0.47417394606912266,2025-07-14
BLUEJET, EQ, 14-Jul-2025,908.45,900.5,962.35,887.2,956.55,953.75,938.45,690898,6483.74,29592, 277932, 40.23,0.4022764575957667,2025-07-14
BLUESTARCO, EQ, 14-Jul-2025,1799.8,1789.1,1835.0,1777.9,1832.0,1828.5,1807.57,766662,13857.92,27398, 534694, 69.74,0.6974312017551412,2025-07-14
BLUSPRING, EQ, 14-Jul-2025,82.49,82.49,83.29,78.96,79.68,79.42,80.65,765984,617.77,8145, 341316, 44.56,0.4455915528261687,2025-07-14
BODALCHEM, EQ, 14-Jul-2025,75.35,75.0,75.5,74.02,74.45,74.75,74.64,169943,126.84,1833, 75763, 44.58,0.44581418475606527,2025-07-14
BOHRAIND, EQ, 14-Jul-2025,25.65,26.93,26.93,25.63,26.85,26.51,26.63,4136,1.1,43, 3564, 86.17,0.8617021276595744,2025-07-14
BOMDYEING, EQ, 14-Jul-2025,159.88,159.47,159.47,156.46,157.6,157.38,157.77,529388,835.2,8678, 233171, 44.05,0.44045388259650764,2025-07-14
BORANA, EQ, 14-Jul-2025,227.62,227.0,231.65,225.0,227.0,227.05,228.09,164250,374.64,3414, 69726, 42.45,0.4245114155251142,2025-07-14
BOROLTD, EQ, 14-Jul-2025,336.9,335.6,353.6,335.6,336.4,337.95,342.48,420123,1438.85,23125, 64719, 15.40,0.15404774316093145,2025-07-14
BORORENEW, EQ, 14-Jul-2025,557.9,559.85,559.9,542.65,546.45,546.4,551.49,340627,1878.53,12831, 157323, 46.19,0.46186297621738737,2025-07-14
BOROSCI, EQ, 14-Jul-2025,158.47,157.75,163.6,155.8,155.95,156.1,158.65,167776,266.17,4113, 76045, 45.33,0.4532531470532138,2025-07-14
BOSCHLTD, EQ, 14-Jul-2025,36525.0,36785.0,37985.0,36525.0,37900.0,37845.0,37394.45,75464,28219.35,28602, 20381, 27.01,0.2700757977313686,2025-07-14
BPCL, EQ, 14-Jul-2025,344.85,345.85,348.2,342.85,344.0,344.4,345.17,5372218,18543.41,48851, 3247588, 60.45,0.6045153044794533,2025-07-14
BPL, EQ, 14-Jul-2025,86.6,86.59,86.6,83.47,84.45,84.61,84.56,118004,99.78,2635, 61384, 52.02,0.5201857564150367,2025-07-14
BRIGADE, EQ, 14-Jul-2025,1063.0,1070.4,1095.0,1063.3,1084.8,1084.9,1084.06,243489,2639.58,36667, 111241, 45.69,0.45686252767065455,2025-07-14
BRITANNIA, EQ, 14-Jul-2025,5758.5,5767.0,5808.5,5744.0,5770.0,5778.0,5777.48,218865,12644.89,33692, 145279, 66.38,0.6637836109016974,2025-07-14
BRNL, BE, 14-Jul-2025,20.87,20.95,20.95,20.32,20.5,20.48,20.48,129216,26.46,493, -, -,,2025-07-14
BROOKS, BE, 14-Jul-2025,151.64,154.67,154.67,154.67,154.67,154.67,154.67,4423,6.84,42, -, -,,2025-07-14
BSE, EQ, 14-Jul-2025,2371.1,2425.0,2477.2,2390.8,2467.5,2460.7,2441.84,7628961,186286.9,303342, 1248003, 16.36,0.16358754488324165,2025-07-14
BSE500IETF, EQ, 14-Jul-2025,39.27,39.48,39.48,39.11,39.25,39.24,39.25,86715,34.03,2633, 45254, 52.19,0.5218704953006977,2025-07-14
BSHSL, EQ, 14-Jul-2025,137.69,141.0,141.0,136.96,137.0,137.43,138.32,12950,17.91,567, 7217, 55.73,0.5572972972972973,2025-07-14
BSL, BE, 14-Jul-2025,165.73,162.41,162.41,162.41,162.41,162.41,162.41,771,1.25,16, -, -,,2025-07-14
BSLGOLDETF, EQ, 14-Jul-2025,85.89,87.39,87.4,86.1,86.78,86.73,86.68,96467,83.62,759, 71662, 74.29,0.7428654358485285,2025-07-14
BSLNIFTY, EQ, 14-Jul-2025,29.1,28.8,29.4,28.8,29.08,29.03,29.05,272079,79.04,6798, 154033, 56.61,0.5661333656768807,2025-07-14
BSLSENETFG, EQ, 14-Jul-2025,82.28,83.97,83.97,80.23,82.19,82.03,82.01,1515,1.24,159, 1325, 87.46,0.8745874587458746,2025-07-14
BSOFT, EQ, 14-Jul-2025,418.95,418.9,421.05,413.8,420.0,418.6,417.79,882363,3686.46,16846, 412884, 46.79,0.46792986559953215,2025-07-14
BTML, EQ, 14-Jul-2025,8.37,8.33,8.5,8.2,8.32,8.29,8.32,156451,13.01,635, 98960, 63.25,0.6325303130053499,2025-07-14
BUTTERFLY, EQ, 14-Jul-2025,711.1,711.15,724.45,691.9,700.0,698.75,703.18,15109,106.24,1102, 7845, 51.92,0.5192269508240122,2025-07-14
BVCL, EQ, 14-Jul-2025,37.01,37.9,37.93,36.71,37.52,37.29,37.12,15617,5.8,402, 11450, 73.32,0.7331753857975284,2025-07-14
BYKE, BE, 14-Jul-2025,80.72,82.0,83.0,80.0,80.85,80.48,80.65,17111,13.8,108, -, -,,2025-07-14
CALSOFT, BE, 14-Jul-2025,18.77,18.91,19.65,18.0,18.81,18.4,18.36,157870,28.98,349, -, -,,2025-07-14
CAMLINFINE, BE, 14-Jul-2025,295.15,293.0,298.9,290.0,290.7,293.75,294.5,484280,1426.21,5040, -, -,,2025-07-14
CAMPUS, EQ, 14-Jul-2025,283.4,282.0,289.8,276.55,288.65,288.75,283.68,567986,1611.25,12854, 215453, 37.93,0.3793280116059199,2025-07-14
CAMS, EQ, 14-Jul-2025,4069.6,4084.9,4168.0,4065.2,4128.0,4127.5,4119.47,346737,14283.72,38333, 136645, 39.41,0.3940883147745986,2025-07-14
CANBK, EQ, 14-Jul-2025,111.92,111.99,115.3,111.9,113.6,113.67,114.05,27221603,31044.88,83532, 10700534, 39.31,0.3930897824055402,2025-07-14
CANFINHOME, EQ, 14-Jul-2025,794.3,789.25,801.85,789.25,796.0,797.15,797.27,94599,754.2,6028, 49529, 52.36,0.5235679024091163,2025-07-14
CANTABIL, EQ, 14-Jul-2025,277.7,279.75,279.85,268.0,272.0,273.25,271.78,199533,542.29,6142, 98764, 49.50,0.49497576841925894,2025-07-14
CAPACITE, EQ, 14-Jul-2025,314.95,314.85,320.0,313.45,316.15,317.2,317.36,161907,513.83,5124, 88525, 54.68,0.5467645006083739,2025-07-14
CAPITALSFB, EQ, 14-Jul-2025,279.85,279.8,282.7,279.15,279.7,279.95,280.49,23433,65.73,671, 15955, 68.09,0.680877395126531,2025-07-14
CAPLIPOINT, EQ, 14-Jul-2025,2023.3,2011.0,2050.0,2001.0,2031.0,2033.1,2032.23,52421,1065.32,7325, 27771, 52.98,0.5297686041853455,2025-07-14
CAPTRU-RE, BE, 14-Jul-2025,0.12,0.32,0.35,0.32,0.35,0.35,0.33,603597,2.0,149, -, -,,2025-07-14
CAPTRUST, BE, 14-Jul-2025,69.59,69.6,69.6,66.11,66.11,66.4,67.29,66593,44.81,230, -, -,,2025-07-14
CARBORUNIV, EQ, 14-Jul-2025,972.65,970.1,997.7,965.8,990.5,993.4,981.33,142234,1395.78,9416, 34219, 24.06,0.24058242051830084,2025-07-14
CARERATING, EQ, 14-Jul-2025,1772.8,1789.9,1848.9,1727.9,1839.0,1839.3,1819.66,108352,1971.64,15452, 49132, 45.34,0.45344802126402833,2025-07-14
CARRARO, EQ, 14-Jul-2025,450.65,452.0,453.95,440.1,442.0,442.15,443.41,42370,187.87,3298, 27584, 65.10,0.6510266698135473,2025-07-14
CARTRADE, EQ, 14-Jul-2025,1899.7,1905.0,2000.0,1865.1,1989.5,1987.3,1955.14,1154448,22571.07,92910, 475131, 41.16,0.41156552742089725,2025-07-14
CARYSIL, EQ, 14-Jul-2025,850.1,847.65,858.6,840.8,857.25,852.2,849.45,46554,395.45,5485, 21051, 45.22,0.4521845598659621,2025-07-14
CASHIETF, EQ, 14-Jul-2025,1018.88,1018.99,1019.01,1018.99,1018.99,1019.0,1018.99,435962,4442.42,64, 382213, 87.67,0.8767117317564375,2025-07-14
CASTROLIND, EQ, 14-Jul-2025,219.89,224.5,232.43,222.0,222.81,222.79,227.83,24882915,56691.69,184499, 4844882, 19.47,0.19470717156731837,2025-07-14
CCCL, EQ, 14-Jul-2025,18.91,18.91,18.91,18.12,18.5,18.4,18.45,306323,56.5,1208, 178788, 58.37,0.5836584259099056,2025-07-14
CCHHL, EQ, 14-Jul-2025,19.32,19.33,20.29,18.74,19.03,18.95,19.23,162083,31.17,1113, 91711, 56.58,0.5658273847349815,2025-07-14
CCL, EQ, 14-Jul-2025,888.05,885.05,891.8,857.55,867.0,876.85,875.96,212303,1859.68,30485, 100616, 47.39,0.4739264164896398,2025-07-14
CDSL, EQ, 14-Jul-2025,1688.7,1694.0,1725.9,1667.0,1679.5,1677.4,1695.47,4160928,70547.2,112703, 1265620, 30.42,0.30416772412308024,2025-07-14
CEATLTD, EQ, 14-Jul-2025,3723.5,3730.0,3925.0,3729.1,3910.0,3908.5,3872.8,369069,14293.29,38910, 99655, 27.00,0.2700172596452154,2025-07-14
CEIGALL, EQ, 14-Jul-2025,286.65,288.2,289.9,281.0,282.6,283.85,284.37,750098,2133.08,11234, 420350, 56.04,0.5603934419235886,2025-07-14
CELEBRITY, EQ, 14-Jul-2025,14.61,14.61,15.35,14.52,14.69,14.79,14.98,602322,90.21,1694, 389949, 64.74,0.647409525137717,2025-07-14
CELLO, EQ, 14-Jul-2025,625.65,625.7,631.6,623.3,628.35,627.05,627.84,149967,941.55,7850, 88051, 58.71,0.5871358365507078,2025-07-14
CENTENKA, EQ, 14-Jul-2025,509.4,509.4,512.0,502.55,508.5,509.35,507.56,7853,39.86,787, 3295, 41.96,0.41958487202343053,2025-07-14
CENTEXT, EQ, 14-Jul-2025,24.2,24.29,24.58,23.5,23.5,23.66,24.05,615453,148.04,4593, 238024, 38.67,0.38674602284821097,2025-07-14
CENTRALBK, EQ, 14-Jul-2025,38.48,38.36,38.8,38.06,38.33,38.31,38.36,6204405,2380.14,23229, 2365579, 38.13,0.3812741108937924,2025-07-14
CENTRUM, BE, 14-Jul-2025,37.32,36.6,38.95,36.1,38.0,38.13,37.8,723928,273.64,954, -, -,,2025-07-14
CENTUM, EQ, 14-Jul-2025,2313.8,2324.0,2351.9,2294.0,2332.0,2335.3,2331.84,7081,165.12,1497, 3338, 47.14,0.4714023443016523,2025-07-14
CENTURYPLY, EQ, 14-Jul-2025,730.7,730.5,739.4,728.55,735.0,734.25,734.62,72143,529.98,2800, 60464, 83.81,0.8381131918550656,2025-07-14
CERA, EQ, 14-Jul-2025,6673.5,6676.0,6707.5,6602.0,6618.0,6626.5,6639.72,16028,1064.21,4728, 9213, 57.48,0.5748065884701772,2025-07-14
CEREBRAINT, BZ, 14-Jul-2025,8.05,8.21,8.21,7.89,7.89,7.89,8.03,298458,23.96,134, -, -,,2025-07-14
CESC, EQ, 14-Jul-2025,174.81,174.81,181.2,174.22,180.12,180.07,179.26,4330662,7763.05,50698, 1854102, 42.81,0.42813362021787893,2025-07-14
CEWATER, EQ, 14-Jul-2025,595.2,590.0,592.5,572.15,578.35,577.55,578.99,52920,306.4,3054, 24828, 46.92,0.4691609977324263,2025-07-14
CGCL, EQ, 14-Jul-2025,176.2,176.88,178.0,173.67,177.4,176.96,176.19,2873499,5062.91,25117, 1127085, 39.22,0.3922343456531567,2025-07-14
CGPOWER, EQ, 14-Jul-2025,667.75,667.75,680.0,666.2,674.35,674.8,673.12,3086468,20775.75,83560, 1916637, 62.10,0.6209806808299972,2025-07-14
CHALET, EQ, 14-Jul-2025,858.1,855.2,875.0,855.2,875.0,867.9,865.37,53973,467.07,7255, 29881, 55.36,0.5536286661849443,2025-07-14
CHAMBLFERT, EQ, 14-Jul-2025,535.2,534.4,546.7,531.85,543.7,544.75,541.54,925911,5014.19,20618, 338249, 36.53,0.36531480887471907,2025-07-14
CHEMBOND, BE, 14-Jul-2025,222.33,223.0,227.5,216.5,225.45,223.94,222.11,6592,14.64,213, -, -,,2025-07-14
CHEMCON, EQ, 14-Jul-2025,194.79,194.0,196.47,192.98,193.1,193.32,194.06,24867,48.26,944, 13261, 53.33,0.533277033819922,2025-07-14
CHEMFAB, EQ, 14-Jul-2025,775.9,777.65,779.3,740.55,747.15,744.65,751.56,10998,82.66,1044, 7534, 68.50,0.685033642480451,2025-07-14
CHEMPLASTS, EQ, 14-Jul-2025,421.55,422.0,423.75,410.6,416.95,417.2,415.19,48926,203.14,2871, 24126, 49.31,0.4931120467645015,2025-07-14
CHENNPETRO, EQ, 14-Jul-2025,719.3,713.0,725.75,711.6,720.0,721.9,719.1,926261,6660.76,27770, 261401, 28.22,0.28221095350014735,2025-07-14
CHEVIOT, EQ, 14-Jul-2025,1185.8,1185.8,1199.3,1171.9,1196.6,1193.9,1189.1,1135,13.5,241, 684, 60.26,0.6026431718061674,2025-07-14
CHOICEIN, EQ, 14-Jul-2025,705.95,706.55,708.0,685.15,689.8,690.75,691.99,470458,3255.5,15895, 231617, 49.23,0.4923223752173414,2025-07-14
CHOLAFIN, EQ, 14-Jul-2025,1532.5,1533.0,1547.7,1520.5,1526.0,1528.4,1532.39,1189763,18231.75,69622, 663830, 55.80,0.5579514575591945,2025-07-14
CHOLAHLDNG, EQ, 14-Jul-2025,2077.4,2056.6,2075.0,2021.8,2052.0,2049.8,2046.66,136324,2790.09,20018, 56012, 41.09,0.4108740940700097,2025-07-14
CIEINDIA, EQ, 14-Jul-2025,431.55,428.6,431.5,425.85,429.0,428.8,428.52,257676,1104.21,10206, 215898, 83.79,0.8378661575001164,2025-07-14
CIFL, EQ, 14-Jul-2025,38.5,39.89,39.89,36.87,37.9,37.94,37.86,278186,105.33,2482, 132000, 47.45,0.4745026708748823,2025-07-14
CIGNITITEC, EQ, 14-Jul-2025,1758.3,1750.0,1779.4,1729.3,1763.8,1767.0,1756.42,31892,560.16,4048, 11157, 34.98,0.34983694970525525,2025-07-14
CINELINE, EQ, 14-Jul-2025,93.34,93.27,94.85,90.0,92.31,93.65,92.12,44662,41.14,816, 26904, 60.24,0.60239129461287,2025-07-14
CINEVISTA, BE, 14-Jul-2025,18.3,18.95,18.95,17.5,18.0,17.57,17.97,58716,10.55,129, -, -,,2025-07-14
CIPLA, EQ, 14-Jul-2025,1485.0,1488.9,1492.5,1476.0,1482.9,1484.0,1485.82,1554680,23099.79,58224, 1001472, 64.42,0.6441660020068438,2025-07-14
CLEAN, EQ, 14-Jul-2025,1426.6,1426.6,1473.7,1414.4,1449.0,1455.6,1456.67,131775,1919.52,12417, 45138, 34.25,0.34253841775754124,2025-07-14
CLEDUCATE, EQ, 14-Jul-2025,95.29,95.98,98.54,95.02,96.5,96.85,96.97,46712,45.3,1350, 24016, 51.41,0.5141291317006337,2025-07-14
CLSEL, EQ, 14-Jul-2025,341.95,345.0,345.95,335.0,338.35,335.4,338.07,159146,538.02,6461, 77723, 48.84,0.4883754539856484,2025-07-14
CMICABLES, BZ, 14-Jul-2025,3.1,3.25,3.25,3.1,3.19,3.19,3.2,2559,0.08,15, -, -,,2025-07-14
CMSINFO, EQ, 14-Jul-2025,519.45,519.45,521.0,510.75,518.05,518.5,517.77,186187,964.02,14796, 104004, 55.86,0.5585996874110437,2025-07-14
COALINDIA, EQ, 14-Jul-2025,380.95,382.0,385.9,381.5,383.9,383.85,383.38,5109504,19589.0,84028, 2945645, 57.65,0.5765031204594419,2025-07-14
COASTCORP, EQ, 14-Jul-2025,38.08,38.4,38.4,37.15,37.25,37.45,37.59,33683,12.66,622, 18976, 56.34,0.5633702461182198,2025-07-14
COCHINSHIP, EQ, 14-Jul-2025,1982.8,1975.0,1976.2,1920.0,1929.0,1928.8,1931.55,1261712,24370.61,67612, 430309, 34.11,0.3410516821588445,2025-07-14
COFFEEDAY, EQ, 14-Jul-2025,34.79,34.77,34.85,33.7,33.84,33.87,34.16,484224,165.41,2265, 299289, 61.81,0.6180796490880254,2025-07-14
COFORGE, EQ, 14-Jul-2025,1867.8,1863.0,1890.8,1842.0,1874.0,1875.0,1868.39,1090630,20377.25,94170, 591087, 54.20,0.54196840358325,2025-07-14
COHANCE, EQ, 14-Jul-2025,1017.95,1017.95,1035.0,995.0,1022.5,1031.25,1016.17,201430,2046.87,15778, 120616, 59.88,0.5987985900809214,2025-07-14
COLPAL, EQ, 14-Jul-2025,2376.1,2388.7,2394.2,2356.5,2384.5,2378.1,2375.43,729605,17331.28,40897, 456148, 62.52,0.6251985663475442,2025-07-14
COMMOIETF, EQ, 14-Jul-2025,90.02,90.53,90.68,89.73,90.08,90.45,90.34,210226,189.92,2463, 165582, 78.76,0.787638065700722,2025-07-14
COMPINFO, BZ, 14-Jul-2025,2.24,2.24,2.35,2.16,2.35,2.35,2.34,163630,3.82,86, -, -,,2025-07-14
COMPUSOFT, EQ, 14-Jul-2025,21.16,21.11,21.66,21.06,21.06,21.1,21.22,35522,7.54,1159, 16328, 45.97,0.45965880299532685,2025-07-14
COMSYN, EQ, 14-Jul-2025,131.75,130.45,130.8,125.0,126.0,126.04,127.62,65371,83.43,1276, 31692, 48.48,0.4848021293845895,2025-07-14
CONCOR, EQ, 14-Jul-2025,614.95,614.25,621.45,610.65,614.8,615.55,616.04,880400,5423.61,25274, 443445, 50.37,0.5036858246251704,2025-07-14
CONCORDBIO, EQ, 14-Jul-2025,1803.3,1803.3,1852.4,1796.1,1841.0,1836.8,1838.02,183486,3372.51,21685, 88763, 48.38,0.4837589788866726,2025-07-14
CONFIPET, EQ, 14-Jul-2025,55.55,55.53,55.53,54.4,54.7,54.57,54.85,348476,191.15,3197, 180868, 51.90,0.5190257004786556,2025-07-14
CONS, EQ, 14-Jul-2025,118.89,119.48,119.48,118.1,119.1,119.05,118.73,989,1.17,55, 622, 62.89,0.6289180990899899,2025-07-14
CONSOFINVT, EQ, 14-Jul-2025,207.8,205.1,208.8,203.1,203.1,203.91,205.45,6564,13.49,368, 4316, 65.75,0.6575258988421694,2025-07-14
CONSUMBEES, EQ, 14-Jul-2025,129.02,129.55,129.61,127.98,129.1,129.06,128.54,1023911,1316.16,2528, 865168, 84.50,0.8449640642594913,2025-07-14
CONSUMER, EQ, 14-Jul-2025,11.56,11.61,11.65,11.53,11.65,11.64,11.61,47533,5.52,206, 42478, 89.37,0.8936528306650117,2025-07-14
CONSUMIETF, EQ, 14-Jul-2025,119.98,119.33,123.0,119.23,120.7,120.42,120.09,29339,35.23,395, 15158, 51.67,0.5166501925764341,2025-07-14
CONTROLPR, EQ, 14-Jul-2025,835.25,839.1,908.15,827.7,903.0,900.05,892.16,370499,3305.46,19287, 134399, 36.28,0.36275131646779074,2025-07-14
CORALFINAC, EQ, 14-Jul-2025,46.51,46.28,46.28,44.41,45.3,44.86,45.16,27211,12.29,480, 21037, 77.31,0.7731064642975267,2025-07-14
CORDSCABLE, EQ, 14-Jul-2025,193.93,196.97,196.97,190.7,191.5,191.88,192.21,23840,45.82,966, 15057, 63.16,0.6315855704697987,2025-07-14
COROMANDEL, EQ, 14-Jul-2025,2324.8,2325.0,2395.0,2304.7,2379.0,2385.2,2359.84,739309,17446.53,35345, 511553, 69.19,0.6919339545440405,2025-07-14
COSMOFIRST, EQ, 14-Jul-2025,1144.0,1143.8,1143.8,1104.0,1134.0,1129.4,1122.01,70224,787.92,3958, 33715, 48.01,0.4801065162907268,2025-07-14
COUNCODOS, BE, 14-Jul-2025,7.0,6.99,7.0,6.82,6.92,6.88,6.9,22141,1.53,90, -, -,,2025-07-14
CPCAP, EQ, 14-Jul-2025,171.14,166.2,171.49,166.2,169.1,169.55,169.28,3445,5.83,253, 2162, 62.76,0.6275761973875181,2025-07-14
CPSEETF, EQ, 14-Jul-2025,93.32,95.65,95.65,93.01,93.44,93.4,93.4,793931,741.52,8376, 428473, 53.97,0.5396854386590271,2025-07-14
CRAFTSMAN, EQ, 14-Jul-2025,5937.0,5948.0,5973.0,5900.0,5937.0,5955.0,5937.67,7330,435.23,2875, 2731, 37.26,0.37257844474761254,2025-07-14
CREATIVE, EQ, 14-Jul-2025,642.8,642.8,646.2,630.45,635.0,633.7,635.62,6804,43.25,586, 2840, 41.74,0.4174015285126396,2025-07-14
CREATIVEYE, BE, 14-Jul-2025,8.56,8.5,8.5,8.38,8.38,8.38,8.4,3065,0.26,39, -, -,,2025-07-14
CREDITACC, EQ, 14-Jul-2025,1306.5,1303.0,1331.6,1289.8,1322.0,1323.8,1316.9,398634,5249.59,31684, 203438, 51.03,0.5103378035992916,2025-07-14
CREST, EQ, 14-Jul-2025,395.75,392.95,396.45,391.35,395.75,393.8,393.55,2456,9.67,288, 1378, 56.11,0.5610749185667753,2025-07-14
CRISIL, EQ, 14-Jul-2025,5973.0,5980.0,6100.0,5975.0,5985.0,5993.0,6037.95,43599,2632.48,10621, 15647, 35.89,0.3588843780820661,2025-07-14
CRIZAC, EQ, 14-Jul-2025,333.98,328.89,343.9,321.1,330.9,331.54,332.29,13337934,44321.2,127536, 2366118, 17.74,0.17739763894468213,2025-07-14
CROMPTON, EQ, 14-Jul-2025,335.65,336.0,339.95,334.75,339.65,338.65,337.5,2419646,8166.35,36511, 1658231, 68.53,0.6853196707286934,2025-07-14
CROWN, EQ, 14-Jul-2025,169.72,174.0,174.0,160.15,162.82,163.03,165.72,43184,71.56,1949, 24874, 57.60,0.5760003705075954,2025-07-14
CSBBANK, EQ, 14-Jul-2025,415.0,417.95,425.8,412.35,423.9,423.85,420.75,578025,2432.03,18787, 341526, 59.08,0.5908498767354353,2025-07-14
CSLFINANCE, EQ, 14-Jul-2025,316.9,315.35,318.15,312.35,313.1,314.7,314.86,7968,25.09,497, 4255, 53.40,0.5340110441767069,2025-07-14
CTE, BE, 14-Jul-2025,46.69,45.06,46.95,44.8,44.9,45.72,45.6,14866,6.78,142, -, -,,2025-07-14
CUB, EQ, 14-Jul-2025,210.13,209.8,216.07,208.31,214.04,213.86,213.77,1437063,3071.96,41393, 802746, 55.86,0.5586018149517453,2025-07-14
CUBEXTUB, BE, 14-Jul-2025,93.08,93.11,94.8,92.1,94.0,92.69,93.54,14606,13.66,197, -, -,,2025-07-14
CUMMINSIND, EQ, 14-Jul-2025,3546.4,3567.0,3567.0,3465.0,3526.5,3523.8,3521.8,405403,14277.47,43909, 222551, 54.90,0.5489623905101837,2025-07-14
CUPID, EQ, 14-Jul-2025,118.52,119.01,129.5,119.01,129.01,126.39,124.56,10137323,12627.47,87317, 3299671, 32.55,0.3254972737871724,2025-07-14
CURAA, BE, 14-Jul-2025,188.09,191.85,191.85,191.85,191.85,191.85,191.85,500,0.96,4, -, -,,2025-07-14
CYBERMEDIA, EQ, 14-Jul-2025,16.95,17.29,17.32,16.1,16.12,16.21,16.49,23834,3.93,318, 15032, 63.07,0.6306956448770664,2025-07-14
CYBERTECH, BE, 14-Jul-2025,166.0,168.79,170.0,164.5,165.0,165.38,166.57,20889,34.8,248, -, -,,2025-07-14
CYIENT, EQ, 14-Jul-2025,1271.3,1270.0,1296.1,1254.1,1296.1,1293.8,1283.96,251280,3226.34,19983, 81201, 32.31,0.3231494746895893,2025-07-14
CYIENTDLM, EQ, 14-Jul-2025,482.7,483.0,485.1,470.95,475.1,474.3,476.15,164609,783.79,9482, 86417, 52.50,0.5249834456196198,2025-07-14
DABUR, EQ, 14-Jul-2025,530.85,533.5,536.5,524.55,526.5,526.2,528.08,1428794,7545.15,39163, 672180, 47.05,0.4704527034687996,2025-07-14
DALBHARAT, EQ, 14-Jul-2025,2176.4,2178.6,2192.0,2146.9,2161.2,2159.1,2158.56,332961,7187.15,30998, 207266, 62.25,0.6224933250440743,2025-07-14
DALMIASUG, EQ, 14-Jul-2025,402.55,403.75,405.25,396.95,404.0,403.1,401.82,75443,303.15,4289, 43209, 57.27,0.572737033256896,2025-07-14
DAMCAPITAL, EQ, 14-Jul-2025,249.75,249.7,249.7,245.8,248.6,248.75,247.47,313808,776.59,9159, 125104, 39.87,0.39866415132820066,2025-07-14
DAMODARIND, EQ, 14-Jul-2025,38.81,39.0,39.0,37.76,37.77,37.76,38.02,8509,3.24,250, 4539, 53.34,0.5334351862733576,2025-07-14
DANGEE, BE, 14-Jul-2025,4.86,4.84,4.94,4.82,4.86,4.87,4.9,91868,4.5,200, -, -,,2025-07-14
DATAMATICS, EQ, 14-Jul-2025,732.15,733.95,765.0,720.0,733.75,735.95,743.82,1299508,9666.0,65270, 252387, 19.42,0.1942173499509045,2025-07-14
DATAPATTNS, EQ, 14-Jul-2025,2849.1,2854.1,2890.0,2811.0,2860.0,2862.7,2856.12,228593,6528.89,24830, 48264, 21.11,0.21113507412737922,2025-07-14
DAVANGERE, EQ, 14-Jul-2025,3.57,3.57,3.6,3.45,3.52,3.51,3.52,1978002,69.64,4420, 1160037, 58.65,0.5864690733376408,2025-07-14
DBCORP, EQ, 14-Jul-2025,269.55,268.8,271.85,267.65,271.85,270.05,269.3,64200,172.89,2798, 30178, 47.01,0.47006230529595017,2025-07-14
DBEIL, EQ, 14-Jul-2025,138.7,139.8,139.8,137.75,139.05,139.08,138.54,36397,50.42,903, 17496, 48.07,0.4806989587053878,2025-07-14
DBL, EQ, 14-Jul-2025,492.55,492.55,494.3,486.05,489.9,489.9,489.91,81755,400.52,5221, 29172, 35.68,0.35682221270870285,2025-07-14
DBOL, EQ, 14-Jul-2025,93.04,95.5,97.99,89.99,90.5,91.28,93.39,197916,184.83,3067, 130818, 66.10,0.6609773843448736,2025-07-14
DBREALTY, EQ, 14-Jul-2025,241.29,241.5,249.8,235.95,248.2,248.35,245.49,5212617,12796.28,43058, 2297176, 44.07,0.44069533595121224,2025-07-14
DBSTOCKBRO, EQ, 14-Jul-2025,28.49,29.0,29.39,28.1,28.1,28.55,28.88,24779,7.16,1133, 11523, 46.50,0.46503087291658257,2025-07-14
DCAL, BE, 14-Jul-2025,254.85,255.0,260.0,247.0,252.5,249.75,251.59,122138,307.29,1033, -, -,,2025-07-14
DCBBANK, EQ, 14-Jul-2025,142.67,142.99,144.59,141.5,143.0,142.97,143.06,1383574,1979.39,10188, 1059084, 76.55,0.7654697182803377,2025-07-14
DCI, EQ, 14-Jul-2025,277.2,278.9,278.9,269.6,272.0,271.05,272.75,4247,11.58,385, 2689, 63.32,0.633152813750883,2025-07-14
DCM, EQ, 14-Jul-2025,118.18,116.91,119.38,115.12,115.9,115.99,117.22,93031,109.05,1946, 43114, 46.34,0.4634369188765035,2025-07-14
DCMFINSERV, BE, 14-Jul-2025,6.68,6.5,6.9,6.5,6.64,6.64,6.68,12661,0.85,54, -, -,,2025-07-14
DCMNVL, EQ, 14-Jul-2025,184.19,186.86,188.0,180.1,180.5,181.12,183.41,6727,12.34,300, 3370, 50.10,0.500966255388732,2025-07-14
DCMSHRIRAM, EQ, 14-Jul-2025,1350.2,1355.3,1375.0,1343.9,1365.0,1365.1,1357.78,109447,1486.04,11872, 20981, 19.17,0.19170009228210916,2025-07-14
DCMSRIND, EQ, 14-Jul-2025,169.79,170.64,171.41,167.48,170.0,170.08,169.43,66788,113.16,1694, 46381, 69.45,0.6944510989998204,2025-07-14
DCW, EQ, 14-Jul-2025,76.39,76.3,76.63,75.32,75.75,75.77,75.85,724055,549.23,6536, 283362, 39.14,0.3913542479507772,2025-07-14
DCXINDIA, EQ, 14-Jul-2025,278.65,276.25,278.45,273.85,275.0,275.75,276.08,462518,1276.91,10341, 206798, 44.71,0.44711340964027346,2025-07-14
DDEVPLSTIK, EQ, 14-Jul-2025,266.3,268.4,312.95,264.3,296.2,294.05,299.27,3705771,11090.15,88012, 722365, 19.49,0.19492974606363966,2025-07-14
DECCANCE, EQ, 14-Jul-2025,876.7,876.3,887.95,853.05,857.0,856.85,864.31,39969,345.46,2453, 18282, 45.74,0.4574044884785709,2025-07-14
DEEDEV, EQ, 14-Jul-2025,297.55,298.5,298.95,293.15,294.0,294.35,295.45,72033,212.82,3569, 36527, 50.71,0.507087029555898,2025-07-14
DEEPAKFERT, EQ, 14-Jul-2025,1582.8,1588.8,1588.9,1550.0,1569.0,1570.4,1564.96,184886,2893.39,16573, 79921, 43.23,0.43227177828499724,2025-07-14
DEEPAKNTR, EQ, 14-Jul-2025,1988.1,1988.1,1988.1,1959.6,1966.0,1964.6,1972.79,61975,1222.64,8291, 27744, 44.77,0.4476643807987092,2025-07-14
DEEPINDS, EQ, 14-Jul-2025,451.1,454.95,475.25,452.05,467.6,468.8,469.51,456549,2143.56,18760, 167114, 36.60,0.3660373804345207,2025-07-14
DELHIVERY, EQ, 14-Jul-2025,411.25,410.0,411.95,404.05,407.8,406.35,407.34,2160696,8801.32,24845, 1280299, 59.25,0.5925400889343063,2025-07-14
DELPHIFX, BE, 14-Jul-2025,234.81,240.4,240.4,233.0,240.0,238.35,236.17,14493,34.23,176, -, -,,2025-07-14
DELTACORP, EQ, 14-Jul-2025,89.77,90.0,90.1,88.5,89.16,88.99,89.08,786290,700.43,7313, 381372, 48.50,0.48502715283165243,2025-07-14
DELTAMAGNT, BE, 14-Jul-2025,93.16,93.2,95.0,91.3,93.0,93.0,92.9,4333,4.03,43, -, -,,2025-07-14
DEN, EQ, 14-Jul-2025,38.21,38.32,39.51,38.03,39.36,39.11,38.82,1028964,399.49,5730, 453046, 44.03,0.4402933435960831,2025-07-14
DENORA, EQ, 14-Jul-2025,924.9,920.4,988.0,911.0,952.0,955.15,959.85,17686,169.76,2164, 9210, 52.08,0.520750876399412,2025-07-14
DENTA, EQ, 14-Jul-2025,296.3,297.0,304.1,292.0,297.0,295.65,298.26,372724,1111.69,5707, 146778, 39.38,0.3937980918856849,2025-07-14
DEVIT, EQ, 14-Jul-2025,113.21,113.77,114.86,111.96,112.03,112.67,112.71,19529,22.01,1189, 10082, 51.63,0.5162578729069589,2025-07-14
DEVYANI, EQ, 14-Jul-2025,169.33,168.02,170.0,166.2,169.5,169.47,168.48,2442355,4114.77,33295, 1492734, 61.12,0.6111863345009223,2025-07-14
DGCONTENT, BE, 14-Jul-2025,43.97,44.55,44.55,43.0,44.25,44.25,43.81,15109,6.62,102, -, -,,2025-07-14
DHAMPURSUG, EQ, 14-Jul-2025,152.58,152.58,153.89,150.32,153.0,153.37,152.15,84586,128.7,1793, 27752, 32.81,0.32809211926323506,2025-07-14
DHANBANK, EQ, 14-Jul-2025,29.42,29.5,29.67,28.94,29.06,29.12,29.3,913120,267.5,4194, 384028, 42.06,0.42056684773085684,2025-07-14
DHANI, EQ, 14-Jul-2025,66.71,67.0,67.0,65.13,66.7,66.37,66.05,2427067,1603.06,13766, 615613, 25.36,0.25364483139526023,2025-07-14
DHANUKA, EQ, 14-Jul-2025,1624.5,1621.0,1628.8,1571.5,1620.0,1614.7,1598.48,86778,1387.13,15965, 41738, 48.10,0.4809744405264007,2025-07-14
DHARAN, BE, 14-Jul-2025,0.44,0.45,0.45,0.43,0.45,0.44,0.44,12669253,56.2,3516, -, -,,2025-07-14
DHARMAJ, BE, 14-Jul-2025,351.1,344.5,344.5,344.1,344.1,344.1,344.41,54793,188.71,83, -, -,,2025-07-14
DHRUV, BE, 14-Jul-2025,71.78,70.34,70.34,70.34,70.34,70.34,70.34,5380,3.78,34, -, -,,2025-07-14
DHUNINV, EQ, 14-Jul-2025,1473.1,1490.2,1490.2,1460.0,1467.1,1469.0,1468.05,944,13.86,153, 636, 67.37,0.673728813559322,2025-07-14
DIACABS, EQ, 14-Jul-2025,164.89,165.64,169.0,162.2,165.35,164.74,165.96,2739037,4545.73,14138, 1199890, 43.81,0.4380700224202886,2025-07-14
DIAMINESQ, EQ, 14-Jul-2025,404.65,409.0,409.45,389.7,391.0,391.6,398.25,12702,50.59,883, 10553, 83.08,0.8308140450322784,2025-07-14
DIAMONDYD, EQ, 14-Jul-2025,1070.7,1070.7,1086.0,1050.0,1086.0,1068.6,1064.41,24897,265.01,2869, 12638, 50.76,0.5076113587982488,2025-07-14
DICIND, EQ, 14-Jul-2025,615.95,615.0,628.15,605.0,605.2,607.45,613.64,966,5.93,179, 535, 55.38,0.5538302277432712,2025-07-14
DIFFNKG, EQ, 14-Jul-2025,320.45,320.4,328.45,301.95,314.0,317.35,313.5,846046,2652.35,18040, 192645, 22.77,0.22770038508544452,2025-07-14
DIGIDRIVE, EQ, 14-Jul-2025,30.49,30.0,31.25,30.0,31.25,30.92,30.78,9617,2.96,262, 7785, 80.95,0.809504003327441,2025-07-14
DIGISPICE, EQ, 14-Jul-2025,22.77,22.66,23.02,22.0,22.28,22.23,22.47,133796,30.06,2413, 43080, 32.20,0.3219827199617328,2025-07-14
DIGITIDE, EQ, 14-Jul-2025,217.48,218.7,234.0,216.66,230.4,229.76,227.88,1300148,2962.78,33104, 488583, 37.58,0.37579029464337904,2025-07-14
DIGJAMLMTD, BE, 14-Jul-2025,48.97,49.94,49.94,49.94,49.94,49.94,49.94,1976,0.99,18, -, -,,2025-07-14
DIL, BE, 14-Jul-2025,2.2,2.19,2.19,2.09,2.09,2.09,2.09,1260924,26.4,983, -, -,,2025-07-14
DISHTV, BE, 14-Jul-2025,5.69,5.48,5.97,5.48,5.97,5.92,5.74,3152983,180.97,3005, -, -,,2025-07-14
DIVGIITTS, EQ, 14-Jul-2025,622.75,620.0,629.95,610.2,619.8,627.8,621.07,7698,47.81,1228, 3958, 51.42,0.5141595219537543,2025-07-14
DIVISLAB, EQ, 14-Jul-2025,6835.0,6650.0,6825.5,6545.0,6787.0,6778.5,6699.3,968781,64901.54,97845, 463413, 47.83,0.47834649936363327,2025-07-14
DIVOPPBEES, EQ, 14-Jul-2025,79.2,79.99,79.99,78.52,78.84,78.83,78.74,59631,46.95,1578, 40714, 68.28,0.682765675571431,2025-07-14
DIXON, EQ, 14-Jul-2025,15786.0,15779.0,15990.0,15710.0,15909.0,15898.0,15886.31,223601,35521.94,43481, 82054, 36.70,0.36696615846977426,2025-07-14
DJML, EQ, 14-Jul-2025,124.56,125.01,125.88,118.0,123.35,119.85,121.7,29160,35.49,776, 20377, 69.88,0.6987997256515776,2025-07-14
DLF, EQ, 14-Jul-2025,815.1,817.0,832.0,815.15,825.3,826.9,825.25,3604322,29744.74,68356, 2104837, 58.40,0.5839758489946236,2025-07-14
DLINKINDIA, EQ, 14-Jul-2025,546.7,544.0,546.0,528.25,531.5,531.15,536.95,252672,1356.72,9646, 100618, 39.82,0.39821586879432624,2025-07-14
DMART, EQ, 14-Jul-2025,4064.2,4090.0,4115.0,3930.0,4013.9,4011.3,4013.08,2032633,81571.26,159352, 745484, 36.68,0.36675779641479794,2025-07-14
DMCC, EQ, 14-Jul-2025,254.3,255.6,270.15,251.15,269.4,268.95,263.76,117339,309.5,3216, 67908, 57.87,0.5787334134431008,2025-07-14
DNAMEDIA, EQ, 14-Jul-2025,5.02,5.03,5.08,4.96,5.05,5.04,5.02,45706,2.29,423, 39538, 86.51,0.8650505404104494,2025-07-14
DODLA, EQ, 14-Jul-2025,1420.6,1427.2,1459.0,1412.0,1439.9,1435.7,1430.84,37440,535.7,7061, 14179, 37.87,0.3787126068376068,2025-07-14
DOLATALGO, EQ, 14-Jul-2025,99.0,99.0,99.3,97.8,97.84,98.16,98.47,117838,116.03,2190, 49479, 41.99,0.41989001849997454,2025-07-14
DOLLAR, EQ, 14-Jul-2025,399.2,400.0,403.5,395.0,399.6,399.3,399.89,54161,216.58,3899, 26488, 48.91,0.4890603940104503,2025-07-14
DOLPHIN, EQ, 14-Jul-2025,446.7,454.0,458.0,447.05,449.2,450.8,452.15,8217,37.15,569, 5703, 69.40,0.6940489229645856,2025-07-14
DOMS, EQ, 14-Jul-2025,2357.7,2350.0,2355.0,2320.1,2334.5,2333.5,2336.9,80539,1882.11,11666, 46992, 58.35,0.5834688784315674,2025-07-14
DONEAR, EQ, 14-Jul-2025,109.34,109.93,111.0,107.71,108.16,108.54,109.04,70853,77.26,1334, 37019, 52.25,0.522476112514643,2025-07-14
DPABHUSHAN, EQ, 14-Jul-2025,1495.8,1500.0,1519.9,1500.0,1518.9,1510.5,1510.55,18934,286.01,1150, 8185, 43.23,0.43229111650998203,2025-07-14
DPSCLTD, EQ, 14-Jul-2025,13.93,14.19,14.19,13.9,14.03,13.96,13.96,246894,34.46,1120, 163685, 66.30,0.6629768240621481,2025-07-14
DPWIRES, EQ, 14-Jul-2025,229.43,234.99,234.99,227.0,227.02,227.74,229.39,8689,19.93,669, 3653, 42.04,0.4204166187133157,2025-07-14
DRCSYSTEMS, BE, 14-Jul-2025,18.88,18.88,19.25,18.6,18.9,18.89,18.9,111343,21.04,197, -, -,,2025-07-14
DREAMFOLKS, BE, 14-Jul-2025,160.35,153.6,158.75,153.0,154.2,154.74,154.74,267753,414.33,5927, -, -,,2025-07-14
DREDGECORP, EQ, 14-Jul-2025,685.4,688.2,694.6,678.0,681.0,683.9,684.59,17044,116.68,1514, 6515, 38.22,0.38224595165454117,2025-07-14
DRREDDY, EQ, 14-Jul-2025,1254.7,1254.7,1261.4,1245.3,1251.8,1250.6,1252.81,1035555,12973.5,47497, 665138, 64.23,0.6423009883588994,2025-07-14
DSSL, EQ, 14-Jul-2025,1058.0,1068.6,1109.0,1025.2,1070.0,1062.3,1066.6,99783,1064.29,9070, 26488, 26.55,0.2654560396059449,2025-07-14
DTIL, EQ, 14-Jul-2025,201.22,203.95,204.19,200.03,202.0,200.41,201.79,7183,14.49,412, 3001, 41.78,0.41779200890992624,2025-07-14
DUCON, EQ, 14-Jul-2025,6.33,6.42,6.91,6.2,6.45,6.39,6.36,610454,38.83,1456, 353961, 57.98,0.5798323870430859,2025-07-14
DVL, EQ, 14-Jul-2025,341.9,343.9,343.9,339.45,343.15,342.1,341.33,16334,55.75,658, 8373, 51.26,0.512611730133464,2025-07-14
DWARKESH, EQ, 14-Jul-2025,47.74,47.78,47.97,46.92,47.75,47.61,47.41,328706,155.84,2589, 147762, 44.95,0.449526324435818,2025-07-14
DYCL, EQ, 14-Jul-2025,485.4,484.1,496.0,453.2,490.65,483.25,465.42,339308,1579.21,13423, 106435, 31.37,0.31368255390382777,2025-07-14
DYNAMATECH, EQ, 14-Jul-2025,7102.5,7150.0,7154.5,6927.0,6970.0,6978.5,7005.87,16027,1122.83,3475, 10462, 65.28,0.6527734448118799,2025-07-14
DYNPRO, EQ, 14-Jul-2025,330.15,333.4,350.85,326.85,333.5,333.35,340.66,87407,297.76,3494, 27294, 31.23,0.31226331987140615,2025-07-14
E2E, EQ, 14-Jul-2025,2502.6,2535.0,2535.0,2423.0,2432.0,2436.5,2451.57,36022,883.1,6816, 21694, 60.22,0.6022430736771973,2025-07-14
EASEMYTRIP, EQ, 14-Jul-2025,10.4,10.4,10.44,10.3,10.36,10.34,10.34,8563673,885.89,12820, 4096218, 47.83,0.4783248963382885,2025-07-14
EBANKNIFTY, EQ, 14-Jul-2025,57.23,57.21,57.21,56.75,57.0,57.0,56.98,533,0.3,17, 391, 73.36,0.7335834896810507,2025-07-14
EBBETF0430, EQ, 14-Jul-2025,1526.16,1522.34,1530.0,1522.34,1525.75,1526.3,1525.01,75571,1152.47,512, 70887, 93.80,0.9380185520900874,2025-07-14
EBBETF0431, EQ, 14-Jul-2025,1363.38,1363.05,1367.99,1363.05,1364.51,1364.74,1365.11,9903,135.19,68, 9883, 99.80,0.9979804099767747,2025-07-14
EBBETF0433, EQ, 14-Jul-2025,1247.76,1248.99,1248.99,1246.32,1247.5,1247.49,1247.25,4182,52.16,93, 3628, 86.75,0.8675274988043998,2025-07-14
ECAPINSURE, EQ, 14-Jul-2025,23.47,23.95,24.17,23.37,23.52,23.65,23.6,69351,16.37,397, 49058, 70.74,0.7073870600279737,2025-07-14
ECLERX, EQ, 14-Jul-2025,3481.2,3475.0,3619.0,3439.0,3605.2,3592.0,3547.34,57703,2046.92,15541, 22548, 39.08,0.3907595792246504,2025-07-14
ECOSMOBLTY, EQ, 14-Jul-2025,297.35,296.45,305.85,291.55,301.1,300.5,301.38,328905,991.24,9187, 65863, 20.02,0.20024931211139996,2025-07-14
EDELWEISS, EQ, 14-Jul-2025,114.03,114.03,115.99,113.0,113.88,113.51,114.31,2861165,3270.67,17929, 1193367, 41.71,0.4170912897368729,2025-07-14
EDUCOMP, BZ, 14-Jul-2025,1.91,1.87,1.92,1.81,1.85,1.85,1.84,30773,0.57,107, -, -,,2025-07-14
EGOLD, EQ, 14-Jul-2025,98.3,98.75,99.45,98.75,99.2,99.25,99.24,208355,206.78,156, 205608, 98.68,0.9868157711597993,2025-07-14
EICHERMOT, EQ, 14-Jul-2025,5612.5,5606.5,5615.5,5520.5,5541.5,5540.5,5541.75,503684,27912.93,55178, 378647, 75.18,0.7517550686541562,2025-07-14
EIDPARRY, EQ, 14-Jul-2025,1152.4,1153.0,1169.0,1107.6,1152.2,1157.2,1147.91,447758,5139.88,36592, 178366, 39.84,0.3983535749221678,2025-07-14
EIEL, EQ, 14-Jul-2025,275.6,280.0,287.99,276.15,277.65,280.06,281.03,24832350,69785.83,209484, 3692032, 14.87,0.1486783167924099,2025-07-14
EIFFL, BE, 14-Jul-2025,257.6,247.6,260.0,245.0,255.75,253.3,249.64,8291,20.7,124, -, -,,2025-07-14
EIHAHOTELS, EQ, 14-Jul-2025,395.95,396.4,399.75,381.85,385.2,385.15,387.51,19938,77.26,2867, 10367, 52.00,0.5199618818336844,2025-07-14
EIHOTEL, EQ, 14-Jul-2025,377.45,375.2,379.9,374.5,375.95,375.8,376.48,155326,584.77,7644, 73402, 47.26,0.47256737442540203,2025-07-14
EIMCOELECO, EQ, 14-Jul-2025,2564.4,2502.0,2588.0,2500.0,2522.0,2516.6,2540.02,16132,409.76,3408, 4817, 29.86,0.2985990577733697,2025-07-14
EKC, EQ, 14-Jul-2025,135.95,135.0,137.0,134.07,136.7,136.56,135.76,197300,267.85,3298, 70861, 35.92,0.35915357323872277,2025-07-14
ELDEHSG, EQ, 14-Jul-2025,774.9,775.0,794.75,771.05,771.5,782.1,781.66,855,6.68,145, 519, 60.70,0.6070175438596491,2025-07-14
ELECON, EQ, 14-Jul-2025,619.3,622.5,637.85,622.5,628.0,627.35,629.6,967561,6091.72,34136, 279340, 28.87,0.2887053116030927,2025-07-14
ELECTCAST, EQ, 14-Jul-2025,123.25,123.0,123.0,119.7,120.0,119.88,120.8,2395715,2893.91,18394, 1015977, 42.41,0.42408091112674084,2025-07-14
ELECTHERM, EQ, 14-Jul-2025,1099.1,1104.0,1107.1,1060.0,1065.3,1066.6,1081.51,6449,69.75,564, 4078, 63.23,0.632346100170569,2025-07-14
ELGIEQUIP, EQ, 14-Jul-2025,551.05,548.0,556.5,542.15,552.0,552.65,550.02,273753,1505.7,14196, 96762, 35.35,0.353464619565813,2025-07-14
ELGIRUBCO, BE, 14-Jul-2025,62.15,63.39,63.39,63.36,63.36,63.36,63.38,10746,6.81,67, -, -,,2025-07-14
ELIN, BE, 14-Jul-2025,181.0,184.62,184.62,184.62,184.62,184.62,184.62,28832,53.23,80, -, -,,2025-07-14
ELLEN, EQ, 14-Jul-2025,604.3,598.4,637.7,562.6,570.85,569.9,596.04,3879879,23125.72,80193, 1090424, 28.10,0.2810458779771225,2025-07-14
EMAMILTD, EQ, 14-Jul-2025,587.0,585.5,591.75,576.9,585.8,585.4,582.91,698671,4072.61,38075, 497579, 71.22,0.7121792660637124,2025-07-14
EMAMIPAP, EQ, 14-Jul-2025,101.81,102.12,103.61,99.83,100.15,100.3,100.91,31929,32.22,1113, 18075, 56.61,0.5660997838955182,2025-07-14
EMAMIREAL, BE, 14-Jul-2025,108.13,106.25,109.0,105.1,106.9,106.89,106.24,7107,7.55,67, -, -,,2025-07-14
EMBDL, EQ, 14-Jul-2025,118.63,117.61,118.08,114.46,115.15,115.11,115.76,3952674,4575.47,21601, 1807858, 45.74,0.45737594347522714,2025-07-14
EMCURE, EQ, 14-Jul-2025,1297.2,1295.0,1361.9,1285.1,1352.0,1355.2,1334.89,395294,5276.74,15551, 248827, 62.95,0.6294732528194205,2025-07-14
EMIL, EQ, 14-Jul-2025,141.82,141.99,142.5,139.71,140.0,140.1,140.52,832197,1169.37,10052, 371683, 44.66,0.4466286227900365,2025-07-14
EMKAY, EQ, 14-Jul-2025,257.27,257.99,269.85,240.1,257.0,255.63,255.3,57359,146.43,1520, 32512, 56.68,0.5668160184103628,2025-07-14
EMMBI, EQ, 14-Jul-2025,107.77,107.11,109.69,107.11,108.9,108.1,108.35,13477,14.6,485, 8641, 64.12,0.6411664316984492,2025-07-14
EMSLIMITED, EQ, 14-Jul-2025,604.25,604.0,608.45,600.1,605.0,603.8,604.07,172044,1039.26,7446, 91001, 52.89,0.5289402710934412,2025-07-14
EMUDHRA, EQ, 14-Jul-2025,770.55,770.0,798.0,762.45,795.0,790.8,785.74,129163,1014.89,8322, 74238, 57.48,0.5747621222796002,2025-07-14
EMULTIMQ, EQ, 14-Jul-2025,42.95,43.11,43.11,42.55,42.9,42.85,42.79,43172,18.47,340, 35979, 83.34,0.8333873807097193,2025-07-14
ENDURANCE, EQ, 14-Jul-2025,2623.0,2602.1,2712.6,2602.1,2708.7,2692.0,2667.85,76903,2051.66,12204, 27027, 35.14,0.35144272655163,2025-07-14
ENERGYDEV, BE, 14-Jul-2025,21.53,21.88,22.25,21.5,22.23,22.07,21.82,29761,6.49,178, -, -,,2025-07-14
ENGINERSIN, EQ, 14-Jul-2025,250.52,250.52,251.55,246.2,248.0,249.08,249.41,3120289,7782.41,31656, 1367857, 43.84,0.4383750992295906,2025-07-14
ENIL, EQ, 14-Jul-2025,145.64,145.64,146.26,143.1,145.0,145.0,144.72,10276,14.87,2757, 6800, 66.17,0.6617360840794083,2025-07-14
ENRIN, EQ, 14-Jul-2025,3176.7,3176.7,3183.0,3043.5,3079.4,3076.1,3088.61,894477,27626.91,73874, 564144, 63.07,0.6306970441945405,2025-07-14
ENTERO, EQ, 14-Jul-2025,1271.5,1271.0,1271.5,1235.0,1252.3,1255.8,1249.18,46582,581.89,6255, 17549, 37.67,0.37673350221115454,2025-07-14
EPACK, EQ, 14-Jul-2025,367.3,367.3,369.35,360.0,363.4,362.55,365.29,325344,1188.44,7099, 164436, 50.54,0.5054219533785778,2025-07-14
EPIGRAL, EQ, 14-Jul-2025,1741.2,1741.0,1794.0,1683.4,1751.0,1736.3,1733.47,227008,3935.11,23652, 103188, 45.46,0.454556667606428,2025-07-14
EPL, EQ, 14-Jul-2025,236.25,238.2,238.5,235.0,237.35,237.42,237.18,392621,931.22,10425, 175991, 44.82,0.44824652782199625,2025-07-14
EQUAL200, EQ, 14-Jul-2025,13.06,13.13,13.13,13.04,13.08,13.11,13.1,23424,3.07,73, 23082, 98.54,0.9853995901639344,2025-07-14
EQUAL50, EQ, 14-Jul-2025,316.24,315.98,315.98,315.32,315.62,315.62,315.83,41,0.13,5, 41, 100.00,1.0,2025-07-14
EQUAL50ADD, EQ, 14-Jul-2025,326.82,329.9,329.9,324.0,326.18,326.07,325.91,10815,35.25,173, 8593, 79.45,0.7945446139620896,2025-07-14
EQUIPPP, BE, 14-Jul-2025,17.85,18.18,18.49,16.95,18.46,18.39,17.74,42359,7.51,58, -, -,,2025-07-14
EQUITASBNK, EQ, 14-Jul-2025,63.76,63.84,64.0,62.73,63.44,63.43,63.26,9011173,5700.34,31283, 5159823, 57.26,0.5726028120867284,2025-07-14
ERIS, EQ, 14-Jul-2025,1709.8,1694.3,1769.9,1694.3,1745.1,1746.5,1745.51,183255,3198.73,20509, 126349, 68.95,0.6894709557720117,2025-07-14
ESABINDIA, EQ, 14-Jul-2025,5241.0,5241.0,5252.0,5142.0,5179.0,5157.5,5188.56,3630,188.34,1071, 2322, 63.97,0.6396694214876033,2025-07-14
ESAFSFB, EQ, 14-Jul-2025,34.08,34.05,34.17,33.51,33.8,33.84,33.76,385204,130.03,1955, 146176, 37.95,0.37947684863085535,2025-07-14
ESCORTS, EQ, 14-Jul-2025,3300.3,3309.1,3321.2,3254.8,3269.0,3264.4,3269.4,73316,2396.99,11870, 36178, 49.35,0.49345299798134107,2025-07-14
ESG, EQ, 14-Jul-2025,42.66,42.78,42.78,42.51,42.72,42.71,42.65,24811,10.58,134, 17586, 70.88,0.7087985167869091,2025-07-14
ESILVER, EQ, 14-Jul-2025,111.69,112.54,115.38,112.51,115.0,114.97,114.59,16100,18.45,188, 9914, 61.58,0.6157763975155279,2025-07-14
ESSARSHPNG, BE, 14-Jul-2025,28.71,28.97,28.97,28.0,28.8,28.37,28.49,46734,13.32,361, -, -,,2025-07-14
ESSENTIA, EQ, 14-Jul-2025,2.16,2.18,2.18,2.14,2.15,2.15,2.15,1863322,40.13,1748, 1332528, 71.51,0.7151356555657047,2025-07-14
ESTER, EQ, 14-Jul-2025,126.2,126.15,126.15,123.49,124.15,124.02,124.5,119017,148.17,2317, 75751, 63.65,0.6364721006242806,2025-07-14
ETERNAL, EQ, 14-Jul-2025,263.35,264.95,277.75,262.3,271.0,270.6,271.02,50184664,136012.82,252843, 25693293, 51.20,0.5119749929978609,2025-07-14
ETHOSLTD, EQ, 14-Jul-2025,2701.2,2715.4,2729.1,2669.7,2685.5,2698.5,2700.49,24821,670.29,3875, 16585, 66.82,0.6681841988638653,2025-07-14
EUREKAFORB, EQ, 14-Jul-2025,573.25,571.95,576.1,562.75,567.0,568.7,570.16,152533,869.68,11801, 87801, 57.56,0.5756197019661319,2025-07-14
EUROTEXIND, EQ, 14-Jul-2025,14.5,13.8,14.91,13.8,13.81,13.86,13.95,5549,0.77,46, 3703, 66.73,0.6673274463867364,2025-07-14
EVEREADY, EQ, 14-Jul-2025,364.75,362.0,389.5,360.85,383.8,382.3,378.65,862091,3264.26,23310, 374740, 43.47,0.4346872893928831,2025-07-14
EVERESTIND, BE, 14-Jul-2025,548.0,558.95,558.95,550.0,555.95,555.95,555.8,2607,14.49,36, -, -,,2025-07-14
EVIETF, EQ, 14-Jul-2025,29.02,29.6,29.77,28.9,29.14,29.23,29.14,45848,13.36,367, 31648, 69.03,0.6902809282847671,2025-07-14
EVINDIA, EQ, 14-Jul-2025,29.01,29.1,29.6,28.94,29.18,29.19,29.12,282797,82.36,2140, 131856, 46.63,0.46625671418013626,2025-07-14
EXCEL, EQ, 14-Jul-2025,0.96,0.99,1.0,0.98,1.0,1.0,1.0,5113056,51.06,748, 2281786, 44.63,0.4462665771702872,2025-07-14
EXCELINDUS, EQ, 14-Jul-2025,1354.9,1343.0,1365.0,1330.6,1340.6,1346.6,1341.25,13249,177.7,2156, 6835, 51.59,0.5158879915465319,2025-07-14
EXICOM, EQ, 14-Jul-2025,177.22,178.4,179.79,174.22,178.7,178.35,176.86,292639,517.56,9414, 78438, 26.80,0.2680367278455708,2025-07-14
EXIDEIND, EQ, 14-Jul-2025,380.65,380.0,384.0,376.1,383.55,383.35,381.21,921937,3514.52,19886, 373628, 40.53,0.40526413410026935,2025-07-14
EXPLEOSOL, EQ, 14-Jul-2025,1252.8,1259.1,1263.5,1236.0,1247.0,1247.1,1251.09,7639,95.57,1337, 3885, 50.86,0.5085744207356984,2025-07-14
EXXARO, BE, 14-Jul-2025,8.81,8.81,9.0,8.52,8.75,8.73,8.78,145685,12.79,532, -, -,,2025-07-14
FACT, EQ, 14-Jul-2025,915.75,915.05,920.35,900.55,905.6,904.25,906.98,147640,1339.07,11470, 50631, 34.29,0.34293551882958545,2025-07-14
FAIRCHEMOR, EQ, 14-Jul-2025,984.4,984.4,987.5,969.6,982.9,976.6,978.42,5373,52.57,1461, 2748, 51.14,0.5114461194863205,2025-07-14
FAZE3Q, EQ, 14-Jul-2025,647.05,653.45,733.4,635.35,729.95,710.65,680.69,455449,3100.18,26387, 99849, 21.92,0.2192320106093108,2025-07-14
FCL, EQ, 14-Jul-2025,270.85,271.0,272.35,266.6,269.5,267.6,268.49,207742,557.77,6138, 94416, 45.45,0.4544868153767654,2025-07-14
FCONSUMER, BE, 14-Jul-2025,0.51,0.51,0.53,0.48,0.49,0.49,0.5,3290769,16.42,1629, -, -,,2025-07-14
FCSSOFT, EQ, 14-Jul-2025,2.74,2.74,2.77,2.7,2.75,2.73,2.74,2353487,64.4,2406, 1102985, 46.87,0.4686599076179303,2025-07-14
FDC, EQ, 14-Jul-2025,501.35,502.5,503.05,486.15,491.55,489.55,492.56,234395,1154.54,11542, 121894, 52.00,0.520036690202436,2025-07-14
FEDERALBNK, EQ, 14-Jul-2025,207.38,207.0,211.4,206.39,210.7,210.57,209.33,5690671,11912.22,49763, 2813196, 49.44,0.494352247740205,2025-07-14
FEDFINA, EQ, 14-Jul-2025,114.89,115.1,120.78,115.09,118.5,118.5,118.43,1321788,1565.45,19377, 702738, 53.17,0.5316571189933635,2025-07-14
FEL, BZ, 14-Jul-2025,0.6,0.59,0.61,0.59,0.61,0.59,0.6,285777,1.73,118, -, -,,2025-07-14
FELDVR, BZ, 14-Jul-2025,3.71,3.71,3.71,3.52,3.7,3.63,3.57,754,0.03,13, -, -,,2025-07-14
FIBERWEB, EQ, 14-Jul-2025,50.83,50.0,50.8,49.06,49.8,49.55,49.73,80995,40.28,881, 64633, 79.80,0.7979875300944502,2025-07-14
FIEMIND, EQ, 14-Jul-2025,1913.7,1913.7,1954.1,1890.0,1942.1,1928.0,1936.55,38754,750.49,6223, 17132, 44.21,0.44207049594880526,2025-07-14
FILATEX, EQ, 14-Jul-2025,59.36,59.25,59.6,58.36,58.99,58.88,58.85,683482,402.22,6704, 296246, 43.34,0.43343643285412053,2025-07-14
FILATFASH, EQ, 14-Jul-2025,0.69,0.7,0.71,0.67,0.69,0.68,0.69,50771895,349.05,6294, 25593885, 50.41,0.5040955237144488,2025-07-14
FINCABLES, EQ, 14-Jul-2025,957.45,956.0,956.6,948.0,950.55,950.85,951.69,115432,1098.56,8894, 45156, 39.12,0.3911913507519579,2025-07-14
FINEORG, EQ, 14-Jul-2025,5156.3,5137.5,5363.0,5137.5,5287.8,5299.8,5291.01,41154,2177.46,10209, 19693, 47.85,0.47851970646838704,2025-07-14
FINIETF, EQ, 14-Jul-2025,30.47,30.77,31.38,30.25,30.46,30.46,30.35,421589,127.97,1866, 245052, 58.13,0.5812580499016815,2025-07-14
FINOPB, EQ, 14-Jul-2025,296.55,297.0,300.55,285.35,289.1,288.7,291.58,443933,1294.4,10130, 163612, 36.86,0.3685511101900512,2025-07-14
FINPIPE, EQ, 14-Jul-2025,205.44,205.7,206.9,203.49,205.12,204.91,204.99,368871,756.14,9440, 123689, 33.53,0.3353177669158053,2025-07-14
FIRSTCRY, EQ, 14-Jul-2025,379.85,380.9,387.2,375.2,385.1,385.4,383.2,1062869,4072.91,19627, 255590, 24.05,0.240471779683103,2025-07-14
FISCHER, EQ, 14-Jul-2025,845.05,843.0,866.35,795.5,806.0,807.25,821.71,69892,574.31,4064, 29645, 42.42,0.42415440966061924,2025-07-14
FIVESTAR, EQ, 14-Jul-2025,770.1,766.0,794.45,758.5,778.0,780.1,779.98,1226186,9564.04,51411, 667323, 54.42,0.5442265692154371,2025-07-14
FLAIR, EQ, 14-Jul-2025,300.05,300.0,323.6,299.85,320.1,319.8,318.38,1002023,3190.26,19781, 356161, 35.54,0.35544194095345116,2025-07-14
FLEXITUFF, BE, 14-Jul-2025,34.18,33.5,34.0,33.5,33.99,33.99,33.96,3830,1.3,9, -, -,,2025-07-14
FLFL, BZ, 14-Jul-2025,2.15,2.04,2.04,2.04,2.04,2.04,2.04,5659,0.12,6, -, -,,2025-07-14
FLUOROCHEM, EQ, 14-Jul-2025,3383.4,3383.3,3458.0,3352.8,3399.6,3412.2,3411.08,118503,4042.23,17062, 73636, 62.14,0.6213851126131827,2025-07-14
FMCGIETF, EQ, 14-Jul-2025,59.5,59.86,60.48,59.31,59.7,59.68,59.58,955964,569.53,3919, 650889, 68.09,0.6808718738362532,2025-07-14
FMGOETZE, EQ, 14-Jul-2025,553.9,553.9,565.0,541.65,565.0,562.0,557.75,77333,431.32,6984, 37680, 48.72,0.4872434794977565,2025-07-14
FMNL, BE, 14-Jul-2025,15.89,16.21,16.29,15.35,16.22,16.02,16.04,12539,2.01,99, -, -,,2025-07-14
FOCUS, BE, 14-Jul-2025,105.21,103.55,105.2,103.55,104.0,103.91,104.34,29622,30.91,281, -, -,,2025-07-14
FOODSIN, BE, 14-Jul-2025,112.22,109.75,112.99,109.5,109.95,110.1,110.3,61198,67.5,247, -, -,,2025-07-14
FORCEMOT, EQ, 14-Jul-2025,16421.0,16421.0,16800.0,16390.0,16666.0,16683.0,16620.27,82706,13745.96,19872, 15420, 18.64,0.1864435470219815,2025-07-14
FORTIS, EQ, 14-Jul-2025,764.55,761.0,786.9,761.0,786.9,782.3,778.21,1646076,12809.99,60116, 1071327, 65.08,0.6508368993898216,2025-07-14
FOSECOIND, EQ, 14-Jul-2025,4821.2,4850.0,4868.5,4780.0,4780.0,4815.6,4813.72,1050,50.54,621, 448, 42.67,0.4266666666666667,2025-07-14
FSC, BZ, 14-Jul-2025,2.91,2.76,2.97,2.76,2.76,2.76,2.76,60560,1.67,53, -, -,,2025-07-14
FSL, EQ, 14-Jul-2025,354.0,352.05,356.3,344.5,350.0,348.6,348.43,1121341,3907.09,36235, 499583, 44.55,0.4455228159855031,2025-07-14
FUSION, EQ, 14-Jul-2025,188.81,188.81,188.82,184.5,185.5,185.48,186.27,312117,581.37,5139, 117964, 37.79,0.3779480130848368,2025-07-14
GABRIEL, EQ, 14-Jul-2025,1083.2,1082.0,1120.0,1032.9,1110.0,1110.05,1094.25,856222,9369.21,35943, 276113, 32.25,0.3224782825015008,2025-07-14
GAEL, EQ, 14-Jul-2025,110.52,111.0,111.0,109.77,110.56,110.43,110.3,258728,285.38,6043, 138647, 53.59,0.535879379116292,2025-07-14
GAIL, EQ, 14-Jul-2025,181.89,181.89,184.4,180.11,183.52,183.64,182.74,15937447,29123.83,74164, 10265216, 64.41,0.6440941262424277,2025-07-14
GALAPREC, EQ, 14-Jul-2025,900.4,909.4,919.4,892.0,905.2,903.55,904.64,41681,377.06,3639, 19247, 46.18,0.4617691514119143,2025-07-14
GALAXYSURF, EQ, 14-Jul-2025,2542.9,2542.9,2583.8,2526.3,2532.5,2552.9,2554.46,19538,499.09,3960, 11658, 59.67,0.5966833862217218,2025-07-14
GALLANTT, EQ, 14-Jul-2025,582.95,585.9,594.05,573.0,579.25,575.25,582.47,181382,1056.5,7371, 74667, 41.17,0.4116560628948848,2025-07-14
GANDHAR, EQ, 14-Jul-2025,169.56,170.0,171.0,167.55,170.06,170.18,169.61,117838,199.86,3270, 56759, 48.17,0.4816697499957569,2025-07-14
GANDHITUBE, EQ, 14-Jul-2025,732.1,732.1,735.6,723.0,735.5,731.8,729.46,2194,16.0,354, 1554, 70.83,0.7082953509571559,2025-07-14
GANECOS, EQ, 14-Jul-2025,1492.4,1499.9,1506.3,1471.0,1496.0,1492.1,1485.73,50814,754.96,6014, 33630, 66.18,0.6618254811666077,2025-07-14
GANESHBE, EQ, 14-Jul-2025,95.42,96.0,96.34,93.9,95.11,95.29,94.89,90816,86.17,1459, 43094, 47.45,0.47451990838618746,2025-07-14
GANESHHOUC, EQ, 14-Jul-2025,995.7,995.05,996.8,982.0,983.55,986.55,988.4,49092,485.22,4441, 27826, 56.68,0.5668133300741465,2025-07-14
GANGAFORGE, EQ, 14-Jul-2025,3.72,3.78,3.78,3.68,3.77,3.73,3.72,257445,9.59,425, 205205, 79.71,0.7970828720697625,2025-07-14
GANGESSECU, EQ, 14-Jul-2025,167.3,170.0,170.0,162.2,166.0,164.53,164.42,1106,1.82,157, 700, 63.29,0.6329113924050633,2025-07-14
GANGOTRI, BZ, 14-Jul-2025,0.65,0.65,0.67,0.61,0.67,0.66,0.67,124739,0.83,107, -, -,,2025-07-14
GARFIBRES, EQ, 14-Jul-2025,911.75,911.75,928.55,910.15,919.0,919.95,917.76,27677,254.01,5188, 13134, 47.45,0.4745456516240922,2025-07-14
GARUDA, EQ, 14-Jul-2025,134.22,135.7,142.0,133.3,140.25,140.47,138.11,3800000,5248.23,31125, 950209, 25.01,0.250055,2025-07-14
GATECH, BE, 14-Jul-2025,0.88,0.92,0.92,0.83,0.83,0.83,0.84,24125082,201.72,6122, -, -,,2025-07-14
GATECHDVR, BE, 14-Jul-2025,0.58,0.59,0.59,0.56,0.58,0.57,0.57,1561300,8.95,591, -, -,,2025-07-14
GATEWAY, EQ, 14-Jul-2025,65.46,65.5,66.5,64.68,65.72,65.92,65.7,1130056,742.45,11587, 603994, 53.45,0.5344814770241475,2025-07-14
GAYAHWS, BE, 14-Jul-2025,1.61,1.69,1.69,1.65,1.69,1.69,1.69,458994,7.74,480, -, -,,2025-07-14
GAYAPROJ, BZ, 14-Jul-2025,8.25,7.85,8.65,7.85,8.65,8.64,8.6,260738,22.41,82, -, -,,2025-07-14
GEECEE, EQ, 14-Jul-2025,373.8,378.2,383.15,372.2,379.0,374.7,377.42,3059,11.55,507, 1276, 41.71,0.4171297809741746,2025-07-14
GEEKAYWIRE, EQ, 14-Jul-2025,70.0,71.0,71.0,69.45,69.77,69.84,70.05,47521,33.29,1002, 31557, 66.41,0.6640643084110183,2025-07-14
GENCON, BE, 14-Jul-2025,40.11,40.11,40.97,38.58,40.0,40.01,40.13,10859,4.36,80, -, -,,2025-07-14
GENESYS, EQ, 14-Jul-2025,666.2,665.0,670.8,652.0,658.1,657.0,659.78,160520,1059.08,11810, 54502, 33.95,0.33953401445302767,2025-07-14
GENSOL, BE, 14-Jul-2025,53.99,51.29,51.29,51.29,51.29,51.29,51.29,36000,18.46,314, -, -,,2025-07-14
GENUSPAPER, EQ, 14-Jul-2025,19.62,19.64,19.95,19.5,19.62,19.66,19.69,171756,33.82,1490, 57954, 33.74,0.3374205267938238,2025-07-14
GENUSPOWER, EQ, 14-Jul-2025,362.25,360.7,379.5,360.6,374.95,375.7,372.65,2073386,7726.47,38654, 1052076, 50.74,0.5074192649125633,2025-07-14
GEOJITFSL, EQ, 14-Jul-2025,81.89,82.0,82.7,81.12,82.25,82.27,82.03,384605,315.51,5209, 198552, 51.62,0.5162491387267456,2025-07-14
GEPIL, EQ, 14-Jul-2025,331.9,322.0,324.5,305.55,307.35,306.7,311.11,1110578,3455.17,29643, 426549, 38.41,0.38407838080711126,2025-07-14
GESHIP, EQ, 14-Jul-2025,992.0,992.0,1002.0,982.6,993.0,994.8,992.66,200343,1988.73,11259, 80703, 40.28,0.4028241565714799,2025-07-14
GFLLIMITED, EQ, 14-Jul-2025,63.96,64.9,64.9,63.24,64.22,63.81,63.99,28999,18.56,914, 15278, 52.68,0.526845753301838,2025-07-14
GFSTEELS, BE, 14-Jul-2025,9.27,9.73,9.73,9.73,9.73,9.73,9.73,7490,0.73,10, -, -,,2025-07-14
GHCL, EQ, 14-Jul-2025,606.95,611.9,617.95,603.0,611.0,611.45,610.06,79188,483.09,8196, 36260, 45.79,0.45789766126180736,2025-07-14
GHCLTEXTIL, EQ, 14-Jul-2025,90.87,90.16,91.75,89.01,89.95,89.72,89.88,133384,119.89,1558, 74453, 55.82,0.5581853895519703,2025-07-14
GICHSGFIN, EQ, 14-Jul-2025,199.02,201.48,202.79,198.0,200.7,200.41,200.63,388516,779.48,8871, 171641, 44.18,0.4417861812640921,2025-07-14
GICRE, EQ, 14-Jul-2025,375.25,375.8,383.35,374.0,382.95,382.85,378.08,1154248,4363.98,15603, 843089, 73.04,0.7304227514364331,2025-07-14
GILLANDERS, EQ, 14-Jul-2025,132.75,132.75,138.56,130.84,136.0,135.7,135.14,23053,31.15,920, 11096, 48.13,0.4813256409144146,2025-07-14
GILLETTE, EQ, 14-Jul-2025,10749.0,10820.0,10897.0,10511.0,10725.0,10691.0,10707.75,18271,1956.41,6844, 6627, 36.27,0.36270592742597557,2025-07-14
GILT5YBEES, EQ, 14-Jul-2025,62.74,62.8,62.8,62.59,62.64,62.66,62.67,519200,325.4,711, 421884, 81.26,0.8125654853620955,2025-07-14
GINNIFILA, BE, 14-Jul-2025,43.5,43.0,43.0,42.63,42.65,42.65,42.66,34071,14.53,84, -, -,,2025-07-14
GIPCL, EQ, 14-Jul-2025,212.91,213.49,216.8,210.6,214.31,214.98,214.25,372708,798.53,8356, 174815, 46.90,0.46904010646404154,2025-07-14
GKWLIMITED, EQ, 14-Jul-2025,1766.3,1766.3,1775.0,1716.2,1774.0,1757.9,1748.59,284,4.97,90, 211, 74.30,0.7429577464788732,2025-07-14
GLAND, EQ, 14-Jul-2025,1859.0,1869.0,1934.4,1861.1,1890.0,1889.6,1889.02,515348,9735.05,36821, 281057, 54.54,0.5453732235305075,2025-07-14
GLAXO, EQ, 14-Jul-2025,3243.8,3243.8,3254.9,3171.6,3189.7,3187.9,3198.92,77362,2474.75,18401, 42772, 55.29,0.5528812595331041,2025-07-14
GLENMARK, EQ, 14-Jul-2025,2181.1,2170.1,2229.0,2138.5,2208.5,2219.2,2196.15,3573890,78488.03,133940, 930808, 26.04,0.2604467401067185,2025-07-14
GLFL, BE, 14-Jul-2025,6.25,6.25,6.25,6.24,6.25,6.25,6.25,2994,0.19,11, -, -,,2025-07-14
GLOBAL, BE, 14-Jul-2025,64.73,63.2,64.95,63.2,64.63,64.2,64.08,12805,8.21,180, -, -,,2025-07-14
GLOBALE, BE, 14-Jul-2025,14.0,14.3,14.3,13.31,14.29,13.98,13.98,7960,1.11,84, -, -,,2025-07-14
GLOBALVECT, EQ, 14-Jul-2025,259.92,259.92,267.85,257.41,258.15,260.16,262.05,14789,38.76,893, 8329, 56.32,0.5631888565825952,2025-07-14
GLOBE, EQ, 14-Jul-2025,2.43,2.45,2.46,2.37,2.4,2.39,2.41,640826,15.45,660, 506960, 79.11,0.7911039814239746,2025-07-14
GLOBECIVIL, BE, 14-Jul-2025,79.11,79.02,79.95,75.6,77.87,77.63,77.78,276980,215.43,1982, -, -,,2025-07-14
GLOBUSSPR, EQ, 14-Jul-2025,1008.0,1008.95,1032.5,1006.35,1026.0,1026.6,1021.15,123726,1263.42,11947, 61150, 49.42,0.4942372662172866,2025-07-14
GLOSTERLTD, EQ, 14-Jul-2025,707.1,707.1,715.2,703.7,709.4,708.35,708.5,1820,12.89,194, 1210, 66.48,0.6648351648351648,2025-07-14
GMBREW, EQ, 14-Jul-2025,747.9,750.0,768.0,750.0,761.95,757.55,757.71,93129,705.64,5203, 27642, 29.68,0.29681409657571756,2025-07-14
GMDCLTD, EQ, 14-Jul-2025,379.1,379.15,383.5,374.8,376.2,376.5,378.04,817049,3088.8,18700, 339437, 41.54,0.41544264787056834,2025-07-14
GMMPFAUDLR, EQ, 14-Jul-2025,1293.6,1293.6,1340.0,1280.0,1331.7,1334.8,1325.64,69777,924.99,9643, 38937, 55.80,0.5580205511844877,2025-07-14
GMRAIRPORT, EQ, 14-Jul-2025,90.61,90.3,92.39,89.65,91.42,91.66,91.17,9763399,8901.15,27490, 5608968, 57.45,0.5744892736638132,2025-07-14
GMRP&UI, EQ, 14-Jul-2025,113.78,113.99,114.89,112.12,113.8,113.86,113.65,812598,923.55,8369, 362812, 44.65,0.44648399331526784,2025-07-14
GNA, EQ, 14-Jul-2025,322.85,322.0,333.0,319.35,325.75,325.9,322.78,30019,96.9,1492, 17433, 58.07,0.5807322029381392,2025-07-14
GNFC, EQ, 14-Jul-2025,539.1,537.0,540.95,533.2,535.9,535.6,536.78,143501,770.28,6997, 76712, 53.46,0.5345746719535055,2025-07-14
GOACARBON, EQ, 14-Jul-2025,482.75,482.75,496.25,473.75,489.05,489.6,488.69,38868,189.94,2727, 12229, 31.46,0.31462900072038696,2025-07-14
GOCLCORP, EQ, 14-Jul-2025,383.7,385.0,400.4,384.5,392.7,394.55,392.88,137896,541.77,4909, 63218, 45.84,0.45844694552416315,2025-07-14
GOCOLORS, EQ, 14-Jul-2025,901.65,906.4,908.0,888.1,892.55,893.15,897.64,35597,319.53,4902, 21756, 61.12,0.6111750990251987,2025-07-14
GODAVARIB, BE, 14-Jul-2025,278.51,272.0,292.43,271.0,290.9,291.17,289.47,206903,598.92,1872, -, -,,2025-07-14
GODFRYPHLP, EQ, 14-Jul-2025,8401.5,8448.0,9100.0,8372.5,9085.0,9051.0,8884.39,445827,39609.02,68908, 110861, 24.87,0.24866371933507841,2025-07-14
GODHA, BE, 14-Jul-2025,0.66,0.62,0.62,0.62,0.62,0.62,0.62,4222219,26.18,1831, -, -,,2025-07-14
GODIGIT, EQ, 14-Jul-2025,342.05,342.0,354.7,340.0,352.3,352.15,348.02,3136093,10914.2,17391, 2703544, 86.21,0.8620739244658879,2025-07-14
GODREJAGRO, EQ, 14-Jul-2025,780.3,780.3,784.95,769.95,771.05,773.75,775.32,113095,876.84,8950, 57841, 51.14,0.5114372872363941,2025-07-14
GODREJCP, EQ, 14-Jul-2025,1285.0,1288.0,1289.3,1264.3,1266.3,1266.6,1272.36,888983,11311.03,38154, 589784, 66.34,0.6634367586331797,2025-07-14
GODREJIND, EQ, 14-Jul-2025,1095.6,1105.5,1119.0,1082.0,1091.0,1096.7,1094.66,116468,1274.93,15396, 43455, 37.31,0.3731067761101762,2025-07-14
GODREJPROP, EQ, 14-Jul-2025,2206.3,2206.3,2270.0,2192.9,2257.9,2256.9,2231.44,906438,20226.66,50153, 583188, 64.34,0.6433843241346898,2025-07-14
GOENKA, BZ, 14-Jul-2025,0.9,0.93,0.93,0.87,0.89,0.91,0.9,45805,0.41,109, -, -,,2025-07-14
GOKEX, EQ, 14-Jul-2025,915.05,915.0,928.0,908.1,925.0,924.65,922.07,130269,1201.17,11853, 51811, 39.77,0.39772317281932,2025-07-14
GOKUL, EQ, 14-Jul-2025,43.97,43.97,44.4,42.84,43.99,43.62,43.41,34160,14.83,860, 14907, 43.64,0.43638758782201403,2025-07-14
GOKULAGRO, EQ, 14-Jul-2025,310.05,310.0,313.65,303.2,312.0,312.05,309.82,217735,674.59,9357, 60789, 27.92,0.27918800376604586,2025-07-14
GOLD1, EQ, 14-Jul-2025,81.82,81.82,82.6,81.82,82.45,82.46,82.38,439701,362.25,3620, 292055, 66.42,0.6642127263754233,2025-07-14
GOLD360, EQ, 14-Jul-2025,96.3,97.25,97.5,96.85,97.45,97.1,97.22,3325,3.23,66, 2787, 83.82,0.8381954887218045,2025-07-14
GOLDBEES, EQ, 14-Jul-2025,81.15,82.5,82.65,81.54,81.96,81.88,81.83,11698807,9572.68,59170, 8166505, 69.81,0.6980630589084853,2025-07-14
GOLDCASE, EQ, 14-Jul-2025,15.43,15.89,15.89,15.45,15.56,15.55,15.55,2335697,363.11,3679, 1489745, 63.78,0.6378160352134716,2025-07-14
GOLDENTOBC, BZ, 14-Jul-2025,35.95,35.95,36.5,34.92,34.92,35.04,35.91,1156,0.42,24, -, -,,2025-07-14
GOLDETF, EQ, 14-Jul-2025,95.27,94.55,96.4,94.55,96.11,96.22,96.07,393848,378.35,1894, 204902, 52.03,0.5202565456724422,2025-07-14
GOLDETFADD, EQ, 14-Jul-2025,95.29,96.17,96.21,95.52,96.0,96.11,96.09,115060,110.57,264, 98865, 85.92,0.8592473492091083,2025-07-14
GOLDIAM, EQ, 14-Jul-2025,339.8,339.8,340.55,334.2,336.05,336.6,336.65,186412,627.56,4252, 71315, 38.26,0.38256657296740554,2025-07-14
GOLDIETF, EQ, 14-Jul-2025,83.67,84.08,84.74,84.08,84.72,84.7,84.56,1744126,1474.8,17150, 1220155, 69.96,0.6995796175276328,2025-07-14
GOLDSHARE, EQ, 14-Jul-2025,82.1,82.95,83.1,82.2,83.1,83.0,82.92,397666,329.76,1543, 318392, 80.07,0.8006518032720926,2025-07-14
GOLDTECH, EQ, 14-Jul-2025,71.12,70.41,73.46,70.41,71.16,71.77,71.52,25673,18.36,950, 14874, 57.94,0.5793635336735091,2025-07-14
GOODLUCK, EQ, 14-Jul-2025,1110.9,1102.0,1134.5,1102.0,1119.0,1115.6,1116.11,111373,1243.05,10429, 50335, 45.19,0.4519497544288113,2025-07-14
GOPAL, EQ, 14-Jul-2025,351.4,351.5,358.8,345.65,352.0,353.2,353.6,94500,334.15,4219, 38200, 40.42,0.4042328042328042,2025-07-14
GOYALALUM, EQ, 14-Jul-2025,8.08,8.09,8.13,8.01,8.03,8.02,8.04,59322,4.77,430, 49495, 83.43,0.8343447624827214,2025-07-14
GPIL, EQ, 14-Jul-2025,186.82,187.99,187.99,182.33,182.35,182.93,184.37,992030,1828.99,21931, 479698, 48.36,0.48355190871243814,2025-07-14
GPPL, EQ, 14-Jul-2025,158.27,158.69,159.7,157.05,158.72,158.63,158.6,629463,998.35,10101, 293919, 46.69,0.46693610267799696,2025-07-14
GPTHEALTH, EQ, 14-Jul-2025,175.83,175.6,176.39,170.63,171.5,171.69,173.19,878062,1520.75,16757, 397998, 45.33,0.45326867578827007,2025-07-14
GPTINFRA, EQ, 14-Jul-2025,125.01,125.0,125.99,122.9,123.2,123.31,123.45,70751,87.34,1589, 40700, 57.53,0.5752568868284548,2025-07-14
GRANULES, EQ, 14-Jul-2025,469.0,469.0,489.5,467.0,486.8,485.75,481.36,792132,3813.0,20580, 289505, 36.55,0.36547570354435877,2025-07-14
GRAPHITE, EQ, 14-Jul-2025,562.4,565.15,590.0,562.1,588.4,585.3,582.46,3901462,22724.44,75220, 1075367, 27.56,0.2756318016169323,2025-07-14
GRASIM, EQ, 14-Jul-2025,2762.0,2774.0,2809.0,2755.1,2789.0,2784.4,2784.46,2913912,81136.67,50722, 2479593, 85.09,0.8509498570993221,2025-07-14
GRAVITA, EQ, 14-Jul-2025,1738.7,1739.9,1754.9,1711.0,1730.0,1730.0,1732.76,191839,3324.12,15672, 97487, 50.82,0.5081709141519711,2025-07-14
GREAVESCOT, EQ, 14-Jul-2025,201.33,201.31,203.9,200.06,203.01,203.06,202.1,1039524,2100.91,16251, 350870, 33.75,0.3375294846487431,2025-07-14
GREENLAM, EQ, 14-Jul-2025,243.05,244.26,244.26,238.27,242.49,241.26,240.27,14472,34.77,1249, 7666, 52.97,0.5297125483692647,2025-07-14
GREENPANEL, EQ, 14-Jul-2025,282.0,282.65,289.0,277.1,283.85,286.05,283.82,95689,271.59,12180, 56026, 58.55,0.5855009457722413,2025-07-14
GREENPLY, EQ, 14-Jul-2025,302.55,302.35,304.8,299.0,302.0,302.85,302.82,111957,339.03,5563, 82949, 74.09,0.7409005243084399,2025-07-14
GREENPOWER, EQ, 14-Jul-2025,15.17,15.3,15.56,14.81,15.32,15.36,15.22,11519741,1753.0,19718, 3313390, 28.76,0.28762712633903836,2025-07-14
GRINDWELL, EQ, 14-Jul-2025,1707.7,1714.4,1737.2,1710.1,1725.1,1726.2,1720.87,38554,663.46,5494, 18531, 48.07,0.4806505161591534,2025-07-14
GRINFRA, EQ, 14-Jul-2025,1259.1,1259.1,1275.0,1247.7,1270.0,1271.4,1262.58,14439,182.3,2033, 6180, 42.80,0.4280074797423644,2025-07-14
GRMOVER, EQ, 14-Jul-2025,377.4,377.4,384.4,374.5,381.15,383.0,379.34,527318,2000.35,6083, 166333, 31.54,0.31543205428223575,2025-07-14
GROBTEA, BE, 14-Jul-2025,1134.0,1134.0,1163.0,1100.0,1111.1,1112.7,1133.24,160,1.81,18, -, -,,2025-07-14
GROWWDEFNC, EQ, 14-Jul-2025,85.28,85.28,86.0,83.79,84.35,84.51,84.32,485247,409.18,6071, 243983, 50.28,0.5028016659556885,2025-07-14
GROWWEV, EQ, 14-Jul-2025,29.06,29.06,29.26,27.7,29.22,29.21,29.07,226661,65.9,3447, 142940, 63.06,0.6306334128941459,2025-07-14
GROWWGOLD, EQ, 14-Jul-2025,96.04,97.26,97.26,96.06,97.07,97.04,96.82,230027,222.71,2514, 161291, 70.12,0.7011829046155451,2025-07-14
GROWWLIQID, EQ, 14-Jul-2025,104.83,104.85,104.85,104.84,104.85,104.84,104.84,170614,178.88,227, 106901, 62.66,0.6265664013504167,2025-07-14
GROWWLOVOL, EQ, 14-Jul-2025,10.12,10.34,10.35,10.0,10.12,10.07,10.1,65278,6.59,384, 49890, 76.43,0.7642697386562088,2025-07-14
GROWWMOM50, EQ, 14-Jul-2025,10.7,10.71,10.76,10.6,10.74,10.74,10.7,241976,25.89,1812, 141842, 58.62,0.5861821007042021,2025-07-14
GROWWN200, EQ, 14-Jul-2025,11.35,11.4,11.6,11.2,11.4,11.35,11.33,126401,14.32,1555, 107380, 84.95,0.8495185955807312,2025-07-14
GROWWNET, EQ, 14-Jul-2025,9.94,9.8,10.15,9.17,10.15,10.09,10.01,380840,38.12,2359, 250270, 65.72,0.6571526100199558,2025-07-14
GROWWRAIL, EQ, 14-Jul-2025,38.11,38.44,38.44,37.5,38.02,37.89,37.91,419597,159.06,2863, 304299, 72.52,0.7252172918300178,2025-07-14
GROWWSLVR, EQ, 14-Jul-2025,109.59,111.8,114.0,110.65,113.26,113.24,112.85,506974,572.14,2667, 379116, 74.78,0.7478016624126681,2025-07-14
GRPLTD, EQ, 14-Jul-2025,2625.0,2625.8,2684.9,2575.1,2620.0,2586.0,2611.84,2166,56.57,521, 1351, 62.37,0.623730378578024,2025-07-14
GRSE, EQ, 14-Jul-2025,2801.6,2793.0,2798.6,2645.2,2666.1,2669.0,2694.4,1518404,40911.94,93413, 496465, 32.70,0.32696502380130715,2025-07-14
GRWRHITECH, EQ, 14-Jul-2025,3603.9,3604.1,3649.3,3575.0,3612.0,3616.4,3605.98,24057,867.49,4037, 12612, 52.43,0.524254894625265,2025-07-14
GSEC10ABSL, EQ, 14-Jul-2025,109.74,109.2,110.0,109.19,110.0,109.97,109.71,6158,6.76,12, 4156, 67.49,0.674894446248782,2025-07-14
GSEC10IETF, EQ, 14-Jul-2025,257.66,257.66,258.68,257.49,258.6,258.6,257.78,653,1.68,12, 616, 94.33,0.9433384379785605,2025-07-14
GSEC10YEAR, EQ, 14-Jul-2025,29.34,29.36,29.36,29.25,29.25,29.25,29.26,4950,1.45,28, 2004, 40.48,0.40484848484848485,2025-07-14
GSEC5IETF, EQ, 14-Jul-2025,62.77,63.03,63.08,62.78,63.0,62.99,62.98,19763,12.45,32, 18301, 92.60,0.9260233770176592,2025-07-14
GSFC, EQ, 14-Jul-2025,201.28,200.8,202.07,199.36,200.25,200.94,200.7,505283,1014.09,11795, 218225, 43.19,0.4318866852832967,2025-07-14
GSLSU, EQ, 14-Jul-2025,112.34,112.2,112.65,109.75,111.51,111.69,111.37,150445,167.56,1379, 114977, 76.42,0.764246069992356,2025-07-14
GSPL, EQ, 14-Jul-2025,327.45,328.45,328.45,322.1,322.9,322.9,324.59,279322,906.65,10257, 146874, 52.58,0.5258232434251509,2025-07-14
GSS, EQ, 14-Jul-2025,31.88,32.34,32.84,31.56,32.7,32.49,32.27,57138,18.44,622, 38703, 67.74,0.6773600756064265,2025-07-14
GTECJAINX, BE, 14-Jul-2025,24.48,24.46,24.46,23.35,24.35,24.35,24.35,98,0.02,4, -, -,,2025-07-14
GTL, EQ, 14-Jul-2025,10.23,10.44,10.44,10.11,10.22,10.22,10.3,553812,57.03,1652, 346279, 62.53,0.6252645302015847,2025-07-14
GTLINFRA, EQ, 14-Jul-2025,1.75,1.76,1.77,1.72,1.73,1.72,1.73,75515465,1308.49,27171, 36166124, 47.89,0.47892340992669513,2025-07-14
GTPL, EQ, 14-Jul-2025,115.84,116.41,116.89,113.2,115.0,113.99,115.11,73658,84.79,2178, 31874, 43.27,0.43272964240136846,2025-07-14
GUFICBIO, EQ, 14-Jul-2025,349.05,349.7,357.55,345.85,354.1,354.5,352.83,34715,122.48,3224, 12020, 34.62,0.34624801958807433,2025-07-14
GUJALKALI, EQ, 14-Jul-2025,591.5,590.0,591.85,583.0,584.05,586.45,586.9,27825,163.3,2332, 12678, 45.56,0.45563342318059297,2025-07-14
GUJAPOLLO, EQ, 14-Jul-2025,374.8,405.0,412.25,386.55,401.6,400.1,406.08,200879,815.74,3706, 82808, 41.22,0.41222825681131425,2025-07-14
GUJGASLTD, EQ, 14-Jul-2025,467.3,465.3,470.95,462.15,463.6,463.15,465.95,135996,633.68,8847, 67870, 49.91,0.4990587958469367,2025-07-14
GUJRAFFIA, EQ, 14-Jul-2025,41.43,42.25,42.25,40.21,41.25,41.11,41.33,5066,2.09,226, 3241, 63.98,0.6397552309514409,2025-07-14
GUJTHEM, EQ, 14-Jul-2025,344.9,346.65,362.5,340.0,360.0,360.05,355.95,415672,1479.6,11203, 215003, 51.72,0.5172419600069286,2025-07-14
GULFOILLUB, EQ, 14-Jul-2025,1240.9,1242.1,1249.0,1220.0,1228.0,1227.6,1230.02,56748,698.01,8476, 34118, 60.12,0.6012194262352858,2025-07-14
GULFPETRO, EQ, 14-Jul-2025,44.5,44.5,45.19,44.32,44.82,44.94,44.7,53019,23.7,597, 28997, 54.69,0.5469171429110319,2025-07-14
GULPOLY, EQ, 14-Jul-2025,167.53,166.32,170.0,166.27,168.61,169.54,168.64,58704,99.0,1983, 30200, 51.44,0.5144453529572091,2025-07-14
GVKPIL, BE, 14-Jul-2025,4.06,4.08,4.14,4.0,4.14,4.14,4.08,747664,30.53,1200, -, -,,2025-07-14
GVPTECH, EQ, 14-Jul-2025,10.86,10.86,11.28,10.45,10.6,10.51,10.61,200990,21.32,535, 140184, 69.75,0.6974675356982935,2025-07-14
GVPTECH-RE, BE, 14-Jul-2025,0.86,0.97,1.2,0.51,1.0,0.96,0.69,491554,3.41,942, -, -,,2025-07-14
GVT&D, EQ, 14-Jul-2025,2332.9,2324.0,2324.8,2265.0,2280.0,2286.2,2285.14,992218,22673.6,57694, 846293, 85.29,0.8529305051913995,2025-07-14
HAL, EQ, 14-Jul-2025,4866.1,4866.1,4915.0,4840.0,4886.8,4886.2,4883.72,831409,40603.7,53594, 448166, 53.90,0.5390439603131552,2025-07-14
HAPPSTMNDS, EQ, 14-Jul-2025,629.1,627.75,628.85,619.15,624.0,625.7,624.29,203837,1272.53,13504, 78602, 38.56,0.3856120331441299,2025-07-14
HAPPYFORGE, EQ, 14-Jul-2025,934.05,934.05,950.9,909.9,923.5,922.55,922.07,30398,280.29,3273, 16280, 53.56,0.5355615501019804,2025-07-14
HARDWYN, BE, 14-Jul-2025,14.33,14.33,14.8,13.76,13.9,13.91,14.08,217044,30.55,568, -, -,,2025-07-14
HARIOMPIPE, EQ, 14-Jul-2025,454.05,461.0,461.0,447.0,450.0,451.35,451.74,249267,1126.05,6679, 104212, 41.81,0.41807379235919717,2025-07-14
HARRMALAYA, EQ, 14-Jul-2025,208.67,207.11,212.9,207.11,209.5,209.88,210.66,9910,20.88,655, 5028, 50.74,0.5073662966700303,2025-07-14
HARSHA, EQ, 14-Jul-2025,410.35,411.0,434.0,410.1,410.55,412.4,422.69,441661,1866.85,14261, 66564, 15.07,0.15071287707087563,2025-07-14
HATHWAY, EQ, 14-Jul-2025,15.36,15.38,15.77,15.23,15.75,15.63,15.47,3242780,501.61,5249, 1259716, 38.85,0.38846791950116877,2025-07-14
HATSUN, EQ, 14-Jul-2025,947.75,945.0,948.55,935.1,945.05,941.3,940.84,14206,133.66,1469, 8142, 57.31,0.5731381106574687,2025-07-14
HAVELLS, EQ, 14-Jul-2025,1527.8,1521.5,1534.7,1513.0,1524.9,1526.4,1526.46,981425,14981.01,38483, 607305, 61.88,0.618799195048017,2025-07-14
HAVISHA, BE, 14-Jul-2025,2.24,2.24,2.35,2.14,2.15,2.18,2.22,42295,0.94,98, -, -,,2025-07-14
HBLENGINE, EQ, 14-Jul-2025,611.2,611.0,611.1,596.6,599.9,599.75,602.33,625557,3767.92,23742, 270274, 43.21,0.43205335405086986,2025-07-14
HBSL, BE, 14-Jul-2025,94.51,92.19,94.04,90.72,91.71,92.75,91.52,17684,16.19,200, -, -,,2025-07-14
HCC, BE, 14-Jul-2025,29.11,29.11,29.35,28.05,28.9,28.81,28.89,3133823,905.27,6642, -, -,,2025-07-14
HCG, EQ, 14-Jul-2025,559.1,560.8,561.45,543.55,549.95,546.35,549.74,112115,616.35,7275, 65053, 58.02,0.5802345805645989,2025-07-14
HCL-INSYS, BE, 14-Jul-2025,16.21,16.1,16.55,16.0,16.32,16.18,16.22,124652,20.21,550, -, -,,2025-07-14
HCLTECH, EQ, 14-Jul-2025,1638.3,1640.0,1642.4,1607.0,1613.5,1619.8,1617.76,3334703,53947.43,100025, 2081780, 62.43,0.6242774843816675,2025-07-14
HDBFS, EQ, 14-Jul-2025,845.65,846.85,848.0,831.0,842.1,843.65,841.09,3147513,26473.38,68671, 1738889, 55.25,0.5524644377958089,2025-07-14
HDFCAMC, EQ, 14-Jul-2025,5116.0,5112.0,5147.0,5052.5,5101.0,5091.5,5096.13,165618,8440.1,22325, 93381, 56.38,0.5638336412708763,2025-07-14
HDFCBANK, EQ, 14-Jul-2025,1983.7,1983.0,1988.7,1970.6,1982.9,1983.0,1978.8,6544425,129500.97,132854, 4932484, 75.37,0.7536924939929788,2025-07-14
HDFCBSE500, EQ, 14-Jul-2025,37.92,38.86,38.86,37.36,37.77,37.75,37.62,18315,6.89,356, 8828, 48.20,0.482009282009282,2025-07-14
HDFCGOLD, EQ, 14-Jul-2025,83.79,84.93,84.93,84.17,84.68,84.62,84.5,1928839,1629.84,6064, 1474759, 76.46,0.7645837729328367,2025-07-14
HDFCGROWTH, EQ, 14-Jul-2025,119.66,120.25,120.26,118.58,119.25,119.39,119.11,13834,16.48,547, 10208, 73.79,0.7378921497759144,2025-07-14
HDFCLIFE, EQ, 14-Jul-2025,759.0,755.2,767.45,753.0,767.0,764.75,761.35,1794592,13663.07,42293, 1033734, 57.60,0.5760273087141813,2025-07-14
HDFCLIQUID, EQ, 14-Jul-2025,1019.05,1019.18,1019.22,1019.18,1019.22,1019.22,1019.2,4261,43.43,24, 2595, 60.90,0.6090119690213565,2025-07-14
HDFCLOWVOL, EQ, 14-Jul-2025,20.48,20.21,20.8,20.16,20.43,20.41,20.38,11871,2.42,169, 9502, 80.04,0.8004380422879286,2025-07-14
HDFCMID150, EQ, 14-Jul-2025,21.84,21.61,22.09,21.61,21.95,21.94,21.91,206477,45.24,1737, 100616, 48.73,0.48729882747230924,2025-07-14
HDFCMOMENT, EQ, 14-Jul-2025,31.21,31.21,31.47,30.84,31.14,31.21,31.12,251315,78.21,1466, 128073, 50.96,0.5096114438055827,2025-07-14
HDFCNEXT50, EQ, 14-Jul-2025,68.96,69.05,69.45,68.15,69.01,69.1,68.76,190870,131.23,857, 118623, 62.15,0.6214858280505056,2025-07-14
HDFCNIF100, EQ, 14-Jul-2025,26.44,26.57,26.72,26.17,26.3,26.35,26.34,21557,5.68,512, 15065, 69.88,0.6988449227629077,2025-07-14
HDFCNIFBAN, EQ, 14-Jul-2025,58.17,58.5,58.71,57.85,58.23,58.09,57.9,100870,58.4,437, 98611, 97.76,0.9776048379101814,2025-07-14
HDFCNIFIT, EQ, 14-Jul-2025,39.44,40.42,40.42,38.03,38.8,38.97,38.63,305564,118.04,1022, 151438, 49.56,0.4956015761018968,2025-07-14
HDFCNIFTY, EQ, 14-Jul-2025,280.21,280.95,280.95,278.5,279.84,279.51,279.44,38116,106.51,1065, 24356, 63.90,0.6389967467730087,2025-07-14
HDFCPSUBK, EQ, 14-Jul-2025,70.74,71.09,72.0,70.41,71.22,71.24,71.6,20447,14.64,128, 18361, 89.80,0.8979801437863745,2025-07-14
HDFCPVTBAN, EQ, 14-Jul-2025,28.47,28.77,28.77,28.03,28.49,28.38,28.26,97605,27.59,426, 55129, 56.48,0.5648173761590083,2025-07-14
HDFCQUAL, EQ, 14-Jul-2025,57.86,57.86,58.5,57.4,57.76,57.69,57.63,19828,11.43,481, 14896, 75.13,0.751260843251967,2025-07-14
HDFCSENSEX, EQ, 14-Jul-2025,92.79,93.18,93.19,92.03,92.68,92.47,92.43,32166,29.73,907, 23477, 72.99,0.729870049120189,2025-07-14
HDFCSILVER, EQ, 14-Jul-2025,107.02,109.59,110.7,109.16,110.57,110.54,110.09,2024447,2228.64,5105, 1410771, 69.69,0.6968673420445188,2025-07-14
HDFCSML250, EQ, 14-Jul-2025,177.23,178.2,179.15,176.25,179.15,178.97,177.82,802725,1427.38,7971, 473382, 58.97,0.5897187704381949,2025-07-14
HDFCVALUE, EQ, 14-Jul-2025,133.72,136.7,136.7,132.5,133.01,132.96,133.21,3440,4.58,216, 2241, 65.15,0.651453488372093,2025-07-14
HDIL, BZ, 14-Jul-2025,3.17,3.01,3.2,3.01,3.01,3.01,3.02,202430,6.12,206, -, -,,2025-07-14
HEADSUP, EQ, 14-Jul-2025,9.83,9.83,9.87,9.68,9.87,9.83,9.83,38729,3.81,266, 31070, 80.22,0.8022412145937153,2025-07-14
HEALTHADD, EQ, 14-Jul-2025,145.65,145.65,147.66,145.61,147.22,147.2,146.07,1556,2.27,21, 1295, 83.23,0.8322622107969152,2025-07-14
HEALTHIETF, EQ, 14-Jul-2025,147.99,147.98,150.7,146.92,149.03,149.5,149.14,104478,155.81,1395, 66873, 64.01,0.6400677654625854,2025-07-14
HEALTHY, EQ, 14-Jul-2025,14.8,15.17,15.17,14.73,14.99,14.97,14.93,179877,26.86,1432, 124817, 69.39,0.6939019441062504,2025-07-14
HECPROJECT, BE, 14-Jul-2025,158.0,158.0,158.0,154.84,154.84,154.84,155.4,4654,7.23,48, -, -,,2025-07-14
HEG, EQ, 14-Jul-2025,505.45,504.8,535.95,494.55,532.65,531.45,523.07,3208968,16785.25,73136, 1069578, 33.33,0.33330902645336447,2025-07-14
HEIDELBERG, EQ, 14-Jul-2025,211.78,214.0,218.4,213.16,215.2,215.24,215.78,628683,1356.56,12866, 313738, 49.90,0.4990400567535626,2025-07-14
HEMIPROP, EQ, 14-Jul-2025,133.99,133.1,134.68,132.35,133.85,133.93,133.71,209904,280.66,3617, 106857, 50.91,0.5090755774068145,2025-07-14
HERANBA, EQ, 14-Jul-2025,368.4,369.0,392.7,369.0,376.5,375.95,381.94,313727,1198.24,10856, 111574, 35.56,0.3556404134805101,2025-07-14
HERCULES, BE, 14-Jul-2025,199.14,200.0,200.0,195.6,197.5,197.79,198.24,7380,14.63,151, -, -,,2025-07-14
HERITGFOOD, EQ, 14-Jul-2025,476.45,472.0,480.9,468.0,471.7,469.6,471.44,257636,1214.6,9995, 125399, 48.67,0.48672933906752164,2025-07-14
HEROMOTOCO, EQ, 14-Jul-2025,4218.7,4219.0,4259.0,4197.2,4244.8,4251.7,4230.3,293675,12423.35,38005, 131865, 44.90,0.44901677023921,2025-07-14
HESTERBIO, EQ, 14-Jul-2025,1805.0,1813.9,1882.0,1802.2,1842.6,1853.1,1850.8,2973,55.02,571, 2158, 72.59,0.725866128489741,2025-07-14
HEUBACHIND, EQ, 14-Jul-2025,586.65,586.65,588.05,586.5,586.5,586.6,586.78,12257,71.92,247, 8154, 66.53,0.6652525087704985,2025-07-14
HEXATRADEX, EQ, 14-Jul-2025,181.72,184.0,184.0,181.41,182.1,182.1,182.22,2768,5.04,131, 2360, 85.26,0.8526011560693642,2025-07-14
HEXT, EQ, 14-Jul-2025,858.9,860.0,865.75,841.85,848.0,848.9,846.33,670679,5676.18,24016, 503487, 75.07,0.7507123377949809,2025-07-14
HFCL, EQ, 14-Jul-2025,81.21,81.4,82.6,80.68,82.25,82.23,81.85,8509957,6965.69,29194, 2239255, 26.31,0.2631335269966699,2025-07-14
HGINFRA, EQ, 14-Jul-2025,1087.6,1094.7,1094.7,1063.4,1070.1,1071.2,1074.77,100141,1076.28,7782, 50514, 50.44,0.5044287554548087,2025-07-14
HGS, EQ, 14-Jul-2025,545.65,546.0,567.55,540.75,566.0,561.65,558.2,19144,106.86,1349, 12408, 64.81,0.6481404095277894,2025-07-14
HIKAL, EQ, 14-Jul-2025,340.5,340.0,345.7,336.4,342.75,342.85,341.61,192078,656.16,7789, 97050, 50.53,0.5052634867085246,2025-07-14
HILTON, BE, 14-Jul-2025,67.54,67.3,68.5,65.35,67.31,67.14,66.83,104062,69.54,454, -, -,,2025-07-14
HIMATSEIDE, EQ, 14-Jul-2025,151.54,151.51,152.06,147.5,148.5,148.54,149.35,605342,904.1,7154, 336634, 55.61,0.556105474260831,2025-07-14
HINDALCO, EQ, 14-Jul-2025,670.95,671.0,680.55,665.0,666.9,666.5,670.74,4338084,29097.07,75937, 2125553, 49.00,0.48997506733387364,2025-07-14
HINDCOMPOS, EQ, 14-Jul-2025,481.2,475.0,484.5,475.0,482.35,482.5,481.45,2038,9.81,200, 1271, 62.37,0.6236506378802747,2025-07-14
HINDCON, EQ, 14-Jul-2025,35.57,35.99,36.27,35.5,35.51,35.66,35.83,82907,29.71,812, 50326, 60.70,0.6070175015378677,2025-07-14
HINDCOPPER, EQ, 14-Jul-2025,262.65,262.8,265.0,259.5,263.0,263.5,262.69,2288493,6011.6,25059, 721867, 31.54,0.31543334412646223,2025-07-14
HINDMOTORS, BE, 14-Jul-2025,27.74,27.74,28.08,27.5,27.88,27.77,27.79,225772,62.73,1523, -, -,,2025-07-14
HINDNATGLS, BE, 14-Jul-2025,16.27,15.45,17.0,15.45,16.65,15.51,15.81,19814,3.13,49, -, -,,2025-07-14
HINDOILEXP, EQ, 14-Jul-2025,169.28,169.28,169.98,167.05,167.45,167.71,167.78,294936,494.84,5023, 146210, 49.57,0.4957346678601459,2025-07-14
HINDPETRO, EQ, 14-Jul-2025,435.9,435.9,437.5,428.0,428.9,429.9,431.3,4575393,19733.59,34818, 2584723, 56.49,0.564918248552638,2025-07-14
HINDUNILVR, EQ, 14-Jul-2025,2519.6,2500.0,2532.5,2490.0,2517.4,2516.6,2512.77,2427712,61002.9,73611, 1800721, 74.17,0.741735840165555,2025-07-14
HINDWAREAP, EQ, 14-Jul-2025,270.8,268.5,274.45,266.05,270.2,273.2,270.24,41342,111.72,2566, 19322, 46.74,0.4673697450534565,2025-07-14
HINDZINC, EQ, 14-Jul-2025,424.9,427.9,437.2,426.4,437.2,436.35,433.8,3867360,16776.56,47580, 1603510, 41.46,0.41462651524554217,2025-07-14
HIRECT, EQ, 14-Jul-2025,1334.3,1349.0,1349.0,1296.1,1306.0,1306.0,1310.43,51995,681.36,6260, 26091, 50.18,0.5017982498317146,2025-07-14
HISARMETAL, EQ, 14-Jul-2025,196.13,196.13,197.0,193.17,196.2,194.22,194.97,1245,2.43,119, 850, 68.27,0.6827309236947792,2025-07-14
HITECH, EQ, 14-Jul-2025,95.09,95.38,96.2,93.6,95.74,95.73,94.96,1395924,1325.64,9959, 523244, 37.48,0.3748370255114175,2025-07-14
HITECHCORP, EQ, 14-Jul-2025,202.06,202.06,208.4,202.06,206.18,205.92,206.05,15426,31.78,576, 11576, 75.04,0.7504213665240503,2025-07-14
HITECHGEAR, BE, 14-Jul-2025,695.3,690.3,709.5,671.3,696.0,697.05,697.92,1184,8.26,46, -, -,,2025-07-14
HLEGLAS, EQ, 14-Jul-2025,416.0,418.8,418.8,406.0,408.05,407.5,410.0,90071,369.29,3731, 46516, 51.64,0.5164370330072943,2025-07-14
HLVLTD, EQ, 14-Jul-2025,13.2,13.2,13.2,13.06,13.2,13.16,13.14,384949,50.58,924, 217372, 56.47,0.5646773988242598,2025-07-14
HMAAGRO, EQ, 14-Jul-2025,30.47,30.47,30.66,29.9,30.39,30.36,30.18,242675,73.25,1889, 108705, 44.79,0.44794478211599875,2025-07-14
HMT, BZ, 14-Jul-2025,64.2,63.55,64.96,63.05,64.48,63.55,63.87,11125,7.11,184, -, -,,2025-07-14
HMVL, EQ, 14-Jul-2025,87.95,89.55,89.55,87.63,88.5,87.85,88.07,16294,14.35,219, 12186, 74.79,0.7478826561924635,2025-07-14
HNDFDS, EQ, 14-Jul-2025,560.5,556.05,564.0,553.9,561.6,561.8,560.19,33152,185.72,3479, 17238, 52.00,0.5199686293436293,2025-07-14
HNGSNGBEES, EQ, 14-Jul-2025,384.33,380.0,389.5,380.0,383.0,382.72,384.05,96386,370.17,3042, 66200, 68.68,0.6868217375967464,2025-07-14
HOMEFIRST, EQ, 14-Jul-2025,1385.9,1385.0,1456.0,1363.7,1384.0,1384.0,1415.34,687356,9728.4,42789, 176055, 25.61,0.25613364835689223,2025-07-14
HONASA, EQ, 14-Jul-2025,294.25,296.8,296.8,286.6,290.5,289.4,288.91,646650,1868.21,29703, 409425, 63.31,0.6331477615402459,2025-07-14
HONAUT, EQ, 14-Jul-2025,40320.0,40600.0,40760.0,40300.0,40600.0,40555.0,40560.47,1464,593.81,870, 697, 47.61,0.4760928961748634,2025-07-14
HONDAPOWER, EQ, 14-Jul-2025,3111.0,3110.1,3110.1,2934.2,2977.0,2976.1,3016.56,26374,795.59,6856, 9330, 35.38,0.35375748843558047,2025-07-14
HOVS, BE, 14-Jul-2025,60.07,60.35,60.5,60.05,60.05,60.05,60.43,453,0.27,11, -, -,,2025-07-14
HPAL, EQ, 14-Jul-2025,51.17,51.47,51.47,50.52,51.45,51.13,50.93,112436,57.26,1309, 72305, 64.31,0.6430769504429187,2025-07-14
HPIL, EQ, 14-Jul-2025,144.22,148.36,148.49,142.5,144.4,143.33,144.92,3435,4.98,742, 687, 20.00,0.2,2025-07-14
HPL, EQ, 14-Jul-2025,599.95,599.9,632.0,586.0,628.0,626.1,616.18,1575367,9707.08,57275, 418934, 26.59,0.26592787585369,2025-07-14
HSCL, EQ, 14-Jul-2025,499.2,499.2,520.8,496.6,517.7,516.65,510.65,2122303,10837.52,36153, 842433, 39.69,0.39694284934809027,2025-07-14
HTMEDIA, BE, 14-Jul-2025,20.96,21.2,21.2,20.72,20.84,20.83,20.84,122893,25.61,104, -, -,,2025-07-14
HUBTOWN, EQ, 14-Jul-2025,308.75,310.0,311.0,293.0,295.95,296.5,302.53,2267077,6858.55,22366, 1113538, 49.12,0.49117784706915557,2025-07-14
HUDCO, EQ, 14-Jul-2025,230.71,232.0,234.75,230.5,231.21,231.43,232.69,4217747,9814.45,33738, 1099598, 26.07,0.2607074345616273,2025-07-14
HUHTAMAKI, EQ, 14-Jul-2025,229.82,229.82,229.82,225.69,228.5,228.11,227.39,94571,215.05,2641, 35027, 37.04,0.37037781137980985,2025-07-14
HYBRIDFIN, BE, 14-Jul-2025,16.79,16.79,16.79,16.45,16.45,16.45,16.68,10006,1.67,46, -, -,,2025-07-14
HYUNDAI, EQ, 14-Jul-2025,2103.6,2119.0,2152.0,2088.3,2142.5,2148.8,2124.48,851374,18087.23,81010, 526087, 61.79,0.6179270214970154,2025-07-14
ICDSLTD, BE, 14-Jul-2025,51.82,52.25,52.25,49.22,49.22,49.22,49.46,7766,3.84,75, -, -,,2025-07-14
ICEMAKE, EQ, 14-Jul-2025,783.25,783.0,783.35,755.0,760.05,760.0,768.75,28284,217.43,2082, 17066, 60.34,0.6033800028284543,2025-07-14
ICICIB22, EQ, 14-Jul-2025,109.75,109.1,111.1,109.1,109.64,109.68,109.96,429959,472.8,4019, 277670, 64.58,0.6458057628750649,2025-07-14
ICICIBANK, EQ, 14-Jul-2025,1421.9,1424.9,1424.9,1416.1,1421.9,1423.0,1421.21,5846154,83085.88,113668, 4583607, 78.40,0.7840380188411048,2025-07-14
ICICIGI, EQ, 14-Jul-2025,2012.2,2012.2,2041.5,1990.2,2014.0,2019.7,2014.23,757451,15256.81,37100, 508612, 67.15,0.6714784190660518,2025-07-14
ICICIPRULI, EQ, 14-Jul-2025,660.7,658.1,674.0,654.75,671.15,672.5,666.17,967098,6442.54,29179, 565147, 58.44,0.5843740758433995,2025-07-14
ICIL, EQ, 14-Jul-2025,286.4,286.05,286.05,281.55,284.0,283.4,283.6,66975,189.94,3637, 30303, 45.25,0.4524524076147816,2025-07-14
ICRA, EQ, 14-Jul-2025,6887.5,6887.5,6987.0,6860.5,6975.0,6951.5,6939.15,6265,434.74,2762, 2716, 43.35,0.4335195530726257,2025-07-14
IDBI, EQ, 14-Jul-2025,99.0,99.1,100.8,98.6,100.28,100.26,99.88,6975804,6967.31,27209, 2872029, 41.17,0.411712972440166,2025-07-14
IDEA, EQ, 14-Jul-2025,7.17,7.17,7.77,7.13,7.66,7.71,7.57,939070587,71102.35,262060, 291879283, 31.08,0.3108171920626878,2025-07-14
IDEAFORGE, EQ, 14-Jul-2025,566.85,565.0,567.15,556.0,557.0,558.8,561.45,221134,1241.55,7629, 93664, 42.36,0.4235621840151221,2025-07-14
IDFCFIRSTB, EQ, 14-Jul-2025,75.23,75.2,76.35,72.6,74.49,74.27,74.41,33762394,25121.65,110893, 11938917, 35.36,0.3536158306783577,2025-07-14
IDFNIFTYET, EQ, 14-Jul-2025,275.83,277.2,277.2,272.8,274.43,274.43,274.19,623,1.71,36, 439, 70.47,0.7046548956661316,2025-07-14
IEL, BE, 14-Jul-2025,18.98,19.07,19.35,18.4,18.55,18.71,18.66,182456,34.04,395, -, -,,2025-07-14
IEX, EQ, 14-Jul-2025,206.43,205.7,208.6,205.1,207.06,207.13,206.71,4396685,9088.36,39145, 1897143, 43.15,0.4314939551048119,2025-07-14
IFBAGRO, BE, 14-Jul-2025,697.35,697.35,705.9,691.0,705.0,700.0,699.8,1144,8.01,59, -, -,,2025-07-14
IFBIND, EQ, 14-Jul-2025,1496.8,1500.0,1530.0,1484.8,1511.0,1510.8,1500.39,18153,272.37,2642, 9116, 50.22,0.5021759488789732,2025-07-14
IFCI, EQ, 14-Jul-2025,60.72,60.72,66.33,59.88,62.85,62.91,63.55,31664649,20123.73,81096, 7377336, 23.30,0.23298334998123618,2025-07-14
IFGLEXPOR, EQ, 14-Jul-2025,564.85,570.0,580.0,562.0,563.0,563.6,570.78,48963,279.47,4841, 23830, 48.67,0.4866940342707759,2025-07-14
IGARASHI, EQ, 14-Jul-2025,509.3,519.95,567.0,513.55,566.8,559.8,548.43,330976,1815.17,12434, 98169, 29.66,0.2966045876438171,2025-07-14
IGCL, BE, 14-Jul-2025,107.02,107.9,108.09,104.75,106.99,107.48,106.66,237590,253.42,1507, -, -,,2025-07-14
IGIL, EQ, 14-Jul-2025,385.15,385.0,391.9,380.55,390.5,390.45,387.74,399848,1550.37,20676, 181852, 45.48,0.4548028250735279,2025-07-14
IGL, EQ, 14-Jul-2025,218.38,219.0,219.99,216.1,217.53,217.27,217.44,1743595,3791.34,22331, 756380, 43.38,0.43380486867649887,2025-07-14
IGPL, EQ, 14-Jul-2025,468.75,468.75,475.0,460.0,475.0,473.35,468.01,15430,72.21,1099, 7052, 45.70,0.45703175631885934,2025-07-14
IIFL, EQ, 14-Jul-2025,519.75,519.75,525.4,518.0,523.05,523.55,523.05,1986292,10389.35,39329, 1075220, 54.13,0.5413202087105018,2025-07-14
IIFLCAPS, EQ, 14-Jul-2025,329.95,326.5,329.85,321.3,327.5,326.25,326.33,278527,908.91,10238, 117029, 42.02,0.4201711144700514,2025-07-14
IITL, BE, 14-Jul-2025,167.1,171.0,171.0,166.6,170.0,169.76,169.63,4479,7.6,44, -, -,,2025-07-14
IKIO, EQ, 14-Jul-2025,210.19,210.2,211.36,206.0,207.9,207.4,207.82,99646,207.08,3724, 60372, 60.59,0.6058647612548421,2025-07-14
IKS, EQ, 14-Jul-2025,1585.2,1589.8,1602.6,1581.9,1595.0,1591.7,1592.39,48052,765.18,6586, 23466, 48.83,0.4883459585449097,2025-07-14
IL&FSENGG, BZ, 14-Jul-2025,33.98,33.98,35.67,33.3,35.67,35.65,35.01,39077,13.68,52, -, -,,2025-07-14
IL&FSTRANS, BZ, 14-Jul-2025,3.77,3.77,3.78,3.58,3.58,3.6,3.63,136347,4.95,176, -, -,,2025-07-14
IMAGICAA, EQ, 14-Jul-2025,68.61,68.5,69.0,67.9,68.0,68.03,68.21,332261,226.64,3507, 169562, 51.03,0.5103277242890378,2025-07-14
IMFA, EQ, 14-Jul-2025,751.35,754.6,759.25,749.85,751.6,753.7,752.98,45158,340.03,4162, 27910, 61.81,0.6180521723725586,2025-07-14
IMPAL, EQ, 14-Jul-2025,1136.6,1136.6,1145.0,1128.1,1135.0,1138.0,1135.56,3138,35.63,617, 2050, 65.33,0.6532823454429573,2025-07-14
IMPEXFERRO, BZ, 14-Jul-2025,2.0,2.02,2.05,2.0,2.0,2.0,2.04,4435,0.09,26, -, -,,2025-07-14
INCREDIBLE, BE, 14-Jul-2025,41.25,41.43,41.9,40.6,41.5,41.5,41.2,1772,0.73,35, -, -,,2025-07-14
INDBANK, EQ, 14-Jul-2025,34.51,35.0,35.0,34.02,34.1,34.08,34.37,45263,15.56,729, 24737, 54.65,0.5465170227338002,2025-07-14
INDGN, EQ, 14-Jul-2025,563.95,566.5,567.95,556.6,563.95,563.75,562.7,189402,1065.76,16395, 107147, 56.57,0.565712083293735,2025-07-14
INDHOTEL, EQ, 14-Jul-2025,735.2,735.0,741.5,724.75,727.0,729.15,733.07,2476312,18153.15,50863, 1608833, 64.97,0.6496891344870921,2025-07-14
INDIACEM, EQ, 14-Jul-2025,346.55,344.0,351.0,344.0,346.3,345.8,346.77,166893,578.73,7352, 65463, 39.22,0.39224533084071833,2025-07-14
INDIAGLYCO, EQ, 14-Jul-2025,2053.2,2055.0,2069.0,2017.0,2039.0,2035.5,2043.57,84489,1726.59,8745, 52861, 62.57,0.6256554107635314,2025-07-14
INDIAMART, EQ, 14-Jul-2025,2604.6,2606.9,2799.0,2606.0,2742.0,2741.6,2701.65,931241,25158.88,60713, 576918, 61.95,0.6195152490064334,2025-07-14
INDIANB, EQ, 14-Jul-2025,631.5,631.5,644.85,629.85,634.0,635.1,635.94,1592892,10129.78,28190, 785000, 49.28,0.49281432765058775,2025-07-14
INDIANCARD, EQ, 14-Jul-2025,312.8,317.0,320.0,306.0,308.1,311.1,313.42,10009,31.37,1100, 4843, 48.39,0.48386452193026275,2025-07-14
INDIANHUME, EQ, 14-Jul-2025,437.7,442.1,442.1,433.65,438.1,438.7,437.59,30566,133.75,2712, 14481, 47.38,0.47376169600209384,2025-07-14
INDIASHLTR, EQ, 14-Jul-2025,961.6,962.0,963.7,938.65,947.0,942.9,947.91,113642,1077.23,10486, 51486, 45.31,0.45305432850530614,2025-07-14
INDIGO, EQ, 14-Jul-2025,5917.5,5917.0,5960.0,5887.5,5931.5,5940.5,5929.94,979832,58103.42,75631, 767145, 78.29,0.7829352378775137,2025-07-14
INDIGOPNTS, EQ, 14-Jul-2025,1200.2,1200.2,1207.7,1194.9,1200.0,1200.5,1200.42,29413,353.08,4066, 21284, 72.36,0.7236256077244756,2025-07-14
INDNIPPON, EQ, 14-Jul-2025,780.2,781.25,797.5,779.7,783.3,788.35,787.79,51047,402.14,2798, 27511, 53.89,0.5389347072305914,2025-07-14
INDOAMIN, EQ, 14-Jul-2025,160.36,159.1,159.9,157.1,157.56,157.95,158.26,99919,158.14,3069, 45335, 45.37,0.45371751118405906,2025-07-14
INDOBORAX, EQ, 14-Jul-2025,234.11,234.8,239.0,231.32,233.39,233.67,234.9,117144,275.17,2994, 57161, 48.80,0.4879549955610189,2025-07-14
INDOCO, EQ, 14-Jul-2025,326.45,323.35,325.4,316.0,318.45,319.0,319.87,136521,436.69,3093, 110268, 80.77,0.8076999142988991,2025-07-14
INDOFARM, BE, 14-Jul-2025,179.53,178.65,184.9,176.4,180.0,179.95,180.52,83230,150.25,473, -, -,,2025-07-14
INDORAMA, BE, 14-Jul-2025,51.28,51.25,51.7,48.85,49.5,49.79,50.42,143612,72.41,376, -, -,,2025-07-14
INDOSTAR, EQ, 14-Jul-2025,326.5,326.4,326.5,300.95,310.0,308.2,310.2,797714,2474.5,22907, 483043, 60.55,0.605534063586699,2025-07-14
INDOTECH, EQ, 14-Jul-2025,1880.1,1920.0,1920.0,1856.0,1875.0,1862.8,1873.29,17757,332.64,2101, 10682, 60.16,0.6015655797713578,2025-07-14
INDOTHAI, BE, 14-Jul-2025,1876.4,1934.0,1934.0,1876.4,1933.0,1923.2,1914.32,12266,234.81,1117, -, -,,2025-07-14
INDOUS, EQ, 14-Jul-2025,155.35,152.18,157.5,152.15,155.76,155.78,156.18,2798,4.37,160, 2116, 75.63,0.7562544674767692,2025-07-14
INDOWIND, EQ, 14-Jul-2025,19.74,19.6,20.4,19.55,19.62,19.61,19.7,219622,43.26,1152, 146628, 66.76,0.6676380326196829,2025-07-14
INDRAMEDCO, EQ, 14-Jul-2025,487.55,487.0,504.8,485.15,496.8,494.75,495.34,242026,1198.84,11783, 98917, 40.87,0.40870402353466156,2025-07-14
INDSWFTLAB, BE, 14-Jul-2025,104.64,104.47,107.0,101.0,106.75,106.28,104.85,72978,76.52,496, -, -,,2025-07-14
INDSWFTLTD, EQ, 14-Jul-2025,16.59,16.89,16.89,16.11,16.68,16.47,16.53,91998,15.2,439, 48165, 52.35,0.523543990086741,2025-07-14
INDTERRAIN, EQ, 14-Jul-2025,37.65,37.65,39.2,37.31,39.15,39.05,38.62,25614,9.89,475, 15240, 59.50,0.5949871164207075,2025-07-14
INDUSINDBK, EQ, 14-Jul-2025,858.85,858.8,873.5,857.45,865.95,867.6,866.39,3605770,31240.15,95721, 1560895, 43.29,0.43288812098386753,2025-07-14
INDUSTOWER, EQ, 14-Jul-2025,404.4,406.0,409.3,400.0,403.0,404.1,404.77,3807277,15410.77,48748, 2266109, 59.52,0.5952046567665027,2025-07-14
INFIBEAM, EQ, 14-Jul-2025,16.58,16.7,16.73,16.23,16.5,16.44,16.46,13280079,2185.35,17426, 4479788, 33.73,0.3373314270193724,2025-07-14
INFOBEAN, EQ, 14-Jul-2025,372.8,374.7,375.85,365.8,365.9,369.05,369.14,12877,47.53,1042, 6560, 50.94,0.5094354275064068,2025-07-14
INFOMEDIA, BE, 14-Jul-2025,7.43,7.43,7.43,7.05,7.2,7.2,7.37,9231,0.68,34, -, -,,2025-07-14
INFRABEES, EQ, 14-Jul-2025,955.36,959.44,959.75,950.8,956.99,954.61,953.59,6089,58.06,630, 2861, 46.99,0.46986368861882083,2025-07-14
INFRAIETF, EQ, 14-Jul-2025,95.0,97.37,97.37,94.45,95.0,94.89,94.88,8294407,7869.42,5856, 8237217, 99.31,0.9931049923159063,2025-07-14
INFY, EQ, 14-Jul-2025,1594.9,1591.8,1591.8,1559.8,1570.5,1570.3,1569.39,9173426,143966.57,334884, 6621085, 72.18,0.7217679632451387,2025-07-14
INGERRAND, EQ, 14-Jul-2025,4160.7,4199.9,4282.0,4120.0,4181.0,4202.4,4205.12,24621,1035.34,5331, 13626, 55.34,0.553429998781528,2025-07-14
INNOVACAP, EQ, 14-Jul-2025,875.4,878.0,908.0,863.3,902.0,903.15,892.56,117853,1051.91,10054, 39030, 33.12,0.3311752776764274,2025-07-14
INNOVANA, EQ, 14-Jul-2025,611.0,622.95,630.0,600.2,600.2,603.75,615.61,68542,421.95,2158, 33585, 49.00,0.4899915380350734,2025-07-14
INOXGREEN, BE, 14-Jul-2025,151.5,149.05,152.8,147.1,149.0,148.88,149.24,326879,487.85,2916, -, -,,2025-07-14
INOXINDIA, EQ, 14-Jul-2025,1232.5,1229.3,1240.7,1212.0,1227.0,1230.9,1227.27,47482,582.73,7042, 22685, 47.78,0.47775999326060403,2025-07-14
INOXWIND, EQ, 14-Jul-2025,176.23,176.6,177.79,174.01,176.5,176.55,175.72,3655473,6423.28,28264, 1446195, 39.56,0.39562458811759793,2025-07-14
INSECTICID, EQ, 14-Jul-2025,962.95,962.95,989.0,932.95,978.0,977.4,961.68,95438,917.81,8390, 31053, 32.54,0.32537354093757204,2025-07-14
INSPIRISYS, BE, 14-Jul-2025,107.57,109.0,109.0,104.01,107.16,105.38,105.53,4583,4.84,70, -, -,,2025-07-14
INTELLECT, EQ, 14-Jul-2025,1152.0,1149.5,1175.8,1130.1,1170.5,1172.2,1159.81,232085,2691.74,21286, 113506, 48.91,0.4890708145722472,2025-07-14
INTENTECH, EQ, 14-Jul-2025,89.54,90.83,90.83,88.65,89.0,89.05,89.42,32570,29.12,1024, 17132, 52.60,0.5260055265581823,2025-07-14
INTERARCH, BE, 14-Jul-2025,2206.5,2220.0,2239.8,2129.4,2170.0,2153.2,2163.91,45504,984.67,2079, -, -,,2025-07-14
INTERNET, EQ, 14-Jul-2025,13.38,13.45,13.65,13.33,13.62,13.62,13.5,289582,39.09,349, 171431, 59.20,0.5919946681768894,2025-07-14
INTLCONV, EQ, 14-Jul-2025,90.58,90.58,98.45,89.11,96.6,97.4,96.31,908778,875.24,9134, 340307, 37.45,0.37446659140076016,2025-07-14
INVENTURE, EQ, 14-Jul-2025,1.68,1.68,1.69,1.66,1.67,1.67,1.68,630643,10.58,667, 498943, 79.12,0.7911655247104938,2025-07-14
IOB, EQ, 14-Jul-2025,38.89,39.06,39.24,38.5,38.63,38.61,38.77,5523382,2141.21,19276, 1996818, 36.15,0.36152089426369566,2025-07-14
IOC, EQ, 14-Jul-2025,150.65,150.65,151.6,149.62,150.07,150.1,150.44,8021902,12068.2,58267, 4143263, 51.65,0.5164938439786475,2025-07-14
IOLCP, EQ, 14-Jul-2025,91.18,91.26,93.09,89.83,92.85,92.78,91.78,960599,881.6,10325, 328864, 34.24,0.34235305262653826,2025-07-14
IONEXCHANG, EQ, 14-Jul-2025,545.3,541.05,569.6,540.0,560.1,560.2,557.88,209270,1167.48,14203, 106400, 50.84,0.5084340803746357,2025-07-14
IPCALAB, EQ, 14-Jul-2025,1449.6,1449.6,1470.6,1418.4,1457.0,1456.8,1452.44,197274,2865.3,34814, 120719, 61.19,0.6119356833642547,2025-07-14
IPL, EQ, 14-Jul-2025,204.61,204.61,206.5,202.28,205.4,205.65,204.59,179194,366.61,5576, 64527, 36.01,0.3600957621348929,2025-07-14
IRB, EQ, 14-Jul-2025,47.6,47.8,48.15,47.42,48.0,47.95,47.86,10631551,5088.69,28227, 3681384, 34.63,0.34626970232283133,2025-07-14
IRCON, EQ, 14-Jul-2025,191.2,191.45,192.1,189.8,191.0,191.07,190.91,2249697,4294.99,24448, 536045, 23.83,0.23827430982927922,2025-07-14
IRCTC, EQ, 14-Jul-2025,773.7,773.7,777.6,767.25,771.3,770.3,771.7,540108,4168.01,18360, 203993, 37.77,0.37768927695942295,2025-07-14
IREDA, EQ, 14-Jul-2025,160.0,160.0,160.0,156.5,159.1,159.0,158.5,11904949,18869.19,70733, 3080307, 25.87,0.2587417216151031,2025-07-14
IRFC, EQ, 14-Jul-2025,135.28,135.25,135.4,133.7,134.15,134.11,134.35,8056755,10824.12,65936, 2857774, 35.47,0.35470533732253245,2025-07-14
IRIS, BE, 14-Jul-2025,412.85,426.95,426.95,400.0,408.65,402.2,409.0,40204,164.43,960, -, -,,2025-07-14
IRISDOREME, BE, 14-Jul-2025,31.89,32.5,32.88,31.22,31.36,31.38,31.52,43541,13.73,231, -, -,,2025-07-14
IRMENERGY, EQ, 14-Jul-2025,304.85,304.95,311.0,301.4,305.6,305.05,305.16,35874,109.47,1567, 14507, 40.44,0.40438757874783965,2025-07-14
ISFT, EQ, 14-Jul-2025,110.71,111.8,111.8,108.25,108.5,108.57,109.11,30445,33.22,758, 22899, 75.21,0.752143209065528,2025-07-14
ISGEC, EQ, 14-Jul-2025,1179.6,1179.6,1205.4,1162.5,1180.0,1179.3,1180.38,29408,347.13,7240, 13819, 46.99,0.4699061479869423,2025-07-14
ISHANCH, BE, 14-Jul-2025,58.13,58.3,60.19,58.05,60.0,59.89,59.33,17189,10.2,98, -, -,,2025-07-14
IT, EQ, 14-Jul-2025,40.84,40.85,40.99,40.04,40.67,40.32,40.15,2488695,999.31,6565, 2373739, 95.38,0.9538087230456123,2025-07-14
ITBEES, EQ, 14-Jul-2025,41.02,41.48,41.48,40.3,40.54,40.49,40.5,11984085,4853.58,41201, 7145576, 59.63,0.5962554504578363,2025-07-14
ITC, EQ, 14-Jul-2025,416.8,417.05,419.95,416.55,419.35,419.4,418.9,6896989,28891.23,94592, 4850678, 70.33,0.7033037170278219,2025-07-14
ITCHOTELS, EQ, 14-Jul-2025,232.37,233.85,233.85,229.1,231.34,231.46,230.98,2264418,5230.25,44272, 1186701, 52.41,0.5240644615967547,2025-07-14
ITDC, EQ, 14-Jul-2025,600.7,600.7,601.8,591.15,597.9,597.35,596.06,17145,102.2,2197, 8107, 47.28,0.4728492271799358,2025-07-14
ITDCEM, EQ, 14-Jul-2025,871.25,873.45,880.7,858.55,863.4,862.15,866.81,314513,2726.24,15904, 141649, 45.04,0.4503756601475933,2025-07-14
ITETF, EQ, 14-Jul-2025,39.05,40.02,40.02,38.36,38.64,38.62,38.56,461252,177.87,1775, 354520, 76.86,0.7686037133714325,2025-07-14
ITETFADD, EQ, 14-Jul-2025,39.13,40.1,40.1,38.37,38.84,38.62,38.61,43220,16.69,247, 41029, 94.93,0.9493058769088385,2025-07-14
ITI, EQ, 14-Jul-2025,315.5,316.85,326.9,311.95,317.85,319.3,319.39,605716,1934.61,14181, 109162, 18.02,0.1802197729629067,2025-07-14
ITIETF, EQ, 14-Jul-2025,41.0,39.97,41.09,39.97,40.46,40.42,40.34,3131349,1263.24,4622, 2552768, 81.52,0.8152294745810831,2025-07-14
IVC, EQ, 14-Jul-2025,9.0,8.98,9.03,8.84,8.9,8.92,8.94,256265,22.9,1445, 173002, 67.51,0.6750902386201784,2025-07-14
IVP, EQ, 14-Jul-2025,184.73,187.5,188.01,182.0,183.11,184.09,185.46,10709,19.86,946, 7051, 65.84,0.658418152955458,2025-07-14
IVZINGOLD, EQ, 14-Jul-2025,8536.4,8540.15,8637.0,8540.15,8605.0,8606.0,8631.99,2336,201.64,77, 2087, 89.34,0.8934075342465754,2025-07-14
IVZINNIFTY, EQ, 14-Jul-2025,2863.14,2854.99,2854.99,2841.62,2847.84,2847.61,2845.92,86,2.45,10, 86, 100.00,1.0,2025-07-14
IXIGO, EQ, 14-Jul-2025,174.76,175.5,178.0,170.72,176.35,177.03,173.68,2202380,3825.09,16096, 1763825, 80.09,0.800872238215022,2025-07-14
IZMO, EQ, 14-Jul-2025,419.85,417.0,440.0,411.3,423.1,421.75,426.18,62821,267.73,2259, 33191, 52.83,0.5283424332627624,2025-07-14
J&KBANK, EQ, 14-Jul-2025,108.75,109.18,112.45,109.01,112.25,111.79,111.07,5318051,5906.64,25257, 2504290, 47.09,0.47090372017868953,2025-07-14
JAGRAN, EQ, 14-Jul-2025,71.32,71.32,71.49,70.6,71.39,71.16,70.94,193277,137.12,3057, 158234, 81.87,0.8186902735452226,2025-07-14
JAGSNPHARM, EQ, 14-Jul-2025,242.09,243.0,256.8,241.72,253.8,253.06,251.1,501611,1259.53,15187, 200267, 39.92,0.39924762415497267,2025-07-14
JAIBALAJI, EQ, 14-Jul-2025,121.27,121.2,123.97,120.11,122.9,121.94,121.91,691603,843.16,7954, 211775, 30.62,0.306208908868238,2025-07-14
JAICORPLTD, EQ, 14-Jul-2025,110.43,111.8,114.19,109.02,110.65,110.48,111.57,405853,452.79,5170, 152474, 37.57,0.3756877490125735,2025-07-14
JAIPURKURT, EQ, 14-Jul-2025,42.86,43.0,43.46,41.63,42.0,41.9,42.49,15341,6.52,667, 10302, 67.15,0.6715337983182322,2025-07-14
JAMNAAUTO, EQ, 14-Jul-2025,94.42,94.44,94.95,93.35,93.56,93.52,93.94,648430,609.16,10849, 308481, 47.57,0.47573523741961354,2025-07-14
JASH, EQ, 14-Jul-2025,582.1,582.1,583.6,570.1,571.9,573.35,575.54,74877,430.95,6216, 39964, 53.37,0.5337286483165725,2025-07-14
JAYAGROGN, EQ, 14-Jul-2025,251.05,251.2,257.5,250.0,251.05,251.0,252.91,11019,27.87,861, 2905, 26.36,0.26363553861511935,2025-07-14
JAYBARMARU, EQ, 14-Jul-2025,75.76,75.8,76.4,73.59,75.95,75.57,75.3,37482,28.23,899, 22111, 58.99,0.58990982338189,2025-07-14
JAYNECOIND, EQ, 14-Jul-2025,38.03,38.82,43.5,37.84,42.61,42.72,42.13,5943875,2503.9,29033, 2615394, 44.00,0.4400149733969843,2025-07-14
JAYSREETEA, EQ, 14-Jul-2025,111.16,110.05,111.9,109.26,111.0,111.12,110.52,45848,50.67,1294, 16677, 36.37,0.363745419647531,2025-07-14
JBCHEPHARM, EQ, 14-Jul-2025,1608.6,1612.0,1640.0,1604.0,1635.6,1637.9,1628.22,851683,13867.29,39318, 681531, 80.02,0.8002167473109126,2025-07-14
JBMA, EQ, 14-Jul-2025,642.7,639.0,643.1,636.05,640.8,638.3,638.97,200400,1280.49,9950, 76372, 38.11,0.38109780439121754,2025-07-14
JCHAC, EQ, 14-Jul-2025,1722.3,1731.2,1742.0,1715.1,1738.0,1735.2,1730.11,12952,224.08,1755, 7127, 55.03,0.5502625077208153,2025-07-14
JETFREIGHT, EQ, 14-Jul-2025,13.91,14.28,14.35,13.86,14.1,13.96,14.04,112376,15.78,573, 61721, 54.92,0.5492364917776038,2025-07-14
JGCHEM, EQ, 14-Jul-2025,500.55,500.8,503.85,486.0,488.0,488.05,492.72,367201,1809.28,10045, 140562, 38.28,0.38279307518225714,2025-07-14
JHS, EQ, 14-Jul-2025,12.86,13.35,13.35,12.75,12.75,12.82,13.0,110204,14.32,359, 72206, 65.52,0.6552030779282059,2025-07-14
JINDALPHOT, BE, 14-Jul-2025,860.0,860.0,861.6,860.0,861.6,861.6,861.36,414,3.57,32, -, -,,2025-07-14
JINDALPOLY, EQ, 14-Jul-2025,595.1,599.95,599.95,591.0,592.05,593.1,594.12,16376,97.29,1722, 9258, 56.53,0.5653395212506106,2025-07-14
JINDALSAW, EQ, 14-Jul-2025,224.71,223.75,225.09,221.41,224.67,224.25,223.34,753086,1681.94,13341, 327048, 43.43,0.4342770945151019,2025-07-14
JINDALSTEL, EQ, 14-Jul-2025,938.4,938.4,948.9,927.2,935.9,933.05,936.31,1815311,16996.86,40742, 1025061, 56.47,0.564675143818332,2025-07-14
JINDRILL, EQ, 14-Jul-2025,613.4,613.0,613.0,602.6,606.3,605.25,606.07,89894,544.82,3671, 43304, 48.17,0.4817229181035442,2025-07-14
JINDWORLD, EQ, 14-Jul-2025,42.87,42.85,43.92,41.59,42.65,42.71,42.66,4553639,1942.37,26111, 1663201, 36.52,0.3652465643411786,2025-07-14
JIOFIN, EQ, 14-Jul-2025,325.8,325.0,327.7,317.65,319.3,319.1,321.47,17980889,57803.01,120613, 9463980, 52.63,0.5263354887514182,2025-07-14
JISLDVREQS, EQ, 14-Jul-2025,31.73,31.21,32.4,31.1,32.4,31.71,31.55,14652,4.62,532, 8125, 55.45,0.5545318045318045,2025-07-14
JISLJALEQS, EQ, 14-Jul-2025,54.8,54.81,54.86,53.51,54.05,53.94,54.0,2246066,1212.86,9276, 1090255, 48.54,0.485406484048109,2025-07-14
JITFINFRA, EQ, 14-Jul-2025,371.15,361.05,376.95,360.75,367.2,369.15,367.05,22879,83.98,1470, 12959, 56.64,0.5664146160234276,2025-07-14
JKCEMENT, EQ, 14-Jul-2025,6447.5,6440.5,6545.0,6421.0,6500.0,6510.5,6489.43,59803,3880.87,15472, 29741, 49.73,0.4973161881510961,2025-07-14
JKIL, EQ, 14-Jul-2025,710.1,710.85,727.65,699.8,714.0,713.6,711.51,157834,1123.0,13742, 72922, 46.20,0.4620170558941673,2025-07-14
JKLAKSHMI, EQ, 14-Jul-2025,978.85,978.95,988.85,962.55,972.0,971.8,975.2,149657,1459.46,16945, 77681, 51.91,0.5190602511075325,2025-07-14
JKPAPER, EQ, 14-Jul-2025,391.25,390.9,390.9,382.25,386.0,384.6,385.11,255896,985.49,9164, 103434, 40.42,0.4042032700784694,2025-07-14
JKTYRE, EQ, 14-Jul-2025,362.9,363.85,368.0,361.05,367.9,366.1,364.57,346955,1264.91,12084, 109172, 31.47,0.31465752042772116,2025-07-14
JLHL, EQ, 14-Jul-2025,1497.0,1504.4,1505.0,1485.0,1496.5,1490.4,1494.03,7095,106.0,1869, 3427, 48.30,0.48301620859760397,2025-07-14
JMA, EQ, 14-Jul-2025,92.82,93.76,95.6,92.82,94.29,94.17,94.15,11738,11.05,602, 4800, 40.89,0.4089282671664679,2025-07-14
JMFINANCIL, EQ, 14-Jul-2025,167.45,167.62,173.39,166.37,172.0,172.18,170.74,9343246,15952.94,56652, 3155285, 33.77,0.33770758042761584,2025-07-14
JNKINDIA, EQ, 14-Jul-2025,314.05,311.85,314.0,306.05,310.7,309.25,308.16,99336,306.12,6716, 64868, 65.30,0.6530160264153982,2025-07-14
JOCIL, EQ, 14-Jul-2025,164.62,168.75,170.01,163.22,163.5,167.14,166.99,2565,4.28,199, 1542, 60.12,0.6011695906432749,2025-07-14
JPASSOCIAT, BE, 14-Jul-2025,3.19,3.34,3.34,3.22,3.34,3.34,3.34,22911382,764.18,3235, -, -,,2025-07-14
JPOLYINVST, EQ, 14-Jul-2025,843.35,843.35,856.5,837.8,853.0,849.7,848.92,3043,25.83,517, 1406, 46.20,0.46204403549129147,2025-07-14
JPPOWER, EQ, 14-Jul-2025,23.63,24.2,27.7,23.08,27.1,27.23,25.7,1033357031,265530.9,670704, 149692563, 14.49,0.1448604485277848,2025-07-14
JSFB, EQ, 14-Jul-2025,490.85,490.85,491.55,483.0,488.95,487.1,487.45,93986,458.13,4633, 59934, 63.77,0.6376907198944524,2025-07-14
JSL, EQ, 14-Jul-2025,684.5,683.7,696.0,681.25,689.3,691.1,688.3,1020435,7023.7,28433, 686704, 67.30,0.6729522213565783,2025-07-14
JSWENERGY, EQ, 14-Jul-2025,523.7,525.0,534.35,522.25,530.55,530.5,529.23,3346236,17709.2,42728, 1296070, 38.73,0.3873217549509359,2025-07-14
JSWHL, BE, 14-Jul-2025,21915.0,21800.0,22340.0,21525.0,22300.0,22155.0,21985.65,932,204.91,315, -, -,,2025-07-14
JSWINFRA, EQ, 14-Jul-2025,317.05,320.0,323.8,312.05,317.0,316.8,318.7,3064356,9766.11,43591, 1386966, 45.26,0.45261255546026635,2025-07-14
JSWSTEEL, EQ, 14-Jul-2025,1037.2,1040.0,1044.9,1031.8,1040.4,1038.9,1037.27,1238524,12846.82,42157, 771099, 62.26,0.622595121289535,2025-07-14
JTEKTINDIA, EQ, 14-Jul-2025,142.03,141.0,150.7,141.0,147.2,147.45,145.44,468433,681.27,5766, 316829, 67.64,0.6763592658928812,2025-07-14
JTLIND, EQ, 14-Jul-2025,84.88,84.55,84.72,81.61,82.5,82.34,82.58,1810766,1495.31,10034, 871918, 48.15,0.48151887101922614,2025-07-14
JUBLCPL, EQ, 14-Jul-2025,1692.2,1740.0,1740.0,1652.2,1679.9,1680.6,1673.97,4207,70.42,788, 2737, 65.06,0.6505823627287853,2025-07-14
JUBLFOOD, EQ, 14-Jul-2025,678.6,682.5,683.0,673.1,682.5,679.8,677.65,1128532,7647.55,34859, 734266, 65.06,0.6506381741944403,2025-07-14
JUBLINGREA, EQ, 14-Jul-2025,807.55,803.8,823.5,792.55,806.1,807.45,810.16,353634,2865.01,17507, 149460, 42.26,0.42264035697924973,2025-07-14
JUBLPHARMA, EQ, 14-Jul-2025,1165.7,1165.7,1201.5,1159.1,1194.0,1194.0,1189.47,319145,3796.13,20517, 176845, 55.41,0.5541211674943991,2025-07-14
JUNIORBEES, EQ, 14-Jul-2025,728.58,745.0,745.0,724.55,731.5,731.92,730.06,273432,1996.23,11497, 146064, 53.42,0.5341876590889142,2025-07-14
JUNIPER, EQ, 14-Jul-2025,314.45,319.5,323.5,311.25,321.0,320.95,317.07,94695,300.25,3243, 55983, 59.12,0.5911927768097577,2025-07-14
JUSTDIAL, EQ, 14-Jul-2025,944.05,944.0,954.4,932.0,936.0,934.85,942.14,315171,2969.36,16878, 119028, 37.77,0.3776616503421952,2025-07-14
JWL, EQ, 14-Jul-2025,370.75,370.6,371.15,367.25,369.0,368.9,368.95,526281,1941.73,16405, 222512, 42.28,0.42280074712938526,2025-07-14
JYOTHYLAB, EQ, 14-Jul-2025,355.65,356.6,357.5,350.3,355.0,354.5,354.07,246916,874.25,11824, 100069, 40.53,0.40527547830031263,2025-07-14
JYOTICNC, EQ, 14-Jul-2025,1015.2,1005.0,1033.0,998.0,1020.0,1027.4,1015.77,418616,4252.16,51421, 244545, 58.42,0.5841749957001166,2025-07-14
JYOTISTRUC, EQ, 14-Jul-2025,19.99,20.19,20.19,19.51,19.95,19.9,19.8,16266445,3221.37,21524, 6391860, 39.29,0.3929475678305862,2025-07-14
KABRAEXTRU, EQ, 14-Jul-2025,323.7,328.1,329.9,301.1,305.85,305.65,312.19,166377,519.4,3709, 109700, 65.93,0.6593459432493673,2025-07-14
KAJARIACER, EQ, 14-Jul-2025,1179.3,1170.2,1218.0,1164.3,1190.0,1183.7,1192.31,806010,9610.15,46092, 411096, 51.00,0.5100383369933376,2025-07-14
KAKATCEM, EQ, 14-Jul-2025,158.33,160.4,162.0,156.01,159.5,160.63,159.23,5201,8.28,190, 3743, 71.97,0.719669294366468,2025-07-14
KALAMANDIR, EQ, 14-Jul-2025,154.6,154.45,154.55,152.05,152.55,152.77,152.82,319096,487.66,7991, 140269, 43.96,0.4395824454082784,2025-07-14
KALPATARU, EQ, 14-Jul-2025,417.75,419.85,426.9,417.1,420.0,419.65,421.22,475624,2003.42,15103, 232746, 48.93,0.4893487292483138,2025-07-14
KALYANIFRG, EQ, 14-Jul-2025,740.7,749.6,751.0,731.0,732.0,738.5,741.71,662,4.91,148, 300, 45.32,0.45317220543806647,2025-07-14
KALYANKJIL, EQ, 14-Jul-2025,582.15,586.2,588.4,580.2,585.55,585.75,585.27,1929247,11291.26,28133, 521911, 27.05,0.2705257543487174,2025-07-14
KAMATHOTEL, EQ, 14-Jul-2025,239.33,239.36,239.36,233.22,235.0,235.53,235.56,20189,47.56,1074, 9052, 44.84,0.44836296993412256,2025-07-14
KAMDHENU, EQ, 14-Jul-2025,30.15,30.07,30.19,29.66,29.7,29.84,29.94,776260,232.38,2451, 380426, 49.01,0.49007549017081903,2025-07-14
KAMOPAINTS, BE, 14-Jul-2025,10.02,10.19,10.2,9.85,9.9,9.89,9.95,413251,41.13,765, -, -,,2025-07-14
KANANIIND, EQ, 14-Jul-2025,2.12,2.1,2.15,2.07,2.15,2.13,2.1,246174,5.17,517, 165682, 67.30,0.6730280208307945,2025-07-14
KANORICHEM, EQ, 14-Jul-2025,92.56,92.1,92.84,90.3,91.45,91.18,91.29,5271,4.81,204, 3359, 63.73,0.6372604818819958,2025-07-14
KANPRPLA, BE, 14-Jul-2025,199.26,199.0,202.0,194.55,201.0,200.46,200.28,6241,12.5,73, -, -,,2025-07-14
KANSAINER, EQ, 14-Jul-2025,246.25,247.5,247.5,244.5,246.0,245.95,245.96,103074,253.52,7837, 61475, 59.64,0.596416167025632,2025-07-14
KAPSTON, EQ, 14-Jul-2025,246.87,243.01,249.24,243.01,247.68,246.57,246.66,4024,9.93,230, 3034, 75.40,0.7539761431411531,2025-07-14
KARMAENG, BE, 14-Jul-2025,69.08,69.08,69.11,68.0,68.98,68.99,68.5,4839,3.31,64, -, -,,2025-07-14
KARURVYSYA, EQ, 14-Jul-2025,269.15,268.0,271.0,266.0,269.2,270.0,269.14,1730657,4657.91,18338, 1203740, 69.55,0.6955393240832817,2025-07-14
KAUSHALYA, EQ, 14-Jul-2025,895.75,895.0,906.0,881.05,900.0,896.7,895.8,1609,14.41,178, 436, 27.10,0.2709757613424487,2025-07-14
KAVDEFENCE, BE, 14-Jul-2025,62.74,61.48,61.48,61.48,61.48,61.48,61.48,2497,1.54,70, -, -,,2025-07-14
KAYA, BE, 14-Jul-2025,406.75,410.0,414.85,410.0,414.85,414.85,413.15,2301,9.51,23, -, -,,2025-07-14
KAYNES, EQ, 14-Jul-2025,5998.0,5971.5,6063.5,5951.5,6020.0,6023.0,6007.15,231069,13880.66,28281, 90259, 39.06,0.3906149245463476,2025-07-14
KCP, EQ, 14-Jul-2025,199.25,199.33,200.57,196.25,197.43,197.18,197.82,143076,283.03,4101, 86589, 60.52,0.6051958399731611,2025-07-14
KCPSUGIND, EQ, 14-Jul-2025,35.11,35.28,35.4,34.84,35.11,35.13,35.13,76683,26.94,942, 39673, 51.74,0.517363692082991,2025-07-14
KDDL, EQ, 14-Jul-2025,2705.8,2705.8,2786.0,2672.8,2770.0,2773.7,2734.26,13680,374.05,3924, 5933, 43.37,0.43369883040935675,2025-07-14
KEC, EQ, 14-Jul-2025,864.65,870.65,881.0,864.0,872.5,871.55,871.61,428058,3731.01,31338, 197104, 46.05,0.4604609655700863,2025-07-14
KECL, EQ, 14-Jul-2025,142.07,141.6,142.9,133.85,136.1,137.4,137.03,415713,569.64,4180, 189949, 45.69,0.45692340629232187,2025-07-14
KEEPLEARN, BE, 14-Jul-2025,3.16,3.05,3.25,3.05,3.23,3.23,3.19,8079,0.26,70, -, -,,2025-07-14
KEI, EQ, 14-Jul-2025,3612.3,3650.0,3755.0,3612.0,3741.0,3732.6,3718.66,541391,20132.49,49881, 194047, 35.84,0.35842302513340635,2025-07-14
KELLTONTEC, EQ, 14-Jul-2025,134.81,134.82,135.48,131.2,132.0,131.98,132.17,404514,534.63,5657, 173567, 42.91,0.42907538428830644,2025-07-14
KERNEX, BE, 14-Jul-2025,1155.4,1170.0,1170.0,1130.0,1147.0,1139.6,1145.97,26218,300.45,952, -, -,,2025-07-14
KESORAMIND, BE, 14-Jul-2025,5.9,6.19,6.19,5.66,6.19,6.19,6.11,5415550,330.86,3924, -, -,,2025-07-14
KEYFINSERV, BE, 14-Jul-2025,264.75,274.0,274.0,254.0,258.0,264.55,261.42,2857,7.47,64, -, -,,2025-07-14
KFINTECH, EQ, 14-Jul-2025,1273.1,1272.0,1299.9,1267.0,1278.9,1275.6,1280.81,566336,7253.71,27044, 189523, 33.46,0.3346476296756696,2025-07-14
KHADIM, EQ, 14-Jul-2025,262.35,264.0,272.1,258.8,269.0,270.7,268.72,37294,100.22,1430, 23341, 62.59,0.6258647503619885,2025-07-14
KHAICHEM, BE, 14-Jul-2025,98.58,100.55,100.55,100.55,100.55,100.55,100.55,278005,279.53,676, -, -,,2025-07-14
KHAITANLTD, BE, 14-Jul-2025,122.54,122.54,123.0,121.9,121.9,121.93,122.22,1914,2.34,46, -, -,,2025-07-14
KHANDSE, EQ, 14-Jul-2025,24.5,24.79,24.79,24.02,24.55,24.39,24.34,4552,1.11,58, 3271, 71.86,0.718585237258348,2025-07-14
KICL, EQ, 14-Jul-2025,5136.0,5105.0,5146.0,5059.0,5099.0,5087.5,5097.31,1105,56.33,494, 599, 54.21,0.5420814479638009,2025-07-14
KILITCH, BE, 14-Jul-2025,464.3,476.0,487.5,465.5,487.5,487.5,485.26,131351,637.39,1385, -, -,,2025-07-14
KIMS, EQ, 14-Jul-2025,709.85,713.0,718.0,698.25,712.0,710.3,708.96,588692,4173.61,27679, 324016, 55.04,0.5503998695412882,2025-07-14
KINGFA, EQ, 14-Jul-2025,3471.5,3478.0,3478.0,3400.0,3418.0,3406.5,3427.03,3364,115.29,1310, 1796, 53.39,0.5338882282996433,2025-07-14
KIOCL, EQ, 14-Jul-2025,288.05,289.5,293.9,285.0,293.1,292.1,289.22,38446,111.19,2982, 13912, 36.19,0.36185819070904646,2025-07-14
KIRIINDUS, EQ, 14-Jul-2025,551.45,544.75,549.6,540.05,543.9,543.5,543.61,275425,1497.24,11737, 135396, 49.16,0.4915893618952528,2025-07-14
KIRLOSBROS, EQ, 14-Jul-2025,2193.8,2170.1,2198.0,2142.1,2158.0,2153.6,2165.58,183537,3974.64,19932, 53940, 29.39,0.29389169486261624,2025-07-14
KIRLOSENG, EQ, 14-Jul-2025,914.85,913.9,932.35,904.8,922.4,921.35,919.38,584728,5375.86,35434, 171558, 29.34,0.2933979559726916,2025-07-14
KIRLOSIND, EQ, 14-Jul-2025,4129.9,4120.0,4152.0,4050.0,4077.8,4077.8,4103.7,5412,222.09,1699, 2612, 48.26,0.4826311899482631,2025-07-14
KIRLPNU, EQ, 14-Jul-2025,1401.6,1402.0,1425.0,1373.0,1374.9,1378.6,1391.94,114310,1591.12,12408, 61767, 54.03,0.5403464263843933,2025-07-14
KITEX, EQ, 14-Jul-2025,285.5,285.5,285.5,272.65,279.3,279.45,277.32,513152,1423.06,8437, 263872, 51.42,0.514218009478673,2025-07-14
KKCL, EQ, 14-Jul-2025,556.5,557.0,562.3,542.1,555.5,549.5,550.38,54975,302.57,3469, 27689, 50.37,0.5036653024101865,2025-07-14
KMEW, EQ, 14-Jul-2025,1641.2,1658.0,1706.0,1611.6,1684.0,1670.2,1661.62,51580,857.06,6117, 18832, 36.51,0.3651027530050407,2025-07-14
KMSUGAR, EQ, 14-Jul-2025,28.61,28.75,28.75,28.05,28.3,28.27,28.28,80022,22.63,642, 54164, 67.69,0.6768638624378296,2025-07-14
KNRCON, EQ, 14-Jul-2025,215.38,216.38,220.05,214.05,218.5,218.96,217.47,627142,1363.83,11802, 260513, 41.54,0.4153971508844887,2025-07-14
KOHINOOR, EQ, 14-Jul-2025,36.2,37.0,37.0,35.98,36.39,36.31,36.5,162475,59.3,1569, 36011, 22.16,0.22164025234651485,2025-07-14
KOKUYOCMLN, EQ, 14-Jul-2025,125.5,125.5,126.35,121.0,123.0,122.63,122.99,138387,170.21,2691, 57335, 41.43,0.4143091475355344,2025-07-14
KOLTEPATIL, EQ, 14-Jul-2025,455.55,451.0,459.5,442.0,455.95,457.8,452.16,225729,1020.67,11497, 71621, 31.73,0.3172875439132765,2025-07-14
KOPRAN, EQ, 14-Jul-2025,178.02,179.0,181.88,176.75,179.5,179.92,179.82,135693,244.01,2573, 55977, 41.25,0.41252680683601956,2025-07-14
KOTAKBANK, EQ, 14-Jul-2025,2220.6,2223.9,2227.0,2197.3,2206.6,2203.8,2207.92,2395337,52887.07,71299, 1827627, 76.30,0.762993683143541,2025-07-14
KOTARISUG, EQ, 14-Jul-2025,37.41,37.4,37.5,36.89,37.1,37.1,37.19,30009,11.16,493, 21245, 70.80,0.7079542803825519,2025-07-14
KOTHARIPET, EQ, 14-Jul-2025,180.83,182.5,182.5,177.93,179.0,179.29,179.2,21416,38.38,951, 11169, 52.15,0.5215259618976467,2025-07-14
KOTHARIPRO, EQ, 14-Jul-2025,85.2,86.5,88.74,85.0,85.0,85.87,86.11,14889,12.82,1174, 8166, 54.85,0.5484585935925851,2025-07-14
KPEL, EQ, 14-Jul-2025,497.45,499.0,509.9,488.9,506.0,503.2,500.0,267073,1335.36,13348, 99708, 37.33,0.37333612907332453,2025-07-14
KPIGREEN, EQ, 14-Jul-2025,521.25,522.25,534.4,514.45,527.15,527.35,525.89,764410,4019.95,31880, 315511, 41.28,0.4127510105833257,2025-07-14
KPIL, EQ, 14-Jul-2025,1191.7,1191.0,1204.7,1180.0,1197.0,1198.8,1196.17,84973,1016.42,9638, 39860, 46.91,0.46909018158709237,2025-07-14
KPITTECH, EQ, 14-Jul-2025,1268.4,1268.4,1271.6,1254.1,1268.0,1267.2,1263.0,463763,5857.32,26463, 202843, 43.74,0.4373850436537628,2025-07-14
KPRMILL, EQ, 14-Jul-2025,1200.2,1190.4,1195.0,1176.0,1188.1,1188.3,1188.45,153486,1824.11,11494, 79506, 51.80,0.5180016418435558,2025-07-14
KRBL, EQ, 14-Jul-2025,388.55,388.55,388.7,374.4,378.8,378.75,380.8,546935,2082.71,15009, 220492, 40.31,0.4031411410862351,2025-07-14
KREBSBIO, BE, 14-Jul-2025,81.62,80.0,83.8,80.0,81.5,81.5,81.1,1509,1.22,32, -, -,,2025-07-14
KRIDHANINF, BE, 14-Jul-2025,4.16,4.28,4.36,4.01,4.36,4.36,4.27,68899,2.94,122, -, -,,2025-07-14
KRISHANA, EQ, 14-Jul-2025,437.4,442.95,469.95,438.3,462.0,461.3,460.43,349983,1611.44,18333, 147763, 42.22,0.4222005068817628,2025-07-14
KRISHIVAL, BE, 14-Jul-2025,392.35,397.7,400.0,390.0,395.0,392.35,396.01,11924,47.22,272, -, -,,2025-07-14
KRITI, BE, 14-Jul-2025,177.0,174.99,177.0,173.46,173.46,173.46,175.72,3471,6.1,41, -, -,,2025-07-14
KRITIKA, EQ, 14-Jul-2025,9.88,10.0,10.0,9.8,9.87,9.83,9.85,203844,20.07,807, 147699, 72.46,0.7245687878966268,2025-07-14
KRITINUT, EQ, 14-Jul-2025,110.21,112.95,113.0,107.93,108.0,108.83,110.37,13088,14.45,493, 7397, 56.52,0.5651742053789731,2025-07-14
KRN, EQ, 14-Jul-2025,886.75,885.75,892.15,872.9,881.0,883.25,881.3,401101,3534.89,20749, 95671, 23.85,0.2385209710272475,2025-07-14
KRONOX, EQ, 14-Jul-2025,190.32,191.7,191.7,185.03,186.69,185.97,187.66,216974,407.17,4134, 70348, 32.42,0.32422317881405144,2025-07-14
KROSS, EQ, 14-Jul-2025,190.11,190.2,194.39,186.41,192.1,191.78,190.29,225193,428.51,5584, 89441, 39.72,0.397174867780082,2025-07-14
KRSNAA, EQ, 14-Jul-2025,812.65,809.0,833.45,802.5,816.5,820.0,820.01,127493,1045.45,10093, 60954, 47.81,0.4780968366890731,2025-07-14
KRYSTAL, BE, 14-Jul-2025,655.5,669.0,670.0,630.0,653.2,656.2,653.99,9594,62.74,350, -, -,,2025-07-14
KSB, EQ, 14-Jul-2025,879.75,880.0,898.0,861.5,864.8,867.95,882.67,584308,5157.54,24337, 398752, 68.24,0.6824346064062105,2025-07-14
KSCL, EQ, 14-Jul-2025,1136.9,1136.0,1136.0,1109.9,1123.1,1123.2,1121.56,130919,1468.34,12911, 65596, 50.10,0.5010426294120792,2025-07-14
KSHITIJPOL, EQ, 14-Jul-2025,3.29,3.29,3.35,3.28,3.3,3.29,3.31,132475,4.38,407, 110310, 83.27,0.8326854123419513,2025-07-14
KSL, EQ, 14-Jul-2025,910.45,906.5,918.4,900.0,905.0,904.1,908.21,43242,392.73,4739, 17262, 39.92,0.3991952268627723,2025-07-14
KSOLVES, EQ, 14-Jul-2025,345.55,345.0,346.45,340.8,345.25,344.35,343.68,21892,75.24,1423, 12443, 56.84,0.5683811437968208,2025-07-14
KTKBANK, EQ, 14-Jul-2025,190.39,191.71,193.5,190.54,193.0,193.11,191.96,859048,1649.03,12062, 548817, 63.89,0.6388665126977771,2025-07-14
KUANTUM, EQ, 14-Jul-2025,125.39,125.79,128.0,125.4,125.4,125.87,126.74,50985,64.62,1164, 35486, 69.60,0.6960086299892125,2025-07-14
LAGNAM, EQ, 14-Jul-2025,99.25,101.0,108.99,99.01,104.21,103.46,105.68,68141,72.01,1566, 20815, 30.55,0.30546954109860436,2025-07-14
LAKPRE, BZ, 14-Jul-2025,5.09,5.09,5.09,4.87,4.87,4.87,5.08,1752,0.09,6, -, -,,2025-07-14
LAL, BE, 14-Jul-2025,12.21,11.59,12.8,11.59,12.11,12.17,12.18,16300,1.99,117, -, -,,2025-07-14
LALPATHLAB, EQ, 14-Jul-2025,2926.5,2910.0,2926.5,2880.1,2904.9,2897.5,2896.12,63369,1835.24,16599, 36812, 58.09,0.580914958418154,2025-07-14
LAMBODHARA, EQ, 14-Jul-2025,140.41,143.0,143.0,136.5,137.0,137.14,138.91,9148,12.71,785, 4261, 46.58,0.46578487101005683,2025-07-14
LANCORHOL, EQ, 14-Jul-2025,23.46,23.9,24.3,22.78,23.39,23.38,23.63,215338,50.88,1872, 114820, 53.32,0.5332082586445495,2025-07-14
LANDMARK, EQ, 14-Jul-2025,507.85,505.0,549.0,505.0,544.0,544.3,533.81,161855,864.01,9036, 67500, 41.70,0.41703994315900034,2025-07-14
LAOPALA, EQ, 14-Jul-2025,264.3,266.8,267.35,261.0,263.4,263.4,263.45,61726,162.62,4706, 25890, 41.94,0.41943427404983313,2025-07-14
LASA, BE, 14-Jul-2025,12.66,12.4,12.4,12.4,12.4,12.4,12.4,27584,3.42,57, -, -,,2025-07-14
LATENTVIEW, EQ, 14-Jul-2025,432.2,432.2,434.4,423.1,428.2,428.05,429.2,246540,1058.15,10474, 113715, 46.12,0.4612436115843271,2025-07-14
LATTEYS, EQ, 14-Jul-2025,23.57,23.55,23.68,22.58,22.6,22.66,23.0,75059,17.26,410, 49633, 66.13,0.6612531475239478,2025-07-14
LAURUSLABS, EQ, 14-Jul-2025,790.2,788.2,827.5,788.2,826.0,823.85,814.56,5083453,41407.97,82290, 1599603, 31.47,0.314668592391825,2025-07-14
LAXMICOT, EQ, 14-Jul-2025,28.55,27.8,28.73,27.8,28.16,28.3,28.38,14993,4.25,233, 7667, 51.14,0.5113719735876743,2025-07-14
LAXMIDENTL, EQ, 14-Jul-2025,429.15,436.05,469.7,427.2,446.0,445.9,451.85,915298,4135.73,46346, 277888, 30.36,0.30360385360833303,2025-07-14
LCCINFOTEC, BE, 14-Jul-2025,4.78,4.54,4.54,4.54,4.54,4.54,4.54,57481,2.61,54, -, -,,2025-07-14
LEMONTREE, EQ, 14-Jul-2025,153.38,152.3,154.8,150.54,152.06,152.12,152.3,2526060,3847.31,27493, 903071, 35.75,0.3575018012240406,2025-07-14
LEXUS, EQ, 14-Jul-2025,33.9,33.4,34.5,33.4,34.24,33.95,34.14,10694,3.65,233, 8209, 76.76,0.7676267065644287,2025-07-14
LFIC, EQ, 14-Jul-2025,218.12,218.01,221.61,215.0,216.0,216.05,217.32,3943,8.57,124, 2547, 64.60,0.6459548567080903,2025-07-14
LGBBROSLTD, EQ, 14-Jul-2025,1294.6,1305.0,1305.0,1285.0,1290.0,1294.2,1293.37,11172,144.49,1874, 6375, 57.06,0.5706229860365198,2025-07-14
LGHL, EQ, 14-Jul-2025,838.4,818.0,846.05,818.0,843.0,828.0,829.11,57339,475.4,1155, 1947, 3.40,0.033955946214618324,2025-07-14
LIBAS, EQ, 14-Jul-2025,13.93,13.86,14.48,13.52,13.8,13.71,13.78,59743,8.23,302, 52786, 88.36,0.883551211020538,2025-07-14
LIBERTSHOE, BE, 14-Jul-2025,389.05,387.25,390.5,380.0,381.9,380.3,382.88,9440,36.14,243, -, -,,2025-07-14
LICHSGFIN, EQ, 14-Jul-2025,604.65,602.7,611.4,600.75,607.1,606.9,606.68,1171906,7109.67,38113, 635341, 54.21,0.542143311835591,2025-07-14
LICI, EQ, 14-Jul-2025,922.4,920.6,921.7,912.0,916.4,916.4,915.91,843161,7722.63,27258, 346569, 41.10,0.4110353775850638,2025-07-14
LICMFGOLD, EQ, 14-Jul-2025,8856.25,8919.95,8974.9,8875.05,8965.0,8956.25,8954.42,4749,425.25,330, 3680, 77.49,0.7748999789429354,2025-07-14
LICNETFGSC, EQ, 14-Jul-2025,28.4,29.11,29.11,28.41,28.44,28.45,28.46,52074,14.82,208, 46610, 89.51,0.8950723969735377,2025-07-14
LICNETFN50, EQ, 14-Jul-2025,278.31,278.31,278.31,276.95,277.93,277.93,277.86,8212,22.82,44, 8212, 100.00,1.0,2025-07-14
LICNETFSEN, EQ, 14-Jul-2025,924.2,922.82,922.82,915.41,922.14,921.77,921.74,65,0.6,9, 65, 100.00,1.0,2025-07-14
LICNFNHGP, EQ, 14-Jul-2025,280.38,285.7,285.7,278.36,279.0,279.14,279.72,454,1.27,37, 307, 67.62,0.6762114537444934,2025-07-14
LICNMID100, EQ, 14-Jul-2025,58.63,58.92,59.3,58.54,59.3,59.29,58.93,7445,4.39,117, 5055, 67.90,0.6789791806581599,2025-07-14
LIKHITHA, EQ, 14-Jul-2025,284.7,286.05,286.05,277.45,278.5,279.15,279.7,58868,164.65,2152, 30871, 52.44,0.5244105456275056,2025-07-14
LINC, BE, 14-Jul-2025,145.57,144.98,145.49,142.25,144.78,144.78,143.69,6588,9.47,96, -, -,,2025-07-14
LINCOLN, EQ, 14-Jul-2025,549.85,549.95,553.2,544.0,549.2,547.9,547.11,43130,235.97,3609, 25974, 60.22,0.6022258288894041,2025-07-14
LINDEINDIA, EQ, 14-Jul-2025,6794.5,6805.0,6874.0,6750.0,6810.0,6840.5,6824.13,26193,1787.44,6776, 14878, 56.80,0.5680143549803383,2025-07-14
LIQUID, EQ, 14-Jul-2025,999.99,999.99,1000.0,999.99,1000.0,999.99,999.99,54849,548.49,151, 28937, 52.76,0.5275757078524677,2025-07-14
LIQUID1, EQ, 14-Jul-2025,1058.99,1058.0,1059.15,1058.0,1059.15,1059.14,1059.14,169410,1794.29,317, 84883, 50.11,0.5010507053892922,2025-07-14
LIQUIDADD, EQ, 14-Jul-2025,1081.18,1081.32,1081.34,1081.32,1081.34,1081.33,1081.33,780736,8442.34,10050, 470929, 60.32,0.6031859681121403,2025-07-14
LIQUIDBEES, EQ, 14-Jul-2025,1000.0,999.36,1000.01,999.36,999.99,999.99,999.99,3408645,34086.21,5300, 3186859, 93.49,0.9349342627348991,2025-07-14
LIQUIDBETF, EQ, 14-Jul-2025,1038.73,1038.84,1038.87,1038.84,1038.86,1038.86,1038.87,427526,4441.43,290, 402017, 94.03,0.9403334534040035,2025-07-14
LIQUIDCASE, EQ, 14-Jul-2025,109.46,112.74,112.74,109.46,109.48,109.46,109.47,7749637,8483.31,6386, 6113779, 78.89,0.7889116612816832,2025-07-14
LIQUIDETF, EQ, 14-Jul-2025,999.99,1000.0,1000.01,999.99,1000.0,999.99,1000.0,481194,4811.94,232, 448422, 93.19,0.9318944126485368,2025-07-14
LIQUIDIETF, EQ, 14-Jul-2025,999.99,999.99,1000.01,999.99,1000.0,999.99,1000.0,1314648,13146.48,412, 867610, 66.00,0.6599561251376794,2025-07-14
LIQUIDPLUS, EQ, 14-Jul-2025,1040.97,1041.1,1041.12,1041.1,1041.1,1041.11,1041.12,11764,122.48,45, 10246, 87.10,0.8709622577354641,2025-07-14
LIQUIDSBI, EQ, 14-Jul-2025,1000.01,1000.01,1000.01,999.99,999.99,999.99,1000.0,1954,19.54,28, 1329, 68.01,0.68014329580348,2025-07-14
LIQUIDSHRI, EQ, 14-Jul-2025,1061.26,1061.42,1061.44,1061.42,1061.42,1061.42,1061.43,6482,68.8,45, 6172, 95.22,0.9521752545510644,2025-07-14
LLOYDSENGG, EQ, 14-Jul-2025,81.39,81.0,81.2,78.51,79.79,79.38,79.5,6284822,4996.22,22522, 2534906, 40.33,0.4033377556277648,2025-07-14
LLOYDSENT, EQ, 14-Jul-2025,90.66,90.66,91.43,87.55,88.56,88.94,89.41,3166725,2831.27,21303, 1322475, 41.76,0.4176159912843711,2025-07-14
LLOYDSME, EQ, 14-Jul-2025,1488.9,1488.9,1497.5,1464.4,1477.0,1478.3,1484.02,255173,3786.81,21296, 118583, 46.47,0.4647160945711341,2025-07-14
LMW, EQ, 14-Jul-2025,16504.0,16600.0,16600.0,16129.0,16129.0,16191.0,16269.02,4192,682.0,1780, 2410, 57.49,0.5749045801526718,2025-07-14
LODHA, EQ, 14-Jul-2025,1400.1,1400.1,1423.2,1387.0,1422.0,1419.7,1408.81,534480,7529.79,31711, 253878, 47.50,0.475,2025-07-14
LOKESHMACH, EQ, 14-Jul-2025,229.42,233.9,233.9,220.0,221.0,220.78,226.14,45808,103.59,2937, 18875, 41.20,0.4120459308417744,2025-07-14
LORDSCHLO, EQ, 14-Jul-2025,166.45,167.46,174.8,163.0,170.0,169.69,169.73,38181,64.8,1455, 20310, 53.19,0.5319399701422174,2025-07-14
LOTUSEYE, EQ, 14-Jul-2025,73.05,73.16,75.19,73.16,74.99,74.72,74.58,18486,13.79,355, 13003, 70.34,0.7033971654224819,2025-07-14
LOVABLE, EQ, 14-Jul-2025,99.06,99.9,99.9,97.89,98.05,98.21,98.5,7897,7.78,335, 4889, 61.91,0.619095859187033,2025-07-14
LOWVOL, EQ, 14-Jul-2025,204.94,205.96,205.96,204.12,204.39,204.39,204.88,148,0.3,22, 119, 80.41,0.8040540540540541,2025-07-14
LOWVOL1, EQ, 14-Jul-2025,20.86,20.86,21.0,20.71,20.79,20.81,20.83,11304,2.35,332, 5945, 52.59,0.5259200283085633,2025-07-14
LOWVOLIETF, EQ, 14-Jul-2025,22.03,22.25,22.25,21.88,22.0,22.01,22.0,880934,193.79,1680, 755756, 85.79,0.8579030892212129,2025-07-14
LOYALTEX, EQ, 14-Jul-2025,341.6,358.65,358.65,350.35,358.65,358.65,358.57,2807,10.07,98, 2180, 77.66,0.7766298539365871,2025-07-14
LPDC, EQ, 14-Jul-2025,8.37,8.53,8.53,8.34,8.36,8.38,8.41,20265,1.7,173, 12072, 59.57,0.5957068837897853,2025-07-14
LT, EQ, 14-Jul-2025,3540.6,3540.6,3548.7,3488.0,3493.9,3495.9,3498.73,1358844,47542.31,104044, 961684, 70.77,0.707722152064549,2025-07-14
LTF, EQ, 14-Jul-2025,204.59,205.0,208.49,203.18,205.45,205.57,205.79,5939863,12223.9,33605, 3387763, 57.03,0.5703436257704934,2025-07-14
LTFOODS, EQ, 14-Jul-2025,484.5,487.85,491.9,478.5,481.6,481.75,483.23,544539,2631.36,22782, 251704, 46.22,0.46223319174567845,2025-07-14
LTGILTBEES, EQ, 14-Jul-2025,28.89,28.92,28.93,28.88,28.89,28.89,28.9,2620311,757.23,1263, 2285737, 87.23,0.8723151564833335,2025-07-14
LTIM, EQ, 14-Jul-2025,5206.0,5201.0,5206.0,5101.5,5159.0,5158.0,5141.5,181796,9347.03,26247, 77169, 42.45,0.4244812867169795,2025-07-14
LTTS, EQ, 14-Jul-2025,4410.5,4400.0,4400.0,4322.0,4342.0,4343.2,4343.35,56491,2453.6,12082, 25618, 45.35,0.45348816625657185,2025-07-14
LUMAXIND, EQ, 14-Jul-2025,3523.0,3541.5,3594.9,3482.1,3492.0,3529.2,3534.06,6125,216.46,2804, 2010, 32.82,0.32816326530612244,2025-07-14
LUMAXTECH, EQ, 14-Jul-2025,1147.6,1164.8,1170.0,1123.4,1148.0,1148.8,1150.22,101525,1167.76,7524, 59632, 58.74,0.587362718542231,2025-07-14
LUPIN, EQ, 14-Jul-2025,1894.7,1894.7,1935.0,1888.6,1925.0,1926.1,1922.89,624180,12002.28,43099, 347229, 55.63,0.5562962606940306,2025-07-14
LUXIND, EQ, 14-Jul-2025,1466.0,1466.0,1475.9,1452.5,1460.0,1456.3,1459.39,16155,235.76,2734, 9310, 57.63,0.5762921696069329,2025-07-14
LXCHEM, EQ, 14-Jul-2025,192.71,192.99,193.39,190.68,192.27,192.26,192.05,212096,407.33,7112, 96932, 45.70,0.45701946288473144,2025-07-14
LYKALABS, EQ, 14-Jul-2025,110.16,111.2,111.2,108.49,110.9,110.1,109.84,24262,26.65,463, 16037, 66.10,0.6609924985574149,2025-07-14
LYPSAGEMS, BE, 14-Jul-2025,7.73,7.88,7.88,7.48,7.65,7.55,7.61,12293,0.94,96, -, -,,2025-07-14
M&M, EQ, 14-Jul-2025,3073.2,3072.8,3104.8,3053.6,3093.2,3092.1,3089.15,2958843,91403.2,93030, 2112495, 71.40,0.7139598146978396,2025-07-14
M&MFIN, EQ, 14-Jul-2025,265.8,266.25,268.8,265.05,268.25,268.15,267.12,2123415,5672.17,17733, 1059518, 49.90,0.49896887796309247,2025-07-14
MAANALU, BE, 14-Jul-2025,119.77,117.41,122.95,116.5,118.3,118.22,119.56,13855,16.56,121, -, -,,2025-07-14
MACPOWER, BE, 14-Jul-2025,1025.0,1005.1,1024.5,1005.1,1024.3,1024.3,1021.34,2279,23.28,78, -, -,,2025-07-14
MADHAV, EQ, 14-Jul-2025,45.55,45.75,46.5,44.63,45.98,45.54,45.7,8065,3.69,254, 3862, 47.89,0.47885926844389337,2025-07-14
MADHUCON, BE, 14-Jul-2025,7.05,7.0,7.15,7.0,7.13,7.13,7.09,9740,0.69,37, -, -,,2025-07-14
MADRASFERT, EQ, 14-Jul-2025,89.44,89.34,89.88,88.41,89.09,89.24,89.09,56451,50.29,954, 16690, 29.57,0.29565463853607554,2025-07-14
MAFANG, EQ, 14-Jul-2025,152.67,150.37,150.37,150.37,150.37,150.37,150.37,316937,476.58,8313, 313380, 98.88,0.9887769493621761,2025-07-14
MAGADSUGAR, EQ, 14-Jul-2025,652.05,655.5,658.8,645.0,658.8,656.7,651.82,6637,43.26,756, 3078, 46.38,0.4637637486816333,2025-07-14
MAGNUM, EQ, 14-Jul-2025,24.25,24.75,24.79,22.9,23.0,23.33,23.58,275836,65.04,916, 221986, 80.48,0.8047753012659696,2025-07-14
MAHABANK, EQ, 14-Jul-2025,55.95,55.97,56.68,55.61,56.19,56.08,56.05,9869575,5531.46,28271, 4244350, 43.00,0.430043846872839,2025-07-14
MAHAPEXLTD, EQ, 14-Jul-2025,109.86,109.05,111.58,106.0,108.5,107.29,108.23,5951,6.44,334, 3762, 63.22,0.6321626617375231,2025-07-14
MAHASTEEL, BE, 14-Jul-2025,360.45,361.0,367.5,353.25,367.0,367.0,354.62,27564,97.75,44, -, -,,2025-07-14
MAHEPC, EQ, 14-Jul-2025,144.28,145.0,146.8,141.5,142.79,142.39,142.65,57935,82.65,913, 32471, 56.05,0.5604729438163459,2025-07-14
MAHESHWARI, EQ, 14-Jul-2025,62.42,61.5,62.5,61.13,61.4,61.52,61.64,23530,14.5,274, 16905, 71.84,0.7184445388865278,2025-07-14
MAHKTECH, EQ, 14-Jul-2025,21.63,21.44,21.98,20.62,21.4,21.3,21.31,2105972,448.76,9271, 1176942, 55.89,0.5588592820797238,2025-07-14
MAHLIFE, EQ, 14-Jul-2025,360.0,359.95,360.4,356.15,357.95,358.3,358.25,135069,483.89,4659, 74159, 54.90,0.5490453027711762,2025-07-14
MAHLOG, EQ, 14-Jul-2025,378.85,378.85,388.95,378.1,385.1,382.55,382.85,216705,829.64,9706, 120968, 55.82,0.558215085023419,2025-07-14
MAHSCOOTER, EQ, 14-Jul-2025,14307.0,14275.0,14300.0,13950.0,14220.0,14171.0,14127.76,4873,688.45,2110, 2589, 53.13,0.5312948902113688,2025-07-14
MAHSEAMLES, EQ, 14-Jul-2025,697.5,702.35,714.0,692.65,707.0,706.1,702.65,149564,1050.92,7614, 65334, 43.68,0.4368297183814287,2025-07-14
MAITHANALL, EQ, 14-Jul-2025,1153.6,1150.0,1157.8,1133.8,1144.0,1143.2,1144.7,28606,327.45,3902, 13452, 47.03,0.4702509962944837,2025-07-14
MAKEINDIA, EQ, 14-Jul-2025,145.52,149.89,149.89,145.01,145.93,145.48,145.45,22685,33.0,285, 20035, 88.32,0.8831827198589376,2025-07-14
MALLCOM, EQ, 14-Jul-2025,1221.3,1221.3,1224.8,1205.1,1212.1,1213.2,1209.68,3551,42.96,589, 2045, 57.59,0.5758941143339904,2025-07-14
MALUPAPER, EQ, 14-Jul-2025,41.22,41.25,41.49,40.81,40.83,40.9,41.01,7864,3.23,119, 6458, 82.12,0.8212105798575788,2025-07-14
MAMATA, EQ, 14-Jul-2025,490.5,475.7,483.35,460.0,462.35,462.0,471.13,3208908,15118.19,54096, 621700, 19.37,0.19374192092761774,2025-07-14
MANAKALUCO, EQ, 14-Jul-2025,26.61,26.61,27.18,26.3,26.8,26.66,26.78,21075,5.64,553, 9800, 46.50,0.465005931198102,2025-07-14
MANAKCOAT, EQ, 14-Jul-2025,132.03,130.4,133.19,128.35,128.9,129.36,129.82,63281,82.15,1158, 37201, 58.79,0.5878699767702786,2025-07-14
MANAKSIA, EQ, 14-Jul-2025,73.07,73.29,74.5,72.5,74.15,74.07,73.79,23960,17.68,717, 12524, 52.27,0.5227045075125208,2025-07-14
MANAKSTEEL, EQ, 14-Jul-2025,64.4,65.44,65.49,63.46,63.7,63.68,63.85,39001,24.9,497, 29140, 74.72,0.7471603292223277,2025-07-14
MANALIPETC, EQ, 14-Jul-2025,68.72,68.72,69.15,66.75,67.34,67.23,67.83,497014,337.11,4403, 185424, 37.31,0.3730760099313098,2025-07-14
MANAPPURAM, EQ, 14-Jul-2025,262.9,262.9,265.25,259.5,263.0,263.1,262.8,2940471,7727.58,34556, 1610188, 54.76,0.5475952662005509,2025-07-14
MANBA, EQ, 14-Jul-2025,140.11,140.11,143.0,138.4,142.36,142.07,140.44,30178,42.38,1179, 17511, 58.03,0.5802571409636159,2025-07-14
MANCREDIT, EQ, 14-Jul-2025,201.16,204.0,204.0,195.0,195.05,195.89,198.26,32868,65.16,1049, 6672, 20.30,0.20299379335523915,2025-07-14
MANGALAM, EQ, 14-Jul-2025,85.74,86.7,89.9,85.2,87.41,86.3,87.09,69769,60.76,2520, 29596, 42.42,0.4241998595364703,2025-07-14
MANGCHEFER, EQ, 14-Jul-2025,270.5,272.35,281.3,266.4,277.0,276.8,277.09,474456,1314.66,7648, 328108, 69.15,0.6915456860067108,2025-07-14
MANGLMCEM, EQ, 14-Jul-2025,735.1,734.1,759.0,727.9,750.0,752.15,742.1,49767,369.32,3149, 23792, 47.81,0.47806779592902926,2025-07-14
MANINDS, EQ, 14-Jul-2025,419.8,419.75,420.95,409.65,413.45,412.6,414.32,380588,1576.83,10920, 208226, 54.71,0.547116566996332,2025-07-14
MANINFRA, EQ, 14-Jul-2025,182.71,182.7,183.29,179.26,180.0,179.99,181.13,440579,798.01,7991, 254150, 57.69,0.5768545482195021,2025-07-14
MANKIND, EQ, 14-Jul-2025,2578.3,2519.6,2706.0,2519.6,2700.0,2696.5,2656.99,2132999,56673.62,125645, 1098574, 51.50,0.5150372784984897,2025-07-14
MANOMAY, EQ, 14-Jul-2025,171.4,169.79,175.0,166.4,171.9,167.74,169.12,4137,7.0,373, 2129, 51.46,0.5146241237611796,2025-07-14
MANORAMA, EQ, 14-Jul-2025,1467.0,1467.0,1570.0,1425.0,1532.0,1525.5,1516.62,294543,4467.1,34139, 118556, 40.25,0.40250829250737585,2025-07-14
MANORG, BE, 14-Jul-2025,551.1,548.35,567.0,545.0,555.0,556.85,556.01,3652,20.31,68, -, -,,2025-07-14
MANUGRAPH, BE, 14-Jul-2025,19.97,20.5,20.5,19.3,20.3,19.98,20.02,9838,1.97,67, -, -,,2025-07-14
MANYAVAR, EQ, 14-Jul-2025,796.1,795.05,798.95,785.0,790.9,790.35,792.17,141622,1121.89,10851, 100743, 71.14,0.711351343717784,2025-07-14
MAPMYINDIA, EQ, 14-Jul-2025,1795.1,1791.8,1816.0,1773.1,1808.5,1809.4,1800.36,72438,1304.14,10557, 46569, 64.29,0.6428808084154726,2025-07-14
MARALOVER, EQ, 14-Jul-2025,73.77,73.87,77.7,73.32,74.1,74.48,75.09,11793,8.85,723, 7682, 65.14,0.6514033748834054,2025-07-14
MARATHON, EQ, 14-Jul-2025,685.85,689.95,744.0,682.1,744.0,740.05,722.33,769168,5555.92,36410, 384132, 49.94,0.4994123520479271,2025-07-14
MARICO, EQ, 14-Jul-2025,725.65,730.7,731.85,722.6,726.9,728.0,728.09,1403107,10215.83,30046, 900586, 64.19,0.6418512629471594,2025-07-14
MARINE, BE, 14-Jul-2025,201.43,201.0,204.0,199.0,200.1,199.75,200.64,165258,331.57,1954, -, -,,2025-07-14
MARKSANS, EQ, 14-Jul-2025,254.55,255.0,265.0,251.3,261.2,260.6,259.41,1624824,4215.03,28497, 804896, 49.54,0.49537426822843583,2025-07-14
MARSHALL, BZ, 14-Jul-2025,9.84,9.34,9.34,9.34,9.34,9.34,9.34,20466,1.91,69, -, -,,2025-07-14
MARUTI, EQ, 14-Jul-2025,12574.0,12590.0,12616.0,12431.0,12534.0,12514.0,12509.48,246737,30865.52,38640, 163414, 66.23,0.6623003440910767,2025-07-14
MASFIN, EQ, 14-Jul-2025,310.1,308.0,310.95,303.8,306.0,307.3,306.61,87520,268.35,6648, 50077, 57.22,0.5721777879341865,2025-07-14
MASPTOP50, EQ, 14-Jul-2025,57.04,57.5,57.5,55.52,56.25,56.09,56.21,869492,488.74,6349, 461520, 53.08,0.5307926927447291,2025-07-14
MASTEK, EQ, 14-Jul-2025,2520.8,2496.1,2530.0,2475.0,2497.8,2503.8,2501.16,41531,1038.76,9205, 18957, 45.65,0.45645421492379185,2025-07-14
MASTERTR, EQ, 14-Jul-2025,132.35,132.1,134.94,129.02,131.1,130.84,130.32,49162,64.07,1456, 26126, 53.14,0.531426711687889,2025-07-14
MATRIMONY, EQ, 14-Jul-2025,511.6,510.3,522.8,508.95,522.0,520.5,517.93,9565,49.54,800, 6483, 67.78,0.6777835859905907,2025-07-14
MAWANASUG, EQ, 14-Jul-2025,101.01,101.5,101.5,99.75,100.0,100.1,100.3,67359,67.56,1046, 37783, 56.09,0.5609198473849077,2025-07-14
MAXESTATES, EQ, 14-Jul-2025,509.85,514.95,520.0,503.1,515.0,515.6,512.96,136133,698.3,6734, 65676, 48.24,0.48243996679717627,2025-07-14
MAXHEALTH, EQ, 14-Jul-2025,1219.2,1230.0,1263.2,1220.0,1251.8,1249.6,1247.34,1968679,24556.17,67437, 1053548, 53.52,0.5351547916140722,2025-07-14
MAXIND, EQ, 14-Jul-2025,186.04,187.7,187.7,183.8,183.8,184.45,185.33,28941,53.64,831, 16177, 55.90,0.558964790435714,2025-07-14
MAYURUNIQ, EQ, 14-Jul-2025,570.9,566.2,582.65,562.65,570.0,570.05,574.28,59907,344.04,4396, 35351, 59.01,0.5900979852104095,2025-07-14
MAZDA, EQ, 14-Jul-2025,304.48,303.0,304.48,290.99,293.5,292.18,295.58,88756,262.34,3288, 45569, 51.34,0.5134188111226283,2025-07-14
MAZDOCK, EQ, 14-Jul-2025,3174.5,3148.0,3148.0,3092.0,3112.4,3113.6,3117.66,1187188,37012.53,73634, 312216, 26.30,0.26298783343497406,2025-07-14
MBAPL, EQ, 14-Jul-2025,419.6,439.0,453.65,421.8,423.15,423.7,434.91,676417,2941.8,29056, 196565, 29.06,0.290597368191515,2025-07-14
MBLINFRA, EQ, 14-Jul-2025,43.27,42.86,43.49,42.25,42.39,42.32,42.52,373000,158.6,2471, 101578, 27.23,0.27232707774798925,2025-07-14
MCL, EQ, 14-Jul-2025,54.2,55.35,55.35,52.8,53.9,53.13,53.72,44668,24.0,1198, 29193, 65.36,0.6535551177576788,2025-07-14
MCLEODRUSS, EQ, 14-Jul-2025,34.29,34.2,34.82,33.36,34.25,34.37,34.02,577876,196.61,2428, 279232, 48.32,0.4832040091645959,2025-07-14
MCLOUD, EQ, 14-Jul-2025,77.9,78.5,79.09,76.1,77.21,77.34,77.48,2749224,2130.22,11220, 1293799, 47.06,0.47060515985601753,2025-07-14
MCX, EQ, 14-Jul-2025,8048.0,8075.0,8314.0,8068.0,8219.5,8209.0,8219.06,692083,56882.72,81114, 224825, 32.49,0.3248526549561252,2025-07-14
MEDANTA, EQ, 14-Jul-2025,1303.3,1304.9,1332.3,1296.6,1330.0,1327.4,1319.89,330509,4362.35,22186, 138301, 41.84,0.4184485142613363,2025-07-14
MEDIASSIST, EQ, 14-Jul-2025,567.6,571.85,575.3,557.0,565.0,566.25,565.83,280619,1587.83,17099, 151834, 54.11,0.541068138650626,2025-07-14
MEDICAMEQ, EQ, 14-Jul-2025,391.7,395.6,395.85,381.5,382.0,384.95,388.03,31223,121.16,1459, 18834, 60.32,0.6032091727252346,2025-07-14
MEDICO, EQ, 14-Jul-2025,40.83,41.5,41.5,39.0,40.83,40.85,40.23,372231,149.75,2872, 244414, 65.66,0.6566191424142536,2025-07-14
MEDPLUS, EQ, 14-Jul-2025,874.35,867.35,884.4,860.4,882.5,879.1,875.07,79331,694.2,9645, 33304, 41.98,0.4198106667002811,2025-07-14
MEGASOFT, BE, 14-Jul-2025,97.48,96.05,99.42,95.53,99.42,99.42,97.67,91198,89.07,144, -, -,,2025-07-14
MEGASTAR, EQ, 14-Jul-2025,275.6,274.1,280.15,266.45,280.15,271.05,271.59,10252,27.84,487, 5287, 51.57,0.5157042528287163,2025-07-14
MENONBE, EQ, 14-Jul-2025,124.58,124.59,125.0,122.51,122.8,122.96,123.67,17981,22.24,538, 8901, 49.50,0.4950225237750959,2025-07-14
MEP, BZ, 14-Jul-2025,1.73,1.69,1.69,1.69,1.69,1.69,1.69,30637,0.52,42, -, -,,2025-07-14
METAL, EQ, 14-Jul-2025,9.41,9.49,9.5,9.38,9.45,9.42,9.45,638561,60.34,1132, 425770, 66.68,0.666764803988969,2025-07-14
METALIETF, EQ, 14-Jul-2025,9.4,9.39,9.49,9.38,9.45,9.44,9.43,1752244,165.3,2383, 846937, 48.33,0.483344214618512,2025-07-14
METROBRAND, EQ, 14-Jul-2025,1172.2,1165.0,1191.4,1165.0,1184.3,1181.6,1180.21,27382,323.17,7442, 14049, 51.31,0.5130742823752831,2025-07-14
METROPOLIS, EQ, 14-Jul-2025,1885.3,1881.5,1892.3,1860.2,1877.0,1879.8,1877.58,116635,2189.91,9470, 67660, 58.01,0.5801003129420843,2025-07-14
MFML, BE, 14-Jul-2025,25.48,26.69,26.75,26.1,26.75,26.75,26.62,26938,7.17,91, -, -,,2025-07-14
MFSL, EQ, 14-Jul-2025,1567.2,1560.0,1592.5,1558.8,1578.1,1578.5,1580.14,1049890,16589.72,29008, 764352, 72.80,0.7280305555820134,2025-07-14
MGEL, EQ, 14-Jul-2025,17.03,17.2,17.39,16.68,16.88,16.85,17.0,1510081,256.65,2727, 525264, 34.78,0.3478382947669695,2025-07-14
MGL, EQ, 14-Jul-2025,1486.2,1484.9,1484.9,1460.1,1476.7,1475.9,1472.43,306932,4519.35,23407, 158662, 51.69,0.5169288311417513,2025-07-14
MHLXMIRU, EQ, 14-Jul-2025,222.78,222.78,229.79,221.08,223.21,224.77,224.1,11636,26.08,1079, 4765, 40.95,0.4095049845307666,2025-07-14
MHRIL, EQ, 14-Jul-2025,357.2,357.0,357.0,347.25,349.3,351.15,350.93,51458,180.58,3609, 24250, 47.13,0.47125811341288043,2025-07-14
MICEL, EQ, 14-Jul-2025,51.28,51.2,51.3,50.26,50.84,50.59,50.69,884297,448.27,5096, 560065, 63.33,0.6333449056142902,2025-07-14
MID150, EQ, 14-Jul-2025,21.84,21.29,22.2,21.29,22.0,21.97,21.97,9528,2.09,102, 5635, 59.14,0.591414777497901,2025-07-14
MID150BEES, EQ, 14-Jul-2025,222.96,225.2,225.2,221.0,224.44,224.34,223.35,453454,1012.8,7336, 258901, 57.10,0.5709531727584275,2025-07-14
MID150CASE, EQ, 14-Jul-2025,10.77,10.84,10.94,10.74,10.81,10.8,10.81,724353,78.27,5701, 382606, 52.82,0.5282037901409948,2025-07-14
MIDCAP, EQ, 14-Jul-2025,168.88,168.88,169.99,167.45,169.29,168.52,168.43,32075,54.02,606, 15183, 47.34,0.4733593141075604,2025-07-14
MIDCAPETF, EQ, 14-Jul-2025,21.98,21.43,22.52,21.43,22.1,22.13,22.08,1488299,328.58,4786, 1118646, 75.16,0.7516271931916907,2025-07-14
MIDCAPIETF, EQ, 14-Jul-2025,22.3,22.85,22.85,22.19,22.4,22.37,22.31,1452382,323.95,2905, 852553, 58.70,0.5870032815058297,2025-07-14
MIDHANI, EQ, 14-Jul-2025,413.1,411.85,412.9,399.05,401.95,401.25,403.69,654963,2644.03,20838, 271084, 41.39,0.41389208245351267,2025-07-14
MIDQ50ADD, EQ, 14-Jul-2025,254.1,253.46,254.45,252.31,254.45,254.11,253.76,2703,6.86,122, 1343, 49.69,0.4968553459119497,2025-07-14
MIDSELIETF, EQ, 14-Jul-2025,17.62,18.06,18.06,17.52,17.7,17.7,17.66,152102,26.87,1037, 92893, 61.07,0.6107283270436944,2025-07-14
MIDSMALL, EQ, 14-Jul-2025,50.09,50.34,50.38,49.86,50.32,50.3,50.2,144890,72.74,797, 107047, 73.88,0.7388156532541929,2025-07-14
MINDACORP, EQ, 14-Jul-2025,503.35,504.1,522.5,501.0,516.0,516.4,517.38,524535,2713.83,17354, 144191, 27.49,0.2748930004670804,2025-07-14
MINDTECK, BE, 14-Jul-2025,220.76,219.66,219.78,210.0,218.0,217.27,215.07,20286,43.63,436, -, -,,2025-07-14
MIRC-RE, BE, 14-Jul-2025,4.3,2.6,4.25,2.6,4.02,4.01,3.37,1320457,44.51,2725, -, -,,2025-07-14
MIRCELECTR, EQ, 14-Jul-2025,14.3,14.2,14.9,13.85,14.58,14.65,14.48,879903,127.43,3015, 604849, 68.74,0.6874041797789074,2025-07-14
MIRZAINT, EQ, 14-Jul-2025,33.6,33.39,33.8,32.7,32.89,32.9,33.01,109384,36.11,1172, 75143, 68.70,0.6869651868646237,2025-07-14
MITCON, EQ, 14-Jul-2025,82.02,83.39,83.79,81.32,82.1,82.08,82.56,21463,17.72,634, 11868, 55.30,0.5529515911102828,2025-07-14
MITTAL, EQ, 14-Jul-2025,1.72,1.71,1.76,1.69,1.73,1.73,1.74,676042,11.76,739, 442521, 65.46,0.654576194970135,2025-07-14
MKPL, BE, 14-Jul-2025,7.26,7.41,7.5,7.11,7.31,7.3,7.32,92607,6.78,621, -, -,,2025-07-14
MMFL, EQ, 14-Jul-2025,362.8,360.0,364.65,358.0,360.25,361.7,360.54,27545,99.31,1828, 16310, 59.21,0.5921219822109276,2025-07-14
MMP, EQ, 14-Jul-2025,294.4,291.35,296.45,287.15,289.9,290.35,290.97,26356,76.69,915, 15494, 58.79,0.5878737289421764,2025-07-14
MMTC, EQ, 14-Jul-2025,67.96,68.15,68.5,67.02,67.99,67.88,67.82,534161,362.27,5918, 257359, 48.18,0.48180043095620984,2025-07-14
MNC, EQ, 14-Jul-2025,29.51,29.84,29.84,29.34,29.5,29.53,29.5,69434,20.49,543, 51350, 73.96,0.7395512285047671,2025-07-14
MOALPHA50, EQ, 14-Jul-2025,52.16,52.19,52.77,52.04,52.74,52.74,52.57,4712,2.48,47, 2899, 61.52,0.6152376910016978,2025-07-14
MOBIKWIK, EQ, 14-Jul-2025,252.26,254.0,262.9,250.4,259.49,258.95,258.46,3602842,9312.02,48615, 1096508, 30.43,0.30434529185570725,2025-07-14
MOCAPITAL, EQ, 14-Jul-2025,44.97,46.09,46.09,44.56,45.45,45.51,45.26,716354,324.24,2353, 372317, 51.97,0.5197388442027265,2025-07-14
MODEFENCE, EQ, 14-Jul-2025,93.52,95.85,95.85,91.95,92.48,92.48,92.54,2817501,2607.24,15476, 1747868, 62.04,0.6203610930395411,2025-07-14
MODIRUBBER, BE, 14-Jul-2025,127.93,130.0,130.0,125.0,127.96,127.96,127.36,1114,1.42,33, -, -,,2025-07-14
MODISONLTD, EQ, 14-Jul-2025,173.04,172.55,174.44,168.26,169.0,170.03,171.23,42027,71.96,880, 25025, 59.55,0.5954505436980988,2025-07-14
MODTHREAD, EQ, 14-Jul-2025,45.4,45.62,46.49,43.13,43.35,44.0,45.15,5883,2.66,94, 3090, 52.52,0.5252422233554309,2025-07-14
MOGSEC, EQ, 14-Jul-2025,62.26,62.9,62.9,62.01,62.04,62.26,62.25,6938,4.32,77, 4973, 71.68,0.7167771692130297,2025-07-14
MOHEALTH, EQ, 14-Jul-2025,44.84,45.96,45.96,43.56,45.39,45.36,45.01,31318,14.1,725, 21496, 68.64,0.6863784405134428,2025-07-14
MOHITIND, EQ, 14-Jul-2025,32.35,31.02,32.96,30.21,31.68,31.56,31.64,24521,7.76,385, 15847, 64.63,0.6462623873414625,2025-07-14
MOIL, EQ, 14-Jul-2025,370.05,370.0,370.0,365.0,366.3,365.9,366.7,339061,1243.34,10698, 174926, 51.59,0.5159130657905214,2025-07-14
MOINFRA, EQ, 14-Jul-2025,60.52,59.31,60.79,59.31,60.64,60.63,60.36,1812,1.09,51, 1490, 82.23,0.8222958057395143,2025-07-14
MOKSH, EQ, 14-Jul-2025,14.64,14.75,15.99,14.59,14.94,14.85,15.02,1592389,239.18,2183, 886759, 55.69,0.5568733519259427,2025-07-14
MOL, EQ, 14-Jul-2025,99.62,99.13,99.74,95.8,96.45,96.57,97.4,976275,950.89,8851, 601672, 61.63,0.6162935648254846,2025-07-14
MOLDTECH, EQ, 14-Jul-2025,157.88,159.48,159.48,154.32,157.6,157.54,156.32,28297,44.24,1088, 10954, 38.71,0.3871081740113793,2025-07-14
MOLDTKPAC, EQ, 14-Jul-2025,713.55,713.55,713.55,700.0,705.05,705.05,703.38,28377,199.6,3067, 17201, 60.62,0.606159918243648,2025-07-14
MOLOWVOL, EQ, 14-Jul-2025,38.24,38.24,38.24,37.9,38.24,38.12,38.12,3417,1.3,77, 2986, 87.39,0.8738659642961663,2025-07-14
MOM100, EQ, 14-Jul-2025,62.98,64.2,64.2,62.54,63.52,63.46,63.24,206462,130.56,2782, 106055, 51.37,0.5136780618225145,2025-07-14
MOM30IETF, EQ, 14-Jul-2025,31.5,32.28,32.28,31.22,31.6,31.53,31.42,1078336,338.84,3286, 626026, 58.05,0.5805481779334085,2025-07-14
MOM50, EQ, 14-Jul-2025,260.3,260.3,260.84,258.13,259.47,259.17,259.24,3881,10.06,221, 3599, 92.73,0.9273383148673022,2025-07-14
MOMENTUM, EQ, 14-Jul-2025,31.32,32.24,32.24,31.21,31.43,31.41,31.34,56291,17.64,566, 39879, 70.84,0.7084436233145618,2025-07-14
MOMENTUM50, EQ, 14-Jul-2025,52.97,53.49,53.49,52.54,53.25,53.13,52.93,346998,183.65,2391, 225447, 64.97,0.6497069147372607,2025-07-14
MOMGF, EQ, 14-Jul-2025,143.33,142.53,143.43,142.53,143.38,143.38,143.21,273,0.39,10, 258, 94.51,0.945054945054945,2025-07-14
MOMIDMTM, EQ, 14-Jul-2025,62.92,62.93,63.36,62.9,63.34,63.32,63.2,24510,15.49,128, 23805, 97.12,0.9712362301101591,2025-07-14
MOMOMENTUM, EQ, 14-Jul-2025,62.75,63.06,63.18,62.21,62.7,62.82,62.72,119692,75.07,951, 68862, 57.53,0.57532667179093,2025-07-14
MON100, EQ, 14-Jul-2025,191.25,190.0,192.93,189.75,191.0,191.15,191.03,531736,1015.76,12350, 297005, 55.86,0.5585572539756571,2025-07-14
MON50EQUAL, EQ, 14-Jul-2025,31.71,31.71,31.71,31.56,31.64,31.65,31.66,3297,1.04,20, 3297, 100.00,1.0,2025-07-14
MONARCH, EQ, 14-Jul-2025,364.1,364.0,379.4,364.0,368.0,368.8,371.76,301472,1120.76,9543, 98750, 32.76,0.3275594416728585,2025-07-14
MONEXT50, EQ, 14-Jul-2025,67.36,67.69,67.69,67.15,67.6,67.43,67.39,1035,0.7,34, 861, 83.19,0.8318840579710145,2025-07-14
MONIFTY500, EQ, 14-Jul-2025,23.67,23.86,23.86,23.51,23.65,23.68,23.65,228576,54.06,1160, 173272, 75.80,0.75804983900322,2025-07-14
MONQ50, EQ, 14-Jul-2025,76.19,74.97,76.32,74.2,75.29,75.03,74.99,304336,228.22,3502, 172862, 56.80,0.5679972136060144,2025-07-14
MONTECARLO, EQ, 14-Jul-2025,607.65,610.0,612.65,591.2,595.0,593.95,598.7,60365,361.4,3623, 34363, 56.93,0.5692537066180734,2025-07-14
MOPSE, EQ, 14-Jul-2025,100.25,100.75,100.76,100.36,100.36,100.36,100.53,129,0.13,5, 129, 100.00,1.0,2025-07-14
MOQUALITY, EQ, 14-Jul-2025,195.08,195.08,195.37,194.16,194.76,194.74,194.8,891,1.74,54, 836, 93.83,0.9382716049382716,2025-07-14
MORARJEE, BZ, 14-Jul-2025,7.43,7.36,7.8,7.05,7.1,7.1,7.17,12095,0.87,26, -, -,,2025-07-14
MOREALTY, EQ, 14-Jul-2025,96.31,98.71,98.71,96.02,97.2,97.32,97.01,372864,361.7,1428, 219511, 58.87,0.5887159929625815,2025-07-14
MOREPENLAB, EQ, 14-Jul-2025,62.67,62.5,63.41,61.79,62.87,62.74,62.71,2412144,1512.74,14671, 578938, 24.00,0.24000971749613623,2025-07-14
MOSCHIP, EQ, 14-Jul-2025,174.29,174.8,174.8,171.51,173.1,172.93,172.8,416430,719.58,8578, 176379, 42.36,0.4235501765002521,2025-07-14
MOSMALL250, EQ, 14-Jul-2025,17.63,17.71,17.85,17.58,17.85,17.81,17.76,1112380,197.51,2981, 598292, 53.78,0.5378485769251514,2025-07-14
MOTHERSON, EQ, 14-Jul-2025,150.75,151.8,153.72,150.8,152.99,152.24,152.52,12643715,19284.29,75481, 7543053, 59.66,0.5965851808586321,2025-07-14
MOTILALOFS, EQ, 14-Jul-2025,934.4,933.5,940.55,918.1,934.8,936.4,928.86,869283,8074.39,37046, 279822, 32.19,0.32189977257118796,2025-07-14
MOTISONS, EQ, 14-Jul-2025,22.57,22.68,22.82,21.4,21.73,21.56,21.95,6408329,1406.89,15035, 3069035, 47.89,0.4789134577828323,2025-07-14
MOTOGENFIN, EQ, 14-Jul-2025,26.99,27.66,27.66,26.32,26.47,27.17,26.71,4296,1.15,56, 2507, 58.36,0.5835661080074488,2025-07-14
MOTOUR, EQ, 14-Jul-2025,92.55,92.55,92.98,92.17,92.57,92.69,92.27,1566,1.45,23, 1372, 87.61,0.876117496807152,2025-07-14
MOVALUE, EQ, 14-Jul-2025,105.02,107.64,107.64,104.08,104.81,104.76,104.65,57492,60.17,746, 46689, 81.21,0.812095595908996,2025-07-14
MPHASIS, EQ, 14-Jul-2025,2838.8,2828.0,2846.9,2784.5,2815.6,2829.5,2819.52,371224,10466.73,45956, 199351, 53.70,0.53700999935349,2025-07-14
MPSLTD, EQ, 14-Jul-2025,2831.7,2818.7,2879.6,2808.4,2860.0,2857.6,2844.21,16663,473.93,4641, 6861, 41.18,0.4117505851287283,2025-07-14
MRF, EQ, 14-Jul-2025,148240.0,148240.0,150600.0,147005.0,148210.0,148845.0,148862.34,11768,17518.12,6940, 5045, 42.87,0.4287049626104691,2025-07-14
MRPL, EQ, 14-Jul-2025,142.44,142.38,143.71,141.15,141.6,141.98,142.21,1357590,1930.58,18255, 366709, 27.01,0.27011763492659785,2025-07-14
MSCIINDIA, EQ, 14-Jul-2025,29.8,29.95,29.95,29.76,29.89,29.89,29.85,3121,0.93,59, 3112, 99.71,0.9971163088753605,2025-07-14
MSPL, EQ, 14-Jul-2025,31.35,31.6,32.85,30.48,32.75,32.76,32.05,1955613,626.71,5858, 924464, 47.27,0.47272338647779494,2025-07-14
MSTCLTD, EQ, 14-Jul-2025,530.45,528.0,530.45,520.05,526.0,525.5,525.45,96292,505.96,5652, 40077, 41.62,0.41620279981722264,2025-07-14
MSUMI, EQ, 14-Jul-2025,63.41,63.85,64.42,63.2,63.5,63.38,63.62,4986951,3172.82,55348, 3192312, 64.01,0.6401330191533865,2025-07-14
MTARTECH, EQ, 14-Jul-2025,1538.0,1538.0,1540.0,1512.0,1517.2,1517.1,1521.9,52559,799.9,7819, 23892, 45.46,0.45457485873018894,2025-07-14
MTEDUCARE, BE, 14-Jul-2025,2.24,2.24,2.25,2.2,2.25,2.24,2.23,10617,0.24,32, -, -,,2025-07-14
MTNL, EQ, 14-Jul-2025,48.59,48.59,53.6,47.9,52.09,52.09,51.57,23212166,11970.37,68937, 4118454, 17.74,0.17742652710651818,2025-07-14
MUFIN, EQ, 14-Jul-2025,92.21,92.23,93.3,90.7,92.5,92.52,92.43,579381,535.54,3784, 253290, 43.72,0.43717346616475167,2025-07-14
MUFTI, EQ, 14-Jul-2025,169.57,169.58,172.0,167.22,169.69,168.76,171.01,263618,450.82,2333, 231684, 87.89,0.8788625966360415,2025-07-14
MUKANDLTD, EQ, 14-Jul-2025,140.09,143.9,144.51,138.17,139.9,139.8,141.51,171833,243.16,4322, 65579, 38.16,0.3816438053226097,2025-07-14
MUKKA, EQ, 14-Jul-2025,29.93,29.92,30.03,29.5,29.7,29.61,29.65,349515,103.62,2056, 188745, 54.00,0.5400197416419896,2025-07-14
MUKTAARTS, EQ, 14-Jul-2025,83.97,81.52,86.0,81.51,85.9,85.22,84.57,8351,7.06,207, 5334, 63.87,0.6387259010896899,2025-07-14
MULTICAP, EQ, 14-Jul-2025,16.34,16.42,16.63,16.29,16.43,16.41,16.37,97037,15.89,533, 71557, 73.74,0.7374197471067737,2025-07-14
MUNJALAU, EQ, 14-Jul-2025,78.74,78.21,80.3,78.21,78.5,78.93,79.09,129346,102.3,1989, 44038, 34.05,0.34046665532757103,2025-07-14
MUNJALSHOW, EQ, 14-Jul-2025,150.88,152.4,156.8,152.1,154.5,154.55,154.74,353204,546.54,7267, 131594, 37.26,0.37257222455011835,2025-07-14
MURUDCERA, EQ, 14-Jul-2025,44.94,45.98,45.98,44.11,45.08,44.7,44.64,30488,13.61,562, 16105, 52.82,0.5282406192600367,2025-07-14
MUTHOOTCAP, EQ, 14-Jul-2025,345.0,346.75,358.0,336.05,350.0,351.15,350.17,53234,186.41,2299, 26027, 48.89,0.4889168576473682,2025-07-14
MUTHOOTFIN, EQ, 14-Jul-2025,2640.6,2663.9,2682.4,2614.2,2665.1,2665.4,2666.05,393965,10503.3,35061, 164275, 41.70,0.4169786656175041,2025-07-14
MUTHOOTMF, EQ, 14-Jul-2025,167.2,168.0,170.77,165.88,168.77,168.33,167.88,322399,541.24,10173, 124078, 38.49,0.38485851382913716,2025-07-14
MVGJL, EQ, 14-Jul-2025,218.84,218.51,224.89,216.79,224.27,223.64,221.29,164431,363.87,4784, 65408, 39.78,0.3977838728706874,2025-07-14
NACLIND, BE, 14-Jul-2025,257.62,253.0,257.7,246.5,250.0,249.14,252.6,256689,648.39,3691, -, -,,2025-07-14
NAGAFERT, BE, 14-Jul-2025,5.95,5.95,6.24,5.81,6.1,6.07,6.1,1198998,73.16,960, -, -,,2025-07-14
NAGREEKCAP, EQ, 14-Jul-2025,27.0,27.54,27.54,26.7,27.19,26.79,27.06,952,0.26,51, 887, 93.17,0.9317226890756303,2025-07-14
NAGREEKEXP, EQ, 14-Jul-2025,28.45,29.8,29.8,27.0,27.75,27.68,27.7,14097,3.9,213, 11455, 81.26,0.8125842377810881,2025-07-14
NAHARCAP, BE, 14-Jul-2025,319.8,331.05,331.05,312.1,314.0,315.3,315.9,10285,32.49,68, -, -,,2025-07-14
NAHARINDUS, BE, 14-Jul-2025,130.04,127.62,133.0,126.5,129.74,129.71,128.52,17070,21.94,120, -, -,,2025-07-14
NAHARPOLY, BE, 14-Jul-2025,353.5,352.0,355.0,342.6,346.75,345.1,347.07,7658,26.58,188, -, -,,2025-07-14
NAHARSPING, EQ, 14-Jul-2025,272.1,271.4,272.0,261.8,263.0,263.2,265.46,41097,109.1,1442, 27233, 66.27,0.6626517750687398,2025-07-14
NAM-INDIA, EQ, 14-Jul-2025,804.85,800.0,819.0,799.15,808.3,809.7,808.43,944341,7634.34,44107, 614145, 65.03,0.6503424080919922,2025-07-14
NARMADA, EQ, 14-Jul-2025,17.39,17.39,17.69,17.22,17.64,17.47,17.53,23845,4.18,157, 14004, 58.73,0.5872929335290418,2025-07-14
NATCAPSUQ, EQ, 14-Jul-2025,220.77,223.55,223.55,210.0,210.0,211.45,214.75,4533,9.73,382, 2519, 55.57,0.5557026251930289,2025-07-14
NATCOPHARM, EQ, 14-Jul-2025,961.8,962.9,984.0,955.1,979.2,976.9,973.33,876625,8532.49,36802, 333941, 38.09,0.3809393982603736,2025-07-14
NATHBIOGEN, BE, 14-Jul-2025,229.67,218.18,218.18,218.18,218.18,218.18,218.18,22773,49.69,217, -, -,,2025-07-14
NATIONALUM, EQ, 14-Jul-2025,189.5,189.0,191.83,187.76,189.53,189.47,189.92,4019698,7634.12,34521, 1415967, 35.23,0.35225706010750063,2025-07-14
NAUKRI, EQ, 14-Jul-2025,1375.2,1375.5,1402.9,1354.0,1396.0,1399.0,1375.38,3466969,47684.02,96438, 2580098, 74.42,0.7441941361460112,2025-07-14
NAVA, EQ, 14-Jul-2025,590.65,589.95,608.0,586.0,605.5,604.45,597.31,347020,2072.79,11768, 139985, 40.34,0.4033917353466659,2025-07-14
NAVINFLUOR, EQ, 14-Jul-2025,5073.2,5070.0,5100.3,4950.0,4959.0,4979.0,5023.2,108994,5474.99,21299, 43407, 39.83,0.39825127988696624,2025-07-14
NAVKARCORP, EQ, 14-Jul-2025,106.14,106.4,114.73,104.25,113.76,113.63,110.94,1123205,1246.08,8803, 588737, 52.42,0.5241581011480541,2025-07-14
NAVKARURB, BE, 14-Jul-2025,2.06,2.06,2.09,2.06,2.09,2.09,2.07,140161,2.9,121, -, -,,2025-07-14
NAVNETEDUL, EQ, 14-Jul-2025,143.54,144.0,150.0,143.6,149.13,148.8,147.81,306311,452.76,6453, 178196, 58.17,0.5817486149697529,2025-07-14
NAZARA, EQ, 14-Jul-2025,1334.0,1338.0,1348.3,1326.0,1331.0,1331.7,1332.93,301773,4022.42,9836, 111614, 36.99,0.36986078940130496,2025-07-14
NBCC, EQ, 14-Jul-2025,112.9,112.9,113.9,112.15,113.0,113.03,113.19,4329150,4900.1,26059, 1511845, 34.92,0.34922444359747296,2025-07-14
NBIFIN, EQ, 14-Jul-2025,2855.5,2856.0,2861.9,2751.1,2755.0,2779.4,2811.52,437,12.29,186, 227, 51.95,0.5194508009153318,2025-07-14
NCC, EQ, 14-Jul-2025,221.81,225.0,227.65,222.6,224.8,225.3,225.11,8742459,19680.42,55982, 1570347, 17.96,0.17962303283321088,2025-07-14
NCLIND, EQ, 14-Jul-2025,214.25,215.42,218.0,213.5,216.75,216.75,216.19,126379,273.22,4031, 73969, 58.53,0.5852950252810989,2025-07-14
NDGL, EQ, 14-Jul-2025,4153.9,4133.2,4280.0,4109.3,4165.0,4207.1,4212.69,53,2.23,36, 37, 69.81,0.6981132075471698,2025-07-14
NDL, EQ, 14-Jul-2025,3.8,3.8,3.82,3.72,3.76,3.76,3.76,6326796,237.88,4439, 2868512, 45.34,0.45339094227157,2025-07-14
NDLVENTURE, EQ, 14-Jul-2025,74.13,74.13,74.59,72.82,73.0,73.22,73.64,4193,3.09,269, 2496, 59.53,0.5952778440257572,2025-07-14
NDRAUTO, EQ, 14-Jul-2025,1071.0,1079.3,1093.3,1056.5,1074.8,1062.1,1069.98,43642,466.96,6444, 16530, 37.88,0.37876357637138536,2025-07-14
NDTV, BE, 14-Jul-2025,149.5,148.15,150.8,146.85,149.0,148.55,148.93,24183,36.02,347, -, -,,2025-07-14
NECCLTD, EQ, 14-Jul-2025,23.36,23.31,23.63,23.0,23.05,23.16,23.29,80275,18.69,830, 50191, 62.52,0.6252382435378386,2025-07-14
NECLIFE, BE, 14-Jul-2025,19.88,19.8,19.99,18.88,18.88,18.88,19.19,784704,150.57,1441, -, -,,2025-07-14
NELCAST, EQ, 14-Jul-2025,139.17,137.8,138.69,135.55,136.52,137.37,136.93,78559,107.57,1746, 37943, 48.30,0.48298730890158986,2025-07-14
NELCO, EQ, 14-Jul-2025,947.0,951.0,951.0,893.0,897.0,904.7,917.34,213834,1961.58,17656, 83474, 39.04,0.39036822956124845,2025-07-14
NEOGEN, EQ, 14-Jul-2025,1587.9,1592.8,1616.2,1567.0,1606.0,1599.6,1597.57,28114,449.14,5032, 17170, 61.07,0.6107277512982856,2025-07-14
NESCO, EQ, 14-Jul-2025,1199.3,1205.4,1211.9,1180.3,1200.0,1200.3,1199.07,59794,716.97,9448, 28323, 47.37,0.4736762885908285,2025-07-14
NESTLEIND, EQ, 14-Jul-2025,2403.5,2405.3,2414.7,2377.0,2393.0,2392.9,2391.03,471457,11272.66,38299, 293404, 62.23,0.6223345925503281,2025-07-14
NETF, EQ, 14-Jul-2025,270.66,268.0,273.0,268.0,270.42,270.41,271.31,2511,6.81,195, 1752, 69.77,0.6977299880525687,2025-07-14
NETWEB, EQ, 14-Jul-2025,1947.4,1960.0,2008.6,1950.2,1985.0,1981.0,1984.41,948870,18829.51,65783, 184018, 19.39,0.19393383709043388,2025-07-14
NETWORK18, EQ, 14-Jul-2025,54.81,54.94,56.5,54.55,55.9,56.09,55.84,4690017,2618.75,19368, 1632917, 34.82,0.3481686740154673,2025-07-14
NEULANDLAB, EQ, 14-Jul-2025,12301.0,12303.0,14761.0,12126.0,14761.0,14548.0,13790.18,1212750,167240.42,216120, 151546, 12.50,0.1249606266749124,2025-07-14
NEWGEN, EQ, 14-Jul-2025,1090.0,1090.0,1095.8,1073.4,1077.5,1076.5,1080.27,154871,1673.02,14928, 81282, 52.48,0.5248367996590712,2025-07-14
NEXT30ADD, EQ, 14-Jul-2025,38.81,38.92,38.94,38.66,38.9,38.92,38.77,2460,0.95,50, 2059, 83.70,0.8369918699186992,2025-07-14
NEXT50, EQ, 14-Jul-2025,695.01,690.0,704.3,684.2,698.0,696.88,695.05,11543,80.23,500, 7833, 67.86,0.6785930867192238,2025-07-14
NEXT50IETF, EQ, 14-Jul-2025,71.12,73.25,73.25,70.94,71.43,71.44,71.25,595198,424.09,4943, 415775, 69.85,0.6985490542642953,2025-07-14
NEXTMEDIA, EQ, 14-Jul-2025,6.7,6.79,7.03,6.39,6.49,6.46,6.59,126691,8.35,786, 106195, 83.82,0.8382205523675715,2025-07-14
NFL, EQ, 14-Jul-2025,97.37,97.35,97.35,96.16,96.8,96.79,96.77,714693,691.64,6556, 248514, 34.77,0.3477213292980343,2025-07-14
NGIL, EQ, 14-Jul-2025,28.98,28.69,29.25,28.69,29.19,29.19,29.14,19809,5.77,176, 9961, 50.29,0.5028522388813166,2025-07-14
NGLFINE, EQ, 14-Jul-2025,1302.9,1250.0,1325.0,1250.0,1309.4,1302.5,1287.79,1972,25.4,283, 1343, 68.10,0.6810344827586207,2025-07-14
NH, EQ, 14-Jul-2025,2007.0,2020.5,2045.0,2002.0,2013.0,2019.8,2027.75,406980,8252.53,37225, 145485, 35.75,0.3574745687748784,2025-07-14
NHPC, EQ, 14-Jul-2025,88.05,88.18,89.75,87.57,88.7,88.78,88.9,17306761,15384.85,87539, 8181252, 47.27,0.47271999653776925,2025-07-14
NIACL, EQ, 14-Jul-2025,183.52,183.52,184.95,181.31,183.0,183.36,183.14,335885,615.13,6814, 111079, 33.07,0.3307054497819194,2025-07-14
NIBE, EQ, 14-Jul-2025,1592.1,1640.1,1650.1,1601.4,1630.0,1631.3,1631.3,33404,544.92,3085, 16168, 48.40,0.4840138905520297,2025-07-14
NIBL, BE, 14-Jul-2025,27.52,27.9,28.89,27.0,27.9,27.39,28.04,11871,3.33,136, -, -,,2025-07-14
NIF100BEES, EQ, 14-Jul-2025,271.94,271.93,272.31,269.51,271.01,271.38,270.82,37625,101.9,927, 28428, 75.56,0.75556146179402,2025-07-14
NIF100IETF, EQ, 14-Jul-2025,28.59,29.45,29.45,28.4,28.55,28.56,28.5,110532,31.5,2639, 76332, 69.06,0.6905873412224515,2025-07-14
NIF10GETF, EQ, 14-Jul-2025,26.02,26.02,26.09,25.95,26.03,26.03,26.02,426,0.11,25, 391, 91.78,0.9178403755868545,2025-07-14
NIF5GETF, EQ, 14-Jul-2025,62.67,62.67,63.05,62.67,63.05,63.05,62.9,1435,0.9,14, 819, 57.07,0.5707317073170731,2025-07-14
NIFITETF, EQ, 14-Jul-2025,388.22,390.16,399.81,380.76,382.85,383.69,383.96,1731,6.65,152, 1451, 83.82,0.8382437897169266,2025-07-14
NIFMID150, EQ, 14-Jul-2025,217.18,217.19,220.0,217.18,220.0,219.74,218.67,1216,2.66,74, 854, 70.23,0.7023026315789473,2025-07-14
NIFTY1, EQ, 14-Jul-2025,276.3,276.3,278.25,274.0,275.66,275.29,274.99,50211,138.07,1577, 30427, 60.60,0.6059827527832546,2025-07-14
NIFTY100EW, EQ, 14-Jul-2025,32.89,33.7,33.7,32.73,33.04,33.01,32.95,9519,3.14,111, 8042, 84.48,0.8448366425044648,2025-07-14
NIFTY50ADD, EQ, 14-Jul-2025,262.03,254.17,262.51,254.17,261.94,261.28,261.24,20543,53.67,394, 12753, 62.08,0.6207954047607458,2025-07-14
NIFTYBEES, EQ, 14-Jul-2025,283.11,284.39,284.39,281.69,282.9,282.71,282.35,3884074,10966.84,56549, 2760310, 71.07,0.7106738955025059,2025-07-14
NIFTYBETF, EQ, 14-Jul-2025,256.0,257.28,257.28,254.21,255.61,254.85,255.0,2296,5.85,106, 1942, 84.58,0.8458188153310104,2025-07-14
NIFTYETF, EQ, 14-Jul-2025,270.25,277.0,277.0,268.9,269.85,269.29,269.35,231466,623.46,993, 224042, 96.79,0.9679261749025775,2025-07-14
NIFTYIETF, EQ, 14-Jul-2025,281.82,282.19,282.19,280.23,281.37,281.19,280.92,251177,705.6,13263, 179838, 71.60,0.7159811606954458,2025-07-14
NIFTYQLITY, EQ, 14-Jul-2025,21.51,21.61,21.63,21.4,21.58,21.49,21.48,42699,9.17,672, 35244, 82.54,0.8254057472071945,2025-07-14
NIITLTD, EQ, 14-Jul-2025,126.98,126.9,126.92,125.65,126.0,126.07,126.25,156180,197.18,3309, 76883, 49.23,0.49227173773850685,2025-07-14
NIITMTS, EQ, 14-Jul-2025,344.0,346.2,348.1,337.85,341.1,341.0,341.66,147365,503.48,7210, 108434, 73.58,0.7358192243748516,2025-07-14
NILAINFRA, EQ, 14-Jul-2025,12.99,12.99,13.5,12.75,12.94,12.89,13.2,5601993,739.51,5052, 3806939, 67.96,0.6795686820743975,2025-07-14
NILASPACES, EQ, 14-Jul-2025,15.24,15.58,15.58,14.47,14.95,14.8,14.7,2554941,375.66,4868, 1195285, 46.78,0.467832720990426,2025-07-14
NILKAMAL, EQ, 14-Jul-2025,1751.8,1751.7,1751.7,1705.7,1712.0,1734.2,1727.91,5544,95.8,1535, 3060, 55.19,0.551948051948052,2025-07-14
NINSYS, EQ, 14-Jul-2025,448.2,455.7,459.05,445.3,446.35,447.2,447.72,1770,7.92,281, 1186, 67.01,0.6700564971751413,2025-07-14
NIPPOBATRY, EQ, 14-Jul-2025,455.7,456.05,466.0,454.9,455.05,457.55,459.76,2845,13.08,393, 1578, 55.47,0.5546572934973638,2025-07-14
NIRAJ, EQ, 14-Jul-2025,52.39,53.4,53.4,51.61,52.44,52.06,52.17,11277,5.88,482, 6150, 54.54,0.5453578079276403,2025-07-14
NIRAJISPAT, BE, 14-Jul-2025,600.5,612.5,612.5,600.5,600.5,600.5,611.61,201,1.23,19, -, -,,2025-07-14
NITCO, EQ, 14-Jul-2025,145.77,145.0,150.8,143.1,147.5,148.1,147.93,298072,440.94,4147, 172788, 57.97,0.5796854451273518,2025-07-14
NITINSPIN, EQ, 14-Jul-2025,385.5,385.0,389.95,380.2,383.0,382.25,383.92,57256,219.82,3320, 33241, 58.06,0.5805679754086908,2025-07-14
NITIRAJ, EQ, 14-Jul-2025,203.01,202.93,212.0,200.82,210.0,208.18,207.7,8152,16.93,602, 6190, 75.93,0.7593228655544652,2025-07-14
NIVABUPA, EQ, 14-Jul-2025,88.69,89.0,91.25,88.06,90.52,91.0,90.47,5294385,4789.88,37918, 2517210, 47.54,0.4754489898260138,2025-07-14
NKIND, EQ, 14-Jul-2025,66.48,68.79,68.79,65.2,65.21,66.27,67.07,14,0.01,8, 10, 71.43,0.7142857142857143,2025-07-14
NLCINDIA, EQ, 14-Jul-2025,227.11,230.8,230.8,226.51,226.9,227.6,228.19,1088175,2483.07,24329, 432111, 39.71,0.3970969742918189,2025-07-14
NMDC, EQ, 14-Jul-2025,69.05,69.0,70.07,68.56,69.1,69.07,69.17,25588770,17699.78,60198, 14170211, 55.38,0.5537667891031887,2025-07-14
NOCIL, EQ, 14-Jul-2025,189.25,189.25,190.78,187.1,187.9,187.55,188.3,220969,416.08,6350, 92370, 41.80,0.41802243753648705,2025-07-14
NOIDATOLL, BE, 14-Jul-2025,4.3,4.3,4.3,4.09,4.13,4.11,4.13,158435,6.54,287, -, -,,2025-07-14
NORBTEAEXP, BE, 14-Jul-2025,34.0,35.49,35.49,32.5,34.79,34.79,33.5,1907,0.64,15, -, -,,2025-07-14
NORTHARC, EQ, 14-Jul-2025,247.37,246.18,253.58,243.31,252.03,252.18,248.16,1922536,4770.89,22791, 768240, 39.96,0.39959719870005034,2025-07-14
NOVAAGRI, EQ, 14-Jul-2025,54.77,55.0,55.04,52.77,53.66,53.73,53.79,225114,121.09,2331, 124273, 55.20,0.5520447417752783,2025-07-14
NPBET, EQ, 14-Jul-2025,288.84,281.61,289.92,281.61,288.34,289.06,288.98,282,0.81,20, 278, 98.58,0.9858156028368794,2025-07-14
NPST, EQ, 14-Jul-2025,2006.9,1981.0,2058.0,1981.0,2031.4,2029.0,2028.77,8386,170.13,1774, 4731, 56.42,0.5641545432864298,2025-07-14
NRAIL, BE, 14-Jul-2025,354.5,347.45,348.0,347.45,348.0,348.0,347.7,1219,4.24,21, -, -,,2025-07-14
NRBBEARING, EQ, 14-Jul-2025,289.5,291.5,294.0,283.05,287.1,286.85,287.23,101854,292.55,6191, 52156, 51.21,0.5120662909654996,2025-07-14
NRL, BE, 14-Jul-2025,78.46,76.35,78.65,76.35,77.55,76.8,77.14,21660,16.71,191, -, -,,2025-07-14
NSIL, EQ, 14-Jul-2025,7168.0,7187.5,7222.0,7000.0,7150.0,7180.0,7121.29,8484,604.17,2486, 3681, 43.39,0.4338755304101839,2025-07-14
NSLNISP, EQ, 14-Jul-2025,39.81,39.75,39.75,39.05,39.16,39.16,39.22,1802513,707.03,9995, 914357, 50.73,0.5072679087473988,2025-07-14
NTPC, EQ, 14-Jul-2025,342.7,343.05,345.0,339.95,341.5,342.1,342.56,11516965,39452.6,109697, 7745359, 67.25,0.6725173689422517,2025-07-14
NTPCGREEN, EQ, 14-Jul-2025,112.18,112.6,112.64,109.28,110.02,110.01,110.42,7729468,8534.96,46233, 3457519, 44.73,0.447316555292033,2025-07-14
NUCLEUS, EQ, 14-Jul-2025,1159.1,1158.8,1158.8,1132.6,1145.2,1146.5,1144.99,12065,138.14,2641, 5512, 45.69,0.4568586821384169,2025-07-14
NURECA, EQ, 14-Jul-2025,286.65,290.0,294.95,285.2,287.0,287.3,289.07,15026,43.44,418, 12696, 84.49,0.844935445228271,2025-07-14
NUVAMA, EQ, 14-Jul-2025,7318.0,7422.5,7505.5,7363.0,7402.0,7418.5,7437.78,146841,10921.71,30373, 40439, 27.54,0.275393112277906,2025-07-14
NUVOCO, EQ, 14-Jul-2025,360.45,360.45,367.0,351.2,362.2,360.8,358.92,225629,809.83,11154, 103365, 45.81,0.4581193020400746,2025-07-14
NV20, EQ, 14-Jul-2025,148.09,148.1,149.28,147.15,147.3,147.83,147.68,10758,15.89,345, 9242, 85.91,0.8590816136828406,2025-07-14
NV20BEES, EQ, 14-Jul-2025,148.74,148.74,149.98,147.61,148.44,148.05,148.25,18459,27.36,576, 14877, 80.59,0.8059483178937104,2025-07-14
NV20IETF, EQ, 14-Jul-2025,14.49,14.62,14.71,14.36,14.44,14.44,14.45,694249,100.31,3810, 535360, 77.11,0.7711354283549562,2025-07-14
NYKAA, EQ, 14-Jul-2025,217.23,220.07,220.4,216.68,219.74,220.03,218.9,5706960,12492.29,39752, 2724456, 47.74,0.4773918163085075,2025-07-14
OAL, EQ, 14-Jul-2025,375.45,372.15,375.9,370.15,375.9,375.05,373.19,5949,22.2,580, 2937, 49.37,0.49369641956631366,2025-07-14
OBCL, EQ, 14-Jul-2025,53.68,54.17,54.29,51.66,52.25,52.27,52.45,9673,5.07,356, 4301, 44.46,0.4446397188049209,2025-07-14
OBEROIRLTY, EQ, 14-Jul-2025,1835.5,1846.3,1846.3,1796.6,1804.0,1804.2,1811.83,956003,17321.14,30645, 608299, 63.63,0.6362940283660198,2025-07-14
OCCLLTD, BE, 14-Jul-2025,133.1,135.9,138.0,134.2,135.06,136.56,135.84,45970,62.44,325, -, -,,2025-07-14
ODIGMA, BE, 14-Jul-2025,37.39,36.84,37.43,36.0,36.64,36.49,36.49,34077,12.44,774, -, -,,2025-07-14
OFSS, EQ, 14-Jul-2025,8636.0,8640.0,8759.5,8505.5,8721.0,8733.5,8662.8,113607,9841.55,21575, 40867, 35.97,0.35972255230751626,2025-07-14
OIL, EQ, 14-Jul-2025,432.3,433.0,446.65,430.9,446.0,445.85,441.8,2603352,11501.64,38802, 969917, 37.26,0.37256467815339606,2025-07-14
OILCOUNTUB, EQ, 14-Jul-2025,89.65,88.3,91.95,88.3,90.35,89.7,90.28,23916,21.59,833, 12038, 50.33,0.5033450409767519,2025-07-14
OILIETF, EQ, 14-Jul-2025,11.84,12.13,12.13,11.8,11.85,11.84,11.85,1091526,129.34,2164, 629644, 57.68,0.5768474594283599,2025-07-14
OLAELEC, EQ, 14-Jul-2025,39.8,39.92,47.76,39.6,47.66,47.07,44.79,597328587,267557.13,694886, 109698654, 18.36,0.1836487594724811,2025-07-14
OLECTRA, EQ, 14-Jul-2025,1227.2,1220.0,1238.4,1210.5,1214.3,1212.3,1218.33,196044,2388.46,15661, 76752, 39.15,0.3915039480932852,2025-07-14
OMAXAUTO, EQ, 14-Jul-2025,98.06,99.4,113.85,99.38,104.47,104.72,108.96,1442183,1571.34,18005, 307265, 21.31,0.21305548602361837,2025-07-14
OMAXE, EQ, 14-Jul-2025,102.08,101.3,103.36,100.67,102.89,102.64,101.95,209058,213.13,2221, 66722, 31.92,0.3191554496838198,2025-07-14
OMINFRAL, EQ, 14-Jul-2025,128.43,127.15,129.01,125.3,128.78,128.56,126.84,173347,219.88,3275, 83336, 48.07,0.4807467103555297,2025-07-14
OMKARCHEM, BZ, 14-Jul-2025,6.01,5.7,5.7,5.7,5.7,5.7,5.7,5656,0.32,13, -, -,,2025-07-14
ONELIFECAP, BE, 14-Jul-2025,13.9,13.8,14.05,13.2,13.5,13.52,13.43,12608,1.69,61, -, -,,2025-07-14
ONEPOINT, BE, 14-Jul-2025,49.49,49.83,50.4,48.5,49.99,50.04,49.9,1716430,856.47,1496, -, -,,2025-07-14
ONESOURCE, EQ, 14-Jul-2025,1979.4,1979.1,2014.5,1968.1,2009.9,2002.5,1996.52,62055,1238.94,7552, 31489, 50.74,0.5074369510917734,2025-07-14
ONGC, EQ, 14-Jul-2025,241.76,242.9,244.89,241.14,244.15,244.22,243.4,7568906,18422.57,91363, 3920739, 51.80,0.5180060368037336,2025-07-14
ONMOBILE, EQ, 14-Jul-2025,52.41,52.02,52.41,51.6,51.91,51.87,51.86,187499,97.24,1379, 65345, 34.85,0.348508525378802,2025-07-14
ONWARDTEC, BE, 14-Jul-2025,339.75,339.85,348.8,327.1,345.0,344.7,336.87,31819,107.19,587, -, -,,2025-07-14
OPTIEMUS, EQ, 14-Jul-2025,600.2,602.0,605.05,594.0,601.4,598.9,598.8,177614,1063.55,9096, 97655, 54.98,0.5498158928913262,2025-07-14
ORBTEXP, BE, 14-Jul-2025,214.73,214.0,219.0,210.1,219.0,216.02,215.35,8368,18.02,142, -, -,,2025-07-14
ORCHASP, BE, 14-Jul-2025,3.06,3.16,3.16,2.98,3.0,2.99,3.03,119148,3.6,145, -, -,,2025-07-14
ORCHPHARMA, EQ, 14-Jul-2025,718.3,724.5,724.5,715.0,719.15,720.05,719.89,102016,734.4,5431, 82688, 81.05,0.8105395232120451,2025-07-14
ORICONENT, EQ, 14-Jul-2025,45.03,45.03,45.5,44.49,45.0,45.05,44.96,202306,90.95,1097, 132104, 65.30,0.6529910136130417,2025-07-14
ORIENTALTL, BE, 14-Jul-2025,13.67,13.25,13.5,12.98,12.98,13.12,13.02,915458,119.23,2284, -, -,,2025-07-14
ORIENTBELL, EQ, 14-Jul-2025,294.65,294.25,303.9,294.15,297.05,297.75,298.9,5219,15.6,458, 2970, 56.91,0.5690745353515999,2025-07-14
ORIENTCEM, EQ, 14-Jul-2025,240.88,238.16,239.77,236.2,236.2,237.1,237.15,226402,536.92,5604, 115412, 50.98,0.509765814789622,2025-07-14
ORIENTCER, EQ, 14-Jul-2025,40.24,39.85,40.5,38.35,39.1,38.85,39.49,90152,35.6,850, 46711, 51.81,0.5181360369154318,2025-07-14
ORIENTELEC, EQ, 14-Jul-2025,221.78,222.55,224.31,219.52,223.0,221.77,222.38,94413,209.95,5603, 44224, 46.84,0.4684100706470507,2025-07-14
ORIENTHOT, EQ, 14-Jul-2025,145.73,144.45,150.95,142.2,148.0,148.62,148.15,855548,1267.52,10757, 403929, 47.21,0.47212897464549036,2025-07-14
ORIENTLTD, EQ, 14-Jul-2025,89.95,92.36,92.36,86.1,86.68,87.06,88.32,11309,9.99,480, 7557, 66.82,0.6682288442833142,2025-07-14
ORIENTPPR, EQ, 14-Jul-2025,29.9,29.65,30.16,29.15,29.3,29.38,29.59,761169,225.23,2576, 386100, 50.72,0.5072460912097051,2025-07-14
ORIENTTECH, EQ, 14-Jul-2025,345.4,345.0,346.75,335.05,339.45,338.15,338.54,153952,521.2,5703, 75371, 48.96,0.48957467262523385,2025-07-14
ORISSAMINE, EQ, 14-Jul-2025,4693.9,4693.9,4708.7,4625.0,4651.0,4671.2,4664.87,5313,247.84,1568, 2464, 46.38,0.463768115942029,2025-07-14
ORTINGLOBE, EQ, 14-Jul-2025,11.5,11.93,11.93,11.5,11.81,11.75,11.7,4310,0.5,149, 3576, 82.97,0.8296983758700696,2025-07-14
OSIAHYPER, BE, 14-Jul-2025,15.48,15.17,15.17,15.17,15.17,15.17,15.17,386225,58.59,440, -, -,,2025-07-14
OSWALAGRO, EQ, 14-Jul-2025,83.25,82.6,84.21,79.12,79.99,80.04,80.51,483190,389.01,5844, 222437, 46.04,0.4603510006415696,2025-07-14
OSWALGREEN, EQ, 14-Jul-2025,45.24,45.39,47.25,44.4,46.05,46.05,46.37,753888,349.6,5455, 223255, 29.61,0.29613815314741715,2025-07-14
OSWALPUMPS, EQ, 14-Jul-2025,689.5,692.95,696.8,676.6,682.0,683.15,686.56,966259,6633.9,18541, 369971, 38.29,0.38289009468475843,2025-07-14
OSWALSEEDS, EQ, 14-Jul-2025,14.01,14.2,14.36,13.81,14.0,13.94,14.02,26494,3.71,312, 18666, 70.45,0.7045368762738733,2025-07-14
PAGEIND, EQ, 14-Jul-2025,47930.0,47880.0,48925.0,47880.0,48400.0,48765.0,48566.38,34775,16888.96,13197, 23729, 68.24,0.6823580158159598,2025-07-14
PAISALO, EQ, 14-Jul-2025,30.72,30.89,31.2,30.18,30.63,30.59,30.55,5465531,1669.64,15854, 1921509, 35.16,0.3515685850103128,2025-07-14
PAKKA, EQ, 14-Jul-2025,212.74,210.65,212.38,206.1,208.0,206.99,209.06,102801,214.91,2610, 44974, 43.75,0.4374860166729896,2025-07-14
PALASHSECU, EQ, 14-Jul-2025,126.58,127.0,127.49,122.1,126.99,126.84,125.52,4216,5.29,482, 2229, 52.87,0.5287001897533207,2025-07-14
PALREDTEC, BE, 14-Jul-2025,52.94,55.58,55.58,55.58,55.58,55.58,55.58,4167,2.32,33, -, -,,2025-07-14
PANACEABIO, EQ, 14-Jul-2025,416.15,419.3,434.0,410.25,425.0,425.25,423.04,195941,828.92,6173, 76756, 39.17,0.3917301636717175,2025-07-14
PANACHE, BE, 14-Jul-2025,215.0,218.87,225.75,212.0,225.75,225.75,223.19,16803,37.5,113, -, -,,2025-07-14
PANAMAPET, EQ, 14-Jul-2025,347.35,347.35,352.9,345.0,349.0,350.15,349.09,18987,66.28,1325, 10569, 55.66,0.5566440195923527,2025-07-14
PANSARI, BE, 14-Jul-2025,259.0,258.0,258.0,258.0,258.0,258.0,258.0,191,0.49,3, -, -,,2025-07-14
PAR, BE, 14-Jul-2025,94.29,94.0,94.9,94.0,94.79,94.71,94.31,3163,2.98,102, -, -,,2025-07-14
PARACABLES, EQ, 14-Jul-2025,60.01,59.8,60.74,59.2,60.23,60.0,59.93,661006,396.17,5857, 246565, 37.30,0.3730147683984714,2025-07-14
PARADEEP, EQ, 14-Jul-2025,164.71,165.0,171.15,162.08,170.6,170.44,167.81,5005074,8398.85,44607, 2410838, 48.17,0.48167879236151157,2025-07-14
PARAGMILK, EQ, 14-Jul-2025,233.01,233.0,233.0,226.41,227.0,227.58,229.18,547577,1254.93,12479, 215367, 39.33,0.39330906886154826,2025-07-14
PARAS, EQ, 14-Jul-2025,813.2,811.0,813.0,787.2,794.0,793.5,796.47,673317,5362.79,29079, 275567, 40.93,0.4092678485765249,2025-07-14
PARASPETRO, EQ, 14-Jul-2025,2.52,2.52,2.6,2.5,2.56,2.57,2.54,188608,4.8,550, 88425, 46.88,0.4688295300305395,2025-07-14
PARKHOTELS, EQ, 14-Jul-2025,161.51,163.7,164.1,159.1,159.53,159.8,161.04,566090,911.63,11278, 300978, 53.17,0.5316787083325973,2025-07-14
PARSVNATH, EQ, 14-Jul-2025,23.94,23.67,23.79,21.65,23.27,22.95,22.92,15022494,3442.46,10303, 9773427, 65.06,0.6505861809630279,2025-07-14
PASUPTAC, EQ, 14-Jul-2025,52.21,52.21,53.14,50.67,50.8,51.07,51.85,72968,37.83,2138, 29408, 40.30,0.4030259839929832,2025-07-14
PATANJALI, EQ, 14-Jul-2025,1665.2,1668.3,1679.0,1658.1,1673.0,1673.7,1672.01,353045,5902.95,16249, 181536, 51.42,0.5142007392825277,2025-07-14
PATELENG, EQ, 14-Jul-2025,40.0,40.12,40.27,39.54,39.9,39.92,39.94,1955055,780.77,9881, 931810, 47.66,0.47661574738306595,2025-07-14
PATINTLOG, EQ, 14-Jul-2025,17.4,17.68,17.68,17.0,17.35,17.41,17.39,83827,14.58,411, 47147, 56.24,0.5624321519319551,2025-07-14
PAVNAIND, EQ, 14-Jul-2025,414.95,411.15,432.0,411.15,425.05,427.55,424.31,18256,77.46,1320, 7522, 41.20,0.41202892199824714,2025-07-14
PAYTM, EQ, 14-Jul-2025,951.15,943.0,979.85,935.1,977.35,974.7,963.95,6059678,58412.16,107318, 2179313, 35.96,0.3596417169361144,2025-07-14
PCBL, EQ, 14-Jul-2025,422.8,422.6,422.6,412.65,414.85,414.35,416.91,1241486,5175.92,18369, 513053, 41.33,0.4132571772859299,2025-07-14
PCJEWELLER, EQ, 14-Jul-2025,17.35,17.54,17.54,16.57,17.1,17.02,16.92,59139288,10008.12,62415, 18928830, 32.01,0.320071996808619,2025-07-14
PDMJEPAPER, EQ, 14-Jul-2025,123.84,123.49,124.21,120.15,121.5,121.55,122.06,102911,125.61,1963, 61474, 59.74,0.5973511092108715,2025-07-14
PDSL, EQ, 14-Jul-2025,388.55,390.45,390.8,384.7,390.0,388.5,387.83,55748,216.21,3238, 30818, 55.28,0.552809069383655,2025-07-14
PEARLPOLY, EQ, 14-Jul-2025,29.75,29.61,30.18,29.05,29.58,29.43,29.68,31599,9.38,380, 21492, 68.01,0.68014810595272,2025-07-14
PEL, EQ, 14-Jul-2025,1217.5,1218.7,1297.9,1207.5,1295.0,1293.3,1277.4,5344893,68275.92,149721, 1328027, 24.85,0.24846652683224904,2025-07-14
PENIND, EQ, 14-Jul-2025,229.89,228.99,229.55,225.33,228.24,228.39,227.67,258436,588.39,11623, 127017, 49.15,0.49148338466777075,2025-07-14
PENINLAND, EQ, 14-Jul-2025,40.27,40.21,41.3,39.8,40.3,40.31,40.62,758817,308.22,6321, 345584, 45.54,0.4554246939644209,2025-07-14
PERSISTENT, EQ, 14-Jul-2025,5578.5,5550.0,5625.0,5500.0,5620.0,5605.0,5576.14,263267,14680.14,30433, 135652, 51.53,0.5152639715573923,2025-07-14
PETRONET, EQ, 14-Jul-2025,299.85,300.0,306.3,297.65,304.0,303.8,303.23,4999337,15159.56,33105, 3476038, 69.53,0.6952997967530494,2025-07-14
PFC, EQ, 14-Jul-2025,430.95,429.85,432.0,421.1,426.75,425.2,426.25,4986863,21256.61,42856, 2176558, 43.65,0.43645835067055183,2025-07-14
PFIZER, EQ, 14-Jul-2025,5517.0,5509.0,5514.0,5386.0,5415.0,5411.0,5444.89,24273,1321.64,5768, 10136, 41.76,0.4175833230338236,2025-07-14
PFOCUS, EQ, 14-Jul-2025,157.99,158.8,173.78,157.2,173.78,173.49,169.91,5189268,8817.19,31887, 1841189, 35.48,0.3548070749092165,2025-07-14
PFS, EQ, 14-Jul-2025,41.56,41.56,42.27,41.14,42.26,42.13,41.72,834378,348.1,4384, 511068, 61.25,0.6125137527595407,2025-07-14
PGEL, EQ, 14-Jul-2025,767.7,770.0,792.0,758.25,784.5,783.65,779.0,1690340,13167.81,44216, 680562, 40.26,0.4026184081309086,2025-07-14
PGHH, EQ, 14-Jul-2025,13194.0,13199.0,13255.0,13081.0,13170.0,13170.0,13145.2,6992,919.11,3204, 4045, 57.85,0.5785183066361556,2025-07-14
PGHL, EQ, 14-Jul-2025,5755.5,5702.0,5962.0,5702.0,5815.0,5816.0,5884.24,12766,751.18,3698, 6998, 54.82,0.5481748394172019,2025-07-14
PGIL, EQ, 14-Jul-2025,1510.1,1525.2,1559.0,1502.0,1546.6,1546.9,1535.99,47900,735.74,7125, 20710, 43.24,0.4323590814196242,2025-07-14
PHARMABEES, EQ, 14-Jul-2025,22.75,23.43,23.43,22.57,22.9,22.89,22.87,5019209,1147.77,10841, 3623961, 72.20,0.7220183499033413,2025-07-14
PHOENIXLTD, EQ, 14-Jul-2025,1488.9,1497.0,1515.0,1488.0,1511.7,1510.9,1505.74,415627,6258.24,23200, 264285, 63.59,0.6358706243819578,2025-07-14
PICCADIL, EQ, 14-Jul-2025,587.15,584.6,589.8,569.1,577.0,577.4,576.12,68250,393.2,5653, 44538, 65.26,0.6525714285714286,2025-07-14
PIDILITIND, EQ, 14-Jul-2025,3000.8,3000.7,3000.7,2940.0,2966.0,2964.4,2961.14,368656,10916.41,40160, 242540, 65.79,0.6579033028080379,2025-07-14
PIGL, BE, 14-Jul-2025,130.78,128.0,135.0,124.24,130.0,130.44,128.25,196398,251.88,1189, -, -,,2025-07-14
PIIND, EQ, 14-Jul-2025,4044.8,4011.9,4061.7,3975.4,4051.1,4050.1,4037.77,184800,7461.8,28098, 109160, 59.07,0.5906926406926407,2025-07-14
PILANIINVS, EQ, 14-Jul-2025,5318.0,5317.0,5325.0,5240.0,5285.0,5291.0,5283.62,4388,231.85,1165, 2073, 47.24,0.47242479489516864,2025-07-14
PILITA, BE, 14-Jul-2025,15.37,15.3,15.6,15.15,15.42,15.42,15.39,75001,11.54,195, -, -,,2025-07-14
PIONEEREMB, EQ, 14-Jul-2025,42.36,42.51,42.77,42.06,42.38,42.39,42.4,9133,3.87,370, 4459, 48.82,0.4882294974269134,2025-07-14
PITTIENG, EQ, 14-Jul-2025,964.4,964.3,971.9,940.0,963.0,964.8,956.24,42149,403.04,5294, 22229, 52.74,0.5273909226790671,2025-07-14
PIXTRANS, EQ, 14-Jul-2025,1542.7,1542.7,1574.0,1533.1,1550.0,1554.4,1552.58,32113,498.58,3373, 20699, 64.46,0.6445676205897923,2025-07-14
PKTEA, BE, 14-Jul-2025,747.7,746.0,757.95,725.4,749.0,749.0,731.88,164,1.2,38, -, -,,2025-07-14
PLASTIBLEN, EQ, 14-Jul-2025,208.27,208.27,208.27,197.0,201.0,200.15,200.0,75843,151.69,5436, 48057, 63.36,0.6336379098928049,2025-07-14
PLATIND, EQ, 14-Jul-2025,266.4,266.4,268.55,262.05,267.0,267.45,266.44,66846,178.1,2765, 38680, 57.86,0.5786434491218622,2025-07-14
PLAZACABLE, EQ, 14-Jul-2025,59.94,59.94,60.2,59.58,59.99,59.93,59.89,25557,15.31,663, 12414, 48.57,0.4857377626481981,2025-07-14
PNB, EQ, 14-Jul-2025,110.21,110.42,112.45,110.15,110.75,110.72,111.09,17983635,19978.37,54379, 6970345, 38.76,0.38759377623044505,2025-07-14
PNBGILTS, EQ, 14-Jul-2025,94.84,94.55,97.57,93.56,96.62,96.96,95.87,506350,485.44,4351, 179014, 35.35,0.3535380665547546,2025-07-14
PNBHOUSING, EQ, 14-Jul-2025,1076.8,1079.8,1090.0,1070.7,1086.0,1088.1,1081.76,593704,6422.44,39804, 379175, 63.87,0.6386600056593859,2025-07-14
PNC, BE, 14-Jul-2025,33.03,32.36,32.36,32.36,32.36,32.36,32.36,2131,0.69,35, -, -,,2025-07-14
PNCINFRA, EQ, 14-Jul-2025,303.55,303.55,306.0,299.7,305.1,305.05,304.19,252608,768.42,9014, 134027, 53.06,0.5305730618191031,2025-07-14
PNGJL, EQ, 14-Jul-2025,587.5,588.95,602.6,583.15,592.0,592.15,594.44,214018,1272.21,9368, 90051, 42.08,0.4207636740834883,2025-07-14
POCL, EQ, 14-Jul-2025,970.1,976.0,994.05,956.0,966.15,969.4,973.8,308768,3006.77,20401, 129634, 41.98,0.4198427298165613,2025-07-14
PODDARMENT, EQ, 14-Jul-2025,301.3,302.0,305.25,300.45,302.0,302.0,301.68,4366,13.17,175, 3073, 70.38,0.7038479157123225,2025-07-14
POKARNA, EQ, 14-Jul-2025,1017.3,1017.5,1039.3,1012.1,1030.0,1025.7,1026.19,31133,319.48,4421, 13773, 44.24,0.44239231683422736,2025-07-14
POLICYBZR, EQ, 14-Jul-2025,1793.8,1790.3,1836.9,1773.0,1834.0,1831.2,1804.74,1228303,22167.62,50269, 791667, 64.45,0.6445209366092894,2025-07-14
POLYCAB, EQ, 14-Jul-2025,6705.5,6782.5,6880.0,6722.5,6800.0,6796.5,6806.03,407039,27703.18,41685, 126893, 31.17,0.3117465402578131,2025-07-14
POLYMED, EQ, 14-Jul-2025,2219.0,2200.0,2230.0,2176.0,2219.0,2214.1,2202.34,161740,3562.06,15317, 123969, 76.65,0.7664708791888216,2025-07-14
POLYPLEX, EQ, 14-Jul-2025,1144.6,1144.5,1148.6,1120.0,1136.7,1135.6,1134.77,55451,629.24,7607, 28518, 51.43,0.5142918973508143,2025-07-14
PONNIERODE, EQ, 14-Jul-2025,334.75,332.55,335.9,328.5,334.45,332.3,330.73,7026,23.24,405, 4347, 61.87,0.6187019641332194,2025-07-14
POONAWALLA, EQ, 14-Jul-2025,454.8,453.25,456.8,445.4,453.9,454.55,450.37,1201028,5409.1,21516, 471241, 39.24,0.3923647075671841,2025-07-14
POWERGRID, EQ, 14-Jul-2025,298.55,299.5,300.45,297.45,297.85,298.2,298.66,5484223,16379.45,56058, 3892742, 70.98,0.7098073874822377,2025-07-14
POWERINDIA, EQ, 14-Jul-2025,18570.0,18655.0,18870.0,18340.0,18490.0,18500.0,18581.55,88450,16435.38,26128, 40333, 45.60,0.45599773883550027,2025-07-14
POWERMECH, EQ, 14-Jul-2025,3306.9,3261.5,3293.7,3189.3,3225.5,3220.5,3226.06,83013,2678.05,14262, 38304, 46.14,0.46142170503415125,2025-07-14
PPAP, BE, 14-Jul-2025,229.6,229.5,237.0,223.0,236.0,231.74,230.78,11376,26.25,152, -, -,,2025-07-14
PPL, EQ, 14-Jul-2025,388.1,388.1,390.0,382.1,386.0,387.05,385.64,60589,233.66,2340, 37383, 61.70,0.616993183581178,2025-07-14
PPLPHARMA, EQ, 14-Jul-2025,200.98,201.18,208.45,198.51,208.28,207.88,206.44,11733938,24223.03,66007, 5882826, 50.14,0.5013513792215367,2025-07-14
PRABHA, EQ, 14-Jul-2025,293.55,290.3,298.0,286.7,290.0,290.65,292.74,55220,161.65,1483, 31310, 56.70,0.5670047084389714,2025-07-14
PRAENG, EQ, 14-Jul-2025,22.4,22.96,23.18,22.26,22.28,22.35,22.74,186972,42.52,3561, 29208, 15.62,0.15621590398562352,2025-07-14
PRAJIND, EQ, 14-Jul-2025,495.7,495.5,497.0,489.55,491.8,491.7,491.71,338912,1666.45,14527, 180569, 53.28,0.5327902228307053,2025-07-14
PRAKASH, EQ, 14-Jul-2025,158.64,158.99,161.32,157.5,158.81,158.94,159.16,302927,482.14,5190, 148627, 49.06,0.49063635793441984,2025-07-14
PRAKASHSTL, EQ, 14-Jul-2025,6.2,6.11,6.24,6.11,6.16,6.13,6.15,164605,10.13,721, 129309, 78.56,0.7855715196986726,2025-07-14
PRAXIS, BE, 14-Jul-2025,12.77,12.65,13.39,12.22,13.3,12.99,13.01,72506,9.43,215, -, -,,2025-07-14
PRECAM, EQ, 14-Jul-2025,210.1,210.1,211.37,206.27,207.05,207.49,208.44,108433,226.02,3871, 44107, 40.68,0.40676731253400716,2025-07-14
PRECOT, BE, 14-Jul-2025,574.05,584.9,602.75,570.0,602.75,601.5,599.09,28157,168.69,493, -, -,,2025-07-14
PRECWIRE, EQ, 14-Jul-2025,189.26,188.05,198.58,188.05,196.99,196.27,194.74,1154148,2247.6,23946, 462881, 40.11,0.4010586163992833,2025-07-14
PREMEXPLN, EQ, 14-Jul-2025,544.85,540.0,544.2,529.7,530.0,532.75,534.04,289421,1545.63,13228, 100938, 34.88,0.3487583831166363,2025-07-14
PREMIER, BE, 14-Jul-2025,3.8,3.83,3.83,3.61,3.83,3.65,3.74,8756,0.33,47, -, -,,2025-07-14
PREMIERENE, EQ, 14-Jul-2025,1105.0,1101.9,1125.0,1095.0,1109.9,1108.8,1109.15,1414251,15686.15,42320, 430638, 30.45,0.30449898921761415,2025-07-14
PREMIERPOL, EQ, 14-Jul-2025,53.24,53.24,53.95,52.11,53.5,53.0,52.89,45253,23.94,806, 27361, 60.46,0.604622897929419,2025-07-14
PRESTIGE, EQ, 14-Jul-2025,1695.0,1695.0,1734.9,1684.3,1725.0,1726.3,1711.07,1241272,21239.09,52066, 731637, 58.94,0.5894252025341746,2025-07-14
PRICOLLTD, EQ, 14-Jul-2025,458.6,458.6,459.9,447.4,454.0,450.7,453.2,168673,764.42,11649, 90589, 53.71,0.5370687661925738,2025-07-14
PRIMESECU, EQ, 14-Jul-2025,304.6,306.0,316.0,291.6,313.0,312.65,305.58,170910,522.26,5565, 65110, 38.10,0.3809607395705342,2025-07-14
PRIMO, EQ, 14-Jul-2025,25.71,25.7,26.39,25.68,25.7,25.76,25.94,59356,15.4,1214, 37932, 63.91,0.6390592357975605,2025-07-14
PRINCEPIPE, EQ, 14-Jul-2025,367.2,367.2,368.35,354.5,355.9,355.85,358.56,243593,873.43,10791, 112435, 46.16,0.4615690927079185,2025-07-14
PRITI, EQ, 14-Jul-2025,93.37,93.5,95.68,93.31,94.2,93.81,93.92,5938,5.58,219, 3205, 53.97,0.5397440215560795,2025-07-14
PRITIKAUTO, EQ, 14-Jul-2025,18.92,18.99,21.01,18.66,19.9,19.82,19.88,445831,88.64,1912, 213724, 47.94,0.47938344350213424,2025-07-14
PRIVISCL, EQ, 14-Jul-2025,2418.3,2400.0,2444.0,2364.0,2384.0,2394.3,2410.33,134301,3237.1,14011, 29308, 21.82,0.21822622318523316,2025-07-14
PROSTARM, EQ, 14-Jul-2025,205.88,213.0,216.0,188.11,202.0,202.01,198.65,6831672,13571.15,57012, 1773325, 25.96,0.25957408376748764,2025-07-14
PROTEAN, EQ, 14-Jul-2025,809.95,810.0,813.95,785.0,790.9,789.95,793.23,711007,5639.91,27018, 364836, 51.31,0.5131257498168091,2025-07-14
PROZONER, EQ, 14-Jul-2025,39.17,39.2,40.5,38.57,39.41,39.37,39.76,340122,135.22,1991, 245560, 72.20,0.7219762320579086,2025-07-14
PRSMJOHNSN, EQ, 14-Jul-2025,157.1,157.89,158.94,155.01,157.8,156.95,156.74,169604,265.83,8266, 62346, 36.76,0.3675974623240018,2025-07-14
PRUDENT, EQ, 14-Jul-2025,2640.4,2630.0,2709.3,2611.1,2707.8,2699.9,2683.04,12644,339.24,3527, 6994, 55.31,0.5531477380575767,2025-07-14
PRUDMOULI, EQ, 14-Jul-2025,38.99,39.0,40.0,38.74,39.93,39.41,39.76,6758,2.69,91, 5511, 81.55,0.8154779520568215,2025-07-14
PSB, EQ, 14-Jul-2025,31.51,31.45,31.97,31.17,31.67,31.59,31.53,1619207,510.53,8841, 785673, 48.52,0.4852208519355462,2025-07-14
PSPPROJECT, EQ, 14-Jul-2025,758.0,753.0,783.4,751.5,777.5,777.85,771.82,185299,1430.17,16390, 95767, 51.68,0.5168241598713431,2025-07-14
PSUBANK, EQ, 14-Jul-2025,700.41,691.3,715.18,691.3,703.5,705.45,707.34,13343,94.38,540, 5763, 43.19,0.4319118638986735,2025-07-14
PSUBANKADD, EQ, 14-Jul-2025,70.6,71.38,71.7,70.86,71.27,71.11,71.29,1013254,722.33,199, 1004324, 99.12,0.991186810019995,2025-07-14
PSUBNKBEES, EQ, 14-Jul-2025,78.23,79.47,79.52,78.15,78.84,78.88,78.99,2229154,1760.89,4060, 1436117, 64.42,0.6442430626147857,2025-07-14
PSUBNKIETF, EQ, 14-Jul-2025,71.14,71.52,72.26,71.0,71.75,71.65,71.76,74881,53.74,627, 31481, 42.04,0.4204137231073303,2025-07-14
PTC, EQ, 14-Jul-2025,185.3,185.95,186.49,183.6,184.69,184.87,184.96,1269322,2347.74,23176, 722502, 56.92,0.5692030863720947,2025-07-14
PTCIL, EQ, 14-Jul-2025,14405.0,14405.0,14560.0,14099.0,14431.0,14487.0,14318.56,17945,2569.47,6320, 6192, 34.51,0.3450543326831987,2025-07-14
PTL, EQ, 14-Jul-2025,43.05,42.75,42.84,41.56,41.9,41.82,41.89,206874,86.65,1702, 101399, 49.01,0.49014859286328877,2025-07-14
PUNJABCHEM, EQ, 14-Jul-2025,1195.3,1201.6,1280.0,1189.5,1274.0,1259.6,1252.65,41309,517.46,4738, 11340, 27.45,0.27451644919993223,2025-07-14
PURVA, EQ, 14-Jul-2025,287.5,289.4,289.4,282.3,283.6,283.6,285.41,94085,268.52,4755, 43330, 46.05,0.4605410001594303,2025-07-14
PVP, EQ, 14-Jul-2025,20.33,20.49,20.51,19.91,20.01,20.02,20.11,200288,40.28,956, 140197, 70.00,0.6999770330723758,2025-07-14
PVRINOX, EQ, 14-Jul-2025,989.5,984.0,1001.75,967.0,980.0,981.25,975.52,299356,2920.28,19121, 145763, 48.69,0.4869219257339088,2025-07-14
PVSL, EQ, 14-Jul-2025,132.14,131.5,134.09,129.0,130.0,130.13,131.67,167667,220.77,6140, 96402, 57.50,0.5749610835763747,2025-07-14
PVTBANIETF, EQ, 14-Jul-2025,28.18,28.18,28.31,28.08,28.24,28.23,28.18,3839910,1082.17,884, 3412339, 88.87,0.8886507756692215,2025-07-14
PVTBANKADD, EQ, 14-Jul-2025,28.4,28.69,28.69,28.08,28.4,28.4,28.29,7669,2.17,151, 5495, 71.65,0.7165210588081888,2025-07-14
PYRAMID, EQ, 14-Jul-2025,176.19,175.9,179.01,172.1,176.8,177.86,175.85,36540,64.25,1099, 22045, 60.33,0.6033114395183361,2025-07-14
QGOLDHALF, EQ, 14-Jul-2025,81.0,83.02,83.02,81.08,81.8,81.89,81.86,92776,75.95,443, 76117, 82.04,0.8204384754677934,2025-07-14
QNIFTY, EQ, 14-Jul-2025,2738.01,2751.71,2755.6,2724.01,2730.0,2730.0,2730.36,417,11.39,53, 399, 95.68,0.9568345323741008,2025-07-14
QPOWER, EQ, 14-Jul-2025,776.75,772.05,805.0,765.85,791.9,791.3,786.41,1784815,14035.9,55110, 315297, 17.67,0.17665528360082136,2025-07-14
QUADFUTURE, EQ, 14-Jul-2025,473.05,474.0,476.4,467.75,468.55,469.45,471.78,182241,859.77,7143, 79319, 43.52,0.43524234392919264,2025-07-14
QUAL30IETF, EQ, 14-Jul-2025,21.31,21.84,21.84,21.18,21.34,21.29,21.23,61977,13.16,447, 50401, 81.32,0.8132210336092421,2025-07-14
QUESS, EQ, 14-Jul-2025,310.7,310.7,312.0,303.15,304.65,305.25,305.58,404659,1236.56,24858, 257114, 63.54,0.6353843606592218,2025-07-14
QUICKHEAL, EQ, 14-Jul-2025,379.8,379.5,383.45,376.3,379.0,379.7,379.87,157465,598.17,6564, 38327, 24.34,0.24340012066173436,2025-07-14
QUINTEGRA, BE, 14-Jul-2025,1.91,2.0,2.0,1.96,1.96,1.96,1.98,11764,0.23,43, -, -,,2025-07-14
RACE, EQ, 14-Jul-2025,231.94,229.0,233.35,229.0,231.5,231.38,231.6,5821,13.48,190, 4839, 83.13,0.8313004638378285,2025-07-14
RACLGEAR, EQ, 14-Jul-2025,953.9,954.0,960.45,935.05,937.45,937.35,946.38,2687,25.43,868, 1608, 59.84,0.5984369184964644,2025-07-14
RADAAN, EQ, 14-Jul-2025,4.32,4.39,4.39,4.12,4.25,4.15,4.19,55698,2.33,249, 40378, 72.49,0.7249452404036052,2025-07-14
RADHIKAJWE, EQ, 14-Jul-2025,85.21,85.05,86.25,84.0,84.03,84.65,85.12,235813,200.72,3801, 109789, 46.56,0.4655765373410287,2025-07-14
RADIANTCMS, EQ, 14-Jul-2025,61.72,61.72,62.0,59.99,60.9,60.94,60.91,512989,312.47,3894, 310240, 60.48,0.6047693030454844,2025-07-14
RADICO, EQ, 14-Jul-2025,2718.3,2734.9,2780.0,2722.6,2736.2,2748.2,2752.91,425929,11725.45,54290, 269101, 63.18,0.6317977878942265,2025-07-14
RADIOCITY, EQ, 14-Jul-2025,9.18,9.3,9.3,9.08,9.11,9.1,9.14,42993,3.93,296, 31383, 73.00,0.7299560393552439,2025-07-14
RAILTEL, EQ, 14-Jul-2025,411.15,413.15,414.45,408.5,409.5,409.9,410.38,1099253,4511.14,20197, 271991, 24.74,0.2474325746666145,2025-07-14
RAIN, EQ, 14-Jul-2025,146.0,146.1,146.98,144.84,146.25,146.23,145.99,443292,647.17,5007, 242561, 54.72,0.5471810905678424,2025-07-14
RAINBOW, EQ, 14-Jul-2025,1527.2,1537.8,1549.9,1510.6,1540.0,1531.4,1521.24,418699,6369.42,21597, 362328, 86.54,0.8653662893868865,2025-07-14
RAJESHEXPO, EQ, 14-Jul-2025,202.33,203.8,203.82,199.52,202.0,201.63,201.17,332249,668.37,7095, 117273, 35.30,0.35296720230911155,2025-07-14
RAJMET, BE, 14-Jul-2025,5.08,5.08,5.33,5.0,5.28,5.11,5.19,1568182,81.45,2625, -, -,,2025-07-14
RAJOOENG, EQ, 14-Jul-2025,124.06,128.49,135.9,125.01,132.5,131.15,131.55,2968790,3905.55,27427, 975544, 32.86,0.32859986728599866,2025-07-14
RAJRATAN, EQ, 14-Jul-2025,417.55,417.55,417.55,407.5,409.9,409.05,410.5,37826,155.27,2796, 24674, 65.23,0.6523026489716068,2025-07-14
RAJRILTD, BE, 14-Jul-2025,26.74,26.74,27.27,26.25,27.27,27.26,26.98,25653,6.92,163, -, -,,2025-07-14
RAJSREESUG, EQ, 14-Jul-2025,47.19,47.19,47.96,46.51,47.0,46.88,46.91,15047,7.06,564, 8067, 53.61,0.5361201568418954,2025-07-14
RAJTV, BE, 14-Jul-2025,44.75,44.1,46.0,44.1,45.98,45.64,45.68,11027,5.04,57, -, -,,2025-07-14
RALLIS, EQ, 14-Jul-2025,343.55,355.85,363.0,346.5,354.0,354.0,353.64,4907703,17355.83,78775, 2312343, 47.12,0.4711660424438887,2025-07-14
RAMANEWS, BE, 14-Jul-2025,31.75,32.24,32.24,31.07,32.0,31.57,31.55,16558,5.22,104, -, -,,2025-07-14
RAMAPHO, BE, 14-Jul-2025,131.41,133.5,137.0,132.2,135.0,136.1,135.13,72439,97.89,481, -, -,,2025-07-14
RAMASTEEL, EQ, 14-Jul-2025,12.07,12.02,12.13,11.86,11.97,11.95,11.98,10252501,1228.46,14976, 3607621, 35.19,0.35187716636165167,2025-07-14
RAMCOCEM, EQ, 14-Jul-2025,1140.6,1146.0,1169.8,1123.0,1123.0,1133.8,1147.18,1181988,13559.58,42711, 755364, 63.91,0.6390623255058427,2025-07-14
RAMCOIND, EQ, 14-Jul-2025,285.35,285.35,287.0,278.3,282.85,281.9,281.86,76717,216.23,3076, 37868, 49.36,0.4936063714691659,2025-07-14
RAMCOSYS, BE, 14-Jul-2025,386.8,386.5,393.5,380.15,384.5,386.2,386.41,20812,80.42,618, -, -,,2025-07-14
RAMKY, EQ, 14-Jul-2025,607.35,615.95,627.0,608.5,618.55,620.15,618.97,276563,1711.84,11702, 116485, 42.12,0.4211879390952514,2025-07-14
RAMRAT, EQ, 14-Jul-2025,651.95,645.45,662.4,645.0,660.0,657.25,654.98,15616,102.28,1724, 7752, 49.64,0.4964139344262295,2025-07-14
RANASUG, EQ, 14-Jul-2025,15.87,15.85,15.97,15.62,15.97,15.89,15.79,208429,32.92,830, 140957, 67.63,0.6762830508230621,2025-07-14
RANEHOLDIN, EQ, 14-Jul-2025,1566.2,1565.0,1579.7,1535.0,1550.0,1541.8,1551.39,16277,252.52,2583, 12024, 73.87,0.7387110646925109,2025-07-14
RATEGAIN, EQ, 14-Jul-2025,470.8,473.7,478.5,466.8,469.45,470.85,471.69,287939,1358.19,11682, 143175, 49.72,0.4972407350167917,2025-07-14
RATNAMANI, EQ, 14-Jul-2025,2903.0,2893.5,2901.0,2855.6,2865.0,2873.9,2875.15,14013,402.89,3672, 4203, 29.99,0.2999357739242132,2025-07-14
RATNAVEER, EQ, 14-Jul-2025,146.2,146.5,147.2,143.99,144.5,144.43,145.08,155614,225.76,2514, 87366, 56.14,0.5614276350456899,2025-07-14
RAYMOND, EQ, 14-Jul-2025,697.7,698.0,699.8,681.1,686.8,686.7,686.74,399397,2742.8,19968, 110964, 27.78,0.27782882695663713,2025-07-14
RAYMONDLSL, EQ, 14-Jul-2025,1270.4,1267.7,1282.7,1253.0,1269.0,1269.2,1267.66,158106,2004.24,12714, 62691, 39.65,0.39651246632006376,2025-07-14
RAYMONDREL, BE, 14-Jul-2025,855.7,856.9,857.0,826.4,832.5,832.4,837.07,180204,1508.43,6189, -, -,,2025-07-14
RBA, EQ, 14-Jul-2025,82.26,82.26,82.87,81.5,81.72,81.76,81.94,459966,376.89,5502, 216497, 47.07,0.4706804415978572,2025-07-14
RBLBANK, EQ, 14-Jul-2025,264.16,265.0,265.54,260.64,262.55,263.38,263.17,9197107,24203.82,77012, 3610478, 39.26,0.39256670603049415,2025-07-14
RBZJEWEL, EQ, 14-Jul-2025,139.23,140.6,144.0,137.2,141.5,141.74,140.95,106781,150.51,2031, 49262, 46.13,0.4613367546660923,2025-07-14
RCF, EQ, 14-Jul-2025,151.98,152.0,152.49,150.32,151.19,151.38,151.26,744189,1125.68,10771, 221266, 29.73,0.2973250074913765,2025-07-14
RCOM, BE, 14-Jul-2025,1.49,1.45,1.49,1.41,1.41,1.41,1.42,3948051,56.09,899, -, -,,2025-07-14
RECLTD, EQ, 14-Jul-2025,401.05,400.85,401.0,396.15,399.0,398.85,399.08,6624993,26439.3,69930, 3258553, 49.19,0.4918575763023448,2025-07-14
REDINGTON, EQ, 14-Jul-2025,299.8,300.0,309.8,297.0,308.8,307.95,305.61,2381790,7278.9,38671, 912422, 38.31,0.3830824715864959,2025-07-14
REDTAPE, EQ, 14-Jul-2025,137.47,137.49,137.9,133.88,134.78,134.75,135.16,298945,404.04,8071, 112240, 37.55,0.37545367877034236,2025-07-14
REFEX, EQ, 14-Jul-2025,442.35,444.0,448.75,436.55,440.0,437.95,441.43,192168,848.28,10558, 82427, 42.89,0.4289319761875026,2025-07-14
REGENCERAM, EQ, 14-Jul-2025,40.99,39.01,43.03,39.01,43.03,43.03,42.39,6366,2.7,60, 5823, 91.47,0.9147031102733271,2025-07-14
RELAXO, EQ, 14-Jul-2025,500.8,501.95,502.5,488.0,490.0,490.2,492.93,356498,1757.29,16088, 126131, 35.38,0.35380563144814275,2025-07-14
RELCHEMQ, EQ, 14-Jul-2025,191.89,191.26,191.96,189.0,190.0,189.7,190.32,3908,7.44,273, 2609, 66.76,0.6676049129989765,2025-07-14
RELIABLE, EQ, 14-Jul-2025,73.32,73.32,73.95,72.5,73.0,73.07,73.31,5835,4.28,165, 3655, 62.64,0.6263924592973437,2025-07-14
RELIANCE, EQ, 14-Jul-2025,1495.2,1492.2,1500.0,1479.1,1486.4,1483.7,1487.76,10311846,153415.3,186122, 7980365, 77.39,0.7739026552568764,2025-07-14
RELIGARE, EQ, 14-Jul-2025,270.84,267.51,275.89,257.95,267.0,265.43,266.97,6434367,17177.64,111256, 2789316, 43.35,0.43350278279122095,2025-07-14
RELINFRA, BE, 14-Jul-2025,377.75,385.0,396.0,381.3,390.0,389.4,390.36,2355615,9195.28,18508, -, -,,2025-07-14
RELTD, BE, 14-Jul-2025,127.42,128.0,130.0,127.0,128.05,128.65,127.41,151462,192.97,326, -, -,,2025-07-14
REMSONSIND, EQ, 14-Jul-2025,129.64,132.1,140.45,132.1,137.0,137.83,136.94,900514,1233.15,12534, 312719, 34.73,0.3472672273834721,2025-07-14
RENUKA, EQ, 14-Jul-2025,32.54,32.5,32.58,32.14,32.34,32.29,32.32,2179831,704.63,8335, 847008, 38.86,0.3885659025860262,2025-07-14
REPCOHOME, EQ, 14-Jul-2025,429.35,431.15,436.5,425.0,435.5,435.3,431.95,142021,613.45,5473, 88965, 62.64,0.6264214447159223,2025-07-14
REPL, EQ, 14-Jul-2025,172.39,175.0,175.5,168.01,171.51,170.39,170.33,8894,15.15,351, 6065, 68.19,0.6819203957724308,2025-07-14
REPRO, EQ, 14-Jul-2025,565.45,568.3,588.3,558.7,577.95,573.1,567.94,8558,48.6,738, 4750, 55.50,0.5550362234166861,2025-07-14
RESPONIND, EQ, 14-Jul-2025,243.23,245.4,245.49,239.22,241.0,241.13,241.12,66475,160.29,2074, 29171, 43.88,0.4388266265513351,2025-07-14
RETAIL, EQ, 14-Jul-2025,35.99,36.15,36.9,34.57,36.17,36.29,35.83,6838,2.45,409, 2332, 34.10,0.34103539046504827,2025-07-14
RGL, EQ, 14-Jul-2025,116.94,117.0,118.9,116.0,117.0,117.43,117.23,112354,131.71,1266, 23026, 20.49,0.2049415241112911,2025-07-14
RHFL, BE, 14-Jul-2025,5.42,5.52,5.52,5.52,5.52,5.52,5.52,1202075,66.35,744, -, -,,2025-07-14
RHIM, EQ, 14-Jul-2025,477.75,474.55,479.35,472.05,478.0,475.5,476.16,83913,399.56,5861, 32689, 38.96,0.3895582329317269,2025-07-14
RHL, EQ, 14-Jul-2025,275.8,278.8,278.8,267.3,272.25,272.55,273.74,4679,12.81,254, 2109, 45.07,0.4507373370378286,2025-07-14
RICOAUTO, EQ, 14-Jul-2025,77.95,77.15,77.77,75.9,76.26,76.45,76.41,236999,181.08,2732, 94274, 39.78,0.3977822691234984,2025-07-14
RIIL, EQ, 14-Jul-2025,933.35,933.2,938.7,926.1,928.45,928.55,930.74,80754,751.61,4807, 17804, 22.05,0.22047205092007827,2025-07-14
RISHABH, EQ, 14-Jul-2025,296.05,297.55,299.3,286.4,291.05,289.9,292.34,52991,154.91,4292, 21725, 41.00,0.4099752788209319,2025-07-14
RITCO, EQ, 14-Jul-2025,310.15,310.95,313.95,301.0,303.1,304.15,305.17,121346,370.31,3227, 63301, 52.17,0.5216570797554102,2025-07-14
RITES, EQ, 14-Jul-2025,278.25,283.65,284.0,277.9,278.25,278.95,280.36,973588,2729.54,18239, 291455, 29.94,0.2993617423386484,2025-07-14
RKDL, EQ, 14-Jul-2025,29.57,29.57,30.09,29.42,29.89,29.69,29.74,15659,4.66,451, 11663, 74.48,0.7448112906315857,2025-07-14
RKEC, EQ, 14-Jul-2025,75.85,77.69,77.69,75.6,75.7,75.86,76.29,38282,29.2,611, 29822, 77.90,0.7790084112637793,2025-07-14
RKFORGE, EQ, 14-Jul-2025,660.95,656.0,659.3,642.1,648.0,648.0,649.04,707036,4588.97,25383, 256301, 36.25,0.3625006364598125,2025-07-14
RKSWAMY, EQ, 14-Jul-2025,178.85,179.55,182.0,174.45,174.5,174.8,176.65,40124,70.88,1417, 27532, 68.62,0.6861728641212242,2025-07-14
RML, EQ, 14-Jul-2025,881.2,885.0,889.3,871.2,880.0,882.45,881.48,11011,97.06,1612, 4921, 44.69,0.4469167196439924,2025-07-14
ROHLTD, EQ, 14-Jul-2025,395.7,394.6,402.75,392.55,397.65,399.95,398.24,73085,291.06,3182, 39265, 53.73,0.5372511459259766,2025-07-14
ROLEXRINGS, EQ, 14-Jul-2025,1526.8,1537.2,1546.5,1508.2,1515.0,1515.1,1520.09,12786,194.36,2863, 7173, 56.10,0.5610042233693102,2025-07-14
ROLLT, BE, 14-Jul-2025,1.74,1.74,1.74,1.69,1.71,1.7,1.71,155214,2.66,163, -, -,,2025-07-14
ROLTA, BZ, 14-Jul-2025,2.36,2.31,2.4,2.3,2.3,2.32,2.35,92298,2.17,130, -, -,,2025-07-14
ROML, BE, 14-Jul-2025,55.1,55.65,55.65,52.34,53.15,53.69,52.79,32990,17.41,134, -, -,,2025-07-14
ROSSARI, EQ, 14-Jul-2025,702.15,709.15,712.85,694.4,695.5,698.2,701.4,93876,658.45,7813, 38925, 41.46,0.4146427201840726,2025-07-14
ROSSELLIND, EQ, 14-Jul-2025,73.68,73.68,74.22,71.25,71.81,71.59,72.24,18871,13.63,696, 14332, 75.95,0.7594722060304171,2025-07-14
ROSSTECH, EQ, 14-Jul-2025,495.8,509.0,518.9,468.5,476.5,481.05,494.6,61135,302.37,3033, 41067, 67.17,0.6717428641531038,2025-07-14
ROTO, EQ, 14-Jul-2025,105.25,103.95,104.0,100.5,100.85,100.95,101.79,677216,689.31,10464, 245066, 36.19,0.36187272598402875,2025-07-14
ROUTE, EQ, 14-Jul-2025,989.4,985.0,988.8,975.0,987.3,984.2,982.12,52389,514.52,5081, 24834, 47.40,0.47403080799404457,2025-07-14
RPEL, EQ, 14-Jul-2025,687.55,697.7,697.7,680.75,687.8,685.3,686.49,27944,191.83,2616, 15401, 55.11,0.5511379902662468,2025-07-14
RPGLIFE, EQ, 14-Jul-2025,2526.2,2541.5,2541.5,2461.1,2478.0,2493.2,2493.14,22672,565.25,6360, 11591, 51.12,0.5112473535638673,2025-07-14
RPOWER, BE, 14-Jul-2025,64.81,65.25,66.1,64.25,65.4,65.29,65.44,9214960,6029.94,37164, -, -,,2025-07-14
RPPINFRA, EQ, 14-Jul-2025,141.13,142.0,142.0,136.7,137.75,137.55,139.03,92123,128.08,1784, 61670, 66.94,0.6694310866993042,2025-07-14
RPPL, EQ, 14-Jul-2025,26.79,27.31,27.31,26.36,26.5,26.73,26.66,88860,23.69,1322, 48222, 54.27,0.5426738690074274,2025-07-14
RPSGVENT, EQ, 14-Jul-2025,882.85,881.5,882.55,869.3,876.1,876.3,875.35,15669,137.16,2273, 7747, 49.44,0.4944157253175059,2025-07-14
RPTECH, EQ, 14-Jul-2025,300.5,301.9,304.0,297.0,299.0,298.95,299.37,39278,117.59,1891, 22026, 56.08,0.5607719333978308,2025-07-14
RRKABEL, EQ, 14-Jul-2025,1332.1,1321.0,1405.4,1319.9,1371.4,1369.2,1375.06,614094,8444.13,46334, 179215, 29.18,0.2918364289506167,2025-07-14
RSSOFTWARE, BE, 14-Jul-2025,81.41,83.03,83.03,83.03,83.03,83.03,83.03,12410,10.3,56, -, -,,2025-07-14
RSWM, EQ, 14-Jul-2025,170.97,170.9,171.45,167.2,167.5,167.83,168.91,23776,40.16,848, 14305, 60.17,0.601657133243607,2025-07-14
RSYSTEMS, EQ, 14-Jul-2025,438.55,438.55,440.9,430.45,436.15,436.35,436.29,69170,301.78,7185, 22272, 32.20,0.321989301720399,2025-07-14
RTNINDIA, EQ, 14-Jul-2025,64.27,64.0,64.23,61.8,62.17,62.14,62.59,8971104,5614.57,32369, 2488326, 27.74,0.2773712131751009,2025-07-14
RTNPOWER, EQ, 14-Jul-2025,16.12,16.27,16.4,15.3,15.74,15.81,15.67,221788117,34747.2,115781, 47490437, 21.41,0.21412525451036676,2025-07-14
RUBFILA, EQ, 14-Jul-2025,84.92,84.05,84.92,83.6,84.27,83.64,84.23,51692,43.54,1499, 34644, 67.02,0.6702004178596301,2025-07-14
RUBYMILLS, EQ, 14-Jul-2025,240.17,243.18,243.18,235.27,240.35,241.4,239.92,22947,55.05,967, 12835, 55.93,0.5593323746023445,2025-07-14
RUCHINFRA, BE, 14-Jul-2025,7.67,7.8,7.81,7.6,7.75,7.73,7.73,71796,5.55,190, -, -,,2025-07-14
RUCHIRA, EQ, 14-Jul-2025,139.57,140.89,140.89,138.5,139.0,139.16,139.39,43138,60.13,1054, 24039, 55.73,0.5572581019055125,2025-07-14
RUPA, EQ, 14-Jul-2025,214.53,216.0,217.98,214.0,214.0,214.47,216.13,231384,500.09,6148, 135143, 58.41,0.5840637209141514,2025-07-14
RUSHIL, EQ, 14-Jul-2025,28.71,28.77,28.9,28.03,28.41,28.53,28.39,220172,62.5,1763, 98722, 44.84,0.4483858074596225,2025-07-14
RUSTOMJEE, EQ, 14-Jul-2025,660.8,662.0,667.75,655.45,662.0,661.7,661.52,19197,126.99,1502, 9374, 48.83,0.48830546439547845,2025-07-14
RVHL, EQ, 14-Jul-2025,48.64,48.54,49.79,47.02,47.21,47.38,48.44,29493,14.29,799, 14646, 49.66,0.49659241175872243,2025-07-14
RVNL, EQ, 14-Jul-2025,381.65,383.6,385.35,380.65,382.0,382.3,382.73,3360937,12863.37,35331, 745091, 22.17,0.22169145092573886,2025-07-14
RVTH, BE, 14-Jul-2025,915.0,900.0,933.3,900.0,933.3,933.3,912.03,95,0.87,7, -, -,,2025-07-14
S&SPOWER, BE, 14-Jul-2025,431.05,452.6,452.6,440.0,446.0,446.0,452.38,8843,40.0,187, -, -,,2025-07-14
SABEVENTS, BE, 14-Jul-2025,6.44,6.44,6.49,6.16,6.45,6.44,6.46,6891,0.45,32, -, -,,2025-07-14
SABTNL, EQ, 14-Jul-2025,1352.4,1284.8,1284.8,1284.8,1284.8,1284.8,1284.8,1454,18.68,168, 1454, 100.00,1.0,2025-07-14
SADBHAV, EQ, 14-Jul-2025,13.25,13.9,13.91,13.5,13.91,13.91,13.86,1041918,144.42,1007, 591902, 56.81,0.5680888515219048,2025-07-14
SADBHIN, EQ, 14-Jul-2025,4.93,4.98,4.98,4.83,4.92,4.88,4.91,165602,8.13,618, 113521, 68.55,0.6855050059781886,2025-07-14
SADHNANIQ, BE, 14-Jul-2025,6.83,7.12,7.17,7.0,7.17,7.17,7.15,10573278,756.38,1019, -, -,,2025-07-14
SAFARI, EQ, 14-Jul-2025,2219.4,2230.3,2246.9,2165.0,2210.5,2188.4,2195.01,35553,780.39,9198, 16802, 47.26,0.4725902174218772,2025-07-14
SAGARDEEP, EQ, 14-Jul-2025,30.4,32.29,32.29,30.13,31.77,31.37,30.87,20901,6.45,463, 11975, 57.29,0.572939093823262,2025-07-14
SAGCEM, EQ, 14-Jul-2025,242.58,242.15,242.15,236.31,238.5,238.68,238.29,52464,125.02,2175, 33592, 64.03,0.6402866727660872,2025-07-14
SAGILITY, EQ, 14-Jul-2025,44.79,45.01,45.59,44.22,44.98,44.97,45.0,40711911,18319.41,75243, 17377560, 42.68,0.42684215928846964,2025-07-14
SAH, BE, 14-Jul-2025,115.65,117.0,120.05,116.0,119.0,119.0,118.39,4669,5.53,62, -, -,,2025-07-14
SAHYADRI, EQ, 14-Jul-2025,300.0,305.95,305.95,297.6,301.1,301.6,300.58,4558,13.7,278, 3432, 75.30,0.7529618253620008,2025-07-14
SAIL, EQ, 14-Jul-2025,134.33,133.6,135.57,133.0,134.4,134.19,134.18,5395689,7239.99,30358, 1465449, 27.16,0.2715962687990357,2025-07-14
SAILIFE, EQ, 14-Jul-2025,782.15,783.0,825.95,783.0,824.7,823.1,813.98,2145873,17467.04,58748, 1175524, 54.78,0.5478068832591677,2025-07-14
SAKAR, BE, 14-Jul-2025,337.15,339.0,345.95,336.0,342.0,342.05,340.7,7097,24.18,140, -, -,,2025-07-14
SAKHTISUG, EQ, 14-Jul-2025,25.46,25.62,25.84,25.21,25.21,25.27,25.37,79309,20.12,913, 39548, 49.87,0.49865715114299763,2025-07-14
SAKSOFT, EQ, 14-Jul-2025,241.21,242.0,243.99,236.99,239.65,239.42,240.22,649027,1559.09,18810, 185892, 28.64,0.2864164356798716,2025-07-14
SAKUMA, BE, 14-Jul-2025,2.93,2.96,2.96,2.9,2.93,2.92,2.93,735774,21.54,1293, -, -,,2025-07-14
SALASAR, EQ, 14-Jul-2025,7.91,7.93,7.94,7.6,7.71,7.67,7.7,20526307,1580.3,13779, 7568183, 36.87,0.36870650916406933,2025-07-14
SALONA, EQ, 14-Jul-2025,282.4,282.4,293.8,256.55,258.1,260.15,277.18,67092,185.96,2402, 21070, 31.40,0.3140463840696357,2025-07-14
SALSTEEL, EQ, 14-Jul-2025,17.13,17.05,17.23,17.0,17.02,17.02,17.05,41707,7.11,405, 33682, 80.76,0.8075862565037044,2025-07-14
SALZERELEC, EQ, 14-Jul-2025,858.0,858.0,868.7,851.35,866.5,866.1,860.54,42009,361.5,2990, 21473, 51.12,0.5111523721107382,2025-07-14
SAMBHAAV, EQ, 14-Jul-2025,7.09,7.01,7.2,7.01,7.12,7.07,7.09,88930,6.3,293, 34281, 38.55,0.3854829641290903,2025-07-14
SAMBHV, EQ, 14-Jul-2025,124.86,124.94,134.95,115.66,118.1,117.57,126.69,34533681,43751.69,117842, 6371493, 18.45,0.18450083557556463,2025-07-14
SAMHI, EQ, 14-Jul-2025,231.86,232.94,240.95,230.26,237.0,237.86,237.11,2219232,5261.92,34645, 1078820, 48.61,0.48612312728006807,2025-07-14
SAMMAANCAP, EQ, 14-Jul-2025,127.21,127.21,127.49,124.0,124.21,124.2,125.29,7660251,9597.55,33098, 3779851, 49.34,0.49343696440234136,2025-07-14
SAMPANN, EQ, 14-Jul-2025,27.42,27.91,28.29,27.67,28.25,28.03,27.93,6925,1.93,210, 5029, 72.62,0.7262093862815885,2025-07-14
SANATHAN, EQ, 14-Jul-2025,532.5,532.5,546.9,526.75,536.5,536.3,534.26,79637,425.47,5019, 41011, 51.50,0.5149741954116805,2025-07-14
SANCO, BZ, 14-Jul-2025,3.7,3.51,3.51,3.51,3.51,3.51,3.51,135,0.0,3, -, -,,2025-07-14
SANDESH, EQ, 14-Jul-2025,1161.6,1162.2,1167.0,1147.4,1148.5,1152.2,1154.06,523,6.04,107, 376, 71.89,0.7189292543021033,2025-07-14
SANDHAR, EQ, 14-Jul-2025,507.3,512.0,517.95,505.3,511.05,512.2,510.72,65331,333.66,5713, 33075, 50.63,0.506268081002893,2025-07-14
SANDUMA, EQ, 14-Jul-2025,474.95,473.1,477.0,467.0,469.6,468.95,470.74,135152,636.22,6210, 80977, 59.92,0.5991550254528235,2025-07-14
SANGAMIND, EQ, 14-Jul-2025,451.15,450.0,450.0,435.9,443.0,440.75,440.81,35729,157.5,2801, 17313, 48.46,0.48456435948389265,2025-07-14
SANGHIIND, EQ, 14-Jul-2025,65.59,66.25,66.25,64.81,66.0,65.73,65.58,213741,140.18,1508, 118688, 55.53,0.555288877660346,2025-07-14
SANGHVIMOV, EQ, 14-Jul-2025,274.25,274.25,275.9,270.0,273.0,271.95,272.05,188322,512.34,6812, 85337, 45.31,0.453144083006765,2025-07-14
SANGINITA, EQ, 14-Jul-2025,10.48,10.65,10.71,10.39,10.5,10.4,10.51,30622,3.22,170, 24532, 80.11,0.8011233753510548,2025-07-14
SANOFI, EQ, 14-Jul-2025,5911.0,5911.0,5954.5,5873.0,5935.0,5926.0,5905.0,3793,223.98,1303, 1819, 47.96,0.4795676245715792,2025-07-14
SANOFICONR, EQ, 14-Jul-2025,5183.5,5213.0,5251.5,5102.5,5136.0,5147.5,5151.84,9517,490.3,2997, 5257, 55.24,0.5523799516654407,2025-07-14
SANSERA, EQ, 14-Jul-2025,1354.7,1354.8,1377.0,1343.1,1363.9,1363.0,1364.35,166235,2268.03,5283, 134569, 80.95,0.8095106325382742,2025-07-14
SANSTAR, EQ, 14-Jul-2025,94.22,95.0,95.0,92.72,93.5,93.9,93.56,206701,193.39,3021, 92716, 44.86,0.44855128906004327,2025-07-14
SANWARIA, BZ, 14-Jul-2025,0.36,0.36,0.37,0.36,0.36,0.36,0.37,141684,0.52,167, -, -,,2025-07-14
SAPPHIRE, EQ, 14-Jul-2025,330.85,330.95,333.85,328.05,330.3,330.7,330.78,112119,370.86,5428, 48206, 43.00,0.4299538882794174,2025-07-14
SARDAEN, EQ, 14-Jul-2025,452.7,453.2,457.25,437.25,440.0,440.9,445.89,430222,1918.31,17632, 195838, 45.52,0.4552021979350196,2025-07-14
SAREGAMA, EQ, 14-Jul-2025,490.4,493.4,493.5,478.9,482.8,483.7,484.16,169976,822.95,8410, 78948, 46.45,0.46446557161010965,2025-07-14
SARLAPOLY, BE, 14-Jul-2025,113.98,113.89,114.25,111.75,113.0,112.58,112.91,52459,59.23,493, -, -,,2025-07-14
SARVESHWAR, EQ, 14-Jul-2025,8.62,9.12,9.45,8.76,8.81,8.86,9.16,28666938,2625.94,25352, 9478916, 33.07,0.33065673076071117,2025-07-14
SASKEN, EQ, 14-Jul-2025,1440.4,1448.0,1457.1,1411.9,1424.4,1421.6,1427.22,7879,112.45,1973, 4395, 55.78,0.5578119050640944,2025-07-14
SASTASUNDR, EQ, 14-Jul-2025,270.9,269.55,280.6,269.55,273.6,274.8,275.35,12401,34.15,966, 7467, 60.21,0.60212886057576,2025-07-14
SATIA, EQ, 14-Jul-2025,88.77,89.25,90.27,88.0,88.0,88.19,88.87,83513,74.21,1207, 41755, 50.00,0.49998203872450997,2025-07-14
SATIN, EQ, 14-Jul-2025,161.63,162.0,162.63,159.0,159.12,159.71,160.12,105198,168.44,2289, 42286, 40.20,0.4019658168406243,2025-07-14
SAURASHCEM, EQ, 14-Jul-2025,88.72,90.49,90.49,87.62,88.22,88.41,88.79,55803,49.55,931, 38861, 69.64,0.6963962510976113,2025-07-14
SBC, EQ, 14-Jul-2025,16.16,16.16,16.39,15.82,15.99,16.13,16.12,6326946,1020.2,6448, 2260769, 35.73,0.35732389686904237,2025-07-14
SBCL, EQ, 14-Jul-2025,534.1,540.7,560.0,531.0,534.0,532.85,545.61,264558,1443.46,20329, 91132, 34.45,0.3444688877297228,2025-07-14
SBFC, EQ, 14-Jul-2025,119.02,118.5,118.65,116.4,117.3,117.38,117.43,2441388,2867.01,19545, 1034334, 42.37,0.4236663733908744,2025-07-14
SBGLP, BE, 14-Jul-2025,44.84,45.7,45.7,44.57,44.58,44.58,45.44,13691,6.22,38, -, -,,2025-07-14
SBIBPB, EQ, 14-Jul-2025,40.91,40.91,41.58,40.91,41.16,41.18,41.39,5774,2.39,106, 1731, 29.98,0.2997921718046415,2025-07-14
SBICARD, EQ, 14-Jul-2025,913.45,1004.75,1004.75,886.35,901.7,903.5,906.88,3790595,34375.96,96101, 1025779, 27.06,0.2706116058296916,2025-07-14
SBIETFCON, EQ, 14-Jul-2025,119.35,119.34,120.0,116.13,119.35,119.9,119.13,9428,11.23,157, 6318, 67.01,0.6701315231226135,2025-07-14
SBIETFIT, EQ, 14-Jul-2025,409.84,411.88,413.97,401.57,405.25,404.2,403.28,247488,998.06,4431, 236051, 95.38,0.953787658391518,2025-07-14
SBIETFPB, EQ, 14-Jul-2025,284.46,284.47,286.09,283.25,285.11,285.11,284.63,2494,7.1,98, 1652, 66.24,0.6623897353648757,2025-07-14
SBIETFQLTY, EQ, 14-Jul-2025,223.72,223.73,224.61,222.65,224.0,224.03,223.26,6029,13.46,81, 4845, 80.36,0.8036158566926522,2025-07-14
SBILIFE, EQ, 14-Jul-2025,1835.2,1843.0,1856.3,1831.7,1850.0,1851.3,1844.39,1231109,22706.46,47121, 854027, 69.37,0.6937054314443319,2025-07-14
SBIN, EQ, 14-Jul-2025,808.65,809.8,815.5,808.0,809.1,808.85,810.6,6938635,56244.61,112079, 4338060, 62.52,0.6252036603741226,2025-07-14
SBINEQWETF, EQ, 14-Jul-2025,31.76,31.91,32.18,31.56,31.62,31.65,31.7,13637,4.32,240, 10642, 78.04,0.780376915743932,2025-07-14
SBISILVER, EQ, 14-Jul-2025,109.38,112.66,112.94,111.05,112.74,112.78,112.39,423031,475.44,1684, 279629, 66.10,0.6610130226862807,2025-07-14
SCHAEFFLER, EQ, 14-Jul-2025,4155.4,4154.4,4299.0,4105.6,4245.5,4224.6,4176.71,61205,2556.36,12183, 35609, 58.18,0.5817988726411241,2025-07-14
SCHAND, EQ, 14-Jul-2025,228.41,229.0,231.0,223.47,224.36,225.59,225.74,35537,80.22,1409, 19548, 55.01,0.5500745701663056,2025-07-14
SCHNEIDER, BE, 14-Jul-2025,854.5,848.0,860.0,828.0,840.0,842.8,843.92,115745,976.79,7873, -, -,,2025-07-14
SCI, EQ, 14-Jul-2025,221.66,221.0,221.66,215.47,217.05,217.13,217.54,1603731,3488.84,23448, 589953, 36.79,0.36786281489850853,2025-07-14
SCILAL, EQ, 14-Jul-2025,53.1,52.84,53.09,51.69,51.99,52.01,52.02,488810,254.27,3145, 275638, 56.39,0.5638959923078497,2025-07-14
SCODATUBES, EQ, 14-Jul-2025,212.51,213.25,230.85,207.02,213.0,211.49,219.88,8646097,19010.79,87709, 1516208, 17.54,0.1753632881981315,2025-07-14
SCPL, EQ, 14-Jul-2025,304.0,306.6,307.0,302.2,302.55,303.25,303.75,3016,9.16,373, 1858, 61.60,0.6160477453580901,2025-07-14
SDBL, EQ, 14-Jul-2025,149.06,149.0,153.3,147.6,152.97,152.92,150.37,1316953,1980.24,14986, 480308, 36.47,0.3647115728503599,2025-07-14
SDL26BEES, EQ, 14-Jul-2025,131.67,131.65,131.79,131.13,131.51,131.51,131.68,700,0.92,60, 424, 60.57,0.6057142857142858,2025-07-14
SEAMECLTD, EQ, 14-Jul-2025,843.55,843.55,852.7,829.55,835.1,833.85,839.65,11411,95.81,1928, 6432, 56.37,0.5636666374550872,2025-07-14
SECMARK, BE, 14-Jul-2025,145.98,141.01,148.8,141.01,147.5,145.82,144.53,1688,2.44,33, -, -,,2025-07-14
SECURKLOUD, EQ, 14-Jul-2025,23.35,22.3,25.68,22.3,25.68,25.68,25.6,81428,20.85,412, 48633, 59.73,0.5972515596600678,2025-07-14
SEJALLTD, BE, 14-Jul-2025,509.85,509.85,509.85,487.25,489.95,489.9,494.11,1726,8.53,48, -, -,,2025-07-14
SELAN, EQ, 14-Jul-2025,658.3,664.5,664.5,643.0,656.55,658.4,651.6,60497,394.2,3453, 20184, 33.36,0.3336363786634048,2025-07-14
SELECTIPO, EQ, 14-Jul-2025,48.96,48.93,49.37,48.72,49.3,49.36,49.19,5260,2.59,69, 3935, 74.81,0.7480988593155894,2025-07-14
SELMC, BE, 14-Jul-2025,34.4,35.89,35.89,34.1,35.2,35.02,34.96,5775,2.02,98, -, -,,2025-07-14
SEMAC, BE, 14-Jul-2025,537.25,511.05,548.5,511.05,535.0,531.7,539.21,143,0.77,15, -, -,,2025-07-14
SENCO, EQ, 14-Jul-2025,342.6,342.6,347.05,341.25,343.5,343.5,344.32,229413,789.91,9056, 109982, 47.94,0.4794061365310597,2025-07-14
SENORES, EQ, 14-Jul-2025,611.5,611.5,619.0,602.2,610.0,612.45,611.95,274564,1680.21,13776, 101536, 36.98,0.3698081321659067,2025-07-14
SENSEXADD, EQ, 14-Jul-2025,84.28,84.28,84.29,83.74,84.03,84.03,83.93,3329,2.79,57, 901, 27.07,0.2706518474016221,2025-07-14
SENSEXETF, EQ, 14-Jul-2025,84.28,85.0,85.0,83.66,84.05,83.85,83.95,27610,23.18,267, 17364, 62.89,0.6289025715320536,2025-07-14
SENSEXIETF, EQ, 14-Jul-2025,938.17,938.17,942.88,933.1,942.17,936.81,935.6,7348,68.75,779, 6005, 81.72,0.8172291780076211,2025-07-14
SEPC, EQ, 14-Jul-2025,14.02,14.0,14.07,13.71,13.73,13.78,13.85,8829028,1222.57,9825, 3450674, 39.08,0.39083283006917635,2025-07-14
SEQUENT, EQ, 14-Jul-2025,184.32,184.32,187.04,180.74,185.07,185.55,183.72,296408,544.57,9939, 122961, 41.48,0.41483698145799036,2025-07-14
SERVOTECH, EQ, 14-Jul-2025,140.57,131.0,140.25,131.0,139.76,139.81,138.37,618419,855.73,7652, 236051, 38.17,0.38170075628336125,2025-07-14
SESHAPAPER, EQ, 14-Jul-2025,295.2,295.0,305.0,294.9,296.0,297.2,298.02,22454,66.92,919, 9435, 42.02,0.42019239333749,2025-07-14
SETCO, BE, 14-Jul-2025,17.2,16.9,17.0,16.9,16.95,16.95,16.95,8049,1.36,40, -, -,,2025-07-14
SETF10GILT, EQ, 14-Jul-2025,258.39,258.69,258.7,257.8,258.44,258.23,258.3,7760,20.04,98, 4911, 63.29,0.632860824742268,2025-07-14
SETFGOLD, EQ, 14-Jul-2025,83.67,84.99,84.99,84.04,84.58,84.5,84.44,2015699,1702.01,5733, 1593629, 79.06,0.7906086176557114,2025-07-14
SETFNIF50, EQ, 14-Jul-2025,267.9,267.25,268.84,266.23,267.53,267.29,267.1,356422,952.01,5050, 309752, 86.91,0.869059710118904,2025-07-14
SETFNIFBK, EQ, 14-Jul-2025,579.43,579.99,581.59,577.75,580.58,579.8,580.02,9203,53.38,356, 6459, 70.18,0.7018363577094425,2025-07-14
SETFNN50, EQ, 14-Jul-2025,722.1,724.19,724.89,715.41,723.0,723.18,719.58,39642,285.26,1398, 27840, 70.23,0.7022854548206448,2025-07-14
SETUINFRA, BZ, 14-Jul-2025,0.84,0.82,0.82,0.79,0.79,0.79,0.8,2607,0.02,8, -, -,,2025-07-14
SEYAIND, BE, 14-Jul-2025,21.65,20.56,20.6,20.56,20.56,20.56,20.56,5650,1.16,17, -, -,,2025-07-14
SFL, EQ, 14-Jul-2025,677.4,680.8,688.95,671.15,675.0,676.25,678.42,91614,621.53,6841, 43312, 47.28,0.4727661711092191,2025-07-14
SGIL, EQ, 14-Jul-2025,529.2,529.2,533.7,519.5,521.6,521.3,526.25,22000,115.78,1203, 11280, 51.27,0.5127272727272727,2025-07-14
SGL, BE, 14-Jul-2025,15.79,15.59,15.97,15.05,15.65,15.65,15.43,2974,0.46,60, -, -,,2025-07-14
SGLTL, BE, 14-Jul-2025,180.69,185.0,185.99,180.0,185.1,185.22,184.09,361604,665.68,3501, -, -,,2025-07-14
SHAH, BE, 14-Jul-2025,3.96,3.9,4.04,3.83,3.94,3.91,3.93,570438,22.39,696, -, -,,2025-07-14
SHAHALLOYS, EQ, 14-Jul-2025,62.75,65.6,65.6,61.05,63.0,61.99,62.52,6022,3.77,170, 5249, 87.16,0.8716373297907671,2025-07-14
SHAILY, EQ, 14-Jul-2025,1611.8,1614.5,1628.0,1595.0,1606.2,1606.5,1609.14,34285,551.69,6727, 16926, 49.37,0.49368528511010645,2025-07-14
SHAKTIPUMP, EQ, 14-Jul-2025,919.4,920.4,920.5,903.7,914.9,911.65,910.56,384745,3503.32,20159, 209042, 54.33,0.5433260991046017,2025-07-14
SHALBY, EQ, 14-Jul-2025,182.19,183.38,187.59,181.11,183.66,183.53,184.45,189958,350.37,5173, 81647, 42.98,0.4298160646037545,2025-07-14
SHALPAINTS, EQ, 14-Jul-2025,96.68,96.6,96.6,95.71,96.35,96.24,96.15,27952,26.87,596, 15008, 53.69,0.5369204350314826,2025-07-14
SHANKARA, EQ, 14-Jul-2025,1025.0,1025.5,1052.2,1020.5,1050.0,1044.8,1039.97,86211,896.57,8278, 44212, 51.28,0.5128347890640406,2025-07-14
SHANTI, BE, 14-Jul-2025,11.43,11.5,12.0,11.5,12.0,12.0,11.97,490603,58.71,1006, -, -,,2025-07-14
SHANTIGEAR, EQ, 14-Jul-2025,518.95,520.25,522.15,506.95,510.0,509.05,513.21,25785,132.33,3152, 10233, 39.69,0.3968586387434555,2025-07-14
SHARDACROP, EQ, 14-Jul-2025,827.85,830.0,834.5,775.1,783.4,781.2,788.3,629595,4963.07,37351, 244377, 38.81,0.3881495246944464,2025-07-14
SHARDAMOTR, EQ, 14-Jul-2025,1056.9,1072.0,1079.0,1023.8,1050.5,1053.4,1050.19,79705,837.06,10512, 34709, 43.55,0.4354682893168559,2025-07-14
SHAREINDIA, EQ, 14-Jul-2025,171.65,172.5,175.5,170.6,174.41,175.06,173.99,467007,812.53,9301, 169012, 36.19,0.3619046395450175,2025-07-14
SHARIABEES, EQ, 14-Jul-2025,507.62,509.41,512.97,504.0,510.0,505.66,505.57,14362,72.61,970, 10792, 75.14,0.7514273778025344,2025-07-14
SHEKHAWATI, BE, 14-Jul-2025,24.6,24.22,24.44,23.47,24.28,23.73,23.99,10472,2.51,85, -, -,,2025-07-14
SHEMAROO, BE, 14-Jul-2025,136.03,136.5,142.0,132.6,135.0,134.67,137.4,21102,28.99,217, -, -,,2025-07-14
SHILPAMED, BE, 14-Jul-2025,896.75,896.5,910.75,875.0,900.5,905.9,898.49,48918,439.52,3254, -, -,,2025-07-14
SHIVALIK, EQ, 14-Jul-2025,527.55,530.2,530.8,518.1,519.2,520.65,523.16,27138,141.97,1320, 18049, 66.51,0.6650821725993072,2025-07-14
SHIVAMAUTO, EQ, 14-Jul-2025,30.62,30.62,31.0,30.12,30.4,30.38,30.45,48964,14.91,537, 34317, 70.09,0.7008618576913651,2025-07-14
SHIVAMILLS, EQ, 14-Jul-2025,76.8,76.15,78.89,76.15,76.5,76.66,77.27,3849,2.97,581, 885, 22.99,0.2299298519095869,2025-07-14
SHIVATEX, EQ, 14-Jul-2025,207.76,209.0,211.99,202.3,202.3,205.06,205.84,3253,6.7,270, 2200, 67.63,0.6762988011066707,2025-07-14
SHK, EQ, 14-Jul-2025,228.81,229.9,230.25,225.7,230.0,229.46,228.0,139208,317.4,5459, 72612, 52.16,0.5216079535658871,2025-07-14
SHOPERSTOP, EQ, 14-Jul-2025,511.45,514.1,542.5,506.05,530.0,528.25,530.81,170076,902.78,12566, 71641, 42.12,0.4212293327688798,2025-07-14
SHRADHA, EQ, 14-Jul-2025,73.95,74.8,74.8,71.54,71.7,71.89,72.5,10026,7.27,334, 5682, 56.67,0.5667265110712149,2025-07-14
SHREDIGCEM, EQ, 14-Jul-2025,75.57,75.55,75.8,74.6,74.7,74.89,75.01,219160,164.39,4897, 145264, 66.28,0.66282168278883,2025-07-14
SHREECEM, EQ, 14-Jul-2025,31210.0,31210.0,31470.0,30895.0,31150.0,31100.0,31216.02,24794,7739.7,10896, 15129, 61.02,0.6101879486972654,2025-07-14
SHREEPUSHK, EQ, 14-Jul-2025,351.75,348.25,356.5,344.05,355.0,352.1,349.73,54542,190.75,3038, 22262, 40.82,0.4081625169594074,2025-07-14
SHREERAMA, EQ, 14-Jul-2025,43.07,44.0,44.0,42.31,42.62,42.77,42.87,113585,48.7,1483, 67117, 59.09,0.5908966853017564,2025-07-14
SHRENIK, EQ, 14-Jul-2025,0.58,0.58,0.59,0.57,0.59,0.58,0.58,845256,4.92,474, 644990, 76.31,0.7630705963637052,2025-07-14
SHREYANIND, BE, 14-Jul-2025,234.99,236.0,236.0,223.24,229.0,227.57,227.66,6138,13.97,154, -, -,,2025-07-14
SHRIPISTON, EQ, 14-Jul-2025,2407.5,2427.0,2427.0,2360.0,2370.0,2375.9,2378.37,44773,1064.87,9898, 23461, 52.40,0.5239988385857548,2025-07-14
SHRIRAMFIN, EQ, 14-Jul-2025,668.25,670.0,672.9,662.5,670.3,669.75,668.13,2832157,18922.44,97282, 1557770, 55.00,0.5500295357919777,2025-07-14
SHRIRAMPPS, EQ, 14-Jul-2025,96.14,96.0,96.65,94.0,96.0,96.22,95.29,957406,912.32,8427, 314755, 32.88,0.32875812351290884,2025-07-14
SHYAMCENT, BE, 14-Jul-2025,8.27,8.1,8.1,8.1,8.1,8.1,8.1,12861,1.04,65, -, -,,2025-07-14
SHYAMMETL, EQ, 14-Jul-2025,850.55,845.0,858.4,839.0,855.0,855.3,847.98,127506,1081.23,11383, 68966, 54.09,0.5408843505403668,2025-07-14
SHYAMTEL, BE, 14-Jul-2025,14.9,14.9,15.15,14.5,15.15,15.06,14.76,3238,0.48,37, -, -,,2025-07-14
SICALLOG, BE, 14-Jul-2025,118.97,124.0,124.0,115.01,122.9,122.27,120.32,751,0.9,23, -, -,,2025-07-14
SIEMENS, EQ, 14-Jul-2025,3117.7,3139.0,3164.0,3065.0,3150.0,3152.6,3123.09,588779,18388.08,52827, 220879, 37.51,0.3751475511185012,2025-07-14
SIGACHI, EQ, 14-Jul-2025,41.89,42.0,42.55,41.01,41.5,41.54,41.79,6436018,2689.81,15360, 1149642, 17.86,0.17862628724779825,2025-07-14
SIGIND, BE, 14-Jul-2025,63.66,63.0,63.45,61.6,62.01,62.06,62.17,7282,4.53,101, -, -,,2025-07-14
SIGMA, BE, 14-Jul-2025,376.9,384.4,384.4,369.0,372.0,369.25,371.47,3980,14.78,126, -, -,,2025-07-14
SIGNATURE, EQ, 14-Jul-2025,1255.2,1260.0,1272.9,1242.0,1255.0,1253.2,1251.05,235499,2946.22,5045, 12367, 5.25,0.05251402341411216,2025-07-14
SIGNPOST, EQ, 14-Jul-2025,262.86,259.0,262.0,244.58,249.0,246.63,251.08,283672,712.24,10211, 94625, 33.36,0.3335718717391917,2025-07-14
SIKKO, EQ, 14-Jul-2025,76.12,76.12,77.87,75.78,77.87,76.53,76.37,10591,8.09,300, 6173, 58.29,0.5828533660655273,2025-07-14
SIL, EQ, 14-Jul-2025,19.2,19.59,19.71,18.72,19.44,19.34,19.29,44856,8.65,550, 13931, 31.06,0.31057160691992153,2025-07-14
SILGO, BE, 14-Jul-2025,58.04,58.25,59.85,57.11,58.5,58.43,58.86,30074,17.7,168, -, -,,2025-07-14
SILINV, EQ, 14-Jul-2025,608.25,607.95,608.25,592.1,595.15,595.9,602.02,1945,11.71,263, 1567, 80.57,0.8056555269922879,2025-07-14
SILLYMONKS, EQ, 14-Jul-2025,18.21,18.84,19.42,18.1,18.64,18.65,18.98,186614,35.42,752, 104828, 56.17,0.561737061528074,2025-07-14
SILVER, EQ, 14-Jul-2025,110.9,108.12,114.84,108.12,114.45,114.71,114.29,737986,843.43,3506, 503277, 68.20,0.6819600913838474,2025-07-14
SILVER1, EQ, 14-Jul-2025,107.98,108.95,111.98,108.95,111.22,111.55,111.16,397645,442.03,1451, 272223, 68.46,0.68458801192018,2025-07-14
SILVER360, EQ, 14-Jul-2025,109.93,112.13,116.0,112.13,113.03,113.56,113.5,8488,9.63,121, 5738, 67.60,0.6760131950989633,2025-07-14
SILVERADD, EQ, 14-Jul-2025,107.47,110.15,111.14,108.5,110.75,110.75,110.6,1100325,1216.92,872, 1028455, 93.47,0.9346829345875083,2025-07-14
SILVERBEES, EQ, 14-Jul-2025,106.69,109.0,110.17,108.52,110.0,110.02,109.57,21780109,23863.65,46914, 12949184, 59.45,0.5945417444880556,2025-07-14
SILVERCASE, EQ, 14-Jul-2025,11.32,11.66,11.69,11.42,11.68,11.67,11.62,2813371,327.04,2598, 1887459, 67.09,0.6708887665366565,2025-07-14
SILVERETF, EQ, 14-Jul-2025,107.85,110.54,111.45,109.77,111.23,111.28,110.86,1124252,1246.3,2603, 536526, 47.72,0.47722930446198897,2025-07-14
SILVERIETF, EQ, 14-Jul-2025,111.16,113.98,114.66,113.11,114.46,114.55,114.15,3162268,3609.68,9401, 2446124, 77.35,0.7735346909243619,2025-07-14
SILVERTUC, EQ, 14-Jul-2025,723.25,726.9,739.0,712.1,718.0,721.4,719.77,4030,29.01,619, 2114, 52.46,0.5245657568238213,2025-07-14
SILVRETF, EQ, 14-Jul-2025,108.55,109.96,112.47,109.68,111.95,112.11,111.64,153534,171.4,509, 87366, 56.90,0.5690335691117276,2025-07-14
SIMBHALS, BE, 14-Jul-2025,17.31,16.95,17.54,16.8,17.19,17.05,16.91,7034,1.19,36, -, -,,2025-07-14
SIMPLEXINF, EQ, 14-Jul-2025,262.3,263.0,267.0,258.6,261.1,262.3,263.62,43124,113.68,1196, 26623, 61.74,0.6173592431128838,2025-07-14
SINCLAIR, EQ, 14-Jul-2025,95.6,94.65,95.73,91.95,92.8,92.93,93.37,87339,81.55,1179, 68656, 78.61,0.7860863989741124,2025-07-14
SINDHUTRAD, EQ, 14-Jul-2025,31.25,31.06,33.37,30.81,32.86,32.91,32.58,3102982,1010.81,9340, 1101852, 35.51,0.35509455098353776,2025-07-14
SINTERCOM, EQ, 14-Jul-2025,126.21,131.79,135.0,125.0,127.1,127.64,131.02,28758,37.68,482, 19296, 67.10,0.6709785103275611,2025-07-14
SIRCA, EQ, 14-Jul-2025,424.6,428.4,428.8,415.0,417.4,418.3,421.02,847500,3568.17,12051, 343372, 40.52,0.40515870206489674,2025-07-14
SIS, EQ, 14-Jul-2025,370.15,369.0,374.3,369.0,373.15,372.9,372.23,49972,186.01,4954, 33015, 66.07,0.6606699751861043,2025-07-14
SITINET, BZ, 14-Jul-2025,0.51,0.51,0.52,0.49,0.5,0.5,0.5,419850,2.1,265, -, -,,2025-07-14
SIYSIL, EQ, 14-Jul-2025,720.45,716.15,728.0,713.1,725.0,722.2,720.25,63347,456.26,5863, 23383, 36.91,0.36912560973684627,2025-07-14
SJS, EQ, 14-Jul-2025,1215.1,1211.4,1239.0,1194.0,1221.5,1210.1,1210.78,156866,1899.3,19376, 88552, 56.45,0.5645072864738057,2025-07-14
SJVN, EQ, 14-Jul-2025,97.83,98.11,98.84,96.91,98.44,98.31,98.25,4188949,4115.48,25308, 1415534, 33.79,0.33792103938243223,2025-07-14
SKFINDIA, EQ, 14-Jul-2025,4858.4,4842.1,4874.6,4807.5,4831.2,4841.6,4839.72,39141,1894.32,7499, 27131, 69.32,0.6931606244091872,2025-07-14
SKIL, BZ, 14-Jul-2025,2.43,2.3,2.55,2.3,2.3,2.3,2.34,135882,3.18,107, -, -,,2025-07-14
SKIPPER, EQ, 14-Jul-2025,479.3,479.3,479.4,472.0,475.9,475.2,475.53,163746,778.67,8544, 81390, 49.71,0.497050309625884,2025-07-14
SKMEGGPROD, BE, 14-Jul-2025,290.6,305.0,305.1,300.0,305.1,305.1,304.8,194046,591.45,1711, -, -,,2025-07-14
SKYGOLD, EQ, 14-Jul-2025,316.9,318.65,324.9,315.0,323.3,323.45,319.84,426264,1363.35,6014, 269722, 63.28,0.6327581029596682,2025-07-14
SMALLCAP, EQ, 14-Jul-2025,47.62,47.93,48.1,47.38,47.97,48.06,47.77,1306996,624.32,3058, 763785, 58.44,0.5843820486061166,2025-07-14
SMARTLINK, EQ, 14-Jul-2025,153.8,153.0,157.59,153.0,154.59,155.07,155.19,3496,5.43,321, 1709, 48.88,0.48884439359267734,2025-07-14
SMCGLOBAL, EQ, 14-Jul-2025,152.91,152.8,152.8,148.0,150.6,150.33,150.07,130007,195.1,2578, 59634, 45.87,0.458698377779658,2025-07-14
SMLISUZU, EQ, 14-Jul-2025,3010.6,3010.6,3250.0,2991.9,3218.0,3225.0,3155.89,384734,12141.78,24643, 87598, 22.77,0.2276845820748881,2025-07-14
SMLT, EQ, 14-Jul-2025,123.0,123.33,123.99,122.21,123.5,123.02,122.95,5389,6.63,238, 3906, 72.48,0.7248097977361292,2025-07-14
SMSLIFE, EQ, 14-Jul-2025,1157.1,1150.1,1193.8,1145.0,1147.4,1149.1,1160.38,461,5.35,168, 278, 60.30,0.6030368763557483,2025-07-14
SMSPHARMA, EQ, 14-Jul-2025,237.15,238.6,238.6,234.0,237.4,237.3,236.61,30628,72.47,1529, 15327, 50.04,0.5004244482173175,2025-07-14
SNOWMAN, EQ, 14-Jul-2025,59.67,59.1,59.79,58.6,59.45,59.26,59.09,261736,154.65,1722, 119991, 45.84,0.45844285845279215,2025-07-14
SNXT30BEES, EQ, 14-Jul-2025,38.79,39.18,39.18,38.67,38.88,38.85,38.79,4285,1.66,115, 4262, 99.46,0.99463243873979,2025-07-14
SOBHA, EQ, 14-Jul-2025,1499.9,1496.0,1563.0,1493.0,1546.0,1544.9,1531.13,650986,9967.43,49811, 294953, 45.31,0.4530865487122611,2025-07-14
SOFTTECH, EQ, 14-Jul-2025,401.3,398.0,407.75,391.15,393.55,397.5,398.78,14752,58.83,2003, 5866, 39.76,0.3976409978308026,2025-07-14
SOLARA, EQ, 14-Jul-2025,664.85,663.0,676.5,650.55,671.0,673.45,664.73,233110,1549.55,19401, 66160, 28.38,0.28381450817210757,2025-07-14
SOLARINDS, EQ, 14-Jul-2025,15420.0,15400.0,15464.0,15168.0,15192.0,15213.0,15271.04,173999,26571.46,32676, 103293, 59.36,0.5936413427663377,2025-07-14
SOMANYCERA, EQ, 14-Jul-2025,563.75,569.6,571.0,561.2,562.25,563.0,564.97,11119,62.82,1414, 5100, 45.87,0.4586743412177354,2025-07-14
SOMATEX, EQ, 14-Jul-2025,64.66,71.12,71.12,71.12,71.12,71.12,71.12,65507,46.59,279, 65507, 100.00,1.0,2025-07-14
SOMICONVEY, EQ, 14-Jul-2025,157.39,157.6,158.48,153.05,154.72,155.13,155.91,4160,6.49,307, 2881, 69.25,0.692548076923077,2025-07-14
SONACOMS, EQ, 14-Jul-2025,447.15,470.0,470.0,445.5,453.5,452.25,451.89,3282577,14833.62,37340, 870825, 26.53,0.2652869985989666,2025-07-14
SONAMLTD, EQ, 14-Jul-2025,48.65,49.0,52.2,48.11,52.18,51.52,50.42,119702,60.35,974, 79879, 66.73,0.6673155001587275,2025-07-14
SONATSOFTW, EQ, 14-Jul-2025,430.05,430.4,434.15,425.05,433.0,432.9,430.24,667289,2870.94,20747, 216874, 32.50,0.3250076054003588,2025-07-14
SOTL, EQ, 14-Jul-2025,427.25,425.2,428.25,417.6,419.0,418.4,421.82,26143,110.28,1769, 16519, 63.19,0.6318708640936388,2025-07-14
SOUTHBANK, EQ, 14-Jul-2025,30.0,30.05,30.4,29.83,30.25,30.19,30.15,7246042,2184.76,27017, 3508654, 48.42,0.4842166247449297,2025-07-14
SOUTHWEST, BE, 14-Jul-2025,148.68,144.96,152.0,144.96,151.4,150.37,150.23,15846,23.8,125, -, -,,2025-07-14
SPAL, EQ, 14-Jul-2025,842.0,826.55,826.55,791.0,799.25,797.9,805.06,104250,839.28,10716, 46516, 44.62,0.4461966426858513,2025-07-14
SPANDANA, EQ, 14-Jul-2025,280.35,281.55,298.25,276.0,295.3,294.7,291.36,900503,2623.73,19133, 294033, 32.65,0.32652084446137325,2025-07-14
SPARC, EQ, 14-Jul-2025,159.34,159.15,163.15,158.01,160.95,161.21,161.06,522811,842.05,13988, 220616, 42.20,0.4219804097465432,2025-07-14
SPCENET, BE, 14-Jul-2025,7.97,7.97,7.97,7.97,7.97,7.97,7.97,180163,14.36,126, -, -,,2025-07-14
SPECIALITY, EQ, 14-Jul-2025,129.62,129.0,131.1,128.12,129.26,130.12,129.73,20475,26.56,839, 12595, 61.51,0.6151404151404152,2025-07-14
SPECTRUM, EQ, 14-Jul-2025,1562.6,1562.6,1627.9,1509.9,1600.0,1603.6,1584.23,5929,93.93,1005, 2985, 50.35,0.5034575813796593,2025-07-14
SPENCERS, EQ, 14-Jul-2025,61.65,61.7,61.9,60.7,61.2,61.54,61.32,104533,64.1,1053, 57899, 55.39,0.553882506002889,2025-07-14
SPIC, EQ, 14-Jul-2025,83.98,83.61,85.12,83.61,84.01,84.17,84.27,452371,381.23,3393, 225715, 49.90,0.49895992448675974,2025-07-14
SPLIL, BE, 14-Jul-2025,41.0,41.0,41.06,41.0,41.06,41.06,41.0,309,0.13,11, -, -,,2025-07-14
SPLPETRO, EQ, 14-Jul-2025,812.45,816.9,819.15,801.0,810.1,807.3,807.89,13058,105.49,1644, 5022, 38.46,0.3845918211058355,2025-07-14
SPMLINFRA, EQ, 14-Jul-2025,277.59,278.5,283.8,258.35,262.8,261.32,267.41,910410,2434.51,16549, 358138, 39.34,0.39338100416295957,2025-07-14
SPORTKING, EQ, 14-Jul-2025,115.33,115.3,118.34,113.51,115.25,116.2,115.89,240761,279.03,4046, 97084, 40.32,0.40323806596583334,2025-07-14
SRD, EQ, 14-Jul-2025,78.59,78.99,79.3,77.39,79.0,78.34,78.27,362792,283.94,1338, 35791, 9.87,0.09865432534344748,2025-07-14
SREEL, EQ, 14-Jul-2025,250.8,246.55,252.2,246.55,250.0,249.6,249.75,3473,8.67,365, 2248, 64.73,0.6472790095018716,2025-07-14
SRF, EQ, 14-Jul-2025,3182.5,3179.0,3204.8,3136.1,3158.6,3169.4,3168.5,317199,10050.46,31983, 183534, 57.86,0.5786083814892229,2025-07-14
SRGHFL, EQ, 14-Jul-2025,315.45,318.0,318.0,313.5,318.0,316.95,315.14,137,0.43,30, 112, 81.75,0.8175182481751825,2025-07-14
SRHHYPOLTD, EQ, 14-Jul-2025,677.5,680.75,682.75,662.0,662.05,666.5,669.89,37479,251.07,2600, 15986, 42.65,0.4265321913604952,2025-07-14
SRM, EQ, 14-Jul-2025,478.75,478.0,483.35,457.4,482.45,474.7,468.43,113718,532.69,7441, 45618, 40.12,0.4011502136864876,2025-07-14
SRPL, BZ, 14-Jul-2025,0.58,0.59,0.59,0.59,0.59,0.59,0.59,208836,1.23,60, -, -,,2025-07-14
SSDL, EQ, 14-Jul-2025,95.93,97.94,97.94,95.01,96.0,95.98,95.86,22639,21.7,779, 13937, 61.56,0.6156190644463094,2025-07-14
SSWL, EQ, 14-Jul-2025,248.2,248.2,248.45,241.05,242.1,242.45,244.4,157780,385.62,5878, 79929, 50.66,0.5065851185194574,2025-07-14
STALLION, BE, 14-Jul-2025,94.57,94.9,96.5,93.2,96.0,95.96,95.61,269895,258.06,1561, -, -,,2025-07-14
STANLEY, EQ, 14-Jul-2025,338.95,339.0,340.65,331.95,335.0,334.6,334.63,41036,137.32,1655, 22593, 55.06,0.550565357247295,2025-07-14
STAR, EQ, 14-Jul-2025,887.8,890.0,924.7,868.85,911.8,910.0,903.82,787706,7119.41,34958, 260174, 33.03,0.3302932820113088,2025-07-14
STARCEMENT, EQ, 14-Jul-2025,211.34,211.4,211.99,209.81,210.05,210.49,210.69,64126,135.11,2006, 34372, 53.60,0.5360072357546081,2025-07-14
STARHEALTH, EQ, 14-Jul-2025,424.8,423.95,425.6,419.5,420.6,422.2,421.98,277253,1169.95,17381, 152406, 54.97,0.5497000934164824,2025-07-14
STARPAPER, EQ, 14-Jul-2025,178.37,178.41,180.0,172.81,176.2,177.85,177.17,12099,21.44,523, 6188, 51.14,0.5114472270435573,2025-07-14
STARTECK, EQ, 14-Jul-2025,304.0,310.0,312.8,290.0,300.0,302.95,302.73,23252,70.39,901, 7961, 34.24,0.34237915018062964,2025-07-14
STCINDIA, BE, 14-Jul-2025,140.73,140.0,141.9,137.12,140.0,137.55,139.13,13535,18.83,151, -, -,,2025-07-14
STEELCAS, EQ, 14-Jul-2025,1188.6,1188.6,1210.0,1160.1,1163.5,1170.6,1179.0,15879,187.21,3789, 6375, 40.15,0.4014736444360476,2025-07-14
STEELCITY, EQ, 14-Jul-2025,107.62,108.0,108.79,106.6,108.52,107.96,108.1,12646,13.67,325, 4501, 35.59,0.35592282144551635,2025-07-14
STEELXIND, EQ, 14-Jul-2025,10.76,10.77,10.99,10.5,10.75,10.87,10.75,4636647,498.5,6116, 2214351, 47.76,0.47757592932996623,2025-07-14
STEL, EQ, 14-Jul-2025,415.4,416.8,419.9,409.1,409.4,411.5,410.78,7335,30.13,532, 5734, 78.17,0.7817314246762099,2025-07-14
STERTOOLS, EQ, 14-Jul-2025,356.0,358.6,361.0,355.4,358.9,358.25,358.02,74676,267.35,3391, 26543, 35.54,0.3554421768707483,2025-07-14
STLTECH, EQ, 14-Jul-2025,102.89,102.92,104.89,100.15,104.6,103.9,102.7,2167786,2226.25,14558, 644487, 29.73,0.2973019477014798,2025-07-14
STOVEKRAFT, EQ, 14-Jul-2025,582.55,582.5,596.85,576.65,590.0,591.9,589.0,66309,390.56,3969, 32395, 48.85,0.4885460495558672,2025-07-14
STYLAMIND, EQ, 14-Jul-2025,1656.5,1650.0,1696.4,1648.6,1682.0,1684.4,1676.48,33601,563.31,4964, 19263, 57.33,0.5732865093300794,2025-07-14
STYLEBAAZA, EQ, 14-Jul-2025,287.25,284.35,289.4,284.25,286.5,287.8,286.64,74733,214.21,3586, 24852, 33.25,0.332543856127815,2025-07-14
STYRENIX, EQ, 14-Jul-2025,3196.6,3196.6,3251.0,3174.0,3215.0,3205.1,3216.45,33551,1079.15,5596, 18954, 56.49,0.5649310005663021,2025-07-14
SUBEXLTD, BE, 14-Jul-2025,14.3,14.4,14.4,14.1,14.2,14.16,14.27,481963,68.78,928, -, -,,2025-07-14
SUBROS, EQ, 14-Jul-2025,925.65,925.0,934.5,905.1,909.85,912.4,918.64,114522,1052.04,9283, 45094, 39.38,0.3937584044986989,2025-07-14
SUDARSCHEM, EQ, 14-Jul-2025,1220.5,1208.9,1250.0,1203.4,1243.0,1245.8,1237.23,69616,861.31,7795, 30828, 44.28,0.44282923465869917,2025-07-14
SUKHJITS, EQ, 14-Jul-2025,176.2,177.9,182.55,177.0,177.0,177.58,179.14,23144,41.46,823, 12976, 56.07,0.5606636709298306,2025-07-14
SULA, EQ, 14-Jul-2025,299.6,294.15,299.5,291.55,298.5,297.95,294.85,495877,1462.11,12674, 150166, 30.28,0.30282912899771514,2025-07-14
SUMEETINDS, BE, 14-Jul-2025,133.91,140.6,140.6,140.6,140.6,140.6,140.6,39792,55.95,157, -, -,,2025-07-14
SUMICHEM, EQ, 14-Jul-2025,542.6,542.45,546.25,532.95,543.4,542.45,540.26,195634,1056.94,12588, 90955, 46.49,0.46492429741251523,2025-07-14
SUMIT, EQ, 14-Jul-2025,93.63,94.0,95.01,92.0,93.95,93.82,93.62,48340,45.26,1568, 26907, 55.66,0.5566197765825404,2025-07-14
SUMMITSEC, EQ, 14-Jul-2025,2069.3,2069.3,2090.0,2030.4,2085.0,2068.2,2058.22,4457,91.73,1270, 2099, 47.09,0.47094458155710117,2025-07-14
SUNCLAY, EQ, 14-Jul-2025,2015.7,2000.7,2029.9,1995.2,2008.0,2015.3,2014.39,2654,53.46,552, 1573, 59.27,0.5926902788244159,2025-07-14
SUNDARAM, EQ, 14-Jul-2025,2.2,2.19,2.23,2.17,2.19,2.18,2.2,296972,6.53,509, 219995, 74.08,0.7407937448648357,2025-07-14
SUNDARMFIN, EQ, 14-Jul-2025,4991.0,4975.0,5084.0,4975.0,5032.5,5046.0,5037.3,50966,2567.31,12568, 29892, 58.65,0.5865086528273751,2025-07-14
SUNDARMHLD, EQ, 14-Jul-2025,492.9,487.4,493.35,478.15,481.55,480.0,484.7,88201,427.51,5848, 48869, 55.41,0.5540640128796726,2025-07-14
SUNDRMBRAK, EQ, 14-Jul-2025,765.45,765.45,783.9,760.1,772.25,775.3,773.6,1126,8.71,261, 816, 72.47,0.7246891651865008,2025-07-14
SUNDRMFAST, EQ, 14-Jul-2025,1030.1,1030.1,1049.9,1015.5,1030.2,1034.7,1023.17,297988,3048.93,12833, 209609, 70.34,0.7034142314455616,2025-07-14
SUNDROP, EQ, 14-Jul-2025,873.65,878.05,882.0,860.2,863.8,861.1,866.02,4556,39.46,773, 2745, 60.25,0.6025021949078139,2025-07-14
SUNFLAG, EQ, 14-Jul-2025,302.15,301.5,301.5,294.05,295.1,295.15,296.83,273533,811.92,5625, 144252, 52.74,0.5273659850913783,2025-07-14
SUNPHARMA, EQ, 14-Jul-2025,1672.0,1680.4,1696.9,1675.5,1681.7,1682.6,1686.39,1309704,22086.73,51067, 674525, 51.50,0.5150209512989194,2025-07-14
SUNTECK, EQ, 14-Jul-2025,438.85,441.85,441.95,433.55,441.95,439.85,437.45,103187,451.39,4460, 45119, 43.73,0.4372546929361257,2025-07-14
SUNTV, EQ, 14-Jul-2025,566.5,567.05,574.25,561.6,572.0,572.7,569.82,314423,1791.63,13348, 187817, 59.73,0.5973386170859002,2025-07-14
SUPERHOUSE, EQ, 14-Jul-2025,174.37,174.37,174.37,165.25,168.05,169.03,169.63,8907,15.11,515, 5593, 62.79,0.6279330863365892,2025-07-14
SUPERSPIN, EQ, 14-Jul-2025,10.4,10.47,10.87,10.15,10.25,10.19,10.43,406725,42.41,1861, 119207, 29.31,0.2930899256254226,2025-07-14
SUPRAJIT, EQ, 14-Jul-2025,447.95,447.95,471.7,444.0,469.85,469.45,464.91,222553,1034.67,10200, 127813, 57.43,0.5743036490184361,2025-07-14
SUPREME, EQ, 14-Jul-2025,74.15,73.52,74.86,73.0,73.5,73.89,73.71,24031,17.71,678, 10934, 45.50,0.4549956306437518,2025-07-14
SUPREMEENG, BE, 14-Jul-2025,1.67,1.58,1.58,1.58,1.58,1.58,1.58,19480,0.31,61, -, -,,2025-07-14
SUPREMEIND, EQ, 14-Jul-2025,4114.2,4080.0,4129.9,4060.8,4112.4,4112.0,4098.65,263406,10796.08,28455, 164772, 62.55,0.6255438372702217,2025-07-14
SUPREMEINF, BZ, 14-Jul-2025,117.81,112.29,122.7,112.29,120.99,118.62,117.46,11919,14.0,101, -, -,,2025-07-14
SUPRIYA, EQ, 14-Jul-2025,687.65,690.0,717.9,680.1,717.85,714.85,703.87,230011,1618.98,13367, 110022, 47.83,0.47833364491263464,2025-07-14
SURAJEST, EQ, 14-Jul-2025,319.4,320.0,323.8,310.4,316.5,313.8,314.89,210269,662.12,6604, 100810, 47.94,0.4794334875801949,2025-07-14
SURAJLTD, EQ, 14-Jul-2025,374.4,375.55,375.55,370.05,370.05,370.35,371.85,739,2.75,118, 436, 59.00,0.5899864682002707,2025-07-14
SURAKSHA, EQ, 14-Jul-2025,317.15,316.3,320.4,311.15,312.25,312.95,315.02,37610,118.48,2005, 18533, 49.28,0.4927678808827439,2025-07-14
SURANASOL, EQ, 14-Jul-2025,34.23,34.5,34.5,33.08,33.66,33.63,33.56,188732,63.34,2365, 98407, 52.14,0.5214113133967743,2025-07-14
SURANAT&P, EQ, 14-Jul-2025,18.77,18.78,19.09,18.6,18.7,18.65,18.75,55394,10.39,767, 36672, 66.20,0.6620211575260858,2025-07-14
SURYALAXMI, EQ, 14-Jul-2025,73.96,74.32,74.99,72.7,72.7,72.79,73.4,11369,8.34,464, 5995, 52.73,0.5273111091564782,2025-07-14
SURYAROSNI, EQ, 14-Jul-2025,327.1,326.0,326.95,315.35,317.0,316.35,318.61,431850,1375.92,19045, 240087, 55.59,0.5559499826328587,2025-07-14
SURYODAY, EQ, 14-Jul-2025,135.7,134.65,136.0,133.7,135.12,135.32,134.54,103238,138.9,2033, 43538, 42.17,0.42172455878649334,2025-07-14
SUTLEJTEX, EQ, 14-Jul-2025,45.69,46.5,51.7,46.26,48.0,48.5,48.28,565013,272.79,6232, 224293, 39.70,0.39696962724751467,2025-07-14
SUULD, BZ, 14-Jul-2025,2.59,2.46,2.53,2.46,2.5,2.48,2.46,259233,6.39,247, -, -,,2025-07-14
SUVEN, BE, 14-Jul-2025,276.63,284.8,290.46,278.0,288.0,289.48,287.78,494279,1422.44,3312, -, -,,2025-07-14
SUVIDHAA, EQ, 14-Jul-2025,4.02,4.26,4.82,4.26,4.82,4.82,4.75,5745823,272.98,4835, 1870198, 32.55,0.3254882720891333,2025-07-14
SUYOG, BE, 14-Jul-2025,857.2,857.2,857.2,850.0,850.0,850.0,853.96,2923,24.96,61, -, -,,2025-07-14
SUZLON, EQ, 14-Jul-2025,65.92,66.22,66.44,65.26,65.47,65.44,65.7,37954638,24934.75,102055, 17244135, 45.43,0.454335383201389,2025-07-14
SVLL, BE, 14-Jul-2025,701.6,698.1,706.5,686.2,706.0,706.0,695.82,709,4.93,30, -, -,,2025-07-14
SVPGLOB, EQ, 14-Jul-2025,3.14,3.2,3.27,3.1,3.22,3.2,3.19,77046,2.46,201, 58087, 75.39,0.7539262258910261,2025-07-14
SWANDEF, BE, 14-Jul-2025,277.79,291.67,291.67,291.67,291.67,291.67,291.67,395,1.15,66, -, -,,2025-07-14
SWANENERGY, EQ, 14-Jul-2025,453.85,451.45,459.5,448.0,450.9,450.95,453.23,1094100,4958.8,20919, 380974, 34.82,0.3482076592633215,2025-07-14
SWARAJENG, EQ, 14-Jul-2025,4098.4,4110.0,4188.3,4074.3,4179.0,4171.3,4134.81,34683,1434.08,9090, 12368, 35.66,0.3566012167344232,2025-07-14
SWELECTES, EQ, 14-Jul-2025,601.4,605.0,608.95,581.4,588.0,589.65,591.51,7235,42.8,388, 5269, 72.83,0.7282653766413268,2025-07-14
SWIGGY, EQ, 14-Jul-2025,385.1,384.5,394.7,380.4,393.0,393.05,389.42,12695624,49439.24,114519, 6836058, 53.85,0.5384578182214597,2025-07-14
SWSOLAR, EQ, 14-Jul-2025,329.65,331.0,338.0,326.85,335.5,334.55,333.51,3045177,10156.04,73635, 1028859, 33.79,0.33786508961548045,2025-07-14
SYMPHONY, EQ, 14-Jul-2025,1149.3,1155.0,1155.1,1134.6,1155.0,1146.6,1142.89,30361,346.99,5542, 13246, 43.63,0.4362833898751688,2025-07-14
SYNCOMF, BE, 14-Jul-2025,18.8,18.86,19.1,18.5,19.0,19.02,18.73,1131709,211.97,3174, -, -,,2025-07-14
SYNGENE, EQ, 14-Jul-2025,626.15,625.0,645.65,620.7,641.8,636.3,634.4,1489769,9451.07,34788, 1119032, 75.11,0.7511446405449436,2025-07-14
SYRMA, EQ, 14-Jul-2025,678.45,679.8,700.25,668.0,682.0,681.45,678.13,1731378,11740.92,45548, 360324, 20.81,0.2081139993692885,2025-07-14
TAINWALCHM, EQ, 14-Jul-2025,207.92,214.9,214.9,207.0,207.0,207.1,210.08,2159,4.54,254, 566, 26.22,0.26215840666975454,2025-07-14
TAJGVK, EQ, 14-Jul-2025,410.65,410.65,418.95,406.0,412.7,414.0,413.79,176042,728.44,5677, 83254, 47.29,0.4729212347053544,2025-07-14
TAKE, BE, 14-Jul-2025,10.19,9.98,9.98,9.98,9.98,9.98,9.98,15797,1.58,92, -, -,,2025-07-14
TALBROAUTO, EQ, 14-Jul-2025,293.25,291.4,294.7,285.65,287.55,287.75,287.79,80582,231.91,2945, 44067, 54.69,0.546859100047157,2025-07-14
TANLA, EQ, 14-Jul-2025,632.1,632.35,637.5,630.85,633.5,634.95,634.23,191108,1212.07,10189, 94865, 49.64,0.49639470875107267,2025-07-14
TARACHAND, EQ, 14-Jul-2025,71.11,71.1,76.85,71.1,75.8,75.17,74.89,490312,367.19,4772, 258552, 52.73,0.5273213790402845,2025-07-14
TARAPUR, BE, 14-Jul-2025,28.31,28.27,28.27,27.74,27.74,27.74,27.97,5977,1.67,54, -, -,,2025-07-14
TARC, EQ, 14-Jul-2025,201.92,201.0,203.04,195.45,200.0,201.24,199.38,928436,1851.12,15028, 436976, 47.07,0.47065818214718086,2025-07-14
TARIL, EQ, 14-Jul-2025,500.65,499.75,514.9,496.45,509.4,507.95,505.4,814726,4117.62,19851, 479480, 58.85,0.588516875612169,2025-07-14
TARMAT, EQ, 14-Jul-2025,62.28,62.6,63.9,60.52,61.42,61.55,62.08,168028,104.31,3172, 86109, 51.25,0.51246816006856,2025-07-14
TARSONS, EQ, 14-Jul-2025,381.45,377.65,386.15,376.7,383.85,384.4,383.85,16102,61.81,1270, 9198, 57.12,0.5712333871568749,2025-07-14
TASTYBITE, EQ, 14-Jul-2025,11056.0,11056.0,11149.0,10860.0,11017.0,11045.0,11024.46,1482,163.38,903, 413, 27.87,0.2786774628879892,2025-07-14
TATACHEM, EQ, 14-Jul-2025,906.3,910.8,925.65,903.2,924.0,923.95,918.58,460697,4231.87,19297, 153392, 33.30,0.3329563682854457,2025-07-14
TATACOMM, EQ, 14-Jul-2025,1711.8,1718.0,1719.0,1700.1,1709.5,1713.4,1711.27,519669,8892.95,31139, 314683, 60.55,0.6055450681106628,2025-07-14
TATACONSUM, EQ, 14-Jul-2025,1076.8,1076.8,1083.5,1070.0,1071.0,1071.8,1074.86,770739,8284.36,52338, 475866, 61.74,0.6174152339507927,2025-07-14
TATAELXSI, EQ, 14-Jul-2025,6066.0,6026.0,6202.5,6002.0,6179.5,6179.0,6124.19,423728,25949.91,46514, 76047, 17.95,0.179471264584828,2025-07-14
TATAGOLD, EQ, 14-Jul-2025,9.53,9.65,9.73,9.29,9.62,9.61,9.6,11913156,1143.75,44946, 8695878, 72.99,0.7299390690426617,2025-07-14
TATAINVEST, EQ, 14-Jul-2025,6605.5,6590.0,6631.0,6502.5,6540.0,6541.0,6563.55,14493,951.26,3983, 6170, 42.57,0.4257227627130339,2025-07-14
TATAMOTORS, EQ, 14-Jul-2025,681.8,681.0,681.0,672.0,674.8,674.5,676.24,7748550,52398.78,181930, 4377029, 56.49,0.5648836233876016,2025-07-14
TATAPOWER, EQ, 14-Jul-2025,396.85,396.85,403.15,395.5,402.0,402.55,401.06,4074490,16341.05,55287, 1855044, 45.53,0.4552825016136989,2025-07-14
TATASTEEL, EQ, 14-Jul-2025,159.84,159.84,161.12,159.3,160.25,160.44,160.23,15152964,24279.13,146442, 7413714, 48.93,0.4892583391605761,2025-07-14
TATATECH, EQ, 14-Jul-2025,708.8,708.4,722.7,702.0,713.9,716.8,711.98,1716880,12223.84,43200, 515252, 30.01,0.3001095009552211,2025-07-14
TATSILV, EQ, 14-Jul-2025,10.82,10.83,11.23,10.83,11.18,11.18,11.12,5961966,663.19,12713, 4162616, 69.82,0.6981951926596025,2025-07-14
TATVA, EQ, 14-Jul-2025,952.95,952.95,955.65,924.2,933.8,931.75,935.49,30437,284.73,4096, 14121, 46.39,0.4639419128034957,2025-07-14
TBOTEK, EQ, 14-Jul-2025,1325.3,1320.0,1359.8,1310.9,1353.0,1347.4,1340.97,184462,2473.57,14753, 126999, 68.85,0.6884832648458761,2025-07-14
TBZ, EQ, 14-Jul-2025,189.56,188.1,192.75,187.6,188.4,188.72,189.88,105372,200.08,3276, 43255, 41.05,0.4104980450214478,2025-07-14
TCI, EQ, 14-Jul-2025,1240.6,1246.6,1253.7,1214.7,1242.0,1231.3,1231.64,25039,308.39,5073, 10715, 42.79,0.4279324254163505,2025-07-14
TCIEXP, EQ, 14-Jul-2025,742.15,745.9,748.45,731.55,732.0,735.55,741.28,11661,86.44,1621, 6908, 59.24,0.592402023840151,2025-07-14
TCIFINANCE, BE, 14-Jul-2025,15.09,15.0,15.84,14.6,15.47,15.14,15.12,53446,8.08,182, -, -,,2025-07-14
TCPLPACK, EQ, 14-Jul-2025,3727.0,3754.9,3770.7,3697.5,3750.0,3752.2,3746.23,4367,163.6,1460, 2502, 57.29,0.5729333638653538,2025-07-14
TCS, EQ, 14-Jul-2025,3266.0,3266.0,3272.0,3200.0,3227.5,3222.7,3224.72,3924009,126538.12,396894, 2760493, 70.35,0.7034879379736387,2025-07-14
TDPOWERSYS, EQ, 14-Jul-2025,487.95,489.95,496.0,484.2,496.0,494.3,492.07,516375,2540.9,27531, 203899, 39.49,0.3948661341079642,2025-07-14
TEAMLEASE, EQ, 14-Jul-2025,1948.6,1940.0,1968.0,1927.0,1950.0,1944.2,1938.34,11549,223.86,4105, 6068, 52.54,0.5254134557104512,2025-07-14
TECH, EQ, 14-Jul-2025,40.1,40.9,40.9,39.35,39.77,39.5,39.44,2408694,950.04,1196, 2382068, 98.89,0.9889458768942838,2025-07-14
TECHM, EQ, 14-Jul-2025,1602.5,1598.0,1598.0,1564.1,1575.0,1576.7,1578.01,2068336,32638.58,80250, 1274719, 61.63,0.6163017033982873,2025-07-14
TECHNOE, EQ, 14-Jul-2025,1598.2,1589.1,1589.1,1511.2,1542.0,1544.0,1538.51,500637,7702.37,39568, 187596, 37.47,0.37471461358229613,2025-07-14
TECILCHEM, EQ, 14-Jul-2025,14.75,15.48,15.48,15.48,15.48,15.48,15.48,2634,0.41,14, 2634, 100.00,1.0,2025-07-14
TEGA, EQ, 14-Jul-2025,1693.9,1690.1,1804.0,1690.0,1773.0,1772.8,1779.41,499557,8889.19,41343, 218292, 43.70,0.43697115644460993,2025-07-14
TEJASNET, EQ, 14-Jul-2025,693.65,693.7,703.8,688.0,703.8,698.4,696.18,555786,3869.28,18642, 209408, 37.68,0.3767781124389603,2025-07-14
TEMBO, BE, 14-Jul-2025,504.0,504.0,514.05,504.0,514.05,514.05,512.29,26709,136.83,225, -, -,,2025-07-14
TERASOFT, BE, 14-Jul-2025,306.4,314.05,314.05,292.05,310.0,302.05,298.62,17284,51.61,339, -, -,,2025-07-14
TEXINFRA, EQ, 14-Jul-2025,101.42,101.8,102.04,100.32,101.35,101.31,101.23,54971,55.65,1175, 31977, 58.17,0.581706718087719,2025-07-14
TEXMOPIPES, EQ, 14-Jul-2025,65.01,65.0,65.21,63.91,63.99,64.08,64.36,31378,20.2,532, 20407, 65.04,0.6503601249282938,2025-07-14
TEXRAIL, EQ, 14-Jul-2025,163.99,163.99,164.49,159.16,159.97,159.76,161.04,2251884,3626.37,22746, 1128468, 50.11,0.501121727406918,2025-07-14
TFCILTD, EQ, 14-Jul-2025,285.38,286.4,294.25,286.39,291.0,289.03,289.99,2611754,7573.79,24570, 1140583, 43.67,0.43671149733091247,2025-07-14
TFL, BE, 14-Jul-2025,19.42,20.38,20.38,18.61,18.75,18.75,19.19,2365,0.45,29, -, -,,2025-07-14
TGBHOTELS, EQ, 14-Jul-2025,11.9,12.5,12.5,11.84,11.91,12.01,12.07,16180,1.95,197, 10151, 62.74,0.6273794808405438,2025-07-14
THANGAMAYL, EQ, 14-Jul-2025,1923.6,1929.0,1930.7,1886.7,1921.3,1914.5,1896.09,56360,1068.64,4063, 45116, 80.05,0.8004968062455642,2025-07-14
THEINVEST, EQ, 14-Jul-2025,146.88,146.92,150.35,146.54,150.0,149.49,148.16,7904,11.71,290, 6021, 76.18,0.7617661943319838,2025-07-14
THEJO, EQ, 14-Jul-2025,2238.9,2261.3,2261.3,2161.0,2200.0,2201.0,2200.2,7828,172.23,2001, 4362, 55.72,0.557230454777721,2025-07-14
THELEELA, EQ, 14-Jul-2025,434.85,436.95,439.4,430.0,436.05,436.15,435.63,394487,1718.49,12778, 220954, 56.01,0.5601046422315564,2025-07-14
THEMISMED, EQ, 14-Jul-2025,123.82,124.9,126.27,122.12,125.14,125.45,124.67,89265,111.29,2280, 37597, 42.12,0.4211841147146138,2025-07-14
THERMAX, EQ, 14-Jul-2025,3465.0,3430.4,3474.8,3420.0,3440.0,3444.2,3446.93,63493,2188.56,10274, 37089, 58.41,0.5841431338887751,2025-07-14
THOMASCOOK, EQ, 14-Jul-2025,162.87,163.0,167.6,162.01,165.0,164.77,165.19,1984278,3277.9,21252, 727816, 36.68,0.3667913467770141,2025-07-14
THOMASCOTT, BE, 14-Jul-2025,366.65,373.0,373.0,360.0,369.0,366.3,368.26,8969,33.03,209, -, -,,2025-07-14
THYROCARE, EQ, 14-Jul-2025,1085.45,1085.95,1177.75,1085.95,1162.9,1161.45,1144.09,410425,4695.61,32694, 149805, 36.50,0.3649996954376561,2025-07-14
TI, EQ, 14-Jul-2025,338.3,339.0,350.4,337.25,342.3,341.35,344.1,1021170,3513.89,21323, 320018, 31.34,0.3133836677536551,2025-07-14
TICL, BE, 14-Jul-2025,26.56,26.99,27.8,26.5,27.49,27.3,27.28,96840,26.42,216, -, -,,2025-07-14
TIIL, EQ, 14-Jul-2025,3192.5,3194.8,3232.1,3090.0,3113.0,3106.3,3148.22,10016,315.33,4389, 4901, 48.93,0.4893170926517572,2025-07-14
TIINDIA, EQ, 14-Jul-2025,2869.8,2868.9,2916.2,2863.3,2872.2,2871.0,2882.02,241264,6953.27,17441, 149451, 61.95,0.6194500630015253,2025-07-14
TIJARIA, BE, 14-Jul-2025,8.2,8.4,8.4,8.0,8.28,8.22,8.27,11359,0.94,80, -, -,,2025-07-14
TIL, BE, 14-Jul-2025,382.15,383.0,390.0,376.5,380.0,380.3,381.25,10594,40.39,159, -, -,,2025-07-14
TIMESGTY, EQ, 14-Jul-2025,179.39,171.4,184.86,171.4,179.75,177.17,181.95,13163,23.95,502, 3407, 25.88,0.2588315733495404,2025-07-14
TIMETECHNO, EQ, 14-Jul-2025,440.1,440.3,449.75,435.25,448.0,447.9,444.49,600705,2670.06,20417, 222234, 37.00,0.36995530251953956,2025-07-14
TIMKEN, EQ, 14-Jul-2025,3356.9,3380.2,3420.0,3351.1,3368.5,3372.8,3378.38,217060,7333.11,18730, 171459, 78.99,0.7899152308117571,2025-07-14
TINNARUBR, EQ, 14-Jul-2025,912.35,916.9,934.25,900.55,925.0,927.25,915.0,15543,142.22,1818, 8942, 57.53,0.5753072122498875,2025-07-14
TIPSFILMS, EQ, 14-Jul-2025,586.05,586.0,591.6,560.0,560.15,562.3,567.51,8838,50.16,1486, 4427, 50.09,0.5009051821679112,2025-07-14
TIPSMUSIC, EQ, 14-Jul-2025,650.7,653.65,659.55,645.05,655.0,652.75,653.74,57639,376.81,7619, 28394, 49.26,0.4926178455559604,2025-07-14
TIRUMALCHM, EQ, 14-Jul-2025,289.55,288.15,289.4,282.9,285.0,284.65,285.69,216076,617.31,6506, 91732, 42.45,0.4245358114737407,2025-07-14
TIRUPATIFL, BE, 14-Jul-2025,43.62,43.6,43.6,41.51,42.02,42.01,42.38,162588,68.91,929, -, -,,2025-07-14
TITAGARH, EQ, 14-Jul-2025,930.65,931.1,942.85,923.2,937.9,938.9,934.04,1035061,9667.93,29583, 305288, 29.49,0.29494686786575863,2025-07-14
TITAN, EQ, 14-Jul-2025,3361.6,3372.0,3410.0,3344.0,3402.0,3404.7,3380.37,755781,25548.2,59598, 443427, 58.67,0.5867136114826914,2025-07-14
TMB, EQ, 14-Jul-2025,444.6,448.0,448.0,443.15,444.85,444.3,444.53,35038,155.75,2181, 23982, 68.45,0.684456875392431,2025-07-14
TNIDETF, EQ, 14-Jul-2025,92.64,93.1,93.19,90.83,93.19,92.82,92.37,369369,341.19,842, 327245, 88.60,0.8859568615666177,2025-07-14
TNPETRO, EQ, 14-Jul-2025,100.24,100.4,105.5,99.63,104.36,104.8,103.66,898849,931.77,7973, 444285, 49.43,0.4942821319264971,2025-07-14
TNPL, EQ, 14-Jul-2025,169.47,169.47,170.88,165.81,168.39,167.8,167.41,139215,233.06,5216, 67259, 48.31,0.48313040979779476,2025-07-14
TNTELE, BE, 14-Jul-2025,25.66,26.0,26.0,25.14,25.14,25.14,25.54,132739,33.9,463, -, -,,2025-07-14
TOKYOPLAST, EQ, 14-Jul-2025,128.01,128.16,134.0,127.01,130.0,129.78,130.26,20747,27.03,440, 16328, 78.70,0.7870053501711091,2025-07-14
TOLINS, EQ, 14-Jul-2025,162.35,162.1,164.24,161.0,163.0,162.73,162.5,44280,71.95,1157, 21646, 48.88,0.488843721770551,2025-07-14
TOP100CASE, EQ, 14-Jul-2025,10.72,10.9,10.9,10.4,10.81,10.72,10.7,346539,37.09,1673, 217225, 62.68,0.6268414233318617,2025-07-14
TOP10ADD, EQ, 14-Jul-2025,98.81,101.19,101.19,97.89,98.52,97.91,98.02,579229,567.74,1179, 343979, 59.39,0.5938566611823648,2025-07-14
TOP15IETF, EQ, 14-Jul-2025,10.35,10.7,10.7,10.3,10.32,10.32,10.32,53556,5.53,226, 46805, 87.39,0.8739450295018298,2025-07-14
TORNTPHARM, EQ, 14-Jul-2025,3314.2,3315.0,3413.8,3314.2,3409.9,3404.9,3383.11,539810,18262.36,47930, 361278, 66.93,0.6692688168059132,2025-07-14
TORNTPOWER, EQ, 14-Jul-2025,1408.1,1402.1,1421.1,1393.5,1401.0,1403.5,1407.13,317645,4469.68,20823, 170251, 53.60,0.5359788443073242,2025-07-14
TOTAL, EQ, 14-Jul-2025,80.56,80.49,81.6,79.52,80.01,80.03,80.35,3258,2.62,125, 2235, 68.60,0.6860036832412523,2025-07-14
TOUCHWOOD, EQ, 14-Jul-2025,101.85,103.19,105.0,100.12,101.65,101.07,102.51,8380,8.59,321, 4662, 55.63,0.5563245823389021,2025-07-14
TPHQ, BE, 14-Jul-2025,0.9,0.91,0.91,0.91,0.91,0.91,0.91,555812,5.06,82, -, -,,2025-07-14
TPLPLASTEH, EQ, 14-Jul-2025,79.3,80.09,80.09,78.7,79.8,79.12,79.28,61301,48.6,922, 11452, 18.68,0.1868158757605912,2025-07-14
TRACXN, EQ, 14-Jul-2025,60.85,60.85,61.49,59.6,60.1,59.94,60.3,453227,273.27,2864, 256081, 56.50,0.5650170885670978,2025-07-14
TRANSRAILL, EQ, 14-Jul-2025,745.8,745.8,775.0,739.1,750.95,751.6,757.92,1961188,14864.16,52778, 429575, 21.90,0.21903815442476704,2025-07-14
TRANSWORLD, EQ, 14-Jul-2025,275.9,275.35,278.05,270.05,272.1,271.85,273.53,6868,18.79,555, 3561, 51.85,0.5184915550378567,2025-07-14
TRAVELFOOD, EQ, 14-Jul-2025,1100.0,1125.0,1130.0,1066.0,1073.1,1074.8,1097.91,4942773,54267.25,153399, 2843297, 57.52,0.5752432895461718,2025-07-14
TREEHOUSE, BE, 14-Jul-2025,7.64,7.8,7.8,7.44,7.67,7.48,7.54,41702,3.15,95, -, -,,2025-07-14
TREJHARA, EQ, 14-Jul-2025,235.93,236.4,238.03,229.51,232.36,233.01,233.83,7919,18.52,624, 4819, 60.85,0.6085364313675969,2025-07-14
TREL, EQ, 14-Jul-2025,34.1,33.9,34.2,33.5,33.51,33.71,33.76,157872,53.31,1098, 96979, 61.43,0.6142887909192257,2025-07-14
TRENT, EQ, 14-Jul-2025,5364.0,5368.0,5393.0,5287.5,5313.0,5314.5,5321.54,829406,44137.14,120619, 480937, 57.99,0.579857150780197,2025-07-14
TRF, EQ, 14-Jul-2025,377.25,379.95,386.95,374.0,380.1,380.2,380.42,24687,93.91,1330, 14445, 58.51,0.5851257746992344,2025-07-14
TRIDENT, EQ, 14-Jul-2025,31.7,31.7,31.75,31.1,31.26,31.19,31.28,5178910,1619.86,20352, 2185646, 42.20,0.4220281873985066,2025-07-14
TRIGYN, EQ, 14-Jul-2025,82.31,83.31,83.95,81.66,82.2,82.15,82.84,20301,16.82,524, 11129, 54.82,0.5481995960790109,2025-07-14
TRITURBINE, EQ, 14-Jul-2025,643.8,642.0,652.4,639.0,652.0,649.0,645.86,541862,3499.66,26364, 272096, 50.21,0.5021499939098885,2025-07-14
TRIVENI, EQ, 14-Jul-2025,366.35,366.35,371.15,363.7,365.0,364.8,365.85,249422,912.5,8984, 113874, 45.66,0.4565515471770734,2025-07-14
TRU, BE, 14-Jul-2025,20.03,19.62,19.62,19.62,19.62,19.62,19.62,61839,12.13,122, -, -,,2025-07-14
TTKHLTCARE, EQ, 14-Jul-2025,1315.7,1308.4,1398.9,1308.4,1354.0,1357.3,1361.8,19824,269.96,1962, 12037, 60.72,0.6071933010492333,2025-07-14
TTKPRESTIG, EQ, 14-Jul-2025,629.75,630.0,630.05,624.0,626.1,626.55,626.91,20112,126.08,2168, 10374, 51.58,0.5158114558472554,2025-07-14
TTL, BE, 14-Jul-2025,13.2,13.05,13.8,12.61,13.7,13.57,13.31,557269,74.19,389, -, -,,2025-07-14
TTML, BE, 14-Jul-2025,64.22,64.4,64.84,63.58,64.4,64.51,64.09,551719,353.62,5179, -, -,,2025-07-14
TVSELECT, BE, 14-Jul-2025,427.7,427.7,427.7,417.0,427.0,423.65,421.24,7090,29.87,269, -, -,,2025-07-14
TVSHLTD, EQ, 14-Jul-2025,11243.0,11338.0,11640.0,11323.0,11510.0,11542.0,11498.63,20111,2312.49,7862, 11074, 55.06,0.5506439262095371,2025-07-14
TVSMOTOR, EQ, 14-Jul-2025,2754.5,2754.5,2807.7,2750.5,2807.0,2802.2,2786.56,1072824,29894.93,46339, 799800, 74.55,0.7455090490145634,2025-07-14
TVSSCS, EQ, 14-Jul-2025,133.8,132.9,133.14,131.05,131.88,131.58,131.89,373886,493.13,6265, 182813, 48.90,0.48895385224373206,2025-07-14
TVSSRICHAK, EQ, 14-Jul-2025,3141.6,3141.6,3220.0,3118.3,3198.0,3194.8,3173.46,4277,135.73,1142, 2086, 48.77,0.4877250409165303,2025-07-14
TVTODAY, EQ, 14-Jul-2025,170.27,171.3,171.3,168.02,169.6,169.3,168.97,36598,61.84,2453, 16081, 43.94,0.4393955953877261,2025-07-14
TVVISION, BE, 14-Jul-2025,7.71,8.05,8.09,7.6,8.09,8.08,8.03,97585,7.83,214, -, -,,2025-07-14
UBL, EQ, 14-Jul-2025,1960.1,1959.1,1964.0,1942.0,1952.1,1956.2,1949.07,158636,3091.93,8018, 138831, 87.52,0.8751544416147659,2025-07-14
UCAL, EQ, 14-Jul-2025,148.45,148.15,151.65,148.15,150.27,150.03,150.28,11166,16.78,495, 6295, 56.38,0.5637650008955759,2025-07-14
UCOBANK, EQ, 14-Jul-2025,31.63,31.6,31.9,31.32,31.64,31.61,31.58,5945002,1877.26,15315, 2247741, 37.81,0.3780891915595655,2025-07-14
UDAICEMENT, EQ, 14-Jul-2025,34.89,34.95,35.19,34.15,34.7,34.63,34.59,812532,281.03,5306, 420619, 51.77,0.5176645350583116,2025-07-14
UDS, EQ, 14-Jul-2025,285.5,287.65,287.65,280.5,281.3,281.75,282.81,295415,835.45,12547, 179421, 60.74,0.607352368701657,2025-07-14
UEL, BE, 14-Jul-2025,295.35,280.6,280.6,280.6,280.6,280.6,280.6,1068,3.0,36, -, -,,2025-07-14
UFLEX, EQ, 14-Jul-2025,595.45,598.45,601.25,585.1,592.0,591.25,591.46,22601,133.68,1662, 13437, 59.45,0.5945312154329454,2025-07-14
UFO, EQ, 14-Jul-2025,76.09,76.09,77.0,74.8,75.0,75.05,75.61,76661,57.96,1621, 43126, 56.26,0.5625546236026141,2025-07-14
UGARSUGAR, EQ, 14-Jul-2025,49.37,49.0,49.53,48.33,48.93,48.78,48.75,114025,55.59,1224, 39920, 35.01,0.3500986625739969,2025-07-14
UGROCAP, EQ, 14-Jul-2025,179.3,180.0,181.26,177.71,180.1,179.49,179.47,193496,347.26,5274, 111933, 57.85,0.5784770744614876,2025-07-14
UJJIVANSFB, EQ, 14-Jul-2025,47.54,47.05,50.0,47.05,49.4,49.27,49.11,18368147,9020.1,82850, 9062364, 49.34,0.4933738825152042,2025-07-14
ULTRACEMCO, EQ, 14-Jul-2025,12495.0,12495.0,12579.0,12430.0,12520.0,12516.0,12508.48,278918,34888.4,36293, 206252, 73.95,0.7394718160893166,2025-07-14
UMAEXPORTS, BE, 14-Jul-2025,51.91,51.9,52.0,50.0,50.8,50.72,50.79,20323,10.32,266, -, -,,2025-07-14
UMESLTD, EQ, 14-Jul-2025,5.72,5.76,5.88,5.68,5.87,5.79,5.78,12379,0.72,144, 7895, 63.78,0.6377736489215607,2025-07-14
UMIYA-MRO, EQ, 14-Jul-2025,79.48,79.9,80.86,78.04,78.04,80.31,79.98,63335,50.66,2000, 43677, 68.96,0.6896186942448883,2025-07-14
UNICHEMLAB, EQ, 14-Jul-2025,590.85,590.85,611.1,585.1,604.2,608.85,603.23,41257,248.87,3756, 21201, 51.39,0.5138764330901423,2025-07-14
UNIDT, EQ, 14-Jul-2025,224.65,225.0,227.53,222.6,223.05,223.6,224.12,11838,26.53,490, 7209, 60.90,0.6089711099847948,2025-07-14
UNIECOM, EQ, 14-Jul-2025,122.48,123.1,125.33,121.36,122.8,122.65,123.15,325794,401.2,5725, 115931, 35.58,0.3558414212661989,2025-07-14
UNIENTER, EQ, 14-Jul-2025,154.48,155.6,155.6,152.16,154.95,153.48,153.96,2779,4.28,158, 1989, 71.57,0.7157250809643757,2025-07-14
UNIINFO, BE, 14-Jul-2025,19.5,18.61,20.47,18.61,19.71,19.78,20.41,20880,4.26,60, -, -,,2025-07-14
UNIMECH, BE, 14-Jul-2025,1248.6,1258.3,1280.0,1220.0,1240.1,1244.9,1243.55,15648,194.59,1326, -, -,,2025-07-14
UNIONBANK, EQ, 14-Jul-2025,143.74,143.82,147.43,143.82,146.99,147.01,146.39,16965783,24835.81,96042, 6973659, 41.10,0.4110425672661262,2025-07-14
UNIONGOLD, EQ, 14-Jul-2025,96.45,96.45,97.35,96.45,97.35,97.35,97.1,4626,4.49,21, 4172, 90.19,0.9018590575010809,2025-07-14
UNIPARTS, EQ, 14-Jul-2025,397.0,399.75,403.55,390.6,392.3,391.75,395.98,40959,162.19,1887, 25362, 61.92,0.6192045704240826,2025-07-14
UNITDSPR, EQ, 14-Jul-2025,1357.6,1367.0,1373.6,1345.3,1362.0,1364.0,1363.83,1850508,25237.82,52862, 1228539, 66.39,0.6638928337515969,2025-07-14
UNITECH, BZ, 14-Jul-2025,8.06,8.15,8.16,7.76,7.96,7.95,7.94,2030397,161.22,2070, -, -,,2025-07-14
UNITEDPOLY, EQ, 14-Jul-2025,20.66,21.18,21.18,20.29,20.95,20.89,20.72,96333,19.96,333, 72288, 75.04,0.7503970601974401,2025-07-14
UNITEDTEA, EQ, 14-Jul-2025,459.35,464.0,474.0,455.05,465.5,468.55,467.66,13087,61.2,781, 8212, 62.75,0.6274929319171697,2025-07-14
UNIVAFOODS, BE, 14-Jul-2025,11.74,12.32,12.32,12.32,12.32,12.32,12.32,12346,1.52,14, -, -,,2025-07-14
UNIVASTU, EQ, 14-Jul-2025,290.67,310.0,320.0,280.5,296.4,305.75,297.57,760570,2263.22,14666, 203271, 26.73,0.26726139605821947,2025-07-14
UNIVCABLES, EQ, 14-Jul-2025,784.6,776.75,790.0,761.2,776.8,769.6,769.25,30544,234.96,3996, 14249, 46.65,0.4665073336825563,2025-07-14
UNIVPHOTO, BE, 14-Jul-2025,281.82,285.0,285.0,275.0,282.3,280.97,279.25,2500,6.98,107, -, -,,2025-07-14
UNOMINDA, EQ, 14-Jul-2025,1073.0,1068.2,1081.2,1061.7,1080.0,1077.5,1076.53,452425,4870.49,24820, 323673, 71.54,0.715418025087031,2025-07-14
UPL, EQ, 14-Jul-2025,652.8,654.0,661.8,646.75,661.0,659.5,655.59,1745640,11444.19,52398, 1024439, 58.69,0.5868558236520703,2025-07-14
URAVIDEF, BE, 14-Jul-2025,492.9,479.6,494.8,479.6,490.0,482.55,490.04,6576,32.22,75, -, -,,2025-07-14
URJA, EQ, 14-Jul-2025,15.28,15.23,15.48,15.07,15.17,15.18,15.2,1943873,295.39,4654, 847056, 43.58,0.43575686271685443,2025-07-14
USHAMART, EQ, 14-Jul-2025,370.45,371.7,391.8,367.6,390.5,389.6,385.48,1995415,7691.98,38866, 637872, 31.97,0.3196688408175743,2025-07-14
USK, EQ, 14-Jul-2025,35.74,36.5,36.5,35.0,35.7,35.48,35.56,44347,15.77,614, 23430, 52.83,0.5283333709157327,2025-07-14
UTIAMC, EQ, 14-Jul-2025,1394.7,1394.7,1437.5,1370.1,1411.0,1407.7,1390.12,232962,3238.46,20969, 88701, 38.08,0.38075308419398873,2025-07-14
UTIBANKETF, EQ, 14-Jul-2025,58.45,58.88,58.88,58.17,58.45,58.41,58.3,30669,17.88,488, 26793, 87.36,0.8736183116502005,2025-07-14
UTINEXT50, EQ, 14-Jul-2025,72.66,72.97,73.13,72.11,72.83,72.79,72.74,49148,35.75,857, 23159, 47.12,0.47120940831773417,2025-07-14
UTINIFTETF, EQ, 14-Jul-2025,275.79,275.0,275.68,273.88,275.18,274.59,274.64,16639,45.7,462, 9213, 55.37,0.5536991405733518,2025-07-14
UTISENSETF, EQ, 14-Jul-2025,905.63,911.6,911.6,900.5,905.6,902.54,902.73,1669,15.07,161, 1642, 98.38,0.9838226482923906,2025-07-14
UTISXN50, EQ, 14-Jul-2025,89.75,91.57,91.57,89.55,90.23,90.2,90.08,3126,2.82,149, 2197, 70.28,0.7028150991682661,2025-07-14
UTKARSHBNK, EQ, 14-Jul-2025,23.63,23.57,23.74,23.35,23.64,23.62,23.56,2052342,483.49,8655, 1151664, 56.11,0.5611462417082533,2025-07-14
UTTAMSUGAR, EQ, 14-Jul-2025,288.2,288.85,289.4,283.75,287.9,286.95,285.83,44260,126.51,1200, 22595, 51.05,0.5105061003163127,2025-07-14
UYFINCORP, EQ, 14-Jul-2025,18.77,18.62,19.74,18.18,18.22,18.34,18.75,96263,18.05,1426, 46495, 48.30,0.4829996987419881,2025-07-14
V2RETAIL, EQ, 14-Jul-2025,1915.2,1915.3,1949.4,1866.0,1896.1,1892.5,1892.47,40785,771.84,3931, 26946, 66.07,0.6606840750275836,2025-07-14
VADILALIND, EQ, 14-Jul-2025,5237.5,5170.0,5211.5,5100.0,5149.5,5145.5,5151.56,9380,483.22,2267, 5419, 57.77,0.5777185501066098,2025-07-14
VAIBHAVGBL, EQ, 14-Jul-2025,236.74,235.0,239.75,234.15,236.49,235.96,236.41,164877,389.79,10346, 64408, 39.06,0.3906427215439388,2025-07-14
VAISHALI, EQ, 14-Jul-2025,12.76,12.4,12.81,12.3,12.54,12.47,12.55,505630,63.47,694, 437101, 86.45,0.8644680893143207,2025-07-14
VAKRANGEE, BE, 14-Jul-2025,9.89,9.85,9.99,9.73,9.84,9.82,9.83,763966,75.06,2244, -, -,,2025-07-14
VAL30IETF, EQ, 14-Jul-2025,13.29,13.29,13.34,13.25,13.31,13.31,13.28,210185,27.92,314, 198126, 94.26,0.9426267335918358,2025-07-14
VALIANTLAB, EQ, 14-Jul-2025,112.09,111.75,116.3,109.37,113.3,112.6,112.88,52442,59.19,1540, 25426, 48.48,0.48484039510316157,2025-07-14
VALIANTORG, BE, 14-Jul-2025,405.4,413.7,417.0,402.1,415.2,412.8,411.61,14280,58.78,266, -, -,,2025-07-14
VARDHACRLC, EQ, 14-Jul-2025,48.5,48.5,49.13,47.4,47.96,47.62,48.12,29368,14.13,609, 20843, 70.97,0.7097180604739853,2025-07-14
VARDMNPOLY, EQ, 14-Jul-2025,11.17,11.38,11.5,11.02,11.49,11.39,11.26,476780,53.69,1052, 347671, 72.92,0.7292063425479257,2025-07-14
VARROC, EQ, 14-Jul-2025,561.0,567.9,567.9,549.25,551.0,551.45,554.35,82923,459.68,6277, 37563, 45.30,0.4529865055533447,2025-07-14
VASCONEQ, EQ, 14-Jul-2025,54.13,53.9,54.9,53.05,54.62,54.64,54.23,549404,297.97,4461, 252962, 46.04,0.4604298476166901,2025-07-14
VASWANI, EQ, 14-Jul-2025,58.76,58.04,66.84,56.11,60.54,61.17,62.21,1403550,873.17,11470, 322129, 22.95,0.2295101706387375,2025-07-14
VBL, EQ, 14-Jul-2025,452.25,453.05,462.0,450.0,461.55,461.2,457.17,9306246,42545.41,72336, 6607638, 71.00,0.7100218498414935,2025-07-14
VCL, BE, 14-Jul-2025,0.86,0.88,0.88,0.84,0.85,0.85,0.86,79273,0.68,163, -, -,,2025-07-14
VEDL, EQ, 14-Jul-2025,442.75,440.6,450.45,439.3,448.05,448.2,447.33,5611380,25101.19,70271, 2296742, 40.93,0.4093007424198682,2025-07-14
VEEDOL, EQ, 14-Jul-2025,1697.4,1682.0,1715.4,1682.0,1709.0,1706.1,1702.12,20318,345.84,2728, 14450, 71.12,0.7111920464612659,2025-07-14
VENKEYS, EQ, 14-Jul-2025,1595.1,1593.0,1597.3,1585.9,1597.0,1593.0,1591.66,13430,213.76,1658, 7546, 56.19,0.5618763961280715,2025-07-14
VENTIVE, EQ, 14-Jul-2025,783.15,782.8,783.55,765.2,767.0,772.85,772.31,81562,629.91,5030, 45497, 55.78,0.5578210441136804,2025-07-14
VENUSPIPES, EQ, 14-Jul-2025,1599.7,1599.7,1629.0,1560.1,1625.0,1619.7,1599.56,114923,1838.26,15566, 40412, 35.16,0.35164414434012337,2025-07-14
VENUSREM, BE, 14-Jul-2025,455.05,461.85,477.8,447.8,477.8,477.8,474.43,29526,140.08,405, -, -,,2025-07-14
VERANDA, EQ, 14-Jul-2025,247.54,244.71,257.0,240.01,255.1,256.24,252.95,372398,941.99,3579, 255543, 68.62,0.6862093781384433,2025-07-14
VERTOZ, EQ, 14-Jul-2025,87.11,81.82,95.0,78.39,80.14,79.96,85.88,632129,542.89,8878, 277654, 43.92,0.43923629512330553,2025-07-14
VESUVIUS, EQ, 14-Jul-2025,516.9,513.0,523.0,513.0,517.0,516.8,517.91,49918,258.53,4602, 27161, 54.41,0.5441123442445611,2025-07-14
VETO, EQ, 14-Jul-2025,127.08,129.0,131.29,126.22,126.33,126.57,128.67,65300,84.02,1773, 35234, 53.96,0.5395712098009189,2025-07-14
VGUARD, EQ, 14-Jul-2025,393.85,393.75,394.35,390.0,393.25,393.0,392.44,92208,361.86,5336, 52043, 56.44,0.5644087280930071,2025-07-14
VHL, EQ, 14-Jul-2025,4055.3,4098.5,4098.5,4020.0,4020.0,4038.8,4046.68,949,38.4,262, 530, 55.85,0.5584826132771338,2025-07-14
VHLTD, BE, 14-Jul-2025,97.2,97.21,100.99,97.0,98.22,99.28,98.05,12551,12.31,60, -, -,,2025-07-14
VIDHIING, EQ, 14-Jul-2025,410.2,408.5,417.55,405.0,406.0,406.1,410.43,19117,78.46,1478, 12843, 67.18,0.6718104305068787,2025-07-14
VIJAYA, EQ, 14-Jul-2025,1020.45,1020.45,1024.0,986.7,1020.0,1020.45,1011.83,150611,1523.93,14846, 48146, 31.97,0.31967120595441234,2025-07-14
VIJIFIN, EQ, 14-Jul-2025,2.37,2.42,2.48,2.35,2.35,2.36,2.41,304085,7.33,497, 207541, 68.25,0.6825098245556341,2025-07-14
VIKASECO, EQ, 14-Jul-2025,2.39,2.4,2.42,2.38,2.42,2.4,2.39,2462944,58.99,2353, 1627358, 66.07,0.6607369067262593,2025-07-14
VIKASLIFE, EQ, 14-Jul-2025,2.51,2.52,2.58,2.49,2.55,2.53,2.54,5175385,131.59,9499, 2279050, 44.04,0.44036337393256736,2025-07-14
VIMTALABS, EQ, 14-Jul-2025,450.65,455.0,457.4,448.0,452.5,450.3,451.37,59639,269.19,4580, 29632, 49.69,0.496856084106038,2025-07-14
VINATIORGA, EQ, 14-Jul-2025,1929.0,1921.0,1977.0,1921.0,1948.0,1946.4,1953.91,24558,479.84,5149, 12425, 50.59,0.5059451095366072,2025-07-14
VINCOFE, EQ, 14-Jul-2025,134.69,134.6,136.49,132.05,136.0,135.13,134.1,1095866,1469.58,7899, 361255, 32.97,0.3296525305101171,2025-07-14
VINDHYATEL, EQ, 14-Jul-2025,1701.3,1701.0,1719.3,1691.3,1700.0,1700.7,1705.39,7330,125.0,1535, 3449, 47.05,0.47053206002728515,2025-07-14
VINEETLAB, BE, 14-Jul-2025,32.6,32.76,33.0,31.5,32.0,31.97,32.15,9542,3.07,58, -, -,,2025-07-14
VINNY, BE, 14-Jul-2025,1.36,1.36,1.38,1.33,1.36,1.34,1.35,400258,5.41,356, -, -,,2025-07-14
VINYLINDIA, BE, 14-Jul-2025,320.75,320.75,328.9,319.7,321.5,322.7,322.96,11292,36.47,334, -, -,,2025-07-14
VIPCLOTHNG, EQ, 14-Jul-2025,43.24,43.5,44.24,41.57,42.0,41.73,42.7,646785,276.17,2604, 295011, 45.61,0.45611911222430945,2025-07-14
VIPIND, EQ, 14-Jul-2025,456.55,434.95,487.25,431.1,480.95,481.65,461.07,11409909,52607.35,176443, 2745128, 24.06,0.24059157702309458,2025-07-14
VIPULLTD, BE, 14-Jul-2025,10.37,10.4,10.88,10.16,10.77,10.77,10.63,168446,17.9,487, -, -,,2025-07-14
VIRINCHI, EQ, 14-Jul-2025,28.77,30.7,30.7,28.7,29.1,29.09,29.71,1888994,561.24,8001, 1020131, 54.00,0.5400393013424076,2025-07-14
VISAKAIND, BE, 14-Jul-2025,88.42,89.4,90.5,87.4,87.55,87.85,88.86,72525,64.45,436, -, -,,2025-07-14
VISASTEEL, BE, 14-Jul-2025,35.65,35.7,35.99,35.63,35.7,35.7,35.75,6891,2.46,25, -, -,,2025-07-14
VISHNU, EQ, 14-Jul-2025,500.4,496.0,503.6,493.0,496.0,497.05,498.06,46270,230.45,4284, 21545, 46.56,0.4656364815215042,2025-07-14
VISHWARAJ, EQ, 14-Jul-2025,9.72,9.73,9.82,9.6,9.75,9.76,9.71,242795,23.58,1064, 108309, 44.61,0.4460923824625713,2025-07-14
VIVIDHA, EQ, 14-Jul-2025,0.85,0.86,0.87,0.81,0.84,0.83,0.84,1277759,10.68,519, 774725, 60.63,0.6063154319398258,2025-07-14
VLEGOV, BE, 14-Jul-2025,50.71,49.69,49.69,49.69,49.69,49.69,49.69,49300,24.5,151, -, -,,2025-07-14
VLSFINANCE, EQ, 14-Jul-2025,248.32,248.15,249.81,243.5,246.0,245.23,246.47,15867,39.11,634, 5115, 32.24,0.3223671771601437,2025-07-14
VMART, EQ, 14-Jul-2025,765.2,768.0,775.4,755.0,766.95,766.3,768.14,53211,408.73,4397, 33712, 63.36,0.6335532126815884,2025-07-14
VMM, EQ, 14-Jul-2025,133.62,133.7,140.4,133.65,137.15,137.09,137.69,58160932,80083.26,249419, 22806833, 39.21,0.3921332106576284,2025-07-14
VOLTAMP, EQ, 14-Jul-2025,9646.5,9646.5,9757.0,9530.0,9600.0,9590.0,9621.24,30486,2933.13,10578, 15336, 50.31,0.5030505805943711,2025-07-14
VOLTAS, EQ, 14-Jul-2025,1369.5,1370.0,1379.4,1361.3,1376.4,1376.8,1371.38,684695,9389.79,31649, 386359, 56.43,0.5642789855337048,2025-07-14
VPRPL, EQ, 14-Jul-2025,161.14,167.87,173.65,165.13,167.7,167.51,169.55,5544891,9401.11,60564, 889810, 16.05,0.160473848809652,2025-07-14
VRAJ, EQ, 14-Jul-2025,172.1,171.2,173.25,165.5,167.77,167.52,168.67,41073,69.28,1443, 25230, 61.43,0.6142721495873201,2025-07-14
VRLLOG, EQ, 14-Jul-2025,610.35,612.6,622.75,609.95,618.0,618.2,617.1,264803,1634.1,10120, 149677, 56.52,0.565239064512109,2025-07-14
VSSL, EQ, 14-Jul-2025,262.8,262.95,263.0,258.05,258.75,259.05,260.36,21303,55.47,1206, 8390, 39.38,0.3938412430174154,2025-07-14
VSTIND, EQ, 14-Jul-2025,298.25,296.0,303.2,295.7,299.9,300.0,299.95,647589,1942.44,14718, 282360, 43.60,0.4360172887433233,2025-07-14
VSTL, EQ, 14-Jul-2025,173.15,173.15,187.0,170.0,177.3,178.68,181.65,115364,209.56,3871, 40266, 34.90,0.3490343608057973,2025-07-14
VSTTILLERS, EQ, 14-Jul-2025,4476.8,4515.0,4636.0,4440.6,4523.7,4479.0,4510.18,12998,586.23,4033, 4504, 34.65,0.3465148484382213,2025-07-14
VTL, EQ, 14-Jul-2025,497.6,497.6,497.6,488.0,492.9,491.55,492.44,143800,708.13,8473, 52883, 36.78,0.3677538247566064,2025-07-14
WAAREEENER, EQ, 14-Jul-2025,3112.1,3114.8,3234.0,3078.5,3189.0,3197.0,3180.79,2412818,76746.76,120111, 604145, 25.04,0.2503897931795933,2025-07-14
WAAREEINDO, BE, 14-Jul-2025,243.84,256.03,256.03,256.03,256.03,256.03,256.03,2302,5.89,170, -, -,,2025-07-14
WAAREERTL, EQ, 14-Jul-2025,984.7,986.4,990.1,971.2,978.0,976.0,977.41,121097,1183.62,8155, 66802, 55.16,0.5516404204893598,2025-07-14
WABAG, EQ, 14-Jul-2025,1482.5,1481.1,1482.0,1446.2,1449.5,1453.2,1459.37,211597,3087.98,16787, 124965, 59.06,0.5905802067137058,2025-07-14
WALCHANNAG, BE, 14-Jul-2025,212.13,210.1,213.5,203.0,204.65,204.82,206.76,171046,353.66,1674, -, -,,2025-07-14
WANBURY, BE, 14-Jul-2025,272.45,267.1,286.0,266.5,281.0,277.65,275.87,27585,76.1,274, -, -,,2025-07-14
WCIL, EQ, 14-Jul-2025,118.82,118.84,118.9,115.53,116.65,116.58,116.72,374400,437.01,3909, 142507, 38.06,0.3806276709401709,2025-07-14
WEALTH, EQ, 14-Jul-2025,1117.8,1111.0,1229.5,1090.0,1229.5,1223.5,1189.26,13731,163.3,1727, 8492, 61.85,0.6184545917995776,2025-07-14
WEBELSOLAR, EQ, 14-Jul-2025,1290.4,1310.9,1326.7,1287.1,1301.2,1308.4,1310.6,176292,2310.48,9075, 77451, 43.93,0.4393336056088762,2025-07-14
WEIZMANIND, EQ, 14-Jul-2025,118.94,119.48,120.0,116.55,118.89,117.46,117.71,3535,4.16,244, 1941, 54.91,0.5490806223479491,2025-07-14
WEL, EQ, 14-Jul-2025,178.43,177.51,179.77,151.15,152.5,153.99,160.67,1754719,2819.33,40458, 561739, 32.01,0.32013045963484754,2025-07-14
WELCORP, EQ, 14-Jul-2025,910.95,912.0,928.8,887.5,920.0,921.1,911.32,480274,4376.84,29476, 181314, 37.75,0.37752199785955515,2025-07-14
WELENT, EQ, 14-Jul-2025,512.55,507.8,524.0,506.5,522.5,520.5,514.88,132639,682.94,5609, 76930, 58.00,0.579995325658366,2025-07-14
WELINV, BE, 14-Jul-2025,1173.8,1170.0,1170.0,1150.4,1150.4,1150.4,1152.28,167,1.92,13, -, -,,2025-07-14
WELSPUNLIV, EQ, 14-Jul-2025,140.41,139.51,139.51,136.4,138.6,138.29,137.83,3484905,4803.22,27615, 1760827, 50.53,0.5052725971009253,2025-07-14
WENDT, EQ, 14-Jul-2025,11258.0,11500.0,11820.0,11200.5,11320.0,11312.5,11507.05,74454,8567.46,21367, 29205, 39.23,0.3922556209202998,2025-07-14
WESTLIFE, EQ, 14-Jul-2025,774.4,769.0,796.25,767.45,784.35,789.85,783.1,27754,217.34,4455, 10022, 36.11,0.3611011025437775,2025-07-14
WEWIN, EQ, 14-Jul-2025,46.31,46.01,48.46,44.1,44.38,45.06,45.82,7660,3.51,464, 5385, 70.30,0.7030026109660574,2025-07-14
WHEELS, EQ, 14-Jul-2025,796.35,804.3,807.2,786.3,797.0,794.25,796.72,19763,157.46,1950, 9460, 47.87,0.47867226635632243,2025-07-14
WHIRLPOOL, EQ, 14-Jul-2025,1372.5,1375.9,1391.3,1364.9,1377.0,1384.4,1384.72,206209,2855.41,30338, 121439, 58.89,0.5889122201261826,2025-07-14
WILLAMAGOR, EQ, 14-Jul-2025,34.79,35.0,35.63,34.06,34.1,34.14,34.55,7812,2.7,345, 5487, 70.24,0.7023809523809523,2025-07-14
WINDLAS, EQ, 14-Jul-2025,892.8,890.0,928.45,875.0,915.3,911.0,906.61,36011,326.48,3155, 18908, 52.51,0.5250617866762933,2025-07-14
WINDMACHIN, EQ, 14-Jul-2025,364.15,365.0,370.0,359.2,368.25,364.75,365.21,76320,278.73,3916, 34472, 45.17,0.45167714884696014,2025-07-14
WINSOME, BZ, 14-Jul-2025,1.86,1.89,1.89,1.84,1.85,1.84,1.85,438148,8.11,134, -, -,,2025-07-14
WIPL, EQ, 14-Jul-2025,158.76,154.02,163.79,154.02,162.93,161.53,161.25,1508,2.43,95, 1219, 80.84,0.8083554376657824,2025-07-14
WIPRO, EQ, 14-Jul-2025,258.3,258.3,259.55,251.65,254.25,254.25,254.15,10388421,26401.79,111556, 4810508, 46.31,0.4630644060343723,2025-07-14
WOCKPHARMA, EQ, 14-Jul-2025,1757.1,1780.0,1854.0,1739.2,1816.0,1816.7,1808.46,2002631,36216.79,80695, 441725, 22.06,0.22057233709055737,2025-07-14
WONDERLA, EQ, 14-Jul-2025,639.3,641.05,643.7,631.0,632.2,632.25,633.78,23438,148.55,2197, 12766, 54.47,0.5446710470176637,2025-07-14
WORTH, EQ, 14-Jul-2025,144.97,146.33,146.33,139.4,140.29,140.26,141.71,19506,27.64,652, 13138, 67.35,0.6735363477904235,2025-07-14
WSI, BE, 14-Jul-2025,93.1,91.23,93.1,91.23,93.1,93.1,91.75,16353,15.0,67, -, -,,2025-07-14
WSTCSTPAPR, EQ, 14-Jul-2025,535.15,533.05,540.25,527.1,538.0,538.8,534.78,53185,284.42,3816, 26110, 49.09,0.49092789320297076,2025-07-14
XCHANGING, EQ, 14-Jul-2025,95.83,95.83,96.5,94.2,96.04,96.25,95.36,111710,106.53,2323, 51342, 45.96,0.4596007519470056,2025-07-14
XELPMOC, EQ, 14-Jul-2025,92.55,92.91,93.77,91.2,91.63,91.67,92.3,3378,3.12,166, 1905, 56.39,0.5639431616341031,2025-07-14
XPROINDIA, EQ, 14-Jul-2025,1191.9,1197.9,1208.5,1168.4,1200.0,1189.0,1181.3,7622,90.04,1443, 3687, 48.37,0.48373130411965365,2025-07-14
XTGLOBAL, EQ, 14-Jul-2025,34.64,34.3,34.99,33.85,34.12,34.08,34.2,13269,4.54,326, 7886, 59.43,0.5943175823347653,2025-07-14
YAARI, BE, 14-Jul-2025,15.58,14.8,16.35,14.8,15.41,15.41,15.42,35253,5.43,93, -, -,,2025-07-14
YASHO, EQ, 14-Jul-2025,1992.9,1995.0,2012.3,1950.1,1953.0,1961.8,1972.79,4423,87.26,1134, 2495, 56.41,0.5640967669002939,2025-07-14
YATHARTH, EQ, 14-Jul-2025,610.0,612.0,633.0,612.0,624.9,622.2,623.04,735102,4580.01,38650, 332688, 45.26,0.45257392851604267,2025-07-14
YATRA, EQ, 14-Jul-2025,84.37,84.37,85.54,83.94,85.1,84.93,84.82,117316,99.51,1955, 50175, 42.77,0.4276910225374203,2025-07-14
YESBANK, EQ, 14-Jul-2025,19.66,19.66,20.06,19.55,20.03,19.99,19.89,81039620,16120.29,82418, 39089893, 48.24,0.48235533434139993,2025-07-14
YUKEN, EQ, 14-Jul-2025,1122.9,1122.9,1123.1,1103.0,1120.0,1115.6,1114.64,3098,34.53,784, 1453, 46.90,0.46901226597805035,2025-07-14
ZAGGLE, EQ, 14-Jul-2025,413.45,414.8,414.8,406.0,412.0,410.85,410.2,203039,832.88,6664, 93286, 45.94,0.4594486773477017,2025-07-14
ZEEL, EQ, 14-Jul-2025,137.36,136.91,145.0,136.2,142.65,142.96,142.59,31345967,44695.51,115615, 10941326, 34.91,0.3490505174078694,2025-07-14
ZEELEARN, BE, 14-Jul-2025,9.2,9.45,9.45,8.9,8.9,8.91,9.02,706154,63.68,749, -, -,,2025-07-14
ZEEMEDIA, EQ, 14-Jul-2025,14.29,14.38,14.67,14.18,14.5,14.45,14.48,3911350,566.17,5288, 1490018, 38.09,0.38094724327917473,2025-07-14
ZENITHEXPO, EQ, 14-Jul-2025,247.22,247.5,250.0,241.0,247.0,243.84,244.93,3656,8.95,117, 838, 22.92,0.22921225382932167,2025-07-14
ZENITHSTL, BE, 14-Jul-2025,7.88,7.56,8.15,7.56,7.96,7.91,7.93,49467,3.92,274, -, -,,2025-07-14
ZENSARTECH, EQ, 14-Jul-2025,818.7,819.0,819.95,804.0,808.5,808.65,811.96,325171,2640.26,18742, 181157, 55.71,0.5571130266844214,2025-07-14
ZENTEC, EQ, 14-Jul-2025,1858.2,1848.8,1858.0,1810.0,1818.0,1824.8,1825.3,328341,5993.21,33055, 173972, 52.99,0.5298515872218212,2025-07-14
ZFCVINDIA, EQ, 14-Jul-2025,12953.0,12866.0,13086.0,12800.0,13000.0,12994.0,12996.86,8802,1143.98,2718, 6996, 79.48,0.7948193592365371,2025-07-14
ZIMLAB, EQ, 14-Jul-2025,114.09,114.99,115.78,112.25,113.5,113.79,114.13,74213,84.7,1499, 41688, 56.17,0.5617344670071281,2025-07-14
ZODIAC, BE, 14-Jul-2025,467.25,467.25,472.85,465.0,468.0,466.25,468.1,7238,33.88,361, -, -,,2025-07-14
ZODIACLOTH, EQ, 14-Jul-2025,109.36,109.36,109.95,107.2,107.25,107.88,108.63,6260,6.8,251, 3983, 63.63,0.636261980830671,2025-07-14
ZOTA, EQ, 14-Jul-2025,1203.2,1202.95,1254.55,1143.45,1205.15,1216.3,1204.34,124012,1493.53,9095, 36822, 29.69,0.2969228784311196,2025-07-14
ZUARI, EQ, 14-Jul-2025,202.41,202.5,204.0,200.0,201.5,201.65,201.81,96630,195.01,1563, 54036, 55.92,0.5592052157714995,2025-07-14
ZUARIIND, EQ, 14-Jul-2025,262.65,262.6,266.9,260.1,262.5,263.0,262.4,27819,73.0,900, 14679, 52.77,0.5276609511484956,2025-07-14
ZYDUSLIFE, EQ, 14-Jul-2025,979.6,982.05,990.5,966.1,970.5,968.45,976.57,1409414,13763.93,41846, 783763, 55.61,0.5560913968500384,2025-07-14
ZYDUSWELL, EQ, 14-Jul-2025,2019.1,2029.5,2043.8,1982.4,2013.0,2011.4,2014.43,79639,1604.27,20399, 43483, 54.60,0.5460013310061653,2025-07-14
