SYMBOL,SERIES,DATE1,PREV_CLOSE,OPEN_PRICE,HIGH_PRICE,LOW_PRICE,LAST_PRICE,CLOSE_PRICE,AVG_PRICE,TTL_TRD_QNTY,TURNOVER_LACS,NO_OF_TRADES,DELIV_QTY,DELIV_PER,DELIVERY_PCT,DATE
20MICRONS, EQ, 06-Jun-2024,169.75,172.45,176.6,170.0,173.15,173.15,174.21,92781,161.64,5230, 49953, 53.84,0.5383968700488246,2024-06-06
21STCENMGM, BE, 06-Jun-2024,48.6,47.65,49.55,47.65,49.55,49.55,47.97,43771,21.0,74, -, -,,2024-06-06
360ONE, EQ, 06-Jun-2024,769.35,770.0,800.0,770.0,791.0,791.7,792.69,662900,5254.77,18092, 512591, 77.33,0.7732553929702821,2024-06-06
3IINFOLTD, EQ, 06-Jun-2024,31.95,32.3,33.3,31.85,32.4,32.15,32.43,2000944,648.86,6457, 1043378, 52.14,0.5214428789611304,2024-06-06
3MINDIA, EQ, 06-Jun-2024,33150.7,33300.0,34415.95,33250.05,33999.95,33985.95,34065.84,9949,3389.21,4202, 5852, 58.82,0.5881998190772942,2024-06-06
3PLAND, EQ, 06-Jun-2024,29.6,29.0,30.4,29.0,29.55,29.7,29.61,4723,1.4,84, 3737, 79.12,0.7912343849248359,2024-06-06
5PAISA, EQ, 06-Jun-2024,509.05,512.0,525.0,512.0,520.0,517.65,519.11,29297,152.08,4090, 15283, 52.17,0.5216575075946343,2024-06-06
63MOONS, EQ, 06-Jun-2024,327.95,330.55,344.3,330.55,344.3,344.3,341.93,169759,580.46,2574, 97066, 57.18,0.5717870628361383,2024-06-06
A2ZINFRA, BE, 06-Jun-2024,19.15,19.35,20.1,18.3,20.1,19.95,19.64,1115095,219.05,1105, -, -,,2024-06-06
AAATECH, BE, 06-Jun-2024,100.35,103.35,104.0,101.1,103.0,103.0,102.9,13044,13.42,194, -, -,,2024-06-06
AADHARHFC, EQ, 06-Jun-2024,339.2,345.0,354.2,342.0,346.25,346.1,348.5,1353606,4717.3,33121, 688964, 50.90,0.5089841504839665,2024-06-06
AAKASH, EQ, 06-Jun-2024,10.95,11.15,11.45,11.05,11.45,11.4,11.35,345769,39.26,1051, 209722, 60.65,0.6065378909040429,2024-06-06
AAREYDRUGS, BE, 06-Jun-2024,42.65,43.25,44.75,42.25,44.3,44.6,44.28,25470,11.28,171, -, -,,2024-06-06
AARON, EQ, 06-Jun-2024,257.05,255.0,264.0,255.0,261.0,259.85,261.11,6040,15.77,435, 3668, 60.73,0.6072847682119206,2024-06-06
AARTECH, BE, 06-Jun-2024,185.5,182.15,182.15,181.8,181.8,181.8,181.94,8456,15.38,112, -, -,,2024-06-06
AARTIDRUGS, EQ, 06-Jun-2024,481.7,482.0,497.4,482.0,493.1,492.05,492.94,145014,714.84,10751, 74483, 51.36,0.5136262705669797,2024-06-06
AARTIIND, EQ, 06-Jun-2024,628.95,630.3,643.8,626.0,639.5,638.15,638.17,1017793,6495.3,35771, 417443, 41.01,0.4101452849449741,2024-06-06
AARTIPHARM, EQ, 06-Jun-2024,577.35,582.5,597.5,579.05,588.5,587.75,588.23,155498,914.69,10012, 72897, 46.88,0.4687970263283129,2024-06-06
AARTISURF, EQ, 06-Jun-2024,661.85,685.0,685.0,662.2,666.2,664.75,670.47,23096,154.85,2029, 11116, 48.13,0.4812954624177347,2024-06-06
AARVEEDEN, EQ, 06-Jun-2024,22.3,22.3,23.4,22.25,23.4,23.2,23.16,40047,9.28,212, 27932, 69.75,0.6974804604589607,2024-06-06
AARVI, EQ, 06-Jun-2024,123.05,123.55,137.05,123.55,133.9,133.0,132.13,49075,64.84,685, 22424, 45.69,0.4569332654100866,2024-06-06
AAVAS, EQ, 06-Jun-2024,1550.35,1589.3,1657.0,1586.0,1630.0,1632.3,1636.34,255958,4188.35,24992, 112457, 43.94,0.4393572382969081,2024-06-06
ABAN, BE, 06-Jun-2024,59.9,60.65,62.85,59.9,62.85,62.85,61.67,143463,88.47,751, -, -,,2024-06-06
ABB, EQ, 06-Jun-2024,7812.7,7801.05,8144.7,7801.05,7996.0,7987.5,7962.04,483840,38523.53,66025, 153859, 31.80,0.3179956183862434,2024-06-06
ABBOTINDIA, EQ, 06-Jun-2024,27473.15,27500.0,27686.6,26882.0,26990.0,26998.8,27066.04,15980,4325.15,7117, 6745, 42.21,0.422090112640801,2024-06-06
ABCAPITAL, EQ, 06-Jun-2024,215.55,217.4,232.55,217.0,231.9,228.55,223.15,10473506,23371.97,72382, 3950343, 37.72,0.3771748447940928,2024-06-06
ABFRL, EQ, 06-Jun-2024,305.0,307.6,325.5,307.0,321.5,322.2,316.82,21111742,66885.97,182366, 7215553, 34.18,0.3417791388318406,2024-06-06
ABMINTLLTD, EQ, 06-Jun-2024,65.4,65.4,65.4,62.45,62.45,62.65,64.53,226,0.15,10, 189, 83.63,0.8362831858407079,2024-06-06
ABSLAMC, EQ, 06-Jun-2024,562.55,568.0,595.0,565.9,583.6,585.05,584.39,649472,3795.48,24198, 349045, 53.74,0.537428865293654,2024-06-06
ABSLBANETF, EQ, 06-Jun-2024,49.54,51.05,51.69,49.38,51.4,50.08,50.07,414712,207.66,696, 381000, 91.87,0.9187098516560891,2024-06-06
ABSLLIQUID, EQ, 06-Jun-2024,999.99,999.99,1000.01,999.99,1000.0,1000.0,1000.0,26765,267.65,46, 15510, 57.95,0.5794881374929945,2024-06-06
ABSLNN50ET, EQ, 06-Jun-2024,70.81,71.69,73.0,70.0,70.93,70.69,71.45,116196,83.03,645, 88015, 75.75,0.7574701366656339,2024-06-06
ABSLPSE, EQ, 06-Jun-2024,9.89,9.91,10.45,9.91,10.18,10.15,10.28,1112091,114.36,1350, 1027730, 92.41,0.9241419991709312,2024-06-06
ACC, EQ, 06-Jun-2024,2401.6,2431.6,2506.2,2431.6,2461.0,2453.55,2471.14,475470,11749.51,40557, 189302, 39.81,0.3981365806465182,2024-06-06
ACCELYA, EQ, 06-Jun-2024,1604.85,1612.6,1637.0,1605.95,1630.0,1619.6,1624.85,9954,161.74,1706, 5511, 55.36,0.5536467751657626,2024-06-06
ACCURACY, EQ, 06-Jun-2024,8.3,8.4,8.7,8.4,8.65,8.6,8.62,291585,25.13,1126, 263190, 90.26,0.9026184474510006,2024-06-06
ACE, EQ, 06-Jun-2024,1351.0,1386.55,1419.0,1376.0,1403.0,1401.1,1400.85,382996,5365.2,32116, 153976, 40.20,0.4020303084105317,2024-06-06
ACEINTEG, EQ, 06-Jun-2024,33.2,33.6,34.2,33.05,33.95,33.95,33.66,5897,1.98,86, 5266, 89.30,0.8929964388672206,2024-06-06
ACI, EQ, 06-Jun-2024,610.15,620.0,625.0,607.0,609.4,608.65,610.7,203527,1242.93,12331, 103834, 51.02,0.510173097426877,2024-06-06
ACL, EQ, 06-Jun-2024,79.9,82.9,87.85,80.0,82.65,82.9,84.2,291839,245.74,2347, 177610, 60.86,0.6085889822813263,2024-06-06
ACLGATI, EQ, 06-Jun-2024,97.05,97.3,100.35,93.7,94.3,94.45,96.36,909260,876.15,7601, 650926, 71.59,0.7158854453071729,2024-06-06
ADANIENSOL, EQ, 06-Jun-2024,951.7,995.0,1020.0,983.4,1002.5,1001.05,1004.84,8559362,86007.86,149325, 3793743, 44.32,0.4432273106336664,2024-06-06
ADANIENT, EQ, 06-Jun-2024,3115.35,3184.0,3222.4,3137.15,3181.6,3185.65,3186.26,5873271,187137.85,278600, 2085794, 35.51,0.3551332809264207,2024-06-06
ADANIGREEN, EQ, 06-Jun-2024,1828.85,1875.0,1919.0,1845.0,1860.55,1865.2,1883.27,1909863,35967.88,94164, 522718, 27.37,0.27369397700253895,2024-06-06
ADANIPORTS, EQ, 06-Jun-2024,1354.6,1384.0,1404.0,1344.8,1357.0,1352.95,1370.84,12153840,166609.21,441222, 3156093, 25.97,0.25967866945755413,2024-06-06
ADANIPOWER, EQ, 06-Jun-2024,726.65,749.9,790.0,745.15,750.0,749.35,768.08,17408648,133712.7,281147, 5294198, 30.41,0.3041131051647434,2024-06-06
ADFFOODS, EQ, 06-Jun-2024,212.4,216.55,220.55,213.85,217.0,217.05,217.97,190540,415.32,5905, 104889, 55.05,0.5504828382491865,2024-06-06
ADL, EQ, 06-Jun-2024,78.45,78.45,83.9,78.45,82.9,81.75,82.22,1339,1.1,54, 1033, 77.15,0.7714712471994025,2024-06-06
ADORWELD, EQ, 06-Jun-2024,1179.8,1197.5,1259.0,1197.5,1253.0,1252.3,1233.43,16093,198.5,4280, 7693, 47.80,0.47803392779469334,2024-06-06
ADROITINFO, EQ, 06-Jun-2024,18.9,19.75,19.8,18.1,18.25,18.5,18.89,78611,14.85,477, 53914, 68.58,0.6858327714950834,2024-06-06
ADSL, EQ, 06-Jun-2024,135.05,136.25,141.15,136.25,139.5,139.35,139.54,231845,323.53,3479, 108918, 46.98,0.46978800491707823,2024-06-06
ADVANIHOTR, EQ, 06-Jun-2024,66.6,67.6,72.8,67.45,68.1,68.4,70.1,319900,224.25,3607, 77543, 24.24,0.2423976242575805,2024-06-06
ADVENZYMES, EQ, 06-Jun-2024,352.5,354.9,364.5,352.5,360.0,360.8,360.31,77145,277.96,5785, 46034, 59.67,0.5967204614686629,2024-06-06
AEGISCHEM, EQ, 06-Jun-2024,705.45,730.0,833.0,720.3,789.95,791.15,787.38,4231419,33317.26,125023, 838071, 19.81,0.1980590908156342,2024-06-06
AEROFLEX, EQ, 06-Jun-2024,131.6,132.9,135.45,132.45,134.0,133.85,134.04,250732,336.08,4536, 81297, 32.42,0.32423862929342884,2024-06-06
AETHER, EQ, 06-Jun-2024,793.05,800.0,811.0,796.0,796.0,800.05,803.29,29328,235.59,2319, 18604, 63.43,0.634342607746863,2024-06-06
AFFLE, EQ, 06-Jun-2024,1106.2,1135.2,1175.0,1111.0,1155.35,1155.9,1153.42,731856,8441.34,57199, 271075, 37.04,0.37039390262565314,2024-06-06
AGARIND, EQ, 06-Jun-2024,871.55,865.0,923.5,865.0,912.0,917.2,908.79,67331,611.9,6313, 30985, 46.02,0.4601892144777294,2024-06-06
AGI, EQ, 06-Jun-2024,643.7,649.9,688.95,645.25,663.0,663.45,668.27,166044,1109.62,12523, 69972, 42.14,0.42140637421406374,2024-06-06
AGRITECH, EQ, 06-Jun-2024,181.8,186.85,190.95,180.1,186.5,185.55,185.79,4923,9.15,487, 2843, 57.75,0.577493398334349,2024-06-06
AGROPHOS, EQ, 06-Jun-2024,41.2,42.05,44.85,42.05,43.2,43.15,43.43,59326,25.77,546, 33239, 56.03,0.5602771129015945,2024-06-06
AGSTRA, EQ, 06-Jun-2024,68.55,68.55,71.9,68.55,71.85,71.1,70.64,227991,161.04,1094, 160652, 70.46,0.7046418498975837,2024-06-06
AHL, EQ, 06-Jun-2024,395.25,413.95,413.95,396.15,400.75,405.9,402.81,151246,609.24,1179, 65557, 43.34,0.4334461737831083,2024-06-06
AHLADA, BE, 06-Jun-2024,113.3,113.0,118.95,112.55,118.95,118.95,118.4,128681,152.36,581, -, -,,2024-06-06
AHLEAST, EQ, 06-Jun-2024,139.05,140.2,142.75,139.55,140.0,140.8,141.67,13487,19.11,245, 9222, 68.38,0.6837695558686142,2024-06-06
AHLUCONT, EQ, 06-Jun-2024,1112.7,1121.45,1174.95,1098.5,1154.0,1161.6,1150.02,116972,1345.2,18142, 52240, 44.66,0.4466026057518038,2024-06-06
AIAENG, EQ, 06-Jun-2024,3660.35,3664.15,3749.0,3648.1,3662.0,3669.9,3688.57,32723,1207.01,7900, 16181, 49.45,0.4944840020780491,2024-06-06
AIIL, EQ, 06-Jun-2024,854.65,878.0,990.0,840.45,975.0,970.3,883.03,639912,5650.64,22381, 465464, 72.74,0.7273875157834202,2024-06-06
AIRAN, EQ, 06-Jun-2024,25.6,26.65,26.65,25.6,26.45,26.25,26.02,155910,40.57,823, 113926, 73.07,0.7307164389712013,2024-06-06
AIROLAM, EQ, 06-Jun-2024,137.4,137.85,144.0,137.85,142.65,142.55,141.42,6453,9.13,412, 2924, 45.31,0.4531225786455912,2024-06-06
AJANTPHARM, EQ, 06-Jun-2024,2326.2,2328.0,2329.05,2285.0,2299.55,2301.65,2303.19,46104,1061.86,8564, 23449, 50.86,0.508610966510498,2024-06-06
AJMERA, EQ, 06-Jun-2024,648.8,658.55,669.0,648.0,661.0,657.2,657.72,75374,495.75,7299, 24562, 32.59,0.3258683365616791,2024-06-06
AJOONI, EQ, 06-Jun-2024,5.9,5.95,5.95,5.55,5.6,5.6,5.71,2042512,116.55,2029, 822571, 40.27,0.40272517370766975,2024-06-06
AKASH, EQ, 06-Jun-2024,34.3,35.7,35.7,34.0,34.1,35.0,34.65,34385,11.91,220, 22123, 64.34,0.6433910135233387,2024-06-06
AKG, EQ, 06-Jun-2024,20.9,21.35,22.9,21.25,22.75,22.8,22.49,374615,84.24,715, 320951, 85.67,0.8567489289003377,2024-06-06
AKI, EQ, 06-Jun-2024,21.2,22.15,22.25,21.55,22.25,22.25,22.24,82857,18.43,160, 73171, 88.31,0.8830997984479284,2024-06-06
AKSHAR, BE, 06-Jun-2024,2.5,2.55,2.6,2.5,2.6,2.6,2.56,654180,16.73,1190, -, -,,2024-06-06
AKSHARCHEM, EQ, 06-Jun-2024,252.3,250.0,259.0,250.0,259.0,256.85,256.28,10761,27.58,567, 8738, 81.20,0.8120063191153238,2024-06-06
AKSHOPTFBR, BE, 06-Jun-2024,8.3,8.3,8.6,8.3,8.6,8.55,8.47,172971,14.65,314, -, -,,2024-06-06
AKZOINDIA, EQ, 06-Jun-2024,2614.5,2614.5,2659.9,2600.9,2659.9,2650.7,2643.91,14734,389.55,4803, 5782, 39.24,0.3924256820958328,2024-06-06
ALANKIT, EQ, 06-Jun-2024,18.95,18.95,19.85,18.8,19.85,19.85,19.66,470339,92.45,1055, 343934, 73.12,0.7312470367118185,2024-06-06
ALBERTDAVD, EQ, 06-Jun-2024,1070.55,1071.0,1107.95,1071.0,1083.9,1083.2,1089.86,7614,82.98,780, 5783, 75.95,0.7595219332807985,2024-06-06
ALEMBICLTD, EQ, 06-Jun-2024,94.7,95.7,98.35,95.35,97.45,97.35,97.21,703228,683.64,5217, 301843, 42.92,0.42922494553686713,2024-06-06
ALICON, EQ, 06-Jun-2024,1056.05,1069.6,1091.05,1052.1,1079.0,1074.8,1078.3,18493,199.41,3365, 7334, 39.66,0.39658249067214624,2024-06-06
ALKALI, EQ, 06-Jun-2024,105.6,106.9,112.0,106.9,111.95,110.75,109.58,15317,16.78,318, 8959, 58.49,0.5849056603773585,2024-06-06
ALKEM, EQ, 06-Jun-2024,4825.15,4840.35,4889.1,4775.0,4841.1,4854.6,4835.66,184279,8911.11,28262, 107394, 58.28,0.5827793725817917,2024-06-06
ALKYLAMINE, EQ, 06-Jun-2024,1930.35,1950.0,1976.0,1939.95,1975.0,1971.85,1966.02,38277,752.53,5403, 24319, 63.53,0.6353423727042349,2024-06-06
ALLCARGO, EQ, 06-Jun-2024,64.95,64.9,69.95,64.75,66.2,66.0,66.69,3906420,2605.09,15144, 1625459, 41.61,0.41609939535431417,2024-06-06
ALLSEC, EQ, 06-Jun-2024,1005.75,1026.6,1040.95,1015.2,1028.0,1028.5,1028.82,17467,179.7,1262, 10983, 62.88,0.6287857101963703,2024-06-06
ALMONDZ, EQ, 06-Jun-2024,107.3,108.8,112.15,108.8,110.05,110.4,110.38,11924,13.16,213, 6767, 56.75,0.5675109023817511,2024-06-06
ALOKINDS, EQ, 06-Jun-2024,24.35,24.55,25.55,24.5,25.55,25.55,25.4,2880259,731.54,5399, 2290668, 79.53,0.795299311624406,2024-06-06
ALPA, EQ, 06-Jun-2024,79.75,81.5,82.85,79.6,80.75,81.35,81.37,55218,44.93,574, 34082, 61.72,0.6172262667970589,2024-06-06
ALPHA, EQ, 06-Jun-2024,49.72,51.01,51.97,50.03,51.41,51.44,51.6,2643030,1363.81,4212, 2156860, 81.61,0.8160558147277934,2024-06-06
ALPHAETF, EQ, 06-Jun-2024,24.98,25.75,26.16,25.11,25.82,25.81,25.85,387806,100.26,1196, 289060, 74.54,0.7453726863431716,2024-06-06
ALPHAGEO, EQ, 06-Jun-2024,327.1,336.0,343.85,330.0,332.8,331.2,336.34,18678,62.82,984, 9313, 49.86,0.4986079880072813,2024-06-06
ALPL30IETF, EQ, 06-Jun-2024,27.55,27.81,27.87,27.21,27.76,27.73,27.67,1293920,358.05,2311, 1115837, 86.24,0.8623693891430692,2024-06-06
ALPSINDUS, BE, 06-Jun-2024,3.35,3.3,3.3,3.3,3.3,3.3,3.3,13272,0.44,76, -, -,,2024-06-06
AMBER, EQ, 06-Jun-2024,3635.55,3678.0,3770.0,3656.15,3715.0,3717.65,3730.21,66946,2497.23,12646, 26533, 39.63,0.3963343590356407,2024-06-06
AMBICAAGAR, EQ, 06-Jun-2024,24.95,26.1,26.1,23.7,23.95,24.05,24.19,126923,30.7,1344, 78647, 61.96,0.6196434058444884,2024-06-06
AMBIKCO, EQ, 06-Jun-2024,1506.9,1524.4,1534.45,1508.4,1520.0,1520.6,1522.99,8529,129.9,1445, 5705, 66.89,0.6688943604173995,2024-06-06
AMBUJACEM, EQ, 06-Jun-2024,598.9,608.0,622.25,603.75,610.0,610.05,612.94,3774112,23132.97,132252, 1581755, 41.91,0.41910653419930305,2024-06-06
AMDIND, EQ, 06-Jun-2024,60.2,63.0,66.2,60.3,66.2,66.2,65.06,48046,31.26,407, 27638, 57.52,0.5752403946218207,2024-06-06
AMIORG, EQ, 06-Jun-2024,1105.35,1124.9,1215.0,1112.7,1211.95,1210.4,1154.91,381384,4404.64,30361, 189881, 49.79,0.49787353428565434,2024-06-06
AMJLAND, EQ, 06-Jun-2024,38.05,38.85,39.45,38.05,38.8,38.55,38.75,59985,23.25,431, 36397, 60.68,0.6067683587563557,2024-06-06
AMNPLST, EQ, 06-Jun-2024,202.9,203.85,204.7,198.0,199.85,198.55,201.1,4946,9.95,402, 2598, 52.53,0.5252729478366357,2024-06-06
AMRUTANJAN, EQ, 06-Jun-2024,710.15,715.15,726.5,704.25,722.25,715.75,717.24,49158,352.58,4018, 24486, 49.81,0.4981081410960576,2024-06-06
ANANDRATHI, EQ, 06-Jun-2024,3993.4,3980.0,4135.15,3958.65,4000.0,3996.45,4017.29,25590,1028.03,5172, 15050, 58.81,0.5881203595154357,2024-06-06
ANANTRAJ, EQ, 06-Jun-2024,355.1,359.05,381.4,359.05,378.0,378.15,371.9,1701467,6327.72,33684, 851993, 50.07,0.5007402435662872,2024-06-06
ANDHRAPAP, EQ, 06-Jun-2024,485.0,489.1,498.0,487.55,491.0,489.1,491.9,73932,363.67,5946, 37690, 50.98,0.5097927825569443,2024-06-06
ANDHRSUGAR, EQ, 06-Jun-2024,102.25,104.5,108.5,102.25,104.5,104.65,105.09,743056,780.91,6520, 411401, 55.37,0.5536608277168881,2024-06-06
ANGELONE, EQ, 06-Jun-2024,2352.95,2420.65,2530.0,2388.05,2524.0,2514.95,2475.85,667068,16515.58,60236, 271782, 40.74,0.4074277285074385,2024-06-06
ANIKINDS, EQ, 06-Jun-2024,44.3,46.3,47.85,44.35,47.85,47.65,46.83,14258,6.68,355, 7659, 53.72,0.5371721139009679,2024-06-06
ANKITMETAL, BE, 06-Jun-2024,3.75,3.75,3.85,3.6,3.75,3.75,3.76,39773,1.49,120, -, -,,2024-06-06
ANMOL, EQ, 06-Jun-2024,34.95,35.4,35.8,35.1,35.35,35.4,35.49,104563,37.11,778, 72703, 69.53,0.6953033099662405,2024-06-06
ANSALAPI, BZ, 06-Jun-2024,8.25,8.5,8.65,8.1,8.65,8.65,8.63,51275,4.42,48, -, -,,2024-06-06
ANTGRAPHIC, EQ, 06-Jun-2024,1.55,1.55,1.55,1.5,1.5,1.55,1.52,582337,8.86,1072, 440996, 75.73,0.7572865883500447,2024-06-06
ANUP, EQ, 06-Jun-2024,1748.75,1779.95,1842.35,1765.0,1790.15,1789.75,1802.77,39305,708.58,7362, 17165, 43.67,0.43671288640122125,2024-06-06
ANURAS, EQ, 06-Jun-2024,774.75,774.0,776.45,768.6,771.0,771.7,772.56,881953,6813.59,8409, 787905, 89.34,0.8933639320916194,2024-06-06
APARINDS, EQ, 06-Jun-2024,7605.05,7639.9,7851.0,7620.8,7677.0,7671.4,7753.14,118485,9186.31,19242, 61477, 51.89,0.5188589272903743,2024-06-06
APCL, EQ, 06-Jun-2024,165.3,168.75,175.0,166.05,175.0,173.85,171.94,15781,27.13,810, 8005, 50.73,0.5072555604841265,2024-06-06
APCOTEXIND, EQ, 06-Jun-2024,397.0,397.05,402.9,395.55,399.0,400.25,399.57,30140,120.43,2014, 16891, 56.04,0.5604180491041805,2024-06-06
APEX, EQ, 06-Jun-2024,208.85,210.0,222.0,210.0,218.0,217.35,218.24,277343,605.27,10809, 116915, 42.16,0.42155381603285463,2024-06-06
APLAPOLLO, EQ, 06-Jun-2024,1472.6,1501.0,1586.9,1492.2,1565.75,1572.1,1555.0,541029,8413.0,51476, 277040, 51.21,0.5120612758280979,2024-06-06
APLLTD, EQ, 06-Jun-2024,892.0,894.0,900.55,875.25,896.5,893.2,888.81,126515,1124.48,16271, 70909, 56.05,0.5604789945856222,2024-06-06
APOLLO, EQ, 06-Jun-2024,102.0,103.15,107.1,103.0,106.5,105.85,105.84,1010667,1069.65,9825, 609132, 60.27,0.6027029674462508,2024-06-06
APOLLOHOSP, EQ, 06-Jun-2024,5934.65,5970.0,5975.0,5900.0,5949.65,5962.0,5937.47,490549,29126.21,75317, 270234, 55.09,0.5508807478967442,2024-06-06
APOLLOPIPE, EQ, 06-Jun-2024,664.5,668.0,679.9,644.95,659.95,667.9,668.41,267387,1787.24,8086, 202106, 75.59,0.755855744669711,2024-06-06
APOLLOTYRE, EQ, 06-Jun-2024,470.15,474.0,474.0,466.25,472.0,471.0,470.65,2364537,11128.59,43857, 1093396, 46.24,0.4624144177062994,2024-06-06
APOLSINHOT, EQ, 06-Jun-2024,1507.9,1520.6,1575.0,1504.6,1545.0,1545.9,1555.07,3304,51.38,813, 2093, 63.35,0.6334745762711864,2024-06-06
APTECHT, EQ, 06-Jun-2024,215.4,216.9,223.55,216.9,217.6,218.05,219.14,157747,345.69,8551, 78527, 49.78,0.49780344475647714,2024-06-06
APTUS, EQ, 06-Jun-2024,302.5,305.7,319.5,305.55,309.5,311.7,313.25,766621,2401.45,37366, 425532, 55.51,0.5550748022817011,2024-06-06
ARCHIDPLY, BE, 06-Jun-2024,100.2,100.5,105.2,100.1,103.75,103.65,103.72,22071,22.89,203, -, -,,2024-06-06
ARCHIES, BE, 06-Jun-2024,23.6,23.5,24.75,23.5,24.7,24.6,24.52,25045,6.14,147, -, -,,2024-06-06
ARE&M, EQ, 06-Jun-2024,1217.4,1265.0,1333.0,1246.55,1283.0,1277.5,1296.95,7416493,96188.35,189386, 2190672, 29.54,0.29537842211945725,2024-06-06
ARENTERP, EQ, 06-Jun-2024,39.05,40.8,40.85,39.45,40.55,40.15,40.41,3147,1.27,61, 2787, 88.56,0.8856053384175405,2024-06-06
ARIES, EQ, 06-Jun-2024,223.7,224.9,236.85,224.9,228.6,228.6,231.18,77466,179.08,1988, 30830, 39.80,0.39798104975085846,2024-06-06
ARIHANTCAP, EQ, 06-Jun-2024,61.3,61.65,64.1,61.65,63.85,63.3,63.34,317648,201.21,1953, 176145, 55.45,0.5545289125069259,2024-06-06
ARIHANTSUP, EQ, 06-Jun-2024,316.75,319.55,341.0,319.5,340.0,335.6,330.11,46186,152.47,2617, 26758, 57.94,0.5793530507080068,2024-06-06
ARMANFIN, EQ, 06-Jun-2024,2079.4,2061.0,2322.0,2061.0,2309.0,2287.75,2281.54,231773,5288.0,16912, 179024, 77.24,0.7724109365629301,2024-06-06
AROGRANITE, EQ, 06-Jun-2024,50.4,52.4,54.55,51.0,53.25,53.45,52.82,45387,23.97,479, 32986, 72.68,0.7267719831669861,2024-06-06
ARROWGREEN, EQ, 06-Jun-2024,560.2,566.9,577.9,554.95,560.8,559.6,566.56,101310,573.98,8510, 39718, 39.20,0.3920442207087158,2024-06-06
ARSHIYA, BE, 06-Jun-2024,5.9,6.1,6.15,5.75,6.0,5.95,6.07,1584410,96.19,355, -, -,,2024-06-06
ARTEMISMED, EQ, 06-Jun-2024,174.85,174.4,179.7,173.05,174.05,174.3,176.64,79669,140.73,2487, 43965, 55.18,0.5518457618396114,2024-06-06
ARTNIRMAN, EQ, 06-Jun-2024,54.95,55.0,57.65,55.0,57.65,57.65,56.37,3977,2.24,42, 3824, 96.15,0.9615287905456374,2024-06-06
ARVEE, BE, 06-Jun-2024,177.95,180.9,183.2,177.95,182.0,182.25,181.32,747,1.35,48, -, -,,2024-06-06
ARVIND, EQ, 06-Jun-2024,346.65,353.2,365.3,349.05,362.0,362.55,361.73,1134043,4102.16,24835, 936211, 82.56,0.825551588431832,2024-06-06
ARVINDFASN, EQ, 06-Jun-2024,446.65,447.0,463.3,447.0,462.0,460.3,458.06,298039,1365.2,20580, 199991, 67.10,0.6710229198192182,2024-06-06
ARVSMART, EQ, 06-Jun-2024,583.2,587.0,639.0,586.85,635.0,632.9,626.51,130071,814.9,10459, 74492, 57.27,0.5727026008872077,2024-06-06
ASAHIINDIA, EQ, 06-Jun-2024,580.45,582.0,600.9,582.0,591.65,592.45,592.7,73662,436.6,5388, 35756, 48.54,0.485406315332193,2024-06-06
ASAHISONG, EQ, 06-Jun-2024,384.4,388.0,388.0,376.1,383.0,381.8,381.16,15284,58.26,1921, 7426, 48.59,0.48586757393352525,2024-06-06
ASAL, EQ, 06-Jun-2024,829.65,838.9,920.0,838.9,887.35,889.95,889.86,217049,1931.43,21362, 64715, 29.82,0.29815848034314835,2024-06-06
ASALCBR, EQ, 06-Jun-2024,554.5,560.0,568.95,552.2,560.8,560.25,561.43,35590,199.81,4473, 18788, 52.79,0.5279010958134307,2024-06-06
ASHAPURMIN, EQ, 06-Jun-2024,339.45,344.0,356.25,341.05,347.5,347.15,349.86,102415,358.31,7924, 65888, 64.33,0.6433432602646096,2024-06-06
ASHIANA, EQ, 06-Jun-2024,351.4,358.9,374.85,356.2,365.6,368.4,367.34,162235,595.95,10678, 55736, 34.36,0.34355102166610163,2024-06-06
ASHIMASYN, EQ, 06-Jun-2024,29.85,30.05,32.5,30.05,31.35,31.3,31.65,2289673,724.75,5407, 1215197, 53.07,0.5307294971814752,2024-06-06
ASHOKA, EQ, 06-Jun-2024,180.1,183.0,190.05,182.55,187.9,186.35,186.46,2642559,4927.4,33691, 1141040, 43.18,0.4317935758482592,2024-06-06
ASHOKAMET, EQ, 06-Jun-2024,20.9,20.6,21.9,20.15,21.15,21.6,21.19,1667183,353.24,2512, 964951, 57.88,0.5787912904582161,2024-06-06
ASHOKLEY, EQ, 06-Jun-2024,224.15,225.4,231.05,223.55,225.9,225.7,226.95,18592488,42195.07,138276, 7155911, 38.49,0.3848818404508315,2024-06-06
ASIANENE, EQ, 06-Jun-2024,258.45,260.0,271.35,260.0,271.35,270.9,269.88,83818,226.21,930, 69707, 83.16,0.8316471402324083,2024-06-06
ASIANHOTNR, BE, 06-Jun-2024,132.15,132.15,138.6,132.15,135.7,135.7,137.64,2326,3.2,19, -, -,,2024-06-06
ASIANPAINT, EQ, 06-Jun-2024,2961.75,2960.0,2961.75,2882.25,2910.0,2904.8,2918.03,1689408,49297.38,161111, 718865, 42.55,0.4255129607531159,2024-06-06
ASIANTILES, EQ, 06-Jun-2024,59.5,59.95,61.3,59.0,60.9,60.6,60.15,627532,377.49,3511, 376576, 60.01,0.6000905133124685,2024-06-06
ASKAUTOLTD, EQ, 06-Jun-2024,309.75,308.0,315.0,308.0,313.95,313.4,312.32,279053,871.53,4587, 195425, 70.03,0.700314993925885,2024-06-06
ASMS, EQ, 06-Jun-2024,19.0,18.65,19.35,18.65,18.7,18.7,18.93,313763,59.4,1201, 259354, 82.66,0.8265920455885494,2024-06-06
ASPINWALL, EQ, 06-Jun-2024,255.8,259.8,268.9,259.8,266.0,266.15,264.79,7414,19.63,601, 3693, 49.81,0.4981116806042622,2024-06-06
ASTEC, EQ, 06-Jun-2024,1143.35,1160.0,1189.15,1144.65,1146.15,1149.6,1164.57,42359,493.3,4039, 28025, 66.16,0.6616067423688,2024-06-06
ASTERDM, EQ, 06-Jun-2024,337.1,344.15,360.0,341.2,356.7,357.3,352.5,1878491,6621.74,39517, 1036436, 55.17,0.551738602953115,2024-06-06
ASTRAL, EQ, 06-Jun-2024,2116.3,2127.95,2184.0,2110.5,2142.15,2149.3,2152.23,465552,10019.76,41933, 237709, 51.06,0.5105960236450493,2024-06-06
ASTRAMICRO, EQ, 06-Jun-2024,752.15,759.7,795.0,759.0,779.0,774.9,780.53,789218,6160.12,34455, 293713, 37.22,0.37215699591240947,2024-06-06
ASTRAZEN, EQ, 06-Jun-2024,6012.45,6048.0,6230.0,6008.45,6210.0,6205.15,6165.77,6589,406.26,2553, 2880, 43.71,0.43709212323569585,2024-06-06
ASTRON, BE, 06-Jun-2024,19.8,19.6,19.6,19.4,19.4,19.4,19.43,61225,11.89,93, -, -,,2024-06-06
ATALREAL, BE, 06-Jun-2024,7.5,7.8,7.8,7.15,7.35,7.2,7.23,644455,46.6,943, -, -,,2024-06-06
ATAM, BE, 06-Jun-2024,193.5,194.0,201.5,194.0,201.4,199.65,201.15,106435,214.1,198, -, -,,2024-06-06
ATFL, EQ, 06-Jun-2024,699.1,703.95,706.0,693.3,699.9,699.65,699.92,91587,641.04,2139, 83225, 90.87,0.9086988328037822,2024-06-06
ATGL, EQ, 06-Jun-2024,936.25,965.0,993.0,956.2,973.5,969.55,975.21,3249825,31692.74,97130, 758647, 23.34,0.2334424161300993,2024-06-06
ATL, EQ, 06-Jun-2024,50.85,51.25,53.35,50.8,51.0,51.0,51.92,663392,344.46,3829, 386937, 58.33,0.5832705248179055,2024-06-06
ATLANTAA, BE, 06-Jun-2024,36.45,36.5,36.5,35.95,35.95,35.95,36.23,90203,32.68,167, -, -,,2024-06-06
ATUL, EQ, 06-Jun-2024,5817.8,5850.0,5855.9,5765.0,5829.4,5815.2,5808.2,68379,3971.59,8910, 40700, 59.52,0.5952119802863453,2024-06-06
ATULAUTO, EQ, 06-Jun-2024,529.85,539.0,542.0,532.0,534.0,534.9,537.07,116205,624.1,6638, 53591, 46.12,0.46117636934727424,2024-06-06
AUBANK, EQ, 06-Jun-2024,669.55,670.0,678.5,654.0,663.0,660.55,665.13,2358058,15684.16,70143, 929971, 39.44,0.3943800364537259,2024-06-06
AURIONPRO, EQ, 06-Jun-2024,2120.5,2190.0,2219.95,2121.05,2124.0,2128.2,2164.57,17928,388.06,2283, 11612, 64.77,0.6477019187862562,2024-06-06
AUROPHARMA, EQ, 06-Jun-2024,1266.4,1267.4,1270.95,1233.85,1252.0,1251.3,1254.02,1165617,14617.12,44324, 540147, 46.34,0.46340007052059123,2024-06-06
AURUM, EQ, 06-Jun-2024,140.6,140.95,143.85,140.2,141.5,141.35,142.11,35914,51.04,705, 18806, 52.36,0.5236398062037089,2024-06-06
AUSOMENT, BE, 06-Jun-2024,92.0,96.5,96.6,96.5,96.6,96.6,96.59,5148,4.97,68, -, -,,2024-06-06
AUTOAXLES, EQ, 06-Jun-2024,1885.85,1914.15,2038.4,1897.65,1985.0,1990.4,1976.89,26380,521.5,3982, 13870, 52.58,0.5257771038665656,2024-06-06
AUTOBEES, EQ, 06-Jun-2024,246.76,247.76,250.0,245.67,248.35,247.88,247.32,210734,521.19,3692, 121153, 57.49,0.5749096016779447,2024-06-06
AUTOIETF, EQ, 06-Jun-2024,24.78,24.91,24.91,24.58,24.79,24.77,24.72,527244,130.34,2411, 303867, 57.63,0.5763308828549969,2024-06-06
AUTOIND, EQ, 06-Jun-2024,115.2,115.5,118.4,115.0,117.0,116.95,116.8,65113,76.05,1635, 34866, 53.55,0.5354691075514875,2024-06-06
AVADHSUGAR, EQ, 06-Jun-2024,534.3,534.95,548.8,525.05,528.0,526.85,534.9,59014,315.67,4031, 26798, 45.41,0.4540956383231098,2024-06-06
AVALON, EQ, 06-Jun-2024,471.7,475.0,485.0,474.0,479.0,479.9,479.37,93252,447.02,7943, 53681, 57.57,0.575655213829194,2024-06-06
AVANTIFEED, EQ, 06-Jun-2024,523.15,540.0,572.4,530.0,565.95,565.35,556.89,2477120,13794.73,75165, 730590, 29.49,0.2949352473840589,2024-06-06
AVG, EQ, 06-Jun-2024,444.0,457.8,457.95,433.0,444.0,440.2,443.73,79224,351.54,5325, 43887, 55.40,0.5539609209330506,2024-06-06
AVONMORE, EQ, 06-Jun-2024,110.8,114.8,115.8,107.95,114.0,114.2,112.91,18226,20.58,445, 11055, 60.66,0.6065510808734774,2024-06-06
AVROIND, EQ, 06-Jun-2024,111.5,114.0,117.1,111.1,116.0,115.9,114.78,25113,28.83,442, 15371, 61.21,0.6120734281049656,2024-06-06
AVTNPL, EQ, 06-Jun-2024,81.75,83.0,84.0,81.9,82.5,82.4,82.97,138951,115.28,1985, 85634, 61.63,0.6162891954717851,2024-06-06
AWFIS, EQ, 06-Jun-2024,413.25,408.0,418.15,406.95,409.5,408.65,410.76,308675,1267.93,9509, 179154, 58.04,0.5803968575362436,2024-06-06
AWHCL, EQ, 06-Jun-2024,410.25,417.2,446.0,411.55,446.0,441.2,430.21,258437,1111.82,17984, 113584, 43.95,0.43950363144596166,2024-06-06
AWL, EQ, 06-Jun-2024,334.2,342.0,348.15,337.0,343.7,343.45,343.46,3458914,11879.98,44912, 986967, 28.53,0.2853401385521583,2024-06-06
AXISBANK, EQ, 06-Jun-2024,1184.5,1192.1,1195.9,1163.25,1174.0,1170.95,1177.39,12006879,141367.79,334949, 6072523, 50.58,0.5057536600477109,2024-06-06
AXISBNKETF, EQ, 06-Jun-2024,499.95,504.31,506.76,499.35,501.74,501.83,502.95,1793,9.02,116, 1224, 68.27,0.682654768544339,2024-06-06
AXISBPSETF, EQ, 06-Jun-2024,11.68,11.8,11.8,11.7,11.74,11.7,11.74,86230,10.12,430, 47771, 55.40,0.5539951293053461,2024-06-06
AXISCADES, EQ, 06-Jun-2024,458.0,465.3,494.55,463.8,466.4,467.15,478.11,172987,827.08,13039, 79744, 46.10,0.4609826171908872,2024-06-06
AXISCETF, EQ, 06-Jun-2024,111.66,111.16,111.73,110.16,111.61,111.55,111.29,10318,11.48,106, 7650, 74.14,0.7414227563481295,2024-06-06
AXISGOLD, EQ, 06-Jun-2024,61.2,62.3,62.3,61.52,61.72,61.9,61.84,105928,65.51,1407, 68755, 64.91,0.649072955214863,2024-06-06
AXISHCETF, EQ, 06-Jun-2024,122.04,122.05,123.42,121.55,122.3,122.79,122.79,4341,5.33,95, 3570, 82.24,0.8223911541119557,2024-06-06
AXISILVER, EQ, 06-Jun-2024,89.79,91.6,92.5,91.01,91.95,91.98,92.05,12606,11.6,168, 8456, 67.08,0.6707916864984927,2024-06-06
AXISNIFTY, EQ, 06-Jun-2024,244.14,245.48,247.79,244.49,247.31,246.94,245.38,19614,48.13,215, 14025, 71.51,0.7150504741511166,2024-06-06
AXISTECETF, EQ, 06-Jun-2024,350.23,351.9,361.0,351.9,361.0,359.55,357.37,16193,57.87,463, 13612, 84.06,0.8406101401840301,2024-06-06
AXITA, EQ, 06-Jun-2024,20.0,20.2,20.5,19.95,20.1,20.1,20.2,2172011,438.83,4121, 952321, 43.85,0.43845127856166477,2024-06-06
AXSENSEX, EQ, 06-Jun-2024,76.13,75.92,76.34,75.49,76.34,75.91,75.93,625,0.47,46, 343, 54.88,0.5488,2024-06-06
AYMSYNTEX, EQ, 06-Jun-2024,88.7,90.5,94.0,89.3,91.45,90.45,91.36,120756,110.32,1388, 78271, 64.82,0.6481748318924111,2024-06-06
AZAD, EQ, 06-Jun-2024,1494.95,1555.0,1569.65,1510.0,1550.0,1551.35,1548.7,283500,4390.57,12816, 142291, 50.19,0.5019082892416226,2024-06-06
BAGFILMS, BE, 06-Jun-2024,8.2,8.2,8.6,8.05,8.6,8.55,8.49,155834,13.23,373, -, -,,2024-06-06
BAIDFIN, EQ, 06-Jun-2024,20.1,20.05,20.55,19.75,20.0,19.9,20.13,703607,141.66,1704, 204678, 29.09,0.29089818606125295,2024-06-06
BAJAJ-AUTO, EQ, 06-Jun-2024,9602.25,9595.3,9740.0,9454.0,9676.0,9701.45,9637.97,570095,54945.58,99883, 195742, 34.33,0.3433497925784299,2024-06-06
BAJAJCON, EQ, 06-Jun-2024,238.7,240.9,246.1,240.7,244.15,244.2,243.71,468383,1141.51,12455, 256317, 54.72,0.5472380509113268,2024-06-06
BAJAJELEC, EQ, 06-Jun-2024,930.1,938.0,984.85,937.95,968.55,963.8,965.29,150387,1451.67,17169, 61016, 40.57,0.4057265588115994,2024-06-06
BAJAJFINSV, EQ, 06-Jun-2024,1517.7,1521.5,1541.5,1510.8,1531.0,1526.45,1524.58,2891789,44087.58,128791, 1693919, 58.58,0.5857685329047174,2024-06-06
BAJAJHCARE, EQ, 06-Jun-2024,286.55,285.25,294.85,285.25,290.0,290.95,291.41,31611,92.12,2047, 18329, 57.98,0.579829806080162,2024-06-06
BAJAJHIND, EQ, 06-Jun-2024,31.5,31.95,32.6,31.65,32.3,32.3,32.16,12555040,4038.07,17714, 5683928, 45.27,0.45272081968675526,2024-06-06
BAJAJHLDNG, EQ, 06-Jun-2024,8048.9,8129.0,8145.0,8052.05,8144.9,8130.3,8124.07,17926,1456.32,7055, 10922, 60.93,0.609282606270222,2024-06-06
BAJEL, EQ, 06-Jun-2024,241.4,244.05,253.45,244.05,253.45,253.45,250.92,771226,1935.17,4872, 322183, 41.78,0.4177543288219018,2024-06-06
BAJFINANCE, EQ, 06-Jun-2024,6836.65,6850.0,7012.95,6822.3,6924.0,6925.8,6932.58,1465716,101611.91,159320, 744530, 50.80,0.5079633435126587,2024-06-06
BALAJITELE, EQ, 06-Jun-2024,59.4,60.1,62.35,60.1,62.35,62.35,62.03,141525,87.79,458, 124002, 87.62,0.8761844197138314,2024-06-06
BALAMINES, EQ, 06-Jun-2024,2109.1,2140.0,2149.45,2118.2,2128.25,2124.65,2127.74,21629,460.21,3897, 12244, 56.61,0.5660918211660271,2024-06-06
BALAXI, EQ, 06-Jun-2024,107.1,107.65,112.15,103.65,103.65,106.5,108.56,41124,44.65,787, 25417, 61.81,0.6180575819472814,2024-06-06
BALKRISHNA, EQ, 06-Jun-2024,25.3,25.35,25.85,23.85,24.25,24.25,24.67,157222,38.78,1199, 80892, 51.45,0.5145081477146964,2024-06-06
BALKRISIND, EQ, 06-Jun-2024,3123.0,3119.0,3155.0,3075.5,3109.85,3108.5,3114.24,282371,8793.7,34449, 97427, 34.50,0.3450318906686593,2024-06-06
BALMLAWRIE, EQ, 06-Jun-2024,229.5,233.0,253.0,233.0,247.5,247.1,245.87,1611139,3961.33,36200, 611177, 37.93,0.3793446747921812,2024-06-06
BALPHARMA, EQ, 06-Jun-2024,107.75,109.9,113.3,109.9,112.95,112.2,111.91,57590,64.45,867, 32523, 56.47,0.5647334606702552,2024-06-06
BALRAMCHIN, EQ, 06-Jun-2024,390.85,390.9,394.0,385.25,386.8,386.35,389.84,1003097,3910.52,20417, 374252, 37.31,0.3730965200773205,2024-06-06
BALUFORGE, EQ, 06-Jun-2024,264.0,269.0,282.95,266.9,282.55,280.0,277.05,344796,955.26,9345, 193031, 55.98,0.5598411814522211,2024-06-06
BANARBEADS, EQ, 06-Jun-2024,84.95,85.1,87.05,84.65,86.7,86.3,86.07,7425,6.39,609, 1837, 24.74,0.2474074074074074,2024-06-06
BANARISUG, EQ, 06-Jun-2024,2262.45,2292.0,2342.15,2275.75,2297.5,2306.4,2314.23,934,21.61,404, 531, 56.85,0.5685224839400428,2024-06-06
BANCOINDIA, EQ, 06-Jun-2024,588.25,597.35,615.0,589.05,600.65,601.75,602.01,63975,385.14,6844, 28638, 44.76,0.44764361078546305,2024-06-06
BANDHANBNK, EQ, 06-Jun-2024,190.65,192.0,194.8,190.35,191.45,191.55,192.27,10024162,19273.31,99394, 4491417, 44.81,0.44805909960353796,2024-06-06
BANG, EQ, 06-Jun-2024,44.5,45.95,46.65,44.0,46.65,46.5,45.9,15011,6.89,174, 11978, 79.79,0.7979481713410166,2024-06-06
BANKA, BE, 06-Jun-2024,86.85,85.15,85.15,85.15,85.15,85.15,85.15,8837,7.52,74, -, -,,2024-06-06
BANKBARODA, EQ, 06-Jun-2024,260.0,262.6,274.0,261.45,268.9,268.9,269.92,31690680,85539.95,176821, 13337325, 42.09,0.42085953977636326,2024-06-06
BANKBEES, EQ, 06-Jun-2024,502.27,509.99,509.99,500.06,504.1,503.7,504.33,1320602,6660.21,13611, 759712, 57.53,0.5752770327471866,2024-06-06
BANKBETF, EQ, 06-Jun-2024,56.77,50.5,50.5,49.16,49.41,49.54,49.58,396299,196.5,2669, 280955, 70.89,0.7089470324174424,2024-06-06
BANKETF, EQ, 06-Jun-2024,492.27,493.0,500.0,492.02,494.76,495.74,495.84,35639,176.71,177, 26851, 75.34,0.753416201352451,2024-06-06
BANKETFADD, EQ, 06-Jun-2024,49.42,50.9,51.7,49.5,49.86,49.77,49.78,31252,15.56,199, 25987, 83.15,0.8315307820299501,2024-06-06
BANKIETF, EQ, 06-Jun-2024,49.67,51.15,51.15,49.04,50.35,50.05,50.03,342731,171.46,1190, 230750, 67.33,0.6732685400503602,2024-06-06
BANKINDIA, EQ, 06-Jun-2024,116.95,119.0,122.25,117.4,117.95,117.85,119.65,35581829,42572.46,132276, 19421962, 54.58,0.5458393383881419,2024-06-06
BANKNIFTY1, EQ, 06-Jun-2024,501.98,504.53,508.27,500.5,501.22,503.01,502.93,193243,971.87,1251, 182553, 94.47,0.9446810492488732,2024-06-06
BANSWRAS, EQ, 06-Jun-2024,141.15,140.0,145.35,139.8,141.0,141.45,141.3,59025,83.4,1033, 35349, 59.89,0.598881829733164,2024-06-06
BARBEQUE, EQ, 06-Jun-2024,507.95,515.2,534.9,514.85,523.0,526.6,524.3,58331,305.83,4972, 30694, 52.62,0.5262039052990691,2024-06-06
BASF, EQ, 06-Jun-2024,4172.45,4235.15,4378.45,4179.95,4347.3,4339.35,4295.02,31529,1354.18,7550, 13520, 42.88,0.4288115703003584,2024-06-06
BASML, EQ, 06-Jun-2024,42.2,42.85,44.15,42.65,43.9,43.75,43.46,68423,29.74,538, 43466, 63.53,0.6352542273796823,2024-06-06
BATAINDIA, EQ, 06-Jun-2024,1423.95,1435.0,1465.0,1415.95,1457.0,1456.95,1448.1,1165705,16880.55,59591, 532749, 45.70,0.457018713997109,2024-06-06
BAYERCROP, EQ, 06-Jun-2024,5288.95,5304.85,5567.0,5302.0,5509.9,5526.8,5485.33,52780,2895.16,9684, 38400, 72.75,0.7275483137552103,2024-06-06
BBETF0432, EQ, 06-Jun-2024,1144.93,1144.06,1147.5,1144.04,1144.04,1144.04,1144.67,4669,53.44,22, 4156, 89.01,0.8901263653887342,2024-06-06
BBL, EQ, 06-Jun-2024,4050.3,4090.3,4298.0,4071.3,4160.0,4169.55,4207.56,44962,1891.8,6964, 29723, 66.11,0.6610693474489568,2024-06-06
BBNPPGOLD, EQ, 06-Jun-2024,71.3,71.85,72.3,71.85,71.9,71.9,72.07,424,0.31,21, 248, 58.49,0.5849056603773585,2024-06-06
BBOX, EQ, 06-Jun-2024,233.45,239.0,241.7,231.0,241.7,236.1,238.75,102338,244.33,2129, 65347, 63.85,0.6385409134436866,2024-06-06
BBTC, EQ, 06-Jun-2024,1466.95,1470.0,1558.0,1470.0,1532.0,1523.45,1523.16,99088,1509.26,11914, 48063, 48.51,0.4850536896496044,2024-06-06
BBTCL, EQ, 06-Jun-2024,240.85,244.25,248.6,241.45,245.0,245.85,244.57,6912,16.9,249, 5621, 81.32,0.8132233796296297,2024-06-06
BCG, BZ, 06-Jun-2024,10.05,10.1,10.2,9.7,10.0,9.95,9.96,7372357,734.23,16552, -, -,,2024-06-06
BCLIND, EQ, 06-Jun-2024,49.15,49.9,52.5,49.9,52.2,52.0,51.61,1088166,561.59,6013, 547771, 50.34,0.5033891887818587,2024-06-06
BCONCEPTS, EQ, 06-Jun-2024,678.9,709.95,709.95,679.1,694.0,695.5,696.35,7236,50.39,467, 5262, 72.72,0.7271973466003316,2024-06-06
BDL, EQ, 06-Jun-2024,1305.25,1330.0,1419.0,1326.25,1370.0,1368.8,1375.32,6332980,87099.04,165599, 1981347, 31.29,0.3128617175484527,2024-06-06
BEARDSELL, EQ, 06-Jun-2024,37.35,37.5,39.7,36.75,37.45,37.45,38.19,79080,30.2,575, 46021, 58.20,0.5819549822964087,2024-06-06
BECTORFOOD, EQ, 06-Jun-2024,1420.75,1460.0,1545.6,1453.25,1496.5,1500.65,1497.8,716039,10724.86,60867, 333355, 46.56,0.4655542505366328,2024-06-06
BEDMUTHA, EQ, 06-Jun-2024,232.05,236.3,241.85,235.6,236.5,236.55,238.66,8583,20.48,301, 5651, 65.84,0.658394500757311,2024-06-06
BEL, EQ, 06-Jun-2024,260.35,267.0,281.5,267.0,274.65,273.65,274.65,95502477,262296.49,557035, 30831885, 32.28,0.3228385898305025,2024-06-06
BEML, EQ, 06-Jun-2024,3685.45,3750.45,4127.25,3750.45,3965.0,3967.9,3986.17,1332222,53104.58,132792, 281734, 21.15,0.21147676588436462,2024-06-06
BEPL, EQ, 06-Jun-2024,93.05,93.45,95.55,92.8,94.25,94.55,94.51,330939,312.76,5439, 167406, 50.59,0.5058515315511318,2024-06-06
BERGEPAINT, EQ, 06-Jun-2024,475.05,478.0,485.05,473.0,478.2,477.15,475.97,2809556,13372.67,47198, 1573536, 56.01,0.5600657185690551,2024-06-06
BESTAGRO, EQ, 06-Jun-2024,552.25,567.95,581.9,548.05,559.75,554.55,564.89,50851,287.25,2443, 34177, 67.21,0.6721008436412264,2024-06-06
BFINVEST, EQ, 06-Jun-2024,540.55,542.9,578.8,542.9,561.85,562.25,567.82,94057,534.07,6125, 26087, 27.74,0.2773530944002041,2024-06-06
BFSI, EQ, 06-Jun-2024,22.16,22.5,22.5,22.17,22.35,22.35,22.34,604978,135.16,1131, 334501, 55.29,0.5529143208513367,2024-06-06
BFUTILITIE, EQ, 06-Jun-2024,804.05,811.8,868.4,811.8,850.85,852.95,846.72,613478,5194.44,32428, 175624, 28.63,0.2862759544759551,2024-06-06
BGRENERGY, BE, 06-Jun-2024,38.75,38.75,39.4,38.75,39.0,39.0,39.19,49726,19.49,189, -, -,,2024-06-06
BHAGCHEM, EQ, 06-Jun-2024,222.4,242.0,263.0,232.65,241.25,242.1,248.21,3090949,7672.0,71928, 763721, 24.71,0.24708301560459264,2024-06-06
BHAGERIA, EQ, 06-Jun-2024,151.05,154.0,167.15,153.3,161.5,160.3,162.48,78740,127.94,3118, 30496, 38.73,0.3872999745999492,2024-06-06
BHAGYANGR, EQ, 06-Jun-2024,101.1,102.0,111.2,101.15,108.0,107.8,107.85,156797,169.1,1655, 81380, 51.90,0.5190150321753605,2024-06-06
BHANDARI, EQ, 06-Jun-2024,7.4,7.4,7.7,7.3,7.55,7.45,7.49,682059,51.1,1319, 381384, 55.92,0.5591657026738156,2024-06-06
BHARATFORG, EQ, 06-Jun-2024,1501.4,1515.0,1578.85,1497.1,1557.05,1557.05,1547.95,1052271,16288.58,61967, 303738, 28.86,0.28864997704963835,2024-06-06
BHARATGEAR, EQ, 06-Jun-2024,104.8,107.35,108.45,105.85,106.3,106.3,107.22,24195,25.94,528, 11490, 47.49,0.47489150650960943,2024-06-06
BHARATRAS, EQ, 06-Jun-2024,10254.55,10497.5,10900.0,10300.05,10499.95,10391.5,10531.95,8716,917.96,3280, 3723, 42.71,0.427145479577788,2024-06-06
BHARATWIRE, EQ, 06-Jun-2024,244.5,253.8,270.5,252.0,264.6,264.5,263.34,252076,663.82,9320, 144254, 57.23,0.5722639204049572,2024-06-06
BHARTIARTL, EQ, 06-Jun-2024,1344.35,1359.0,1376.25,1329.0,1374.0,1370.6,1358.14,10279789,139613.95,452137, 5077506, 49.39,0.49393095519762126,2024-06-06
BHARTIHEXA, EQ, 06-Jun-2024,1020.35,1022.1,1066.95,1015.05,1052.5,1055.85,1043.55,507070,5291.52,40721, 209393, 41.29,0.4129469304040862,2024-06-06
BHEL, EQ, 06-Jun-2024,255.35,269.9,292.35,267.0,278.5,277.95,282.96,111330080,315023.8,555697, 23515207, 21.12,0.21122060632669984,2024-06-06
BIGBLOC, EQ, 06-Jun-2024,214.9,215.45,226.1,215.45,224.9,224.3,223.57,111603,249.51,7947, 52503, 47.04,0.4704443428940082,2024-06-06
BIKAJI, EQ, 06-Jun-2024,636.4,650.0,661.95,631.6,642.55,647.9,645.16,1065334,6873.06,36658, 397307, 37.29,0.37294125598169214,2024-06-06
BIL, BE, 06-Jun-2024,399.85,409.95,409.95,395.0,409.0,402.2,400.38,1583,6.34,44, -, -,,2024-06-06
BINANIIND, BE, 06-Jun-2024,15.75,16.0,16.5,15.8,16.5,16.3,16.16,26636,4.3,70, -, -,,2024-06-06
BIOCON, EQ, 06-Jun-2024,305.25,308.05,335.75,306.8,335.75,332.75,322.76,17874585,57691.21,123876, 7175970, 40.15,0.4014621877934509,2024-06-06
BIOFILCHEM, EQ, 06-Jun-2024,57.05,61.8,62.3,58.15,61.0,60.7,59.87,39565,23.69,632, 24819, 62.73,0.6272968532794136,2024-06-06
BIRLACABLE, EQ, 06-Jun-2024,224.9,224.9,241.75,224.9,235.5,233.6,235.56,227483,535.87,11198, 48097, 21.14,0.2114311838686847,2024-06-06
BIRLACORPN, EQ, 06-Jun-2024,1423.55,1435.0,1458.95,1418.7,1438.9,1438.1,1442.25,113480,1636.67,11549, 41671, 36.72,0.36721008107155445,2024-06-06
BIRLAMONEY, EQ, 06-Jun-2024,127.15,127.4,133.5,127.4,133.5,133.4,132.9,734677,976.37,3029, 410526, 55.88,0.5587843365179528,2024-06-06
BLAL, EQ, 06-Jun-2024,234.85,236.7,250.6,236.7,243.95,242.65,245.52,313190,768.95,4573, 105422, 33.66,0.3366071713656247,2024-06-06
BLBLIMITED, BE, 06-Jun-2024,16.8,17.2,17.6,17.0,17.6,17.6,17.42,48884,8.52,199, -, -,,2024-06-06
BLISSGVS, EQ, 06-Jun-2024,102.1,102.15,104.2,100.7,101.35,101.05,101.83,297137,302.57,2752, 143869, 48.42,0.48418406324355434,2024-06-06
BLKASHYAP, EQ, 06-Jun-2024,71.9,73.45,81.65,73.4,80.1,80.2,78.73,7395717,5822.49,19248, 4003073, 54.13,0.5412690885819454,2024-06-06
BLS, EQ, 06-Jun-2024,302.65,306.25,317.0,304.0,316.05,310.4,309.91,1417235,4392.16,47045, 572894, 40.42,0.4042335956986668,2024-06-06
BLSE, EQ, 06-Jun-2024,242.2,244.8,251.7,243.85,251.0,250.7,249.02,189590,472.11,11947, 84830, 44.74,0.4474392109288465,2024-06-06
BLUECHIP, BE, 06-Jun-2024,3.25,3.25,3.25,3.2,3.2,3.2,3.2,27353,0.88,114, -, -,,2024-06-06
BLUEDART, EQ, 06-Jun-2024,7104.7,7104.8,7300.0,7057.55,7285.0,7265.5,7222.54,7691,555.49,3584, 3435, 44.66,0.44662592640748927,2024-06-06
BLUEJET, EQ, 06-Jun-2024,368.6,369.0,377.4,364.85,370.2,372.8,370.59,72186,267.51,2274, 41039, 56.85,0.5685174410550522,2024-06-06
BLUESTARCO, EQ, 06-Jun-2024,1533.7,1550.0,1579.7,1520.0,1524.0,1525.2,1545.32,375476,5802.3,33850, 187460, 49.93,0.49925960647285045,2024-06-06
BODALCHEM, EQ, 06-Jun-2024,69.95,70.2,73.95,70.2,71.45,71.35,72.04,515055,371.05,3498, 163270, 31.70,0.3169952723495549,2024-06-06
BOMDYEING, EQ, 06-Jun-2024,154.3,154.35,164.8,154.35,163.1,163.15,161.45,2154476,3478.36,27695, 648398, 30.10,0.3009539210462312,2024-06-06
BOROLTD, EQ, 06-Jun-2024,319.9,321.8,331.0,321.5,323.6,323.75,325.68,128864,419.69,9692, 65335, 50.70,0.5070073876334741,2024-06-06
BORORENEW, EQ, 06-Jun-2024,464.0,468.45,481.25,467.55,475.0,475.9,476.08,272272,1296.24,15355, 106401, 39.08,0.3907893577011224,2024-06-06
BOSCHLTD, EQ, 06-Jun-2024,30867.05,30849.95,31168.75,30494.75,30622.35,30651.7,30784.19,20538,6322.46,11679, 6098, 29.69,0.2969130392443276,2024-06-06
BPCL, EQ, 06-Jun-2024,581.1,591.05,607.45,580.25,585.4,584.15,592.3,18967116,112342.46,302723, 7536352, 39.73,0.3973377924192587,2024-06-06
BPL, EQ, 06-Jun-2024,93.25,94.65,97.15,94.0,96.4,96.05,95.5,176547,168.59,2607, 93761, 53.11,0.5310823746651033,2024-06-06
BRIGADE, EQ, 06-Jun-2024,1209.55,1227.45,1358.0,1225.0,1315.5,1317.6,1310.93,1189641,15595.32,78677, 357965, 30.09,0.3009017005970709,2024-06-06
BRITANNIA, EQ, 06-Jun-2024,5486.65,5465.0,5514.1,5311.45,5432.95,5440.45,5417.36,629293,34091.09,103315, 248025, 39.41,0.3941327807555463,2024-06-06
BRNL, BE, 06-Jun-2024,53.3,53.25,53.25,52.3,52.3,52.3,52.78,26414,13.94,316, -, -,,2024-06-06
BROOKS, BE, 06-Jun-2024,73.8,74.7,76.9,74.0,75.0,76.1,75.4,37853,28.54,204, -, -,,2024-06-06
BSE, EQ, 06-Jun-2024,2662.65,2701.0,2737.0,2683.0,2699.0,2701.15,2703.15,850809,22998.6,57158, 499892, 58.75,0.5875490268673698,2024-06-06
BSE500IETF, EQ, 06-Jun-2024,35.1,35.89,37.1,35.32,35.88,35.88,36.31,2689216,976.44,1962, 391456, 14.56,0.1455651015017016,2024-06-06
BSHSL, EQ, 06-Jun-2024,192.85,200.0,203.9,193.0,194.3,194.8,197.25,28989,57.18,885, 14889, 51.36,0.5136086101624754,2024-06-06
BSL, EQ, 06-Jun-2024,176.95,181.9,183.9,176.4,178.75,177.05,180.12,12350,22.24,706, 3995, 32.35,0.32348178137651823,2024-06-06
BSLGOLDETF, EQ, 06-Jun-2024,64.33,64.64,65.78,64.63,65.24,65.22,64.96,22930,14.89,339, 12962, 56.53,0.5652856519843,2024-06-06
BSLNIFTY, EQ, 06-Jun-2024,25.83,26.6,27.25,25.55,26.13,26.04,26.13,192533,50.32,3062, 97783, 50.79,0.5078765718084692,2024-06-06
BSLSENETFG, EQ, 06-Jun-2024,73.1,74.07,74.34,73.34,74.34,74.17,73.8,441,0.33,37, 390, 88.44,0.8843537414965986,2024-06-06
BSOFT, EQ, 06-Jun-2024,631.3,644.0,652.45,638.1,647.8,646.75,646.69,2833576,18324.37,71745, 887412, 31.32,0.31317741256984105,2024-06-06
BTML, EQ, 06-Jun-2024,12.15,12.4,13.55,12.2,13.2,13.3,13.07,1852907,242.16,2449, 1279640, 69.06,0.6906121030359322,2024-06-06
BURNPUR, EQ, 06-Jun-2024,5.75,5.9,6.2,5.9,6.05,6.05,6.07,222200,13.5,629, 154413, 69.49,0.69492799279928,2024-06-06
BUTTERFLY, EQ, 06-Jun-2024,717.2,717.25,731.45,708.3,718.0,715.0,718.43,9817,70.53,1743, 6325, 64.43,0.6442905164510543,2024-06-06
BVCL, EQ, 06-Jun-2024,50.3,52.45,52.8,50.0,51.6,51.95,51.99,14147,7.36,194, 12073, 85.34,0.8533964798190429,2024-06-06
BYKE, EQ, 06-Jun-2024,65.85,68.7,70.65,68.3,70.0,69.95,69.65,72031,50.17,785, 45025, 62.51,0.6250780913773236,2024-06-06
CALSOFT, BE, 06-Jun-2024,17.15,18.0,18.0,18.0,18.0,18.0,18.0,9317,1.68,39, -, -,,2024-06-06
CAMLINFINE, EQ, 06-Jun-2024,91.05,91.85,95.95,91.85,95.95,95.55,94.66,473757,448.48,4990, 258860, 54.64,0.5463982590230857,2024-06-06
CAMPUS, EQ, 06-Jun-2024,289.5,290.9,296.4,286.2,288.25,287.95,290.9,1628407,4736.98,34808, 505567, 31.05,0.31046722348896805,2024-06-06
CAMS, EQ, 06-Jun-2024,3442.05,3470.0,3522.5,3365.05,3390.25,3375.15,3430.31,172132,5904.67,21358, 77832, 45.22,0.4521646178514164,2024-06-06
CANBK, EQ, 06-Jun-2024,115.2,117.6,120.6,116.5,118.1,118.0,118.6,52416611,62165.2,175013, 20822803, 39.73,0.3972558050347818,2024-06-06
CANFINHOME, EQ, 06-Jun-2024,745.25,754.0,770.0,747.6,765.3,763.95,762.98,812090,6196.07,38898, 331145, 40.78,0.40776884335480057,2024-06-06
CANTABIL, EQ, 06-Jun-2024,199.7,204.8,215.0,203.25,214.15,212.0,210.18,127093,267.13,5199, 64142, 50.47,0.5046855452306579,2024-06-06
CAPACITE, EQ, 06-Jun-2024,298.25,300.0,314.75,300.0,310.0,310.75,309.8,1963356,6082.45,27290, 791708, 40.32,0.4032422036553738,2024-06-06
CAPITALSFB, EQ, 06-Jun-2024,324.6,325.0,340.0,325.0,339.0,338.45,335.51,63059,211.57,3799, 41014, 65.04,0.6504067619213753,2024-06-06
CAPLIPOINT, EQ, 06-Jun-2024,1288.05,1320.3,1320.3,1298.0,1304.9,1303.55,1308.52,55602,727.56,6310, 34236, 61.57,0.6157332470055034,2024-06-06
CAPTRUST, EQ, 06-Jun-2024,109.9,109.9,115.1,109.9,113.5,113.05,113.45,6886,7.81,195, 4327, 62.84,0.6283764159163521,2024-06-06
CARBORUNIV, EQ, 06-Jun-2024,1558.25,1573.0,1586.95,1568.4,1578.0,1576.8,1577.26,40506,638.89,7049, 21061, 51.99,0.5199476620747544,2024-06-06
CAREERP, EQ, 06-Jun-2024,366.4,363.0,384.7,363.0,384.7,384.6,381.03,91484,348.58,1632, 53613, 58.60,0.5860369026277819,2024-06-06
CARERATING, EQ, 06-Jun-2024,1013.25,1028.35,1064.95,1028.0,1059.9,1050.7,1047.09,38685,405.07,4107, 22330, 57.72,0.5772263151092154,2024-06-06
CARTRADE, EQ, 06-Jun-2024,786.7,786.75,807.3,766.35,774.05,773.95,783.99,510039,3998.67,39359, 324958, 63.71,0.6371238277857183,2024-06-06
CARYSIL, EQ, 06-Jun-2024,803.1,815.15,829.8,791.6,795.1,797.35,813.69,67800,551.68,7264, 34923, 51.51,0.5150884955752212,2024-06-06
CASTROLIND, EQ, 06-Jun-2024,186.65,188.55,192.0,187.05,189.0,188.05,189.04,2767627,5231.82,39614, 1473404, 53.24,0.5323708722309762,2024-06-06
CCHHL, EQ, 06-Jun-2024,15.1,15.6,16.2,15.2,16.05,16.05,15.83,184257,29.17,757, 148419, 80.55,0.80549992673277,2024-06-06
CCL, EQ, 06-Jun-2024,578.3,581.0,584.0,567.5,576.0,575.15,573.3,228618,1310.67,11752, 115608, 50.57,0.5056819672991628,2024-06-06
CDSL, EQ, 06-Jun-2024,1967.9,1990.0,2055.95,1990.0,2038.65,2034.2,2031.72,905970,18406.73,49336, 280850, 31.00,0.3099992273474839,2024-06-06
CEATLTD, EQ, 06-Jun-2024,2391.55,2400.0,2445.85,2381.0,2440.0,2440.7,2419.55,135043,3267.44,16900, 71342, 52.83,0.5282909887961612,2024-06-06
CELEBRITY, EQ, 06-Jun-2024,17.05,17.45,18.0,16.9,17.8,17.85,17.56,272890,47.93,713, 181709, 66.59,0.6658690314778849,2024-06-06
CELLO, EQ, 06-Jun-2024,826.3,839.0,854.5,825.05,829.45,829.85,837.11,165874,1388.54,11590, 101836, 61.39,0.6139358790407177,2024-06-06
CENTENKA, EQ, 06-Jun-2024,593.1,585.5,608.85,585.5,592.9,592.45,592.98,75208,445.97,5573, 38820, 51.62,0.5161684927135411,2024-06-06
CENTEXT, EQ, 06-Jun-2024,17.2,17.2,18.05,17.2,18.05,18.05,17.91,62061,11.11,388, 52561, 84.69,0.8469247997937513,2024-06-06
CENTRALBK, EQ, 06-Jun-2024,61.75,62.55,66.5,62.5,64.3,64.1,64.78,28076368,18188.39,54461, 6979257, 24.86,0.24858119112842517,2024-06-06
CENTRUM, EQ, 06-Jun-2024,37.1,37.25,38.65,37.0,37.3,37.4,37.71,922268,347.8,3453, 445765, 48.33,0.48333564647152455,2024-06-06
CENTUM, EQ, 06-Jun-2024,1587.85,1602.0,1670.0,1601.95,1670.0,1639.4,1638.21,13925,228.12,3595, 6297, 45.22,0.45220825852782764,2024-06-06
CENTURYPLY, EQ, 06-Jun-2024,650.1,652.9,678.0,652.9,672.2,670.9,671.17,102670,689.09,10892, 44579, 43.42,0.43419694165773837,2024-06-06
CENTURYTEX, EQ, 06-Jun-2024,1842.3,1951.95,2180.0,1917.0,2065.1,2105.7,2070.23,1989926,41196.1,106337, 189880, 9.54,0.09542063373210863,2024-06-06
CERA, EQ, 06-Jun-2024,6915.3,6890.0,7288.15,6890.0,7150.0,7153.65,7164.02,15974,1144.38,3866, 9815, 61.44,0.6144359584324527,2024-06-06
CEREBRAINT, BE, 06-Jun-2024,6.75,6.8,6.9,6.5,6.8,6.75,6.68,136073,9.09,227, -, -,,2024-06-06
CESC, EQ, 06-Jun-2024,136.05,138.0,143.5,137.0,142.75,142.35,141.21,5948404,8399.72,42138, 2999437, 50.42,0.5042423144090414,2024-06-06
CGCL, EQ, 06-Jun-2024,214.55,213.0,218.85,213.0,214.95,214.55,215.54,103496,223.08,4625, 48703, 47.06,0.47057857308495016,2024-06-06
CGPOWER, EQ, 06-Jun-2024,627.65,645.0,670.0,640.3,657.0,656.2,656.26,4395241,28844.07,119520, 2060643, 46.88,0.46883504226503164,2024-06-06
CHALET, EQ, 06-Jun-2024,770.35,770.35,791.0,767.55,777.8,778.45,782.04,120070,939.0,9002, 67139, 55.92,0.5591654867993671,2024-06-06
CHAMBLFERT, EQ, 06-Jun-2024,390.6,391.5,406.45,390.3,402.0,402.35,399.92,1850692,7401.33,39441, 578427, 31.25,0.3125463340199234,2024-06-06
CHEMBOND, EQ, 06-Jun-2024,495.55,496.8,530.0,490.25,514.0,511.6,503.62,16830,84.76,2168, 8287, 49.24,0.49239453357100416,2024-06-06
CHEMCON, EQ, 06-Jun-2024,234.9,235.8,240.7,235.6,236.5,236.6,237.96,41943,99.81,2513, 23676, 56.45,0.5644803662112867,2024-06-06
CHEMFAB, EQ, 06-Jun-2024,551.9,555.1,593.95,552.1,566.2,567.95,573.01,10667,61.12,827, 6371, 59.73,0.5972625855442018,2024-06-06
CHEMPLASTS, EQ, 06-Jun-2024,477.05,483.0,495.0,478.05,485.25,484.4,487.19,92943,452.81,6987, 48167, 51.82,0.5182423635991952,2024-06-06
CHENNPETRO, EQ, 06-Jun-2024,891.9,903.0,951.75,900.25,937.95,939.3,937.12,680471,6376.82,31383, 204637, 30.07,0.3007284660183902,2024-06-06
CHEVIOT, EQ, 06-Jun-2024,1465.5,1487.45,1506.7,1478.3,1502.0,1500.55,1498.72,11539,172.94,2545, 8902, 77.15,0.7714706647023138,2024-06-06
CHOICEIN, EQ, 06-Jun-2024,353.65,357.7,362.0,354.5,357.0,356.0,358.52,515998,1849.98,12666, 131570, 25.50,0.2549816084558467,2024-06-06
CHOLAFIN, EQ, 06-Jun-2024,1288.5,1288.4,1344.0,1283.85,1334.35,1335.7,1328.04,1742305,23138.45,72017, 842752, 48.37,0.48369946708526923,2024-06-06
CHOLAHLDNG, EQ, 06-Jun-2024,1131.1,1133.1,1200.0,1133.05,1161.0,1158.7,1169.78,169494,1982.71,11276, 104961, 61.93,0.6192608587914616,2024-06-06
CIEINDIA, EQ, 06-Jun-2024,536.5,539.0,554.7,532.3,545.0,544.4,545.61,509471,2779.74,23125, 232248, 45.59,0.45586107943337306,2024-06-06
CIGNITITEC, EQ, 06-Jun-2024,1323.95,1329.0,1350.0,1326.0,1345.0,1342.9,1340.32,182011,2439.53,4689, 113054, 62.11,0.6211382828510364,2024-06-06
CINELINE, EQ, 06-Jun-2024,117.15,116.0,120.0,116.0,116.3,117.4,118.49,34132,40.44,588, 20068, 58.80,0.5879526544005625,2024-06-06
CINEVISTA, BE, 06-Jun-2024,17.55,16.9,18.4,16.9,18.4,18.4,18.15,23163,4.2,73, -, -,,2024-06-06
CIPLA, EQ, 06-Jun-2024,1496.95,1500.0,1501.0,1464.0,1478.9,1477.0,1474.91,1605122,23674.08,138629, 558711, 34.81,0.34808008363227216,2024-06-06
CLEAN, EQ, 06-Jun-2024,1298.7,1299.45,1321.0,1299.45,1300.0,1302.5,1307.75,109605,1433.36,13784, 66101, 60.31,0.6030838009214908,2024-06-06
CLEDUCATE, EQ, 06-Jun-2024,75.15,74.15,77.85,74.15,77.0,76.6,76.44,26961,20.61,402, 16953, 62.88,0.6287971514409703,2024-06-06
CLSEL, EQ, 06-Jun-2024,195.45,199.9,205.2,198.0,201.95,201.95,202.11,75821,153.24,4962, 33265, 43.87,0.4387306946624286,2024-06-06
CMSINFO, EQ, 06-Jun-2024,434.4,439.75,461.7,438.65,456.0,458.7,451.58,1429598,6455.8,41675, 713108, 49.88,0.49881714999601284,2024-06-06
COALINDIA, EQ, 06-Jun-2024,460.55,470.0,484.4,464.65,473.95,472.95,474.94,21757857,103335.9,339834, 7409869, 34.06,0.34056060760027973,2024-06-06
COASTCORP, EQ, 06-Jun-2024,219.45,223.75,224.9,218.4,219.0,219.55,221.3,66258,146.63,1474, 40135, 60.57,0.6057381750128287,2024-06-06
COCHINSHIP, EQ, 06-Jun-2024,1684.55,1735.0,1853.0,1732.05,1853.0,1853.0,1837.25,4699862,86348.25,95744, 1245846, 26.51,0.2650814002623907,2024-06-06
COFFEEDAY, EQ, 06-Jun-2024,53.25,53.35,54.7,53.3,54.4,54.1,53.94,1610973,868.97,6064, 584437, 36.28,0.3627850994399037,2024-06-06
COFORGE, EQ, 06-Jun-2024,5129.1,5220.0,5272.2,5174.05,5233.9,5212.65,5214.67,320986,16738.37,36127, 121302, 37.79,0.37790433227617404,2024-06-06
COLPAL, EQ, 06-Jun-2024,2960.05,2970.0,2970.0,2866.45,2949.95,2951.9,2929.27,433141,12687.87,44431, 225393, 52.04,0.5203686559342108,2024-06-06
COMMOIETF, EQ, 06-Jun-2024,86.88,89.0,89.86,86.0,88.7,88.44,89.03,193424,172.2,2796, 118436, 61.23,0.6123128463892795,2024-06-06
COMPINFO, BZ, 06-Jun-2024,3.45,3.35,3.45,3.3,3.3,3.3,3.31,131341,4.34,183, -, -,,2024-06-06
COMPUSOFT, EQ, 06-Jun-2024,26.15,26.8,28.05,26.55,27.9,27.55,27.41,166155,45.54,826, 107230, 64.54,0.6453612590653306,2024-06-06
COMSYN, EQ, 06-Jun-2024,63.15,64.25,69.4,63.75,66.0,66.25,66.82,10787,7.21,449, 5435, 50.38,0.5038472235097803,2024-06-06
CONCOR, EQ, 06-Jun-2024,993.25,1014.0,1074.3,1005.1,1056.0,1052.75,1044.61,4231087,44198.3,134909, 1355578, 32.04,0.3203852816073033,2024-06-06
CONCORDBIO, EQ, 06-Jun-2024,1486.05,1506.0,1507.05,1447.75,1465.0,1467.0,1473.07,146451,2157.33,15328, 100384, 68.54,0.6854442782910325,2024-06-06
CONFIPET, EQ, 06-Jun-2024,74.8,75.1,78.55,75.1,77.0,76.9,77.2,1338700,1033.52,9904, 633535, 47.32,0.47324643310674536,2024-06-06
CONS, EQ, 06-Jun-2024,111.99,114.0,114.0,109.33,110.92,110.26,110.22,7881,8.69,214, 4292, 54.46,0.5446009389671361,2024-06-06
CONSOFINVT, EQ, 06-Jun-2024,193.15,197.65,204.35,196.65,201.0,200.7,201.64,23350,47.08,1524, 13702, 58.68,0.5868094218415417,2024-06-06
CONSUMBEES, EQ, 06-Jun-2024,119.73,120.84,120.84,119.04,119.89,119.91,119.8,143220,171.58,1395, 103953, 72.58,0.7258273984080436,2024-06-06
CONSUMIETF, EQ, 06-Jun-2024,110.89,112.78,115.89,110.53,111.37,111.41,111.45,39725,44.28,442, 29996, 75.51,0.7550912523599749,2024-06-06
CONTROLPR, EQ, 06-Jun-2024,859.3,859.3,878.05,855.0,877.05,868.65,865.86,18791,162.7,4348, 10610, 56.46,0.5646320046830929,2024-06-06
CORALFINAC, EQ, 06-Jun-2024,43.9,46.1,47.05,45.0,46.5,46.1,45.95,28688,13.18,405, 17767, 61.93,0.6193181818181818,2024-06-06
CORDSCABLE, EQ, 06-Jun-2024,196.05,199.9,215.65,199.9,215.65,215.65,212.39,100524,213.51,1439, 68756, 68.40,0.6839759659384823,2024-06-06
COROMANDEL, EQ, 06-Jun-2024,1369.8,1370.8,1395.0,1359.55,1393.0,1387.4,1379.47,565986,7807.6,36845, 280580, 49.57,0.4957366436625641,2024-06-06
COSMOFIRST, EQ, 06-Jun-2024,559.45,556.0,585.0,552.0,584.8,582.15,571.13,52550,300.13,3161, 30854, 58.71,0.5871360608943863,2024-06-06
COUNCODOS, EQ, 06-Jun-2024,5.6,5.55,5.85,5.55,5.75,5.75,5.72,86418,4.94,259, 43819, 50.71,0.5070587146196395,2024-06-06
CPSEETF, EQ, 06-Jun-2024,85.33,86.1,89.6,85.5,88.0,87.7,88.14,14280445,12587.24,41768, 7863594, 55.07,0.5506546889820311,2024-06-06
CRAFTSMAN, EQ, 06-Jun-2024,4189.55,4192.0,4328.0,4192.0,4303.0,4299.2,4286.73,52353,2244.23,13273, 35430, 67.68,0.6767520485932038,2024-06-06
CREATIVE, EQ, 06-Jun-2024,677.3,690.0,698.7,669.1,681.0,677.65,682.01,10551,71.96,1516, 5410, 51.27,0.5127476068619088,2024-06-06
CREATIVEYE, BE, 06-Jun-2024,7.05,6.7,6.7,6.7,6.7,6.7,6.7,12973,0.87,111, -, -,,2024-06-06
CREDITACC, EQ, 06-Jun-2024,1404.3,1411.95,1515.0,1410.0,1490.1,1500.3,1472.4,514680,7578.17,48577, 248705, 48.32,0.4832225849071268,2024-06-06
CREST, EQ, 06-Jun-2024,349.4,358.95,367.95,354.1,362.0,360.2,361.64,10977,39.7,589, 6282, 57.23,0.5722875102487018,2024-06-06
CRISIL, EQ, 06-Jun-2024,4187.3,4200.0,4247.4,4009.35,4050.0,4050.15,4075.46,59898,2441.12,10169, 35598, 59.43,0.5943103275568467,2024-06-06
CROMPTON, EQ, 06-Jun-2024,402.25,405.8,408.85,397.05,399.5,399.95,403.13,4782193,19278.67,38297, 3208961, 67.10,0.6710228968174224,2024-06-06
CROWN, BE, 06-Jun-2024,226.55,223.0,223.0,222.05,222.05,222.05,222.21,5053,11.23,62, -, -,,2024-06-06
CSBBANK, EQ, 06-Jun-2024,332.8,338.3,342.0,335.85,341.9,340.6,338.61,131121,443.98,6407, 67384, 51.39,0.5139070019295154,2024-06-06
CSLFINANCE, EQ, 06-Jun-2024,405.45,408.3,421.8,408.25,418.4,418.9,415.73,31473,130.84,2997, 15875, 50.44,0.5044005973374003,2024-06-06
CTE, BE, 06-Jun-2024,78.8,78.8,80.35,78.8,80.35,80.35,79.7,28670,22.85,65, -, -,,2024-06-06
CUB, EQ, 06-Jun-2024,144.45,144.5,147.7,144.05,145.95,145.5,145.8,2627460,3830.87,27327, 1175024, 44.72,0.44720909167028233,2024-06-06
CUBEXTUB, BE, 06-Jun-2024,81.15,82.35,85.2,81.15,85.2,85.2,84.61,16150,13.66,155, -, -,,2024-06-06
CUMMINSIND, EQ, 06-Jun-2024,3404.1,3454.55,3569.0,3412.2,3525.95,3505.3,3508.4,1005234,35267.64,66136, 551455, 54.86,0.5485837128469591,2024-06-06
CUPID, BE, 06-Jun-2024,89.45,91.0,93.9,90.25,93.9,93.9,93.52,512117,478.96,1904, -, -,,2024-06-06
CYBERMEDIA, BE, 06-Jun-2024,23.25,23.6,24.3,22.35,24.0,24.0,23.89,16070,3.84,100, -, -,,2024-06-06
CYBERTECH, EQ, 06-Jun-2024,141.55,141.55,146.75,141.3,144.9,144.05,144.2,49466,71.33,2253, 20907, 42.27,0.42265394412323615,2024-06-06
CYIENT, EQ, 06-Jun-2024,1795.1,1810.0,1833.8,1780.0,1808.0,1803.05,1808.46,416368,7529.85,35798, 210692, 50.60,0.5060235176574569,2024-06-06
CYIENTDLM, EQ, 06-Jun-2024,598.85,605.2,660.0,605.2,656.1,654.15,636.67,701045,4463.34,40591, 337837, 48.19,0.4819048705860537,2024-06-06
DABUR, EQ, 06-Jun-2024,600.25,600.25,605.3,582.05,598.15,597.2,590.41,7598586,44862.82,146737, 3876866, 51.02,0.510208873071911,2024-06-06
DALBHARAT, EQ, 06-Jun-2024,1735.15,1747.0,1779.8,1741.6,1779.8,1766.1,1761.19,468019,8242.72,39892, 246500, 52.67,0.5266880190761486,2024-06-06
DALMIASUG, EQ, 06-Jun-2024,382.1,384.1,386.45,371.95,375.0,372.95,377.16,75573,285.03,5967, 35225, 46.61,0.46610561973191483,2024-06-06
DAMODARIND, EQ, 06-Jun-2024,46.9,48.2,48.7,47.15,47.6,47.75,48.02,14567,7.0,219, 7615, 52.28,0.5227569163177044,2024-06-06
DANGEE, EQ, 06-Jun-2024,7.6,7.8,7.9,7.6,7.9,7.85,7.8,132785,10.36,424, 93349, 70.30,0.7030086229619309,2024-06-06
DATAMATICS, EQ, 06-Jun-2024,529.35,533.0,545.4,530.05,534.0,534.3,537.56,107713,579.02,9801, 51338, 47.66,0.47661842117478853,2024-06-06
DATAPATTNS, EQ, 06-Jun-2024,2475.85,2587.0,2713.0,2554.35,2629.8,2617.85,2637.3,784340,20685.42,84464, 313403, 39.96,0.39957543922278604,2024-06-06
DAVANGERE, EQ, 06-Jun-2024,9.9,10.45,10.6,9.75,9.8,9.9,10.2,6832555,697.24,7246, 3294328, 48.22,0.4821516987422714,2024-06-06
DBCORP, EQ, 06-Jun-2024,272.0,279.85,285.6,279.8,285.6,285.6,284.99,102975,293.47,1597, 95431, 92.67,0.9267394998786113,2024-06-06
DBL, EQ, 06-Jun-2024,402.85,409.2,436.0,407.5,427.95,428.05,427.6,803757,3436.9,29441, 277683, 34.55,0.3454812835222586,2024-06-06
DBOL, EQ, 06-Jun-2024,118.55,119.0,122.05,119.0,120.5,121.1,120.91,92247,111.54,1293, 48500, 52.58,0.5257623554153522,2024-06-06
DBREALTY, EQ, 06-Jun-2024,177.35,179.1,198.95,179.1,191.6,191.25,189.66,4579093,8684.77,39543, 2202884, 48.11,0.4810743088205459,2024-06-06
DBSTOCKBRO, EQ, 06-Jun-2024,46.05,47.0,47.7,45.05,45.9,45.6,46.4,13777,6.39,346, 8674, 62.96,0.6296000580677942,2024-06-06
DCAL, EQ, 06-Jun-2024,149.6,149.85,154.0,144.2,145.0,144.95,148.75,1013316,1507.3,16217, 514314, 50.76,0.5075553923948699,2024-06-06
DCBBANK, EQ, 06-Jun-2024,129.25,128.9,130.75,128.0,130.1,129.85,129.55,1653358,2141.93,11517, 861025, 52.08,0.5207734803956554,2024-06-06
DCI, BE, 06-Jun-2024,242.15,247.95,254.25,230.5,245.0,234.05,241.37,69356,167.41,603, -, -,,2024-06-06
DCM, EQ, 06-Jun-2024,72.05,73.0,74.5,72.6,74.2,73.9,73.73,16767,12.36,237, 11106, 66.24,0.6623725174449813,2024-06-06
DCMFINSERV, BE, 06-Jun-2024,5.35,5.6,5.6,5.15,5.35,5.3,5.26,25306,1.33,92, -, -,,2024-06-06
DCMNVL, EQ, 06-Jun-2024,192.5,196.8,202.7,193.25,195.25,194.65,197.31,34520,68.11,1390, 17368, 50.31,0.5031286210892236,2024-06-06
DCMSHRIRAM, EQ, 06-Jun-2024,914.85,921.0,987.0,921.0,934.5,935.5,948.35,37648,357.03,8028, 15955, 42.38,0.4237940926476838,2024-06-06
DCMSRIND, EQ, 06-Jun-2024,201.5,204.8,210.25,201.6,203.8,203.5,205.3,195163,400.67,5891, 98536, 50.49,0.5048907836013998,2024-06-06
DCW, EQ, 06-Jun-2024,50.6,50.95,52.45,50.75,51.6,51.5,51.67,929617,480.29,3806, 392213, 42.19,0.42190816217861765,2024-06-06
DCXINDIA, EQ, 06-Jun-2024,280.15,281.8,299.0,281.8,287.8,287.55,291.64,2032276,5926.88,42249, 1150001, 56.59,0.5658685139223216,2024-06-06
DECCANCE, EQ, 06-Jun-2024,571.05,576.95,612.0,575.05,609.0,601.45,597.07,37217,222.21,3204, 23200, 62.34,0.623371040116076,2024-06-06
DEEPAKFERT, EQ, 06-Jun-2024,556.35,557.0,578.3,556.1,573.0,575.0,572.32,1571857,8996.12,52051, 652958, 41.54,0.41540547263523336,2024-06-06
DEEPAKNTR, EQ, 06-Jun-2024,2228.15,2248.0,2286.95,2225.0,2280.5,2278.45,2268.44,253051,5740.31,18980, 130096, 51.41,0.5141098039525629,2024-06-06
DEEPENR, EQ, 06-Jun-2024,160.65,168.0,178.0,164.3,177.95,175.0,172.04,30010,51.63,1652, 14890, 49.62,0.49616794401866043,2024-06-06
DEEPINDS, EQ, 06-Jun-2024,273.1,277.7,286.0,276.05,285.85,282.0,281.68,126742,357.0,4531, 66747, 52.66,0.5266367896987582,2024-06-06
DELHIVERY, EQ, 06-Jun-2024,378.4,383.9,387.65,381.5,383.0,382.25,384.45,2989987,11495.01,31361, 2422954, 81.04,0.8103560316482982,2024-06-06
DELPHIFX, EQ, 06-Jun-2024,177.3,177.55,191.9,177.55,186.3,184.2,184.37,61178,112.79,1223, 22629, 36.99,0.3698878681879107,2024-06-06
DELTACORP, EQ, 06-Jun-2024,112.55,113.5,116.2,113.5,115.15,115.05,114.9,1847628,2122.87,11715, 850622, 46.04,0.4603859651401689,2024-06-06
DELTAMAGNT, EQ, 06-Jun-2024,91.5,93.85,95.2,92.6,95.0,94.95,94.59,4835,4.57,131, 3081, 63.72,0.6372285418821096,2024-06-06
DEN, EQ, 06-Jun-2024,47.7,48.0,49.7,48.0,49.0,49.0,49.18,1629358,801.28,5290, 694830, 42.64,0.4264440350125632,2024-06-06
DENORA, EQ, 06-Jun-2024,1464.5,1468.15,1524.0,1465.55,1509.85,1499.7,1501.05,11800,177.12,2873, 5638, 47.78,0.47779661016949154,2024-06-06
DEVIT, EQ, 06-Jun-2024,104.9,109.5,112.0,108.15,110.6,109.75,110.04,35086,38.61,568, 22598, 64.41,0.644074559653423,2024-06-06
DEVYANI, EQ, 06-Jun-2024,161.3,161.55,172.0,161.0,170.45,170.85,168.17,9294305,15629.8,64453, 6438616, 69.27,0.6927485164302226,2024-06-06
DHAMPURSUG, EQ, 06-Jun-2024,208.2,211.3,219.6,210.05,212.75,212.7,215.2,340350,732.43,9017, 178158, 52.35,0.5234552666372851,2024-06-06
DHANBANK, EQ, 06-Jun-2024,41.55,42.0,42.0,41.0,41.4,41.15,41.28,924824,381.79,4069, 710353, 76.81,0.7680953348961532,2024-06-06
DHANI, EQ, 06-Jun-2024,40.75,41.0,42.8,41.0,42.0,42.1,42.08,2888487,1215.61,9470, 999629, 34.61,0.3460735672343341,2024-06-06
DHANUKA, EQ, 06-Jun-2024,1314.8,1314.0,1398.9,1310.0,1389.75,1387.05,1366.58,59623,814.8,9439, 30414, 51.01,0.5101051607601094,2024-06-06
DHARMAJ, EQ, 06-Jun-2024,225.85,228.75,232.0,226.4,232.0,230.15,229.87,49470,113.72,2137, 31633, 63.94,0.6394380432585405,2024-06-06
DHRUV, BE, 06-Jun-2024,99.05,97.1,97.1,97.1,97.1,97.1,97.1,5565,5.4,41, -, -,,2024-06-06
DHUNINV, EQ, 06-Jun-2024,1078.45,1088.55,1114.5,1074.3,1081.05,1085.3,1094.88,1624,17.78,444, 730, 44.95,0.44950738916256155,2024-06-06
DIACABS, BE, 06-Jun-2024,903.95,885.9,885.9,885.9,885.9,885.9,885.9,433,3.84,21, -, -,,2024-06-06
DIAMINESQ, EQ, 06-Jun-2024,485.0,498.1,505.0,485.0,492.95,489.0,493.65,8948,44.17,541, 7352, 82.16,0.821636119803308,2024-06-06
DIAMONDYD, EQ, 06-Jun-2024,849.9,850.0,870.75,838.6,862.0,862.95,853.54,37840,322.98,3107, 25836, 68.28,0.6827695560253699,2024-06-06
DICIND, EQ, 06-Jun-2024,453.7,455.85,471.05,454.95,462.0,462.2,465.58,2752,12.81,191, 2031, 73.80,0.7380087209302325,2024-06-06
DIGIDRIVE, BE, 06-Jun-2024,31.65,32.7,33.2,32.3,33.2,33.05,32.89,57318,18.85,594, -, -,,2024-06-06
DIGISPICE, EQ, 06-Jun-2024,26.3,26.3,28.55,26.3,28.0,28.2,27.37,226288,61.94,690, 155230, 68.60,0.6859842324825002,2024-06-06
DIGJAMLMTD, BE, 06-Jun-2024,83.85,83.9,85.0,83.0,83.1,83.1,83.62,665,0.56,36, -, -,,2024-06-06
DIL, EQ, 06-Jun-2024,7.2,7.3,7.5,7.25,7.35,7.3,7.38,622687,45.95,1399, 286997, 46.09,0.4609009020583375,2024-06-06
DISHTV, EQ, 06-Jun-2024,14.2,14.3,15.0,14.3,14.75,14.65,14.7,20316845,2985.67,12257, 5523925, 27.19,0.271888917792108,2024-06-06
DIVGIITTS, EQ, 06-Jun-2024,682.05,688.0,710.65,682.05,700.0,699.8,699.63,15242,106.64,1914, 9115, 59.80,0.5980186327253642,2024-06-06
DIVISLAB, EQ, 06-Jun-2024,4502.7,4500.0,4500.0,4366.6,4482.05,4448.9,4432.7,790310,35032.11,97817, 395307, 50.02,0.5001923295921853,2024-06-06
DIVOPPBEES, EQ, 06-Jun-2024,75.34,73.1,77.6,73.1,77.04,76.9,76.74,48532,37.24,1112, 29472, 60.73,0.6072694304788593,2024-06-06
DIXON, EQ, 06-Jun-2024,9470.3,9549.0,9857.95,9458.9,9820.0,9762.0,9696.95,381934,37035.96,62212, 92780, 24.29,0.24292155189116443,2024-06-06
DJML, BE, 06-Jun-2024,333.45,344.8,344.8,327.25,338.5,335.1,335.04,14012,46.95,162, -, -,,2024-06-06
DLF, EQ, 06-Jun-2024,796.05,799.1,835.95,799.0,830.0,829.15,824.91,5439648,44872.45,170240, 2280034, 41.92,0.4191510185953209,2024-06-06
DLINKINDIA, EQ, 06-Jun-2024,412.15,419.95,427.0,411.0,420.6,422.85,419.3,237696,996.67,11609, 95761, 40.29,0.4028717353257943,2024-06-06
DMART, EQ, 06-Jun-2024,4862.25,4861.95,4861.95,4675.25,4700.0,4687.05,4750.76,664303,31559.47,71495, 391341, 58.91,0.5891001545981277,2024-06-06
DMCC, EQ, 06-Jun-2024,312.2,316.0,319.95,309.05,311.0,311.2,313.96,27820,87.34,2018, 9809, 35.26,0.352588066139468,2024-06-06
DNAMEDIA, EQ, 06-Jun-2024,4.55,4.7,4.7,4.4,4.55,4.55,4.54,98521,4.48,249, 67783, 68.80,0.688005602866394,2024-06-06
DODLA, EQ, 06-Jun-2024,905.2,920.0,941.45,919.45,934.0,932.7,930.04,83155,773.38,8614, 37070, 44.58,0.44579399915819856,2024-06-06
DOLATALGO, EQ, 06-Jun-2024,137.4,139.0,142.3,133.75,138.2,137.45,139.14,777701,1082.12,8652, 376164, 48.37,0.48368717540545786,2024-06-06
DOLLAR, EQ, 06-Jun-2024,534.95,536.3,559.2,533.15,549.6,548.8,548.04,73414,402.34,5889, 31961, 43.54,0.43535292995886343,2024-06-06
DOLPHIN, BE, 06-Jun-2024,649.5,657.8,681.95,657.6,681.95,681.95,680.09,9481,64.48,247, -, -,,2024-06-06
DOMS, EQ, 06-Jun-2024,1849.0,1895.0,1950.0,1850.0,1919.0,1928.0,1930.15,170312,3287.27,21560, 78052, 45.83,0.4582883179106581,2024-06-06
DONEAR, EQ, 06-Jun-2024,101.5,102.4,109.0,101.25,105.65,105.15,106.05,256025,271.5,3256, 108566, 42.40,0.42404452690166977,2024-06-06
DPABHUSHAN, EQ, 06-Jun-2024,1241.55,1274.95,1291.95,1252.55,1284.0,1278.4,1271.93,22460,285.67,3257, 8011, 35.67,0.35667853962600177,2024-06-06
DPSCLTD, EQ, 06-Jun-2024,16.7,17.0,17.35,16.8,16.9,16.9,17.03,422938,72.01,2180, 300684, 71.09,0.7109410835630754,2024-06-06
DPWIRES, EQ, 06-Jun-2024,455.05,455.2,469.95,455.0,457.75,458.9,462.67,41050,189.93,4549, 20081, 48.92,0.489183922046285,2024-06-06
DRCSYSTEMS, EQ, 06-Jun-2024,20.4,20.4,21.3,20.4,21.1,20.95,20.9,140101,29.29,795, 86508, 61.75,0.6174688260611987,2024-06-06
DREAMFOLKS, EQ, 06-Jun-2024,457.15,465.0,468.8,460.5,465.8,465.2,464.37,188223,874.04,12231, 108242, 57.51,0.5750731844673606,2024-06-06
DREDGECORP, EQ, 06-Jun-2024,843.6,854.0,885.75,854.0,883.0,878.4,877.77,182948,1605.86,4050, 92402, 50.51,0.505072479611693,2024-06-06
DRREDDY, EQ, 06-Jun-2024,5824.15,5835.0,5926.0,5781.6,5899.4,5890.95,5867.93,719676,42230.09,119008, 388827, 54.03,0.5402806262818268,2024-06-06
DSSL, EQ, 06-Jun-2024,1111.2,1170.0,1185.0,1155.05,1165.0,1159.3,1169.53,21269,248.75,2228, 11373, 53.47,0.5347218957167709,2024-06-06
DTIL, EQ, 06-Jun-2024,187.0,190.65,193.0,187.7,190.0,190.1,190.56,4117,7.85,288, 2635, 64.00,0.6400291474374544,2024-06-06
DUCON, BE, 06-Jun-2024,6.65,6.7,6.75,6.7,6.7,6.7,6.72,320442,21.53,227, -, -,,2024-06-06
DVL, EQ, 06-Jun-2024,313.2,317.0,328.85,314.15,328.85,328.85,323.55,46253,149.65,1224, 31681, 68.50,0.6849501653946771,2024-06-06
DWARKESH, EQ, 06-Jun-2024,67.5,68.1,69.4,67.95,68.65,68.8,68.75,623415,428.62,4865, 278072, 44.60,0.4460463736034584,2024-06-06
DYCL, EQ, 06-Jun-2024,543.3,577.95,577.95,549.45,556.0,561.0,559.9,60773,340.27,3107, 26464, 43.55,0.435456534974413,2024-06-06
DYNAMATECH, EQ, 06-Jun-2024,7019.7,7143.35,7560.0,7040.15,7518.0,7505.65,7334.25,14921,1094.34,4589, 7580, 50.80,0.5080088465920515,2024-06-06
DYNPRO, EQ, 06-Jun-2024,266.95,267.0,276.0,267.0,272.0,272.0,272.73,25318,69.05,1211, 17986, 71.04,0.7104036653764121,2024-06-06
E2E, BE, 06-Jun-2024,1510.5,1586.0,1586.0,1586.0,1586.0,1586.0,1586.0,17195,272.71,341, -, -,,2024-06-06
EASEMYTRIP, EQ, 06-Jun-2024,40.55,41.0,41.95,40.95,41.35,41.3,41.41,7579020,3138.43,20353, 2941014, 38.80,0.3880467395520793,2024-06-06
EBBETF0425, EQ, 06-Jun-2024,1210.62,1223.0,1223.0,1210.75,1212.5,1211.6,1211.49,9913,120.09,86, 8321, 83.94,0.8394028043982649,2024-06-06
EBBETF0430, EQ, 06-Jun-2024,1367.18,1368.99,1368.99,1340.0,1365.5,1364.73,1362.14,17680,240.83,447, 15297, 86.52,0.8652149321266969,2024-06-06
EBBETF0431, EQ, 06-Jun-2024,1221.67,1222.99,1223.0,1220.0,1222.68,1222.52,1222.06,4061,49.63,70, 3356, 82.64,0.8263974390544201,2024-06-06
EBBETF0433, EQ, 06-Jun-2024,1112.89,1112.89,1131.0,1112.89,1119.0,1119.0,1118.11,6120,68.43,81, 5145, 84.07,0.8406862745098039,2024-06-06
ECLERX, EQ, 06-Jun-2024,2129.15,2150.25,2232.0,2150.25,2222.0,2221.05,2201.26,84426,1858.44,13763, 56446, 66.86,0.6685855068343876,2024-06-06
EDELWEISS, EQ, 06-Jun-2024,65.95,66.65,69.35,66.65,69.25,68.9,68.46,3377450,2312.18,20139, 1154805, 34.19,0.3419162385823624,2024-06-06
EGOLD, EQ, 06-Jun-2024,73.6,74.15,74.5,74.1,74.5,74.5,74.27,2195,1.63,31, 1195, 54.44,0.5444191343963554,2024-06-06
EICHERMOT, EQ, 06-Jun-2024,4579.0,4579.0,4727.0,4538.3,4711.0,4719.75,4664.98,748915,34936.75,97194, 371457, 49.60,0.49599353731731904,2024-06-06
EIDPARRY, EQ, 06-Jun-2024,693.05,700.05,714.4,695.5,707.1,708.1,707.69,686364,4857.31,29116, 268755, 39.16,0.391563368708149,2024-06-06
EIFFL, EQ, 06-Jun-2024,131.45,131.0,134.55,131.0,133.2,133.7,133.24,32680,43.54,420, 30343, 92.85,0.9284883720930233,2024-06-06
EIHAHOTELS, EQ, 06-Jun-2024,678.8,689.0,709.65,677.6,699.0,694.15,690.35,46505,321.05,6493, 25786, 55.45,0.5544780131168692,2024-06-06
EIHOTEL, EQ, 06-Jun-2024,420.9,421.95,430.25,415.1,425.6,418.5,420.92,887259,3734.64,34424, 556150, 62.68,0.6268180993373975,2024-06-06
EIMCOELECO, BE, 06-Jun-2024,1823.5,1851.85,1914.65,1801.3,1914.65,1914.55,1906.18,9735,185.57,542, -, -,,2024-06-06
EKC, EQ, 06-Jun-2024,123.5,125.0,126.95,119.55,121.5,121.25,122.34,886090,1084.02,10317, 482838, 54.49,0.5449085307361554,2024-06-06
ELDEHSG, EQ, 06-Jun-2024,903.65,903.7,965.0,895.0,964.9,936.5,926.94,2570,23.82,641, 1012, 39.38,0.39377431906614785,2024-06-06
ELECON, EQ, 06-Jun-2024,1003.9,1019.4,1068.2,1019.4,1050.0,1046.25,1050.54,306367,3218.5,22074, 102750, 33.54,0.33538207444013224,2024-06-06
ELECTCAST, EQ, 06-Jun-2024,156.6,160.0,161.95,155.85,160.55,159.1,159.44,1229687,1960.64,15751, 747865, 60.82,0.6081750884574693,2024-06-06
ELECTHERM, BE, 06-Jun-2024,636.45,604.65,668.25,604.65,668.25,668.25,641.17,31352,201.02,117, -, -,,2024-06-06
ELGIEQUIP, EQ, 06-Jun-2024,589.65,590.0,619.0,590.0,610.0,609.9,609.91,1654805,10092.88,11420, 1550121, 93.67,0.9367393741256522,2024-06-06
ELGIRUBCO, BE, 06-Jun-2024,68.65,69.3,72.05,68.85,72.05,72.05,71.67,86221,61.79,292, -, -,,2024-06-06
ELIN, EQ, 06-Jun-2024,152.85,152.95,158.9,152.85,158.9,155.55,155.34,102285,158.89,3971, 54970, 53.74,0.5374199540499585,2024-06-06
EMAMILTD, EQ, 06-Jun-2024,699.0,700.15,711.2,676.2,706.0,707.5,699.02,2688323,18791.98,99786, 698484, 25.98,0.25982145746623453,2024-06-06
EMAMIPAP, EQ, 06-Jun-2024,105.0,106.55,108.95,106.2,108.75,107.95,107.75,35509,38.26,1018, 18596, 52.37,0.523698217353347,2024-06-06
EMAMIREAL, EQ, 06-Jun-2024,100.65,102.8,103.65,100.05,102.7,101.75,102.35,39305,40.23,416, 25265, 64.28,0.6427935377178476,2024-06-06
EMIL, EQ, 06-Jun-2024,214.0,215.0,219.0,212.25,213.0,213.25,215.57,305532,658.64,9694, 172147, 56.34,0.5634336174279617,2024-06-06
EMKAY, EQ, 06-Jun-2024,157.1,164.8,164.8,153.05,154.2,155.55,157.68,80145,126.38,4316, 28155, 35.13,0.3513007673591615,2024-06-06
EMMBI, EQ, 06-Jun-2024,98.7,99.05,100.6,98.0,99.0,98.8,99.28,49270,48.92,692, 34875, 70.78,0.7078343819768622,2024-06-06
EMSLIMITED, EQ, 06-Jun-2024,464.75,469.05,481.75,465.0,473.15,472.65,474.9,316496,1503.05,15191, 167707, 52.99,0.5298866336383398,2024-06-06
EMUDHRA, EQ, 06-Jun-2024,765.2,768.8,804.9,767.25,796.7,796.45,793.1,220540,1749.11,15018, 114285, 51.82,0.5182053142287113,2024-06-06
ENDURANCE, EQ, 06-Jun-2024,2364.9,2382.5,2499.0,2347.05,2421.0,2419.2,2444.34,455501,11133.99,39286, 309486, 67.94,0.6794408793833603,2024-06-06
ENERGYDEV, EQ, 06-Jun-2024,20.95,21.75,21.95,21.3,21.85,21.6,21.74,77080,16.76,589, 51529, 66.85,0.6685132330046705,2024-06-06
ENGINERSIN, EQ, 06-Jun-2024,216.8,219.9,238.45,219.2,229.0,228.75,230.98,16936578,39119.35,134341, 4710751, 27.81,0.27814066100011464,2024-06-06
ENIL, EQ, 06-Jun-2024,210.1,211.95,224.5,211.1,219.95,216.45,218.2,80823,176.36,4590, 40851, 50.54,0.5054378085445974,2024-06-06
ENTERO, EQ, 06-Jun-2024,1031.7,1031.7,1044.95,1023.35,1040.0,1040.0,1036.49,25598,265.32,5058, 14568, 56.91,0.5691069614813657,2024-06-06
EPACK, EQ, 06-Jun-2024,170.1,172.25,179.1,171.75,174.1,174.2,175.73,314245,552.21,8543, 142728, 45.42,0.4541933841429458,2024-06-06
EPIGRAL, EQ, 06-Jun-2024,1195.0,1215.0,1290.0,1205.0,1264.4,1270.3,1258.56,84072,1058.1,8547, 42702, 50.79,0.5079217813302883,2024-06-06
EPL, EQ, 06-Jun-2024,179.0,182.0,183.9,178.8,180.15,180.35,180.82,1027673,1858.28,15669, 681568, 66.32,0.6632148553090331,2024-06-06
EQUAL50ADD, EQ, 06-Jun-2024,293.84,302.65,302.65,294.27,298.21,296.55,297.32,10931,32.5,150, 7059, 64.58,0.645778062391364,2024-06-06
EQUIPPP, BE, 06-Jun-2024,25.3,26.0,26.0,25.0,25.65,25.55,25.26,40328,10.19,51, -, -,,2024-06-06
EQUITASBNK, EQ, 06-Jun-2024,93.15,94.0,97.45,94.0,96.6,96.7,95.83,3104297,2974.89,20236, 1744761, 56.20,0.5620470592858866,2024-06-06
ERIS, EQ, 06-Jun-2024,917.35,932.7,992.25,920.0,979.9,977.85,971.68,768455,7466.95,52196, 291861, 37.98,0.379802330650461,2024-06-06
EROSMEDIA, EQ, 06-Jun-2024,18.95,19.15,19.65,19.15,19.55,19.5,19.47,262554,51.11,994, 149068, 56.78,0.5677612986280918,2024-06-06
ESABINDIA, EQ, 06-Jun-2024,5585.65,5607.95,5788.7,5602.4,5685.0,5673.65,5727.46,4875,279.21,2211, 2067, 42.40,0.424,2024-06-06
ESAFSFB, EQ, 06-Jun-2024,52.6,52.85,53.0,52.65,53.0,52.95,52.92,691183,365.79,2990, 446369, 64.58,0.6458043672949132,2024-06-06
ESCORTS, EQ, 06-Jun-2024,3908.95,3919.0,4038.85,3910.05,4011.7,4011.0,3982.81,407715,16238.51,42458, 112086, 27.49,0.2749126227879769,2024-06-06
ESG, EQ, 06-Jun-2024,38.03,38.18,38.5,38.07,38.45,38.36,38.3,31970,12.25,402, 24300, 76.01,0.7600875821082265,2024-06-06
ESILVER, EQ, 06-Jun-2024,90.99,92.81,93.4,92.0,92.0,92.0,92.87,726,0.67,69, 565, 77.82,0.778236914600551,2024-06-06
ESSARSHPNG, EQ, 06-Jun-2024,28.15,28.9,30.95,28.75,30.2,30.05,30.2,900189,271.89,2884, 547241, 60.79,0.607917892798068,2024-06-06
ESSENTIA, BE, 06-Jun-2024,3.45,3.45,3.45,3.4,3.4,3.4,3.44,1942502,66.91,1760, -, -,,2024-06-06
ESTER, EQ, 06-Jun-2024,107.4,107.4,114.15,107.4,111.2,111.85,111.9,155666,174.2,3275, 59524, 38.24,0.382382793930595,2024-06-06
ETHOSLTD, EQ, 06-Jun-2024,2448.85,2449.0,2499.0,2395.0,2441.0,2446.1,2434.56,35654,868.02,5596, 21440, 60.13,0.6013350535704268,2024-06-06
EUROTEXIND, BE, 06-Jun-2024,12.1,12.25,12.25,11.55,12.25,12.25,12.1,717,0.09,14, -, -,,2024-06-06
EVEREADY, EQ, 06-Jun-2024,313.8,315.8,335.5,315.8,330.0,328.55,325.03,160410,521.37,7686, 65310, 40.71,0.4071441930054236,2024-06-06
EVERESTIND, EQ, 06-Jun-2024,1065.9,1085.0,1110.0,1066.0,1066.0,1074.5,1091.18,8015,87.46,2116, 3354, 41.85,0.41846537741734247,2024-06-06
EXCEL, BE, 06-Jun-2024,0.85,0.9,0.9,0.85,0.9,0.9,0.9,8892362,79.95,6121, -, -,,2024-06-06
EXCELINDUS, EQ, 06-Jun-2024,1014.35,1014.35,1052.0,1014.35,1050.0,1044.55,1039.31,17049,177.19,3720, 8543, 50.11,0.501085107630946,2024-06-06
EXICOM, EQ, 06-Jun-2024,297.9,300.8,317.35,297.2,303.65,303.4,306.71,2761500,8469.82,64007, 910122, 32.96,0.3295752308527974,2024-06-06
EXIDEIND, EQ, 06-Jun-2024,491.05,493.65,536.7,492.1,528.15,527.85,517.82,15257519,79005.77,168791, 3600335, 23.60,0.23597119557904533,2024-06-06
EXPLEOSOL, EQ, 06-Jun-2024,1196.7,1223.95,1225.0,1197.85,1210.0,1208.5,1210.26,20456,247.57,2171, 13696, 66.95,0.6695346108721157,2024-06-06
EXXARO, EQ, 06-Jun-2024,92.1,92.95,95.7,92.95,94.95,94.7,94.83,72833,69.07,1381, 43020, 59.07,0.5906663188389878,2024-06-06
FACT, EQ, 06-Jun-2024,656.05,670.0,705.4,669.95,696.0,695.45,692.17,399641,2766.19,22777, 95342, 23.86,0.23856911578141382,2024-06-06
FAIRCHEMOR, EQ, 06-Jun-2024,1240.95,1230.5,1271.35,1229.0,1260.0,1259.25,1258.06,6518,82.0,2137, 3918, 60.11,0.6011046333231053,2024-06-06
FAZE3Q, EQ, 06-Jun-2024,385.95,382.6,400.0,382.6,396.0,393.55,396.15,8276,32.79,950, 4784, 57.81,0.5780570323827936,2024-06-06
FCL, EQ, 06-Jun-2024,346.15,347.0,357.75,345.45,352.1,351.35,353.36,229800,812.03,8881, 84588, 36.81,0.36809399477806787,2024-06-06
FCSSOFT, EQ, 06-Jun-2024,3.6,3.65,3.75,3.6,3.75,3.75,3.72,4549249,169.24,4367, 1786014, 39.26,0.39259534925434947,2024-06-06
FDC, EQ, 06-Jun-2024,433.2,437.2,441.05,432.35,436.15,435.45,436.31,131580,574.09,10079, 67273, 51.13,0.5112707098343213,2024-06-06
FEDERALBNK, EQ, 06-Jun-2024,166.05,167.7,169.1,163.75,164.9,164.55,166.23,10103459,16795.44,58916, 4450845, 44.05,0.4405268532291763,2024-06-06
FEDFINA, EQ, 06-Jun-2024,117.55,118.25,121.45,118.25,120.9,120.9,120.32,191403,230.29,3336, 118471, 61.90,0.6189610403180723,2024-06-06
FEL, BZ, 06-Jun-2024,0.75,0.75,0.8,0.7,0.75,0.75,0.75,731689,5.52,147, -, -,,2024-06-06
FELDVR, BE, 06-Jun-2024,5.55,5.35,5.7,5.3,5.3,5.3,5.41,15210,0.82,88, -, -,,2024-06-06
FIBERWEB, EQ, 06-Jun-2024,38.1,38.65,39.9,38.1,39.25,39.4,38.98,98886,38.55,938, 44154, 44.65,0.446514167829622,2024-06-06
FIEMIND, EQ, 06-Jun-2024,1245.8,1260.0,1276.3,1226.05,1235.0,1235.5,1251.87,215205,2694.08,16652, 100684, 46.79,0.46785158337399224,2024-06-06
FILATEX, EQ, 06-Jun-2024,50.8,51.35,53.6,51.3,52.45,52.35,52.64,1091583,574.56,4180, 538628, 49.34,0.49343751231010374,2024-06-06
FILATFASH, EQ, 06-Jun-2024,10.25,10.5,11.1,10.3,10.9,10.95,10.73,3609293,387.19,4541, 1616601, 44.79,0.4478996302045858,2024-06-06
FINCABLES, EQ, 06-Jun-2024,1399.25,1409.8,1541.85,1409.8,1515.0,1519.3,1501.39,646976,9713.6,54822, 203957, 31.52,0.3152466242951825,2024-06-06
FINEORG, EQ, 06-Jun-2024,4391.4,4391.0,4491.3,4361.0,4460.0,4457.0,4452.35,12471,555.25,4216, 6680, 53.56,0.5356426910432203,2024-06-06
FINIETF, EQ, 06-Jun-2024,22.94,23.17,23.53,22.81,23.38,23.34,23.31,154960,36.12,772, 105121, 67.84,0.6783750645327826,2024-06-06
FINOPB, EQ, 06-Jun-2024,257.4,261.25,276.65,261.25,273.0,272.55,270.47,70995,192.02,4773, 31293, 44.08,0.4407775195436298,2024-06-06
FINPIPE, EQ, 06-Jun-2024,341.0,350.0,350.0,337.75,341.5,341.55,341.25,1079944,3685.32,32137, 479990, 44.45,0.444458231167542,2024-06-06
FIVESTAR, EQ, 06-Jun-2024,740.35,741.9,775.3,741.9,775.0,772.25,772.11,397433,3068.61,22194, 242986, 61.14,0.611388586252274,2024-06-06
FLAIR, EQ, 06-Jun-2024,286.25,288.0,295.6,286.55,290.5,289.25,289.62,76943,222.84,2084, 44867, 58.31,0.5831199719272708,2024-06-06
FLEXITUFF, BE, 06-Jun-2024,30.3,31.2,31.75,30.3,30.8,30.8,30.88,35607,11.0,53, -, -,,2024-06-06
FLFL, BZ, 06-Jun-2024,1.95,2.0,2.0,1.9,1.95,1.95,1.96,42106,0.82,79, -, -,,2024-06-06
FLUOROCHEM, EQ, 06-Jun-2024,2930.05,2946.35,2993.65,2871.8,2920.0,2906.9,2906.77,153455,4460.58,22448, 85541, 55.74,0.5574337753738882,2024-06-06
FMCGIETF, EQ, 06-Jun-2024,60.45,61.0,61.22,58.91,60.0,59.79,59.8,1657682,991.3,6103, 1023578, 61.75,0.6174754868545355,2024-06-06
FMGOETZE, EQ, 06-Jun-2024,383.5,384.1,393.15,381.1,389.9,390.7,387.82,144015,558.52,5292, 84511, 58.68,0.5868208172759782,2024-06-06
FMNL, EQ, 06-Jun-2024,7.1,7.05,7.4,6.75,6.75,6.75,7.06,201879,14.25,542, 135945, 67.34,0.673398421826936,2024-06-06
FOCUS, EQ, 06-Jun-2024,157.25,159.6,163.0,157.8,160.0,159.9,160.42,776927,1246.36,4786, 197344, 25.40,0.2540058461090939,2024-06-06
FOODSIN, EQ, 06-Jun-2024,144.1,147.25,147.25,144.0,145.0,144.45,144.55,186935,270.22,1756, 125995, 67.40,0.674004333056945,2024-06-06
FORCEMOT, EQ, 06-Jun-2024,8389.7,8389.8,8590.0,8222.0,8449.05,8435.4,8478.69,18474,1566.35,5784, 9062, 49.05,0.4905272274548013,2024-06-06
FORTIS, EQ, 06-Jun-2024,443.25,451.4,455.05,444.5,445.95,446.3,447.6,1305847,5844.94,57618, 979010, 74.97,0.7497126386169283,2024-06-06
FOSECOIND, EQ, 06-Jun-2024,3389.3,3425.45,3483.95,3391.85,3436.1,3437.75,3437.7,2625,90.24,836, 1307, 49.79,0.4979047619047619,2024-06-06
FRETAIL, BZ, 06-Jun-2024,2.4,2.5,2.5,2.5,2.5,2.5,2.5,396028,9.9,244, -, -,,2024-06-06
FSC, BZ, 06-Jun-2024,4.3,4.35,4.4,4.1,4.25,4.2,4.22,67100,2.83,171, -, -,,2024-06-06
FSL, EQ, 06-Jun-2024,185.1,187.3,193.0,187.3,189.05,189.45,189.77,794921,1508.48,12440, 381804, 48.03,0.48030433212860146,2024-06-06
FUSION, EQ, 06-Jun-2024,437.2,436.0,448.7,436.0,444.0,443.8,443.28,362967,1608.97,31466, 241705, 66.59,0.6659145321751013,2024-06-06
GABRIEL, EQ, 06-Jun-2024,375.5,385.0,386.85,375.0,379.1,378.4,380.46,239354,910.66,13374, 118115, 49.35,0.4934741011221872,2024-06-06
GAEL, EQ, 06-Jun-2024,136.85,138.0,143.5,136.9,140.7,140.6,140.16,1004212,1407.52,17407, 413258, 41.15,0.4115246581399147,2024-06-06
GAIL, EQ, 06-Jun-2024,195.15,201.0,210.85,199.1,208.3,207.9,207.27,41316996,85638.5,210527, 13146841, 31.82,0.3181945028142898,2024-06-06
GALAXYSURF, EQ, 06-Jun-2024,2524.75,2538.0,2599.0,2528.05,2565.15,2575.55,2563.98,12626,323.73,3538, 5799, 45.93,0.45929035323934736,2024-06-06
GALLANTT, BE, 06-Jun-2024,262.3,270.8,274.0,257.1,273.0,271.1,271.13,30754,83.38,420, -, -,,2024-06-06
GANDHAR, EQ, 06-Jun-2024,191.7,192.75,201.95,192.75,200.3,200.7,198.49,390456,775.03,11711, 173962, 44.55,0.44553547646853936,2024-06-06
GANDHITUBE, EQ, 06-Jun-2024,742.75,744.4,772.0,744.1,772.0,763.4,758.74,6666,50.58,1452, 3095, 46.43,0.4642964296429643,2024-06-06
GANECOS, EQ, 06-Jun-2024,1127.25,1150.0,1178.95,1145.0,1161.05,1158.1,1161.03,72650,843.49,9791, 34438, 47.40,0.47402615278733656,2024-06-06
GANESHBE, EQ, 06-Jun-2024,139.3,140.0,149.0,140.0,146.5,146.55,145.64,213973,311.64,5855, 120878, 56.49,0.5649217424628341,2024-06-06
GANESHHOUC, EQ, 06-Jun-2024,793.55,800.0,833.2,800.0,833.2,832.3,829.0,128766,1067.47,3362, 90547, 70.32,0.7031902831492786,2024-06-06
GANGAFORGE, BE, 06-Jun-2024,7.65,7.3,8.0,7.3,7.8,7.75,7.78,286551,22.28,817, -, -,,2024-06-06
GANGESSECU, EQ, 06-Jun-2024,137.25,140.15,146.0,139.5,142.8,142.85,143.26,9926,14.22,353, 5451, 54.92,0.5491638122103566,2024-06-06
GARFIBRES, EQ, 06-Jun-2024,3528.65,3528.65,3705.75,3528.65,3670.0,3663.05,3644.85,16926,616.93,7261, 8425, 49.78,0.4977549332388042,2024-06-06
GATECH, BE, 06-Jun-2024,1.2,1.2,1.2,1.2,1.2,1.2,1.2,41655,0.5,138, -, -,,2024-06-06
GATECHDVR, BE, 06-Jun-2024,3.05,3.05,3.15,3.0,3.1,3.1,3.07,34520,1.06,174, -, -,,2024-06-06
GATEWAY, EQ, 06-Jun-2024,93.05,94.0,98.4,93.6,96.5,96.6,96.72,587415,568.13,7324, 291336, 49.60,0.49596282015270293,2024-06-06
GAYAHWS, BE, 06-Jun-2024,1.15,1.2,1.2,1.1,1.1,1.1,1.12,28470,0.32,88, -, -,,2024-06-06
GEECEE, EQ, 06-Jun-2024,318.0,324.9,332.0,322.2,330.15,328.85,327.16,34808,113.88,2613, 13464, 38.68,0.3868076304297863,2024-06-06
GEEKAYWIRE, EQ, 06-Jun-2024,85.75,86.45,91.0,85.5,90.1,89.9,89.38,134253,120.0,2126, 72335, 53.88,0.5387961535310198,2024-06-06
GENCON, EQ, 06-Jun-2024,36.5,39.35,39.7,37.3,39.6,38.7,38.99,69243,27.0,605, 43010, 62.11,0.6211458197940586,2024-06-06
GENESYS, EQ, 06-Jun-2024,457.4,465.6,519.7,465.6,492.0,490.9,500.95,306784,1536.84,21279, 110475, 36.01,0.36010678522999895,2024-06-06
GENSOL, EQ, 06-Jun-2024,913.2,934.95,947.0,925.0,938.7,937.6,936.34,157988,1479.31,6650, 97410, 61.66,0.6165658151251994,2024-06-06
GENUSPAPER, EQ, 06-Jun-2024,19.45,19.8,20.25,19.8,20.25,20.05,20.01,443411,88.71,1616, 184258, 41.55,0.41554675008062497,2024-06-06
GENUSPOWER, EQ, 06-Jun-2024,277.35,280.9,291.2,280.0,291.2,291.15,289.54,1317913,3815.94,11104, 816324, 61.94,0.6194065920891592,2024-06-06
GEOJITFSL, EQ, 06-Jun-2024,92.35,93.0,96.95,93.0,95.45,95.5,94.77,863108,817.95,6577, 360067, 41.72,0.4171749074275757,2024-06-06
GEPIL, EQ, 06-Jun-2024,297.8,300.15,327.4,300.15,322.0,322.15,315.23,539070,1699.33,22275, 228776, 42.44,0.4243901534123583,2024-06-06
GESHIP, EQ, 06-Jun-2024,1052.65,1060.0,1083.6,1048.45,1070.85,1069.85,1065.66,1031839,10995.88,47785, 597407, 57.90,0.5789730762260391,2024-06-06
GET&D, BE, 06-Jun-2024,1280.4,1235.0,1314.7,1222.65,1279.0,1257.25,1271.44,96527,1227.29,8153, -, -,,2024-06-06
GFLLIMITED, EQ, 06-Jun-2024,70.15,71.6,73.85,71.25,72.95,72.2,72.72,124614,90.63,1534, 68148, 54.69,0.5468727430304782,2024-06-06
GHCL, EQ, 06-Jun-2024,500.5,504.7,504.9,478.2,480.8,480.0,486.12,680272,3306.94,31809, 440788, 64.80,0.6479584636733542,2024-06-06
GHCLTEXTIL, EQ, 06-Jun-2024,76.9,77.9,79.4,76.9,77.3,77.25,78.16,163662,127.92,1893, 88894, 54.32,0.5431560166684997,2024-06-06
GICHSGFIN, EQ, 06-Jun-2024,206.05,207.5,214.9,207.5,213.65,211.55,211.49,255915,541.23,7187, 122262, 47.77,0.477744563624641,2024-06-06
GICRE, EQ, 06-Jun-2024,345.15,350.0,371.3,350.0,362.0,360.65,362.38,2004781,7264.84,58339, 841856, 41.99,0.41992417126858245,2024-06-06
GILLANDERS, EQ, 06-Jun-2024,76.15,76.0,78.8,76.0,77.5,77.65,77.46,5466,4.23,115, 3532, 64.62,0.646176362971094,2024-06-06
GILLETTE, EQ, 06-Jun-2024,7490.5,7500.0,7675.9,7439.95,7499.0,7486.5,7560.04,31055,2347.77,10545, 14547, 46.84,0.4684269843825471,2024-06-06
GILT5YBEES, EQ, 06-Jun-2024,55.79,55.81,56.1,55.81,56.07,56.06,56.03,98223,55.03,534, 74897, 76.25,0.7625199800454069,2024-06-06
GINNIFILA, EQ, 06-Jun-2024,27.1,26.9,28.45,26.1,28.45,28.45,28.09,379367,106.56,1125, 244965, 64.57,0.6457203710391257,2024-06-06
GIPCL, EQ, 06-Jun-2024,190.25,193.7,203.0,192.0,196.5,196.0,198.7,1700421,3378.73,34023, 676507, 39.78,0.3978467685355568,2024-06-06
GKWLIMITED, BE, 06-Jun-2024,2194.6,2190.65,2304.3,2190.65,2304.0,2304.0,2293.02,343,7.87,30, -, -,,2024-06-06
GLAND, EQ, 06-Jun-2024,1833.15,1879.9,1879.9,1825.0,1834.0,1833.3,1845.29,116060,2141.65,10510, 60067, 51.76,0.5175512665862485,2024-06-06
GLAXO, EQ, 06-Jun-2024,2472.85,2470.0,2535.75,2453.0,2460.0,2464.9,2479.4,167203,4145.64,18231, 100372, 60.03,0.6003002338474788,2024-06-06
GLENMARK, EQ, 06-Jun-2024,1183.55,1184.55,1216.15,1164.25,1214.0,1209.85,1188.22,769796,9146.86,36819, 278798, 36.22,0.362171276545994,2024-06-06
GLFL, BE, 06-Jun-2024,7.55,7.55,7.55,7.45,7.45,7.45,7.45,1276,0.1,12, -, -,,2024-06-06
GLOBAL, BE, 06-Jun-2024,174.3,175.8,183.0,175.0,183.0,183.0,181.06,49283,89.23,443, -, -,,2024-06-06
GLOBALVECT, BE, 06-Jun-2024,174.2,174.2,182.9,170.2,182.9,182.9,180.52,18695,33.75,198, -, -,,2024-06-06
GLOBE, EQ, 06-Jun-2024,2.85,2.9,2.95,2.7,2.75,2.7,2.76,4838984,133.78,2568, 3703563, 76.54,0.7653596292114212,2024-06-06
GLOBUSSPR, EQ, 06-Jun-2024,698.7,708.0,731.95,704.8,723.5,723.6,722.96,83698,605.1,7242, 43781, 52.31,0.5230829888408325,2024-06-06
GLOSTERLTD, EQ, 06-Jun-2024,818.95,829.95,849.95,823.05,825.3,830.8,838.7,3129,26.24,405, 2547, 81.40,0.8139980824544583,2024-06-06
GLS, EQ, 06-Jun-2024,836.6,846.05,871.8,840.05,858.5,855.25,857.09,136654,1171.25,7449, 56691, 41.49,0.4148506446938985,2024-06-06
GMBREW, EQ, 06-Jun-2024,600.85,605.0,622.0,604.75,619.7,617.15,615.89,37564,231.35,4235, 21300, 56.70,0.5670322649345118,2024-06-06
GMDCLTD, EQ, 06-Jun-2024,355.4,360.0,379.4,360.0,372.0,371.6,371.43,1814736,6740.54,36410, 525683, 28.97,0.28967464138034404,2024-06-06
GMMPFAUDLR, EQ, 06-Jun-2024,1194.4,1214.0,1257.95,1209.05,1248.0,1247.7,1238.46,145892,1806.82,12974, 68514, 46.96,0.4696213637485263,2024-06-06
GMRINFRA, EQ, 06-Jun-2024,81.75,82.3,86.4,82.0,84.7,84.3,84.71,61875083,52412.76,91568, 28500359, 46.06,0.4606112447558252,2024-06-06
GMRP&UI, EQ, 06-Jun-2024,64.25,65.45,67.45,65.45,67.45,67.45,67.2,3927928,2639.48,3962, 2885199, 73.45,0.7345345943204662,2024-06-06
GNA, EQ, 06-Jun-2024,380.6,387.7,393.45,383.85,386.65,387.15,389.2,32447,126.29,3454, 17164, 52.90,0.5289857305760163,2024-06-06
GNFC, EQ, 06-Jun-2024,624.1,637.0,647.95,630.0,639.0,637.55,639.23,1311752,8385.14,38993, 658995, 50.24,0.5023777360354701,2024-06-06
GOACARBON, EQ, 06-Jun-2024,737.0,745.0,775.75,745.0,765.9,765.95,766.01,27692,212.12,4757, 10890, 39.33,0.39325436949299436,2024-06-06
GOCLCORP, EQ, 06-Jun-2024,370.55,371.5,387.65,368.6,381.9,383.8,380.01,72323,274.83,5889, 29167, 40.33,0.40328802732187546,2024-06-06
GOCOLORS, EQ, 06-Jun-2024,1009.75,1014.05,1050.0,1014.05,1045.9,1042.5,1034.39,59887,619.46,8843, 33941, 56.68,0.566750713844407,2024-06-06
GODFRYPHLP, EQ, 06-Jun-2024,3661.15,3670.15,3829.0,3660.0,3765.0,3780.0,3784.22,65897,2493.69,14102, 21076, 31.98,0.3198324658178673,2024-06-06
GODHA, EQ, 06-Jun-2024,0.75,0.75,0.8,0.75,0.8,0.8,0.8,10132819,80.58,2381, 5902135, 58.25,0.582477097439518,2024-06-06
GODIGIT, EQ, 06-Jun-2024,301.95,304.0,335.0,300.45,335.0,334.65,322.59,1773723,5721.85,42850, 714442, 40.28,0.4027923187555216,2024-06-06
GODREJAGRO, EQ, 06-Jun-2024,538.85,554.0,561.25,544.0,557.0,557.95,553.05,198754,1099.21,9657, 122787, 61.78,0.6177837930305805,2024-06-06
GODREJCP, EQ, 06-Jun-2024,1426.8,1427.0,1427.25,1376.0,1396.6,1402.15,1399.71,1356564,18988.02,71190, 752233, 55.45,0.5545134619524033,2024-06-06
GODREJIND, EQ, 06-Jun-2024,792.55,798.0,806.9,793.55,800.65,804.4,801.06,372941,2987.49,17758, 275304, 73.82,0.7381971947305338,2024-06-06
GODREJPROP, EQ, 06-Jun-2024,2668.2,2690.0,2825.9,2690.0,2800.0,2796.4,2778.67,941641,26165.08,49618, 311790, 33.11,0.33111344981792423,2024-06-06
GOENKA, BZ, 06-Jun-2024,0.85,0.85,0.85,0.8,0.85,0.85,0.82,111923,0.92,91, -, -,,2024-06-06
GOKEX, EQ, 06-Jun-2024,835.0,837.0,878.0,837.0,850.0,855.4,859.23,138716,1191.89,14937, 67240, 48.47,0.4847313936388016,2024-06-06
GOKUL, BE, 06-Jun-2024,39.2,38.45,38.5,38.45,38.45,38.45,38.46,45708,17.58,153, -, -,,2024-06-06
GOKULAGRO, EQ, 06-Jun-2024,148.1,148.85,153.8,148.1,150.1,150.6,151.34,286092,432.97,9050, 109990, 38.45,0.38445674817890746,2024-06-06
GOLD1, EQ, 06-Jun-2024,61.21,62.59,62.59,61.55,61.69,61.78,61.74,629050,388.36,1648, 388000, 61.68,0.616803115809554,2024-06-06
GOLDBEES, EQ, 06-Jun-2024,60.68,61.5,61.8,61.31,61.45,61.45,61.51,5225983,3214.35,33592, 3460060, 66.21,0.6620878789693728,2024-06-06
GOLDCASE, EQ, 06-Jun-2024,11.53,11.86,11.86,11.56,11.66,11.65,11.63,301024,35.01,942, 231903, 77.04,0.7703804347826086,2024-06-06
GOLDENTOBC, BZ, 06-Jun-2024,40.05,40.0,42.05,38.45,42.0,41.6,40.34,9612,3.88,65, -, -,,2024-06-06
GOLDETF, EQ, 06-Jun-2024,71.13,72.83,72.83,71.14,71.94,71.93,71.88,45099,32.42,793, 29316, 65.00,0.650036586177077,2024-06-06
GOLDETFADD, EQ, 06-Jun-2024,71.22,71.59,72.4,71.2,72.0,72.0,72.0,104455,75.21,161, 103539, 99.12,0.9912306734957638,2024-06-06
GOLDIAM, EQ, 06-Jun-2024,164.7,166.95,172.95,164.9,170.1,170.05,168.99,414704,700.82,4293, 251368, 60.61,0.6061383541031675,2024-06-06
GOLDIETF, EQ, 06-Jun-2024,62.54,64.4,64.4,62.81,63.29,63.31,63.37,795722,504.27,5436, 452103, 56.82,0.5681670231563285,2024-06-06
GOLDSHARE, EQ, 06-Jun-2024,61.1,62.0,62.3,61.5,61.9,61.95,61.9,97526,60.37,724, 83937, 86.07,0.8606627976129443,2024-06-06
GOLDTECH, EQ, 06-Jun-2024,103.8,104.0,114.15,103.1,114.15,114.15,110.95,38243,42.43,465, 25345, 66.27,0.6627356640430928,2024-06-06
GOODLUCK, EQ, 06-Jun-2024,836.75,859.8,873.7,845.0,854.5,850.95,859.34,53663,461.15,5935, 27581, 51.40,0.5139667927622384,2024-06-06
GOPAL, EQ, 06-Jun-2024,322.15,321.15,329.9,320.9,327.05,326.75,324.97,133153,432.71,3884, 63592, 47.76,0.4775859349770565,2024-06-06
GOYALALUM, BE, 06-Jun-2024,8.9,8.8,8.8,8.75,8.75,8.75,8.76,98702,8.64,426, -, -,,2024-06-06
GPIL, EQ, 06-Jun-2024,928.05,927.95,963.0,920.65,935.0,932.85,934.1,623712,5826.07,27353, 339320, 54.40,0.5440331435021292,2024-06-06
GPPL, EQ, 06-Jun-2024,183.55,185.95,193.55,185.6,189.7,189.05,190.56,4036312,7691.73,45287, 1111998, 27.55,0.2754985243955373,2024-06-06
GPTHEALTH, EQ, 06-Jun-2024,141.25,142.4,144.7,140.5,142.0,141.75,142.41,173889,247.64,5128, 93614, 53.84,0.5383549275687364,2024-06-06
GPTINFRA, BE, 06-Jun-2024,239.85,250.7,251.8,245.05,251.8,251.8,250.73,113299,284.07,1542, -, -,,2024-06-06
GRANULES, EQ, 06-Jun-2024,440.65,443.9,471.4,440.1,469.3,468.3,459.55,4566354,20984.72,79585, 1627085, 35.63,0.3563203816436483,2024-06-06
GRAPHITE, EQ, 06-Jun-2024,539.15,541.0,567.5,541.0,564.25,564.95,561.45,878109,4930.13,44497, 293879, 33.47,0.33467257481702156,2024-06-06
GRASIM, EQ, 06-Jun-2024,2304.85,2306.05,2353.0,2293.1,2337.8,2334.75,2324.62,834320,19394.78,94218, 270587, 32.43,0.32432040464090517,2024-06-06
GRAVITA, EQ, 06-Jun-2024,1059.85,1087.0,1109.95,1060.0,1105.25,1099.75,1083.09,286238,3100.21,24853, 135320, 47.28,0.47275344293909266,2024-06-06
GREAVESCOT, EQ, 06-Jun-2024,122.4,123.0,126.0,123.0,125.0,124.9,124.9,734665,917.57,7443, 378727, 51.55,0.515509790176475,2024-06-06
GREENLAM, EQ, 06-Jun-2024,547.3,557.4,571.25,554.7,570.0,567.8,565.71,34463,194.96,3855, 14400, 41.78,0.4178394219887996,2024-06-06
GREENPANEL, EQ, 06-Jun-2024,291.2,296.25,297.0,291.05,295.45,295.1,294.46,747259,2200.39,24078, 613492, 82.10,0.8209897773061281,2024-06-06
GREENPLY, EQ, 06-Jun-2024,257.9,262.0,281.0,260.0,268.6,268.05,272.86,1054712,2877.91,28943, 447857, 42.46,0.42462492130553176,2024-06-06
GREENPOWER, EQ, 06-Jun-2024,19.1,19.45,20.05,19.45,19.65,19.75,19.82,5181782,1027.05,14330, 3023661, 58.35,0.5835176007018434,2024-06-06
GRINDWELL, EQ, 06-Jun-2024,2405.6,2405.65,2570.0,2405.65,2545.0,2538.15,2529.42,123933,3134.78,12907, 75880, 61.23,0.6122663051810252,2024-06-06
GRINFRA, EQ, 06-Jun-2024,1487.45,1501.05,1559.0,1500.05,1545.0,1540.8,1529.56,109495,1674.79,15067, 62404, 56.99,0.5699255673775058,2024-06-06
GRMOVER, EQ, 06-Jun-2024,131.5,133.45,141.35,132.25,140.85,139.45,136.71,70622,96.55,2648, 41502, 58.77,0.5876639007674662,2024-06-06
GROBTEA, EQ, 06-Jun-2024,857.45,857.5,871.05,851.9,865.55,864.85,864.55,477,4.12,85, 315, 66.04,0.660377358490566,2024-06-06
GRPLTD, EQ, 06-Jun-2024,9086.3,9250.0,9600.0,9250.0,9398.0,9350.25,9457.56,1633,154.44,414, 1296, 79.36,0.7936313533374157,2024-06-06
GRSE, EQ, 06-Jun-2024,1180.15,1217.0,1298.15,1213.15,1298.15,1298.15,1284.08,1834439,23555.57,37592, 540582, 29.47,0.2946851871335051,2024-06-06
GRWRHITECH, EQ, 06-Jun-2024,1733.6,1764.8,1892.0,1753.9,1880.0,1885.35,1846.22,65212,1203.95,6475, 47110, 72.24,0.7224130528123658,2024-06-06
GSEC10IETF, EQ, 06-Jun-2024,230.74,230.75,230.75,230.25,230.75,230.75,230.43,30,0.07,4, 30, 100.00,1.0,2024-06-06
GSEC10YEAR, EQ, 06-Jun-2024,26.0,26.19,26.5,26.01,26.49,26.49,26.36,3219,0.85,53, 2018, 62.69,0.6269027648337994,2024-06-06
GSEC5IETF, EQ, 06-Jun-2024,56.4,56.4,56.4,56.0,56.4,56.4,56.34,178,0.1,8, 178, 100.00,1.0,2024-06-06
GSFC, EQ, 06-Jun-2024,194.9,198.0,211.3,197.0,208.7,207.85,207.24,3550389,7357.69,38277, 1351986, 38.08,0.3807993997277481,2024-06-06
GSLSU, EQ, 06-Jun-2024,189.9,193.65,208.1,193.05,205.85,205.9,202.77,97847,198.4,1897, 47132, 48.17,0.48169080298833894,2024-06-06
GSPL, EQ, 06-Jun-2024,277.55,280.1,286.05,276.55,278.5,278.05,280.83,3335066,9365.74,53812, 1788395, 53.62,0.5362397625714154,2024-06-06
GSS, BE, 06-Jun-2024,90.9,92.7,95.4,89.0,93.5,93.8,94.02,195578,183.88,356, -, -,,2024-06-06
GTECJAINX, BE, 06-Jun-2024,72.05,72.05,72.05,70.6,70.6,70.6,71.93,1103,0.79,9, -, -,,2024-06-06
GTL, BE, 06-Jun-2024,12.0,12.0,12.2,12.0,12.1,12.1,12.17,290226,35.33,288, -, -,,2024-06-06
GTLINFRA, EQ, 06-Jun-2024,1.5,1.5,1.55,1.5,1.55,1.55,1.54,57515271,887.25,20270, 40071836, 69.67,0.6967164598772385,2024-06-06
GTPL, EQ, 06-Jun-2024,158.3,159.7,179.5,159.25,178.0,177.4,174.92,204720,358.09,5646, 68290, 33.36,0.33357756936303246,2024-06-06
GUFICBIO, EQ, 06-Jun-2024,312.65,313.5,317.95,308.6,310.9,311.4,313.87,48186,151.24,2848, 25517, 52.96,0.5295521520773668,2024-06-06
GUJALKALI, EQ, 06-Jun-2024,690.3,695.35,728.0,695.0,723.65,722.8,716.77,80675,578.25,9361, 27782, 34.44,0.3443693833281686,2024-06-06
GUJAPOLLO, EQ, 06-Jun-2024,220.8,224.05,231.8,222.75,231.8,230.3,229.57,10133,23.26,383, 7224, 71.29,0.7129181880982927,2024-06-06
GUJGASLTD, EQ, 06-Jun-2024,550.2,554.35,576.0,551.4,572.15,571.1,569.77,1837974,10472.23,52205, 505544, 27.51,0.27505503342267085,2024-06-06
GUJRAFFIA, EQ, 06-Jun-2024,41.95,42.8,42.9,41.4,42.8,42.7,42.63,14633,6.24,160, 10993, 75.12,0.7512471810291806,2024-06-06
GULFOILLUB, EQ, 06-Jun-2024,876.25,900.0,990.0,895.0,987.9,986.15,952.09,251474,2394.26,20463, 103358, 41.10,0.4110086927475604,2024-06-06
GULFPETRO, EQ, 06-Jun-2024,60.7,61.6,62.4,60.65,61.1,61.15,61.33,121825,74.72,1195, 68625, 56.33,0.5633080238046378,2024-06-06
GULPOLY, EQ, 06-Jun-2024,172.0,173.0,178.8,172.85,175.7,175.7,176.09,56392,99.3,3140, 32000, 56.75,0.5674563767910342,2024-06-06
GVKPIL, BE, 06-Jun-2024,10.25,10.5,10.5,10.1,10.3,10.25,10.36,2330656,241.47,5798, -, -,,2024-06-06
GVPTECH, EQ, 06-Jun-2024,15.15,15.9,15.9,15.9,15.9,15.9,15.9,45052,7.16,95, 45052, 100.00,1.0,2024-06-06
HAL, EQ, 06-Jun-2024,4364.9,4450.0,4800.0,4450.0,4669.0,4666.6,4668.04,9128985,426144.96,547409, 2233586, 24.47,0.2446696976717565,2024-06-06
HAPPSTMNDS, EQ, 06-Jun-2024,787.6,799.0,826.7,794.0,818.0,820.55,813.03,806692,6558.66,35397, 275684, 34.17,0.3417462922652016,2024-06-06
HAPPYFORGE, EQ, 06-Jun-2024,1095.3,1106.0,1199.0,1102.75,1162.6,1172.3,1157.11,238035,2754.33,16368, 119699, 50.29,0.5028630243451593,2024-06-06
HARDWYN, EQ, 06-Jun-2024,28.0,28.2,29.4,27.45,28.25,28.9,28.98,381944,110.68,1602, 292018, 76.46,0.7645571078482709,2024-06-06
HARIOMPIPE, EQ, 06-Jun-2024,556.9,567.0,581.0,558.05,569.0,566.45,572.62,80640,461.76,5914, 44437, 55.11,0.5510540674603175,2024-06-06
HARRMALAYA, EQ, 06-Jun-2024,158.65,160.0,166.1,160.0,163.75,163.55,163.23,37138,60.62,1112, 26299, 70.81,0.7081426032635036,2024-06-06
HARSHA, EQ, 06-Jun-2024,478.6,478.45,502.5,478.45,498.0,496.85,491.32,168468,827.72,14368, 84984, 50.45,0.5044518840373245,2024-06-06
HATHWAY, EQ, 06-Jun-2024,19.95,20.05,20.6,20.05,20.3,20.3,20.35,4488270,913.38,8314, 1520178, 33.87,0.3387002118856486,2024-06-06
HATSUN, EQ, 06-Jun-2024,1019.05,1025.45,1046.95,1022.95,1034.4,1031.45,1034.32,30294,313.34,3457, 17347, 57.26,0.5726216412490922,2024-06-06
HAVELLS, EQ, 06-Jun-2024,1792.8,1810.0,1875.0,1810.0,1840.8,1839.7,1841.41,2087804,38444.95,72724, 1236998, 59.25,0.5924876089901159,2024-06-06
HAVISHA, EQ, 06-Jun-2024,2.3,2.35,2.35,2.2,2.35,2.3,2.31,55482,1.28,198, 31640, 57.03,0.5702750441584659,2024-06-06
HBLPOWER, EQ, 06-Jun-2024,459.5,469.9,486.0,466.95,479.8,478.15,478.47,1434326,6862.87,48977, 635909, 44.34,0.44335039593509423,2024-06-06
HBSL, EQ, 06-Jun-2024,90.2,90.2,94.7,90.2,94.7,94.7,94.28,4050,3.82,79, 2193, 54.15,0.5414814814814815,2024-06-06
HCC, EQ, 06-Jun-2024,35.05,35.8,37.2,35.6,36.8,36.8,36.33,32545782,11825.27,37851, 13800613, 42.40,0.42403691513696,2024-06-06
HCG, EQ, 06-Jun-2024,349.6,351.4,358.0,348.95,353.8,354.25,353.8,66353,234.75,3806, 36932, 55.66,0.5565987973414918,2024-06-06
HCL-INSYS, BE, 06-Jun-2024,16.85,17.2,17.5,16.85,17.35,17.2,17.17,222242,38.15,748, -, -,,2024-06-06
HCLTECH, EQ, 06-Jun-2024,1343.7,1354.0,1399.8,1350.9,1396.0,1397.5,1384.8,5936709,82211.49,255514, 3270136, 55.08,0.5508331299378157,2024-06-06
HDFCAMC, EQ, 06-Jun-2024,3705.4,3749.0,3809.0,3701.1,3771.0,3760.5,3767.28,451506,17009.51,59764, 236691, 52.42,0.5242255916864892,2024-06-06
HDFCBANK, EQ, 06-Jun-2024,1551.8,1564.9,1565.45,1546.6,1559.5,1559.7,1557.0,23211435,361402.49,599204, 12528131, 53.97,0.5397396154093876,2024-06-06
HDFCBSE500, EQ, 06-Jun-2024,34.35,34.35,35.7,34.01,34.4,34.33,34.36,30112,10.35,347, 19268, 63.99,0.6398777895855473,2024-06-06
HDFCGOLD, EQ, 06-Jun-2024,62.64,63.99,63.99,63.11,63.38,63.3,63.35,963385,610.34,2070, 632698, 65.67,0.6567447074637865,2024-06-06
HDFCGROWTH, EQ, 06-Jun-2024,110.08,111.98,111.99,110.11,111.5,111.24,111.02,5179,5.75,131, 4384, 84.65,0.8464954624444874,2024-06-06
HDFCLIFE, EQ, 06-Jun-2024,551.95,555.0,558.75,550.4,555.9,555.25,554.72,3970217,22023.78,114066, 1563074, 39.37,0.3936998909631388,2024-06-06
HDFCLIQUID, EQ, 06-Jun-2024,999.99,1000.01,1000.01,999.99,1000.01,1000.01,1000.0,10579,105.79,25, 6111, 57.77,0.5776538425181964,2024-06-06
HDFCLOWVOL, EQ, 06-Jun-2024,18.5,19.0,19.0,18.36,18.59,18.58,18.58,31902,5.93,190, 20465, 64.15,0.6414958309823835,2024-06-06
HDFCMID150, EQ, 06-Jun-2024,19.29,19.68,19.81,19.4,19.7,19.65,19.66,478819,94.13,1416, 273257, 57.07,0.5706895507488216,2024-06-06
HDFCMOMENT, EQ, 06-Jun-2024,33.72,34.75,35.0,34.04,34.53,34.34,34.48,445497,153.62,1355, 289343, 64.95,0.6494836104395765,2024-06-06
HDFCNEXT50, EQ, 06-Jun-2024,67.25,67.51,69.52,67.5,68.02,68.73,68.91,95570,65.86,590, 77439, 81.03,0.8102856544940881,2024-06-06
HDFCNIF100, EQ, 06-Jun-2024,23.98,24.41,24.97,23.99,24.27,24.2,24.33,82424,20.06,404, 56819, 68.94,0.6893501892652626,2024-06-06
HDFCNIFBAN, EQ, 06-Jun-2024,49.9,49.64,50.56,49.64,50.1,50.11,50.38,2024851,1020.09,440, 1998297, 98.69,0.9868859486451101,2024-06-06
HDFCNIFIT, EQ, 06-Jun-2024,34.05,34.3,34.94,34.04,34.8,34.86,34.63,120533,41.74,1234, 111545, 92.54,0.9254312097102039,2024-06-06
HDFCNIFTY, EQ, 06-Jun-2024,248.91,251.99,252.13,249.12,250.86,251.2,250.51,42085,105.43,623, 30946, 73.53,0.735321373410954,2024-06-06
HDFCPSUBK, EQ, 06-Jun-2024,70.56,71.17,73.77,69.99,72.74,72.18,72.31,108973,78.8,724, 49429, 45.36,0.45358942123278245,2024-06-06
HDFCPVTBAN, EQ, 06-Jun-2024,24.77,25.0,25.0,23.0,24.5,24.56,24.57,3996516,981.86,1083, 3922845, 98.16,0.9815661941551092,2024-06-06
HDFCQUAL, EQ, 06-Jun-2024,54.82,54.01,55.89,54.0,55.69,55.68,55.52,2691,1.49,83, 1962, 72.91,0.7290969899665551,2024-06-06
HDFCSENSEX, EQ, 06-Jun-2024,82.41,82.41,83.98,81.52,83.5,83.31,83.19,46020,38.28,473, 35853, 77.91,0.7790743155149935,2024-06-06
HDFCSILVER, EQ, 06-Jun-2024,86.95,88.81,89.69,88.42,88.98,88.85,89.15,129476,115.43,632, 95576, 73.82,0.7381754147486793,2024-06-06
HDFCSML250, EQ, 06-Jun-2024,153.39,158.0,158.9,153.2,158.1,157.84,157.82,986832,1557.45,4638, 728430, 73.81,0.7381499586555766,2024-06-06
HDFCVALUE, EQ, 06-Jun-2024,126.75,129.49,129.49,126.27,128.99,128.58,128.07,8682,11.12,145, 4974, 57.29,0.5729094678645473,2024-06-06
HDIL, BZ, 06-Jun-2024,3.85,3.9,4.0,3.8,4.0,4.0,3.98,221395,8.81,241, -, -,,2024-06-06
HEADSUP, BE, 06-Jun-2024,11.45,11.8,11.8,11.1,11.6,11.55,11.58,28126,3.26,82, -, -,,2024-06-06
HEALTHADD, EQ, 06-Jun-2024,121.48,120.89,122.29,120.25,120.25,121.44,121.11,673,0.82,35, 435, 64.64,0.6463595839524517,2024-06-06
HEALTHIETF, EQ, 06-Jun-2024,123.2,123.42,125.62,122.05,123.1,123.6,123.19,45837,56.47,870, 25145, 54.86,0.5485742958745119,2024-06-06
HEALTHY, EQ, 06-Jun-2024,12.38,12.44,12.44,12.17,12.34,12.36,12.34,465115,57.42,1538, 268897, 57.81,0.5781301398578846,2024-06-06
HECPROJECT, EQ, 06-Jun-2024,87.2,89.85,91.0,84.6,88.2,89.85,86.91,8705,7.57,196, 5968, 68.56,0.6855829982768524,2024-06-06
HEG, EQ, 06-Jun-2024,2063.8,2088.0,2192.0,2080.0,2139.0,2138.5,2141.05,171030,3661.84,19027, 41174, 24.07,0.24074139039934514,2024-06-06
HEIDELBERG, EQ, 06-Jun-2024,201.2,205.0,206.5,202.4,204.7,204.75,204.59,167442,342.57,5379, 90232, 53.89,0.5388851064846335,2024-06-06
HEMIPROP, EQ, 06-Jun-2024,176.8,180.0,187.95,180.0,185.35,185.6,185.12,806717,1493.38,15584, 379155, 47.00,0.4699975332117707,2024-06-06
HERANBA, EQ, 06-Jun-2024,299.8,302.75,303.4,296.95,298.0,298.75,298.73,62520,186.76,4909, 41539, 66.44,0.6644113883557262,2024-06-06
HERCULES, EQ, 06-Jun-2024,440.5,441.6,454.9,441.5,451.55,449.55,449.38,57892,260.16,4554, 39191, 67.70,0.676967456643405,2024-06-06
HERITGFOOD, EQ, 06-Jun-2024,546.5,590.0,601.15,576.0,601.15,601.15,594.33,9730291,57830.06,119291, 4053444, 41.66,0.416579935790204,2024-06-06
HEROMOTOCO, EQ, 06-Jun-2024,5658.5,5655.1,5735.45,5472.35,5535.0,5534.25,5543.61,1498100,83048.84,181562, 756781, 50.52,0.5051605366797944,2024-06-06
HESTERBIO, EQ, 06-Jun-2024,1721.25,1731.4,1808.95,1725.85,1800.0,1787.75,1774.78,6632,117.7,992, 4090, 61.67,0.6167068757539204,2024-06-06
HEUBACHIND, EQ, 06-Jun-2024,368.55,374.1,385.95,371.6,379.5,381.6,380.59,19728,75.08,2200, 9937, 50.37,0.5037003244120033,2024-06-06
HEXATRADEX, EQ, 06-Jun-2024,149.65,149.85,151.35,149.05,150.0,149.95,149.97,2578,3.87,155, 1603, 62.18,0.621799844840962,2024-06-06
HFCL, EQ, 06-Jun-2024,90.1,92.7,95.0,91.95,94.05,94.15,93.78,17066161,16005.03,49909, 6304922, 36.94,0.36943996953972247,2024-06-06
HGINFRA, EQ, 06-Jun-2024,1426.75,1448.2,1569.0,1444.0,1548.95,1550.85,1516.72,395306,5995.7,36341, 142994, 36.17,0.3617299003809707,2024-06-06
HGS, EQ, 06-Jun-2024,792.4,806.85,820.0,801.95,816.6,815.5,814.37,19958,162.53,3546, 9362, 46.91,0.4690850786651969,2024-06-06
HIKAL, EQ, 06-Jun-2024,281.75,283.45,293.75,283.45,286.1,286.15,287.93,168202,484.31,7261, 69189, 41.13,0.41134469269093116,2024-06-06
HIL, EQ, 06-Jun-2024,2492.35,2500.0,2555.75,2480.0,2555.75,2536.3,2509.46,12183,305.73,2102, 7866, 64.57,0.6456537798571781,2024-06-06
HILTON, EQ, 06-Jun-2024,108.6,111.9,114.0,110.75,114.0,114.0,113.14,378259,427.97,1179, 222511, 58.83,0.5882503787087683,2024-06-06
HIMATSEIDE, EQ, 06-Jun-2024,122.15,124.75,128.5,122.7,127.3,127.65,125.33,313500,392.92,5129, 163172, 52.05,0.5204848484848484,2024-06-06
HINDALCO, EQ, 06-Jun-2024,695.25,695.0,695.0,673.0,678.75,677.5,681.35,10420244,70998.61,266477, 4085949, 39.21,0.39211644180309024,2024-06-06
HINDCOMPOS, EQ, 06-Jun-2024,396.8,392.25,417.95,392.25,407.05,408.45,408.36,9475,38.69,1356, 5726, 60.43,0.6043271767810027,2024-06-06
HINDCON, BE, 06-Jun-2024,46.65,46.8,47.55,46.8,47.55,47.55,47.28,19099,9.03,142, -, -,,2024-06-06
HINDCOPPER, EQ, 06-Jun-2024,320.95,325.0,350.7,324.35,338.35,337.3,339.1,17041987,57789.16,119555, 3737599, 21.93,0.21931709019611387,2024-06-06
HINDMOTORS, EQ, 06-Jun-2024,34.0,34.5,34.9,34.0,34.4,34.3,34.51,993437,342.85,5310, 617806, 62.19,0.6218874473167397,2024-06-06
HINDNATGLS, BE, 06-Jun-2024,16.6,16.8,17.4,16.15,17.05,17.05,16.81,34752,5.84,117, -, -,,2024-06-06
HINDOILEXP, EQ, 06-Jun-2024,181.75,182.65,188.0,180.15,181.5,181.4,184.17,958126,1764.6,19002, 416734, 43.49,0.43494696939650945,2024-06-06
HINDPETRO, EQ, 06-Jun-2024,505.25,510.5,535.6,508.05,515.45,515.55,520.74,9579539,49884.31,124548, 2924938, 30.53,0.3053318118961674,2024-06-06
HINDUNILVR, EQ, 06-Jun-2024,2602.75,2600.0,2600.0,2518.0,2555.0,2549.6,2543.59,4102547,104351.94,289383, 1798070, 43.83,0.43828138958554286,2024-06-06
HINDWAREAP, EQ, 06-Jun-2024,352.8,353.05,378.75,353.05,372.35,370.95,369.94,135245,500.32,8873, 71537, 52.89,0.5289437687160339,2024-06-06
HINDZINC, EQ, 06-Jun-2024,676.85,681.95,703.5,675.0,686.0,687.8,692.93,1059101,7338.86,28906, 473891, 44.74,0.44744646638989105,2024-06-06
HIRECT, EQ, 06-Jun-2024,629.0,622.05,660.45,622.05,660.4,659.95,656.32,21810,143.14,965, 16423, 75.30,0.7530032095369097,2024-06-06
HISARMETAL, EQ, 06-Jun-2024,183.15,187.0,189.9,182.3,188.0,188.0,187.89,9245,17.37,244, 6848, 74.07,0.7407247160627366,2024-06-06
HITECH, EQ, 06-Jun-2024,112.5,113.7,119.7,113.55,117.95,117.65,117.67,471701,555.06,6152, 250157, 53.03,0.5303295943828824,2024-06-06
HITECHCORP, EQ, 06-Jun-2024,202.0,202.75,209.85,198.15,201.9,201.6,203.95,7283,14.85,631, 4074, 55.94,0.5593848688727173,2024-06-06
HITECHGEAR, BE, 06-Jun-2024,889.95,919.8,934.4,904.0,934.4,934.4,931.14,3303,30.76,140, -, -,,2024-06-06
HLEGLAS, EQ, 06-Jun-2024,417.25,418.95,425.0,417.25,423.0,420.75,420.96,186797,786.34,5712, 156762, 83.92,0.8392104798256931,2024-06-06
HLVLTD, BE, 06-Jun-2024,24.75,25.2,25.95,25.0,25.95,25.95,25.8,575435,148.49,1183, -, -,,2024-06-06
HMAAGRO, EQ, 06-Jun-2024,51.05,52.2,53.0,51.2,52.0,51.85,52.04,367197,191.09,1774, 219867, 59.88,0.5987712317911094,2024-06-06
HMT, BZ, 06-Jun-2024,50.1,51.0,52.6,50.0,52.0,51.95,52.06,17256,8.98,276, -, -,,2024-06-06
HMVL, EQ, 06-Jun-2024,91.45,92.05,98.8,92.05,94.8,94.2,95.73,76869,73.58,1274, 41904, 54.51,0.5451352300667369,2024-06-06
HNDFDS, EQ, 06-Jun-2024,508.4,512.0,520.95,509.8,513.65,514.9,515.28,86219,444.27,6735, 46516, 53.95,0.5395098528166645,2024-06-06
HNGSNGBEES, EQ, 06-Jun-2024,303.35,312.45,312.45,303.4,307.81,308.19,307.88,72980,224.69,1896, 54763, 75.04,0.7503836667580159,2024-06-06
HOMEFIRST, EQ, 06-Jun-2024,811.25,828.0,878.95,828.0,868.0,866.85,856.62,861284,7377.92,49168, 559024, 64.91,0.6490588470237459,2024-06-06
HONASA, EQ, 06-Jun-2024,459.9,464.0,464.0,437.75,439.5,439.6,444.88,1260656,5608.38,37524, 904859, 71.78,0.7177683682146438,2024-06-06
HONAUT, EQ, 06-Jun-2024,50674.0,51500.0,52715.95,51024.7,52400.0,52030.2,52007.21,4172,2169.74,2631, 1761, 42.21,0.42209971236816873,2024-06-06
HONDAPOWER, EQ, 06-Jun-2024,2501.4,2523.95,2595.25,2480.05,2595.25,2575.0,2557.23,6639,169.77,2353, 2810, 42.33,0.4232565145353216,2024-06-06
HOVS, BE, 06-Jun-2024,59.05,61.3,62.0,60.0,62.0,62.0,61.48,12842,7.9,50, -, -,,2024-06-06
HPAL, EQ, 06-Jun-2024,93.25,93.75,96.5,93.75,95.95,95.65,95.6,196609,187.95,2535, 122221, 62.16,0.621644990819342,2024-06-06
HPIL, EQ, 06-Jun-2024,139.7,139.75,145.95,134.2,138.9,137.2,139.49,3496,4.88,458, 1355, 38.76,0.3875858123569794,2024-06-06
HPL, EQ, 06-Jun-2024,381.1,388.0,410.0,385.95,400.6,400.0,400.08,417245,1669.33,11975, 165141, 39.58,0.3957890448058095,2024-06-06
HSCL, EQ, 06-Jun-2024,324.1,331.3,340.3,328.0,340.3,337.5,336.31,497421,1672.87,9542, 335121, 67.37,0.6737170324533946,2024-06-06
HTMEDIA, EQ, 06-Jun-2024,24.0,24.3,24.9,24.25,24.65,24.75,24.57,338665,83.21,1250, 158927, 46.93,0.46927494721922847,2024-06-06
HUBTOWN, EQ, 06-Jun-2024,125.75,128.7,132.0,127.3,132.0,132.0,131.08,75466,98.92,356, 69906, 92.63,0.9263244374950309,2024-06-06
HUDCO, EQ, 06-Jun-2024,233.05,238.0,260.0,238.0,249.45,249.65,251.73,31703565,79806.23,203808, 7276390, 22.95,0.2295133055225808,2024-06-06
HUHTAMAKI, EQ, 06-Jun-2024,300.75,300.8,317.0,298.2,315.2,314.1,307.44,149555,459.79,5959, 98048, 65.56,0.6555982748821504,2024-06-06
HYBRIDFIN, EQ, 06-Jun-2024,10.8,10.8,11.3,10.55,10.55,10.75,11.06,28083,3.11,147, 25698, 91.51,0.9150731759427412,2024-06-06
IBREALEST, EQ, 06-Jun-2024,126.8,127.75,133.35,127.5,130.8,130.75,130.63,9895545,12926.48,42514, 3137107, 31.70,0.3170221549192086,2024-06-06
IBULHSGFIN, EQ, 06-Jun-2024,152.7,153.5,158.9,153.5,158.6,158.35,156.9,4543699,7129.19,30553, 1754839, 38.62,0.38621374347200377,2024-06-06
ICDSLTD, BE, 06-Jun-2024,35.9,35.3,35.3,35.3,35.3,35.3,35.3,1079,0.38,24, -, -,,2024-06-06
ICEMAKE, EQ, 06-Jun-2024,724.55,745.0,779.95,712.15,736.2,742.15,740.29,115428,854.5,4266, 68511, 59.35,0.5935388294001456,2024-06-06
ICICIB22, EQ, 06-Jun-2024,104.49,107.61,121.64,104.57,107.23,106.84,108.73,4465642,4855.38,13554, 2720154, 60.91,0.6091294376038204,2024-06-06
ICICIBANK, EQ, 06-Jun-2024,1108.65,1118.0,1118.0,1096.6,1111.75,1110.4,1108.24,18574162,205845.51,322991, 7101228, 38.23,0.3823175441239287,2024-06-06
ICICIGI, EQ, 06-Jun-2024,1630.45,1630.15,1649.75,1615.6,1646.75,1644.8,1636.14,716813,11728.04,39437, 446014, 62.22,0.6222180680316902,2024-06-06
ICICIPRULI, EQ, 06-Jun-2024,562.6,563.1,568.75,561.55,564.0,563.6,564.27,777374,4386.51,15315, 472024, 60.72,0.6072032252172056,2024-06-06
ICIL, EQ, 06-Jun-2024,335.3,336.8,352.7,336.8,344.05,345.65,344.11,224527,772.63,15346, 115620, 51.49,0.5149492043273192,2024-06-06
ICRA, EQ, 06-Jun-2024,5445.75,5500.0,5550.1,5453.1,5491.0,5495.6,5494.81,3836,210.78,1229, 2290, 59.70,0.5969760166840459,2024-06-06
IDBI, EQ, 06-Jun-2024,81.15,81.5,84.95,81.5,83.8,83.65,83.86,9101830,7632.8,28293, 3109026, 34.16,0.3415825169224211,2024-06-06
IDEA, EQ, 06-Jun-2024,14.85,15.15,15.4,14.85,15.05,15.0,15.08,853275763,128659.98,257303, 249630904, 29.26,0.2925559529809357,2024-06-06
IDEAFORGE, EQ, 06-Jun-2024,640.2,651.0,677.9,650.4,660.0,659.65,664.5,269815,1792.91,16628, 110294, 40.88,0.4087763838185423,2024-06-06
IDFC, EQ, 06-Jun-2024,114.35,115.5,115.5,113.75,114.3,114.3,114.45,9141174,10462.02,28900, 4911875, 53.73,0.5373352481858457,2024-06-06
IDFCFIRSTB, EQ, 06-Jun-2024,77.25,78.4,78.4,77.05,77.25,77.25,77.53,32618937,25288.95,76181, 12370111, 37.92,0.37923096635552533,2024-06-06
IDFNIFTYET, EQ, 06-Jun-2024,244.74,244.73,252.77,244.73,248.23,245.93,247.15,405,1.0,39, 246, 60.74,0.6074074074074074,2024-06-06
IEL, EQ, 06-Jun-2024,11.75,12.0,12.35,11.7,12.05,11.95,12.03,222596,26.78,677, 186833, 83.93,0.8393367356107028,2024-06-06
IEX, EQ, 06-Jun-2024,156.95,161.8,167.5,160.6,163.25,162.55,164.1,33813919,55487.79,137434, 13034627, 38.55,0.3854811091255054,2024-06-06
IFBAGRO, EQ, 06-Jun-2024,413.65,424.9,445.0,416.6,442.0,433.1,430.51,13173,56.71,1382, 5456, 41.42,0.41418052076216505,2024-06-06
IFBIND, EQ, 06-Jun-2024,1125.3,1142.2,1350.0,1130.0,1349.0,1336.6,1287.79,561808,7234.9,39221, 105944, 18.86,0.1885768803577023,2024-06-06
IFCI, EQ, 06-Jun-2024,52.85,53.5,57.6,53.5,56.45,56.4,56.06,23030403,12910.53,46616, 7452536, 32.36,0.3235955532345656,2024-06-06
IFGLEXPOR, EQ, 06-Jun-2024,576.35,570.5,597.6,570.5,580.0,580.2,584.89,14062,82.25,1776, 7215, 51.31,0.5130849096856777,2024-06-06
IGARASHI, EQ, 06-Jun-2024,444.65,455.0,479.1,451.75,477.0,476.25,470.51,88177,414.88,8142, 34317, 38.92,0.38918312031482133,2024-06-06
IGL, EQ, 06-Jun-2024,446.65,455.0,466.55,452.0,462.4,460.6,460.63,5942798,27374.16,74409, 2664244, 44.83,0.44831475005544524,2024-06-06
IGPL, EQ, 06-Jun-2024,476.55,480.8,500.45,480.75,489.9,486.15,492.51,44956,221.41,3988, 25231, 56.12,0.5612376545956046,2024-06-06
IIFL, EQ, 06-Jun-2024,402.4,410.4,416.0,406.4,415.0,414.2,412.13,1258376,5186.12,36625, 577222, 45.87,0.45870391679434447,2024-06-06
IIFLSEC, EQ, 06-Jun-2024,179.9,180.85,188.8,180.1,181.8,182.15,183.08,811880,1486.38,7422, 521097, 64.18,0.6418399270828201,2024-06-06
IITL, EQ, 06-Jun-2024,149.5,150.05,154.95,148.55,154.95,153.9,152.35,3177,4.84,109, 1747, 54.99,0.5498898331759522,2024-06-06
IKIO, EQ, 06-Jun-2024,254.0,257.9,268.7,257.0,268.5,267.2,264.3,162099,428.43,7350, 67824, 41.84,0.41841097107323305,2024-06-06
IL&FSENGG, BZ, 06-Jun-2024,20.3,21.25,21.3,20.3,21.3,21.3,21.29,23487,5.0,57, -, -,,2024-06-06
IL&FSTRANS, BZ, 06-Jun-2024,4.05,4.05,4.15,3.9,4.05,4.05,4.05,31738,1.28,100, -, -,,2024-06-06
IMAGICAA, EQ, 06-Jun-2024,74.55,74.6,77.6,74.55,76.6,76.35,76.29,1332124,1016.29,6449, 634990, 47.67,0.4766748440835838,2024-06-06
IMFA, EQ, 06-Jun-2024,690.6,715.0,733.1,697.2,730.0,727.45,721.07,296074,2134.89,17226, 138463, 46.77,0.46766348953302217,2024-06-06
IMPAL, EQ, 06-Jun-2024,976.15,975.0,1005.0,975.0,999.05,997.5,998.85,2166,21.64,506, 1444, 66.67,0.6666666666666666,2024-06-06
IMPEXFERRO, BE, 06-Jun-2024,3.85,3.95,4.0,3.8,3.85,3.85,3.89,42674,1.66,78, -, -,,2024-06-06
INCREDIBLE, EQ, 06-Jun-2024,41.6,42.5,42.7,41.0,42.5,42.0,42.1,9538,4.02,70, 7873, 82.54,0.8254351016984692,2024-06-06
INDBANK, EQ, 06-Jun-2024,44.65,45.3,47.85,45.05,46.05,46.25,46.82,176425,82.6,1411, 68682, 38.93,0.3892985687969392,2024-06-06
INDGN, EQ, 06-Jun-2024,528.2,525.0,533.0,517.0,530.0,528.55,525.85,855855,4500.55,26596, 506009, 59.12,0.5912321596532123,2024-06-06
INDHOTEL, EQ, 06-Jun-2024,572.9,580.0,584.8,572.85,584.65,583.5,579.06,3781546,21897.46,62857, 2019092, 53.39,0.5339329470010413,2024-06-06
INDIACEM, EQ, 06-Jun-2024,196.3,198.2,208.4,197.8,207.5,207.0,205.64,3395886,6983.43,29853, 781280, 23.01,0.23006661589935587,2024-06-06
INDIAGLYCO, EQ, 06-Jun-2024,763.6,765.0,851.85,765.0,844.15,836.75,817.3,311149,2543.01,17870, 176644, 56.77,0.5677151461197047,2024-06-06
INDIAMART, EQ, 06-Jun-2024,2489.5,2514.8,2559.5,2508.05,2552.8,2546.6,2534.57,144846,3671.23,17094, 63002, 43.50,0.4349585076564075,2024-06-06
INDIANB, EQ, 06-Jun-2024,524.55,530.0,556.45,530.0,545.0,542.55,545.69,3582008,19546.71,96113, 1408116, 39.31,0.3931079997587945,2024-06-06
INDIANCARD, EQ, 06-Jun-2024,245.55,252.0,252.3,245.55,251.9,250.65,248.98,4398,10.95,267, 2157, 49.05,0.49045020463847205,2024-06-06
INDIANHUME, EQ, 06-Jun-2024,314.4,315.0,339.0,315.0,330.35,330.0,328.64,257771,847.14,15585, 111372, 43.21,0.4320579118675103,2024-06-06
INDIASHLTR, EQ, 06-Jun-2024,591.3,595.0,619.0,594.6,610.0,603.25,606.05,105974,642.26,7888, 61765, 58.28,0.5828316379489309,2024-06-06
INDIGO, EQ, 06-Jun-2024,4348.5,4350.05,4357.0,4260.0,4297.2,4301.0,4299.34,1087088,46737.61,106483, 564801, 51.96,0.5195540747391195,2024-06-06
INDIGOPNTS, EQ, 06-Jun-2024,1351.7,1350.0,1387.1,1350.0,1367.0,1364.9,1367.72,25542,349.34,5197, 11993, 46.95,0.4695403648892021,2024-06-06
INDNIPPON, EQ, 06-Jun-2024,634.95,638.0,696.8,638.0,675.0,681.45,672.38,51728,347.81,7326, 26268, 50.78,0.5078100835137643,2024-06-06
INDOAMIN, EQ, 06-Jun-2024,114.35,115.0,118.7,114.95,118.0,118.0,117.16,64976,76.13,1490, 35157, 54.11,0.5410767052450135,2024-06-06
INDOBORAX, EQ, 06-Jun-2024,153.15,154.45,160.9,152.2,156.0,156.85,157.22,49327,77.55,2344, 29197, 59.19,0.5919070691507694,2024-06-06
INDOCO, EQ, 06-Jun-2024,310.2,311.2,321.0,311.2,317.4,317.15,317.13,220502,699.29,9999, 80253, 36.40,0.36395588248632665,2024-06-06
INDORAMA, EQ, 06-Jun-2024,40.2,40.85,41.9,40.25,40.95,40.7,40.98,129131,52.91,867, 50259, 38.92,0.38920940750090993,2024-06-06
INDOSTAR, EQ, 06-Jun-2024,215.75,218.95,229.7,217.8,226.5,225.35,224.11,99183,222.28,4885, 48085, 48.48,0.48481090509462305,2024-06-06
INDOTECH, BE, 06-Jun-2024,1654.95,1618.0,1710.0,1606.7,1616.0,1625.45,1668.96,20983,350.2,923, -, -,,2024-06-06
INDOTHAI, EQ, 06-Jun-2024,283.7,286.9,297.0,284.05,297.0,295.75,292.7,11415,33.41,519, 4544, 39.81,0.39807271134472183,2024-06-06
INDOWIND, EQ, 06-Jun-2024,20.7,21.1,21.7,20.95,21.7,21.7,21.64,83576,18.08,489, 67828, 81.16,0.8115727002967359,2024-06-06
INDRAMEDCO, EQ, 06-Jun-2024,231.05,231.5,243.35,231.5,240.0,240.5,238.8,225767,539.13,9975, 116225, 51.48,0.5148006573148423,2024-06-06
INDSWFTLAB, EQ, 06-Jun-2024,100.05,100.75,113.1,100.75,109.0,110.85,107.02,573991,614.3,6487, 265958, 46.33,0.4633487284643836,2024-06-06
INDSWFTLTD, BE, 06-Jun-2024,20.25,19.95,20.8,19.25,20.5,20.5,20.39,39021,7.95,171, -, -,,2024-06-06
INDTERRAIN, EQ, 06-Jun-2024,61.4,61.0,63.5,60.5,63.5,62.55,62.2,52770,32.82,869, 31095, 58.93,0.5892552586696987,2024-06-06
INDUSINDBK, EQ, 06-Jun-2024,1500.95,1500.0,1509.8,1470.9,1480.7,1481.1,1488.55,3279775,48821.18,170095, 1581371, 48.22,0.48215837976690473,2024-06-06
INDUSTOWER, EQ, 06-Jun-2024,332.7,335.0,344.95,334.5,339.45,339.35,340.37,8216145,27965.44,83081, 3461985, 42.14,0.4213636687278523,2024-06-06
INFIBEAM, EQ, 06-Jun-2024,28.95,29.2,30.6,29.15,30.1,30.0,30.02,18615800,5588.54,23136, 4992432, 26.82,0.2681825116299058,2024-06-06
INFOBEAN, EQ, 06-Jun-2024,401.6,401.6,435.7,401.6,428.1,428.3,418.52,70867,296.59,7688, 37423, 52.81,0.5280737155516672,2024-06-06
INFOMEDIA, BE, 06-Jun-2024,5.4,5.3,5.65,5.3,5.65,5.65,5.63,5816,0.33,10, -, -,,2024-06-06
INFRABEES, EQ, 06-Jun-2024,871.1,883.69,893.61,873.01,886.0,884.69,884.62,37991,336.08,2043, 25260, 66.49,0.6648943170750967,2024-06-06
INFRAIETF, EQ, 06-Jun-2024,85.29,86.95,88.19,86.12,87.4,87.33,87.03,1405434,1223.16,4493, 1277335, 90.89,0.9088544890759722,2024-06-06
INFY, EQ, 06-Jun-2024,1430.1,1444.95,1474.3,1437.5,1473.0,1472.25,1460.72,12660930,184940.14,427537, 6844746, 54.06,0.5406195279493686,2024-06-06
INGERRAND, EQ, 06-Jun-2024,4160.2,4195.0,4600.0,4160.2,4550.0,4534.1,4482.8,56312,2524.35,12369, 18415, 32.70,0.3270173320073874,2024-06-06
INNOVACAP, EQ, 06-Jun-2024,488.6,492.5,505.0,482.25,502.0,501.0,496.13,83362,413.58,13257, 51562, 61.85,0.6185312252585111,2024-06-06
INOXGREEN, EQ, 06-Jun-2024,124.15,127.0,130.35,126.0,128.7,128.85,128.96,1112607,1434.78,6733, 454563, 40.86,0.40855666016841524,2024-06-06
INOXINDIA, EQ, 06-Jun-2024,1225.5,1229.9,1279.0,1228.0,1252.0,1244.25,1251.31,244586,3060.53,21615, 85423, 34.93,0.34925547660127726,2024-06-06
INOXWIND, EQ, 06-Jun-2024,139.8,143.25,153.0,141.6,148.0,146.4,146.32,5891704,8620.77,44538, 2447757, 41.55,0.41545824433814055,2024-06-06
INSECTICID, EQ, 06-Jun-2024,551.7,554.7,566.0,546.55,552.0,552.45,558.27,43926,245.23,3623, 24538, 55.86,0.5586213176706278,2024-06-06
INTELLECT, EQ, 06-Jun-2024,902.1,906.6,961.8,906.6,916.05,916.8,931.23,707196,6585.64,41293, 159009, 22.48,0.22484431473028693,2024-06-06
INTENTECH, EQ, 06-Jun-2024,108.05,110.85,118.0,105.5,113.0,113.25,112.26,470729,528.43,2117, 302110, 64.18,0.6417917740355916,2024-06-06
INTLCONV, EQ, 06-Jun-2024,74.5,75.7,80.0,75.55,80.0,78.7,77.53,140779,109.15,1977, 79566, 56.52,0.5651837276866578,2024-06-06
INVENTURE, EQ, 06-Jun-2024,2.55,2.55,2.7,2.55,2.7,2.7,2.65,2992654,79.41,3499, 1891148, 63.19,0.631930052722433,2024-06-06
IOB, EQ, 06-Jun-2024,64.1,65.65,68.0,65.2,66.8,66.65,66.87,24733474,16539.15,57058, 5474001, 22.13,0.22131953643066882,2024-06-06
IOC, EQ, 06-Jun-2024,159.25,164.0,168.1,162.15,163.7,163.6,164.69,35722401,58831.76,157163, 12286805, 34.40,0.3439523843876004,2024-06-06
IOLCP, EQ, 06-Jun-2024,355.1,356.9,364.95,356.9,363.85,364.0,362.18,130785,473.68,6382, 58178, 44.48,0.4448369461329663,2024-06-06
IONEXCHANG, EQ, 06-Jun-2024,481.65,486.5,503.5,486.1,496.0,497.65,495.19,199808,989.43,20030, 81695, 40.89,0.4088675128122998,2024-06-06
IPCALAB, EQ, 06-Jun-2024,1176.35,1178.7,1179.95,1150.0,1163.0,1161.75,1161.76,312305,3628.22,30416, 133823, 42.85,0.4285009846143994,2024-06-06
IPL, EQ, 06-Jun-2024,216.9,228.0,238.55,227.0,238.55,238.55,236.05,558753,1318.93,3646, 431397, 77.21,0.7720710224374634,2024-06-06
IRB, EQ, 06-Jun-2024,67.3,69.0,71.45,69.0,70.3,70.2,70.35,47965069,33744.83,116378, 18367656, 38.29,0.3829381752791808,2024-06-06
IRCON, EQ, 06-Jun-2024,238.25,244.75,268.0,243.6,249.0,249.0,256.4,24170756,61974.26,170343, 6318604, 26.14,0.26141524079759854,2024-06-06
IRCTC, EQ, 06-Jun-2024,918.9,942.9,984.85,925.7,975.0,973.3,967.51,5451521,52743.94,158544, 1117200, 20.49,0.2049336322835407,2024-06-06
IREDA, EQ, 06-Jun-2024,172.7,176.5,182.0,175.75,178.4,178.3,178.96,22320317,39944.64,142150, 7128434, 31.94,0.31936974730242407,2024-06-06
IRFC, EQ, 06-Jun-2024,166.45,172.0,177.9,167.8,173.7,173.05,174.42,70250205,122530.38,395064, 16619447, 23.66,0.23657506764571007,2024-06-06
IRIS, BE, 06-Jun-2024,223.45,219.0,219.0,219.0,219.0,219.0,219.0,12637,27.68,123, -, -,,2024-06-06
IRISDOREME, EQ, 06-Jun-2024,71.8,73.5,75.9,72.6,75.1,74.75,73.9,85516,63.2,805, 35253, 41.22,0.4122386453996913,2024-06-06
IRMENERGY, EQ, 06-Jun-2024,443.85,450.5,462.95,450.5,455.05,455.0,458.13,306983,1406.39,10807, 235251, 76.63,0.7663323376213015,2024-06-06
ISEC, EQ, 06-Jun-2024,709.05,715.35,716.35,705.6,713.15,713.75,712.28,436676,3110.35,8462, 237346, 54.35,0.5435288406049337,2024-06-06
ISFT, EQ, 06-Jun-2024,116.45,118.0,123.0,117.75,120.1,120.95,119.69,41901,50.15,732, 26370, 62.93,0.6293405885301067,2024-06-06
ISGEC, EQ, 06-Jun-2024,1036.1,1053.5,1125.0,1041.1,1112.8,1111.9,1099.31,185779,2042.29,21257, 100797, 54.26,0.5425640142319638,2024-06-06
ISMTLTD, EQ, 06-Jun-2024,121.4,123.95,126.2,122.55,123.25,123.4,124.33,1200644,1492.77,13016, 563053, 46.90,0.4689591585848928,2024-06-06
IT, EQ, 06-Jun-2024,35.08,35.08,36.13,34.95,36.1,35.96,35.59,247642,88.15,793, 191884, 77.48,0.7748443317369429,2024-06-06
ITBEES, EQ, 06-Jun-2024,35.3,35.83,36.4,35.3,36.38,36.3,36.02,14809744,5334.91,22433, 10059689, 67.93,0.6792615051279752,2024-06-06
ITC, EQ, 06-Jun-2024,430.3,436.0,437.7,431.1,436.4,435.4,434.33,31119999,135164.0,290637, 12772900, 41.04,0.41044024455142175,2024-06-06
ITDC, EQ, 06-Jun-2024,606.55,623.0,665.0,618.9,662.5,660.15,648.56,123320,799.8,5868, 60745, 49.26,0.4925802789490756,2024-06-06
ITDCEM, EQ, 06-Jun-2024,404.05,406.7,434.4,406.7,423.1,422.8,423.29,1688682,7148.08,43254, 752577, 44.57,0.44565939590757764,2024-06-06
ITETF, EQ, 06-Jun-2024,33.81,33.81,34.49,33.81,34.37,34.39,34.2,160046,54.73,732, 137121, 85.68,0.8567599315196881,2024-06-06
ITETFADD, EQ, 06-Jun-2024,33.64,33.96,34.66,33.77,34.04,34.55,34.35,67258,23.1,2314, 56082, 83.38,0.8338338933658449,2024-06-06
ITI, EQ, 06-Jun-2024,275.55,278.35,299.95,278.35,293.4,293.45,292.34,2302968,6732.54,45021, 349506, 15.18,0.15176328980689266,2024-06-06
ITIETF, EQ, 06-Jun-2024,35.23,35.45,36.3,35.36,36.25,36.23,36.01,846635,304.84,3664, 418956, 49.48,0.49484842937038986,2024-06-06
IVC, EQ, 06-Jun-2024,10.9,11.05,11.5,10.95,11.35,11.25,11.27,471551,53.16,1549, 301268, 63.89,0.6388874162073668,2024-06-06
IVP, EQ, 06-Jun-2024,158.05,162.05,166.2,158.95,159.05,159.8,161.16,9855,15.88,535, 3838, 38.94,0.38944698122780314,2024-06-06
IVZINGOLD, EQ, 06-Jun-2024,6355.8,6435.05,6455.0,6405.0,6405.0,6405.0,6414.69,125,8.02,39, 87, 69.60,0.696,2024-06-06
IVZINNIFTY, EQ, 06-Jun-2024,2500.0,2541.85,2570.85,2541.85,2570.85,2570.85,2556.35,2,0.05,2, 1, 50.00,0.5,2024-06-06
IWEL, BE, 06-Jun-2024,6894.95,6988.85,7239.65,6987.85,7050.0,7080.15,7130.74,5919,422.07,659, -, -,,2024-06-06
IZMO, EQ, 06-Jun-2024,277.1,283.0,304.8,283.0,303.9,301.65,300.87,168455,506.83,3127, 86530, 51.37,0.5136683387254757,2024-06-06
J&KBANK, EQ, 06-Jun-2024,116.55,119.5,124.85,118.5,119.85,119.45,121.32,6701350,8129.9,36310, 2724671, 40.66,0.40658538951106865,2024-06-06
JAGRAN, EQ, 06-Jun-2024,87.85,88.0,91.0,85.85,86.75,86.35,87.73,1078202,945.86,7352, 724364, 67.18,0.6718258730738766,2024-06-06
JAGSNPHARM, EQ, 06-Jun-2024,326.25,327.0,340.0,321.4,335.0,328.4,331.33,31574,104.61,2518, 17640, 55.87,0.5586875277126749,2024-06-06
JAIBALAJI, BE, 06-Jun-2024,867.9,855.15,892.9,855.15,866.0,872.5,878.52,37464,329.13,2448, -, -,,2024-06-06
JAICORPLTD, EQ, 06-Jun-2024,282.2,285.95,298.75,285.5,293.85,293.85,293.59,468004,1374.02,7000, 164768, 35.21,0.35206536696267554,2024-06-06
JAIPURKURT, BE, 06-Jun-2024,46.1,46.1,46.1,45.25,45.35,45.35,45.45,4538,2.06,38, -, -,,2024-06-06
JAMNAAUTO, EQ, 06-Jun-2024,118.25,119.6,122.8,119.6,122.0,121.7,121.64,1494687,1818.08,14819, 569571, 38.11,0.381063727723597,2024-06-06
JASH, EQ, 06-Jun-2024,2132.4,2160.0,2239.95,2130.0,2175.15,2171.4,2182.25,30751,671.06,6489, 14141, 45.99,0.45985496406620924,2024-06-06
JAYAGROGN, EQ, 06-Jun-2024,234.4,235.7,253.5,235.7,253.5,251.65,247.36,52437,129.71,3202, 32520, 62.02,0.6201727787630872,2024-06-06
JAYBARMARU, EQ, 06-Jun-2024,103.4,105.95,110.65,104.5,107.45,106.9,106.93,181582,194.16,3243, 97386, 53.63,0.5363196792633631,2024-06-06
JAYNECOIND, EQ, 06-Jun-2024,43.4,44.25,45.55,43.15,45.55,45.55,45.05,109556,49.35,371, 85295, 77.86,0.7785516083099054,2024-06-06
JAYSREETEA, EQ, 06-Jun-2024,98.1,99.5,99.95,97.55,97.85,98.0,98.74,25789,25.46,358, 17072, 66.20,0.6619876691612703,2024-06-06
JBCHEPHARM, EQ, 06-Jun-2024,1780.5,1780.5,1789.9,1752.05,1774.8,1771.1,1769.87,94494,1672.42,14122, 46975, 49.71,0.49712151036044616,2024-06-06
JBMA, EQ, 06-Jun-2024,1979.45,2019.95,2183.0,2010.0,2146.5,2147.6,2131.41,595525,12693.1,49052, 219889, 36.92,0.36923554846563955,2024-06-06
JCHAC, EQ, 06-Jun-2024,1822.8,1868.0,1978.0,1825.05,1910.0,1911.1,1901.92,189825,3610.33,13441, 88881, 46.82,0.4682259976293955,2024-06-06
JETAIRWAYS, BZ, 06-Jun-2024,43.8,44.25,44.75,43.05,44.1,44.05,44.08,25591,11.28,404, -, -,,2024-06-06
JETFREIGHT, EQ, 06-Jun-2024,13.4,13.25,13.5,13.1,13.2,13.2,13.3,149378,19.86,496, 113972, 76.30,0.7629771452288824,2024-06-06
JGCHEM, EQ, 06-Jun-2024,206.7,208.4,222.7,208.4,220.6,220.4,217.98,154726,337.27,6470, 79107, 51.13,0.5112715380737561,2024-06-06
JHS, BE, 06-Jun-2024,19.9,20.25,20.25,20.25,20.25,20.25,20.25,45031,9.12,69, -, -,,2024-06-06
JINDALPHOT, EQ, 06-Jun-2024,700.2,705.35,719.95,685.05,692.35,694.1,697.13,22758,158.65,2577, 9150, 40.21,0.40205641972053785,2024-06-06
JINDALPOLY, EQ, 06-Jun-2024,482.75,483.0,493.4,483.0,491.0,488.6,490.63,16312,80.03,2154, 8256, 50.61,0.5061304561059343,2024-06-06
JINDALSAW, EQ, 06-Jun-2024,508.4,515.0,536.0,514.0,527.0,525.7,525.58,752722,3956.14,30888, 331450, 44.03,0.4403352100775585,2024-06-06
JINDALSTEL, EQ, 06-Jun-2024,1006.25,1016.1,1035.0,1000.0,1030.0,1029.55,1022.67,2465243,25211.21,89772, 1181859, 47.94,0.47940872360250086,2024-06-06
JINDRILL, EQ, 06-Jun-2024,585.0,587.9,630.0,587.9,614.8,614.25,617.58,44433,274.41,6157, 17078, 38.44,0.3843539711475705,2024-06-06
JINDWORLD, EQ, 06-Jun-2024,322.55,324.85,336.8,324.85,333.0,333.9,332.52,22654,75.33,2980, 10937, 48.28,0.48278449721903416,2024-06-06
JIOFIN, EQ, 06-Jun-2024,345.6,350.0,352.8,348.05,350.0,349.4,349.93,16246617,56851.8,229508, 8592261, 52.89,0.5288646245553766,2024-06-06
JISLDVREQS, EQ, 06-Jun-2024,32.9,32.85,33.75,32.35,33.35,33.05,33.09,95527,31.61,428, 22015, 23.05,0.2304584044301611,2024-06-06
JISLJALEQS, EQ, 06-Jun-2024,64.25,64.15,67.25,63.75,65.85,65.9,65.78,12689475,8347.7,27511, 4696295, 37.01,0.37009371940131486,2024-06-06
JITFINFRA, BE, 06-Jun-2024,766.75,728.45,805.05,728.45,805.0,800.65,778.14,202284,1574.05,1423, -, -,,2024-06-06
JKCEMENT, EQ, 06-Jun-2024,3918.85,3918.3,4027.75,3900.95,4024.0,4013.0,3953.96,318655,12599.51,26058, 216815, 68.04,0.6804067094506598,2024-06-06
JKIL, EQ, 06-Jun-2024,720.35,727.6,780.0,724.0,779.95,772.9,760.55,622566,4734.92,39240, 258483, 41.52,0.4151897148254161,2024-06-06
JKLAKSHMI, EQ, 06-Jun-2024,789.6,794.0,794.0,775.0,793.0,786.7,780.83,360385,2814.0,14249, 215110, 59.69,0.5968894376846983,2024-06-06
JKPAPER, EQ, 06-Jun-2024,385.05,388.0,400.7,384.5,398.0,397.25,394.88,1556373,6145.82,36912, 641997, 41.25,0.4124955907099391,2024-06-06
JKTYRE, EQ, 06-Jun-2024,396.2,401.0,412.9,397.65,400.2,399.85,404.83,905545,3665.96,31071, 356608, 39.38,0.39380483576188924,2024-06-06
JLHL, EQ, 06-Jun-2024,1175.3,1182.75,1186.95,1161.0,1161.05,1165.45,1174.4,9419,110.62,2452, 4512, 47.90,0.4790317443465336,2024-06-06
JMA, EQ, 06-Jun-2024,93.7,95.0,98.7,95.0,97.7,97.65,96.43,12656,12.2,178, 9210, 72.77,0.7277180783817951,2024-06-06
JMFINANCIL, EQ, 06-Jun-2024,76.75,78.2,79.35,77.25,78.5,78.3,78.47,2212367,1736.11,7628, 939972, 42.49,0.4248716420015305,2024-06-06
JNKINDIA, EQ, 06-Jun-2024,573.6,588.0,619.4,579.25,604.35,604.8,599.9,291630,1749.48,17032, 133426, 45.75,0.45751808798820426,2024-06-06
JOCIL, EQ, 06-Jun-2024,177.35,183.8,184.85,178.55,180.1,179.65,181.65,15040,27.32,660, 7428, 49.39,0.49388297872340425,2024-06-06
JPASSOCIAT, BE, 06-Jun-2024,12.05,11.45,11.45,11.45,11.45,11.45,11.45,3431032,392.85,5242, -, -,,2024-06-06
JPOLYINVST, EQ, 06-Jun-2024,730.45,730.45,759.0,723.6,756.0,754.05,749.83,18853,141.37,2078, 13739, 72.87,0.7287434360579218,2024-06-06
JPPOWER, EQ, 06-Jun-2024,18.2,18.25,19.0,17.4,17.85,17.65,18.02,128108702,23078.99,117871, 60369759, 47.12,0.471238550211835,2024-06-06
JSFB, EQ, 06-Jun-2024,611.05,615.5,624.0,595.6,609.0,608.6,608.69,446661,2718.78,20557, 247466, 55.40,0.5540353870161039,2024-06-06
JSL, EQ, 06-Jun-2024,776.2,793.35,797.0,780.0,793.0,794.45,793.81,1313297,10425.07,47707, 867837, 66.08,0.6608078751417235,2024-06-06
JSWENERGY, EQ, 06-Jun-2024,608.55,614.6,630.0,606.55,623.0,625.1,620.76,3961169,24589.27,82571, 1400012, 35.34,0.35343404939299483,2024-06-06
JSWHL, EQ, 06-Jun-2024,6519.1,6487.9,6727.95,6487.9,6599.75,6601.65,6629.21,2867,190.06,1195, 1333, 46.49,0.4649459365190094,2024-06-06
JSWINFRA, EQ, 06-Jun-2024,271.3,276.0,287.0,273.65,284.7,285.3,282.99,6413863,18150.69,57323, 3046246, 47.49,0.4749471574307091,2024-06-06
JSWSTEEL, EQ, 06-Jun-2024,878.4,884.0,892.9,877.5,886.9,888.1,885.81,3095781,27422.59,138004, 1446033, 46.71,0.4670979633249251,2024-06-06
JTEKTINDIA, EQ, 06-Jun-2024,164.0,163.5,169.8,163.5,168.2,168.15,167.38,220203,368.58,5934, 112608, 51.14,0.5113826787100993,2024-06-06
JTLIND, EQ, 06-Jun-2024,213.65,215.45,219.7,213.25,214.55,215.65,216.91,520227,1128.4,7997, 282826, 54.37,0.5436588258587117,2024-06-06
JUBLFOOD, EQ, 06-Jun-2024,530.6,536.0,537.25,515.5,522.2,521.8,520.83,3287561,17122.74,62515, 1056294, 32.13,0.32130019792788633,2024-06-06
JUBLINDS, EQ, 06-Jun-2024,1269.15,1280.0,1332.6,1264.35,1303.0,1308.65,1315.82,34602,455.3,1680, 18190, 52.57,0.5256921565227444,2024-06-06
JUBLINGREA, EQ, 06-Jun-2024,484.75,486.0,506.45,485.8,505.2,503.8,499.43,184432,921.12,12573, 71109, 38.56,0.3855567363581157,2024-06-06
JUBLPHARMA, EQ, 06-Jun-2024,690.0,697.0,725.3,692.9,720.0,720.5,714.47,323550,2311.67,23888, 180743, 55.86,0.5586246329779014,2024-06-06
JUNIORBEES, EQ, 06-Jun-2024,712.35,724.7,732.72,702.0,726.99,726.67,726.59,353016,2564.98,10728, 216466, 61.32,0.6131903369818932,2024-06-06
JUNIPER, EQ, 06-Jun-2024,400.9,409.95,421.05,406.2,420.85,418.15,415.22,107200,445.12,3138, 67207, 62.69,0.6269309701492537,2024-06-06
JUSTDIAL, EQ, 06-Jun-2024,918.85,931.85,966.95,926.2,958.0,957.5,954.74,306306,2924.44,18757, 130691, 42.67,0.42666810313869136,2024-06-06
JWL, EQ, 06-Jun-2024,542.0,565.05,613.25,562.3,577.5,577.2,583.77,6339354,37007.06,132181, 1756097, 27.70,0.2770151343496514,2024-06-06
JYOTHYLAB, EQ, 06-Jun-2024,447.0,450.0,450.45,432.5,447.0,448.3,442.1,1822013,8055.05,52301, 734533, 40.31,0.4031436658245578,2024-06-06
JYOTICNC, EQ, 06-Jun-2024,924.3,968.0,970.5,935.0,970.5,966.5,962.39,479039,4610.25,13343, 409536, 85.49,0.8549116042743911,2024-06-06
JYOTISTRUC, BE, 06-Jun-2024,24.1,24.4,25.3,23.4,24.05,23.75,24.43,3286701,802.89,3646, -, -,,2024-06-06
KABRAEXTRU, EQ, 06-Jun-2024,390.2,394.95,412.9,394.95,404.0,400.0,404.13,312986,1264.87,15728, 112061, 35.80,0.35803837871342487,2024-06-06
KAJARIACER, EQ, 06-Jun-2024,1181.95,1189.95,1217.95,1189.95,1215.0,1209.9,1209.57,83301,1007.58,10515, 42663, 51.22,0.5121547160298195,2024-06-06
KAKATCEM, EQ, 06-Jun-2024,199.2,204.0,208.95,202.85,207.65,206.75,206.03,11882,24.48,341, 7753, 65.25,0.6524995791954217,2024-06-06
KALAMANDIR, EQ, 06-Jun-2024,181.75,181.75,184.75,178.2,182.4,182.35,181.73,219004,397.99,10746, 105591, 48.21,0.48214187868714725,2024-06-06
KALYANIFRG, EQ, 06-Jun-2024,422.85,420.05,439.0,409.05,431.2,432.85,428.77,2737,11.74,265, 1809, 66.09,0.6609426379247351,2024-06-06
KALYANKJIL, EQ, 06-Jun-2024,402.55,402.95,409.55,398.0,399.3,399.65,401.93,1618400,6504.76,45468, 886114, 54.75,0.5475247157686604,2024-06-06
KAMATHOTEL, EQ, 06-Jun-2024,218.0,222.3,228.9,219.6,228.9,228.9,227.71,139625,317.94,1359, 108121, 77.44,0.774367054610564,2024-06-06
KAMDHENU, EQ, 06-Jun-2024,480.95,480.95,504.95,480.95,504.95,504.95,502.15,50623,254.2,1302, 36132, 71.37,0.7137467159196412,2024-06-06
KAMOPAINTS, EQ, 06-Jun-2024,161.5,163.4,168.5,162.0,164.15,164.45,165.43,773076,1278.92,6491, 463074, 59.90,0.599001909256011,2024-06-06
KANANIIND, EQ, 06-Jun-2024,3.35,3.4,3.45,3.2,3.25,3.25,3.25,3284499,106.75,2498, 1631307, 49.67,0.4966684416710128,2024-06-06
KANORICHEM, EQ, 06-Jun-2024,109.0,110.0,113.65,109.95,111.95,111.6,111.68,15284,17.07,379, 8962, 58.64,0.5863648259617901,2024-06-06
KANPRPLA, EQ, 06-Jun-2024,99.8,100.75,101.9,98.0,98.0,98.25,99.65,5999,5.98,237, 3535, 58.93,0.5892648774795799,2024-06-06
KANSAINER, EQ, 06-Jun-2024,272.9,274.9,277.2,272.75,273.0,273.5,274.45,499236,1370.14,12644, 394823, 79.09,0.7908544255622592,2024-06-06
KAPSTON, EQ, 06-Jun-2024,345.8,356.95,358.9,336.2,354.4,354.15,351.86,9572,33.68,994, 3242, 33.87,0.3386961972419557,2024-06-06
KARMAENG, BE, 06-Jun-2024,63.5,64.8,65.7,61.0,63.2,63.25,63.29,6485,4.1,122, -, -,,2024-06-06
KARURVYSYA, EQ, 06-Jun-2024,194.05,195.05,200.75,195.05,198.85,198.3,198.87,3498108,6956.62,52718, 2055586, 58.76,0.5876279405895988,2024-06-06
KAUSHALYA, EQ, 06-Jun-2024,705.65,739.1,739.35,707.05,716.0,715.25,719.56,422,3.04,66, 156, 36.97,0.3696682464454976,2024-06-06
KAVVERITEL, BE, 06-Jun-2024,14.4,14.85,14.95,13.85,14.7,14.2,14.54,26658,3.88,145, -, -,,2024-06-06
KAYA, EQ, 06-Jun-2024,295.05,295.05,303.2,283.55,285.5,286.65,290.95,94652,275.39,2939, 63873, 67.48,0.6748193382073279,2024-06-06
KAYNES, EQ, 06-Jun-2024,2900.5,2976.75,3230.0,2976.0,3100.0,3123.65,3130.3,524880,16430.33,62598, 217312, 41.40,0.4140222527053803,2024-06-06
KBCGLOBAL, EQ, 06-Jun-2024,1.65,1.65,1.7,1.6,1.65,1.65,1.65,14355369,236.78,2179, 12512221, 87.16,0.8716056689312549,2024-06-06
KCP, EQ, 06-Jun-2024,201.25,218.0,239.0,215.05,221.0,219.6,227.66,7487030,17044.79,87527, 2461601, 32.88,0.3287820404085465,2024-06-06
KCPSUGIND, EQ, 06-Jun-2024,35.75,36.3,38.4,36.1,37.55,37.5,37.68,941190,354.68,4954, 539521, 57.32,0.5732328222781797,2024-06-06
KDDL, EQ, 06-Jun-2024,2490.0,2490.4,2560.0,2484.6,2495.0,2498.3,2520.44,13922,350.9,3929, 6475, 46.51,0.4650912225254992,2024-06-06
KEC, EQ, 06-Jun-2024,719.9,725.05,784.5,725.05,771.85,770.85,770.62,713490,5498.3,44721, 294399, 41.26,0.4126182567380061,2024-06-06
KECL, EQ, 06-Jun-2024,177.65,177.5,183.95,175.0,181.75,182.1,180.29,712286,1284.15,7639, 302365, 42.45,0.4244994286003094,2024-06-06
KEEPLEARN, BE, 06-Jun-2024,3.2,3.35,3.35,3.35,3.35,3.35,3.35,78092,2.62,58, -, -,,2024-06-06
KEI, EQ, 06-Jun-2024,4089.1,4128.0,4191.0,4091.95,4135.5,4135.9,4149.26,212289,8808.43,35894, 114182, 53.79,0.5378611232800569,2024-06-06
KELLTONTEC, EQ, 06-Jun-2024,93.45,94.4,97.5,94.25,95.75,95.75,96.04,550517,528.7,5902, 246073, 44.70,0.4469852883743826,2024-06-06
KERNEX, EQ, 06-Jun-2024,358.95,366.15,376.85,362.0,376.85,376.85,372.24,16925,63.0,287, 13884, 82.03,0.8203249630723781,2024-06-06
KESORAMIND, EQ, 06-Jun-2024,180.05,180.9,183.55,180.0,181.55,181.4,181.3,332439,602.71,3446, 84881, 25.53,0.25532804514512436,2024-06-06
KEYFINSERV, BE, 06-Jun-2024,164.9,164.8,172.4,162.0,170.35,164.55,163.41,2908,4.75,32, -, -,,2024-06-06
KFINTECH, EQ, 06-Jun-2024,693.95,696.0,697.95,685.2,695.0,694.1,692.87,322863,2237.01,26313, 160159, 49.61,0.4960586998200475,2024-06-06
KHADIM, EQ, 06-Jun-2024,303.25,304.0,324.05,303.55,323.5,320.5,315.49,20432,64.46,1392, 11751, 57.51,0.5751272513703993,2024-06-06
KHAICHEM, EQ, 06-Jun-2024,64.0,64.8,66.5,64.5,66.0,65.95,65.67,98409,64.63,1435, 51346, 52.18,0.5217612210265321,2024-06-06
KHAITANLTD, EQ, 06-Jun-2024,68.0,68.0,71.35,68.0,71.2,71.0,70.34,6703,4.71,104, 4457, 66.49,0.6649261524690437,2024-06-06
KHANDSE, EQ, 06-Jun-2024,27.2,27.5,28.85,27.05,28.75,28.5,27.57,11075,3.05,61, 9452, 85.35,0.8534537246049662,2024-06-06
KICL, EQ, 06-Jun-2024,4089.5,4107.55,4342.6,4107.55,4290.0,4248.5,4262.64,5215,222.3,1708, 2424, 46.48,0.4648130393096836,2024-06-06
KILITCH, EQ, 06-Jun-2024,325.0,332.25,333.2,321.15,325.0,324.65,325.46,5319,17.31,228, 3223, 60.59,0.6059409663470577,2024-06-06
KIMS, EQ, 06-Jun-2024,1897.15,1893.0,1925.5,1870.0,1883.95,1884.25,1890.3,58478,1105.41,13847, 33970, 58.09,0.5809022196381545,2024-06-06
KINGFA, EQ, 06-Jun-2024,1943.65,1912.2,1979.7,1907.7,1979.7,1950.05,1942.59,3732,72.5,696, 2810, 75.29,0.7529474812433011,2024-06-06
KIOCL, EQ, 06-Jun-2024,404.85,411.85,429.9,406.05,418.0,418.5,421.01,163100,686.67,11462, 41997, 25.75,0.25749233599019006,2024-06-06
KIRIINDUS, EQ, 06-Jun-2024,294.85,296.9,315.0,296.9,307.25,306.7,308.15,246171,758.57,14137, 71809, 29.17,0.2917037343960093,2024-06-06
KIRLOSBROS, EQ, 06-Jun-2024,1551.7,1569.95,1745.5,1569.95,1701.0,1706.25,1689.43,147675,2494.86,20317, 60431, 40.92,0.40921618418825123,2024-06-06
KIRLOSENG, EQ, 06-Jun-2024,1210.05,1211.05,1297.9,1201.65,1220.0,1215.1,1234.22,347552,4289.57,35969, 165211, 47.54,0.4753562056900838,2024-06-06
KIRLOSIND, EQ, 06-Jun-2024,5681.35,5776.7,6200.0,5726.0,6178.0,6154.45,6034.32,10807,652.13,4202, 3666, 33.92,0.3392245766632738,2024-06-06
KIRLPNU, EQ, 06-Jun-2024,1103.95,1114.8,1214.0,1114.8,1195.0,1194.45,1186.39,151611,1798.7,9094, 80737, 53.25,0.532527323215334,2024-06-06
KITEX, EQ, 06-Jun-2024,191.0,193.85,198.45,193.65,197.2,196.5,196.93,145115,285.77,4347, 86636, 59.70,0.5970161595975606,2024-06-06
KKCL, EQ, 06-Jun-2024,639.9,643.0,710.0,643.0,668.9,673.85,673.16,334637,2252.64,7069, 286811, 85.71,0.8570809563795994,2024-06-06
KMSUGAR, EQ, 06-Jun-2024,35.3,35.4,36.75,35.4,35.95,36.05,36.16,304960,110.26,1852, 166521, 54.60,0.5460421038824764,2024-06-06
KNRCON, EQ, 06-Jun-2024,339.25,344.8,407.0,344.2,383.8,378.65,382.5,24003265,91813.11,291203, 4445470, 18.52,0.18520272137977897,2024-06-06
KOHINOOR, EQ, 06-Jun-2024,40.0,39.9,40.9,39.75,39.85,39.9,40.21,79138,31.82,801, 40367, 51.01,0.5100836513432232,2024-06-06
KOKUYOCMLN, EQ, 06-Jun-2024,137.25,137.95,143.55,137.95,141.95,140.2,140.61,116005,163.11,2629, 76783, 66.19,0.6618938838843154,2024-06-06
KOLTEPATIL, EQ, 06-Jun-2024,453.95,450.0,463.6,448.75,453.0,452.6,454.87,308211,1401.96,13940, 188589, 61.19,0.6118827686227941,2024-06-06
KOPRAN, EQ, 06-Jun-2024,234.0,240.0,240.0,232.8,236.95,236.55,236.03,143827,339.47,5215, 61738, 42.93,0.4292518094655385,2024-06-06
KOTAKBANK, EQ, 06-Jun-2024,1718.1,1721.0,1738.5,1703.8,1730.1,1734.7,1726.24,6359901,109787.09,362167, 3548375, 55.79,0.5579292822325379,2024-06-06
KOTARISUG, EQ, 06-Jun-2024,56.5,57.0,58.55,56.4,57.0,56.85,57.46,176896,101.65,2268, 87073, 49.22,0.49222707127351667,2024-06-06
KOTHARIPET, EQ, 06-Jun-2024,127.05,129.7,130.55,127.7,130.4,130.1,129.79,64399,83.59,1350, 35566, 55.23,0.5522756564542928,2024-06-06
KOTHARIPRO, EQ, 06-Jun-2024,119.45,121.05,123.05,121.0,122.9,122.55,122.44,8025,9.83,227, 5341, 66.55,0.6655451713395638,2024-06-06
KPIGREEN, EQ, 06-Jun-2024,1682.5,1754.0,1766.6,1716.15,1766.6,1766.35,1762.45,539873,9515.01,17127, 266146, 49.30,0.4929789042978626,2024-06-06
KPIL, EQ, 06-Jun-2024,1104.55,1123.1,1192.05,1117.0,1189.25,1183.3,1170.64,220495,2581.21,29187, 89461, 40.57,0.4057280210435611,2024-06-06
KPITTECH, EQ, 06-Jun-2024,1442.7,1467.0,1491.0,1440.0,1478.3,1476.3,1469.1,1384239,20335.84,76416, 775069, 55.99,0.5599242616340098,2024-06-06
KPRMILL, EQ, 06-Jun-2024,815.35,816.95,839.8,810.45,820.25,821.9,827.81,224024,1854.5,16245, 124386, 55.52,0.5552351533764239,2024-06-06
KRBL, EQ, 06-Jun-2024,269.3,271.4,284.75,271.4,276.95,276.65,277.87,1971933,5479.43,23522, 1240124, 62.89,0.6288874926277921,2024-06-06
KREBSBIO, EQ, 06-Jun-2024,63.75,63.75,70.0,62.35,67.5,66.85,67.92,22758,15.46,217, 17202, 75.59,0.7558660690746112,2024-06-06
KRIDHANINF, BE, 06-Jun-2024,3.9,3.95,3.95,3.85,3.85,3.85,3.89,20182,0.79,48, -, -,,2024-06-06
KRISHANA, EQ, 06-Jun-2024,260.6,261.15,265.0,257.45,262.95,261.3,262.45,68894,180.81,3839, 40180, 58.32,0.5832147937411095,2024-06-06
KRITI, EQ, 06-Jun-2024,114.4,116.05,128.0,110.35,124.5,124.4,119.79,177654,212.81,3209, 104089, 58.59,0.585908563837572,2024-06-06
KRITIKA, BE, 06-Jun-2024,20.05,20.75,20.75,19.5,20.4,20.35,20.4,332039,67.73,1403, -, -,,2024-06-06
KRITINUT, EQ, 06-Jun-2024,101.0,104.0,105.45,100.7,104.3,103.05,103.56,28641,29.66,638, 16308, 56.94,0.5693935267623337,2024-06-06
KRSNAA, EQ, 06-Jun-2024,545.45,545.0,568.15,545.0,560.0,551.35,555.93,39278,218.36,3281, 23705, 60.35,0.6035185090890575,2024-06-06
KRYSTAL, EQ, 06-Jun-2024,709.65,720.0,739.9,711.6,723.1,730.25,724.6,52611,381.22,3731, 22834, 43.40,0.43401570013875423,2024-06-06
KSB, EQ, 06-Jun-2024,4446.1,4495.0,4578.5,4455.25,4543.0,4515.2,4522.12,25927,1172.45,8029, 11842, 45.67,0.4567439348941258,2024-06-06
KSCL, EQ, 06-Jun-2024,859.45,860.1,955.0,860.1,900.0,889.75,917.73,488098,4479.44,35150, 170362, 34.90,0.3490323664509996,2024-06-06
KSHITIJPOL, EQ, 06-Jun-2024,5.6,5.5,5.85,5.35,5.85,5.8,5.58,653523,36.44,714, 523082, 80.04,0.8004033522921152,2024-06-06
KSL, EQ, 06-Jun-2024,781.7,786.0,865.0,775.85,831.5,832.9,835.32,156569,1307.85,12863, 86997, 55.56,0.5556463923254285,2024-06-06
KSOLVES, EQ, 06-Jun-2024,1044.55,1059.2,1095.05,1043.4,1055.0,1051.2,1062.07,42097,447.1,6285, 23199, 55.11,0.5510844003135615,2024-06-06
KTKBANK, EQ, 06-Jun-2024,213.5,215.5,219.1,215.0,215.5,215.5,216.51,2509367,5432.95,34531, 1380263, 55.00,0.5500442940390943,2024-06-06
KUANTUM, EQ, 06-Jun-2024,140.15,140.9,149.8,140.75,147.75,148.3,147.06,51478,75.7,3166, 24059, 46.74,0.4673646994832744,2024-06-06
LAGNAM, BE, 06-Jun-2024,127.95,131.95,134.25,128.6,133.75,132.4,132.05,11806,15.59,106, -, -,,2024-06-06
LAKPRE, BZ, 06-Jun-2024,4.35,4.25,4.25,4.25,4.25,4.25,4.25,550,0.02,2, -, -,,2024-06-06
LAL, EQ, 06-Jun-2024,22.25,22.9,23.25,22.5,22.5,22.7,22.83,18577,4.24,255, 13991, 75.31,0.7531355977822038,2024-06-06
LALPATHLAB, EQ, 06-Jun-2024,2774.75,2776.2,2822.0,2705.55,2755.0,2754.7,2739.26,362340,9925.42,45695, 211261, 58.30,0.5830463100954905,2024-06-06
LAMBODHARA, EQ, 06-Jun-2024,140.7,140.0,152.7,140.0,151.45,150.05,149.68,38042,56.94,1054, 21097, 55.46,0.5545712633405184,2024-06-06
LANCORHOL, EQ, 06-Jun-2024,41.4,43.2,43.45,42.7,43.45,43.4,43.39,43988,19.09,139, 37847, 86.04,0.860393743748295,2024-06-06
LANDMARK, EQ, 06-Jun-2024,681.25,682.35,696.95,674.0,683.5,678.55,688.9,98363,677.62,7308, 70686, 71.86,0.7186238727976983,2024-06-06
LAOPALA, EQ, 06-Jun-2024,305.35,311.15,315.0,300.95,307.5,306.5,305.7,142872,436.76,10141, 73931, 51.75,0.5174631838288818,2024-06-06
LASA, EQ, 06-Jun-2024,20.5,21.2,21.5,20.9,21.5,21.4,21.33,51974,11.08,339, 43164, 83.05,0.8304921691615038,2024-06-06
LATENTVIEW, BE, 06-Jun-2024,472.5,479.95,496.1,470.05,496.1,496.1,487.62,373863,1823.02,6080, -, -,,2024-06-06
LATTEYS, BE, 06-Jun-2024,15.1,15.1,15.1,14.8,14.8,14.8,14.83,24733,3.67,129, -, -,,2024-06-06
LAURUSLABS, EQ, 06-Jun-2024,426.15,432.0,440.0,425.55,430.0,428.9,432.43,4568849,19757.18,97395, 2677266, 58.60,0.5859825964920268,2024-06-06
LAXMICOT, EQ, 06-Jun-2024,28.3,28.05,29.65,28.05,29.65,29.45,29.17,18480,5.39,175, 10095, 54.63,0.5462662337662337,2024-06-06
LAXMIMACH, EQ, 06-Jun-2024,15711.55,15832.0,16128.0,15800.0,16100.0,16075.25,15988.71,3385,541.22,1551, 1601, 47.30,0.4729689807976366,2024-06-06
LCCINFOTEC, BE, 06-Jun-2024,2.9,2.95,2.95,2.95,2.95,2.95,2.95,57391,1.69,46, -, -,,2024-06-06
LEMONTREE, EQ, 06-Jun-2024,140.1,141.0,141.9,138.85,139.75,139.65,139.97,3527135,4936.94,29946, 1814821, 51.45,0.5145311988341813,2024-06-06
LEXUS, EQ, 06-Jun-2024,39.1,41.0,41.0,38.6,39.25,39.1,39.46,31548,12.45,244, 23166, 73.43,0.7343096234309623,2024-06-06
LFIC, EQ, 06-Jun-2024,190.3,190.3,208.0,190.3,205.0,204.65,201.01,24153,48.55,1651, 5920, 24.51,0.24510412785161265,2024-06-06
LGBBROSLTD, EQ, 06-Jun-2024,1204.6,1220.45,1227.75,1200.0,1209.95,1210.2,1217.38,16139,196.47,2907, 9518, 58.98,0.5897515335522647,2024-06-06
LGBFORGE, EQ, 06-Jun-2024,9.05,9.15,9.65,9.05,9.6,9.6,9.46,156729,14.82,577, 90635, 57.83,0.5782911905263225,2024-06-06
LGHL, BE, 06-Jun-2024,330.85,324.25,344.95,314.3,343.85,343.85,326.83,2846,9.3,147, -, -,,2024-06-06
LIBAS, EQ, 06-Jun-2024,17.45,17.95,18.2,17.65,18.1,18.0,17.94,39622,7.11,270, 29020, 73.24,0.7324213820604715,2024-06-06
LIBERTSHOE, EQ, 06-Jun-2024,325.4,323.0,337.95,318.2,326.0,326.45,325.77,124217,404.66,2485, 81448, 65.57,0.655691249989937,2024-06-06
LICHSGFIN, EQ, 06-Jun-2024,622.3,633.95,654.0,629.4,652.0,651.05,647.11,2171720,14053.5,90281, 923696, 42.53,0.4253292321293721,2024-06-06
LICI, EQ, 06-Jun-2024,941.4,954.8,993.85,954.4,985.0,980.8,980.31,3548002,34781.59,84991, 1233174, 34.76,0.34756857521500834,2024-06-06
LICMFGOLD, EQ, 06-Jun-2024,6575.3,6697.65,6697.65,6602.05,6649.95,6632.85,6623.89,152,10.07,80, 96, 63.16,0.631578947368421,2024-06-06
LICNETFGSC, EQ, 06-Jun-2024,25.43,25.7,25.7,25.31,25.39,25.45,25.44,45964,11.69,159, 45365, 98.70,0.9869680619615351,2024-06-06
LICNETFN50, EQ, 06-Jun-2024,255.14,254.27,254.27,247.59,250.6,250.02,249.79,5589,13.96,286, 4326, 77.40,0.774020397208803,2024-06-06
LICNETFSEN, EQ, 06-Jun-2024,816.13,822.75,833.87,815.0,827.0,822.72,825.47,132,1.09,35, 87, 65.91,0.6590909090909091,2024-06-06
LICNFNHGP, EQ, 06-Jun-2024,254.36,254.36,266.5,249.29,253.77,263.34,260.51,1888,4.92,128, 1198, 63.45,0.6345338983050848,2024-06-06
LICNMID100, EQ, 06-Jun-2024,49.81,50.8,51.78,49.51,51.32,51.36,51.23,5587,2.86,103, 4097, 73.33,0.7333094684088062,2024-06-06
LIKHITHA, EQ, 06-Jun-2024,324.6,335.0,364.0,328.75,356.9,355.7,345.53,483443,1670.44,17758, 180650, 37.37,0.3736738353849368,2024-06-06
LINC, EQ, 06-Jun-2024,543.65,551.8,608.5,550.9,588.9,586.65,584.38,25538,149.24,2435, 14129, 55.33,0.5532539744694182,2024-06-06
LINCOLN, EQ, 06-Jun-2024,565.95,581.6,584.2,564.95,581.0,581.45,576.34,31396,180.95,3424, 18767, 59.78,0.5977513058988406,2024-06-06
LINDEINDIA, EQ, 06-Jun-2024,8112.95,8220.0,8793.0,8196.9,8698.0,8685.55,8611.3,170223,14658.41,39150, 48633, 28.57,0.28570169718545674,2024-06-06
LIQUID, EQ, 06-Jun-2024,1000.0,1000.0,1000.0,999.99,1000.0,999.99,999.99,541697,5416.94,173, 291822, 53.87,0.538718139476497,2024-06-06
LIQUID1, EQ, 06-Jun-2024,1000.0,1000.0,1000.01,999.99,1000.01,1000.0,1000.0,30160,301.6,16, 15547, 51.55,0.5154840848806366,2024-06-06
LIQUIDADD, EQ, 06-Jun-2024,1013.19,1013.18,1013.37,1013.18,1013.35,1013.36,1013.37,248753,2520.78,229, 213720, 85.92,0.8591655176017977,2024-06-06
LIQUIDBEES, EQ, 06-Jun-2024,1000.0,1004.7,1004.7,999.99,1000.01,1000.0,1000.0,5970939,59709.41,14031, 4513932, 75.60,0.7559836065985601,2024-06-06
LIQUIDBETF, EQ, 06-Jun-2024,1000.0,1000.0,1000.0,1000.0,1000.0,1000.0,1000.0,702,7.02,6, 351, 50.00,0.5,2024-06-06
LIQUIDCASE, EQ, 06-Jun-2024,102.54,102.57,102.57,102.55,102.57,102.56,102.56,6902308,7079.14,5884, 4724900, 68.45,0.6845391425592715,2024-06-06
LIQUIDETF, EQ, 06-Jun-2024,999.99,1000.0,1000.01,999.99,999.99,999.99,1000.0,751083,7510.83,551, 565724, 75.32,0.7532110299394341,2024-06-06
LIQUIDIETF, EQ, 06-Jun-2024,1000.0,1000.01,1000.01,999.99,1000.0,999.99,1000.0,2394478,23944.76,599, 1613843, 67.40,0.6739853112035274,2024-06-06
LIQUIDSBI, EQ, 06-Jun-2024,1000.01,1000.0,1000.01,999.99,1000.01,1000.0,999.99,11624,116.24,27, 11511, 99.03,0.9902787336545079,2024-06-06
LLOYDSENGG, EQ, 06-Jun-2024,60.5,61.3,64.35,61.05,62.85,62.75,63.08,5200872,3280.89,14488, 1984040, 38.15,0.3814821822186741,2024-06-06
LLOYDSME, EQ, 06-Jun-2024,648.9,664.9,723.85,655.65,700.0,700.6,696.35,428334,2982.69,21921, 222526, 51.95,0.5195151447235101,2024-06-06
LODHA, EQ, 06-Jun-2024,1296.85,1309.8,1432.0,1309.8,1384.0,1389.25,1393.08,1008523,14049.49,76734, 423400, 41.98,0.41982185830169466,2024-06-06
LOKESHMACH, BE, 06-Jun-2024,398.5,398.95,409.95,386.0,397.0,397.05,397.97,41006,163.19,800, -, -,,2024-06-06
LORDSCHLO, BE, 06-Jun-2024,113.7,116.1,119.0,115.0,117.1,117.2,116.9,11498,13.44,98, -, -,,2024-06-06
LOTUSEYE, BE, 06-Jun-2024,54.5,55.5,55.95,54.0,55.75,55.6,55.06,15813,8.71,148, -, -,,2024-06-06
LOVABLE, EQ, 06-Jun-2024,117.45,119.1,123.0,119.1,121.45,121.5,121.63,17508,21.3,385, 11444, 65.36,0.6536440484350011,2024-06-06
LOWVOL, EQ, 06-Jun-2024,187.44,190.81,190.81,183.97,186.85,186.69,185.89,874,1.62,38, 682, 78.03,0.7803203661327232,2024-06-06
LOWVOL1, EQ, 06-Jun-2024,19.01,18.63,19.04,18.63,19.04,18.98,18.97,159182,30.2,356, 143591, 90.21,0.9020555087886821,2024-06-06
LOWVOLIETF, EQ, 06-Jun-2024,20.08,19.5,20.49,19.5,20.06,20.06,20.02,2322168,464.93,1734, 1696839, 73.07,0.7307132817263867,2024-06-06
LOYALTEX, EQ, 06-Jun-2024,556.95,552.15,556.5,529.3,549.7,554.45,545.91,1166,6.37,435, 243, 20.84,0.20840480274442538,2024-06-06
LPDC, EQ, 06-Jun-2024,8.65,8.5,9.0,8.5,8.8,8.65,8.78,85783,7.53,379, 52173, 60.82,0.6081974283949034,2024-06-06
LT, EQ, 06-Jun-2024,3409.0,3438.0,3538.2,3385.3,3496.0,3482.55,3480.8,8374602,291503.43,371459, 4246127, 50.70,0.5070243338131173,2024-06-06
LTF, EQ, 06-Jun-2024,156.85,157.55,162.0,156.5,159.65,159.05,159.73,6006701,9594.74,42724, 3395749, 56.53,0.5653267908624051,2024-06-06
LTFOODS, EQ, 06-Jun-2024,212.85,214.55,221.85,213.0,219.8,219.55,219.6,1183304,2598.58,26795, 545921, 46.14,0.4613531265000372,2024-06-06
LTGILTBEES, EQ, 06-Jun-2024,25.76,25.9,25.9,25.73,25.84,25.81,25.78,2251904,580.53,720, 1471494, 65.34,0.6534443741829137,2024-06-06
LTIM, EQ, 06-Jun-2024,4688.85,4740.0,4819.0,4703.0,4818.0,4800.25,4768.59,622901,29703.58,78355, 309359, 49.66,0.49664232357950944,2024-06-06
LTTS, EQ, 06-Jun-2024,4623.65,4699.0,4707.0,4641.0,4689.0,4682.5,4676.66,194647,9102.98,25620, 98675, 50.69,0.5069433384537136,2024-06-06
LUMAXIND, EQ, 06-Jun-2024,2588.8,2551.0,2668.0,2551.0,2645.6,2653.5,2644.74,12359,326.86,2320, 7675, 62.10,0.6210049356744073,2024-06-06
LUMAXTECH, EQ, 06-Jun-2024,468.7,468.95,493.7,468.95,487.0,488.1,486.8,187839,914.4,14276, 83020, 44.20,0.4419742439003615,2024-06-06
LUPIN, EQ, 06-Jun-2024,1630.5,1645.0,1645.45,1601.25,1609.9,1607.25,1616.06,674620,10902.25,43854, 366446, 54.32,0.5431887581156799,2024-06-06
LUXIND, EQ, 06-Jun-2024,1407.35,1407.5,1435.25,1400.05,1415.05,1417.25,1421.31,51256,728.51,6419, 21740, 42.41,0.4241454658966755,2024-06-06
LXCHEM, EQ, 06-Jun-2024,233.45,235.75,242.0,235.75,239.4,238.85,239.26,504955,1208.15,10802, 200235, 39.65,0.39654028576803874,2024-06-06
LYKALABS, EQ, 06-Jun-2024,109.05,110.0,110.0,106.3,106.6,107.1,108.26,29856,32.32,882, 18253, 61.14,0.611367899249732,2024-06-06
LYPSAGEMS, EQ, 06-Jun-2024,5.5,5.65,5.9,5.35,5.85,5.65,5.69,98704,5.62,297, 68540, 69.44,0.6943994164370239,2024-06-06
M&M, EQ, 06-Jun-2024,2740.95,2745.0,2761.9,2670.9,2699.0,2699.85,2705.02,4992660,135052.57,290943, 2863296, 57.35,0.5735010996142337,2024-06-06
M&MFIN, EQ, 06-Jun-2024,274.3,275.0,280.0,273.65,277.95,278.15,277.61,4121280,11441.1,53814, 2033038, 49.33,0.4933025661930274,2024-06-06
MAANALU, EQ, 06-Jun-2024,138.85,138.95,141.25,135.0,137.0,137.2,138.95,93861,130.42,2681, 58621, 62.46,0.6245511980481776,2024-06-06
MACPOWER, BE, 06-Jun-2024,1352.8,1420.4,1420.4,1301.0,1350.0,1345.05,1378.73,17262,238.0,734, -, -,,2024-06-06
MADHAV, BE, 06-Jun-2024,42.75,42.0,43.5,42.0,43.5,43.5,42.27,4469,1.89,20, -, -,,2024-06-06
MADHUCON, BE, 06-Jun-2024,8.85,8.85,9.25,8.7,9.1,9.1,9.09,35752,3.25,130, -, -,,2024-06-06
MADRASFERT, EQ, 06-Jun-2024,87.55,88.95,92.2,88.35,90.8,90.8,90.59,297465,269.47,3927, 102778, 34.55,0.3455129174860908,2024-06-06
MAFANG, EQ, 06-Jun-2024,93.55,94.13,95.48,93.1,94.49,94.23,94.42,476508,449.93,6743, 282664, 59.32,0.5931988550034837,2024-06-06
MAGADSUGAR, EQ, 06-Jun-2024,630.8,642.95,663.9,632.0,632.85,634.1,647.57,13482,87.3,1419, 6179, 45.83,0.45831479009049103,2024-06-06
MAGNUM, EQ, 06-Jun-2024,48.4,48.95,50.05,48.0,48.05,48.4,48.93,123860,60.61,571, 79764, 64.40,0.6439851445180041,2024-06-06
MAHABANK, EQ, 06-Jun-2024,63.65,64.35,67.2,64.2,66.15,65.95,66.22,27396953,18141.71,55800, 7342482, 26.80,0.26800359879436225,2024-06-06
MAHAPEXLTD, EQ, 06-Jun-2024,156.2,158.55,166.8,158.5,161.55,161.85,162.48,33424,54.31,1154, 16339, 48.88,0.48884035423647676,2024-06-06
MAHASTEEL, EQ, 06-Jun-2024,100.9,100.0,102.8,100.0,100.2,100.85,100.87,16837,16.98,346, 12213, 72.54,0.7253667517966383,2024-06-06
MAHEPC, EQ, 06-Jun-2024,131.95,134.55,134.55,131.5,133.0,132.55,132.79,33638,44.67,1310, 18811, 55.92,0.5592187407099114,2024-06-06
MAHESHWARI, EQ, 06-Jun-2024,59.85,60.6,63.9,60.55,63.5,62.0,62.37,34675,21.63,296, 24255, 69.95,0.6994953136265321,2024-06-06
MAHKTECH, EQ, 06-Jun-2024,13.99,14.03,14.29,13.99,14.2,14.24,14.2,1354279,192.24,1740, 1083538, 80.01,0.8000847683527544,2024-06-06
MAHLIFE, EQ, 06-Jun-2024,554.3,560.0,583.1,558.6,576.55,578.0,571.94,559496,3200.0,29492, 332579, 59.44,0.5944260548779616,2024-06-06
MAHLOG, EQ, 06-Jun-2024,430.65,432.65,438.45,426.75,429.75,429.3,430.72,152232,655.69,8370, 76543, 50.28,0.5028049293184087,2024-06-06
MAHSCOOTER, EQ, 06-Jun-2024,7495.8,7500.0,7694.95,7500.0,7680.0,7640.2,7639.82,2327,177.78,1141, 1267, 54.45,0.5444778685002148,2024-06-06
MAHSEAMLES, EQ, 06-Jun-2024,623.65,628.95,651.0,628.05,639.9,635.85,638.1,431426,2752.91,27481, 241482, 55.97,0.5597298262042621,2024-06-06
MAITHANALL, EQ, 06-Jun-2024,1134.4,1134.05,1178.9,1132.9,1139.75,1141.1,1154.97,48486,560.0,6387, 21054, 43.42,0.4342284370746195,2024-06-06
MAKEINDIA, EQ, 06-Jun-2024,138.79,142.95,142.95,139.44,140.7,140.78,140.68,164762,231.79,747, 145480, 88.30,0.8829705878782729,2024-06-06
MALLCOM, EQ, 06-Jun-2024,1021.8,1040.0,1040.0,995.0,1002.0,1010.5,1014.7,5150,52.26,863, 3468, 67.34,0.6733980582524272,2024-06-06
MALUPAPER, BE, 06-Jun-2024,34.7,34.7,34.9,34.7,34.7,34.7,34.79,9455,3.29,53, -, -,,2024-06-06
MANAKALUCO, EQ, 06-Jun-2024,26.1,26.65,28.4,26.1,26.85,26.95,26.89,91990,24.74,587, 61854, 67.24,0.6723991738232417,2024-06-06
MANAKCOAT, BE, 06-Jun-2024,63.7,64.0,66.0,63.0,64.15,65.05,64.86,104780,67.96,461, -, -,,2024-06-06
MANAKSIA, EQ, 06-Jun-2024,99.65,100.45,102.95,100.45,102.1,101.95,101.97,57742,58.88,1353, 29513, 51.11,0.5111184233313706,2024-06-06
MANAKSTEEL, BE, 06-Jun-2024,53.1,52.1,52.3,52.1,52.2,52.2,52.12,25928,13.51,179, -, -,,2024-06-06
MANALIPETC, EQ, 06-Jun-2024,78.1,78.15,80.45,78.15,79.25,79.05,79.42,507311,402.92,3298, 247660, 48.82,0.4881818056379617,2024-06-06
MANAPPURAM, EQ, 06-Jun-2024,168.5,170.0,178.8,170.0,177.1,177.75,176.11,10796788,19014.73,50051, 4237176, 39.24,0.3924478280021799,2024-06-06
MANGALAM, EQ, 06-Jun-2024,100.4,101.8,103.4,100.85,101.65,101.65,102.0,24686,25.18,361, 13967, 56.58,0.5657862756218099,2024-06-06
MANGCHEFER, EQ, 06-Jun-2024,103.8,104.4,111.4,104.35,111.3,110.75,109.23,495534,541.27,4831, 321855, 64.95,0.649511436147671,2024-06-06
MANGLMCEM, EQ, 06-Jun-2024,804.45,815.0,880.0,815.0,858.25,865.8,864.23,265847,2297.53,14035, 158398, 59.58,0.5958239137549042,2024-06-06
MANINDS, EQ, 06-Jun-2024,340.9,350.0,357.8,348.0,350.65,350.4,353.9,158901,562.36,2250, 112077, 70.53,0.7053259576717579,2024-06-06
MANINFRA, EQ, 06-Jun-2024,184.1,185.95,195.0,185.9,189.9,190.45,191.48,847272,1622.33,10714, 620095, 73.19,0.7318724093325402,2024-06-06
MANKIND, EQ, 06-Jun-2024,2155.8,2164.05,2178.1,2135.55,2154.05,2156.3,2157.1,240944,5197.41,22435, 145350, 60.33,0.6032522079819377,2024-06-06
MANOMAY, EQ, 06-Jun-2024,185.35,194.5,194.5,175.9,187.85,187.0,186.33,5209,9.71,737, 1779, 34.15,0.34152428489153386,2024-06-06
MANORAMA, BE, 06-Jun-2024,597.75,625.5,625.5,600.0,620.0,617.55,615.95,29639,182.56,376, -, -,,2024-06-06
MANORG, BE, 06-Jun-2024,343.45,343.45,352.0,340.0,346.5,344.45,344.4,7229,24.9,130, -, -,,2024-06-06
MANUGRAPH, EQ, 06-Jun-2024,18.4,18.65,19.1,18.35,19.05,18.6,18.54,20543,3.81,150, 15939, 77.59,0.7758847295915884,2024-06-06
MANYAVAR, EQ, 06-Jun-2024,1058.45,1058.45,1074.75,1045.0,1048.35,1051.4,1062.65,167279,1777.58,15590, 103666, 61.97,0.619719151836154,2024-06-06
MAPMYINDIA, EQ, 06-Jun-2024,1911.8,1944.0,1972.2,1909.95,1964.0,1960.95,1948.68,49498,964.56,7486, 26042, 52.61,0.5261222675663663,2024-06-06
MARALOVER, EQ, 06-Jun-2024,67.45,68.0,69.4,66.85,68.9,68.6,68.03,19645,13.36,562, 6960, 35.43,0.35428862305930264,2024-06-06
MARATHON, EQ, 06-Jun-2024,360.75,361.0,432.9,358.95,432.9,432.9,413.37,327602,1354.2,15906, 157408, 48.05,0.4804854671216903,2024-06-06
MARICO, EQ, 06-Jun-2024,645.5,646.8,650.0,626.55,638.75,637.85,639.77,2216040,14177.54,82817, 733461, 33.10,0.3309782314398657,2024-06-06
MARINE, EQ, 06-Jun-2024,103.9,106.6,109.05,105.0,109.05,109.05,108.21,593607,642.34,3327, 341479, 57.53,0.575261073403784,2024-06-06
MARKSANS, EQ, 06-Jun-2024,147.85,149.0,153.5,148.35,152.55,152.05,151.11,1783032,2694.36,21511, 811611, 45.52,0.4551858856150647,2024-06-06
MARSHALL, BE, 06-Jun-2024,29.75,29.15,29.15,29.15,29.15,29.15,29.15,649,0.19,14, -, -,,2024-06-06
MARUTI, EQ, 06-Jun-2024,12502.6,12511.55,12690.0,12468.0,12684.5,12673.5,12617.71,447536,56468.78,102493, 218029, 48.72,0.4871764506095599,2024-06-06
MASFIN, EQ, 06-Jun-2024,290.05,294.95,296.95,290.05,295.0,293.6,294.0,94985,279.26,6356, 49639, 52.26,0.5225983049955256,2024-06-06
MASKINVEST, BE, 06-Jun-2024,71.35,71.35,71.35,71.35,71.35,71.35,71.35,372,0.27,2, -, -,,2024-06-06
MASPTOP50, EQ, 06-Jun-2024,43.26,43.33,43.65,43.02,43.47,43.42,43.41,124462,54.03,1107, 83154, 66.81,0.6681075348299079,2024-06-06
MASTEK, EQ, 06-Jun-2024,2446.9,2447.05,2597.45,2442.1,2580.1,2579.05,2539.62,83678,2125.1,12352, 41410, 49.49,0.494873204426492,2024-06-06
MATRIMONY, EQ, 06-Jun-2024,588.8,612.35,642.45,599.95,619.0,621.05,622.75,158205,985.23,11943, 93306, 58.98,0.589779084099744,2024-06-06
MAWANASUG, EQ, 06-Jun-2024,98.05,99.65,101.5,99.05,100.8,100.55,100.43,96605,97.02,1460, 59496, 61.59,0.6158687438538378,2024-06-06
MAXESTATES, EQ, 06-Jun-2024,332.4,339.4,358.85,339.35,353.0,354.25,352.09,170903,601.74,6616, 96855, 56.67,0.5667249843478465,2024-06-06
MAXHEALTH, EQ, 06-Jun-2024,822.25,822.4,837.15,812.05,833.0,830.1,829.71,1354996,11242.58,41609, 902063, 66.57,0.6657311165494215,2024-06-06
MAXIND, EQ, 06-Jun-2024,253.4,258.95,266.0,255.8,263.5,264.55,261.82,39217,102.68,912, 28459, 72.57,0.7256801897136446,2024-06-06
MAYURUNIQ, EQ, 06-Jun-2024,530.45,532.05,560.0,531.8,559.0,557.25,553.38,172184,952.82,9073, 101797, 59.12,0.5912105654416205,2024-06-06
MAZDA, EQ, 06-Jun-2024,1322.6,1333.2,1345.7,1308.05,1326.95,1323.35,1327.54,7944,105.46,1808, 2744, 34.54,0.34541792547834843,2024-06-06
MAZDOCK, EQ, 06-Jun-2024,2798.2,2838.1,3214.0,2838.1,3173.1,3160.65,3110.08,7554445,234949.63,334213, 1057687, 14.00,0.1400085644941488,2024-06-06
MBAPL, EQ, 06-Jun-2024,222.85,220.8,231.3,220.8,228.0,228.4,228.17,102974,234.95,1791, 87330, 84.81,0.848078155650941,2024-06-06
MBECL, BE, 06-Jun-2024,4.4,4.6,4.6,4.2,4.2,4.2,4.32,200341,8.65,271, -, -,,2024-06-06
MBLINFRA, EQ, 06-Jun-2024,41.1,42.9,45.2,41.75,45.2,45.2,43.95,236709,104.03,923, 143679, 60.70,0.606985792682154,2024-06-06
MCDOWELL-N, EQ, 06-Jun-2024,1298.5,1298.5,1313.9,1268.55,1309.0,1305.45,1289.68,1533822,19781.42,69537, 717573, 46.78,0.4678332948673314,2024-06-06
MCL, EQ, 06-Jun-2024,37.35,37.35,38.3,37.15,37.85,37.65,37.79,23346,8.82,285, 13908, 59.57,0.595733744538679,2024-06-06
MCLEODRUSS, EQ, 06-Jun-2024,21.55,22.3,22.6,21.6,22.2,22.2,22.32,246096,54.92,687, 168012, 68.27,0.6827091866588648,2024-06-06
MCX, EQ, 06-Jun-2024,3507.45,3551.8,3581.0,3472.5,3500.0,3484.85,3518.31,623408,21933.41,70597, 292254, 46.88,0.4688005287067218,2024-06-06
MEDANTA, EQ, 06-Jun-2024,1122.4,1141.0,1197.7,1141.0,1190.6,1192.1,1178.12,428434,5047.45,40940, 248309, 57.96,0.5795735165743149,2024-06-06
MEDIASSIST, EQ, 06-Jun-2024,485.4,510.0,518.95,500.0,510.0,512.85,510.6,451977,2307.78,16120, 306208, 67.75,0.6774858012686487,2024-06-06
MEDICAMEQ, EQ, 06-Jun-2024,465.05,475.0,488.9,460.9,482.9,483.85,479.41,58529,280.59,6951, 12192, 20.83,0.2083069931145244,2024-06-06
MEDICO, BE, 06-Jun-2024,35.65,35.7,37.25,35.5,37.2,36.85,36.58,36538,13.36,284, -, -,,2024-06-06
MEDPLUS, EQ, 06-Jun-2024,697.15,698.0,711.1,688.5,703.0,703.9,702.09,92867,652.01,12338, 38929, 41.92,0.4191908858905747,2024-06-06
MEGASOFT, EQ, 06-Jun-2024,62.5,62.5,65.6,62.45,65.3,65.55,64.95,167622,108.86,789, 114195, 68.13,0.6812649890825787,2024-06-06
MEGASTAR, EQ, 06-Jun-2024,236.55,243.55,261.0,238.05,256.75,250.9,251.1,17020,42.74,1018, 7681, 45.13,0.45129259694477086,2024-06-06
MENONBE, EQ, 06-Jun-2024,119.2,119.8,123.0,118.25,120.85,121.5,121.76,30056,36.6,817, 18798, 62.54,0.6254325259515571,2024-06-06
MEP, BE, 06-Jun-2024,8.05,8.0,8.2,7.9,8.0,7.95,8.05,224171,18.05,1698, -, -,,2024-06-06
METROBRAND, EQ, 06-Jun-2024,1144.4,1167.3,1174.9,1149.55,1162.0,1162.75,1163.44,115686,1345.94,12514, 20539, 17.75,0.1775409297581384,2024-06-06
METROPOLIS, EQ, 06-Jun-2024,1985.15,2019.8,2067.95,1996.1,2034.0,2028.55,2034.07,507179,10316.39,34871, 195579, 38.56,0.3856212500911907,2024-06-06
MFSL, EQ, 06-Jun-2024,926.25,927.55,939.0,924.05,930.05,927.2,928.05,1174484,10899.79,24624, 908089, 77.32,0.7731812438483624,2024-06-06
MGEL, EQ, 06-Jun-2024,20.35,20.7,21.3,20.45,21.0,20.9,20.81,226823,47.2,737, 148578, 65.50,0.6550393919487882,2024-06-06
MGEL-RE, BE, 06-Jun-2024,0.9,0.9,1.25,0.7,0.9,0.95,0.9,304810,2.74,551, -, -,,2024-06-06
MGL, EQ, 06-Jun-2024,1314.7,1327.7,1379.9,1324.95,1365.0,1360.2,1360.34,337940,4597.13,25899, 112450, 33.28,0.3327513759839025,2024-06-06
MHLXMIRU, EQ, 06-Jun-2024,203.7,202.05,212.45,202.05,208.8,208.25,209.72,7078,14.84,303, 3875, 54.75,0.5474710370161062,2024-06-06
MHRIL, EQ, 06-Jun-2024,395.6,403.8,403.8,395.0,398.15,398.6,399.79,191836,766.95,15645, 129592, 67.55,0.6755353531141183,2024-06-06
MICEL, EQ, 06-Jun-2024,45.75,47.0,48.0,46.2,48.0,48.0,47.59,535573,254.86,3101, 346563, 64.71,0.6470882587434392,2024-06-06
MID150BEES, EQ, 06-Jun-2024,196.48,202.35,202.35,197.03,200.9,200.69,200.89,973331,1955.28,6571, 501009, 51.47,0.5147365079299847,2024-06-06
MIDCAP, EQ, 06-Jun-2024,147.11,151.5,151.61,147.12,149.48,149.18,149.48,68688,102.67,490, 51549, 75.05,0.7504804332634522,2024-06-06
MIDCAPETF, EQ, 06-Jun-2024,19.35,19.75,19.89,19.21,19.85,19.8,19.75,3271129,646.03,5662, 1892054, 57.84,0.5784100841024613,2024-06-06
MIDCAPIETF, EQ, 06-Jun-2024,19.66,19.98,20.2,19.67,20.05,20.06,20.08,695890,139.74,1228, 423545, 60.86,0.6086378594318067,2024-06-06
MIDHANI, EQ, 06-Jun-2024,380.55,386.0,414.7,386.0,410.9,409.6,406.62,1489198,6055.32,44859, 407283, 27.35,0.27349150348039686,2024-06-06
MIDQ50ADD, EQ, 06-Jun-2024,231.62,238.7,238.7,233.01,235.67,235.52,235.21,6492,15.27,166, 3396, 52.31,0.5231053604436229,2024-06-06
MIDSELIETF, EQ, 06-Jun-2024,16.0,16.5,16.51,15.06,16.3,16.26,16.32,428993,70.02,925, 318284, 74.19,0.741932852051199,2024-06-06
MIDSMALL, EQ, 06-Jun-2024,47.43,48.41,49.1,48.01,48.99,48.9,48.87,1115957,545.37,865, 1048801, 93.98,0.9398220540755603,2024-06-06
MINDACORP, EQ, 06-Jun-2024,419.9,420.0,469.5,419.95,458.9,457.45,449.94,1900260,8549.96,65621, 638271, 33.59,0.33588614189637206,2024-06-06
MINDTECK, EQ, 06-Jun-2024,247.65,250.25,267.8,250.2,257.0,260.25,260.76,179709,468.61,4926, 104195, 57.98,0.5797984519417503,2024-06-06
MIRCELECTR, EQ, 06-Jun-2024,20.7,20.75,21.4,20.5,21.15,21.05,21.02,714333,150.13,1272, 441569, 61.82,0.6181556780941102,2024-06-06
MIRZAINT, EQ, 06-Jun-2024,41.95,42.8,43.2,41.8,42.6,42.55,42.57,217223,92.47,1197, 147767, 68.03,0.6802548533074306,2024-06-06
MITCON, EQ, 06-Jun-2024,124.7,128.9,132.05,122.1,129.7,130.4,130.35,11501,14.99,328, 5802, 50.45,0.5044778714894357,2024-06-06
MITTAL, EQ, 06-Jun-2024,2.0,2.05,2.1,1.95,2.1,2.05,2.05,2023333,41.44,1890, 1187115, 58.67,0.586712617250843,2024-06-06
MKPL, BE, 06-Jun-2024,12.7,12.45,12.45,12.45,12.45,12.45,12.45,54035,6.73,221, -, -,,2024-06-06
MMFL, EQ, 06-Jun-2024,1121.35,1129.95,1194.95,1129.95,1170.45,1172.25,1172.02,86718,1016.35,8781, 46217, 53.30,0.5329574021541087,2024-06-06
MMP, EQ, 06-Jun-2024,271.85,272.6,287.8,271.9,279.4,278.7,279.11,43822,122.31,2714, 19794, 45.17,0.4516909314955958,2024-06-06
MMTC, EQ, 06-Jun-2024,67.6,68.25,70.4,67.25,68.2,67.9,68.84,3058725,2105.76,17534, 1500022, 49.04,0.49040760447572107,2024-06-06
MNC, EQ, 06-Jun-2024,29.97,30.37,30.37,29.21,29.8,29.88,29.84,59998,17.91,422, 28941, 48.24,0.48236607886929567,2024-06-06
MODIRUBBER, BE, 06-Jun-2024,89.05,89.1,91.85,88.1,90.9,90.3,90.15,1972,1.78,78, -, -,,2024-06-06
MODISONLTD, BE, 06-Jun-2024,121.75,121.75,126.95,121.75,123.75,124.25,124.58,19515,24.31,168, -, -,,2024-06-06
MODTHREAD, BE, 06-Jun-2024,52.75,51.7,51.7,51.7,51.7,51.7,51.7,1345,0.7,13, -, -,,2024-06-06
MOGSEC, EQ, 06-Jun-2024,55.37,55.01,56.0,55.01,55.15,55.87,55.55,71194,39.55,46, 64919, 91.19,0.9118605500463522,2024-06-06
MOHEALTH, EQ, 06-Jun-2024,35.76,36.09,36.1,35.33,35.86,35.57,35.78,26780,9.58,345, 20250, 75.62,0.7561613144137416,2024-06-06
MOHITIND, EQ, 06-Jun-2024,20.2,20.15,21.1,20.15,20.9,20.95,20.83,13132,2.74,136, 9813, 74.73,0.7472586049345111,2024-06-06
MOIL, EQ, 06-Jun-2024,482.7,489.9,505.45,482.9,497.0,496.75,496.73,4062135,20177.85,74374, 1436795, 35.37,0.3537043943640475,2024-06-06
MOKSH, BE, 06-Jun-2024,14.15,14.15,14.15,13.95,13.95,13.95,14.09,45932,6.47,242, -, -,,2024-06-06
MOL, EQ, 06-Jun-2024,76.1,76.05,80.4,76.05,80.1,79.7,78.31,803213,628.98,4524, 391622, 48.76,0.48756929979967956,2024-06-06
MOLDTECH, EQ, 06-Jun-2024,235.5,237.0,245.75,236.05,242.0,242.05,242.03,134794,326.25,5834, 78133, 57.96,0.5796474620532072,2024-06-06
MOLDTKPAC, EQ, 06-Jun-2024,736.9,739.85,759.5,732.8,753.0,740.7,745.37,61921,461.54,10857, 35173, 56.80,0.5680302320698956,2024-06-06
MOLOWVOL, EQ, 06-Jun-2024,36.09,36.1,36.48,35.94,36.11,36.08,36.15,95810,34.64,152, 89603, 93.52,0.9352155307379187,2024-06-06
MOM100, EQ, 06-Jun-2024,54.67,56.3,56.3,54.67,56.0,55.94,55.91,225387,126.02,2239, 155592, 69.03,0.6903326278800463,2024-06-06
MOM30IETF, EQ, 06-Jun-2024,33.85,34.48,36.25,34.29,34.92,34.78,34.88,1238811,432.12,3652, 879083, 70.96,0.7096183356460348,2024-06-06
MOM50, EQ, 06-Jun-2024,231.32,232.85,241.0,232.18,232.9,232.69,234.45,7186,16.85,143, 3507, 48.80,0.4880322849986084,2024-06-06
MOMENTUM, EQ, 06-Jun-2024,33.99,34.9,36.3,34.21,34.59,34.56,34.66,198752,68.88,1022, 110492, 55.59,0.5559289969409112,2024-06-06
MOMOMENTUM, EQ, 06-Jun-2024,67.78,68.33,70.49,66.81,69.5,69.16,69.28,224951,155.84,985, 169237, 75.23,0.7523282848264733,2024-06-06
MON100, EQ, 06-Jun-2024,150.19,152.0,154.39,150.25,154.2,154.24,153.69,674193,1036.19,7225, 484983, 71.94,0.7193533602395753,2024-06-06
MONARCH, EQ, 06-Jun-2024,492.6,501.0,520.0,496.95,519.0,516.3,511.15,49651,253.79,2633, 29785, 59.99,0.5998872127449598,2024-06-06
MONIFTY500, EQ, 06-Jun-2024,21.22,21.5,21.7,21.32,21.52,21.46,21.52,678530,146.04,1084, 608956, 89.75,0.8974636346219033,2024-06-06
MONQ50, EQ, 06-Jun-2024,63.25,63.25,64.28,63.01,63.28,63.72,63.71,33132,21.11,447, 24328, 73.43,0.7342750211276108,2024-06-06
MONTECARLO, EQ, 06-Jun-2024,593.55,596.4,605.5,582.0,587.8,586.25,590.39,53081,313.39,2851, 41978, 79.08,0.7908291102277651,2024-06-06
MOQUALITY, EQ, 06-Jun-2024,191.99,199.3,199.3,192.0,194.8,194.54,194.91,1689,3.29,78, 1545, 91.47,0.9147424511545293,2024-06-06
MORARJEE, BE, 06-Jun-2024,13.15,12.6,13.65,12.5,12.5,12.5,12.62,149120,18.82,510, -, -,,2024-06-06
MOREALTY, EQ, 06-Jun-2024,99.68,101.99,105.65,99.05,104.87,104.24,104.09,208395,216.92,1300, 183856, 88.22,0.8822476546942105,2024-06-06
MOREPENLAB, EQ, 06-Jun-2024,44.85,45.35,48.7,45.35,48.3,47.7,46.74,3015030,1409.11,10366, 1241219, 41.17,0.41167716407465266,2024-06-06
MOSMALL250, EQ, 06-Jun-2024,15.33,15.02,15.87,15.02,15.8,15.7,15.7,257612,40.45,678, 189178, 73.44,0.7343524369982765,2024-06-06
MOTHERSON, EQ, 06-Jun-2024,152.05,153.5,155.2,149.5,152.25,152.45,151.47,31718779,48043.37,144400, 15852903, 49.98,0.4997954996943609,2024-06-06
MOTILALOFS, EQ, 06-Jun-2024,2243.05,2270.65,2355.0,2256.2,2294.0,2294.25,2315.11,216571,5013.85,21792, 120489, 55.63,0.5563487262837591,2024-06-06
MOTISONS, EQ, 06-Jun-2024,164.3,167.5,172.5,164.3,170.65,170.4,168.87,196245,331.4,3458, 119014, 60.65,0.6064562154449795,2024-06-06
MOTOGENFIN, EQ, 06-Jun-2024,32.5,32.1,34.1,32.1,34.1,34.05,33.5,8620,2.89,72, 7942, 92.13,0.9213457076566125,2024-06-06
MOVALUE, EQ, 06-Jun-2024,97.58,100.51,102.57,97.58,99.98,100.06,99.89,399254,398.83,4197, 303430, 76.00,0.7599923857995161,2024-06-06
MPHASIS, EQ, 06-Jun-2024,2362.1,2409.75,2474.45,2399.8,2440.0,2436.3,2445.16,650875,15914.91,47218, 297140, 45.65,0.45652391012099097,2024-06-06
MPSLTD, EQ, 06-Jun-2024,1951.5,1979.9,2063.0,1955.55,1979.0,1982.55,2016.35,86409,1742.31,9734, 41794, 48.37,0.48367646888634286,2024-06-06
MRF, EQ, 06-Jun-2024,127959.7,128500.0,128697.65,125933.55,126300.0,126132.05,126908.61,10281,13047.47,4880, 5273, 51.29,0.5128878513763253,2024-06-06
MRO-TEK, BE, 06-Jun-2024,77.65,80.1,81.5,78.0,78.5,78.5,79.4,41456,32.92,226, -, -,,2024-06-06
MRPL, EQ, 06-Jun-2024,199.0,201.05,209.25,200.5,201.8,201.75,204.25,3289031,6717.96,37390, 1173571, 35.68,0.35681360254737643,2024-06-06
MSPL, EQ, 06-Jun-2024,23.95,23.95,25.0,23.45,23.8,24.1,24.56,780981,191.78,1085, 640584, 82.02,0.8202299415734826,2024-06-06
MSTCLTD, EQ, 06-Jun-2024,750.95,770.0,867.0,768.9,855.0,848.15,834.35,1126567,9399.52,53907, 304926, 27.07,0.2706683224344402,2024-06-06
MSUMI, EQ, 06-Jun-2024,64.15,65.7,67.5,64.5,67.05,67.15,66.61,9856887,6565.29,44545, 5429294, 55.08,0.5508122391988465,2024-06-06
MTARTECH, EQ, 06-Jun-2024,1660.15,1705.0,1737.0,1675.0,1705.0,1700.75,1719.49,348529,5992.91,26822, 158433, 45.46,0.45457623325462154,2024-06-06
MTEDUCARE, BE, 06-Jun-2024,2.95,2.95,3.05,2.95,3.0,3.0,3.03,25573,0.77,55, -, -,,2024-06-06
MTNL, EQ, 06-Jun-2024,35.45,34.55,37.05,34.55,36.1,36.1,36.3,2588080,939.48,6413, 1241862, 47.98,0.4798391085283299,2024-06-06
MUFIN, EQ, 06-Jun-2024,103.4,103.4,108.55,103.4,108.55,108.55,107.31,54409,58.39,490, 34199, 62.86,0.6285540995055965,2024-06-06
MUFTI, EQ, 06-Jun-2024,154.55,158.1,162.0,157.55,160.0,160.3,159.47,192714,307.31,4993, 106101, 55.06,0.5505619726641552,2024-06-06
MUKANDLTD, EQ, 06-Jun-2024,144.15,144.9,151.5,144.9,150.75,149.9,149.46,93534,139.79,3661, 46113, 49.30,0.49300789017897234,2024-06-06
MUKKA, EQ, 06-Jun-2024,31.75,32.25,33.1,32.05,32.85,32.75,32.71,633476,207.23,3698, 344512, 54.38,0.5438438078159236,2024-06-06
MUKTAARTS, EQ, 06-Jun-2024,60.9,60.9,63.75,60.5,63.7,63.7,62.28,24208,15.08,623, 21711, 89.69,0.8968522802379378,2024-06-06
MUNJALAU, EQ, 06-Jun-2024,77.75,79.8,81.6,77.85,81.6,81.6,80.63,146604,118.2,994, 110797, 75.58,0.7557570052658863,2024-06-06
MUNJALSHOW, EQ, 06-Jun-2024,146.55,149.7,153.0,148.75,152.7,151.95,150.47,88874,133.72,2314, 41987, 47.24,0.47243288250782006,2024-06-06
MURUDCERA, EQ, 06-Jun-2024,41.85,40.75,44.3,40.75,44.0,43.95,43.65,42484,18.55,389, 27654, 65.09,0.6509274079653516,2024-06-06
MUTHOOTCAP, EQ, 06-Jun-2024,275.5,280.95,285.9,275.8,281.3,281.2,280.6,25690,72.09,1167, 15835, 61.64,0.6163876994939665,2024-06-06
MUTHOOTFIN, EQ, 06-Jun-2024,1747.35,1740.0,1810.95,1740.0,1756.65,1753.25,1776.25,610386,10841.97,34097, 199114, 32.62,0.326209972050473,2024-06-06
MUTHOOTMF, EQ, 06-Jun-2024,213.45,216.0,221.6,215.15,221.0,220.75,219.75,188477,414.19,6498, 88419, 46.91,0.46912355353703633,2024-06-06
MVGJL, EQ, 06-Jun-2024,228.1,228.0,239.75,226.0,229.0,229.95,231.32,67279,155.63,1736, 34277, 50.95,0.5094754678279998,2024-06-06
NACLIND, EQ, 06-Jun-2024,64.95,65.5,68.5,65.5,67.25,67.2,67.3,77161,51.93,1041, 46102, 59.75,0.5974780005443164,2024-06-06
NAGAFERT, EQ, 06-Jun-2024,10.0,10.15,10.45,10.05,10.35,10.3,10.34,782964,80.95,1007, 462842, 59.11,0.5911408442789196,2024-06-06
NAGREEKCAP, EQ, 06-Jun-2024,21.95,22.9,23.0,21.65,23.0,23.0,22.67,16705,3.79,84, 15706, 94.02,0.9401975456450165,2024-06-06
NAGREEKEXP, EQ, 06-Jun-2024,28.05,28.8,29.45,28.2,28.75,28.95,28.88,31132,8.99,221, 20452, 65.69,0.6569446228960555,2024-06-06
NAHARCAP, EQ, 06-Jun-2024,269.45,273.95,279.9,268.5,271.1,271.85,273.06,16830,45.96,1074, 11061, 65.72,0.6572192513368984,2024-06-06
NAHARINDUS, EQ, 06-Jun-2024,115.65,116.55,121.8,116.55,121.4,120.65,119.87,27536,33.01,654, 15306, 55.59,0.5558541545613016,2024-06-06
NAHARPOLY, EQ, 06-Jun-2024,183.6,184.6,190.0,183.25,188.0,189.05,187.59,23743,44.54,848, 19648, 82.75,0.8275281135492566,2024-06-06
NAHARSPING, EQ, 06-Jun-2024,244.15,245.4,256.05,245.4,248.3,249.75,250.79,23283,58.39,2489, 12715, 54.61,0.5461066013829833,2024-06-06
NAM-INDIA, EQ, 06-Jun-2024,545.95,555.0,622.0,554.1,616.1,614.0,597.38,1965902,11743.93,77286, 625193, 31.80,0.3180183956270455,2024-06-06
NARMADA, BE, 06-Jun-2024,20.0,20.0,20.0,19.8,20.0,20.0,19.91,6741,1.34,49, -, -,,2024-06-06
NATCOPHARM, EQ, 06-Jun-2024,1015.2,1023.8,1060.75,1023.8,1037.5,1033.75,1041.81,1297615,13518.74,51161, 709997, 54.72,0.5471553580992822,2024-06-06
NATHBIOGEN, EQ, 06-Jun-2024,185.05,185.05,192.0,185.05,188.0,187.85,188.91,50403,95.21,1887, 31740, 62.97,0.6297244211654068,2024-06-06
NATIONALUM, EQ, 06-Jun-2024,176.15,177.7,185.0,176.4,180.3,180.6,181.16,31403131,56890.81,137193, 11905890, 37.91,0.3791306669389113,2024-06-06
NAUKRI, EQ, 06-Jun-2024,5995.55,6100.0,6164.45,6000.8,6122.0,6125.2,6108.19,416434,25436.59,37601, 253621, 60.90,0.6090304826214958,2024-06-06
NAVA, EQ, 06-Jun-2024,513.05,517.0,595.15,517.0,585.0,585.5,570.08,3089596,17613.25,68657, 1022895, 33.11,0.33107726706015933,2024-06-06
NAVINFLUOR, EQ, 06-Jun-2024,3300.6,3314.0,3351.85,3285.2,3325.0,3319.15,3322.69,87870,2919.65,17691, 32141, 36.58,0.3657789916922727,2024-06-06
NAVINIFTY, EQ, 06-Jun-2024,230.91,236.0,239.7,227.82,230.0,230.1,230.87,12727,29.38,311, 7531, 59.17,0.5917341085880412,2024-06-06
NAVKARCORP, EQ, 06-Jun-2024,92.35,93.7,95.85,92.7,93.95,93.5,94.27,548021,516.62,4010, 241503, 44.07,0.44068201765990717,2024-06-06
NAVNETEDUL, EQ, 06-Jun-2024,143.6,144.55,147.15,141.4,146.5,145.95,144.23,339773,490.05,6829, 160690, 47.29,0.47293339965212067,2024-06-06
NAZARA, EQ, 06-Jun-2024,697.25,715.6,818.4,715.05,801.1,809.65,791.03,3170585,25080.2,88155, 617232, 19.47,0.19467448436171875,2024-06-06
NBCC, EQ, 06-Jun-2024,130.05,136.75,141.0,135.5,139.45,139.05,139.05,23252206,32331.41,93824, 9263326, 39.84,0.3983848242183989,2024-06-06
NBIFIN, EQ, 06-Jun-2024,1755.7,1783.2,1805.0,1699.6,1725.0,1742.1,1733.86,652,11.3,308, 355, 54.45,0.5444785276073619,2024-06-06
NCC, EQ, 06-Jun-2024,289.75,295.95,319.75,295.9,312.0,312.5,309.78,23456443,72663.67,175997, 7633797, 32.54,0.3254456355552289,2024-06-06
NCLIND, EQ, 06-Jun-2024,211.4,212.35,222.0,212.35,218.5,219.2,219.11,1398235,3063.67,24388, 462390, 33.07,0.3306954839494076,2024-06-06
NDGL, EQ, 06-Jun-2024,2194.15,2345.0,2345.0,2291.4,2292.0,2303.5,2322.9,99,2.3,33, 67, 67.68,0.6767676767676768,2024-06-06
NDL, EQ, 06-Jun-2024,40.4,42.95,46.8,42.45,45.15,45.8,45.29,6764954,3064.03,19583, 2992078, 44.23,0.4422909601454792,2024-06-06
NDLVENTURE, EQ, 06-Jun-2024,89.1,91.0,92.0,88.25,89.95,89.25,90.07,10826,9.75,137, 8454, 78.09,0.7808978385368557,2024-06-06
NDRAUTO, EQ, 06-Jun-2024,800.55,814.7,827.95,800.45,819.5,810.1,810.56,8211,66.55,2280, 4267, 51.97,0.5196687370600414,2024-06-06
NDTV, EQ, 06-Jun-2024,221.55,225.95,234.8,225.95,228.2,228.9,230.13,655675,1508.91,16011, 221899, 33.84,0.3384283372097457,2024-06-06
NECCLTD, EQ, 06-Jun-2024,23.35,23.6,24.8,23.5,24.2,24.1,24.19,197560,47.78,821, 121584, 61.54,0.6154282243369104,2024-06-06
NECLIFE, EQ, 06-Jun-2024,29.65,29.8,31.7,29.8,30.9,30.75,30.92,292044,90.29,1614, 138702, 47.49,0.4749352837243703,2024-06-06
NELCAST, EQ, 06-Jun-2024,135.75,136.1,139.0,135.0,136.9,136.35,136.92,71269,97.58,2851, 30979, 43.47,0.43467706857118804,2024-06-06
NELCO, EQ, 06-Jun-2024,707.25,714.0,725.0,711.0,718.95,717.65,718.91,55469,398.77,5221, 21847, 39.39,0.39385963330869495,2024-06-06
NEOGEN, EQ, 06-Jun-2024,1489.1,1514.9,1518.4,1494.05,1508.05,1509.45,1507.69,31594,476.34,6600, 15075, 47.71,0.4771475596632272,2024-06-06
NESCO, EQ, 06-Jun-2024,855.9,851.9,888.8,851.75,883.0,880.6,880.42,70126,617.4,5354, 41251, 58.82,0.5882411659013775,2024-06-06
NESTLEIND, EQ, 06-Jun-2024,2509.85,2518.0,2518.0,2452.65,2475.2,2471.4,2469.43,972140,24006.3,127299, 384265, 39.53,0.39527742917686753,2024-06-06
NETF, EQ, 06-Jun-2024,239.99,244.79,244.79,236.02,238.0,243.11,242.49,4158,10.08,209, 3199, 76.94,0.7693602693602694,2024-06-06
NETWEB, EQ, 06-Jun-2024,2170.65,2224.3,2279.15,2199.95,2279.15,2279.15,2267.84,208906,4737.65,10635, 136603, 65.39,0.6538969680143222,2024-06-06
NETWORK18, EQ, 06-Jun-2024,76.1,76.9,79.9,76.9,79.9,79.85,79.37,906679,719.64,4101, 569742, 62.84,0.6283833639027704,2024-06-06
NEULANDLAB, EQ, 06-Jun-2024,6250.25,6320.0,6479.0,6121.5,6158.0,6160.35,6328.27,34329,2172.43,9149, 18299, 53.30,0.5330478604095663,2024-06-06
NEWGEN, EQ, 06-Jun-2024,877.8,879.0,914.0,875.65,885.0,885.55,894.78,160481,1435.96,14556, 90935, 56.66,0.5666402876352964,2024-06-06
NEXT50, EQ, 06-Jun-2024,677.74,685.35,698.02,685.29,690.76,690.74,690.94,42142,291.18,406, 27710, 65.75,0.6575387973992691,2024-06-06
NEXT50IETF, EQ, 06-Jun-2024,69.58,71.65,71.65,69.21,71.05,70.69,70.72,623219,440.74,4380, 389823, 62.55,0.6254992225846773,2024-06-06
NEXTMEDIA, EQ, 06-Jun-2024,6.1,6.25,6.5,6.1,6.35,6.35,6.32,35852,2.26,140, 24455, 68.21,0.6821097846703112,2024-06-06
NFL, EQ, 06-Jun-2024,97.35,98.4,104.3,98.0,102.35,102.2,102.16,4706977,4808.79,20487, 1598085, 33.95,0.3395140872793727,2024-06-06
NGIL, EQ, 06-Jun-2024,46.8,47.5,50.8,46.25,47.6,47.6,48.23,383101,184.78,2643, 102483, 26.75,0.26750909029211617,2024-06-06
NGLFINE, EQ, 06-Jun-2024,2266.6,2290.05,2308.65,2223.3,2246.05,2252.75,2259.78,1887,42.64,679, 874, 46.32,0.4631690514043455,2024-06-06
NH, EQ, 06-Jun-2024,1184.7,1250.0,1282.0,1235.0,1247.0,1243.45,1256.63,823335,10346.27,76555, 417738, 50.74,0.5073730619978503,2024-06-06
NHPC, EQ, 06-Jun-2024,97.35,99.75,104.95,99.55,102.95,102.6,102.72,105641480,108516.39,309674, 29399540, 27.83,0.2782954195643605,2024-06-06
NIACL, EQ, 06-Jun-2024,209.35,214.8,222.3,213.55,217.55,217.15,218.6,1324272,2894.83,28719, 406352, 30.68,0.30684934817016446,2024-06-06
NIBL, EQ, 06-Jun-2024,31.55,33.55,34.7,31.65,33.1,33.3,33.34,38301,12.77,385, 23388, 61.06,0.6106367979948304,2024-06-06
NIF100BEES, EQ, 06-Jun-2024,246.92,250.8,250.8,247.72,250.12,249.76,249.24,24565,61.23,729, 14039, 57.15,0.5715041726032973,2024-06-06
NIF100IETF, EQ, 06-Jun-2024,26.07,26.85,26.88,26.03,26.16,26.19,26.24,115416,30.29,1034, 64702, 56.06,0.5605981839606293,2024-06-06
NIF10GETF, EQ, 06-Jun-2024,22.86,22.86,23.36,22.83,23.25,23.25,23.0,1551,0.36,31, 1070, 68.99,0.6898774983881367,2024-06-06
NIF5GETF, EQ, 06-Jun-2024,55.8,56.5,56.5,55.8,55.8,55.8,56.5,483,0.27,7, 482, 99.79,0.9979296066252588,2024-06-06
NIFITETF, EQ, 06-Jun-2024,333.8,333.0,343.5,333.0,334.0,340.99,339.91,5976,20.31,165, 5596, 93.64,0.9364123159303882,2024-06-06
NIFMID150, EQ, 06-Jun-2024,192.87,193.0,200.16,193.0,200.16,197.57,196.66,2182,4.29,79, 1247, 57.15,0.571494042163153,2024-06-06
NIFTY1, EQ, 06-Jun-2024,246.22,246.22,247.86,242.0,247.29,246.76,246.07,200711,493.89,1313, 57342, 28.57,0.2856943565624206,2024-06-06
NIFTY50ADD, EQ, 06-Jun-2024,232.63,233.66,236.2,233.0,234.39,234.04,234.32,27067,63.42,562, 12796, 47.28,0.47275279861085456,2024-06-06
NIFTYBEES, EQ, 06-Jun-2024,251.3,252.99,254.1,250.01,253.3,252.98,252.8,10376673,26232.21,57488, 6872857, 66.23,0.6623372443171333,2024-06-06
NIFTYBETF, EQ, 06-Jun-2024,229.49,229.49,230.07,226.58,229.53,229.51,228.34,3423,7.82,104, 2210, 64.56,0.6456324861232837,2024-06-06
NIFTYETF, EQ, 06-Jun-2024,239.66,241.4,242.95,240.46,242.09,241.88,241.38,486614,1174.58,1130, 323604, 66.50,0.6650116930462338,2024-06-06
NIFTYIETF, EQ, 06-Jun-2024,249.89,252.7,252.98,247.25,252.22,251.84,251.86,1235644,3112.11,6776, 961621, 77.82,0.7782346695326485,2024-06-06
NIFTYQLITY, EQ, 06-Jun-2024,20.15,20.0,20.55,19.75,20.45,20.38,20.33,54023,10.98,680, 33011, 61.11,0.6110545508394573,2024-06-06
NIITLTD, EQ, 06-Jun-2024,97.85,98.6,101.9,98.6,100.8,100.65,100.88,362160,365.33,4593, 166635, 46.01,0.4601143141153082,2024-06-06
NIITMTS, EQ, 06-Jun-2024,421.05,421.05,442.35,421.05,430.0,431.1,430.61,90304,388.86,5198, 63895, 70.76,0.7075544826364281,2024-06-06
NILAINFRA, EQ, 06-Jun-2024,9.55,9.55,10.0,9.55,10.0,10.0,9.94,257650,25.62,467, 241768, 93.84,0.9383582379196584,2024-06-06
NILASPACES, BE, 06-Jun-2024,7.7,7.55,7.55,7.55,7.55,7.55,7.55,110086,8.31,229, -, -,,2024-06-06
NILKAMAL, EQ, 06-Jun-2024,1803.35,1820.0,1872.5,1808.1,1863.0,1860.4,1843.35,7285,134.29,1443, 4098, 56.25,0.5625257378174331,2024-06-06
NINSYS, EQ, 06-Jun-2024,478.65,475.0,500.0,475.0,491.0,490.75,492.26,4912,24.18,530, 3090, 62.91,0.629071661237785,2024-06-06
NIPPOBATRY, EQ, 06-Jun-2024,558.75,567.15,585.0,557.8,567.4,569.7,571.05,22093,126.16,1782, 12684, 57.41,0.5741184990721043,2024-06-06
NIRAJ, EQ, 06-Jun-2024,43.35,44.2,44.95,43.5,44.1,44.25,44.24,35600,15.75,386, 20326, 57.10,0.5709550561797753,2024-06-06
NITCO, BE, 06-Jun-2024,65.05,66.4,68.3,66.0,68.3,68.3,67.65,62232,42.1,200, -, -,,2024-06-06
NITINSPIN, EQ, 06-Jun-2024,314.55,316.15,328.0,316.15,326.0,325.05,323.99,78704,254.99,5059, 43253, 54.96,0.549565460459443,2024-06-06
NITIRAJ, BE, 06-Jun-2024,236.55,241.25,241.25,241.25,241.25,241.25,241.25,17050,41.13,69, -, -,,2024-06-06
NKIND, EQ, 06-Jun-2024,44.75,43.15,46.95,43.15,46.95,46.6,45.98,802,0.37,54, 546, 68.08,0.6807980049875312,2024-06-06
NLCINDIA, EQ, 06-Jun-2024,202.85,210.0,220.5,207.65,216.7,216.45,216.47,6063035,13124.6,65418, 1748345, 28.84,0.2883613569771575,2024-06-06
NMDC, EQ, 06-Jun-2024,244.8,249.7,257.5,247.0,252.95,252.2,252.98,9585788,24249.84,97205, 2888338, 30.13,0.30131461284142735,2024-06-06
NOCIL, EQ, 06-Jun-2024,243.55,245.0,254.0,244.5,253.0,252.75,250.15,445375,1114.11,9432, 240620, 54.03,0.5402638226213865,2024-06-06
NOIDATOLL, EQ, 06-Jun-2024,9.7,10.1,10.15,9.55,10.15,10.15,10.13,201356,20.4,374, 182327, 90.55,0.9054957388903236,2024-06-06
NORBTEAEXP, EQ, 06-Jun-2024,11.5,11.5,12.05,11.45,11.5,11.5,11.61,2022,0.23,35, 1839, 90.95,0.9094955489614244,2024-06-06
NOVAAGRI, EQ, 06-Jun-2024,48.0,48.55,55.2,48.55,54.4,54.15,53.79,3614119,1944.05,14289, 1618946, 44.80,0.4479503856956564,2024-06-06
NPBET, EQ, 06-Jun-2024,251.1,251.17,251.9,248.05,251.02,250.39,250.41,1344,3.37,67, 1130, 84.08,0.8407738095238095,2024-06-06
NRAIL, EQ, 06-Jun-2024,397.9,392.15,449.75,392.0,444.0,440.75,434.42,46853,203.54,4352, 15303, 32.66,0.3266172923825582,2024-06-06
NRBBEARING, EQ, 06-Jun-2024,307.25,311.9,317.7,310.95,312.6,312.4,313.85,156325,490.62,6453, 92181, 58.97,0.5896753558292019,2024-06-06
NRL, EQ, 06-Jun-2024,79.8,79.8,87.75,79.8,87.75,87.75,85.24,296041,252.35,1238, 223241, 75.41,0.7540881161730977,2024-06-06
NSIL, EQ, 06-Jun-2024,3315.75,3315.0,3390.0,3300.0,3315.2,3336.15,3342.21,1950,65.17,787, 992, 50.87,0.5087179487179487,2024-06-06
NSLNISP, EQ, 06-Jun-2024,57.3,58.5,60.1,58.4,59.6,59.55,59.36,9663759,5736.81,26916, 3634915, 37.61,0.37613882962106154,2024-06-06
NTL, BE, 06-Jun-2024,2.7,2.6,2.8,2.6,2.6,2.6,2.64,350966,9.25,231, -, -,,2024-06-06
NTPC, EQ, 06-Jun-2024,341.0,347.8,359.75,345.0,351.1,349.75,352.53,33171039,116938.25,367620, 13986530, 42.16,0.42164883650463886,2024-06-06
NUCLEUS, EQ, 06-Jun-2024,1180.6,1190.05,1215.0,1166.85,1172.05,1174.25,1188.02,62333,740.53,7728, 37508, 60.17,0.6017358381595623,2024-06-06
NURECA, EQ, 06-Jun-2024,254.9,257.35,268.65,257.35,265.0,264.45,263.6,14703,38.76,823, 6405, 43.56,0.4356253825749847,2024-06-06
NUVAMA, EQ, 06-Jun-2024,4664.1,4786.75,4941.55,4777.4,4891.9,4904.05,4869.39,44088,2146.82,11357, 23885, 54.18,0.5417573943023045,2024-06-06
NUVOCO, EQ, 06-Jun-2024,320.1,320.6,348.2,320.25,330.9,331.15,333.71,600108,2002.65,20985, 182119, 30.35,0.3034770407993228,2024-06-06
NV20, EQ, 06-Jun-2024,139.91,139.91,142.95,139.01,141.51,141.71,140.96,133204,187.76,295, 113176, 84.96,0.8496441548301853,2024-06-06
NV20BEES, EQ, 06-Jun-2024,141.43,143.89,143.89,141.44,142.51,142.31,142.31,16836,23.96,229, 11921, 70.81,0.7080660489427417,2024-06-06
NV20IETF, EQ, 06-Jun-2024,13.67,14.1,14.1,13.24,13.91,13.9,13.85,422455,58.49,1835, 243858, 57.72,0.5772401794273946,2024-06-06
NYKAA, EQ, 06-Jun-2024,162.6,165.0,170.0,162.45,169.75,169.5,167.94,3901907,6552.81,44788, 2113620, 54.17,0.541688974134955,2024-06-06
OAL, EQ, 06-Jun-2024,353.9,357.9,368.4,351.2,354.15,356.35,357.9,38976,139.5,5374, 24074, 61.77,0.6176621510673235,2024-06-06
OBCL, EQ, 06-Jun-2024,51.95,53.0,56.3,53.0,54.95,55.0,54.94,60435,33.2,1481, 28371, 46.94,0.46944651278232813,2024-06-06
OBEROIRLTY, EQ, 06-Jun-2024,1844.95,1851.95,1913.25,1845.15,1908.5,1904.25,1897.6,816594,15495.67,55440, 352816, 43.21,0.43205803618444416,2024-06-06
OCCL, EQ, 06-Jun-2024,631.35,635.0,659.9,635.0,646.9,642.3,645.77,16661,107.59,2291, 8249, 49.51,0.49510833683452377,2024-06-06
OFSS, EQ, 06-Jun-2024,7729.05,7749.85,8199.0,7742.45,8182.9,8171.85,8036.61,312109,25082.99,43272, 111264, 35.65,0.3564908413406855,2024-06-06
OIL, EQ, 06-Jun-2024,580.5,591.0,615.8,586.3,608.55,610.4,604.6,4411000,26669.03,124809, 1493352, 33.86,0.33855180231240084,2024-06-06
OILCOUNTUB, BE, 06-Jun-2024,34.65,36.25,36.35,34.65,35.5,35.75,35.74,18880,6.75,152, -, -,,2024-06-06
OLECTRA, EQ, 06-Jun-2024,1637.15,1658.7,1738.5,1658.0,1698.0,1693.95,1704.27,789362,13452.83,44587, 245654, 31.12,0.3112057585746464,2024-06-06
OMAXAUTO, BE, 06-Jun-2024,136.45,136.0,136.0,134.5,136.0,136.0,135.02,17987,24.29,66, -, -,,2024-06-06
OMAXE, EQ, 06-Jun-2024,85.15,86.5,89.85,86.3,87.95,87.4,87.41,170676,149.18,1153, 108535, 63.59,0.635912489160749,2024-06-06
OMINFRAL, EQ, 06-Jun-2024,108.75,113.5,117.7,111.6,114.0,115.9,114.91,199381,229.12,4028, 119445, 59.91,0.5990791499691546,2024-06-06
OMKARCHEM, BZ, 06-Jun-2024,6.55,6.8,6.8,6.3,6.5,6.5,6.59,13186,0.87,40, -, -,,2024-06-06
ONELIFECAP, BE, 06-Jun-2024,16.8,17.6,17.6,17.6,17.6,17.6,17.6,17090,3.01,29, -, -,,2024-06-06
ONEPOINT, EQ, 06-Jun-2024,53.1,54.45,54.6,53.3,53.3,53.95,53.94,336412,181.46,1315, 212865, 63.28,0.6327509125714897,2024-06-06
ONGC, EQ, 06-Jun-2024,247.5,254.0,259.5,249.25,253.5,252.3,254.21,30881233,78503.96,312385, 11830815, 38.31,0.3831069504251984,2024-06-06
ONMOBILE, EQ, 06-Jun-2024,65.35,65.95,69.35,65.8,68.15,67.8,67.87,555096,376.75,3769, 230847, 41.59,0.41586860651130614,2024-06-06
ONWARDTEC, EQ, 06-Jun-2024,372.6,372.6,384.5,367.05,383.0,379.95,377.9,61468,232.29,3293, 37488, 60.99,0.6098783106657122,2024-06-06
OPTIEMUS, EQ, 06-Jun-2024,238.2,239.8,252.7,238.2,250.75,249.7,247.42,167638,414.78,7363, 78890, 47.06,0.4705973585941135,2024-06-06
ORBTEXP, EQ, 06-Jun-2024,170.05,173.45,175.0,168.35,174.95,174.45,172.35,25911,44.66,1270, 20010, 77.23,0.7722588861873335,2024-06-06
ORCHPHARMA, EQ, 06-Jun-2024,998.9,1010.0,1090.75,985.0,1056.0,1064.55,1050.46,91798,964.31,11663, 38918, 42.40,0.423952591559729,2024-06-06
ORICONENT, EQ, 06-Jun-2024,33.75,34.75,35.9,34.2,35.9,35.7,35.33,160558,56.73,1143, 94774, 59.03,0.5902789023281306,2024-06-06
ORIENTALTL, EQ, 06-Jun-2024,10.15,10.2,10.55,9.95,10.0,10.0,10.24,186422,19.09,644, 89179, 47.84,0.47837165141453264,2024-06-06
ORIENTBELL, EQ, 06-Jun-2024,338.65,338.85,360.75,338.85,360.3,359.6,354.5,16999,60.26,1606, 8705, 51.21,0.5120889464086122,2024-06-06
ORIENTCEM, EQ, 06-Jun-2024,202.0,205.05,212.5,204.0,209.5,207.65,208.84,278931,582.51,8376, 123545, 44.29,0.44292316020808015,2024-06-06
ORIENTCER, EQ, 06-Jun-2024,44.1,45.8,46.25,45.0,45.9,45.75,45.59,129385,58.99,825, 57046, 44.09,0.4409011863817289,2024-06-06
ORIENTELEC, EQ, 06-Jun-2024,232.3,234.25,238.1,231.55,235.4,233.05,234.47,511267,1198.79,15820, 240030, 46.95,0.4694807214234441,2024-06-06
ORIENTHOT, EQ, 06-Jun-2024,131.3,133.85,136.9,132.35,136.05,136.2,134.81,354384,477.75,5705, 170691, 48.17,0.4816554923472843,2024-06-06
ORIENTLTD, EQ, 06-Jun-2024,87.05,86.0,89.95,85.45,86.4,86.35,87.75,6749,5.92,143, 3328, 49.31,0.4931100903837606,2024-06-06
ORIENTPPR, EQ, 06-Jun-2024,44.8,45.05,46.75,44.9,46.75,46.3,45.95,1752264,805.22,5379, 804454, 45.91,0.459094063451626,2024-06-06
ORISSAMINE, EQ, 06-Jun-2024,5800.6,5850.0,6648.0,5817.6,6257.0,6266.85,6316.62,89925,5680.22,20156, 29705, 33.03,0.33033083124826246,2024-06-06
ORTEL, BZ, 06-Jun-2024,1.45,1.5,1.5,1.45,1.5,1.5,1.49,21578,0.32,48, -, -,,2024-06-06
ORTINLAB, EQ, 06-Jun-2024,17.3,17.65,17.95,17.25,17.95,17.85,17.53,14849,2.6,110, 11758, 79.18,0.791837834197589,2024-06-06
OSIAHYPER, BE, 06-Jun-2024,23.1,23.2,24.25,23.15,24.25,24.25,24.08,461406,111.11,1437, -, -,,2024-06-06
OSWALAGRO, EQ, 06-Jun-2024,44.95,44.5,46.25,44.5,45.5,45.45,45.79,72013,32.97,489, 53294, 74.01,0.7400608223515198,2024-06-06
OSWALGREEN, EQ, 06-Jun-2024,33.2,34.05,35.0,33.1,33.6,33.45,34.18,510218,174.39,3937, 265022, 51.94,0.5194289499782446,2024-06-06
OSWALSEEDS, BE, 06-Jun-2024,23.95,23.95,25.1,23.5,25.05,24.95,24.44,37349,9.13,289, -, -,,2024-06-06
PAGEIND, EQ, 06-Jun-2024,38548.9,38548.9,38911.2,37500.0,38859.3,38793.4,38266.88,26535,10154.12,11341, 9113, 34.34,0.34343320143207084,2024-06-06
PAISALO, EQ, 06-Jun-2024,62.7,64.4,65.8,64.0,65.8,65.8,65.43,1555590,1017.75,6178, 1075076, 69.11,0.6911049826753836,2024-06-06
PAKKA, EQ, 06-Jun-2024,231.4,232.0,241.85,232.0,235.0,235.35,237.58,102199,242.81,5235, 49978, 48.90,0.48902631141204905,2024-06-06
PALASHSECU, EQ, 06-Jun-2024,130.8,137.9,137.95,131.55,137.9,135.75,136.31,19439,26.5,463, 11011, 56.64,0.5664386028087864,2024-06-06
PALREDTEC, BE, 06-Jun-2024,100.1,101.0,105.1,101.0,105.1,105.1,104.84,9908,10.39,285, -, -,,2024-06-06
PANACEABIO, EQ, 06-Jun-2024,124.45,125.45,129.0,125.05,128.0,127.75,127.55,118279,150.86,2029, 53963, 45.62,0.4562348345860212,2024-06-06
PANACHE, EQ, 06-Jun-2024,77.85,78.1,84.55,78.1,82.5,83.25,82.07,17344,14.23,194, 13210, 76.16,0.7616466789667896,2024-06-06
PANAMAPET, EQ, 06-Jun-2024,345.2,348.2,374.4,348.2,366.5,365.8,365.2,356022,1300.18,14368, 214738, 60.32,0.6031593553207386,2024-06-06
PANSARI, EQ, 06-Jun-2024,86.9,89.45,91.2,86.9,86.9,87.15,88.71,3614,3.21,94, 1346, 37.24,0.3724405091311566,2024-06-06
PAR, EQ, 06-Jun-2024,224.8,230.9,230.9,220.45,229.9,228.0,225.39,13853,31.22,789, 7362, 53.14,0.5314372338121707,2024-06-06
PARACABLES, BE, 06-Jun-2024,69.8,70.5,73.25,70.25,73.25,73.25,72.58,281533,204.33,1374, -, -,,2024-06-06
PARADEEP, EQ, 06-Jun-2024,67.4,67.5,69.7,67.2,67.5,67.5,68.33,2345761,1602.83,8641, 1133806, 48.33,0.4833425059074646,2024-06-06
PARAGMILK, EQ, 06-Jun-2024,176.95,177.0,181.85,176.2,179.25,179.25,179.29,909739,1631.03,15690, 418446, 46.00,0.459962692596448,2024-06-06
PARAS, EQ, 06-Jun-2024,829.85,846.45,920.0,846.45,901.0,902.85,899.83,1518574,13664.56,60531, 275552, 18.15,0.18145444344496878,2024-06-06
PARASPETRO, BE, 06-Jun-2024,3.6,3.7,3.75,3.6,3.75,3.7,3.73,728332,27.17,1672, -, -,,2024-06-06
PARKHOTELS, EQ, 06-Jun-2024,162.9,163.55,168.65,163.55,165.35,165.45,166.22,232439,386.36,4947, 119125, 51.25,0.5125000537775503,2024-06-06
PARSVNATH, EQ, 06-Jun-2024,11.85,11.9,12.4,11.8,12.4,12.4,12.23,284923,34.84,325, 211514, 74.24,0.7423549520396738,2024-06-06
PASUPTAC, EQ, 06-Jun-2024,35.8,35.75,37.2,35.75,36.6,36.4,36.61,57741,21.14,520, 38287, 66.31,0.6630816923849604,2024-06-06
PATANJALI, EQ, 06-Jun-2024,1343.45,1350.0,1375.6,1330.0,1365.0,1364.5,1353.57,1250310,16923.82,38127, 406769, 32.53,0.3253345170397741,2024-06-06
PATELENG, EQ, 06-Jun-2024,56.9,57.15,59.8,57.15,59.25,59.35,58.98,6447199,3802.45,17116, 3059251, 47.45,0.47450854239182005,2024-06-06
PATINTLOG, EQ, 06-Jun-2024,19.6,20.0,20.7,19.9,20.45,20.4,20.34,232755,47.34,1261, 136553, 58.67,0.5866812743013039,2024-06-06
PAVNAIND, EQ, 06-Jun-2024,528.3,540.0,554.7,527.05,554.4,546.75,551.47,67777,373.77,1661, 55593, 82.02,0.8202340026852767,2024-06-06
PAYTM, EQ, 06-Jun-2024,339.85,345.0,350.0,341.0,347.0,346.65,345.64,3037856,10499.97,71720, 1644403, 54.13,0.5413038011018297,2024-06-06
PCBL, EQ, 06-Jun-2024,223.7,229.6,236.45,227.05,232.4,231.2,231.39,2300057,5322.02,40779, 1096764, 47.68,0.4768420956524121,2024-06-06
PCJEWELLER, EQ, 06-Jun-2024,47.45,48.25,49.8,47.85,49.8,49.8,49.31,1570531,774.46,4773, 1073415, 68.35,0.6834726598838228,2024-06-06
PDMJEPAPER, EQ, 06-Jun-2024,89.45,90.15,96.5,90.0,93.55,93.65,93.12,1029048,958.24,7443, 401311, 39.00,0.38998278020072924,2024-06-06
PDSL, EQ, 06-Jun-2024,420.2,420.2,429.4,416.1,422.7,422.15,422.67,41823,176.77,4524, 22295, 53.31,0.5330798842742032,2024-06-06
PEARLPOLY, BE, 06-Jun-2024,31.65,31.6,33.2,31.6,33.2,33.2,33.03,49310,16.29,132, -, -,,2024-06-06
PEL, EQ, 06-Jun-2024,786.65,788.9,811.0,787.8,807.0,804.25,804.08,880505,7079.96,36608, 382569, 43.45,0.4344881630427993,2024-06-06
PENIND, EQ, 06-Jun-2024,138.95,141.05,144.8,139.85,144.8,143.75,142.73,789912,1127.41,9170, 352847, 44.67,0.4466915301957686,2024-06-06
PENINLAND, EQ, 06-Jun-2024,55.25,55.85,59.9,55.85,59.75,59.1,58.02,963159,558.86,5498, 371145, 38.53,0.385341361083684,2024-06-06
PERSISTENT, EQ, 06-Jun-2024,3566.95,3625.0,3714.8,3612.0,3693.0,3694.35,3669.45,314456,11538.8,38027, 116544, 37.06,0.3706210089805887,2024-06-06
PETRONET, EQ, 06-Jun-2024,287.75,295.0,307.0,291.5,302.4,302.4,301.44,5621039,16943.86,46128, 1980426, 35.23,0.35232383194637146,2024-06-06
PFC, EQ, 06-Jun-2024,447.15,455.0,490.85,454.0,472.9,472.3,477.52,48961426,233800.27,436885, 14606262, 29.83,0.2983218258389778,2024-06-06
PFIZER, EQ, 06-Jun-2024,4864.3,4890.0,4959.05,4859.5,4880.0,4897.6,4906.69,23257,1141.15,4647, 13373, 57.50,0.5750096745066001,2024-06-06
PFOCUS, EQ, 06-Jun-2024,91.45,91.7,98.05,91.45,94.5,94.2,95.14,88328,84.04,1905, 44254, 50.10,0.5010189294447966,2024-06-06
PFS, EQ, 06-Jun-2024,37.15,37.6,39.9,37.6,39.3,39.4,39.15,1555528,608.93,5737, 836482, 53.77,0.5377479543923349,2024-06-06
PGEL, EQ, 06-Jun-2024,2581.8,2594.5,2642.9,2530.1,2564.0,2547.15,2580.0,116214,2998.32,11777, 72138, 62.07,0.6207341628375239,2024-06-06
PGHH, EQ, 06-Jun-2024,16500.85,16659.95,16723.6,16380.35,16559.65,16574.2,16576.07,6375,1056.72,2016, 4882, 76.58,0.7658039215686274,2024-06-06
PGHL, EQ, 06-Jun-2024,4979.65,5079.95,5079.95,4905.0,4950.0,4935.55,4944.09,6572,324.93,2315, 3260, 49.60,0.4960438222763238,2024-06-06
PGIL, EQ, 06-Jun-2024,642.05,654.9,656.95,635.1,647.8,646.35,647.28,19582,126.75,2010, 11987, 61.21,0.612143805535696,2024-06-06
PHARMABEES, EQ, 06-Jun-2024,19.61,19.8,19.8,19.35,19.6,19.56,19.51,3805856,742.44,10388, 2709324, 71.19,0.7118829509051314,2024-06-06
PHOENIXLTD, EQ, 06-Jun-2024,3219.75,3249.0,3371.75,3162.35,3199.0,3207.7,3249.14,362432,11775.91,63993, 155388, 42.87,0.42873697686738477,2024-06-06
PIDILITIND, EQ, 06-Jun-2024,3166.2,3141.0,3164.55,3084.0,3092.0,3089.2,3112.01,398647,12405.94,42643, 244988, 61.45,0.6145487110150083,2024-06-06
PIGL, BE, 06-Jun-2024,70.4,72.95,72.95,68.6,70.9,69.6,69.87,22108,15.45,156, -, -,,2024-06-06
PIIND, EQ, 06-Jun-2024,3666.1,3694.0,3694.0,3632.55,3645.0,3651.6,3652.2,377890,13801.3,33860, 231154, 61.17,0.6116965254439123,2024-06-06
PILANIINVS, EQ, 06-Jun-2024,3570.15,3580.0,3727.8,3580.0,3701.0,3716.2,3676.91,3599,132.33,1054, 1626, 45.18,0.45179216449013615,2024-06-06
PILITA, EQ, 06-Jun-2024,11.85,12.05,12.45,11.8,11.9,11.95,12.11,198621,24.05,1137, 95754, 48.21,0.4820940383947317,2024-06-06
PIONEEREMB, EQ, 06-Jun-2024,43.4,44.25,45.3,43.5,44.6,44.45,44.58,24419,10.89,222, 19372, 79.33,0.7933166796347106,2024-06-06
PITTIENG, EQ, 06-Jun-2024,863.2,889.95,925.9,870.05,912.0,910.5,903.75,83524,754.85,8909, 35577, 42.59,0.4259494277094009,2024-06-06
PIXTRANS, EQ, 06-Jun-2024,1279.0,1299.95,1314.2,1284.0,1300.05,1300.8,1299.74,15349,199.5,2306, 11151, 72.65,0.7264968401850284,2024-06-06
PKTEA, EQ, 06-Jun-2024,296.25,299.5,310.0,294.05,302.0,305.55,299.83,467,1.4,84, 257, 55.03,0.550321199143469,2024-06-06
PLASTIBLEN, EQ, 06-Jun-2024,252.3,255.65,258.7,248.6,252.75,250.2,253.36,16817,42.61,908, 11356, 67.53,0.6752690729618838,2024-06-06
PLATIND, EQ, 06-Jun-2024,185.05,186.75,195.1,186.4,192.9,191.75,191.49,188492,360.95,7198, 62506, 33.16,0.33161089064787896,2024-06-06
PLAZACABLE, EQ, 06-Jun-2024,82.9,83.0,87.9,82.95,85.25,84.9,85.59,80590,68.98,1420, 48755, 60.50,0.6049758034495595,2024-06-06
PNB, EQ, 06-Jun-2024,121.85,123.2,126.5,122.0,123.9,123.9,124.37,59619303,74147.29,164111, 22073693, 37.02,0.3702440634034249,2024-06-06
PNBGILTS, EQ, 06-Jun-2024,95.25,96.45,109.8,96.35,106.4,106.75,106.01,4719564,5003.08,26899, 1333746, 28.26,0.2825994096064806,2024-06-06
PNBHOUSING, EQ, 06-Jun-2024,713.1,716.0,745.0,716.0,738.0,739.4,737.1,1042484,7684.14,42631, 628901, 60.33,0.6032716089647419,2024-06-06
PNC, EQ, 06-Jun-2024,60.15,60.5,62.15,60.1,61.25,61.25,61.09,39373,24.05,461, 20184, 51.26,0.5126355624412668,2024-06-06
PNCINFRA, EQ, 06-Jun-2024,470.4,480.0,552.15,478.0,531.4,528.95,526.67,5105178,26887.39,130378, 617108, 12.09,0.12087884105118372,2024-06-06
POCL, EQ, 06-Jun-2024,648.8,670.0,673.95,655.55,665.0,668.0,665.38,15886,105.7,886, 9455, 59.52,0.5951781442779807,2024-06-06
PODDARHOUS, BZ, 06-Jun-2024,95.85,95.85,98.75,92.4,98.0,92.55,94.95,4281,4.07,23, -, -,,2024-06-06
PODDARMENT, EQ, 06-Jun-2024,377.2,377.1,395.0,377.1,389.5,390.9,386.34,14050,54.28,826, 9718, 69.17,0.6916725978647686,2024-06-06
POKARNA, EQ, 06-Jun-2024,559.05,559.05,624.95,557.25,619.8,613.85,605.5,520949,3154.34,30490, 174710, 33.54,0.3353687213143705,2024-06-06
POLICYBZR, EQ, 06-Jun-2024,1293.35,1293.35,1360.5,1259.7,1288.0,1289.35,1269.25,4490960,57001.37,71652, 4151151, 92.43,0.924334886082263,2024-06-06
POLYCAB, EQ, 06-Jun-2024,6788.45,6900.0,6980.0,6808.2,6855.0,6858.75,6892.02,237858,16393.23,36465, 71535, 30.07,0.30074666397598565,2024-06-06
POLYMED, EQ, 06-Jun-2024,1775.9,1790.5,1855.7,1790.5,1815.3,1823.0,1831.82,48363,885.92,10113, 22557, 46.64,0.46641027231561316,2024-06-06
POLYPLEX, EQ, 06-Jun-2024,789.75,795.4,800.2,768.05,776.5,771.9,776.95,312527,2428.19,19067, 198537, 63.53,0.6352635132324567,2024-06-06
PONNIERODE, EQ, 06-Jun-2024,418.25,418.7,428.0,416.8,419.0,418.6,422.7,22078,93.32,1581, 11913, 53.96,0.5395869191049913,2024-06-06
POONAWALLA, EQ, 06-Jun-2024,435.1,438.0,455.7,438.0,453.0,451.75,449.53,1268179,5700.85,38720, 421994, 33.28,0.33275586490550624,2024-06-06
POWERGRID, EQ, 06-Jun-2024,298.8,303.4,311.45,298.1,302.0,300.45,303.86,36508044,110932.78,381929, 18045213, 49.43,0.4942804659707324,2024-06-06
POWERINDIA, EQ, 06-Jun-2024,10238.85,10467.1,10493.25,10250.0,10393.65,10447.65,10399.51,47306,4919.59,14880, 22274, 47.08,0.47084936371707603,2024-06-06
POWERMECH, EQ, 06-Jun-2024,4806.9,4856.8,4968.7,4829.65,4898.95,4862.95,4906.89,23389,1147.67,6783, 11730, 50.15,0.5015178075163539,2024-06-06
PPAP, EQ, 06-Jun-2024,190.45,193.75,195.95,190.15,193.8,193.65,193.84,7013,13.59,490, 3651, 52.06,0.5206045914729788,2024-06-06
PPL, EQ, 06-Jun-2024,418.0,422.9,424.4,413.75,417.5,416.6,419.33,137086,574.84,3648, 73118, 53.34,0.5333732109770509,2024-06-06
PPLPHARMA, EQ, 06-Jun-2024,145.9,145.9,148.65,145.75,148.2,148.1,147.24,2761991,4066.67,18512, 1404933, 50.87,0.5086667552501076,2024-06-06
PRAENG, BE, 06-Jun-2024,26.2,25.9,27.5,25.75,27.45,27.3,26.46,129325,34.22,207, -, -,,2024-06-06
PRAJIND, EQ, 06-Jun-2024,517.45,530.0,546.9,526.85,533.6,535.3,535.72,965503,5172.37,32994, 442394, 45.82,0.45820054417231226,2024-06-06
PRAKASH, EQ, 06-Jun-2024,156.05,157.5,165.35,157.5,164.0,163.7,162.34,482644,783.52,16604, 242199, 50.18,0.5018170742824939,2024-06-06
PRAKASHSTL, BE, 06-Jun-2024,8.3,8.15,8.15,8.15,8.15,8.15,8.15,264723,21.57,732, -, -,,2024-06-06
PRAXIS, BE, 06-Jun-2024,15.25,15.95,15.95,15.0,15.65,15.6,15.52,49721,7.72,83, -, -,,2024-06-06
PRECAM, EQ, 06-Jun-2024,179.4,187.7,188.6,183.4,186.9,186.5,185.94,113595,211.22,5169, 50462, 44.42,0.44422729873674016,2024-06-06
PRECOT, EQ, 06-Jun-2024,400.0,392.0,409.75,387.95,400.0,393.9,400.89,9531,38.21,410, 7218, 75.73,0.7573182247403211,2024-06-06
PRECWIRE, EQ, 06-Jun-2024,118.75,119.7,127.0,119.45,125.3,124.3,123.49,381779,471.46,5447, 219616, 57.52,0.5752437928749355,2024-06-06
PREMEXPLN, EQ, 06-Jun-2024,2186.0,2270.0,2365.0,2236.5,2320.0,2305.7,2288.17,119522,2734.87,8612, 65030, 54.41,0.5440839343384481,2024-06-06
PREMIER, BE, 06-Jun-2024,3.45,3.6,3.6,3.3,3.6,3.35,3.46,2074,0.07,27, -, -,,2024-06-06
PREMIERPOL, EQ, 06-Jun-2024,188.3,195.95,198.0,193.15,198.0,197.6,195.96,41616,81.55,1600, 28856, 69.34,0.6933871587850826,2024-06-06
PRESTIGE, EQ, 06-Jun-2024,1643.1,1698.55,1798.8,1685.0,1785.25,1759.35,1727.85,1288450,22262.5,93010, 564109, 43.78,0.4378198610733827,2024-06-06
PRICOLLTD, EQ, 06-Jun-2024,423.1,425.7,441.8,424.0,426.5,424.95,429.82,482616,2074.39,20597, 289848, 60.06,0.6005768561340693,2024-06-06
PRIMESECU, EQ, 06-Jun-2024,189.6,190.05,199.0,190.05,191.25,193.05,194.08,60113,116.67,1642, 48346, 80.43,0.8042519920815797,2024-06-06
PRINCEPIPE, EQ, 06-Jun-2024,598.1,610.0,616.0,605.05,615.0,613.9,612.37,57065,349.45,6300, 28952, 50.74,0.5073512661000613,2024-06-06
PRITI, EQ, 06-Jun-2024,138.3,138.35,143.0,136.0,137.4,136.45,138.82,35939,49.89,1422, 24152, 67.20,0.6720276023261638,2024-06-06
PRITIKAUTO, EQ, 06-Jun-2024,24.85,25.0,26.05,25.0,26.05,26.05,25.74,210224,54.11,921, 160067, 76.14,0.7614116371108912,2024-06-06
PRIVISCL, EQ, 06-Jun-2024,1166.75,1165.0,1210.0,1165.0,1185.75,1203.05,1193.52,24670,294.44,4287, 17286, 70.07,0.7006890960680989,2024-06-06
PROZONER, EQ, 06-Jun-2024,29.25,29.9,30.5,29.4,29.9,29.65,29.86,416724,124.44,1625, 202673, 48.63,0.48634827847688156,2024-06-06
PRSMJOHNSN, EQ, 06-Jun-2024,154.65,155.05,159.65,154.65,157.5,158.2,157.72,254793,401.85,6834, 122493, 48.08,0.4807549657957636,2024-06-06
PRUDENT, EQ, 06-Jun-2024,1541.45,1548.0,1654.75,1548.0,1639.15,1644.3,1617.52,22339,361.34,5454, 10588, 47.40,0.47396929137383054,2024-06-06
PRUDMOULI, BE, 06-Jun-2024,22.5,22.6,23.5,22.55,23.0,23.0,23.4,3146,0.74,23, -, -,,2024-06-06
PSB, EQ, 06-Jun-2024,57.05,58.0,61.0,58.0,59.3,59.25,59.58,3124579,1861.48,11902, 1024429, 32.79,0.3278614494944759,2024-06-06
PSPPROJECT, EQ, 06-Jun-2024,622.1,616.85,657.3,616.85,643.0,641.3,642.83,158449,1018.57,12462, 90711, 57.25,0.5724933574841116,2024-06-06
PSUBANK, EQ, 06-Jun-2024,694.82,708.1,728.8,694.9,710.0,714.52,721.77,105937,764.62,4647, 74971, 70.77,0.7076941956068229,2024-06-06
PSUBANKADD, EQ, 06-Jun-2024,70.52,71.36,73.29,71.36,73.0,72.21,72.44,25675,18.6,251, 12857, 50.08,0.5007594936708861,2024-06-06
PSUBNKBEES, EQ, 06-Jun-2024,77.95,79.85,81.61,78.06,80.05,79.99,80.54,8054685,6487.08,18490, 4001048, 49.67,0.49673550238153324,2024-06-06
PSUBNKIETF, EQ, 06-Jun-2024,70.82,72.16,73.96,70.94,72.97,72.46,72.95,407755,297.45,3930, 225077, 55.20,0.5519907787764712,2024-06-06
PTC, EQ, 06-Jun-2024,189.05,193.05,206.4,193.05,201.9,201.8,202.2,2589085,5235.16,34608, 960465, 37.10,0.37096696323218437,2024-06-06
PTCIL, EQ, 06-Jun-2024,9871.2,10200.0,11300.0,10050.25,10690.1,10787.9,10824.34,125318,13564.85,40291, 44668, 35.64,0.3564372237028998,2024-06-06
PTL, EQ, 06-Jun-2024,39.95,40.25,41.95,40.2,41.1,40.95,41.1,247500,101.72,1199, 170287, 68.80,0.6880282828282829,2024-06-06
PUNJABCHEM, EQ, 06-Jun-2024,1087.45,1086.4,1125.0,1078.05,1107.0,1102.2,1107.99,10569,117.1,2069, 5149, 48.72,0.48717948717948717,2024-06-06
PURVA, BE, 06-Jun-2024,388.35,389.95,407.0,389.0,398.0,392.85,396.58,92920,368.5,1204, -, -,,2024-06-06
PVP, EQ, 06-Jun-2024,22.3,23.0,23.4,22.85,23.4,23.4,23.24,121006,28.12,228, 87645, 72.43,0.7243029271275805,2024-06-06
PVRINOX, EQ, 06-Jun-2024,1320.8,1330.55,1340.0,1320.65,1338.5,1337.5,1333.43,283780,3784.0,16167, 123507, 43.52,0.4352209458030869,2024-06-06
PVSL, EQ, 06-Jun-2024,215.4,215.5,219.6,213.75,216.95,216.1,215.67,68105,146.88,5078, 37678, 55.32,0.5532339769473607,2024-06-06
PVTBANIETF, EQ, 06-Jun-2024,24.43,25.15,25.15,23.55,24.0,24.39,24.42,2773094,677.15,2145, 2334582, 84.19,0.8418690459104524,2024-06-06
PVTBANKADD, EQ, 06-Jun-2024,24.48,24.95,26.1,24.4,26.0,25.45,25.44,4994572,1270.41,503, 4945572, 99.02,0.9901893495578801,2024-06-06
PYRAMID, EQ, 06-Jun-2024,140.4,141.5,145.15,140.15,144.1,144.65,144.08,40115,57.8,1687, 23669, 59.00,0.5900286675807055,2024-06-06
QGOLDHALF, EQ, 06-Jun-2024,60.5,60.65,61.45,60.65,61.26,61.25,61.26,42815,26.23,325, 38039, 88.85,0.8884503094709798,2024-06-06
QNIFTY, EQ, 06-Jun-2024,2443.64,2444.01,2470.31,2433.19,2465.0,2462.89,2455.25,2406,59.07,82, 1940, 80.63,0.8063175394846218,2024-06-06
QUAL30IETF, EQ, 06-Jun-2024,20.03,20.35,20.35,19.96,19.96,20.2,20.19,342670,69.2,278, 320348, 93.49,0.9348586103248023,2024-06-06
QUESS, EQ, 06-Jun-2024,548.5,549.7,589.0,549.7,584.0,584.65,576.21,194032,1118.03,12406, 93282, 48.08,0.48075575162859735,2024-06-06
QUICKHEAL, EQ, 06-Jun-2024,436.4,439.8,450.8,432.35,450.0,446.3,441.44,54311,239.75,6147, 25925, 47.73,0.4773434479203108,2024-06-06
RACE, EQ, 06-Jun-2024,346.75,350.0,384.0,334.85,381.05,376.9,371.17,68181,253.07,3397, 36328, 53.28,0.5328170604713923,2024-06-06
RADAAN, BE, 06-Jun-2024,2.2,2.2,2.2,2.2,2.2,2.2,2.2,13280,0.29,20, -, -,,2024-06-06
RADHIKAJWE, EQ, 06-Jun-2024,57.4,57.2,61.65,57.2,61.2,60.8,60.29,327024,197.17,3195, 136182, 41.64,0.416428152062234,2024-06-06
RADIANTCMS, EQ, 06-Jun-2024,76.95,76.5,78.5,76.5,77.9,77.55,77.58,91061,70.65,1413, 65006, 71.39,0.7138731180197889,2024-06-06
RADICO, EQ, 06-Jun-2024,1710.1,1727.0,1727.0,1687.85,1695.0,1695.3,1700.84,360580,6132.88,29534, 191909, 53.22,0.5322230850296744,2024-06-06
RADIOCITY, EQ, 06-Jun-2024,15.9,16.0,16.2,15.65,16.15,16.0,15.93,541882,86.34,1687, 286542, 52.88,0.5287904008621803,2024-06-06
RAILTEL, EQ, 06-Jun-2024,355.75,362.9,390.9,362.9,377.8,377.95,377.76,5422996,20486.1,83281, 1518433, 28.00,0.2799989157285014,2024-06-06
RAIN, EQ, 06-Jun-2024,159.2,160.2,161.65,156.25,157.5,157.05,157.63,3307361,5213.46,23476, 1778880, 53.79,0.5378548032706438,2024-06-06
RAINBOW, EQ, 06-Jun-2024,1282.15,1284.4,1324.4,1264.05,1305.0,1309.3,1293.32,306010,3957.69,36096, 157440, 51.45,0.5144929904251495,2024-06-06
RAJESHEXPO, EQ, 06-Jun-2024,277.7,280.0,285.0,270.0,271.5,270.4,273.22,1772142,4841.91,36916, 984732, 55.57,0.5556733038323114,2024-06-06
RAJMET, BE, 06-Jun-2024,10.2,10.2,10.7,10.2,10.7,10.7,10.63,724826,77.02,2751, -, -,,2024-06-06
RAJRATAN, EQ, 06-Jun-2024,527.45,527.45,543.0,527.45,536.0,535.2,537.1,37241,200.02,4950, 19463, 52.26,0.52262291560377,2024-06-06
RAJRILTD, BE, 06-Jun-2024,20.1,19.75,20.25,19.7,20.2,20.1,19.93,39231,7.82,316, -, -,,2024-06-06
RAJSREESUG, EQ, 06-Jun-2024,57.55,58.75,60.55,58.05,58.55,58.95,59.59,88468,52.72,919, 48763, 55.12,0.5511936519419451,2024-06-06
RAJTV, BE, 06-Jun-2024,119.15,118.0,121.5,118.0,121.5,121.5,121.02,8832,10.69,61, -, -,,2024-06-06
RALLIS, EQ, 06-Jun-2024,265.65,267.35,273.0,265.55,266.05,266.3,268.71,407360,1094.61,12520, 169261, 41.55,0.41550716810683425,2024-06-06
RAMANEWS, EQ, 06-Jun-2024,18.3,18.45,19.85,18.35,19.3,19.55,18.96,83179,15.77,436, 57536, 69.17,0.6917130525733659,2024-06-06
RAMAPHO, EQ, 06-Jun-2024,159.45,167.0,169.9,156.1,160.2,159.4,160.96,8486,13.66,675, 3389, 39.94,0.3993636577893,2024-06-06
RAMASTEEL, EQ, 06-Jun-2024,11.05,11.2,11.8,11.15,11.75,11.65,11.55,6988748,807.25,9358, 2998741, 42.91,0.4290812889518981,2024-06-06
RAMCOCEM, EQ, 06-Jun-2024,761.55,764.0,800.5,760.0,787.0,786.7,787.08,2293421,18051.16,60669, 989407, 43.14,0.43141097949308044,2024-06-06
RAMCOIND, EQ, 06-Jun-2024,222.55,221.2,255.65,221.15,243.85,241.95,243.15,667692,1623.51,19747, 279198, 41.82,0.41815387933358494,2024-06-06
RAMCOSYS, BE, 06-Jun-2024,295.75,298.45,310.5,298.45,310.5,310.5,308.35,29431,90.75,329, -, -,,2024-06-06
RAMKY, EQ, 06-Jun-2024,475.0,479.9,521.0,471.55,508.75,509.65,498.98,188427,940.21,5806, 101179, 53.70,0.5369665706082462,2024-06-06
RAMRAT, EQ, 06-Jun-2024,348.15,363.0,367.9,344.95,360.0,352.6,354.76,62061,220.16,6125, 28902, 46.57,0.46570309856431574,2024-06-06
RANASUG, EQ, 06-Jun-2024,20.75,20.85,21.55,20.85,21.35,21.3,21.34,537379,114.68,1604, 245464, 45.68,0.4567800379248166,2024-06-06
RANEENGINE, EQ, 06-Jun-2024,349.35,355.45,366.8,353.1,360.0,360.1,361.91,4712,17.05,369, 3093, 65.64,0.6564091680814941,2024-06-06
RANEHOLDIN, EQ, 06-Jun-2024,1136.15,1150.0,1177.05,1142.6,1165.4,1161.2,1162.73,6796,79.02,1370, 3968, 58.39,0.5838728663919953,2024-06-06
RATEGAIN, EQ, 06-Jun-2024,694.35,705.0,719.9,699.05,716.5,715.25,710.05,293081,2081.02,24441, 176701, 60.29,0.602908410985359,2024-06-06
RATNAMANI, EQ, 06-Jun-2024,3404.1,3404.1,3425.95,3360.05,3400.0,3408.2,3402.05,143244,4873.23,11697, 126862, 88.56,0.8856356985283851,2024-06-06
RATNAVEER, EQ, 06-Jun-2024,119.2,119.2,124.5,119.2,123.0,122.75,122.67,592391,726.71,5770, 363047, 61.29,0.612850296510244,2024-06-06
RAYMOND, EQ, 06-Jun-2024,2161.8,2218.6,2320.0,2205.05,2297.0,2295.6,2291.38,284021,6507.99,29933, 103712, 36.52,0.3651560976125005,2024-06-06
RBA, EQ, 06-Jun-2024,101.8,102.1,110.0,101.35,107.05,107.25,106.86,5235496,5594.86,19251, 3519160, 67.22,0.6721731809173381,2024-06-06
RBL, EQ, 06-Jun-2024,840.75,842.85,875.95,842.85,864.95,864.2,865.78,20600,178.35,3869, 7390, 35.87,0.3587378640776699,2024-06-06
RBLBANK, EQ, 06-Jun-2024,244.2,245.75,250.3,242.5,243.0,243.7,246.6,9629295,23746.05,57843, 4830179, 50.16,0.5016129425882164,2024-06-06
RBZJEWEL, BE, 06-Jun-2024,123.1,122.4,129.2,122.0,129.2,129.1,126.06,95606,120.52,2200, -, -,,2024-06-06
RCF, EQ, 06-Jun-2024,145.6,147.9,153.5,147.1,150.55,150.35,151.03,3863271,5834.7,33437, 1353097, 35.02,0.35024646213014826,2024-06-06
RCOM, BE, 06-Jun-2024,1.6,1.6,1.6,1.55,1.6,1.55,1.58,2896913,45.69,2487, -, -,,2024-06-06
RECLTD, EQ, 06-Jun-2024,459.5,469.0,514.3,466.2,490.0,490.1,493.56,54149649,267260.57,450448, 12687470, 23.43,0.23430382715869497,2024-06-06
REDINGTON, EQ, 06-Jun-2024,209.0,209.0,209.85,203.3,205.45,205.25,206.02,1332433,2745.09,42820, 530079, 39.78,0.3978278832781836,2024-06-06
REDTAPE, EQ, 06-Jun-2024,774.4,792.95,804.85,769.7,772.1,775.45,787.42,121045,953.14,10993, 39095, 32.30,0.32297905737535626,2024-06-06
REFEX, EQ, 06-Jun-2024,133.0,136.25,139.65,135.1,139.65,139.65,138.95,309881,430.56,1927, 188755, 60.91,0.6091209206114605,2024-06-06
REGENCERAM, BE, 06-Jun-2024,36.5,37.0,37.0,36.5,36.5,36.5,36.98,6381,2.36,16, -, -,,2024-06-06
RELAXO, EQ, 06-Jun-2024,806.95,815.7,819.0,806.0,817.95,814.95,813.61,73004,593.97,13235, 36625, 50.17,0.5016848391868939,2024-06-06
RELCHEMQ, EQ, 06-Jun-2024,202.5,206.6,214.95,202.7,206.15,208.6,209.3,18299,38.3,1538, 6981, 38.15,0.38149625662604514,2024-06-06
RELIANCE, EQ, 06-Jun-2024,2841.5,2870.0,2887.4,2842.7,2872.0,2863.2,2860.47,8927861,255378.86,361277, 3382329, 37.89,0.37885099241576453,2024-06-06
RELIGARE, EQ, 06-Jun-2024,212.65,219.9,220.9,215.3,218.05,217.25,217.65,1459354,3176.27,12421, 834374, 57.17,0.5717420173583654,2024-06-06
RELINFRA, EQ, 06-Jun-2024,149.95,155.95,162.0,152.0,157.25,157.65,158.35,2891532,4578.68,24745, 1378934, 47.69,0.4768869927775311,2024-06-06
REMSONSIND, EQ, 06-Jun-2024,846.25,820.0,863.8,820.0,850.0,853.0,853.62,2337,19.95,193, 1523, 65.17,0.6516902011125374,2024-06-06
RENUKA, EQ, 06-Jun-2024,39.7,40.25,41.2,40.15,40.85,40.75,40.78,4347445,1772.78,11690, 1702045, 39.15,0.3915046653839209,2024-06-06
REPCOHOME, EQ, 06-Jun-2024,460.85,463.25,499.65,460.85,488.5,488.95,485.74,310487,1508.15,22430, 164820, 53.08,0.5308434813695904,2024-06-06
REPL, EQ, 06-Jun-2024,174.0,176.0,186.45,176.0,180.15,179.75,181.82,27024,49.14,2085, 8381, 31.01,0.31013173475429245,2024-06-06
REPRO, EQ, 06-Jun-2024,669.75,683.05,688.0,662.3,669.2,666.45,671.39,33407,224.29,3877, 19833, 59.37,0.5936779716825815,2024-06-06
RESPONIND, EQ, 06-Jun-2024,300.95,298.6,316.0,298.6,313.2,314.35,308.34,251778,776.32,7747, 64767, 25.72,0.25723851964826155,2024-06-06
RGL, EQ, 06-Jun-2024,102.8,102.9,107.2,102.75,104.7,105.05,105.29,147222,155.01,2317, 78538, 53.35,0.5334664656097594,2024-06-06
RHFL, BE, 06-Jun-2024,3.25,3.3,3.3,3.3,3.3,3.3,3.3,1817295,59.97,583, -, -,,2024-06-06
RHIM, EQ, 06-Jun-2024,655.3,655.3,681.45,655.3,669.1,673.25,675.62,184187,1244.4,11678, 114185, 61.99,0.6199406038428337,2024-06-06
RHL, BE, 06-Jun-2024,172.0,179.9,180.5,173.0,180.5,180.45,179.2,8475,15.19,75, -, -,,2024-06-06
RICOAUTO, EQ, 06-Jun-2024,123.6,126.5,127.95,123.35,126.05,125.65,125.99,1451484,1828.75,15351, 574842, 39.60,0.3960374347908761,2024-06-06
RIIL, EQ, 06-Jun-2024,1123.7,1135.05,1192.35,1135.05,1168.2,1167.25,1169.27,196361,2295.98,14889, 48451, 24.67,0.24674451647730455,2024-06-06
RISHABH, EQ, 06-Jun-2024,408.4,411.45,433.25,411.45,430.0,429.5,426.88,51733,220.84,4848, 29300, 56.64,0.5663696286702878,2024-06-06
RITCO, EQ, 06-Jun-2024,224.75,222.75,244.5,222.75,233.0,232.0,235.54,108793,256.25,4602, 34421, 31.64,0.31638984125816916,2024-06-06
RITES, EQ, 06-Jun-2024,607.45,620.0,662.3,619.0,647.95,646.9,646.05,2103305,13588.31,69534, 562618, 26.75,0.26749235132327454,2024-06-06
RKDL, EQ, 06-Jun-2024,22.25,22.95,23.35,22.15,23.35,23.3,23.08,26649,6.15,312, 20441, 76.70,0.7670456677548876,2024-06-06
RKEC, EQ, 06-Jun-2024,85.65,87.0,89.9,87.0,89.8,88.95,88.58,77648,68.78,536, 42202, 54.35,0.5435040181331136,2024-06-06
RKFORGE, EQ, 06-Jun-2024,666.35,674.95,709.0,672.0,699.0,698.1,697.39,514815,3590.25,20319, 276146, 53.64,0.5363985120868662,2024-06-06
RKSWAMY, EQ, 06-Jun-2024,255.25,259.1,265.9,257.2,260.1,260.5,261.14,85305,222.77,5719, 36446, 42.72,0.42724342066701837,2024-06-06
RML, EQ, 06-Jun-2024,764.9,774.45,815.0,765.25,800.8,793.85,796.57,18586,148.05,2797, 8847, 47.60,0.4760034434520607,2024-06-06
ROHLTD, EQ, 06-Jun-2024,322.7,324.7,357.75,324.0,344.85,345.8,340.79,107806,367.4,8169, 55822, 51.78,0.5178004934790271,2024-06-06
ROLEXRINGS, EQ, 06-Jun-2024,2302.6,2296.0,2432.25,2296.0,2355.5,2353.0,2371.01,10230,242.55,3299, 4881, 47.71,0.47712609970674486,2024-06-06
ROLLT, BE, 06-Jun-2024,4.0,4.05,4.05,4.05,4.05,4.05,4.05,181138,7.34,91, -, -,,2024-06-06
ROLTA, BZ, 06-Jun-2024,4.9,4.65,4.65,4.65,4.65,4.65,4.65,43714,2.03,124, -, -,,2024-06-06
ROML, BE, 06-Jun-2024,50.3,49.2,52.5,49.2,52.25,51.8,51.86,6428,3.33,86, -, -,,2024-06-06
ROSSARI, EQ, 06-Jun-2024,680.2,680.2,692.05,679.45,681.0,680.7,681.61,179208,1221.51,6048, 144219, 80.48,0.804757600107138,2024-06-06
ROSSELLIND, EQ, 06-Jun-2024,419.85,416.95,462.0,416.9,453.8,448.2,447.54,60618,271.29,6922, 27105, 44.71,0.4471444125507275,2024-06-06
ROTO, EQ, 06-Jun-2024,410.2,412.65,430.0,412.15,423.0,423.65,421.82,63647,268.48,5180, 32336, 50.81,0.5080522255565856,2024-06-06
ROUTE, EQ, 06-Jun-2024,1421.05,1446.85,1502.0,1446.85,1468.0,1476.55,1479.5,86403,1278.33,10328, 44090, 51.03,0.5102832077589898,2024-06-06
RPGLIFE, EQ, 06-Jun-2024,1452.7,1465.0,1468.45,1434.95,1453.4,1450.15,1448.14,13532,195.96,1544, 9156, 67.66,0.6766183860478865,2024-06-06
RPOWER, EQ, 06-Jun-2024,23.5,24.05,24.65,23.85,24.65,24.55,24.52,30501221,7477.83,36045, 11649339, 38.19,0.3819302512512532,2024-06-06
RPPINFRA, BE, 06-Jun-2024,109.9,110.05,115.35,110.05,114.7,115.35,114.64,152036,174.3,442, -, -,,2024-06-06
RPPL, BE, 06-Jun-2024,70.2,71.7,73.7,70.4,73.65,73.0,72.23,107286,77.49,282, -, -,,2024-06-06
RPSGVENT, EQ, 06-Jun-2024,597.6,599.85,641.8,599.85,640.8,638.35,630.62,77455,488.45,5695, 50839, 65.64,0.6563682138015622,2024-06-06
RPTECH, EQ, 06-Jun-2024,309.65,314.9,324.7,310.4,321.0,319.45,317.63,241148,765.96,9545, 119414, 49.52,0.49518967604956293,2024-06-06
RRKABEL, EQ, 06-Jun-2024,1630.35,1648.5,1699.0,1638.05,1682.0,1679.75,1678.18,149395,2507.11,13719, 101015, 67.62,0.6761605140734295,2024-06-06
RSSOFTWARE, BE, 06-Jun-2024,181.5,184.9,185.75,176.05,179.7,178.4,180.02,53595,96.48,558, -, -,,2024-06-06
RSWM, EQ, 06-Jun-2024,173.1,173.8,181.8,172.85,181.5,180.85,178.46,58717,104.78,3394, 28696, 48.87,0.4887170666076264,2024-06-06
RSYSTEMS, EQ, 06-Jun-2024,430.1,435.4,442.0,431.9,441.95,441.1,440.3,37632,165.7,4257, 21833, 58.02,0.5801711309523809,2024-06-06
RTNINDIA, EQ, 06-Jun-2024,69.05,74.0,78.6,71.2,78.15,77.9,76.26,13739971,10478.53,49885, 4046711, 29.45,0.2945210728610708,2024-06-06
RTNPOWER, BE, 06-Jun-2024,19.95,20.3,20.4,18.95,18.95,18.95,19.42,83944784,16300.09,192584, -, -,,2024-06-06
RUBYMILLS, EQ, 06-Jun-2024,199.45,200.05,204.6,199.6,201.85,201.15,202.9,14733,29.89,521, 10254, 69.60,0.695988597027082,2024-06-06
RUCHINFRA, EQ, 06-Jun-2024,12.1,12.6,12.6,12.05,12.25,12.2,12.3,184040,22.63,489, 125724, 68.31,0.6831341012823299,2024-06-06
RUCHIRA, EQ, 06-Jun-2024,120.95,120.15,125.0,120.15,124.9,124.1,123.96,62014,76.87,1185, 31877, 51.40,0.5140290902054375,2024-06-06
RUPA, EQ, 06-Jun-2024,241.75,242.9,250.3,242.9,245.5,244.65,246.29,169714,417.99,4412, 101235, 59.65,0.5965035294672213,2024-06-06
RUSHIL, EQ, 06-Jun-2024,308.2,309.35,322.0,309.35,311.0,310.65,313.86,99494,312.28,5566, 54638, 54.92,0.5491587432407984,2024-06-06
RUSTOMJEE, EQ, 06-Jun-2024,681.35,688.1,698.4,683.8,687.0,691.45,691.85,12535,86.72,809, 5806, 46.32,0.46318308735540487,2024-06-06
RVHL, EQ, 06-Jun-2024,46.35,46.4,48.65,45.0,48.65,48.65,47.92,16617,7.96,85, 13538, 81.47,0.8147078293314076,2024-06-06
RVNL, EQ, 06-Jun-2024,353.3,369.8,383.75,365.05,370.3,368.65,374.49,43194252,161757.27,348860, 8885508, 20.57,0.20571042647063317,2024-06-06
S&SPOWER, BE, 06-Jun-2024,229.95,229.6,240.0,218.45,218.45,218.5,222.66,3904,8.69,90, -, -,,2024-06-06
SABEVENTS, BE, 06-Jun-2024,9.15,9.0,9.0,9.0,9.0,9.0,9.0,2088,0.19,15, -, -,,2024-06-06
SABTNL, BE, 06-Jun-2024,176.7,180.2,180.2,180.2,180.2,180.2,180.2,21,0.04,5, -, -,,2024-06-06
SADBHAV, BE, 06-Jun-2024,25.1,25.0,26.35,25.0,26.2,26.25,25.97,368364,95.68,608, -, -,,2024-06-06
SADBHIN, EQ, 06-Jun-2024,5.8,5.95,6.05,5.8,6.05,6.05,5.99,128297,7.68,331, 84972, 66.23,0.6623069908103852,2024-06-06
SADHNANIQ, EQ, 06-Jun-2024,58.3,58.3,62.75,58.2,62.25,62.3,61.44,585777,359.93,4031, 321416, 54.87,0.5487002733121991,2024-06-06
SAFARI, EQ, 06-Jun-2024,1970.15,1974.85,2020.25,1966.25,2010.0,2002.3,1999.97,38845,776.89,7519, 26270, 67.63,0.6762775131934612,2024-06-06
SAGARDEEP, EQ, 06-Jun-2024,25.75,25.75,27.0,25.3,26.95,26.7,26.27,11597,3.05,159, 7282, 62.79,0.6279210140553592,2024-06-06
SAGCEM, EQ, 06-Jun-2024,214.0,220.0,230.5,218.1,227.0,227.05,223.81,522883,1170.26,16815, 259300, 49.59,0.4959044375127897,2024-06-06
SAH, EQ, 06-Jun-2024,91.05,92.5,93.65,91.3,92.45,93.0,92.61,30520,28.26,146, 2884, 9.45,0.0944954128440367,2024-06-06
SAHYADRI, EQ, 06-Jun-2024,365.7,372.0,374.0,365.0,370.2,370.15,370.8,15391,57.07,386, 12662, 82.27,0.8226885842375414,2024-06-06
SAIL, EQ, 06-Jun-2024,145.55,145.0,151.8,144.3,147.0,146.9,148.54,57006811,84680.75,174496, 12562098, 22.04,0.2203613529618417,2024-06-06
SAKAR, EQ, 06-Jun-2024,307.0,308.35,314.0,305.05,311.5,310.55,309.61,14532,44.99,1107, 9447, 65.01,0.6500825763831544,2024-06-06
SAKHTISUG, EQ, 06-Jun-2024,32.85,32.85,34.2,32.75,33.35,33.5,33.38,326195,108.89,1600, 135208, 41.45,0.4145005288247827,2024-06-06
SAKSOFT, EQ, 06-Jun-2024,244.3,251.55,258.0,246.35,248.05,247.85,250.92,187426,470.29,9109, 91713, 48.93,0.48932912189344063,2024-06-06
SAKUMA, EQ, 06-Jun-2024,31.3,32.2,33.0,30.1,30.15,30.2,30.94,5000593,1547.13,9704, 1574537, 31.49,0.3148700564113096,2024-06-06
SALASAR, EQ, 06-Jun-2024,19.2,19.9,20.15,19.65,20.15,20.15,19.99,3895394,778.75,9333, 2268817, 58.24,0.582435820356041,2024-06-06
SALONA, EQ, 06-Jun-2024,285.85,287.45,292.0,282.05,283.0,284.55,287.84,8917,25.67,388, 4561, 51.15,0.5114948973870136,2024-06-06
SALSTEEL, BE, 06-Jun-2024,18.55,18.9,18.9,18.9,18.9,18.9,18.9,22029,4.16,101, -, -,,2024-06-06
SALZERELEC, EQ, 06-Jun-2024,691.25,692.25,725.8,692.25,725.0,725.2,716.83,79724,571.48,2918, 44629, 55.98,0.5597937885705685,2024-06-06
SAMBHAAV, BE, 06-Jun-2024,4.65,4.65,4.75,4.5,4.6,4.6,4.62,48752,2.25,109, -, -,,2024-06-06
SAMHI, EQ, 06-Jun-2024,179.0,183.3,184.55,177.85,180.8,180.55,180.97,983582,1779.97,25697, 492498, 50.07,0.5007188012794053,2024-06-06
SAMPANN, EQ, 06-Jun-2024,24.95,25.4,25.95,25.05,25.65,25.55,25.64,16565,4.25,175, 13623, 82.24,0.8223966193782071,2024-06-06
SANCO, BZ, 06-Jun-2024,6.75,6.9,7.05,6.45,7.05,6.85,6.74,7516,0.51,33, -, -,,2024-06-06
SANDESH, EQ, 06-Jun-2024,1232.45,1246.0,1277.0,1241.95,1258.0,1260.55,1263.03,3035,38.33,795, 1872, 61.68,0.6168039538714992,2024-06-06
SANDHAR, EQ, 06-Jun-2024,521.15,525.0,542.65,525.0,528.0,531.2,534.34,85430,456.48,6346, 39595, 46.35,0.46347887159077605,2024-06-06
SANDUMA, EQ, 06-Jun-2024,513.3,519.0,538.0,515.45,530.0,527.4,529.23,201022,1063.86,5995, 116562, 57.98,0.5798469819223766,2024-06-06
SANGAMIND, EQ, 06-Jun-2024,359.3,361.95,395.8,359.0,388.1,386.4,387.29,60997,236.23,7145, 26578, 43.57,0.43572634719740316,2024-06-06
SANGHIIND, EQ, 06-Jun-2024,89.1,89.4,92.05,89.4,91.45,90.55,91.01,384674,350.1,3655, 236054, 61.36,0.6136468802154552,2024-06-06
SANGHVIMOV, EQ, 06-Jun-2024,1045.1,1049.0,1150.0,1049.0,1149.8,1144.3,1119.39,213358,2388.31,19407, 90090, 42.22,0.42224805256892173,2024-06-06
SANGINITA, EQ, 06-Jun-2024,20.95,21.95,22.5,20.55,22.4,22.1,21.72,79962,17.37,416, 40793, 51.02,0.510154823541182,2024-06-06
SANOFI, EQ, 06-Jun-2024,9141.25,9150.0,9244.0,9080.0,9100.0,9106.5,9114.47,33037,3011.15,6426, 23525, 71.21,0.7120803947089627,2024-06-06
SANSERA, EQ, 06-Jun-2024,1010.95,1016.5,1045.0,1009.1,1035.0,1033.85,1020.77,745890,7613.85,28324, 606099, 81.26,0.8125849656115512,2024-06-06
SAPPHIRE, EQ, 06-Jun-2024,1454.3,1468.65,1474.95,1435.0,1454.0,1457.9,1454.45,70626,1027.22,6309, 48558, 68.75,0.6875371676153258,2024-06-06
SARDAEN, EQ, 06-Jun-2024,225.85,229.9,230.0,215.95,218.5,218.1,220.74,1074926,2372.76,32409, 518285, 48.22,0.4821587718596443,2024-06-06
SAREGAMA, EQ, 06-Jun-2024,501.4,510.0,534.85,503.0,533.0,531.35,523.02,549763,2875.4,23864, 224752, 40.88,0.4088161626009753,2024-06-06
SARLAPOLY, EQ, 06-Jun-2024,81.7,84.0,87.95,82.75,86.25,85.7,85.69,759856,651.13,4961, 413905, 54.47,0.5447150512728728,2024-06-06
SARVESHWAR, EQ, 06-Jun-2024,8.4,8.5,8.8,8.45,8.8,8.8,8.72,2343772,204.27,3233, 1583723, 67.57,0.6757154706174492,2024-06-06
SASKEN, EQ, 06-Jun-2024,1378.55,1378.55,1444.4,1371.05,1420.0,1411.4,1404.38,25007,351.19,3287, 13708, 54.82,0.5481665133762547,2024-06-06
SASTASUNDR, EQ, 06-Jun-2024,298.4,301.0,314.05,298.85,301.7,300.25,306.25,41644,127.54,4433, 23370, 56.12,0.5611852847949285,2024-06-06
SATIA, EQ, 06-Jun-2024,108.1,108.1,111.8,108.05,111.45,111.0,110.39,304843,336.5,3511, 168377, 55.23,0.5523400570129542,2024-06-06
SATIN, EQ, 06-Jun-2024,218.7,219.45,229.5,219.45,229.4,229.05,227.14,284031,645.13,9045, 174363, 61.39,0.6138872165362231,2024-06-06
SATINDLTD, EQ, 06-Jun-2024,88.85,89.55,92.8,89.55,91.45,91.85,91.53,450797,412.62,3864, 145635, 32.31,0.32306115613014286,2024-06-06
SAURASHCEM, EQ, 06-Jun-2024,109.8,111.45,115.0,109.25,111.25,110.5,112.31,140819,158.16,2950, 74046, 52.58,0.5258239300094447,2024-06-06
SBC, EQ, 06-Jun-2024,29.95,30.45,30.95,29.6,30.0,30.15,30.51,3236306,987.53,5231, 1744954, 53.92,0.53918078203977,2024-06-06
SBCL, EQ, 06-Jun-2024,507.9,508.3,528.6,508.3,519.95,519.05,521.27,116622,607.92,11443, 58999, 50.59,0.50589940148514,2024-06-06
SBFC, EQ, 06-Jun-2024,82.05,82.5,84.85,82.45,83.4,83.25,83.78,1302273,1091.1,10360, 714589, 54.87,0.5487244226057055,2024-06-06
SBGLP, EQ, 06-Jun-2024,114.2,114.75,125.0,114.75,123.05,122.3,120.4,1504293,1811.19,8727, 533435, 35.46,0.35460844396670066,2024-06-06
SBICARD, EQ, 06-Jun-2024,699.65,703.0,707.0,699.45,705.95,703.7,702.69,755105,5306.02,27544, 330046, 43.71,0.4370862330404381,2024-06-06
SBIETFCON, EQ, 06-Jun-2024,110.74,112.73,112.73,107.92,110.93,111.09,110.38,25021,27.62,212, 20173, 80.62,0.8062427560848887,2024-06-06
SBIETFIT, EQ, 06-Jun-2024,352.16,357.96,362.75,350.06,361.5,362.09,359.6,28685,103.15,660, 22473, 78.34,0.7834408227296497,2024-06-06
SBIETFPB, EQ, 06-Jun-2024,247.14,251.92,251.92,242.57,248.0,247.54,248.1,13558,33.64,189, 10624, 78.36,0.7835964006490633,2024-06-06
SBIETFQLTY, EQ, 06-Jun-2024,209.82,217.7,217.7,211.3,213.99,213.14,212.81,33567,71.43,107, 33221, 98.97,0.9896922572764918,2024-06-06
SBILIFE, EQ, 06-Jun-2024,1390.1,1390.1,1445.8,1380.25,1438.45,1442.85,1428.75,2227021,31818.57,128852, 987355, 44.34,0.4433523527618285,2024-06-06
SBIN, EQ, 06-Jun-2024,789.75,800.0,833.35,796.0,817.0,816.95,818.98,40555649,332141.57,611412, 13380701, 32.99,0.32993433294582464,2024-06-06
SCHAEFFLER, EQ, 06-Jun-2024,4144.45,4145.05,4360.6,4110.0,4275.0,4271.0,4283.94,95051,4071.93,25659, 59786, 62.90,0.6289886481993877,2024-06-06
SCHAND, EQ, 06-Jun-2024,220.0,220.2,234.7,220.2,226.65,228.05,227.86,47881,109.1,3326, 26071, 54.45,0.5444957289947996,2024-06-06
SCHNEIDER, EQ, 06-Jun-2024,695.9,708.0,724.0,694.0,713.0,709.6,709.66,361819,2567.69,13037, 260532, 72.01,0.7200616883027149,2024-06-06
SCI, EQ, 06-Jun-2024,224.8,229.0,247.6,228.45,242.75,243.25,240.91,8879544,21392.08,72948, 2234571, 25.17,0.25165380114113967,2024-06-06
SCILAL, EQ, 06-Jun-2024,63.85,66.0,66.75,64.65,65.15,65.2,65.69,1130914,742.86,5171, 604973, 53.49,0.5349416489671186,2024-06-06
SCPL, EQ, 06-Jun-2024,483.0,490.55,530.1,485.7,521.0,522.65,516.4,58234,300.72,7505, 24718, 42.45,0.4244599374935605,2024-06-06
SDBL, EQ, 06-Jun-2024,121.7,123.9,126.5,122.8,125.7,126.0,125.2,935300,1171.02,10745, 469690, 50.22,0.5021811183577461,2024-06-06
SDL24BEES, EQ, 06-Jun-2024,121.28,121.98,121.99,121.25,121.73,121.7,121.7,3167,3.85,43, 3028, 95.61,0.9561098831701926,2024-06-06
SDL26BEES, EQ, 06-Jun-2024,120.98,120.95,121.7,120.82,121.7,120.82,120.82,233038,281.56,42, 232934, 99.96,0.9995537208523931,2024-06-06
SEAMECLTD, EQ, 06-Jun-2024,1019.05,1038.0,1070.0,1032.0,1070.0,1069.2,1062.22,72232,767.26,2138, 60277, 83.45,0.8344916380551556,2024-06-06
SECMARK, BE, 06-Jun-2024,102.35,105.0,107.45,104.0,107.45,106.0,105.95,7716,8.18,23, -, -,,2024-06-06
SECURCRED, EQ, 06-Jun-2024,13.85,13.15,13.75,13.15,13.15,13.15,13.19,530598,69.99,2258, 285751, 53.85,0.538545188636218,2024-06-06
SECURKLOUD, BE, 06-Jun-2024,37.35,37.5,37.65,37.4,37.45,37.45,37.41,12194,4.56,49, -, -,,2024-06-06
SEJALLTD, BE, 06-Jun-2024,320.15,321.0,328.0,320.0,320.0,320.0,322.78,9145,29.52,34, -, -,,2024-06-06
SELAN, EQ, 06-Jun-2024,607.25,605.05,649.05,595.35,635.0,640.15,628.51,126206,793.22,11053, 45508, 36.06,0.36058507519452326,2024-06-06
SELMC, EQ, 06-Jun-2024,64.3,65.95,67.35,64.3,65.85,65.05,65.85,7732,5.09,330, 5431, 70.24,0.7024055871702017,2024-06-06
SEMAC, BE, 06-Jun-2024,610.8,580.3,641.3,580.3,641.25,641.3,613.7,33065,202.92,496, -, -,,2024-06-06
SENCO, EQ, 06-Jun-2024,890.25,910.0,942.85,906.0,921.0,918.45,924.35,355949,3290.22,23672, 185526, 52.12,0.5212151178961031,2024-06-06
SENSEXADD, EQ, 06-Jun-2024,80.42,75.04,77.49,74.99,76.14,75.88,75.8,63808,48.36,647, 52847, 82.82,0.8282190320962889,2024-06-06
SENSEXETF, EQ, 06-Jun-2024,75.26,75.92,76.22,74.71,75.97,75.71,75.69,9318,7.05,179, 5491, 58.93,0.5892895471131144,2024-06-06
SENSEXIETF, EQ, 06-Jun-2024,830.55,841.73,854.59,837.0,840.4,840.88,840.98,2729,22.95,321, 1047, 38.37,0.3836570172224258,2024-06-06
SEPC, EQ, 06-Jun-2024,17.2,17.35,18.9,17.3,18.9,18.85,18.42,9670944,1781.0,7225, 5697973, 58.92,0.5891847786524252,2024-06-06
SEQUENT, EQ, 06-Jun-2024,103.05,105.05,121.9,104.65,120.5,120.8,116.14,6554856,7613.0,41686, 2194280, 33.48,0.33475640044571536,2024-06-06
SERVOTECH, EQ, 06-Jun-2024,81.75,84.4,84.5,81.8,82.75,82.65,83.19,361761,300.96,3474, 264731, 73.18,0.7317842442938847,2024-06-06
SESHAPAPER, EQ, 06-Jun-2024,311.0,310.8,329.5,308.7,329.5,327.85,322.95,44898,145.0,3137, 29518, 65.74,0.6574457659583945,2024-06-06
SETCO, BE, 06-Jun-2024,10.5,10.5,10.5,10.3,10.3,10.3,10.38,30032,3.12,87, -, -,,2024-06-06
SETF10GILT, EQ, 06-Jun-2024,230.48,234.39,234.39,230.3,232.09,231.9,230.99,3094,7.15,50, 2602, 84.10,0.8409825468648998,2024-06-06
SETFGOLD, EQ, 06-Jun-2024,62.66,63.99,63.99,63.2,63.3,63.34,63.38,684013,433.53,2394, 542486, 79.31,0.7930931137273707,2024-06-06
SETFNIF50, EQ, 06-Jun-2024,237.41,240.0,240.51,237.58,239.7,239.3,239.14,319061,762.99,4556, 220931, 69.24,0.6924412573144321,2024-06-06
SETFNIFBK, EQ, 06-Jun-2024,497.35,503.09,503.1,496.41,501.0,499.78,500.94,86526,433.45,1167, 57359, 66.29,0.6629105702332247,2024-06-06
SETFNN50, EQ, 06-Jun-2024,706.84,719.83,754.84,711.06,720.0,717.78,725.15,108793,788.91,2299, 81817, 75.20,0.7520428704052651,2024-06-06
SETUINFRA, BZ, 06-Jun-2024,0.8,0.85,0.85,0.75,0.8,0.8,0.83,639621,5.33,175, -, -,,2024-06-06
SEYAIND, BE, 06-Jun-2024,21.35,22.25,22.4,20.6,21.55,21.55,21.94,13938,3.06,60, -, -,,2024-06-06
SFL, EQ, 06-Jun-2024,893.6,906.45,908.0,892.75,897.95,897.45,899.78,57799,520.06,5800, 26598, 46.02,0.46018097198913477,2024-06-06
SGIL, EQ, 06-Jun-2024,321.3,333.0,333.0,321.55,325.7,325.3,326.11,10418,33.97,989, 6405, 61.48,0.6148013054329046,2024-06-06
SGL, EQ, 06-Jun-2024,15.15,15.7,15.7,14.95,15.15,15.3,15.19,13936,2.12,143, 11187, 80.27,0.8027411021814007,2024-06-06
SHAH, EQ, 06-Jun-2024,4.05,4.15,4.15,4.0,4.1,4.05,4.09,1396355,57.18,1358, 897707, 64.29,0.6428931038310458,2024-06-06
SHAHALLOYS, EQ, 06-Jun-2024,52.2,54.0,54.8,52.45,54.0,54.05,54.23,20951,11.36,207, 19072, 91.03,0.9103145434585461,2024-06-06
SHAILY, EQ, 06-Jun-2024,622.45,638.0,641.55,609.95,628.8,626.4,621.35,84010,522.0,5913, 50266, 59.83,0.598333531722414,2024-06-06
SHAKTIPUMP, EQ, 06-Jun-2024,2379.25,2459.0,2498.2,2425.0,2494.4,2479.25,2485.88,245304,6097.96,11476, 140579, 57.31,0.5730807487851808,2024-06-06
SHALBY, EQ, 06-Jun-2024,261.2,263.8,268.2,261.5,262.7,262.7,264.31,65305,172.61,3827, 32956, 50.46,0.5046474236275936,2024-06-06
SHALPAINTS, EQ, 06-Jun-2024,139.4,139.95,153.3,139.95,150.0,149.95,150.93,253341,382.37,2265, 167565, 66.14,0.6614207727924023,2024-06-06
SHANKARA, EQ, 06-Jun-2024,657.6,667.45,683.35,661.95,667.5,668.15,672.43,62153,417.94,4772, 35600, 57.28,0.5727800749762683,2024-06-06
SHANTI, BE, 06-Jun-2024,14.7,14.75,15.4,14.75,15.4,15.4,15.33,22617,3.47,60, -, -,,2024-06-06
SHANTIGEAR, EQ, 06-Jun-2024,537.75,538.1,545.0,524.0,525.4,527.45,536.96,33140,177.95,3217, 17484, 52.76,0.5275799637899818,2024-06-06
SHARDACROP, EQ, 06-Jun-2024,387.15,388.0,394.0,387.0,388.1,389.75,389.82,78107,304.48,5595, 46961, 60.12,0.6012393255406046,2024-06-06
SHARDAMOTR, EQ, 06-Jun-2024,1600.35,1570.55,1646.1,1570.55,1610.0,1617.6,1612.97,66982,1080.4,9165, 32428, 48.41,0.4841300647935266,2024-06-06
SHAREINDIA, EQ, 06-Jun-2024,1497.55,1524.0,1554.3,1512.75,1535.85,1541.45,1535.34,110203,1691.99,10464, 48096, 43.64,0.4364309501556219,2024-06-06
SHARIABEES, EQ, 06-Jun-2024,496.3,500.45,502.97,486.76,498.0,497.63,495.54,2451,12.15,218, 1567, 63.93,0.6393308853529172,2024-06-06
SHEMAROO, EQ, 06-Jun-2024,136.15,138.15,147.95,137.35,145.3,145.3,143.38,81358,116.65,2527, 35926, 44.16,0.44157919319550626,2024-06-06
SHILPAMED, EQ, 06-Jun-2024,490.25,504.0,534.45,496.45,525.0,526.75,520.93,762793,3973.61,37975, 333828, 43.76,0.4376390449309315,2024-06-06
SHIVALIK, EQ, 06-Jun-2024,566.55,572.15,596.0,571.9,595.95,592.1,584.76,8393,49.08,1524, 4683, 55.80,0.5579649708090075,2024-06-06
SHIVAMAUTO, EQ, 06-Jun-2024,33.3,34.75,35.3,33.5,35.3,34.75,34.38,152868,52.56,619, 93764, 61.34,0.6133657796268677,2024-06-06
SHIVAMILLS, EQ, 06-Jun-2024,85.4,85.95,90.4,85.95,87.75,88.25,88.54,12600,11.16,326, 6711, 53.26,0.5326190476190477,2024-06-06
SHIVATEX, EQ, 06-Jun-2024,167.0,175.35,175.35,170.55,173.0,172.65,174.63,40731,71.13,678, 33521, 82.30,0.8229849500380546,2024-06-06
SHK, EQ, 06-Jun-2024,189.4,190.7,193.0,187.7,191.7,191.2,190.59,215834,411.37,7595, 108875, 50.44,0.50443859632866,2024-06-06
SHOPERSTOP, EQ, 06-Jun-2024,714.5,714.5,743.65,714.5,731.0,733.5,734.5,24328,178.69,3839, 14793, 60.81,0.6080647813219335,2024-06-06
SHRADHA, EQ, 06-Jun-2024,81.25,82.75,87.0,81.85,86.15,85.55,84.68,56042,47.46,489, 31228, 55.72,0.5572249384390279,2024-06-06
SHREDIGCEM, EQ, 06-Jun-2024,102.5,104.3,105.6,103.55,104.8,104.95,104.91,398316,417.87,4277, 190673, 47.87,0.4786978178129927,2024-06-06
SHREECEM, EQ, 06-Jun-2024,25481.05,25555.0,25799.0,25435.0,25546.0,25636.25,25592.88,32684,8364.78,10858, 19186, 58.70,0.5870150532370579,2024-06-06
SHREEPUSHK, EQ, 06-Jun-2024,169.75,170.5,177.0,170.5,173.85,172.8,173.99,54265,94.42,2884, 24183, 44.56,0.445646365060352,2024-06-06
SHREERAMA, BE, 06-Jun-2024,23.0,23.0,23.45,23.0,23.3,23.3,23.42,45170,10.58,67, -, -,,2024-06-06
SHRENIK, EQ, 06-Jun-2024,0.9,0.9,0.95,0.9,0.95,0.9,0.92,1349308,12.43,1188, 694634, 51.48,0.514807590261082,2024-06-06
SHREYANIND, EQ, 06-Jun-2024,222.1,222.4,232.7,221.55,229.9,226.6,228.44,40113,91.63,1427, 24760, 61.73,0.6172562510906688,2024-06-06
SHREYAS, EQ, 06-Jun-2024,289.45,290.0,302.5,287.7,301.8,301.0,295.64,79786,235.88,3704, 47592, 59.65,0.5964956257990124,2024-06-06
SHRIPISTON, EQ, 06-Jun-2024,1893.4,1977.0,1977.9,1886.5,1896.0,1901.65,1924.02,148675,2860.54,14807, 73017, 49.11,0.4911182108626198,2024-06-06
SHRIRAMFIN, EQ, 06-Jun-2024,2387.45,2430.0,2535.0,2400.05,2476.0,2474.8,2477.33,2100297,52031.31,178381, 962975, 45.85,0.45849467956198575,2024-06-06
SHRIRAMPPS, EQ, 06-Jun-2024,103.45,104.5,112.4,104.1,111.0,110.4,109.19,3739449,4083.23,14041, 1970620, 52.70,0.5269813814816033,2024-06-06
SHYAMCENT, BE, 06-Jun-2024,16.75,16.7,17.55,16.7,17.55,17.55,17.49,177021,30.95,358, -, -,,2024-06-06
SHYAMMETL, EQ, 06-Jun-2024,567.45,574.75,618.35,572.6,604.1,605.1,604.1,652503,3941.75,25715, 305173, 46.77,0.46769593396505454,2024-06-06
SHYAMTEL, BE, 06-Jun-2024,13.5,13.25,13.25,13.25,13.25,13.25,13.25,919,0.12,12, -, -,,2024-06-06
SICALLOG, BE, 06-Jun-2024,149.35,146.2,156.8,146.2,156.8,154.85,155.76,4931,7.68,65, -, -,,2024-06-06
SIEMENS, EQ, 06-Jun-2024,6528.2,6599.95,6838.4,6595.05,6809.95,6793.95,6751.76,420303,28377.86,62659, 165302, 39.33,0.3932924580600186,2024-06-06
SIGACHI, EQ, 06-Jun-2024,62.05,63.35,64.85,63.05,64.2,63.95,63.89,883860,564.72,4847, 442932, 50.11,0.5011336637023963,2024-06-06
SIGIND, EQ, 06-Jun-2024,82.0,83.4,89.9,83.35,89.6,88.15,86.59,79786,69.09,1361, 54559, 68.38,0.6838167096984433,2024-06-06
SIGMA, EQ, 06-Jun-2024,384.0,389.75,400.0,388.0,395.5,392.55,395.0,6572,25.96,960, 3535, 53.79,0.5378880097382837,2024-06-06
SIGNATURE, EQ, 06-Jun-2024,1116.9,1120.0,1258.0,1120.0,1225.0,1232.1,1213.74,919602,11161.61,25322, 358565, 38.99,0.3899132450777619,2024-06-06
SIGNPOST, EQ, 06-Jun-2024,253.5,257.0,294.9,257.0,270.65,271.95,281.78,289886,816.84,14530, 104861, 36.17,0.36173185321126233,2024-06-06
SIKKO, EQ, 06-Jun-2024,86.4,85.0,90.2,85.0,86.9,86.4,87.31,12027,10.5,273, 6661, 55.38,0.5538371996341565,2024-06-06
SIL, EQ, 06-Jun-2024,23.5,23.75,23.75,23.1,23.35,23.4,23.41,34064,7.98,390, 21356, 62.69,0.6269375293565054,2024-06-06
SILGO, EQ, 06-Jun-2024,33.75,34.75,35.4,33.75,35.4,34.95,34.72,36244,12.58,196, 23649, 65.25,0.6524942059375345,2024-06-06
SILINV, EQ, 06-Jun-2024,449.6,455.25,479.4,455.2,472.0,470.0,467.99,7710,36.08,457, 4166, 54.03,0.540337224383917,2024-06-06
SILLYMONKS, EQ, 06-Jun-2024,18.4,18.9,20.0,18.65,19.95,19.8,19.45,61610,11.99,175, 57608, 93.50,0.9350430124979711,2024-06-06
SILVER, EQ, 06-Jun-2024,90.05,91.86,92.79,91.86,91.9,92.15,92.27,88227,81.41,1017, 71249, 80.76,0.807564577736974,2024-06-06
SILVER1, EQ, 06-Jun-2024,87.74,89.5,90.3,89.0,89.75,89.74,89.82,39212,35.22,173, 37289, 95.10,0.9509588901356728,2024-06-06
SILVERADD, EQ, 06-Jun-2024,86.85,88.12,89.7,88.12,89.22,89.24,89.26,96026,85.71,151, 93771, 97.65,0.9765167767063087,2024-06-06
SILVERBEES, EQ, 06-Jun-2024,86.77,89.35,89.8,88.21,88.95,88.84,88.9,4368995,3884.21,9656, 3084746, 70.61,0.7060539094231053,2024-06-06
SILVERETF, EQ, 06-Jun-2024,89.59,91.56,92.15,91.01,91.45,91.77,91.75,214231,196.55,739, 183964, 85.87,0.8587179259770995,2024-06-06
SILVERIETF, EQ, 06-Jun-2024,90.19,92.55,93.8,91.86,92.15,92.14,92.34,547474,505.51,1559, 442566, 80.84,0.8083781147597877,2024-06-06
SILVERTUC, EQ, 06-Jun-2024,775.9,761.7,792.7,761.7,786.45,781.75,782.98,27285,213.63,1152, 9812, 35.96,0.35961150815466375,2024-06-06
SILVRETF, EQ, 06-Jun-2024,87.46,89.03,90.6,88.32,90.23,90.2,90.2,5004,4.51,128, 4151, 82.95,0.8295363709032774,2024-06-06
SIMBHALS, EQ, 06-Jun-2024,27.05,27.65,28.6,27.25,27.95,27.85,27.99,63356,17.74,319, 48321, 76.27,0.7626901950880738,2024-06-06
SIMPLEXINF, BE, 06-Jun-2024,116.05,118.4,121.85,116.1,121.85,121.85,121.18,48298,58.53,126, -, -,,2024-06-06
SINCLAIR, EQ, 06-Jun-2024,112.95,115.9,118.3,112.95,117.0,117.05,116.5,102863,119.84,1196, 73800, 71.75,0.7174591446875942,2024-06-06
SINDHUTRAD, EQ, 06-Jun-2024,21.05,21.2,22.1,21.2,22.1,22.1,22.0,257723,56.7,598, 208384, 80.86,0.8085580254769655,2024-06-06
SINTERCOM, EQ, 06-Jun-2024,131.65,132.4,133.8,130.0,130.0,130.15,130.89,43333,56.72,1819, 20540, 47.40,0.4740036461818937,2024-06-06
SIRCA, EQ, 06-Jun-2024,311.4,312.0,318.65,312.0,315.95,314.85,314.82,54708,172.23,4508, 34386, 62.85,0.6285369598596183,2024-06-06
SIS, EQ, 06-Jun-2024,406.85,411.9,418.0,408.25,417.95,413.65,414.81,41984,174.15,2735, 22491, 53.57,0.5357040777439024,2024-06-06
SITINET, BE, 06-Jun-2024,0.65,0.65,0.65,0.6,0.65,0.65,0.63,2476389,15.55,1345, -, -,,2024-06-06
SIYSIL, EQ, 06-Jun-2024,437.95,441.0,463.55,438.75,451.0,446.45,452.98,65829,298.19,5140, 33373, 50.70,0.5069650154187364,2024-06-06
SJS, EQ, 06-Jun-2024,733.55,730.0,778.0,726.9,760.0,758.6,758.53,241309,1830.39,18285, 140564, 58.25,0.5825062471768563,2024-06-06
SJVN, EQ, 06-Jun-2024,126.25,128.8,133.8,128.5,131.85,131.2,131.52,20232853,26609.96,92402, 6054526, 29.92,0.2992423263293615,2024-06-06
SKFINDIA, EQ, 06-Jun-2024,6079.4,6111.4,6187.0,6040.0,6096.1,6090.65,6109.44,33645,2055.52,9496, 19217, 57.12,0.5711695645712588,2024-06-06
SKIPPER, EQ, 06-Jun-2024,297.0,301.0,325.0,301.0,320.0,320.9,314.68,1049850,3303.68,28029, 476536, 45.39,0.4539086536171834,2024-06-06
SKMEGGPROD, EQ, 06-Jun-2024,230.45,234.3,245.0,233.25,242.4,241.95,241.15,145854,351.73,6413, 64123, 43.96,0.4396382684053917,2024-06-06
SKYGOLD, BE, 06-Jun-2024,1207.1,1200.0,1267.45,1153.2,1267.0,1259.3,1242.56,24359,302.68,784, -, -,,2024-06-06
SMALLCAP, EQ, 06-Jun-2024,45.65,45.79,47.06,45.65,46.81,46.74,46.83,740423,346.76,2735, 568202, 76.74,0.7674018770351543,2024-06-06
SMARTLINK, BE, 06-Jun-2024,274.05,273.95,280.0,268.0,274.9,270.1,275.69,22462,61.93,170, -, -,,2024-06-06
SMCGLOBAL, EQ, 06-Jun-2024,160.45,162.0,166.45,161.45,162.45,162.85,163.47,321082,524.86,7442, 121921, 37.97,0.3797191994568366,2024-06-06
SMLISUZU, EQ, 06-Jun-2024,1968.65,1999.0,2063.9,1999.0,2028.5,2025.35,2028.72,23641,479.61,2714, 13317, 56.33,0.5633010447950594,2024-06-06
SMLT, EQ, 06-Jun-2024,200.35,205.9,210.35,201.15,210.35,210.35,209.19,9082,19.0,195, 7754, 85.38,0.8537767011671438,2024-06-06
SMSLIFE, EQ, 06-Jun-2024,744.8,756.45,765.0,745.05,755.0,760.3,756.22,3987,30.15,306, 2940, 73.74,0.7373965387509406,2024-06-06
SMSPHARMA, EQ, 06-Jun-2024,189.65,192.05,199.5,188.3,197.0,196.95,196.42,143914,282.67,3911, 78836, 54.78,0.5477993801853885,2024-06-06
SNOWMAN, EQ, 06-Jun-2024,66.95,67.7,70.5,67.7,68.2,68.35,69.34,2457938,1704.28,13051, 1120500, 45.59,0.4558699202339522,2024-06-06
SOBHA, EQ, 06-Jun-2024,1822.4,1839.9,1975.0,1839.9,1950.35,1949.8,1935.35,239847,4641.87,23131, 129774, 54.11,0.5410699320817021,2024-06-06
SOFTTECH, EQ, 06-Jun-2024,306.3,314.95,316.65,291.0,293.0,297.25,296.53,43930,130.27,1072, 34602, 78.77,0.7876621898474846,2024-06-06
SOLARA, EQ, 06-Jun-2024,395.35,404.0,434.8,390.95,429.0,424.7,414.12,228080,944.53,10698, 82474, 36.16,0.36160119256401263,2024-06-06
SOLARINDS, EQ, 06-Jun-2024,8962.8,8940.0,9200.0,8870.2,9150.0,9131.7,9087.73,241713,21966.22,38322, 127147, 52.60,0.5260246656158336,2024-06-06
SOMANYCERA, EQ, 06-Jun-2024,716.45,736.95,739.95,717.1,725.0,722.35,727.86,30774,223.99,4467, 17187, 55.85,0.5584909339052447,2024-06-06
SOMATEX, BE, 06-Jun-2024,33.5,33.5,34.5,33.0,33.5,33.5,33.58,4563,1.53,38, -, -,,2024-06-06
SOMICONVEY, EQ, 06-Jun-2024,121.85,117.6,134.0,117.6,132.0,130.05,131.99,17978,23.73,222, 13883, 77.22,0.7722216041828902,2024-06-06
SONACOMS, EQ, 06-Jun-2024,661.4,664.8,672.95,652.0,655.25,657.0,663.11,698455,4631.54,34532, 296363, 42.43,0.4243122319977665,2024-06-06
SONAMLTD, EQ, 06-Jun-2024,37.0,37.8,39.6,36.65,38.35,39.35,38.25,15422,5.9,136, 8373, 54.29,0.5429256905719103,2024-06-06
SONATSOFTW, EQ, 06-Jun-2024,513.35,520.0,544.4,516.8,542.9,542.4,532.68,1014655,5404.88,62666, 443290, 43.69,0.4368874149341402,2024-06-06
SOTL, EQ, 06-Jun-2024,481.8,489.95,497.95,487.1,492.85,492.2,493.0,88002,433.85,8055, 37744, 42.89,0.42889934319674555,2024-06-06
SOUTHBANK, EQ, 06-Jun-2024,26.55,26.95,27.4,26.85,27.25,27.2,27.18,20831502,5661.23,21916, 8126803, 39.01,0.39012083718207163,2024-06-06
SOUTHWEST, EQ, 06-Jun-2024,104.0,104.9,107.4,103.05,106.0,106.25,106.33,42996,45.72,287, 12312, 28.64,0.2863522188110522,2024-06-06
SPAL, EQ, 06-Jun-2024,583.25,585.0,592.6,576.55,591.0,588.95,588.55,23297,137.11,1899, 17312, 74.31,0.7430999699532128,2024-06-06
SPANDANA, EQ, 06-Jun-2024,746.1,757.45,783.15,755.2,780.0,777.05,773.93,157971,1222.58,8559, 99668, 63.09,0.6309259294427458,2024-06-06
SPARC, EQ, 06-Jun-2024,210.0,210.5,220.45,210.5,219.7,219.85,215.89,974868,2104.64,13842, 591100, 60.63,0.6063384991609121,2024-06-06
SPCENET, EQ, 06-Jun-2024,26.1,26.15,27.3,26.15,26.8,26.7,26.71,3607866,963.82,1690, 3085533, 85.52,0.855223835918518,2024-06-06
SPECIALITY, EQ, 06-Jun-2024,165.55,165.55,172.55,165.55,170.0,170.8,169.7,46845,79.5,1879, 25872, 55.23,0.552289465257765,2024-06-06
SPENCERS, EQ, 06-Jun-2024,83.0,83.0,88.8,83.0,86.45,86.55,86.69,256243,222.14,2818, 127017, 49.57,0.4956896383510964,2024-06-06
SPIC, EQ, 06-Jun-2024,70.05,70.7,72.45,70.45,71.5,71.3,71.55,673220,481.67,3539, 339448, 50.42,0.5042155610350257,2024-06-06
SPLIL, EQ, 06-Jun-2024,56.25,57.35,58.6,56.25,58.6,57.85,57.63,29920,17.24,411, 16500, 55.15,0.5514705882352942,2024-06-06
SPLPETRO, EQ, 06-Jun-2024,651.5,651.55,695.45,651.55,690.0,690.75,684.13,78474,536.86,8040, 47307, 60.28,0.6028366083033871,2024-06-06
SPMLINFRA, EQ, 06-Jun-2024,125.85,129.85,131.4,124.45,128.05,129.2,128.97,104924,135.32,951, 71411, 68.06,0.680597384773741,2024-06-06
SPORTKING, EQ, 06-Jun-2024,763.1,770.65,785.15,769.6,782.0,780.75,778.21,3974,30.93,621, 2917, 73.40,0.7340211373930549,2024-06-06
SPTL, BZ, 06-Jun-2024,0.8,0.75,0.85,0.75,0.85,0.85,0.8,1722197,13.79,439, -, -,,2024-06-06
SPYL, BE, 06-Jun-2024,3.8,3.85,3.85,3.85,3.85,3.85,3.85,1037772,39.95,223, -, -,,2024-06-06
SREEL, EQ, 06-Jun-2024,264.55,268.65,280.8,265.75,270.75,271.55,275.06,43546,119.78,5975, 11877, 27.27,0.27274606163597115,2024-06-06
SRF, EQ, 06-Jun-2024,2295.05,2299.95,2312.0,2279.0,2298.5,2296.55,2296.62,304806,7000.23,30046, 134412, 44.10,0.4409755713470207,2024-06-06
SRGHFL, EQ, 06-Jun-2024,283.9,290.0,290.0,281.35,281.5,282.05,282.94,1341,3.79,170, 771, 57.49,0.5749440715883669,2024-06-06
SRHHYPOLTD, EQ, 06-Jun-2024,485.45,482.0,517.55,480.0,510.0,509.5,505.46,27429,138.64,2949, 11870, 43.28,0.432753654890809,2024-06-06
SRM, EQ, 06-Jun-2024,160.15,164.0,167.45,161.0,163.8,164.65,164.49,52027,85.58,2339, 25293, 48.62,0.4861514213773618,2024-06-06
SRPL, BE, 06-Jun-2024,1.0,1.05,1.05,1.0,1.05,1.05,1.05,1368659,14.3,575, -, -,,2024-06-06
SSWL, EQ, 06-Jun-2024,206.9,207.4,212.5,206.1,210.4,209.7,210.37,225816,475.05,7199, 123988, 54.91,0.5490664966167145,2024-06-06
STAR, EQ, 06-Jun-2024,873.6,880.0,905.0,873.8,875.7,879.65,887.16,493372,4377.01,23522, 272189, 55.17,0.5516912187963646,2024-06-06
STARCEMENT, EQ, 06-Jun-2024,211.6,210.45,218.0,210.45,212.5,213.25,214.62,566391,1215.58,21925, 231154, 40.81,0.4081173606219025,2024-06-06
STARHEALTH, EQ, 06-Jun-2024,499.25,500.0,507.7,498.5,500.0,499.25,501.58,1116848,5601.89,25104, 807433, 72.30,0.7229569287852957,2024-06-06
STARPAPER, EQ, 06-Jun-2024,215.5,217.0,225.0,217.0,220.15,221.0,220.72,31984,70.6,927, 19067, 59.61,0.5961418209104552,2024-06-06
STARTECK, BE, 06-Jun-2024,213.6,213.05,222.9,209.0,210.0,210.2,212.91,536,1.14,25, -, -,,2024-06-06
STCINDIA, EQ, 06-Jun-2024,129.5,130.2,137.0,130.0,133.5,134.1,134.23,114572,153.79,3471, 33314, 29.08,0.29076912334601823,2024-06-06
STEELCAS, EQ, 06-Jun-2024,614.3,615.05,639.75,610.05,616.1,618.3,624.62,7334,45.81,1665, 3744, 51.05,0.5104990455413144,2024-06-06
STEELCITY, EQ, 06-Jun-2024,84.3,85.0,90.4,83.95,90.0,89.2,88.15,70389,62.04,696, 28365, 40.30,0.40297489664578273,2024-06-06
STEELXIND, EQ, 06-Jun-2024,12.3,12.35,12.95,12.35,12.9,12.75,12.7,2738625,347.68,5926, 1501481, 54.83,0.5482608973481218,2024-06-06
STEL, EQ, 06-Jun-2024,419.0,419.0,447.3,419.0,434.55,430.15,435.93,90351,393.86,9496, 21664, 23.98,0.23977598477050613,2024-06-06
STERTOOLS, EQ, 06-Jun-2024,357.75,359.65,367.6,359.6,364.0,363.45,363.24,34249,124.41,3308, 18198, 53.13,0.5313439808461561,2024-06-06
STLTECH, EQ, 06-Jun-2024,120.45,123.0,124.7,119.35,122.0,121.8,122.27,1531544,1872.69,14934, 637252, 41.61,0.4160846831694029,2024-06-06
STOVEKRAFT, EQ, 06-Jun-2024,473.05,480.15,491.0,471.75,483.5,482.35,483.3,82020,396.4,5156, 42450, 51.76,0.5175566934893928,2024-06-06
STYLAMIND, EQ, 06-Jun-2024,1530.8,1532.0,1598.0,1530.1,1594.85,1591.95,1580.54,25972,410.5,2300, 18689, 71.96,0.7195826274449407,2024-06-06
STYRENIX, EQ, 06-Jun-2024,1757.15,1757.15,1869.8,1757.15,1842.8,1836.8,1819.0,58461,1063.41,6675, 38950, 66.63,0.666256136569679,2024-06-06
SUBEXLTD, EQ, 06-Jun-2024,26.35,26.5,27.55,26.5,27.25,27.25,27.18,4104420,1115.69,6461, 1335386, 32.54,0.3253531558661151,2024-06-06
SUBROS, EQ, 06-Jun-2024,584.95,594.8,614.95,590.85,598.95,599.0,603.37,72902,439.87,7041, 35416, 48.58,0.4858028586321363,2024-06-06
SUDARSCHEM, EQ, 06-Jun-2024,739.75,751.0,789.7,749.95,784.65,785.7,769.32,408136,3139.89,19126, 242827, 59.50,0.5949658937217006,2024-06-06
SUKHJITS, EQ, 06-Jun-2024,425.45,430.0,439.5,428.25,430.3,430.8,433.93,6649,28.85,708, 4436, 66.72,0.6671679951872462,2024-06-06
SULA, EQ, 06-Jun-2024,511.65,515.0,525.75,513.2,519.9,519.95,520.21,704062,3662.58,28170, 331560, 47.09,0.47092443563208924,2024-06-06
SUMICHEM, EQ, 06-Jun-2024,489.1,491.9,500.0,476.25,480.75,479.6,485.97,771294,3748.25,29664, 372297, 48.27,0.48269142505970486,2024-06-06
SUMIT, BE, 06-Jun-2024,68.4,69.45,71.8,67.0,71.75,71.7,70.3,30703,21.58,121, -, -,,2024-06-06
SUMMITSEC, EQ, 06-Jun-2024,1277.55,1283.1,1349.0,1283.1,1349.0,1336.05,1330.94,6280,83.58,1116, 2818, 44.87,0.44872611464968154,2024-06-06
SUNCLAY, EQ, 06-Jun-2024,1500.15,1558.8,1564.65,1489.4,1502.5,1531.45,1521.3,4089,62.21,1025, 2298, 56.20,0.561995597945708,2024-06-06
SUNDARAM, EQ, 06-Jun-2024,2.8,2.85,2.9,2.8,2.9,2.85,2.84,1211431,34.4,1162, 811957, 67.02,0.6702461799310072,2024-06-06
SUNDARMFIN, EQ, 06-Jun-2024,4455.4,4499.0,4526.15,4425.8,4480.0,4479.75,4489.45,139580,6266.38,24214, 91314, 65.42,0.6542054735635477,2024-06-06
SUNDARMHLD, EQ, 06-Jun-2024,262.1,265.0,274.3,258.6,261.0,261.4,263.86,143302,378.11,5294, 80396, 56.10,0.561024968248873,2024-06-06
SUNDRMBRAK, EQ, 06-Jun-2024,704.95,707.15,734.95,706.8,725.4,725.7,726.94,1350,9.81,177, 1042, 77.19,0.7718518518518519,2024-06-06
SUNDRMFAST, EQ, 06-Jun-2024,1222.35,1225.2,1264.55,1225.0,1241.1,1246.05,1246.9,311174,3880.03,16852, 248205, 79.76,0.7976405483748642,2024-06-06
SUNFLAG, EQ, 06-Jun-2024,200.3,202.1,211.0,202.0,206.5,207.0,206.63,154775,319.81,5800, 66235, 42.79,0.42794378937166855,2024-06-06
SUNPHARMA, EQ, 06-Jun-2024,1487.3,1494.0,1494.0,1455.05,1474.3,1472.7,1467.21,3004955,44088.9,188791, 1376051, 45.79,0.4579273233708991,2024-06-06
SUNTECK, EQ, 06-Jun-2024,460.5,472.0,474.0,462.1,465.0,465.25,465.58,515658,2400.78,26859, 319070, 61.88,0.6187628234217253,2024-06-06
SUNTV, EQ, 06-Jun-2024,748.25,748.0,748.0,714.25,720.0,718.95,721.9,4716336,34047.28,73163, 2308829, 48.95,0.4895387012290897,2024-06-06
SUPERHOUSE, EQ, 06-Jun-2024,199.3,201.2,209.75,198.05,203.1,205.45,205.34,10774,22.12,826, 2968, 27.55,0.2754780025988491,2024-06-06
SUPERSPIN, EQ, 06-Jun-2024,7.65,7.85,7.95,7.55,7.7,7.7,7.77,128947,10.01,255, 99449, 77.12,0.7712393463981325,2024-06-06
SUPRAJIT, EQ, 06-Jun-2024,450.25,459.0,496.8,451.4,462.0,463.2,473.52,2221632,10519.88,96923, 888235, 39.98,0.3998119400512776,2024-06-06
SUPREMEENG, BE, 06-Jun-2024,1.25,1.2,1.2,1.2,1.2,1.2,1.2,262506,3.15,232, -, -,,2024-06-06
SUPREMEIND, EQ, 06-Jun-2024,5527.1,5550.0,5850.0,5498.5,5691.05,5729.5,5746.06,211647,12161.35,43707, 109413, 51.70,0.5169598435130193,2024-06-06
SUPREMEINF, BZ, 06-Jun-2024,101.25,99.25,99.25,99.25,99.25,99.25,99.25,300,0.3,2, -, -,,2024-06-06
SUPRIYA, EQ, 06-Jun-2024,347.7,355.0,357.95,351.55,356.0,354.9,354.49,140217,497.05,6853, 70495, 50.28,0.5027564418009228,2024-06-06
SURAJEST, EQ, 06-Jun-2024,348.95,354.9,377.7,354.9,375.25,375.8,366.33,279142,1022.59,9988, 181603, 65.06,0.650575692658217,2024-06-06
SURANASOL, BE, 06-Jun-2024,37.8,38.25,38.5,37.15,38.0,38.15,38.07,143272,54.54,1509, -, -,,2024-06-06
SURANAT&P, EQ, 06-Jun-2024,16.95,17.3,17.75,16.8,17.75,17.75,17.52,180575,31.63,1042, 151303, 83.79,0.8378956112418663,2024-06-06
SURYALAXMI, EQ, 06-Jun-2024,65.8,67.35,68.95,66.2,68.9,68.8,67.98,8973,6.1,118, 7077, 78.87,0.788699431628218,2024-06-06
SURYAROSNI, EQ, 06-Jun-2024,570.45,571.1,584.25,565.4,568.0,569.45,574.02,151878,871.81,8937, 71204, 46.88,0.46882366109640633,2024-06-06
SURYODAY, EQ, 06-Jun-2024,191.75,192.0,196.45,192.0,195.3,194.35,195.0,190455,371.38,5008, 90293, 47.41,0.4740909926229293,2024-06-06
SUTLEJTEX, EQ, 06-Jun-2024,50.55,51.85,53.35,51.6,52.5,52.7,52.5,100893,52.97,992, 52786, 52.32,0.5231879317693001,2024-06-06
SUULD, EQ, 06-Jun-2024,6.45,6.5,6.75,6.45,6.75,6.75,6.71,387133,25.99,684, 323378, 83.53,0.8353149951050414,2024-06-06
SUVEN, EQ, 06-Jun-2024,87.3,88.85,91.65,88.05,91.65,91.65,90.76,67894,61.62,448, 54820, 80.74,0.8074351194509087,2024-06-06
SUVENPHAR, EQ, 06-Jun-2024,630.45,633.8,641.05,623.3,636.0,635.55,634.92,175224,1112.53,11978, 134714, 76.88,0.7688102086472173,2024-06-06
SUVIDHAA, EQ, 06-Jun-2024,5.4,5.5,5.65,5.4,5.55,5.55,5.56,148286,8.25,750, 98476, 66.41,0.6640950595470915,2024-06-06
SUZLON, BE, 06-Jun-2024,48.45,49.45,50.5,48.5,49.8,49.8,49.61,49163158,24390.82,111804, -, -,,2024-06-06
SVLL, EQ, 06-Jun-2024,232.95,243.45,243.45,225.9,225.9,226.0,230.74,1981,4.57,103, 1192, 60.17,0.601716304896517,2024-06-06
SVPGLOB, EQ, 06-Jun-2024,6.05,6.05,6.25,5.95,6.2,6.2,6.17,76196,4.7,237, 58426, 76.68,0.7667856580397922,2024-06-06
SWANENERGY, EQ, 06-Jun-2024,547.4,558.0,574.75,552.65,574.5,573.75,568.86,2764976,15728.83,24751, 1684638, 60.93,0.6092776212162421,2024-06-06
SWARAJENG, EQ, 06-Jun-2024,2399.75,2427.65,2473.75,2415.05,2455.55,2457.85,2453.48,10250,251.48,3287, 6072, 59.24,0.592390243902439,2024-06-06
SWELECTES, EQ, 06-Jun-2024,1140.75,1149.9,1197.75,1083.75,1083.75,1094.1,1116.76,184767,2063.41,6698, 86624, 46.88,0.4688283080853183,2024-06-06
SWSOLAR, EQ, 06-Jun-2024,665.05,680.0,698.3,660.0,698.3,697.5,681.77,4661025,31777.41,68934, 2646214, 56.77,0.5677322048261917,2024-06-06
SYMPHONY, EQ, 06-Jun-2024,1093.15,1092.55,1118.95,1073.45,1099.85,1107.65,1094.44,192062,2102.01,18590, 107846, 56.15,0.5615165935999833,2024-06-06
SYNCOMF, EQ, 06-Jun-2024,11.55,11.8,12.1,11.7,12.1,12.05,12.04,2501895,301.13,5311, 1714311, 68.52,0.685205014598934,2024-06-06
SYNGENE, EQ, 06-Jun-2024,671.6,676.6,688.0,670.05,686.15,685.15,679.08,534049,3626.64,28808, 236458, 44.28,0.44276461523193567,2024-06-06
SYRMA, EQ, 06-Jun-2024,438.15,448.9,460.0,444.75,454.0,452.5,452.49,755122,3416.87,27768, 239743, 31.75,0.31748909447744866,2024-06-06
TAINWALCHM, BE, 06-Jun-2024,163.4,161.0,170.8,161.0,164.9,164.9,168.14,6077,10.22,51, -, -,,2024-06-06
TAJGVK, EQ, 06-Jun-2024,308.55,314.75,331.9,314.75,323.45,321.55,323.23,405285,1309.99,19842, 174012, 42.94,0.42935711906436214,2024-06-06
TAKE, EQ, 06-Jun-2024,20.05,20.45,20.95,19.8,19.95,19.95,20.21,407158,82.28,960, 262633, 64.50,0.6450395178284597,2024-06-06
TALBROAUTO, EQ, 06-Jun-2024,276.75,280.0,291.4,280.0,289.6,289.25,288.08,92135,265.43,5303, 53312, 57.86,0.5786291854344169,2024-06-06
TANLA, EQ, 06-Jun-2024,867.35,889.8,911.0,879.0,899.5,897.95,899.92,305395,2748.31,20223, 117039, 38.32,0.38323810147513876,2024-06-06
TARACHAND, BE, 06-Jun-2024,415.5,417.05,436.25,395.0,414.9,399.45,418.82,50063,209.67,565, -, -,,2024-06-06
TARAPUR, BE, 06-Jun-2024,11.0,11.0,11.0,10.8,10.8,10.8,10.95,28456,3.11,70, -, -,,2024-06-06
TARC, EQ, 06-Jun-2024,154.65,156.05,164.5,156.05,162.5,160.45,160.79,1104021,1775.13,18597, 753157, 68.22,0.6821944510113486,2024-06-06
TARMAT, BE, 06-Jun-2024,79.9,78.3,78.3,78.3,78.3,78.3,78.3,10042,7.86,81, -, -,,2024-06-06
TARSONS, EQ, 06-Jun-2024,410.9,412.55,419.7,411.65,415.0,415.55,416.43,26264,109.37,4012, 14941, 56.89,0.5688775510204082,2024-06-06
TASTYBITE, EQ, 06-Jun-2024,10429.4,10589.8,10591.75,10448.0,10490.0,10505.35,10503.94,722,75.84,457, 328, 45.43,0.45429362880886426,2024-06-06
TATACHEM, EQ, 06-Jun-2024,1043.1,1046.95,1067.0,1045.0,1064.5,1063.35,1060.39,857357,9091.32,32991, 208395, 24.31,0.24306677381767455,2024-06-06
TATACOMM, EQ, 06-Jun-2024,1748.3,1748.3,1799.0,1748.0,1790.0,1791.1,1780.24,375930,6692.46,32465, 178905, 47.59,0.4758997685739366,2024-06-06
TATACONSUM, EQ, 06-Jun-2024,1142.4,1148.0,1148.0,1119.6,1143.5,1139.9,1134.48,2655137,30121.98,127431, 1205068, 45.39,0.4538628326899893,2024-06-06
TATAELXSI, EQ, 06-Jun-2024,6878.9,6983.3,7018.5,6900.0,6930.0,6932.2,6939.69,138019,9578.08,26956, 72746, 52.71,0.5270723596026634,2024-06-06
TATAGOLD, EQ, 06-Jun-2024,7.12,7.12,7.22,6.3,7.21,7.2,7.19,1991677,143.21,7457, 1493996, 75.01,0.7501196228103252,2024-06-06
TATAINVEST, EQ, 06-Jun-2024,6222.25,6299.0,6533.35,6269.6,6435.35,6413.25,6411.63,24942,1599.19,5078, 15450, 61.94,0.619437094058215,2024-06-06
TATAMOTORS, EQ, 06-Jun-2024,929.95,940.0,946.0,931.2,939.5,938.25,939.29,11792640,110767.24,358066, 5176452, 43.90,0.438956162487789,2024-06-06
TATAMTRDVR, EQ, 06-Jun-2024,620.75,629.9,632.35,622.8,628.4,626.15,626.48,2670655,16731.25,55279, 1284687, 48.10,0.48103817228357837,2024-06-06
TATAPOWER, EQ, 06-Jun-2024,422.8,430.0,438.4,425.75,432.35,431.55,432.66,13644903,59036.62,156599, 4636265, 33.98,0.3397799896415533,2024-06-06
TATASTEEL, EQ, 06-Jun-2024,169.2,170.0,174.7,169.4,172.15,172.05,172.34,57920819,99818.5,502032, 18688249, 32.27,0.3226516703777963,2024-06-06
TATATECH, EQ, 06-Jun-2024,1029.8,1043.0,1061.0,1036.3,1051.0,1048.65,1049.01,915629,9605.04,41540, 462522, 50.51,0.5051412744681525,2024-06-06
TATSILV, EQ, 06-Jun-2024,8.79,8.95,9.04,8.86,8.98,8.98,8.98,418378,37.58,1876, 329555, 78.77,0.7876967718187858,2024-06-06
TATVA, EQ, 06-Jun-2024,964.2,979.0,1026.75,971.05,1017.0,1016.35,994.88,93543,930.64,9393, 40700, 43.51,0.4350940209315502,2024-06-06
TBOTEK, EQ, 06-Jun-2024,1402.3,1418.0,1455.0,1392.25,1407.35,1415.2,1428.05,102889,1469.3,10455, 57142, 55.54,0.5553752101779588,2024-06-06
TBZ, EQ, 06-Jun-2024,102.25,102.85,105.9,102.6,103.7,103.3,104.06,92894,96.66,1766, 46739, 50.31,0.5031433677094322,2024-06-06
TCI, EQ, 06-Jun-2024,851.85,861.95,924.0,855.6,895.0,895.45,892.27,70465,628.74,7175, 34133, 48.44,0.4843965089051302,2024-06-06
TCIEXP, EQ, 06-Jun-2024,1037.3,1049.95,1076.0,1040.55,1057.0,1054.4,1059.14,34192,362.14,3881, 16700, 48.84,0.48841834347215723,2024-06-06
TCIFINANCE, EQ, 06-Jun-2024,8.3,8.7,8.7,8.7,8.7,8.7,8.7,4539,0.39,31, 4539, 100.00,1.0,2024-06-06
TCLCONS, EQ, 06-Jun-2024,34.15,35.25,35.85,33.7,35.05,34.7,35.04,63993,22.42,606, 38412, 60.03,0.6002531526885753,2024-06-06
TCNSBRANDS, EQ, 06-Jun-2024,512.05,511.8,544.9,509.0,541.0,540.1,528.32,559222,2954.48,15213, 204527, 36.57,0.3657348959804872,2024-06-06
TCPLPACK, EQ, 06-Jun-2024,2097.85,2125.0,2155.95,2100.0,2117.8,2113.65,2120.23,4987,105.74,1053, 3514, 70.46,0.7046320433126128,2024-06-06
TCS, EQ, 06-Jun-2024,3746.45,3781.0,3839.9,3741.5,3836.0,3830.4,3796.58,4328036,164317.36,281068, 2354986, 54.41,0.5441234777159895,2024-06-06
TDPOWERSYS, EQ, 06-Jun-2024,298.3,305.0,324.9,305.0,320.0,320.5,319.06,731993,2335.47,33968, 338254, 46.21,0.4621000474048249,2024-06-06
TEAMLEASE, EQ, 06-Jun-2024,2910.35,2970.0,2970.0,2893.0,2899.0,2899.55,2901.83,32571,945.16,2321, 28774, 88.34,0.8834239047005005,2024-06-06
TECH, EQ, 06-Jun-2024,34.36,34.98,35.6,34.37,35.36,35.45,35.21,71596,25.21,576, 55403, 77.38,0.7738281468238449,2024-06-06
TECHIN, BE, 06-Jun-2024,31.7,31.7,31.7,31.1,31.1,31.1,31.12,3855,1.2,22, -, -,,2024-06-06
TECHM, EQ, 06-Jun-2024,1266.9,1285.0,1323.6,1274.2,1323.0,1317.45,1304.57,3205121,41812.93,174117, 1345748, 41.99,0.4198743198774711,2024-06-06
TECHNOE, EQ, 06-Jun-2024,1223.25,1249.0,1297.7,1230.0,1249.0,1252.9,1255.41,463699,5821.34,20627, 279297, 60.23,0.6023239213369017,2024-06-06
TECILCHEM, EQ, 06-Jun-2024,21.4,20.35,22.45,20.35,20.8,22.4,20.65,2182,0.45,29, 2163, 99.13,0.9912923923006416,2024-06-06
TEGA, EQ, 06-Jun-2024,1476.3,1504.0,1553.0,1471.15,1540.0,1540.5,1524.39,72556,1106.03,8819, 42280, 58.27,0.582722311042505,2024-06-06
TEJASNET, EQ, 06-Jun-2024,1126.1,1159.9,1208.0,1132.75,1165.0,1160.8,1171.75,695857,8153.69,22291, 298302, 42.87,0.4286829046772541,2024-06-06
TEMBO, EQ, 06-Jun-2024,220.35,221.9,237.8,221.8,237.6,232.2,228.0,40333,91.96,667, 7251, 17.98,0.1797783452755808,2024-06-06
TERASOFT, EQ, 06-Jun-2024,58.0,59.0,69.6,59.0,69.6,69.6,68.11,310415,211.43,2226, 205205, 66.11,0.6610666365993911,2024-06-06
TEXINFRA, EQ, 06-Jun-2024,108.5,108.75,118.0,108.35,117.25,116.35,114.32,1571464,1796.57,9291, 825270, 52.52,0.5251599782114004,2024-06-06
TEXMOPIPES, EQ, 06-Jun-2024,73.7,73.9,78.0,72.2,75.8,75.75,76.45,131611,100.61,1046, 83268, 63.27,0.6326826784995175,2024-06-06
TEXRAIL, EQ, 06-Jun-2024,173.95,180.0,187.8,179.0,182.2,181.1,183.16,4362333,7990.08,47624, 2393094, 54.86,0.5485812293559432,2024-06-06
TFCILTD, EQ, 06-Jun-2024,152.85,155.0,160.45,154.75,160.45,160.4,159.23,1037522,1652.06,5244, 605758, 58.39,0.5838507520804378,2024-06-06
TFL, BE, 06-Jun-2024,21.55,21.45,21.45,21.15,21.15,21.15,21.3,61020,12.99,80, -, -,,2024-06-06
TGBHOTELS, EQ, 06-Jun-2024,13.65,14.05,14.55,13.8,14.3,14.2,14.15,61319,8.67,458, 30717, 50.09,0.5009377191408861,2024-06-06
THANGAMAYL, EQ, 06-Jun-2024,1271.85,1280.0,1362.0,1272.3,1339.0,1337.45,1334.97,81894,1093.26,8727, 54445, 66.48,0.664822819742594,2024-06-06
THEINVEST, EQ, 06-Jun-2024,131.25,137.0,137.8,134.0,137.5,137.5,136.33,7178,9.79,192, 5739, 79.95,0.7995263304541655,2024-06-06
THEJO, EQ, 06-Jun-2024,2443.4,2500.0,2633.9,2462.3,2570.0,2579.5,2574.52,11464,295.14,2502, 6693, 58.38,0.583827634333566,2024-06-06
THEMISMED, EQ, 06-Jun-2024,203.6,207.8,215.25,200.75,210.0,210.95,209.92,53885,113.11,1956, 37597, 69.77,0.697726640066809,2024-06-06
THERMAX, EQ, 06-Jun-2024,5130.7,5149.0,5282.0,5102.15,5280.0,5262.2,5210.1,212935,11094.12,36684, 110148, 51.73,0.5172846173714983,2024-06-06
THOMASCOOK, EQ, 06-Jun-2024,203.95,202.05,211.0,199.35,206.9,206.0,205.46,722676,1484.81,15326, 410409, 56.79,0.5679017983162579,2024-06-06
THOMASCOTT, BE, 06-Jun-2024,240.7,240.7,252.0,230.05,252.0,252.0,245.53,3913,9.61,86, -, -,,2024-06-06
THYROCARE, EQ, 06-Jun-2024,601.4,603.7,614.0,602.1,609.0,609.4,609.64,15408,93.93,2392, 8499, 55.16,0.5515965732087228,2024-06-06
TI, EQ, 06-Jun-2024,247.2,249.8,272.9,249.45,266.75,268.2,263.58,4978373,13121.82,78245, 1856735, 37.30,0.3729602020579816,2024-06-06
TIDEWATER, EQ, 06-Jun-2024,1741.2,1750.05,1798.0,1750.05,1775.0,1776.75,1778.98,35707,635.22,6374, 15555, 43.56,0.435628868289131,2024-06-06
TIIL, EQ, 06-Jun-2024,2425.95,2420.0,2729.0,2420.0,2693.0,2649.6,2608.99,69101,1802.84,8604, 35235, 50.99,0.5099057900753969,2024-06-06
TIINDIA, EQ, 06-Jun-2024,3714.8,3770.0,3904.25,3742.2,3844.05,3861.5,3866.36,167098,6460.61,26374, 94959, 56.83,0.5682832828639481,2024-06-06
TIJARIA, BE, 06-Jun-2024,24.25,23.8,23.8,23.8,23.8,23.8,23.8,11514,2.74,25, -, -,,2024-06-06
TIL, BZ, 06-Jun-2024,244.0,248.0,248.85,248.0,248.85,248.85,248.85,8207,20.42,31, -, -,,2024-06-06
TIMESGTY, BE, 06-Jun-2024,110.05,112.25,115.5,110.0,114.5,114.5,110.48,6366,7.03,41, -, -,,2024-06-06
TIMETECHNO, EQ, 06-Jun-2024,268.15,268.8,280.35,268.8,277.0,278.25,276.44,1086722,3004.19,19519, 433345, 39.88,0.3987634371992101,2024-06-06
TIMKEN, EQ, 06-Jun-2024,3884.35,3949.9,4200.0,3891.65,4125.0,4129.65,4137.15,200662,8301.68,39281, 81830, 40.78,0.4078001813995674,2024-06-06
TIPSFILMS, EQ, 06-Jun-2024,522.35,534.45,548.4,524.15,535.0,533.5,536.54,6005,32.22,461, 3974, 66.18,0.661781848459617,2024-06-06
TIPSINDLTD, EQ, 06-Jun-2024,382.5,382.6,425.9,382.6,419.2,422.0,408.31,372110,1519.38,18266, 207002, 55.63,0.5562924941549542,2024-06-06
TIRUMALCHM, EQ, 06-Jun-2024,244.95,246.0,265.0,245.8,264.0,260.05,256.77,827450,2124.66,17481, 507085, 61.28,0.6128285697020968,2024-06-06
TIRUPATIFL, EQ, 06-Jun-2024,15.85,16.7,17.35,16.25,16.8,16.85,16.86,638008,107.58,2217, 410626, 64.36,0.6436063497636393,2024-06-06
TITAGARH, EQ, 06-Jun-2024,1120.1,1166.15,1220.0,1150.0,1172.8,1167.7,1187.54,4303880,51110.14,141747, 1532792, 35.61,0.35614189986709666,2024-06-06
TITAN, EQ, 06-Jun-2024,3317.65,3329.0,3360.0,3290.75,3333.0,3321.65,3319.34,1825503,60594.69,147143, 945303, 51.78,0.5178315236951131,2024-06-06
TMB, EQ, 06-Jun-2024,463.05,469.0,473.55,464.65,472.0,471.75,471.38,101307,477.54,4405, 71455, 70.53,0.7053313196521465,2024-06-06
TNIDETF, EQ, 06-Jun-2024,77.65,77.86,79.61,77.04,78.67,79.32,78.95,106868,84.37,884, 102922, 96.31,0.9630759441554066,2024-06-06
TNPETRO, EQ, 06-Jun-2024,81.9,82.8,83.9,79.15,83.1,82.95,82.81,170256,141.0,1981, 77572, 45.56,0.45561977257776526,2024-06-06
TNPL, EQ, 06-Jun-2024,239.1,242.5,248.65,240.0,244.9,244.7,245.02,161147,394.84,5453, 77682, 48.21,0.48205675563305556,2024-06-06
TNTELE, BE, 06-Jun-2024,9.05,9.2,9.2,9.2,9.2,9.2,9.2,3789,0.35,15, -, -,,2024-06-06
TOKYOPLAST, EQ, 06-Jun-2024,100.5,101.05,103.85,101.05,103.5,102.55,102.38,11452,11.72,199, 8450, 73.79,0.7378623821166609,2024-06-06
TORNTPHARM, EQ, 06-Jun-2024,2780.4,2815.0,2830.95,2745.35,2782.75,2782.0,2783.5,255802,7120.24,31623, 105412, 41.21,0.4120843464867358,2024-06-06
TORNTPOWER, EQ, 06-Jun-2024,1439.4,1453.8,1478.15,1441.1,1465.0,1461.95,1461.84,178746,2612.98,21616, 66161, 37.01,0.37013975137905186,2024-06-06
TOTAL, EQ, 06-Jun-2024,90.85,94.7,94.7,91.0,91.1,91.4,92.62,15486,14.34,360, 8847, 57.13,0.5712901975978303,2024-06-06
TOUCHWOOD, EQ, 06-Jun-2024,134.3,138.95,140.0,134.3,139.35,139.35,137.95,2915,4.02,345, 1358, 46.59,0.46586620926243566,2024-06-06
TPHQ, BE, 06-Jun-2024,1.05,1.05,1.1,1.05,1.1,1.1,1.08,1568563,16.89,1311, -, -,,2024-06-06
TPLPLASTEH, EQ, 06-Jun-2024,83.2,86.0,86.5,83.5,84.85,84.1,84.67,398018,336.99,1383, 73430, 18.45,0.18448914370706854,2024-06-06
TRACXN, EQ, 06-Jun-2024,82.7,83.45,84.9,83.1,84.5,84.25,83.92,310080,260.21,3611, 153623, 49.54,0.4954302115583075,2024-06-06
TREEHOUSE, EQ, 06-Jun-2024,20.35,20.8,21.35,19.6,21.3,21.0,20.73,29454,6.1,170, 19965, 67.78,0.6778366266041964,2024-06-06
TREJHARA, BE, 06-Jun-2024,158.95,158.9,163.25,156.0,160.05,160.05,159.35,6389,10.18,76, -, -,,2024-06-06
TREL, EQ, 06-Jun-2024,40.05,40.6,42.1,39.6,40.0,40.0,40.58,689711,279.89,2626, 351380, 50.95,0.5094597592324901,2024-06-06
TRENT, EQ, 06-Jun-2024,4903.8,4910.05,4928.6,4821.05,4876.0,4878.45,4869.61,512601,24961.65,64876, 240634, 46.94,0.46943724261169995,2024-06-06
TRF, BE, 06-Jun-2024,551.55,551.6,579.0,526.0,566.5,561.95,561.42,21908,123.0,527, -, -,,2024-06-06
TRIDENT, EQ, 06-Jun-2024,36.6,36.4,37.15,36.1,36.8,36.7,36.79,9985433,3674.12,31053, 3338573, 33.43,0.33434433939920283,2024-06-06
TRIGYN, EQ, 06-Jun-2024,112.25,112.85,116.8,112.85,115.5,115.75,115.0,126939,145.98,2132, 71264, 56.14,0.5614035087719298,2024-06-06
TRIL, BE, 06-Jun-2024,732.15,741.0,741.0,702.0,725.0,716.8,725.95,264467,1919.89,6677, -, -,,2024-06-06
TRITURBINE, EQ, 06-Jun-2024,561.85,565.6,582.0,561.0,563.0,562.8,569.69,601802,3428.42,37807, 268043, 44.54,0.4454006467243379,2024-06-06
TRIVENI, EQ, 06-Jun-2024,327.6,330.5,331.95,315.05,316.4,315.95,319.27,1541592,4921.91,31880, 891082, 57.80,0.5780271303950721,2024-06-06
TRU, EQ, 06-Jun-2024,56.75,56.95,58.9,55.4,55.45,55.9,57.19,6195164,3543.09,9291, 950922, 15.35,0.15349424163750952,2024-06-06
TTKHLTCARE, EQ, 06-Jun-2024,1427.05,1428.0,1449.6,1342.55,1449.6,1431.5,1394.04,12769,178.01,2100, 6425, 50.32,0.5031717440676639,2024-06-06
TTKPRESTIG, EQ, 06-Jun-2024,707.15,708.1,723.0,706.9,716.8,716.8,715.65,310618,2222.93,9352, 279534, 89.99,0.8999285295765217,2024-06-06
TTL, EQ, 06-Jun-2024,99.05,99.95,102.95,99.9,101.5,102.3,101.56,8161,8.29,191, 5394, 66.09,0.6609484131846587,2024-06-06
TTML, EQ, 06-Jun-2024,71.5,72.1,75.0,72.05,74.3,74.35,73.72,1860325,1371.47,13507, 837844, 45.04,0.45037506887237444,2024-06-06
TV18BRDCST, EQ, 06-Jun-2024,40.6,40.7,42.6,40.7,42.6,42.4,41.96,3619530,1518.86,9644, 2174260, 60.07,0.6007023011274945,2024-06-06
TVSELECT, EQ, 06-Jun-2024,301.55,303.7,312.0,303.7,306.85,305.0,307.22,39589,121.63,3851, 17952, 45.35,0.4534592942484023,2024-06-06
TVSHLTD, EQ, 06-Jun-2024,11792.4,12099.95,12221.75,11848.2,11972.6,11969.9,12023.07,13874,1668.08,4347, 10630, 76.62,0.7661813464033443,2024-06-06
TVSMOTOR, EQ, 06-Jun-2024,2351.8,2360.0,2409.95,2335.5,2388.0,2398.2,2382.05,1606531,38268.3,109572, 756773, 47.11,0.47106031567395834,2024-06-06
TVSSCS, EQ, 06-Jun-2024,165.4,167.9,171.0,166.35,169.25,169.6,169.49,622272,1054.69,9105, 360030, 57.86,0.5785733569885838,2024-06-06
TVSSRICHAK, EQ, 06-Jun-2024,3940.7,3988.0,4010.0,3936.55,3950.0,3949.35,3983.55,4793,190.93,1334, 3186, 66.47,0.6647193824327143,2024-06-06
TVTODAY, EQ, 06-Jun-2024,219.65,221.0,223.5,217.65,220.95,220.1,220.2,182430,401.72,5673, 114499, 62.76,0.6276325165817026,2024-06-06
TVVISION, BE, 06-Jun-2024,6.9,7.0,7.0,7.0,7.0,7.0,7.0,13977,0.98,24, -, -,,2024-06-06
UBL, EQ, 06-Jun-2024,2016.65,2019.95,2046.0,1965.65,2029.95,2035.6,2020.17,261573,5284.23,30990, 77969, 29.81,0.2980774009549915,2024-06-06
UCAL, EQ, 06-Jun-2024,154.6,156.9,160.55,154.6,155.15,155.8,157.3,38916,61.21,1996, 19512, 50.14,0.5013876040703052,2024-06-06
UCOBANK, EQ, 06-Jun-2024,54.45,55.35,57.5,55.05,56.35,56.2,56.47,21285217,12019.07,38170, 5564514, 26.14,0.26142622835369733,2024-06-06
UDAICEMENT, EQ, 06-Jun-2024,36.95,37.7,40.25,37.0,39.6,39.4,39.41,3388174,1335.4,13805, 1457703, 43.02,0.43023262677772744,2024-06-06
UDS, EQ, 06-Jun-2024,279.25,283.4,285.65,279.05,283.1,283.05,282.26,107239,302.7,5551, 54778, 51.08,0.5108029727990749,2024-06-06
UEL, BE, 06-Jun-2024,186.2,195.5,195.5,195.5,195.5,195.5,195.5,322,0.63,80, -, -,,2024-06-06
UFLEX, EQ, 06-Jun-2024,418.35,421.0,427.1,418.05,424.8,422.65,421.36,54714,230.54,3836, 30791, 56.28,0.5627627298314873,2024-06-06
UFO, EQ, 06-Jun-2024,120.45,120.95,124.5,120.5,122.8,122.35,122.77,177381,217.76,2989, 73620, 41.50,0.41503881475468063,2024-06-06
UGARSUGAR, EQ, 06-Jun-2024,70.0,70.8,72.2,70.0,71.3,71.35,71.4,119179,85.09,1519, 50950, 42.75,0.42750820194832984,2024-06-06
UGROCAP, EQ, 06-Jun-2024,278.4,281.2,284.5,275.95,279.85,279.5,280.5,580938,1629.55,12644, 321172, 55.29,0.5528507345017885,2024-06-06
UJJIVANSFB, EQ, 06-Jun-2024,47.4,48.65,49.3,47.5,47.9,47.85,48.4,12311253,5958.49,35689, 6246242, 50.74,0.507360379971072,2024-06-06
ULTRACEMCO, EQ, 06-Jun-2024,10038.1,9995.0,10176.5,9931.1,10060.05,10054.95,10038.96,483566,48544.99,100190, 226938, 46.93,0.4693009847673327,2024-06-06
UMAEXPORTS, BE, 06-Jun-2024,90.1,87.0,90.3,85.6,87.0,87.5,87.27,32292,28.18,510, -, -,,2024-06-06
UMANGDAIRY, EQ, 06-Jun-2024,86.5,87.0,89.9,87.0,88.25,88.55,88.53,23793,21.06,367, 10379, 43.62,0.436220737191611,2024-06-06
UMESLTD, EQ, 06-Jun-2024,5.0,5.1,5.2,4.85,5.0,5.0,5.06,71920,3.64,829, 52685, 73.26,0.7325500556173526,2024-06-06
UNICHEMLAB, EQ, 06-Jun-2024,522.3,522.0,534.35,514.9,533.0,530.3,527.56,6867,36.23,978, 3783, 55.09,0.5508955875928353,2024-06-06
UNIDT, EQ, 06-Jun-2024,225.3,224.75,229.65,222.05,225.55,224.4,225.79,17413,39.32,1417, 9833, 56.47,0.5646930454258313,2024-06-06
UNIENTER, EQ, 06-Jun-2024,151.55,155.4,160.0,151.2,158.25,158.85,157.61,41948,66.12,1182, 29173, 69.55,0.6954562792028225,2024-06-06
UNIINFO, BE, 06-Jun-2024,31.4,31.5,32.0,30.5,32.0,31.95,31.66,21456,6.79,68, -, -,,2024-06-06
UNIONBANK, EQ, 06-Jun-2024,140.95,144.75,149.9,143.05,145.15,144.55,146.2,23237245,33972.94,95467, 10022630, 43.13,0.4313174819131958,2024-06-06
UNIPARTS, EQ, 06-Jun-2024,483.35,489.0,500.2,488.95,493.95,493.0,495.69,69455,344.28,4508, 38505, 55.44,0.5543877330645742,2024-06-06
UNITECH, BZ, 06-Jun-2024,8.95,9.15,9.35,9.05,9.35,9.35,9.27,2293729,212.68,1586, -, -,,2024-06-06
UNITEDPOLY, EQ, 06-Jun-2024,82.05,82.0,86.15,82.0,82.65,83.7,84.6,6425,5.44,148, 2528, 39.35,0.39346303501945523,2024-06-06
UNITEDTEA, EQ, 06-Jun-2024,345.9,349.55,350.45,346.55,350.0,348.3,348.5,1030,3.59,63, 795, 77.18,0.7718446601941747,2024-06-06
UNIVASTU, BE, 06-Jun-2024,182.3,182.55,189.0,176.0,189.0,188.7,182.99,5145,9.41,114, -, -,,2024-06-06
UNIVCABLES, EQ, 06-Jun-2024,629.9,631.55,708.8,631.55,659.1,660.85,676.25,247720,1675.22,19733, 74707, 30.16,0.3015783949620539,2024-06-06
UNIVPHOTO, EQ, 06-Jun-2024,322.75,326.85,334.5,325.0,325.0,327.15,328.78,984,3.24,182, 547, 55.59,0.5558943089430894,2024-06-06
UNOMINDA, EQ, 06-Jun-2024,861.05,900.0,1025.0,900.0,977.2,974.2,983.92,6287932,61868.39,208612, 1922816, 30.58,0.30579465554016805,2024-06-06
UPL, EQ, 06-Jun-2024,528.45,529.8,545.5,527.7,539.0,537.4,536.02,6939999,37199.95,89457, 2629340, 37.89,0.3788674897503588,2024-06-06
URAVI, BE, 06-Jun-2024,530.0,511.1,552.5,511.1,548.5,548.65,538.04,558,3.0,42, -, -,,2024-06-06
URJA, EQ, 06-Jun-2024,20.35,21.0,21.35,20.85,21.35,21.35,21.3,3227234,687.39,10005, 1736613, 53.81,0.5381118939624459,2024-06-06
USHAMART, EQ, 06-Jun-2024,340.15,342.5,359.4,341.3,357.6,357.25,353.23,616338,2177.12,20539, 298838, 48.49,0.4848605797468272,2024-06-06
USK, EQ, 06-Jun-2024,54.05,57.0,60.0,54.85,58.0,57.7,58.17,462398,268.97,3326, 239374, 51.77,0.517679574738645,2024-06-06
UTIAMC, EQ, 06-Jun-2024,927.4,930.05,975.5,930.05,959.1,959.35,961.36,280399,2695.64,21702, 120508, 42.98,0.42977328735123876,2024-06-06
UTIBANKETF, EQ, 06-Jun-2024,50.02,50.01,50.67,49.96,50.24,50.25,50.18,229339,115.08,646, 59115, 25.78,0.2577625262166487,2024-06-06
UTINEXT50, EQ, 06-Jun-2024,70.63,72.26,73.0,70.63,72.45,72.21,72.53,90750,65.82,738, 56623, 62.39,0.6239449035812672,2024-06-06
UTINIFTETF, EQ, 06-Jun-2024,244.54,247.66,247.66,244.61,246.37,246.6,245.2,2711379,6648.22,579, 2581149, 95.20,0.951969090267351,2024-06-06
UTISENSETF, EQ, 06-Jun-2024,805.79,829.95,829.95,804.76,816.75,812.66,809.94,1945,15.75,152, 1365, 70.18,0.7017994858611826,2024-06-06
UTISXN50, EQ, 06-Jun-2024,81.27,82.73,85.0,81.89,82.16,82.4,83.15,2195,1.83,131, 1292, 58.86,0.5886104783599089,2024-06-06
UTKARSHBNK, EQ, 06-Jun-2024,51.85,52.25,53.1,51.85,52.0,52.1,52.49,2512711,1318.91,8618, 1225658, 48.78,0.48778311552741244,2024-06-06
UTTAMSUGAR, EQ, 06-Jun-2024,306.35,309.3,317.35,308.0,314.85,313.65,313.46,69263,217.12,4347, 30623, 44.21,0.4421263878261121,2024-06-06
V2RETAIL, BE, 06-Jun-2024,508.65,514.9,534.05,500.0,529.0,532.4,519.03,65036,337.56,427, -, -,,2024-06-06
VADILALIND, EQ, 06-Jun-2024,4191.45,4229.05,4455.35,4197.0,4368.0,4363.7,4337.41,28213,1223.71,5828, 11355, 40.25,0.40247403679154997,2024-06-06
VAIBHAVGBL, EQ, 06-Jun-2024,294.4,310.0,314.7,299.1,309.25,309.0,307.5,887910,2730.3,33045, 322836, 36.36,0.3635909044835625,2024-06-06
VAISHALI, EQ, 06-Jun-2024,133.3,134.35,139.35,134.0,138.15,137.65,136.71,21677,29.63,397, 12352, 56.98,0.5698205471236795,2024-06-06
VAKRANGEE, EQ, 06-Jun-2024,21.4,21.8,22.35,21.6,22.25,22.2,22.1,5857221,1294.31,8028, 2305843, 39.37,0.3936752599910435,2024-06-06
VALIANTLAB, EQ, 06-Jun-2024,135.5,138.45,143.6,135.6,139.9,140.05,139.92,152897,213.93,4382, 37258, 24.37,0.24368038614230494,2024-06-06
VALIANTORG, EQ, 06-Jun-2024,393.6,393.85,401.8,390.3,394.0,392.05,395.94,25282,100.1,2588, 11730, 46.40,0.4639664583498141,2024-06-06
VARDHACRLC, EQ, 06-Jun-2024,52.9,53.35,54.0,52.4,53.25,53.0,53.28,59541,31.72,560, 41767, 70.15,0.7014830117062193,2024-06-06
VARDMNPOLY, EQ, 06-Jun-2024,9.05,9.4,9.5,9.05,9.5,9.45,9.34,315740,29.49,453, 266066, 84.27,0.842674352315196,2024-06-06
VARROC, EQ, 06-Jun-2024,580.6,579.9,598.0,563.75,581.3,584.85,588.61,457799,2694.63,25597, 150450, 32.86,0.3286376772338952,2024-06-06
VASCONEQ, EQ, 06-Jun-2024,62.95,63.1,65.7,62.95,64.1,64.05,64.3,1171626,753.36,5678, 456494, 38.96,0.3896243340451646,2024-06-06
VASWANI, BE, 06-Jun-2024,30.4,30.45,30.65,30.45,30.65,30.65,30.56,6939,2.12,51, -, -,,2024-06-06
VBL, EQ, 06-Jun-2024,1494.0,1500.0,1512.3,1496.0,1498.25,1499.4,1500.85,1794242,26928.83,99998, 1358937, 75.74,0.7573877994161323,2024-06-06
VCL, BE, 06-Jun-2024,0.7,0.65,0.75,0.65,0.75,0.75,0.74,5411548,39.99,1036, -, -,,2024-06-06
VEDL, EQ, 06-Jun-2024,440.7,451.0,458.0,446.3,450.0,449.9,452.99,13579110,61512.55,154424, 5836960, 42.98,0.42984849522538665,2024-06-06
VENKEYS, EQ, 06-Jun-2024,1777.5,1762.2,1798.0,1750.1,1774.25,1778.85,1784.99,25369,452.83,3512, 11911, 46.95,0.4695100319287319,2024-06-06
VENUSPIPES, EQ, 06-Jun-2024,2032.4,2049.95,2175.7,2008.95,2136.0,2138.4,2097.7,158495,3324.76,19372, 78606, 49.60,0.49595255370831887,2024-06-06
VENUSREM, EQ, 06-Jun-2024,304.05,305.8,316.1,300.0,312.0,312.95,309.24,61167,189.15,2820, 32702, 53.46,0.534634688639299,2024-06-06
VERANDA, EQ, 06-Jun-2024,149.05,149.05,162.45,148.55,156.0,155.35,156.46,128687,201.35,4638, 62841, 48.83,0.48832438397040884,2024-06-06
VERTOZ, BE, 06-Jun-2024,657.55,656.0,690.0,645.15,655.0,657.45,664.7,41299,274.52,769, -, -,,2024-06-06
VESUVIUS, EQ, 06-Jun-2024,5062.65,5069.1,5390.0,5069.1,5340.0,5317.25,5299.68,18356,972.81,6187, 8077, 44.00,0.4400196121159294,2024-06-06
VETO, EQ, 06-Jun-2024,116.5,116.8,121.4,116.75,119.4,119.15,119.5,120365,143.84,1095, 64964, 53.97,0.5397250031155236,2024-06-06
VGUARD, EQ, 06-Jun-2024,378.5,380.0,404.55,376.35,395.2,396.6,395.96,1693589,6705.94,61902, 705884, 41.68,0.41679770003229827,2024-06-06
VHL, EQ, 06-Jun-2024,2877.0,2916.55,2999.0,2916.55,2974.9,2963.3,2962.64,735,21.78,354, 375, 51.02,0.5102040816326531,2024-06-06
VHLTD, BE, 06-Jun-2024,85.85,90.1,90.1,90.1,90.1,90.1,90.1,221,0.2,13, -, -,,2024-06-06
VIDHIING, EQ, 06-Jun-2024,465.3,465.3,478.0,464.15,468.1,469.4,471.06,45240,213.11,2901, 21663, 47.88,0.47884615384615387,2024-06-06
VIJAYA, EQ, 06-Jun-2024,850.6,867.45,879.5,811.0,818.0,815.45,822.68,363866,2993.46,21676, 127907, 35.15,0.35152226369047945,2024-06-06
VIJIFIN, BE, 06-Jun-2024,2.6,2.55,2.55,2.55,2.55,2.55,2.55,53089,1.35,65, -, -,,2024-06-06
VIKASECO, EQ, 06-Jun-2024,3.6,3.6,3.8,3.6,3.75,3.7,3.73,5027366,187.57,5665, 2609182, 51.90,0.5189958320122307,2024-06-06
VIKASLIFE, EQ, 06-Jun-2024,4.75,4.75,4.95,4.75,4.95,4.95,4.92,15048374,740.87,9059, 6610802, 43.93,0.4393034091257966,2024-06-06
VIMTALABS, EQ, 06-Jun-2024,475.45,469.2,485.95,466.85,482.85,482.0,477.9,16431,78.52,1820, 6398, 38.94,0.3893859168644635,2024-06-06
VINATIORGA, EQ, 06-Jun-2024,1691.85,1691.85,1706.95,1680.95,1694.0,1693.05,1699.31,212938,3618.48,7287, 184239, 86.52,0.865223680132245,2024-06-06
VINDHYATEL, EQ, 06-Jun-2024,2121.05,2126.35,2189.0,2124.05,2140.0,2138.65,2161.24,12969,280.29,2260, 6449, 49.73,0.4972627033695736,2024-06-06
VINEETLAB, EQ, 06-Jun-2024,59.45,59.0,59.8,57.9,58.0,58.3,58.63,12996,7.62,175, 8922, 68.65,0.6865189289012004,2024-06-06
VINNY, EQ, 06-Jun-2024,4.05,4.05,4.25,4.05,4.25,4.25,4.2,377726,15.87,406, 284064, 75.20,0.7520371909797049,2024-06-06
VINYLINDIA, EQ, 06-Jun-2024,349.5,349.6,359.75,349.6,356.65,356.55,356.03,23191,82.57,1616, 12118, 52.25,0.522530291923591,2024-06-06
VIPCLOTHNG, EQ, 06-Jun-2024,31.65,32.0,34.0,32.0,33.35,33.55,33.24,164282,54.6,832, 102925, 62.65,0.6265141646680707,2024-06-06
VIPIND, EQ, 06-Jun-2024,491.2,491.2,494.9,482.45,485.0,484.9,485.98,468834,2278.45,17413, 298574, 63.68,0.6368437442676939,2024-06-06
VIPULLTD, BE, 06-Jun-2024,39.9,39.1,40.65,39.1,40.65,40.65,40.37,167296,67.54,69, -, -,,2024-06-06
VIRINCHI, EQ, 06-Jun-2024,34.75,35.0,35.95,34.6,35.25,35.35,35.34,456714,161.4,1834, 277528, 60.77,0.6076625634423294,2024-06-06
VISAKAIND, EQ, 06-Jun-2024,99.35,100.3,104.0,99.85,101.0,101.65,102.39,278905,285.57,2426, 172393, 61.81,0.6181065237267169,2024-06-06
VISASTEEL, BE, 06-Jun-2024,22.2,23.3,23.3,22.45,23.3,23.3,23.25,50721,11.79,139, -, -,,2024-06-06
VISHNU, EQ, 06-Jun-2024,326.2,331.0,354.9,330.15,350.75,352.15,344.84,643427,2218.77,31366, 332035, 51.60,0.5160414468152564,2024-06-06
VISHWARAJ, EQ, 06-Jun-2024,14.9,14.9,15.3,14.9,15.25,15.15,15.19,427121,64.88,1155, 211993, 49.63,0.4963300797666235,2024-06-06
VIVIDHA, BE, 06-Jun-2024,1.0,1.0,1.0,1.0,1.0,1.0,1.0,179893,1.8,108, -, -,,2024-06-06
VLEGOV, BE, 06-Jun-2024,57.7,57.0,58.6,56.1,57.4,57.25,57.13,155060,88.59,816, -, -,,2024-06-06
VLSFINANCE, EQ, 06-Jun-2024,241.8,244.9,255.2,243.9,253.75,254.15,250.35,52484,131.39,3934, 25066, 47.76,0.47759317125219114,2024-06-06
VMART, EQ, 06-Jun-2024,2414.3,2442.0,2500.0,2401.95,2451.0,2471.75,2471.8,132923,3285.59,13131, 90163, 67.83,0.6783099990219902,2024-06-06
VOLTAMP, EQ, 06-Jun-2024,10366.4,10800.0,10800.0,10301.0,10384.0,10355.8,10517.07,24399,2566.06,7823, 13627, 55.85,0.5585064961678757,2024-06-06
VOLTAS, EQ, 06-Jun-2024,1459.7,1466.9,1478.2,1440.0,1450.0,1449.55,1454.22,1186354,17252.17,59722, 465607, 39.25,0.3924688583677385,2024-06-06
VPRPL, EQ, 06-Jun-2024,164.9,167.0,178.2,166.95,176.5,176.4,173.12,1291937,2236.64,24075, 559795, 43.33,0.43329899213351736,2024-06-06
VRLLOG, EQ, 06-Jun-2024,537.25,549.5,565.0,545.0,559.0,556.6,555.11,75365,418.36,5325, 37553, 49.83,0.4982816957473628,2024-06-06
VSSL, EQ, 06-Jun-2024,292.2,293.0,304.8,292.65,299.5,300.05,299.07,108063,323.18,7658, 51641, 47.79,0.47787864486456977,2024-06-06
VSTIND, EQ, 06-Jun-2024,4081.3,4090.0,4168.0,4090.0,4147.8,4152.3,4142.52,32546,1348.23,5512, 18333, 56.33,0.5632950285749401,2024-06-06
VSTL, BE, 06-Jun-2024,244.9,244.9,252.0,241.0,248.8,247.25,248.43,17150,42.6,620, -, -,,2024-06-06
VSTTILLERS, EQ, 06-Jun-2024,3462.8,3500.0,3710.0,3474.6,3670.0,3650.2,3636.91,49045,1783.72,8789, 29581, 60.31,0.6031399734937303,2024-06-06
VTL, EQ, 06-Jun-2024,464.75,469.95,485.0,468.05,472.65,471.75,477.25,456832,2180.22,24833, 115481, 25.28,0.2527865823760157,2024-06-06
WABAG, EQ, 06-Jun-2024,945.55,959.75,1087.0,951.3,1084.0,1078.05,1050.2,2956142,31045.29,99432, 1045893, 35.38,0.3538033693915921,2024-06-06
WALCHANNAG, EQ, 06-Jun-2024,190.1,195.0,199.6,188.05,199.6,199.25,196.25,401416,787.77,4715, 259954, 64.76,0.6475925224704546,2024-06-06
WANBURY, EQ, 06-Jun-2024,143.1,148.7,148.7,142.2,144.55,145.3,145.59,38240,55.67,645, 26305, 68.79,0.6878922594142259,2024-06-06
WEALTH, EQ, 06-Jun-2024,797.95,805.95,830.0,802.55,817.05,821.8,821.99,3563,29.29,544, 1978, 55.52,0.5551501543642997,2024-06-06
WEBELSOLAR, BE, 06-Jun-2024,568.45,585.0,585.0,563.0,572.0,571.2,577.89,87098,503.33,2317, -, -,,2024-06-06
WEIZMANIND, EQ, 06-Jun-2024,108.8,109.6,114.0,109.6,112.8,112.7,112.96,10167,11.48,222, 4013, 39.47,0.39470837021736993,2024-06-06
WEL, BE, 06-Jun-2024,887.95,887.0,932.3,870.0,932.3,930.9,928.48,5208,48.36,318, -, -,,2024-06-06
WELCORP, EQ, 06-Jun-2024,492.6,497.0,520.65,495.9,518.0,509.25,506.69,1977254,10018.5,70079, 1088475, 55.05,0.5504983173633736,2024-06-06
WELENT, EQ, 06-Jun-2024,428.55,434.0,451.1,434.0,442.55,442.9,445.03,272177,1211.27,18191, 115039, 42.27,0.422662458620677,2024-06-06
WELINV, EQ, 06-Jun-2024,734.9,735.45,770.95,721.0,721.0,722.4,733.33,629,4.61,155, 325, 51.67,0.5166931637519873,2024-06-06
WELSPUNLIV, EQ, 06-Jun-2024,130.0,133.0,135.8,131.55,134.5,134.7,133.6,1983706,2650.22,30074, 1103296, 55.62,0.5561791918762156,2024-06-06
WENDT, EQ, 06-Jun-2024,13608.4,14149.0,16330.05,13806.2,16330.05,15900.2,15207.68,5220,793.84,2301, 2427, 46.49,0.4649425287356322,2024-06-06
WESTLIFE, EQ, 06-Jun-2024,790.2,792.55,820.0,792.05,819.5,812.7,806.17,72672,585.86,12101, 33420, 45.99,0.45987450462351387,2024-06-06
WEWIN, BE, 06-Jun-2024,68.0,68.0,71.4,68.0,71.4,71.4,71.17,27710,19.72,69, -, -,,2024-06-06
WHEELS, EQ, 06-Jun-2024,649.05,649.5,698.9,649.5,680.95,678.9,680.48,121639,827.73,8694, 65167, 53.57,0.5357410041187448,2024-06-06
WHIRLPOOL, EQ, 06-Jun-2024,1537.1,1541.55,1567.65,1531.55,1548.5,1543.35,1549.04,63828,988.72,8608, 35060, 54.93,0.549288713417309,2024-06-06
WILLAMAGOR, EQ, 06-Jun-2024,35.3,35.85,35.9,34.2,35.1,35.0,34.9,17277,6.03,159, 11411, 66.05,0.6604734618278636,2024-06-06
WINDLAS, EQ, 06-Jun-2024,637.0,637.0,677.7,637.0,665.0,664.6,659.16,107067,705.75,9335, 56483, 52.75,0.5275481707715729,2024-06-06
WINDMACHIN, EQ, 06-Jun-2024,72.4,73.5,77.5,72.6,74.7,75.05,75.28,115100,86.65,1450, 55771, 48.45,0.4845438748913988,2024-06-06
WINSOME, BE, 06-Jun-2024,3.4,3.45,3.45,3.4,3.4,3.4,3.42,55203,1.89,78, -, -,,2024-06-06
WIPL, EQ, 06-Jun-2024,161.3,157.9,166.05,153.45,164.0,163.6,161.04,6433,10.36,499, 1030, 16.01,0.16011192289755946,2024-06-06
WIPRO, EQ, 06-Jun-2024,451.5,454.95,462.0,452.6,461.6,461.0,458.2,7712784,35339.83,150107, 3056234, 39.63,0.3962556192420273,2024-06-06
WOCKPHARMA, EQ, 06-Jun-2024,520.1,528.0,546.1,524.1,546.0,545.4,539.42,400257,2159.07,9226, 294513, 73.58,0.7358097422406104,2024-06-06
WONDERLA, EQ, 06-Jun-2024,853.85,863.0,870.9,847.9,852.0,850.95,857.19,153692,1317.44,9195, 92026, 59.88,0.5987689665044374,2024-06-06
WORTH, EQ, 06-Jun-2024,104.85,106.55,110.0,105.25,109.95,109.1,107.99,12118,13.09,200, 5853, 48.30,0.4830004951312098,2024-06-06
WSI, EQ, 06-Jun-2024,132.8,132.25,138.0,130.95,134.0,132.4,134.27,145510,195.37,3866, 83876, 57.64,0.5764277369252973,2024-06-06
WSTCSTPAPR, EQ, 06-Jun-2024,577.8,582.0,585.0,565.0,572.0,573.45,571.29,546555,3122.43,21700, 316908, 57.98,0.5798281966133326,2024-06-06
XCHANGING, EQ, 06-Jun-2024,112.95,114.7,116.4,112.6,114.75,114.8,114.28,423358,483.82,4707, 204718, 48.36,0.4835576509715182,2024-06-06
XELPMOC, BE, 06-Jun-2024,109.8,110.0,115.25,110.0,115.25,115.25,114.79,25930,29.76,176, -, -,,2024-06-06
XPROINDIA, EQ, 06-Jun-2024,918.65,944.0,999.9,932.95,999.9,989.0,971.64,34849,338.61,3961, 24066, 69.06,0.6905793566529886,2024-06-06
YAARI, BE, 06-Jun-2024,10.3,10.0,10.75,10.0,10.65,10.6,10.41,40487,4.21,208, -, -,,2024-06-06
YASHO, EQ, 06-Jun-2024,1724.6,1725.0,1765.0,1725.0,1765.0,1764.1,1751.25,9591,167.96,2093, 5433, 56.65,0.5664685642790116,2024-06-06
YATHARTH, EQ, 06-Jun-2024,419.25,422.0,423.5,406.7,408.9,408.75,413.22,175156,723.78,10683, 110347, 63.00,0.6299926922286418,2024-06-06
YATRA, EQ, 06-Jun-2024,125.4,125.4,129.15,125.35,127.9,127.05,127.47,113534,144.72,7727, 65779, 57.94,0.5793771028942871,2024-06-06
YESBANK, EQ, 06-Jun-2024,22.65,22.85,23.3,22.8,22.9,22.9,23.01,172088732,39605.51,122510, 49778066, 28.93,0.2892581369011424,2024-06-06
YUKEN, EQ, 06-Jun-2024,1170.85,1244.95,1287.9,1212.05,1240.0,1243.45,1265.64,136230,1724.18,3976, 88398, 64.89,0.6488879101519489,2024-06-06
ZAGGLE, EQ, 06-Jun-2024,267.85,271.0,284.0,271.0,283.0,282.8,277.74,1849943,5137.94,31161, 732325, 39.59,0.3958635482282427,2024-06-06
ZEEL, EQ, 06-Jun-2024,146.3,151.0,157.55,150.25,154.65,153.55,153.82,30871486,47485.93,101867, 11552565, 37.42,0.3742147365371398,2024-06-06
ZEELEARN, BE, 06-Jun-2024,7.2,7.3,7.3,7.3,7.3,7.3,7.3,400440,29.23,198, -, -,,2024-06-06
ZEEMEDIA, EQ, 06-Jun-2024,12.95,13.05,14.5,13.05,14.5,14.4,13.94,18373890,2561.96,10304, 9553528, 52.00,0.5199513004595108,2024-06-06
ZENITHEXPO, EQ, 06-Jun-2024,170.1,170.1,179.85,170.1,177.55,176.45,175.03,2289,4.01,109, 1033, 45.13,0.45128877238968984,2024-06-06
ZENITHSTL, EQ, 06-Jun-2024,7.2,7.35,7.5,7.15,7.45,7.4,7.41,262527,19.45,683, 146721, 55.89,0.5588796580923105,2024-06-06
ZENSARTECH, EQ, 06-Jun-2024,606.05,615.0,675.0,613.95,671.8,667.75,650.47,2984627,19414.11,68778, 1188598, 39.82,0.3982400480864108,2024-06-06
ZENTEC, EQ, 06-Jun-2024,899.55,909.95,944.4,905.0,928.9,917.05,924.1,373766,3453.96,12670, 178139, 47.66,0.47660568377005935,2024-06-06
ZFCVINDIA, EQ, 06-Jun-2024,16803.5,16889.9,17385.95,16600.0,17000.0,16986.25,17052.66,4210,717.92,1852, 2031, 48.24,0.48242280285035627,2024-06-06
ZIMLAB, EQ, 06-Jun-2024,102.1,102.8,106.0,102.0,105.2,104.8,104.25,115900,120.83,1653, 70721, 61.02,0.6101898188093183,2024-06-06
ZODIAC, BE, 06-Jun-2024,611.85,615.05,624.05,615.05,624.05,624.05,619.32,16562,102.57,360, -, -,,2024-06-06
ZODIACLOTH, EQ, 06-Jun-2024,106.65,108.65,109.85,106.8,108.7,108.6,108.33,14440,15.64,312, 8423, 58.33,0.5833102493074792,2024-06-06
ZOMATO, EQ, 06-Jun-2024,183.8,185.0,185.8,182.5,183.1,183.65,184.37,20887553,38510.97,141222, 11565064, 55.37,0.5536820899987662,2024-06-06
ZOTA, EQ, 06-Jun-2024,459.55,471.95,478.9,462.55,470.5,470.05,470.91,34065,160.42,929, 27588, 80.99,0.8098634962571555,2024-06-06
ZUARI, EQ, 06-Jun-2024,168.3,170.0,175.0,170.0,172.0,171.95,172.99,129863,224.66,3572, 76795, 59.14,0.5913539653326968,2024-06-06
ZUARIIND, EQ, 06-Jun-2024,278.95,279.0,293.0,279.0,287.7,286.95,287.94,84877,244.4,4641, 45307, 53.38,0.5337959635708143,2024-06-06
ZYDUSLIFE, EQ, 06-Jun-2024,1048.65,1057.0,1062.95,1033.95,1047.0,1045.0,1043.96,1909045,19929.64,82460, 1160241, 60.78,0.6077599008928548,2024-06-06
ZYDUSWELL, EQ, 06-Jun-2024,1895.35,1929.35,1932.15,1861.0,1889.0,1881.3,1890.3,43602,824.21,8403, 19288, 44.24,0.44236502912710424,2024-06-06
