SYMBOL,SERIES,DATE1,PREV_CLOSE,OPEN_PRICE,HIGH_PRICE,LOW_PRICE,LAST_PRICE,CLOSE_PRICE,AVG_PRICE,TTL_TRD_QNTY,TURNOVER_LACS,NO_OF_TRADES,DELIV_QTY,DELIV_PER,DELIVERY_PCT,DATE
20MICRONS, BE, 07-Jan-2025,247.97,242.0,254.9,239.25,250.0,250.13,244.93,83202,203.79,751, -, -,,2025-01-07
21STCENMGM, BE, 07-Jan-2025,91.14,92.74,92.74,89.31,90.75,90.04,90.25,5604,5.06,107, -, -,,2025-01-07
360ONE, EQ, 07-Jan-2025,1257.9,1235.0,1253.35,1197.0,1208.0,1217.3,1225.58,1064624,13047.77,48996, 777311, 73.01,0.7301272561956146,2025-01-07
3IINFOLTD, EQ, 07-Jan-2025,29.85,29.94,30.74,29.94,30.23,30.3,30.31,477361,144.7,3029, 201943, 42.30,0.4230404243329472,2025-01-07
3MINDIA, EQ, 07-Jan-2025,30275.4,30057.0,31255.0,29900.0,31000.0,30957.75,30441.5,7413,2256.63,3598, 2684, 36.21,0.3620666396870363,2025-01-07
3PLAND, BE, 07-Jan-2025,59.62,57.0,59.47,57.0,58.8,58.25,58.06,14332,8.32,196, -, -,,2025-01-07
5PAISA, EQ, 07-Jan-2025,456.4,457.0,471.85,440.0,467.6,464.15,462.03,24984,115.43,2960, 10553, 42.24,0.4223903298110791,2025-01-07
63MOONS, EQ, 07-Jan-2025,861.6,866.0,904.65,865.6,904.65,904.65,901.03,453261,4084.03,3333, 168714, 37.22,0.3722226266985247,2025-01-07
A2ZINFRA, BE, 07-Jan-2025,24.86,23.61,23.61,23.61,23.61,23.61,23.61,171099,40.4,264, -, -,,2025-01-07
AAATECH, EQ, 07-Jan-2025,103.64,104.0,106.2,103.2,104.9,104.38,104.3,10527,10.98,495, 5096, 48.41,0.48408853424527404,2025-01-07
AADHARHFC, EQ, 07-Jan-2025,421.15,421.1,426.0,419.95,425.7,424.05,423.27,218934,926.68,10984, 118917, 54.32,0.543163693167804,2025-01-07
AAKASH, EQ, 07-Jan-2025,9.84,9.89,10.24,9.7,9.88,9.82,9.91,161654,16.01,799, 116860, 72.29,0.7229020005691168,2025-01-07
AAREYDRUGS, BE, 07-Jan-2025,58.41,58.41,58.41,57.4,58.13,58.13,58.12,3587,2.08,22, -, -,,2025-01-07
AARON, EQ, 07-Jan-2025,368.35,368.35,377.5,368.35,373.55,372.5,372.02,6209,23.1,559, 3036, 48.90,0.4889676276373007,2025-01-07
AARTECH, EQ, 07-Jan-2025,95.6,100.38,100.38,97.52,100.38,100.38,100.32,560173,561.98,1116, 277212, 49.49,0.4948685495373751,2025-01-07
AARTIDRUGS, EQ, 07-Jan-2025,461.85,462.95,462.95,454.0,457.2,457.1,457.45,101499,464.31,10027, 37404, 36.85,0.36851594596991105,2025-01-07
AARTIIND, EQ, 07-Jan-2025,403.85,406.0,414.25,404.8,405.5,405.35,408.37,1170873,4781.45,24034, 571250, 48.79,0.4878838268539799,2025-01-07
AARTIPHARM, EQ, 07-Jan-2025,647.25,650.4,674.45,648.7,667.5,667.95,663.71,222620,1477.56,20072, 86807, 38.99,0.3899335190009882,2025-01-07
AARTISURF, EQ, 07-Jan-2025,642.45,642.4,650.95,633.0,634.5,635.95,639.55,6870,43.94,612, 4597, 66.91,0.6691411935953421,2025-01-07
AARVEEDEN, BE, 07-Jan-2025,121.6,120.0,124.0,119.5,124.0,124.0,120.85,125813,152.05,335, -, -,,2025-01-07
AARVI, EQ, 07-Jan-2025,133.11,133.11,135.0,133.11,135.0,134.54,134.36,4973,6.68,213, 3211, 64.57,0.6456867082244119,2025-01-07
AAVAS, EQ, 07-Jan-2025,1691.0,1698.0,1709.7,1682.1,1690.1,1699.45,1695.72,98439,1669.25,11873, 47095, 47.84,0.4784181066447241,2025-01-07
ABAN, EQ, 07-Jan-2025,60.2,60.2,62.2,60.2,61.6,61.79,61.53,44368,27.3,1221, 23533, 53.04,0.5304047962495492,2025-01-07
ABB, EQ, 07-Jan-2025,6620.3,6627.65,6741.9,6627.65,6670.6,6706.2,6701.74,207775,13924.53,35815, 112821, 54.30,0.5429960293586813,2025-01-07
ABBOTINDIA, EQ, 07-Jan-2025,29950.6,30000.0,30668.0,29905.05,30000.0,29959.65,30218.59,19691,5950.34,9563, 8101, 41.14,0.41140622619470824,2025-01-07
ABCAPITAL, EQ, 07-Jan-2025,176.27,177.4,180.35,176.0,179.19,179.83,178.99,2965351,5307.79,29458, 1574444, 53.09,0.5309469266875996,2025-01-07
ABDL, EQ, 07-Jan-2025,424.35,424.5,435.45,423.75,430.05,432.65,430.66,294726,1269.27,8349, 139718, 47.41,0.47406065294544764,2025-01-07
ABFRL, EQ, 07-Jan-2025,265.55,266.25,271.7,266.0,269.8,270.55,269.38,1154333,3109.51,17343, 440869, 38.19,0.3819253196434651,2025-01-07
ABGSEC, EQ, 07-Jan-2025,104.66,104.41,105.02,104.41,105.02,105.02,104.43,415,0.43,6, 402, 96.87,0.9686746987951808,2025-01-07
ABINFRA, BE, 07-Jan-2025,91.72,94.9,94.9,88.61,90.22,89.55,92.42,2775,2.56,28, -, -,,2025-01-07
ABMINTLLTD, BE, 07-Jan-2025,62.8,62.8,62.8,62.0,62.0,62.0,62.2,197,0.12,5, -, -,,2025-01-07
ABREL, EQ, 07-Jan-2025,2244.7,2272.0,2324.5,2234.05,2310.0,2311.7,2285.45,288430,6591.92,34378, 154314, 53.50,0.5350136948306348,2025-01-07
ABSLAMC, EQ, 07-Jan-2025,795.0,795.0,825.0,795.0,821.7,820.5,817.69,364934,2984.01,32822, 201860, 55.31,0.5531411159278116,2025-01-07
ABSLBANETF, EQ, 07-Jan-2025,50.7,51.02,51.33,50.1,51.06,50.86,50.95,24555,12.51,425, 17173, 69.94,0.6993687639991855,2025-01-07
ABSLLIQUID, EQ, 07-Jan-2025,999.99,1000.0,1000.01,999.99,1000.0,1000.0,1000.0,2455,24.55,41, 1863, 75.89,0.7588594704684317,2025-01-07
ABSLNN50ET, EQ, 07-Jan-2025,69.76,70.59,70.59,69.25,70.0,69.73,69.86,18974,13.26,499, 15548, 81.94,0.8194371244861389,2025-01-07
ABSLPSE, EQ, 07-Jan-2025,9.54,9.75,9.76,9.5,9.62,9.6,9.61,183748,17.65,2062, 146889, 79.94,0.7994046193700067,2025-01-07
ACC, EQ, 07-Jan-2025,1984.1,1985.3,2028.4,1985.3,2008.3,2018.75,2012.36,144388,2905.6,14080, 56966, 39.45,0.39453417181483225,2025-01-07
ACCELYA, EQ, 07-Jan-2025,1515.65,1525.7,1582.95,1514.3,1560.0,1563.5,1545.67,9576,148.01,1599, 4293, 44.83,0.4483082706766917,2025-01-07
ACCURACY, EQ, 07-Jan-2025,10.38,10.25,10.56,10.2,10.38,10.32,10.36,203002,21.04,1185, 143249, 70.57,0.705653146274421,2025-01-07
ACE, EQ, 07-Jan-2025,1446.35,1452.85,1502.15,1452.85,1490.9,1492.5,1481.47,245408,3635.64,25396, 59213, 24.13,0.24128390272525754,2025-01-07
ACEINTEG, EQ, 07-Jan-2025,30.41,30.34,30.78,29.8,29.89,29.89,30.15,9815,2.96,184, 7867, 80.15,0.8015282730514519,2025-01-07
ACI, EQ, 07-Jan-2025,641.95,640.9,653.7,636.0,646.15,651.0,643.97,105004,676.19,8713, 34563, 32.92,0.3291588891851739,2025-01-07
ACL, EQ, 07-Jan-2025,80.79,78.82,82.0,78.82,79.15,79.63,80.13,25269,20.25,1298, 13303, 52.65,0.5264553405358344,2025-01-07
ACLGATI, EQ, 07-Jan-2025,86.44,87.74,88.25,86.12,87.95,87.71,87.25,248765,217.04,3707, 122643, 49.30,0.49300745683677366,2025-01-07
ACMESOLAR, EQ, 07-Jan-2025,228.37,229.76,234.95,229.61,231.5,233.04,232.47,407503,947.33,10630, 172578, 42.35,0.4235011766784539,2025-01-07
ADANIENSOL, EQ, 07-Jan-2025,768.6,777.0,792.4,773.8,780.0,781.55,783.84,1188943,9319.41,47252, 326909, 27.50,0.27495767248724284,2025-01-07
ADANIENT, EQ, 07-Jan-2025,2474.45,2474.65,2525.0,2474.65,2524.8,2520.55,2510.58,1019131,25586.11,69952, 357939, 35.12,0.3512198137432774,2025-01-07
ADANIGREEN, EQ, 07-Jan-2025,982.6,986.95,1014.8,985.1,1008.5,1005.5,1004.51,2637204,26491.09,92159, 630495, 23.91,0.23907706798563932,2025-01-07
ADANIPORTS, EQ, 07-Jan-2025,1163.05,1163.05,1182.15,1162.05,1172.4,1174.0,1175.91,2010913,23646.53,68259, 820078, 40.78,0.40781376419566634,2025-01-07
ADANIPOWER, EQ, 07-Jan-2025,498.3,498.95,521.45,497.55,508.75,509.85,512.08,5606797,28711.35,101228, 1170404, 20.87,0.2087473471930587,2025-01-07
ADFFOODS, EQ, 07-Jan-2025,281.0,282.5,300.2,279.55,291.65,294.6,292.52,337617,987.6,5623, 139786, 41.40,0.4140372078420222,2025-01-07
ADL, EQ, 07-Jan-2025,93.98,94.55,94.88,92.41,93.0,93.01,93.74,1465,1.37,68, 1150, 78.50,0.7849829351535836,2025-01-07
ADORWELD, EQ, 07-Jan-2025,1095.1,1092.0,1135.0,1085.1,1129.05,1128.8,1110.76,16775,186.33,2242, 7942, 47.34,0.4734426229508197,2025-01-07
ADROITINFO, BE, 07-Jan-2025,20.19,20.09,21.0,19.36,20.25,20.28,20.08,18345,3.68,114, -, -,,2025-01-07
ADSL, EQ, 07-Jan-2025,227.37,228.0,233.5,227.53,233.4,232.63,230.8,207992,480.05,4919, 95545, 45.94,0.4593686295626755,2025-01-07
ADVANIHOTR, EQ, 07-Jan-2025,66.19,66.19,67.28,64.38,66.5,66.55,66.6,39236,26.13,1218, 18533, 47.23,0.4723468243449893,2025-01-07
ADVENZYMES, EQ, 07-Jan-2025,345.0,346.5,348.35,343.6,345.5,345.2,345.82,133285,460.93,12687, 81450, 61.11,0.6110965224894024,2025-01-07
AEGISLOG, EQ, 07-Jan-2025,846.3,855.0,1015.55,855.0,998.0,963.95,914.15,20364428,186160.55,457121, 1030766, 5.06,0.05061600551707124,2025-01-07
AEROFLEX, EQ, 07-Jan-2025,200.84,200.9,209.63,200.9,206.85,207.29,205.38,513139,1053.87,11983, 202515, 39.47,0.3946591469367949,2025-01-07
AETHER, EQ, 07-Jan-2025,883.2,871.1,911.9,870.0,891.95,900.2,893.39,36714,328.0,3344, 18221, 49.63,0.49629569101705073,2025-01-07
AFCONS, EQ, 07-Jan-2025,528.65,534.55,537.0,525.3,528.9,526.8,530.29,919475,4875.87,25158, 312510, 33.99,0.33987873514777456,2025-01-07
AFFLE, EQ, 07-Jan-2025,1709.05,1713.95,1750.0,1705.8,1734.0,1734.05,1733.24,180275,3124.59,16762, 98941, 54.88,0.5488337262515601,2025-01-07
AFFORDABLE, EQ, 07-Jan-2025,628.7,634.0,636.0,611.95,622.5,631.1,624.41,9373,58.53,892, 5454, 58.19,0.5818841352821935,2025-01-07
AFIL, EQ, 07-Jan-2025,77.93,79.01,82.2,79.01,79.2,79.72,80.6,398344,321.05,2713, 194301, 48.78,0.4877718755648384,2025-01-07
AGARIND, EQ, 07-Jan-2025,1236.1,1225.0,1268.0,1225.0,1252.0,1253.3,1249.93,16736,209.19,1744, 8907, 53.22,0.5322060229445507,2025-01-07
AGI, EQ, 07-Jan-2025,999.45,1004.0,1075.0,996.0,1071.75,1070.15,1043.79,292637,3054.52,24255, 129860, 44.38,0.44375796635422043,2025-01-07
AGIIL, EQ, 07-Jan-2025,1770.5,1770.55,1778.75,1715.0,1740.0,1762.7,1754.06,9757,171.14,1141, 4304, 44.11,0.4411191964743261,2025-01-07
AGRITECH, EQ, 07-Jan-2025,191.66,196.0,197.32,192.62,196.02,195.76,195.5,11667,22.81,673, 5643, 48.37,0.4836718950887118,2025-01-07
AGROPHOS, EQ, 07-Jan-2025,40.38,40.38,41.88,40.11,40.27,40.47,40.89,58201,23.8,870, 24629, 42.32,0.42317142317142314,2025-01-07
AGSTRA, EQ, 07-Jan-2025,63.6,64.0,65.8,63.03,65.0,64.88,64.5,481495,310.55,3841, 238206, 49.47,0.49472164819987746,2025-01-07
AHL, EQ, 07-Jan-2025,243.65,247.3,251.0,244.05,247.95,246.4,247.94,140918,349.39,1297, 115614, 82.04,0.8204345789750067,2025-01-07
AHLADA, EQ, 07-Jan-2025,90.18,89.3,104.81,89.3,98.3,98.15,99.87,231167,230.86,3563, 70815, 30.63,0.3063369771636955,2025-01-07
AHLEAST, EQ, 07-Jan-2025,166.2,172.0,172.0,161.01,165.84,165.54,166.57,7212,12.01,323, 5049, 70.01,0.7000831946755408,2025-01-07
AHLUCONT, EQ, 07-Jan-2025,962.6,972.9,980.0,950.15,978.5,977.55,968.6,46327,448.73,6914, 21384, 46.16,0.46158827465624797,2025-01-07
AIAENG, EQ, 07-Jan-2025,3341.95,3320.0,3376.0,3320.0,3337.95,3343.25,3345.18,12707,425.07,4680, 6156, 48.45,0.4844573856929252,2025-01-07
AIIL, EQ, 07-Jan-2025,1874.95,1901.05,1970.3,1891.0,1938.0,1936.0,1932.68,107162,2071.1,11279, 40684, 37.96,0.37964950262219815,2025-01-07
AIRAN, EQ, 07-Jan-2025,31.88,31.88,32.79,31.8,32.1,32.13,32.13,163104,52.4,1763, 102306, 62.72,0.627243967039435,2025-01-07
AIROLAM, EQ, 07-Jan-2025,127.6,127.6,130.57,126.0,128.25,128.38,127.9,12205,15.61,1008, 3222, 26.40,0.2639901679639492,2025-01-07
AJANTPHARM, EQ, 07-Jan-2025,2947.25,2964.7,3094.25,2912.05,2999.0,2998.25,3032.22,270599,8205.17,46807, 67949, 25.11,0.25110587991825545,2025-01-07
AJMERA, EQ, 07-Jan-2025,1096.8,1085.25,1224.9,1085.25,1155.9,1157.05,1165.67,280910,3274.49,17126, 76220, 27.13,0.27133245523477273,2025-01-07
AJOONI, EQ, 07-Jan-2025,7.65,7.8,8.03,7.58,8.03,8.03,7.86,1096652,86.21,1683, 764563, 69.72,0.6971792327921711,2025-01-07
AKASH, EQ, 07-Jan-2025,34.44,35.0,35.0,34.16,34.65,34.39,34.5,3818,1.32,143, 2439, 63.88,0.6388161341016239,2025-01-07
AKG, EQ, 07-Jan-2025,18.09,17.8,18.49,17.73,18.12,17.96,18.06,38851,7.02,242, 21781, 56.06,0.5606290700368073,2025-01-07
AKI, BE, 07-Jan-2025,11.78,11.95,11.95,11.22,11.8,11.77,11.54,58008,6.69,354, -, -,,2025-01-07
AKSHAR, BE, 07-Jan-2025,0.72,0.75,0.75,0.72,0.73,0.72,0.73,1343292,9.79,1747, -, -,,2025-01-07
AKSHARCHEM, EQ, 07-Jan-2025,299.45,298.85,301.85,297.0,298.1,298.6,298.93,5500,16.44,313, 3398, 61.78,0.6178181818181818,2025-01-07
AKSHOPTFBR, BE, 07-Jan-2025,12.16,11.7,12.4,11.55,11.86,11.93,11.97,305348,36.54,628, -, -,,2025-01-07
AKUMS, EQ, 07-Jan-2025,607.6,610.6,620.9,610.0,613.3,611.6,615.21,110518,679.92,4493, 46368, 41.96,0.4195515662606996,2025-01-07
AKZOINDIA, EQ, 07-Jan-2025,3419.95,3440.0,3793.0,3397.95,3636.35,3630.8,3614.27,49180,1777.5,9664, 14066, 28.60,0.2860105734038227,2025-01-07
ALANKIT, EQ, 07-Jan-2025,21.56,21.49,21.97,21.35,21.85,21.85,21.76,449463,97.79,1852, 181983, 40.49,0.40488983520334265,2025-01-07
ALBERTDAVD, EQ, 07-Jan-2025,1322.05,1347.8,1365.0,1313.0,1350.0,1353.8,1347.39,4182,56.35,793, 2642, 63.18,0.6317551410808225,2025-01-07
ALEMBICLTD, EQ, 07-Jan-2025,128.08,128.65,135.0,128.65,134.93,134.13,133.44,556006,741.93,11546, 221303, 39.80,0.3980226832084546,2025-01-07
ALICON, EQ, 07-Jan-2025,1002.1,1005.1,1042.0,996.55,1016.95,1013.7,1012.04,16267,164.63,2826, 8339, 51.26,0.5126329378496343,2025-01-07
ALKALI, EQ, 07-Jan-2025,110.4,111.0,113.4,111.0,111.0,111.72,112.05,8649,9.69,481, 4598, 53.16,0.5316221528500404,2025-01-07
ALKEM, EQ, 07-Jan-2025,5527.0,5527.15,5669.9,5517.5,5535.0,5562.8,5592.29,112844,6310.56,31096, 48795, 43.24,0.43241111623125733,2025-01-07
ALKYLAMINE, EQ, 07-Jan-2025,1732.6,1733.8,1750.0,1726.15,1738.0,1735.65,1737.61,25980,451.43,5629, 11921, 45.89,0.4588529638183218,2025-01-07
ALLCARGO, EQ, 07-Jan-2025,48.11,48.2,48.61,47.44,47.85,47.87,47.87,2775783,1328.89,27178, 1480844, 53.35,0.5334869476468441,2025-01-07
ALLDIGI, EQ, 07-Jan-2025,962.6,968.8,1039.95,964.35,1032.0,1030.45,1010.58,23107,233.51,2283, 15766, 68.23,0.6823040637036396,2025-01-07
ALMONDZ, BE, 07-Jan-2025,33.75,33.16,33.16,33.07,33.07,33.07,33.08,1649824,545.78,250, -, -,,2025-01-07
ALOKINDS, EQ, 07-Jan-2025,19.93,19.9,20.3,19.89,20.22,20.19,20.14,6563892,1322.13,17986, 1728439, 26.33,0.2633253258889695,2025-01-07
ALPA, EQ, 07-Jan-2025,130.45,132.9,135.01,127.51,133.25,134.49,132.37,162731,215.41,2293, 85533, 52.56,0.5256097486035236,2025-01-07
ALPHA, EQ, 07-Jan-2025,53.36,53.28,53.67,52.75,53.4,53.44,53.3,554722,295.66,4432, 364977, 65.79,0.6579457818510894,2025-01-07
ALPHAETF, EQ, 07-Jan-2025,26.07,26.18,26.31,26.02,26.08,26.11,26.17,254787,66.68,1683, 135355, 53.12,0.5312476696220765,2025-01-07
ALPHAGEO, EQ, 07-Jan-2025,422.3,433.0,444.0,423.2,431.05,430.6,433.89,15333,66.53,1019, 4857, 31.68,0.3167677558207787,2025-01-07
ALPL30IETF, EQ, 07-Jan-2025,27.92,28.01,28.06,26.41,27.8,27.46,27.74,510548,141.64,2418, 343658, 67.31,0.6731159460031182,2025-01-07
ALPSINDUS, BE, 07-Jan-2025,2.8,2.76,2.76,2.66,2.66,2.66,2.67,20968,0.56,70, -, -,,2025-01-07
AMBER, EQ, 07-Jan-2025,7664.8,7648.8,8177.0,7614.55,7975.0,8060.4,7964.59,1550475,123489.03,218183, 311908, 20.12,0.2011693190796369,2025-01-07
AMBICAAGAR, EQ, 07-Jan-2025,30.1,30.75,31.9,29.41,30.51,31.54,30.73,41806,12.85,1415, 5879, 14.06,0.1406257475003588,2025-01-07
AMBIKCO, EQ, 07-Jan-2025,1601.65,1600.5,1626.0,1590.25,1607.0,1606.2,1607.37,12564,201.95,1794, 7027, 55.93,0.5592964024196115,2025-01-07
AMBUJACEM, EQ, 07-Jan-2025,529.9,532.65,539.7,525.3,535.15,535.75,535.13,758941,4061.32,30674, 260669, 34.35,0.3434641164464695,2025-01-07
AMDIND, EQ, 07-Jan-2025,62.08,63.5,64.48,61.65,61.73,62.15,62.84,8152,5.12,353, 3676, 45.09,0.45093228655544654,2025-01-07
AMIORG, EQ, 07-Jan-2025,2074.45,2095.6,2225.9,2095.6,2212.0,2211.55,2191.05,314799,6897.4,37188, 120043, 38.13,0.3813322151595145,2025-01-07
AMJLAND, EQ, 07-Jan-2025,62.56,63.5,65.0,62.82,64.7,63.69,63.84,69698,44.49,1680, 28154, 40.39,0.40394272432494477,2025-01-07
AMNPLST, EQ, 07-Jan-2025,298.2,304.8,308.05,292.45,294.4,293.75,298.13,32018,95.45,1540, 11250, 35.14,0.3513648572677869,2025-01-07
AMRUTANJAN, EQ, 07-Jan-2025,705.75,705.6,721.55,705.6,720.25,719.6,716.65,9963,71.4,2104, 5936, 59.58,0.5958044765632842,2025-01-07
ANANDRATHI, EQ, 07-Jan-2025,3860.4,3868.95,3939.5,3868.95,3880.65,3897.35,3902.67,47475,1852.79,8974, 30674, 64.61,0.6461084781463928,2025-01-07
ANANTRAJ, EQ, 07-Jan-2025,856.15,853.3,889.6,849.05,884.0,884.65,874.65,1292689,11306.51,53958, 511342, 39.56,0.39556459442294317,2025-01-07
ANDHRAPAP, EQ, 07-Jan-2025,90.97,91.25,97.01,91.22,93.79,94.93,93.85,461632,433.26,3854, 173820, 37.65,0.37653368917232777,2025-01-07
ANDHRSUGAR, EQ, 07-Jan-2025,94.87,94.88,97.5,94.88,95.41,95.83,96.06,124902,119.98,1480, 55106, 44.12,0.44119389601447534,2025-01-07
ANGELONE, EQ, 07-Jan-2025,2751.85,2775.0,2802.6,2695.15,2755.0,2761.45,2743.18,1582035,43398.08,115273, 265914, 16.81,0.16808351269093288,2025-01-07
ANIKINDS, BE, 07-Jan-2025,105.42,105.4,110.69,103.0,110.69,110.05,107.53,9088,9.77,121, -, -,,2025-01-07
ANMOL, EQ, 07-Jan-2025,25.01,25.2,25.39,24.75,25.01,25.1,25.18,67956,17.11,729, 32099, 47.23,0.47234975572429216,2025-01-07
ANTGRAPHIC, EQ, 07-Jan-2025,1.39,1.42,1.45,1.4,1.45,1.45,1.44,221624,3.18,458, 153072, 69.07,0.6906833194960834,2025-01-07
ANUHPHR, EQ, 07-Jan-2025,214.6,217.5,228.59,216.89,223.03,223.24,222.84,74578,166.19,5462, 38925, 52.19,0.5219367641931937,2025-01-07
ANUP, EQ, 07-Jan-2025,3435.85,3474.0,3550.0,3411.05,3515.0,3492.85,3498.92,30876,1080.33,7234, 13708, 44.40,0.4439694260914626,2025-01-07
ANURAS, EQ, 07-Jan-2025,710.75,714.95,720.4,706.8,711.0,709.35,712.0,42236,300.72,3059, 9073, 21.48,0.21481674400984943,2025-01-07
APARINDS, EQ, 07-Jan-2025,11154.15,11179.15,11750.0,11095.0,11670.0,11666.0,11440.99,162658,18609.68,41314, 42141, 25.91,0.2590773278904204,2025-01-07
APCL, EQ, 07-Jan-2025,159.35,163.3,163.3,156.15,162.0,159.76,160.0,7923,12.68,493, 3880, 48.97,0.4897134923640035,2025-01-07
APCOTEXIND, EQ, 07-Jan-2025,365.9,368.6,371.5,367.3,371.1,369.2,369.26,10491,38.74,716, 6264, 59.71,0.5970832141835859,2025-01-07
APEX, EQ, 07-Jan-2025,244.75,248.4,258.4,246.85,252.5,252.7,252.59,107167,270.69,2854, 42971, 40.10,0.4009723142385249,2025-01-07
APLAPOLLO, EQ, 07-Jan-2025,1591.75,1590.0,1613.4,1577.55,1591.45,1593.15,1595.26,370954,5917.68,27671, 215453, 58.08,0.5808078629695326,2025-01-07
APLLTD, EQ, 07-Jan-2025,1065.55,1072.05,1098.05,1063.0,1090.0,1091.5,1083.38,113292,1227.39,16032, 32036, 28.28,0.2827737174734315,2025-01-07
APOLLO, EQ, 07-Jan-2025,128.59,128.0,138.44,127.5,135.69,135.65,134.98,14432343,19480.76,69927, 3928080, 27.22,0.2721720236277644,2025-01-07
APOLLOHOSP, EQ, 07-Jan-2025,7429.15,7466.25,7545.35,7345.2,7430.0,7436.75,7454.47,398234,29686.25,49799, 153234, 38.48,0.38478382056780686,2025-01-07
APOLLOPIPE, EQ, 07-Jan-2025,448.0,450.55,451.95,442.95,450.0,449.8,448.2,33040,148.08,2464, 16884, 51.10,0.5110169491525424,2025-01-07
APOLLOTYRE, EQ, 07-Jan-2025,500.75,501.35,505.65,496.55,498.4,498.1,500.38,2127349,10644.86,40518, 1268334, 59.62,0.596204007899033,2025-01-07
APOLSINHOT, EQ, 07-Jan-2025,1720.4,1744.0,1744.0,1701.3,1715.0,1717.85,1725.77,2404,41.49,295, 1884, 78.37,0.78369384359401,2025-01-07
APTECHT, EQ, 07-Jan-2025,172.74,173.95,177.68,173.54,174.98,174.19,175.04,71836,125.74,1898, 27672, 38.52,0.3852107578372961,2025-01-07
APTUS, EQ, 07-Jan-2025,287.45,290.0,294.95,288.05,294.0,293.95,292.31,423587,1238.21,24115, 260661, 61.54,0.6153659106629807,2025-01-07
ARCHIDPLY, EQ, 07-Jan-2025,106.8,107.0,109.0,106.01,108.7,108.27,107.46,11817,12.7,476, 6397, 54.13,0.5413387492595413,2025-01-07
ARCHIES, EQ, 07-Jan-2025,24.17,24.65,25.15,24.43,24.45,24.82,24.91,17613,4.39,414, 9786, 55.56,0.5556123318003747,2025-01-07
ARE&M, EQ, 07-Jan-2025,1147.6,1147.6,1162.25,1137.0,1140.0,1140.35,1149.18,328285,3772.57,30601, 160304, 48.83,0.48830741581248,2025-01-07
ARENTERP, BE, 07-Jan-2025,55.22,52.45,56.0,52.45,52.45,52.55,53.01,6484,3.44,52, -, -,,2025-01-07
ARIES, BE, 07-Jan-2025,289.85,285.4,288.75,275.4,285.0,280.7,279.64,84123,235.25,981, -, -,,2025-01-07
ARIHANTCAP, EQ, 07-Jan-2025,96.91,97.55,104.7,97.55,101.39,102.19,101.11,434232,439.06,4167, 138770, 31.96,0.3195757106800052,2025-01-07
ARIHANTSUP, EQ, 07-Jan-2025,531.15,528.0,553.6,528.0,546.65,537.15,543.26,224623,1220.29,6090, 102959, 45.84,0.45836356918036,2025-01-07
ARKADE, EQ, 07-Jan-2025,172.29,174.9,184.39,173.75,182.0,182.54,179.98,4384989,7891.93,40691, 1391154, 31.73,0.3172537034870555,2025-01-07
ARMANFIN, EQ, 07-Jan-2025,1212.05,1214.05,1254.95,1208.95,1240.9,1239.2,1230.61,16417,202.03,2425, 6761, 41.18,0.41182920143753426,2025-01-07
AROGRANITE, EQ, 07-Jan-2025,47.7,49.25,49.25,46.12,48.49,48.2,47.61,17141,8.16,349, 9554, 55.74,0.5573770491803278,2025-01-07
ARROWGREEN, EQ, 07-Jan-2025,767.4,769.15,805.75,766.05,805.75,803.35,792.19,34288,271.63,2299, 19682, 57.40,0.5740200653289781,2025-01-07
ARSHIYA, BZ, 07-Jan-2025,3.17,3.14,3.28,3.03,3.21,3.21,3.22,473508,15.26,125, -, -,,2025-01-07
ARTEMISMED, EQ, 07-Jan-2025,319.55,321.2,345.85,321.2,340.65,339.8,337.67,444223,1499.99,10513, 196463, 44.23,0.44226210709486,2025-01-07
ARTNIRMAN, BE, 07-Jan-2025,55.99,55.99,55.99,54.0,55.99,55.03,55.0,3957,2.18,65, -, -,,2025-01-07
ARVEE, EQ, 07-Jan-2025,167.62,166.0,169.84,162.6,162.9,163.24,164.3,1106,1.82,84, 546, 49.37,0.4936708860759494,2025-01-07
ARVIND, EQ, 07-Jan-2025,397.1,397.1,430.0,397.1,424.55,427.95,422.09,2125338,8970.92,62908, 1187537, 55.88,0.5587520667300919,2025-01-07
ARVINDFASN, EQ, 07-Jan-2025,504.0,518.5,529.7,505.0,524.45,527.95,521.25,360105,1877.05,21721, 147533, 40.97,0.4096943946904375,2025-01-07
ARVSMART, EQ, 07-Jan-2025,890.4,899.0,907.0,873.55,875.0,878.6,892.17,61279,546.71,4244, 40561, 66.19,0.6619070154539075,2025-01-07
ASAHIINDIA, EQ, 07-Jan-2025,692.9,695.0,707.7,690.05,705.0,700.3,698.71,105540,737.42,11557, 17478, 16.56,0.16560545764638998,2025-01-07
ASAHISONG, EQ, 07-Jan-2025,355.9,369.0,369.0,356.25,358.05,361.8,361.29,1221,4.41,153, 708, 57.99,0.5798525798525799,2025-01-07
ASAL, EQ, 07-Jan-2025,648.35,647.05,658.8,643.35,650.0,647.25,650.17,15975,103.86,1718, 7424, 46.47,0.4647261345852895,2025-01-07
ASALCBR, EQ, 07-Jan-2025,1095.0,1095.0,1122.0,1072.0,1110.0,1113.35,1105.83,35810,396.0,2329, 23896, 66.73,0.6672996369729126,2025-01-07
ASHAPURMIN, EQ, 07-Jan-2025,418.05,418.95,449.0,418.95,439.0,442.05,436.93,500691,2187.65,6427, 293000, 58.52,0.5851912656708429,2025-01-07
ASHIANA, EQ, 07-Jan-2025,361.65,363.0,372.25,360.65,360.9,363.05,366.06,76457,279.88,3230, 31571, 41.29,0.4129249120420629,2025-01-07
ASHIMASYN, BE, 07-Jan-2025,33.8,33.15,34.0,33.15,34.0,34.0,33.61,67483,22.68,140, -, -,,2025-01-07
ASHOKA, EQ, 07-Jan-2025,277.95,290.0,294.95,282.65,292.9,293.35,289.34,3755387,10865.9,61619, 820335, 21.84,0.21844220049757854,2025-01-07
ASHOKAMET, BE, 07-Jan-2025,22.65,22.65,22.65,22.01,22.34,22.17,22.25,24252,5.4,274, -, -,,2025-01-07
ASHOKLEY, EQ, 07-Jan-2025,226.16,226.32,229.2,223.55,223.98,224.52,225.69,4469843,10088.01,37554, 2259285, 50.55,0.5054506388703138,2025-01-07
ASIANENE, EQ, 07-Jan-2025,399.45,408.0,415.2,403.0,411.0,412.2,411.06,324079,1332.15,7029, 155110, 47.86,0.4786178678655513,2025-01-07
ASIANHOTNR, BE, 07-Jan-2025,296.65,281.85,281.85,281.85,281.85,281.85,281.85,8132,22.92,45, -, -,,2025-01-07
ASIANPAINT, EQ, 07-Jan-2025,2267.15,2272.0,2316.0,2272.0,2292.0,2292.6,2296.01,740798,17008.8,60009, 385482, 52.04,0.5203604761351948,2025-01-07
ASIANTILES, EQ, 07-Jan-2025,66.68,66.8,68.8,66.8,67.9,67.94,67.75,448872,304.12,2482, 204310, 45.52,0.455163164554706,2025-01-07
ASKAUTOLTD, EQ, 07-Jan-2025,470.7,473.95,485.95,471.05,478.2,477.85,478.48,158723,759.46,8885, 82589, 52.03,0.5203341670709349,2025-01-07
ASMS, EQ, 07-Jan-2025,22.12,23.76,24.33,22.12,23.87,23.57,23.74,3704692,879.38,7146, 2034467, 54.92,0.5491595522650736,2025-01-07
ASPINWALL, EQ, 07-Jan-2025,297.75,293.1,313.5,293.1,310.0,306.55,306.47,7027,21.54,529, 3539, 50.36,0.5036288601110004,2025-01-07
ASTEC, EQ, 07-Jan-2025,1219.3,1220.0,1263.85,1195.5,1249.9,1245.8,1235.37,142288,1757.79,10418, 58279, 40.96,0.4095847857865737,2025-01-07
ASTERDM, EQ, 07-Jan-2025,520.85,524.95,534.8,522.05,524.3,524.2,525.39,1079346,5670.74,29703, 691081, 64.03,0.6402775384353118,2025-01-07
ASTRAL, EQ, 07-Jan-2025,1556.45,1560.0,1594.9,1559.0,1583.95,1578.8,1578.9,817396,12905.84,41118, 553425, 67.71,0.6770586105143651,2025-01-07
ASTRAMICRO, EQ, 07-Jan-2025,766.7,770.0,791.0,761.35,785.0,787.0,776.89,128825,1000.83,8364, 65136, 50.56,0.5056161459344072,2025-01-07
ASTRAZEN, EQ, 07-Jan-2025,7275.4,7362.05,7388.3,6899.0,7051.0,7088.3,7224.49,26441,1910.23,7352, 6583, 24.90,0.24896940357777694,2025-01-07
ASTRON, EQ, 07-Jan-2025,21.27,22.17,22.17,20.51,20.72,20.92,20.99,51257,10.76,612, 30612, 59.72,0.5972257447763233,2025-01-07
ATALREAL, BE, 07-Jan-2025,13.66,13.38,13.93,13.38,13.93,13.93,13.54,376292,50.95,185, -, -,,2025-01-07
ATAM, EQ, 07-Jan-2025,130.99,134.5,134.5,130.0,133.45,131.16,131.17,13641,17.89,1104, 6818, 49.98,0.49981672897881385,2025-01-07
ATFL, EQ, 07-Jan-2025,916.0,921.05,949.0,903.5,941.0,941.55,927.54,16629,154.24,1452, 10319, 62.05,0.6205424258824944,2025-01-07
ATGL, EQ, 07-Jan-2025,703.8,707.85,717.9,700.0,702.0,703.3,707.76,641975,4543.63,35605, 176369, 27.47,0.27472876669652246,2025-01-07
ATL, EQ, 07-Jan-2025,36.91,36.81,37.34,36.56,37.2,36.99,37.0,232480,86.01,1956, 143621, 61.78,0.6177778733654508,2025-01-07
ATLANTAA, BE, 07-Jan-2025,47.03,47.02,49.38,46.0,49.38,48.66,48.01,20716,9.95,178, -, -,,2025-01-07
ATLASCYCLE, EQ, 07-Jan-2025,88.6,93.03,93.03,93.03,93.03,93.03,93.03,12415,11.55,66, 12415, 100.00,1.0,2025-01-07
ATUL, EQ, 07-Jan-2025,6805.1,6805.1,6958.0,6805.1,6900.0,6920.35,6915.27,20158,1393.98,6770, 7899, 39.19,0.39185435063002283,2025-01-07
ATULAUTO, EQ, 07-Jan-2025,544.0,540.4,560.05,540.4,557.5,555.1,555.02,37913,210.42,1925, 17252, 45.50,0.4550418062406035,2025-01-07
AUBANK, EQ, 07-Jan-2025,560.25,561.9,570.25,560.5,568.0,567.9,567.66,1344308,7631.1,31910, 772707, 57.48,0.5747990787825409,2025-01-07
AURIONPRO, EQ, 07-Jan-2025,1757.8,1765.0,1819.55,1747.3,1805.0,1802.9,1798.08,34852,626.67,5155, 19215, 55.13,0.5513313439687823,2025-01-07
AUROPHARMA, EQ, 07-Jan-2025,1312.8,1314.0,1328.0,1293.85,1301.85,1297.5,1309.43,1332147,17443.57,42922, 778949, 58.47,0.5847320153106226,2025-01-07
AURUM, EQ, 07-Jan-2025,241.6,241.6,257.31,241.38,254.08,254.6,250.79,111260,279.03,2773, 65071, 58.49,0.5848552939061658,2025-01-07
AUSOMENT, BE, 07-Jan-2025,98.73,103.45,103.45,99.0,99.55,99.55,101.51,2041,2.07,40, -, -,,2025-01-07
AUTOAXLES, EQ, 07-Jan-2025,1808.2,1802.7,1827.4,1751.05,1819.95,1806.65,1801.31,9090,163.74,1413, 4836, 53.20,0.532013201320132,2025-01-07
AUTOBEES, EQ, 07-Jan-2025,239.33,239.33,241.1,238.74,239.06,239.21,239.66,88169,211.31,2012, 37958, 43.05,0.43051412628021185,2025-01-07
AUTOIETF, EQ, 07-Jan-2025,23.96,24.39,24.39,23.87,23.94,23.95,24.01,204811,49.18,1824, 109096, 53.27,0.5326667024720352,2025-01-07
AUTOIND, EQ, 07-Jan-2025,104.47,104.52,106.0,103.95,105.65,104.47,104.89,49364,51.78,1361, 26805, 54.30,0.5430070496718257,2025-01-07
AVADHSUGAR, EQ, 07-Jan-2025,494.55,498.95,505.8,493.3,505.0,503.9,500.9,32796,164.28,2588, 12809, 39.06,0.39056592267349677,2025-01-07
AVALON, EQ, 07-Jan-2025,920.3,930.75,954.95,927.05,948.0,947.65,944.19,389603,3678.59,17503, 160306, 41.15,0.41145987068888074,2025-01-07
AVANTEL, EQ, 07-Jan-2025,149.31,158.49,158.49,148.0,150.0,150.21,150.6,910485,1371.15,24778, 403875, 44.36,0.4435822665941778,2025-01-07
AVANTIFEED, EQ, 07-Jan-2025,639.8,641.9,665.3,641.9,657.5,657.4,658.93,1126523,7423.04,48577, 103278, 9.17,0.09167855427718742,2025-01-07
AVG, EQ, 07-Jan-2025,350.65,353.65,359.0,347.55,349.45,348.8,350.64,33591,117.78,1520, 20738, 61.74,0.6173677473132685,2025-01-07
AVL, EQ, 07-Jan-2025,501.0,458.55,504.95,458.55,500.1,500.3,499.0,190478,950.49,11737, 126256, 66.28,0.6628377030418211,2025-01-07
AVONMORE, EQ, 07-Jan-2025,24.84,26.0,27.32,24.25,27.32,27.32,26.36,7891976,2080.69,17342, 3543287, 44.90,0.4489733623112893,2025-01-07
AVROIND, BE, 07-Jan-2025,222.47,226.91,226.91,226.91,226.91,226.91,226.91,12367,28.06,42, -, -,,2025-01-07
AVTNPL, EQ, 07-Jan-2025,74.72,74.72,75.7,74.0,74.8,74.82,74.95,41005,30.73,1146, 26015, 63.44,0.6344348250213389,2025-01-07
AWFIS, EQ, 07-Jan-2025,728.2,734.9,763.0,732.4,749.0,754.05,752.91,525300,3955.02,21704, 292589, 55.70,0.5569940986103179,2025-01-07
AWHCL, EQ, 07-Jan-2025,608.2,609.9,623.7,609.9,620.0,618.6,616.79,81105,500.25,3698, 38482, 47.45,0.4744713642808705,2025-01-07
AWL, EQ, 07-Jan-2025,325.1,326.2,330.0,319.5,328.95,329.1,326.82,2120008,6928.71,25600, 1396454, 65.87,0.6587022313123346,2025-01-07
AXISBANK, EQ, 07-Jan-2025,1063.4,1064.55,1070.5,1056.0,1066.0,1067.5,1066.12,4619462,49249.21,145454, 2954583, 63.96,0.639594610800998,2025-01-07
AXISBNKETF, EQ, 07-Jan-2025,509.82,499.62,515.72,499.62,513.47,513.64,512.65,711,3.64,110, 425, 59.77,0.5977496483825597,2025-01-07
AXISBPSETF, EQ, 07-Jan-2025,12.29,12.65,12.65,12.2,12.33,12.32,12.31,39425,4.85,584, 21386, 54.24,0.5424476854787571,2025-01-07
AXISCADES, BE, 07-Jan-2025,721.85,724.0,757.0,710.0,756.95,755.65,738.8,135581,1001.67,2035, -, -,,2025-01-07
AXISCETF, EQ, 07-Jan-2025,117.64,117.64,119.0,116.0,116.0,116.64,116.57,1580,1.84,91, 1132, 71.65,0.7164556962025317,2025-01-07
AXISGOLD, EQ, 07-Jan-2025,64.9,66.85,66.85,64.9,65.15,65.18,65.09,79735,51.9,1181, 49203, 61.71,0.6170815827428356,2025-01-07
AXISHCETF, EQ, 07-Jan-2025,150.34,147.35,152.5,147.35,151.43,151.26,152.02,3364,5.11,104, 2974, 88.41,0.8840665873959572,2025-01-07
AXISILVER, EQ, 07-Jan-2025,89.24,89.36,90.43,89.36,90.15,90.14,89.89,19670,17.68,237, 15768, 80.16,0.8016268429079817,2025-01-07
AXISNIFTY, EQ, 07-Jan-2025,256.75,260.5,260.5,253.03,257.71,257.7,257.81,16403,42.29,163, 14123, 86.10,0.8610010363957813,2025-01-07
AXISTECETF, EQ, 07-Jan-2025,464.66,467.78,467.79,461.18,463.0,462.99,463.32,2062,9.55,54, 1771, 85.89,0.8588748787584869,2025-01-07
AXITA, EQ, 07-Jan-2025,10.78,10.81,10.94,10.61,10.75,10.69,10.75,3076770,330.76,6667, 660496, 21.47,0.21467187992602632,2025-01-07
AXSENSEX, EQ, 07-Jan-2025,79.85,79.85,81.0,79.36,81.0,79.58,79.69,1705,1.36,45, 1126, 66.04,0.6604105571847507,2025-01-07
AYMSYNTEX, EQ, 07-Jan-2025,245.71,243.93,254.7,241.97,250.0,250.31,249.38,33466,83.46,908, 19938, 59.58,0.5957688400167334,2025-01-07
AZAD, EQ, 07-Jan-2025,1766.8,1774.95,1855.0,1774.95,1828.8,1837.25,1820.97,245787,4475.7,18277, 102832, 41.84,0.4183785147302339,2025-01-07
BAFNAPH, BE, 07-Jan-2025,79.6,79.99,82.84,79.61,82.84,82.81,81.9,1030,0.84,13, -, -,,2025-01-07
BAGFILMS, BE, 07-Jan-2025,9.9,9.91,10.19,9.71,9.75,9.8,9.86,143404,14.15,363, -, -,,2025-01-07
BAIDFIN, EQ, 07-Jan-2025,14.47,14.5,14.83,13.68,13.9,13.93,14.35,2667952,382.81,3983, 1112808, 41.71,0.417101956856795,2025-01-07
BAJAJ-AUTO, EQ, 07-Jan-2025,8823.85,8870.0,8887.95,8735.1,8807.0,8810.3,8810.54,270785,23857.63,38302, 143741, 53.08,0.5308307328692505,2025-01-07
BAJAJCON, EQ, 07-Jan-2025,196.43,199.4,202.1,194.48,195.43,195.26,196.49,440696,865.91,17325, 257862, 58.51,0.5851244395229365,2025-01-07
BAJAJELEC, EQ, 07-Jan-2025,759.45,765.7,796.0,752.95,795.0,781.55,770.19,21784,167.78,2901, 7874, 36.15,0.3614579507895703,2025-01-07
BAJAJFINSV, EQ, 07-Jan-2025,1684.6,1692.0,1703.65,1674.2,1680.05,1682.75,1690.06,1242573,21000.2,83242, 610520, 49.13,0.4913353179249831,2025-01-07
BAJAJHCARE, EQ, 07-Jan-2025,572.65,582.0,605.0,571.15,593.65,592.95,590.06,819967,4838.34,14885, 153975, 18.78,0.1877819473222703,2025-01-07
BAJAJHFL, EQ, 07-Jan-2025,122.78,123.0,123.25,120.5,121.25,120.78,121.67,12970931,15781.12,123079, 6874502, 53.00,0.5299929511613315,2025-01-07
BAJAJHIND, EQ, 07-Jan-2025,28.93,29.18,30.09,28.96,29.96,29.88,29.5,6177743,1822.19,21396, 1835921, 29.72,0.29718312982589273,2025-01-07
BAJAJHLDNG, EQ, 07-Jan-2025,11025.95,11136.2,11323.0,11045.0,11110.0,11101.3,11184.79,46066,5152.39,17886, 12209, 26.50,0.26503277905613687,2025-01-07
BAJEL, EQ, 07-Jan-2025,250.65,251.9,258.95,251.35,257.2,257.8,255.96,192356,492.36,3943, 80194, 41.69,0.4169040736966874,2025-01-07
BAJFINANCE, EQ, 07-Jan-2025,7349.35,7354.95,7446.9,7301.45,7339.85,7353.95,7371.34,1042538,76849.03,98286, 584902, 56.10,0.5610366240846857,2025-01-07
BALAJEE, EQ, 07-Jan-2025,67.61,68.49,69.46,68.16,68.44,68.77,68.78,125096,86.04,2059, 48935, 39.12,0.39117957408710113,2025-01-07
BALAJITELE, BE, 07-Jan-2025,77.93,77.02,79.75,76.15,77.5,77.11,78.11,82831,64.7,605, -, -,,2025-01-07
BALAMINES, EQ, 07-Jan-2025,1724.4,1724.4,1778.95,1724.4,1768.0,1766.35,1753.89,38507,675.37,6735, 13872, 36.02,0.36024618900459654,2025-01-07
BALAXI, EQ, 07-Jan-2025,78.69,78.69,83.75,78.69,82.0,81.86,82.19,166891,137.16,2390, 79788, 47.81,0.47808449826533483,2025-01-07
BALKRISHNA, EQ, 07-Jan-2025,23.65,24.29,26.18,23.77,25.75,25.5,24.87,64871,16.13,691, 38343, 59.11,0.5910653450694455,2025-01-07
BALKRISIND, EQ, 07-Jan-2025,2723.2,2723.2,2758.7,2710.85,2738.25,2738.55,2737.43,72013,1971.3,9695, 29536, 41.01,0.4101481676919445,2025-01-07
BALMLAWRIE, EQ, 07-Jan-2025,210.11,210.25,214.61,210.22,213.1,213.59,212.43,135934,288.76,7160, 63458, 46.68,0.4668294907822914,2025-01-07
BALPHARMA, BE, 07-Jan-2025,122.28,122.28,124.85,118.15,123.0,122.34,121.87,18495,22.54,164, -, -,,2025-01-07
BALRAMCHIN, EQ, 07-Jan-2025,505.5,508.0,511.5,494.05,508.0,509.45,503.25,615085,3095.42,22655, 197284, 32.07,0.3207426615833584,2025-01-07
BALUFORGE, EQ, 07-Jan-2025,739.95,742.0,767.9,741.95,759.2,757.85,758.35,199519,1513.04,11986, 92175, 46.20,0.4619860765140162,2025-01-07
BANARBEADS, BE, 07-Jan-2025,127.0,129.4,132.0,124.0,130.55,130.23,128.28,8759,11.24,144, -, -,,2025-01-07
BANARISUG, EQ, 07-Jan-2025,3651.8,3650.0,3700.0,3650.0,3650.0,3678.95,3668.87,257,9.43,119, 118, 45.91,0.4591439688715953,2025-01-07
BANCOINDIA, EQ, 07-Jan-2025,460.05,463.95,487.95,455.5,484.0,481.7,472.51,286640,1354.4,10370, 116605, 40.68,0.4067994697181133,2025-01-07
BANDHANBNK, EQ, 07-Jan-2025,151.61,152.02,155.36,152.02,154.81,154.98,154.1,8377149,12909.03,62406, 2976214, 35.53,0.35527767263062887,2025-01-07
BANG, BE, 07-Jan-2025,77.5,77.5,77.5,75.95,75.95,75.95,76.85,7723,5.94,56, -, -,,2025-01-07
BANKA, EQ, 07-Jan-2025,95.72,95.7,97.22,95.5,96.99,96.21,96.46,4566,4.4,142, 2635, 57.71,0.5770915462111257,2025-01-07
BANKBARODA, EQ, 07-Jan-2025,227.96,230.4,233.72,229.25,232.0,232.46,231.91,10569432,24511.83,71559, 4573707, 43.27,0.4327296868932976,2025-01-07
BANKBEES, EQ, 07-Jan-2025,511.53,513.99,516.9,511.54,514.7,514.41,514.85,582366,2998.33,8106, 276113, 47.41,0.47412280249877226,2025-01-07
BANKBETF, EQ, 07-Jan-2025,50.7,51.28,51.28,50.36,50.58,50.45,50.58,8466,4.28,230, 5823, 68.78,0.68781006378455,2025-01-07
BANKETF, EQ, 07-Jan-2025,503.65,506.53,509.18,504.27,506.37,506.9,506.88,3956,20.05,840, 3517, 88.90,0.8890293225480284,2025-01-07
BANKETFADD, EQ, 07-Jan-2025,50.72,50.96,51.19,50.69,50.94,50.97,51.0,5281,2.69,60, 4454, 84.34,0.8434008710471501,2025-01-07
BANKIETF, EQ, 07-Jan-2025,50.68,51.09,51.24,50.75,50.91,50.91,50.97,315523,160.82,1024, 172814, 54.77,0.5477065063402667,2025-01-07
BANKINDIA, EQ, 07-Jan-2025,99.81,100.17,101.13,99.53,100.24,100.21,100.27,6149090,6165.5,33072, 2062920, 33.55,0.3354837870319023,2025-01-07
BANKNIFTY1, EQ, 07-Jan-2025,512.7,515.95,518.43,511.78,514.58,515.23,515.37,14640,75.45,513, 12403, 84.72,0.8471994535519126,2025-01-07
BANKPSU, EQ, 07-Jan-2025,63.57,63.82,64.29,63.73,63.85,63.87,63.93,9377,5.99,60, 8719, 92.98,0.929828303295297,2025-01-07
BANSALWIRE, EQ, 07-Jan-2025,435.65,441.95,444.9,437.7,440.4,442.25,442.29,50960,225.39,6018, 23397, 45.91,0.4591248037676609,2025-01-07
BANSWRAS, EQ, 07-Jan-2025,139.29,142.28,144.73,139.5,144.3,143.46,142.16,39806,56.59,1136, 21243, 53.37,0.5336632668441943,2025-01-07
BARBEQUE, EQ, 07-Jan-2025,420.6,420.2,431.7,414.4,424.35,428.05,424.47,39522,167.76,2938, 18626, 47.13,0.4712818177217752,2025-01-07
BASF, EQ, 07-Jan-2025,5350.8,5385.0,5434.9,5340.0,5342.0,5364.25,5386.77,15412,830.21,4897, 6363, 41.29,0.41286010900596937,2025-01-07
BASML, EQ, 07-Jan-2025,54.33,54.0,58.49,54.0,55.03,55.11,55.88,115933,64.78,1059, 72945, 62.92,0.6291996239207128,2025-01-07
BATAINDIA, EQ, 07-Jan-2025,1423.95,1424.0,1442.0,1390.0,1427.25,1424.4,1428.37,85433,1220.3,9174, 22869, 26.77,0.2676834478480213,2025-01-07
BAYERCROP, EQ, 07-Jan-2025,5504.8,5539.95,5579.95,5497.55,5550.2,5563.25,5546.39,6418,355.97,2199, 2692, 41.94,0.41944531006544095,2025-01-07
BBETF0432, EQ, 07-Jan-2025,1215.0,1215.0,1238.0,1213.35,1220.1,1232.02,1220.27,452,5.52,38, 327, 72.35,0.7234513274336283,2025-01-07
BBL, EQ, 07-Jan-2025,3589.8,3619.0,3675.0,3564.05,3657.9,3658.2,3631.78,14309,519.67,4241, 6255, 43.71,0.4371374659305332,2025-01-07
BBNPNBETF, EQ, 07-Jan-2025,50.38,50.26,50.38,50.08,50.38,50.29,50.21,289,0.15,22, 264, 91.35,0.9134948096885813,2025-01-07
BBNPPGOLD, EQ, 07-Jan-2025,75.85,75.85,76.0,74.4,76.0,76.0,75.01,5521,4.14,24, 440, 7.97,0.07969570729940229,2025-01-07
BBOX, EQ, 07-Jan-2025,631.7,636.05,663.25,621.75,656.0,654.9,645.36,175949,1135.51,6088, 83780, 47.62,0.4761607056590262,2025-01-07
BBTC, EQ, 07-Jan-2025,2089.85,2100.9,2102.25,2045.1,2063.0,2064.0,2061.85,109584,2259.46,32456, 54020, 49.30,0.4929551759380931,2025-01-07
BBTCL, EQ, 07-Jan-2025,189.84,189.89,196.0,189.89,195.67,192.21,193.19,2924,5.65,539, 800, 27.36,0.27359781121751026,2025-01-07
BCLIND, EQ, 07-Jan-2025,47.61,48.1,49.5,47.01,49.4,49.27,48.49,833357,404.09,7577, 314537, 37.74,0.3774336808834629,2025-01-07
BCONCEPTS, EQ, 07-Jan-2025,473.3,473.2,482.1,469.15,475.0,476.9,477.24,5431,25.92,463, 3861, 71.09,0.7109187994844411,2025-01-07
BDL, EQ, 07-Jan-2025,1132.15,1113.15,1188.7,1113.15,1182.35,1184.75,1160.63,656341,7617.67,43967, 261095, 39.78,0.397803885480261,2025-01-07
BEARDSELL, EQ, 07-Jan-2025,38.44,39.5,40.31,38.76,39.8,39.58,39.38,34600,13.63,936, 15979, 46.18,0.4618208092485549,2025-01-07
BECTORFOOD, EQ, 07-Jan-2025,1556.2,1568.8,1634.0,1540.0,1615.8,1609.05,1613.89,149553,2413.62,20516, 78180, 52.28,0.5227578182985296,2025-01-07
BEDMUTHA, EQ, 07-Jan-2025,195.15,195.15,203.79,193.21,203.5,202.47,198.94,11936,23.75,351, 7467, 62.56,0.6255864611260054,2025-01-07
BEL, EQ, 07-Jan-2025,282.15,282.15,288.2,281.05,286.4,287.0,285.57,13247733,37831.48,119709, 7239077, 54.64,0.5464389265695496,2025-01-07
BEML, EQ, 07-Jan-2025,3897.0,3907.5,3930.0,3810.0,3833.0,3838.6,3853.37,202236,7792.91,39381, 71354, 35.28,0.35282541189501376,2025-01-07
BEPL, EQ, 07-Jan-2025,127.34,126.55,132.0,126.21,129.45,128.95,129.46,769180,995.82,13036, 248981, 32.37,0.32369666397982266,2025-01-07
BERGEPAINT, EQ, 07-Jan-2025,447.6,447.15,452.7,447.15,451.2,451.25,450.66,376952,1698.77,14154, 105907, 28.10,0.2809561960143467,2025-01-07
BESTAGRO, EQ, 07-Jan-2025,587.45,588.05,598.35,586.35,588.7,588.85,590.72,25449,150.33,1662, 14045, 55.19,0.5518880899053008,2025-01-07
BFINVEST, EQ, 07-Jan-2025,622.3,625.05,643.55,622.3,638.0,638.1,633.71,36657,232.3,3057, 11867, 32.37,0.3237308017568268,2025-01-07
BFSI, EQ, 07-Jan-2025,23.89,24.6,24.6,23.89,24.02,24.02,24.01,113176,27.17,668, 70479, 62.27,0.6227380363327915,2025-01-07
BFUTILITIE, BZ, 07-Jan-2025,968.35,969.0,986.0,940.0,970.05,971.05,970.12,60440,586.34,1021, -, -,,2025-01-07
BGRENERGY, BE, 07-Jan-2025,109.96,112.15,112.15,112.15,112.15,112.15,112.15,1048912,1176.35,806, -, -,,2025-01-07
BHAGCHEM, EQ, 07-Jan-2025,302.6,307.0,307.0,300.0,304.5,304.35,303.81,56503,171.66,1551, 21724, 38.45,0.384475160610941,2025-01-07
BHAGERIA, BE, 07-Jan-2025,204.84,201.5,209.1,201.5,205.05,205.61,205.05,16730,34.3,176, -, -,,2025-01-07
BHAGYANGR, EQ, 07-Jan-2025,93.0,93.02,95.4,92.12,95.2,94.94,93.65,27466,25.72,969, 15603, 56.81,0.5680841768004078,2025-01-07
BHANDARI, EQ, 07-Jan-2025,6.65,6.65,6.85,6.61,6.8,6.78,6.74,763456,51.44,1584, 452674, 59.29,0.5929274247631822,2025-01-07
BHARATFORG, EQ, 07-Jan-2025,1260.75,1271.95,1290.0,1258.35,1267.0,1270.05,1269.72,823200,10452.36,40454, 403361, 49.00,0.48999149659863944,2025-01-07
BHARATGEAR, EQ, 07-Jan-2025,97.23,97.5,98.67,96.52,97.0,96.97,97.48,18301,17.84,473, 13404, 73.24,0.7324189934976231,2025-01-07
BHARATRAS, EQ, 07-Jan-2025,9604.4,9555.05,9817.2,9555.05,9650.0,9667.65,9736.65,5561,541.45,2593, 3890, 69.95,0.6995144758137025,2025-01-07
BHARATWIRE, EQ, 07-Jan-2025,209.37,212.5,219.9,210.51,218.32,218.74,215.64,84955,183.19,2635, 34420, 40.52,0.4051556706491672,2025-01-07
BHARTIARTL, EQ, 07-Jan-2025,1588.45,1594.0,1603.0,1584.05,1591.0,1590.85,1591.45,2830856,45051.79,110398, 1830885, 64.68,0.646760202567704,2025-01-07
BHARTIHEXA, EQ, 07-Jan-2025,1485.85,1503.9,1504.2,1475.1,1492.05,1494.1,1494.08,181805,2716.3,15871, 115272, 63.40,0.6340419680426831,2025-01-07
BHEL, EQ, 07-Jan-2025,219.82,221.0,226.28,218.65,224.5,224.82,222.93,12709847,28334.54,101058, 4259801, 33.52,0.3351575357280068,2025-01-07
BIGBLOC, EQ, 07-Jan-2025,98.89,99.59,102.89,98.1,99.9,99.93,100.55,200434,201.53,4088, 88852, 44.33,0.44329804324615585,2025-01-07
BIKAJI, EQ, 07-Jan-2025,728.1,737.55,744.45,721.0,724.0,725.8,729.95,427565,3121.0,37981, 224722, 52.56,0.5255855834785355,2025-01-07
BIL, BE, 07-Jan-2025,771.0,770.95,799.95,770.95,798.0,795.3,785.5,3008,23.63,66, -, -,,2025-01-07
BINANIIND, EQ, 07-Jan-2025,14.43,14.63,14.68,13.75,14.27,13.99,14.17,14950,2.12,201, 11143, 74.54,0.7453511705685619,2025-01-07
BIOCON, EQ, 07-Jan-2025,358.1,363.1,388.95,363.1,382.1,382.35,382.07,19915058,76089.77,199287, 2653131, 13.32,0.1332223586795479,2025-01-07
BIOFILCHEM, EQ, 07-Jan-2025,56.47,57.3,59.29,57.3,58.13,58.51,58.53,27681,16.2,892, 13387, 48.36,0.4836169213539973,2025-01-07
BIRLACABLE, EQ, 07-Jan-2025,207.6,209.6,209.73,205.0,208.14,207.38,207.03,24449,50.62,1377, 12010, 49.12,0.4912266350361978,2025-01-07
BIRLACORPN, EQ, 07-Jan-2025,1204.75,1203.0,1225.0,1200.0,1215.2,1221.55,1213.99,23396,284.02,5695, 9536, 40.76,0.40759104120362455,2025-01-07
BIRLAMONEY, BE, 07-Jan-2025,243.5,236.55,254.5,231.35,246.45,244.85,235.83,302638,713.71,1823, -, -,,2025-01-07
BLACKBUCK, EQ, 07-Jan-2025,432.3,424.6,439.0,415.0,428.7,425.1,426.35,272415,1161.44,5805, 84617, 31.06,0.31061799093295156,2025-01-07
BLAL, EQ, 07-Jan-2025,233.4,232.5,238.0,231.0,236.0,236.97,234.66,63957,150.08,1882, 29608, 46.29,0.4629360351486155,2025-01-07
BLBLIMITED, EQ, 07-Jan-2025,19.23,19.11,19.52,18.92,19.04,19.04,19.09,95239,18.18,446, 65429, 68.70,0.6869979735192515,2025-01-07
BLISSGVS, EQ, 07-Jan-2025,166.83,166.83,178.4,166.83,176.85,177.54,174.87,1119506,1957.64,13013, 255882, 22.86,0.22856688575139392,2025-01-07
BLKASHYAP, EQ, 07-Jan-2025,76.01,76.05,80.89,76.05,80.3,80.17,79.46,732157,581.76,5017, 460592, 62.91,0.6290891161321956,2025-01-07
BLS, EQ, 07-Jan-2025,479.25,483.0,502.0,483.0,499.0,499.6,495.79,2751534,13641.74,89643, 517715, 18.82,0.18815504369562577,2025-01-07
BLSE, EQ, 07-Jan-2025,199.53,200.0,207.5,198.84,206.0,205.45,203.02,264652,537.31,8732, 95928, 36.25,0.3624684491332013,2025-01-07
BLUECHIP, BE, 07-Jan-2025,9.51,9.31,9.31,9.31,9.31,9.31,9.31,138379,12.88,819, -, -,,2025-01-07
BLUECOAST, BE, 07-Jan-2025,20.0,21.0,21.0,21.0,21.0,21.0,21.0,2187,0.46,4, -, -,,2025-01-07
BLUEDART, EQ, 07-Jan-2025,6784.65,6755.0,6840.0,6713.35,6738.0,6741.2,6767.79,6279,424.95,2224, 2595, 41.33,0.41328236980410893,2025-01-07
BLUEJET, EQ, 07-Jan-2025,574.7,579.65,611.85,579.65,604.0,607.15,600.14,389818,2339.46,9962, 231448, 59.37,0.5937334858831558,2025-01-07
BLUESTARCO, EQ, 07-Jan-2025,2224.4,2220.0,2220.0,2110.0,2155.0,2153.4,2158.82,648118,13991.68,57866, 314568, 48.54,0.485356061704813,2025-01-07
BODALCHEM, EQ, 07-Jan-2025,66.88,67.49,68.49,66.41,67.97,68.06,67.55,141623,95.66,2081, 70076, 49.48,0.4948066345155801,2025-01-07
BOMDYEING, EQ, 07-Jan-2025,179.05,178.0,188.25,178.0,187.7,186.63,183.8,1192585,2191.93,23403, 388283, 32.56,0.32558098584168005,2025-01-07
BOROLTD, EQ, 07-Jan-2025,402.7,408.85,413.0,395.8,407.0,406.4,405.57,75330,305.52,8850, 33266, 44.16,0.44160361077923804,2025-01-07
BORORENEW, BE, 07-Jan-2025,521.0,519.95,547.05,494.95,547.05,547.05,536.59,436842,2344.06,4715, -, -,,2025-01-07
BOROSCI, EQ, 07-Jan-2025,167.86,169.7,171.68,165.0,166.0,166.47,167.73,83672,140.34,1747, 58250, 69.62,0.696170762023138,2025-01-07
BOSCHLTD, EQ, 07-Jan-2025,33471.1,33471.1,33675.9,32872.75,32974.95,32959.7,33121.86,11801,3908.71,6981, 5087, 43.11,0.4310651639691552,2025-01-07
BPCL, EQ, 07-Jan-2025,284.85,287.1,290.5,280.7,282.8,282.8,283.94,8306436,23584.89,93131, 3761433, 45.28,0.4528335618308502,2025-01-07
BPL, EQ, 07-Jan-2025,101.78,102.35,106.5,102.35,104.65,105.04,104.86,113276,118.78,2389, 46799, 41.31,0.41314135386136513,2025-01-07
BRIGADE, EQ, 07-Jan-2025,1254.0,1244.0,1264.7,1234.1,1252.5,1248.85,1247.74,79591,993.08,11826, 30995, 38.94,0.3894284529657876,2025-01-07
BRITANNIA, EQ, 07-Jan-2025,4791.25,4804.95,4885.8,4804.95,4825.0,4832.25,4849.38,450200,21831.89,52822, 272227, 60.47,0.6046801421590404,2025-01-07
BRNL, EQ, 07-Jan-2025,43.53,44.39,44.8,43.01,43.7,43.87,43.92,31324,13.76,893, 14470, 46.19,0.46194611160771293,2025-01-07
BROOKS, BE, 07-Jan-2025,194.97,198.86,198.86,193.45,193.45,193.45,197.48,59970,118.43,138, -, -,,2025-01-07
BSE, EQ, 07-Jan-2025,5089.0,5090.0,5465.0,5090.0,5360.5,5388.3,5313.25,2007278,106651.61,174384, 402345, 20.04,0.2004430876042083,2025-01-07
BSE500IETF, EQ, 07-Jan-2025,37.31,36.96,37.98,36.5,37.51,37.58,37.55,46046,17.29,770, 34235, 74.35,0.7434956347999826,2025-01-07
BSHSL, EQ, 07-Jan-2025,145.87,149.6,149.6,144.1,144.98,145.02,145.88,7499,10.94,486, 5006, 66.76,0.6675556740898787,2025-01-07
BSL, EQ, 07-Jan-2025,260.05,260.85,270.9,260.05,270.9,269.25,266.68,41035,109.43,1769, 15966, 38.91,0.38908249055684174,2025-01-07
BSLGOLDETF, EQ, 07-Jan-2025,68.44,69.4,69.4,68.27,68.5,68.54,68.54,17757,12.17,363, 8761, 49.34,0.4933828912541533,2025-01-07
BSLNIFTY, EQ, 07-Jan-2025,28.14,27.6,27.75,27.01,27.24,27.22,27.28,440741,120.22,6552, 341840, 77.56,0.7756029051075348,2025-01-07
BSLSENETFG, EQ, 07-Jan-2025,77.07,77.0,79.06,76.81,76.88,77.26,77.24,9267,7.16,92, 5224, 56.37,0.5637207294701629,2025-01-07
BSOFT, EQ, 07-Jan-2025,545.25,544.65,552.9,542.05,548.0,547.5,546.57,2135885,11674.17,44673, 1113146, 52.12,0.5211638267041531,2025-01-07
BTML, EQ, 07-Jan-2025,11.33,12.81,13.59,12.3,12.78,12.78,13.28,11454044,1520.61,17680, 3533196, 30.85,0.3084671230527838,2025-01-07
BURNPUR, EQ, 07-Jan-2025,6.65,6.9,6.9,6.41,6.56,6.54,6.67,246900,16.46,992, 128064, 51.87,0.5186877278250304,2025-01-07
BUTTERFLY, EQ, 07-Jan-2025,779.25,790.9,795.1,772.55,773.7,774.75,784.3,44433,348.49,592, 42769, 96.26,0.9625503567168546,2025-01-07
BVCL, EQ, 07-Jan-2025,48.21,48.95,50.3,47.5,49.8,49.37,49.15,59190,29.09,1589, 26826, 45.32,0.4532184490623416,2025-01-07
BYKE, BE, 07-Jan-2025,94.09,96.0,98.0,90.1,96.95,95.87,93.75,61172,57.35,241, -, -,,2025-01-07
CALSOFT, EQ, 07-Jan-2025,17.77,17.7,18.62,16.88,17.68,17.95,17.36,47908,8.32,314, 29407, 61.38,0.613822326125073,2025-01-07
CAMLINFINE, EQ, 07-Jan-2025,130.79,131.0,141.95,129.1,138.7,139.45,138.07,3066065,4233.37,32149, 1389230, 45.31,0.4530986785994426,2025-01-07
CAMPUS, EQ, 07-Jan-2025,300.2,302.4,306.0,297.15,302.5,302.0,301.23,491204,1479.67,20772, 152813, 31.11,0.3110988509865555,2025-01-07
CAMS, EQ, 07-Jan-2025,4852.6,4868.0,4969.0,4840.4,4888.0,4878.8,4897.61,244811,11989.89,39967, 89152, 36.42,0.3641666428387613,2025-01-07
CANBK, EQ, 07-Jan-2025,97.33,97.61,99.0,97.22,97.79,97.87,98.23,13157181,12924.64,71010, 5049493, 38.38,0.38378228588631563,2025-01-07
CANFINHOME, EQ, 07-Jan-2025,697.75,698.25,721.6,698.25,715.5,714.8,711.42,550218,3914.36,35219, 272647, 49.55,0.49552540992842836,2025-01-07
CANTABIL, EQ, 07-Jan-2025,285.7,287.0,322.6,287.0,304.65,304.3,311.58,3089017,9624.87,39130, 739507, 23.94,0.23939881198452453,2025-01-07
CAPACITE, EQ, 07-Jan-2025,410.6,413.95,435.45,413.05,430.25,430.45,427.69,741086,3169.53,25796, 236623, 31.93,0.3192922278925793,2025-01-07
CAPITALSFB, EQ, 07-Jan-2025,294.75,297.35,306.0,295.0,304.9,301.8,301.5,134113,404.35,3290, 75483, 56.28,0.5628313437176112,2025-01-07
CAPLIPOINT, EQ, 07-Jan-2025,2508.25,2594.95,2594.95,2515.0,2551.0,2550.8,2554.03,243741,6225.23,26029, 95308, 39.10,0.39102161720843026,2025-01-07
CAPTRUST, BE, 07-Jan-2025,99.06,99.0,99.0,97.07,97.07,97.07,97.86,1367,1.34,36, -, -,,2025-01-07
CARBORUNIV, EQ, 07-Jan-2025,1246.3,1246.7,1284.3,1246.7,1265.0,1272.05,1273.33,59825,761.77,14909, 30464, 50.92,0.5092185541161721,2025-01-07
CAREERP, EQ, 07-Jan-2025,386.6,389.0,397.5,384.6,396.8,394.45,389.7,10249,39.94,840, 4935, 48.15,0.4815103912576837,2025-01-07
CARERATING, EQ, 07-Jan-2025,1353.8,1351.0,1392.05,1346.2,1368.0,1373.6,1367.43,29930,409.27,3449, 15066, 50.34,0.503374540594721,2025-01-07
CARRARO, EQ, 07-Jan-2025,649.7,649.0,657.0,635.1,643.05,647.95,640.22,347154,2222.54,13198, 256462, 73.88,0.7387557107220427,2025-01-07
CARTRADE, EQ, 07-Jan-2025,1569.4,1570.1,1628.4,1545.1,1553.0,1557.1,1581.76,390594,6178.26,38238, 122428, 31.34,0.31344055464241644,2025-01-07
CARYSIL, EQ, 07-Jan-2025,738.2,732.25,748.9,732.25,738.8,737.85,741.65,28804,213.63,3725, 12415, 43.10,0.43101652548257186,2025-01-07
CASTROLIND, EQ, 07-Jan-2025,194.9,195.0,196.85,194.18,195.35,195.83,195.72,1491021,2918.27,33429, 596549, 40.01,0.4000942977999639,2025-01-07
CCCL, BE, 07-Jan-2025,16.68,17.51,17.51,17.51,17.51,17.51,17.51,92096,16.13,121, -, -,,2025-01-07
CCHHL, EQ, 07-Jan-2025,20.91,21.09,21.2,19.86,20.58,20.42,20.43,211061,43.12,890, 130020, 61.60,0.6160304366983953,2025-01-07
CCL, EQ, 07-Jan-2025,698.5,700.15,720.0,700.1,707.0,706.15,705.58,93287,658.21,7146, 36883, 39.54,0.3953712735965354,2025-01-07
CDSL, EQ, 07-Jan-2025,1731.25,1732.0,1772.0,1726.65,1755.0,1758.75,1750.81,2361921,41352.75,105831, 813071, 34.42,0.34424140350164123,2025-01-07
CEATLTD, EQ, 07-Jan-2025,3070.2,3071.95,3170.75,3071.95,3132.0,3144.0,3133.5,81735,2561.17,16584, 18303, 22.39,0.22393099651312168,2025-01-07
CEIGALL, EQ, 07-Jan-2025,337.05,339.8,348.35,336.1,343.3,343.25,342.31,158781,543.53,4425, 32823, 20.67,0.20671868800423224,2025-01-07
CELEBRITY, EQ, 07-Jan-2025,15.6,15.95,16.29,15.6,15.9,15.82,15.9,85668,13.62,708, 53468, 62.41,0.6241303637297474,2025-01-07
CELLO, EQ, 07-Jan-2025,742.05,742.55,747.95,732.8,734.8,734.4,737.34,226431,1669.56,21358, 158665, 70.07,0.7007211910029987,2025-01-07
CENTENKA, EQ, 07-Jan-2025,600.65,603.05,618.6,596.0,608.5,611.0,607.89,35531,215.99,3121, 17448, 49.11,0.49106414117249725,2025-01-07
CENTEXT, EQ, 07-Jan-2025,22.95,23.0,23.44,22.81,23.01,23.03,23.01,77007,17.72,647, 48097, 62.46,0.6245795836742114,2025-01-07
CENTRALBK, EQ, 07-Jan-2025,53.12,53.49,53.83,52.95,53.29,53.12,53.33,2695043,1437.13,21358, 873600, 32.42,0.3241506721785144,2025-01-07
CENTRUM, EQ, 07-Jan-2025,31.78,31.92,32.27,31.49,31.98,31.97,31.95,237952,76.02,1421, 101981, 42.86,0.4285780325443787,2025-01-07
CENTUM, EQ, 07-Jan-2025,2104.35,2105.0,2190.0,2105.0,2178.7,2152.45,2141.69,24696,528.91,4196, 11824, 47.88,0.4787819889860706,2025-01-07
CENTURYPLY, EQ, 07-Jan-2025,809.7,809.95,854.5,803.1,836.0,840.2,839.03,375085,3147.06,26386, 70247, 18.73,0.18728288254662276,2025-01-07
CERA, EQ, 07-Jan-2025,7288.2,7288.0,7420.0,7215.35,7406.0,7385.05,7339.67,11515,845.16,5370, 6290, 54.62,0.5462440295267043,2025-01-07
CEREBRAINT, BZ, 07-Jan-2025,9.76,9.99,9.99,9.32,9.5,9.5,9.51,94994,9.03,193, -, -,,2025-01-07
CESC, EQ, 07-Jan-2025,176.08,177.98,181.53,175.65,176.87,179.23,178.41,3797828,6775.83,36092, 1785725, 47.02,0.4701963859342761,2025-01-07
CEWATER, EQ, 07-Jan-2025,743.3,752.35,785.0,741.05,775.1,775.85,762.34,534631,4075.71,23300, 123723, 23.14,0.2314175571562442,2025-01-07
CGCL, EQ, 07-Jan-2025,182.81,183.35,187.0,182.31,185.68,185.64,184.67,40958,75.64,4071, 14024, 34.24,0.3423995312271107,2025-01-07
CGPOWER, EQ, 07-Jan-2025,714.3,720.0,728.65,709.95,717.0,718.0,719.48,1289563,9278.1,55563, 705919, 54.74,0.5474094712705002,2025-01-07
CHALET, EQ, 07-Jan-2025,955.2,957.95,967.5,943.0,953.0,957.75,959.27,267665,2567.63,18912, 157519, 58.85,0.5884930790353614,2025-01-07
CHAMBLFERT, EQ, 07-Jan-2025,479.6,480.95,505.5,480.65,502.55,502.15,500.41,2332248,11670.76,40220, 633723, 27.17,0.2717219609578398,2025-01-07
CHEMBOND, EQ, 07-Jan-2025,590.35,599.0,609.8,584.5,606.0,607.6,598.1,7932,47.44,1029, 4070, 51.31,0.5131114473020676,2025-01-07
CHEMCON, EQ, 07-Jan-2025,222.8,222.8,226.99,222.8,223.2,224.67,224.85,15979,35.93,957, 10262, 64.22,0.6422179110081983,2025-01-07
CHEMFAB, EQ, 07-Jan-2025,1010.9,1008.75,1037.95,1006.8,1025.0,1026.55,1016.8,5067,51.52,536, 3172, 62.60,0.6260114466153542,2025-01-07
CHEMPLASTS, EQ, 07-Jan-2025,487.45,483.0,504.95,483.0,499.9,499.5,498.4,83300,415.16,9766, 34318, 41.20,0.41198079231692675,2025-01-07
CHENNPETRO, EQ, 07-Jan-2025,597.6,597.6,615.6,597.55,605.0,604.45,607.48,720041,4374.08,32121, 235584, 32.72,0.3271813688387189,2025-01-07
CHEVIOT, EQ, 07-Jan-2025,1264.4,1298.8,1309.95,1272.6,1295.65,1294.4,1295.85,2014,26.1,520, 1365, 67.78,0.6777557100297915,2025-01-07
CHOICEIN, EQ, 07-Jan-2025,532.7,533.8,537.95,531.6,534.75,535.95,535.54,218413,1169.68,8918, 49696, 22.75,0.22753224395983757,2025-01-07
CHOLAFIN, EQ, 07-Jan-2025,1294.2,1295.0,1300.25,1270.3,1272.1,1276.0,1285.44,1548819,19909.18,69859, 909027, 58.69,0.586916224555613,2025-01-07
CHOLAHLDNG, EQ, 07-Jan-2025,1538.2,1526.1,1559.45,1518.95,1537.25,1533.3,1537.46,69956,1075.55,11706, 32904, 47.04,0.47035279318428724,2025-01-07
CIEINDIA, EQ, 07-Jan-2025,471.8,471.5,471.95,465.5,470.1,468.95,469.37,95443,447.99,10918, 58595, 61.39,0.6139266368408369,2025-01-07
CIGNITITEC, EQ, 07-Jan-2025,1737.05,1739.0,1768.0,1732.0,1750.0,1740.0,1747.66,128073,2238.28,8872, 60202, 47.01,0.47006004388122397,2025-01-07
CINELINE, BE, 07-Jan-2025,121.04,120.0,127.09,120.0,127.09,127.09,125.23,61682,77.24,259, -, -,,2025-01-07
CINEVISTA, EQ, 07-Jan-2025,18.87,18.27,20.15,18.15,18.96,18.55,18.65,28052,5.23,371, 11894, 42.40,0.4239982888920576,2025-01-07
CIPLA, EQ, 07-Jan-2025,1491.4,1490.0,1510.0,1487.95,1496.25,1497.45,1497.84,1045516,15660.13,51113, 511030, 48.88,0.4887825724331335,2025-01-07
CLEAN, EQ, 07-Jan-2025,1444.75,1445.6,1484.4,1439.15,1445.0,1449.1,1459.58,83981,1225.77,11107, 33040, 39.34,0.39342232171562613,2025-01-07
CLEDUCATE, EQ, 07-Jan-2025,108.4,108.5,110.2,107.43,109.28,109.63,109.01,71321,77.75,1180, 44158, 61.91,0.6191444315138599,2025-01-07
CLSEL, EQ, 07-Jan-2025,397.4,399.7,427.0,397.65,414.0,411.7,415.49,191449,795.46,6405, 35463, 18.52,0.1852347100272135,2025-01-07
CMSINFO, EQ, 07-Jan-2025,487.55,483.0,494.95,482.9,488.55,491.25,489.06,232687,1137.98,20489, 112287, 48.26,0.4825667097861075,2025-01-07
COALINDIA, EQ, 07-Jan-2025,378.75,380.55,384.25,376.5,380.05,379.8,379.59,6542121,24833.49,111441, 3380281, 51.67,0.5166949678857973,2025-01-07
COASTCORP, EQ, 07-Jan-2025,252.3,252.0,259.0,251.65,251.8,253.5,254.99,14239,36.31,873, 8599, 60.39,0.6039047685933001,2025-01-07
COCHINSHIP, EQ, 07-Jan-2025,1518.35,1504.0,1537.7,1483.15,1505.0,1501.75,1508.5,430854,6499.43,36061, 190173, 44.14,0.44138617722012563,2025-01-07
COFFEEDAY, BE, 07-Jan-2025,27.47,27.4,28.84,26.51,28.84,28.84,28.07,879382,246.83,878, -, -,,2025-01-07
COFORGE, EQ, 07-Jan-2025,9631.75,9640.0,9778.0,9565.25,9592.7,9620.2,9666.34,606669,58642.68,78896, 429877, 70.86,0.7085857362087069,2025-01-07
COLPAL, EQ, 07-Jan-2025,2753.45,2753.45,2788.0,2737.55,2750.0,2745.45,2765.08,485008,13410.88,45109, 335788, 69.23,0.6923349717942797,2025-01-07
COMMOIETF, EQ, 07-Jan-2025,81.06,88.5,88.5,81.24,82.35,81.82,81.95,236564,193.86,1146, 190002, 80.32,0.8031737711570653,2025-01-07
COMPUSOFT, EQ, 07-Jan-2025,27.13,27.15,27.89,27.13,27.68,27.62,27.62,58632,16.19,647, 32100, 54.75,0.5474826033565289,2025-01-07
COMSYN, BE, 07-Jan-2025,78.7,80.99,81.4,76.21,77.6,77.81,78.91,16632,13.12,87, -, -,,2025-01-07
CONCOR, EQ, 07-Jan-2025,763.6,763.6,766.8,745.65,755.5,754.25,753.23,1711530,12891.72,57648, 859741, 50.23,0.5023230676646042,2025-01-07
CONCORDBIO, EQ, 07-Jan-2025,2155.05,2173.8,2188.0,2143.75,2175.0,2172.95,2169.06,93785,2034.25,17753, 50100, 53.42,0.5342005651223544,2025-01-07
CONFIPET, EQ, 07-Jan-2025,72.22,72.45,76.5,71.71,73.75,73.83,74.55,947603,706.44,8949, 359717, 37.96,0.37960728279669864,2025-01-07
CONS, EQ, 07-Jan-2025,115.85,113.53,118.57,113.53,116.0,116.98,117.3,6056,7.1,95, 3233, 53.39,0.5338507265521797,2025-01-07
CONSOFINVT, EQ, 07-Jan-2025,208.41,205.15,214.95,205.15,208.89,207.52,208.62,4055,8.46,207, 2660, 65.60,0.655980271270037,2025-01-07
CONSUMBEES, EQ, 07-Jan-2025,126.29,125.2,126.77,125.09,126.09,125.85,125.84,345529,434.81,1113, 320756, 92.83,0.9283041365558318,2025-01-07
CONSUMER, EQ, 07-Jan-2025,11.83,11.77,12.77,11.54,11.9,11.82,11.89,124985,14.86,330, 110261, 88.22,0.8821938632635916,2025-01-07
CONSUMIETF, EQ, 07-Jan-2025,117.39,117.4,118.05,116.62,116.95,116.71,117.18,14572,17.07,307, 8522, 58.48,0.5848202031292891,2025-01-07
CONTROLPR, EQ, 07-Jan-2025,725.05,725.0,755.0,724.75,750.0,746.55,740.93,20708,153.43,1840, 10271, 49.60,0.49599188719335524,2025-01-07
CORALFINAC, EQ, 07-Jan-2025,53.22,52.95,56.84,51.41,53.12,53.63,53.69,113561,60.97,2000, 43849, 38.61,0.38612727961183857,2025-01-07
CORDSCABLE, EQ, 07-Jan-2025,196.17,197.21,201.68,197.0,197.0,197.84,198.83,27538,54.76,948, 18289, 66.41,0.6641368291088677,2025-01-07
COROMANDEL, EQ, 07-Jan-2025,1938.25,1948.5,1973.25,1940.55,1948.0,1948.45,1952.78,359624,7022.66,26446, 187726, 52.20,0.5220063177096078,2025-01-07
COSMOFIRST, EQ, 07-Jan-2025,917.45,930.0,1000.0,929.1,992.0,998.15,977.49,330334,3228.98,13832, 123588, 37.41,0.3741304255692723,2025-01-07
COUNCODOS, EQ, 07-Jan-2025,6.43,6.64,6.64,6.42,6.51,6.5,6.51,81939,5.34,297, 53890, 65.77,0.6576843749618618,2025-01-07
CPSEETF, EQ, 07-Jan-2025,85.24,85.97,86.68,85.06,85.89,85.83,85.95,1195034,1027.08,11991, 630426, 52.75,0.5275381286222819,2025-01-07
CRAFTSMAN, EQ, 07-Jan-2025,5227.9,5220.0,5325.2,5220.0,5265.0,5254.15,5262.54,12549,660.4,5161, 4781, 38.10,0.3809865327914575,2025-01-07
CREATIVE, EQ, 07-Jan-2025,921.6,910.0,945.0,910.0,945.0,939.55,934.54,9027,84.36,881, 6691, 74.12,0.74122078209815,2025-01-07
CREATIVEYE, BE, 07-Jan-2025,7.61,7.61,7.62,7.5,7.5,7.5,7.56,5140,0.39,35, -, -,,2025-01-07
CREDITACC, EQ, 07-Jan-2025,911.25,908.4,920.45,901.0,909.0,911.1,908.89,231822,2107.01,21995, 85940, 37.07,0.370715462725712,2025-01-07
CREST, EQ, 07-Jan-2025,458.75,462.0,471.15,455.1,455.9,459.3,461.62,16730,77.23,670, 11427, 68.30,0.6830245068738793,2025-01-07
CRISIL, EQ, 07-Jan-2025,5934.55,6034.95,6127.25,5871.0,5881.85,5905.6,5953.51,64435,3836.14,18379, 19495, 30.26,0.3025529603476372,2025-01-07
CROMPTON, EQ, 07-Jan-2025,370.95,370.95,372.55,364.45,368.7,368.45,367.39,1324219,4865.02,37008, 471108, 35.58,0.35576290628664897,2025-01-07
CROWN, EQ, 07-Jan-2025,203.41,205.0,213.0,201.92,210.9,211.01,208.18,25606,53.31,674, 12609, 49.24,0.49242365070686556,2025-01-07
CSBBANK, EQ, 07-Jan-2025,312.7,314.0,316.8,306.35,310.6,309.4,309.88,311175,964.28,13409, 143049, 45.97,0.459705953241745,2025-01-07
CSLFINANCE, EQ, 07-Jan-2025,318.4,320.7,324.0,314.75,324.0,318.05,319.43,23608,75.41,1402, 16602, 70.32,0.7032361911216537,2025-01-07
CTE, EQ, 07-Jan-2025,107.27,108.99,109.0,105.0,105.51,105.73,106.74,37134,39.64,674, 21391, 57.60,0.5760489039694081,2025-01-07
CUB, EQ, 07-Jan-2025,168.83,169.85,172.14,169.5,170.56,170.26,170.61,755910,1289.62,10233, 196971, 26.06,0.26057467158788744,2025-01-07
CUBEXTUB, EQ, 07-Jan-2025,84.88,85.24,88.0,84.21,85.22,85.99,86.05,10355,8.91,493, 5386, 52.01,0.5201352003862868,2025-01-07
CUMMINSIND, EQ, 07-Jan-2025,3176.2,3176.2,3227.95,3152.05,3165.7,3164.5,3176.12,554853,17622.8,55434, 370967, 66.86,0.6685860939744401,2025-01-07
CUPID, EQ, 07-Jan-2025,79.69,79.7,80.83,77.6,79.05,78.74,79.33,567621,450.32,4103, 384238, 67.69,0.6769270340596982,2025-01-07
CYBERMEDIA, EQ, 07-Jan-2025,24.36,24.99,25.95,24.5,25.2,25.63,25.25,11470,2.9,195, 7746, 67.53,0.6753269398430689,2025-01-07
CYBERTECH, BE, 07-Jan-2025,218.1,223.0,229.0,207.19,225.5,222.74,221.29,32846,72.68,522, -, -,,2025-01-07
CYIENT, EQ, 07-Jan-2025,1748.05,1751.0,1837.7,1749.15,1831.2,1833.0,1810.78,494389,8952.27,52097, 223347, 45.18,0.45176369215334483,2025-01-07
CYIENTDLM, EQ, 07-Jan-2025,649.1,649.0,653.8,635.2,642.95,639.7,642.49,179986,1156.4,12805, 78334, 43.52,0.43522273954640917,2025-01-07
DABUR, EQ, 07-Jan-2025,504.85,508.0,512.75,503.1,509.8,508.85,508.97,2248836,11445.99,42819, 1270323, 56.49,0.5648802313730303,2025-01-07
DALBHARAT, EQ, 07-Jan-2025,1755.85,1764.65,1810.6,1764.65,1798.0,1799.25,1792.75,149849,2686.41,17894, 73297, 48.91,0.48913906666043816,2025-01-07
DALMIASUG, EQ, 07-Jan-2025,355.65,358.95,368.9,356.6,364.9,365.45,363.68,77419,281.56,3251, 30561, 39.47,0.3947480592619383,2025-01-07
DAMCAPITAL, EQ, 07-Jan-2025,388.0,395.05,406.75,387.6,401.2,402.0,399.48,5676039,22674.71,79153, 1176906, 20.73,0.20734635544258945,2025-01-07
DAMODARIND, EQ, 07-Jan-2025,42.18,42.25,45.0,42.21,42.77,42.81,43.18,22121,9.55,517, 8010, 36.21,0.3620993625966276,2025-01-07
DANGEE, EQ, 07-Jan-2025,7.02,7.18,7.24,6.98,7.0,7.02,7.07,231837,16.4,616, 129763, 55.97,0.5597165249722865,2025-01-07
DATAMATICS, EQ, 07-Jan-2025,661.95,668.0,703.4,666.0,695.5,696.9,690.95,381803,2638.08,10197, 161065, 42.19,0.42185367846769145,2025-01-07
DATAPATTNS, EQ, 07-Jan-2025,2344.8,2344.85,2396.45,2335.1,2393.0,2389.0,2369.74,82008,1943.38,17626, 20938, 25.53,0.2553165544824895,2025-01-07
DAVANGERE, EQ, 07-Jan-2025,5.34,5.45,5.52,5.35,5.39,5.37,5.43,1699944,92.3,4971, 714830, 42.05,0.420502087127576,2025-01-07
DBCORP, EQ, 07-Jan-2025,293.3,293.6,298.0,291.0,292.15,292.05,292.43,88174,257.85,3087, 63538, 72.06,0.7205979086805634,2025-01-07
DBEIL, EQ, 07-Jan-2025,187.07,190.5,195.1,187.93,193.2,193.93,191.74,250408,480.13,7728, 88916, 35.51,0.3550845020925849,2025-01-07
DBL, EQ, 07-Jan-2025,442.35,443.2,454.25,434.0,438.8,439.2,443.14,195279,865.36,9714, 75594, 38.71,0.3871076767087091,2025-01-07
DBOL, EQ, 07-Jan-2025,111.59,112.75,115.4,112.75,114.0,114.45,114.33,35596,40.7,1026, 16782, 47.15,0.47145746713113834,2025-01-07
DBREALTY, EQ, 07-Jan-2025,166.16,167.9,171.5,166.11,169.76,169.39,169.26,2744121,4644.62,23583, 1651229, 60.17,0.6017333054919954,2025-01-07
DBSTOCKBRO, EQ, 07-Jan-2025,44.92,44.03,45.98,44.03,44.9,44.91,45.28,16050,7.27,860, 3303, 20.58,0.20579439252336448,2025-01-07
DCAL, EQ, 07-Jan-2025,273.6,275.5,288.7,275.5,285.6,286.25,283.98,624293,1772.85,16009, 273275, 43.77,0.4377351660198016,2025-01-07
DCBBANK, EQ, 07-Jan-2025,116.96,116.86,117.99,116.41,117.4,117.13,117.15,402345,471.35,6806, 169033, 42.01,0.4201195491431483,2025-01-07
DCI, EQ, 07-Jan-2025,387.0,379.0,388.2,372.85,373.45,375.8,378.65,16074,60.86,857, 7429, 46.22,0.46217494089834515,2025-01-07
DCM, EQ, 07-Jan-2025,109.07,109.95,111.99,107.17,108.5,109.52,109.61,30418,33.34,672, 15542, 51.09,0.5109474653165889,2025-01-07
DCMFINSERV, BE, 07-Jan-2025,7.39,7.39,7.39,7.39,7.39,7.39,7.39,3032,0.22,22, -, -,,2025-01-07
DCMNVL, EQ, 07-Jan-2025,199.58,198.88,205.47,196.05,199.8,198.34,199.82,21200,42.36,923, 14541, 68.59,0.6858962264150943,2025-01-07
DCMSHRIRAM, EQ, 07-Jan-2025,1059.8,1048.0,1088.8,1041.95,1080.0,1083.55,1071.8,43396,465.12,8384, 13518, 31.15,0.3115033643653793,2025-01-07
DCMSRIND, EQ, 07-Jan-2025,184.25,185.0,188.65,184.49,187.0,186.34,186.61,56925,106.23,1070, 36162, 63.53,0.6352569169960475,2025-01-07
DCW, EQ, 07-Jan-2025,86.14,86.5,90.25,86.2,89.1,89.13,88.55,1084733,960.51,14814, 399892, 36.87,0.3686547749538366,2025-01-07
DCXINDIA, EQ, 07-Jan-2025,373.1,376.0,382.2,369.15,377.65,377.35,376.56,1394169,5249.83,17136, 597907, 42.89,0.4288626414731643,2025-01-07
DECCANCE, EQ, 07-Jan-2025,709.5,713.9,750.0,713.55,745.0,743.9,737.74,82726,610.3,4592, 56632, 68.46,0.684573169257549,2025-01-07
DEEDEV, EQ, 07-Jan-2025,302.4,302.4,307.7,301.3,304.0,303.35,304.14,60826,185.0,1871, 25497, 41.92,0.4191792983263736,2025-01-07
DEEPAKFERT, EQ, 07-Jan-2025,1155.55,1160.0,1205.0,1159.8,1194.9,1186.3,1183.21,719994,8519.01,31641, 291923, 40.55,0.40545198987769343,2025-01-07
DEEPAKNTR, EQ, 07-Jan-2025,2421.0,2420.0,2467.85,2416.6,2455.0,2459.75,2448.92,147824,3620.09,14904, 49971, 33.80,0.3380438900313887,2025-01-07
DEEPINDS, EQ, 07-Jan-2025,564.1,566.65,614.0,565.05,605.0,604.9,599.43,705752,4230.47,16838, 268506, 38.05,0.38045375712714946,2025-01-07
DELHIVERY, EQ, 07-Jan-2025,337.55,340.0,341.3,335.0,337.5,337.15,337.46,840178,2835.24,16921, 384993, 45.82,0.4582278993260952,2025-01-07
DELPHIFX, BE, 07-Jan-2025,204.0,214.0,214.0,200.05,207.4,205.42,205.01,1335,2.74,43, -, -,,2025-01-07
DELTACORP, EQ, 07-Jan-2025,109.22,109.07,110.74,108.8,109.75,109.62,109.78,740363,812.8,7874, 288806, 39.01,0.3900870248783367,2025-01-07
DELTAMAGNT, EQ, 07-Jan-2025,103.56,104.88,115.79,104.2,111.0,111.74,111.16,31889,35.45,800, 16853, 52.85,0.5284894477719589,2025-01-07
DEN, EQ, 07-Jan-2025,41.72,41.87,42.33,41.23,41.59,41.43,41.74,1227546,512.42,6731, 544768, 44.38,0.44378622063857487,2025-01-07
DENORA, EQ, 07-Jan-2025,1181.55,1181.0,1205.0,1158.55,1190.3,1195.9,1182.03,9834,116.24,1609, 4849, 49.31,0.4930852145617246,2025-01-07
DEVIT, EQ, 07-Jan-2025,171.76,170.0,189.0,170.0,173.8,174.2,179.44,1422578,2552.72,22025, 310875, 21.85,0.218529317900319,2025-01-07
DEVYANI, EQ, 07-Jan-2025,197.75,198.0,202.8,189.12,193.91,195.91,195.88,9241054,18101.43,104176, 798550, 8.64,0.08641330307127304,2025-01-07
DGCONTENT, BE, 07-Jan-2025,65.44,67.99,68.5,64.61,66.0,67.02,66.92,25840,17.29,207, -, -,,2025-01-07
DHAMPURSUG, EQ, 07-Jan-2025,155.52,156.99,158.4,155.51,157.8,157.17,157.15,127876,200.96,4305, 48059, 37.58,0.3758250179861741,2025-01-07
DHANBANK, BE, 07-Jan-2025,30.01,29.89,30.4,28.56,29.15,29.09,29.55,634467,187.47,2644, -, -,,2025-01-07
DHANI, EQ, 07-Jan-2025,100.82,101.25,107.5,100.65,107.25,106.47,104.32,8652730,9026.7,28655, 3263420, 37.72,0.3771549557191776,2025-01-07
DHANUKA, EQ, 07-Jan-2025,1358.35,1358.4,1449.45,1351.65,1434.0,1432.3,1408.74,53555,754.45,9656, 27737, 51.79,0.5179161609560266,2025-01-07
DHARMAJ, EQ, 07-Jan-2025,257.85,258.95,265.95,257.65,264.0,263.95,262.45,34058,89.38,2164, 18545, 54.45,0.5445123025427212,2025-01-07
DHRUV, EQ, 07-Jan-2025,116.44,117.0,121.8,117.0,120.54,120.72,120.54,5860,7.06,209, 3052, 52.08,0.5208191126279863,2025-01-07
DHUNINV, EQ, 07-Jan-2025,1892.65,1979.35,2002.45,1893.65,1963.6,1973.8,1958.21,930,18.21,381, 427, 45.91,0.4591397849462366,2025-01-07
DIACABS, BE, 07-Jan-2025,143.21,143.0,149.5,140.15,147.55,148.09,146.87,40079,58.86,722, -, -,,2025-01-07
DIAMINESQ, EQ, 07-Jan-2025,483.05,485.0,495.7,484.25,492.0,491.6,488.88,2409,11.78,169, 2001, 83.06,0.8306351183063512,2025-01-07
DIAMONDYD, EQ, 07-Jan-2025,1140.7,1145.95,1176.95,1135.0,1135.0,1146.15,1153.08,130333,1502.84,6820, 66440, 50.98,0.5097711247343344,2025-01-07
DICIND, EQ, 07-Jan-2025,628.05,632.3,719.0,630.0,695.0,695.55,695.62,35461,246.67,2081, 5475, 15.44,0.15439496912100617,2025-01-07
DIFFNKG, EQ, 07-Jan-2025,338.65,338.0,348.0,330.05,336.05,336.1,339.05,73241,248.32,2745, 37885, 51.73,0.5172649199219017,2025-01-07
DIGIDRIVE, EQ, 07-Jan-2025,45.68,46.59,46.59,44.3,44.31,44.44,44.93,55020,24.72,1586, 31157, 56.63,0.5662849872773537,2025-01-07
DIGISPICE, EQ, 07-Jan-2025,29.39,29.06,29.67,28.21,28.69,28.48,28.72,117583,33.78,725, 86235, 73.34,0.7333968345764269,2025-01-07
DIGJAMLMTD, BE, 07-Jan-2025,62.22,64.4,64.4,62.6,63.0,63.3,63.17,2019,1.28,25, -, -,,2025-01-07
DIL, BE, 07-Jan-2025,3.12,3.1,3.14,3.05,3.14,3.14,3.08,449003,13.82,601, -, -,,2025-01-07
DISHTV, EQ, 07-Jan-2025,9.95,9.95,10.08,9.81,9.84,9.84,9.89,10553708,1043.74,10142, 4327500, 41.00,0.4100454551139751,2025-01-07
DIVGIITTS, EQ, 07-Jan-2025,609.65,609.0,614.5,591.0,597.8,596.45,599.4,28627,171.59,3144, 16693, 58.31,0.5831208299856778,2025-01-07
DIVISLAB, EQ, 07-Jan-2025,5891.65,5910.0,5936.95,5875.0,5920.0,5907.95,5907.01,303309,17916.48,33639, 184260, 60.75,0.6074992829095082,2025-01-07
DIVOPPBEES, EQ, 07-Jan-2025,80.29,82.7,82.7,79.83,80.31,80.27,79.92,361073,288.56,1740, 317563, 87.95,0.879498051640527,2025-01-07
DIXON, EQ, 07-Jan-2025,18037.25,18142.1,18550.0,18100.0,18440.9,18451.85,18373.9,233535,42909.5,52009, 86271, 36.94,0.36941357826449994,2025-01-07
DJML, BE, 07-Jan-2025,167.24,169.5,174.0,160.1,174.0,170.06,165.76,28761,47.67,248, -, -,,2025-01-07
DLF, EQ, 07-Jan-2025,805.85,809.0,817.5,804.5,809.1,810.8,810.74,2290843,18572.77,50933, 1145236, 49.99,0.49991902544172606,2025-01-07
DLINKINDIA, EQ, 07-Jan-2025,539.5,544.25,564.35,544.0,556.2,560.0,556.36,134910,750.59,6054, 55295, 40.99,0.40986583648358166,2025-01-07
DMART, EQ, 07-Jan-2025,3934.75,3934.0,3958.95,3820.0,3828.0,3830.3,3895.71,672094,26182.85,66549, 332256, 49.44,0.49435941996208865,2025-01-07
DMCC, BE, 07-Jan-2025,358.8,357.0,363.95,345.0,357.0,356.05,349.94,26475,92.65,291, -, -,,2025-01-07
DNAMEDIA, EQ, 07-Jan-2025,5.67,5.81,5.97,5.56,5.84,5.81,5.8,218896,12.7,568, 138865, 63.44,0.6343880198815876,2025-01-07
DODLA, EQ, 07-Jan-2025,1193.7,1183.7,1220.2,1183.0,1205.0,1209.9,1203.31,19086,229.66,5573, 8492, 44.49,0.4449334590799539,2025-01-07
DOLATALGO, EQ, 07-Jan-2025,123.93,124.9,125.9,122.71,125.49,124.84,124.05,313360,388.71,3335, 136932, 43.70,0.4369798315037018,2025-01-07
DOLLAR, EQ, 07-Jan-2025,452.9,458.0,471.9,456.4,470.0,469.0,463.89,44248,205.26,1916, 21624, 48.87,0.48870005423973967,2025-01-07
DOLPHIN, BE, 07-Jan-2025,542.75,539.0,567.9,525.0,557.0,561.5,552.42,1736,9.59,117, -, -,,2025-01-07
DOMS, EQ, 07-Jan-2025,2718.15,2691.65,2813.0,2681.25,2780.0,2780.95,2768.91,173129,4793.79,29444, 55664, 32.15,0.32151748118455026,2025-01-07
DONEAR, EQ, 07-Jan-2025,153.34,157.99,169.06,157.0,168.42,167.79,164.08,380348,624.06,5374, 164727, 43.31,0.4330954809805757,2025-01-07
DPABHUSHAN, EQ, 07-Jan-2025,1378.4,1364.0,1504.0,1364.0,1472.0,1468.5,1445.72,29992,433.6,2377, 9021, 30.08,0.30078020805548145,2025-01-07
DPSCLTD, EQ, 07-Jan-2025,16.61,16.5,16.94,16.42,16.67,16.6,16.63,150140,24.97,1017, 92981, 61.93,0.619295324363927,2025-01-07
DPWIRES, EQ, 07-Jan-2025,329.1,330.9,333.45,328.55,332.0,332.05,330.69,10409,34.42,824, 6122, 58.81,0.588144874627726,2025-01-07
DRCSYSTEMS, EQ, 07-Jan-2025,28.64,28.22,29.8,28.22,29.5,29.61,29.2,153584,44.85,1018, 99498, 64.78,0.6478409209292635,2025-01-07
DREAMFOLKS, EQ, 07-Jan-2025,386.95,388.5,393.9,385.0,390.0,388.2,388.77,43755,170.11,4071, 18853, 43.09,0.4308764712604274,2025-01-07
DREDGECORP, EQ, 07-Jan-2025,785.55,799.95,806.9,788.6,804.0,803.05,798.47,15321,122.33,2007, 7153, 46.69,0.4668755303178644,2025-01-07
DRREDDY, EQ, 07-Jan-2025,1350.35,1352.0,1373.05,1347.5,1352.75,1351.55,1359.74,1723188,23430.81,93122, 965858, 56.05,0.5605064566373489,2025-01-07
DSSL, EQ, 07-Jan-2025,1475.45,1477.95,1520.0,1464.1,1506.4,1504.55,1493.55,43070,643.27,5255, 21495, 49.91,0.4990712793127467,2025-01-07
DTIL, EQ, 07-Jan-2025,261.65,272.05,272.4,262.2,263.1,264.35,264.42,9841,26.02,727, 5514, 56.03,0.5603089116959659,2025-01-07
DUCON, EQ, 07-Jan-2025,7.43,7.53,7.69,7.38,7.46,7.58,7.54,657714,49.56,1548, 389781, 59.26,0.5926299272936261,2025-01-07
DVL, EQ, 07-Jan-2025,350.9,358.55,364.9,350.75,362.35,360.7,356.08,21269,75.73,1298, 9722, 45.71,0.45709718369457897,2025-01-07
DWARKESH, EQ, 07-Jan-2025,54.34,54.45,55.45,53.87,54.36,54.3,54.42,707471,384.97,6568, 293058, 41.42,0.4142332335883732,2025-01-07
DYCL, EQ, 07-Jan-2025,996.4,1005.0,1048.9,996.4,1038.05,1034.7,1025.4,48815,500.55,4438, 23047, 47.21,0.4721294684011062,2025-01-07
DYNAMATECH, EQ, 07-Jan-2025,7877.85,7877.85,8089.0,7850.1,8066.0,8060.9,7970.89,7435,592.64,3297, 2787, 37.48,0.3748486886348352,2025-01-07
DYNPRO, EQ, 07-Jan-2025,400.35,400.35,410.0,397.55,406.0,406.0,403.49,7510,30.3,314, 6076, 80.91,0.8090545938748336,2025-01-07
E2E, BE, 07-Jan-2025,3996.85,3996.85,4196.65,3951.0,4196.65,4196.65,4143.12,16952,702.34,1790, -, -,,2025-01-07
EASEMYTRIP, EQ, 07-Jan-2025,16.2,16.39,16.53,15.64,15.77,15.75,16.07,80201763,12885.01,58756, 14947328, 18.64,0.18637156392684284,2025-01-07
EBANKNIFTY, EQ, 07-Jan-2025,50.35,50.24,50.52,50.17,50.34,50.34,50.32,782,0.39,19, 487, 62.28,0.6227621483375959,2025-01-07
EBBETF0425, EQ, 07-Jan-2025,1266.44,1266.76,1268.0,1266.75,1267.0,1266.79,1266.76,3099,39.26,44, 3078, 99.32,0.9932236205227493,2025-01-07
EBBETF0430, EQ, 07-Jan-2025,1440.15,1396.95,1445.7,1396.95,1441.87,1441.83,1441.2,6482,93.42,247, 3810, 58.78,0.5877815489046591,2025-01-07
EBBETF0431, EQ, 07-Jan-2025,1288.65,1290.0,1290.58,1287.32,1289.5,1289.97,1289.14,5055,65.17,68, 4600, 91.00,0.9099901088031652,2025-01-07
EBBETF0433, EQ, 07-Jan-2025,1182.94,1182.89,1185.0,1180.61,1183.0,1184.0,1183.42,1296,15.34,47, 729, 56.25,0.5625,2025-01-07
ECAPINSURE, EQ, 07-Jan-2025,20.68,20.81,22.03,20.4,20.4,20.97,20.85,7581,1.58,108, 6703, 88.42,0.8841841445719562,2025-01-07
ECLERX, EQ, 07-Jan-2025,3389.0,3366.0,3430.0,3335.45,3398.0,3390.6,3383.8,82893,2804.93,15147, 45203, 54.53,0.5453174574451402,2025-01-07
ECOSMOBLTY, EQ, 07-Jan-2025,266.25,266.0,269.9,261.8,265.75,264.65,264.88,127134,336.75,3527, 54513, 42.88,0.42878380291660767,2025-01-07
EDELWEISS, EQ, 07-Jan-2025,118.56,118.0,128.81,118.0,125.05,125.57,124.55,3944273,4912.58,36273, 1830686, 46.41,0.4641377511140836,2025-01-07
EGOLD, EQ, 07-Jan-2025,78.35,78.4,78.5,78.0,78.45,78.45,78.45,83814,65.75,34, 83543, 99.68,0.9967666499630133,2025-01-07
EICHERMOT, EQ, 07-Jan-2025,5250.1,5250.1,5292.0,5166.5,5175.0,5177.3,5205.63,439721,22890.23,73865, 243494, 55.37,0.5537465802179109,2025-01-07
EIDPARRY, EQ, 07-Jan-2025,879.8,864.05,892.5,864.05,889.0,887.45,884.77,148105,1310.4,12635, 64388, 43.47,0.4347456196617265,2025-01-07
EIEL, EQ, 07-Jan-2025,305.9,309.0,317.95,306.0,310.3,311.0,312.22,6629111,20697.34,49952, 998753, 15.07,0.15066167997488653,2025-01-07
EIFFL, EQ, 07-Jan-2025,196.16,203.51,203.51,193.5,195.1,199.11,197.3,17485,34.5,458, 15370, 87.90,0.879039176436946,2025-01-07
EIHAHOTELS, EQ, 07-Jan-2025,411.45,421.0,427.0,412.05,425.0,424.25,421.13,33335,140.38,1537, 14259, 42.77,0.4277486125693715,2025-01-07
EIHOTEL, EQ, 07-Jan-2025,409.4,411.1,428.0,408.25,425.25,422.35,416.45,785678,3271.98,26225, 478516, 60.90,0.6090484906030206,2025-01-07
EIMCOELECO, EQ, 07-Jan-2025,2006.95,1961.55,2071.95,1933.0,2005.0,2009.4,1974.95,23529,464.69,3267, 14404, 61.22,0.6121807131624803,2025-01-07
EKC, EQ, 07-Jan-2025,177.6,179.0,184.7,177.5,183.0,183.11,181.75,627091,1139.71,11395, 204233, 32.57,0.32568319430513276,2025-01-07
ELDEHSG, EQ, 07-Jan-2025,881.45,882.05,902.55,882.0,882.0,882.15,885.73,437,3.87,74, 264, 60.41,0.6041189931350115,2025-01-07
ELECON, EQ, 07-Jan-2025,605.3,611.5,613.2,601.0,609.5,611.7,609.06,259186,1578.6,22983, 141789, 54.71,0.5470550106873057,2025-01-07
ELECTCAST, EQ, 07-Jan-2025,132.02,134.0,137.89,133.26,137.49,137.46,135.93,1388789,1887.73,19959, 583939, 42.05,0.4204663199377299,2025-01-07
ELECTHERM, BE, 07-Jan-2025,1089.95,1082.6,1144.4,1080.0,1144.4,1144.4,1108.37,6566,72.78,238, -, -,,2025-01-07
ELGIEQUIP, EQ, 07-Jan-2025,574.75,574.75,584.25,566.7,577.85,577.3,575.47,129178,743.39,10252, 71134, 55.07,0.5506665221632167,2025-01-07
ELGIRUBCO, BE, 07-Jan-2025,126.72,126.5,133.05,124.0,133.0,132.3,131.12,73577,96.48,790, -, -,,2025-01-07
ELIN, EQ, 07-Jan-2025,196.5,199.45,204.9,196.81,203.6,202.71,201.98,119371,241.11,2962, 51103, 42.81,0.4281023029043905,2025-01-07
EMAMILTD, EQ, 07-Jan-2025,584.75,586.0,598.3,582.35,588.0,588.35,589.28,392592,2313.46,28938, 212057, 54.01,0.5401460039939683,2025-01-07
EMAMIPAP, EQ, 07-Jan-2025,107.19,110.0,110.09,106.96,107.01,108.46,107.97,49516,53.46,1099, 31561, 63.74,0.6373899345666048,2025-01-07
EMBDL, EQ, 07-Jan-2025,119.65,123.6,143.58,123.6,143.58,143.58,136.44,37366245,50981.58,143922, 14135780, 37.83,0.37830346613634847,2025-01-07
EMCURE, EQ, 07-Jan-2025,1432.6,1413.0,1459.0,1413.0,1427.15,1420.65,1438.66,160897,2314.75,7199, 144867, 90.04,0.9003710448299223,2025-01-07
EMIL, EQ, 07-Jan-2025,161.71,161.71,163.46,160.2,162.4,162.42,162.03,190725,309.03,7309, 74807, 39.22,0.392224406868528,2025-01-07
EMKAY, BE, 07-Jan-2025,312.9,309.9,315.0,309.9,315.0,315.0,312.44,14411,45.03,67, -, -,,2025-01-07
EMMBI, EQ, 07-Jan-2025,150.89,149.5,176.98,149.5,161.1,161.64,167.38,1115312,1866.76,16228, 234105, 20.99,0.20990090665212963,2025-01-07
EMSLIMITED, EQ, 07-Jan-2025,812.95,811.95,842.0,811.9,834.3,835.25,833.79,374501,3122.56,20206, 128401, 34.29,0.34285889757303717,2025-01-07
EMUDHRA, EQ, 07-Jan-2025,925.8,921.0,954.95,920.55,942.55,941.55,939.93,73154,687.59,8273, 23180, 31.69,0.31686578997730813,2025-01-07
EMULTIMQ, EQ, 07-Jan-2025,44.94,45.96,45.96,44.76,45.7,44.95,44.99,54723,24.62,449, 52072, 95.16,0.9515560184931382,2025-01-07
ENDURANCE, EQ, 07-Jan-2025,2082.0,2092.9,2160.85,2079.9,2125.0,2102.55,2100.46,276792,5813.9,12864, 239738, 86.61,0.8661305240035839,2025-01-07
ENERGYDEV, BE, 07-Jan-2025,26.03,25.5,26.0,24.9,25.77,25.8,25.46,86958,22.14,436, -, -,,2025-01-07
ENGINERSIN, EQ, 07-Jan-2025,181.43,182.75,183.9,180.21,181.95,181.69,181.95,1292855,2352.38,20576, 347407, 26.87,0.2687130420658156,2025-01-07
ENIL, EQ, 07-Jan-2025,175.97,175.05,178.03,174.0,176.53,175.59,175.48,14772,25.92,634, 9443, 63.92,0.6392499323043596,2025-01-07
ENTERO, EQ, 07-Jan-2025,1406.3,1430.0,1439.75,1398.2,1437.0,1431.85,1423.87,17133,243.95,4434, 7249, 42.31,0.42310161676297203,2025-01-07
EPACK, EQ, 07-Jan-2025,611.8,629.0,642.35,610.1,642.35,642.35,627.2,1276234,8004.54,20488, 552417, 43.28,0.43284930506474517,2025-01-07
EPIGRAL, EQ, 07-Jan-2025,1748.6,1753.6,1848.3,1740.05,1840.0,1843.9,1800.8,97504,1755.85,15832, 54766, 56.17,0.5616795208401707,2025-01-07
EPL, EQ, 07-Jan-2025,250.2,252.0,271.15,251.95,268.5,268.6,266.01,1972747,5247.71,46999, 732666, 37.14,0.3713937975827615,2025-01-07
EQUAL50ADD, EQ, 07-Jan-2025,303.71,307.0,309.8,304.0,304.0,305.42,306.91,12567,38.57,144, 11700, 93.10,0.931009787538792,2025-01-07
EQUIPPP, BE, 07-Jan-2025,24.7,25.28,25.28,24.06,24.5,24.45,24.47,6929,1.7,56, -, -,,2025-01-07
EQUITASBNK, EQ, 07-Jan-2025,69.38,69.71,70.84,67.75,70.1,70.04,69.61,4757085,3311.62,27806, 1991883, 41.87,0.418719236675401,2025-01-07
ERIS, EQ, 07-Jan-2025,1274.65,1283.95,1313.2,1270.75,1300.0,1301.1,1303.49,61438,800.84,9200, 38265, 62.28,0.6228230085614767,2025-01-07
ESABINDIA, EQ, 07-Jan-2025,5723.3,5755.5,5757.5,5594.95,5596.0,5608.2,5627.35,5404,304.1,1242, 3859, 71.41,0.714100666173205,2025-01-07
ESAFSFB, EQ, 07-Jan-2025,39.43,39.47,40.34,39.45,39.72,39.62,39.74,330202,131.23,3314, 131271, 39.75,0.397547561795507,2025-01-07
ESCORTS, EQ, 07-Jan-2025,3335.9,3330.0,3368.95,3321.25,3331.0,3337.95,3341.56,73195,2445.86,11732, 15096, 20.62,0.20624359587403512,2025-01-07
ESG, EQ, 07-Jan-2025,39.83,40.75,40.75,39.84,39.95,40.02,40.03,2464,0.99,114, 1808, 73.38,0.7337662337662337,2025-01-07
ESILVER, EQ, 07-Jan-2025,89.94,90.21,91.24,90.2,90.85,91.19,91.17,64438,58.75,71, 62364, 96.78,0.9678140227815885,2025-01-07
ESSARSHPNG, BE, 07-Jan-2025,33.66,33.59,35.34,32.55,35.34,35.34,34.5,89137,30.75,549, -, -,,2025-01-07
ESSENTIA, BE, 07-Jan-2025,3.19,3.11,3.22,3.11,3.2,3.18,3.18,1177790,37.43,2659, -, -,,2025-01-07
ESTER, EQ, 07-Jan-2025,159.82,162.44,166.5,159.93,164.03,165.05,163.55,505479,826.71,6374, 177114, 35.04,0.35038844343681935,2025-01-07
ETHOSLTD, EQ, 07-Jan-2025,2826.15,2858.0,2898.7,2826.05,2875.0,2868.2,2869.45,31924,916.04,8064, 15573, 48.78,0.4878148101741636,2025-01-07
EUREKAFORB, EQ, 07-Jan-2025,589.0,593.95,606.5,591.9,603.95,603.7,601.72,202545,1218.76,11849, 139173, 68.71,0.6871213804339776,2025-01-07
EUROTEXIND, BE, 07-Jan-2025,15.6,15.28,15.28,15.28,15.28,15.28,15.28,272,0.04,2, -, -,,2025-01-07
EVEREADY, EQ, 07-Jan-2025,382.4,376.65,392.0,376.65,391.35,390.65,388.5,52362,203.43,4322, 19508, 37.26,0.3725602536190367,2025-01-07
EVERESTIND, EQ, 07-Jan-2025,748.65,745.1,759.45,741.25,741.8,743.3,746.3,9121,68.07,1209, 5024, 55.08,0.5508167964039031,2025-01-07
EVINDIA, EQ, 07-Jan-2025,29.82,29.99,30.09,29.81,29.97,29.98,29.95,288138,86.31,3600, 199570, 69.26,0.6926195087076331,2025-01-07
EXCEL, BE, 07-Jan-2025,1.04,0.98,0.98,0.98,0.98,0.98,0.98,3942595,38.64,3948, -, -,,2025-01-07
EXCELINDUS, EQ, 07-Jan-2025,1277.25,1295.0,1320.0,1265.0,1319.0,1315.6,1301.02,16610,216.1,3404, 7049, 42.44,0.4243829018663456,2025-01-07
EXICOM, EQ, 07-Jan-2025,240.11,242.45,243.25,236.21,238.1,238.19,238.72,260386,621.59,7172, 143055, 54.94,0.5493958968608144,2025-01-07
EXIDEIND, EQ, 07-Jan-2025,408.95,409.4,415.3,404.15,409.3,409.05,409.07,2815071,11515.74,43356, 1131587, 40.20,0.4019745860761594,2025-01-07
EXPLEOSOL, EQ, 07-Jan-2025,1353.05,1368.65,1395.25,1350.1,1385.0,1389.55,1370.89,7744,106.16,1280, 4010, 51.78,0.5178202479338843,2025-01-07
EXXARO, EQ, 07-Jan-2025,8.52,8.68,8.88,8.51,8.77,8.74,8.64,375020,32.4,1067, 158133, 42.17,0.42166551117273743,2025-01-07
FACT, EQ, 07-Jan-2025,927.6,935.0,1007.0,927.0,973.5,975.15,981.03,2686727,26357.65,127684, 159714, 5.94,0.05944556331923564,2025-01-07
FAIRCHEMOR, EQ, 07-Jan-2025,1062.85,1082.95,1114.1,1030.6,1114.1,1100.05,1076.38,14170,152.52,2241, 6128, 43.25,0.4324629498941426,2025-01-07
FAZE3Q, EQ, 07-Jan-2025,422.7,424.95,428.6,415.25,421.0,418.95,420.11,12765,53.63,1098, 7138, 55.92,0.5591852722287505,2025-01-07
FCL, EQ, 07-Jan-2025,327.25,327.2,331.0,317.8,324.0,322.1,324.57,248604,806.9,15063, 131534, 52.91,0.5290904410226706,2025-01-07
FCSSOFT, EQ, 07-Jan-2025,3.2,3.21,3.3,3.2,3.23,3.24,3.24,3595486,116.54,3900, 1876486, 52.19,0.5219005163696925,2025-01-07
FDC, EQ, 07-Jan-2025,497.5,495.2,511.0,495.2,508.0,506.1,504.83,140351,708.53,10851, 92306, 65.77,0.6576796745302848,2025-01-07
FEDERALBNK, EQ, 07-Jan-2025,197.53,197.95,200.49,196.82,197.35,197.31,198.25,6619585,13123.24,76022, 3829706, 57.85,0.5785417061643593,2025-01-07
FEDFINA, EQ, 07-Jan-2025,102.67,102.97,104.0,101.36,102.34,102.03,102.48,291291,298.53,6605, 148982, 51.15,0.5114541815572743,2025-01-07
FEL, BZ, 07-Jan-2025,0.65,0.65,0.66,0.64,0.66,0.66,0.65,60034,0.39,91, -, -,,2025-01-07
FELDVR, BE, 07-Jan-2025,5.08,5.07,5.27,4.85,5.23,5.21,4.97,2475,0.12,18, -, -,,2025-01-07
FIBERWEB, EQ, 07-Jan-2025,58.05,59.48,59.59,56.35,57.5,57.1,57.67,133276,76.86,2162, 53525, 40.16,0.40161019238272455,2025-01-07
FIEMIND, EQ, 07-Jan-2025,1499.05,1499.4,1520.7,1475.05,1504.9,1499.3,1501.18,30231,453.82,5971, 12149, 40.19,0.40187225033905594,2025-01-07
FILATEX, EQ, 07-Jan-2025,58.09,57.45,60.78,57.45,60.3,60.07,59.72,1795677,1072.31,13272, 418490, 23.31,0.2330541628589106,2025-01-07
FILATFASH, BE, 07-Jan-2025,0.72,0.74,0.75,0.73,0.75,0.75,0.75,20105316,150.54,5217, -, -,,2025-01-07
FINCABLES, EQ, 07-Jan-2025,1105.15,1108.25,1125.3,1099.8,1124.45,1120.3,1115.92,98355,1097.57,11312, 34820, 35.40,0.3540236896954908,2025-01-07
FINEORG, EQ, 07-Jan-2025,4419.25,4454.9,4500.0,4410.6,4474.05,4484.1,4469.77,19824,886.09,6501, 8452, 42.64,0.42635189669087975,2025-01-07
FINIETF, EQ, 07-Jan-2025,25.83,26.0,26.32,25.81,26.32,26.05,26.01,54912,14.28,794, 26110, 47.55,0.47548805361305363,2025-01-07
FINOPB, EQ, 07-Jan-2025,320.9,322.7,331.9,320.45,330.0,330.4,326.69,46478,151.84,2263, 22753, 48.95,0.4895434399070528,2025-01-07
FINPIPE, EQ, 07-Jan-2025,246.85,248.0,249.8,239.5,239.75,240.05,242.22,797613,1931.96,24863, 391598, 49.10,0.49096240908811667,2025-01-07
FIRSTCRY, EQ, 07-Jan-2025,614.05,615.95,619.9,604.0,607.5,608.75,611.82,221537,1355.4,15173, 83070, 37.50,0.3749712237684901,2025-01-07
FIVESTAR, EQ, 07-Jan-2025,742.4,739.0,754.85,718.35,722.0,721.5,730.89,457644,3344.85,27173, 137157, 29.97,0.2997023887563259,2025-01-07
FLAIR, EQ, 07-Jan-2025,274.75,274.0,292.0,272.6,285.5,285.5,280.79,146792,412.18,6499, 88457, 60.26,0.6026009591803368,2025-01-07
FLEXITUFF, BE, 07-Jan-2025,69.81,68.41,68.41,68.41,68.41,68.41,68.41,14,0.01,6, -, -,,2025-01-07
FLFL, BZ, 07-Jan-2025,2.15,2.15,2.19,2.06,2.18,2.17,2.15,109265,2.35,115, -, -,,2025-01-07
FLUOROCHEM, EQ, 07-Jan-2025,3876.1,3898.0,3996.1,3879.85,3915.0,3926.0,3940.02,49017,1931.28,11282, 20116, 41.04,0.41038823265397717,2025-01-07
FMCGIETF, EQ, 07-Jan-2025,59.54,59.9,60.09,59.6,59.85,59.65,59.81,493276,295.05,4341, 358257, 72.63,0.7262810272545188,2025-01-07
FMGOETZE, EQ, 07-Jan-2025,388.0,386.0,397.9,385.35,391.0,390.95,392.47,48548,190.53,1599, 31906, 65.72,0.6572052401746725,2025-01-07
FMNL, BE, 07-Jan-2025,28.17,27.6,27.6,27.6,27.6,27.6,27.6,56043,15.47,213, -, -,,2025-01-07
FOCUS, EQ, 07-Jan-2025,126.86,125.15,129.5,124.31,126.8,127.39,127.13,80037,101.75,1818, 42359, 52.92,0.5292427252395767,2025-01-07
FOODSIN, EQ, 07-Jan-2025,107.69,108.99,110.94,107.98,109.3,109.34,109.45,75820,82.98,1218, 30386, 40.08,0.40076496966499603,2025-01-07
FORCEMOT, EQ, 07-Jan-2025,6864.0,6900.0,6976.75,6809.15,6849.0,6850.05,6904.51,29976,2069.7,7629, 9910, 33.06,0.33059781158259943,2025-01-07
FORTIS, EQ, 07-Jan-2025,719.0,721.95,742.1,714.3,735.5,735.15,727.26,2155049,15672.83,67369, 1072977, 49.79,0.49788983916374985,2025-01-07
FOSECOIND, EQ, 07-Jan-2025,3972.75,4016.75,4054.45,3994.95,4025.0,4025.65,4024.93,497,20.0,284, 277, 55.73,0.5573440643863179,2025-01-07
FSC, BZ, 07-Jan-2025,2.27,2.38,2.38,2.37,2.38,2.38,2.38,212001,5.04,149, -, -,,2025-01-07
FSL, EQ, 07-Jan-2025,391.0,391.0,422.3,386.45,406.7,406.75,411.51,13612364,56016.66,214244, 1815925, 13.34,0.13340261838428652,2025-01-07
FUSION, EQ, 07-Jan-2025,172.89,174.9,178.7,170.17,177.6,177.15,175.03,292419,511.81,7273, 102593, 35.08,0.35084245551759635,2025-01-07
GABRIEL, EQ, 07-Jan-2025,460.3,461.2,472.15,461.15,470.9,469.5,467.02,105666,493.48,11318, 37405, 35.40,0.3539927696704711,2025-01-07
GAEL, EQ, 07-Jan-2025,123.08,123.49,125.04,122.82,123.5,123.12,123.67,517045,639.44,9443, 246506, 47.68,0.47675927627189124,2025-01-07
GAIL, EQ, 07-Jan-2025,184.67,186.31,189.28,183.96,187.0,186.06,186.8,14521936,27127.64,192434, 7994149, 55.05,0.5504878275183144,2025-01-07
GALAPREC, EQ, 07-Jan-2025,1258.3,1275.0,1326.5,1275.0,1302.0,1304.1,1301.31,84743,1102.77,6961, 21291, 25.12,0.25124199048888995,2025-01-07
GALAXYSURF, EQ, 07-Jan-2025,2449.75,2443.8,2517.25,2443.8,2508.0,2499.15,2494.01,11048,275.54,3746, 5465, 49.47,0.49465966690803764,2025-01-07
GALLANTT, EQ, 07-Jan-2025,342.65,346.95,349.45,330.05,339.0,339.55,341.02,40420,137.84,703, 33633, 83.21,0.8320880752102919,2025-01-07
GANDHAR, EQ, 07-Jan-2025,210.04,211.56,212.75,209.0,212.08,211.99,211.18,118587,250.43,4477, 56429, 47.58,0.4758447384620574,2025-01-07
GANDHITUBE, EQ, 07-Jan-2025,776.0,780.2,796.0,779.85,795.9,791.4,788.34,2584,20.37,452, 1316, 50.93,0.5092879256965944,2025-01-07
GANECOS, EQ, 07-Jan-2025,1866.05,1866.05,1912.9,1825.55,1895.0,1900.4,1863.4,85888,1600.43,12521, 43808, 51.01,0.5100596125186289,2025-01-07
GANESHBE, EQ, 07-Jan-2025,130.05,131.34,135.0,128.55,134.8,133.62,132.94,46690,62.07,838, 29395, 62.96,0.6295780681088028,2025-01-07
GANESHHOUC, EQ, 07-Jan-2025,1246.85,1233.2,1299.0,1233.2,1280.0,1288.8,1274.16,327946,4178.56,22261, 173128, 52.79,0.5279161813225348,2025-01-07
GANGAFORGE, EQ, 07-Jan-2025,7.25,7.09,7.61,6.88,6.88,6.88,6.97,1463338,102.04,1647, 669339, 45.74,0.45740560280673365,2025-01-07
GANGESSECU, EQ, 07-Jan-2025,194.09,207.0,214.0,194.96,198.0,197.11,203.52,32983,67.13,1240, 10960, 33.23,0.33229239305096564,2025-01-07
GARFIBRES, EQ, 07-Jan-2025,861.35,855.0,874.0,836.0,869.9,868.6,859.4,80104,688.41,8983, 29662, 37.03,0.37029361829621493,2025-01-07
GARUDA, EQ, 07-Jan-2025,127.21,128.76,145.99,128.01,144.88,142.17,138.25,6420672,8876.28,37951, 1820287, 28.35,0.28350412542487763,2025-01-07
GATECH, BE, 07-Jan-2025,0.74,0.75,0.76,0.72,0.76,0.75,0.75,1897897,14.24,2061, -, -,,2025-01-07
GATECHDVR, BE, 07-Jan-2025,0.92,0.9,0.9,0.9,0.9,0.9,0.9,104340,0.94,121, -, -,,2025-01-07
GATEWAY, EQ, 07-Jan-2025,80.31,80.7,80.96,78.8,80.01,79.91,79.8,800017,638.4,12747, 418453, 52.31,0.5230551350783795,2025-01-07
GAYAPROJ, BZ, 07-Jan-2025,7.6,7.98,7.98,7.23,7.98,7.98,7.86,96964,7.62,46, -, -,,2025-01-07
GEECEE, EQ, 07-Jan-2025,434.8,427.6,450.0,427.6,436.55,439.65,440.47,8643,38.07,1138, 5051, 58.44,0.5844035635774615,2025-01-07
GEEKAYWIRE, EQ, 07-Jan-2025,96.86,96.0,100.65,96.0,98.9,98.45,98.49,50916,50.15,1440, 31427, 61.72,0.6172323041872889,2025-01-07
GENCON, EQ, 07-Jan-2025,40.53,41.45,43.3,40.77,42.58,42.04,42.24,90427,38.19,1482, 45834, 50.69,0.5068618885952204,2025-01-07
GENESYS, EQ, 07-Jan-2025,909.6,918.0,1023.95,909.6,999.9,999.65,986.76,900581,8886.57,61572, 322944, 35.86,0.3585951735601795,2025-01-07
GENSOL, EQ, 07-Jan-2025,729.9,745.0,773.0,742.5,765.95,764.15,759.05,327111,2482.93,14353, 116140, 35.50,0.3550476749482592,2025-01-07
GENUSPAPER, EQ, 07-Jan-2025,21.25,21.25,21.47,21.03,21.22,21.29,21.22,118556,25.16,713, 61049, 51.49,0.5149380883295658,2025-01-07
GENUSPOWER, EQ, 07-Jan-2025,382.1,383.0,394.0,383.0,392.45,391.4,389.92,638328,2488.99,14845, 263916, 41.34,0.41344888521261797,2025-01-07
GEOJITFSL, EQ, 07-Jan-2025,108.32,109.38,111.0,108.33,111.0,109.85,109.7,303974,333.46,5986, 155737, 51.23,0.5123365814181476,2025-01-07
GEPIL, EQ, 07-Jan-2025,345.4,347.8,359.45,346.4,355.55,355.6,353.45,144697,511.43,5143, 69464, 48.01,0.4800652397769131,2025-01-07
GESHIP, EQ, 07-Jan-2025,945.3,949.9,982.5,949.9,980.05,980.75,974.96,446255,4350.8,30445, 212027, 47.51,0.4751252086811352,2025-01-07
GFLLIMITED, EQ, 07-Jan-2025,83.46,82.75,88.0,82.75,86.1,87.34,85.84,93269,80.07,1840, 56403, 60.47,0.6047346921270733,2025-01-07
GHCL, EQ, 07-Jan-2025,737.15,740.95,755.95,740.95,742.1,749.25,748.46,397893,2978.07,18989, 215475, 54.15,0.5415400622780496,2025-01-07
GHCLTEXTIL, EQ, 07-Jan-2025,94.1,95.49,97.92,94.68,94.86,95.32,95.71,288708,276.32,5758, 164135, 56.85,0.5685155936101528,2025-01-07
GICHSGFIN, EQ, 07-Jan-2025,199.95,201.0,216.01,198.24,204.9,205.39,204.21,269132,549.59,3798, 71358, 26.51,0.26514126896838724,2025-01-07
GICRE, EQ, 07-Jan-2025,435.05,437.1,457.5,437.1,451.35,452.65,450.54,2584907,11646.13,72380, 350144, 13.55,0.135457097682818,2025-01-07
GILLANDERS, BE, 07-Jan-2025,122.3,121.99,124.89,119.7,123.0,122.96,122.34,3144,3.85,69, -, -,,2025-01-07
GILLETTE, EQ, 07-Jan-2025,9585.15,9650.0,9948.95,9647.65,9880.0,9894.2,9823.75,22708,2230.78,9624, 8211, 36.16,0.3615906288532676,2025-01-07
GILT5YBEES, EQ, 07-Jan-2025,58.85,58.85,59.14,58.8,58.99,59.02,58.94,183349,108.07,583, 139856, 76.28,0.7627857255834501,2025-01-07
GINNIFILA, EQ, 07-Jan-2025,31.11,31.14,31.9,31.05,31.61,31.49,31.38,74863,23.49,1059, 48430, 64.69,0.6469150314574623,2025-01-07
GIPCL, EQ, 07-Jan-2025,225.53,227.5,237.25,226.65,234.71,235.49,233.56,665813,1555.07,25157, 294708, 44.26,0.44262878616067874,2025-01-07
GKWLIMITED, EQ, 07-Jan-2025,2413.15,2418.7,2559.25,2400.0,2435.0,2470.6,2444.05,464,11.34,162, 263, 56.68,0.5668103448275862,2025-01-07
GLAND, EQ, 07-Jan-2025,1890.75,1900.0,1916.75,1846.5,1850.0,1850.05,1866.9,222933,4161.93,21696, 145108, 65.09,0.6509040832895983,2025-01-07
GLAXO, EQ, 07-Jan-2025,2201.1,2232.0,2239.9,2188.8,2215.35,2231.1,2221.77,96662,2147.61,20663, 58201, 60.21,0.6021083776458174,2025-01-07
GLENMARK, EQ, 07-Jan-2025,1623.75,1623.7,1658.0,1618.7,1644.1,1642.05,1639.55,334037,5476.72,20907, 138551, 41.48,0.41477740489825976,2025-01-07
GLFL, BE, 07-Jan-2025,7.57,7.5,7.58,7.5,7.58,7.58,7.55,1715,0.13,18, -, -,,2025-01-07
GLOBAL, EQ, 07-Jan-2025,73.83,75.75,76.0,73.11,74.24,74.73,74.16,69059,51.21,1553, 36323, 52.60,0.525970546923645,2025-01-07
GLOBALE, BE, 07-Jan-2025,28.1,28.66,29.5,28.0,28.85,28.85,28.45,606,0.17,39, -, -,,2025-01-07
GLOBALVECT, BE, 07-Jan-2025,284.05,278.5,284.05,278.5,284.05,284.05,279.91,3085,8.64,66, -, -,,2025-01-07
GLOBE, EQ, 07-Jan-2025,5.75,5.75,5.89,5.47,5.64,5.61,5.68,3944425,224.01,4252, 1826485, 46.31,0.4630548178758628,2025-01-07
GLOBUSSPR, EQ, 07-Jan-2025,845.95,850.2,872.1,845.05,851.0,852.25,856.76,78456,672.18,4546, 35816, 45.65,0.45651065565412463,2025-01-07
GLOSTERLTD, EQ, 07-Jan-2025,664.15,665.0,704.7,655.1,696.0,694.25,684.62,3151,21.57,415, 2072, 65.76,0.6575690257061251,2025-01-07
GLS, EQ, 07-Jan-2025,1003.4,1008.0,1056.0,1000.65,1045.0,1043.5,1026.53,40763,418.45,4075, 19279, 47.30,0.472953413634914,2025-01-07
GMBREW, EQ, 07-Jan-2025,796.35,803.95,827.55,766.95,790.0,785.95,795.99,407537,3243.97,15886, 72579, 17.81,0.17809180516124917,2025-01-07
GMDCLTD, EQ, 07-Jan-2025,308.9,312.0,317.7,309.9,315.0,315.35,313.89,459370,1441.9,13128, 170168, 37.04,0.37043777347236434,2025-01-07
GMMPFAUDLR, EQ, 07-Jan-2025,1193.2,1200.0,1206.8,1189.0,1206.1,1202.35,1198.23,30297,363.03,5321, 15807, 52.17,0.5217348252302209,2025-01-07
GMRAIRPORT, EQ, 07-Jan-2025,76.42,76.3,77.57,76.11,76.49,76.64,76.81,6456372,4959.19,22505, 3186485, 49.35,0.4935411094651919,2025-01-07
GMRP&UI, EQ, 07-Jan-2025,125.6,126.0,131.8,126.0,129.9,128.86,129.19,2252537,2910.11,10572, 1404628, 62.36,0.623575994534163,2025-01-07
GNA, EQ, 07-Jan-2025,403.5,409.55,415.4,404.0,409.0,410.5,409.6,24836,101.73,1855, 10830, 43.61,0.4360605572555967,2025-01-07
GNFC, EQ, 07-Jan-2025,537.4,538.4,558.7,538.4,554.0,554.45,550.96,442750,2439.39,15713, 113401, 25.61,0.256128740824393,2025-01-07
GOACARBON, EQ, 07-Jan-2025,693.55,696.25,703.85,691.1,700.55,698.85,698.01,24671,172.21,1122, 8412, 34.10,0.34096712739653845,2025-01-07
GOCLCORP, EQ, 07-Jan-2025,390.35,391.0,398.1,386.55,387.2,390.4,393.25,40685,159.99,1647, 24323, 59.78,0.5978370406783827,2025-01-07
GOCOLORS, EQ, 07-Jan-2025,980.75,985.85,999.8,975.2,998.0,993.25,993.12,209063,2076.24,1617, 204391, 97.77,0.977652669291075,2025-01-07
GODAVARIB, EQ, 07-Jan-2025,293.4,296.15,305.0,292.6,300.1,300.55,297.75,106619,317.46,4380, 41772, 39.18,0.39178758007484593,2025-01-07
GODFRYPHLP, EQ, 07-Jan-2025,4915.45,4969.45,5050.0,4880.55,4975.0,4977.1,4951.7,44986,2227.57,12760, 15606, 34.69,0.3469079269105944,2025-01-07
GODHA, BE, 07-Jan-2025,1.16,1.14,1.16,1.1,1.13,1.13,1.12,4222687,47.45,2820, -, -,,2025-01-07
GODIGIT, EQ, 07-Jan-2025,313.1,315.95,320.55,311.8,314.5,314.65,317.43,1285819,4081.57,23509, 858446, 66.76,0.6676258478059509,2025-01-07
GODREJAGRO, EQ, 07-Jan-2025,740.55,740.55,762.35,740.55,758.0,756.65,753.33,122550,923.2,9892, 54965, 44.85,0.44851081191350467,2025-01-07
GODREJCP, EQ, 07-Jan-2025,1141.85,1136.05,1167.45,1135.0,1153.7,1153.8,1160.17,2428244,28171.81,52354, 1820115, 74.96,0.7495601759954931,2025-01-07
GODREJIND, EQ, 07-Jan-2025,1098.75,1091.75,1111.45,1081.55,1092.7,1086.65,1091.75,58705,640.91,7849, 16622, 28.31,0.28314453624052466,2025-01-07
GODREJPROP, EQ, 07-Jan-2025,2616.1,2635.0,2676.5,2621.65,2647.3,2652.15,2651.43,310336,8228.34,30292, 125330, 40.39,0.40385259847391214,2025-01-07
GOKEX, EQ, 07-Jan-2025,1092.7,1099.0,1150.9,1092.75,1140.25,1144.35,1121.02,146581,1643.2,27300, 74323, 50.70,0.5070438869976327,2025-01-07
GOKUL, BE, 07-Jan-2025,62.27,60.25,63.5,59.25,62.8,62.43,62.01,18846,11.69,177, -, -,,2025-01-07
GOKULAGRO, EQ, 07-Jan-2025,345.55,343.25,368.2,343.25,368.0,364.85,362.3,168667,611.07,5966, 84838, 50.30,0.5029911008081012,2025-01-07
GOLD1, EQ, 07-Jan-2025,65.08,65.08,65.39,64.92,65.2,65.19,65.11,1129893,735.69,2166, 813413, 71.99,0.7199026810503295,2025-01-07
GOLDBEES, EQ, 07-Jan-2025,64.61,66.55,66.55,64.62,64.79,64.77,64.76,10745727,6958.61,36125, 8549585, 79.56,0.7956264848343905,2025-01-07
GOLDCASE, EQ, 07-Jan-2025,12.27,12.25,12.33,12.18,12.31,12.29,12.29,754886,92.79,1341, 609847, 80.79,0.8078663533301718,2025-01-07
GOLDENTOBC, BZ, 07-Jan-2025,37.54,39.0,39.1,39.0,39.03,39.03,39.01,1286,0.5,9, -, -,,2025-01-07
GOLDETF, EQ, 07-Jan-2025,75.78,75.78,76.07,75.72,76.0,75.99,75.98,134667,102.32,821, 122878, 91.25,0.9124581374798577,2025-01-07
GOLDETFADD, EQ, 07-Jan-2025,75.78,76.52,76.99,75.32,76.99,75.95,75.95,1212266,920.7,159, 1204801, 99.38,0.9938421105598936,2025-01-07
GOLDIAM, EQ, 07-Jan-2025,416.05,417.8,499.0,417.8,486.05,494.0,474.46,9365502,44435.34,120506, 1695616, 18.10,0.18104913116242996,2025-01-07
GOLDIETF, EQ, 07-Jan-2025,66.6,66.9,66.9,66.56,66.8,66.82,66.78,2380997,1590.14,6872, 2147277, 90.18,0.9018394395289032,2025-01-07
GOLDSHARE, EQ, 07-Jan-2025,65.15,65.8,65.8,64.8,65.35,65.4,65.38,129165,84.45,655, 117833, 91.23,0.9122672550613556,2025-01-07
GOLDTECH, BE, 07-Jan-2025,74.18,72.0,74.95,71.2,72.64,72.01,72.56,22171,16.09,153, -, -,,2025-01-07
GOODLUCK, EQ, 07-Jan-2025,947.0,949.95,974.5,949.95,970.0,961.45,962.46,61775,594.56,6431, 30013, 48.58,0.48584378794010524,2025-01-07
GOPAL, EQ, 07-Jan-2025,354.55,355.0,357.95,350.55,355.45,354.75,353.05,142836,504.28,6617, 59736, 41.82,0.41821389565655714,2025-01-07
GOYALALUM, EQ, 07-Jan-2025,9.53,9.51,9.69,9.35,9.36,9.39,9.51,228329,21.72,1794, 138270, 60.56,0.6055735364320782,2025-01-07
GPIL, EQ, 07-Jan-2025,201.52,201.2,207.99,201.2,207.0,206.72,205.46,1582787,3251.96,26147, 675021, 42.65,0.42647620936992786,2025-01-07
GPPL, EQ, 07-Jan-2025,175.62,174.06,177.59,174.0,175.0,175.2,176.04,471720,830.41,13371, 163855, 34.74,0.3473564826592046,2025-01-07
GPTHEALTH, EQ, 07-Jan-2025,178.92,180.92,183.5,179.5,182.36,182.27,181.68,84651,153.8,2035, 36777, 43.45,0.4344544069178155,2025-01-07
GPTINFRA, EQ, 07-Jan-2025,135.86,135.98,143.86,135.05,140.99,140.74,139.04,197575,274.7,5053, 66234, 33.52,0.33523472099202833,2025-01-07
GRANULES, EQ, 07-Jan-2025,607.9,610.0,621.1,609.55,615.7,616.1,616.8,1201813,7412.74,32319, 421844, 35.10,0.35100635456597656,2025-01-07
GRAPHITE, EQ, 07-Jan-2025,555.45,556.25,562.1,551.6,553.2,553.15,556.33,388398,2160.77,12886, 119805, 30.85,0.30845936384842354,2025-01-07
GRASIM, EQ, 07-Jan-2025,2460.55,2460.6,2497.0,2456.6,2465.0,2467.25,2474.2,495162,12251.32,32419, 292951, 59.16,0.5916265787762389,2025-01-07
GRAVITA, EQ, 07-Jan-2025,2198.6,2207.4,2310.0,2192.4,2288.7,2292.3,2254.22,339535,7653.88,31296, 180377, 53.12,0.5312471468331689,2025-01-07
GREAVESCOT, EQ, 07-Jan-2025,265.05,267.0,278.0,264.05,270.7,270.85,271.35,5645283,15318.57,41515, 1232033, 21.82,0.21824114043529794,2025-01-07
GREENLAM, EQ, 07-Jan-2025,565.8,574.3,577.2,557.0,572.35,570.8,568.17,9402,53.42,1645, 2839, 30.20,0.3019570304190598,2025-01-07
GREENPANEL, EQ, 07-Jan-2025,355.85,350.5,368.55,350.5,363.9,364.8,363.15,65242,236.93,6861, 25862, 39.64,0.39640109132154133,2025-01-07
GREENPLY, EQ, 07-Jan-2025,299.75,303.95,311.95,299.6,309.6,308.35,304.87,107626,328.12,6386, 47132, 43.79,0.4379239217289502,2025-01-07
GREENPOWER, EQ, 07-Jan-2025,16.14,16.19,16.62,16.19,16.26,16.29,16.39,3196992,524.02,9810, 1268625, 39.68,0.3968183217224191,2025-01-07
GRINDWELL, EQ, 07-Jan-2025,1883.75,1900.0,1915.2,1873.65,1880.0,1884.0,1887.91,33170,626.22,7141, 20346, 61.34,0.6133855893880013,2025-01-07
GRINFRA, EQ, 07-Jan-2025,1391.95,1412.8,1419.95,1385.0,1411.25,1404.1,1399.86,25866,362.09,4257, 9819, 37.96,0.37961029923451634,2025-01-07
GRMOVER, EQ, 07-Jan-2025,193.75,195.97,210.0,191.78,201.02,202.71,202.92,257814,523.15,5168, 101472, 39.36,0.3935860736810259,2025-01-07
GROBTEA, EQ, 07-Jan-2025,1222.5,1251.85,1255.5,1238.55,1245.9,1248.5,1247.34,377,4.7,62, 274, 72.68,0.726790450928382,2025-01-07
GROWWDEFNC, EQ, 07-Jan-2025,63.91,62.63,65.39,62.63,64.72,64.78,64.59,162001,104.64,2549, 127626, 78.78,0.787809951790421,2025-01-07
GROWWEV, EQ, 07-Jan-2025,30.03,29.74,30.24,26.9,29.9,29.91,29.94,799827,239.46,4114, 653543, 81.71,0.8171054490533578,2025-01-07
GROWWGOLD, EQ, 07-Jan-2025,76.66,76.08,77.65,76.08,76.86,76.89,76.86,103641,79.66,3324, 79624, 76.83,0.7682673845292886,2025-01-07
GROWWLIQID, EQ, 07-Jan-2025,101.88,101.12,102.4,101.1,101.92,101.9,101.91,235821,240.33,248, 146764, 62.24,0.6223533951598882,2025-01-07
GRPLTD, EQ, 07-Jan-2025,3325.75,3301.0,3449.95,3300.05,3356.35,3357.05,3371.62,1536,51.79,500, 997, 64.91,0.6490885416666666,2025-01-07
GRSE, EQ, 07-Jan-2025,1534.85,1534.85,1620.15,1519.15,1582.0,1574.55,1578.9,548553,8661.13,56489, 111459, 20.32,0.20318729457317708,2025-01-07
GRWRHITECH, EQ, 07-Jan-2025,4850.9,4968.95,5097.0,4865.2,5054.0,5017.35,5016.87,72864,3655.49,19316, 31966, 43.87,0.43870772946859904,2025-01-07
GSEC10ABSL, EQ, 07-Jan-2025,102.81,102.97,103.54,102.97,103.53,103.53,102.99,101,0.1,4, 97, 96.04,0.9603960396039604,2025-01-07
GSEC10YEAR, EQ, 07-Jan-2025,27.58,27.71,27.71,27.4,27.64,27.64,27.52,98224,27.03,17, 50472, 51.38,0.5138459032415703,2025-01-07
GSEC5IETF, EQ, 07-Jan-2025,58.55,58.7,59.38,58.7,58.83,58.83,58.77,2055,1.21,8, 2017, 98.15,0.9815085158150851,2025-01-07
GSFC, EQ, 07-Jan-2025,199.19,200.0,206.29,198.63,203.1,203.42,203.2,1415938,2877.14,25737, 352391, 24.89,0.2488745976165623,2025-01-07
GSLSU, EQ, 07-Jan-2025,154.36,155.0,159.04,154.1,154.76,155.07,156.47,55502,86.84,1786, 17876, 32.21,0.32207848365824654,2025-01-07
GSPL, EQ, 07-Jan-2025,358.55,355.5,363.75,355.5,359.0,358.45,359.21,247116,887.67,17828, 93390, 37.79,0.37791968144515126,2025-01-07
GSS, EQ, 07-Jan-2025,58.67,59.58,59.99,58.5,58.92,59.68,59.34,139560,82.82,705, 74490, 53.37,0.5337489251934652,2025-01-07
GTECJAINX, BE, 07-Jan-2025,33.96,34.64,34.64,33.55,33.9,34.09,34.02,2540,0.86,61, -, -,,2025-01-07
GTL, EQ, 07-Jan-2025,11.96,11.98,12.3,11.98,12.24,12.19,12.14,469345,56.98,1702, 266250, 56.73,0.5672799326721282,2025-01-07
GTLINFRA, EQ, 07-Jan-2025,1.97,1.97,2.01,1.96,1.98,1.98,1.99,30204941,600.43,21890, 14059862, 46.55,0.46548218716931117,2025-01-07
GTPL, EQ, 07-Jan-2025,136.89,135.4,137.99,135.02,136.7,136.87,136.54,9604,13.11,399, 5363, 55.84,0.5584131611828405,2025-01-07
GUFICBIO, EQ, 07-Jan-2025,480.2,487.75,498.25,477.55,485.5,484.95,486.47,123957,603.01,5706, 41600, 33.56,0.33560024847326086,2025-01-07
GUJALKALI, EQ, 07-Jan-2025,734.95,738.0,749.0,730.9,740.0,743.8,739.75,23214,171.73,3773, 9256, 39.87,0.3987249073834755,2025-01-07
GUJAPOLLO, EQ, 07-Jan-2025,342.6,340.7,364.1,340.7,354.1,354.55,355.89,19207,68.36,1200, 9748, 50.75,0.5075232987973135,2025-01-07
GUJGASLTD, EQ, 07-Jan-2025,509.0,509.0,515.45,505.5,506.5,507.9,510.52,364105,1858.81,18440, 164247, 45.11,0.451097897584488,2025-01-07
GUJRAFFIA, BE, 07-Jan-2025,95.68,93.76,93.76,93.76,93.76,93.76,93.76,566,0.53,10, -, -,,2025-01-07
GULFOILLUB, EQ, 07-Jan-2025,1132.15,1099.2,1175.0,1099.2,1157.2,1150.4,1144.3,54712,626.07,7408, 23694, 43.31,0.4330676999561339,2025-01-07
GULFPETRO, EQ, 07-Jan-2025,54.24,54.5,55.59,53.86,55.1,55.19,54.62,125929,68.78,1994, 58446, 46.41,0.4641186700442313,2025-01-07
GULPOLY, EQ, 07-Jan-2025,174.16,172.3,179.0,172.3,178.0,176.49,175.87,81819,143.89,1802, 31779, 38.84,0.3884061159388406,2025-01-07
GVKPIL, BE, 07-Jan-2025,4.73,4.72,4.73,4.63,4.7,4.65,4.66,1064202,49.54,2129, -, -,,2025-01-07
GVPTECH, EQ, 07-Jan-2025,11.45,11.21,11.66,11.04,11.3,11.31,11.27,94497,10.65,540, 65417, 69.23,0.6922653629215743,2025-01-07
GVT&D, EQ, 07-Jan-2025,2008.9,2008.85,2069.45,1981.0,2007.2,2004.3,2006.39,386599,7756.7,30209, 261157, 67.55,0.6755242512267233,2025-01-07
HAL, EQ, 07-Jan-2025,4101.75,4109.5,4199.0,4105.1,4163.0,4163.4,4162.47,706292,29399.19,58433, 262817, 37.21,0.3721081365780725,2025-01-07
HAPPSTMNDS, EQ, 07-Jan-2025,712.1,714.4,725.95,714.4,725.0,724.15,720.55,250079,1801.96,21564, 101680, 40.66,0.40659151708060254,2025-01-07
HAPPYFORGE, EQ, 07-Jan-2025,1001.9,1017.8,1045.7,994.0,1016.4,1020.55,1008.1,20705,208.73,3533, 8401, 40.57,0.4057474040086936,2025-01-07
HARDWYN, EQ, 07-Jan-2025,18.22,18.29,18.4,17.96,18.0,18.05,18.15,582882,105.81,2302, 297949, 51.12,0.5111652101111375,2025-01-07
HARIOMPIPE, EQ, 07-Jan-2025,495.35,500.0,522.9,500.0,511.2,505.05,511.03,325519,1663.5,13667, 138444, 42.53,0.4253023633029101,2025-01-07
HARRMALAYA, EQ, 07-Jan-2025,310.5,312.95,321.65,311.8,316.0,317.05,318.47,32894,104.76,1386, 18568, 56.45,0.5644798443485134,2025-01-07
HARSHA, EQ, 07-Jan-2025,497.65,498.0,503.85,495.05,500.4,499.1,499.36,42971,214.58,1518, 22200, 51.66,0.5166274929603686,2025-01-07
HATHWAY, EQ, 07-Jan-2025,15.74,15.8,16.0,15.57,15.84,15.82,15.81,3966895,627.33,8109, 1230055, 31.01,0.31008005001392774,2025-01-07
HATSUN, EQ, 07-Jan-2025,977.1,978.0,994.45,971.15,986.15,988.05,984.34,16615,163.55,2977, 8505, 51.19,0.5118868492326212,2025-01-07
HAVELLS, EQ, 07-Jan-2025,1646.15,1647.5,1665.9,1626.4,1630.0,1636.05,1640.39,527750,8657.17,35208, 328880, 62.32,0.6231738512553292,2025-01-07
HAVISHA, EQ, 07-Jan-2025,2.51,2.44,2.54,2.4,2.44,2.48,2.45,63940,1.56,245, 44746, 69.98,0.6998123240538004,2025-01-07
HBLENGINE, EQ, 07-Jan-2025,592.25,595.95,612.25,595.0,604.9,604.05,605.19,917335,5551.59,42390, 348761, 38.02,0.3801893528536467,2025-01-07
HBSL, EQ, 07-Jan-2025,116.16,116.14,117.98,112.61,113.53,114.45,115.21,7845,9.04,409, 4215, 53.73,0.5372848948374761,2025-01-07
HCC, EQ, 07-Jan-2025,37.5,37.89,38.61,37.69,38.13,38.11,38.14,17839180,6804.08,35303, 5223829, 29.28,0.2928289865341344,2025-01-07
HCG, EQ, 07-Jan-2025,474.6,470.0,491.75,469.95,490.0,488.0,481.62,165902,799.02,8205, 85702, 51.66,0.5165820785765091,2025-01-07
HCL-INSYS, EQ, 07-Jan-2025,15.46,15.42,15.78,15.4,15.75,15.65,15.6,187956,29.32,1249, 115788, 61.60,0.6160377960799336,2025-01-07
HCLTECH, EQ, 07-Jan-2025,1953.05,1960.0,1981.0,1908.9,1916.75,1915.9,1930.16,2494547,48148.71,117446, 1513882, 60.69,0.606876519063381,2025-01-07
HDFCAMC, EQ, 07-Jan-2025,4104.95,4090.9,4129.9,4062.45,4064.1,4071.7,4083.21,288911,11796.84,37646, 177292, 61.37,0.6136561086286089,2025-01-07
HDFCBANK, EQ, 07-Jan-2025,1710.5,1715.0,1721.0,1700.0,1712.95,1713.4,1712.76,6763953,115850.14,183035, 4379489, 64.75,0.6474747828673558,2025-01-07
HDFCBSE500, EQ, 07-Jan-2025,36.53,37.3,37.3,36.01,36.49,36.56,36.73,15649,5.75,315, 10317, 65.93,0.6592753530577034,2025-01-07
HDFCGOLD, EQ, 07-Jan-2025,66.61,66.59,66.85,66.56,66.77,66.79,66.76,1542184,1029.52,3318, 1285876, 83.38,0.8338019328432924,2025-01-07
HDFCGROWTH, EQ, 07-Jan-2025,121.98,122.99,122.99,121.11,122.92,122.91,122.49,1818,2.23,105, 1141, 62.76,0.6276127612761276,2025-01-07
HDFCLIFE, EQ, 07-Jan-2025,605.95,606.0,620.7,605.5,619.95,619.85,614.08,2813892,17279.43,69652, 1773911, 63.04,0.6304118992484431,2025-01-07
HDFCLIQUID, EQ, 07-Jan-2025,1000.0,1000.01,1000.01,999.99,1000.01,1000.0,1000.0,2648,26.48,21, 2321, 87.65,0.8765105740181269,2025-01-07
HDFCLOWVOL, EQ, 07-Jan-2025,19.57,19.62,19.75,19.28,19.67,19.59,19.65,8506,1.67,163, 7118, 83.68,0.8368210674817775,2025-01-07
HDFCMID150, EQ, 07-Jan-2025,21.05,21.47,21.51,20.93,21.0,21.1,21.17,174308,36.9,1833, 97891, 56.16,0.5615978612570851,2025-01-07
HDFCMOMENT, EQ, 07-Jan-2025,32.8,32.98,33.27,32.52,32.52,32.63,32.75,197985,64.84,1773, 135312, 68.34,0.683445715584514,2025-01-07
HDFCNEXT50, EQ, 07-Jan-2025,67.87,67.87,68.69,67.62,68.59,67.84,67.99,55309,37.61,949, 47376, 85.66,0.8565694552423656,2025-01-07
HDFCNIF100, EQ, 07-Jan-2025,25.0,25.5,25.5,24.64,25.0,24.99,25.03,61960,15.51,379, 31810, 51.34,0.513395739186572,2025-01-07
HDFCNIFBAN, EQ, 07-Jan-2025,50.93,50.52,51.48,50.52,51.24,51.07,51.13,18893,9.66,334, 14842, 78.56,0.7855819615730694,2025-01-07
HDFCNIFIT, EQ, 07-Jan-2025,44.78,45.07,45.35,44.61,45.16,44.81,44.91,4773,2.14,131, 3894, 81.58,0.8158390949088623,2025-01-07
HDFCNIFTY, EQ, 07-Jan-2025,261.73,264.39,265.0,261.52,265.0,262.46,262.51,66599,174.83,998, 49026, 73.61,0.7361371792369255,2025-01-07
HDFCPSUBK, EQ, 07-Jan-2025,64.04,65.35,65.35,63.95,64.32,64.38,64.5,19486,12.57,319, 15552, 79.81,0.7981114646412809,2025-01-07
HDFCPVTBAN, EQ, 07-Jan-2025,25.07,25.07,25.28,24.75,24.87,24.81,24.87,460745,114.59,1966, 388528, 84.33,0.8432603717891676,2025-01-07
HDFCQUAL, EQ, 07-Jan-2025,56.74,56.12,57.97,56.01,56.9,56.56,57.08,8198,4.68,221, 5331, 65.03,0.6502805562332277,2025-01-07
HDFCSENSEX, EQ, 07-Jan-2025,87.34,87.48,88.5,86.51,87.25,87.2,87.32,65581,57.26,495, 30455, 46.44,0.4643875512724722,2025-01-07
HDFCSILVER, EQ, 07-Jan-2025,86.11,86.67,87.19,86.52,87.13,87.11,86.87,330612,287.19,1538, 250196, 75.68,0.7567662395799305,2025-01-07
HDFCSML250, EQ, 07-Jan-2025,175.6,176.48,178.41,175.6,177.55,177.58,177.37,327279,580.49,5642, 174469, 53.31,0.5330895046733827,2025-01-07
HDFCVALUE, EQ, 07-Jan-2025,138.83,140.0,140.91,136.03,139.4,138.58,139.05,7716,10.73,145, 5126, 66.43,0.6643338517366512,2025-01-07
HDIL, BZ, 07-Jan-2025,3.8,3.75,3.9,3.75,3.8,3.79,3.8,72194,2.74,171, -, -,,2025-01-07
HEADSUP, EQ, 07-Jan-2025,11.75,11.58,12.14,11.45,11.57,11.53,11.65,17584,2.05,376, 6069, 34.51,0.34514331210191085,2025-01-07
HEALTHADD, EQ, 07-Jan-2025,148.54,149.6,150.78,148.77,150.1,150.12,150.39,2015,3.03,22, 1928, 95.68,0.9568238213399504,2025-01-07
HEALTHIETF, EQ, 07-Jan-2025,151.04,151.04,153.43,150.72,152.35,152.44,152.45,49085,74.83,1115, 25588, 52.13,0.5212997860853621,2025-01-07
HEALTHY, EQ, 07-Jan-2025,15.13,15.0,15.35,14.9,15.31,15.29,15.29,360118,55.05,1843, 241937, 67.18,0.6718270122570935,2025-01-07
HECPROJECT, BE, 07-Jan-2025,122.64,122.0,122.0,120.25,120.25,120.25,120.28,5976,7.19,34, -, -,,2025-01-07
HEG, EQ, 07-Jan-2025,487.75,481.35,503.55,481.35,491.7,491.15,492.26,1115162,5489.51,50571, 332422, 29.81,0.29809301249504555,2025-01-07
HEIDELBERG, EQ, 07-Jan-2025,211.01,211.1,216.8,211.1,214.9,214.93,214.36,99190,212.62,8470, 41495, 41.83,0.4183385421917532,2025-01-07
HEMIPROP, EQ, 07-Jan-2025,164.59,165.02,171.85,165.02,168.5,168.72,168.39,363953,612.86,10191, 133892, 36.79,0.36788266616843385,2025-01-07
HERANBA, EQ, 07-Jan-2025,387.25,390.05,407.05,390.05,404.45,402.65,399.16,69339,276.77,3990, 28301, 40.82,0.4081541412480711,2025-01-07
HERCULES, BE, 07-Jan-2025,221.5,220.0,222.99,211.55,218.05,219.57,218.64,16213,35.45,388, -, -,,2025-01-07
HERITGFOOD, EQ, 07-Jan-2025,456.4,460.0,475.5,458.65,468.4,468.7,467.01,321263,1500.32,9387, 182547, 56.82,0.5682166947329758,2025-01-07
HEROMOTOCO, EQ, 07-Jan-2025,4202.8,4200.1,4224.85,4155.3,4166.0,4162.05,4186.81,396158,16586.4,49244, 224816, 56.75,0.5674907486406938,2025-01-07
HESTERBIO, EQ, 07-Jan-2025,2369.3,2390.85,2405.8,2368.2,2370.5,2381.5,2384.51,1215,28.97,212, 876, 72.10,0.7209876543209877,2025-01-07
HEUBACHIND, EQ, 07-Jan-2025,550.0,544.9,555.1,544.9,552.05,552.45,552.02,19179,105.87,514, 12959, 67.57,0.6756869492674279,2025-01-07
HEXATRADEX, EQ, 07-Jan-2025,263.85,261.6,276.7,255.0,261.5,260.45,262.16,14351,37.62,833, 7815, 54.46,0.5445613546094349,2025-01-07
HFCL, EQ, 07-Jan-2025,106.52,107.6,110.45,107.6,108.91,109.15,109.15,10951561,11954.16,48852, 2555989, 23.34,0.23339038151730152,2025-01-07
HGINFRA, EQ, 07-Jan-2025,1415.05,1437.95,1479.15,1420.05,1466.0,1466.5,1451.76,95625,1388.24,15076, 32089, 33.56,0.33557124183006537,2025-01-07
HGS, EQ, 07-Jan-2025,676.05,676.05,694.0,671.1,688.7,680.55,675.89,11502,77.74,1194, 6020, 52.34,0.5233872370022605,2025-01-07
HIKAL, EQ, 07-Jan-2025,380.15,380.25,392.75,380.25,391.4,391.0,388.7,204004,792.96,12986, 67680, 33.18,0.3317582008195918,2025-01-07
HIL, EQ, 07-Jan-2025,2460.75,2476.25,2495.0,2456.0,2477.0,2481.9,2481.42,3141,77.94,1063, 1675, 53.33,0.5332696593441579,2025-01-07
HILTON, EQ, 07-Jan-2025,112.23,114.0,117.9,113.2,115.65,116.58,115.62,344953,398.84,3551, 166013, 48.13,0.48126266476882357,2025-01-07
HIMATSEIDE, EQ, 07-Jan-2025,184.74,186.99,196.61,186.25,195.0,195.15,190.48,1876534,3574.4,33907, 584242, 31.13,0.3113410148710335,2025-01-07
HINDALCO, EQ, 07-Jan-2025,574.1,573.05,588.4,572.05,583.75,584.5,582.93,5379682,31359.84,84787, 2896364, 53.84,0.5383894438370149,2025-01-07
HINDCOMPOS, EQ, 07-Jan-2025,526.2,525.0,540.0,525.0,534.5,534.55,533.76,4731,25.25,698, 2074, 43.84,0.4383851194250687,2025-01-07
HINDCON, BE, 07-Jan-2025,42.56,42.0,44.3,42.0,43.11,43.48,43.33,20295,8.79,302, -, -,,2025-01-07
HINDCOPPER, EQ, 07-Jan-2025,235.64,236.4,242.45,235.0,237.9,238.13,239.29,3337163,7985.37,39303, 1062388, 31.84,0.31835064694172865,2025-01-07
HINDMOTORS, EQ, 07-Jan-2025,27.28,27.5,28.74,27.4,28.0,28.15,27.99,737771,206.48,4720, 246407, 33.40,0.3339884598337424,2025-01-07
HINDNATGLS, BE, 07-Jan-2025,23.37,24.4,24.4,22.57,24.01,23.6,24.13,12804,3.09,78, -, -,,2025-01-07
HINDOILEXP, EQ, 07-Jan-2025,187.66,188.75,194.48,187.7,192.8,192.14,192.24,318946,613.15,8735, 111324, 34.90,0.3490371410834436,2025-01-07
HINDPETRO, EQ, 07-Jan-2025,388.95,391.9,397.6,385.15,385.9,386.2,389.33,3195402,12440.61,37703, 1248817, 39.08,0.3908168674864696,2025-01-07
HINDUNILVR, EQ, 07-Jan-2025,2376.2,2377.15,2402.25,2375.25,2390.25,2390.8,2388.79,922768,22043.02,71444, 590215, 63.96,0.6396136406984204,2025-01-07
HINDWAREAP, EQ, 07-Jan-2025,268.95,267.0,277.0,267.0,275.0,274.45,273.04,52926,144.51,1959, 28356, 53.58,0.5357669198503571,2025-01-07
HINDZINC, EQ, 07-Jan-2025,446.8,447.0,454.95,447.0,449.25,448.55,450.45,566242,2550.64,29887, 258780, 45.70,0.45701307921348117,2025-01-07
HIRECT, EQ, 07-Jan-2025,1338.65,1344.45,1395.0,1303.3,1395.0,1380.2,1352.74,37907,512.78,4373, 13959, 36.82,0.3682433323660538,2025-01-07
HISARMETAL, EQ, 07-Jan-2025,213.51,217.52,217.65,213.7,215.0,215.07,215.56,12084,26.05,377, 8010, 66.29,0.6628599801390268,2025-01-07
HITECH, EQ, 07-Jan-2025,150.08,150.08,155.4,149.0,155.4,154.5,152.44,531279,809.86,14153, 264231, 49.73,0.49734885060392,2025-01-07
HITECHCORP, EQ, 07-Jan-2025,239.35,239.56,250.78,239.56,247.0,245.03,245.5,12055,29.59,590, 6935, 57.53,0.5752799668187474,2025-01-07
HITECHGEAR, BE, 07-Jan-2025,833.0,839.0,868.9,833.1,842.0,844.7,853.04,4294,36.63,133, -, -,,2025-01-07
HLEGLAS, EQ, 07-Jan-2025,359.1,359.95,362.0,355.0,357.8,356.75,358.17,52573,188.3,2638, 27911, 53.09,0.5308998915793278,2025-01-07
HLVLTD, EQ, 07-Jan-2025,17.49,17.75,18.15,17.69,18.0,17.95,17.9,1267742,226.97,2692, 588903, 46.45,0.4645290603293099,2025-01-07
HMAAGRO, EQ, 07-Jan-2025,39.47,39.3,41.25,39.03,41.25,40.21,39.62,213794,84.71,1683, 107411, 50.24,0.5024041834663274,2025-01-07
HMT, BZ, 07-Jan-2025,65.67,67.5,68.95,65.5,68.95,68.95,68.36,38813,26.53,307, -, -,,2025-01-07
HMVL, EQ, 07-Jan-2025,89.47,90.9,91.0,87.22,89.69,89.43,89.38,51066,45.64,1350, 26355, 51.61,0.5160968158853249,2025-01-07
HNDFDS, EQ, 07-Jan-2025,509.75,510.0,514.95,504.15,508.0,510.15,508.11,54342,276.12,5011, 29718, 54.69,0.5468698244451805,2025-01-07
HNGSNGBEES, EQ, 07-Jan-2025,333.5,333.5,334.8,327.51,333.6,334.01,331.64,68957,228.69,2412, 48056, 69.69,0.6968980669112635,2025-01-07
HOMEFIRST, EQ, 07-Jan-2025,1036.65,1044.95,1072.65,1032.1,1060.0,1061.3,1057.28,140084,1481.08,14255, 73525, 52.49,0.5248636532366294,2025-01-07
HONASA, EQ, 07-Jan-2025,244.7,244.45,248.4,244.15,245.5,246.3,245.74,2077851,5106.05,21651, 1881039, 90.53,0.9052809850176937,2025-01-07
HONAUT, EQ, 07-Jan-2025,41760.0,42136.45,42998.75,42136.45,42566.1,42687.65,42692.0,3217,1373.4,2587, 1281, 39.82,0.3981970780230028,2025-01-07
HONDAPOWER, EQ, 07-Jan-2025,2707.4,2747.95,2837.9,2707.6,2767.0,2780.9,2759.94,5601,154.58,1991, 1870, 33.39,0.333868951972862,2025-01-07
HOVS, EQ, 07-Jan-2025,76.47,79.0,79.0,75.07,75.2,76.01,76.64,17979,13.78,796, 6683, 37.17,0.3717114411257578,2025-01-07
HPAL, EQ, 07-Jan-2025,76.6,76.89,79.39,76.41,77.8,77.46,77.3,49897,38.57,1428, 27817, 55.75,0.5574884261578853,2025-01-07
HPIL, EQ, 07-Jan-2025,141.79,143.8,149.69,142.29,148.49,147.59,145.66,6310,9.19,307, 2754, 43.65,0.4364500792393027,2025-01-07
HPL, EQ, 07-Jan-2025,548.95,548.95,565.65,546.0,558.9,558.35,556.96,169581,944.5,6847, 53367, 31.47,0.31469917030799444,2025-01-07
HSCL, EQ, 07-Jan-2025,567.65,562.0,575.9,558.25,569.5,569.8,568.18,1162220,6603.47,33987, 422443, 36.35,0.36347937567758254,2025-01-07
HTMEDIA, EQ, 07-Jan-2025,22.53,22.7,22.89,22.42,22.8,22.73,22.71,64997,14.76,405, 36800, 56.62,0.5661799775374248,2025-01-07
HUBTOWN, BE, 07-Jan-2025,282.05,276.0,295.75,276.0,292.0,293.45,291.62,281849,821.92,1396, -, -,,2025-01-07
HUDCO, EQ, 07-Jan-2025,239.26,239.9,244.0,237.0,239.0,239.56,240.9,6897016,16615.16,47228, 2019237, 29.28,0.2927696557467751,2025-01-07
HUHTAMAKI, EQ, 07-Jan-2025,265.65,268.25,271.15,262.3,268.3,269.4,267.64,38162,102.14,4243, 20252, 53.07,0.530684974582045,2025-01-07
HYBRIDFIN, BE, 07-Jan-2025,14.87,14.87,14.87,14.87,14.87,14.87,14.87,1657,0.25,21, -, -,,2025-01-07
HYUNDAI, EQ, 07-Jan-2025,1801.15,1803.05,1848.9,1803.05,1827.0,1833.0,1828.75,925887,16932.18,64540, 633237, 68.39,0.6839247121949007,2025-01-07
ICDSLTD, BE, 07-Jan-2025,61.41,64.48,64.48,58.33,59.71,59.71,59.55,2246,1.34,49, -, -,,2025-01-07
ICEMAKE, EQ, 07-Jan-2025,756.0,758.1,766.35,746.15,749.3,751.15,756.36,13008,98.39,1610, 7306, 56.17,0.5616543665436654,2025-01-07
ICICIB22, EQ, 07-Jan-2025,106.08,106.9,108.7,106.09,106.9,107.49,106.87,680306,727.04,4466, 554597, 81.52,0.8152169758902611,2025-01-07
ICICIBANK, EQ, 07-Jan-2025,1264.1,1266.5,1288.95,1266.5,1280.6,1279.25,1280.35,7539758,96535.65,153173, 4147624, 55.01,0.5501004143634318,2025-01-07
ICICIGI, EQ, 07-Jan-2025,1812.75,1805.5,1891.1,1805.15,1878.25,1883.7,1869.55,1142167,21353.37,83048, 822176, 71.98,0.719838692590488,2025-01-07
ICICIPRULI, EQ, 07-Jan-2025,661.9,659.25,673.0,659.25,662.1,662.7,666.27,1037686,6913.74,44535, 617292, 59.49,0.5948735937460851,2025-01-07
ICIL, EQ, 07-Jan-2025,335.05,335.4,347.25,335.35,338.25,340.6,340.67,196182,668.33,12807, 64122, 32.68,0.3268495580634309,2025-01-07
ICRA, EQ, 07-Jan-2025,6062.85,6015.0,6169.9,6015.0,6100.0,6095.1,6096.53,2554,155.71,1483, 1365, 53.45,0.5344557556773688,2025-01-07
IDBI, EQ, 07-Jan-2025,73.84,74.44,75.85,74.01,75.69,75.73,75.02,4060280,3045.95,19378, 1331936, 32.80,0.3280404307092122,2025-01-07
IDEA, EQ, 07-Jan-2025,7.88,7.86,8.14,7.86,8.07,8.06,8.04,374162457,30065.93,144699, 68453220, 18.30,0.1829505304964362,2025-01-07
IDEAFORGE, EQ, 07-Jan-2025,609.75,609.75,624.0,603.0,614.4,610.0,610.66,130029,794.04,10363, 33468, 25.74,0.25738873635881226,2025-01-07
IDFCFIRSTB, EQ, 07-Jan-2025,62.61,62.92,63.34,62.31,62.42,62.44,62.72,14463434,9071.37,63415, 5759621, 39.82,0.39821946848860373,2025-01-07
IDFNIFTYET, EQ, 07-Jan-2025,263.58,268.85,268.85,253.87,265.55,265.63,260.88,938,2.45,75, 567, 60.45,0.6044776119402985,2025-01-07
IEL, BE, 07-Jan-2025,20.32,20.72,20.72,20.6,20.72,20.72,20.7,184918,38.27,233, -, -,,2025-01-07
IEX, EQ, 07-Jan-2025,173.63,173.98,175.2,169.06,173.34,173.73,172.65,6044285,10435.51,58317, 1523022, 25.20,0.25197719829558,2025-01-07
IFBAGRO, EQ, 07-Jan-2025,546.8,544.0,560.0,544.0,559.95,557.8,553.73,3176,17.59,395, 2104, 66.25,0.6624685138539043,2025-01-07
IFBIND, EQ, 07-Jan-2025,1832.45,1832.3,1919.0,1810.1,1905.95,1903.35,1880.61,33074,621.99,4555, 13602, 41.13,0.4112595996855536,2025-01-07
IFCI, EQ, 07-Jan-2025,57.8,57.85,60.4,57.85,59.25,59.4,59.34,6405922,3801.27,38745, 1346583, 21.02,0.2102090846563539,2025-01-07
IFGLEXPOR, EQ, 07-Jan-2025,451.25,451.4,451.45,438.5,449.0,448.4,445.89,11076,49.39,942, 7161, 64.65,0.6465330444203684,2025-01-07
IGARASHI, EQ, 07-Jan-2025,681.85,687.5,715.0,683.6,707.25,711.55,699.31,26688,186.63,2416, 12312, 46.13,0.4613309352517986,2025-01-07
IGIL, EQ, 07-Jan-2025,587.0,593.0,624.0,584.0,612.5,612.5,609.64,4204735,25633.73,97315, 1193468, 28.38,0.2838390528772919,2025-01-07
IGL, EQ, 07-Jan-2025,424.15,430.0,433.75,419.65,430.0,430.75,427.84,4572328,19562.09,47772, 1618224, 35.39,0.353916866856446,2025-01-07
IGPL, EQ, 07-Jan-2025,544.05,543.0,548.35,528.8,530.0,530.55,533.3,63626,339.32,2271, 45595, 71.66,0.7166095621286895,2025-01-07
IIFL, EQ, 07-Jan-2025,404.45,405.95,423.2,405.95,422.7,421.4,416.18,1124136,4678.42,37119, 460457, 40.96,0.40960969135407105,2025-01-07
IIFLCAPS, EQ, 07-Jan-2025,315.25,320.5,324.45,312.35,319.0,319.5,318.18,198654,632.07,9806, 115506, 58.14,0.5814431121447341,2025-01-07
IITL, BE, 07-Jan-2025,324.0,340.0,340.0,307.8,309.65,310.45,308.4,12217,37.68,120, -, -,,2025-01-07
IKIO, EQ, 07-Jan-2025,244.6,242.13,247.58,242.13,247.0,246.19,245.21,47812,117.24,2272, 25791, 53.94,0.5394252488914917,2025-01-07
IKS, EQ, 07-Jan-2025,1867.35,1878.35,1983.85,1871.05,1975.0,1973.95,1945.18,534478,10396.58,29970, 252212, 47.19,0.4718847174252261,2025-01-07
IL&FSENGG, BZ, 07-Jan-2025,42.11,42.11,44.21,42.11,44.21,44.21,44.17,72799,32.16,73, -, -,,2025-01-07
IL&FSTRANS, BZ, 07-Jan-2025,5.24,5.49,5.5,5.17,5.4,5.4,5.36,37775,2.02,105, -, -,,2025-01-07
IMAGICAA, EQ, 07-Jan-2025,68.01,68.01,69.75,67.71,69.0,69.38,69.03,740705,511.29,9320, 315678, 42.62,0.4261858634679123,2025-01-07
IMFA, EQ, 07-Jan-2025,900.4,905.0,937.0,898.55,924.9,926.85,920.07,87285,803.08,8928, 31842, 36.48,0.36480494930400414,2025-01-07
IMPAL, EQ, 07-Jan-2025,1169.75,1169.75,1190.95,1169.75,1190.35,1190.0,1185.44,400,4.74,117, 235, 58.75,0.5875,2025-01-07
IMPEXFERRO, BZ, 07-Jan-2025,2.9,2.92,2.95,2.76,2.84,2.84,2.85,12552,0.36,52, -, -,,2025-01-07
INCREDIBLE, EQ, 07-Jan-2025,45.85,45.85,47.49,45.63,46.0,46.09,46.26,16969,7.85,541, 8804, 51.88,0.5188284518828452,2025-01-07
INDBANK, EQ, 07-Jan-2025,44.23,44.23,44.75,43.16,43.95,43.8,44.0,75422,33.18,1230, 33631, 44.59,0.4459043780329347,2025-01-07
INDGN, EQ, 07-Jan-2025,591.65,598.85,624.7,595.0,624.5,621.6,617.78,1255318,7755.06,85070, 676712, 53.91,0.5390761544086837,2025-01-07
INDHOTEL, EQ, 07-Jan-2025,844.25,844.95,858.45,844.35,853.0,852.15,851.04,1660940,14135.28,66272, 915101, 55.10,0.5509536768336003,2025-01-07
INDIACEM, EQ, 07-Jan-2025,375.6,375.5,378.0,375.2,377.85,377.6,376.92,489871,1846.4,8758, 276086, 56.36,0.5635891898071125,2025-01-07
INDIAGLYCO, EQ, 07-Jan-2025,1252.3,1296.8,1337.95,1266.1,1334.0,1334.55,1309.31,139153,1821.94,14405, 46595, 33.48,0.3348472544609171,2025-01-07
INDIAMART, EQ, 07-Jan-2025,2176.45,2218.0,2312.7,2188.9,2305.0,2293.55,2274.07,671612,15272.91,63323, 242006, 36.03,0.3603360273491242,2025-01-07
INDIANB, EQ, 07-Jan-2025,509.8,511.0,515.8,507.7,510.55,511.35,512.07,1458405,7468.0,31677, 704953, 48.34,0.4833725885470771,2025-01-07
INDIANCARD, BE, 07-Jan-2025,295.45,299.0,299.0,283.2,289.85,289.75,289.44,14580,42.2,299, -, -,,2025-01-07
INDIANHUME, EQ, 07-Jan-2025,358.3,363.65,380.15,358.45,379.0,377.1,371.13,41262,153.13,1952, 15018, 36.40,0.36396684600843393,2025-01-07
INDIASHLTR, EQ, 07-Jan-2025,697.55,697.0,699.35,671.1,685.0,685.55,683.4,98092,670.36,15326, 59595, 60.75,0.6075418994413407,2025-01-07
INDIGO, EQ, 07-Jan-2025,4266.95,4300.0,4356.0,4285.1,4307.55,4328.6,4326.4,584163,25273.23,75258, 371309, 63.56,0.6356256729714138,2025-01-07
INDIGOPNTS, EQ, 07-Jan-2025,1341.05,1341.0,1364.0,1341.0,1350.0,1356.75,1353.41,25062,339.19,5363, 10873, 43.38,0.4338440667145479,2025-01-07
INDNIPPON, EQ, 07-Jan-2025,674.8,674.8,686.95,673.0,683.7,680.8,680.16,7807,53.1,1329, 4685, 60.01,0.6001024721403868,2025-01-07
INDOAMIN, EQ, 07-Jan-2025,161.85,164.3,167.0,163.25,165.74,164.88,165.19,130284,215.21,3016, 48483, 37.21,0.3721331859629732,2025-01-07
INDOBORAX, EQ, 07-Jan-2025,175.26,174.0,177.84,174.0,175.15,175.59,176.16,45076,79.41,1629, 24878, 55.19,0.5519123258496761,2025-01-07
INDOCO, EQ, 07-Jan-2025,333.95,333.0,338.05,333.0,337.45,336.65,336.12,115813,389.28,4943, 92977, 80.28,0.8028200633780318,2025-01-07
INDOFARM, EQ, 07-Jan-2025,215.0,256.0,287.0,256.0,275.49,273.69,276.65,24272789,67149.47,266353, 6658430, 27.43,0.27431664321722565,2025-01-07
INDORAMA, EQ, 07-Jan-2025,39.05,39.18,41.49,39.18,41.04,41.4,40.68,132024,53.7,1233, 97132, 73.57,0.7357147185360238,2025-01-07
INDOSTAR, EQ, 07-Jan-2025,264.0,260.1,269.9,260.1,265.45,265.05,266.19,104201,277.38,4187, 59436, 57.04,0.5703975969520446,2025-01-07
INDOTECH, BE, 07-Jan-2025,3258.4,3319.0,3421.3,3300.0,3421.3,3421.3,3406.77,7141,243.28,512, -, -,,2025-01-07
INDOTHAI, BE, 07-Jan-2025,1437.6,1509.45,1509.45,1438.0,1501.0,1495.7,1461.4,43296,632.73,660, -, -,,2025-01-07
INDOUS, BE, 07-Jan-2025,272.0,265.2,275.7,261.75,270.0,269.85,269.51,7723,20.81,168, -, -,,2025-01-07
INDOWIND, EQ, 07-Jan-2025,24.43,24.43,26.39,24.43,25.43,25.51,25.54,947984,242.09,4717, 341923, 36.07,0.3606843575418994,2025-01-07
INDRAMEDCO, EQ, 07-Jan-2025,523.95,527.95,569.9,525.95,566.5,565.8,557.63,760982,4243.46,22398, 302494, 39.75,0.3975048030045389,2025-01-07
INDSWFTLAB, BE, 07-Jan-2025,110.1,110.11,110.12,107.89,109.0,109.0,108.88,23086,25.14,76, -, -,,2025-01-07
INDSWFTLTD, BE, 07-Jan-2025,28.5,28.3,28.99,27.17,27.61,27.95,27.97,66041,18.47,361, -, -,,2025-01-07
INDTERRAIN, EQ, 07-Jan-2025,47.11,47.84,47.99,46.8,47.25,47.51,47.45,33360,15.83,337, 19961, 59.84,0.5983513189448442,2025-01-07
INDUSINDBK, EQ, 07-Jan-2025,970.05,970.15,994.55,970.15,976.35,983.6,984.91,3581533,35274.76,100139, 2053407, 57.33,0.5733318665498824,2025-01-07
INDUSTOWER, EQ, 07-Jan-2025,329.8,331.3,335.3,327.55,328.65,328.15,330.42,4495351,14853.47,62216, 2482794, 55.23,0.5523025899423649,2025-01-07
INFIBEAM, EQ, 07-Jan-2025,25.04,25.12,25.59,24.83,25.18,25.14,25.17,5913162,1488.33,14049, 2636764, 44.59,0.4459143855690069,2025-01-07
INFOBEAN, EQ, 07-Jan-2025,430.65,430.0,440.0,427.1,431.85,434.15,431.74,10352,44.69,739, 7141, 68.98,0.6898183925811437,2025-01-07
INFOMEDIA, EQ, 07-Jan-2025,7.04,7.2,7.3,6.71,7.3,7.23,7.06,30218,2.13,193, 12874, 42.60,0.4260374611158912,2025-01-07
INFRABEES, EQ, 07-Jan-2025,869.85,875.34,877.38,869.01,872.0,873.1,873.76,16125,140.89,545, 10411, 64.56,0.6456434108527132,2025-01-07
INFRAIETF, EQ, 07-Jan-2025,86.09,86.43,87.04,86.14,86.79,86.59,86.53,31769,27.49,1002, 16769, 52.78,0.5278416065976266,2025-01-07
INFY, EQ, 07-Jan-2025,1937.85,1945.0,1958.55,1923.65,1929.0,1930.85,1936.28,4294832,83159.96,250125, 2671982, 62.21,0.6221388869227015,2025-01-07
INGERRAND, EQ, 07-Jan-2025,4024.15,4005.4,4076.2,4000.15,4058.85,4048.7,4041.02,8047,325.18,2761, 3769, 46.84,0.4683733068224183,2025-01-07
INNOVACAP, EQ, 07-Jan-2025,1202.55,1203.0,1250.15,1202.15,1233.0,1240.0,1233.68,132989,1640.66,13537, 49856, 37.49,0.3748881486438728,2025-01-07
INNOVANA, EQ, 07-Jan-2025,461.15,477.75,515.0,469.1,491.3,494.85,495.21,72931,361.16,2822, 29338, 40.23,0.4022706393714607,2025-01-07
INOXGREEN, EQ, 07-Jan-2025,160.17,162.12,167.63,160.71,165.25,165.85,164.94,944594,1558.0,8466, 356060, 37.69,0.3769450155304819,2025-01-07
INOXINDIA, EQ, 07-Jan-2025,1090.1,1085.0,1095.8,1075.0,1092.0,1090.15,1090.32,97002,1057.64,8706, 51980, 53.59,0.535865239891961,2025-01-07
INOXWIND, EQ, 07-Jan-2025,172.7,171.9,177.3,171.5,173.0,173.04,173.86,4969962,8640.67,67242, 2395355, 48.20,0.4819664617154015,2025-01-07
INSECTICID, EQ, 07-Jan-2025,645.8,645.8,676.75,645.8,662.0,671.0,664.24,30761,204.33,2416, 15436, 50.18,0.5018042326322292,2025-01-07
INSPIRISYS, EQ, 07-Jan-2025,107.22,109.93,112.58,108.81,110.5,109.77,111.19,5849,6.5,320, 4408, 75.36,0.7536330996751581,2025-01-07
INTELLECT, EQ, 07-Jan-2025,901.9,914.95,1013.6,914.95,971.7,978.8,986.31,16514463,162884.53,490085, 569819, 3.45,0.03450424031347553,2025-01-07
INTENTECH, EQ, 07-Jan-2025,126.08,128.61,130.58,126.0,130.5,129.41,128.28,13234,16.98,498, 7809, 59.01,0.5900710291672964,2025-01-07
INTERARCH, EQ, 07-Jan-2025,1705.25,1705.25,1754.75,1705.25,1715.05,1719.3,1732.35,113646,1968.75,11463, 41600, 36.60,0.3660489590482727,2025-01-07
INTLCONV, EQ, 07-Jan-2025,84.23,85.5,87.89,84.4,87.2,87.22,86.65,128916,111.71,2012, 54369, 42.17,0.42173973750349064,2025-01-07
INVENTURE, EQ, 07-Jan-2025,2.05,2.08,2.1,2.05,2.08,2.08,2.08,1998694,41.57,1362, 839962, 42.03,0.42025542679369626,2025-01-07
IOB, EQ, 07-Jan-2025,50.69,51.0,51.53,50.36,51.2,51.11,50.99,4406397,2246.98,21113, 894276, 20.29,0.20294948457889744,2025-01-07
IOC, EQ, 07-Jan-2025,132.88,133.49,136.28,133.2,134.7,134.33,134.93,13658286,18429.65,127323, 6941676, 50.82,0.5082391743737098,2025-01-07
IOLCP, EQ, 07-Jan-2025,429.75,432.4,438.05,427.05,432.5,432.7,433.25,335577,1453.9,20186, 95444, 28.44,0.28441758523379135,2025-01-07
IONEXCHANG, EQ, 07-Jan-2025,633.85,639.2,654.8,630.0,654.8,650.1,644.26,259833,1674.01,20293, 124527, 47.93,0.4792578309914445,2025-01-07
IPCALAB, EQ, 07-Jan-2025,1719.0,1713.1,1755.9,1712.05,1737.0,1736.05,1739.49,434214,7553.12,38214, 127395, 29.34,0.2933921983169589,2025-01-07
IPL, EQ, 07-Jan-2025,176.18,176.7,177.79,175.35,177.48,176.83,176.44,138086,243.63,3708, 57976, 41.99,0.4198542937010269,2025-01-07
IRB, EQ, 07-Jan-2025,57.27,57.22,59.07,57.22,58.3,58.37,58.34,11820099,6896.32,36272, 4350650, 36.81,0.36807221326995654,2025-01-07
IRCON, EQ, 07-Jan-2025,204.14,204.0,208.7,203.36,207.41,207.73,206.87,2602160,5383.12,36989, 623105, 23.95,0.23945683585943986,2025-01-07
IRCTC, EQ, 07-Jan-2025,770.35,770.0,783.4,770.0,774.6,775.4,776.77,676868,5257.68,39698, 281990, 41.66,0.41661003327088886,2025-01-07
IREDA, EQ, 07-Jan-2025,214.68,215.7,222.9,213.64,218.83,218.72,218.78,18450188,40365.44,153676, 3416481, 18.52,0.18517323509115463,2025-01-07
IRFC, EQ, 07-Jan-2025,145.42,146.2,147.78,144.8,146.0,146.0,146.29,13305286,19464.09,93927, 3493438, 26.26,0.262560158421247,2025-01-07
IRIS, BE, 07-Jan-2025,450.65,451.0,460.05,448.0,459.3,454.2,454.56,4085,18.57,113, -, -,,2025-01-07
IRISDOREME, EQ, 07-Jan-2025,61.56,61.82,62.69,61.2,61.52,61.6,61.73,74083,45.73,590, 12057, 16.27,0.16274988863841908,2025-01-07
IRMENERGY, EQ, 07-Jan-2025,346.2,345.0,356.2,345.0,352.0,353.85,350.35,43839,153.59,1747, 15862, 36.18,0.361823946714113,2025-01-07
ISEC, EQ, 07-Jan-2025,839.35,847.0,853.7,840.4,852.0,848.25,848.6,162536,1379.27,8029, 89300, 54.94,0.5494167445981198,2025-01-07
ISFT, EQ, 07-Jan-2025,141.36,148.0,148.0,138.74,145.73,142.83,141.83,26244,37.22,1522, 11173, 42.57,0.4257354061880811,2025-01-07
ISGEC, EQ, 07-Jan-2025,1434.15,1430.7,1472.0,1422.9,1450.0,1446.75,1448.94,59123,856.65,13066, 25428, 43.01,0.4300864299849466,2025-01-07
IT, EQ, 07-Jan-2025,46.81,47.47,47.47,46.36,47.0,46.6,46.57,54047,25.17,570, 44971, 83.21,0.8320720854071456,2025-01-07
ITBEES, EQ, 07-Jan-2025,46.84,48.25,48.25,46.51,46.68,46.67,46.74,3002366,1403.35,15795, 1790716, 59.64,0.5964349449733977,2025-01-07
ITC, EQ, 07-Jan-2025,442.65,445.5,447.6,440.15,441.1,441.1,442.97,14294780,63320.98,180441, 9600674, 67.16,0.6716209693328614,2025-01-07
ITDC, EQ, 07-Jan-2025,660.95,660.25,668.5,647.05,648.35,652.0,657.41,99449,653.79,4943, 28160, 28.32,0.2831602127723758,2025-01-07
ITDCEM, EQ, 07-Jan-2025,526.85,527.0,529.9,523.0,526.3,526.05,526.15,373537,1965.37,10822, 221217, 59.22,0.592222457213074,2025-01-07
ITETF, EQ, 07-Jan-2025,44.65,44.31,45.04,44.3,44.41,44.39,44.49,100740,44.82,1906, 89117, 88.46,0.8846237839984118,2025-01-07
ITETFADD, EQ, 07-Jan-2025,44.59,44.51,45.08,44.0,44.46,44.46,44.45,4471,1.99,79, 4068, 90.99,0.9098635651979423,2025-01-07
ITI, EQ, 07-Jan-2025,544.35,575.15,592.7,489.95,489.95,489.95,531.86,21365884,113635.74,229981, 3567808, 16.70,0.1669862103529159,2025-01-07
ITIETF, EQ, 07-Jan-2025,46.94,47.5,47.5,46.53,46.63,46.65,46.7,894328,417.64,2558, 653511, 73.07,0.7307285470207798,2025-01-07
IVC, EQ, 07-Jan-2025,10.45,10.64,10.82,10.41,10.72,10.64,10.62,287177,30.49,1769, 174948, 60.92,0.6091992046716833,2025-01-07
IVP, EQ, 07-Jan-2025,205.51,211.92,223.69,207.23,207.76,209.01,212.05,31465,66.72,1414, 12921, 41.06,0.4106467503575401,2025-01-07
IVZINGOLD, EQ, 07-Jan-2025,6748.35,6750.05,6805.9,6750.05,6798.0,6798.0,6793.39,94,6.39,18, 77, 81.91,0.8191489361702128,2025-01-07
IVZINNIFTY, EQ, 07-Jan-2025,2640.0,2706.0,2706.0,2656.62,2656.62,2656.62,2678.18,8,0.21,6, 6, 75.00,0.75,2025-01-07
IWEL, EQ, 07-Jan-2025,9661.15,9806.1,9994.0,9610.0,9859.8,9814.5,9872.11,6477,639.42,1959, 4315, 66.62,0.6662034892697236,2025-01-07
IXIGO, EQ, 07-Jan-2025,164.77,165.1,170.99,163.58,169.45,169.9,167.57,1226204,2054.79,14176, 385676, 31.45,0.3145284145215641,2025-01-07
IZMO, BE, 07-Jan-2025,524.75,526.2,540.0,510.0,534.0,532.35,529.88,23246,123.18,587, -, -,,2025-01-07
J&KBANK, EQ, 07-Jan-2025,98.05,98.5,99.19,97.31,97.74,97.67,98.23,1385425,1360.95,16608, 487650, 35.20,0.3519858527166754,2025-01-07
JAGRAN, EQ, 07-Jan-2025,81.45,82.6,82.8,81.56,81.78,81.95,82.0,47958,39.32,952, 29014, 60.50,0.604987697568706,2025-01-07
JAGSNPHARM, EQ, 07-Jan-2025,620.75,627.0,664.8,622.55,652.0,652.0,648.2,134618,872.59,7439, 70804, 52.60,0.5259623527314327,2025-01-07
JAIBALAJI, EQ, 07-Jan-2025,854.3,861.35,863.7,850.15,859.0,861.0,857.47,37871,324.73,2459, 19780, 52.23,0.5222993847535053,2025-01-07
JAICORPLTD, EQ, 07-Jan-2025,203.0,199.8,208.4,185.7,200.8,202.55,197.2,10535197,20775.04,85847, 1589178, 15.08,0.15084464011446583,2025-01-07
JAIPURKURT, EQ, 07-Jan-2025,35.8,35.94,37.1,35.26,36.0,36.17,36.2,28270,10.24,892, 14869, 52.60,0.5259639193491333,2025-01-07
JAMNAAUTO, EQ, 07-Jan-2025,97.55,98.47,99.18,97.26,98.99,98.57,98.46,526587,518.48,9571, 193460, 36.74,0.36738468667095847,2025-01-07
JASH, EQ, 07-Jan-2025,581.2,584.0,602.7,584.0,599.0,598.6,597.3,108893,650.42,8312, 56472, 51.86,0.518600828336073,2025-01-07
JAYAGROGN, EQ, 07-Jan-2025,271.95,271.95,285.0,270.05,283.4,284.35,279.43,8854,24.74,549, 5659, 63.91,0.639146148633386,2025-01-07
JAYBARMARU, EQ, 07-Jan-2025,85.12,85.0,86.34,84.82,85.0,85.21,85.53,46279,39.58,1197, 19361, 41.84,0.4183538970159251,2025-01-07
JAYNECOIND, EQ, 07-Jan-2025,40.73,40.73,44.46,40.57,41.5,41.51,42.51,486887,207.0,3132, 94868, 19.48,0.19484603203618087,2025-01-07
JAYSREETEA, EQ, 07-Jan-2025,119.4,120.7,122.09,119.31,120.6,121.22,120.8,118000,142.55,2374, 52228, 44.26,0.44261016949152543,2025-01-07
JBCHEPHARM, EQ, 07-Jan-2025,1827.2,1829.9,1900.0,1829.9,1881.55,1896.4,1852.77,222201,4116.87,11520, 159341, 71.71,0.7171029833349085,2025-01-07
JBMA, EQ, 07-Jan-2025,1513.45,1519.7,1545.95,1511.45,1532.0,1531.1,1530.36,52660,805.89,7365, 14628, 27.78,0.2777819977212305,2025-01-07
JCHAC, EQ, 07-Jan-2025,1839.25,1839.3,1945.45,1839.3,1877.0,1884.0,1896.91,37166,705.01,5840, 17507, 47.10,0.47104880805036864,2025-01-07
JETFREIGHT, BE, 07-Jan-2025,16.38,16.36,17.08,16.22,16.5,16.56,16.62,42439,7.05,182, -, -,,2025-01-07
JGCHEM, EQ, 07-Jan-2025,386.0,386.0,395.0,386.0,389.15,389.25,390.9,64277,251.26,2896, 26694, 41.53,0.41529629572008653,2025-01-07
JHS, EQ, 07-Jan-2025,20.65,21.35,21.95,20.4,20.75,20.99,20.87,216346,45.16,987, 111199, 51.40,0.5139868543906521,2025-01-07
JINDALPHOT, EQ, 07-Jan-2025,819.25,829.45,853.25,821.6,845.4,842.1,840.92,10033,84.37,1264, 4145, 41.31,0.41313664905810826,2025-01-07
JINDALPOLY, EQ, 07-Jan-2025,920.55,920.0,959.25,919.05,953.7,952.2,946.28,40674,384.89,3576, 13334, 32.78,0.3278261297143138,2025-01-07
JINDALSAW, EQ, 07-Jan-2025,267.4,268.45,275.0,268.0,274.4,271.45,271.88,1541644,4191.49,41589, 783108, 50.80,0.5079694144692289,2025-01-07
JINDALSTEL, EQ, 07-Jan-2025,939.35,935.1,954.7,935.1,939.25,941.45,946.67,1057467,10010.73,50212, 497848, 47.08,0.47079294200197264,2025-01-07
JINDRILL, EQ, 07-Jan-2025,751.15,749.3,800.0,748.05,798.9,797.9,791.88,210699,1668.49,6187, 132227, 62.76,0.6275634910464691,2025-01-07
JINDWORLD, EQ, 07-Jan-2025,415.9,422.1,448.5,421.05,443.9,445.0,439.51,1530854,6728.23,15995, 819953, 53.56,0.5356180275846031,2025-01-07
JIOFIN, EQ, 07-Jan-2025,296.7,298.0,301.0,297.25,299.0,299.15,299.59,8305881,24883.39,87318, 4620548, 55.63,0.5562983625698465,2025-01-07
JISLDVREQS, EQ, 07-Jan-2025,35.79,36.44,39.94,35.95,38.65,38.71,38.49,129559,49.86,1828, 55793, 43.06,0.43063777892697536,2025-01-07
JISLJALEQS, EQ, 07-Jan-2025,71.31,72.24,77.9,72.06,76.75,76.96,76.29,16274774,12415.92,54460, 7318020, 44.97,0.44965417031290267,2025-01-07
JITFINFRA, EQ, 07-Jan-2025,653.75,660.1,666.9,640.35,651.0,649.8,651.37,82039,534.38,4569, 44119, 53.78,0.5377808115652312,2025-01-07
JKCEMENT, EQ, 07-Jan-2025,4701.75,4701.75,4850.0,4668.2,4819.0,4823.55,4792.58,167958,8049.52,24371, 53239, 31.70,0.3169780540373189,2025-01-07
JKIL, EQ, 07-Jan-2025,739.9,739.9,767.0,720.0,755.2,754.3,752.97,165580,1246.78,13472, 83645, 50.52,0.5051636671095543,2025-01-07
JKLAKSHMI, EQ, 07-Jan-2025,797.1,791.55,809.05,791.55,802.5,803.65,803.61,49488,397.69,7790, 18724, 37.84,0.3783543485289363,2025-01-07
JKPAPER, EQ, 07-Jan-2025,412.45,412.45,417.2,410.2,415.95,414.9,413.9,156714,648.63,10312, 52861, 33.73,0.3373087280013273,2025-01-07
JKTYRE, EQ, 07-Jan-2025,371.8,373.0,378.0,372.0,374.8,374.05,374.92,207735,778.83,11564, 80262, 38.64,0.3863672467326161,2025-01-07
JLHL, EQ, 07-Jan-2025,1527.9,1550.75,1574.85,1531.85,1565.0,1552.3,1561.02,95002,1483.0,9662, 60269, 63.44,0.6343971705858824,2025-01-07
JMA, EQ, 07-Jan-2025,95.21,97.29,97.87,95.0,95.5,95.63,96.06,3273,3.14,141, 1389, 42.44,0.42438130155820347,2025-01-07
JMFINANCIL, EQ, 07-Jan-2025,121.0,122.6,125.2,121.8,123.8,124.39,123.65,2276492,2814.94,23274, 717425, 31.51,0.31514496866231023,2025-01-07
JNKINDIA, EQ, 07-Jan-2025,615.55,616.8,634.95,615.05,623.05,625.7,624.13,19616,122.43,2298, 10486, 53.46,0.5345636215334421,2025-01-07
JOCIL, EQ, 07-Jan-2025,197.35,202.9,205.0,198.0,204.5,204.28,202.36,5911,11.96,179, 4284, 72.48,0.7247504652343089,2025-01-07
JPOLYINVST, EQ, 07-Jan-2025,821.0,828.3,846.5,824.0,831.5,834.15,837.37,11312,94.72,1723, 4003, 35.39,0.3538719943422914,2025-01-07
JPPOWER, EQ, 07-Jan-2025,16.78,16.85,17.35,16.84,17.32,17.27,17.15,29708349,5094.65,36580, 9004614, 30.31,0.3031004516609119,2025-01-07
JSFB, EQ, 07-Jan-2025,394.0,399.0,409.55,392.7,398.45,400.5,401.03,101029,405.15,3552, 55024, 54.46,0.5446356986607805,2025-01-07
JSL, EQ, 07-Jan-2025,664.15,665.6,674.0,656.05,667.7,669.0,665.9,501442,3339.08,25964, 233950, 46.66,0.46655445694616726,2025-01-07
JSWENERGY, EQ, 07-Jan-2025,601.55,603.7,609.3,593.1,594.25,595.65,599.03,3408556,20418.13,109519, 1747316, 51.26,0.5126264611759349,2025-01-07
JSWHL, BE, 07-Jan-2025,17230.55,17289.95,18092.05,16369.05,18092.05,18092.05,17443.21,3112,542.83,1558, -, -,,2025-01-07
JSWINFRA, EQ, 07-Jan-2025,315.6,316.3,325.95,314.2,324.4,323.75,320.24,2566679,8219.49,46319, 1390855, 54.19,0.541888954559569,2025-01-07
JSWSTEEL, EQ, 07-Jan-2025,900.9,901.55,913.7,899.2,910.7,911.8,909.88,688211,6261.88,37189, 258199, 37.52,0.375174183498956,2025-01-07
JTEKTINDIA, EQ, 07-Jan-2025,167.94,170.4,172.93,166.96,170.99,170.58,170.48,148633,253.39,3852, 54004, 36.33,0.3633378859338101,2025-01-07
JTLIND, EQ, 07-Jan-2025,104.25,105.5,109.51,103.55,108.5,107.88,107.14,5217550,5590.19,36748, 2589946, 49.64,0.49639121810044945,2025-01-07
JUBLFOOD, EQ, 07-Jan-2025,766.6,768.0,778.55,756.15,757.15,759.25,768.42,2264155,17398.3,56310, 1134915, 50.13,0.5012532269213018,2025-01-07
JUBLINGREA, EQ, 07-Jan-2025,836.75,841.5,856.4,825.0,832.9,836.5,845.22,478386,4043.4,15558, 230653, 48.21,0.4821483070156735,2025-01-07
JUBLPHARMA, EQ, 07-Jan-2025,1024.45,1024.45,1034.4,1009.65,1034.0,1024.5,1024.04,339982,3481.55,28162, 217358, 63.93,0.6393220817572695,2025-01-07
JUNIORBEES, EQ, 07-Jan-2025,717.16,738.65,738.65,712.0,717.0,715.7,717.65,256257,1839.03,14977, 183770, 71.71,0.717131629574997,2025-01-07
JUNIPER, EQ, 07-Jan-2025,344.65,346.8,348.0,338.4,340.0,340.45,340.9,131495,448.27,5540, 78883, 59.99,0.5998935320734629,2025-01-07
JUSTDIAL, EQ, 07-Jan-2025,1023.7,1039.05,1089.9,1033.1,1083.8,1085.0,1072.59,607898,6520.24,41471, 128947, 21.21,0.21211946741065113,2025-01-07
JWL, EQ, 07-Jan-2025,477.95,478.95,494.0,478.4,488.5,488.6,486.77,983747,4788.55,37491, 232935, 23.68,0.2367834412709772,2025-01-07
JYOTHYLAB, EQ, 07-Jan-2025,389.1,389.1,399.45,386.2,396.7,397.95,394.49,312734,1233.69,25744, 127246, 40.69,0.4068825263642584,2025-01-07
JYOTICNC, EQ, 07-Jan-2025,1345.45,1365.0,1385.0,1353.8,1361.0,1363.25,1368.62,453422,6205.63,30100, 249930, 55.12,0.5512083665988858,2025-01-07
JYOTISTRUC, EQ, 07-Jan-2025,25.55,25.85,26.43,25.44,25.72,25.68,25.94,8225177,2133.26,11718, 3629552, 44.13,0.4412734218363933,2025-01-07
KABRAEXTRU, EQ, 07-Jan-2025,537.95,531.05,564.65,531.05,560.0,558.6,552.72,87896,485.82,3467, 29638, 33.72,0.3371939564940384,2025-01-07
KAJARIACER, EQ, 07-Jan-2025,1107.2,1110.1,1124.6,1077.35,1080.0,1083.7,1092.59,299760,3275.16,27118, 195207, 65.12,0.65121096877502,2025-01-07
KAKATCEM, EQ, 07-Jan-2025,186.26,186.13,188.0,183.28,183.55,184.04,185.04,2728,5.05,146, 2451, 89.85,0.8984604105571847,2025-01-07
KALAMANDIR, EQ, 07-Jan-2025,166.99,167.95,170.0,165.13,169.89,168.88,168.32,151947,255.76,3219, 79518, 52.33,0.5233272127781398,2025-01-07
KALYANIFRG, EQ, 07-Jan-2025,711.0,693.25,743.95,693.2,735.0,736.15,729.98,4889,35.69,385, 3539, 72.39,0.7238699120474534,2025-01-07
KALYANKJIL, EQ, 07-Jan-2025,744.55,777.05,781.15,718.15,719.3,722.95,742.47,14987021,111273.95,319699, 3367829, 22.47,0.2247163729202755,2025-01-07
KAMATHOTEL, EQ, 07-Jan-2025,222.12,218.2,234.5,218.2,230.01,230.11,227.9,65755,149.86,1506, 24842, 37.78,0.37779636529541477,2025-01-07
KAMDHENU, EQ, 07-Jan-2025,469.9,478.0,488.8,472.3,483.0,479.3,479.63,239982,1151.02,7960, 123315, 51.39,0.513851038827912,2025-01-07
KAMOPAINTS, BE, 07-Jan-2025,18.36,18.27,18.8,17.78,18.5,18.36,18.23,245098,44.69,919, -, -,,2025-01-07
KANANIIND, EQ, 07-Jan-2025,2.68,2.75,2.75,2.69,2.74,2.71,2.71,169237,4.59,695, 114038, 67.38,0.6738360996708758,2025-01-07
KANORICHEM, EQ, 07-Jan-2025,111.35,112.55,113.53,109.41,113.25,112.7,112.69,15643,17.63,728, 7611, 48.65,0.4865435018858275,2025-01-07
KANPRPLA, EQ, 07-Jan-2025,123.0,127.5,134.61,123.0,126.31,128.12,128.96,33570,43.29,1353, 14363, 42.79,0.4278522490318737,2025-01-07
KANSAINER, EQ, 07-Jan-2025,257.6,258.0,261.9,255.75,260.05,260.6,258.74,163811,423.84,14274, 78067, 47.66,0.47656750767652967,2025-01-07
KAPSTON, EQ, 07-Jan-2025,256.4,246.6,262.45,246.6,257.15,253.45,254.29,6136,15.6,304, 4140, 67.47,0.6747066492829205,2025-01-07
KARMAENG, EQ, 07-Jan-2025,70.6,72.89,77.66,71.24,77.66,77.66,76.39,49962,38.16,828, 30432, 60.91,0.6091029182178456,2025-01-07
KARURVYSYA, EQ, 07-Jan-2025,217.94,217.57,219.9,215.5,218.05,218.04,217.69,692835,1508.27,16978, 327345, 47.25,0.47247180064517524,2025-01-07
KAUSHALYA, EQ, 07-Jan-2025,1169.75,1131.8,1219.4,1111.3,1119.4,1117.85,1126.5,3812,42.94,469, 2361, 61.94,0.6193599160545645,2025-01-07
KAVVERITEL, BE, 07-Jan-2025,62.05,60.8,60.8,60.8,60.8,60.8,60.8,3502,2.13,38, -, -,,2025-01-07
KAYA, BE, 07-Jan-2025,342.0,342.0,344.0,340.0,340.0,340.0,342.68,4157,14.25,38, -, -,,2025-01-07
KAYNES, EQ, 07-Jan-2025,7166.0,7170.0,7455.95,7160.0,7249.95,7247.55,7327.7,546544,40049.11,87526, 177203, 32.42,0.3242245821013496,2025-01-07
KBCGLOBAL, EQ, 07-Jan-2025,1.67,1.67,1.71,1.65,1.66,1.67,1.67,15407788,257.66,4079, 5368428, 34.84,0.3484230182814042,2025-01-07
KCP, EQ, 07-Jan-2025,227.15,228.9,238.0,223.4,236.0,235.59,232.11,461257,1070.64,14219, 191427, 41.50,0.415011587900021,2025-01-07
KCPSUGIND, EQ, 07-Jan-2025,43.29,43.11,44.42,43.07,43.94,43.74,43.79,113981,49.91,1483, 56720, 49.76,0.4976267974486976,2025-01-07
KDDL, EQ, 07-Jan-2025,2842.85,2824.0,2959.0,2800.0,2958.0,2933.6,2912.05,6181,179.99,2144, 2657, 42.99,0.42986571752143665,2025-01-07
KEC, EQ, 07-Jan-2025,1195.5,1197.0,1212.15,1121.85,1128.0,1127.1,1140.82,1156942,13198.61,77278, 587464, 50.78,0.5077730776477991,2025-01-07
KECL, EQ, 07-Jan-2025,181.92,184.6,190.44,181.93,186.0,186.5,186.26,194139,361.61,5081, 70251, 36.19,0.3618592863875883,2025-01-07
KEEPLEARN, BE, 07-Jan-2025,4.42,4.52,4.55,4.31,4.54,4.41,4.42,18016,0.8,154, -, -,,2025-01-07
KEI, EQ, 07-Jan-2025,4254.15,4225.0,4333.95,4212.05,4320.05,4312.7,4291.37,164182,7045.65,24641, 79919, 48.68,0.4867707787699017,2025-01-07
KELLTONTEC, EQ, 07-Jan-2025,147.61,148.8,174.4,148.15,170.3,171.5,165.18,5804246,9587.31,60888, 1714343, 29.54,0.2953601553069942,2025-01-07
KERNEX, BE, 07-Jan-2025,1314.25,1308.0,1310.0,1279.8,1310.0,1297.15,1297.13,65883,854.59,1621, -, -,,2025-01-07
KESORAMIND, EQ, 07-Jan-2025,221.82,222.5,224.66,219.25,224.0,223.61,223.33,263925,589.42,4565, 130151, 49.31,0.4931363076631619,2025-01-07
KEYFINSERV, BE, 07-Jan-2025,247.71,254.0,254.0,242.55,246.3,246.8,246.0,934,2.3,32, -, -,,2025-01-07
KFINTECH, EQ, 07-Jan-2025,1436.15,1449.9,1502.1,1449.9,1480.0,1475.25,1479.93,756577,11196.8,66393, 370659, 48.99,0.4899157653484047,2025-01-07
KHADIM, EQ, 07-Jan-2025,363.0,363.0,366.15,359.6,361.1,361.9,362.3,8864,32.11,682, 5740, 64.76,0.6475631768953068,2025-01-07
KHAICHEM, EQ, 07-Jan-2025,68.01,68.2,69.8,67.8,69.0,69.24,68.88,147916,101.89,2082, 57941, 39.17,0.39171556829551907,2025-01-07
KHAITANLTD, EQ, 07-Jan-2025,87.54,86.12,88.34,86.12,88.12,86.97,86.58,1341,1.16,112, 829, 61.82,0.6181953765846383,2025-01-07
KHANDSE, EQ, 07-Jan-2025,27.47,27.59,28.8,26.48,27.99,27.83,27.91,19171,5.35,169, 10857, 56.63,0.5663241354128632,2025-01-07
KICL, EQ, 07-Jan-2025,5614.05,5614.05,5771.95,5577.05,5640.0,5659.95,5662.11,3813,215.9,1628, 1944, 50.98,0.5098347757671126,2025-01-07
KILITCH, EQ, 07-Jan-2025,346.2,346.2,356.65,340.1,352.95,350.85,347.65,7939,27.6,557, 4290, 54.04,0.5403703237183525,2025-01-07
KIMS, EQ, 07-Jan-2025,630.5,637.0,654.3,629.1,647.0,649.35,644.2,730186,4703.83,49482, 245710, 33.65,0.3365033018984204,2025-01-07
KINGFA, EQ, 07-Jan-2025,3509.8,3520.3,3879.95,3512.0,3854.05,3848.25,3734.73,53887,2012.54,10194, 17575, 32.61,0.3261454525210162,2025-01-07
KIOCL, EQ, 07-Jan-2025,429.15,429.15,446.4,413.2,430.0,430.5,427.01,1124565,4801.96,20618, 132826, 11.81,0.11811322600294336,2025-01-07
KIRIINDUS, EQ, 07-Jan-2025,579.1,585.0,614.9,582.25,608.75,611.15,602.0,480846,2894.71,9565, 206414, 42.93,0.4292725737554227,2025-01-07
KIRLOSBROS, EQ, 07-Jan-2025,1960.85,1972.5,2298.9,1972.5,2230.15,2274.8,2193.47,3154546,69194.04,223928, 165362, 5.24,0.05242022148353519,2025-01-07
KIRLOSENG, EQ, 07-Jan-2025,1005.1,1014.95,1020.0,999.3,1014.0,1013.6,1009.75,187036,1888.59,23180, 107781, 57.63,0.5762580465792682,2025-01-07
KIRLOSIND, EQ, 07-Jan-2025,4289.45,4337.0,4531.85,4285.4,4355.0,4435.15,4414.12,2562,113.09,883, 1157, 45.16,0.45160031225604996,2025-01-07
KIRLPNU, EQ, 07-Jan-2025,1459.5,1481.2,1506.95,1463.35,1490.0,1487.05,1488.1,87283,1298.86,12902, 46296, 53.04,0.5304125660208746,2025-01-07
KITEX, BE, 07-Jan-2025,661.05,642.6,694.1,630.0,694.1,694.1,660.95,222757,1472.32,3978, -, -,,2025-01-07
KKCL, EQ, 07-Jan-2025,576.3,576.5,585.55,568.0,579.1,576.6,576.6,17413,100.4,2123, 8528, 48.97,0.4897490380750014,2025-01-07
KMEW, EQ, 07-Jan-2025,2156.55,2160.0,2225.0,2124.95,2183.0,2166.55,2157.93,6460,139.4,1093, 3483, 53.92,0.5391640866873065,2025-01-07
KMSUGAR, EQ, 07-Jan-2025,31.56,31.11,32.24,31.0,31.35,31.25,31.53,84631,26.68,1071, 40752, 48.15,0.4815256820786709,2025-01-07
KNRCON, EQ, 07-Jan-2025,328.85,332.55,339.75,331.55,336.0,335.65,335.76,569420,1911.91,22638, 197391, 34.67,0.3466527343612799,2025-01-07
KOHINOOR, EQ, 07-Jan-2025,41.26,42.75,43.05,41.95,42.55,42.48,42.39,196771,83.41,2588, 77440, 39.36,0.39355392817030965,2025-01-07
KOKUYOCMLN, EQ, 07-Jan-2025,124.27,124.27,129.99,124.27,126.1,126.83,127.19,77160,98.14,1629, 43990, 57.01,0.5701140487299119,2025-01-07
KOLTEPATIL, EQ, 07-Jan-2025,347.1,350.5,351.85,343.05,344.2,344.0,346.67,83539,289.6,4672, 35204, 42.14,0.4214079651420295,2025-01-07
KOPRAN, BE, 07-Jan-2025,210.04,209.95,216.0,209.95,214.99,213.28,213.35,100485,214.38,912, -, -,,2025-01-07
KOTAKBANK, EQ, 07-Jan-2025,1779.65,1787.0,1797.45,1769.9,1770.65,1772.05,1782.81,4399938,78442.67,138267, 3088333, 70.19,0.7019037540983531,2025-01-07
KOTARISUG, EQ, 07-Jan-2025,43.39,43.0,45.3,42.6,44.03,44.32,43.59,85874,37.43,1145, 39830, 46.38,0.4638190837739013,2025-01-07
KOTHARIPET, EQ, 07-Jan-2025,188.97,191.8,195.0,188.84,190.0,190.45,191.0,52352,99.99,1618, 22994, 43.92,0.4392191320293399,2025-01-07
KOTHARIPRO, BE, 07-Jan-2025,186.38,182.5,189.95,182.3,186.0,185.97,186.04,7536,14.02,237, -, -,,2025-01-07
KPEL, EQ, 07-Jan-2025,517.25,519.65,530.0,506.8,519.75,517.1,517.67,128105,663.16,4798, 72377, 56.50,0.5649818508254947,2025-01-07
KPIGREEN, EQ, 07-Jan-2025,521.3,513.95,519.9,500.05,508.0,504.85,508.51,661256,3362.58,21640, 376277, 56.90,0.5690337781434119,2025-01-07
KPIL, EQ, 07-Jan-2025,1237.75,1237.95,1284.0,1226.15,1256.5,1259.3,1258.27,272493,3428.69,33689, 142973, 52.47,0.524685037780787,2025-01-07
KPITTECH, EQ, 07-Jan-2025,1451.7,1451.95,1483.85,1443.25,1471.2,1473.6,1464.79,876238,12835.07,38013, 477865, 54.54,0.5453598223313757,2025-01-07
KPRMILL, EQ, 07-Jan-2025,1003.65,1005.95,1027.0,1003.65,1017.0,1017.3,1014.17,116677,1183.3,9927, 48515, 41.58,0.41580602860889465,2025-01-07
KRBL, EQ, 07-Jan-2025,292.25,293.35,298.5,292.1,298.0,295.3,295.3,236464,698.29,9276, 88039, 37.23,0.37231460179985115,2025-01-07
KREBSBIO, BE, 07-Jan-2025,94.95,94.95,99.4,94.0,97.0,97.0,96.55,965,0.93,24, -, -,,2025-01-07
KRIDHANINF, BE, 07-Jan-2025,6.5,6.37,6.37,6.37,6.37,6.37,6.37,3188,0.2,35, -, -,,2025-01-07
KRISHANA, EQ, 07-Jan-2025,194.87,195.0,198.0,189.7,198.0,197.38,194.37,29575,57.49,851, 16298, 55.11,0.5510735418427726,2025-01-07
KRITI, BE, 07-Jan-2025,155.86,160.5,160.5,153.0,155.05,157.02,154.12,28115,43.33,70, -, -,,2025-01-07
KRITIKA, BE, 07-Jan-2025,10.92,10.52,11.4,10.51,11.17,11.11,10.97,221026,24.26,1331, -, -,,2025-01-07
KRITINUT, EQ, 07-Jan-2025,123.7,125.55,129.78,125.01,127.5,127.06,126.98,28570,36.28,731, 15505, 54.27,0.5427021351067554,2025-01-07
KRN, EQ, 07-Jan-2025,747.55,752.95,783.55,751.0,776.75,775.4,771.61,598382,4617.18,16215, 141973, 23.73,0.23726148179590964,2025-01-07
KRONOX, EQ, 07-Jan-2025,198.98,196.79,204.74,196.0,203.69,203.03,201.11,238448,479.54,4623, 86562, 36.30,0.3630225457961484,2025-01-07
KROSS, EQ, 07-Jan-2025,211.79,211.8,214.9,208.11,209.0,209.65,210.52,298217,627.81,8201, 157612, 52.85,0.5285144710060125,2025-01-07
KRSNAA, EQ, 07-Jan-2025,911.2,914.0,922.6,893.5,916.0,916.55,908.83,114104,1037.01,13728, 43011, 37.69,0.3769455934936549,2025-01-07
KRYSTAL, EQ, 07-Jan-2025,686.95,697.95,709.15,691.6,702.0,700.7,699.41,24818,173.58,1942, 13097, 52.77,0.5277218148118301,2025-01-07
KSB, EQ, 07-Jan-2025,766.3,760.1,770.0,755.65,756.9,757.4,761.73,104667,797.28,10523, 73028, 69.77,0.6977175231926013,2025-01-07
KSCL, EQ, 07-Jan-2025,873.95,882.4,944.7,873.0,933.4,940.55,918.43,165418,1519.25,16312, 69506, 42.02,0.4201840186678596,2025-01-07
KSHITIJPOL, EQ, 07-Jan-2025,4.4,4.33,4.47,4.33,4.41,4.4,4.41,263267,11.6,796, 178613, 67.84,0.6784481154113504,2025-01-07
KSL, EQ, 07-Jan-2025,1105.25,1095.0,1148.0,1095.0,1120.0,1123.0,1125.35,43348,487.82,3685, 27121, 62.57,0.6256574697794592,2025-01-07
KSOLVES, EQ, 07-Jan-2025,962.9,969.0,991.3,945.0,964.0,960.55,961.14,36831,354.0,3484, 20025, 54.37,0.5436996008796937,2025-01-07
KTKBANK, EQ, 07-Jan-2025,206.63,206.56,207.9,203.5,205.15,204.59,204.83,825540,1690.99,20981, 463589, 56.16,0.5615584950456671,2025-01-07
KUANTUM, EQ, 07-Jan-2025,128.44,128.3,129.59,125.55,127.75,127.71,127.5,43347,55.27,1690, 23450, 54.10,0.5409832283664383,2025-01-07
LAGNAM, EQ, 07-Jan-2025,121.5,120.1,124.97,120.1,123.02,123.31,122.51,51325,62.88,2229, 9777, 19.05,0.1904919629810034,2025-01-07
LAL, EQ, 07-Jan-2025,16.46,16.6,16.6,15.63,15.63,15.66,15.89,333497,52.98,1440, 196412, 58.89,0.58894682710789,2025-01-07
LALPATHLAB, EQ, 07-Jan-2025,3000.45,3000.05,3143.9,2982.15,3109.0,3100.65,3089.19,519018,16033.47,54158, 145941, 28.12,0.2811867796492607,2025-01-07
LAMBODHARA, BE, 07-Jan-2025,170.84,172.95,173.64,165.0,170.1,168.4,167.32,18432,30.84,225, -, -,,2025-01-07
LANCORHOL, EQ, 07-Jan-2025,34.73,34.12,36.18,34.12,35.33,35.71,35.25,106335,37.49,1292, 66445, 62.49,0.624864814031128,2025-01-07
LANDMARK, EQ, 07-Jan-2025,601.0,595.5,609.2,595.0,602.0,602.85,600.88,28796,173.03,1698, 20538, 71.32,0.7132240588970691,2025-01-07
LAOPALA, EQ, 07-Jan-2025,313.5,313.9,317.05,313.1,314.15,315.4,315.14,35956,113.31,1569, 17365, 48.30,0.48295138502614304,2025-01-07
LASA, EQ, 07-Jan-2025,27.98,27.61,28.94,27.52,28.89,28.77,28.61,39181,11.21,458, 21125, 53.92,0.5391643909037543,2025-01-07
LATENTVIEW, EQ, 07-Jan-2025,483.3,484.3,497.0,484.3,492.5,490.05,491.86,293502,1443.62,14527, 146407, 49.88,0.4988279466579444,2025-01-07
LATTEYS, BE, 07-Jan-2025,34.15,33.49,33.49,32.44,32.6,32.57,32.62,212028,69.16,928, -, -,,2025-01-07
LAURUSLABS, EQ, 07-Jan-2025,599.55,603.25,619.4,601.3,611.9,612.45,611.43,1601696,9793.17,46541, 506897, 31.65,0.3164751613289913,2025-01-07
LAXMICOT, EQ, 07-Jan-2025,31.18,31.15,32.39,31.1,31.99,32.01,31.74,25840,8.2,542, 11990, 46.40,0.46400928792569657,2025-01-07
LCCINFOTEC, BE, 07-Jan-2025,9.86,9.95,10.25,9.36,9.79,9.71,9.55,129752,12.39,395, -, -,,2025-01-07
LEMONTREE, EQ, 07-Jan-2025,150.14,150.66,152.0,147.1,148.91,149.1,149.63,3125720,4676.89,34442, 1202643, 38.48,0.3847571119614041,2025-01-07
LEXUS, EQ, 07-Jan-2025,43.21,43.06,44.0,43.06,43.11,43.48,43.5,23687,10.3,345, 17995, 75.97,0.7596994131802255,2025-01-07
LFIC, EQ, 07-Jan-2025,245.61,250.0,270.17,241.65,247.68,246.94,258.13,36129,93.26,948, 12233, 33.86,0.33859226660023806,2025-01-07
LGBBROSLTD, EQ, 07-Jan-2025,1237.75,1237.75,1289.0,1235.0,1289.0,1281.1,1263.28,12166,153.69,1795, 5967, 49.05,0.4904652309715601,2025-01-07
LGHL, BE, 07-Jan-2025,512.4,512.35,527.9,506.1,510.2,522.0,512.74,1067,5.47,55, -, -,,2025-01-07
LIBAS, EQ, 07-Jan-2025,16.14,16.48,16.48,15.86,15.95,16.0,16.04,13474,2.16,210, 8335, 61.86,0.6185987828410272,2025-01-07
LIBERTSHOE, EQ, 07-Jan-2025,489.35,481.75,515.0,481.7,511.0,510.95,501.55,28187,141.37,1629, 18305, 64.94,0.6494128498953419,2025-01-07
LICHSGFIN, EQ, 07-Jan-2025,594.3,594.95,598.25,579.45,586.8,585.15,585.65,1887588,11054.66,52317, 844006, 44.71,0.44713465014611237,2025-01-07
LICI, EQ, 07-Jan-2025,875.85,877.9,885.0,861.15,876.2,876.4,873.3,1323119,11554.74,52481, 348838, 26.36,0.263648243279705,2025-01-07
LICMFGOLD, EQ, 07-Jan-2025,6983.8,6982.95,7029.95,6982.95,7012.0,7013.2,7001.15,919,64.34,63, 794, 86.40,0.8639825897714908,2025-01-07
LICNETFGSC, EQ, 07-Jan-2025,26.71,26.92,26.92,26.58,26.77,26.74,26.74,97195,25.99,178, 88455, 91.01,0.9100776788929472,2025-01-07
LICNETFN50, EQ, 07-Jan-2025,260.69,261.73,261.81,260.14,261.32,261.13,261.19,671,1.75,34, 401, 59.76,0.5976154992548435,2025-01-07
LICNETFSEN, EQ, 07-Jan-2025,890.26,890.25,890.26,871.44,871.44,872.21,875.75,135,1.18,27, 93, 68.89,0.6888888888888889,2025-01-07
LICNFNHGP, EQ, 07-Jan-2025,265.44,265.45,270.65,264.02,265.02,265.02,268.38,225,0.6,57, 138, 61.33,0.6133333333333333,2025-01-07
LICNMID100, EQ, 07-Jan-2025,58.26,58.75,59.47,58.24,59.14,58.78,58.75,3412,2.0,93, 2112, 61.90,0.6189917936694022,2025-01-07
LIKHITHA, EQ, 07-Jan-2025,346.6,346.65,352.0,344.0,346.2,346.8,347.02,48495,168.29,2454, 24020, 49.53,0.4953087947211053,2025-01-07
LINC, EQ, 07-Jan-2025,148.58,149.4,149.46,143.87,147.0,145.69,146.37,117320,171.72,2775, 59820, 50.99,0.5098874872144562,2025-01-07
LINCOLN, EQ, 07-Jan-2025,806.1,808.05,842.6,808.05,837.25,835.7,828.38,60367,500.07,2818, 29586, 49.01,0.4901022081600875,2025-01-07
LINDEINDIA, EQ, 07-Jan-2025,6623.7,6561.35,6604.35,6462.5,6518.1,6499.95,6522.4,63567,4146.09,13895, 23651, 37.21,0.3720641213208111,2025-01-07
LIQUID, EQ, 07-Jan-2025,999.99,999.99,1000.0,999.99,1000.0,999.99,999.99,117350,1173.49,278, 92001, 78.40,0.783988069876438,2025-01-07
LIQUID1, EQ, 07-Jan-2025,1028.13,1028.31,1028.33,1028.31,1028.32,1028.32,1028.32,879744,9046.58,2865, 834930, 94.91,0.9490601811436055,2025-01-07
LIQUIDADD, EQ, 07-Jan-2025,1050.34,1050.5,1050.53,1050.5,1050.53,1050.52,1050.52,1118736,11752.52,629, 711005, 63.55,0.635543148696386,2025-01-07
LIQUIDBEES, EQ, 07-Jan-2025,999.99,1000.0,1000.01,999.0,1000.0,1000.0,1000.0,3205589,32055.85,8699, 2241298, 69.92,0.6991844556491802,2025-01-07
LIQUIDBETF, EQ, 07-Jan-2025,1009.2,1009.36,1009.39,1009.36,1009.39,1009.38,1009.39,3208,32.38,14, 2994, 93.33,0.933291770573566,2025-01-07
LIQUIDCASE, EQ, 07-Jan-2025,106.31,109.5,109.5,106.33,106.35,106.34,106.34,7845660,8343.16,8999, 5132766, 65.42,0.6542172360260322,2025-01-07
LIQUIDETF, EQ, 07-Jan-2025,1000.0,999.0,1000.01,999.0,1000.0,999.99,1000.0,353163,3531.63,333, 327680, 92.78,0.9278435170162219,2025-01-07
LIQUIDIETF, EQ, 07-Jan-2025,1000.0,999.99,1000.01,999.99,1000.0,999.99,1000.0,1105338,11053.38,763, 894918, 80.96,0.8096328905728384,2025-01-07
LIQUIDPLUS, EQ, 07-Jan-2025,1010.8,1011.0,1011.0,1010.98,1011.0,1011.0,1010.98,31533,318.79,22, 31293, 99.24,0.9923889258871659,2025-01-07
LIQUIDSBI, EQ, 07-Jan-2025,1000.0,1000.0,1000.01,999.99,1000.01,1000.0,1000.0,3458,34.58,28, 2296, 66.40,0.6639676113360324,2025-01-07
LIQUIDSHRI, EQ, 07-Jan-2025,1031.59,1031.77,1031.78,1031.77,1031.77,1031.77,1031.77,20301,209.46,99, 12355, 60.86,0.6085907098172504,2025-01-07
LLOYDSENGG, EQ, 07-Jan-2025,79.45,80.4,87.3,80.06,85.9,85.99,84.58,15166414,12828.41,80329, 4118397, 27.15,0.27154718313768833,2025-01-07
LLOYDSENT, EQ, 07-Jan-2025,54.55,54.89,59.69,54.89,59.5,59.43,57.84,4107258,2375.53,12314, 2110315, 51.38,0.513801421775793,2025-01-07
LLOYDSME, EQ, 07-Jan-2025,1384.35,1405.0,1431.0,1391.0,1416.7,1420.9,1414.69,700577,9910.98,35422, 202529, 28.91,0.2890888510470655,2025-01-07
LMW, EQ, 07-Jan-2025,16355.2,16470.0,16520.0,16201.65,16275.0,16292.15,16345.86,2661,434.96,1108, 1396, 52.46,0.5246148064637355,2025-01-07
LODHA, EQ, 07-Jan-2025,1346.15,1356.0,1364.95,1320.0,1337.15,1340.75,1342.43,519362,6972.08,37591, 136598, 26.30,0.26301115599524033,2025-01-07
LOKESHMACH, EQ, 07-Jan-2025,318.05,319.7,326.0,317.1,323.95,324.5,322.24,41436,133.52,1070, 21456, 51.78,0.5178105994787141,2025-01-07
LORDSCHLO, EQ, 07-Jan-2025,197.12,195.21,211.0,194.8,210.99,209.33,205.43,80877,166.15,2307, 41328, 51.10,0.5109981824251641,2025-01-07
LOTUSEYE, EQ, 07-Jan-2025,71.35,72.0,73.66,69.1,70.75,70.94,70.83,156632,110.94,1395, 44295, 28.28,0.2827966188262935,2025-01-07
LOVABLE, EQ, 07-Jan-2025,126.23,127.03,128.3,124.26,127.5,125.83,126.32,15013,18.96,701, 7438, 49.54,0.4954372876840072,2025-01-07
LOWVOL, EQ, 07-Jan-2025,196.27,196.95,197.43,195.9,196.9,196.9,196.78,131,0.26,15, 97, 74.05,0.7404580152671756,2025-01-07
LOWVOL1, EQ, 07-Jan-2025,19.96,19.95,20.18,19.44,20.0,20.01,19.99,10557,2.11,312, 7256, 68.73,0.6873164724827129,2025-01-07
LOWVOLIETF, EQ, 07-Jan-2025,21.06,21.7,21.7,20.45,21.12,21.1,21.11,1660220,350.41,1574, 1017224, 61.27,0.6127043403886232,2025-01-07
LOYALTEX, BE, 07-Jan-2025,327.25,327.2,327.2,321.0,321.0,321.0,323.15,377,1.22,8, -, -,,2025-01-07
LPDC, BE, 07-Jan-2025,9.9,9.75,10.05,9.75,9.95,9.93,9.88,33595,3.32,201, -, -,,2025-01-07
LT, EQ, 07-Jan-2025,3603.2,3607.1,3649.85,3595.7,3640.1,3643.3,3623.73,1453540,52672.4,110429, 830053, 57.11,0.5710561800844834,2025-01-07
LTF, EQ, 07-Jan-2025,138.39,139.0,141.24,137.51,139.45,139.36,139.29,3978224,5541.37,26775, 1384671, 34.81,0.348062602809696,2025-01-07
LTFOODS, EQ, 07-Jan-2025,406.75,406.75,433.5,406.0,426.7,426.85,426.41,898168,3829.84,35720, 288614, 32.13,0.3213363201539133,2025-01-07
LTGILTBEES, EQ, 07-Jan-2025,27.2,27.2,27.32,27.2,27.31,27.3,27.28,2830499,772.06,984, 1877921, 66.35,0.6634593405615052,2025-01-07
LTIM, EQ, 07-Jan-2025,5731.35,5784.8,5840.0,5738.05,5752.0,5756.95,5779.03,152237,8797.82,22620, 59729, 39.23,0.3923422032751565,2025-01-07
LTTS, EQ, 07-Jan-2025,4763.7,4770.05,4896.6,4770.05,4871.75,4876.75,4859.68,148865,7234.37,25995, 71879, 48.28,0.4828468746851174,2025-01-07
LUMAXIND, EQ, 07-Jan-2025,2427.85,2427.85,2490.0,2414.6,2475.0,2485.95,2453.88,5524,135.55,954, 2908, 52.64,0.5264301230992035,2025-01-07
LUMAXTECH, EQ, 07-Jan-2025,644.1,645.0,671.5,645.0,662.0,666.15,661.06,91446,604.51,8526, 37099, 40.57,0.40569297727620673,2025-01-07
LUPIN, EQ, 07-Jan-2025,2360.3,2360.05,2392.25,2347.5,2359.0,2357.65,2371.23,1249557,29629.91,51828, 821649, 65.76,0.6575522365126201,2025-01-07
LUXIND, EQ, 07-Jan-2025,1893.15,1894.0,1935.0,1894.0,1907.8,1914.5,1914.83,42031,804.82,6910, 15179, 36.11,0.36113820751350195,2025-01-07
LXCHEM, EQ, 07-Jan-2025,227.98,229.8,232.17,226.0,230.08,229.65,228.33,1228663,2805.36,51954, 639915, 52.08,0.5208222270874927,2025-01-07
LYKALABS, EQ, 07-Jan-2025,156.98,158.5,162.1,155.42,159.55,159.26,159.43,108850,173.54,2583, 42808, 39.33,0.39327514928801105,2025-01-07
LYPSAGEMS, EQ, 07-Jan-2025,7.63,7.6,7.78,7.11,7.6,7.46,7.51,36023,2.7,281, 21251, 58.99,0.5899286566915581,2025-01-07
M&M, EQ, 07-Jan-2025,3105.7,3110.0,3131.3,3081.75,3099.0,3108.85,3107.77,1978328,61481.87,131011, 1186931, 60.00,0.5999667395901994,2025-01-07
M&MFIN, EQ, 07-Jan-2025,271.0,273.0,278.45,272.6,277.15,277.15,275.94,780470,2153.65,12178, 262428, 33.62,0.336243545555883,2025-01-07
MAANALU, BE, 07-Jan-2025,119.81,122.71,122.71,114.5,116.0,116.15,117.65,124856,146.89,961, -, -,,2025-01-07
MACPOWER, EQ, 07-Jan-2025,1467.95,1468.0,1484.9,1450.0,1450.1,1454.3,1460.76,7641,111.62,1127, 4841, 63.36,0.6335558173014003,2025-01-07
MADHAV, EQ, 07-Jan-2025,53.85,53.02,55.99,53.02,55.4,55.03,54.68,8758,4.79,327, 4646, 53.05,0.5304864124229276,2025-01-07
MADHUCON, EQ, 07-Jan-2025,10.17,10.42,10.64,9.82,10.33,10.41,10.27,30624,3.14,353, 20530, 67.04,0.670389237199582,2025-01-07
MADRASFERT, EQ, 07-Jan-2025,94.47,95.68,101.95,94.87,99.31,100.15,99.61,579262,577.0,8040, 117051, 20.21,0.202069184583142,2025-01-07
MAFANG, EQ, 07-Jan-2025,133.77,135.64,135.64,132.0,135.64,135.64,135.61,98389,133.43,998, 97897, 99.50,0.9949994409944201,2025-01-07
MAGADSUGAR, EQ, 07-Jan-2025,611.25,614.5,630.75,610.05,623.0,624.9,618.99,4856,30.06,557, 2258, 46.50,0.46499176276771004,2025-01-07
MAGNUM, EQ, 07-Jan-2025,38.65,39.67,41.39,38.75,39.84,39.92,40.3,60153,24.24,577, 36601, 60.85,0.608465080710854,2025-01-07
MAHABANK, EQ, 07-Jan-2025,52.6,53.0,53.32,51.06,51.37,51.25,52.02,21144032,10998.22,52771, 9154865, 43.30,0.43297631218113936,2025-01-07
MAHAPEXLTD, EQ, 07-Jan-2025,147.25,147.26,155.0,147.26,150.15,152.38,152.44,14622,22.29,848, 5936, 40.60,0.4059636164683354,2025-01-07
MAHASTEEL, BE, 07-Jan-2025,211.41,206.01,213.46,201.02,208.5,208.5,204.97,3396,6.96,71, -, -,,2025-01-07
MAHEPC, EQ, 07-Jan-2025,112.27,112.25,114.28,110.71,111.92,111.71,112.06,33549,37.6,725, 21181, 63.13,0.6313451965781395,2025-01-07
MAHESHWARI, EQ, 07-Jan-2025,66.57,67.0,67.71,65.3,66.5,66.46,66.64,111895,74.57,1247, 60789, 54.33,0.5432682425488181,2025-01-07
MAHKTECH, EQ, 07-Jan-2025,17.94,17.94,18.46,17.52,17.98,17.84,17.78,1028801,182.96,3852, 784323, 76.24,0.7623660941231589,2025-01-07
MAHLIFE, EQ, 07-Jan-2025,458.8,456.1,463.25,452.35,457.9,459.7,458.65,293442,1345.86,10168, 228931, 78.02,0.7801575779881544,2025-01-07
MAHLOG, EQ, 07-Jan-2025,372.6,373.6,375.95,367.55,374.75,373.75,372.74,69174,257.84,5957, 31276, 45.21,0.45213519530459423,2025-01-07
MAHSCOOTER, EQ, 07-Jan-2025,9447.0,9500.0,9584.3,9408.1,9501.0,9507.55,9508.1,4322,410.94,1122, 2793, 64.62,0.6462285978713559,2025-01-07
MAHSEAMLES, EQ, 07-Jan-2025,710.3,711.0,728.65,710.0,727.4,725.85,720.83,229578,1654.88,14848, 68543, 29.86,0.2985608377109305,2025-01-07
MAITHANALL, EQ, 07-Jan-2025,1089.6,1108.35,1118.3,1095.8,1115.75,1113.4,1107.45,20771,230.03,2102, 9734, 46.86,0.4686341533869337,2025-01-07
MAKEINDIA, EQ, 07-Jan-2025,139.14,137.41,140.97,136.63,139.73,139.8,139.93,32582,45.59,421, 20711, 63.57,0.6356577251243017,2025-01-07
MALLCOM, EQ, 07-Jan-2025,1484.7,1462.45,1520.9,1462.45,1509.0,1506.8,1502.11,1691,25.4,478, 799, 47.25,0.47250147841513895,2025-01-07
MALUPAPER, EQ, 07-Jan-2025,46.51,46.44,48.4,45.97,47.0,47.25,47.02,89022,41.86,794, 22296, 25.05,0.2504549437217766,2025-01-07
MAMATA, BE, 07-Jan-2025,520.5,494.5,535.0,494.5,528.0,522.6,502.55,664338,3338.62,11383, -, -,,2025-01-07
MANAKALUCO, EQ, 07-Jan-2025,30.35,31.43,31.44,30.35,31.0,30.85,30.85,28198,8.7,810, 11145, 39.52,0.395240797219661,2025-01-07
MANAKCOAT, BE, 07-Jan-2025,111.0,111.5,112.5,111.5,111.5,111.5,111.82,28876,32.29,110, -, -,,2025-01-07
MANAKSIA, EQ, 07-Jan-2025,85.77,86.05,87.72,85.15,86.0,85.95,86.44,61070,52.79,1443, 24884, 40.75,0.40746684132962174,2025-01-07
MANAKSTEEL, EQ, 07-Jan-2025,60.22,60.0,61.51,59.6,60.56,60.63,60.71,35078,21.3,598, 18437, 52.56,0.5256000912252694,2025-01-07
MANALIPETC, EQ, 07-Jan-2025,61.82,61.9,62.4,61.21,61.62,61.7,61.89,122572,75.86,1720, 55260, 45.08,0.4508370590346898,2025-01-07
MANAPPURAM, EQ, 07-Jan-2025,179.27,179.99,184.2,179.06,182.0,182.09,182.38,4990066,9100.96,29436, 1924517, 38.57,0.38566964845755547,2025-01-07
MANBA, EQ, 07-Jan-2025,151.44,153.0,154.95,150.2,151.4,151.21,151.97,272277,413.79,4372, 104097, 38.23,0.3823202106678126,2025-01-07
MANCREDIT, EQ, 07-Jan-2025,168.73,165.0,178.0,162.15,166.35,167.34,168.22,85327,143.53,2581, 27975, 32.79,0.32785636433954085,2025-01-07
MANGALAM, EQ, 07-Jan-2025,112.74,111.15,116.93,111.15,114.02,114.48,114.4,19946,22.82,519, 11234, 56.32,0.5632206958788729,2025-01-07
MANGCHEFER, EQ, 07-Jan-2025,164.88,163.65,172.15,163.65,169.6,169.84,169.26,338100,572.27,4704, 137467, 40.66,0.4065868086364981,2025-01-07
MANGLMCEM, EQ, 07-Jan-2025,960.45,973.05,984.4,962.9,971.5,973.65,973.1,36099,351.28,3638, 18252, 50.56,0.5056095736724009,2025-01-07
MANINDS, EQ, 07-Jan-2025,321.3,324.85,339.8,324.85,328.0,328.4,333.74,397061,1325.16,7112, 205017, 51.63,0.5163362808233496,2025-01-07
MANINFRA, EQ, 07-Jan-2025,239.93,238.0,244.84,238.0,242.26,242.08,242.54,835850,2027.26,16711, 338794, 40.53,0.4053287073039421,2025-01-07
MANKIND, EQ, 07-Jan-2025,2884.55,2900.0,2946.05,2882.3,2920.6,2919.7,2909.76,681474,19829.22,35800, 519443, 76.22,0.7622345093136349,2025-01-07
MANOMAY, EQ, 07-Jan-2025,216.15,221.87,221.87,215.1,218.0,219.55,218.53,40572,88.66,341, 36396, 89.71,0.8970718722271517,2025-01-07
MANORAMA, EQ, 07-Jan-2025,998.8,1024.0,1048.0,1005.0,1025.0,1018.85,1024.45,48046,492.21,4289, 24725, 51.46,0.5146109977937809,2025-01-07
MANORG, EQ, 07-Jan-2025,420.25,420.0,427.35,414.55,422.0,420.95,419.83,4476,18.79,375, 2956, 66.04,0.6604110813226095,2025-01-07
MANUGRAPH, EQ, 07-Jan-2025,20.82,20.94,21.39,20.94,21.36,21.06,21.15,8856,1.87,135, 7200, 81.30,0.8130081300813008,2025-01-07
MANYAVAR, EQ, 07-Jan-2025,1223.85,1220.0,1276.45,1220.0,1264.5,1267.45,1248.51,298562,3727.59,8711, 264750, 88.68,0.8867504906853518,2025-01-07
MAPMYINDIA, EQ, 07-Jan-2025,1648.4,1660.0,1666.95,1647.65,1652.7,1654.1,1655.57,48233,798.53,7090, 24163, 50.10,0.5009640702423652,2025-01-07
MARALOVER, EQ, 07-Jan-2025,82.43,82.41,83.8,81.24,81.55,81.94,82.16,11084,9.11,231, 7913, 71.39,0.7139119451461566,2025-01-07
MARATHON, EQ, 07-Jan-2025,606.0,608.8,665.0,608.8,663.0,657.8,649.29,201423,1307.83,8725, 75271, 37.37,0.3736961518793782,2025-01-07
MARICO, EQ, 07-Jan-2025,648.35,645.3,654.75,638.65,639.75,643.6,648.31,1687921,10943.01,58190, 1192699, 70.66,0.7066083069053587,2025-01-07
MARINE, BE, 07-Jan-2025,252.3,251.05,256.9,246.75,254.7,253.55,252.29,186092,469.49,3214, -, -,,2025-01-07
MARKSANS, EQ, 07-Jan-2025,285.6,287.75,293.35,281.2,289.05,289.45,288.14,835014,2406.02,37053, 271913, 32.56,0.3256388515641654,2025-01-07
MARSHALL, BE, 07-Jan-2025,23.38,22.51,23.38,22.51,23.19,22.87,22.79,32348,7.37,77, -, -,,2025-01-07
MARUTI, EQ, 07-Jan-2025,11755.65,11755.65,11825.95,11673.7,11715.15,11721.3,11746.11,308104,36190.23,66788, 161786, 52.51,0.5251019136395503,2025-01-07
MASFIN, EQ, 07-Jan-2025,257.45,258.8,264.95,256.65,262.3,263.5,260.52,83910,218.61,5692, 33882, 40.38,0.40378977475867,2025-01-07
MASKINVEST, BE, 07-Jan-2025,203.24,199.17,199.17,199.17,199.17,199.17,199.17,230,0.46,17, -, -,,2025-01-07
MASPTOP50, EQ, 07-Jan-2025,57.46,58.26,58.26,57.7,58.26,58.26,58.25,72423,42.19,1013, 68892, 95.12,0.9512447703077751,2025-01-07
MASTEK, EQ, 07-Jan-2025,2988.7,3000.0,3085.0,2990.0,3065.05,3068.15,3058.34,68817,2104.66,12616, 33689, 48.95,0.4895447345859308,2025-01-07
MASTERTR, EQ, 07-Jan-2025,165.3,165.96,166.99,163.02,163.11,164.44,165.34,11247,18.6,568, 7098, 63.11,0.6311016271005602,2025-01-07
MATRIMONY, EQ, 07-Jan-2025,657.3,654.95,667.5,651.05,667.5,666.2,660.98,11142,73.65,1065, 6477, 58.13,0.5813139472267097,2025-01-07
MAWANASUG, EQ, 07-Jan-2025,96.85,96.99,99.93,96.99,99.88,99.56,98.8,42289,41.78,693, 20106, 47.54,0.47544278654023503,2025-01-07
MAXESTATES, EQ, 07-Jan-2025,599.9,606.5,620.0,592.35,618.2,616.65,612.45,265417,1625.54,10892, 157205, 59.23,0.5922943895831841,2025-01-07
MAXHEALTH, EQ, 07-Jan-2025,1153.2,1170.0,1204.95,1155.65,1204.95,1198.35,1191.12,1976892,23547.24,77552, 1238686, 62.66,0.6265825346048242,2025-01-07
MAXIND, EQ, 07-Jan-2025,264.2,265.0,270.0,261.8,268.0,265.95,266.3,54934,146.29,3081, 36322, 66.12,0.6611934321185422,2025-01-07
MAYURUNIQ, EQ, 07-Jan-2025,590.1,590.1,600.3,587.55,592.7,593.3,593.75,44451,263.93,3699, 17027, 38.31,0.3830509999775033,2025-01-07
MAZDA, EQ, 07-Jan-2025,1541.45,1546.0,1795.0,1540.0,1750.0,1739.55,1718.78,268354,4612.42,24458, 43585, 16.24,0.16241606236538303,2025-01-07
MAZDOCK, EQ, 07-Jan-2025,2130.35,2130.35,2222.0,2107.05,2175.0,2180.55,2169.8,2097861,45519.46,118909, 269201, 12.83,0.12832165715459698,2025-01-07
MBAPL, EQ, 07-Jan-2025,244.64,248.3,254.41,246.0,247.0,248.02,249.12,52229,130.11,717, 39969, 76.53,0.7652645082234008,2025-01-07
MBECL, BZ, 07-Jan-2025,4.4,4.4,4.48,4.4,4.46,4.46,4.43,31113,1.38,36, -, -,,2025-01-07
MBLINFRA, EQ, 07-Jan-2025,62.05,61.11,64.01,61.11,62.1,63.22,63.27,173045,109.48,1177, 44368, 25.64,0.2563957352133838,2025-01-07
MCL, BE, 07-Jan-2025,56.25,56.25,57.0,53.5,54.74,54.38,54.61,66740,36.45,509, -, -,,2025-01-07
MCLEODRUSS, BE, 07-Jan-2025,42.96,43.5,45.1,42.05,45.1,45.1,44.71,1135323,507.59,838, -, -,,2025-01-07
MCX, EQ, 07-Jan-2025,5813.35,5826.95,6056.8,5736.6,6010.0,6025.15,5911.11,355119,20991.46,55193, 111980, 31.53,0.315330917241826,2025-01-07
MEDANTA, EQ, 07-Jan-2025,1070.0,1074.4,1081.0,1056.4,1063.0,1062.75,1064.15,218649,2326.74,20571, 125358, 57.33,0.5733298574427507,2025-01-07
MEDIASSIST, EQ, 07-Jan-2025,597.1,598.05,620.0,598.05,613.25,613.0,609.99,133923,816.91,13889, 60211, 44.96,0.4495941697841297,2025-01-07
MEDICAMEQ, EQ, 07-Jan-2025,495.1,498.0,520.0,498.0,518.2,516.75,511.36,11774,60.21,1425, 6135, 52.11,0.5210633599456429,2025-01-07
MEDICO, EQ, 07-Jan-2025,56.99,56.98,57.5,56.01,56.65,56.52,57.07,428925,244.8,1595, 128841, 30.04,0.30038118552194437,2025-01-07
MEDPLUS, EQ, 07-Jan-2025,811.35,812.0,854.4,812.0,849.7,847.9,844.5,258026,2179.02,14067, 155301, 60.19,0.6018812057699612,2025-01-07
MEGASOFT, EQ, 07-Jan-2025,97.52,99.0,102.39,98.77,102.39,102.39,101.88,1134255,1155.57,3418, 626020, 55.19,0.5519217459918625,2025-01-07
MEGASTAR, EQ, 07-Jan-2025,273.35,278.0,310.5,278.0,302.0,301.26,298.9,158520,473.81,4771, 64219, 40.51,0.4051160736815544,2025-01-07
MENONBE, EQ, 07-Jan-2025,117.43,117.43,119.98,115.79,119.0,118.88,118.17,26976,31.88,657, 17673, 65.51,0.6551379003558719,2025-01-07
MEP, BZ, 07-Jan-2025,3.37,3.2,3.44,3.2,3.2,3.2,3.23,320036,10.34,129, -, -,,2025-01-07
METAL, EQ, 07-Jan-2025,8.49,8.6,8.61,8.48,8.58,8.58,8.57,225392,19.31,510, 90323, 40.07,0.40073738198338893,2025-01-07
METALIETF, EQ, 07-Jan-2025,8.48,8.5,8.61,8.5,8.59,8.59,8.57,2242461,192.25,2545, 1163720, 51.89,0.5189477096814615,2025-01-07
METROBRAND, EQ, 07-Jan-2025,1242.6,1231.5,1270.75,1231.35,1269.0,1266.5,1257.98,46244,581.74,11044, 22312, 48.25,0.48248421416832454,2025-01-07
METROPOLIS, EQ, 07-Jan-2025,2038.8,2049.0,2072.35,1998.0,2037.0,2035.1,2041.21,299045,6104.13,30167, 46083, 15.41,0.15410055342841378,2025-01-07
MFML, BE, 07-Jan-2025,48.46,50.0,50.0,46.03,48.85,46.23,46.08,54601,25.16,103, -, -,,2025-01-07
MFSL, EQ, 07-Jan-2025,1092.3,1086.95,1117.95,1076.0,1114.85,1111.45,1103.86,423949,4679.8,38173, 190703, 44.98,0.4498253327640825,2025-01-07
MGEL, EQ, 07-Jan-2025,27.42,27.84,30.1,27.45,29.55,29.75,29.28,1088246,318.66,3541, 474609, 43.61,0.4361228986828346,2025-01-07
MGL, EQ, 07-Jan-2025,1274.5,1274.5,1287.05,1227.45,1240.45,1244.9,1253.05,864619,10834.1,68762, 366766, 42.42,0.42419377783740586,2025-01-07
MHLXMIRU, BE, 07-Jan-2025,244.89,244.0,253.4,234.7,240.0,237.11,240.23,8786,21.11,173, -, -,,2025-01-07
MHRIL, EQ, 07-Jan-2025,360.7,360.95,373.9,355.35,367.35,370.4,366.43,117265,429.69,7741, 45655, 38.93,0.3893318551997612,2025-01-07
MICEL, EQ, 07-Jan-2025,83.8,83.2,87.0,83.01,85.67,85.49,85.28,342414,291.99,5175, 165102, 48.22,0.48217070563703585,2025-01-07
MID150BEES, EQ, 07-Jan-2025,215.26,216.97,217.45,215.01,217.0,216.44,216.45,267251,578.47,5356, 163795, 61.29,0.6128882586033354,2025-01-07
MID150CASE, EQ, 07-Jan-2025,10.34,10.55,10.55,10.34,10.37,10.4,10.4,314720,32.74,1790, 170770, 54.26,0.5426093035078801,2025-01-07
MIDCAP, EQ, 07-Jan-2025,160.81,161.89,162.43,160.01,161.53,161.56,161.92,15995,25.9,284, 11020, 68.90,0.6889653016567677,2025-01-07
MIDCAPETF, EQ, 07-Jan-2025,21.21,21.85,21.85,21.15,21.36,21.39,21.37,1191332,254.57,4416, 931339, 78.18,0.781762766382503,2025-01-07
MIDCAPIETF, EQ, 07-Jan-2025,21.68,21.68,21.71,21.49,21.62,21.64,21.62,422863,91.43,1808, 180858, 42.77,0.42769880552330186,2025-01-07
MIDHANI, EQ, 07-Jan-2025,330.55,331.9,341.8,330.7,341.15,339.9,336.52,164809,554.62,10524, 60127, 36.48,0.3648283770910569,2025-01-07
MIDQ50ADD, EQ, 07-Jan-2025,246.16,253.55,253.55,243.0,246.4,247.59,247.69,926,2.29,82, 823, 88.88,0.8887688984881209,2025-01-07
MIDSELIETF, EQ, 07-Jan-2025,18.14,18.7,18.7,18.07,18.23,18.22,18.26,184190,33.63,840, 98714, 53.59,0.5359357185514957,2025-01-07
MIDSMALL, EQ, 07-Jan-2025,50.78,51.37,51.43,50.9,51.24,51.28,51.2,47966,24.56,566, 35275, 73.54,0.735416753533753,2025-01-07
MINDACORP, EQ, 07-Jan-2025,509.0,509.9,547.0,507.25,534.0,530.5,534.66,2326530,12439.06,88632, 541341, 23.27,0.2326817191267682,2025-01-07
MINDTECK, EQ, 07-Jan-2025,284.2,283.9,291.0,270.0,285.5,285.25,279.76,121277,339.29,3659, 56309, 46.43,0.4643007330326443,2025-01-07
MIRCELECTR, EQ, 07-Jan-2025,23.36,23.6,24.44,23.54,24.28,24.16,23.96,900987,215.85,2506, 343529, 38.13,0.38128075099862707,2025-01-07
MIRZAINT, EQ, 07-Jan-2025,36.76,36.5,37.49,36.5,36.98,37.03,37.07,82850,30.71,802, 38593, 46.58,0.46581774290887146,2025-01-07
MITCON, EQ, 07-Jan-2025,112.26,111.5,113.8,108.05,110.5,109.72,111.51,7933,8.85,194, 5532, 69.73,0.6973402243791756,2025-01-07
MITTAL, EQ, 07-Jan-2025,2.27,2.3,2.34,2.26,2.27,2.26,2.27,5164885,117.46,2051, 3192039, 61.80,0.6180271196744942,2025-01-07
MKPL, BE, 07-Jan-2025,8.28,8.11,8.11,8.11,8.11,8.11,8.11,85596,6.94,352, -, -,,2025-01-07
MMFL, EQ, 07-Jan-2025,431.55,436.3,448.0,430.05,436.9,435.85,438.75,98402,431.74,4619, 28914, 29.38,0.2938354911485539,2025-01-07
MMP, EQ, 07-Jan-2025,319.65,318.0,335.0,317.6,335.0,331.95,328.41,12652,41.55,766, 7379, 58.32,0.5832279481504901,2025-01-07
MMTC, EQ, 07-Jan-2025,69.72,70.0,71.25,69.67,70.5,70.94,70.63,1115031,787.54,11408, 330198, 29.61,0.2961334707286165,2025-01-07
MNC, EQ, 07-Jan-2025,28.56,28.61,28.93,28.53,28.6,28.71,28.68,15825,4.54,212, 12233, 77.30,0.7730173775671406,2025-01-07
MOBIKWIK, EQ, 07-Jan-2025,561.1,565.1,637.8,553.7,607.5,609.85,600.26,61451586,368870.0,710482, 2529572, 4.12,0.04116365686639886,2025-01-07
MODEFENCE, EQ, 07-Jan-2025,69.49,69.55,71.19,69.19,71.19,70.91,70.62,269628,190.41,1589, 132598, 49.18,0.49178126900766983,2025-01-07
MODIRUBBER, EQ, 07-Jan-2025,122.95,117.0,127.45,117.0,120.3,120.72,120.63,4186,5.05,439, 2204, 52.65,0.52651696129957,2025-01-07
MODISONLTD, EQ, 07-Jan-2025,176.68,180.0,185.9,177.56,184.8,182.76,180.93,29125,52.7,1276, 14821, 50.89,0.5088755364806867,2025-01-07
MODTHREAD, BE, 07-Jan-2025,53.34,53.34,53.34,50.7,53.3,50.8,53.07,1034,0.55,10, -, -,,2025-01-07
MOGSEC, EQ, 07-Jan-2025,58.29,58.9,59.2,57.81,58.38,58.49,58.59,46530,27.26,48, 41216, 88.58,0.8857941113260263,2025-01-07
MOHEALTH, EQ, 07-Jan-2025,45.5,45.15,46.18,44.37,45.95,45.96,45.93,139006,63.85,790, 118426, 85.19,0.8519488367408601,2025-01-07
MOHITIND, BE, 07-Jan-2025,42.31,40.21,41.9,40.19,40.19,40.19,40.34,54584,22.02,387, -, -,,2025-01-07
MOIL, EQ, 07-Jan-2025,326.15,329.0,348.5,327.8,343.2,343.35,340.17,1275855,4340.03,37774, 344196, 26.98,0.26977673795219675,2025-01-07
MOKSH, EQ, 07-Jan-2025,19.52,19.2,20.35,19.2,20.29,20.24,19.95,301335,60.12,1112, 211550, 70.20,0.702042577198135,2025-01-07
MOKSH-RE, BE, 07-Jan-2025,1.05,1.03,1.24,0.85,1.2,1.1,0.99,393085,3.89,830, -, -,,2025-01-07
MOL, EQ, 07-Jan-2025,76.95,77.65,79.23,77.56,78.7,78.62,78.53,434982,341.59,7346, 138305, 31.80,0.3179556855226193,2025-01-07
MOLDTECH, EQ, 07-Jan-2025,198.22,199.97,203.32,197.6,198.24,198.08,199.1,64277,127.98,1640, 44861, 69.79,0.6979323863901551,2025-01-07
MOLDTKPAC, EQ, 07-Jan-2025,651.7,651.75,658.1,637.5,639.95,639.05,642.28,93595,601.14,4191, 75830, 81.02,0.8101928521822747,2025-01-07
MOLOWVOL, EQ, 07-Jan-2025,35.93,36.65,36.65,36.3,36.45,36.44,36.47,3253,1.19,76, 1234, 37.93,0.37934214571165076,2025-01-07
MOM100, EQ, 07-Jan-2025,60.42,60.64,61.36,60.42,60.85,60.91,60.99,329975,201.26,2754, 145220, 44.01,0.44009394651109934,2025-01-07
MOM30IETF, EQ, 07-Jan-2025,33.11,33.25,33.38,32.97,33.05,33.01,33.07,849107,280.76,5503, 636437, 74.95,0.7495368663784423,2025-01-07
MOM50, EQ, 07-Jan-2025,243.39,244.6,245.26,242.4,243.65,243.67,243.81,3847,9.38,171, 3436, 89.32,0.8931635040291136,2025-01-07
MOMENTUM, EQ, 07-Jan-2025,32.96,32.96,33.4,32.8,32.8,32.85,32.95,64285,21.18,675, 53909, 83.86,0.8385937621529128,2025-01-07
MOMENTUM50, EQ, 07-Jan-2025,56.48,57.5,57.64,56.36,56.7,56.54,56.64,272101,154.12,1606, 244764, 89.95,0.8995336290568575,2025-01-07
MOMOMENTUM, EQ, 07-Jan-2025,66.09,66.49,66.6,65.65,66.29,65.83,65.96,99272,65.48,1155, 87913, 88.56,0.8855770005641067,2025-01-07
MON100, EQ, 07-Jan-2025,205.02,211.15,214.35,204.0,204.1,204.09,206.78,910157,1882.06,17066, 689518, 75.76,0.7575813843106189,2025-01-07
MONARCH, EQ, 07-Jan-2025,431.9,431.9,458.0,431.9,447.1,448.15,448.64,208553,935.65,7853, 86708, 41.58,0.4157600226321367,2025-01-07
MONIFTY500, EQ, 07-Jan-2025,22.56,23.04,23.04,22.34,22.61,22.58,22.64,199995,45.28,1320, 162485, 81.24,0.8124453111327783,2025-01-07
MONQ50, EQ, 07-Jan-2025,83.35,84.19,87.0,83.2,85.55,85.8,85.87,110108,94.55,1822, 67523, 61.32,0.6132433610636829,2025-01-07
MONTECARLO, EQ, 07-Jan-2025,735.95,748.95,774.95,741.0,773.0,765.5,761.14,35161,267.63,2515, 15440, 43.91,0.4391228918403913,2025-01-07
MOQUALITY, EQ, 07-Jan-2025,187.04,190.78,197.33,187.0,187.0,187.24,189.41,7559,14.32,140, 5009, 66.27,0.6626537901838867,2025-01-07
MORARJEE, BZ, 07-Jan-2025,9.87,10.08,10.08,9.41,10.0,9.94,9.84,2880,0.28,18, -, -,,2025-01-07
MOREALTY, EQ, 07-Jan-2025,101.51,101.51,102.54,101.03,101.98,101.94,101.89,73144,74.52,837, 56017, 76.58,0.7658454555397571,2025-01-07
MOREPENLAB, EQ, 07-Jan-2025,73.47,73.7,75.81,73.7,75.5,75.48,74.93,4359407,3266.42,21969, 1216432, 27.90,0.27903611660943795,2025-01-07
MOSMALL250, EQ, 07-Jan-2025,17.51,17.87,17.87,17.55,17.75,17.72,17.68,249192,44.05,2044, 179764, 72.14,0.7213875244791165,2025-01-07
MOTHERSON, EQ, 07-Jan-2025,154.31,154.5,156.48,153.0,153.4,153.3,154.04,7657691,11795.72,93336, 4547586, 59.39,0.5938586448578299,2025-01-07
MOTILALOFS, EQ, 07-Jan-2025,925.25,927.0,975.9,927.0,971.0,970.0,954.88,1668102,15928.31,66674, 627464, 37.62,0.37615445578268,2025-01-07
MOTISONS, EQ, 07-Jan-2025,28.56,27.67,29.2,27.13,28.65,28.55,27.96,3649434,1020.54,8646, 1546326, 42.37,0.42371666400872027,2025-01-07
MOTOGENFIN, EQ, 07-Jan-2025,30.08,30.15,31.49,29.31,29.5,29.52,29.66,10596,3.14,162, 8665, 81.78,0.8177614194035485,2025-01-07
MOVALUE, EQ, 07-Jan-2025,95.32,95.51,96.49,95.51,96.05,95.97,96.11,24419,23.47,866, 17481, 71.59,0.7158769810393546,2025-01-07
MPHASIS, EQ, 07-Jan-2025,2897.65,2914.5,2937.95,2892.75,2920.0,2926.2,2921.76,555628,16234.09,59456, 323163, 58.16,0.581617557070558,2025-01-07
MPSLTD, EQ, 07-Jan-2025,1976.35,1980.0,2018.0,1968.0,2018.0,2003.4,1992.48,4786,95.36,1154, 2535, 52.97,0.5296698704554952,2025-01-07
MRF, EQ, 07-Jan-2025,122869.95,123450.0,124230.0,120700.1,121270.0,121222.15,121885.48,8586,10465.09,6367, 2560, 29.82,0.29815979501514095,2025-01-07
MRO-TEK, EQ, 07-Jan-2025,81.26,82.28,83.8,80.11,82.71,81.7,82.09,12106,9.94,494, 6947, 57.38,0.5738476788369403,2025-01-07
MRPL, EQ, 07-Jan-2025,144.0,144.0,149.35,144.0,144.49,144.52,145.83,2204103,3214.23,30120, 584126, 26.50,0.26501756043161323,2025-01-07
MSPL, EQ, 07-Jan-2025,41.99,41.99,43.0,39.89,40.59,40.82,40.85,1132637,462.7,2819, 695379, 61.39,0.6139469220941925,2025-01-07
MSTCLTD, EQ, 07-Jan-2025,650.45,651.5,665.0,648.0,663.0,660.95,657.41,169136,1111.92,8413, 63297, 37.42,0.37423730016081735,2025-01-07
MSUMI, EQ, 07-Jan-2025,58.07,58.07,58.28,57.0,58.1,57.8,57.81,34470089,19928.69,70335, 20432646, 59.28,0.5927645269497274,2025-01-07
MTARTECH, EQ, 07-Jan-2025,1673.2,1680.55,1750.0,1680.55,1728.0,1735.3,1726.01,306495,5290.13,29976, 67075, 21.88,0.2188453318977471,2025-01-07
MTEDUCARE, BE, 07-Jan-2025,2.75,2.86,2.88,2.86,2.88,2.87,2.88,70527,2.03,77, -, -,,2025-01-07
MTNL, EQ, 07-Jan-2025,48.26,48.35,50.14,48.01,49.43,49.49,49.07,3376859,1656.88,11459, 713487, 21.13,0.2112871754491378,2025-01-07
MUFIN, EQ, 07-Jan-2025,101.79,101.25,105.0,101.25,105.0,104.21,103.26,151655,156.6,2495, 103059, 67.96,0.6795621641225149,2025-01-07
MUFTI, EQ, 07-Jan-2025,172.2,172.99,174.7,172.1,173.99,173.49,173.57,75382,130.84,1405, 36258, 48.10,0.4809901568013584,2025-01-07
MUKANDLTD, EQ, 07-Jan-2025,126.76,126.76,130.0,126.0,128.05,127.68,128.39,74178,95.24,1682, 32592, 43.94,0.439375556094799,2025-01-07
MUKKA, EQ, 07-Jan-2025,38.14,38.12,39.0,38.11,38.91,38.53,38.64,394245,152.35,2788, 162567, 41.24,0.41235018833466497,2025-01-07
MUKTAARTS, EQ, 07-Jan-2025,91.08,90.5,91.9,87.3,88.05,88.0,88.54,22088,19.56,639, 14842, 67.19,0.6719485693589279,2025-01-07
MULTICAP, EQ, 07-Jan-2025,15.64,15.98,16.61,15.65,15.77,15.77,15.75,187908,29.6,566, 128516, 68.39,0.6839304340421909,2025-01-07
MUNJALAU, EQ, 07-Jan-2025,95.82,97.25,99.23,96.72,98.69,98.16,97.94,148120,145.07,2490, 55256, 37.30,0.37304887928706454,2025-01-07
MUNJALSHOW, EQ, 07-Jan-2025,142.08,143.9,144.0,140.41,143.0,142.74,142.33,28136,40.05,1077, 14446, 51.34,0.5134347455217515,2025-01-07
MURUDCERA, EQ, 07-Jan-2025,48.51,49.0,51.05,48.03,50.2,50.56,49.84,55182,27.51,703, 32878, 59.58,0.5958102279728897,2025-01-07
MUTHOOTCAP, EQ, 07-Jan-2025,330.3,332.0,332.0,326.15,331.8,328.45,329.6,6651,21.92,517, 4166, 62.64,0.6263719741392272,2025-01-07
MUTHOOTFIN, EQ, 07-Jan-2025,2185.8,2200.0,2221.75,2184.75,2210.0,2209.15,2206.71,315147,6954.39,18227, 165250, 52.44,0.524358473981983,2025-01-07
MUTHOOTMF, EQ, 07-Jan-2025,175.3,177.05,178.44,174.19,175.3,174.49,175.64,99666,175.06,4777, 55127, 55.31,0.553117412156603,2025-01-07
MVGJL, EQ, 07-Jan-2025,276.75,281.0,304.95,275.8,300.0,299.85,293.81,1268202,3726.08,21277, 382889, 30.19,0.30191483691083915,2025-01-07
NACLIND, EQ, 07-Jan-2025,65.84,66.3,70.0,65.98,68.95,68.89,68.1,497616,338.88,2941, 304408, 61.17,0.6117327417124852,2025-01-07
NAGAFERT, EQ, 07-Jan-2025,8.96,9.05,9.46,9.05,9.25,9.18,9.27,991198,91.89,1727, 364848, 36.81,0.3680879097819003,2025-01-07
NAGREEKCAP, BE, 07-Jan-2025,36.6,36.0,37.33,36.0,37.33,37.33,36.57,3538,1.29,24, -, -,,2025-01-07
NAGREEKEXP, BE, 07-Jan-2025,36.06,35.16,37.76,35.16,37.76,36.93,36.78,6570,2.42,38, -, -,,2025-01-07
NAHARCAP, EQ, 07-Jan-2025,303.65,304.05,313.7,304.05,308.0,307.95,309.62,9326,28.88,859, 5519, 59.18,0.5917864036028307,2025-01-07
NAHARINDUS, EQ, 07-Jan-2025,135.76,134.2,138.8,134.2,138.74,137.54,137.96,43919,60.59,688, 35407, 80.62,0.8061886654978483,2025-01-07
NAHARPOLY, EQ, 07-Jan-2025,252.95,253.1,264.7,253.1,264.0,262.65,258.15,16702,43.12,873, 8833, 52.89,0.5288588193030774,2025-01-07
NAHARSPING, EQ, 07-Jan-2025,256.3,258.0,261.9,257.0,259.0,258.9,258.95,19917,51.58,1371, 12097, 60.74,0.6073705879399508,2025-01-07
NAM-INDIA, EQ, 07-Jan-2025,729.95,737.0,737.5,719.25,722.5,722.75,727.04,458492,3333.43,28222, 225508, 49.18,0.4918471859923401,2025-01-07
NARMADA, EQ, 07-Jan-2025,20.83,21.17,21.87,20.11,20.74,20.81,21.38,287917,61.55,843, 179076, 62.20,0.6219709152290417,2025-01-07
NATCOPHARM, EQ, 07-Jan-2025,1308.85,1318.0,1337.4,1316.5,1327.8,1326.35,1328.41,322675,4286.43,28931, 188910, 58.54,0.5854497559463857,2025-01-07
NATHBIOGEN, EQ, 07-Jan-2025,181.42,181.42,187.79,181.42,182.55,184.34,185.03,10088,18.67,478, 5381, 53.34,0.533406026962728,2025-01-07
NATIONALUM, EQ, 07-Jan-2025,200.08,201.49,207.55,201.0,205.06,205.87,205.43,11620363,23871.72,108827, 4398838, 37.85,0.3785456616114316,2025-01-07
NAUKRI, EQ, 07-Jan-2025,8815.75,8780.5,8814.0,8362.85,8424.95,8438.65,8480.77,557458,47276.75,95274, 236156, 42.36,0.42363012101360104,2025-01-07
NAVA, EQ, 07-Jan-2025,915.5,917.95,968.25,911.4,960.0,958.25,941.26,162342,1528.05,16023, 69522, 42.82,0.42824407731825404,2025-01-07
NAVINFLUOR, EQ, 07-Jan-2025,3346.9,3350.0,3507.2,3333.75,3480.0,3478.3,3450.84,292488,10093.28,34474, 116547, 39.85,0.39846762944120784,2025-01-07
NAVKARCORP, EQ, 07-Jan-2025,148.2,149.7,152.6,148.46,151.4,150.96,150.95,573109,865.1,10107, 204602, 35.70,0.3570036415411379,2025-01-07
NAVNETEDUL, EQ, 07-Jan-2025,138.38,140.2,140.84,137.71,139.1,139.93,139.4,60148,83.85,1533, 33522, 55.73,0.5573252643479417,2025-01-07
NAZARA, EQ, 07-Jan-2025,981.0,980.05,1018.0,980.05,1009.75,1012.15,1000.15,267218,2672.57,14966, 130587, 48.87,0.4886908816022873,2025-01-07
NBCC, EQ, 07-Jan-2025,87.85,88.19,90.5,88.1,89.23,89.28,89.38,5570304,4978.79,48014, 1800680, 32.33,0.3232642239992647,2025-01-07
NBIFIN, BE, 07-Jan-2025,3128.55,3128.55,3128.55,3122.0,3122.0,3122.0,3124.4,97,3.03,29, -, -,,2025-01-07
NCC, EQ, 07-Jan-2025,259.95,262.0,274.95,262.0,273.3,272.9,271.33,5305088,14394.08,52026, 1628416, 30.70,0.3069536264054432,2025-01-07
NCLIND, EQ, 07-Jan-2025,210.45,209.92,217.1,208.9,215.88,215.31,215.1,54718,117.7,3877, 24067, 43.98,0.43983698234584595,2025-01-07
NDGL, BE, 07-Jan-2025,4180.0,3973.0,4389.0,3973.0,4375.0,4375.0,4276.22,208,8.89,63, -, -,,2025-01-07
NDL, EQ, 07-Jan-2025,4.74,4.78,4.89,4.73,4.85,4.81,4.79,1917534,91.82,3358, 1180948, 61.59,0.6158680889100272,2025-01-07
NDLVENTURE, EQ, 07-Jan-2025,104.55,103.04,106.0,103.04,105.0,104.77,104.77,6037,6.32,259, 4288, 71.03,0.7102865661752527,2025-01-07
NDRAUTO, EQ, 07-Jan-2025,799.55,799.6,840.0,799.6,824.95,823.2,827.61,83612,691.98,5560, 42659, 51.02,0.5102018848969048,2025-01-07
NDTV, EQ, 07-Jan-2025,157.2,156.1,162.0,156.1,158.75,158.22,158.66,66828,106.03,1792, 34036, 50.93,0.5093074759083019,2025-01-07
NECCLTD, EQ, 07-Jan-2025,34.78,34.65,37.0,34.57,35.7,35.23,35.97,747168,268.77,3388, 215217, 28.80,0.2880436528330978,2025-01-07
NECLIFE, BE, 07-Jan-2025,39.39,38.6,39.75,38.6,39.5,39.5,39.13,1238719,484.65,301, -, -,,2025-01-07
NELCAST, EQ, 07-Jan-2025,117.82,119.5,122.01,117.82,119.0,118.77,119.77,36407,43.6,1123, 20682, 56.81,0.5680775675007553,2025-01-07
NELCO, EQ, 07-Jan-2025,1282.6,1288.0,1351.0,1286.5,1329.0,1330.4,1322.79,108918,1440.75,6838, 43882, 40.29,0.4028902477092859,2025-01-07
NEOGEN, EQ, 07-Jan-2025,2102.65,2082.4,2141.0,2082.1,2125.0,2124.05,2118.13,23492,497.59,6010, 9087, 38.68,0.386812531925762,2025-01-07
NESCO, EQ, 07-Jan-2025,993.1,1024.95,1048.95,1000.0,1031.25,1033.8,1028.51,233049,2396.94,23668, 48593, 20.85,0.20850979836858344,2025-01-07
NESTLEIND, EQ, 07-Jan-2025,2185.0,2190.2,2216.3,2179.9,2209.05,2212.65,2208.22,595819,13157.01,55659, 389611, 65.39,0.653908317794498,2025-01-07
NETF, EQ, 07-Jan-2025,257.65,259.97,259.97,253.4,258.72,254.07,255.99,4678,11.98,225, 3297, 70.48,0.7047883710987601,2025-01-07
NETWEB, EQ, 07-Jan-2025,2742.15,2756.0,2848.95,2750.05,2829.0,2830.3,2809.07,106759,2998.93,19172, 37882, 35.48,0.3548365945728229,2025-01-07
NETWORK18, EQ, 07-Jan-2025,68.95,69.49,70.25,68.52,69.0,68.99,69.16,3080407,2130.26,19110, 1391466, 45.17,0.45171498441602037,2025-01-07
NEULANDLAB, EQ, 07-Jan-2025,13617.45,13550.0,14388.0,13549.4,14300.0,14290.65,14094.95,25412,3581.81,9227, 7764, 30.55,0.30552494884306625,2025-01-07
NEWGEN, EQ, 07-Jan-2025,1644.0,1645.0,1689.0,1644.0,1680.0,1680.7,1667.58,138656,2312.2,14442, 54236, 39.12,0.39115508885298866,2025-01-07
NEXT50, EQ, 07-Jan-2025,683.78,692.99,696.5,679.8,681.67,681.04,683.05,19995,136.58,1550, 15036, 75.20,0.7519879969992498,2025-01-07
NEXT50IETF, EQ, 07-Jan-2025,70.22,72.35,72.35,69.55,69.8,69.84,70.04,814425,570.41,7255, 414105, 50.85,0.5084630260613316,2025-01-07
NEXTMEDIA, BE, 07-Jan-2025,8.06,8.06,8.46,7.85,7.92,7.97,8.12,35640,2.89,79, -, -,,2025-01-07
NFL, EQ, 07-Jan-2025,112.97,113.79,120.3,113.04,117.74,117.87,117.16,3859033,4521.21,36290, 623844, 16.17,0.1616581148697096,2025-01-07
NGIL, EQ, 07-Jan-2025,41.39,42.51,43.5,41.39,41.58,41.54,42.0,166551,69.95,764, 5845, 3.51,0.035094355482704995,2025-01-07
NGLFINE, EQ, 07-Jan-2025,1747.05,1762.5,1790.75,1732.85,1753.2,1752.2,1758.2,2419,42.53,617, 1359, 56.18,0.5618023976849938,2025-01-07
NH, EQ, 07-Jan-2025,1311.55,1318.0,1367.55,1309.0,1353.0,1351.3,1350.62,703099,9496.22,46843, 311803, 44.35,0.4434695540741773,2025-01-07
NHPC, EQ, 07-Jan-2025,79.27,79.44,80.27,78.65,79.35,79.19,79.35,14031288,11133.44,66871, 5738681, 40.90,0.4089917475858239,2025-01-07
NIACL, EQ, 07-Jan-2025,194.44,195.8,200.79,188.5,197.79,197.95,198.0,1396905,2765.89,28366, 217441, 15.57,0.15565911783550063,2025-01-07
NIBL, BE, 07-Jan-2025,24.04,24.48,24.48,23.05,24.44,24.34,24.19,2817,0.68,72, -, -,,2025-01-07
NIF100BEES, EQ, 07-Jan-2025,256.92,256.14,258.57,256.14,257.99,257.28,257.45,17423,44.86,527, 8130, 46.66,0.46662457670894797,2025-01-07
NIF100IETF, EQ, 07-Jan-2025,27.07,27.9,27.9,26.91,27.06,27.05,27.05,125157,33.85,1546, 62510, 49.95,0.4994526874245947,2025-01-07
NIF10GETF, EQ, 07-Jan-2025,24.45,24.5,24.55,24.49,24.55,24.54,24.54,3382,0.83,23, 3224, 95.33,0.9532820816085157,2025-01-07
NIF5GETF, EQ, 07-Jan-2025,59.15,59.23,59.47,59.22,59.25,59.25,59.3,525,0.31,14, 385, 73.33,0.7333333333333333,2025-01-07
NIFITETF, EQ, 07-Jan-2025,444.0,442.68,442.68,437.68,441.23,439.12,441.08,208,0.92,13, 123, 59.13,0.5913461538461539,2025-01-07
NIFMID150, EQ, 07-Jan-2025,209.66,209.66,214.03,209.66,211.65,212.03,211.71,448,0.95,48, 330, 73.66,0.7366071428571429,2025-01-07
NIFTY1, EQ, 07-Jan-2025,258.6,258.6,261.5,257.31,258.49,258.44,258.67,41087,106.28,1083, 30158, 73.40,0.7340034560809988,2025-01-07
NIFTY50ADD, EQ, 07-Jan-2025,244.5,244.5,246.17,244.01,245.06,244.91,245.03,33832,82.9,417, 26672, 78.84,0.7883660439820288,2025-01-07
NIFTYBEES, EQ, 07-Jan-2025,264.48,266.25,266.25,263.71,265.69,265.16,265.33,3881642,10299.02,40039, 2718434, 70.03,0.700330942420759,2025-01-07
NIFTYBETF, EQ, 07-Jan-2025,238.98,239.49,240.2,238.29,239.63,239.66,239.69,21938,52.58,100, 10202, 46.50,0.4650378338955237,2025-01-07
NIFTYETF, EQ, 07-Jan-2025,252.2,253.06,253.96,252.39,252.58,253.12,253.29,225418,570.97,1529, 219399, 97.33,0.9732984943527137,2025-01-07
NIFTYIETF, EQ, 07-Jan-2025,263.11,271.0,271.0,262.82,263.51,263.7,263.93,221939,585.77,6048, 117954, 53.15,0.5314703589725105,2025-01-07
NIFTYQLITY, EQ, 07-Jan-2025,21.26,21.67,21.67,21.2,21.5,21.29,21.28,33737,7.18,576, 25650, 76.03,0.7602928535435871,2025-01-07
NIITLTD, EQ, 07-Jan-2025,183.8,186.04,192.9,184.8,191.5,191.43,189.28,860725,1629.16,9360, 249648, 29.00,0.29004385837520696,2025-01-07
NIITMTS, EQ, 07-Jan-2025,440.05,444.25,457.2,440.0,454.25,452.3,448.26,51349,230.18,3823, 22136, 43.11,0.43108921303238623,2025-01-07
NILAINFRA, EQ, 07-Jan-2025,13.59,13.4,14.4,13.4,14.38,14.16,13.99,3021155,422.63,4052, 1009044, 33.40,0.3339927941466095,2025-01-07
NILASPACES, BE, 07-Jan-2025,17.56,17.22,17.91,17.22,17.91,17.91,17.8,399299,71.06,438, -, -,,2025-01-07
NILKAMAL, EQ, 07-Jan-2025,1917.2,1906.1,1925.0,1901.75,1902.05,1905.7,1910.35,1890,36.11,552, 1416, 74.92,0.7492063492063492,2025-01-07
NINSYS, EQ, 07-Jan-2025,528.3,530.55,533.05,522.05,528.85,529.65,528.91,6011,31.79,905, 3254, 54.13,0.5413408750623856,2025-01-07
NIPPOBATRY, EQ, 07-Jan-2025,548.85,558.7,565.75,550.7,552.1,552.75,557.68,4232,23.6,389, 2317, 54.75,0.5474952741020794,2025-01-07
NIRAJ, BE, 07-Jan-2025,67.7,66.55,67.0,66.34,66.34,66.34,66.73,36130,24.11,77, -, -,,2025-01-07
NITCO, BE, 07-Jan-2025,126.81,126.05,133.15,122.0,132.0,132.45,128.01,113385,145.14,595, -, -,,2025-01-07
NITINSPIN, EQ, 07-Jan-2025,405.1,410.95,419.95,405.25,415.45,414.9,414.24,81543,337.78,2641, 30863, 37.85,0.37848742381320283,2025-01-07
NITIRAJ, EQ, 07-Jan-2025,226.86,228.74,231.73,222.4,231.0,229.62,225.69,3054,6.89,146, 1992, 65.23,0.6522593320235757,2025-01-07
NIVABUPA, EQ, 07-Jan-2025,78.91,79.31,81.31,79.31,80.69,80.42,80.41,1339661,1077.19,12273, 447922, 33.44,0.33435473601157306,2025-01-07
NKIND, BE, 07-Jan-2025,67.25,64.05,70.61,64.05,68.5,70.42,67.58,2935,1.98,34, -, -,,2025-01-07
NLCINDIA, EQ, 07-Jan-2025,228.29,229.58,235.38,228.9,233.5,234.55,233.04,832052,1939.0,21429, 261935, 31.48,0.31480604577598514,2025-01-07
NMDC, EQ, 07-Jan-2025,64.9,65.0,66.45,64.01,65.62,65.97,65.59,38761765,25423.63,74386, 12921945, 33.34,0.3333683334595316,2025-01-07
NOCIL, EQ, 07-Jan-2025,237.95,239.7,251.5,239.38,251.5,247.29,244.04,282154,688.57,8767, 127965, 45.35,0.4535289239209793,2025-01-07
NOIDATOLL, BE, 07-Jan-2025,11.05,10.49,10.49,10.49,10.49,10.49,10.49,62309,6.54,169, -, -,,2025-01-07
NORBTEAEXP, BE, 07-Jan-2025,26.46,26.98,26.98,26.98,26.98,26.98,26.98,6817,1.84,45, -, -,,2025-01-07
NORTHARC, EQ, 07-Jan-2025,219.37,219.53,228.0,217.71,224.92,225.55,221.68,307630,681.97,11410, 150871, 49.04,0.4904300620875727,2025-01-07
NOVAAGRI, EQ, 07-Jan-2025,59.58,59.9,61.58,59.87,61.23,60.96,60.85,181572,110.48,3064, 72074, 39.69,0.3969444628026348,2025-01-07
NPBET, EQ, 07-Jan-2025,257.96,254.71,257.96,252.5,253.13,253.23,253.4,3241,8.21,82, 3173, 97.90,0.9790188213514347,2025-01-07
NRAIL, EQ, 07-Jan-2025,349.95,349.95,364.5,347.75,350.95,349.3,351.66,3672,12.91,402, 2104, 57.30,0.5729847494553377,2025-01-07
NRBBEARING, EQ, 07-Jan-2025,276.15,277.6,282.95,275.05,276.8,275.85,277.8,127760,354.92,7915, 65297, 51.11,0.5110911083281152,2025-01-07
NRL, BE, 07-Jan-2025,101.45,99.21,103.99,99.21,102.48,102.52,101.61,35417,35.99,301, -, -,,2025-01-07
NSIL, EQ, 07-Jan-2025,7595.75,7629.9,7872.0,7615.0,7739.0,7738.1,7761.39,20041,1555.46,5833, 6567, 32.77,0.3276782595678858,2025-01-07
NSLNISP, EQ, 07-Jan-2025,42.13,42.13,43.16,41.81,42.6,42.81,42.41,2532543,1074.16,14929, 931925, 36.80,0.3679799316339347,2025-01-07
NTPC, EQ, 07-Jan-2025,327.5,327.0,330.35,325.1,327.7,328.6,327.99,13891401,45561.91,356573, 8729790, 62.84,0.628431214389391,2025-01-07
NTPCGREEN, EQ, 07-Jan-2025,124.26,124.65,125.49,122.1,124.25,123.93,124.3,12297678,15286.07,75732, 3684538, 29.96,0.29961249595248796,2025-01-07
NUCLEUS, EQ, 07-Jan-2025,1095.35,1109.45,1124.3,1089.1,1115.0,1106.25,1105.77,19570,216.4,2494, 8268, 42.25,0.4224833929483904,2025-01-07
NURECA, EQ, 07-Jan-2025,335.8,333.65,333.65,311.2,315.25,315.3,321.64,119336,383.83,4818, 46819, 39.23,0.39232922169337,2025-01-07
NUVAMA, EQ, 07-Jan-2025,6804.45,6825.0,6913.0,6818.0,6890.0,6892.75,6871.15,41798,2872.0,8498, 17592, 42.09,0.4208813818843007,2025-01-07
NUVOCO, EQ, 07-Jan-2025,349.75,355.05,362.0,351.1,355.65,355.2,355.87,286422,1019.3,16536, 56716, 19.80,0.19801551556793823,2025-01-07
NV20, EQ, 07-Jan-2025,155.26,152.51,156.5,152.51,154.54,154.08,154.48,15402,23.79,294, 12237, 79.45,0.7945072068562524,2025-01-07
NV20BEES, EQ, 07-Jan-2025,154.59,155.95,158.0,153.92,154.62,154.22,155.26,6766,10.51,300, 4144, 61.25,0.6124741353827964,2025-01-07
NV20IETF, EQ, 07-Jan-2025,15.06,15.3,15.3,14.6,15.06,15.06,15.08,311343,46.96,3134, 151574, 48.68,0.486839273727047,2025-01-07
NYKAA, EQ, 07-Jan-2025,171.52,171.07,174.69,170.47,171.89,172.31,172.89,8688720,15022.01,58800, 3860430, 44.43,0.44430364886887824,2025-01-07
OAL, EQ, 07-Jan-2025,410.15,416.0,430.05,408.0,420.0,419.35,417.87,46799,195.56,2252, 12498, 26.71,0.267056988397188,2025-01-07
OBCL, EQ, 07-Jan-2025,56.83,56.92,57.1,56.75,57.1,56.91,56.76,24684,14.01,72, 23606, 95.63,0.9563279857397504,2025-01-07
OBEROIRLTY, EQ, 07-Jan-2025,2209.45,2220.0,2287.75,2211.0,2265.0,2268.4,2254.33,779322,17568.47,84868, 421019, 54.02,0.5402375398102454,2025-01-07
OCCL, EQ, 07-Jan-2025,226.51,227.28,235.0,225.7,234.99,234.28,231.1,12645,29.22,844, 6761, 53.47,0.5346777382364571,2025-01-07
OCCLLTD, EQ, 07-Jan-2025,102.0,102.3,107.5,102.3,105.62,106.85,105.58,382479,403.82,5095, 188349, 49.24,0.49244272234554054,2025-01-07
ODIGMA, BE, 07-Jan-2025,68.4,67.0,67.88,64.98,66.34,65.69,65.89,164323,108.28,3330, -, -,,2025-01-07
OFSS, EQ, 07-Jan-2025,12001.15,12031.8,12220.0,12031.8,12139.0,12146.85,12157.32,56206,6833.14,15421, 20567, 36.59,0.3659217877094972,2025-01-07
OIL, EQ, 07-Jan-2025,457.7,460.0,478.65,460.0,474.0,474.35,472.93,5339442,25252.06,86103, 1129192, 21.15,0.21148127463506486,2025-01-07
OILCOUNTUB, BE, 07-Jan-2025,71.34,71.34,71.34,69.92,70.0,70.0,70.57,11638,8.21,65, -, -,,2025-01-07
OILIETF, EQ, 07-Jan-2025,10.77,10.88,11.0,10.82,10.98,10.93,10.94,676442,74.0,6184, 346924, 51.29,0.5128658480697532,2025-01-07
OLAELEC, EQ, 07-Jan-2025,77.95,78.9,81.18,78.55,79.0,79.16,79.62,30769069,24497.54,110708, 6315191, 20.52,0.2052447865744654,2025-01-07
OLECTRA, EQ, 07-Jan-2025,1412.65,1415.0,1454.0,1411.0,1437.15,1438.45,1436.24,243732,3500.59,22813, 88720, 36.40,0.3640063676497136,2025-01-07
OMAXAUTO, EQ, 07-Jan-2025,115.05,115.39,118.0,114.61,115.6,116.39,116.17,4574,5.31,162, 2414, 52.78,0.5277656318320945,2025-01-07
OMAXE, EQ, 07-Jan-2025,101.05,102.05,104.21,100.56,101.0,101.21,102.23,108402,110.82,1270, 70554, 65.09,0.6508551502739802,2025-01-07
OMINFRAL, EQ, 07-Jan-2025,158.69,161.05,167.9,160.04,165.3,164.67,164.85,184508,304.16,3579, 60936, 33.03,0.3302621024562621,2025-01-07
OMKARCHEM, BZ, 07-Jan-2025,9.13,9.13,9.58,9.13,9.41,9.52,9.46,99655,9.42,137, -, -,,2025-01-07
ONELIFECAP, EQ, 07-Jan-2025,15.58,16.0,16.0,15.22,15.22,15.25,15.49,9369,1.45,132, 7730, 82.51,0.8250613726118049,2025-01-07
ONEPOINT, EQ, 07-Jan-2025,51.29,51.5,60.7,51.0,58.2,58.75,57.57,4820625,2775.11,17322, 2044742, 42.42,0.42416533125891354,2025-01-07
ONGC, EQ, 07-Jan-2025,254.36,259.15,267.4,258.05,264.0,263.49,264.76,52956766,140207.87,352170, 21968356, 41.48,0.41483567935398474,2025-01-07
ONMOBILE, EQ, 07-Jan-2025,68.73,68.8,72.45,68.31,71.0,70.93,70.36,573775,403.7,3232, 142005, 24.75,0.2474924839876258,2025-01-07
ONWARDTEC, EQ, 07-Jan-2025,321.15,322.05,340.3,322.05,330.25,334.8,328.52,42988,141.22,2671, 20033, 46.60,0.46601377128500976,2025-01-07
OPTIEMUS, EQ, 07-Jan-2025,737.05,751.0,764.3,730.8,739.4,736.9,744.17,219318,1632.09,5991, 143023, 65.21,0.6521261364776261,2025-01-07
ORBTEXP, BE, 07-Jan-2025,215.12,217.1,225.0,211.05,224.9,224.08,219.18,15144,33.19,293, -, -,,2025-01-07
ORCHPHARMA, EQ, 07-Jan-2025,1868.45,1831.1,1900.0,1831.1,1893.0,1879.8,1882.6,80248,1510.75,19343, 34795, 43.36,0.4335933605821952,2025-01-07
ORICONENT, EQ, 07-Jan-2025,38.63,38.63,41.5,38.5,40.1,40.15,40.28,1413205,569.26,6241, 573229, 40.56,0.4056233879727287,2025-01-07
ORIENTALTL, EQ, 07-Jan-2025,9.79,9.85,10.15,9.55,9.76,9.84,9.75,193962,18.92,364, 58448, 30.13,0.30133737536218436,2025-01-07
ORIENTBELL, EQ, 07-Jan-2025,319.9,319.85,327.0,317.0,325.0,322.7,322.56,11766,37.95,399, 7644, 64.97,0.6496685364609893,2025-01-07
ORIENTCEM, EQ, 07-Jan-2025,342.55,342.1,344.8,339.5,342.0,341.7,342.02,517738,1770.76,8006, 357285, 69.01,0.6900884231020323,2025-01-07
ORIENTCER, EQ, 07-Jan-2025,47.83,49.38,49.99,48.02,49.35,49.53,49.18,42640,20.97,974, 20406, 47.86,0.47856472795497185,2025-01-07
ORIENTELEC, EQ, 07-Jan-2025,232.7,230.05,239.8,229.74,239.05,238.11,236.42,116501,275.44,5888, 50713, 43.53,0.4353009845409052,2025-01-07
ORIENTHOT, EQ, 07-Jan-2025,169.64,169.64,173.89,168.81,171.35,171.8,171.3,86347,147.91,2437, 35815, 41.48,0.4147798997069962,2025-01-07
ORIENTLTD, BE, 07-Jan-2025,111.01,106.55,112.85,106.35,108.02,108.44,108.17,10579,11.44,186, -, -,,2025-01-07
ORIENTPPR, EQ, 07-Jan-2025,35.12,35.31,35.75,34.9,35.0,34.97,35.2,656215,231.02,3640, 292337, 44.55,0.44548966421066266,2025-01-07
ORIENTTECH, EQ, 07-Jan-2025,537.45,544.45,591.15,530.35,591.15,591.15,569.01,1694524,9642.02,32982, 511754, 30.20,0.30200457473603204,2025-01-07
ORISSAMINE, EQ, 07-Jan-2025,7077.45,7095.0,7148.2,6852.05,7055.0,6960.55,7005.63,7560,529.63,1619, 4364, 57.72,0.5772486772486772,2025-01-07
ORTINGLOBE, EQ, 07-Jan-2025,17.38,17.38,18.25,17.31,17.56,17.42,17.49,10385,1.82,155, 8137, 78.35,0.7835339431872893,2025-01-07
OSIAHYPER, BE, 07-Jan-2025,30.0,30.6,30.6,30.6,30.6,30.6,30.6,90956,27.83,193, -, -,,2025-01-07
OSWALAGRO, EQ, 07-Jan-2025,64.23,64.23,67.44,64.12,67.44,67.42,66.56,48416,32.22,437, 35789, 73.92,0.7391977858559154,2025-01-07
OSWALGREEN, EQ, 07-Jan-2025,45.7,45.56,49.9,45.56,49.59,49.53,48.42,981800,475.4,7013, 301812, 30.74,0.30740680382970054,2025-01-07
OSWALSEEDS, BE, 07-Jan-2025,19.11,19.0,19.65,18.62,19.0,19.05,19.04,39952,7.61,310, -, -,,2025-01-07
PAGEIND, EQ, 07-Jan-2025,47999.9,47956.0,49254.7,47956.0,48759.05,48813.65,48905.33,43413,21231.27,22449, 26810, 61.76,0.6175569529864327,2025-01-07
PAISALO, EQ, 07-Jan-2025,45.36,45.58,46.52,44.68,45.5,45.5,45.43,1991267,904.66,8361, 1009378, 50.69,0.5069023892828034,2025-01-07
PAKKA, EQ, 07-Jan-2025,309.9,309.9,317.0,309.9,310.8,311.0,313.06,58584,183.4,1684, 28122, 48.00,0.4800286767718148,2025-01-07
PALASHSECU, EQ, 07-Jan-2025,154.58,155.3,158.99,154.51,157.5,156.58,156.39,4124,6.45,311, 2489, 60.35,0.6035402521823472,2025-01-07
PALREDTEC, BE, 07-Jan-2025,77.97,79.7,79.7,75.0,75.0,75.73,76.1,17078,13.0,542, -, -,,2025-01-07
PANACEABIO, EQ, 07-Jan-2025,444.65,445.15,457.0,445.15,449.5,448.7,450.63,142836,643.66,3016, 95245, 66.68,0.6668136884258871,2025-01-07
PANACHE, BE, 07-Jan-2025,267.4,267.4,272.7,267.4,272.7,272.7,269.67,2535,6.84,47, -, -,,2025-01-07
PANAMAPET, EQ, 07-Jan-2025,362.55,364.4,366.05,357.15,359.2,358.85,360.63,33418,120.51,1349, 19069, 57.06,0.5706206236160153,2025-01-07
PANSARI, EQ, 07-Jan-2025,189.03,188.02,188.04,182.61,188.04,187.7,185.9,1192,2.22,47, 740, 62.08,0.6208053691275168,2025-01-07
PAR, EQ, 07-Jan-2025,202.09,206.5,208.05,201.02,206.16,206.03,204.31,46085,94.16,1635, 19208, 41.68,0.4167950526201584,2025-01-07
PARACABLES, EQ, 07-Jan-2025,80.69,81.11,85.5,80.84,84.6,84.8,83.3,2925158,2436.65,11167, 1097798, 37.53,0.37529528319495903,2025-01-07
PARADEEP, EQ, 07-Jan-2025,120.28,121.75,128.29,119.2,123.22,123.16,124.79,13794026,17213.26,85676, 3438512, 24.93,0.24927544721171324,2025-01-07
PARAGMILK, EQ, 07-Jan-2025,178.45,179.0,182.63,178.52,181.97,181.75,180.65,389067,702.86,10411, 169603, 43.59,0.4359223475648153,2025-01-07
PARAS, EQ, 07-Jan-2025,969.2,969.2,1066.1,969.0,1066.1,1066.1,1046.77,489510,5124.05,18924, 154127, 31.49,0.31485975771690056,2025-01-07
PARASPETRO, EQ, 07-Jan-2025,3.12,3.14,3.25,3.05,3.14,3.11,3.14,191895,6.03,655, 130151, 67.82,0.6782407045519685,2025-01-07
PARKHOTELS, EQ, 07-Jan-2025,190.16,192.28,200.0,189.5,195.01,195.14,193.65,1392839,2697.21,11316, 756804, 54.34,0.5433535390666114,2025-01-07
PARSVNATH, BE, 07-Jan-2025,23.1,22.63,22.63,22.63,22.63,22.63,22.63,74932,16.96,56, -, -,,2025-01-07
PASUPTAC, BE, 07-Jan-2025,43.48,43.5,44.34,43.5,44.34,44.34,43.98,56397,24.8,68, -, -,,2025-01-07
PATANJALI, EQ, 07-Jan-2025,1857.35,1852.15,1885.0,1843.0,1869.1,1865.55,1863.78,329025,6132.3,17868, 220164, 66.91,0.6691406428082972,2025-01-07
PATELENG, EQ, 07-Jan-2025,49.64,50.0,50.75,49.37,50.4,50.34,50.23,3065691,1540.01,15577, 1251788, 40.83,0.4083216475502586,2025-01-07
PATINTLOG, EQ, 07-Jan-2025,21.1,21.24,21.64,21.13,21.31,21.37,21.41,196074,41.97,1068, 94142, 48.01,0.48013505105215376,2025-01-07
PAVNAIND, BE, 07-Jan-2025,470.55,469.2,469.2,450.0,458.8,457.2,455.17,4799,21.84,159, -, -,,2025-01-07
PAYTM, EQ, 07-Jan-2025,969.05,972.0,995.85,972.0,982.0,983.2,985.54,2776232,27360.8,80676, 456268, 16.43,0.16434793633961428,2025-01-07
PCBL, EQ, 07-Jan-2025,432.6,435.8,452.2,435.0,439.75,437.85,442.72,3282549,14532.57,63290, 1594243, 48.57,0.48567226262273616,2025-01-07
PCJEWELLER, EQ, 07-Jan-2025,14.54,14.56,15.26,13.81,15.26,15.25,15.07,22042954,3321.54,33730, 11654896, 52.87,0.5287356676423677,2025-01-07
PDMJEPAPER, EQ, 07-Jan-2025,173.97,176.99,183.39,174.05,182.0,181.95,179.72,457472,822.15,8581, 157294, 34.38,0.343833065193061,2025-01-07
PDSL, EQ, 07-Jan-2025,582.4,586.0,598.95,582.8,595.75,594.95,591.35,57971,342.81,3759, 27980, 48.27,0.4826551206637802,2025-01-07
PEARLPOLY, EQ, 07-Jan-2025,37.22,37.22,39.29,36.82,38.18,38.17,38.33,67917,26.03,781, 32358, 47.64,0.4764344714872565,2025-01-07
PEL, EQ, 07-Jan-2025,1047.1,1043.1,1065.05,1043.1,1060.0,1060.2,1056.77,288008,3043.59,18072, 118285, 41.07,0.41070039721118856,2025-01-07
PENIND, EQ, 07-Jan-2025,192.85,192.99,194.0,190.1,190.6,190.83,191.82,490202,940.3,12090, 195434, 39.87,0.39868054393902924,2025-01-07
PENINLAND, EQ, 07-Jan-2025,42.66,42.99,44.51,42.97,44.25,44.01,43.81,279583,122.47,1970, 129146, 46.19,0.4619236505796132,2025-01-07
PERSISTENT, EQ, 07-Jan-2025,6311.15,6319.95,6404.4,6300.0,6330.0,6334.3,6343.97,367951,23342.71,47635, 251668, 68.40,0.6839715070756704,2025-01-07
PETRONET, EQ, 07-Jan-2025,328.4,327.9,333.25,327.0,330.7,330.45,331.45,4824993,15992.34,59161, 3306036, 68.52,0.6851898023478998,2025-01-07
PFC, EQ, 07-Jan-2025,446.5,448.85,451.8,442.6,445.9,446.3,446.48,4817004,21507.06,80312, 2398437, 49.79,0.4979105269582504,2025-01-07
PFIZER, EQ, 07-Jan-2025,5128.7,5133.0,5496.95,5091.3,5350.0,5347.8,5363.69,117953,6326.64,29497, 22023, 18.67,0.1867099607470772,2025-01-07
PFOCUS, EQ, 07-Jan-2025,130.65,129.84,134.99,128.61,134.99,134.76,132.86,24671,32.78,588, 9230, 37.41,0.3741234647967249,2025-01-07
PFS, EQ, 07-Jan-2025,41.04,41.3,41.99,40.85,41.43,41.51,41.34,515658,213.15,3475, 232445, 45.08,0.45077357473364127,2025-01-07
PGEL, EQ, 07-Jan-2025,996.4,1008.0,1020.0,972.3,980.1,979.75,993.59,1520881,15111.29,60971, 886608, 58.30,0.5829568519825022,2025-01-07
PGHH, EQ, 07-Jan-2025,14653.25,14730.0,14730.0,14405.55,14520.0,14492.3,14506.54,5482,795.25,2264, 2832, 51.66,0.5165997811017876,2025-01-07
PGHL, EQ, 07-Jan-2025,5081.7,5007.0,5145.0,5000.1,5115.0,5119.05,5081.35,4964,252.24,1807, 2807, 56.55,0.5654713940370669,2025-01-07
PGIL, EQ, 07-Jan-2025,1526.3,1538.85,1605.95,1530.55,1566.8,1565.4,1567.42,144719,2268.36,11363, 60661, 41.92,0.41916403513014877,2025-01-07
PHARMABEES, EQ, 07-Jan-2025,23.57,23.6,23.82,23.58,23.64,23.62,23.73,4115226,976.4,12680, 2459460, 59.76,0.597648829007204,2025-01-07
PHOENIXLTD, EQ, 07-Jan-2025,1547.6,1545.75,1584.9,1536.55,1571.1,1573.2,1564.21,416162,6509.67,50223, 228753, 54.97,0.5496729638938682,2025-01-07
PIDILITIND, EQ, 07-Jan-2025,2894.75,2894.7,2964.4,2894.7,2927.55,2927.6,2929.03,369474,10821.99,26730, 222656, 60.26,0.6026296843620932,2025-01-07
PIGL, BE, 07-Jan-2025,343.1,344.0,360.25,344.0,360.25,360.25,354.3,30295,107.34,521, -, -,,2025-01-07
PIIND, EQ, 07-Jan-2025,3600.2,3623.9,3635.0,3585.95,3595.0,3592.85,3599.21,417142,15013.83,31632, 318012, 76.24,0.7623591007378783,2025-01-07
PILANIINVS, EQ, 07-Jan-2025,5203.05,5194.95,5272.65,5180.1,5255.0,5224.8,5233.49,4526,236.87,1311, 1526, 33.72,0.33716305788775963,2025-01-07
PILITA, EQ, 07-Jan-2025,13.63,13.61,14.0,13.53,14.0,13.84,13.79,75267,10.38,407, 38898, 51.68,0.5168001913189046,2025-01-07
PIONEEREMB, BE, 07-Jan-2025,54.45,54.0,55.99,52.0,54.74,54.56,53.94,25324,13.66,141, -, -,,2025-01-07
PITTIENG, EQ, 07-Jan-2025,1307.2,1309.0,1361.0,1281.4,1299.0,1293.2,1314.47,109177,1435.1,11762, 32378, 29.66,0.2965642946774504,2025-01-07
PIXTRANS, EQ, 07-Jan-2025,2409.05,2397.0,2549.0,2390.0,2505.0,2500.2,2483.55,36984,918.52,5497, 15940, 43.10,0.4309971879731776,2025-01-07
PKTEA, BE, 07-Jan-2025,699.95,734.0,734.0,664.95,723.55,723.55,690.56,492,3.4,47, -, -,,2025-01-07
PLASTIBLEN, EQ, 07-Jan-2025,235.38,244.99,244.99,235.35,240.5,240.09,238.98,10074,24.08,670, 4320, 42.88,0.4288266825491364,2025-01-07
PLATIND, EQ, 07-Jan-2025,413.85,414.95,425.6,414.05,422.0,420.15,419.67,189047,793.37,4320, 66441, 35.15,0.3514522843525684,2025-01-07
PLAZACABLE, EQ, 07-Jan-2025,74.8,76.68,76.89,74.81,76.5,76.43,75.77,25427,19.27,645, 14213, 55.90,0.5589727455067448,2025-01-07
PNB, EQ, 07-Jan-2025,101.74,102.0,104.59,102.0,102.96,103.11,103.6,21097404,21855.89,76027, 6425131, 30.45,0.30454604746631386,2025-01-07
PNBGILTS, EQ, 07-Jan-2025,110.53,110.54,113.41,110.15,110.29,110.38,111.33,193356,215.27,2709, 78197, 40.44,0.4044198266410145,2025-01-07
PNBHOUSING, EQ, 07-Jan-2025,897.15,897.0,903.05,880.0,885.0,885.6,893.25,735772,6572.27,37479, 397411, 54.01,0.5401279200621932,2025-01-07
PNC, EQ, 07-Jan-2025,55.86,55.8,56.75,52.35,53.0,52.9,53.72,100054,53.75,2008, 52404, 52.38,0.5237571711275911,2025-01-07
PNCINFRA, EQ, 07-Jan-2025,310.75,314.0,314.95,306.7,311.5,311.05,310.67,510724,1586.67,22305, 181842, 35.60,0.356047493362364,2025-01-07
PNGJL, EQ, 07-Jan-2025,668.0,675.45,695.1,667.15,689.0,690.75,685.41,370231,2537.61,13076, 159646, 43.12,0.4312064629920239,2025-01-07
POCL, EQ, 07-Jan-2025,850.55,854.0,875.65,845.25,867.0,868.25,865.14,41518,359.19,3256, 20525, 49.44,0.49436389036080736,2025-01-07
PODDARMENT, EQ, 07-Jan-2025,356.3,367.9,367.9,351.95,353.4,356.75,357.46,1041,3.72,193, 566, 54.37,0.5437079731027857,2025-01-07
POKARNA, EQ, 07-Jan-2025,1183.75,1200.2,1270.0,1199.6,1269.7,1259.25,1245.37,100370,1249.98,7094, 51094, 50.91,0.5090564909833616,2025-01-07
POLICYBZR, EQ, 07-Jan-2025,2120.0,2120.0,2152.45,2069.45,2076.9,2079.55,2119.02,1403657,29743.83,70309, 840754, 59.90,0.5989739658620304,2025-01-07
POLYCAB, EQ, 07-Jan-2025,6948.35,7009.9,7190.0,6968.9,7130.0,7162.85,7115.27,262756,18695.8,30733, 152997, 58.23,0.5822778547397586,2025-01-07
POLYMED, EQ, 07-Jan-2025,2826.2,2850.25,2866.0,2755.55,2835.7,2842.65,2809.91,104728,2942.77,18818, 27839, 26.58,0.26582193873653653,2025-01-07
POLYPLEX, EQ, 07-Jan-2025,1312.6,1313.5,1390.0,1313.5,1375.0,1380.8,1362.94,179424,2445.45,17746, 85119, 47.44,0.474401417870519,2025-01-07
PONNIERODE, EQ, 07-Jan-2025,393.55,395.0,404.4,393.0,395.7,397.0,398.21,9622,38.32,984, 5375, 55.86,0.5586156724173769,2025-01-07
POONAWALLA, EQ, 07-Jan-2025,313.3,314.0,319.5,312.6,317.3,316.6,316.5,4706192,14895.2,20904, 3717981, 79.00,0.7900189792511653,2025-01-07
POWERGRID, EQ, 07-Jan-2025,306.0,306.0,310.7,303.0,305.1,305.05,305.78,10137739,30999.32,120334, 5741652, 56.64,0.5663641567414588,2025-01-07
POWERINDIA, EQ, 07-Jan-2025,14766.65,14782.45,14950.0,14490.25,14580.0,14712.05,14744.97,35982,5305.53,12526, 17041, 47.36,0.47359791006614416,2025-01-07
POWERMECH, EQ, 07-Jan-2025,2736.6,2740.0,2875.0,2740.0,2855.9,2854.45,2828.43,52001,1470.81,12053, 17494, 33.64,0.33641660737293516,2025-01-07
PPAP, EQ, 07-Jan-2025,216.36,216.1,221.82,215.06,221.82,219.71,218.4,21809,47.63,1042, 12191, 55.90,0.5589894080425513,2025-01-07
PPL, EQ, 07-Jan-2025,477.8,481.8,488.95,475.8,486.95,485.85,483.71,57225,276.8,4063, 25472, 44.51,0.44512013979903886,2025-01-07
PPLPHARMA, EQ, 07-Jan-2025,247.65,248.1,253.35,248.1,250.95,250.5,251.25,2470327,6206.65,55786, 946984, 38.33,0.3833435816391919,2025-01-07
PRAENG, EQ, 07-Jan-2025,29.87,29.87,31.88,29.53,31.88,31.75,30.91,83314,25.75,675, 49313, 59.19,0.591893319250066,2025-01-07
PRAJIND, EQ, 07-Jan-2025,795.45,800.0,828.55,796.1,815.2,817.55,816.34,752693,6144.54,41458, 279080, 37.08,0.3707753360267732,2025-01-07
PRAKASH, EQ, 07-Jan-2025,152.09,153.4,155.2,152.65,153.8,153.66,154.04,309960,477.45,9327, 133213, 42.98,0.4297748096528584,2025-01-07
PRAKASHSTL, EQ, 07-Jan-2025,8.08,8.13,8.23,8.02,8.11,8.08,8.12,333755,27.09,1304, 226804, 67.96,0.6795523662566852,2025-01-07
PRAXIS, BE, 07-Jan-2025,20.79,21.82,21.82,20.3,21.82,21.82,21.75,278529,60.58,229, -, -,,2025-01-07
PRECAM, EQ, 07-Jan-2025,348.05,348.05,360.0,345.75,356.9,355.65,355.21,225291,800.27,6030, 82443, 36.59,0.36594005086754466,2025-01-07
PRECOT, BE, 07-Jan-2025,600.0,588.0,607.55,582.0,600.0,600.0,593.42,850,5.04,60, -, -,,2025-01-07
PRECWIRE, EQ, 07-Jan-2025,162.18,163.99,189.94,163.7,185.45,185.15,182.54,2190294,3998.08,50671, 429240, 19.60,0.19597369120309877,2025-01-07
PREMEXPLN, EQ, 07-Jan-2025,503.3,509.95,519.0,505.35,514.5,511.5,512.85,176580,905.6,6241, 47289, 26.78,0.26780496092422695,2025-01-07
PREMIER, BE, 07-Jan-2025,3.83,3.86,3.86,3.63,3.86,3.84,3.76,15926,0.6,51, -, -,,2025-01-07
PREMIERENE, EQ, 07-Jan-2025,1274.75,1280.0,1311.0,1271.25,1308.0,1305.15,1294.74,1112019,14397.81,48541, 259539, 23.34,0.23339439344111926,2025-01-07
PREMIERPOL, BE, 07-Jan-2025,83.45,81.78,81.78,81.78,81.78,81.78,81.78,20865,17.06,168, -, -,,2025-01-07
PRESTIGE, EQ, 07-Jan-2025,1594.95,1590.0,1611.7,1575.0,1580.1,1583.45,1589.13,787790,12519.0,60144, 455711, 57.85,0.5784676119270364,2025-01-07
PRICOLLTD, EQ, 07-Jan-2025,547.6,542.65,563.7,542.5,558.5,556.3,552.53,374372,2068.53,27868, 180989, 48.34,0.48344694581859754,2025-01-07
PRIMESECU, EQ, 07-Jan-2025,283.5,284.95,288.45,280.95,281.45,283.35,284.42,32168,91.49,838, 22218, 69.07,0.6906863964188013,2025-01-07
PRINCEPIPE, EQ, 07-Jan-2025,407.9,407.05,417.5,403.6,404.7,404.9,408.11,151566,618.55,14100, 74680, 49.27,0.4927226422812504,2025-01-07
PRITI, EQ, 07-Jan-2025,136.25,137.5,141.0,137.0,139.02,139.53,139.46,27305,38.08,1027, 12862, 47.10,0.47104925837758654,2025-01-07
PRITIKAUTO, EQ, 07-Jan-2025,24.11,24.39,24.89,24.15,24.29,24.29,24.37,258006,62.87,1855, 135345, 52.46,0.5245808237017744,2025-01-07
PRIVISCL, EQ, 07-Jan-2025,1823.85,1825.0,1890.0,1815.2,1890.0,1872.95,1862.22,40289,750.27,4020, 25951, 64.41,0.6441212241554767,2025-01-07
PROZONER, EQ, 07-Jan-2025,36.21,37.3,37.9,36.05,37.55,37.66,37.15,1777522,660.4,5724, 983461, 55.33,0.5532764151442289,2025-01-07
PRSMJOHNSN, EQ, 07-Jan-2025,160.93,161.05,164.1,160.05,163.98,163.27,162.34,202940,329.46,8120, 75686, 37.29,0.3729476692618508,2025-01-07
PRUDENT, EQ, 07-Jan-2025,2629.1,2618.1,2745.5,2618.1,2725.8,2723.55,2712.37,32100,870.67,12263, 16057, 50.02,0.5002180685358255,2025-01-07
PRUDMOULI, BE, 07-Jan-2025,69.19,66.31,71.87,66.31,69.0,68.66,69.7,63922,44.55,128, -, -,,2025-01-07
PSB, EQ, 07-Jan-2025,47.02,47.24,47.76,46.76,47.38,47.32,47.37,443830,210.26,3979, 148178, 33.39,0.33386206430390014,2025-01-07
PSPPROJECT, EQ, 07-Jan-2025,666.65,666.65,687.7,660.0,685.0,685.2,674.57,134046,904.24,10232, 61560, 45.92,0.45924533369141934,2025-01-07
PSUBANK, EQ, 07-Jan-2025,632.99,641.99,646.1,634.01,639.9,638.07,638.62,5250,33.53,456, 3523, 67.10,0.671047619047619,2025-01-07
PSUBANKADD, EQ, 07-Jan-2025,63.56,63.56,64.64,63.07,64.64,64.06,64.26,1167574,750.26,135, 1163552, 99.66,0.9965552504594998,2025-01-07
PSUBNKBEES, EQ, 07-Jan-2025,70.58,71.3,71.69,70.59,70.9,70.92,71.13,5839768,4153.83,5816, 5162750, 88.41,0.8840676547424486,2025-01-07
PSUBNKIETF, EQ, 07-Jan-2025,64.33,66.25,66.25,64.19,64.6,64.5,64.53,134906,87.06,1037, 66295, 49.14,0.49141624538567596,2025-01-07
PTC, EQ, 07-Jan-2025,141.85,141.9,145.64,141.7,144.97,144.98,144.17,1945918,2805.44,44214, 996867, 51.23,0.5122862319994984,2025-01-07
PTCIL, EQ, 07-Jan-2025,15645.5,15750.0,17145.0,15680.15,16900.0,16925.0,16576.84,119561,19819.43,29644, 21712, 18.16,0.18159767817264827,2025-01-07
PTL, EQ, 07-Jan-2025,40.85,40.99,41.33,40.89,40.9,40.89,41.02,35689,14.64,580, 24652, 69.07,0.6907450474936255,2025-01-07
PUNJABCHEM, EQ, 07-Jan-2025,1002.85,1007.95,1025.2,984.1,1014.9,1007.85,1008.65,3578,36.09,801, 1695, 47.37,0.4737283398546674,2025-01-07
PURVA, EQ, 07-Jan-2025,363.6,364.0,388.3,362.75,387.0,382.85,377.05,88715,334.5,4279, 37634, 42.42,0.42421236543989177,2025-01-07
PVP, EQ, 07-Jan-2025,33.23,33.35,34.8,32.91,33.2,33.18,33.59,308181,103.51,2551, 145702, 47.28,0.47278060620219936,2025-01-07
PVRINOX, EQ, 07-Jan-2025,1250.7,1251.95,1253.85,1153.65,1207.6,1222.7,1199.29,3168224,37996.15,132982, 941162, 29.71,0.2970629601947337,2025-01-07
PVSL, EQ, 07-Jan-2025,156.58,154.25,157.87,154.25,156.8,156.58,156.44,23376,36.57,1146, 11698, 50.04,0.5004277891854894,2025-01-07
PVTBANIETF, EQ, 07-Jan-2025,24.59,24.73,24.81,24.58,24.75,24.69,24.72,536798,132.71,1261, 294593, 54.88,0.548796754086267,2025-01-07
PVTBANKADD, EQ, 07-Jan-2025,24.75,25.17,25.17,24.7,25.0,24.83,24.87,29816,7.42,167, 24998, 83.84,0.8384089079688758,2025-01-07
PYRAMID, EQ, 07-Jan-2025,195.69,198.65,201.5,195.45,199.6,199.16,198.05,64689,128.11,2215, 33482, 51.76,0.517584133314783,2025-01-07
QGOLDHALF, EQ, 07-Jan-2025,64.42,64.78,64.78,63.87,64.55,64.54,64.51,282978,182.56,414, 145269, 51.34,0.513357928884931,2025-01-07
QNIFTY, EQ, 07-Jan-2025,2552.75,2562.0,2570.97,2561.99,2562.0,2562.21,2566.44,1053,27.02,33, 546, 51.85,0.5185185185185185,2025-01-07
QUAL30IETF, EQ, 07-Jan-2025,21.05,21.16,21.19,21.03,21.07,21.06,21.1,27933,5.89,395, 15044, 53.86,0.5385744459957756,2025-01-07
QUESS, EQ, 07-Jan-2025,649.15,651.0,663.05,642.75,650.7,654.25,653.65,313644,2050.14,15909, 130111, 41.48,0.41483656629809595,2025-01-07
QUICKHEAL, EQ, 07-Jan-2025,632.7,625.1,638.0,623.0,625.0,628.15,628.77,45611,286.79,3407, 23074, 50.59,0.505886737848326,2025-01-07
RACE, EQ, 07-Jan-2025,345.3,345.8,357.95,343.0,350.0,352.3,348.33,18988,66.14,1028, 6805, 35.84,0.35838424267958713,2025-01-07
RACLGEAR, EQ, 07-Jan-2025,848.35,852.55,855.8,842.5,850.0,850.6,848.67,10439,88.59,1128, 8329, 79.79,0.7978733595171952,2025-01-07
RADAAN, BE, 07-Jan-2025,6.69,6.55,6.55,6.55,6.55,6.55,6.55,9601,0.63,115, -, -,,2025-01-07
RADHIKAJWE, EQ, 07-Jan-2025,98.54,98.54,103.46,98.5,103.46,103.46,102.71,299210,307.33,2006, 198441, 66.32,0.6632164700377661,2025-01-07
RADIANTCMS, EQ, 07-Jan-2025,75.54,76.39,76.4,75.0,75.65,75.59,75.69,48666,36.84,1090, 26981, 55.44,0.5544117042699215,2025-01-07
RADICO, EQ, 07-Jan-2025,2514.95,2514.85,2566.15,2491.0,2498.0,2496.1,2523.45,100180,2527.99,18210, 48455, 48.37,0.48367937712118186,2025-01-07
RADIOCITY, EQ, 07-Jan-2025,11.73,11.7,12.47,11.7,11.75,11.85,11.93,103279,12.32,673, 51413, 49.78,0.49780691137598154,2025-01-07
RAILTEL, EQ, 07-Jan-2025,395.7,398.0,405.0,396.45,402.5,399.7,400.31,988903,3958.67,21759, 241647, 24.44,0.244358647915923,2025-01-07
RAIN, EQ, 07-Jan-2025,167.35,168.0,171.3,167.27,171.0,170.69,170.01,687923,1169.53,12052, 228972, 33.28,0.3328453911266232,2025-01-07
RAINBOW, EQ, 07-Jan-2025,1588.2,1611.8,1642.15,1596.7,1636.0,1635.9,1625.3,197862,3215.85,24681, 93969, 47.49,0.47492191527428207,2025-01-07
RAJESHEXPO, EQ, 07-Jan-2025,223.02,224.1,227.78,222.31,227.0,227.08,225.54,370011,834.53,12031, 141596, 38.27,0.382680514903611,2025-01-07
RAJMET, EQ, 07-Jan-2025,8.52,8.56,8.7,8.45,8.51,8.55,8.57,468967,40.2,2481, 258984, 55.22,0.5522435480534877,2025-01-07
RAJRATAN, EQ, 07-Jan-2025,461.45,462.95,505.0,454.8,498.3,495.9,489.32,169607,829.92,6606, 43844, 25.85,0.2585034815780009,2025-01-07
RAJRILTD, BE, 07-Jan-2025,23.01,22.54,22.66,22.54,22.54,22.54,22.54,10890,2.45,73, -, -,,2025-01-07
RAJSREESUG, EQ, 07-Jan-2025,55.91,56.2,56.49,55.25,55.85,55.74,55.83,36969,20.64,559, 20274, 54.84,0.5484054207579323,2025-01-07
RAJTV, BE, 07-Jan-2025,75.46,75.46,76.5,75.46,76.5,76.5,75.81,34912,26.47,46, -, -,,2025-01-07
RALLIS, EQ, 07-Jan-2025,299.05,298.6,307.7,298.5,304.6,305.15,304.03,292935,890.61,19508, 114779, 39.18,0.3918241248058443,2025-01-07
RAMANEWS, EQ, 07-Jan-2025,17.44,17.57,18.15,17.57,18.0,18.01,17.85,36407,6.5,240, 17222, 47.30,0.47304089872826655,2025-01-07
RAMAPHO, EQ, 07-Jan-2025,200.35,201.85,206.96,196.25,205.0,205.23,202.12,12672,25.61,1203, 5108, 40.31,0.40309343434343436,2025-01-07
RAMASTEEL, EQ, 07-Jan-2025,11.67,11.74,12.1,11.7,11.98,11.99,11.98,7068342,846.6,13510, 2412516, 34.13,0.341312856678412,2025-01-07
RAMCOCEM, EQ, 07-Jan-2025,952.15,956.95,964.6,947.2,953.45,956.8,955.7,179910,1719.41,10147, 68520, 38.09,0.3808570952142738,2025-01-07
RAMCOIND, EQ, 07-Jan-2025,258.15,259.5,270.0,255.8,267.5,269.3,264.07,176961,467.29,6070, 78740, 44.50,0.4449567983906058,2025-01-07
RAMCOSYS, EQ, 07-Jan-2025,404.25,404.5,421.05,404.5,421.05,417.95,414.09,38901,161.08,1949, 20141, 51.78,0.5177501863705303,2025-01-07
RAMKY, EQ, 07-Jan-2025,617.65,617.0,641.0,617.0,636.2,639.8,635.84,76481,486.3,2230, 61250, 80.09,0.800852499313555,2025-01-07
RAMRAT, EQ, 07-Jan-2025,551.4,546.5,559.0,533.05,555.0,553.75,553.49,7651,42.35,754, 4847, 63.35,0.6335119592210169,2025-01-07
RANASUG, EQ, 07-Jan-2025,18.43,18.62,18.69,18.3,18.52,18.42,18.46,171948,31.75,986, 88824, 51.66,0.5165747784213832,2025-01-07
RANEENGINE, EQ, 07-Jan-2025,409.95,415.6,423.65,406.25,417.0,416.25,417.96,2415,10.09,266, 1580, 65.42,0.6542443064182195,2025-01-07
RANEHOLDIN, EQ, 07-Jan-2025,1704.55,1714.0,1745.0,1650.1,1731.0,1740.2,1704.78,8786,149.78,1613, 4235, 48.20,0.48201684498065106,2025-01-07
RATEGAIN, EQ, 07-Jan-2025,723.8,721.0,732.6,715.2,731.0,731.45,725.37,85331,618.96,14111, 48029, 56.29,0.5628552343228135,2025-01-07
RATNAMANI, EQ, 07-Jan-2025,3188.35,3175.0,3218.1,3144.1,3170.0,3180.3,3180.31,14781,470.08,5767, 6477, 43.82,0.4381976862187944,2025-01-07
RATNAVEER, EQ, 07-Jan-2025,181.7,183.0,186.52,181.83,185.32,183.85,183.84,169600,311.79,2551, 77853, 45.90,0.45903891509433964,2025-01-07
RAYMOND, EQ, 07-Jan-2025,1701.85,1703.95,1778.0,1696.15,1736.0,1751.5,1740.56,443039,7711.35,35007, 86002, 19.41,0.19411835075467396,2025-01-07
RAYMONDLSL, EQ, 07-Jan-2025,2007.9,2007.9,2043.85,2000.0,2019.8,2008.05,2015.41,57292,1154.67,6813, 22557, 39.37,0.3937198910842701,2025-01-07
RBA, EQ, 07-Jan-2025,83.74,84.28,85.3,82.4,83.01,82.91,83.87,1746910,1465.09,17746, 992886, 56.84,0.5683670023069305,2025-01-07
RBL, EQ, 07-Jan-2025,920.55,920.65,940.0,919.2,936.0,935.35,933.22,3125,29.16,628, 1569, 50.21,0.50208,2025-01-07
RBLBANK, EQ, 07-Jan-2025,166.79,166.78,169.23,164.5,165.0,166.02,167.27,7372574,12331.89,37614, 2220550, 30.12,0.30119060181695023,2025-01-07
RBZJEWEL, EQ, 07-Jan-2025,228.29,235.01,239.7,228.31,239.7,239.7,238.24,237329,565.42,1757, 125735, 52.98,0.5297919765388974,2025-01-07
RCF, EQ, 07-Jan-2025,168.21,169.0,184.4,169.0,180.62,180.97,179.17,9210166,16502.3,95051, 1274926, 13.84,0.1384259523661137,2025-01-07
RECLTD, EQ, 07-Jan-2025,512.55,516.0,520.75,507.15,515.0,515.45,514.59,4660352,23981.92,92135, 2069649, 44.41,0.4440971411601527,2025-01-07
REDINGTON, EQ, 07-Jan-2025,195.27,196.0,207.0,195.5,206.0,205.39,202.64,2095906,4247.21,40496, 952739, 45.46,0.45457143593271837,2025-01-07
REDTAPE, EQ, 07-Jan-2025,815.7,822.95,826.0,807.05,820.0,818.5,816.73,49608,405.16,4082, 21169, 42.67,0.4267255281406225,2025-01-07
REFEX, EQ, 07-Jan-2025,465.65,463.55,488.9,461.0,488.9,488.9,482.93,299524,1446.48,3102, 172835, 57.70,0.5770322244628143,2025-01-07
REGENCERAM, BE, 07-Jan-2025,51.49,52.51,52.51,52.51,52.51,52.51,52.51,117,0.06,2, -, -,,2025-01-07
RELAXO, EQ, 07-Jan-2025,617.9,617.95,626.8,617.0,620.55,624.45,622.08,37500,233.28,7159, 20409, 54.42,0.54424,2025-01-07
RELCHEMQ, EQ, 07-Jan-2025,206.89,207.0,212.23,206.07,210.0,210.02,209.73,3460,7.26,231, 2198, 63.53,0.6352601156069364,2025-01-07
RELIABLE, EQ, 07-Jan-2025,73.59,75.43,75.43,72.0,74.36,73.67,73.46,1855,1.36,164, 1360, 73.32,0.7331536388140162,2025-01-07
RELIANCE, EQ, 07-Jan-2025,1218.0,1222.0,1244.5,1221.25,1239.95,1240.85,1237.63,10070505,124635.98,216620, 6359466, 63.15,0.6314942497918427,2025-01-07
RELIGARE, EQ, 07-Jan-2025,277.95,280.85,283.9,278.1,283.45,283.35,281.74,516776,1455.94,11049, 277541, 53.71,0.5370624796817189,2025-01-07
RELINFRA, EQ, 07-Jan-2025,303.25,300.3,312.0,297.6,308.2,309.55,307.1,2266086,6959.12,17707, 1157687, 51.09,0.510875138895876,2025-01-07
RELTD, EQ, 07-Jan-2025,127.34,126.5,133.7,126.22,129.2,129.7,130.81,69751,91.24,1084, 37435, 53.67,0.5366948144112629,2025-01-07
REMSONSIND, EQ, 07-Jan-2025,137.67,136.95,139.14,132.66,136.8,136.93,135.09,84278,113.85,2830, 56782, 67.37,0.6737464106884359,2025-01-07
RENUKA, EQ, 07-Jan-2025,38.43,38.57,39.08,38.3,39.0,38.98,38.78,3211265,1245.46,16622, 897521, 27.95,0.27949141537680633,2025-01-07
REPCOHOME, EQ, 07-Jan-2025,414.15,416.4,424.0,413.8,418.0,417.15,417.58,111331,464.9,12406, 52871, 47.49,0.47489917453359803,2025-01-07
REPL, BE, 07-Jan-2025,327.0,310.65,343.0,310.65,328.0,326.9,322.33,142740,460.1,787, -, -,,2025-01-07
REPRO, EQ, 07-Jan-2025,548.1,548.1,588.4,544.1,548.0,549.4,550.18,2002,11.01,354, 1007, 50.30,0.502997002997003,2025-01-07
RESPONIND, EQ, 07-Jan-2025,256.22,258.8,266.6,256.81,264.25,260.46,260.62,1581586,4121.99,5744, 1264777, 79.97,0.7996890463117402,2025-01-07
RETAIL, EQ, 07-Jan-2025,40.65,40.43,42.5,39.5,40.9,40.25,40.34,11388,4.59,208, 7609, 66.82,0.6681594661046716,2025-01-07
RGL, EQ, 07-Jan-2025,165.46,164.86,175.41,162.26,171.0,170.68,169.44,579643,982.14,4800, 387015, 66.77,0.6676782088285376,2025-01-07
RHFL, BE, 07-Jan-2025,3.67,3.59,3.59,3.59,3.59,3.59,3.59,457601,16.43,1175, -, -,,2025-01-07
RHIM, EQ, 07-Jan-2025,497.75,492.5,499.45,485.1,489.0,489.2,489.41,460846,2255.42,30748, 321922, 69.85,0.698545718092378,2025-01-07
RHL, BE, 07-Jan-2025,263.0,263.0,270.0,259.2,266.0,264.0,263.92,2300,6.07,30, -, -,,2025-01-07
RICOAUTO, EQ, 07-Jan-2025,89.92,90.0,92.38,89.83,90.8,90.8,90.86,841072,764.2,10290, 297311, 35.35,0.3534905453992048,2025-01-07
RIIL, EQ, 07-Jan-2025,1086.5,1100.0,1174.0,1095.55,1132.9,1135.8,1135.68,444272,5045.52,26110, 52163, 11.74,0.11741230597471819,2025-01-07
RISHABH, EQ, 07-Jan-2025,326.7,331.0,335.0,327.3,331.0,331.45,331.24,18336,60.74,1377, 8760, 47.77,0.47774869109947643,2025-01-07
RITCO, EQ, 07-Jan-2025,384.4,385.0,404.9,381.0,390.1,392.8,394.09,80834,318.56,2636, 31681, 39.19,0.3919266645223545,2025-01-07
RITES, EQ, 07-Jan-2025,284.15,284.0,288.15,280.65,284.5,284.65,284.95,1266003,3607.48,24206, 265392, 20.96,0.209629835000391,2025-01-07
RKDL, BE, 07-Jan-2025,26.89,26.89,27.73,25.71,27.7,26.64,26.22,18705,4.9,229, -, -,,2025-01-07
RKEC, EQ, 07-Jan-2025,94.98,94.98,97.8,93.66,96.9,96.64,96.41,31387,30.26,618, 17925, 57.11,0.5710963137604741,2025-01-07
RKFORGE, EQ, 07-Jan-2025,905.85,908.45,922.7,906.05,916.25,913.45,912.47,152389,1390.5,8633, 81485, 53.47,0.5347170727545951,2025-01-07
RKSWAMY, EQ, 07-Jan-2025,257.95,260.0,263.9,255.3,262.5,261.95,260.97,99063,258.53,1401, 78560, 79.30,0.7930306976368574,2025-01-07
RML, EQ, 07-Jan-2025,865.3,850.0,876.8,850.0,873.0,867.3,867.15,3399,29.47,619, 2077, 61.11,0.6110620770814945,2025-01-07
ROHLTD, EQ, 07-Jan-2025,353.5,355.2,363.9,350.0,359.6,359.15,358.84,72226,259.17,2634, 30259, 41.89,0.41894885498297013,2025-01-07
ROLEXRINGS, EQ, 07-Jan-2025,1855.8,1872.0,1893.9,1850.0,1882.0,1860.8,1862.79,30469,567.57,3434, 24302, 79.76,0.7975975581738817,2025-01-07
ROLLT, BE, 07-Jan-2025,2.11,2.15,2.17,2.01,2.1,2.09,2.08,450435,9.38,238, -, -,,2025-01-07
ROML, EQ, 07-Jan-2025,59.03,59.44,59.44,56.83,58.94,58.12,58.18,13492,7.85,546, 8010, 59.37,0.5936851467536318,2025-01-07
ROSSARI, EQ, 07-Jan-2025,766.9,767.1,780.85,762.1,774.0,769.2,770.94,27112,209.02,4462, 9225, 34.03,0.34025523753319564,2025-01-07
ROSSELLIND, BE, 07-Jan-2025,77.76,79.79,79.79,76.0,78.0,78.72,78.33,17571,13.76,438, -, -,,2025-01-07
ROSSTECH, EQ, 07-Jan-2025,475.05,467.3,485.0,461.3,474.0,472.8,471.33,9637,45.42,559, 6440, 66.83,0.6682577565632458,2025-01-07
ROTO, EQ, 07-Jan-2025,302.8,306.0,316.0,306.0,312.1,312.45,311.25,256130,797.21,6427, 66588, 26.00,0.25997735524928745,2025-01-07
ROUTE, EQ, 07-Jan-2025,1350.9,1351.1,1383.8,1351.1,1375.0,1373.65,1372.43,28511,391.29,5037, 12277, 43.06,0.4306057311213216,2025-01-07
RPEL, EQ, 07-Jan-2025,710.65,710.05,752.65,704.6,743.0,738.45,732.98,69034,506.01,4720, 24614, 35.65,0.3565489468957325,2025-01-07
RPGLIFE, EQ, 07-Jan-2025,2219.6,2249.25,2329.0,2230.0,2329.0,2325.15,2303.47,14804,341.01,2314, 6646, 44.89,0.44893272088624697,2025-01-07
RPOWER, EQ, 07-Jan-2025,43.51,42.85,44.19,42.5,43.35,43.4,43.42,24607193,10684.85,49249, 12469979, 50.68,0.5067615391970958,2025-01-07
RPPINFRA, BE, 07-Jan-2025,192.65,191.98,195.84,187.5,189.95,189.48,190.1,65132,123.81,979, -, -,,2025-01-07
RPPL, EQ, 07-Jan-2025,35.96,36.5,36.75,35.52,36.3,36.31,36.32,51557,18.73,505, 39140, 75.92,0.7591597649203794,2025-01-07
RPSGVENT, EQ, 07-Jan-2025,1107.3,1119.0,1206.0,1109.0,1132.9,1133.35,1160.83,210503,2443.57,11142, 75286, 35.76,0.35764810952813025,2025-01-07
RPTECH, EQ, 07-Jan-2025,379.25,380.45,391.05,379.3,387.5,388.95,385.59,118548,457.11,3607, 55341, 46.68,0.46682356513817186,2025-01-07
RRKABEL, EQ, 07-Jan-2025,1374.95,1386.0,1409.0,1379.3,1399.0,1384.85,1394.97,140866,1965.04,10637, 101184, 71.83,0.7182996606704244,2025-01-07
RSSOFTWARE, BE, 07-Jan-2025,211.93,207.69,207.69,207.69,207.69,207.69,207.69,2050,4.26,62, -, -,,2025-01-07
RSWM, EQ, 07-Jan-2025,188.3,188.0,191.98,186.0,188.2,189.76,188.96,35197,66.51,1388, 21473, 61.01,0.6100804045799358,2025-01-07
RSYSTEMS, EQ, 07-Jan-2025,472.8,475.0,479.35,470.55,474.95,473.05,474.91,95389,453.01,1830, 72750, 76.27,0.7626665548438499,2025-01-07
RTNINDIA, EQ, 07-Jan-2025,60.68,60.79,62.78,60.79,62.51,62.55,62.03,1477026,916.17,12038, 518451, 35.10,0.35101007023573044,2025-01-07
RTNPOWER, EQ, 07-Jan-2025,12.8,12.81,13.05,12.78,12.94,12.9,12.94,8863006,1146.86,19040, 3900920, 44.01,0.440135096377008,2025-01-07
RUBFILA, EQ, 07-Jan-2025,79.01,78.5,81.79,78.5,80.75,80.87,80.2,56348,45.19,1348, 33407, 59.29,0.5928693121317526,2025-01-07
RUBYMILLS, EQ, 07-Jan-2025,249.8,249.3,259.85,249.3,251.55,254.05,254.3,15412,39.19,1374, 6246, 40.53,0.4052686218531015,2025-01-07
RUCHINFRA, EQ, 07-Jan-2025,11.1,11.0,11.58,11.0,11.36,11.26,11.37,82327,9.36,542, 48883, 59.38,0.593766322105749,2025-01-07
RUCHIRA, EQ, 07-Jan-2025,127.56,127.8,130.0,127.17,129.3,129.05,128.69,29234,37.62,873, 17783, 60.83,0.6082985564753369,2025-01-07
RUPA, EQ, 07-Jan-2025,241.55,241.1,247.5,241.1,247.0,246.62,244.94,52581,128.79,2117, 24420, 46.44,0.46442631368745363,2025-01-07
RUSHIL, EQ, 07-Jan-2025,31.73,31.72,32.39,31.55,32.0,31.91,31.9,235865,75.25,1831, 122199, 51.81,0.5180887372013652,2025-01-07
RUSTOMJEE, EQ, 07-Jan-2025,645.6,645.0,668.95,641.25,663.3,658.15,651.41,13805,89.93,2822, 6228, 45.11,0.45114089098152843,2025-01-07
RVHL, BE, 07-Jan-2025,70.05,73.4,73.4,69.2,70.1,70.49,70.97,3771,2.68,33, -, -,,2025-01-07
RVNL, EQ, 07-Jan-2025,410.45,411.0,418.95,411.0,415.8,416.15,415.83,2593957,10786.35,55332, 868592, 33.49,0.3348521197537199,2025-01-07
RVTH, BE, 07-Jan-2025,1992.35,2046.4,2091.95,2021.0,2091.0,2090.05,2088.51,2386,49.83,63, -, -,,2025-01-07
S&SPOWER, BE, 07-Jan-2025,376.45,384.0,395.25,384.0,395.25,395.25,388.15,2004,7.78,67, -, -,,2025-01-07
SABEVENTS, BE, 07-Jan-2025,15.49,15.18,15.18,15.18,15.18,15.18,15.18,128,0.02,6, -, -,,2025-01-07
SABTNL, BE, 07-Jan-2025,1280.75,1216.75,1216.75,1216.75,1216.75,1216.75,1216.75,238,2.9,54, -, -,,2025-01-07
SADBHAV, EQ, 07-Jan-2025,25.43,25.5,26.11,24.77,25.15,25.16,25.15,852377,214.39,2643, 462581, 54.27,0.5426953097045086,2025-01-07
SADBHIN, EQ, 07-Jan-2025,6.12,6.12,6.44,6.12,6.33,6.28,6.28,156200,9.81,570, 88778, 56.84,0.5683610755441741,2025-01-07
SADHNANIQ, EQ, 07-Jan-2025,40.24,40.99,41.74,40.11,41.5,41.3,40.8,149993,61.2,1338, 74289, 49.53,0.4952831132119499,2025-01-07
SAFARI, EQ, 07-Jan-2025,2602.0,2600.05,2620.0,2574.05,2620.0,2609.35,2597.01,12680,329.3,3690, 6260, 49.37,0.49369085173501576,2025-01-07
SAGARDEEP, EQ, 07-Jan-2025,28.02,29.39,29.39,27.31,27.7,27.49,27.87,9557,2.66,215, 4331, 45.32,0.45317568274563147,2025-01-07
SAGCEM, EQ, 07-Jan-2025,218.81,218.81,225.0,217.3,224.0,223.86,220.17,38584,84.95,1379, 13677, 35.45,0.3544733568318474,2025-01-07
SAGILITY, EQ, 07-Jan-2025,51.31,52.3,53.87,51.19,53.87,53.87,52.95,15303034,8102.86,24762, 7502168, 49.02,0.49024056275376504,2025-01-07
SAH, BE, 07-Jan-2025,85.05,86.0,87.99,83.5,86.0,85.67,85.12,7067,6.02,21, -, -,,2025-01-07
SAHYADRI, EQ, 07-Jan-2025,314.75,321.6,321.6,305.0,313.25,309.15,311.08,9830,30.58,567, 7095, 72.18,0.7217700915564598,2025-01-07
SAIL, EQ, 07-Jan-2025,110.42,110.42,112.25,110.42,111.4,111.47,111.54,7161545,7987.96,39441, 1747126, 24.40,0.2439593691026168,2025-01-07
SAILIFE, EQ, 07-Jan-2025,727.9,731.9,741.0,723.3,731.5,731.25,731.56,867017,6342.75,23234, 238078, 27.46,0.27459438511586276,2025-01-07
SAKAR, EQ, 07-Jan-2025,298.15,298.7,300.05,295.95,297.5,297.85,297.92,4874,14.52,489, 2531, 51.93,0.5192860073861305,2025-01-07
SAKHTISUG, EQ, 07-Jan-2025,29.82,29.75,30.45,29.75,30.11,30.26,30.22,68943,20.83,713, 37312, 54.12,0.5412007020292126,2025-01-07
SAKSOFT, EQ, 07-Jan-2025,208.3,210.0,212.89,208.22,212.65,211.59,210.31,105341,221.54,5344, 55013, 52.22,0.5222373055125734,2025-01-07
SAKUMA, BE, 07-Jan-2025,3.8,3.8,3.87,3.76,3.86,3.84,3.84,1431575,54.95,2131, -, -,,2025-01-07
SALASAR, EQ, 07-Jan-2025,13.0,13.09,13.29,12.86,13.02,12.98,13.04,8392698,1094.1,11854, 3347673, 39.89,0.39887924002507896,2025-01-07
SALONA, EQ, 07-Jan-2025,283.45,287.25,289.75,277.6,277.6,279.5,281.1,272,0.76,43, 181, 66.54,0.6654411764705882,2025-01-07
SALSTEEL, EQ, 07-Jan-2025,21.78,21.96,23.7,21.76,22.4,22.99,22.53,77236,17.4,624, 45242, 58.58,0.5857631156455538,2025-01-07
SALZERELEC, EQ, 07-Jan-2025,1385.65,1390.05,1474.85,1385.65,1469.0,1466.1,1444.28,105813,1528.24,7643, 48638, 45.97,0.4596599661667281,2025-01-07
SAMBHAAV, BE, 07-Jan-2025,8.27,8.43,8.43,7.86,8.19,8.04,8.1,175246,14.2,457, -, -,,2025-01-07
SAMHI, EQ, 07-Jan-2025,195.29,196.0,199.45,191.8,193.5,192.85,194.99,1415549,2760.16,35758, 672523, 47.51,0.4750969411867763,2025-01-07
SAMMAANCAP, EQ, 07-Jan-2025,157.28,159.04,161.3,157.95,159.35,159.59,159.8,5411161,8646.98,40207, 2550370, 47.13,0.47131659915496876,2025-01-07
SAMPANN, BE, 07-Jan-2025,36.75,36.75,38.49,36.75,38.04,37.45,37.55,30930,11.61,170, -, -,,2025-01-07
SANATHAN, EQ, 07-Jan-2025,364.55,362.1,369.9,358.25,366.3,367.3,366.15,297453,1089.12,8100, 133417, 44.85,0.4485313646189482,2025-01-07
SANCO, BZ, 07-Jan-2025,4.34,4.49,4.49,4.23,4.49,4.48,4.37,13094,0.57,18, -, -,,2025-01-07
SANDESH, EQ, 07-Jan-2025,1633.85,1645.1,1645.75,1621.6,1645.75,1642.1,1635.94,1370,22.41,179, 862, 62.92,0.6291970802919709,2025-01-07
SANDHAR, EQ, 07-Jan-2025,497.55,503.05,503.15,494.55,497.45,496.05,498.1,51362,255.84,4706, 24844, 48.37,0.48370390561115223,2025-01-07
SANDUMA, EQ, 07-Jan-2025,404.75,408.05,421.15,407.25,419.75,417.5,415.67,103049,428.34,4256, 37893, 36.77,0.36771826994924744,2025-01-07
SANGAMIND, EQ, 07-Jan-2025,416.75,417.05,435.0,417.05,431.25,432.4,429.12,25169,108.0,1805, 11443, 45.46,0.4546465890579681,2025-01-07
SANGHIIND, EQ, 07-Jan-2025,59.88,60.5,61.15,59.47,60.47,60.71,60.48,614464,371.64,2613, 327210, 53.25,0.5325128892823664,2025-01-07
SANGHVIMOV, EQ, 07-Jan-2025,292.4,295.9,300.45,293.55,296.5,295.7,296.32,185660,550.16,9826, 79209, 42.66,0.4266347086071313,2025-01-07
SANGINITA, EQ, 07-Jan-2025,15.57,15.57,16.05,15.11,15.67,15.46,15.64,19030,2.98,200, 12631, 66.37,0.6637414608512875,2025-01-07
SANOFI, EQ, 07-Jan-2025,6093.25,6129.45,6146.45,5791.0,5960.0,5975.7,5948.37,50726,3017.37,10379, 22228, 43.82,0.4381973741276663,2025-01-07
SANOFICONR, EQ, 07-Jan-2025,4856.25,4870.65,4913.9,4842.1,4880.0,4884.65,4886.71,4511,220.44,1959, 2844, 63.05,0.630458878297495,2025-01-07
SANSERA, EQ, 07-Jan-2025,1419.15,1424.75,1457.15,1406.1,1430.0,1436.95,1436.46,144401,2074.27,19145, 107601, 74.52,0.7451541194313058,2025-01-07
SANSTAR, EQ, 07-Jan-2025,121.2,122.99,125.37,122.2,123.0,123.16,123.75,374228,463.12,5388, 167068, 44.64,0.4464337248949838,2025-01-07
SANWARIA, BZ, 07-Jan-2025,0.45,0.44,0.46,0.44,0.46,0.46,0.46,543490,2.47,205, -, -,,2025-01-07
SAPPHIRE, EQ, 07-Jan-2025,354.4,356.5,362.9,351.3,351.3,354.45,358.27,555067,1988.65,26503, 208877, 37.63,0.37630952659769,2025-01-07
SARDAEN, EQ, 07-Jan-2025,467.95,467.9,490.0,465.15,485.0,484.75,483.99,369238,1787.09,18255, 182476, 49.42,0.49419615532529154,2025-01-07
SAREGAMA, EQ, 07-Jan-2025,572.45,569.95,595.0,556.0,570.0,573.35,576.44,3063404,17658.56,108674, 527068, 17.21,0.1720530494835157,2025-01-07
SARLAPOLY, BE, 07-Jan-2025,104.16,101.26,107.99,101.25,102.94,105.98,106.12,159967,169.76,1007, -, -,,2025-01-07
SARVESHWAR, EQ, 07-Jan-2025,8.31,8.32,8.56,8.24,8.42,8.42,8.42,6671386,561.63,8508, 3053484, 45.77,0.4576985951644831,2025-01-07
SASKEN, EQ, 07-Jan-2025,2120.6,2130.0,2202.05,2120.25,2172.95,2161.8,2158.2,12559,271.05,2434, 6224, 49.56,0.4955808583485946,2025-01-07
SASTASUNDR, EQ, 07-Jan-2025,308.5,313.55,324.9,313.5,321.05,322.95,319.42,15273,48.79,618, 10428, 68.28,0.6827735219013946,2025-01-07
SATIA, EQ, 07-Jan-2025,91.84,91.8,93.93,91.26,93.0,92.66,92.44,220864,204.18,2705, 126772, 57.40,0.573982179078528,2025-01-07
SATIN, EQ, 07-Jan-2025,146.9,147.95,149.85,144.7,147.56,148.97,147.02,175014,257.3,5350, 85772, 49.01,0.4900865073651251,2025-01-07
SATINDLTD, EQ, 07-Jan-2025,108.54,109.9,113.35,108.75,111.1,111.84,111.15,449348,499.44,4437, 260704, 58.02,0.5801828426965292,2025-01-07
SAURASHCEM, EQ, 07-Jan-2025,114.14,114.01,116.38,112.4,114.13,114.0,114.64,71459,81.92,1082, 41611, 58.23,0.5823059376705524,2025-01-07
SBC, EQ, 07-Jan-2025,27.0,26.6,27.19,26.47,26.65,26.92,26.87,1722024,462.74,4277, 895026, 51.98,0.5197523379465094,2025-01-07
SBCL, EQ, 07-Jan-2025,582.75,582.0,595.0,575.15,589.9,589.65,585.74,81290,476.15,7856, 29999, 36.90,0.3690367818919916,2025-01-07
SBFC, EQ, 07-Jan-2025,86.55,86.96,91.17,86.64,90.35,90.63,89.74,1800107,1615.5,20822, 523696, 29.09,0.2909249283514813,2025-01-07
SBGLP, EQ, 07-Jan-2025,127.88,127.88,129.7,126.05,129.44,128.84,128.14,136815,175.31,2258, 48462, 35.42,0.35421554654094944,2025-01-07
SBICARD, EQ, 07-Jan-2025,730.5,730.0,741.1,724.65,732.45,732.95,733.19,957937,7023.5,33621, 296209, 30.92,0.3092155329630237,2025-01-07
SBIETFCON, EQ, 07-Jan-2025,116.64,114.31,118.48,114.31,116.64,116.62,117.03,3680,4.31,139, 2756, 74.89,0.7489130434782608,2025-01-07
SBIETFIT, EQ, 07-Jan-2025,469.14,457.42,478.5,457.42,469.52,465.72,465.98,3720,17.33,223, 2814, 75.65,0.7564516129032258,2025-01-07
SBIETFPB, EQ, 07-Jan-2025,248.3,248.3,250.92,248.3,249.95,249.83,249.57,11024,27.51,118, 9145, 82.96,0.8295537010159652,2025-01-07
SBIETFQLTY, EQ, 07-Jan-2025,229.94,226.48,226.48,221.5,226.0,222.2,222.54,10827,24.09,409, 10352, 95.61,0.9561281980234598,2025-01-07
SBILIFE, EQ, 07-Jan-2025,1434.65,1447.0,1490.8,1434.35,1472.2,1477.75,1466.11,2362510,34637.02,77576, 1440188, 60.96,0.6096008059225146,2025-01-07
SBIN, EQ, 07-Jan-2025,776.4,779.85,783.85,774.85,778.4,778.75,778.73,9669152,75296.21,188005, 4636630, 47.95,0.4795280909846075,2025-01-07
SBINEQWETF, EQ, 07-Jan-2025,29.62,29.98,30.86,29.0,29.0,29.18,29.67,35417,10.51,267, 21928, 61.91,0.6191377022333907,2025-01-07
SBISILVER, EQ, 07-Jan-2025,88.03,88.43,89.28,88.34,89.05,88.99,88.88,27110,24.1,256, 22419, 82.70,0.8269642198450756,2025-01-07
SCHAEFFLER, EQ, 07-Jan-2025,3457.95,3432.0,3509.95,3432.0,3500.0,3500.35,3487.01,32178,1122.05,13773, 16071, 49.94,0.4994406115979862,2025-01-07
SCHAND, EQ, 07-Jan-2025,209.33,207.4,212.5,205.55,209.15,210.15,209.12,87108,182.16,6605, 50945, 58.48,0.584848693575791,2025-01-07
SCHNEIDER, EQ, 07-Jan-2025,746.25,750.0,765.0,743.3,760.55,762.5,757.12,145750,1103.5,10924, 59455, 40.79,0.4079245283018868,2025-01-07
SCI, EQ, 07-Jan-2025,203.76,208.43,210.19,205.4,208.8,209.05,207.72,1272839,2644.0,19955, 329487, 25.89,0.25885991865428387,2025-01-07
SCILAL, EQ, 07-Jan-2025,60.98,60.99,62.2,60.91,62.0,61.78,61.59,404693,249.24,6110, 171512, 42.38,0.42380767643621214,2025-01-07
SCPL, BE, 07-Jan-2025,328.4,328.4,336.0,327.25,330.0,329.95,331.28,12584,41.69,145, -, -,,2025-01-07
SDBL, EQ, 07-Jan-2025,110.22,110.89,121.59,110.88,118.4,117.65,118.12,3719136,4393.22,42971, 1131173, 30.41,0.3041494045928947,2025-01-07
SDL26BEES, EQ, 07-Jan-2025,126.58,127.1,127.1,126.04,126.2,126.42,126.98,13485,17.12,64, 12955, 96.07,0.960697070819429,2025-01-07
SEAMECLTD, EQ, 07-Jan-2025,1123.25,1129.6,1147.2,1118.25,1140.2,1146.15,1139.92,9330,106.35,2566, 6365, 68.22,0.6822079314040729,2025-01-07
SECMARK, EQ, 07-Jan-2025,113.63,112.06,118.28,109.91,112.0,113.58,113.34,5929,6.72,281, 3097, 52.23,0.5223477820880418,2025-01-07
SECURKLOUD, EQ, 07-Jan-2025,33.28,34.0,35.0,33.3,34.49,34.11,34.32,77705,26.67,777, 53873, 69.33,0.6933015893443151,2025-01-07
SEJALLTD, BE, 07-Jan-2025,599.65,600.0,604.95,572.0,599.95,600.0,594.68,7473,44.44,72, -, -,,2025-01-07
SELAN, EQ, 07-Jan-2025,806.9,819.0,852.0,810.15,842.45,840.35,840.71,28603,240.47,2747, 12837, 44.88,0.448799077019893,2025-01-07
SELMC, EQ, 07-Jan-2025,43.65,44.0,44.28,42.12,42.15,42.76,43.51,10026,4.36,424, 5581, 55.67,0.5566527029722721,2025-01-07
SEMAC, BE, 07-Jan-2025,371.85,381.15,382.5,372.0,380.55,380.5,378.67,876,3.32,63, -, -,,2025-01-07
SENCO, EQ, 07-Jan-2025,1100.1,1100.55,1158.0,1100.55,1155.05,1151.25,1142.2,378087,4318.51,28968, 176121, 46.58,0.4658213585762007,2025-01-07
SENORES, EQ, 07-Jan-2025,552.9,559.65,567.0,548.7,558.2,559.5,558.49,521260,2911.17,14304, 207941, 39.89,0.3989199247976058,2025-01-07
SENSEXADD, EQ, 07-Jan-2025,79.72,79.65,80.9,78.83,78.88,79.2,79.26,1701,1.35,68, 1382, 81.25,0.8124632569077014,2025-01-07
SENSEXETF, EQ, 07-Jan-2025,79.04,80.69,80.69,78.97,79.02,79.17,79.27,10433,8.27,136, 7245, 69.44,0.6944311319850475,2025-01-07
SENSEXIETF, EQ, 07-Jan-2025,882.82,886.61,896.0,879.0,880.01,882.81,882.86,12509,110.44,475, 3610, 28.86,0.2885922136062035,2025-01-07
SEPC, EQ, 07-Jan-2025,20.28,20.5,21.12,20.49,20.89,20.87,20.85,8836755,1842.19,8842, 2673618, 30.26,0.302556538005184,2025-01-07
SEQUENT, EQ, 07-Jan-2025,194.09,195.0,203.79,195.0,197.01,196.63,199.98,689871,1379.61,9745, 319190, 46.27,0.46268070407366013,2025-01-07
SERVOTECH, EQ, 07-Jan-2025,160.22,158.05,163.99,153.0,162.01,162.72,160.33,753048,1207.37,10656, 301297, 40.01,0.4001033134674018,2025-01-07
SESHAPAPER, EQ, 07-Jan-2025,305.45,305.4,306.95,303.0,305.0,303.5,303.62,10311,31.31,467, 7884, 76.46,0.7646203084084958,2025-01-07
SETCO, BE, 07-Jan-2025,19.66,19.15,19.18,18.67,18.7,18.78,18.85,171978,32.41,395, -, -,,2025-01-07
SETF10GILT, EQ, 07-Jan-2025,242.85,244.43,244.43,241.87,243.46,243.46,243.3,40628,98.85,103, 40077, 98.64,0.9864379245840307,2025-01-07
SETFGOLD, EQ, 07-Jan-2025,66.6,67.6,67.6,66.55,66.88,66.78,66.74,2102367,1403.04,2859, 1734123, 82.48,0.8248431410881164,2025-01-07
SETFNIF50, EQ, 07-Jan-2025,250.95,252.79,252.89,249.95,250.72,250.68,250.8,453173,1136.55,5722, 400927, 88.47,0.8847106954739139,2025-01-07
SETFNIFBK, EQ, 07-Jan-2025,509.44,515.54,515.54,509.45,511.5,511.07,511.8,25900,132.56,689, 18916, 73.03,0.7303474903474904,2025-01-07
SETFNN50, EQ, 07-Jan-2025,710.56,713.49,715.0,707.0,710.0,708.64,710.87,28470,202.38,1661, 22974, 80.70,0.80695468914647,2025-01-07
SETUINFRA, BZ, 07-Jan-2025,0.74,0.74,0.77,0.7,0.75,0.75,0.74,16798,0.12,28, -, -,,2025-01-07
SEYAIND, BE, 07-Jan-2025,26.82,27.17,28.16,25.47,28.16,28.16,27.4,47199,12.93,244, -, -,,2025-01-07
SFL, EQ, 07-Jan-2025,979.95,985.1,1047.0,985.1,1029.0,1029.9,1025.7,282027,2892.75,27515, 125053, 44.34,0.44340790066199337,2025-01-07
SGIL, BE, 07-Jan-2025,436.2,437.95,454.7,435.0,444.0,444.75,441.44,6228,27.49,203, -, -,,2025-01-07
SGL, EQ, 07-Jan-2025,17.25,17.25,17.98,17.01,17.1,17.31,17.37,23181,4.03,176, 13973, 60.28,0.6027781372675899,2025-01-07
SHAH, EQ, 07-Jan-2025,4.27,4.28,4.35,4.07,4.13,4.15,4.18,1082630,45.22,1586, 691168, 63.84,0.6384157098916527,2025-01-07
SHAHALLOYS, BE, 07-Jan-2025,68.64,68.64,68.64,67.26,67.26,67.26,67.99,188,0.13,7, -, -,,2025-01-07
SHAILY, BE, 07-Jan-2025,1474.9,1471.75,1529.95,1450.0,1508.0,1509.85,1501.62,101059,1517.52,2853, -, -,,2025-01-07
SHAKTIPUMP, BE, 07-Jan-2025,1219.9,1232.0,1280.85,1200.0,1280.85,1280.85,1256.7,698306,8775.59,18973, -, -,,2025-01-07
SHALBY, EQ, 07-Jan-2025,229.86,233.3,236.35,230.7,233.1,235.23,233.92,60599,141.76,1866, 30748, 50.74,0.5074011122295747,2025-01-07
SHALPAINTS, EQ, 07-Jan-2025,124.69,126.48,130.5,124.0,129.55,129.94,128.29,110693,142.01,1747, 68248, 61.66,0.616552085497728,2025-01-07
SHANKARA, EQ, 07-Jan-2025,659.85,658.65,679.85,657.55,673.95,674.75,670.46,28404,190.44,2370, 11187, 39.39,0.3938529784537389,2025-01-07
SHANTI, EQ, 07-Jan-2025,17.34,17.5,19.07,17.5,18.13,18.09,18.67,486491,90.85,1122, 227236, 46.71,0.4670918886474775,2025-01-07
SHANTIGEAR, EQ, 07-Jan-2025,505.35,504.0,509.85,498.05,505.3,504.35,504.16,10947,55.19,960, 6266, 57.24,0.5723942632684754,2025-01-07
SHARDACROP, EQ, 07-Jan-2025,797.45,805.0,865.7,797.4,856.0,854.15,848.69,495028,4201.24,42642, 176374, 35.63,0.3562909572791842,2025-01-07
SHARDAMOTR, EQ, 07-Jan-2025,1837.15,1830.0,1877.55,1821.6,1868.0,1871.7,1854.88,11269,209.03,2492, 5069, 44.98,0.4498180850119798,2025-01-07
SHAREINDIA, EQ, 07-Jan-2025,298.85,300.45,308.3,296.8,303.6,305.6,304.33,910891,2772.12,14736, 333326, 36.59,0.36593401405876225,2025-01-07
SHARIABEES, EQ, 07-Jan-2025,536.99,540.74,540.78,535.0,537.06,535.55,536.62,3749,20.12,244, 2075, 55.35,0.5534809282475327,2025-01-07
SHEKHAWATI, BE, 07-Jan-2025,31.4,31.2,31.2,30.77,30.77,30.77,30.94,4741,1.47,59, -, -,,2025-01-07
SHEMAROO, EQ, 07-Jan-2025,154.51,154.0,158.49,154.0,156.6,156.28,156.26,16201,25.31,807, 10159, 62.71,0.6270600580211098,2025-01-07
SHILPAMED, EQ, 07-Jan-2025,814.6,814.6,845.45,810.95,840.5,842.7,836.08,316219,2643.85,23920, 156653, 49.54,0.49539401490739016,2025-01-07
SHIVALIK, EQ, 07-Jan-2025,718.7,734.0,742.65,718.05,741.0,735.4,731.37,14719,107.65,1228, 6027, 40.95,0.40947075208913647,2025-01-07
SHIVAMAUTO, EQ, 07-Jan-2025,43.25,43.89,45.77,43.39,44.52,44.69,44.83,179815,80.61,1701, 84883, 47.21,0.4720573923198843,2025-01-07
SHIVAMILLS, EQ, 07-Jan-2025,97.97,96.23,102.69,96.23,98.95,97.74,98.96,24566,24.31,1093, 8106, 33.00,0.3299682487991533,2025-01-07
SHIVATEX, EQ, 07-Jan-2025,224.2,230.85,233.57,225.0,227.95,226.09,227.44,8862,20.16,513, 4285, 48.35,0.48352516361995035,2025-01-07
SHK, EQ, 07-Jan-2025,247.74,251.44,251.9,225.3,228.2,228.47,232.49,2078346,4831.87,67536, 895163, 43.07,0.43070932366410597,2025-01-07
SHOPERSTOP, EQ, 07-Jan-2025,579.9,578.95,599.0,577.1,599.0,595.9,587.52,363740,2137.03,4219, 337917, 92.90,0.9290069830098422,2025-01-07
SHRADHA, BE, 07-Jan-2025,87.64,86.0,89.0,85.88,89.0,89.0,86.1,31849,27.42,76, -, -,,2025-01-07
SHREDIGCEM, EQ, 07-Jan-2025,84.66,85.0,87.95,84.55,86.05,86.26,85.84,156140,134.04,2980, 60365, 38.66,0.3866081721531959,2025-01-07
SHREECEM, EQ, 07-Jan-2025,25908.6,25999.9,26300.0,25782.6,26009.3,26003.9,26079.64,20692,5396.4,8890, 5121, 24.75,0.2474869514788324,2025-01-07
SHREEPUSHK, EQ, 07-Jan-2025,306.95,303.0,313.6,299.55,301.9,304.25,305.48,51811,158.27,2200, 29424, 56.79,0.5679102893208006,2025-01-07
SHREERAMA, BE, 07-Jan-2025,47.6,46.64,47.0,46.64,46.64,46.64,46.7,103014,48.11,148, -, -,,2025-01-07
SHRENIK, EQ, 07-Jan-2025,0.77,0.75,0.77,0.74,0.76,0.75,0.75,1526099,11.52,1018, 1135955, 74.44,0.7443521029762814,2025-01-07
SHREYANIND, EQ, 07-Jan-2025,228.57,229.22,232.85,226.0,226.5,226.34,227.38,15727,35.76,499, 12141, 77.20,0.7719844852800916,2025-01-07
SHRIPISTON, EQ, 07-Jan-2025,1999.8,2018.25,2099.65,2010.05,2037.8,2067.9,2069.76,35085,726.18,7182, 16539, 47.14,0.47139803334758446,2025-01-07
SHRIRAMFIN, EQ, 07-Jan-2025,2969.55,2977.05,3022.0,2950.0,2954.0,2958.4,2976.55,556342,16559.78,67163, 299500, 53.83,0.5383379288279512,2025-01-07
SHRIRAMPPS, EQ, 07-Jan-2025,102.01,102.89,106.49,102.67,104.45,104.35,104.6,810089,847.36,8380, 353341, 43.62,0.4361755313305081,2025-01-07
SHYAMCENT, EQ, 07-Jan-2025,12.7,12.72,13.01,12.67,12.78,12.72,12.83,103750,13.31,763, 68698, 66.21,0.6621493975903614,2025-01-07
SHYAMMETL, EQ, 07-Jan-2025,762.05,757.55,786.0,757.55,782.2,781.05,773.34,418092,3233.26,24012, 200674, 48.00,0.4799756991284215,2025-01-07
SHYAMTEL, BE, 07-Jan-2025,21.0,20.05,21.5,19.95,19.95,19.95,20.18,8010,1.62,57, -, -,,2025-01-07
SICALLOG, BE, 07-Jan-2025,142.41,144.5,145.99,140.01,144.0,142.72,143.31,4950,7.09,51, -, -,,2025-01-07
SIEMENS, EQ, 07-Jan-2025,6473.2,6492.6,6547.1,6425.05,6467.0,6482.15,6497.64,309990,20142.04,44719, 174272, 56.22,0.562185876963773,2025-01-07
SIGACHI, EQ, 07-Jan-2025,49.98,49.98,50.99,48.77,50.2,50.5,50.3,1846740,928.83,7454, 586309, 31.75,0.31748324073773243,2025-01-07
SIGIND, EQ, 07-Jan-2025,69.76,70.05,71.61,69.61,70.0,69.83,70.01,14066,9.85,351, 10853, 77.16,0.7715768519835063,2025-01-07
SIGMA, EQ, 07-Jan-2025,340.15,340.15,369.0,338.2,358.65,356.8,354.2,39870,141.22,2295, 7477, 18.75,0.1875344870830198,2025-01-07
SIGNATURE, EQ, 07-Jan-2025,1348.3,1358.0,1386.85,1341.0,1351.0,1352.65,1363.48,534408,7286.52,14185, 54992, 10.29,0.1029026511579168,2025-01-07
SIGNPOST, BE, 07-Jan-2025,370.8,361.0,389.3,361.0,389.3,389.3,386.17,83540,322.61,783, -, -,,2025-01-07
SIKKO, EQ, 07-Jan-2025,98.02,99.0,100.99,97.61,99.5,99.14,99.02,40719,40.32,881, 17987, 44.17,0.44173481667035047,2025-01-07
SIL, EQ, 07-Jan-2025,26.63,27.15,27.73,26.11,26.12,26.26,26.82,51235,13.74,873, 26777, 52.26,0.522631013955304,2025-01-07
SILGO, EQ, 07-Jan-2025,36.4,36.2,37.83,36.01,37.0,37.13,36.97,53970,19.95,959, 15354, 28.45,0.28449138410227903,2025-01-07
SILINV, BE, 07-Jan-2025,654.85,650.0,666.0,650.0,662.4,662.2,657.69,1924,12.65,101, -, -,,2025-01-07
SILLYMONKS, EQ, 07-Jan-2025,25.32,25.32,25.79,24.99,25.55,25.53,25.32,8920,2.26,71, 8033, 90.06,0.900560538116592,2025-01-07
SILVER, EQ, 07-Jan-2025,89.21,89.62,90.42,89.62,90.39,90.32,90.13,179617,161.88,1030, 93395, 52.00,0.5199674863737842,2025-01-07
SILVER1, EQ, 07-Jan-2025,86.97,88.0,88.12,86.99,87.82,88.09,87.8,232340,203.99,343, 174131, 74.95,0.7494662993888267,2025-01-07
SILVERADD, EQ, 07-Jan-2025,86.14,86.4,87.46,86.4,87.3,87.26,87.12,11824,10.3,372, 9623, 81.39,0.8138531799729364,2025-01-07
SILVERBEES, EQ, 07-Jan-2025,85.93,86.72,87.1,86.48,87.06,87.07,86.81,5033950,4369.97,14513, 4132552, 82.09,0.8209362429106368,2025-01-07
SILVERETF, EQ, 07-Jan-2025,86.81,87.24,88.08,87.24,88.05,88.0,87.78,146821,128.89,1130, 101595, 69.20,0.6919650458721845,2025-01-07
SILVERIETF, EQ, 07-Jan-2025,89.29,89.5,90.65,89.5,90.35,90.54,90.36,1051269,949.95,2478, 839404, 79.85,0.7984673760949862,2025-01-07
SILVERTUC, EQ, 07-Jan-2025,718.3,720.2,721.85,705.4,717.0,716.0,716.48,12693,90.94,615, 2587, 20.38,0.20381312534467816,2025-01-07
SILVRETF, EQ, 07-Jan-2025,87.31,87.32,88.69,87.09,88.64,88.38,88.11,20538,18.1,181, 14699, 71.57,0.7156977310351543,2025-01-07
SIMBHALS, BE, 07-Jan-2025,18.86,19.18,19.18,18.17,19.0,19.03,18.7,9583,1.79,108, -, -,,2025-01-07
SIMPLEXINF, BE, 07-Jan-2025,286.25,279.1,300.55,279.1,300.55,300.4,295.59,95090,281.08,410, -, -,,2025-01-07
SINCLAIR, EQ, 07-Jan-2025,119.75,120.64,122.98,118.5,120.0,119.27,120.22,128930,155.0,3130, 54150, 42.00,0.41999534631195223,2025-01-07
SINDHUTRAD, EQ, 07-Jan-2025,20.4,20.74,23.85,20.32,22.93,23.28,22.81,7402471,1688.78,17521, 1711788, 23.12,0.23124548546019297,2025-01-07
SINTERCOM, EQ, 07-Jan-2025,167.83,169.49,173.7,166.0,166.0,168.21,169.0,8087,13.67,383, 3987, 49.30,0.49301347842215903,2025-01-07
SIRCA, EQ, 07-Jan-2025,317.4,317.4,324.3,316.2,317.8,319.0,319.75,221555,708.42,1759, 183075, 82.63,0.8263185213603845,2025-01-07
SIS, EQ, 07-Jan-2025,354.45,354.5,356.05,350.0,350.0,351.75,352.17,51620,181.79,2360, 29720, 57.57,0.5757458349476947,2025-01-07
SITINET, BE, 07-Jan-2025,0.78,0.78,0.79,0.76,0.76,0.76,0.77,2309967,17.81,1210, -, -,,2025-01-07
SIYSIL, EQ, 07-Jan-2025,865.6,876.0,924.0,869.55,900.1,899.0,896.26,277059,2483.17,14860, 65257, 23.55,0.23553466951082622,2025-01-07
SJS, EQ, 07-Jan-2025,1115.25,1124.7,1151.85,1115.25,1150.0,1143.65,1135.1,37261,422.95,5474, 15235, 40.89,0.4088725477040337,2025-01-07
SJVN, EQ, 07-Jan-2025,102.85,103.87,105.41,103.5,104.15,104.24,104.46,6529601,6820.87,37711, 1711084, 26.21,0.2620503151723972,2025-01-07
SKFINDIA, EQ, 07-Jan-2025,4408.0,4408.3,4452.3,4365.2,4375.0,4375.25,4388.21,18159,796.86,3780, 11881, 65.43,0.6542761165262404,2025-01-07
SKIPPER, EQ, 07-Jan-2025,517.7,522.8,532.5,512.95,525.0,523.35,521.66,699465,3648.83,27496, 299008, 42.75,0.42748100333826566,2025-01-07
SKMEGGPROD, EQ, 07-Jan-2025,235.35,237.95,245.0,236.55,245.0,243.2,240.44,55675,133.86,1590, 22690, 40.75,0.4075437808711271,2025-01-07
SKYGOLD, BE, 07-Jan-2025,371.15,360.15,389.7,360.15,389.15,389.65,383.65,405932,1557.37,6881, -, -,,2025-01-07
SMALLCAP, EQ, 07-Jan-2025,49.1,50.1,50.1,49.1,49.81,49.76,49.64,413817,205.43,2576, 257728, 62.28,0.622806699579766,2025-01-07
SMARTLINK, BE, 07-Jan-2025,192.2,191.1,193.25,191.1,193.25,193.25,192.3,344,0.66,21, -, -,,2025-01-07
SMCGLOBAL, EQ, 07-Jan-2025,130.57,131.0,136.7,130.84,135.0,135.27,133.76,163826,219.14,2798, 81757, 49.90,0.49904777019520713,2025-01-07
SMLISUZU, EQ, 07-Jan-2025,1366.7,1387.2,1399.0,1371.1,1382.0,1388.9,1386.93,10215,141.67,2235, 5306, 51.94,0.5194322075379344,2025-01-07
SMLT, EQ, 07-Jan-2025,162.5,161.2,166.53,161.2,162.11,163.2,163.95,17384,28.5,1195, 10364, 59.62,0.5961803957662218,2025-01-07
SMSLIFE, BE, 07-Jan-2025,1240.0,1181.05,1295.0,1178.1,1274.0,1274.0,1231.94,500,6.16,31, -, -,,2025-01-07
SMSPHARMA, EQ, 07-Jan-2025,240.15,240.25,250.0,237.11,246.74,246.62,245.81,96877,238.14,2920, 37054, 38.25,0.3824850067611507,2025-01-07
SNOWMAN, EQ, 07-Jan-2025,67.53,67.77,70.39,67.76,69.26,69.25,69.18,272511,188.52,4013, 115595, 42.42,0.4241847118097985,2025-01-07
SOBHA, EQ, 07-Jan-2025,1479.85,1497.85,1518.0,1469.15,1510.0,1513.35,1492.36,106415,1588.09,11179, 46046, 43.27,0.4327021566508481,2025-01-07
SOFTTECH, BE, 07-Jan-2025,514.1,513.95,517.75,491.0,508.0,507.85,502.21,3028,15.21,99, -, -,,2025-01-07
SOLARA, EQ, 07-Jan-2025,670.4,674.9,705.0,674.8,699.4,702.55,694.7,80566,559.69,6126, 46101, 57.22,0.5722140853461758,2025-01-07
SOLARINDS, EQ, 07-Jan-2025,9479.45,9589.45,9810.05,9480.0,9651.0,9690.1,9627.19,145518,14009.3,17906, 116673, 80.18,0.8017770997402384,2025-01-07
SOMANYCERA, EQ, 07-Jan-2025,635.3,637.0,637.0,607.5,630.25,631.3,632.12,8595,54.33,647, 5251, 61.09,0.610936591041303,2025-01-07
SOMATEX, BE, 07-Jan-2025,43.21,42.9,44.5,41.43,43.8,43.6,42.6,27208,11.59,291, -, -,,2025-01-07
SOMICONVEY, EQ, 07-Jan-2025,198.35,199.33,208.34,199.33,204.58,203.36,204.73,19515,39.95,786, 11608, 59.48,0.5948244939789905,2025-01-07
SONACOMS, EQ, 07-Jan-2025,581.55,578.1,587.8,575.05,584.8,584.45,582.4,787355,4585.54,27734, 415396, 52.76,0.5275841266010884,2025-01-07
SONAMLTD, BE, 07-Jan-2025,66.38,66.38,67.98,65.01,66.8,66.09,66.59,39134,26.06,190, -, -,,2025-01-07
SONATSOFTW, EQ, 07-Jan-2025,622.7,620.0,627.95,614.9,620.0,618.85,619.9,202165,1253.22,17197, 110698, 54.76,0.5475626344817353,2025-01-07
SOTL, EQ, 07-Jan-2025,540.35,540.35,565.0,540.35,560.0,559.0,555.49,27289,151.59,4434, 13889, 50.90,0.5089596540730698,2025-01-07
SOUTHBANK, EQ, 07-Jan-2025,25.78,25.78,26.1,25.42,25.53,25.52,25.71,11023977,2834.26,33172, 4830640, 43.82,0.43819394761073976,2025-01-07
SOUTHWEST, EQ, 07-Jan-2025,143.77,146.3,151.74,142.81,147.7,147.74,147.64,70936,104.73,1371, 31986, 45.09,0.45091349949250026,2025-01-07
SPAL, EQ, 07-Jan-2025,886.15,891.9,954.9,891.9,948.0,948.2,938.34,45091,423.11,3982, 27088, 60.07,0.6007407243130558,2025-01-07
SPANDANA, EQ, 07-Jan-2025,334.4,331.4,401.25,325.25,401.25,400.45,384.76,5241856,20168.77,138897, 894130, 17.06,0.17057507875073258,2025-01-07
SPARC, EQ, 07-Jan-2025,192.68,192.21,195.94,191.37,194.36,195.01,193.78,511254,990.7,13455, 247837, 48.48,0.48476295539986,2025-01-07
SPCENET, EQ, 07-Jan-2025,12.98,11.68,11.68,11.68,11.68,11.68,11.68,881703,102.98,1519, 881703, 100.00,1.0,2025-01-07
SPECIALITY, EQ, 07-Jan-2025,145.27,147.6,149.0,141.61,148.0,144.13,144.92,41678,60.4,1304, 23970, 57.51,0.5751235663899419,2025-01-07
SPENCERS, EQ, 07-Jan-2025,83.12,84.0,88.0,82.95,87.8,87.73,85.86,234858,201.65,3118, 115495, 49.18,0.4917652368665321,2025-01-07
SPIC, EQ, 07-Jan-2025,72.06,73.0,75.35,72.79,74.05,74.46,74.29,656966,488.08,6014, 186521, 28.39,0.2839127138999583,2025-01-07
SPLIL, EQ, 07-Jan-2025,60.59,62.6,62.6,60.11,60.25,60.59,61.16,11726,7.17,279, 7084, 60.41,0.6041275797373359,2025-01-07
SPLPETRO, EQ, 07-Jan-2025,649.6,653.0,664.9,643.7,663.35,658.25,654.78,35953,235.41,2144, 20282, 56.41,0.5641253859205073,2025-01-07
SPMLINFRA, BE, 07-Jan-2025,247.6,244.45,250.0,240.55,247.35,245.65,244.93,47256,115.74,295, -, -,,2025-01-07
SPORTKING, EQ, 07-Jan-2025,99.7,100.35,103.1,99.0,103.1,102.34,100.95,150835,152.26,2644, 74089, 49.12,0.4911923625153313,2025-01-07
SRD, BE, 07-Jan-2025,79.05,77.46,77.46,77.46,77.46,77.46,77.46,12634,9.79,35, -, -,,2025-01-07
SREEL, EQ, 07-Jan-2025,258.55,254.0,259.8,253.25,259.3,258.0,257.4,4536,11.68,442, 2383, 52.54,0.525352733686067,2025-01-07
SRF, EQ, 07-Jan-2025,2277.45,2271.0,2359.9,2271.0,2304.0,2308.45,2325.66,505414,11754.21,61663, 183286, 36.26,0.36264527694127985,2025-01-07
SRGHFL, EQ, 07-Jan-2025,361.3,365.9,374.9,364.9,374.5,372.35,369.93,2019,7.47,265, 1287, 63.74,0.637444279346211,2025-01-07
SRHHYPOLTD, EQ, 07-Jan-2025,762.9,765.2,788.0,765.2,788.0,781.05,779.23,27479,214.12,1680, 15186, 55.26,0.5526401979693584,2025-01-07
SRM, EQ, 07-Jan-2025,402.85,400.0,401.0,376.1,383.2,385.55,388.29,125871,488.74,3590, 73278, 58.22,0.5821674571585195,2025-01-07
SRPL, BZ, 07-Jan-2025,1.19,1.18,1.24,1.13,1.21,1.21,1.17,695378,8.16,547, -, -,,2025-01-07
SSDL, EQ, 07-Jan-2025,124.16,123.0,125.9,123.0,125.19,125.03,124.49,44061,54.85,1133, 22827, 51.81,0.5180772111391027,2025-01-07
SSWL, EQ, 07-Jan-2025,205.17,206.0,209.78,203.58,207.25,207.69,206.89,130754,270.52,6746, 58696, 44.89,0.4489040488245101,2025-01-07
STANLEY, EQ, 07-Jan-2025,407.65,407.15,413.8,404.15,405.7,405.5,406.57,53906,219.17,5609, 24346, 45.16,0.45163803658219864,2025-01-07
STAR, EQ, 07-Jan-2025,685.8,690.2,706.4,679.55,686.95,682.35,688.63,1236326,8513.74,43183, 918076, 74.26,0.7425840757211286,2025-01-07
STARCEMENT, EQ, 07-Jan-2025,222.66,222.0,226.9,220.35,226.25,225.69,224.01,569889,1276.61,10308, 150853, 26.47,0.2647059339625787,2025-01-07
STARHEALTH, EQ, 07-Jan-2025,479.3,479.3,485.55,469.9,483.0,481.5,475.86,471020,2241.4,17868, 248182, 52.69,0.5269033162073797,2025-01-07
STARPAPER, EQ, 07-Jan-2025,211.29,213.86,218.39,211.6,213.2,213.53,214.46,13847,29.7,819, 4795, 34.63,0.34628439373149417,2025-01-07
STARTECK, EQ, 07-Jan-2025,300.65,300.0,318.9,290.0,317.9,315.95,310.48,15532,48.22,1593, 771, 4.96,0.04963945403038887,2025-01-07
STCINDIA, EQ, 07-Jan-2025,155.77,157.0,157.99,152.71,155.89,155.97,155.64,25472,39.65,1347, 8859, 34.78,0.3477936557788945,2025-01-07
STEELCAS, EQ, 07-Jan-2025,897.25,906.0,940.0,850.55,874.0,888.4,899.22,66660,599.42,6001, 24851, 37.28,0.3728022802280228,2025-01-07
STEELCITY, EQ, 07-Jan-2025,108.88,108.88,115.48,108.88,113.98,113.94,112.59,51423,57.9,1258, 25281, 49.16,0.49162825972813723,2025-01-07
STEELXIND, EQ, 07-Jan-2025,10.28,10.3,10.42,10.21,10.3,10.33,10.32,781796,80.69,2622, 391651, 50.10,0.5009631668619435,2025-01-07
STEL, EQ, 07-Jan-2025,387.55,389.1,401.6,370.05,391.9,389.8,388.49,12602,48.96,1194, 6629, 52.60,0.526027614664339,2025-01-07
STERTOOLS, EQ, 07-Jan-2025,530.55,530.55,552.3,530.55,549.0,548.75,543.28,137357,746.24,5788, 38174, 27.79,0.2779181257598812,2025-01-07
STLTECH, EQ, 07-Jan-2025,111.82,111.9,112.63,110.5,112.1,112.07,111.78,834094,932.38,9403, 415859, 49.86,0.49857570010094787,2025-01-07
STOVEKRAFT, EQ, 07-Jan-2025,882.1,878.0,907.0,874.95,907.0,904.55,897.8,67214,603.45,6144, 43709, 65.03,0.6502960692712828,2025-01-07
STYLAMIND, EQ, 07-Jan-2025,2256.0,2244.5,2311.7,2240.05,2250.0,2267.45,2262.07,48331,1093.28,5340, 23564, 48.76,0.48755457160000826,2025-01-07
STYLEBAAZA, EQ, 07-Jan-2025,315.45,317.4,322.0,314.25,317.0,318.25,317.66,158959,504.94,5096, 68458, 43.07,0.430664510974528,2025-01-07
STYRENIX, EQ, 07-Jan-2025,2916.4,2905.05,2975.0,2886.6,2942.0,2954.9,2943.13,23884,702.94,6114, 10825, 45.32,0.4532322893987607,2025-01-07
SUBEXLTD, EQ, 07-Jan-2025,21.78,21.9,22.48,21.9,22.24,22.24,22.27,2296914,511.48,6286, 625498, 27.23,0.27232103596390633,2025-01-07
SUBROS, EQ, 07-Jan-2025,656.25,662.9,664.55,648.0,658.0,653.7,654.82,44638,292.3,2870, 25089, 56.21,0.5620547515569694,2025-01-07
SUDARSCHEM, EQ, 07-Jan-2025,1129.95,1129.95,1144.95,1121.1,1132.35,1132.45,1132.24,225354,2551.54,10010, 181599, 80.58,0.8058388135999361,2025-01-07
SUKHJITS, EQ, 07-Jan-2025,256.05,264.55,264.55,255.1,259.95,257.65,259.2,8083,20.95,883, 4743, 58.68,0.586787084003464,2025-01-07
SULA, EQ, 07-Jan-2025,405.7,405.7,414.0,405.7,409.6,410.9,410.54,118832,487.85,9267, 44044, 37.06,0.3706409048067861,2025-01-07
SUMICHEM, EQ, 07-Jan-2025,515.0,516.0,525.9,515.7,524.0,524.05,521.98,139968,730.61,10865, 55706, 39.80,0.39799096936442613,2025-01-07
SUMIT, BE, 07-Jan-2025,148.7,145.72,145.72,145.72,145.72,145.72,145.72,3295,4.8,23, -, -,,2025-01-07
SUMMITSEC, EQ, 07-Jan-2025,2905.55,2950.0,3020.45,2902.35,2960.0,2982.6,2968.69,6408,190.23,1617, 2932, 45.76,0.4575530586766542,2025-01-07
SUNCLAY, EQ, 07-Jan-2025,2600.3,2592.8,2745.0,2592.8,2735.0,2730.5,2710.87,17185,465.86,4298, 10963, 63.79,0.6379400640093105,2025-01-07
SUNDARAM, EQ, 07-Jan-2025,2.56,2.56,2.6,2.53,2.54,2.54,2.56,358389,9.17,779, 248607, 69.37,0.6936792144848196,2025-01-07
SUNDARMFIN, EQ, 07-Jan-2025,4455.6,4455.6,4575.0,4411.6,4420.05,4466.45,4490.49,105728,4747.71,20307, 18996, 17.97,0.17966858353510895,2025-01-07
SUNDARMHLD, EQ, 07-Jan-2025,296.35,296.1,303.7,293.0,298.5,299.15,298.53,63502,189.57,3554, 26035, 41.00,0.4099870870208812,2025-01-07
SUNDRMBRAK, BE, 07-Jan-2025,1226.35,1195.0,1214.0,1165.05,1178.3,1178.25,1177.34,3350,39.44,233, -, -,,2025-01-07
SUNDRMFAST, EQ, 07-Jan-2025,1047.7,1047.7,1061.95,1046.05,1053.05,1057.2,1054.38,22339,235.54,3987, 10702, 47.91,0.4790724741483504,2025-01-07
SUNFLAG, BE, 07-Jan-2025,301.45,305.0,308.3,294.0,297.75,297.55,301.8,296837,895.87,2591, -, -,,2025-01-07
SUNPHARMA, EQ, 07-Jan-2025,1847.4,1848.55,1865.0,1845.65,1852.0,1853.4,1854.8,1615649,29967.0,88612, 1095805, 67.82,0.6782444701788569,2025-01-07
SUNTECK, EQ, 07-Jan-2025,480.5,477.35,500.3,477.35,495.8,495.8,494.27,337985,1670.54,17106, 157104, 46.48,0.4648253620722813,2025-01-07
SUNTV, EQ, 07-Jan-2025,668.6,664.0,671.95,656.1,667.75,666.05,663.74,679454,4509.79,25512, 364338, 53.62,0.5362217309781089,2025-01-07
SUPERHOUSE, EQ, 07-Jan-2025,201.94,202.92,207.0,202.0,202.1,203.0,204.4,3702,7.57,177, 1513, 40.87,0.40869800108049703,2025-01-07
SUPERSPIN, BE, 07-Jan-2025,14.44,14.72,14.72,14.39,14.44,14.44,14.6,139129,20.32,59, -, -,,2025-01-07
SUPRAJIT, EQ, 07-Jan-2025,445.85,449.0,449.3,435.35,443.8,440.1,442.59,70871,313.67,7120, 40042, 56.50,0.564998377333465,2025-01-07
SUPREMEENG, BE, 07-Jan-2025,2.77,2.8,2.9,2.63,2.9,2.9,2.88,687354,19.82,492, -, -,,2025-01-07
SUPREMEIND, EQ, 07-Jan-2025,4519.25,4533.6,4599.9,4511.5,4511.5,4529.7,4548.85,69323,3153.4,17677, 39232, 56.59,0.5659304992571008,2025-01-07
SUPREMEINF, BZ, 07-Jan-2025,134.95,132.25,137.64,132.25,135.0,135.0,132.53,43349,57.45,35, -, -,,2025-01-07
SUPRIYA, EQ, 07-Jan-2025,723.0,724.7,754.0,718.0,748.5,750.7,736.43,265637,1956.22,17420, 107585, 40.50,0.40500758553966504,2025-01-07
SURAJEST, EQ, 07-Jan-2025,592.25,595.0,607.4,581.6,585.0,584.75,590.73,84170,497.22,3545, 42012, 49.91,0.49913270761553996,2025-01-07
SURAJLTD, BE, 07-Jan-2025,512.0,522.0,522.0,517.0,517.0,517.0,519.07,365,1.89,11, -, -,,2025-01-07
SURAKSHA, EQ, 07-Jan-2025,386.5,383.05,389.4,379.05,385.0,384.95,384.05,313603,1204.38,8340, 192999, 61.54,0.6154245973412245,2025-01-07
SURANASOL, EQ, 07-Jan-2025,45.22,45.2,46.43,43.5,44.18,43.95,44.6,174542,77.85,2846, 112447, 64.42,0.6442403547570212,2025-01-07
SURANAT&P, EQ, 07-Jan-2025,23.14,23.0,24.61,22.76,24.48,24.5,23.81,335157,79.81,2134, 204590, 61.04,0.6104303356337477,2025-01-07
SURYALAXMI, EQ, 07-Jan-2025,83.77,85.46,85.76,82.51,82.61,82.84,83.5,15124,12.63,512, 8510, 56.27,0.5626818302036498,2025-01-07
SURYAROSNI, EQ, 07-Jan-2025,259.35,262.35,266.5,258.65,263.6,263.25,263.04,507758,1335.62,17661, 271452, 53.46,0.5346090066527756,2025-01-07
SURYODAY, EQ, 07-Jan-2025,131.8,133.7,133.92,130.56,130.99,130.93,131.37,339333,445.79,6485, 206510, 60.86,0.6085762363224325,2025-01-07
SUTLEJTEX, EQ, 07-Jan-2025,61.8,61.8,63.99,61.8,62.52,62.86,62.87,81645,51.33,1623, 42784, 52.40,0.5240247412578848,2025-01-07
SUULD, BZ, 07-Jan-2025,3.78,3.8,3.94,3.59,3.82,3.77,3.68,69064,2.54,178, -, -,,2025-01-07
SUVEN, EQ, 07-Jan-2025,122.46,123.95,127.73,121.63,126.0,126.38,125.29,166490,208.59,2378, 60278, 36.21,0.36205177488137424,2025-01-07
SUVENPHAR, EQ, 07-Jan-2025,1092.6,1088.95,1120.0,1081.25,1096.0,1092.95,1100.02,111663,1228.31,16445, 43391, 38.86,0.38858887903781913,2025-01-07
SUVIDHAA, EQ, 07-Jan-2025,6.33,6.4,6.52,5.06,5.8,5.69,5.98,473675,28.34,1267, 290819, 61.40,0.6139631603947855,2025-01-07
SUYOG, EQ, 07-Jan-2025,1691.5,1703.0,1730.0,1690.0,1724.0,1706.8,1710.01,21475,367.22,2433, 11242, 52.35,0.5234924330616997,2025-01-07
SUZLON, EQ, 07-Jan-2025,58.85,58.06,61.79,58.06,60.85,60.88,60.37,59115926,35688.16,156943, 27145363, 45.92,0.45918866262874747,2025-01-07
SVLL, BE, 07-Jan-2025,370.0,370.0,372.0,370.0,372.0,372.0,370.18,2432,9.0,21, -, -,,2025-01-07
SVPGLOB, BE, 07-Jan-2025,5.16,5.29,5.29,4.91,5.05,5.07,5.03,211719,10.65,209, -, -,,2025-01-07
SWANENERGY, EQ, 07-Jan-2025,697.85,701.35,733.3,701.35,727.0,726.3,720.34,3454109,24881.18,74740, 731178, 21.17,0.21168353401702147,2025-01-07
SWARAJENG, EQ, 07-Jan-2025,3021.35,3021.2,3057.6,3021.0,3040.0,3041.55,3039.77,2326,70.71,862, 953, 40.97,0.4097162510748065,2025-01-07
SWELECTES, EQ, 07-Jan-2025,971.1,979.2,996.85,972.55,985.0,989.6,985.99,16385,161.55,2854, 8098, 49.42,0.4942325297528227,2025-01-07
SWIGGY, EQ, 07-Jan-2025,532.1,538.0,538.0,505.15,509.85,509.25,515.92,12034803,62089.52,150886, 5277600, 43.85,0.43852815870770795,2025-01-07
SWSOLAR, EQ, 07-Jan-2025,447.95,448.45,455.95,444.4,452.0,450.65,449.98,634815,2856.55,13980, 301778, 47.54,0.47537944125453874,2025-01-07
SYMPHONY, EQ, 07-Jan-2025,1302.2,1310.55,1381.05,1309.9,1353.0,1349.55,1353.67,166118,2248.68,25197, 42060, 25.32,0.253193513044944,2025-01-07
SYNCOMF, EQ, 07-Jan-2025,19.68,19.52,20.09,19.24,19.56,19.57,19.74,3535243,697.79,11842, 1607362, 45.47,0.45466803837812564,2025-01-07
SYNGENE, EQ, 07-Jan-2025,862.2,862.2,889.85,862.2,879.35,877.8,879.84,816353,7182.56,63714, 365709, 44.80,0.4479789992809483,2025-01-07
SYRMA, EQ, 07-Jan-2025,595.25,602.5,619.75,602.45,613.65,614.6,612.51,989932,6063.41,42028, 234895, 23.73,0.23728397506091328,2025-01-07
TAINWALCHM, EQ, 07-Jan-2025,272.55,271.9,286.95,271.9,278.9,277.75,278.72,6361,17.73,298, 3181, 50.01,0.5000786039930829,2025-01-07
TAJGVK, EQ, 07-Jan-2025,422.05,426.5,438.4,425.0,431.0,429.1,431.49,558220,2408.65,11976, 168093, 30.11,0.30112321307011575,2025-01-07
TAKE, EQ, 07-Jan-2025,15.68,15.84,16.2,15.65,15.84,15.89,15.92,73572,11.71,782, 41811, 56.83,0.568300440384929,2025-01-07
TALBROAUTO, EQ, 07-Jan-2025,300.2,301.05,308.0,300.85,307.0,305.9,304.72,53512,163.06,2354, 25767, 48.15,0.4815181641500972,2025-01-07
TANLA, EQ, 07-Jan-2025,690.85,690.8,752.65,688.55,698.0,699.15,720.62,7861148,56649.04,217087, 1105771, 14.07,0.14066278869193152,2025-01-07
TARACHAND, EQ, 07-Jan-2025,57.86,57.8,57.8,54.71,55.0,55.43,55.98,442162,247.52,4847, 230664, 52.17,0.521673051958332,2025-01-07
TARAPUR, BE, 07-Jan-2025,48.86,47.88,47.88,47.88,47.88,47.88,47.88,23649,11.32,183, -, -,,2025-01-07
TARC, EQ, 07-Jan-2025,177.89,181.85,181.85,173.0,174.0,174.15,174.98,858716,1502.61,6998, 443960, 51.70,0.5170044578184173,2025-01-07
TARIL, BE, 07-Jan-2025,1204.5,1208.0,1250.0,1200.0,1235.0,1236.0,1231.67,336312,4142.25,10388, -, -,,2025-01-07
TARMAT, EQ, 07-Jan-2025,75.19,75.8,76.79,73.41,74.25,74.42,74.88,20733,15.52,555, 13334, 64.31,0.6431293107606232,2025-01-07
TARSONS, EQ, 07-Jan-2025,403.05,405.85,422.9,403.75,413.5,415.6,412.76,67222,277.47,3439, 27476, 40.87,0.40873523548838175,2025-01-07
TASTYBITE, EQ, 07-Jan-2025,9983.55,9998.65,10119.95,9886.6,9951.05,9949.7,9980.05,1726,172.26,896, 791, 45.83,0.4582850521436848,2025-01-07
TATACHEM, EQ, 07-Jan-2025,991.25,1001.0,1022.5,991.0,1009.9,1012.2,1010.36,1311159,13247.48,45312, 620685, 47.34,0.47338652291598504,2025-01-07
TATACOMM, EQ, 07-Jan-2025,1691.2,1690.0,1705.0,1680.0,1689.85,1686.45,1690.57,194557,3289.13,20457, 105734, 54.35,0.5434602712829659,2025-01-07
TATACONSUM, EQ, 07-Jan-2025,946.9,952.0,972.0,949.75,955.0,955.0,963.65,2413582,23258.47,89350, 1007310, 41.74,0.4173506431519625,2025-01-07
TATAELXSI, EQ, 07-Jan-2025,6486.45,6540.0,6577.75,6422.5,6530.3,6542.35,6497.45,208512,13547.96,33009, 76371, 36.63,0.3662666896869245,2025-01-07
TATAGOLD, EQ, 07-Jan-2025,7.57,7.58,7.61,7.5,7.6,7.58,7.6,2821319,214.31,13953, 1539078, 54.55,0.5455171854015799,2025-01-07
TATAINVEST, EQ, 07-Jan-2025,6652.8,6672.85,6735.7,6644.05,6680.0,6684.35,6683.09,26750,1787.73,6673, 8556, 31.99,0.3198504672897196,2025-01-07
TATAMOTORS, EQ, 07-Jan-2025,776.25,776.0,796.95,772.5,792.5,793.25,787.61,15547971,122456.78,314304, 5421719, 34.87,0.34870910165705865,2025-01-07
TATAPOWER, EQ, 07-Jan-2025,378.65,380.0,384.45,377.55,378.8,378.75,380.19,7289119,27712.72,107154, 3175869, 43.57,0.4356999796546057,2025-01-07
TATASTEEL, EQ, 07-Jan-2025,132.18,132.78,133.88,132.01,133.18,133.38,133.05,24239451,32249.73,193472, 9010071, 37.17,0.3717110177124061,2025-01-07
TATATECH, EQ, 07-Jan-2025,876.4,881.0,888.0,878.05,883.1,881.45,881.75,424409,3742.22,34012, 202915, 47.81,0.4781119156285564,2025-01-07
TATSILV, EQ, 07-Jan-2025,8.68,8.78,8.82,8.69,8.79,8.8,8.78,1090636,95.71,2327, 993756, 91.12,0.9111710964978232,2025-01-07
TATVA, EQ, 07-Jan-2025,886.85,888.0,906.6,886.8,891.8,895.8,895.27,20075,179.72,2172, 9614, 47.89,0.4789041095890411,2025-01-07
TBOTEK, EQ, 07-Jan-2025,1772.0,1769.0,1769.05,1720.6,1748.0,1743.1,1739.79,83013,1444.25,11072, 47727, 57.49,0.5749340464746485,2025-01-07
TBZ, EQ, 07-Jan-2025,235.21,238.0,258.73,236.0,255.0,255.21,251.58,870244,2189.37,11369, 250093, 28.74,0.28738261912750906,2025-01-07
TCI, EQ, 07-Jan-2025,1121.75,1110.0,1128.65,1103.55,1115.0,1114.5,1118.67,52640,588.87,6834, 25833, 49.07,0.4907484802431611,2025-01-07
TCIEXP, EQ, 07-Jan-2025,818.05,818.05,822.15,809.05,814.9,816.3,816.95,21793,178.04,3018, 11316, 51.92,0.51924930023402,2025-01-07
TCIFINANCE, BE, 07-Jan-2025,17.1,16.75,16.75,16.75,16.75,16.75,16.75,2959,0.5,54, -, -,,2025-01-07
TCLCONS, EQ, 07-Jan-2025,47.02,47.98,49.37,46.36,48.5,48.07,48.2,170847,82.34,2828, 75843, 44.39,0.44392351050940315,2025-01-07
TCPLPACK, EQ, 07-Jan-2025,3163.5,3169.35,3221.4,3157.0,3160.0,3202.55,3191.91,1755,56.02,469, 1177, 67.07,0.6706552706552706,2025-01-07
TCS, EQ, 07-Jan-2025,4095.0,4114.95,4140.35,4011.55,4031.0,4028.3,4045.86,2669054,107986.29,177825, 1585862, 59.42,0.5941663225996926,2025-01-07
TDPOWERSYS, EQ, 07-Jan-2025,434.35,436.0,446.4,435.6,443.75,443.4,440.44,367296,1617.73,18917, 188385, 51.29,0.5128969550444328,2025-01-07
TEAMLEASE, EQ, 07-Jan-2025,2939.7,2970.0,2988.6,2784.8,2853.15,2856.15,2848.68,78701,2241.94,15397, 34236, 43.50,0.4350135322295778,2025-01-07
TECH, EQ, 07-Jan-2025,45.82,45.51,46.4,45.4,45.4,45.46,45.67,9162,4.18,202, 5679, 61.98,0.6198428290766208,2025-01-07
TECHM, EQ, 07-Jan-2025,1686.3,1693.0,1705.0,1661.5,1669.65,1671.15,1673.05,1305847,21847.43,62136, 698635, 53.50,0.5350052494664382,2025-01-07
TECHNOE, EQ, 07-Jan-2025,1540.6,1600.0,1612.0,1551.0,1578.0,1583.85,1586.53,204849,3249.99,26469, 85292, 41.64,0.41636522511703744,2025-01-07
TECILCHEM, EQ, 07-Jan-2025,24.91,24.91,25.99,23.66,25.74,25.74,24.62,999,0.25,32, 994, 99.50,0.994994994994995,2025-01-07
TEGA, EQ, 07-Jan-2025,1557.4,1572.95,1589.0,1547.05,1565.25,1570.9,1571.84,33882,532.57,6556, 15116, 44.61,0.446136591700608,2025-01-07
TEJASNET, EQ, 07-Jan-2025,1133.5,1142.8,1176.1,1142.0,1171.0,1166.9,1159.7,413784,4798.66,31160, 151555, 36.63,0.36626597451810605,2025-01-07
TEMBO, BE, 07-Jan-2025,816.05,814.0,840.0,775.25,822.0,817.35,788.06,122745,967.31,2475, -, -,,2025-01-07
TERASOFT, BE, 07-Jan-2025,187.11,183.9,191.99,178.15,187.45,185.01,185.32,52089,96.53,510, -, -,,2025-01-07
TEXINFRA, EQ, 07-Jan-2025,125.02,125.02,130.8,125.02,130.2,130.04,129.09,479916,619.53,3911, 235913, 49.16,0.4915714416689587,2025-01-07
TEXMOPIPES, EQ, 07-Jan-2025,63.65,64.34,64.55,63.05,63.66,63.84,63.69,30596,19.49,525, 15786, 51.59,0.5159497973591319,2025-01-07
TEXRAIL, EQ, 07-Jan-2025,189.62,189.62,196.05,189.62,195.92,195.71,193.35,1260755,2437.73,20043, 416355, 33.02,0.33024259273213274,2025-01-07
TFCILTD, EQ, 07-Jan-2025,167.63,166.0,170.7,166.0,167.41,168.28,168.54,253027,426.46,7016, 86838, 34.32,0.34319657585949326,2025-01-07
TFL, BE, 07-Jan-2025,21.31,20.88,21.73,20.88,21.73,21.73,21.34,7674,1.64,41, -, -,,2025-01-07
TGBHOTELS, EQ, 07-Jan-2025,13.42,13.46,13.69,13.0,13.13,13.16,13.27,49904,6.62,401, 30185, 60.49,0.6048613337608207,2025-01-07
THANGAMAYL, EQ, 07-Jan-2025,1940.8,1947.75,2075.0,1942.0,2052.5,2058.6,2024.65,57811,1170.47,8225, 30837, 53.34,0.5334105965992632,2025-01-07
THEINVEST, EQ, 07-Jan-2025,189.79,190.94,198.0,190.9,195.0,194.28,194.06,8298,16.1,413, 3608, 43.48,0.4348035671246083,2025-01-07
THEJO, EQ, 07-Jan-2025,1996.2,1975.0,2021.6,1949.95,1970.0,1978.3,1995.35,8650,172.6,1181, 5779, 66.81,0.6680924855491329,2025-01-07
THEMISMED, EQ, 07-Jan-2025,259.15,260.0,264.1,256.35,257.0,258.15,260.28,61458,159.96,1687, 35137, 57.17,0.5717237788408344,2025-01-07
THERMAX, EQ, 07-Jan-2025,4153.55,4181.85,4204.8,4081.55,4121.0,4097.4,4141.51,57862,2396.36,11328, 32304, 55.83,0.558293871625592,2025-01-07
THOMASCOOK, EQ, 07-Jan-2025,185.53,186.43,194.98,185.91,191.55,192.37,191.74,662811,1270.87,9952, 378078, 57.04,0.5704160009414448,2025-01-07
THOMASCOTT, BE, 07-Jan-2025,479.7,470.1,470.1,470.1,470.1,470.1,470.1,8335,39.18,102, -, -,,2025-01-07
THYROCARE, EQ, 07-Jan-2025,1017.9,1015.85,1015.85,940.0,947.25,952.0,972.76,257357,2503.46,15720, 77732, 30.20,0.3020395792614928,2025-01-07
TI, EQ, 07-Jan-2025,419.3,424.4,448.15,422.25,440.9,442.8,439.09,1669957,7332.58,52923, 524661, 31.42,0.3141763530438209,2025-01-07
TIIL, EQ, 07-Jan-2025,2916.75,2855.0,2934.0,2855.0,2920.0,2906.45,2909.2,9154,266.31,2417, 5835, 63.74,0.6374262617435001,2025-01-07
TIINDIA, EQ, 07-Jan-2025,3489.6,3492.0,3516.35,3450.0,3484.95,3473.7,3475.96,192699,6698.15,20505, 132999, 69.02,0.6901904005729143,2025-01-07
TIJARIA, BE, 07-Jan-2025,11.13,10.9,10.9,10.9,10.9,10.9,10.9,2495,0.27,15, -, -,,2025-01-07
TIL, BE, 07-Jan-2025,283.2,280.0,292.35,271.6,289.0,289.95,287.38,2506,7.2,86, -, -,,2025-01-07
TIMESGTY, BE, 07-Jan-2025,166.29,165.99,174.0,165.99,170.5,170.47,170.79,11868,20.27,121, -, -,,2025-01-07
TIMETECHNO, EQ, 07-Jan-2025,461.6,461.95,478.15,461.6,470.9,471.25,471.46,1308403,6168.58,44301, 525214, 40.14,0.40141607746237207,2025-01-07
TIMKEN, EQ, 07-Jan-2025,2939.35,2969.35,2969.35,2910.7,2922.2,2924.4,2924.22,116706,3412.75,17494, 89923, 77.05,0.7705087998903227,2025-01-07
TIPSFILMS, BE, 07-Jan-2025,572.3,571.95,598.95,555.0,588.0,582.1,569.33,5021,28.59,148, -, -,,2025-01-07
TIPSMUSIC, EQ, 07-Jan-2025,711.6,715.3,734.5,701.6,727.0,726.5,723.7,423845,3067.38,23034, 246000, 58.04,0.5804008540858097,2025-01-07
TIRUMALCHM, EQ, 07-Jan-2025,318.2,319.95,332.5,319.95,331.7,330.85,327.18,172905,565.7,11452, 68362, 39.54,0.39537318180503744,2025-01-07
TIRUPATIFL, BE, 07-Jan-2025,63.14,61.87,61.87,61.87,61.87,61.87,61.87,138370,85.61,587, -, -,,2025-01-07
TITAGARH, EQ, 07-Jan-2025,1087.95,1102.95,1148.95,1094.1,1119.0,1120.85,1121.63,1648186,18486.53,63677, 391153, 23.73,0.23732333607978712,2025-01-07
TITAN, EQ, 07-Jan-2025,3470.4,3490.0,3576.7,3485.0,3490.9,3505.1,3533.44,2389563,84433.82,159776, 1182852, 49.50,0.49500766458134815,2025-01-07
TMB, EQ, 07-Jan-2025,445.85,444.9,451.45,440.0,446.25,445.45,446.28,94370,421.15,6864, 54167, 57.40,0.5739853767086998,2025-01-07
TNIDETF, EQ, 07-Jan-2025,99.54,99.0,100.94,98.06,99.0,98.35,98.58,76256,75.17,1214, 72098, 94.55,0.9454731430969366,2025-01-07
TNPETRO, EQ, 07-Jan-2025,77.57,77.57,83.75,77.33,80.33,80.48,81.15,272967,221.52,4620, 126251, 46.25,0.4625137837174457,2025-01-07
TNPL, EQ, 07-Jan-2025,189.02,189.18,198.45,189.18,193.2,193.79,195.25,372205,726.72,12086, 166525, 44.74,0.44740129767198183,2025-01-07
TNTELE, BE, 07-Jan-2025,11.02,11.02,11.5,10.98,11.18,11.09,11.12,18854,2.1,82, -, -,,2025-01-07
TOKYOPLAST, EQ, 07-Jan-2025,125.89,128.89,128.89,125.66,125.9,126.04,126.48,5225,6.61,557, 2947, 56.40,0.5640191387559809,2025-01-07
TOLINS, EQ, 07-Jan-2025,203.03,205.0,220.0,204.04,216.8,215.21,214.91,425724,914.93,8416, 132582, 31.14,0.3114271217972207,2025-01-07
TOP100CASE, EQ, 07-Jan-2025,10.1,10.18,10.21,10.08,10.17,10.11,10.12,812593,82.27,2548, 714088, 87.88,0.8787769522996137,2025-01-07
TOP10ADD, EQ, 07-Jan-2025,92.86,94.14,94.15,92.0,93.8,93.07,93.0,335880,312.36,971, 328233, 97.72,0.9772329403358342,2025-01-07
TORNTPHARM, EQ, 07-Jan-2025,3362.95,3380.0,3443.5,3351.55,3399.0,3404.1,3411.82,134592,4592.03,22580, 67479, 50.14,0.501359664764622,2025-01-07
TORNTPOWER, EQ, 07-Jan-2025,1471.35,1486.0,1494.6,1447.3,1451.4,1453.5,1463.46,316996,4639.12,43871, 187171, 59.05,0.5904522454542013,2025-01-07
TOTAL, EQ, 07-Jan-2025,69.64,71.73,74.0,69.99,73.55,73.43,72.61,7701,5.59,386, 4857, 63.07,0.6306973120373978,2025-01-07
TOUCHWOOD, EQ, 07-Jan-2025,145.44,151.37,151.37,145.3,145.5,145.69,146.71,2793,4.1,77, 1882, 67.38,0.673827425707125,2025-01-07
TPHQ, BE, 07-Jan-2025,2.46,2.41,2.41,2.41,2.41,2.41,2.41,372214,8.97,555, -, -,,2025-01-07
TPLPLASTEH, EQ, 07-Jan-2025,98.65,99.01,102.5,99.01,101.0,100.92,101.14,210024,212.43,2341, 65519, 31.20,0.3119595855711728,2025-01-07
TRACXN, EQ, 07-Jan-2025,73.8,74.39,75.51,74.39,75.05,75.02,75.09,231182,173.59,1827, 137344, 59.41,0.5940946959538372,2025-01-07
TRANSRAILL, EQ, 07-Jan-2025,660.4,675.0,702.95,636.3,668.0,669.5,666.01,11337902,75511.04,212683, 1249093, 11.02,0.11016967689436723,2025-01-07
TRANSWORLD, EQ, 07-Jan-2025,410.8,413.3,439.95,413.3,436.0,436.55,429.92,69971,300.82,2067, 34604, 49.45,0.4945477412070715,2025-01-07
TREEHOUSE, BE, 07-Jan-2025,16.9,16.7,16.7,16.56,16.56,16.56,16.65,11628,1.94,15, -, -,,2025-01-07
TREJHARA, EQ, 07-Jan-2025,252.58,263.99,263.99,251.99,257.0,256.89,257.2,11717,30.14,473, 8289, 70.74,0.7074336434240847,2025-01-07
TREL, EQ, 07-Jan-2025,38.33,38.0,39.01,37.58,38.59,38.48,38.19,339365,129.6,1710, 149760, 44.13,0.44129477111664434,2025-01-07
TRENT, EQ, 07-Jan-2025,6998.35,7010.2,7085.0,6838.35,6844.2,6874.3,6969.1,601356,41909.11,63724, 292222, 48.59,0.48593844577920564,2025-01-07
TRF, EQ, 07-Jan-2025,422.35,425.9,435.8,422.05,427.8,429.9,429.03,13787,59.15,934, 5831, 42.29,0.42293464858199753,2025-01-07
TRIDENT, EQ, 07-Jan-2025,32.58,32.45,33.09,32.17,33.01,32.95,32.68,6974467,2279.15,31015, 2003990, 28.73,0.2873323509882547,2025-01-07
TRIGYN, EQ, 07-Jan-2025,103.56,104.02,113.89,104.0,113.55,112.61,109.64,143596,157.44,3429, 88542, 61.66,0.6166049193570852,2025-01-07
TRITURBINE, EQ, 07-Jan-2025,752.25,750.0,770.75,743.4,760.35,762.65,757.07,429238,3249.65,27392, 131260, 30.58,0.3057977159524553,2025-01-07
TRIVENI, EQ, 07-Jan-2025,427.05,427.6,442.1,427.25,429.25,430.2,433.01,622620,2696.0,24341, 182244, 29.27,0.29270502071889754,2025-01-07
TRU, BE, 07-Jan-2025,15.8,15.48,15.48,15.48,15.48,15.48,15.48,103133,15.96,194, -, -,,2025-01-07
TTKHLTCARE, EQ, 07-Jan-2025,1383.5,1379.05,1409.15,1360.0,1361.05,1367.3,1371.01,10124,138.8,810, 7992, 78.94,0.7894112998814697,2025-01-07
TTKPRESTIG, EQ, 07-Jan-2025,809.75,801.0,821.95,801.0,821.95,817.6,811.31,16393,133.0,4198, 6115, 37.30,0.37302507167693527,2025-01-07
TTL, BE, 07-Jan-2025,149.9,150.1,150.1,145.0,148.8,146.59,147.68,22452,33.16,278, -, -,,2025-01-07
TTML, EQ, 07-Jan-2025,74.12,74.5,76.15,74.16,75.48,75.45,75.33,3562014,2683.26,29170, 674268, 18.93,0.18929403421772065,2025-01-07
TVSELECT, EQ, 07-Jan-2025,396.6,396.6,409.75,391.05,399.2,397.65,401.84,31442,126.35,1948, 11438, 36.38,0.36378092996628714,2025-01-07
TVSHLTD, EQ, 07-Jan-2025,9897.85,9980.0,10195.2,9897.0,10159.95,10120.2,10063.37,10456,1052.23,3767, 5465, 52.27,0.5226664116296863,2025-01-07
TVSMOTOR, EQ, 07-Jan-2025,2413.85,2420.05,2450.85,2366.75,2371.4,2384.5,2395.22,529516,12683.06,43316, 294357, 55.59,0.5558982164844877,2025-01-07
TVSSCS, EQ, 07-Jan-2025,169.34,169.5,172.98,169.5,170.8,170.77,171.45,338423,580.24,10132, 138415, 40.90,0.40899997931582666,2025-01-07
TVSSRICHAK, EQ, 07-Jan-2025,3473.3,3490.0,3524.95,3463.95,3475.0,3473.0,3486.68,1062,37.03,321, 748, 70.43,0.704331450094162,2025-01-07
TVTODAY, EQ, 07-Jan-2025,208.63,208.0,210.5,206.5,210.4,209.45,208.56,55367,115.47,2313, 25096, 45.33,0.4532663861144725,2025-01-07
TVVISION, BE, 07-Jan-2025,17.4,16.53,16.53,16.53,16.53,16.53,16.53,24593,4.07,68, -, -,,2025-01-07
UBL, EQ, 07-Jan-2025,2075.75,2055.0,2100.0,2055.0,2074.8,2075.35,2079.62,73329,1524.96,7835, 26844, 36.61,0.36607617722865443,2025-01-07
UCAL, BE, 07-Jan-2025,186.71,187.98,192.0,185.01,187.0,187.96,188.05,8543,16.07,143, -, -,,2025-01-07
UCOBANK, EQ, 07-Jan-2025,43.01,43.27,43.75,42.72,43.39,43.5,43.3,4133134,1789.66,18727, 981461, 23.75,0.23746169371716475,2025-01-07
UDAICEMENT, EQ, 07-Jan-2025,29.48,29.49,30.17,29.48,29.9,29.89,29.94,318487,95.35,1452, 166776, 52.37,0.5236508868493848,2025-01-07
UDS, EQ, 07-Jan-2025,369.8,370.95,377.25,370.55,370.8,372.85,373.55,124881,466.49,4220, 58157, 46.57,0.46569934577717986,2025-01-07
UFLEX, EQ, 07-Jan-2025,513.6,524.8,531.4,510.45,524.2,525.65,522.44,54623,285.37,4427, 24579, 45.00,0.4499752851362979,2025-01-07
UFO, EQ, 07-Jan-2025,100.86,102.55,104.18,100.3,101.6,102.24,101.99,71838,73.27,1646, 32624, 45.41,0.4541329101589688,2025-01-07
UGARSUGAR, EQ, 07-Jan-2025,61.97,62.01,63.68,60.62,62.0,61.81,61.77,311268,192.27,4123, 116161, 37.32,0.373186450261511,2025-01-07
UGROCAP, EQ, 07-Jan-2025,231.64,228.71,237.0,228.71,234.0,235.52,233.65,120012,280.4,2446, 74708, 62.25,0.6225044162250442,2025-01-07
UJJIVANSFB, EQ, 07-Jan-2025,34.05,34.11,34.33,33.71,34.25,34.16,34.06,5981431,2037.41,28360, 2984412, 49.89,0.49894615519262864,2025-01-07
ULTRACEMCO, EQ, 07-Jan-2025,11503.6,11514.95,11635.15,11485.15,11612.95,11618.55,11597.4,197212,22871.47,48662, 130110, 65.97,0.6597468713871367,2025-01-07
UMAEXPORTS, EQ, 07-Jan-2025,108.8,109.01,116.9,108.25,110.35,109.39,111.86,106645,119.29,1942, 43373, 40.67,0.40670448684889116,2025-01-07
UMANGDAIRY, BE, 07-Jan-2025,101.28,102.9,104.4,100.0,102.91,104.12,103.07,11248,11.59,167, -, -,,2025-01-07
UMESLTD, EQ, 07-Jan-2025,6.52,6.57,6.84,6.5,6.52,6.54,6.61,40082,2.65,161, 29926, 74.66,0.7466194301681552,2025-01-07
UNICHEMLAB, EQ, 07-Jan-2025,708.75,709.0,739.1,709.0,731.0,728.8,725.29,18603,134.93,1894, 10313, 55.44,0.5543729505993656,2025-01-07
UNIDT, EQ, 07-Jan-2025,249.35,254.5,268.0,248.55,267.95,264.15,258.66,42093,108.88,2090, 28408, 67.49,0.674886560710807,2025-01-07
UNIECOM, EQ, 07-Jan-2025,162.43,163.24,167.85,163.01,165.8,165.61,165.62,435583,721.39,7551, 139228, 31.96,0.31963598212051436,2025-01-07
UNIENTER, EQ, 07-Jan-2025,155.68,156.0,158.46,152.35,155.0,155.04,155.13,18585,28.83,898, 9613, 51.72,0.517245090126446,2025-01-07
UNIINFO, EQ, 07-Jan-2025,32.28,32.01,33.72,32.01,32.58,32.55,32.76,9481,3.11,210, 5491, 57.92,0.5791583166332666,2025-01-07
UNIMECH, EQ, 07-Jan-2025,1344.15,1355.95,1410.0,1335.5,1383.5,1385.55,1379.21,1193564,16461.76,40570, 218246, 18.29,0.18285236485014628,2025-01-07
UNIONBANK, EQ, 07-Jan-2025,114.72,114.74,115.8,112.56,112.85,112.81,114.18,15013620,17142.69,77825, 5152827, 34.32,0.3432101651700256,2025-01-07
UNIPARTS, EQ, 07-Jan-2025,404.1,406.75,410.5,404.5,409.6,409.05,407.06,35828,145.84,1715, 21718, 60.62,0.6061739421681367,2025-01-07
UNITDSPR, EQ, 07-Jan-2025,1641.15,1641.45,1657.95,1622.3,1625.0,1626.3,1634.39,542151,8860.88,45024, 292497, 53.95,0.5395120547596518,2025-01-07
UNITECH, BZ, 07-Jan-2025,9.42,9.35,9.5,9.06,9.42,9.38,9.35,1544971,144.44,1716, -, -,,2025-01-07
UNITEDPOLY, BE, 07-Jan-2025,162.2,162.45,162.45,161.05,161.05,161.05,161.73,8594,13.9,24, -, -,,2025-01-07
UNITEDTEA, EQ, 07-Jan-2025,515.15,522.0,589.0,521.35,566.0,560.45,560.59,78093,437.78,3675, 15622, 20.00,0.20004353783309645,2025-01-07
UNIVASTU, EQ, 07-Jan-2025,278.15,278.1,283.8,278.0,281.45,281.6,281.44,24946,70.21,467, 16015, 64.20,0.6419866912531067,2025-01-07
UNIVCABLES, EQ, 07-Jan-2025,820.65,820.0,858.55,808.05,838.0,838.5,838.35,78342,656.78,3557, 40871, 52.17,0.5216997268387328,2025-01-07
UNIVPHOTO, BE, 07-Jan-2025,215.83,212.26,219.9,208.05,214.95,211.36,214.61,18758,40.26,260, -, -,,2025-01-07
UNOMINDA, EQ, 07-Jan-2025,1064.15,1060.0,1069.15,1035.2,1054.0,1060.3,1055.08,389826,4112.99,40420, 168535, 43.23,0.43233391307916863,2025-01-07
UPL, EQ, 07-Jan-2025,521.3,521.0,548.65,520.0,543.6,544.45,542.37,4787940,25968.14,75071, 1469179, 30.68,0.30684991875420325,2025-01-07
URAVI, EQ, 07-Jan-2025,396.35,412.8,419.8,394.25,405.55,397.45,403.93,889,3.59,124, 656, 73.79,0.7379077615298087,2025-01-07
URJA, BE, 07-Jan-2025,16.58,16.3,16.98,16.01,16.7,16.61,16.6,611347,101.5,4704, -, -,,2025-01-07
USHAMART, EQ, 07-Jan-2025,368.1,368.95,381.5,368.1,380.0,379.8,377.93,1228919,4644.44,29493, 815422, 66.35,0.6635278647331516,2025-01-07
USK, EQ, 07-Jan-2025,55.17,57.45,60.85,55.5,59.1,59.41,58.69,937276,550.09,7202, 447201, 47.71,0.4771284018794891,2025-01-07
UTIAMC, EQ, 07-Jan-2025,1285.4,1285.4,1323.2,1283.3,1296.0,1296.2,1302.61,103734,1351.25,14559, 43452, 41.89,0.41887905604719766,2025-01-07
UTIBANKETF, EQ, 07-Jan-2025,51.07,51.74,51.74,51.13,51.48,51.31,51.39,39127,20.11,726, 31707, 81.04,0.8103611316993381,2025-01-07
UTINEXT50, EQ, 07-Jan-2025,71.52,71.88,72.48,71.1,71.7,71.27,71.53,103166,73.8,1418, 74851, 72.55,0.7255394219025648,2025-01-07
UTINIFTETF, EQ, 07-Jan-2025,257.49,260.48,260.48,257.5,257.75,257.84,258.15,12048,31.1,271, 11609, 96.36,0.963562416998672,2025-01-07
UTISENSETF, EQ, 07-Jan-2025,851.27,854.89,854.9,847.0,848.0,849.79,850.47,1094,9.3,140, 858, 78.43,0.7842778793418648,2025-01-07
UTISXN50, EQ, 07-Jan-2025,86.05,87.47,87.48,86.0,86.49,86.26,86.44,4636,4.01,116, 3658, 78.90,0.7890422778257118,2025-01-07
UTKARSHBNK, EQ, 07-Jan-2025,32.9,32.0,32.32,31.06,31.9,31.83,31.84,7187840,2288.82,39094, 3382940, 47.06,0.4706476493633692,2025-01-07
UTTAMSUGAR, EQ, 07-Jan-2025,253.4,254.15,255.5,251.6,253.6,253.4,253.49,32700,82.89,1616, 15880, 48.56,0.4856269113149847,2025-01-07
UYFINCORP, EQ, 07-Jan-2025,23.71,24.0,24.89,23.8,23.99,24.05,24.11,26938,6.5,306, 13515, 50.17,0.5017076249164749,2025-01-07
V2RETAIL, BE, 07-Jan-2025,1753.0,1732.0,1750.0,1700.0,1739.9,1732.2,1734.82,61810,1072.29,3583, -, -,,2025-01-07
VADILALIND, EQ, 07-Jan-2025,3766.25,3787.25,3895.0,3767.7,3841.0,3854.95,3844.59,3986,153.25,1161, 1342, 33.67,0.3366783743100853,2025-01-07
VAIBHAVGBL, EQ, 07-Jan-2025,281.3,283.6,292.05,282.5,290.4,290.1,288.24,288096,830.41,13046, 105057, 36.47,0.36465969676774407,2025-01-07
VAISHALI, BE, 07-Jan-2025,17.28,16.93,16.93,16.93,16.93,16.93,16.93,84110,14.24,213, -, -,,2025-01-07
VAKRANGEE, EQ, 07-Jan-2025,33.07,33.58,36.37,33.41,36.19,36.22,35.06,39172116,13733.31,31326, 15239710, 38.90,0.38904485016842083,2025-01-07
VAL30IETF, EQ, 07-Jan-2025,12.23,12.37,12.47,12.3,12.3,12.35,12.35,41614,5.14,201, 25153, 60.44,0.6044360071129908,2025-01-07
VALIANTLAB, EQ, 07-Jan-2025,109.11,112.95,112.95,109.54,110.12,110.47,110.52,32972,36.44,1006, 16413, 49.78,0.4977860002426301,2025-01-07
VALIANTORG, EQ, 07-Jan-2025,304.5,306.65,312.45,305.3,307.35,306.95,307.96,17881,55.07,1555, 9010, 50.39,0.5038868072255467,2025-01-07
VARDHACRLC, EQ, 07-Jan-2025,51.66,52.0,53.4,52.0,53.3,52.87,52.66,12196,6.42,374, 8093, 66.36,0.6635782223679895,2025-01-07
VARDMNPOLY, BE, 07-Jan-2025,13.25,13.1,13.91,12.9,13.91,13.91,13.67,506972,69.33,574, -, -,,2025-01-07
VARROC, EQ, 07-Jan-2025,609.15,609.3,624.3,599.2,617.4,621.3,612.84,354618,2173.24,19893, 118457, 33.40,0.3340411372237168,2025-01-07
VASCONEQ, EQ, 07-Jan-2025,52.59,52.25,54.55,52.25,54.0,54.08,53.92,460900,248.5,2502, 264148, 57.31,0.5731134736385333,2025-01-07
VASWANI, EQ, 07-Jan-2025,58.1,58.1,64.25,57.14,59.4,60.13,61.09,552338,337.4,4582, 242258, 43.86,0.4386046225318555,2025-01-07
VBL, EQ, 07-Jan-2025,630.7,630.65,636.9,615.05,619.2,618.2,621.38,3524547,21900.68,85970, 1973424, 55.99,0.5599085499498233,2025-01-07
VCL, BE, 07-Jan-2025,0.89,0.84,0.92,0.84,0.88,0.87,0.87,345468,3.02,237, -, -,,2025-01-07
VEDL, EQ, 07-Jan-2025,442.3,443.0,454.5,443.0,448.55,448.25,450.07,5869461,26416.9,77832, 2562907, 43.67,0.4366511677988831,2025-01-07
VEEDOL, EQ, 07-Jan-2025,1627.55,1627.55,1758.0,1625.25,1705.6,1704.4,1708.68,37293,637.22,3863, 12079, 32.39,0.3238945646636098,2025-01-07
VENKEYS, EQ, 07-Jan-2025,1755.3,1755.3,1784.85,1750.35,1774.0,1772.5,1770.17,14969,264.98,2678, 6733, 44.98,0.4497962455741866,2025-01-07
VENTIVE, EQ, 07-Jan-2025,712.45,719.5,726.7,707.0,719.0,722.05,716.74,792194,5677.94,15628, 398638, 50.32,0.5032075476461574,2025-01-07
VENUSPIPES, EQ, 07-Jan-2025,1552.4,1532.0,1598.0,1532.0,1598.0,1589.9,1567.06,83724,1312.0,15358, 15419, 18.42,0.1841646361855621,2025-01-07
VENUSREM, EQ, 07-Jan-2025,301.65,306.0,313.85,303.5,303.55,306.4,309.13,27195,84.07,1658, 14700, 54.05,0.5405405405405406,2025-01-07
VERANDA, EQ, 07-Jan-2025,234.63,232.6,238.8,231.3,235.8,235.97,234.43,90170,211.38,2045, 55017, 61.01,0.6101474991682377,2025-01-07
VERTOZ, EQ, 07-Jan-2025,13.79,13.8,14.1,13.62,14.0,13.92,13.89,1142912,158.76,2543, 623425, 54.55,0.5454706924067645,2025-01-07
VESUVIUS, EQ, 07-Jan-2025,4389.3,4408.95,4487.15,4383.7,4480.0,4473.2,4436.88,6374,282.81,2417, 3155, 49.50,0.4949796046438657,2025-01-07
VETO, BE, 07-Jan-2025,132.1,131.99,134.89,130.35,132.74,131.17,131.63,30278,39.86,189, -, -,,2025-01-07
VGUARD, EQ, 07-Jan-2025,421.35,426.0,429.7,412.8,422.2,426.6,420.52,293241,1233.12,20358, 121207, 41.33,0.4133357886516551,2025-01-07
VHL, EQ, 07-Jan-2025,4209.8,4150.05,4365.0,4150.0,4342.0,4345.1,4303.97,1240,53.37,572, 631, 50.89,0.5088709677419355,2025-01-07
VHLTD, BE, 07-Jan-2025,117.09,112.75,120.0,112.75,115.96,115.96,114.93,2508,2.88,52, -, -,,2025-01-07
VIDHIING, EQ, 07-Jan-2025,504.2,511.25,519.0,504.35,515.0,515.75,512.24,20549,105.26,2015, 11146, 54.24,0.5424108229110906,2025-01-07
VIJAYA, EQ, 07-Jan-2025,1126.3,1153.0,1222.0,1140.1,1195.0,1209.6,1187.32,2996149,35574.0,136004, 945180, 31.55,0.3154649518431827,2025-01-07
VIJIFIN, BE, 07-Jan-2025,3.13,3.12,3.12,3.09,3.09,3.09,3.1,31883,0.99,120, -, -,,2025-01-07
VIKASECO, EQ, 07-Jan-2025,3.2,3.22,3.25,3.18,3.21,3.21,3.22,2411568,77.54,3705, 1360031, 56.40,0.5639612899159385,2025-01-07
VIKASLIFE, EQ, 07-Jan-2025,4.13,4.11,4.19,4.11,4.13,4.11,4.13,3168072,130.99,6658, 1927523, 60.84,0.6084214626435258,2025-01-07
VIMTALABS, EQ, 07-Jan-2025,924.55,924.0,1059.0,924.0,1012.0,1021.05,1013.53,349609,3543.38,20757, 95836, 27.41,0.27412337783066226,2025-01-07
VINATIORGA, EQ, 07-Jan-2025,1714.85,1700.3,1742.95,1700.05,1710.5,1707.0,1718.6,14255,244.99,3508, 6908, 48.46,0.48460189407225535,2025-01-07
VINCOFE, EQ, 07-Jan-2025,125.72,126.47,130.01,126.47,126.95,127.42,128.66,337038,433.64,3033, 193806, 57.50,0.5750271482740819,2025-01-07
VINDHYATEL, EQ, 07-Jan-2025,1829.85,1835.35,1879.4,1827.35,1852.3,1856.3,1852.07,10796,199.95,1686, 5739, 53.16,0.5315857725083364,2025-01-07
VINEETLAB, EQ, 07-Jan-2025,52.59,52.59,59.39,52.59,58.2,58.03,56.78,141862,80.55,1586, 66087, 46.59,0.46585413993881375,2025-01-07
VINNY, BE, 07-Jan-2025,1.74,1.74,1.79,1.72,1.79,1.76,1.75,455251,7.97,719, -, -,,2025-01-07
VINYLINDIA, EQ, 07-Jan-2025,332.2,338.15,342.05,332.6,336.9,335.7,337.78,12515,42.27,1369, 5754, 45.98,0.4597682780663204,2025-01-07
VIPCLOTHNG, EQ, 07-Jan-2025,44.04,43.3,46.0,43.3,44.3,44.72,45.0,239791,107.91,1423, 112175, 46.78,0.46780321196375174,2025-01-07
VIPIND, EQ, 07-Jan-2025,477.2,480.0,484.75,474.05,484.75,482.45,479.67,150068,719.83,12337, 74438, 49.60,0.496028467094917,2025-01-07
VIPULLTD, BE, 07-Jan-2025,21.89,21.45,21.45,21.45,21.45,21.45,21.45,26468,5.68,189, -, -,,2025-01-07
VIRINCHI, EQ, 07-Jan-2025,28.15,28.16,28.89,28.01,28.8,28.76,28.56,212682,60.74,1898, 102796, 48.33,0.4833319227767277,2025-01-07
VISAKAIND, EQ, 07-Jan-2025,87.32,87.32,87.89,86.8,87.1,86.9,87.11,110626,96.37,1671, 79292, 71.68,0.7167573626453094,2025-01-07
VISASTEEL, BE, 07-Jan-2025,41.27,43.33,43.33,40.5,43.33,43.32,42.19,86874,36.65,210, -, -,,2025-01-07
VISHNU, EQ, 07-Jan-2025,385.35,385.4,392.35,380.0,381.75,381.6,384.1,87352,335.52,3162, 55382, 63.40,0.6340095246817474,2025-01-07
VISHWARAJ, EQ, 07-Jan-2025,14.44,14.51,14.75,14.46,14.47,14.51,14.55,622680,90.62,1522, 275907, 44.31,0.4430959722489882,2025-01-07
VIVIDHA, EQ, 07-Jan-2025,1.02,1.02,1.02,1.0,1.02,1.01,1.01,417636,4.23,515, 340944, 81.64,0.8163664051949544,2025-01-07
VLEGOV, EQ, 07-Jan-2025,182.96,186.45,190.99,183.51,187.0,189.05,187.64,968384,1817.08,7701, 481804, 49.75,0.4975340360848589,2025-01-07
VLSFINANCE, EQ, 07-Jan-2025,332.2,333.2,336.9,328.35,336.0,333.35,333.54,29054,96.91,2119, 13109, 45.12,0.4511943278034006,2025-01-07
VMART, EQ, 07-Jan-2025,3628.9,3623.05,3681.7,3532.35,3578.0,3585.45,3588.84,18045,647.61,7421, 8449, 46.82,0.4682183430313106,2025-01-07
VMM, EQ, 07-Jan-2025,104.84,107.0,114.35,106.7,113.85,113.58,110.74,52702210,58360.64,164654, 16735752, 31.76,0.31755313486853776,2025-01-07
VOLTAMP, EQ, 07-Jan-2025,9752.35,9815.35,9940.0,9717.55,9848.0,9839.15,9843.25,12403,1220.86,4816, 4657, 37.55,0.37547367572361523,2025-01-07
VOLTAS, EQ, 07-Jan-2025,1776.0,1772.0,1805.0,1764.65,1780.15,1779.7,1779.86,895288,15934.9,36297, 598099, 66.81,0.6680520681613068,2025-01-07
VPRPL, EQ, 07-Jan-2025,281.1,284.65,290.3,282.25,288.2,288.15,287.09,639848,1836.93,16141, 168859, 26.39,0.26390486490541504,2025-01-07
VRAJ, EQ, 07-Jan-2025,214.88,215.58,220.34,215.0,216.44,216.25,216.78,57876,125.46,2105, 19664, 33.98,0.33976086806275485,2025-01-07
VRLLOG, EQ, 07-Jan-2025,503.1,503.1,509.7,501.6,504.2,504.35,504.49,20670,104.28,2973, 9391, 45.43,0.454329946782777,2025-01-07
VSSL, EQ, 07-Jan-2025,232.46,233.3,238.0,230.98,234.0,234.75,233.49,42893,100.15,2756, 19415, 45.26,0.45263795957382325,2025-01-07
VSTIND, EQ, 07-Jan-2025,328.1,328.45,332.9,327.9,329.8,329.4,329.89,95419,314.77,7311, 52300, 54.81,0.5481088672067408,2025-01-07
VSTL, EQ, 07-Jan-2025,209.76,215.99,215.99,208.93,212.1,213.14,211.76,10435,22.1,450, 6596, 63.21,0.6321034978437949,2025-01-07
VSTTILLERS, EQ, 07-Jan-2025,4903.3,4925.0,4990.0,4803.65,4861.45,4900.35,4930.48,3396,167.44,1370, 1821, 53.62,0.5362190812720848,2025-01-07
VTL, EQ, 07-Jan-2025,487.1,492.0,512.95,492.0,510.4,510.25,504.11,229641,1157.64,16806, 89221, 38.85,0.3885238263202129,2025-01-07
WAAREEENER, EQ, 07-Jan-2025,2741.6,2748.9,2824.0,2739.9,2763.0,2769.0,2777.36,826532,22955.78,55605, 188692, 22.83,0.2282936413835157,2025-01-07
WABAG, EQ, 07-Jan-2025,1560.8,1575.0,1618.05,1565.05,1608.45,1605.2,1599.11,399766,6392.71,42849, 209656, 52.44,0.5244468013788066,2025-01-07
WALCHANNAG, EQ, 07-Jan-2025,265.75,269.0,281.0,267.75,275.1,274.7,275.0,342571,942.07,7065, 107545, 31.39,0.3139349215199185,2025-01-07
WANBURY, BZ, 07-Jan-2025,275.65,268.5,281.9,268.5,272.5,274.45,275.19,20706,56.98,349, -, -,,2025-01-07
WCIL, EQ, 07-Jan-2025,114.15,115.85,118.0,114.5,115.19,115.93,115.76,350098,405.27,6550, 146011, 41.71,0.4170575096115945,2025-01-07
WEALTH, BE, 07-Jan-2025,1493.5,1519.9,1519.9,1460.0,1489.7,1474.3,1482.76,3441,51.02,367, -, -,,2025-01-07
WEBELSOLAR, BE, 07-Jan-2025,1732.35,1714.0,1818.95,1714.0,1818.95,1818.95,1783.89,162904,2906.02,5691, -, -,,2025-01-07
WEIZMANIND, EQ, 07-Jan-2025,133.48,136.99,136.99,133.0,135.78,135.34,134.53,6444,8.67,225, 4327, 67.15,0.6714773432650528,2025-01-07
WEL, EQ, 07-Jan-2025,153.05,152.0,158.59,152.0,156.05,157.51,156.16,281864,440.15,2227, 93478, 33.16,0.331642210427724,2025-01-07
WELCORP, EQ, 07-Jan-2025,774.2,778.8,800.0,778.0,795.0,797.2,792.04,310512,2459.37,13443, 138676, 44.66,0.44660431802957695,2025-01-07
WELENT, EQ, 07-Jan-2025,610.15,609.0,653.8,599.95,653.0,651.2,638.16,389456,2485.34,22323, 169990, 43.65,0.4364806293907399,2025-01-07
WELINV, EQ, 07-Jan-2025,910.5,892.1,940.0,892.1,940.0,934.85,928.48,1581,14.68,91, 1021, 64.58,0.6457938013915243,2025-01-07
WELSPUNLIV, EQ, 07-Jan-2025,156.16,156.35,160.78,156.3,159.91,159.78,158.8,872277,1385.14,19894, 357957, 41.04,0.41037078817852585,2025-01-07
WENDT, EQ, 07-Jan-2025,16450.75,16429.3,16700.0,16244.0,16600.0,16637.8,16562.73,284,47.04,150, 186, 65.49,0.6549295774647887,2025-01-07
WESTLIFE, EQ, 07-Jan-2025,803.8,804.0,826.9,787.1,824.85,823.9,813.68,176224,1433.9,19792, 71312, 40.47,0.404666787724714,2025-01-07
WEWIN, EQ, 07-Jan-2025,89.89,89.89,90.97,88.0,88.07,88.12,89.12,3493,3.11,268, 2556, 73.17,0.7317492127111366,2025-01-07
WHEELS, EQ, 07-Jan-2025,704.05,708.6,724.0,705.0,724.0,721.0,714.54,19229,137.4,2334, 8889, 46.23,0.4622705288886578,2025-01-07
WHIRLPOOL, EQ, 07-Jan-2025,1798.55,1787.0,1824.95,1739.7,1765.95,1754.6,1768.68,122860,2173.0,35244, 73279, 59.64,0.5964431059742796,2025-01-07
WILLAMAGOR, EQ, 07-Jan-2025,36.93,37.89,38.19,36.53,37.3,37.56,37.45,9143,3.42,238, 4847, 53.01,0.5301323416821612,2025-01-07
WINDLAS, EQ, 07-Jan-2025,1001.9,1010.0,1034.0,1005.05,1030.0,1028.8,1022.0,19127,195.48,1549, 12139, 63.47,0.6346525853505516,2025-01-07
WINDMACHIN, EQ, 07-Jan-2025,352.75,352.75,362.0,345.75,360.0,359.95,355.02,118669,421.29,3029, 43760, 36.88,0.368756794107981,2025-01-07
WINSOME, BZ, 07-Jan-2025,3.41,3.34,3.46,3.34,3.38,3.34,3.37,7599,0.26,43, -, -,,2025-01-07
WIPL, BE, 07-Jan-2025,228.66,228.66,228.66,218.0,224.25,224.25,220.8,887,1.96,28, -, -,,2025-01-07
WIPRO, EQ, 07-Jan-2025,294.3,294.3,297.5,291.3,293.9,294.05,293.59,7381943,21672.53,79777, 3500484, 47.42,0.4741954794286545,2025-01-07
WOCKPHARMA, EQ, 07-Jan-2025,1465.65,1471.55,1498.0,1445.35,1485.5,1483.3,1480.47,323604,4790.85,10597, 130576, 40.35,0.40350551909123494,2025-01-07
WONDERLA, EQ, 07-Jan-2025,734.9,745.9,772.0,732.75,761.3,768.0,753.28,104021,783.57,10766, 44392, 42.68,0.42675998115765085,2025-01-07
WORTH, EQ, 07-Jan-2025,168.95,170.0,185.84,170.0,181.75,178.75,182.88,458059,837.68,3394, 159307, 34.78,0.3477870754640778,2025-01-07
WSI, EQ, 07-Jan-2025,109.51,109.51,111.9,108.35,111.9,110.26,109.9,46019,50.58,1407, 24433, 53.09,0.5309328755514027,2025-01-07
WSTCSTPAPR, EQ, 07-Jan-2025,548.2,547.8,559.0,547.5,552.25,554.3,555.18,54980,305.24,4847, 22968, 41.78,0.4177519097853765,2025-01-07
XCHANGING, EQ, 07-Jan-2025,110.52,110.0,115.67,110.0,114.4,114.81,113.53,175675,199.44,2974, 89305, 50.84,0.5083534936672833,2025-01-07
XELPMOC, EQ, 07-Jan-2025,125.39,124.5,131.65,124.5,127.25,129.91,129.13,27966,36.11,674, 9879, 35.33,0.35325037545591076,2025-01-07
XPROINDIA, EQ, 07-Jan-2025,1502.85,1519.0,1556.1,1490.0,1538.0,1529.9,1517.29,32620,494.94,3358, 17350, 53.19,0.5318822808093194,2025-01-07
XTGLOBAL, EQ, 07-Jan-2025,43.59,44.82,51.0,43.17,48.49,48.78,48.48,434010,210.42,4554, 182403, 42.03,0.4202737264118338,2025-01-07
YASHO, EQ, 07-Jan-2025,2080.65,2100.0,2100.0,2033.3,2044.05,2058.0,2062.46,6277,129.46,1390, 3197, 50.93,0.5093197387286921,2025-01-07
YATHARTH, EQ, 07-Jan-2025,555.5,562.65,566.1,545.45,548.5,551.85,556.67,360844,2008.73,21460, 193003, 53.49,0.5348654820365587,2025-01-07
YATRA, EQ, 07-Jan-2025,111.24,111.24,113.63,110.72,111.95,110.98,111.59,149895,167.27,2770, 61103, 40.76,0.4076386804096201,2025-01-07
YESBANK, EQ, 07-Jan-2025,18.9,19.01,19.11,18.8,19.02,19.02,19.0,67368307,12800.96,87145, 20762110, 30.82,0.308188092065309,2025-01-07
YUKEN, EQ, 07-Jan-2025,1027.35,1042.25,1050.0,1031.3,1043.0,1040.85,1042.74,2008,20.94,437, 1162, 57.87,0.5786852589641435,2025-01-07
ZAGGLE, EQ, 07-Jan-2025,534.15,535.0,560.85,528.8,544.0,545.7,545.28,659301,3595.0,14521, 306064, 46.42,0.46422498979980314,2025-01-07
ZEEL, EQ, 07-Jan-2025,122.56,122.51,130.79,122.51,129.85,129.5,126.94,12933885,16418.13,65367, 5706002, 44.12,0.4411669038343854,2025-01-07
ZEELEARN, EQ, 07-Jan-2025,7.67,7.7,7.87,7.45,7.76,7.71,7.65,1637649,125.32,2061, 1039289, 63.46,0.6346225595350408,2025-01-07
ZEEMEDIA, EQ, 07-Jan-2025,19.23,18.65,20.19,18.65,20.19,20.15,19.63,2754426,540.72,3578, 1910596, 69.36,0.6936457904478102,2025-01-07
ZENITHEXPO, EQ, 07-Jan-2025,281.0,271.5,272.4,266.95,266.95,267.5,269.71,782,2.11,55, 418, 53.45,0.5345268542199488,2025-01-07
ZENITHSTL, EQ, 07-Jan-2025,8.48,8.4,8.5,8.23,8.35,8.33,8.37,126716,10.6,658, 91767, 72.42,0.7241942611824869,2025-01-07
ZENSARTECH, EQ, 07-Jan-2025,771.7,773.3,791.85,769.3,772.9,773.3,777.8,433144,3368.99,26973, 99155, 22.89,0.228919250872689,2025-01-07
ZENTEC, EQ, 07-Jan-2025,2455.35,2465.0,2532.0,2450.0,2500.0,2497.85,2494.69,239798,5982.21,20220, 105886, 44.16,0.44156331579079056,2025-01-07
ZFCVINDIA, EQ, 07-Jan-2025,11499.25,11499.25,11645.0,11415.0,11499.75,11499.65,11503.78,15352,1766.06,4535, 11330, 73.80,0.7380145909327774,2025-01-07
ZIMLAB, EQ, 07-Jan-2025,103.87,102.65,107.29,102.65,107.15,105.99,106.03,73093,77.5,1401, 36359, 49.74,0.4974347748758431,2025-01-07
ZODIAC, EQ, 07-Jan-2025,487.75,487.7,502.0,480.7,502.0,499.75,493.52,14538,71.75,1401, 8085, 55.61,0.5561287659925712,2025-01-07
ZODIACLOTH, EQ, 07-Jan-2025,126.17,131.0,131.0,125.1,127.85,126.62,126.87,12057,15.3,469, 6289, 52.16,0.5216057062287468,2025-01-07
ZOMATO, EQ, 07-Jan-2025,264.85,256.95,259.2,251.0,251.75,252.45,253.95,115216965,292593.84,604528, 59481929, 51.63,0.5162601618607121,2025-01-07
ZOTA, EQ, 07-Jan-2025,853.7,880.0,998.9,875.3,971.0,968.5,947.79,549253,5205.77,17961, 149697, 27.25,0.2725465313798923,2025-01-07
ZUARI, EQ, 07-Jan-2025,208.84,212.0,218.23,209.17,216.13,216.56,214.24,285919,612.56,4267, 147364, 51.54,0.515404712523477,2025-01-07
ZUARIIND, EQ, 07-Jan-2025,316.8,317.0,324.8,311.5,322.0,319.3,318.09,82489,262.39,2686, 46103, 55.89,0.5588987622592103,2025-01-07
ZYDUSLIFE, EQ, 07-Jan-2025,961.45,970.0,1014.0,969.9,1002.0,1000.85,1000.36,3691121,36924.65,113326, 1262057, 34.19,0.3419169948641619,2025-01-07
ZYDUSWELL, EQ, 07-Jan-2025,1950.4,1950.0,1977.3,1933.85,1973.0,1971.1,1956.07,8337,163.08,3369, 2637, 31.63,0.3163008276358402,2025-01-07
