SYMBOL,SERIES,DATE1,PREV_CLOSE,OPEN_PRICE,HIGH_PRICE,LOW_PRICE,LAST_PRICE,CLOSE_PRICE,AVG_PRICE,TTL_TRD_QNTY,TURNOVER_LACS,NO_OF_TRADES,DELIV_QTY,DELIV_PER,DELIVERY_PCT,DATE
20MICRONS, BE, 26-Jun-2023,93.05,93.05,95.85,90.1, 91.00,90.6,91.43,64675,59.13,508, -, -,,2023-06-26
21STCENMGM, EQ, 26-Jun-2023,22.45,22.85,22.85,22.85, 22.85,22.85,22.85,4156,0.95,12, 4156, 100.00,1.0,2023-06-26
360ONE, EQ, 26-Jun-2023,450.6,453.55,458.0,447.0, 452.00,452.0,452.46,285211,1290.48,17477, 188024, 65.92,0.6592452605264173,2023-06-26
3IINFOLTD, EQ, 26-Jun-2023,35.15,35.0,35.3,34.7, 34.70,34.95,35.0,281496,98.52,2526, 125465, 44.57,0.4457079319066701,2023-06-26
3MINDIA, EQ, 26-Jun-2023,26977.0,27050.0,27594.0,26995.1, 27430.05,27508.0,27358.84,1682,460.18,1122, 790, 46.97,0.469678953626635,2023-06-26
3PLAND, BE, 26-Jun-2023,19.3,19.3,20.0,19.15, 19.55,19.55,19.58,2651,0.52,46, -, -,,2023-06-26
4THDIM, BE, 26-Jun-2023,18.95,18.6,18.6,18.6, 18.60,18.6,18.6,3079,0.57,51, -, -,,2023-06-26
5PAISA, EQ, 26-Jun-2023,355.7,359.65,361.85,353.15, 357.20,357.75,357.71,33436,119.61,3315, 17365, 51.94,0.5193504007656419,2023-06-26
63MOONS, EQ, 26-Jun-2023,201.7,204.85,227.55,199.25, 203.75,207.5,215.59,4931106,10630.76,70923, 805575, 16.34,0.16336598726533155,2023-06-26
A2ZINFRA, BE, 26-Jun-2023,7.6,7.6,7.7,7.4, 7.70,7.5,7.56,72438,5.48,153, -, -,,2023-06-26
AAATECH, EQ, 26-Jun-2023,58.55,58.3,58.9,54.55, 55.45,55.55,56.38,49303,27.8,963, 30450, 61.76,0.6176094760967893,2023-06-26
AAKASH, BE, 26-Jun-2023,6.0,6.0,6.0,5.9, 5.95,5.95,5.95,79872,4.75,374, -, -,,2023-06-26
AAREYDRUGS, EQ, 26-Jun-2023,33.2,33.65,34.1,32.55, 32.55,32.65,33.2,23936,7.95,473, 12284, 51.32,0.513201871657754,2023-06-26
AARON, EQ, 26-Jun-2023,217.0,226.0,226.0,219.05, 221.45,220.9,221.4,9239,20.45,348, 5819, 62.98,0.629830068189198,2023-06-26
AARTIDRUGS, EQ, 26-Jun-2023,444.15,444.15,453.95,444.15, 448.00,449.9,450.62,152437,686.92,5965, 53339, 34.99,0.3499084867847045,2023-06-26
AARTIIND, EQ, 26-Jun-2023,502.8,503.0,509.9,501.15, 507.50,508.1,505.49,1048410,5299.59,22993, 387390, 36.95,0.36950238933241764,2023-06-26
AARTIPHARM, EQ, 26-Jun-2023,383.3,385.95,392.8,384.6, 389.50,388.2,389.35,79617,309.99,4048, 53765, 67.53,0.6752954770966,2023-06-26
AARTISURF, EQ, 26-Jun-2023,611.75,617.8,628.0,611.15, 628.00,620.85,618.45,5805,35.9,1382, 3229, 55.62,0.556244616709733,2023-06-26
AARVEEDEN, EQ, 26-Jun-2023,20.2,20.85,20.85,19.95, 20.00,20.05,20.21,6382,1.29,120, 5061, 79.30,0.7930115951112504,2023-06-26
AARVI, EQ, 26-Jun-2023,141.05,142.65,142.65,138.0, 138.00,138.2,139.84,11763,16.45,438, 7224, 61.41,0.6141290487120632,2023-06-26
AAVAS, EQ, 26-Jun-2023,1394.05,1403.15,1473.8,1392.2, 1466.10,1463.2,1442.83,1794903,25897.43,43726, 1176069, 65.52,0.6552270512668372,2023-06-26
ABAN, EQ, 26-Jun-2023,39.85,40.05,40.4,39.15, 39.70,39.4,39.54,106259,42.01,935, 76238, 71.75,0.7174733434344385,2023-06-26
ABB, EQ, 26-Jun-2023,4239.7,4237.0,4300.0,4216.3, 4299.95,4285.35,4266.78,138748,5920.07,18287, 80717, 58.18,0.5817525297661948,2023-06-26
ABBOTINDIA, EQ, 26-Jun-2023,22659.3,22600.0,22933.95,22598.8, 22920.90,22841.15,22742.61,9642,2192.84,4926, 4299, 44.59,0.4458618543870566,2023-06-26
ABCAPITAL, EQ, 26-Jun-2023,175.0,175.95,182.0,174.35, 181.55,181.25,178.09,6215223,11068.63,42944, 2297666, 36.97,0.369683597837117,2023-06-26
ABFRL, EQ, 26-Jun-2023,203.95,203.95,209.1,200.0, 208.50,208.3,204.8,2398382,4911.82,20556, 772623, 32.21,0.3221434283612869,2023-06-26
ABMINTLLTD, BE, 26-Jun-2023,46.2,44.7,48.5,44.7, 48.50,48.5,44.94,606,0.27,11, -, -,,2023-06-26
ABSLAMC, EQ, 26-Jun-2023,367.55,366.6,369.85,362.55, 364.55,364.15,364.8,24817,90.53,1806, 14924, 60.14,0.6013619696176008,2023-06-26
ABSLBANETF, EQ, 26-Jun-2023,43.91,42.6,44.45,42.6, 43.75,43.89,43.9,9790,4.3,450, 1975, 20.17,0.2017364657814096,2023-06-26
ABSLLIQUID, EQ, 26-Jun-2023,1000.01,1000.01,1000.01,999.99, 999.99,999.99,999.99,3395,33.95,7, 3370, 99.26,0.9926362297496318,2023-06-26
ABSLNN50ET, EQ, 26-Jun-2023,43.94,43.94,45.01,43.4, 45.01,44.02,43.91,8676,3.81,114, 6936, 79.94,0.7994467496542186,2023-06-26
ACC, EQ, 26-Jun-2023,1766.9,1772.0,1796.8,1754.0, 1795.05,1792.3,1780.9,361121,6431.2,21605, 159510, 44.17,0.44170790399893667,2023-06-26
ACCELYA, EQ, 26-Jun-2023,1336.65,1336.65,1352.0,1333.1, 1350.00,1337.7,1340.05,8185,109.68,1279, 4472, 54.64,0.5463653023824069,2023-06-26
ACCURACY, EQ, 26-Jun-2023,10.25,10.35,10.45,9.8, 10.00,9.95,10.06,1665496,167.52,2042, 1250683, 75.09,0.7509372583302512,2023-06-26
ACE, EQ, 26-Jun-2023,457.15,455.15,471.95,453.05, 469.75,469.9,465.61,370375,1724.49,20049, 184666, 49.86,0.498591967600405,2023-06-26
ACEINTEG, BE, 26-Jun-2023,37.5,37.5,37.5,36.7, 37.50,37.5,37.5,1013,0.38,12, -, -,,2023-06-26
ACI, EQ, 26-Jun-2023,535.1,537.5,542.4,530.0, 533.20,533.4,534.19,109395,584.38,7070, 68907, 62.99,0.6298916769505005,2023-06-26
ACL, EQ, 26-Jun-2023,83.45,79.3,87.6,79.3, 82.00,85.5,82.76,531535,439.9,4820, 182329, 34.30,0.3430235073889772,2023-06-26
ADANIENT, EQ, 26-Jun-2023,2233.55,2210.05,2336.45,2173.05, 2301.90,2295.6,2283.14,7847341,179165.83,282882, 814457, 10.38,0.10378763966036393,2023-06-26
ADANIGREEN, EQ, 26-Jun-2023,959.85,940.0,973.9,925.0, 967.00,968.45,961.52,6002771,57717.89,90748, 3167396, 52.77,0.5276556443682426,2023-06-26
ADANIPORTS, EQ, 26-Jun-2023,714.3,710.0,726.3,705.1, 723.80,724.4,720.51,5696079,41040.98,85987, 2120003, 37.22,0.37218637592631704,2023-06-26
ADANIPOWER, EQ, 26-Jun-2023,242.4,234.05,254.4,231.0, 251.20,250.6,247.39,8107191,20056.12,95426, 1945876, 24.00,0.24001852182833733,2023-06-26
ADANITRANS, EQ, 26-Jun-2023,757.5,750.0,783.55,743.25, 773.80,770.75,767.7,1379942,10593.87,54189, 512568, 37.14,0.3714416982742753,2023-06-26
ADFFOODS, EQ, 26-Jun-2023,937.3,945.0,951.95,930.15, 931.70,934.5,936.18,4994,46.75,833, 2496, 49.98,0.49979975971165397,2023-06-26
ADL, BE, 26-Jun-2023,76.0,73.6,76.4,73.6, 75.00,75.0,74.53,831,0.62,23, -, -,,2023-06-26
ADORWELD, EQ, 26-Jun-2023,1098.8,1099.95,1131.25,1094.0, 1116.05,1121.9,1120.08,27278,305.54,3872, 9281, 34.02,0.34023755407287926,2023-06-26
ADROITINFO, BE, 26-Jun-2023,18.15,17.6,19.05,17.55, 18.60,18.6,18.74,48205,9.03,126, -, -,,2023-06-26
ADSL, EQ, 26-Jun-2023,102.85,101.45,103.45,99.15, 101.90,101.35,100.84,350018,352.96,4995, 148516, 42.43,0.42430960693450054,2023-06-26
ADVANIHOTR, EQ, 26-Jun-2023,87.05,87.35,89.0,84.35, 88.25,88.1,86.58,102753,88.97,1574, 51653, 50.27,0.5026909189999319,2023-06-26
ADVENZYMES, EQ, 26-Jun-2023,268.75,282.3,282.3,265.6, 272.10,273.65,270.37,171029,462.42,6606, 49788, 29.11,0.2911085254547474,2023-06-26
AEGISCHEM, EQ, 26-Jun-2023,317.45,319.5,329.65,318.5, 325.00,322.8,322.67,881134,2843.18,21437, 427014, 48.46,0.4846186845587618,2023-06-26
AETHER, EQ, 26-Jun-2023,1128.7,1120.0,1124.5,1085.0, 1088.00,1088.5,1101.45,135211,1489.29,10214, 44342, 32.79,0.3279466907278254,2023-06-26
AFFLE, EQ, 26-Jun-2023,1083.9,1082.05,1109.65,1062.8, 1096.45,1095.7,1086.75,256487,2787.37,17970, 84031, 32.76,0.32762284248324475,2023-06-26
AGARIND, EQ, 26-Jun-2023,606.75,610.3,613.8,604.0, 606.00,607.7,608.17,16150,98.22,1492, 8195, 50.74,0.5074303405572755,2023-06-26
AGI, EQ, 26-Jun-2023,566.8,566.0,581.3,562.75, 569.40,570.95,572.63,81741,468.08,5204, 44294, 54.19,0.5418822867349311,2023-06-26
AGRITECH, EQ, 26-Jun-2023,103.75,104.0,105.95,102.65, 104.05,105.05,104.64,10544,11.03,284, 3374, 32.00,0.31999241274658574,2023-06-26
AGROPHOS, EQ, 26-Jun-2023,35.2,35.2,35.95,35.2, 35.25,35.35,35.52,12943,4.6,218, 8631, 66.68,0.6668469442942131,2023-06-26
AGSTRA, EQ, 26-Jun-2023,56.75,57.15,57.6,56.3, 56.90,56.75,56.9,136504,77.67,1486, 74808, 54.80,0.5480278966184141,2023-06-26
AHL, EQ, 26-Jun-2023,303.3,303.95,308.75,303.95, 304.00,304.85,305.55,119775,365.97,4101, 48788, 40.73,0.4073304111876435,2023-06-26
AHLADA, EQ, 26-Jun-2023,113.35,113.0,116.1,110.05, 110.75,110.7,111.92,20184,22.59,203, 15284, 75.72,0.7572334522393975,2023-06-26
AHLEAST, EQ, 26-Jun-2023,121.1,121.0,121.1,119.5, 119.50,119.75,120.0,2852,3.42,80, 2153, 75.49,0.7549088359046283,2023-06-26
AHLUCONT, EQ, 26-Jun-2023,609.45,609.0,612.0,598.45, 608.00,607.35,606.87,39879,242.01,4901, 18151, 45.52,0.4551518342987537,2023-06-26
AIAENG, EQ, 26-Jun-2023,3311.6,3346.55,3363.7,3304.0, 3305.00,3319.05,3330.77,26144,870.8,6125, 13383, 51.19,0.5118956548347613,2023-06-26
AIRAN, EQ, 26-Jun-2023,17.35,17.35,17.65,16.95, 17.65,17.2,17.21,141320,24.32,755, 86291, 61.06,0.6106071327483725,2023-06-26
AIROLAM, EQ, 26-Jun-2023,82.1,82.1,82.1,81.0, 81.00,81.2,81.21,6474,5.26,84, 5559, 85.87,0.8586654309545876,2023-06-26
AJANTPHARM, EQ, 26-Jun-2023,1462.9,1472.45,1528.55,1460.5, 1463.85,1472.0,1502.13,172242,2587.3,22630, 26860, 15.59,0.15594338198581068,2023-06-26
AJMERA, EQ, 26-Jun-2023,365.75,366.55,368.75,360.85, 364.30,364.95,365.0,45871,167.43,2803, 8513, 18.56,0.18558566414510258,2023-06-26
AJOONI, BE, 26-Jun-2023,4.35,4.35,4.45,4.3, 4.40,4.4,4.37,95441,4.17,231, -, -,,2023-06-26
AJRINFRA, BZ, 26-Jun-2023,0.65,0.65,0.65,0.6, 0.60,0.6,0.61,734692,4.48,528, -, -,,2023-06-26
AKASH, BE, 26-Jun-2023,28.85,29.45,29.45,27.8, 28.00,28.35,28.31,7154,2.03,79, -, -,,2023-06-26
AKG, BE, 26-Jun-2023,30.8,31.0,31.35,29.8, 31.00,31.15,30.93,11558,3.57,76, -, -,,2023-06-26
AKI, BE, 26-Jun-2023,22.3,22.3,22.35,21.25, 21.40,21.35,21.68,45201,9.8,272, -, -,,2023-06-26
AKSHAR, BE, 26-Jun-2023,64.5,66.25,66.45,61.6, 66.15,62.5,63.22,4937,3.12,63, -, -,,2023-06-26
AKSHARCHEM, EQ, 26-Jun-2023,239.65,238.65,238.65,236.0, 236.00,236.4,236.93,2904,6.88,179, 1859, 64.02,0.6401515151515151,2023-06-26
AKSHOPTFBR, EQ, 26-Jun-2023,8.4,8.5,8.5,8.35, 8.35,8.35,8.37,128840,10.78,356, 95713, 74.29,0.7428826451412605,2023-06-26
AKZOINDIA, EQ, 26-Jun-2023,2452.3,2465.0,2485.0,2423.1, 2438.00,2434.25,2448.68,9470,231.89,2632, 5307, 56.04,0.5604012671594509,2023-06-26
ALANKIT, EQ, 26-Jun-2023,9.45,9.55,9.55,9.3, 9.45,9.4,9.39,64786,6.08,346, 37513, 57.90,0.579029419936406,2023-06-26
ALBERTDAVD, EQ, 26-Jun-2023,589.2,589.05,594.85,588.0, 591.20,591.1,591.13,6424,37.97,761, 4539, 70.66,0.7065691158156912,2023-06-26
ALEMBICLTD, EQ, 26-Jun-2023,70.7,71.3,73.9,70.1, 72.40,72.75,71.81,728091,522.86,5765, 242143, 33.26,0.3325724394340817,2023-06-26
ALICON, EQ, 26-Jun-2023,747.95,755.35,755.35,742.2, 747.00,743.95,745.21,6511,48.52,818, 4268, 65.55,0.6555060666564276,2023-06-26
ALKALI, BE, 26-Jun-2023,113.8,116.3,116.3,111.05, 112.15,112.15,112.77,5609,6.33,780, -, -,,2023-06-26
ALKEM, EQ, 26-Jun-2023,3349.95,3347.0,3415.0,3335.8, 3392.05,3401.5,3390.96,131596,4462.37,11056, 76925, 58.46,0.5845542417702666,2023-06-26
ALKYLAMINE, EQ, 26-Jun-2023,2606.9,2606.9,2659.75,2563.2, 2645.00,2646.65,2620.95,33844,887.03,7238, 13459, 39.77,0.3976775794823307,2023-06-26
ALLCARGO, EQ, 26-Jun-2023,282.55,282.95,282.95,278.0, 279.85,281.1,280.53,120169,337.11,3930, 60515, 50.36,0.5035824547096173,2023-06-26
ALLSEC, EQ, 26-Jun-2023,543.35,543.35,547.4,530.1, 533.00,532.15,535.16,8683,46.47,978, 5744, 66.15,0.6615225152597028,2023-06-26
ALMONDZ, EQ, 26-Jun-2023,74.8,74.15,76.1,73.95, 74.50,74.15,74.86,15408,11.53,405, 10304, 66.87,0.6687435098650052,2023-06-26
ALOKINDS, EQ, 26-Jun-2023,17.55,17.9,18.65,17.55, 18.05,18.05,18.03,14586637,2630.02,21947, 5538218, 37.97,0.3796775089419172,2023-06-26
ALPA, EQ, 26-Jun-2023,65.9,64.6,68.75,64.55, 68.45,68.15,67.52,295353,199.42,2953, 155937, 52.80,0.527968227849387,2023-06-26
ALPHAGEO, EQ, 26-Jun-2023,268.85,271.5,273.5,268.3, 269.30,270.15,270.95,10066,27.27,798, 6514, 64.71,0.6471289489370157,2023-06-26
AMARAJABAT, EQ, 26-Jun-2023,635.05,635.1,647.2,635.1, 645.15,645.3,644.11,308187,1985.05,17007, 145741, 47.29,0.4728979483235828,2023-06-26
AMBER, EQ, 26-Jun-2023,2257.65,2263.95,2279.95,2211.7, 2227.00,2228.25,2240.88,125964,2822.71,13078, 43409, 34.46,0.3446143342542314,2023-06-26
AMBICAAGAR, BE, 26-Jun-2023,36.5,36.0,38.25,35.5, 38.00,37.0,36.71,49944,18.33,173, -, -,,2023-06-26
AMBIKCO, EQ, 26-Jun-2023,1647.6,1663.9,1663.9,1617.0, 1650.00,1630.8,1631.33,10374,169.23,2766, 6532, 62.97,0.6296510507036823,2023-06-26
AMBUJACEM, EQ, 26-Jun-2023,425.8,425.75,433.9,419.3, 432.95,432.05,426.9,3401951,14523.01,48625, 1696235, 49.86,0.49860653489718104,2023-06-26
AMDIND, BE, 26-Jun-2023,68.15,67.7,70.0,67.7, 69.55,69.1,68.68,6236,4.28,83, -, -,,2023-06-26
AMIORG, EQ, 26-Jun-2023,1260.1,1261.0,1290.0,1260.05, 1270.00,1269.7,1276.28,68858,878.82,6136, 29415, 42.72,0.4271834790438293,2023-06-26
AMJLAND, EQ, 26-Jun-2023,25.6,25.55,26.3,25.2, 25.70,25.7,25.95,23202,6.02,191, 11712, 50.48,0.5047840703387639,2023-06-26
AMRUTANJAN, EQ, 26-Jun-2023,631.2,624.0,639.95,624.0, 632.05,633.65,634.49,16395,104.02,2780, 8233, 50.22,0.5021652942970418,2023-06-26
ANANDRATHI, EQ, 26-Jun-2023,861.0,851.1,872.45,851.1, 868.00,868.25,858.58,21512,184.7,1924, 12219, 56.80,0.5680085533655634,2023-06-26
ANANTRAJ, EQ, 26-Jun-2023,165.05,164.0,169.9,163.7, 169.90,166.7,165.94,827116,1372.52,5120, 584903, 70.72,0.7071595761658582,2023-06-26
ANDHRAPAP, EQ, 26-Jun-2023,418.45,413.0,413.0,391.3, 407.75,407.1,403.49,160283,646.73,6857, 89528, 55.86,0.5585620433857614,2023-06-26
ANDHRSUGAR, EQ, 26-Jun-2023,110.6,110.9,112.9,110.8, 112.55,112.2,111.97,156885,175.67,2257, 81024, 51.65,0.5164547279854671,2023-06-26
ANDREWYU, EQ, 26-Jun-2023,23.7,23.75,24.0,23.35, 23.65,23.65,23.68,135752,32.14,675, 72962, 53.75,0.5374653780423124,2023-06-26
ANGELONE, EQ, 26-Jun-2023,1622.45,1619.85,1700.0,1610.0, 1679.00,1678.0,1671.61,970090,16216.13,39962, 266977, 27.52,0.27520848581059487,2023-06-26
ANIKINDS, EQ, 26-Jun-2023,31.7,31.7,32.55,31.6, 32.00,32.05,31.97,23953,7.66,432, 8603, 35.92,0.35916169164614037,2023-06-26
ANKITMETAL, BE, 26-Jun-2023,3.4,3.25,3.25,3.25, 3.25,3.25,3.25,58772,1.91,201, -, -,,2023-06-26
ANMOL, EQ, 26-Jun-2023,233.75,233.9,238.05,231.15, 237.75,237.6,234.7,60804,142.71,1955, 18237, 29.99,0.2999309255970002,2023-06-26
ANSALAPI, BE, 26-Jun-2023,8.95,8.95,9.1,8.65, 8.95,8.9,8.78,40910,3.59,131, -, -,,2023-06-26
ANTGRAPHIC, EQ, 26-Jun-2023,0.7,0.65,0.7,0.65, 0.70,0.65,0.66,220114,1.46,289, 216706, 98.45,0.9845171138591821,2023-06-26
ANUP, EQ, 26-Jun-2023,1606.1,1600.0,1646.4,1592.1, 1622.00,1619.35,1618.19,13107,212.1,3213, 5019, 38.29,0.38292515449759673,2023-06-26
ANURAS, EQ, 26-Jun-2023,1037.55,1031.0,1042.0,1025.0, 1027.00,1028.65,1031.29,35514,366.25,2553, 25065, 70.58,0.7057780030410542,2023-06-26
APARINDS, EQ, 26-Jun-2023,3190.05,3212.95,3365.0,3190.0, 3352.00,3350.85,3308.33,154501,5111.41,19671, 77988, 50.48,0.5047734318871723,2023-06-26
APCL, EQ, 26-Jun-2023,182.8,178.25,184.0,178.25, 184.00,181.65,180.93,5741,10.39,380, 2675, 46.59,0.4659466991813273,2023-06-26
APCOTEXIND, EQ, 26-Jun-2023,536.9,536.85,555.0,536.85, 553.00,553.4,547.95,37082,203.19,3233, 17989, 48.51,0.48511407151717817,2023-06-26
APEX, EQ, 26-Jun-2023,214.5,215.4,217.45,213.4, 216.00,215.2,215.36,39580,85.24,2265, 20793, 52.53,0.5253410813542193,2023-06-26
APLAPOLLO, EQ, 26-Jun-2023,1337.2,1345.95,1345.95,1300.25, 1312.00,1309.95,1313.4,714710,9387.0,45473, 425886, 59.59,0.5958864434525891,2023-06-26
APLLTD, EQ, 26-Jun-2023,604.25,607.4,643.95,605.0, 635.40,634.4,634.85,906836,5757.09,35129, 154127, 17.00,0.1699612719389173,2023-06-26
APOLLO, EQ, 26-Jun-2023,50.2,52.5,52.7,51.7, 52.70,52.7,52.56,3438698,1807.35,96738, 1607029, 46.73,0.46733647444468807,2023-06-26
APOLLOHOSP, EQ, 26-Jun-2023,5045.45,5049.95,5055.0,5000.05, 5040.00,5036.95,5029.32,430106,21631.42,43702, 215184, 50.03,0.5003045760812451,2023-06-26
APOLLOPIPE, EQ, 26-Jun-2023,708.65,702.25,719.6,702.25, 712.85,709.1,708.43,173173,1226.81,4294, 126183, 72.87,0.7286528500401332,2023-06-26
APOLLOTYRE, EQ, 26-Jun-2023,415.9,418.7,418.7,399.45, 405.15,403.75,405.89,3398449,13794.11,61539, 1190638, 35.03,0.35034746732994965,2023-06-26
APOLSINHOT, BE, 26-Jun-2023,1430.55,1390.0,1450.0,1359.1, 1399.00,1381.85,1372.96,1931,26.51,213, -, -,,2023-06-26
APTECHT, EQ, 26-Jun-2023,499.6,498.85,502.0,490.85, 498.00,499.35,496.78,222607,1105.86,8373, 73493, 33.01,0.3301468507279645,2023-06-26
APTUS, EQ, 26-Jun-2023,244.6,244.4,248.4,241.5, 245.00,245.2,245.12,651569,1597.13,14463, 320999, 49.27,0.49265542099148363,2023-06-26
ARCHIDPLY, EQ, 26-Jun-2023,74.3,74.3,80.0,73.05, 79.65,78.0,77.2,70282,54.26,831, 43611, 62.05,0.6205144987336729,2023-06-26
ARCHIES, BE, 26-Jun-2023,26.25,26.9,27.5,26.2, 27.15,27.1,27.06,52003,14.07,223, -, -,,2023-06-26
ARENTERP, BE, 26-Jun-2023,35.7,37.35,37.35,33.95, 33.95,34.55,35.89,1092,0.39,23, -, -,,2023-06-26
ARIES, EQ, 26-Jun-2023,163.5,166.9,166.9,163.5, 163.70,164.05,164.66,18623,30.66,692, 10428, 56.00,0.5599527466036621,2023-06-26
ARIHANTCAP, EQ, 26-Jun-2023,38.3,39.0,39.0,37.6, 38.70,38.45,38.37,20734,7.96,315, 13410, 64.68,0.6467637696537089,2023-06-26
ARIHANTSUP, EQ, 26-Jun-2023,174.25,174.25,176.15,170.5, 174.00,173.9,172.64,157878,272.56,3553, 57127, 36.18,0.36184268865833114,2023-06-26
ARMANFIN, EQ, 26-Jun-2023,1973.4,1980.0,2109.0,1960.1, 2097.00,2073.45,2069.69,48724,1008.44,8710, 19082, 39.16,0.39163451276578276,2023-06-26
AROGRANITE, EQ, 26-Jun-2023,43.65,43.75,44.7,43.2, 44.00,43.8,44.02,20704,9.11,256, 13977, 67.51,0.6750869397217929,2023-06-26
ARROWGREEN, EQ, 26-Jun-2023,334.15,328.1,338.85,326.35, 332.90,330.6,330.59,9429,31.17,555, 4861, 51.55,0.5155371725527628,2023-06-26
ARSHIYA, BE, 26-Jun-2023,4.9,4.9,4.9,4.75, 4.85,4.8,4.82,211447,10.19,254, -, -,,2023-06-26
ARSSINFRA, BE, 26-Jun-2023,19.6,19.6,20.0,19.6, 19.75,19.75,19.68,4245,0.84,27, -, -,,2023-06-26
ARTEMISMED, EQ, 26-Jun-2023,108.5,110.05,129.95,110.05, 128.50,128.85,123.98,2594456,3216.72,25615, 710690, 27.39,0.27392640306869726,2023-06-26
ARTNIRMAN, EQ, 26-Jun-2023,47.2,48.7,48.7,46.45, 46.50,46.5,47.19,11950,5.64,91, 10560, 88.37,0.8836820083682009,2023-06-26
ARVEE, BE, 26-Jun-2023,128.7,122.3,122.3,122.3, 122.30,122.3,122.3,116,0.14,18, -, -,,2023-06-26
ARVIND, EQ, 26-Jun-2023,135.05,135.05,136.85,132.85, 135.50,135.65,134.8,549025,740.09,6344, 233187, 42.47,0.4247292928373025,2023-06-26
ARVINDFASN, EQ, 26-Jun-2023,327.0,327.0,333.95,319.0, 326.90,327.5,325.19,250509,814.64,13226, 131042, 52.31,0.5231029623686175,2023-06-26
ARVSMART, EQ, 26-Jun-2023,345.85,345.1,349.35,336.1, 340.00,338.55,340.8,84064,286.49,1720, 69505, 82.68,0.8268105253140464,2023-06-26
ASAHIINDIA, EQ, 26-Jun-2023,491.2,491.2,498.0,480.15, 484.00,482.7,486.7,107467,523.04,7108, 54348, 50.57,0.5057180343733425,2023-06-26
ASAHISONG, EQ, 26-Jun-2023,216.05,216.05,230.85,216.05, 222.00,222.15,224.07,7357,16.48,414, 5327, 72.41,0.7240723120837298,2023-06-26
ASAL, EQ, 26-Jun-2023,329.1,330.0,332.95,325.0, 329.35,328.55,328.42,14419,47.35,1124, 8361, 57.99,0.5798599070670643,2023-06-26
ASALCBR, EQ, 26-Jun-2023,401.7,401.7,409.65,390.35, 397.45,394.75,398.82,24201,96.52,2091, 15138, 62.55,0.625511342506508,2023-06-26
ASHAPURMIN, EQ, 26-Jun-2023,133.7,134.25,134.25,129.15, 132.90,132.4,131.55,251161,330.4,3248, 126319, 50.29,0.5029403450376452,2023-06-26
ASHIANA, EQ, 26-Jun-2023,178.0,178.05,195.0,176.35, 187.95,188.45,188.96,432156,816.59,12167, 104183, 24.11,0.24107729616157128,2023-06-26
ASHIMASYN, EQ, 26-Jun-2023,14.95,14.7,15.5,14.7, 14.80,14.95,15.18,167792,25.47,527, 122450, 72.98,0.7297725755697531,2023-06-26
ASHOKA, EQ, 26-Jun-2023,78.9,78.75,79.15,78.15, 78.80,78.65,78.58,449817,353.46,3302, 241723, 53.74,0.537380757063428,2023-06-26
ASHOKLEY, EQ, 26-Jun-2023,161.6,161.6,165.2,160.0, 163.65,164.25,162.61,7159126,11641.63,47242, 2507439, 35.02,0.35024373086882393,2023-06-26
ASIANENE, BE, 26-Jun-2023,119.15,121.0,125.1,121.0, 125.10,125.1,124.83,101733,126.99,226, -, -,,2023-06-26
ASIANHOTNR, BE, 26-Jun-2023,185.4,190.0,190.0,181.3, 182.05,182.95,182.67,2404,4.39,35, -, -,,2023-06-26
ASIANPAINT, EQ, 26-Jun-2023,3297.7,3295.0,3315.35,3271.4, 3305.75,3308.15,3301.9,592801,19573.69,62556, 392060, 66.14,0.6613686549111759,2023-06-26
ASIANTILES, EQ, 26-Jun-2023,50.15,50.75,51.2,48.5, 49.05,48.8,49.54,823294,407.83,3305, 412287, 50.08,0.5007773650725015,2023-06-26
ASMS, BZ, 26-Jun-2023,10.5,10.7,10.7,10.7, 10.70,10.7,10.7,32587,3.49,22, -, -,,2023-06-26
ASPINWALL, EQ, 26-Jun-2023,236.9,232.2,248.25,232.2, 244.25,245.95,244.28,9707,23.71,293, 7344, 75.66,0.7565674255691769,2023-06-26
ASTEC, EQ, 26-Jun-2023,1352.7,1352.7,1352.7,1323.0, 1342.00,1329.3,1332.86,9405,125.36,1652, 5247, 55.79,0.5578947368421052,2023-06-26
ASTERDM, EQ, 26-Jun-2023,280.45,280.0,283.5,278.0, 279.40,280.05,280.17,192471,539.24,8170, 91530, 47.56,0.4755521611047898,2023-06-26
ASTRAL, EQ, 26-Jun-2023,1960.5,1960.3,1979.8,1934.0, 1940.00,1942.7,1950.31,422277,8235.69,27297, 218143, 51.66,0.5165874532593535,2023-06-26
ASTRAMICRO, EQ, 26-Jun-2023,367.95,368.15,371.7,358.35, 363.00,364.25,364.23,301297,1097.4,7612, 130153, 43.20,0.43197575813897915,2023-06-26
ASTRAZEN, EQ, 26-Jun-2023,3707.3,3719.75,3799.0,3650.0, 3700.00,3715.6,3746.79,14888,557.82,3668, 7092, 47.64,0.47635679742074155,2023-06-26
ASTRON, EQ, 26-Jun-2023,24.85,24.4,27.0,23.5, 26.25,26.3,25.38,675685,171.48,1702, 164273, 24.31,0.24312068493454791,2023-06-26
ATALREAL, EQ, 26-Jun-2023,122.1,126.0,126.0,119.15, 120.00,121.35,122.13,198271,242.15,1102, 70126, 35.37,0.3536876295575248,2023-06-26
ATAM, BE, 26-Jun-2023,231.25,235.0,237.0,223.0, 226.90,225.15,227.62,5258,11.97,244, -, -,,2023-06-26
ATFL, EQ, 26-Jun-2023,825.15,825.15,830.0,815.05, 827.10,826.1,824.69,4026,33.2,369, 2809, 69.77,0.6977148534525583,2023-06-26
ATGL, EQ, 26-Jun-2023,634.3,632.0,651.95,620.05, 646.00,644.0,640.72,1100925,7053.88,45031, 481344, 43.72,0.43721779412766537,2023-06-26
ATLANTA, EQ, 26-Jun-2023,14.1,14.75,14.8,13.7, 14.55,14.45,14.49,23879,3.46,411, 11704, 49.01,0.49013777796390134,2023-06-26
ATUL, EQ, 26-Jun-2023,6964.8,6980.0,7054.0,6930.1, 7050.00,7031.0,7002.52,50857,3561.27,5918, 29385, 57.78,0.5777965668442889,2023-06-26
ATULAUTO, EQ, 26-Jun-2023,342.95,343.0,351.0,341.0, 344.00,347.2,345.71,85908,297.0,3589, 38731, 45.08,0.4508427620244913,2023-06-26
AUBANK, EQ, 26-Jun-2023,736.7,736.7,749.35,732.05, 746.25,745.4,744.19,1115771,8303.41,44264, 617632, 55.35,0.5535472780705001,2023-06-26
AURIONPRO, BE, 26-Jun-2023,986.1,986.0,1000.0,940.0, 1000.00,978.3,970.1,53380,517.84,938, -, -,,2023-06-26
AUROPHARMA, EQ, 26-Jun-2023,699.15,699.1,725.3,696.6, 721.70,721.35,716.77,5022446,35999.46,97601, 1651887, 32.89,0.328900898088302,2023-06-26
AURUM, EQ, 26-Jun-2023,123.4,126.95,126.95,122.0, 122.00,122.15,122.96,25761,31.67,874, 15341, 59.55,0.5955125965606926,2023-06-26
AUSOMENT, EQ, 26-Jun-2023,63.5,62.7,64.6,60.35, 61.80,62.05,62.28,7593,4.73,238, 5424, 71.43,0.7143421572500988,2023-06-26
AUTOAXLES, EQ, 26-Jun-2023,2243.1,2254.3,2283.05,2236.0, 2252.00,2254.2,2254.55,9086,204.85,2853, 4462, 49.11,0.4910851860004402,2023-06-26
AUTOBEES, EQ, 26-Jun-2023,146.92,147.83,148.9,146.09, 148.36,148.48,147.92,46694,69.07,814, 26686, 57.15,0.5715081166745192,2023-06-26
AUTOIND, EQ, 26-Jun-2023,68.65,68.9,69.4,68.05, 68.40,68.35,68.62,42111,28.9,706, 28967, 68.79,0.6878725273681461,2023-06-26
AVADHSUGAR, EQ, 26-Jun-2023,528.95,530.5,539.9,525.4, 533.65,536.1,533.23,67095,357.77,4316, 22147, 33.01,0.3300842089574484,2023-06-26
AVALON, EQ, 26-Jun-2023,512.75,516.8,528.7,504.0, 518.00,517.05,513.53,214872,1103.44,11023, 90407, 42.07,0.4207481663501992,2023-06-26
AVANTIFEED, EQ, 26-Jun-2023,387.0,391.0,393.95,385.45, 389.60,389.65,389.49,267455,1041.72,10236, 145103, 54.25,0.5425323886261241,2023-06-26
AVG, EQ, 26-Jun-2023,267.45,260.0,287.95,253.55, 274.85,276.5,265.27,43670,115.84,682, 12981, 29.73,0.29725211815891917,2023-06-26
AVONMORE, EQ, 26-Jun-2023,73.1,74.85,75.85,73.55, 74.90,74.9,74.94,48114,36.06,1005, 30586, 63.57,0.6356985492787962,2023-06-26
AVROIND, EQ, 26-Jun-2023,131.45,133.0,133.85,129.0, 130.60,130.0,131.64,32378,42.62,898, 6538, 20.19,0.20192723454197295,2023-06-26
AVTNPL, EQ, 26-Jun-2023,92.6,93.0,94.0,92.45, 93.20,92.8,93.11,75696,70.48,1780, 44631, 58.96,0.5896084337349398,2023-06-26
AWHCL, EQ, 26-Jun-2023,330.15,345.0,353.0,316.55, 337.20,336.1,330.9,2228028,7372.54,52511, 196824, 8.83,0.08834000290840151,2023-06-26
AWL, EQ, 26-Jun-2023,404.0,400.0,410.75,394.0, 406.30,406.9,405.49,1288275,5223.78,28890, 480020, 37.26,0.37260678038462286,2023-06-26
AXISBANK, EQ, 26-Jun-2023,958.4,959.5,963.5,953.1, 960.00,960.55,958.4,5799528,55582.67,165004, 3201026, 55.19,0.5519459514636363,2023-06-26
AXISBNKETF, EQ, 26-Jun-2023,443.24,442.52,443.45,441.31, 442.91,442.74,442.05,582,2.57,40, 423, 72.68,0.7268041237113402,2023-06-26
AXISBPSETF, EQ, 26-Jun-2023,11.02,11.35,11.35,11.02, 11.03,11.03,11.04,10313,1.14,295, 7377, 71.53,0.7153107728110152,2023-06-26
AXISCADES, EQ, 26-Jun-2023,431.55,453.1,453.1,443.0, 453.10,453.1,452.75,137756,623.69,633, 74217, 53.88,0.5387569325474026,2023-06-26
AXISCETF, EQ, 26-Jun-2023,84.08,86.6,86.6,82.03, 83.50,82.91,82.77,2043,1.69,54, 1729, 84.63,0.8463044542339696,2023-06-26
AXISGOLD, EQ, 26-Jun-2023,49.99,50.34,50.34,49.87, 50.20,50.19,50.05,71582,35.83,1537, 32694, 45.67,0.456734933363136,2023-06-26
AXISHCETF, EQ, 26-Jun-2023,86.36,86.37,87.85,86.37, 87.85,87.78,87.32,21078,18.41,106, 18942, 89.87,0.8986621121548534,2023-06-26
AXISILVER, EQ, 26-Jun-2023,69.94,70.95,71.0,69.95, 71.00,70.99,70.83,7346,5.2,160, 6413, 87.30,0.8729921045466921,2023-06-26
AXISNIFTY, EQ, 26-Jun-2023,199.04,199.0,199.87,198.84, 199.30,199.37,199.34,2827,5.64,153, 2243, 79.34,0.7934205871949063,2023-06-26
AXISTECETF, EQ, 26-Jun-2023,298.38,297.83,298.33,296.33, 296.33,296.9,297.19,1616,4.8,114, 708, 43.81,0.4381188118811881,2023-06-26
AXITA, EQ, 26-Jun-2023,26.4,26.9,27.4,26.4, 26.65,26.55,26.57,1417844,376.75,3104, 1136818, 80.18,0.801793427203557,2023-06-26
AXSENSEX, EQ, 26-Jun-2023,63.03,63.0,64.18,61.83, 61.83,62.9,63.01,21640,13.63,71, 19324, 89.30,0.8929759704251387,2023-06-26
AYMSYNTEX, EQ, 26-Jun-2023,74.55,75.0,77.25,74.85, 76.00,75.8,76.42,28262,21.6,362, 24214, 85.68,0.8567688061708301,2023-06-26
BAFNAPH, BE, 26-Jun-2023,112.35,106.75,106.75,106.75, 106.75,106.75,106.75,89,0.1,6, -, -,,2023-06-26
BAGFILMS, EQ, 26-Jun-2023,4.5,4.55,4.55,4.25, 4.30,4.35,4.36,146143,6.37,216, 113202, 77.46,0.7745974832869176,2023-06-26
BAIDFIN, EQ, 26-Jun-2023,41.1,42.5,42.5,39.55, 39.80,39.95,40.34,554310,223.59,1214, 41436, 7.48,0.07475239486929697,2023-06-26
BAJAJ-AUTO, EQ, 26-Jun-2023,4622.6,4624.75,4657.95,4600.55, 4603.90,4606.9,4615.22,298624,13782.17,18607, 194933, 65.28,0.6527707083154737,2023-06-26
BAJAJCON, EQ, 26-Jun-2023,187.2,188.0,193.8,187.8, 191.10,190.2,190.68,1001041,1908.78,31924, 504795, 50.43,0.5042700548728773,2023-06-26
BAJAJELEC, EQ, 26-Jun-2023,1203.85,1200.5,1243.0,1196.7, 1241.00,1230.35,1220.99,57406,700.92,4921, 28704, 50.00,0.5000174197819043,2023-06-26
BAJAJFINSV, EQ, 26-Jun-2023,1501.95,1504.45,1510.85,1487.2, 1508.50,1507.55,1503.65,647496,9736.05,41523, 201624, 31.14,0.31139034063530896,2023-06-26
BAJAJHCARE, EQ, 26-Jun-2023,303.45,306.75,307.7,302.3, 305.00,303.8,304.45,17490,53.25,1460, 9312, 53.24,0.5324185248713551,2023-06-26
BAJAJHIND, EQ, 26-Jun-2023,16.0,16.0,16.1,15.4, 15.75,15.7,15.74,12740971,2005.37,10599, 4473920, 35.11,0.351144351556879,2023-06-26
BAJAJHLDNG, EQ, 26-Jun-2023,6832.3,6850.0,6990.0,6821.6, 6942.05,6961.0,6922.17,14789,1023.72,6427, 7733, 52.29,0.5228886334437758,2023-06-26
BAJFINANCE, EQ, 26-Jun-2023,6989.65,6990.0,7035.0,6945.0, 7006.00,6998.7,6987.71,563539,39378.46,55130, 232874, 41.32,0.41323493138895445,2023-06-26
BALAJITELE, EQ, 26-Jun-2023,42.95,42.95,43.35,42.6, 42.90,42.85,42.91,52776,22.65,546, 36378, 68.93,0.6892905866302865,2023-06-26
BALAMINES, EQ, 26-Jun-2023,2289.1,2304.05,2304.05,2239.0, 2250.00,2252.85,2256.24,48547,1095.34,7085, 22207, 45.74,0.45743300306919066,2023-06-26
BALAXI, EQ, 26-Jun-2023,507.8,504.0,525.9,500.0, 519.00,519.95,515.6,2255,11.63,204, 1403, 62.22,0.6221729490022173,2023-06-26
BALKRISHNA, EQ, 26-Jun-2023,26.35,26.6,27.0,26.2, 26.65,26.45,26.53,16783,4.45,262, 9456, 56.34,0.5634272776023357,2023-06-26
BALKRISIND, EQ, 26-Jun-2023,2397.05,2394.85,2411.1,2349.85, 2386.30,2389.15,2392.23,203888,4877.47,17788, 132424, 64.95,0.6494938397551597,2023-06-26
BALMLAWRIE, EQ, 26-Jun-2023,136.75,136.75,137.9,136.1, 136.95,136.9,136.73,154819,211.69,2146, 80227, 51.82,0.518198670705792,2023-06-26
BALPHARMA, EQ, 26-Jun-2023,89.85,89.5,97.2,89.5, 95.30,95.2,94.93,478396,454.16,6669, 164890, 34.47,0.34467261431951773,2023-06-26
BALRAMCHIN, EQ, 26-Jun-2023,390.65,390.85,394.45,385.45, 387.45,387.95,388.72,997875,3878.97,16396, 263064, 26.36,0.26362420142803455,2023-06-26
BANARBEADS, EQ, 26-Jun-2023,83.0,83.1,84.5,83.0, 83.95,83.2,83.73,7000,5.86,170, 4820, 68.86,0.6885714285714286,2023-06-26
BANARISUG, EQ, 26-Jun-2023,2775.95,2777.2,2777.2,2714.95, 2730.00,2724.0,2733.92,1088,29.75,225, 870, 79.96,0.7996323529411765,2023-06-26
BANCOINDIA, EQ, 26-Jun-2023,303.45,305.0,306.0,301.5, 303.70,304.55,304.08,72109,219.27,3370, 37515, 52.03,0.5202540598260966,2023-06-26
BANDHANBNK, EQ, 26-Jun-2023,235.75,236.6,239.5,233.5, 237.70,236.55,237.05,7430712,17614.85,51167, 3211387, 43.22,0.4321775625269826,2023-06-26
BANG, EQ, 26-Jun-2023,40.15,40.35,40.45,39.1, 39.10,39.3,39.68,11232,4.46,295, 3322, 29.58,0.29576210826210825,2023-06-26
BANKA, EQ, 26-Jun-2023,69.1,70.7,70.7,68.65, 68.80,69.5,69.33,10545,7.31,246, 4463, 42.32,0.42323376007586533,2023-06-26
BANKBARODA, EQ, 26-Jun-2023,192.2,191.95,192.5,188.9, 190.60,190.75,190.79,13686846,26112.74,59968, 6608402, 48.28,0.4828286955226938,2023-06-26
BANKBEES, EQ, 26-Jun-2023,443.47,443.97,446.95,442.6, 443.41,443.46,443.2,460952,2042.94,4274, 379173, 82.26,0.822586733542755,2023-06-26
BANKINDIA, EQ, 26-Jun-2023,71.55,71.45,71.6,69.5, 70.85,70.95,70.46,7102096,5004.46,27538, 2876565, 40.50,0.4050304304532071,2023-06-26
BANSWRAS, EQ, 26-Jun-2023,171.4,171.0,172.4,164.35, 167.20,166.3,167.78,130246,218.52,3995, 67181, 51.58,0.5158008691245797,2023-06-26
BARBEQUE, EQ, 26-Jun-2023,654.05,666.0,673.7,648.0, 668.50,670.35,663.25,70623,468.41,4943, 25778, 36.50,0.3650085666142758,2023-06-26
BASF, EQ, 26-Jun-2023,2570.25,2555.0,2605.6,2551.5, 2557.05,2571.9,2578.17,28060,723.44,3094, 23891, 85.14,0.8514255167498218,2023-06-26
BASML, EQ, 26-Jun-2023,47.45,47.1,48.0,47.0, 47.70,47.35,47.51,36015,17.11,373, 25083, 69.65,0.6964598084131611,2023-06-26
BATAINDIA, EQ, 26-Jun-2023,1625.5,1624.9,1645.0,1617.35, 1640.80,1643.3,1636.35,360561,5900.02,9439, 251860, 69.85,0.6985225800904701,2023-06-26
BAYERCROP, EQ, 26-Jun-2023,4289.95,4289.95,4329.95,4275.0, 4311.00,4312.05,4309.99,27150,1170.16,2645, 23273, 85.72,0.8572007366482505,2023-06-26
BBETF0432, EQ, 26-Jun-2023,1074.61,1077.0,1079.0,1074.04, 1079.00,1077.95,1076.57,4370,47.05,79, 2850, 65.22,0.6521739130434783,2023-06-26
BBL, EQ, 26-Jun-2023,3007.1,3022.15,3043.0,2961.1, 2966.95,2969.8,2989.49,12036,359.82,2764, 7007, 58.22,0.5821701561980724,2023-06-26
BBOX, EQ, 26-Jun-2023,129.0,126.25,129.9,122.35, 125.05,125.1,125.15,67877,84.95,1568, 44870, 66.10,0.6610486615495677,2023-06-26
BBTC, EQ, 26-Jun-2023,1008.25,1014.95,1055.85,1014.95, 1023.00,1026.25,1036.21,156644,1623.16,13323, 22214, 14.18,0.1418120068435433,2023-06-26
BBTCL, EQ, 26-Jun-2023,237.35,242.1,242.1,228.65, 232.20,232.25,231.66,2685,6.22,200, 1793, 66.78,0.6677839851024209,2023-06-26
BCG, EQ, 26-Jun-2023,31.4,29.85,29.85,29.85, 29.85,29.85,29.85,3919928,1170.1,6667, 3829144, 97.68,0.9768403909459562,2023-06-26
BCLIND, EQ, 26-Jun-2023,508.0,514.2,515.6,505.45, 507.00,508.5,509.27,40135,204.4,2926, 19155, 47.73,0.47726423321290645,2023-06-26
BCONCEPTS, BE, 26-Jun-2023,314.85,314.85,330.55,307.0, 330.55,330.55,327.39,25519,83.55,194, -, -,,2023-06-26
BDL, EQ, 26-Jun-2023,1103.95,1100.0,1107.0,1062.95, 1088.85,1093.4,1083.9,919071,9961.78,42673, 278059, 30.25,0.3025435466900816,2023-06-26
BEARDSELL, BE, 26-Jun-2023,27.85,27.95,29.2,27.9, 28.55,29.05,28.73,39559,11.36,201, -, -,,2023-06-26
BECTORFOOD, EQ, 26-Jun-2023,850.4,852.05,857.25,812.1, 824.90,825.85,833.78,84605,705.42,8161, 41157, 48.65,0.48646061107499555,2023-06-26
BEDMUTHA, EQ, 26-Jun-2023,56.2,57.8,57.8,55.65, 57.00,56.05,56.4,4372,2.47,125, 2205, 50.43,0.5043458371454712,2023-06-26
BEL, EQ, 26-Jun-2023,120.05,121.0,122.55,120.0, 121.75,121.4,121.16,17369553,21044.71,71769, 8712928, 50.16,0.501620738311458,2023-06-26
BEML, EQ, 26-Jun-2023,1629.3,1634.0,1634.0,1565.0, 1575.00,1572.8,1584.3,260502,4127.14,17915, 107772, 41.37,0.4137089158624502,2023-06-26
BEPL, EQ, 26-Jun-2023,129.45,130.05,132.45,129.7, 131.20,130.95,131.05,461637,604.99,4837, 228484, 49.49,0.4949429963369487,2023-06-26
BERGEPAINT, EQ, 26-Jun-2023,675.65,676.95,682.45,671.3, 675.65,677.0,678.3,611164,4145.52,18557, 238285, 38.99,0.389887166128895,2023-06-26
BESTAGRO, EQ, 26-Jun-2023,1050.7,1057.0,1151.0,1052.35, 1149.80,1142.65,1112.27,353446,3931.27,22650, 124762, 35.30,0.3529874436264663,2023-06-26
BFINVEST, EQ, 26-Jun-2023,379.8,380.0,382.0,375.0, 376.40,376.45,377.99,9321,35.23,789, 5276, 56.60,0.5660336873725995,2023-06-26
BFUTILITIE, EQ, 26-Jun-2023,365.35,366.2,368.3,359.7, 364.45,365.4,363.58,119411,434.15,4010, 46400, 38.86,0.388573916975823,2023-06-26
BGLOBAL, BZ, 26-Jun-2023,2.5,2.6,2.6,2.4, 2.40,2.4,2.51,9344,0.23,28, -, -,,2023-06-26
BGRENERGY, EQ, 26-Jun-2023,54.05,54.35,55.0,53.9, 55.00,54.6,54.48,84392,45.98,865, 45086, 53.42,0.5342449521281638,2023-06-26
BHAGCHEM, EQ, 26-Jun-2023,1547.6,1559.3,1563.05,1515.0, 1515.00,1533.5,1540.86,2519,38.81,474, 1702, 67.57,0.6756649464073045,2023-06-26
BHAGERIA, EQ, 26-Jun-2023,140.4,139.5,147.8,137.9, 146.60,147.1,145.06,43505,63.11,1690, 21495, 49.41,0.4940811400988392,2023-06-26
BHAGYANGR, EQ, 26-Jun-2023,56.45,56.45,57.15,54.45, 54.55,54.85,55.3,79905,44.19,647, 54484, 68.19,0.6818597084037294,2023-06-26
BHANDARI, EQ, 26-Jun-2023,4.85,4.95,4.95,4.65, 4.90,4.85,4.86,128555,6.25,914, 82818, 64.42,0.6442223172960989,2023-06-26
BHARATFORG, EQ, 26-Jun-2023,807.0,807.15,818.9,799.8, 818.00,815.3,809.89,767301,6214.3,23988, 446244, 58.16,0.5815762002134756,2023-06-26
BHARATGEAR, EQ, 26-Jun-2023,121.3,121.3,124.0,120.8, 121.70,121.5,121.55,18162,22.08,581, 9316, 51.29,0.512939103622949,2023-06-26
BHARATRAS, EQ, 26-Jun-2023,9511.1,9582.45,9779.9,9416.05, 9700.05,9705.1,9672.02,682,65.96,405, 352, 51.61,0.5161290322580645,2023-06-26
BHARATWIRE, EQ, 26-Jun-2023,174.75,173.05,177.95,173.0, 175.10,175.55,175.15,196152,343.56,3575, 85008, 43.34,0.43337819650067294,2023-06-26
BHARTIARTL, EQ, 26-Jun-2023,854.8,857.35,857.35,846.35, 851.25,851.95,850.5,4431992,37694.27,90186, 3308843, 74.66,0.7465814468979186,2023-06-26
BHEL, EQ, 26-Jun-2023,84.65,85.1,85.1,83.3, 84.00,83.8,83.92,12716576,10672.04,27935, 2998554, 23.58,0.23579885025654704,2023-06-26
BIGBLOC, EQ, 26-Jun-2023,155.2,157.1,165.1,155.7, 163.15,163.4,161.72,252816,408.86,7197, 82245, 32.53,0.325315644579457,2023-06-26
BIKAJI, EQ, 26-Jun-2023,426.8,429.9,431.0,416.65, 418.00,419.5,424.3,161177,683.88,5783, 72797, 45.17,0.4516587354275114,2023-06-26
BIL, EQ, 26-Jun-2023,219.0,219.0,223.8,215.7, 223.65,222.1,220.49,8341,18.39,397, 4153, 49.79,0.49790193022419377,2023-06-26
BINANIIND, BE, 26-Jun-2023,18.5,19.15,19.15,17.8, 18.00,18.2,18.32,6198,1.14,57, -, -,,2023-06-26
BIOCON, EQ, 26-Jun-2023,236.9,237.95,240.9,236.1, 239.70,239.95,239.43,2646456,6336.43,21328, 1415455, 53.48,0.5348492474463963,2023-06-26
BIOFILCHEM, EQ, 26-Jun-2023,44.0,44.05,45.2,43.75, 43.75,44.05,44.47,12873,5.72,327, 8377, 65.07,0.650741862813641,2023-06-26
BIRLACABLE, EQ, 26-Jun-2023,168.7,167.05,171.0,166.5, 168.25,168.4,168.44,95108,160.2,2715, 41270, 43.39,0.43392774530007994,2023-06-26
BIRLACORPN, EQ, 26-Jun-2023,1225.45,1227.0,1248.4,1216.3, 1240.00,1241.3,1240.17,104755,1299.14,8885, 62425, 59.59,0.595914276168202,2023-06-26
BIRLAMONEY, EQ, 26-Jun-2023,55.85,55.4,56.95,54.65, 56.00,55.45,55.5,87266,48.44,975, 45145, 51.73,0.5173263355717003,2023-06-26
BIRLATYRE, BE, 26-Jun-2023,4.45,4.45,4.45,4.35, 4.40,4.4,4.4,118122,5.19,303, -, -,,2023-06-26
BKMINDST, BZ, 26-Jun-2023,0.8,0.8,0.85,0.8, 0.85,0.85,0.81,16739,0.14,27, -, -,,2023-06-26
BLAL, EQ, 26-Jun-2023,163.6,163.6,165.5,160.65, 162.65,163.55,162.45,90809,147.52,3611, 46364, 51.06,0.5105661333127773,2023-06-26
BLBLIMITED, EQ, 26-Jun-2023,19.0,19.2,19.5,18.8, 19.00,19.05,19.09,166783,31.84,365, 135319, 81.13,0.8113476793198348,2023-06-26
BLISSGVS, EQ, 26-Jun-2023,80.1,81.0,84.0,79.3, 81.00,81.35,82.2,215510,177.15,3127, 79617, 36.94,0.36943529302584566,2023-06-26
BLKASHYAP, EQ, 26-Jun-2023,43.9,44.0,45.0,42.75, 43.70,43.3,43.69,521146,227.69,2562, 294741, 56.56,0.5655632010991162,2023-06-26
BLS, EQ, 26-Jun-2023,194.25,194.5,198.45,191.5, 193.90,193.7,195.39,2066809,4038.39,84707, 739571, 35.78,0.3578322912276848,2023-06-26
BLUECHIP, BE, 26-Jun-2023,0.65,0.7,0.7,0.7, 0.70,0.7,0.7,36285,0.25,23, -, -,,2023-06-26
BLUECOAST, EQ, 26-Jun-2023,6.9,7.2,7.2,7.2, 7.20,7.2,7.2,2642,0.19,25, 2641, 99.96,0.9996214988644966,2023-06-26
BLUEDART, EQ, 26-Jun-2023,7251.0,7287.95,7287.95,7120.0, 7160.00,7153.7,7198.44,11308,814.0,3266, 5866, 51.87,0.5187477891758048,2023-06-26
BLUESTARCO, EQ, 26-Jun-2023,785.85,780.0,794.1,779.15, 789.00,786.5,785.03,245359,1926.14,4694, 214537, 87.44,0.8743799901369015,2023-06-26
BODALCHEM, EQ, 26-Jun-2023,72.15,72.0,73.8,71.6, 72.80,72.45,72.66,249963,181.62,2671, 121345, 48.55,0.48545184687333726,2023-06-26
BOHRAIND, EQ, 26-Jun-2023,81.9,85.75,85.75,81.1, 82.00,82.05,82.8,153,0.13,36, 124, 81.05,0.8104575163398693,2023-06-26
BOMDYEING, EQ, 26-Jun-2023,100.3,101.0,105.45,99.7, 105.10,104.9,103.69,2621696,2718.32,14542, 991913, 37.83,0.378347832853237,2023-06-26
BOROLTD, EQ, 26-Jun-2023,429.1,429.0,438.0,421.0, 427.00,427.5,430.26,62477,268.81,4060, 30216, 48.36,0.48363397730364777,2023-06-26
BORORENEW, EQ, 26-Jun-2023,520.1,519.0,523.5,508.05, 509.00,509.3,513.33,251410,1290.55,11810, 123764, 49.23,0.49227954337536295,2023-06-26
BOSCHLTD, EQ, 26-Jun-2023,18616.95,18617.05,18798.7,18530.0, 18630.00,18588.4,18607.76,10300,1916.6,4276, 3908, 37.94,0.3794174757281553,2023-06-26
BPCL, EQ, 26-Jun-2023,359.6,361.85,362.85,355.65, 358.00,358.3,357.87,2640640,9449.99,43934, 1355971, 51.35,0.5135008937227339,2023-06-26
BPL, EQ, 26-Jun-2023,59.15,59.9,59.9,58.6, 59.00,58.9,59.23,27791,16.46,497, 15393, 55.39,0.5538843510489008,2023-06-26
BRIGADE, EQ, 26-Jun-2023,565.45,565.0,584.8,559.1, 577.75,577.8,572.62,103467,592.47,8982, 53858, 52.05,0.5205331168391855,2023-06-26
BRITANNIA, EQ, 26-Jun-2023,4970.8,4978.95,5022.0,4952.3, 5008.30,5009.2,4986.66,179192,8935.69,20626, 99494, 55.52,0.5552368409303987,2023-06-26
BRNL, EQ, 26-Jun-2023,31.35,31.75,34.1,31.4, 32.55,32.75,33.19,233831,77.61,1781, 127630, 54.58,0.5458215548836552,2023-06-26
BROOKS, EQ, 26-Jun-2023,73.25,75.65,77.25,73.8, 74.30,74.2,75.05,31418,23.58,450, 16881, 53.73,0.5373034566172258,2023-06-26
BSE, EQ, 26-Jun-2023,608.55,611.0,611.85,589.0, 597.50,596.75,597.14,1340671,8005.68,28735, 480806, 35.86,0.35863086469387345,2023-06-26
BSHSL, BE, 26-Jun-2023,287.05,293.95,293.95,277.05, 283.00,281.9,282.03,12901,36.39,435, -, -,,2023-06-26
BSL, EQ, 26-Jun-2023,194.7,196.0,196.0,193.6, 195.40,194.7,194.76,5715,11.13,157, 2699, 47.23,0.4722659667541557,2023-06-26
BSLGOLDETF, EQ, 26-Jun-2023,52.53,52.65,52.99,52.32, 52.56,52.62,52.41,226299,118.61,264, 212779, 94.03,0.9402560329475605,2023-06-26
BSLNIFTY, EQ, 26-Jun-2023,21.09,21.7,21.7,21.0, 21.14,21.11,21.12,61869,13.07,2589, 27808, 44.95,0.44946580678530446,2023-06-26
BSLSENETFG, EQ, 26-Jun-2023,61.21,62.21,62.21,60.66, 61.41,61.32,61.33,276,0.17,58, 170, 61.59,0.6159420289855072,2023-06-26
BSOFT, EQ, 26-Jun-2023,343.7,342.65,342.65,335.05, 340.00,340.15,338.57,1283233,4344.69,17728, 289898, 22.59,0.22591220768169148,2023-06-26
BTML, BE, 26-Jun-2023,140.05,140.5,145.0,140.5, 144.00,144.0,143.95,359,0.52,8, -, -,,2023-06-26
BURNPUR, EQ, 26-Jun-2023,4.35,4.35,4.4,4.3, 4.30,4.4,4.36,148825,6.48,296, 78034, 52.43,0.524333949269276,2023-06-26
BUTTERFLY, EQ, 26-Jun-2023,1155.2,1160.0,1164.9,1134.1, 1139.40,1136.05,1146.52,8136,93.28,761, 4630, 56.91,0.5690757128810227,2023-06-26
BVCL, BE, 26-Jun-2023,34.55,34.1,35.2,34.1, 34.70,34.5,34.79,15898,5.53,66, -, -,,2023-06-26
BYKE, EQ, 26-Jun-2023,39.75,40.5,40.5,39.75, 39.80,39.8,39.87,33721,13.44,243, 25174, 74.65,0.7465377657839328,2023-06-26
CALSOFT, BE, 26-Jun-2023,14.65,14.7,14.85,14.2, 14.55,14.55,14.62,8345,1.22,58, -, -,,2023-06-26
CAMLINFINE, EQ, 26-Jun-2023,158.8,159.9,167.9,158.85, 166.30,166.7,164.87,342171,564.14,6057, 181786, 53.13,0.5312723755081523,2023-06-26
CAMPUS, EQ, 26-Jun-2023,314.7,315.05,319.0,311.85, 314.00,313.35,315.11,417962,1317.03,16552, 202260, 48.39,0.48391959077619495,2023-06-26
CAMS, EQ, 26-Jun-2023,2156.8,2163.7,2174.0,2140.25, 2146.40,2149.75,2156.86,50595,1091.26,12326, 31006, 61.28,0.6128273544816681,2023-06-26
CANBK, EQ, 26-Jun-2023,296.4,296.4,297.5,291.65, 293.70,293.75,293.53,5601930,16443.22,57416, 2662291, 47.52,0.4752453172388802,2023-06-26
CANFINHOME, EQ, 26-Jun-2023,736.6,739.9,748.0,733.05, 744.55,742.4,738.62,447265,3303.57,16000, 152382, 34.07,0.3406973494460778,2023-06-26
CANTABIL, EQ, 26-Jun-2023,1024.15,1024.0,1040.0,999.05, 1030.00,1019.25,1019.67,13936,142.1,1653, 4565, 32.76,0.32756888633754305,2023-06-26
CAPACITE, EQ, 26-Jun-2023,189.1,190.0,202.6,190.0, 202.05,201.75,199.42,2140905,4269.39,22192, 715014, 33.40,0.33397745346010216,2023-06-26
CAPLIPOINT, EQ, 26-Jun-2023,787.0,793.8,800.0,788.7, 796.20,797.1,794.92,43433,345.26,2956, 25897, 59.63,0.5962516980176363,2023-06-26
CAPTRUST, EQ, 26-Jun-2023,73.75,74.0,75.85,73.75, 73.85,73.95,74.1,5001,3.71,251, 2544, 50.87,0.5086982603479304,2023-06-26
CARBORUNIV, EQ, 26-Jun-2023,1192.95,1192.95,1213.4,1171.55, 1174.00,1176.7,1184.02,80711,955.63,14548, 46059, 57.07,0.5706657085155679,2023-06-26
CAREERP, EQ, 26-Jun-2023,202.95,201.0,210.0,201.0, 205.95,206.2,204.16,56971,116.31,3758, 27335, 47.98,0.479805515086623,2023-06-26
CARERATING, EQ, 26-Jun-2023,692.5,689.95,694.0,683.2, 691.35,689.25,689.19,29700,204.69,2265, 14081, 47.41,0.4741077441077441,2023-06-26
CARTRADE, EQ, 26-Jun-2023,478.35,483.0,485.95,472.15, 476.35,478.25,478.12,50585,241.86,5258, 21580, 42.66,0.4266086784619947,2023-06-26
CARYSIL, EQ, 26-Jun-2023,666.0,662.25,674.95,657.85, 668.50,668.8,668.6,59578,398.34,4701, 32297, 54.21,0.542096075732653,2023-06-26
CASTROLIND, EQ, 26-Jun-2023,120.35,121.15,121.75,119.3, 120.80,120.9,120.73,530055,639.92,6114, 271146, 51.15,0.511543141749441,2023-06-26
CCHHL, EQ, 26-Jun-2023,6.9,6.95,7.05,6.7, 6.85,6.9,6.9,58813,4.06,168, 50593, 86.02,0.860234982061789,2023-06-26
CCL, EQ, 26-Jun-2023,638.15,630.85,649.0,630.85, 649.00,646.25,641.39,67741,434.48,7970, 30942, 45.68,0.4567691649075154,2023-06-26
CDSL, EQ, 26-Jun-2023,1036.2,1039.5,1059.3,1030.5, 1046.50,1050.0,1046.79,543182,5685.97,25722, 275911, 50.80,0.5079531354131764,2023-06-26
CEATLTD, EQ, 26-Jun-2023,2000.15,2009.55,2067.7,2003.05, 2056.00,2050.55,2037.69,115785,2359.33,9848, 26621, 22.99,0.2299175195405277,2023-06-26
CELEBRITY, EQ, 26-Jun-2023,13.95,14.25,14.25,13.75, 13.80,13.85,13.88,39114,5.43,327, 17249, 44.10,0.4409929948356087,2023-06-26
CENTENKA, EQ, 26-Jun-2023,438.45,438.85,438.85,427.9, 429.40,429.55,431.12,37820,163.05,3032, 23593, 62.38,0.623823373876256,2023-06-26
CENTEXT, EQ, 26-Jun-2023,9.75,9.8,9.85,9.6, 9.80,9.8,9.8,59905,5.87,400, 48367, 80.74,0.807395042150071,2023-06-26
CENTRALBK, EQ, 26-Jun-2023,27.95,28.1,28.15,27.55, 27.70,27.7,27.74,5566178,1544.03,9170, 1242763, 22.33,0.22327043799174226,2023-06-26
CENTRUM, EQ, 26-Jun-2023,20.1,20.35,23.05,20.05, 21.50,21.5,21.67,1169934,253.51,3350, 566217, 48.40,0.4839734549128412,2023-06-26
CENTUM, EQ, 26-Jun-2023,1232.05,1249.25,1365.0,1242.05, 1345.00,1336.55,1311.06,62188,815.32,6327, 42337, 68.08,0.6807905062069852,2023-06-26
CENTURYPLY, EQ, 26-Jun-2023,612.85,610.7,638.8,607.45, 633.40,629.0,621.99,123025,765.21,5410, 83256, 67.67,0.6767404998983947,2023-06-26
CENTURYTEX, EQ, 26-Jun-2023,798.65,799.45,805.0,791.05, 792.80,795.95,798.05,133164,1062.72,7087, 79262, 59.52,0.5952209305818389,2023-06-26
CERA, EQ, 26-Jun-2023,7663.95,7553.0,7824.0,7553.0, 7653.00,7632.75,7736.51,19103,1477.91,4802, 11297, 59.14,0.5913730827618698,2023-06-26
CEREBRAINT, BE, 26-Jun-2023,6.35,6.4,6.5,6.2, 6.25,6.25,6.28,147887,9.29,402, -, -,,2023-06-26
CESC, EQ, 26-Jun-2023,71.9,71.2,72.4,71.2, 72.10,72.1,71.9,1212043,871.44,10011, 775564, 63.99,0.6398815883594889,2023-06-26
CGCL, EQ, 26-Jun-2023,733.85,738.0,749.0,730.4, 749.00,746.45,741.43,220841,1637.37,2612, 32530, 14.73,0.14730054654706326,2023-06-26
CGPOWER, EQ, 26-Jun-2023,368.8,370.0,374.8,367.15, 372.80,373.9,373.46,1703097,6360.3,30954, 1415047, 83.09,0.830866944161137,2023-06-26
CHALET, EQ, 26-Jun-2023,407.35,411.95,421.9,407.4, 416.00,414.95,416.18,187903,782.01,9041, 82176, 43.73,0.43733202769514057,2023-06-26
CHAMBLFERT, EQ, 26-Jun-2023,267.9,267.5,273.85,266.2, 273.40,272.6,269.96,992098,2678.29,11641, 307930, 31.04,0.31038264365012325,2023-06-26
CHEMBOND, EQ, 26-Jun-2023,412.8,406.0,418.65,406.0, 412.35,409.6,412.13,25193,103.83,2131, 11737, 46.59,0.4658833803040527,2023-06-26
CHEMCON, EQ, 26-Jun-2023,272.05,273.45,274.15,269.1, 271.90,270.5,271.27,29010,78.7,1718, 16261, 56.05,0.5605308514305412,2023-06-26
CHEMFAB, EQ, 26-Jun-2023,317.35,319.0,322.45,313.95, 315.50,316.25,317.53,27130,86.15,1557, 15260, 56.25,0.5624769627718393,2023-06-26
CHEMPLASTS, EQ, 26-Jun-2023,440.6,440.6,445.85,435.6, 439.40,440.1,442.13,109025,482.03,6731, 46275, 42.44,0.42444393487732174,2023-06-26
CHENNPETRO, EQ, 26-Jun-2023,377.6,377.95,382.7,372.05, 382.30,381.25,378.13,535979,2026.71,10601, 179972, 33.58,0.33578181234712556,2023-06-26
CHEVIOT, EQ, 26-Jun-2023,1210.45,1210.95,1210.95,1181.1, 1190.00,1188.7,1194.98,3369,40.26,641, 1749, 51.91,0.5191451469278717,2023-06-26
CHOICEIN, EQ, 26-Jun-2023,377.85,379.45,380.2,374.1, 376.00,377.2,375.84,790214,2969.96,4969, 525654, 66.52,0.6652046154585973,2023-06-26
CHOLAFIN, EQ, 26-Jun-2023,1090.15,1090.0,1090.0,1068.05, 1081.15,1077.6,1076.02,1188620,12789.82,59553, 829567, 69.79,0.6979244838552271,2023-06-26
CHOLAHLDNG, EQ, 26-Jun-2023,869.1,876.0,887.0,864.55, 882.00,882.35,880.61,91037,801.68,8372, 64719, 71.09,0.7109087513867988,2023-06-26
CIEINDIA, EQ, 26-Jun-2023,513.25,513.0,521.0,505.5, 518.00,518.45,511.52,475318,2431.33,21150, 206316, 43.41,0.4340588826848552,2023-06-26
CIGNITITEC, EQ, 26-Jun-2023,845.9,845.0,858.9,826.1, 830.00,829.95,835.41,117145,978.65,6042, 82033, 70.03,0.7002688975201673,2023-06-26
CINELINE, EQ, 26-Jun-2023,86.85,88.95,88.95,86.65, 87.35,87.5,87.74,18964,16.64,442, 10402, 54.85,0.5485129719468467,2023-06-26
CINEVISTA, EQ, 26-Jun-2023,12.1,12.15,12.4,11.9, 12.15,12.05,12.07,49939,6.03,161, 34634, 69.35,0.69352610184425,2023-06-26
CIPLA, EQ, 26-Jun-2023,989.4,989.35,1025.0,989.35, 1023.80,1021.9,1013.98,2313439,23457.79,62064, 879034, 38.00,0.37996852305161277,2023-06-26
CLEAN, EQ, 26-Jun-2023,1346.65,1357.7,1392.0,1345.0, 1385.75,1375.85,1365.69,71845,981.18,6455, 42299, 58.88,0.5887535667061035,2023-06-26
CLEDUCATE, EQ, 26-Jun-2023,65.65,65.0,66.0,63.2, 64.50,64.4,64.81,148499,96.24,753, 116644, 78.55,0.7854867709546866,2023-06-26
CLSEL, EQ, 26-Jun-2023,173.95,173.95,175.0,170.0, 173.00,172.85,172.76,146805,253.61,4385, 48099, 32.76,0.32763870440380094,2023-06-26
CMICABLES, BE, 26-Jun-2023,9.7,9.25,9.25,9.25, 9.25,9.25,9.25,17711,1.64,90, -, -,,2023-06-26
CMSINFO, EQ, 26-Jun-2023,344.45,344.45,348.75,341.0, 345.85,343.45,344.3,346367,1192.55,12462, 147763, 42.66,0.4266081930437946,2023-06-26
COALINDIA, EQ, 26-Jun-2023,225.9,226.0,226.45,223.25, 224.30,224.3,224.17,6145625,13776.43,70177, 4030786, 65.59,0.6558789382690938,2023-06-26
COASTCORP, EQ, 26-Jun-2023,210.05,212.0,214.45,207.9, 212.90,212.25,212.26,17472,37.09,582, 14312, 81.91,0.8191391941391941,2023-06-26
COCHINSHIP, EQ, 26-Jun-2023,572.1,573.0,591.7,570.1, 586.00,586.25,584.48,1449397,8471.4,24399, 292262, 20.16,0.2016438560311633,2023-06-26
COFFEEDAY, EQ, 26-Jun-2023,39.05,39.05,39.65,37.25, 37.45,37.45,37.92,3801663,1441.75,7647, 1980702, 52.10,0.5210093582729453,2023-06-26
COFORGE, EQ, 26-Jun-2023,4499.45,4445.0,4624.7,4444.95, 4615.35,4606.7,4576.61,252705,11565.31,25239, 120461, 47.67,0.47668625472388754,2023-06-26
COLPAL, EQ, 26-Jun-2023,1631.4,1631.0,1670.0,1625.0, 1669.90,1667.45,1660.1,374707,6220.5,33322, 216491, 57.78,0.5777607570715252,2023-06-26
COMPINFO, EQ, 26-Jun-2023,14.3,14.45,14.9,14.4, 14.70,14.65,14.63,318308,46.55,1032, 198756, 62.44,0.6244140894982219,2023-06-26
COMPUSOFT, EQ, 26-Jun-2023,19.85,19.6,20.15,19.6, 19.85,19.8,19.9,36117,7.19,401, 24296, 67.27,0.6727026054212698,2023-06-26
CONCOR, EQ, 26-Jun-2023,642.4,642.7,650.9,632.45, 649.05,649.8,645.47,685285,4423.33,36650, 425105, 62.03,0.6203331460633167,2023-06-26
CONFIPET, EQ, 26-Jun-2023,73.5,74.95,77.45,73.3, 73.60,74.25,75.45,3179971,2399.29,14168, 1330051, 41.83,0.41825884575676947,2023-06-26
CONSOFINVT, EQ, 26-Jun-2023,144.4,148.0,148.0,141.0, 143.50,143.15,144.93,23835,34.54,556, 11884, 49.86,0.4985945038808475,2023-06-26
CONSUMBEES, EQ, 26-Jun-2023,88.78,91.45,91.45,88.71, 90.00,89.65,89.25,12056,10.76,253, 8142, 67.53,0.6753483742534837,2023-06-26
CONTROLPR, EQ, 26-Jun-2023,609.9,609.85,654.95,609.85, 643.95,641.1,640.52,110820,709.83,10876, 45235, 40.82,0.40818444324129216,2023-06-26
CORALFINAC, EQ, 26-Jun-2023,33.25,33.8,39.9,33.0, 37.00,36.85,37.71,458011,172.73,2407, 214442, 46.82,0.4682027287554229,2023-06-26
CORDSCABLE, BE, 26-Jun-2023,88.65,89.0,89.0,84.35, 85.45,84.45,85.35,60060,51.26,555, -, -,,2023-06-26
COROMANDEL, EQ, 26-Jun-2023,928.25,928.05,939.5,913.55, 935.05,936.4,930.22,583323,5426.18,20892, 390889, 67.01,0.670107299043583,2023-06-26
COSMOFIRST, EQ, 26-Jun-2023,698.2,700.0,714.25,694.5, 700.80,701.0,704.23,110898,780.97,8512, 47956, 43.24,0.4324334072751537,2023-06-26
COUNCODOS, EQ, 26-Jun-2023,3.95,4.1,4.1,3.9, 4.00,3.9,3.98,32682,1.3,99, 21649, 66.24,0.6624135609815801,2023-06-26
CPSEETF, EQ, 26-Jun-2023,43.29,43.51,44.0,42.99, 43.30,43.21,43.27,299910,129.76,2670, 180378, 60.14,0.6014404321296389,2023-06-26
CRAFTSMAN, EQ, 26-Jun-2023,3958.45,3987.95,4040.0,3940.0, 3945.15,3959.85,3989.86,13251,528.7,4481, 5678, 42.85,0.42849596256886274,2023-06-26
CREATIVE, EQ, 26-Jun-2023,481.95,484.25,485.75,471.2, 476.95,476.55,477.58,8301,39.64,749, 5248, 63.22,0.6322129863871823,2023-06-26
CREDITACC, EQ, 26-Jun-2023,1383.7,1383.7,1384.65,1315.15, 1325.50,1327.1,1339.02,207689,2780.99,17192, 66101, 31.83,0.3182691428048669,2023-06-26
CREST, EQ, 26-Jun-2023,228.9,228.0,228.9,210.0, 218.05,220.85,217.82,98029,213.53,3643, 40441, 41.25,0.4125411867916637,2023-06-26
CRISIL, EQ, 26-Jun-2023,3783.2,3771.0,3916.9,3705.65, 3908.00,3882.0,3819.99,38423,1467.75,9804, 13313, 34.65,0.3464851781485048,2023-06-26
CROMPTON, EQ, 26-Jun-2023,289.3,288.8,292.0,285.7, 288.15,288.2,288.9,1626081,4697.81,24969, 908946, 55.90,0.5589795342298446,2023-06-26
CROWN, BE, 26-Jun-2023,44.2,44.0,46.4,42.05, 45.80,45.8,44.01,9100,4.01,40, -, -,,2023-06-26
CSBBANK, EQ, 26-Jun-2023,270.05,270.0,282.0,270.0, 280.95,281.4,278.71,678898,1892.14,13518, 281986, 41.54,0.41535841908504667,2023-06-26
CSLFINANCE, EQ, 26-Jun-2023,329.95,322.7,339.85,319.0, 330.35,331.6,327.68,204838,671.21,2938, 158988, 77.62,0.7761645788379109,2023-06-26
CTE, EQ, 26-Jun-2023,68.8,72.9,77.0,71.0, 71.95,72.2,74.15,328433,243.54,3928, 113261, 34.49,0.34485267923747004,2023-06-26
CUB, EQ, 26-Jun-2023,119.9,121.0,122.75,119.65, 122.30,122.15,121.45,4828475,5864.22,15585, 2730913, 56.56,0.5655849931914321,2023-06-26
CUBEXTUB, BE, 26-Jun-2023,36.65,36.95,36.95,35.35, 36.40,36.4,35.83,3661,1.31,63, -, -,,2023-06-26
CUMMINSIND, EQ, 26-Jun-2023,1846.7,1858.75,1877.9,1840.0, 1873.45,1870.85,1856.46,392942,7294.82,24423, 240457, 61.19,0.6119401845564995,2023-06-26
CUPID, EQ, 26-Jun-2023,251.65,252.7,254.1,250.05, 251.10,251.5,251.56,10236,25.75,672, 5671, 55.40,0.5540250097694411,2023-06-26
CYBERMEDIA, EQ, 26-Jun-2023,17.4,17.5,17.7,16.85, 17.20,16.95,17.04,45066,7.68,228, 38177, 84.71,0.847135312652554,2023-06-26
CYBERTECH, BE, 26-Jun-2023,139.4,140.0,140.0,132.45, 137.00,136.35,134.49,41149,55.34,605, -, -,,2023-06-26
CYIENT, EQ, 26-Jun-2023,1460.3,1460.3,1474.15,1440.55, 1459.00,1459.7,1457.73,181257,2642.23,14791, 62577, 34.52,0.34523908042172163,2023-06-26
DAAWAT, EQ, 26-Jun-2023,129.65,129.6,130.75,126.25, 129.50,129.65,128.65,971331,1249.61,8129, 334074, 34.39,0.3439342510431562,2023-06-26
DABUR, EQ, 26-Jun-2023,563.35,560.15,570.0,560.15, 568.85,569.55,567.28,825926,4685.28,27483, 392343, 47.50,0.4750340829565845,2023-06-26
DALBHARAT, EQ, 26-Jun-2023,2167.4,2164.9,2199.0,2153.0, 2197.00,2197.15,2178.56,140490,3060.65,9903, 64956, 46.24,0.46235319239803546,2023-06-26
DALMIASUG, EQ, 26-Jun-2023,375.9,373.5,387.7,368.9, 370.70,371.2,377.0,205996,776.61,7942, 94251, 45.75,0.4575380104468048,2023-06-26
DAMODARIND, EQ, 26-Jun-2023,44.5,45.55,46.35,44.1, 44.30,44.55,44.85,17135,7.69,426, 9588, 55.96,0.5595564633790487,2023-06-26
DANGEE, EQ, 26-Jun-2023,13.15,13.3,15.0,13.1, 14.50,14.55,14.42,1941860,279.96,2050, 840458, 43.28,0.4328108102540863,2023-06-26
DATAMATICS, EQ, 26-Jun-2023,549.05,549.8,554.5,542.6, 546.00,547.35,547.69,120695,661.04,4591, 45349, 37.57,0.3757322175732218,2023-06-26
DATAPATTNS, EQ, 26-Jun-2023,1802.2,1792.1,1837.0,1782.2, 1814.95,1806.65,1810.87,115511,2091.76,12069, 31746, 27.48,0.2748309684791925,2023-06-26
DBCORP, EQ, 26-Jun-2023,140.15,142.25,143.0,137.7, 138.00,138.65,140.49,190234,267.26,2749, 78959, 41.51,0.41506250197125644,2023-06-26
DBL, EQ, 26-Jun-2023,233.15,233.15,238.7,230.6, 234.20,234.95,234.58,451188,1058.41,12551, 141814, 31.43,0.3143124373875192,2023-06-26
DBOL, EQ, 26-Jun-2023,179.5,180.7,181.45,173.0, 176.50,177.0,176.75,127989,226.22,4407, 58239, 45.50,0.4550312917516349,2023-06-26
DBREALTY, EQ, 26-Jun-2023,72.9,73.45,73.5,71.0, 72.50,72.4,72.66,263797,191.68,2600, 128197, 48.60,0.48596837719913416,2023-06-26
DBSTOCKBRO, EQ, 26-Jun-2023,24.55,25.35,26.0,24.5, 25.00,25.05,25.22,10489,2.65,131, 2818, 26.87,0.2686624082372009,2023-06-26
DCAL, EQ, 26-Jun-2023,138.15,140.0,145.1,137.05, 144.95,144.5,142.44,1070354,1524.66,9648, 398611, 37.24,0.3724104361734529,2023-06-26
DCBBANK, EQ, 26-Jun-2023,112.9,113.1,114.7,112.55, 114.10,113.9,113.6,448862,509.9,7348, 209687, 46.72,0.46715248784704433,2023-06-26
DCI, BE, 26-Jun-2023,152.45,154.95,157.95,150.1, 153.00,152.1,152.12,1311,1.99,53, -, -,,2023-06-26
DCM, EQ, 26-Jun-2023,69.85,70.6,72.5,69.15, 70.60,69.8,70.69,38914,27.51,508, 25693, 66.03,0.660250809477309,2023-06-26
DCMFINSERV, BE, 26-Jun-2023,4.8,4.9,4.9,4.65, 4.80,4.8,4.78,18877,0.9,45, -, -,,2023-06-26
DCMNVL, EQ, 26-Jun-2023,158.0,160.35,161.85,158.25, 158.25,159.1,160.57,18164,29.17,633, 7433, 40.92,0.40921603171107684,2023-06-26
DCMSHRIRAM, EQ, 26-Jun-2023,917.4,915.0,944.85,905.1, 917.00,910.25,927.16,527063,4886.74,24756, 105424, 20.00,0.20002162929289288,2023-06-26
DCMSRIND, EQ, 26-Jun-2023,76.1,79.0,82.7,77.25, 82.10,81.2,80.15,1131658,907.0,9029, 488283, 43.15,0.4314757638791932,2023-06-26
DCW, EQ, 26-Jun-2023,42.5,42.6,44.4,42.6, 43.75,43.8,43.65,3962191,1729.57,12174, 1485024, 37.48,0.3747986909263082,2023-06-26
DCXINDIA, EQ, 26-Jun-2023,262.15,259.0,264.35,250.4, 254.50,252.5,256.25,380166,974.19,7964, 223079, 58.68,0.5867936638205415,2023-06-26
DECCANCE, EQ, 26-Jun-2023,496.35,503.8,503.95,489.6, 495.00,494.2,495.51,7086,35.11,1000, 3479, 49.10,0.49096810612475306,2023-06-26
DEEPAKFERT, EQ, 26-Jun-2023,570.85,573.8,573.9,567.25, 568.70,568.55,569.97,358357,2042.53,8712, 192991, 53.85,0.5385439659334128,2023-06-26
DEEPAKNTR, EQ, 26-Jun-2023,2211.7,2184.05,2242.0,2175.65, 2227.10,2232.65,2207.7,426322,9411.92,26267, 89484, 20.99,0.20989768297202585,2023-06-26
DEEPENR, EQ, 26-Jun-2023,130.5,130.5,137.0,130.0, 136.00,135.1,135.84,58590,79.59,673, 45611, 77.85,0.7784775558969107,2023-06-26
DEEPINDS, EQ, 26-Jun-2023,173.45,175.6,178.1,172.65, 174.35,173.4,174.45,70935,123.75,2539, 39218, 55.29,0.552872347924156,2023-06-26
DELHIVERY, EQ, 26-Jun-2023,373.0,370.3,383.5,364.5, 380.50,379.6,372.51,3613357,13460.12,84670, 2172631, 60.13,0.6012777038083975,2023-06-26
DELPHIFX, EQ, 26-Jun-2023,380.0,376.85,388.9,376.85, 380.50,380.55,382.43,3671,14.04,487, 772, 21.03,0.21029692181966766,2023-06-26
DELTACORP, EQ, 26-Jun-2023,238.15,237.95,241.4,235.45, 241.35,240.45,238.89,1507201,3600.55,14585, 512100, 33.98,0.3397688828497327,2023-06-26
DELTAMAGNT, EQ, 26-Jun-2023,74.2,73.9,75.85,73.3, 73.75,74.15,74.29,7908,5.87,346, 3971, 50.21,0.5021497218007082,2023-06-26
DEN, EQ, 26-Jun-2023,35.35,35.45,36.0,34.05, 34.65,34.6,34.93,2527980,882.96,8867, 903801, 35.75,0.35751904682790214,2023-06-26
DENORA, EQ, 26-Jun-2023,1795.7,1809.0,1878.95,1796.1, 1867.00,1861.95,1838.4,51477,946.35,7713, 15318, 29.76,0.29756978844921034,2023-06-26
DEVIT, BE, 26-Jun-2023,149.75,149.75,150.8,143.2, 149.90,149.1,147.36,19875,29.29,283, -, -,,2023-06-26
DEVYANI, EQ, 26-Jun-2023,188.75,188.5,195.0,188.1, 194.75,194.3,192.95,1683249,3247.87,21586, 632843, 37.60,0.3759651721165437,2023-06-26
DGCONTENT, BE, 26-Jun-2023,19.8,18.85,18.85,18.85, 18.85,18.85,18.85,650,0.12,4, -, -,,2023-06-26
DHAMPURSUG, EQ, 26-Jun-2023,290.2,286.8,288.35,276.15, 277.00,277.85,281.16,571074,1605.61,13701, 233106, 40.82,0.40818878113869655,2023-06-26
DHANBANK, EQ, 26-Jun-2023,16.65,16.7,16.75,16.5, 16.55,16.6,16.62,394594,65.58,1110, 199900, 50.66,0.5065966537757797,2023-06-26
DHANI, EQ, 26-Jun-2023,33.15,33.45,34.25,32.95, 33.20,33.2,33.5,2707198,906.93,7466, 931667, 34.41,0.34414438840454226,2023-06-26
DHANUKA, EQ, 26-Jun-2023,781.1,785.0,796.0,779.55, 792.00,791.1,789.71,23280,183.84,3137, 13352, 57.35,0.5735395189003436,2023-06-26
DHARMAJ, EQ, 26-Jun-2023,173.2,172.8,177.2,172.15, 173.95,173.05,174.28,26331,45.89,1517, 14675, 55.73,0.5573278644943223,2023-06-26
DHARSUGAR, BZ, 26-Jun-2023,8.5,8.5,8.7,8.35, 8.55,8.55,8.5,10240,0.87,27, -, -,,2023-06-26
DHRUV, EQ, 26-Jun-2023,50.85,50.85,51.0,49.65, 50.40,50.25,50.3,28186,14.18,260, 25732, 91.29,0.9129354998935642,2023-06-26
DHUNINV, EQ, 26-Jun-2023,722.05,735.0,735.0,696.0, 699.00,699.35,709.61,3188,22.62,390, 1827, 57.31,0.573086574654956,2023-06-26
DIAMONDYD, EQ, 26-Jun-2023,769.25,770.0,779.45,758.0, 764.55,760.4,768.0,9775,75.07,1015, 6269, 64.13,0.6413299232736573,2023-06-26
DICIND, EQ, 26-Jun-2023,422.2,418.0,430.0,418.0, 422.00,426.15,425.48,3411,14.51,204, 2525, 74.03,0.7402521254763998,2023-06-26
DIGISPICE, EQ, 26-Jun-2023,21.45,21.85,22.15,21.25, 21.55,21.7,21.77,69617,15.16,459, 45606, 65.51,0.6550986109714582,2023-06-26
DIGJAMLMTD, BE, 26-Jun-2023,89.55,89.5,89.5,87.0, 87.50,89.05,88.16,989,0.87,36, -, -,,2023-06-26
DIL, EQ, 26-Jun-2023,15.55,15.7,17.1,15.5, 17.10,17.05,16.21,12108498,1962.5,1720, 5420014, 44.76,0.4476206710361599,2023-06-26
DISHTV, EQ, 26-Jun-2023,14.95,15.05,15.4,14.55, 15.20,15.3,15.05,24812409,3734.71,12321, 6784970, 27.35,0.2734506754261547,2023-06-26
DIVGIITTS, EQ, 26-Jun-2023,845.0,849.0,867.4,844.3, 854.00,853.8,855.25,18507,158.28,2995, 6548, 35.38,0.3538120711082293,2023-06-26
DIVISLAB, EQ, 26-Jun-2023,3462.95,3468.95,3539.95,3467.0, 3525.00,3534.35,3515.5,366126,12871.14,22636, 109789, 29.99,0.29986671255250924,2023-06-26
DIVOPPBEES, EQ, 26-Jun-2023,52.44,54.0,54.0,51.53, 53.00,53.18,52.52,8364,4.39,533, 4769, 57.02,0.570181731229077,2023-06-26
DIXON, EQ, 26-Jun-2023,4326.2,4326.95,4511.0,4316.25, 4446.00,4432.05,4435.13,804774,35692.75,49375, 182499, 22.68,0.2267704970588016,2023-06-26
DJML, EQ, 26-Jun-2023,149.9,149.05,150.45,144.5, 145.00,145.95,147.42,2903,4.28,118, 1345, 46.33,0.4633138132965897,2023-06-26
DLF, EQ, 26-Jun-2023,477.7,477.1,478.0,469.7, 476.55,477.15,474.19,2333475,11065.19,42713, 838868, 35.95,0.35949303078027406,2023-06-26
DLINKINDIA, EQ, 26-Jun-2023,249.5,250.0,259.95,246.35, 258.00,258.5,255.97,1117250,2859.79,24334, 424069, 37.96,0.3795650033564556,2023-06-26
DMART, EQ, 26-Jun-2023,3744.05,3744.05,3879.0,3744.05, 3872.00,3848.25,3821.59,344384,13160.95,39101, 114050, 33.12,0.3311710183980673,2023-06-26
DMCC, EQ, 26-Jun-2023,335.8,335.75,335.75,320.0, 320.90,321.95,325.37,103717,337.46,5131, 37429, 36.09,0.3608762305118737,2023-06-26
DNAMEDIA, EQ, 26-Jun-2023,3.15,3.3,3.3,3.2, 3.30,3.3,3.28,211934,6.96,236, 133370, 62.93,0.6292996876386044,2023-06-26
DODLA, EQ, 26-Jun-2023,576.85,576.9,593.2,571.1, 580.00,582.4,585.42,61631,360.8,5975, 35643, 57.83,0.5783290876344697,2023-06-26
DOLATALGO, EQ, 26-Jun-2023,47.25,46.85,48.1,45.3, 46.25,46.5,46.53,83977,39.08,896, 25980, 30.94,0.30937042285387667,2023-06-26
DOLLAR, EQ, 26-Jun-2023,373.75,374.65,379.95,371.95, 374.90,374.4,375.73,43741,164.35,3140, 19416, 44.39,0.44388559932328936,2023-06-26
DONEAR, EQ, 26-Jun-2023,92.75,93.0,94.05,91.65, 92.85,92.85,92.94,60487,56.22,1007, 34602, 57.21,0.5720568055945906,2023-06-26
DPABHUSHAN, EQ, 26-Jun-2023,243.55,247.2,247.2,240.0, 240.05,243.25,243.24,29725,72.3,676, 23065, 77.59,0.775946173254836,2023-06-26
DPSCLTD, EQ, 26-Jun-2023,11.6,11.6,12.0,11.55, 11.70,11.7,11.75,40233,4.73,294, 18154, 45.12,0.45122163398205456,2023-06-26
DPWIRES, EQ, 26-Jun-2023,493.05,498.0,519.8,490.0, 511.00,510.8,507.28,299893,1521.3,13650, 102910, 34.32,0.34315572554211005,2023-06-26
DRCSYSTEMS, EQ, 26-Jun-2023,37.85,37.85,37.85,36.1, 37.55,36.5,36.89,9102,3.36,143, 6951, 76.37,0.7636783124588002,2023-06-26
DREAMFOLKS, EQ, 26-Jun-2023,570.2,565.2,585.5,562.95, 581.40,579.05,578.23,599875,3468.66,15788, 407970, 68.01,0.6800916857678683,2023-06-26
DREDGECORP, EQ, 26-Jun-2023,339.4,340.35,344.85,338.55, 342.00,341.25,341.68,29504,100.81,2105, 11441, 38.78,0.3877779284164859,2023-06-26
DRREDDY, EQ, 26-Jun-2023,4993.9,4989.9,5074.0,4952.0, 5040.00,5041.6,5033.92,721425,36315.98,62424, 398963, 55.30,0.5530207575285027,2023-06-26
DSPBANKETF, EQ, 26-Jun-2023,43.91,44.79,45.7,43.03, 43.76,43.85,43.83,1784,0.78,70, 1611, 90.30,0.9030269058295964,2023-06-26
DSPGOLDETF, EQ, 26-Jun-2023,58.25,58.25,58.25,58.2, 58.20,58.2,58.23,15,0.01,7, 15, 100.00,1.0,2023-06-26
DSPN50ETF, EQ, 26-Jun-2023,189.45,189.27,190.32,189.27, 189.46,189.59,189.64,321,0.61,20, 236, 73.52,0.735202492211838,2023-06-26
DSPNEWETF, EQ, 26-Jun-2023,221.9,221.98,223.08,218.1, 218.50,220.31,222.15,1472,3.27,56, 466, 31.66,0.31657608695652173,2023-06-26
DSPQ50ETF, EQ, 26-Jun-2023,173.02,174.41,175.0,171.3, 174.95,173.29,174.07,2453,4.27,76, 2035, 82.96,0.8295964125560538,2023-06-26
DSPSILVETF, EQ, 26-Jun-2023,67.79,67.8,68.9,67.8, 68.90,68.87,68.58,3293,2.26,71, 1688, 51.26,0.51260249013058,2023-06-26
DSSL, EQ, 26-Jun-2023,515.2,515.05,515.05,494.55, 504.75,503.25,504.12,30643,154.48,1911, 16591, 54.14,0.5414287112880593,2023-06-26
DTIL, EQ, 26-Jun-2023,207.9,210.8,216.8,207.15, 212.00,211.45,212.42,8708,18.5,446, 3830, 43.98,0.43982544786403305,2023-06-26
DUCON, BE, 26-Jun-2023,6.8,6.8,6.9,6.7, 6.75,6.75,6.78,162120,10.99,284, -, -,,2023-06-26
DVL, EQ, 26-Jun-2023,258.75,260.9,261.95,251.1, 258.00,256.95,256.31,53554,137.26,2983, 31359, 58.56,0.5855585016992195,2023-06-26
DWARKESH, EQ, 26-Jun-2023,91.85,91.1,92.0,89.7, 90.40,90.35,90.54,869063,786.84,6733, 433894, 49.93,0.4992664513389708,2023-06-26
DYCL, EQ, 26-Jun-2023,314.5,316.95,326.15,313.3, 320.00,318.5,320.23,91305,292.39,4394, 36866, 40.38,0.40376759213624663,2023-06-26
DYNAMATECH, EQ, 26-Jun-2023,3701.4,3681.0,3747.95,3650.2, 3655.00,3661.9,3694.84,4769,176.21,1649, 2319, 48.63,0.48626546445795765,2023-06-26
DYNPRO, EQ, 26-Jun-2023,321.4,325.9,329.05,317.55, 327.00,326.9,325.17,20075,65.28,2859, 10273, 51.17,0.51173100871731,2023-06-26
E2E, EQ, 26-Jun-2023,167.95,170.0,170.0,164.25, 166.95,165.4,166.84,13008,21.7,458, 7487, 57.56,0.5755688806888068,2023-06-26
EASEMYTRIP, EQ, 26-Jun-2023,42.1,42.3,42.6,41.45, 41.50,41.5,41.68,13016006,5424.59,21856, 6464365, 49.66,0.49664735864442594,2023-06-26
EASTSILK, BE, 26-Jun-2023,2.0,1.9,1.9,1.9, 1.90,1.9,1.9,141002,2.68,91, -, -,,2023-06-26
EBBETF0425, EQ, 26-Jun-2023,1134.74,1133.64,1135.0,1133.5, 1133.58,1133.6,1134.09,3729,42.29,77, 2499, 67.02,0.670152855993564,2023-06-26
EBBETF0430, EQ, 26-Jun-2023,1280.86,1272.6,1289.4,1272.6, 1282.99,1279.58,1280.39,18179,232.76,221, 17242, 94.85,0.9484570108366797,2023-06-26
EBBETF0431, EQ, 26-Jun-2023,1146.49,1148.99,1148.99,1146.51, 1148.00,1148.0,1147.77,5878,67.47,78, 5755, 97.91,0.9790745151412045,2023-06-26
EBBETF0433, EQ, 26-Jun-2023,1042.22,1047.99,1047.99,1044.04, 1047.85,1046.94,1046.0,2811,29.4,65, 2411, 85.77,0.8577018854500178,2023-06-26
ECLERX, EQ, 26-Jun-2023,1693.95,1695.0,1760.0,1693.95, 1742.00,1736.65,1721.11,111332,1916.15,8838, 64604, 58.03,0.5802823985915999,2023-06-26
EDELWEISS, EQ, 26-Jun-2023,49.5,49.95,49.95,48.9, 49.25,49.4,49.37,836526,413.0,3998, 485807, 58.07,0.5807434556726271,2023-06-26
EDUCOMP, BZ, 26-Jun-2023,1.9,1.95,1.95,1.95, 1.95,1.95,1.95,51788,1.01,29, -, -,,2023-06-26
EICHERMOT, EQ, 26-Jun-2023,3539.2,3549.95,3572.3,3521.0, 3537.20,3551.65,3548.12,346202,12283.68,41900, 155928, 45.04,0.45039601157705617,2023-06-26
EIDPARRY, EQ, 26-Jun-2023,482.75,484.85,485.7,472.0, 476.00,473.45,474.5,241155,1144.27,12972, 133754, 55.46,0.5546391325081379,2023-06-26
EIFFL, EQ, 26-Jun-2023,182.1,188.8,192.0,161.3, 163.00,164.15,172.86,66190,114.42,1423, 35846, 54.16,0.5415621695120109,2023-06-26
EIHAHOTELS, EQ, 26-Jun-2023,527.55,529.4,532.7,519.2, 519.20,521.65,526.77,24328,128.15,3351, 11018, 45.29,0.45289378493916477,2023-06-26
EIHOTEL, EQ, 26-Jun-2023,207.5,208.0,211.75,207.05, 210.90,210.95,210.25,277655,583.76,8583, 151357, 54.51,0.5451261457564244,2023-06-26
EIMCOELECO, BE, 26-Jun-2023,589.85,595.0,618.0,591.15, 600.00,601.4,601.31,3514,21.13,127, -, -,,2023-06-26
EKC, EQ, 26-Jun-2023,120.3,120.3,123.9,119.6, 123.00,122.75,121.86,451549,550.28,4549, 152290, 33.73,0.3372612939016585,2023-06-26
ELDEHSG, EQ, 26-Jun-2023,620.3,614.95,744.35,614.95, 744.35,741.7,695.79,26686,185.68,1960, 15263, 57.19,0.5719478378175823,2023-06-26
ELECON, EQ, 26-Jun-2023,551.75,547.0,561.0,544.0, 548.00,549.35,551.01,164320,905.41,11817, 66258, 40.32,0.40322541382667965,2023-06-26
ELECTCAST, EQ, 26-Jun-2023,56.1,56.4,57.85,55.55, 57.35,57.5,56.62,3156265,1787.14,9140, 1308730, 41.46,0.4146451581220208,2023-06-26
ELECTHERM, BE, 26-Jun-2023,84.7,84.45,84.45,82.2, 83.00,82.8,83.09,5920,4.92,96, -, -,,2023-06-26
ELGIEQUIP, EQ, 26-Jun-2023,541.55,541.55,552.4,534.3, 549.00,549.85,545.82,698107,3810.41,15404, 442790, 63.43,0.6342723966383377,2023-06-26
ELGIRUBCO, EQ, 26-Jun-2023,39.5,40.05,40.45,39.3, 39.55,39.8,39.76,28519,11.34,215, 20699, 72.58,0.7257968371962551,2023-06-26
ELIN, EQ, 26-Jun-2023,165.35,165.35,168.0,163.35, 166.00,165.1,165.17,178502,294.83,4399, 84220, 47.18,0.4718154418437889,2023-06-26
EMAMILTD, EQ, 26-Jun-2023,409.9,409.9,421.3,409.15, 419.00,419.15,418.23,565167,2363.67,10742, 400421, 70.85,0.7085003193746273,2023-06-26
EMAMIPAP, EQ, 26-Jun-2023,121.7,123.4,123.4,120.8, 121.80,121.95,121.78,9061,11.03,229, 5764, 63.61,0.6361328771658757,2023-06-26
EMAMIREAL, EQ, 26-Jun-2023,67.6,69.5,69.5,68.0, 69.00,68.65,68.38,15038,10.28,186, 10633, 70.71,0.7070754089639579,2023-06-26
EMIL, EQ, 26-Jun-2023,81.25,81.25,84.0,80.0, 80.40,80.35,82.03,893985,733.29,6751, 527003, 58.95,0.5894987052355465,2023-06-26
EMKAY, EQ, 26-Jun-2023,73.75,74.6,74.7,73.65, 73.95,73.85,74.08,8524,6.31,117, 5841, 68.52,0.6852416705771938,2023-06-26
EMMBI, EQ, 26-Jun-2023,88.6,90.0,90.0,87.1, 88.20,87.65,87.91,18426,16.2,397, 12667, 68.75,0.6874525127537175,2023-06-26
EMUDHRA, EQ, 26-Jun-2023,405.3,409.45,417.25,403.55, 407.50,405.05,411.07,157965,649.34,7333, 51898, 32.85,0.3285411325293578,2023-06-26
ENDURANCE, EQ, 26-Jun-2023,1581.4,1567.0,1601.45,1555.3, 1555.30,1561.9,1577.27,21449,338.31,4626, 8587, 40.03,0.4003450044291109,2023-06-26
ENERGYDEV, EQ, 26-Jun-2023,17.15,17.4,17.45,16.85, 17.05,17.0,17.12,36997,6.33,277, 27979, 75.63,0.7562505067978484,2023-06-26
ENGINERSIN, EQ, 26-Jun-2023,112.95,113.3,116.15,112.05, 115.20,115.3,114.47,3582699,4101.23,14659, 922765, 25.76,0.2575614083125599,2023-06-26
ENIL, EQ, 26-Jun-2023,130.95,131.9,133.65,128.1, 130.25,131.8,131.63,39339,51.78,1010, 19866, 50.50,0.5049950430870129,2023-06-26
EPL, EQ, 26-Jun-2023,206.7,207.7,208.35,203.0, 203.15,203.85,205.56,705679,1450.62,12567, 338921, 48.03,0.48027644297194616,2023-06-26
EQUIPPP, BE, 26-Jun-2023,30.45,30.45,31.15,29.2, 30.80,30.7,29.51,26718,7.88,47, -, -,,2023-06-26
EQUITASBNK, EQ, 26-Jun-2023,82.05,81.85,85.5,80.1, 85.00,84.8,82.51,10758338,8877.22,47693, 5214592, 48.47,0.4847023768913005,2023-06-26
ERIS, EQ, 26-Jun-2023,665.45,660.05,675.95,660.0, 665.75,666.6,669.68,36229,242.62,6509, 21961, 60.62,0.6061718512793618,2023-06-26
EROSMEDIA, EQ, 26-Jun-2023,21.1,19.35,20.5,17.7, 19.15,19.25,19.16,8922995,1709.92,17309, 2583214, 28.95,0.28950077860628637,2023-06-26
ESABINDIA, EQ, 26-Jun-2023,4051.8,4012.2,4080.0,4012.2, 4030.00,4051.1,4043.63,4304,174.04,1137, 3041, 70.66,0.7065520446096655,2023-06-26
ESCORTS, EQ, 26-Jun-2023,2155.9,2167.2,2211.95,2151.0, 2209.00,2200.55,2193.43,381288,8363.29,26275, 173131, 45.41,0.4540688403516502,2023-06-26
ESSARSHPNG, BE, 26-Jun-2023,11.6,11.7,12.15,11.25, 12.10,12.15,11.99,285257,34.2,715, -, -,,2023-06-26
ESSENTIA, BE, 26-Jun-2023,5.85,5.9,5.95,5.8, 5.85,5.85,5.87,110253,6.47,231, -, -,,2023-06-26
ESTER, EQ, 26-Jun-2023,110.5,110.5,113.8,109.95, 112.55,113.0,112.31,71122,79.88,1864, 41099, 57.79,0.5778662017378589,2023-06-26
ETHOSLTD, EQ, 26-Jun-2023,1298.8,1304.95,1313.9,1277.05, 1284.05,1284.95,1289.23,20572,265.22,2760, 12125, 58.94,0.5893933501847171,2023-06-26
EVEREADY, EQ, 26-Jun-2023,332.2,330.65,332.15,326.4, 329.75,329.8,329.12,62900,207.02,3072, 39473, 62.76,0.6275516693163752,2023-06-26
EVERESTIND, EQ, 26-Jun-2023,918.95,928.05,936.0,905.1, 923.00,929.7,922.28,14943,137.82,1575, 7880, 52.73,0.527337214749381,2023-06-26
EXCEL, BE, 26-Jun-2023,0.35,0.4,0.4,0.35, 0.40,0.4,0.38,1615536,6.16,1070, -, -,,2023-06-26
EXCELINDUS, EQ, 26-Jun-2023,954.25,960.0,979.8,959.65, 970.80,968.5,970.13,7832,75.98,1272, 3871, 49.43,0.49425434116445355,2023-06-26
EXIDEIND, EQ, 26-Jun-2023,232.5,234.95,235.5,230.0, 232.75,232.55,232.35,4839246,11243.96,34697, 2100869, 43.41,0.43413147420073295,2023-06-26
EXPLEOSOL, EQ, 26-Jun-2023,1554.95,1550.0,1573.95,1542.0, 1565.05,1566.7,1562.08,14405,225.02,2489, 8061, 55.96,0.5595973620270739,2023-06-26
EXXARO, EQ, 26-Jun-2023,115.05,115.95,115.95,112.45, 112.85,112.9,113.55,116821,132.65,1730, 81150, 69.47,0.6946525025466311,2023-06-26
FACT, EQ, 26-Jun-2023,415.65,415.05,426.8,410.0, 417.00,418.5,419.09,1598844,6700.56,30200, 209516, 13.10,0.13104217797358592,2023-06-26
FAIRCHEMOR, EQ, 26-Jun-2023,1263.65,1256.0,1275.95,1240.1, 1260.50,1248.6,1252.57,9005,112.79,2662, 4846, 53.81,0.5381454747362576,2023-06-26
FAZE3Q, EQ, 26-Jun-2023,384.2,389.95,404.95,383.55, 400.15,400.9,396.6,18275,72.48,1324, 12594, 68.91,0.6891381668946649,2023-06-26
FCL, EQ, 26-Jun-2023,291.8,291.0,293.75,286.05, 289.70,289.8,289.93,281839,817.13,6308, 165773, 58.82,0.5881833245221563,2023-06-26
FCONSUMER, BE, 26-Jun-2023,0.9,0.9,0.9,0.85, 0.85,0.9,0.88,1591788,13.95,1553, -, -,,2023-06-26
FCSSOFT, EQ, 26-Jun-2023,2.2,2.2,2.25,2.15, 2.20,2.15,2.17,3006412,65.13,2620, 2356305, 78.38,0.7837598439601758,2023-06-26
FDC, EQ, 26-Jun-2023,314.55,315.15,327.95,312.0, 322.20,323.7,322.77,1481215,4780.96,27195, 624074, 42.13,0.42132573596675704,2023-06-26
FEDERALBNK, EQ, 26-Jun-2023,122.15,122.15,122.3,121.0, 121.50,121.3,121.4,5930251,7199.29,39410, 2693978, 45.43,0.45427723042414225,2023-06-26
FEL, BZ, 26-Jun-2023,0.8,0.8,0.85,0.75, 0.85,0.85,0.82,754745,6.22,354, -, -,,2023-06-26
FELDVR, BE, 26-Jun-2023,4.65,4.65,4.85,4.65, 4.85,4.85,4.82,14333,0.69,53, -, -,,2023-06-26
FIBERWEB, EQ, 26-Jun-2023,30.6,31.9,31.9,30.0, 30.35,30.45,30.42,26616,8.1,288, 18818, 70.70,0.7070183348361888,2023-06-26
FIEMIND, EQ, 26-Jun-2023,1753.35,1752.0,1759.7,1724.5, 1744.00,1746.95,1740.71,21273,370.3,4410, 9917, 46.62,0.4661777840455037,2023-06-26
FILATEX, EQ, 26-Jun-2023,38.85,38.85,40.4,38.75, 40.30,40.15,40.02,817929,327.33,2312, 653587, 79.91,0.7990754698757472,2023-06-26
FINCABLES, EQ, 26-Jun-2023,812.25,813.7,813.7,794.0, 800.50,799.5,799.72,201284,1609.7,14141, 100932, 50.14,0.5014407503825441,2023-06-26
FINEORG, EQ, 26-Jun-2023,4827.45,4827.0,4877.0,4805.1, 4870.00,4866.85,4851.07,21374,1036.87,7030, 11893, 55.64,0.5564236923364836,2023-06-26
FINOPB, EQ, 26-Jun-2023,255.2,255.2,267.0,250.9, 258.00,256.1,259.99,358460,931.97,9285, 162715, 45.39,0.4539279138537075,2023-06-26
FINPIPE, EQ, 26-Jun-2023,175.3,175.4,178.7,173.95, 177.50,177.65,176.51,504429,890.39,8979, 282731, 56.05,0.5604971165416739,2023-06-26
FIVESTAR, EQ, 26-Jun-2023,636.8,636.0,674.8,625.0, 664.90,659.7,662.13,430609,2851.21,23195, 200995, 46.68,0.46676915717042605,2023-06-26
FLEXITUFF, EQ, 26-Jun-2023,28.6,29.8,29.8,28.15, 28.50,28.4,28.46,9872,2.81,78, 8533, 86.44,0.8643638573743923,2023-06-26
FLFL, BZ, 26-Jun-2023,4.8,4.75,4.9,4.7, 4.80,4.8,4.74,51580,2.45,169, -, -,,2023-06-26
FLUOROCHEM, EQ, 26-Jun-2023,3059.1,3050.05,3066.7,3003.55, 3016.90,3011.85,3023.14,44702,1351.4,7451, 26713, 59.76,0.5975795266431032,2023-06-26
FMGOETZE, EQ, 26-Jun-2023,370.4,378.5,384.9,372.5, 373.40,373.9,378.36,222297,841.07,6159, 114398, 51.46,0.5146178310998349,2023-06-26
FMNL, EQ, 26-Jun-2023,4.4,4.45,4.6,4.4, 4.60,4.6,4.54,22649,1.03,48, 21343, 94.23,0.9423374100401783,2023-06-26
FOCUS, EQ, 26-Jun-2023,565.3,571.6,593.55,569.0, 570.00,574.1,588.52,64318,378.53,1443, 39298, 61.10,0.6109953667713548,2023-06-26
FOODSIN, EQ, 26-Jun-2023,170.55,172.0,180.0,171.2, 178.95,177.9,175.99,350930,617.61,4352, 263599, 75.11,0.7511441028125267,2023-06-26
FORCEMOT, EQ, 26-Jun-2023,2322.5,2357.9,2357.9,2300.0, 2340.00,2337.9,2337.65,74567,1743.11,7034, 37196, 49.88,0.49882655866536135,2023-06-26
FORTIS, EQ, 26-Jun-2023,304.8,306.8,309.0,298.45, 303.50,302.8,301.86,1628437,4915.57,16047, 1054440, 64.75,0.6475166064146172,2023-06-26
FOSECOIND, EQ, 26-Jun-2023,2638.95,2641.0,2693.5,2602.2, 2627.00,2620.6,2634.86,2014,53.07,715, 954, 47.37,0.47368421052631576,2023-06-26
FRETAIL, BZ, 26-Jun-2023,2.9,3.0,3.0,3.0, 3.00,3.0,3.0,257540,7.73,360, -, -,,2023-06-26
FSC, BZ, 26-Jun-2023,12.4,11.8,11.8,11.8, 11.80,11.8,11.8,13685,1.61,44, -, -,,2023-06-26
FSL, EQ, 26-Jun-2023,127.05,126.2,128.9,126.0, 128.50,128.45,127.53,1362364,1737.47,12857, 707711, 51.95,0.5194727693920274,2023-06-26
FUSION, EQ, 26-Jun-2023,543.3,533.5,553.75,533.5, 546.80,548.6,546.65,111530,609.67,8873, 58951, 52.86,0.5285663050300368,2023-06-26
GABRIEL, EQ, 26-Jun-2023,189.05,189.05,189.4,186.75, 187.55,187.4,187.83,172400,323.82,3930, 89672, 52.01,0.520139211136891,2023-06-26
GAEL, EQ, 26-Jun-2023,243.5,242.55,245.2,240.9, 242.40,242.6,242.44,183608,445.14,7557, 92202, 50.22,0.5021676615398022,2023-06-26
GAIL, EQ, 26-Jun-2023,105.05,104.5,105.2,103.7, 104.80,104.8,104.74,9225360,9662.36,29820, 5905719, 64.02,0.6401613595567002,2023-06-26
GAL, EQ, 26-Jun-2023,2.85,2.85,2.85,2.75, 2.80,2.85,2.81,238557,6.7,190, 202228, 84.77,0.8477135443520836,2023-06-26
GALAXYSURF, EQ, 26-Jun-2023,2744.6,2758.3,2800.0,2682.0, 2697.00,2703.1,2730.7,31937,872.11,6953, 13877, 43.45,0.43451169489933306,2023-06-26
GALLANTT, EQ, 26-Jun-2023,57.2,56.65,57.7,56.65, 57.05,57.2,57.08,19503,11.13,215, 15981, 81.94,0.8194123980926011,2023-06-26
GANDHITUBE, EQ, 26-Jun-2023,573.8,577.8,585.0,575.25, 577.00,580.55,580.07,2405,13.95,333, 1601, 66.57,0.6656964656964657,2023-06-26
GANECOS, EQ, 26-Jun-2023,1089.5,1100.4,1147.95,1087.5, 1118.00,1116.95,1111.98,24858,276.42,3647, 11871, 47.76,0.4775524981897176,2023-06-26
GANESHBE, EQ, 26-Jun-2023,149.35,148.0,148.9,145.55, 147.70,147.15,147.25,131213,193.21,2078, 72964, 55.61,0.556072950088787,2023-06-26
GANESHHOUC, EQ, 26-Jun-2023,363.75,368.0,377.9,358.65, 374.00,372.9,369.43,54754,202.28,2322, 29899, 54.61,0.5460605617854404,2023-06-26
GANGAFORGE, BE, 26-Jun-2023,5.75,5.8,5.85,5.6, 5.75,5.8,5.72,198510,11.36,363, -, -,,2023-06-26
GANGESSECU, EQ, 26-Jun-2023,111.9,114.0,115.55,108.85, 109.80,110.5,111.14,5438,6.04,272, 3202, 58.88,0.5888194189040088,2023-06-26
GANGOTRI, BZ, 26-Jun-2023,0.95,0.9,1.0,0.9, 0.90,0.9,0.9,4988,0.04,11, -, -,,2023-06-26
GARFIBRES, EQ, 26-Jun-2023,3129.6,3100.0,3136.25,3081.95, 3105.00,3105.45,3104.66,31309,972.04,3481, 27370, 87.42,0.8741895301670446,2023-06-26
GATEWAY, EQ, 26-Jun-2023,72.5,71.75,73.2,71.75, 72.95,72.95,72.55,204019,148.03,1898, 136118, 66.72,0.6671829584499482,2023-06-26
GATI, EQ, 26-Jun-2023,116.0,116.85,116.85,114.0, 114.60,114.4,114.8,412712,473.78,5638, 172497, 41.80,0.4179597394793464,2023-06-26
GAYAPROJ, BE, 26-Jun-2023,5.9,5.8,6.05,5.7, 5.85,5.95,5.93,70709,4.19,139, -, -,,2023-06-26
GEECEE, EQ, 26-Jun-2023,167.55,166.65,174.2,166.65, 173.00,172.95,170.93,19871,33.97,1021, 14082, 70.87,0.7086709274822606,2023-06-26
GEEKAYWIRE, BE, 26-Jun-2023,236.1,238.75,239.45,234.0, 236.00,235.85,237.43,20763,49.3,400, -, -,,2023-06-26
GENCON, BE, 26-Jun-2023,60.35,59.0,60.6,57.35, 57.35,57.45,58.45,65938,38.54,118, -, -,,2023-06-26
GENESYS, EQ, 26-Jun-2023,320.3,315.75,325.45,315.0, 319.50,317.55,318.19,17545,55.83,946, 9888, 56.36,0.5635793673411228,2023-06-26
GENUSPAPER, EQ, 26-Jun-2023,14.5,14.3,14.7,14.3, 14.45,14.4,14.45,110917,16.02,470, 68847, 62.07,0.6207073757854973,2023-06-26
GENUSPOWER, EQ, 26-Jun-2023,109.0,110.0,115.5,109.7, 115.25,114.8,113.86,2474708,2817.63,17761, 900060, 36.37,0.3637035157279162,2023-06-26
GEOJITFSL, EQ, 26-Jun-2023,47.05,47.45,48.4,46.9, 47.30,47.55,47.74,665638,317.77,3354, 348941, 52.42,0.5242203720340486,2023-06-26
GEPIL, EQ, 26-Jun-2023,157.55,158.0,160.05,154.25, 158.30,155.95,157.13,213903,336.1,4859, 85220, 39.84,0.3984048844569735,2023-06-26
GESHIP, EQ, 26-Jun-2023,702.05,706.0,739.3,705.6, 734.00,727.1,721.92,312976,2259.44,16416, 152009, 48.57,0.4856889985174582,2023-06-26
GET&D, BE, 26-Jun-2023,209.15,215.0,218.0,206.0, 213.00,213.4,212.96,21744,46.3,342, -, -,,2023-06-26
GFLLIMITED, EQ, 26-Jun-2023,55.0,55.55,56.0,54.95, 55.05,55.45,55.44,58562,32.47,751, 37402, 63.87,0.6386735425702674,2023-06-26
GFSTEELS, BE, 26-Jun-2023,6.3,6.3,6.3,6.3, 6.30,6.3,6.3,75,0.0,2, -, -,,2023-06-26
GHCL, EQ, 26-Jun-2023,507.4,506.9,517.3,504.5, 506.95,507.2,510.52,335780,1714.22,14346, 187962, 55.98,0.559777235094407,2023-06-26
GHCLTEXTIL, EQ, 26-Jun-2023,67.85,69.9,71.25,62.5, 63.85,63.8,65.89,927120,610.9,10563, 803846, 86.70,0.8670355509534904,2023-06-26
GICHSGFIN, EQ, 26-Jun-2023,182.1,183.3,186.95,181.0, 182.50,182.4,184.74,487917,901.38,10633, 89706, 18.39,0.1838550409188448,2023-06-26
GICRE, EQ, 26-Jun-2023,179.55,179.0,181.5,178.65, 180.15,180.0,180.13,258509,465.65,4255, 95061, 36.77,0.36772800946968964,2023-06-26
GILLANDERS, EQ, 26-Jun-2023,67.55,68.2,68.8,64.0, 66.00,66.2,65.98,15256,10.07,305, 8333, 54.62,0.5462113266911379,2023-06-26
GILLETTE, EQ, 26-Jun-2023,4834.35,4882.65,5149.95,4873.95, 5081.00,5103.2,5022.93,73328,3683.21,13522, 23283, 31.75,0.3175185468034039,2023-06-26
GILT5YBEES, EQ, 26-Jun-2023,52.47,52.47,52.53,52.46, 52.53,52.51,52.51,343764,180.5,591, 192049, 55.87,0.5586652470881186,2023-06-26
GINNIFILA, BE, 26-Jun-2023,28.2,28.1,28.3,26.8, 28.00,27.6,27.62,26927,7.44,182, -, -,,2023-06-26
GIPCL, EQ, 26-Jun-2023,99.3,99.15,100.6,99.15, 100.30,100.15,99.88,238189,237.91,2507, 131198, 55.08,0.5508146891754028,2023-06-26
GISOLUTION, BE, 26-Jun-2023,10.3,9.85,10.8,9.8, 10.80,10.8,10.19,539556,54.96,759, -, -,,2023-06-26
GKWLIMITED, BE, 26-Jun-2023,887.15,843.05,884.0,843.05, 867.45,857.85,853.84,717,6.12,70, -, -,,2023-06-26
GLAND, EQ, 26-Jun-2023,980.0,980.0,1027.9,972.05, 1020.85,1021.0,1003.0,1117738,11210.92,67936, 456584, 40.85,0.4084892881873928,2023-06-26
GLAXO, EQ, 26-Jun-2023,1414.75,1420.0,1440.0,1403.0, 1435.00,1430.45,1424.47,55259,787.15,7331, 37728, 68.27,0.6827485115546789,2023-06-26
GLENMARK, EQ, 26-Jun-2023,633.0,630.0,646.75,628.0, 645.50,645.4,640.18,806947,5165.94,18333, 194575, 24.11,0.24112488180760322,2023-06-26
GLOBAL, BE, 26-Jun-2023,201.0,202.0,206.9,198.0, 203.00,200.9,202.61,21767,44.1,361, -, -,,2023-06-26
GLOBALVECT, EQ, 26-Jun-2023,68.5,69.85,70.9,67.1, 68.35,68.7,68.96,41837,28.85,744, 21439, 51.24,0.5124411406171571,2023-06-26
GLOBUSSPR, EQ, 26-Jun-2023,1272.05,1269.95,1313.9,1268.4, 1290.00,1299.4,1294.42,291387,3771.77,16187, 98363, 33.76,0.33756825115739547,2023-06-26
GLS, EQ, 26-Jun-2023,561.45,557.1,582.0,557.1, 565.30,566.0,571.94,88733,507.5,6123, 37616, 42.39,0.42392345576054,2023-06-26
GMBREW, EQ, 26-Jun-2023,588.85,592.85,599.35,592.05, 596.00,593.75,596.06,61454,366.3,3383, 33924, 55.20,0.5520226510886191,2023-06-26
GMDCLTD, EQ, 26-Jun-2023,167.7,168.55,168.55,163.6, 164.75,165.15,165.0,875480,1444.56,12281, 426930, 48.77,0.48765248777813314,2023-06-26
GMMPFAUDLR, EQ, 26-Jun-2023,1474.95,1480.0,1500.0,1467.05, 1499.00,1495.85,1488.03,55273,822.48,6588, 28309, 51.22,0.5121668807555226,2023-06-26
GMRINFRA, EQ, 26-Jun-2023,42.4,42.25,42.85,41.75, 42.40,42.35,42.46,11545975,4902.09,9991, 6852268, 59.35,0.5934767743737537,2023-06-26
GMRP&UI, EQ, 26-Jun-2023,17.45,17.45,17.85,17.0, 17.70,17.55,17.53,275151,48.24,1333, 166843, 60.64,0.6063688665496401,2023-06-26
GNA, EQ, 26-Jun-2023,800.8,804.8,804.8,791.1, 796.00,793.55,796.46,34381,273.83,2357, 20455, 59.50,0.5949506995142666,2023-06-26
GNFC, EQ, 26-Jun-2023,574.75,576.0,580.0,570.7, 578.10,578.6,577.36,485572,2803.49,13834, 134092, 27.62,0.27615266119133725,2023-06-26
GOACARBON, EQ, 26-Jun-2023,532.15,532.9,547.7,532.9, 540.00,539.8,540.56,64442,348.35,4758, 18869, 29.28,0.2928059340181869,2023-06-26
GOCLCORP, EQ, 26-Jun-2023,306.95,307.0,310.95,303.6, 310.80,309.95,308.29,10660,32.86,599, 5967, 55.98,0.5597560975609757,2023-06-26
GOCOLORS, EQ, 26-Jun-2023,1139.4,1144.7,1149.95,1130.0, 1141.30,1143.6,1143.08,52147,596.08,4376, 27870, 53.45,0.5344506874796249,2023-06-26
GODFRYPHLP, EQ, 26-Jun-2023,1677.4,1673.85,1675.0,1620.0, 1628.00,1625.6,1640.79,87916,1442.51,12916, 48256, 54.89,0.5488875745029346,2023-06-26
GODHA, BE, 26-Jun-2023,1.25,1.25,1.3,1.2, 1.25,1.2,1.23,929599,11.45,518, -, -,,2023-06-26
GODREJAGRO, EQ, 26-Jun-2023,450.1,447.05,451.3,442.95, 449.80,449.1,447.29,43812,195.97,2872, 26554, 60.61,0.6060896558020633,2023-06-26
GODREJCP, EQ, 26-Jun-2023,1035.95,1037.3,1043.0,1029.55, 1030.50,1032.3,1033.4,758366,7836.93,40411, 490894, 64.73,0.6473048633509414,2023-06-26
GODREJIND, EQ, 26-Jun-2023,481.55,483.5,483.5,475.05, 480.50,479.8,478.27,84345,403.39,4249, 36590, 43.38,0.43381350406070307,2023-06-26
GODREJPROP, EQ, 26-Jun-2023,1499.45,1505.95,1538.7,1490.0, 1535.15,1535.65,1515.49,583006,8835.4,31954, 206892, 35.49,0.35487113340171456,2023-06-26
GOENKA, BZ, 26-Jun-2023,0.8,0.8,0.85,0.8, 0.80,0.8,0.83,70877,0.59,36, -, -,,2023-06-26
GOKEX, EQ, 26-Jun-2023,478.05,478.0,482.0,473.75, 478.05,477.7,478.59,143366,686.14,6342, 67281, 46.93,0.46929536989244314,2023-06-26
GOKUL, EQ, 26-Jun-2023,30.15,30.1,31.1,30.1, 30.55,30.55,30.74,47012,14.45,602, 29569, 62.90,0.6289670722368756,2023-06-26
GOKULAGRO, EQ, 26-Jun-2023,106.85,107.85,109.35,106.8, 107.00,107.5,107.77,61391,66.16,1996, 30618, 49.87,0.4987375999739376,2023-06-26
GOLDBEES, EQ, 26-Jun-2023,49.75,51.25,51.25,49.78, 50.00,49.99,49.93,2461652,1229.1,24885, 1663619, 67.58,0.6758140468270901,2023-06-26
GOLDENTOBC, BZ, 26-Jun-2023,42.2,41.7,42.8,41.7, 42.50,42.5,42.16,393,0.17,19, -, -,,2023-06-26
GOLDIAM, EQ, 26-Jun-2023,128.7,130.0,133.75,129.1, 129.90,129.5,130.86,677008,885.94,6274, 327434, 48.36,0.4836486422612436,2023-06-26
GOLDSHARE, EQ, 26-Jun-2023,49.75,49.85,50.2,49.75, 50.10,50.1,50.02,74145,37.09,499, 42209, 56.93,0.5692764178299279,2023-06-26
GOLDTECH, EQ, 26-Jun-2023,68.8,68.0,69.05,66.0, 67.50,67.25,67.59,44101,29.81,416, 27638, 62.67,0.6266978073059568,2023-06-26
GOODLUCK, EQ, 26-Jun-2023,416.95,415.35,417.25,411.15, 416.25,415.75,414.5,36298,150.46,1743, 20721, 57.09,0.5708578985068048,2023-06-26
GOODYEAR, EQ, 26-Jun-2023,1183.3,1182.0,1190.3,1177.1, 1180.00,1181.6,1182.9,8517,100.75,1418, 4669, 54.82,0.5481977222026535,2023-06-26
GPIL, EQ, 26-Jun-2023,472.5,471.1,486.1,466.45, 483.00,484.05,477.22,406127,1938.13,13866, 158410, 39.01,0.39005040295277094,2023-06-26
GPPL, EQ, 26-Jun-2023,114.0,113.9,117.8,113.6, 116.85,116.9,116.31,1303309,1515.94,8854, 836897, 64.21,0.642132449020148,2023-06-26
GPTINFRA, BE, 26-Jun-2023,65.3,65.15,66.0,62.1, 63.20,63.3,63.74,49219,31.37,308, -, -,,2023-06-26
GRANULES, EQ, 26-Jun-2023,287.0,287.95,292.25,283.3, 291.70,291.25,288.93,1081556,3124.9,18369, 533935, 49.37,0.49367300444914547,2023-06-26
GRAPHITE, EQ, 26-Jun-2023,393.25,395.2,409.5,390.4, 405.50,405.95,402.69,1820152,7329.57,27918, 402671, 22.12,0.2212293259024521,2023-06-26
GRASIM, EQ, 26-Jun-2023,1716.1,1716.0,1731.05,1696.0, 1723.00,1726.8,1714.47,385574,6610.56,20880, 175175, 45.43,0.4543226462365201,2023-06-26
GRAUWEIL, EQ, 26-Jun-2023,104.55,105.0,106.9,103.8, 106.00,105.9,105.43,208254,219.57,2109, 111557, 53.57,0.5356775860247582,2023-06-26
GRAVITA, EQ, 26-Jun-2023,611.55,624.7,624.7,606.0, 610.00,608.05,611.57,115366,705.54,5593, 54675, 47.39,0.47392646013556855,2023-06-26
GREAVESCOT, EQ, 26-Jun-2023,138.3,138.75,139.0,137.65, 137.95,138.1,138.23,490204,677.6,4821, 247804, 50.55,0.5055119909262267,2023-06-26
GREENLAM, EQ, 26-Jun-2023,440.85,435.8,445.0,435.05, 438.00,437.8,439.41,31301,137.54,2819, 10820, 34.57,0.34567585700137377,2023-06-26
GREENPANEL, EQ, 26-Jun-2023,319.9,316.25,319.35,309.3, 315.25,312.65,313.09,753080,2357.81,26545, 411198, 54.60,0.5460216710044086,2023-06-26
GREENPLY, EQ, 26-Jun-2023,173.4,174.0,179.4,171.85, 178.45,178.15,175.98,169903,299.0,4108, 97467, 57.37,0.5736626192592243,2023-06-26
GREENPOWER, EQ, 26-Jun-2023,10.0,11.0,11.4,10.6, 11.30,11.25,11.07,29232899,3235.93,18927, 12754740, 43.63,0.4363145783112376,2023-06-26
GRINDWELL, EQ, 26-Jun-2023,2200.4,2209.8,2251.95,2192.15, 2251.90,2243.5,2221.94,122167,2714.47,4956, 111218, 91.04,0.9103767793266594,2023-06-26
GRINFRA, EQ, 26-Jun-2023,1287.25,1288.95,1297.0,1252.85, 1273.00,1267.3,1271.3,16223,206.24,2177, 8773, 54.08,0.5407754422733156,2023-06-26
GRMOVER, EQ, 26-Jun-2023,173.85,176.9,177.6,173.25, 176.90,174.2,175.16,17338,30.37,578, 9722, 56.07,0.5607336486330603,2023-06-26
GROBTEA, EQ, 26-Jun-2023,765.05,765.5,767.9,742.05, 753.20,757.0,758.22,385,2.92,99, 297, 77.14,0.7714285714285715,2023-06-26
GRPLTD, BE, 26-Jun-2023,3525.0,3500.0,3600.0,3500.0, 3600.00,3599.5,3551.09,563,19.99,36, -, -,,2023-06-26
GRSE, EQ, 26-Jun-2023,561.5,563.8,593.0,560.15, 591.00,590.25,580.78,1603543,9312.98,32417, 301339, 18.79,0.18792074799366154,2023-06-26
GRWRHITECH, EQ, 26-Jun-2023,867.4,859.0,873.45,852.95, 865.00,864.95,863.01,29558,255.09,3001, 14215, 48.09,0.4809188713715407,2023-06-26
GSFC, EQ, 26-Jun-2023,161.1,161.5,164.4,160.8, 163.45,163.45,163.06,1346053,2194.93,10216, 665168, 49.42,0.4941618197797561,2023-06-26
GSLSU, EQ, 26-Jun-2023,195.15,193.55,200.7,193.3, 194.75,194.75,196.76,127701,251.27,7432, 32548, 25.49,0.2548766258682391,2023-06-26
GSPL, EQ, 26-Jun-2023,296.25,296.35,300.25,296.35, 297.90,297.8,298.24,517872,1544.51,7565, 406683, 78.53,0.7852963666697562,2023-06-26
GSS, EQ, 26-Jun-2023,188.45,189.85,191.0,186.8, 188.85,187.25,187.36,72351,135.55,449, 67791, 93.70,0.936973918812456,2023-06-26
GTL, EQ, 26-Jun-2023,5.95,6.1,6.1,5.9, 6.00,5.95,5.97,106614,6.37,458, 67657, 63.46,0.6345977076181365,2023-06-26
GTLINFRA, EQ, 26-Jun-2023,0.8,0.8,0.85,0.8, 0.85,0.8,0.82,8007603,65.7,7104, 4206177, 52.53,0.5252729187498432,2023-06-26
GTPL, EQ, 26-Jun-2023,112.35,112.35,113.85,111.0, 112.40,111.65,112.11,33799,37.89,800, 22448, 66.42,0.6641616615876209,2023-06-26
GUFICBIO, EQ, 26-Jun-2023,227.35,225.4,237.75,222.35, 229.00,229.75,231.98,237531,551.02,9165, 80767, 34.00,0.34002719645014756,2023-06-26
GUJALKALI, EQ, 26-Jun-2023,679.2,677.95,679.95,670.0, 672.50,672.55,673.62,30325,204.28,2514, 14548, 47.97,0.47973619126133554,2023-06-26
GUJAPOLLO, EQ, 26-Jun-2023,192.0,188.6,194.35,188.6, 191.10,191.85,192.2,1343,2.58,53, 961, 71.56,0.7155621742367834,2023-06-26
GUJGASLTD, EQ, 26-Jun-2023,461.95,462.05,467.25,459.25, 464.80,466.2,463.28,564948,2617.27,15112, 187136, 33.12,0.33124464552489785,2023-06-26
GUJRAFFIA, BE, 26-Jun-2023,29.45,29.35,29.35,29.3, 29.30,29.3,29.34,25,0.01,3, -, -,,2023-06-26
GULFOILLUB, EQ, 26-Jun-2023,458.0,458.9,459.9,455.1, 457.00,457.5,457.46,21556,98.61,1926, 12829, 59.51,0.5951475227314901,2023-06-26
GULFPETRO, EQ, 26-Jun-2023,39.9,39.7,40.15,39.35, 39.85,39.75,39.7,30338,12.05,397, 20159, 66.45,0.6644801898609005,2023-06-26
GULPOLY, EQ, 26-Jun-2023,251.75,252.0,259.1,250.0, 252.55,252.45,254.72,62903,160.23,3421, 26861, 42.70,0.42702255854251786,2023-06-26
GVKPIL, EQ, 26-Jun-2023,2.75,2.75,2.75,2.7, 2.75,2.7,2.72,1578906,42.94,2679, 1142077, 72.33,0.7233343846942123,2023-06-26
HAL, EQ, 26-Jun-2023,3640.55,3643.0,3720.0,3580.1, 3710.00,3701.05,3669.04,2753674,101033.4,138224, 681417, 24.75,0.24745739691771793,2023-06-26
HAPPSTMNDS, EQ, 26-Jun-2023,955.5,955.5,974.55,946.0, 950.60,951.65,957.88,299308,2867.0,17521, 124003, 41.43,0.41429898298742435,2023-06-26
HARDWYN, EQ, 26-Jun-2023,42.6,41.5,42.05,38.75, 38.75,39.0,39.77,764732,304.13,6550, 490329, 64.12,0.6411775628586224,2023-06-26
HARIOMPIPE, EQ, 26-Jun-2023,640.55,630.0,661.85,625.9, 650.70,648.95,647.98,61266,396.99,5285, 35764, 58.37,0.583749551137662,2023-06-26
HARRMALAYA, EQ, 26-Jun-2023,131.75,132.6,133.9,130.0, 131.05,131.25,131.69,25998,34.24,718, 13569, 52.19,0.5219247634433418,2023-06-26
HARSHA, EQ, 26-Jun-2023,470.45,473.4,494.0,467.25, 471.00,472.85,482.09,1224681,5904.12,39143, 349674, 28.55,0.2855225156591798,2023-06-26
HATHWAY, EQ, 26-Jun-2023,15.35,15.45,15.45,14.75, 14.85,14.95,15.05,2829967,425.84,4472, 1640146, 57.96,0.5795636486220511,2023-06-26
HATSUN, EQ, 26-Jun-2023,930.2,932.0,959.2,922.5, 958.00,957.8,947.83,96880,918.26,8256, 51903, 53.57,0.5357452518579686,2023-06-26
HAVELLS, EQ, 26-Jun-2023,1284.95,1279.95,1295.25,1276.0, 1290.25,1290.4,1284.92,1013995,13029.0,30438, 719960, 71.00,0.7100232249665925,2023-06-26
HAVISHA, BE, 26-Jun-2023,1.7,1.75,1.75,1.7, 1.70,1.7,1.74,12072,0.21,44, -, -,,2023-06-26
HBLPOWER, EQ, 26-Jun-2023,146.05,146.4,152.8,144.05, 152.25,152.05,148.79,4227227,6289.59,22983, 1083531, 25.63,0.2563219339770493,2023-06-26
HBSL, EQ, 26-Jun-2023,46.8,46.8,49.0,46.25, 47.80,47.45,47.6,84899,40.41,1261, 45697, 53.83,0.5382513339379733,2023-06-26
HCC, EQ, 26-Jun-2023,19.85,20.0,21.65,19.9, 21.20,21.25,21.03,189958600,39939.52,69789, 42923130, 22.60,0.22596044611825944,2023-06-26
HCG, EQ, 26-Jun-2023,319.95,319.95,322.45,315.35, 318.55,318.65,319.0,65999,210.54,2781, 32446, 49.16,0.4916135092955954,2023-06-26
HCL-INSYS, EQ, 26-Jun-2023,13.75,13.8,13.95,13.5, 13.55,13.6,13.68,435096,59.52,1511, 222947, 51.24,0.5124087557688418,2023-06-26
HCLTECH, EQ, 26-Jun-2023,1165.15,1167.25,1175.95,1163.05, 1166.90,1167.5,1168.77,1190307,13911.96,79546, 705254, 59.25,0.592497565754045,2023-06-26
HDFC, EQ, 26-Jun-2023,2723.15,2720.0,2728.7,2703.2, 2723.95,2720.3,2716.83,4168966,113263.86,126679, 3082923, 73.95,0.7394934379412065,2023-06-26
HDFCAMC, EQ, 26-Jun-2023,2016.1,2000.0,2019.95,1995.1, 2007.00,2006.5,2003.39,541577,10849.88,28370, 319790, 59.05,0.5904792854940295,2023-06-26
HDFCBANK, EQ, 26-Jun-2023,1643.5,1645.0,1650.75,1628.7, 1635.70,1635.55,1637.33,8065157,132053.2,199872, 4328332, 53.67,0.5366705198671272,2023-06-26
HDFCBSE500, EQ, 26-Jun-2023,25.41,25.41,25.99,25.34, 25.49,25.54,25.47,23966,6.11,175, 10961, 45.74,0.45735625469415003,2023-06-26
HDFCGOLD, EQ, 26-Jun-2023,51.08,51.37,51.46,51.12, 51.41,51.39,51.35,266363,136.78,1422, 196251, 73.68,0.736780258519389,2023-06-26
HDFCGROWTH, EQ, 26-Jun-2023,94.45,96.3,96.3,94.4, 94.82,94.74,94.69,606,0.57,50, 522, 86.14,0.8613861386138614,2023-06-26
HDFCLIFE, EQ, 26-Jun-2023,626.9,619.95,632.35,616.75, 630.00,630.25,628.14,3749962,23555.06,77835, 1920080, 51.20,0.512026521868755,2023-06-26
HDFCLOWVOL, EQ, 26-Jun-2023,142.99,145.3,145.3,142.24, 145.00,145.0,142.75,416,0.59,10, 180, 43.27,0.4326923076923077,2023-06-26
HDFCMID150, EQ, 26-Jun-2023,131.0,131.0,134.7,131.0, 133.96,133.92,131.66,3232,4.26,58, 2552, 78.96,0.7896039603960396,2023-06-26
HDFCMOMENT, EQ, 26-Jun-2023,208.45,209.45,209.85,208.75, 209.85,209.85,209.4,200,0.42,11, 178, 89.00,0.89,2023-06-26
HDFCNEXT50, EQ, 26-Jun-2023,431.68,429.21,431.71,428.78, 430.74,430.72,430.58,651,2.8,38, 578, 88.79,0.8878648233486943,2023-06-26
HDFCNIF100, EQ, 26-Jun-2023,187.19,191.5,191.5,183.95, 187.56,187.57,187.94,249,0.47,35, 175, 70.28,0.7028112449799196,2023-06-26
HDFCNIFBAN, EQ, 26-Jun-2023,440.02,440.02,442.35,440.02, 440.07,440.68,440.73,960,4.23,87, 685, 71.35,0.7135416666666666,2023-06-26
HDFCNIFIT, EQ, 26-Jun-2023,288.37,293.79,293.79,287.48, 290.00,288.91,288.36,1775,5.12,56, 1668, 93.97,0.9397183098591549,2023-06-26
HDFCNIFTY, EQ, 26-Jun-2023,203.39,203.94,203.94,202.62, 203.53,203.49,203.18,16434,33.39,422, 7973, 48.52,0.48515273214068394,2023-06-26
HDFCPVTBAN, EQ, 26-Jun-2023,222.99,224.6,224.72,224.0, 224.29,224.29,224.34,274,0.61,13, 244, 89.05,0.8905109489051095,2023-06-26
HDFCQUAL, EQ, 26-Jun-2023,42.07,42.2,42.52,42.08, 42.10,42.12,42.37,2185,0.93,79, 1758, 80.46,0.8045766590389016,2023-06-26
HDFCSENSEX, EQ, 26-Jun-2023,690.22,693.73,693.73,678.83, 678.83,688.37,690.25,1610,11.11,156, 1217, 75.59,0.7559006211180124,2023-06-26
HDFCSILVER, EQ, 26-Jun-2023,67.48,67.86,68.6,67.86, 68.45,68.47,68.37,72255,49.4,625, 56486, 78.18,0.7817590478167601,2023-06-26
HDFCSML250, EQ, 26-Jun-2023,103.53,106.65,106.65,103.4, 104.82,104.55,104.05,66293,68.98,706, 51828, 78.18,0.7818020002111837,2023-06-26
HDFCVALUE, EQ, 26-Jun-2023,97.98,97.0,97.75,96.61, 97.00,96.93,96.95,1680,1.63,60, 1289, 76.73,0.7672619047619048,2023-06-26
HDIL, BZ, 26-Jun-2023,2.9,2.75,2.75,2.75, 2.75,2.75,2.75,150157,4.13,111, -, -,,2023-06-26
HEADSUP, EQ, 26-Jun-2023,12.8,12.85,12.9,11.15, 12.40,12.4,12.25,69189,8.47,480, 35381, 51.14,0.5113674138952724,2023-06-26
HEALTHY, EQ, 26-Jun-2023,8.68,9.08,9.08,8.64, 8.64,8.77,8.76,77203,6.77,403, 63247, 81.92,0.8192298226752847,2023-06-26
HECPROJECT, EQ, 26-Jun-2023,37.5,38.5,38.5,37.0, 37.05,37.05,37.13,596,0.22,20, 363, 60.91,0.6090604026845637,2023-06-26
HEG, EQ, 26-Jun-2023,1556.5,1562.6,1648.8,1555.4, 1619.90,1621.85,1610.91,349921,5636.92,16971, 104797, 29.95,0.29948759862940494,2023-06-26
HEIDELBERG, EQ, 26-Jun-2023,172.4,173.55,173.55,170.05, 171.50,171.15,171.13,147643,252.66,3530, 79646, 53.94,0.539449889259904,2023-06-26
HEMIPROP, EQ, 26-Jun-2023,96.3,96.3,97.35,96.2, 96.55,96.65,96.66,215559,208.35,1659, 95099, 44.12,0.44117387814936976,2023-06-26
HERANBA, EQ, 26-Jun-2023,385.3,382.0,389.0,375.0, 377.90,377.65,382.05,50435,192.69,4454, 23962, 47.51,0.4751065728164965,2023-06-26
HERCULES, EQ, 26-Jun-2023,263.0,260.1,262.7,257.0, 258.85,258.2,258.97,28258,73.18,2975, 13942, 49.34,0.4933824049826598,2023-06-26
HERITGFOOD, EQ, 26-Jun-2023,212.45,212.45,215.8,209.1, 211.35,212.8,212.66,202958,431.61,5073, 93754, 46.19,0.4619379378984815,2023-06-26
HEROMOTOCO, EQ, 26-Jun-2023,2776.4,2776.4,2859.0,2775.0, 2849.80,2851.25,2832.13,583691,16530.9,34239, 258007, 44.20,0.44202668877882306,2023-06-26
HESTERBIO, EQ, 26-Jun-2023,1673.15,1694.95,1708.25,1681.6, 1697.00,1699.35,1695.09,1062,18.0,254, 619, 58.29,0.5828625235404896,2023-06-26
HEUBACHIND, EQ, 26-Jun-2023,361.0,361.0,364.95,355.0, 355.10,357.5,360.74,15399,55.55,1445, 7482, 48.59,0.4858757062146893,2023-06-26
HEXATRADEX, EQ, 26-Jun-2023,144.75,143.75,145.9,141.6, 142.50,142.45,143.12,2564,3.67,295, 1425, 55.58,0.5557722308892356,2023-06-26
HFCL, EQ, 26-Jun-2023,65.55,65.55,66.05,64.85, 65.10,65.05,65.25,3357912,2190.88,11965, 1392020, 41.45,0.41454927943317155,2023-06-26
HGINFRA, EQ, 26-Jun-2023,862.45,865.0,874.9,854.25, 856.50,860.45,865.87,67742,586.56,6705, 26162, 38.62,0.38620058457087186,2023-06-26
HGS, EQ, 26-Jun-2023,1068.25,1068.2,1072.95,1060.0, 1061.95,1060.85,1062.73,23774,252.65,1936, 15950, 67.09,0.6709009842685286,2023-06-26
HIKAL, EQ, 26-Jun-2023,312.85,311.6,321.3,311.3, 315.00,316.75,316.78,224411,710.88,6104, 101960, 45.43,0.4543449296157497,2023-06-26
HIL, EQ, 26-Jun-2023,3102.45,3102.45,3102.45,3028.0, 3065.00,3064.05,3064.57,12335,378.01,3707, 6601, 53.51,0.5351438994730442,2023-06-26
HILTON, BE, 26-Jun-2023,168.65,169.0,169.95,166.1, 169.00,167.55,168.22,17231,28.99,219, -, -,,2023-06-26
HIMATSEIDE, EQ, 26-Jun-2023,113.2,113.2,115.25,112.55, 113.50,113.7,113.76,289044,328.81,2767, 118647, 41.05,0.4104807572549508,2023-06-26
HINDALCO, EQ, 26-Jun-2023,408.5,410.0,416.0,408.2, 415.90,414.7,411.8,4460980,18370.52,58000, 2287044, 51.27,0.512677483422925,2023-06-26
HINDCOMPOS, EQ, 26-Jun-2023,336.05,335.85,341.05,328.0, 329.10,330.95,334.7,9170,30.69,527, 5881, 64.13,0.6413304252998909,2023-06-26
HINDCON, EQ, 26-Jun-2023,94.9,94.5,95.8,93.5, 94.00,94.05,94.14,20986,19.76,454, 14817, 70.60,0.7060421233203088,2023-06-26
HINDCOPPER, EQ, 26-Jun-2023,114.05,114.0,116.25,113.0, 116.20,115.95,114.82,2617876,3005.78,10940, 1007817, 38.50,0.38497507139375586,2023-06-26
HINDMOTORS, EQ, 26-Jun-2023,14.9,15.05,15.25,14.5, 14.80,15.0,14.84,419273,62.2,1257, 258293, 61.60,0.6160496860041071,2023-06-26
HINDNATGLS, BE, 26-Jun-2023,14.0,14.6,14.7,13.3, 14.50,14.0,14.07,194880,27.43,343, -, -,,2023-06-26
HINDOILEXP, EQ, 26-Jun-2023,205.65,207.0,208.25,203.35, 207.50,206.7,206.05,298162,614.35,4815, 108553, 36.41,0.3640738927160403,2023-06-26
HINDPETRO, EQ, 26-Jun-2023,269.45,269.4,272.7,266.45, 272.25,271.15,270.25,1916191,5178.47,22802, 1089473, 56.86,0.5685617978583555,2023-06-26
HINDUNILVR, EQ, 26-Jun-2023,2641.6,2642.15,2674.2,2642.15, 2653.70,2652.1,2656.21,758700,20152.68,43105, 399317, 52.63,0.526317385000659,2023-06-26
HINDWAREAP, EQ, 26-Jun-2023,524.85,525.7,545.25,525.0, 543.05,540.25,539.16,105452,568.55,3579, 64203, 60.88,0.6088362477714979,2023-06-26
HINDZINC, EQ, 26-Jun-2023,308.45,308.45,308.95,304.0, 306.45,307.0,305.6,577649,1765.3,16135, 331160, 57.33,0.5732893158302014,2023-06-26
HIRECT, BE, 26-Jun-2023,285.05,285.25,288.0,281.9, 283.20,284.35,283.89,3798,10.78,67, -, -,,2023-06-26
HISARMETAL, EQ, 26-Jun-2023,138.1,138.15,140.0,137.1, 138.50,137.85,138.61,3828,5.31,161, 2504, 65.41,0.6541274817136886,2023-06-26
HITECH, EQ, 26-Jun-2023,74.1,74.7,74.95,73.5, 73.80,73.75,74.25,141377,104.97,1556, 90592, 64.08,0.6407831542613014,2023-06-26
HITECHCORP, EQ, 26-Jun-2023,219.25,220.0,224.75,220.0, 224.70,221.7,221.21,4738,10.48,278, 3109, 65.62,0.6561840439003799,2023-06-26
HITECHGEAR, EQ, 26-Jun-2023,346.3,348.1,376.35,327.55, 367.75,364.9,360.32,81832,294.86,3488, 32335, 39.51,0.3951388209991201,2023-06-26
HLEGLAS, EQ, 26-Jun-2023,661.8,657.95,663.55,651.75, 655.70,654.25,657.06,29100,191.2,4038, 14843, 51.01,0.5100687285223368,2023-06-26
HLVLTD, EQ, 26-Jun-2023,12.95,12.65,13.15,12.5, 12.65,12.6,12.78,658910,84.24,1172, 345907, 52.50,0.5249685085975323,2023-06-26
HMT, BZ, 26-Jun-2023,28.95,29.4,30.25,28.65, 29.50,29.45,29.59,5210,1.54,44, -, -,,2023-06-26
HMVL, EQ, 26-Jun-2023,58.25,58.1,59.2,58.0, 59.10,58.95,58.53,24466,14.32,391, 16929, 69.19,0.6919398348728848,2023-06-26
HNDFDS, EQ, 26-Jun-2023,534.85,538.0,539.95,533.05, 535.00,535.6,535.22,39546,211.66,4179, 27285, 69.00,0.6899560006068882,2023-06-26
HNGSNGBEES, EQ, 26-Jun-2023,272.08,274.97,275.0,272.09, 273.50,273.79,273.08,22400,61.17,531, 19366, 86.46,0.8645535714285715,2023-06-26
HOMEFIRST, EQ, 26-Jun-2023,755.35,759.0,793.95,753.25, 754.90,754.75,765.93,293293,2246.43,18104, 108242, 36.91,0.36905756359681274,2023-06-26
HONAUT, EQ, 26-Jun-2023,41527.3,41527.3,41835.0,41125.05, 41500.00,41544.85,41519.98,1407,584.19,856, 598, 42.50,0.4250177683013504,2023-06-26
HONDAPOWER, EQ, 26-Jun-2023,2195.8,2177.6,2200.0,2165.0, 2200.00,2194.95,2186.97,4069,88.99,798, 2294, 56.38,0.5637748832637012,2023-06-26
HOVS, EQ, 26-Jun-2023,56.45,56.4,56.4,51.7, 53.00,52.35,53.58,151657,81.25,2654, 76129, 50.20,0.501981444971218,2023-06-26
HPAL, EQ, 26-Jun-2023,428.25,430.0,441.05,430.0, 434.35,432.6,434.62,40820,177.41,1797, 8561, 20.97,0.20972562469377756,2023-06-26
HPIL, EQ, 26-Jun-2023,95.85,96.95,100.8,92.95, 98.00,97.45,96.75,7384,7.14,766, 3020, 40.90,0.40899241603466957,2023-06-26
HPL, EQ, 26-Jun-2023,133.65,133.0,134.2,129.05, 131.50,132.3,131.32,577528,758.4,6439, 259317, 44.90,0.4490119959551745,2023-06-26
HSCL, EQ, 26-Jun-2023,131.05,131.4,132.65,129.4, 132.45,132.15,131.38,1631955,2144.09,12079, 704069, 43.14,0.4314267243888465,2023-06-26
HTMEDIA, EQ, 26-Jun-2023,19.7,19.5,20.0,19.5, 19.90,19.85,19.74,105441,20.81,431, 76728, 72.77,0.7276865735340143,2023-06-26
HUBTOWN, BE, 26-Jun-2023,40.95,41.3,42.0,40.1, 41.50,41.8,41.45,24938,10.34,102, -, -,,2023-06-26
HUDCO, EQ, 26-Jun-2023,57.75,57.85,58.3,57.1, 58.05,57.85,57.56,6134882,3531.44,13399, 1755280, 28.61,0.28611471255681853,2023-06-26
HUHTAMAKI, EQ, 26-Jun-2023,272.9,272.9,281.7,272.25, 278.00,278.65,277.98,73956,205.58,7138, 35504, 48.01,0.480069230353183,2023-06-26
HYBRIDFIN, BE, 26-Jun-2023,8.25,8.25,8.55,7.85, 7.85,7.85,7.93,13277,1.05,26, -, -,,2023-06-26
IBMFNIFTY, EQ, 26-Jun-2023,190.02,187.57,191.71,187.57, 191.15,190.93,190.58,1085,2.07,75, 124, 11.43,0.11428571428571428,2023-06-26
IBREALEST, EQ, 26-Jun-2023,59.25,59.65,60.05,58.35, 58.95,58.95,59.14,6213615,3674.64,14865, 1795331, 28.89,0.2889350241365131,2023-06-26
IBULHSGFIN, EQ, 26-Jun-2023,116.35,116.95,117.15,114.15, 115.45,115.3,115.69,8526314,9864.23,28695, 1659670, 19.47,0.19465269517402245,2023-06-26
ICDSLTD, BE, 26-Jun-2023,26.55,27.4,27.4,25.3, 25.40,25.4,25.55,1116,0.29,16, -, -,,2023-06-26
ICEMAKE, EQ, 26-Jun-2023,380.75,381.0,399.75,379.35, 399.75,399.7,396.08,42487,168.28,900, 26920, 63.36,0.6336055734695318,2023-06-26
ICICI10GS, EQ, 26-Jun-2023,216.0,216.7,216.7,216.2, 216.20,216.2,216.27,7,0.02,2, 6, 85.71,0.8571428571428571,2023-06-26
ICICI500, EQ, 26-Jun-2023,26.94,27.27,27.27,26.72, 26.85,26.91,26.9,320110,86.09,494, 280915, 87.76,0.8775577145356284,2023-06-26
ICICI5GSEC, EQ, 26-Jun-2023,52.98,52.8,53.24,52.74, 53.05,52.84,52.89,2870,1.52,47, 2005, 69.86,0.6986062717770035,2023-06-26
ICICIALPLV, EQ, 26-Jun-2023,190.33,190.33,192.27,188.17, 190.83,191.05,190.97,67667,129.22,651, 62280, 92.04,0.9203895547312575,2023-06-26
ICICIAUTO, EQ, 26-Jun-2023,146.64,147.87,148.99,145.34, 148.84,148.6,148.17,14419,21.37,229, 10946, 75.91,0.7591372494625147,2023-06-26
ICICIB22, EQ, 26-Jun-2023,65.22,67.2,67.2,64.93, 65.15,65.09,65.13,184744,120.33,2164, 93977, 50.87,0.5086876975706924,2023-06-26
ICICIBANK, EQ, 26-Jun-2023,923.5,927.1,931.8,923.2, 927.00,927.45,926.74,11749040,108883.56,195374, 7729710, 65.79,0.6579014115195795,2023-06-26
ICICIBANKN, EQ, 26-Jun-2023,43.97,44.7,44.85,43.85, 44.01,43.95,43.97,23043,10.13,413, 15914, 69.06,0.690621880831489,2023-06-26
ICICIBANKP, EQ, 26-Jun-2023,222.36,224.48,224.48,221.21, 221.50,221.79,221.74,3240,7.18,124, 1963, 60.59,0.6058641975308642,2023-06-26
ICICICOMMO, EQ, 26-Jun-2023,59.45,60.44,60.44,58.92, 59.65,59.64,59.22,6499,3.85,75, 3505, 53.93,0.5393137405754731,2023-06-26
ICICICONSU, EQ, 26-Jun-2023,82.37,84.42,84.42,82.4, 83.03,83.02,82.88,2023,1.68,45, 1029, 50.87,0.5086505190311419,2023-06-26
ICICIFIN, EQ, 26-Jun-2023,18.49,18.18,18.55,18.18, 18.53,18.54,18.51,26529,4.91,84, 25746, 97.05,0.9704851294809453,2023-06-26
ICICIFMCG, EQ, 26-Jun-2023,528.35,534.98,535.34,528.35, 533.60,533.44,533.8,5152,27.5,238, 3478, 67.51,0.6750776397515528,2023-06-26
ICICIGI, EQ, 26-Jun-2023,1274.4,1276.0,1286.0,1259.55, 1280.85,1281.5,1273.89,418525,5331.53,23469, 197910, 47.29,0.47287497759990443,2023-06-26
ICICIGOLD, EQ, 26-Jun-2023,51.11,51.15,51.45,51.14, 51.40,51.36,51.34,99503,51.08,6088, 72270, 72.63,0.7263097595047385,2023-06-26
ICICIINFRA, EQ, 26-Jun-2023,57.19,57.75,57.75,56.81, 57.15,57.14,57.03,1734,0.99,54, 1045, 60.27,0.6026528258362168,2023-06-26
ICICILIQ, EQ, 26-Jun-2023,999.99,999.99,1000.01,999.77, 999.99,999.99,1000.0,137019,1370.19,256, 114110, 83.28,0.8328042096351601,2023-06-26
ICICILOVOL, EQ, 26-Jun-2023,153.53,154.98,154.98,152.1, 154.20,154.08,154.13,162936,251.13,924, 160776, 98.67,0.9867432611577552,2023-06-26
ICICIM150, EQ, 26-Jun-2023,133.59,134.6,134.6,133.25, 134.18,134.18,133.8,24871,33.28,905, 11436, 45.98,0.4598126331872462,2023-06-26
ICICIMCAP, EQ, 26-Jun-2023,107.49,107.5,108.99,107.49, 108.99,108.77,108.08,9986,10.79,210, 6358, 63.67,0.6366913679150811,2023-06-26
ICICIMOM30, EQ, 26-Jun-2023,21.12,21.58,21.58,21.07, 21.22,21.16,21.14,25106,5.31,79, 10302, 41.03,0.4103401577312196,2023-06-26
ICICINF100, EQ, 26-Jun-2023,203.84,205.81,205.81,202.0, 203.16,203.36,203.74,7843,15.98,628, 4902, 62.50,0.6250159377789112,2023-06-26
ICICINIFTY, EQ, 26-Jun-2023,203.86,203.86,204.59,203.41, 204.41,204.34,204.12,188468,384.69,8884, 162939, 86.45,0.864544644183628,2023-06-26
ICICINV20, EQ, 26-Jun-2023,105.63,106.58,106.58,105.17, 105.62,105.36,105.43,31196,32.89,1131, 22299, 71.48,0.7148031798948583,2023-06-26
ICICINXT50, EQ, 26-Jun-2023,44.27,45.6,45.6,44.01, 44.26,44.34,44.24,31719,14.03,924, 18277, 57.62,0.5762161480500646,2023-06-26
ICICIPHARM, EQ, 26-Jun-2023,86.55,86.55,88.3,86.55, 88.00,87.98,87.7,16416,14.4,185, 13219, 80.53,0.8052509746588694,2023-06-26
ICICIPRULI, EQ, 26-Jun-2023,556.15,555.65,577.45,554.5, 563.40,564.05,568.16,2505762,14236.76,46740, 801201, 31.97,0.31974345528426085,2023-06-26
ICICISENSX, EQ, 26-Jun-2023,699.5,702.49,702.5,697.0, 697.00,697.32,698.89,1874,13.1,141, 1360, 72.57,0.7257203842049093,2023-06-26
ICICISILVE, EQ, 26-Jun-2023,70.08,70.5,71.29,70.5, 71.03,71.07,70.96,314267,223.01,1242, 282846, 90.00,0.9000181374436387,2023-06-26
ICICITECH, EQ, 26-Jun-2023,29.93,30.3,30.3,29.83, 30.00,29.94,29.93,96498,28.89,648, 55910, 57.94,0.5793902464299778,2023-06-26
ICIL, EQ, 26-Jun-2023,196.5,196.0,200.35,193.75, 197.50,198.15,197.73,347858,687.81,7290, 165639, 47.62,0.4761684365459469,2023-06-26
ICRA, EQ, 26-Jun-2023,5068.5,5100.0,5250.0,5098.5, 5221.00,5206.4,5191.05,6152,319.35,1793, 2883, 46.86,0.468628088426528,2023-06-26
IDBI, EQ, 26-Jun-2023,53.65,53.75,54.25,53.25, 53.80,53.6,53.59,3762966,2016.5,6490, 1612480, 42.85,0.4285130399796331,2023-06-26
IDBIGOLD, EQ, 26-Jun-2023,5345.65,5345.7,5399.9,5330.0, 5330.00,5342.45,5361.43,169,9.06,94, 109, 64.50,0.6449704142011834,2023-06-26
IDEA, EQ, 26-Jun-2023,7.45,7.5,7.75,7.3, 7.60,7.65,7.54,121102250,9126.45,62444, 23651670, 19.53,0.1953033077420114,2023-06-26
IDFC, EQ, 26-Jun-2023,98.3,98.5,100.3,96.5, 100.25,100.0,98.19,6866664,6742.62,24304, 1866716, 27.19,0.27185195023376707,2023-06-26
IDFCFIRSTB, EQ, 26-Jun-2023,77.75,77.9,78.25,76.45, 78.15,77.75,77.2,30737311,23728.58,78736, 9122461, 29.68,0.2967878680083629,2023-06-26
IDFNIFTYET, EQ, 26-Jun-2023,197.81,199.0,200.15,198.96, 199.94,199.94,199.53,414,0.83,23, 324, 78.26,0.782608695652174,2023-06-26
IEL, BE, 26-Jun-2023,8.15,8.25,8.55,8.05, 8.55,8.55,8.41,253327,21.32,237, -, -,,2023-06-26
IEX, EQ, 26-Jun-2023,127.2,127.6,129.65,126.25, 129.35,129.45,128.75,6021252,7752.55,37298, 2397219, 39.81,0.3981263365160601,2023-06-26
IFBAGRO, EQ, 26-Jun-2023,521.8,521.8,529.85,513.0, 517.10,520.45,520.94,4895,25.5,422, 2809, 57.39,0.5738508682328907,2023-06-26
IFBIND, EQ, 26-Jun-2023,803.75,811.45,811.45,797.45, 799.05,798.5,801.1,17842,142.93,1457, 9950, 55.77,0.5576729066248178,2023-06-26
IFCI, EQ, 26-Jun-2023,11.8,11.85,11.9,11.55, 11.70,11.65,11.7,3827970,447.86,2998, 1478543, 38.62,0.3862472798898633,2023-06-26
IFGLEXPOR, EQ, 26-Jun-2023,326.15,326.15,335.0,318.75, 325.00,323.7,326.85,43694,142.81,2883, 20564, 47.06,0.4706367006911704,2023-06-26
IGARASHI, EQ, 26-Jun-2023,497.1,496.0,504.35,485.6, 488.00,487.25,492.68,55510,273.49,4332, 27462, 49.47,0.4947216717708521,2023-06-26
IGL, EQ, 26-Jun-2023,476.5,475.0,484.45,473.4, 482.50,483.2,480.57,936088,4498.55,23217, 458484, 48.98,0.48978728495611523,2023-06-26
IGPL, EQ, 26-Jun-2023,485.85,488.05,492.1,483.6, 489.00,489.1,488.5,12827,62.66,1462, 7266, 56.65,0.5664613705465035,2023-06-26
IIFL, EQ, 26-Jun-2023,473.95,474.75,489.0,467.05, 484.80,484.1,474.96,553446,2628.63,30635, 280940, 50.76,0.507619532890291,2023-06-26
IIFLSEC, EQ, 26-Jun-2023,59.1,59.25,60.5,58.75, 60.15,60.35,59.94,739028,442.99,2699, 487023, 65.90,0.6590048009006425,2023-06-26
IITL, EQ, 26-Jun-2023,116.15,116.85,117.85,114.1, 115.10,115.7,115.8,39412,45.64,1578, 28573, 72.50,0.7249822389120065,2023-06-26
IKIO, EQ, 26-Jun-2023,462.8,468.0,474.6,455.4, 461.60,460.75,465.28,2076430,9661.19,39119, 729637, 35.14,0.3513901263225825,2023-06-26
IL&FSENGG, BZ, 26-Jun-2023,11.0,11.1,11.55,10.5, 11.55,11.55,10.97,57671,6.33,102, -, -,,2023-06-26
IL&FSTRANS, BZ, 26-Jun-2023,3.15,3.15,3.25,3.05, 3.10,3.2,3.14,35747,1.12,65, -, -,,2023-06-26
IMAGICAA, EQ, 26-Jun-2023,45.8,46.0,46.4,43.2, 43.50,43.45,44.25,1709014,756.17,6871, 1414656, 82.78,0.8277615045868554,2023-06-26
IMFA, EQ, 26-Jun-2023,302.85,302.85,317.95,302.55, 316.75,314.1,311.17,562659,1750.83,24685, 222445, 39.53,0.39534602663424917,2023-06-26
IMPAL, EQ, 26-Jun-2023,811.3,812.05,835.0,812.05, 830.00,828.2,827.11,9786,80.94,1150, 6270, 64.07,0.6407112201103617,2023-06-26
IMPEXFERRO, BE, 26-Jun-2023,3.05,3.0,3.1,2.95, 3.05,3.0,3.01,17825,0.54,45, -, -,,2023-06-26
INCREDIBLE, EQ, 26-Jun-2023,24.45,24.45,25.5,24.15, 25.50,24.8,24.54,11920,2.93,191, 7394, 62.03,0.6203020134228188,2023-06-26
INDBANK, EQ, 26-Jun-2023,24.65,24.95,24.95,24.6, 24.75,24.75,24.74,18009,4.46,215, 10757, 59.73,0.5973124548836692,2023-06-26
INDHOTEL, EQ, 26-Jun-2023,380.4,380.35,386.0,379.15, 383.90,383.6,382.43,2261966,8650.36,47269, 1149343, 50.81,0.5081168328790088,2023-06-26
INDIACEM, EQ, 26-Jun-2023,209.7,209.25,214.25,208.2, 213.40,213.3,211.32,1926307,4070.58,16289, 333547, 17.32,0.17315360428010695,2023-06-26
INDIAGLYCO, EQ, 26-Jun-2023,605.35,605.35,610.9,601.0, 609.00,607.95,605.65,31689,191.92,1796, 15540, 49.04,0.49039098740888004,2023-06-26
INDIAMART, EQ, 26-Jun-2023,2905.5,2893.0,2913.3,2865.0, 2867.00,2873.2,2891.4,131680,3807.39,15501, 59833, 45.44,0.4543818347509113,2023-06-26
INDIANB, EQ, 26-Jun-2023,277.5,278.35,282.65,276.7, 282.45,282.15,280.17,598752,1677.53,11044, 322585, 53.88,0.5387622922345144,2023-06-26
INDIANCARD, EQ, 26-Jun-2023,228.75,232.95,232.95,227.1, 231.85,230.75,230.1,2272,5.23,104, 1992, 87.68,0.8767605633802817,2023-06-26
INDIANHUME, EQ, 26-Jun-2023,195.6,199.0,217.2,195.0, 216.00,214.55,210.72,994682,2096.02,21563, 354973, 35.69,0.3568708391224532,2023-06-26
INDIGO, EQ, 26-Jun-2023,2475.05,2452.0,2480.0,2444.85, 2464.95,2464.85,2463.58,536769,13223.73,31454, 295312, 55.02,0.5501659000426626,2023-06-26
INDIGOPNTS, EQ, 26-Jun-2023,1421.2,1431.95,1436.0,1411.0, 1424.50,1424.75,1426.09,36556,521.32,5597, 19929, 54.52,0.5451635846372689,2023-06-26
INDLMETER, BZ, 26-Jun-2023,3.4,3.45,3.55,3.45, 3.55,3.55,3.45,314,0.01,5, -, -,,2023-06-26
INDNIPPON, EQ, 26-Jun-2023,441.75,453.95,458.95,441.1, 442.10,442.0,448.72,74837,335.81,2489, 51337, 68.60,0.6859842056736641,2023-06-26
INDOAMIN, EQ, 26-Jun-2023,115.7,116.7,118.5,115.65, 117.30,117.4,117.03,59387,69.5,1768, 32695, 55.05,0.5505413642716419,2023-06-26
INDOBORAX, EQ, 26-Jun-2023,126.9,128.35,128.35,125.3, 127.95,126.55,126.99,27095,34.41,885, 13452, 49.65,0.49647536445838714,2023-06-26
INDOCO, EQ, 26-Jun-2023,319.9,319.9,332.5,318.4, 328.20,329.4,328.29,142443,467.63,7259, 71526, 50.21,0.5021376971841368,2023-06-26
INDORAMA, EQ, 26-Jun-2023,48.0,47.3,48.45,47.3, 48.40,47.6,47.62,15693,7.47,263, 11154, 71.08,0.71076276046645,2023-06-26
INDOSTAR, BE, 26-Jun-2023,151.5,150.85,155.0,144.6, 149.90,148.7,148.16,134638,199.48,587, -, -,,2023-06-26
INDOTHAI, EQ, 26-Jun-2023,258.85,261.0,261.0,250.05, 255.00,253.2,253.95,6746,17.13,288, 5242, 77.71,0.7770530684850282,2023-06-26
INDOWIND, EQ, 26-Jun-2023,10.35,10.45,11.0,10.3, 10.70,10.7,10.74,648885,69.66,1045, 422788, 65.16,0.6515607542168489,2023-06-26
INDRAMEDCO, BE, 26-Jun-2023,92.05,91.0,92.25,90.1, 91.40,91.4,91.4,81028,74.06,1833, -, -,,2023-06-26
INDSWFTLAB, EQ, 26-Jun-2023,81.9,82.4,85.7,82.35, 83.80,83.4,84.04,456279,383.47,3931, 300630, 65.89,0.6588731894301513,2023-06-26
INDSWFTLTD, BE, 26-Jun-2023,11.15,11.7,11.7,10.6, 11.40,10.95,11.07,43703,4.84,142, -, -,,2023-06-26
INDTERRAIN, EQ, 26-Jun-2023,59.9,59.6,61.4,59.0, 60.50,60.95,60.52,269750,163.26,2765, 166708, 61.80,0.6180092678405932,2023-06-26
INDUSINDBK, EQ, 26-Jun-2023,1308.7,1314.8,1326.6,1305.9, 1314.20,1315.05,1315.72,2236596,29427.29,73053, 797257, 35.65,0.35645999545738255,2023-06-26
INDUSTOWER, EQ, 26-Jun-2023,161.9,162.0,165.9,159.7, 165.50,165.35,163.02,7492375,12214.13,52173, 2607965, 34.81,0.348082550593103,2023-06-26
INFIBEAM, EQ, 26-Jun-2023,15.7,15.95,16.2,15.75, 16.00,16.05,15.94,16984398,2707.25,47794, 4113553, 24.22,0.24219598480911717,2023-06-26
INFOBEAN, EQ, 26-Jun-2023,457.6,457.75,463.0,454.95, 458.00,455.5,457.5,14542,66.53,1538, 8676, 59.66,0.5966166964654105,2023-06-26
INFOMEDIA, EQ, 26-Jun-2023,5.3,5.55,5.55,5.2, 5.30,5.3,5.51,26907,1.48,90, 25110, 93.32,0.933214405173375,2023-06-26
INFRABEES, EQ, 26-Jun-2023,582.52,584.99,592.6,577.76, 583.00,582.44,581.01,4222,24.53,256, 2472, 58.55,0.5855045002368545,2023-06-26
INFY, EQ, 26-Jun-2023,1265.0,1270.25,1274.0,1262.25, 1270.70,1270.35,1270.02,3403244,43221.8,149079, 2332680, 68.54,0.6854283736340974,2023-06-26
INGERRAND, EQ, 26-Jun-2023,2951.55,2957.0,2997.95,2930.0, 2954.90,2951.25,2962.46,10677,316.3,2835, 4625, 43.32,0.43317411257843963,2023-06-26
INOXGREEN, EQ, 26-Jun-2023,56.4,56.35,57.75,55.65, 57.45,57.45,57.11,1949288,1113.14,7098, 942192, 48.34,0.48335187001612895,2023-06-26
INOXWIND, EQ, 26-Jun-2023,151.9,152.0,153.45,148.35, 150.60,150.65,150.92,988234,1491.46,7944, 473437, 47.91,0.47907378212042895,2023-06-26
INSECTICID, EQ, 26-Jun-2023,442.1,444.35,446.95,441.15, 445.70,445.55,444.58,15199,67.57,2496, 8484, 55.82,0.5581946180669781,2023-06-26
INTELLECT, EQ, 26-Jun-2023,596.45,595.0,612.8,594.1, 612.00,609.7,607.82,538020,3270.21,15808, 127720, 23.74,0.23738894464889781,2023-06-26
INTENTECH, EQ, 26-Jun-2023,73.85,74.9,77.95,74.4, 75.75,75.85,76.12,162070,123.36,2493, 92904, 57.32,0.5732337878694391,2023-06-26
INTLCONV, EQ, 26-Jun-2023,70.95,70.4,72.55,67.65, 70.50,68.95,70.38,183532,129.16,2225, 117080, 63.79,0.6379269010308829,2023-06-26
INVENTURE, EQ, 26-Jun-2023,2.0,2.0,2.05,1.95, 2.00,2.0,1.98,1871503,37.14,1298, 1184836, 63.31,0.6330932945338587,2023-06-26
IOB, EQ, 26-Jun-2023,23.85,23.85,24.0,23.7, 23.75,23.8,23.83,2470534,588.65,4619, 744820, 30.15,0.30148138013886877,2023-06-26
IOC, EQ, 26-Jun-2023,89.3,89.3,89.95,88.7, 89.75,89.55,89.29,10963542,9789.49,41163, 5954168, 54.31,0.5430879910890112,2023-06-26
IOLCP, EQ, 26-Jun-2023,423.4,423.35,429.55,418.95, 424.00,423.8,423.34,151379,640.85,5684, 67544, 44.62,0.44619134754490386,2023-06-26
IONEXCHANG, EQ, 26-Jun-2023,398.9,401.0,404.0,393.55, 398.00,397.25,397.4,148305,589.37,10017, 79562, 53.65,0.5364755065574324,2023-06-26
IPCALAB, EQ, 26-Jun-2023,727.2,700.1,744.85,691.2, 740.00,740.5,724.91,2894091,20979.61,51630, 1225778, 42.35,0.42354507857562185,2023-06-26
IPL, EQ, 26-Jun-2023,223.9,226.95,226.95,217.0, 221.80,220.2,222.25,66749,148.35,3187, 40232, 60.27,0.6027356215074383,2023-06-26
IRB, EQ, 26-Jun-2023,26.6,26.6,27.65,25.9, 27.40,27.25,26.72,13210786,3529.4,16777, 5084959, 38.49,0.3849096488278593,2023-06-26
IRCON, EQ, 26-Jun-2023,82.7,83.1,84.25,82.35, 83.00,83.15,83.24,7294832,6072.28,18541, 1669747, 22.89,0.2288945105247112,2023-06-26
IRCTC, EQ, 26-Jun-2023,627.8,625.0,633.7,621.65, 632.90,632.45,630.29,914109,5761.5,26061, 293047, 32.06,0.3205821187626421,2023-06-26
IRFC, EQ, 26-Jun-2023,32.25,32.3,32.8,31.95, 32.30,32.35,32.36,11033301,3569.98,26701, 3466821, 31.42,0.31421430449509175,2023-06-26
IRIS, EQ, 26-Jun-2023,78.55,79.5,79.95,78.1, 78.95,78.75,78.93,14229,11.23,1027, 3948, 27.75,0.27746152224330595,2023-06-26
IRISDOREME, EQ, 26-Jun-2023,428.8,435.0,435.0,425.4, 428.50,428.8,429.64,28529,122.57,722, 3974, 13.93,0.1392968558309089,2023-06-26
ISEC, EQ, 26-Jun-2023,563.05,647.0,647.0,602.25, 626.90,621.9,623.69,16583364,103428.08,248756, 2437582, 14.70,0.14698959752677443,2023-06-26
ISFT, EQ, 26-Jun-2023,140.4,138.25,143.8,137.05, 138.00,139.35,141.09,29233,41.24,463, 19105, 65.35,0.6535422296719461,2023-06-26
ISGEC, EQ, 26-Jun-2023,670.3,669.0,680.7,646.7, 662.00,655.75,656.72,123136,808.66,7977, 57676, 46.84,0.4683926715176715,2023-06-26
ISMTLTD, EQ, 26-Jun-2023,77.7,77.0,77.05,75.2, 76.00,76.05,75.96,311028,236.24,2656, 174245, 56.02,0.5602228738248647,2023-06-26
ITBEES, EQ, 26-Jun-2023,29.99,29.99,30.09,29.89, 29.98,29.95,29.95,4451725,1333.24,11911, 3014595, 67.72,0.6771745783937687,2023-06-26
ITC, EQ, 26-Jun-2023,444.75,446.9,451.4,444.0, 445.30,445.7,446.93,5477339,24479.61,137298, 2831648, 51.70,0.5169751224088923,2023-06-26
ITDC, EQ, 26-Jun-2023,324.9,329.9,329.9,324.45, 329.00,328.7,327.74,19178,62.85,1515, 9099, 47.44,0.47444989049953074,2023-06-26
ITDCEM, EQ, 26-Jun-2023,160.3,160.3,164.45,160.0, 163.80,163.5,162.94,412822,672.63,9409, 198343, 48.05,0.48045646792079877,2023-06-26
ITI, EQ, 26-Jun-2023,108.05,108.45,109.0,107.55, 108.80,108.65,108.27,179049,193.85,3164, 61712, 34.47,0.3446654267826126,2023-06-26
IVC, EQ, 26-Jun-2023,7.7,7.8,7.8,7.65, 7.75,7.75,7.71,301051,23.21,725, 188974, 62.77,0.6277142411086494,2023-06-26
IVP, BE, 26-Jun-2023,170.6,170.6,170.6,162.1, 165.25,165.4,166.0,4768,7.91,80, -, -,,2023-06-26
IVZINGOLD, EQ, 26-Jun-2023,5181.5,5194.15,5211.85,5182.0, 5182.00,5187.6,5199.67,49,2.55,24, 33, 67.35,0.673469387755102,2023-06-26
IWEL, EQ, 26-Jun-2023,2112.5,2138.6,2140.0,2061.1, 2069.00,2068.15,2079.46,6162,128.14,1043, 4324, 70.17,0.7017202207075625,2023-06-26
IZMO, BE, 26-Jun-2023,216.05,212.2,212.2,205.25, 207.00,208.95,207.16,115262,238.78,756, -, -,,2023-06-26
J&KBANK, EQ, 26-Jun-2023,56.5,56.65,57.05,55.05, 55.30,55.3,55.75,2980775,1661.78,7857, 1289690, 43.27,0.43266935612382684,2023-06-26
JAGRAN, EQ, 26-Jun-2023,77.05,77.05,81.95,77.05, 77.90,78.25,79.27,656258,520.19,4826, 426963, 65.06,0.650602354561773,2023-06-26
JAGSNPHARM, EQ, 26-Jun-2023,375.1,374.0,378.05,370.0, 371.95,370.3,372.04,12207,45.42,711, 9437, 77.31,0.7730810190874089,2023-06-26
JAIBALAJI, BE, 26-Jun-2023,74.15,73.1,75.9,73.1, 75.20,75.2,74.88,31349,23.48,178, -, -,,2023-06-26
JAICORPLTD, EQ, 26-Jun-2023,163.3,163.5,164.9,161.15, 163.70,164.05,163.02,711083,1159.17,6248, 138764, 19.51,0.19514458930954615,2023-06-26
JAIPURKURT, EQ, 26-Jun-2023,98.3,97.3,100.15,90.25, 91.40,92.05,95.58,69829,66.74,1866, 20458, 29.30,0.29297283363645477,2023-06-26
JAMNAAUTO, EQ, 26-Jun-2023,100.05,100.6,103.35,98.85, 102.35,102.3,101.47,3025238,3069.79,18814, 1132614, 37.44,0.3743883952270863,2023-06-26
JASH, EQ, 26-Jun-2023,1076.9,1072.0,1093.9,1051.2, 1077.80,1072.9,1076.11,6635,71.4,682, 4194, 63.21,0.6321024868123587,2023-06-26
JAYAGROGN, EQ, 26-Jun-2023,221.75,222.4,227.0,221.5, 225.00,225.5,224.56,32564,73.13,983, 21837, 67.06,0.6705871514555951,2023-06-26
JAYBARMARU, EQ, 26-Jun-2023,259.8,261.6,272.95,260.5, 269.95,269.65,266.88,133149,355.34,3119, 68807, 51.68,0.5167669302811136,2023-06-26
JAYNECOIND, EQ, 26-Jun-2023,23.75,23.75,24.65,23.6, 23.85,24.0,24.09,259550,62.52,747, 176178, 67.88,0.6787825081872472,2023-06-26
JAYSREETEA, EQ, 26-Jun-2023,89.0,89.1,90.85,88.5, 90.30,89.7,89.64,17999,16.13,374, 9327, 51.82,0.5181954553030724,2023-06-26
JBCHEPHARM, EQ, 26-Jun-2023,2311.05,2322.0,2360.0,2304.65, 2335.00,2341.45,2327.2,54145,1260.06,5626, 35959, 66.41,0.6641241111829347,2023-06-26
JBFIND, BZ, 26-Jun-2023,4.2,4.0,4.0,4.0, 4.00,4.0,4.0,21658,0.87,77, -, -,,2023-06-26
JBMA, EQ, 26-Jun-2023,1008.1,1008.9,1072.85,1000.8, 1064.00,1065.8,1047.79,806366,8449.05,27131, 190758, 23.66,0.23656503374398227,2023-06-26
JCHAC, EQ, 26-Jun-2023,1039.5,1052.75,1055.9,1020.0, 1035.00,1036.4,1033.65,39618,409.51,5132, 24747, 62.46,0.6246403150083295,2023-06-26
JETAIRWAYS, BZ, 26-Jun-2023,50.1,50.45,50.45,49.0, 49.75,49.75,49.95,21179,10.58,232, -, -,,2023-06-26
JETFREIGHT, EQ, 26-Jun-2023,11.1,11.15,11.3,11.1, 11.15,11.15,11.21,22588,2.53,221, 16672, 73.81,0.7380910217814769,2023-06-26
JHS, EQ, 26-Jun-2023,23.05,22.95,23.85,22.75, 23.10,23.25,23.23,339042,78.78,1529, 172982, 51.02,0.5102081747984025,2023-06-26
JINDALPHOT, EQ, 26-Jun-2023,352.65,350.0,358.8,350.0, 358.80,352.4,353.4,6943,24.54,942, 3927, 56.56,0.5656056459743627,2023-06-26
JINDALPOLY, EQ, 26-Jun-2023,666.0,667.0,672.45,657.0, 658.00,658.5,662.13,23125,153.12,3064, 8990, 38.88,0.38875675675675675,2023-06-26
JINDALSAW, EQ, 26-Jun-2023,230.25,231.55,247.0,231.1, 245.30,245.2,243.16,1961587,4769.74,30317, 893055, 45.53,0.4552716754342275,2023-06-26
JINDALSTEL, EQ, 26-Jun-2023,568.85,569.2,571.9,563.1, 570.10,567.7,567.23,1570497,8908.27,30968, 487011, 31.01,0.31009992378208934,2023-06-26
JINDRILL, EQ, 26-Jun-2023,351.8,353.05,354.2,346.55, 348.60,347.8,349.35,25395,88.72,1818, 10563, 41.59,0.41594802126402836,2023-06-26
JINDWORLD, EQ, 26-Jun-2023,322.75,323.7,325.9,315.1, 320.75,318.75,319.01,55972,178.56,2404, 11988, 21.42,0.21417851783034375,2023-06-26
JISLDVREQS, EQ, 26-Jun-2023,20.6,20.45,21.0,19.95, 21.00,20.9,20.49,68155,13.96,474, 43708, 64.13,0.6413029124789084,2023-06-26
JISLJALEQS, EQ, 26-Jun-2023,39.1,39.15,40.55,38.25, 40.35,40.1,39.42,5350248,2108.89,8437, 1567119, 29.29,0.29290586156006226,2023-06-26
JITFINFRA, BE, 26-Jun-2023,467.3,490.65,490.65,490.65, 490.65,490.65,490.65,4132,20.27,93, -, -,,2023-06-26
JKCEMENT, EQ, 26-Jun-2023,3360.1,3350.0,3436.5,3309.55, 3430.00,3425.9,3384.09,90161,3051.13,9217, 41308, 45.82,0.4581581836936148,2023-06-26
JKIL, EQ, 26-Jun-2023,296.8,298.0,303.35,297.0, 301.00,301.0,300.8,176547,531.06,5983, 78212, 44.30,0.4430095102154101,2023-06-26
JKLAKSHMI, EQ, 26-Jun-2023,721.3,715.5,734.5,702.0, 727.60,731.2,717.98,248862,1786.78,15605, 86189, 34.63,0.3463325055653334,2023-06-26
JKPAPER, EQ, 26-Jun-2023,319.15,319.2,320.0,312.3, 316.80,316.15,315.02,487628,1536.12,14153, 272896, 55.96,0.5596397253644171,2023-06-26
JKTYRE, EQ, 26-Jun-2023,193.6,193.55,202.95,192.55, 201.60,201.2,199.1,3015182,6003.09,27004, 1247641, 41.38,0.4137862988038533,2023-06-26
JMA, EQ, 26-Jun-2023,66.8,66.5,67.95,66.5, 67.05,67.6,67.25,2778,1.87,79, 1636, 58.89,0.5889128869690424,2023-06-26
JMFINANCIL, EQ, 26-Jun-2023,71.5,71.55,73.05,71.2, 72.90,72.45,71.94,707772,509.19,3669, 369155, 52.16,0.5215733315248413,2023-06-26
JOCIL, EQ, 26-Jun-2023,183.45,187.05,193.15,183.0, 183.00,183.8,185.03,3973,7.35,167, 2129, 53.59,0.5358671029448779,2023-06-26
JPASSOCIAT, EQ, 26-Jun-2023,7.8,7.8,7.85,7.65, 7.70,7.7,7.73,2935905,226.96,2709, 1661202, 56.58,0.5658228042119892,2023-06-26
JPOLYINVST, EQ, 26-Jun-2023,592.95,573.1,598.0,573.1, 598.00,588.7,588.0,10783,63.4,1276, 5163, 47.88,0.4788092367615691,2023-06-26
JPPOWER, EQ, 26-Jun-2023,5.95,6.0,6.1,5.9, 6.10,6.05,6.01,28393355,1707.84,17266, 12190309, 42.93,0.42933668810889025,2023-06-26
JSL, EQ, 26-Jun-2023,324.75,324.75,330.0,322.8, 329.85,327.95,325.92,290015,945.22,16309, 205248, 70.77,0.7077151181835423,2023-06-26
JSWENERGY, EQ, 26-Jun-2023,261.4,262.7,273.5,256.35, 272.60,272.05,265.53,3413288,9063.39,32826, 1115144, 32.67,0.32670668282313126,2023-06-26
JSWHL, EQ, 26-Jun-2023,4391.9,4444.65,4525.0,4400.05, 4500.00,4490.75,4453.28,1013,45.11,354, 660, 65.15,0.6515301085883515,2023-06-26
JSWISPL, EQ, 26-Jun-2023,33.25,33.2,33.35,32.7, 33.10,33.2,33.01,518765,171.25,1121, 224083, 43.20,0.4319547386581593,2023-06-26
JSWSTEEL, EQ, 26-Jun-2023,746.5,749.9,751.35,737.15, 749.50,748.8,743.72,1602537,11918.38,32061, 715483, 44.65,0.44646894268275866,2023-06-26
JTEKTINDIA, EQ, 26-Jun-2023,142.0,142.1,144.2,139.05, 143.50,143.55,142.46,368622,525.15,5953, 202929, 55.05,0.5505070234549213,2023-06-26
JTLIND, EQ, 26-Jun-2023,333.9,334.75,343.5,331.7, 338.05,341.25,339.23,326652,1108.1,6440, 206224, 63.13,0.6313263044463221,2023-06-26
JUBLFOOD, EQ, 26-Jun-2023,478.85,479.9,491.0,477.5, 488.85,486.7,485.15,1751660,8498.1,37195, 565864, 32.30,0.3230444264297866,2023-06-26
JUBLINDS, EQ, 26-Jun-2023,527.85,528.0,535.65,518.0, 528.05,527.65,526.43,21395,112.63,2289, 10615, 49.61,0.4961439588688946,2023-06-26
JUBLINGREA, EQ, 26-Jun-2023,430.05,432.0,435.05,417.2, 419.00,418.8,424.15,541904,2298.48,15952, 283771, 52.37,0.5236554814136821,2023-06-26
JUBLPHARMA, EQ, 26-Jun-2023,399.2,414.95,414.95,395.55, 405.00,405.65,405.36,365448,1481.39,15942, 147403, 40.33,0.40334876644556816,2023-06-26
JUNIORBEES, EQ, 26-Jun-2023,453.11,454.79,457.0,451.26, 457.00,455.07,453.15,105907,479.92,6156, 57708, 54.49,0.5448931609808606,2023-06-26
JUSTDIAL, EQ, 26-Jun-2023,732.9,733.4,777.9,733.05, 770.00,769.2,758.69,382382,2901.08,14349, 93476, 24.45,0.2444571135670612,2023-06-26
JWL, EQ, 26-Jun-2023,149.45,149.45,159.0,148.45, 159.00,157.75,155.39,1317002,2046.45,10516, 660128, 50.12,0.5012353815711745,2023-06-26
JYOTHYLAB, EQ, 26-Jun-2023,211.85,211.1,217.8,210.9, 217.00,215.9,215.41,1346611,2900.68,17459, 935018, 69.43,0.6943489990799124,2023-06-26
JYOTISTRUC, BE, 26-Jun-2023,7.95,7.95,8.3,7.95, 8.30,8.3,8.26,1565358,129.32,932, -, -,,2023-06-26
KABRAEXTRU, EQ, 26-Jun-2023,441.95,442.05,448.15,439.25, 445.00,442.3,443.64,36813,163.32,3752, 15128, 41.09,0.4109417868687692,2023-06-26
KAJARIACER, EQ, 26-Jun-2023,1262.25,1263.3,1299.9,1263.3, 1267.45,1272.9,1284.2,183736,2359.55,8591, 121730, 66.25,0.6625266686985675,2023-06-26
KAKATCEM, EQ, 26-Jun-2023,221.0,221.0,224.5,220.25, 222.00,221.45,222.17,12654,28.11,752, 7637, 60.35,0.6035245772087877,2023-06-26
KALYANIFRG, BE, 26-Jun-2023,243.65,243.7,250.0,237.2, 237.20,241.0,243.11,1909,4.64,55, -, -,,2023-06-26
KALYANKJIL, EQ, 26-Jun-2023,126.6,127.35,130.9,127.15, 129.55,130.2,129.11,4186141,5404.63,28106, 1294892, 30.93,0.30932832888333195,2023-06-26
KAMATHOTEL, BE, 26-Jun-2023,218.55,221.0,221.8,214.0, 218.95,220.05,218.51,19628,42.89,326, -, -,,2023-06-26
KAMDHENU, EQ, 26-Jun-2023,311.8,312.75,314.95,308.1, 313.60,313.0,311.58,55049,171.52,2424, 24798, 45.05,0.45047139820886845,2023-06-26
KAMOPAINTS, EQ, 26-Jun-2023,244.55,250.0,263.0,249.85, 257.00,256.15,258.31,725304,1873.5,34442, 253523, 34.95,0.3495403306751376,2023-06-26
KANANIIND, BE, 26-Jun-2023,8.0,8.35,8.35,7.95, 8.05,8.05,8.03,25809,2.07,150, -, -,,2023-06-26
KANORICHEM, EQ, 26-Jun-2023,112.0,112.3,113.0,110.75, 111.65,111.55,111.66,9774,10.91,172, 7458, 76.30,0.7630448127685697,2023-06-26
KANPRPLA, EQ, 26-Jun-2023,94.05,94.95,96.0,93.55, 96.00,94.95,94.7,8875,8.4,216, 5373, 60.54,0.6054084507042253,2023-06-26
KANSAINER, EQ, 26-Jun-2023,458.4,460.4,461.0,455.4, 459.90,459.85,458.92,123972,568.93,5525, 86456, 69.74,0.6973832800955054,2023-06-26
KAPSTON, EQ, 26-Jun-2023,142.75,142.8,146.0,140.0, 142.65,141.75,143.29,5076,7.27,336, 3411, 67.20,0.6719858156028369,2023-06-26
KARMAENG, EQ, 26-Jun-2023,40.45,41.0,42.0,40.0, 40.10,40.3,40.96,9318,3.82,153, 6838, 73.38,0.733848465335909,2023-06-26
KARURVYSYA, EQ, 26-Jun-2023,120.25,120.3,121.0,118.8, 120.00,119.7,119.71,1399157,1674.97,11227, 618454, 44.20,0.44201901573590385,2023-06-26
KAUSHALYA, BE, 26-Jun-2023,4.85,4.9,4.95,4.6, 4.75,4.75,4.78,34383,1.64,113, -, -,,2023-06-26
KAVVERITEL, BE, 26-Jun-2023,8.25,7.85,7.85,7.85, 7.85,7.85,7.85,10261,0.81,65, -, -,,2023-06-26
KAYA, EQ, 26-Jun-2023,336.75,332.4,341.7,332.0, 337.50,337.85,338.53,4902,16.59,386, 3782, 77.15,0.7715218278253774,2023-06-26
KAYNES, EQ, 26-Jun-2023,1499.1,1513.45,1536.75,1461.1, 1519.80,1521.05,1498.55,144000,2157.92,13954, 55980, 38.88,0.38875,2023-06-26
KBCGLOBAL, EQ, 26-Jun-2023,3.0,3.05,3.15,3.05, 3.15,3.15,3.11,3479219,108.32,734, 2266721, 65.15,0.6515028229036459,2023-06-26
KCP, EQ, 26-Jun-2023,105.9,105.3,109.5,105.0, 108.50,108.55,107.81,163074,175.82,2344, 116513, 71.45,0.7144793161386855,2023-06-26
KCPSUGIND, EQ, 26-Jun-2023,25.15,25.15,25.3,24.65, 24.95,24.8,24.96,284715,71.06,1167, 150885, 53.00,0.5299510036352142,2023-06-26
KDDL, EQ, 26-Jun-2023,1359.2,1372.5,1390.0,1350.1, 1370.00,1362.55,1372.1,26786,367.53,5671, 11697, 43.67,0.43668334204435155,2023-06-26
KEC, EQ, 26-Jun-2023,551.45,554.7,556.0,548.55, 552.35,553.05,551.92,196455,1084.28,7160, 111829, 56.92,0.5692346847878649,2023-06-26
KECL, BE, 26-Jun-2023,114.95,116.8,120.65,115.5, 120.65,120.65,119.93,408096,489.43,2216, -, -,,2023-06-26
KEEPLEARN, BE, 26-Jun-2023,3.2,3.2,3.35,3.1, 3.25,3.25,3.21,16483,0.53,35, -, -,,2023-06-26
KEERTI, BE, 26-Jun-2023,69.5,72.95,72.95,72.95, 72.95,72.95,72.95,3389,2.47,36, -, -,,2023-06-26
KEI, EQ, 26-Jun-2023,2343.25,2358.55,2358.55,2315.0, 2347.00,2349.25,2342.69,133192,3120.28,14768, 81859, 61.46,0.6145939696077842,2023-06-26
KELLTONTEC, EQ, 26-Jun-2023,60.5,61.05,61.75,60.5, 61.55,61.45,61.19,334036,204.41,3156, 149686, 44.81,0.4481133770012813,2023-06-26
KENNAMET, EQ, 26-Jun-2023,2748.1,2767.9,2809.0,2679.95, 2718.00,2692.15,2749.98,10020,275.55,2450, 5024, 50.14,0.5013972055888224,2023-06-26
KERNEX, BE, 26-Jun-2023,328.95,330.0,345.35,330.0, 345.35,345.35,343.77,52751,181.34,324, -, -,,2023-06-26
KESORAMIND, EQ, 26-Jun-2023,65.0,64.8,65.5,63.55, 63.80,63.7,64.22,731967,470.06,3908, 352111, 48.10,0.4810476428582163,2023-06-26
KEYFINSERV, EQ, 26-Jun-2023,94.05,94.05,97.3,92.2, 96.30,96.2,95.65,9124,8.73,275, 4002, 43.86,0.43862341078474354,2023-06-26
KFINTECH, EQ, 26-Jun-2023,342.15,341.0,351.7,340.0, 348.50,349.6,347.65,106921,371.71,4744, 43625, 40.80,0.4080115225259771,2023-06-26
KHADIM, EQ, 26-Jun-2023,225.15,226.0,227.35,224.05, 224.30,224.85,225.09,19165,43.14,1004, 10923, 56.99,0.569945212627185,2023-06-26
KHAICHEM, EQ, 26-Jun-2023,67.05,66.4,67.7,66.4, 67.25,66.9,67.09,107220,71.94,1553, 68932, 64.29,0.6429024435739601,2023-06-26
KHAITANLTD, EQ, 26-Jun-2023,50.6,46.5,53.5,46.5, 49.75,50.6,49.94,1506,0.75,95, 909, 60.36,0.603585657370518,2023-06-26
KHANDSE, BE, 26-Jun-2023,29.85,30.8,30.8,28.85, 29.15,29.15,29.64,1497,0.44,29, -, -,,2023-06-26
KICL, EQ, 26-Jun-2023,1847.2,1864.0,1864.0,1813.05, 1845.00,1835.4,1831.44,558,10.22,86, 484, 86.74,0.8673835125448028,2023-06-26
KILITCH, BE, 26-Jun-2023,195.2,195.0,196.0,190.3, 195.90,193.4,193.12,2581,4.98,46, -, -,,2023-06-26
KIMS, EQ, 26-Jun-2023,1778.9,1765.0,1806.95,1750.2, 1760.00,1752.8,1774.98,45313,804.3,5696, 16771, 37.01,0.3701145366671816,2023-06-26
KINGFA, EQ, 26-Jun-2023,1988.05,2012.7,2024.9,1952.05, 2001.45,2003.4,1991.97,8227,163.88,2779, 2800, 34.03,0.3403427737936064,2023-06-26
KIOCL, EQ, 26-Jun-2023,188.7,188.35,191.4,188.35, 189.00,188.6,189.66,23866,45.27,946, 11924, 49.96,0.4996228944942596,2023-06-26
KIRIINDUS, EQ, 26-Jun-2023,281.25,281.85,283.2,281.0, 281.20,281.05,281.58,137862,388.2,3357, 79261, 57.49,0.5749300024662344,2023-06-26
KIRLFER, EQ, 26-Jun-2023,463.6,463.6,479.0,462.1, 477.00,474.3,473.35,126455,598.57,7468, 63467, 50.19,0.5018939543711202,2023-06-26
KIRLOSBROS, EQ, 26-Jun-2023,576.85,578.65,610.0,577.7, 609.90,608.85,603.12,242198,1460.74,14932, 90025, 37.17,0.37170001403810105,2023-06-26
KIRLOSENG, EQ, 26-Jun-2023,391.85,391.95,394.75,382.1, 393.00,391.25,388.43,135256,525.37,10202, 82800, 61.22,0.6121724729402023,2023-06-26
KIRLOSIND, EQ, 26-Jun-2023,3207.0,3248.8,3324.0,3208.0, 3317.00,3307.25,3288.57,8532,280.58,3290, 3038, 35.61,0.3560712611345523,2023-06-26
KIRLPNU, EQ, 26-Jun-2023,639.35,647.7,649.0,630.05, 645.80,646.5,644.88,12840,82.8,1220, 9414, 73.32,0.733177570093458,2023-06-26
KITEX, EQ, 26-Jun-2023,167.8,167.8,168.45,164.05, 164.60,164.75,165.48,67782,112.16,2263, 37354, 55.11,0.5510902599510195,2023-06-26
KKCL, EQ, 26-Jun-2023,537.65,531.05,544.8,530.6, 537.00,540.35,539.58,71423,385.38,5404, 45048, 63.07,0.6307211962533078,2023-06-26
KMSUGAR, EQ, 26-Jun-2023,26.75,26.8,26.95,26.4, 26.55,26.5,26.64,198358,52.85,754, 123167, 62.09,0.6209328587705059,2023-06-26
KNRCON, EQ, 26-Jun-2023,238.45,239.95,240.2,236.9, 238.50,237.8,237.81,101138,240.51,3727, 50368, 49.80,0.49801261642508254,2023-06-26
KOHINOOR, BE, 26-Jun-2023,36.95,36.5,37.6,36.05, 37.40,36.9,36.67,45276,16.6,444, -, -,,2023-06-26
KOKUYOCMLN, EQ, 26-Jun-2023,115.25,115.2,120.5,115.2, 118.25,117.6,118.41,298356,353.28,5911, 149488, 50.10,0.5010390272024025,2023-06-26
KOLTEPATIL, EQ, 26-Jun-2023,326.95,326.6,334.1,320.85, 331.85,332.5,328.33,145964,479.25,5927, 52615, 36.05,0.36046559425611796,2023-06-26
KOPRAN, EQ, 26-Jun-2023,170.1,170.1,184.85,170.0, 182.00,182.3,180.08,849520,1529.79,14881, 279460, 32.90,0.32896223749882286,2023-06-26
KOTAKALPHA, EQ, 26-Jun-2023,29.34,29.49,29.5,29.21, 29.39,29.35,29.36,166627,48.91,527, 119638, 71.80,0.7179988837343287,2023-06-26
KOTAKBANK, EQ, 26-Jun-2023,1828.55,1831.95,1831.95,1819.9, 1823.45,1822.95,1825.18,2213679,40403.55,125225, 1253757, 56.64,0.5663680235481297,2023-06-26
KOTAKBKETF, EQ, 26-Jun-2023,443.88,442.8,447.83,442.8, 443.45,444.0,443.98,13374,59.38,333, 12377, 92.55,0.9254523702706744,2023-06-26
KOTAKCONS, EQ, 26-Jun-2023,81.5,81.03,81.9,81.03, 81.89,81.89,81.86,167,0.14,8, 75, 44.91,0.4491017964071856,2023-06-26
KOTAKGOLD, EQ, 26-Jun-2023,49.85,49.86,50.19,49.86, 50.09,50.11,50.08,252584,126.5,876, 220082, 87.13,0.8713220156462801,2023-06-26
KOTAKIT, EQ, 26-Jun-2023,29.79,29.71,30.0,29.68, 29.80,29.8,29.77,30234,9.0,418, 14901, 49.29,0.49285572534232985,2023-06-26
KOTAKLOVOL, EQ, 26-Jun-2023,14.46,14.15,14.55,14.15, 14.50,14.5,14.45,1191,0.17,64, 714, 59.95,0.5994962216624685,2023-06-26
KOTAKMID50, EQ, 26-Jun-2023,99.55,101.99,101.99,98.05, 99.79,99.59,99.3,27781,27.59,263, 25062, 90.21,0.9021273532270256,2023-06-26
KOTAKMNC, EQ, 26-Jun-2023,21.54,21.54,22.5,21.4, 22.50,22.45,21.66,2052,0.44,57, 1914, 93.27,0.9327485380116959,2023-06-26
KOTAKNIFTY, EQ, 26-Jun-2023,199.94,199.94,201.75,199.67, 199.71,200.0,200.07,9993,19.99,381, 6228, 62.32,0.62323626538577,2023-06-26
KOTAKNV20, EQ, 26-Jun-2023,107.9,107.01,108.37,107.01, 107.74,108.09,107.91,17751,19.15,331, 11982, 67.50,0.6750042251140781,2023-06-26
KOTAKPSUBK, EQ, 26-Jun-2023,399.42,399.51,404.97,395.49, 398.65,398.45,396.71,18073,71.7,495, 6566, 36.33,0.3633043766945167,2023-06-26
KOTAKSILVE, EQ, 26-Jun-2023,68.25,68.25,69.8,68.25, 69.32,69.32,69.3,22537,15.62,67, 20258, 89.89,0.8988774016062475,2023-06-26
KOTARISUG, EQ, 26-Jun-2023,40.25,40.85,40.85,39.75, 40.05,39.95,40.11,78268,31.4,689, 50064, 63.96,0.6396483875913528,2023-06-26
KOTHARIPET, EQ, 26-Jun-2023,74.5,74.75,76.95,74.2, 74.20,74.35,75.31,49485,37.27,861, 25813, 52.16,0.5216328180256643,2023-06-26
KOTHARIPRO, EQ, 26-Jun-2023,103.35,104.45,104.45,102.6, 103.60,103.05,103.57,2969,3.08,75, 1663, 56.01,0.5601212529471202,2023-06-26
KOVAI, EQ, 26-Jun-2023,2225.15,2225.15,2289.8,2212.75, 2284.90,2278.3,2270.5,4689,106.46,1426, 3167, 67.54,0.6754105352953721,2023-06-26
KPIGREEN, EQ, 26-Jun-2023,758.6,760.45,820.0,751.5, 818.10,812.55,795.99,623811,4965.47,23884, 213625, 34.25,0.3424514796949717,2023-06-26
KPIL, EQ, 26-Jun-2023,521.2,521.6,534.0,516.0, 522.85,523.3,524.62,174776,916.91,15134, 109934, 62.90,0.6289994049526251,2023-06-26
KPITTECH, EQ, 26-Jun-2023,1067.35,1071.9,1087.55,1052.1, 1076.80,1075.35,1067.86,809402,8643.31,42948, 336848, 41.62,0.4161689741315193,2023-06-26
KPRMILL, EQ, 26-Jun-2023,658.2,655.6,670.0,651.6, 667.90,661.25,658.7,248414,1636.3,11531, 116764, 47.00,0.4700379205680839,2023-06-26
KRBL, EQ, 26-Jun-2023,343.25,343.6,348.7,340.05, 348.00,346.3,343.37,231619,795.32,8128, 99757, 43.07,0.43069437308683656,2023-06-26
KREBSBIO, EQ, 26-Jun-2023,73.1,72.9,74.0,72.9, 73.95,73.8,73.39,4374,3.21,103, 3422, 78.24,0.782350251486054,2023-06-26
KRIDHANINF, BE, 26-Jun-2023,2.3,2.35,2.4,2.3, 2.40,2.4,2.39,121957,2.91,68, -, -,,2023-06-26
KRISHANA, EQ, 26-Jun-2023,441.05,435.15,451.9,435.15, 450.90,445.6,445.2,56861,253.15,864, 51248, 90.13,0.9012855911784879,2023-06-26
KRITI, EQ, 26-Jun-2023,104.2,104.1,106.9,104.1, 104.35,104.7,105.21,21075,22.17,720, 13349, 63.34,0.6334045077105576,2023-06-26
KRITIKA, BE, 26-Jun-2023,16.95,16.95,17.6,16.25, 17.40,17.2,17.31,165071,28.58,546, -, -,,2023-06-26
KRITINUT, EQ, 26-Jun-2023,56.05,56.35,57.1,55.65, 56.10,56.55,56.63,39311,22.26,578, 24771, 63.01,0.630128971534685,2023-06-26
KRSNAA, EQ, 26-Jun-2023,566.55,568.0,575.35,565.05, 569.80,568.35,571.98,21569,123.37,2075, 10923, 50.64,0.5064212527238166,2023-06-26
KSB, EQ, 26-Jun-2023,2186.5,2186.5,2219.9,2162.5, 2162.50,2177.0,2196.73,12513,274.88,3725, 5802, 46.37,0.4636777751138816,2023-06-26
KSCL, EQ, 26-Jun-2023,502.1,504.65,517.7,502.75, 514.45,513.55,511.32,52787,269.91,5021, 30543, 57.86,0.578608369484911,2023-06-26
KSHITIJPOL, BE, 26-Jun-2023,8.25,8.2,8.2,7.85, 7.85,7.85,7.86,254779,20.02,800, -, -,,2023-06-26
KSL, EQ, 26-Jun-2023,346.75,348.5,351.35,344.65, 345.00,344.95,347.4,26576,92.32,1351, 17849, 67.16,0.6716210114388922,2023-06-26
KSOLVES, EQ, 26-Jun-2023,835.65,843.5,854.25,811.55, 830.00,834.15,834.9,25340,211.56,5168, 14861, 58.65,0.5864640883977901,2023-06-26
KTKBANK, EQ, 26-Jun-2023,151.6,152.0,153.15,149.55, 151.65,151.1,151.18,976356,1476.1,8014, 430723, 44.12,0.44115363658337736,2023-06-26
KUANTUM, EQ, 26-Jun-2023,170.3,174.75,174.75,169.05, 170.30,171.8,170.84,46131,78.81,1402, 20431, 44.29,0.44289089766100886,2023-06-26
L&TFH, EQ, 26-Jun-2023,118.0,117.8,119.25,114.95, 118.70,118.65,117.19,15173431,17782.13,45155, 6079751, 40.07,0.40068399823349116,2023-06-26
LAGNAM, EQ, 26-Jun-2023,48.05,48.2,49.4,47.25, 48.00,47.65,48.04,14087,6.77,183, 10096, 71.67,0.7166891460211543,2023-06-26
LAKPRE, BZ, 26-Jun-2023,4.35,4.3,4.3,4.3, 4.30,4.3,4.3,42,0.0,2, -, -,,2023-06-26
LAL, BE, 26-Jun-2023,211.2,211.2,214.0,205.4, 206.20,211.85,211.85,2735,5.79,24, -, -,,2023-06-26
LALPATHLAB, EQ, 26-Jun-2023,2109.85,2109.85,2184.95,2075.55, 2170.00,2166.6,2143.48,382502,8198.85,32383, 75964, 19.86,0.19859765439134958,2023-06-26
LAMBODHARA, BE, 26-Jun-2023,155.65,155.65,160.0,148.6, 156.25,156.5,153.37,13124,20.13,237, -, -,,2023-06-26
LANDMARK, EQ, 26-Jun-2023,717.15,729.8,754.9,690.0, 691.00,691.45,723.87,1010562,7315.14,36626, 334251, 33.08,0.3307575388744085,2023-06-26
LAOPALA, EQ, 26-Jun-2023,425.45,425.45,429.7,421.3, 425.00,426.0,425.52,134715,573.24,7597, 71982, 53.43,0.5343280258323126,2023-06-26
LASA, EQ, 26-Jun-2023,21.65,21.65,22.15,21.1, 21.25,21.15,21.42,49231,10.55,342, 32152, 65.31,0.6530844386666937,2023-06-26
LATENTVIEW, EQ, 26-Jun-2023,343.85,344.2,351.45,342.05, 350.45,349.7,347.33,432278,1501.44,10707, 190740, 44.12,0.44124382920250393,2023-06-26
LATTEYS, BE, 26-Jun-2023,37.9,38.9,38.9,37.1, 38.70,38.35,38.5,17258,6.64,53, -, -,,2023-06-26
LAURUSLABS, EQ, 26-Jun-2023,350.65,351.95,365.5,349.6, 362.00,361.95,360.47,2684715,9677.67,45211, 601249, 22.40,0.22395263556839368,2023-06-26
LAXMICOT, EQ, 26-Jun-2023,20.65,20.75,20.75,20.15, 20.45,20.35,20.37,6127,1.25,87, 4734, 77.26,0.7726456667210707,2023-06-26
LAXMIMACH, EQ, 26-Jun-2023,13154.0,13150.0,13150.0,12605.25, 12770.00,12765.85,12776.76,12282,1569.24,4451, 5863, 47.74,0.47736524995929003,2023-06-26
LCCINFOTEC, BE, 26-Jun-2023,2.05,1.95,2.1,1.95, 2.00,1.95,1.96,147867,2.9,200, -, -,,2023-06-26
LEMONTREE, EQ, 26-Jun-2023,94.6,94.9,95.1,92.6, 93.00,92.85,93.36,1966223,1835.76,15906, 1024446, 52.10,0.5210222848578213,2023-06-26
LEXUS, EQ, 26-Jun-2023,51.1,51.95,61.3,51.05, 53.00,52.75,56.15,96663,54.28,1186, 51553, 53.33,0.5333271262013387,2023-06-26
LFIC, EQ, 26-Jun-2023,135.25,136.15,139.9,134.0, 134.05,134.8,136.7,2286,3.13,86, 1406, 61.50,0.6150481189851269,2023-06-26
LGBBROSLTD, EQ, 26-Jun-2023,1040.1,1049.0,1088.4,1017.05, 1046.00,1052.7,1051.68,356229,3746.38,21015, 83628, 23.48,0.2347591015891463,2023-06-26
LGBFORGE, EQ, 26-Jun-2023,9.8,9.7,9.95,9.55, 9.80,9.85,9.78,198831,19.45,426, 91963, 46.25,0.4625184201658695,2023-06-26
LIBAS, EQ, 26-Jun-2023,13.0,13.4,13.4,12.6, 13.00,12.95,13.09,189218,24.77,474, 143942, 76.07,0.7607204388588823,2023-06-26
LIBERTSHOE, EQ, 26-Jun-2023,235.2,235.9,237.0,232.9, 235.00,235.5,235.37,29145,68.6,1603, 12094, 41.50,0.41495968433693603,2023-06-26
LICHSGFIN, EQ, 26-Jun-2023,389.65,390.05,395.1,386.0, 392.00,391.75,390.59,2228143,8702.83,22831, 1022008, 45.87,0.45868151191373263,2023-06-26
LICI, EQ, 26-Jun-2023,624.95,624.95,625.8,613.7, 613.70,615.9,619.95,946727,5869.26,23768, 496550, 52.45,0.524491220805998,2023-06-26
LICNETFGSC, EQ, 26-Jun-2023,23.54,23.83,25.15,23.43, 23.95,23.97,24.2,292975,70.89,277, 173079, 59.08,0.5907637170407032,2023-06-26
LICNETFN50, EQ, 26-Jun-2023,201.64,201.48,202.69,201.43, 201.53,201.59,201.9,74,0.15,19, 40, 54.05,0.5405405405405406,2023-06-26
LICNETFSEN, EQ, 26-Jun-2023,691.55,689.7,690.11,686.77, 686.79,686.79,688.56,23,0.16,8, 4, 17.39,0.17391304347826086,2023-06-26
LICNFNHGP, EQ, 26-Jun-2023,198.37,202.34,202.34,198.31, 199.71,199.71,199.34,68,0.14,17, 57, 83.82,0.8382352941176471,2023-06-26
LIKHITHA, EQ, 26-Jun-2023,256.7,257.9,257.9,251.0, 255.50,255.9,253.78,134089,340.3,5596, 61764, 46.06,0.4606194393276108,2023-06-26
LINC, EQ, 26-Jun-2023,701.0,690.15,703.35,682.9, 689.55,693.8,694.64,32780,227.7,5291, 21627, 65.98,0.6597620500305064,2023-06-26
LINCOLN, EQ, 26-Jun-2023,405.45,409.35,416.95,405.55, 411.00,409.1,410.56,150803,619.14,4921, 97254, 64.49,0.6449075946764985,2023-06-26
LINDEINDIA, EQ, 26-Jun-2023,4368.8,4379.0,4448.8,4368.0, 4380.00,4384.7,4403.41,19086,840.44,4731, 4967, 26.02,0.2602431101330818,2023-06-26
LIQUIDBEES, EQ, 26-Jun-2023,1000.0,1000.0,1000.01,999.45, 1000.00,999.99,1000.0,1738773,17387.69,8001, 1330698, 76.53,0.765308640058248,2023-06-26
LIQUIDETF, EQ, 26-Jun-2023,1000.0,1000.0,1000.01,999.99, 1000.00,999.99,1000.0,209993,2099.93,126, 120601, 57.43,0.574309619844471,2023-06-26
LODHA, EQ, 26-Jun-2023,651.6,651.0,657.55,640.6, 645.50,645.75,646.2,433081,2798.56,23593, 233068, 53.82,0.5381626069949963,2023-06-26
LOKESHMACH, BE, 26-Jun-2023,196.85,199.95,203.9,195.35, 198.00,197.25,199.16,78240,155.82,920, -, -,,2023-06-26
LOTUSEYE, EQ, 26-Jun-2023,82.7,84.7,84.75,81.35, 83.50,82.5,83.29,18925,15.76,570, 7184, 37.96,0.37960369881109646,2023-06-26
LOVABLE, EQ, 26-Jun-2023,116.5,117.0,117.55,114.5, 116.00,115.65,115.63,22738,26.29,598, 15748, 69.26,0.6925850998328789,2023-06-26
LOYALTEX, EQ, 26-Jun-2023,690.3,688.6,688.6,670.05, 680.00,674.35,678.27,96,0.65,69, 27, 28.13,0.28125,2023-06-26
LPDC, EQ, 26-Jun-2023,6.45,6.45,6.75,6.05, 6.25,6.25,6.41,184145,11.8,557, 120120, 65.23,0.6523120367102012,2023-06-26
LSIL, EQ, 26-Jun-2023,23.95,23.95,24.55,23.75, 23.85,23.85,24.02,1472882,353.79,3616, 920228, 62.48,0.6247805323169133,2023-06-26
LT, EQ, 26-Jun-2023,2389.55,2398.1,2403.85,2367.95, 2375.00,2377.55,2379.97,793572,18886.74,67473, 410423, 51.72,0.5171843260598912,2023-06-26
LTGILTBEES, EQ, 26-Jun-2023,24.19,24.18,24.21,24.16, 24.18,24.18,24.19,911229,220.44,173, 743281, 81.57,0.8156906770965366,2023-06-26
LTIM, EQ, 26-Jun-2023,4956.65,4954.9,5018.85,4926.05, 5002.20,5007.3,4996.34,234908,11736.8,22104, 84168, 35.83,0.3583019735385768,2023-06-26
LTTS, EQ, 26-Jun-2023,3817.15,3832.0,3845.95,3755.25, 3810.00,3812.55,3804.02,328787,12507.13,35039, 137021, 41.67,0.41674701250353574,2023-06-26
LUMAXIND, EQ, 26-Jun-2023,2107.2,2100.05,2120.0,2095.0, 2120.00,2100.9,2101.29,3106,65.27,843, 1999, 64.36,0.6435930457179653,2023-06-26
LUMAXTECH, EQ, 26-Jun-2023,336.2,339.0,344.15,333.1, 342.70,339.6,337.5,97953,330.59,4292, 46179, 47.14,0.47144038467428256,2023-06-26
LUPIN, EQ, 26-Jun-2023,858.25,858.05,875.0,852.35, 872.30,874.0,870.43,971992,8460.5,25734, 243064, 25.01,0.2500679017934304,2023-06-26
LUXIND, EQ, 26-Jun-2023,1489.75,1489.75,1510.4,1483.4, 1510.00,1506.85,1501.06,19819,297.5,3164, 9464, 47.75,0.47752157021040414,2023-06-26
LXCHEM, EQ, 26-Jun-2023,258.2,258.85,258.85,254.1, 256.90,256.7,257.02,467711,1202.12,12191, 137682, 29.44,0.2943740899829168,2023-06-26
LYKALABS, EQ, 26-Jun-2023,114.95,115.75,117.0,112.05, 113.25,113.5,114.66,79817,91.52,1684, 45214, 56.65,0.5664708019594823,2023-06-26
LYPSAGEMS, EQ, 26-Jun-2023,4.55,4.5,4.55,4.4, 4.40,4.4,4.46,6327,0.28,42, 4129, 65.26,0.6525999683894421,2023-06-26
M&M, EQ, 26-Jun-2023,1373.25,1375.0,1404.9,1369.95, 1398.00,1397.65,1391.55,2281046,31741.8,118787, 1442944, 63.26,0.6325799655070524,2023-06-26
M&MFIN, EQ, 26-Jun-2023,305.7,304.7,309.7,302.15, 308.90,308.75,306.54,2558108,7841.66,26914, 1213832, 47.45,0.4745038129742763,2023-06-26
MAANALU, BE, 26-Jun-2023,326.4,331.45,331.45,316.6, 326.00,324.2,322.31,28225,90.97,822, -, -,,2023-06-26
MACPOWER, EQ, 26-Jun-2023,327.4,331.9,331.9,322.15, 326.20,324.5,325.25,13191,42.9,760, 9127, 69.19,0.6919111515427185,2023-06-26
MADHAV, EQ, 26-Jun-2023,43.3,44.1,44.1,42.3, 43.30,42.5,42.88,5250,2.25,130, 4592, 87.47,0.8746666666666667,2023-06-26
MADHUCON, BE, 26-Jun-2023,5.45,5.5,5.5,5.3, 5.45,5.4,5.37,10096,0.54,53, -, -,,2023-06-26
MADRASFERT, EQ, 26-Jun-2023,74.05,74.0,74.65,71.45, 71.80,72.0,72.88,894075,651.58,5236, 335176, 37.49,0.3748857758018063,2023-06-26
MAESGETF, EQ, 26-Jun-2023,30.19,30.28,30.29,30.17, 30.25,30.2,30.2,169632,51.23,129, 168013, 99.05,0.9904558102244859,2023-06-26
MAFANG, EQ, 26-Jun-2023,62.12,62.33,62.34,61.14, 61.69,61.58,61.97,763921,473.39,3283, 577809, 75.64,0.7563727139324616,2023-06-26
MAFSETF, EQ, 26-Jun-2023,19.76,20.35,20.35,19.7, 19.80,19.75,19.76,58421,11.54,874, 34874, 59.69,0.5969428801287209,2023-06-26
MAGADSUGAR, EQ, 26-Jun-2023,421.25,421.0,426.85,407.0, 412.00,411.3,415.39,18675,77.57,2254, 7613, 40.77,0.40765729585006694,2023-06-26
MAGNUM, BE, 26-Jun-2023,33.25,32.1,33.2,31.6, 31.60,31.6,31.99,106431,34.05,395, -, -,,2023-06-26
MAGOLDETF, EQ, 26-Jun-2023,58.4,58.85,58.85,57.4, 58.40,58.2,57.96,17489,10.14,111, 9001, 51.47,0.5146663617130768,2023-06-26
MAHABANK, EQ, 26-Jun-2023,27.15,27.0,27.3,26.8, 27.15,27.1,27.03,10300063,2783.8,11350, 3845452, 37.33,0.3733425708172853,2023-06-26
MAHAPEXLTD, BE, 26-Jun-2023,139.55,146.45,146.45,133.5, 137.00,137.2,137.4,9864,13.55,45, -, -,,2023-06-26
MAHASTEEL, BE, 26-Jun-2023,74.35,74.15,77.0,73.1, 76.00,74.35,74.5,9203,6.86,97, -, -,,2023-06-26
MAHEPC, EQ, 26-Jun-2023,102.85,102.85,104.15,100.65, 101.95,101.7,102.1,23425,23.92,694, 14461, 61.73,0.6173319103521878,2023-06-26
MAHESHWARI, BE, 26-Jun-2023,72.5,72.5,73.85,70.85, 72.90,72.35,72.65,12165,8.84,83, -, -,,2023-06-26
MAHKTECH, EQ, 26-Jun-2023,13.87,13.97,13.97,13.6, 13.78,13.76,13.69,570893,78.13,1040, 405930, 71.10,0.7110439259195681,2023-06-26
MAHLIFE, EQ, 26-Jun-2023,453.25,450.15,456.2,449.15, 451.90,451.35,453.31,53831,244.02,3986, 25798, 47.92,0.47924058627928146,2023-06-26
MAHLOG, EQ, 26-Jun-2023,384.9,389.95,390.65,373.7, 378.00,377.75,379.92,130362,495.28,6557, 61780, 47.39,0.47391110906552525,2023-06-26
MAHSCOOTER, EQ, 26-Jun-2023,5429.6,5498.0,5595.0,5440.05, 5522.00,5528.85,5534.29,8797,486.85,1845, 3122, 35.49,0.3548937137660566,2023-06-26
MAHSEAMLES, EQ, 26-Jun-2023,476.45,477.5,487.0,477.5, 484.80,485.4,482.84,207518,1001.99,13962, 109012, 52.53,0.5253134667836044,2023-06-26
MAITHANALL, EQ, 26-Jun-2023,968.95,968.95,985.0,965.7, 970.00,969.4,973.46,22878,222.71,3893, 10324, 45.13,0.45126322230964244,2023-06-26
MALLCOM, EQ, 26-Jun-2023,956.6,984.95,984.95,942.0, 950.00,951.5,961.98,6902,66.4,1269, 4245, 61.50,0.6150391190959142,2023-06-26
MALUPAPER, EQ, 26-Jun-2023,33.15,32.7,33.6,32.2, 32.90,32.75,32.88,10108,3.32,163, 5933, 58.70,0.5869608231104076,2023-06-26
MAM150ETF, EQ, 26-Jun-2023,13.16,13.55,13.55,13.11, 13.28,13.29,13.27,576815,76.56,710, 514017, 89.11,0.891129738304309,2023-06-26
MAMFGETF, EQ, 26-Jun-2023,90.43,90.59,91.29,90.3, 91.25,91.08,90.74,5553,5.04,86, 3951, 71.15,0.7115072933549432,2023-06-26
MAN50ETF, EQ, 26-Jun-2023,195.88,196.32,196.61,195.57, 196.61,196.44,196.39,16835,33.06,240, 16052, 95.35,0.9534897534897535,2023-06-26
MANAKALUCO, EQ, 26-Jun-2023,21.7,21.6,23.4,21.6, 22.50,22.5,22.65,121433,27.5,1066, 46084, 37.95,0.37950145347640263,2023-06-26
MANAKCOAT, EQ, 26-Jun-2023,17.65,17.9,18.0,17.4, 17.70,17.55,17.65,22605,3.99,230, 13891, 61.45,0.6145100641451007,2023-06-26
MANAKSIA, EQ, 26-Jun-2023,165.0,167.0,169.6,165.6, 168.30,168.75,168.23,73563,123.75,3229, 40677, 55.30,0.5529546103339994,2023-06-26
MANAKSTEEL, EQ, 26-Jun-2023,41.45,40.7,43.0,40.7, 42.20,42.0,42.03,238928,100.41,1379, 154636, 64.72,0.6472075269537266,2023-06-26
MANALIPETC, EQ, 26-Jun-2023,66.6,66.55,67.35,66.0, 66.65,66.35,66.4,216060,143.47,3972, 126809, 58.69,0.5869156715727113,2023-06-26
MANAPPURAM, EQ, 26-Jun-2023,123.8,123.7,126.7,121.55, 126.70,125.8,124.4,8484591,10554.54,33027, 2854160, 33.64,0.33639335119394675,2023-06-26
MANGALAM, EQ, 26-Jun-2023,110.6,109.2,110.3,108.4, 110.30,109.5,109.5,29946,32.79,430, 8197, 27.37,0.2737260402057036,2023-06-26
MANGCHEFER, EQ, 26-Jun-2023,102.95,103.5,107.0,101.5, 105.30,104.65,104.31,494750,516.05,3540, 308134, 62.28,0.6228074785245074,2023-06-26
MANGLMCEM, EQ, 26-Jun-2023,318.8,318.8,320.7,313.0, 318.80,316.55,314.42,144722,455.04,2814, 123209, 85.13,0.851349483837979,2023-06-26
MANINDS, EQ, 26-Jun-2023,138.7,140.25,145.65,138.9, 144.30,144.7,143.33,373366,535.14,7317, 166491, 44.59,0.4459190178002282,2023-06-26
MANINFRA, EQ, 26-Jun-2023,115.7,115.7,117.2,114.0, 116.00,115.75,115.39,1464838,1690.29,7302, 777464, 53.08,0.5307508407073,2023-06-26
MANKIND, EQ, 26-Jun-2023,1694.0,1701.0,1720.0,1693.05, 1705.50,1702.85,1702.89,238572,4062.61,15556, 119499, 50.09,0.500892812232785,2023-06-26
MANOMAY, BE, 26-Jun-2023,135.0,133.1,135.0,130.0, 131.00,134.85,131.4,3096,4.07,11, -, -,,2023-06-26
MANORAMA, BE, 26-Jun-2023,1500.0,1500.0,1528.05,1462.0, 1500.00,1499.6,1495.98,13988,209.26,225, -, -,,2023-06-26
MANORG, EQ, 26-Jun-2023,422.05,420.7,427.95,420.0, 421.80,427.2,423.66,1962,8.31,234, 1181, 60.19,0.6019367991845056,2023-06-26
MANUGRAPH, EQ, 26-Jun-2023,17.35,17.75,17.9,17.05, 17.10,17.15,17.44,29645,5.17,233, 14421, 48.65,0.48645640074211505,2023-06-26
MANXT50, EQ, 26-Jun-2023,431.9,433.0,435.52,431.65, 435.52,435.44,432.72,722,3.12,48, 396, 54.85,0.5484764542936288,2023-06-26
MANYAVAR, EQ, 26-Jun-2023,1300.6,1300.6,1312.4,1279.0, 1283.05,1288.9,1292.18,332022,4290.32,35123, 179991, 54.21,0.54210564360193,2023-06-26
MAPMYINDIA, EQ, 26-Jun-2023,1237.0,1238.0,1275.0,1227.4, 1236.00,1241.4,1248.95,216514,2704.15,15224, 81180, 37.49,0.3749411123530118,2023-06-26
MARALOVER, EQ, 26-Jun-2023,53.6,54.95,56.0,52.95, 52.95,53.2,53.42,12412,6.63,197, 9374, 75.52,0.7552368675475346,2023-06-26
MARATHON, EQ, 26-Jun-2023,318.5,316.35,323.5,316.1, 320.55,322.15,320.52,12918,41.41,923, 7140, 55.27,0.552717138875987,2023-06-26
MARICO, EQ, 26-Jun-2023,528.5,529.95,532.45,524.55, 530.00,528.7,529.07,752253,3979.91,19666, 300313, 39.92,0.3992180822143614,2023-06-26
MARINE, EQ, 26-Jun-2023,49.75,49.4,50.45,48.25, 49.05,48.85,49.35,340349,167.97,1984, 217213, 63.82,0.6382066643357259,2023-06-26
MARKSANS, EQ, 26-Jun-2023,92.8,90.4,92.75,90.15, 91.55,91.05,91.71,1923798,1764.28,11481, 694797, 36.12,0.36115901981393056,2023-06-26
MARSHALL, BE, 26-Jun-2023,63.65,65.0,65.4,62.15, 64.45,64.25,64.41,27702,17.84,151, -, -,,2023-06-26
MARUTI, EQ, 26-Jun-2023,9327.3,9327.3,9520.0,9300.0, 9470.00,9470.2,9418.77,405168,38161.83,64056, 237246, 58.55,0.5855496979030921,2023-06-26
MASFIN, EQ, 26-Jun-2023,776.8,768.15,789.05,763.75, 768.00,768.3,775.38,38643,299.63,7340, 20072, 51.94,0.519421369976451,2023-06-26
MASILVER, EQ, 26-Jun-2023,68.72,67.01,70.39,67.01, 69.59,69.56,69.34,14090,9.77,116, 10894, 77.32,0.7731724627395316,2023-06-26
MASKINVEST, BE, 26-Jun-2023,68.6,68.15,72.0,65.2, 65.20,65.6,69.03,1486,1.03,30, -, -,,2023-06-26
MASPTOP50, EQ, 26-Jun-2023,31.12,31.58,31.58,31.03, 31.27,31.33,31.34,148502,46.54,706, 121764, 81.99,0.8199485528814426,2023-06-26
MASTEK, EQ, 26-Jun-2023,1912.6,1912.6,1930.95,1890.0, 1891.00,1905.7,1912.52,36944,706.56,6911, 15603, 42.23,0.4223419229103508,2023-06-26
MATRIMONY, EQ, 26-Jun-2023,621.45,612.05,625.9,610.0, 614.00,612.35,619.82,10167,63.02,932, 6090, 59.90,0.5989967542047802,2023-06-26
MAWANASUG, EQ, 26-Jun-2023,100.6,100.0,101.0,97.4, 97.80,98.3,98.86,301752,298.3,3549, 138904, 46.03,0.46032503512818473,2023-06-26
MAXHEALTH, EQ, 26-Jun-2023,580.55,578.65,609.0,578.65, 605.50,602.65,598.56,2073893,12413.42,43462, 1156496, 55.76,0.5576449701117656,2023-06-26
MAXIND, EQ, 26-Jun-2023,117.35,117.2,121.75,116.1, 121.00,121.25,119.12,128028,152.51,2460, 77049, 60.18,0.6018136657606149,2023-06-26
MAXVIL, EQ, 26-Jun-2023,196.7,197.95,204.4,197.95, 198.20,199.4,200.76,70067,140.67,2183, 41130, 58.70,0.587009576548161,2023-06-26
MAYURUNIQ, EQ, 26-Jun-2023,496.1,499.0,499.8,488.2, 490.55,490.05,496.53,36407,180.77,2902, 22070, 60.62,0.6062021039909907,2023-06-26
MAZDA, BE, 26-Jun-2023,895.75,875.0,895.7,875.0, 893.00,891.9,887.96,957,8.5,145, -, -,,2023-06-26
MAZDOCK, EQ, 26-Jun-2023,1173.05,1179.1,1275.8,1176.25, 1262.05,1257.1,1246.4,6437208,80233.51,152651, 739824, 11.49,0.11492932960997998,2023-06-26
MBAPL, EQ, 26-Jun-2023,617.25,617.25,623.95,613.05, 617.00,616.1,616.85,4415,27.23,394, 3021, 68.43,0.6842582106455266,2023-06-26
MBECL, BE, 26-Jun-2023,4.85,4.6,4.65,4.6, 4.60,4.6,4.6,120898,5.56,80, -, -,,2023-06-26
MBLINFRA, BE, 26-Jun-2023,19.9,20.0,20.4,19.75, 19.75,19.75,19.99,86392,17.27,129, -, -,,2023-06-26
MCDOWELL-N, EQ, 26-Jun-2023,906.6,906.05,908.0,896.4, 897.40,901.0,902.55,811669,7325.7,31105, 425275, 52.40,0.523951265848517,2023-06-26
MCL, EQ, 26-Jun-2023,28.5,28.6,29.25,28.1, 28.15,28.35,28.58,7925,2.26,156, 5143, 64.90,0.6489589905362776,2023-06-26
MCLEODRUSS, EQ, 26-Jun-2023,19.4,19.65,19.75,17.8, 17.95,17.95,18.42,1707472,314.54,3043, 1180818, 69.16,0.6915592173693038,2023-06-26
MCX, EQ, 26-Jun-2023,1566.05,1542.0,1665.0,1542.0, 1633.20,1633.4,1622.72,885436,14368.12,55005, 200647, 22.66,0.22660813429767934,2023-06-26
MEDANTA, EQ, 26-Jun-2023,661.0,661.8,678.0,657.5, 673.00,673.25,671.66,940983,6320.24,24676, 699585, 74.35,0.7434618903848422,2023-06-26
MEDICAMEQ, EQ, 26-Jun-2023,674.4,682.1,709.95,682.0, 696.00,696.0,698.38,14493,101.22,1146, 9409, 64.92,0.6492099634306217,2023-06-26
MEDICO, EQ, 26-Jun-2023,64.95,65.0,68.15,65.0, 68.10,68.0,67.48,766371,517.16,1586, 478976, 62.50,0.6249923340001122,2023-06-26
MEDPLUS, EQ, 26-Jun-2023,782.95,789.9,789.9,771.0, 772.10,773.2,778.16,128983,1003.69,5771, 90251, 69.97,0.6997123651954134,2023-06-26
MEGASOFT, EQ, 26-Jun-2023,30.6,30.85,31.65,30.5, 30.50,30.65,31.02,65596,20.35,549, 45376, 69.17,0.6917494969205439,2023-06-26
MEGASTAR, BE, 26-Jun-2023,293.3,293.0,306.0,278.65, 302.80,298.7,291.42,11955,34.84,359, -, -,,2023-06-26
MELSTAR, BZ, 26-Jun-2023,2.65,2.6,2.65,2.6, 2.65,2.65,2.65,1000,0.03,3, -, -,,2023-06-26
MENONBE, EQ, 26-Jun-2023,132.75,133.95,138.35,133.5, 135.75,136.6,135.89,146630,199.26,3441, 68715, 46.86,0.46862852076655526,2023-06-26
MEP, EQ, 26-Jun-2023,12.85,13.2,13.2,12.6, 12.70,12.7,12.74,444458,56.62,724, 342737, 77.11,0.7711347303907231,2023-06-26
METALFORGE, BZ, 26-Jun-2023,2.9,3.0,3.0,2.75, 2.90,2.9,2.76,6380,0.18,28, -, -,,2023-06-26
METROBRAND, EQ, 26-Jun-2023,967.3,960.0,975.0,956.0, 960.00,959.75,961.07,94948,912.52,7652, 55231, 58.17,0.5816973501284913,2023-06-26
METROPOLIS, EQ, 26-Jun-2023,1386.0,1386.0,1447.6,1376.15, 1441.00,1433.35,1428.22,653549,9334.1,34412, 167792, 25.67,0.25673973948395606,2023-06-26
MFL, EQ, 26-Jun-2023,1136.5,1145.0,1145.05,1111.0, 1126.00,1115.6,1126.37,60347,679.73,8253, 23301, 38.61,0.38611695693240755,2023-06-26
MFSL, EQ, 26-Jun-2023,747.4,748.0,757.2,732.0, 747.50,745.8,746.17,718629,5362.17,28024, 137112, 19.08,0.19079664193902557,2023-06-26
MGEL, BE, 26-Jun-2023,18.8,19.05,19.4,18.8, 19.25,19.25,19.15,52605,10.07,138, -, -,,2023-06-26
MGL, EQ, 26-Jun-2023,1016.55,1011.0,1034.9,1010.0, 1030.05,1029.3,1026.6,223902,2298.57,12124, 94164, 42.06,0.42055899456012,2023-06-26
MHLXMIRU, BE, 26-Jun-2023,188.65,180.25,197.8,179.25, 196.00,189.9,188.21,41400,77.92,433, -, -,,2023-06-26
MHRIL, EQ, 26-Jun-2023,288.75,290.95,295.7,286.75, 295.70,295.0,291.54,142690,415.99,5215, 80942, 56.73,0.5672576914990539,2023-06-26
MID150BEES, EQ, 26-Jun-2023,133.82,136.0,136.0,133.02, 134.08,134.37,134.24,186382,250.2,3150, 114657, 61.52,0.6151720659720359,2023-06-26
MIDHANI, EQ, 26-Jun-2023,280.8,279.85,289.0,272.3, 287.00,287.0,280.9,1606354,4512.3,25728, 422902, 26.33,0.26326824597815923,2023-06-26
MINDACORP, EQ, 26-Jun-2023,282.1,282.0,289.9,281.3, 289.70,287.95,285.85,1796270,5134.57,9645, 1228092, 68.37,0.6836900911332929,2023-06-26
MINDTECK, BE, 26-Jun-2023,146.85,150.45,154.15,139.5, 144.00,143.4,143.53,38443,55.18,553, -, -,,2023-06-26
MIRCELECTR, EQ, 26-Jun-2023,15.85,15.8,16.35,15.4, 15.55,15.55,15.85,781754,123.94,1524, 472159, 60.40,0.6039738843677167,2023-06-26
MIRZAINT, BE, 26-Jun-2023,50.15,51.05,51.1,49.5, 50.50,50.25,50.19,96804,48.59,1542, -, -,,2023-06-26
MITCON, EQ, 26-Jun-2023,70.0,70.0,70.0,68.3, 68.60,68.65,69.23,12087,8.37,347, 2540, 21.01,0.21014312898155044,2023-06-26
MITTAL, BE, 26-Jun-2023,13.95,14.2,14.5,13.85, 14.20,14.4,14.23,290806,41.39,207, -, -,,2023-06-26
MKPL, EQ, 26-Jun-2023,626.1,626.1,657.4,626.1, 656.45,656.8,655.52,5622,36.85,143, 2690, 47.85,0.47847741017431517,2023-06-26
MMFL, EQ, 26-Jun-2023,902.65,909.4,934.95,903.0, 921.00,920.3,921.32,108882,1003.15,7988, 49315, 45.29,0.45292151136092285,2023-06-26
MMTC, EQ, 26-Jun-2023,31.9,32.05,32.15,31.75, 31.85,31.9,31.91,771690,246.28,2424, 314246, 40.72,0.4072179242960256,2023-06-26
MODIRUBBER, BE, 26-Jun-2023,63.5,63.0,63.0,62.3, 62.95,62.95,62.36,214,0.13,12, -, -,,2023-06-26
MODISONLTD, EQ, 26-Jun-2023,68.85,67.85,69.95,67.85, 69.30,68.8,68.9,43416,29.92,334, 35220, 81.12,0.8112216694306247,2023-06-26
MOGSEC, EQ, 26-Jun-2023,52.29,52.31,52.38,52.24, 52.38,52.35,52.33,12038,6.3,72, 9649, 80.15,0.801545107160658,2023-06-26
MOHEALTH, EQ, 26-Jun-2023,25.05,25.26,25.78,24.63, 25.44,25.42,25.46,13305,3.39,104, 8961, 67.35,0.6735062006764374,2023-06-26
MOHITIND, EQ, 26-Jun-2023,14.65,15.05,15.05,14.5, 14.75,14.9,14.68,3704,0.54,57, 2483, 67.04,0.6703563714902808,2023-06-26
MOIL, EQ, 26-Jun-2023,163.6,164.05,164.05,162.1, 163.45,163.1,162.91,63699,103.77,2921, 35487, 55.71,0.5571045071351198,2023-06-26
MOKSH, EQ, 26-Jun-2023,10.85,10.8,10.85,10.7, 10.75,10.75,10.74,57896,6.22,254, 46784, 80.81,0.8080696421168992,2023-06-26
MOL, EQ, 26-Jun-2023,91.0,91.15,93.5,89.25, 92.80,93.15,91.8,1101725,1011.36,8337, 537904, 48.82,0.48823799042410765,2023-06-26
MOLDTECH, EQ, 26-Jun-2023,306.2,305.2,315.35,297.6, 308.35,308.15,307.73,87991,270.77,5640, 42201, 47.96,0.47960586878203454,2023-06-26
MOLDTKPAC, EQ, 26-Jun-2023,1016.6,1046.6,1046.6,1022.1, 1029.00,1029.9,1028.45,105977,1089.92,6292, 81872, 77.25,0.7725449861762458,2023-06-26
MOLOWVOL, EQ, 26-Jun-2023,26.5,26.77,27.25,26.57, 26.74,26.74,26.69,1514,0.4,54, 1459, 96.37,0.9636723910171731,2023-06-26
MOM100, EQ, 26-Jun-2023,36.99,38.1,38.1,36.69, 37.26,37.17,37.05,83076,30.78,1192, 47876, 57.63,0.5762915884250566,2023-06-26
MOM50, EQ, 26-Jun-2023,188.98,189.25,189.54,186.88, 186.88,187.47,188.22,1702,3.2,67, 1166, 68.51,0.6850763807285546,2023-06-26
MOMENTUM, EQ, 26-Jun-2023,20.85,20.95,21.02,20.7, 20.80,20.89,20.82,818,0.17,47, 554, 67.73,0.6772616136919315,2023-06-26
MOMOMENTUM, EQ, 26-Jun-2023,41.91,41.91,42.19,41.8, 41.80,42.01,41.97,17332,7.27,120, 14710, 84.87,0.8487191322409416,2023-06-26
MON100, EQ, 26-Jun-2023,118.75,118.5,119.98,118.07, 119.40,118.43,118.54,315545,374.06,4862, 175263, 55.54,0.555429495000713,2023-06-26
MONARCH, EQ, 26-Jun-2023,233.6,230.1,239.0,230.1, 235.00,235.3,236.69,52497,124.25,1994, 11009, 20.97,0.2097072213650304,2023-06-26
MONQ50, EQ, 26-Jun-2023,52.94,52.66,53.97,52.6, 53.22,52.71,52.87,11827,6.25,225, 8468, 71.60,0.7159888390969815,2023-06-26
MONTECARLO, EQ, 26-Jun-2023,802.35,803.3,812.35,799.55, 809.40,807.85,805.69,17731,142.86,1529, 9802, 55.28,0.5528170999943601,2023-06-26
MOQUALITY, EQ, 26-Jun-2023,129.22,130.0,130.18,130.0, 130.18,130.18,130.02,23,0.03,3, 23, 100.00,1.0,2023-06-26
MORARJEE, EQ, 26-Jun-2023,18.75,19.1,19.3,18.7, 19.10,18.85,18.94,2761,0.52,68, 1500, 54.33,0.5432814197754436,2023-06-26
MOREPENLAB, EQ, 26-Jun-2023,29.7,29.8,31.0,29.5, 30.75,30.55,30.29,5145920,1558.93,8861, 1149004, 22.33,0.22328446614016542,2023-06-26
MOTHERSON, EQ, 26-Jun-2023,83.1,83.1,85.2,82.95, 84.95,84.85,84.15,13763184,11582.4,46466, 5879717, 42.72,0.42720616101623,2023-06-26
MOTILALOFS, EQ, 26-Jun-2023,673.6,674.25,695.9,674.0, 684.30,684.8,683.84,141779,969.54,8703, 59480, 41.95,0.4195261639594016,2023-06-26
MOTOGENFIN, EQ, 26-Jun-2023,32.0,32.0,34.0,31.65, 33.00,32.45,32.68,3469,1.13,47, 2341, 67.48,0.6748342461804555,2023-06-26
MOVALUE, EQ, 26-Jun-2023,52.63,52.51,52.57,52.31, 52.57,52.57,52.48,48,0.03,7, 46, 95.83,0.9583333333333334,2023-06-26
MPHASIS, EQ, 26-Jun-2023,1831.05,1828.0,1839.05,1807.6, 1812.70,1814.0,1821.8,1020207,18586.16,36431, 781471, 76.60,0.7659925877787547,2023-06-26
MPSLTD, EQ, 26-Jun-2023,1071.85,1072.95,1130.0,1069.3, 1106.00,1108.6,1105.01,16764,185.24,2817, 6870, 40.98,0.4098067287043665,2023-06-26
MRF, EQ, 26-Jun-2023,99492.05,99799.95,100079.9,99071.8, 99758.50,99954.65,99761.24,3699,3690.17,2625, 1195, 32.31,0.3230602865639362,2023-06-26
MRO-TEK, EQ, 26-Jun-2023,53.7,55.5,55.5,52.8, 53.20,53.8,54.2,7989,4.33,473, 2925, 36.61,0.36612842658655653,2023-06-26
MRPL, EQ, 26-Jun-2023,76.7,76.7,77.5,75.75, 76.80,77.0,76.73,3612446,2771.68,14478, 1215057, 33.64,0.3363529863145359,2023-06-26
MSPL, EQ, 26-Jun-2023,8.6,8.6,8.7,8.35, 8.40,8.4,8.5,656994,55.84,1254, 385036, 58.61,0.5860571025001751,2023-06-26
MSTCLTD, EQ, 26-Jun-2023,349.65,352.0,357.9,341.65, 343.35,344.6,348.92,535219,1867.51,14665, 254029, 47.46,0.4746262744782977,2023-06-26
MSUMI, EQ, 26-Jun-2023,56.55,56.05,56.95,55.9, 56.90,56.75,56.47,2579253,1456.42,27760, 1441549, 55.89,0.5589017440320899,2023-06-26
MTARTECH, EQ, 26-Jun-2023,1916.85,1918.65,1949.9,1902.25, 1942.80,1941.3,1928.91,153761,2965.92,13637, 54813, 35.65,0.35648181268332024,2023-06-26
MTEDUCARE, BE, 26-Jun-2023,4.25,4.25,4.25,4.1, 4.15,4.15,4.19,27938,1.17,47, -, -,,2023-06-26
MTNL, EQ, 26-Jun-2023,19.8,19.95,20.1,19.6, 19.80,19.7,19.76,819141,161.87,1602, 384358, 46.92,0.469220805697676,2023-06-26
MUKANDLTD, EQ, 26-Jun-2023,126.45,126.95,128.0,125.0, 126.00,125.8,126.11,128771,162.39,1620, 95372, 74.06,0.7406325958484441,2023-06-26
MUKTAARTS, EQ, 26-Jun-2023,49.45,50.95,50.95,48.7, 49.55,49.05,49.17,2312,1.14,45, 1684, 72.84,0.7283737024221453,2023-06-26
MUNJALAU, EQ, 26-Jun-2023,52.3,52.5,52.9,51.7, 52.00,51.95,52.15,108133,56.39,957, 68197, 63.07,0.63067703661232,2023-06-26
MUNJALSHOW, EQ, 26-Jun-2023,133.35,134.1,134.1,130.85, 131.50,132.15,132.1,62736,82.87,1426, 34345, 54.75,0.547452818158633,2023-06-26
MURUDCERA, BE, 26-Jun-2023,41.9,43.75,43.75,40.0, 40.20,40.65,41.22,79824,32.9,336, -, -,,2023-06-26
MUTHOOTCAP, EQ, 26-Jun-2023,379.15,379.15,387.95,377.1, 380.00,379.25,382.41,35084,134.17,3880, 13370, 38.11,0.3810853950518755,2023-06-26
MUTHOOTFIN, EQ, 26-Jun-2023,1221.85,1220.7,1240.0,1200.0, 1235.75,1237.75,1230.69,455204,5602.16,20064, 230969, 50.74,0.5073966836846776,2023-06-26
NACLIND, EQ, 26-Jun-2023,94.7,95.9,96.75,94.25, 94.85,95.2,95.1,60095,57.15,677, 43880, 73.02,0.7301772194026125,2023-06-26
NAGAFERT, EQ, 26-Jun-2023,9.75,9.55,9.95,9.5, 9.90,9.75,9.69,599672,58.09,1000, 336192, 56.06,0.5606264758067744,2023-06-26
NAGREEKCAP, EQ, 26-Jun-2023,19.9,19.85,21.0,19.3, 20.00,19.85,19.9,9525,1.9,121, 6269, 65.82,0.6581627296587926,2023-06-26
NAGREEKEXP, BE, 26-Jun-2023,49.7,48.75,49.0,47.35, 47.60,47.75,47.89,4179,2.0,92, -, -,,2023-06-26
NAHARCAP, EQ, 26-Jun-2023,303.05,307.0,307.0,296.0, 297.80,296.25,300.3,5045,15.15,462, 3351, 66.42,0.6642220019821605,2023-06-26
NAHARINDUS, EQ, 26-Jun-2023,126.55,124.65,129.45,124.65, 128.00,128.0,128.07,40329,51.65,1267, 22302, 55.30,0.5530015621513055,2023-06-26
NAHARPOLY, EQ, 26-Jun-2023,250.65,250.65,253.2,247.0, 249.10,248.55,249.86,8600,21.49,798, 5350, 62.21,0.622093023255814,2023-06-26
NAHARSPING, EQ, 26-Jun-2023,275.4,275.4,277.8,270.25, 271.70,271.95,273.65,16034,43.88,1129, 10441, 65.12,0.6511787451665212,2023-06-26
NAM-INDIA, EQ, 26-Jun-2023,250.5,250.95,257.95,249.8, 256.75,256.0,253.35,326263,826.59,6539, 173507, 53.18,0.5318010316830287,2023-06-26
NARMADA, EQ, 26-Jun-2023,19.75,19.55,20.3,19.55, 19.85,19.85,19.91,3560,0.71,72, 2435, 68.40,0.6839887640449438,2023-06-26
NATCOPHARM, EQ, 26-Jun-2023,674.0,680.9,705.0,678.1, 695.00,695.45,695.46,3262483,22689.38,94400, 952537, 29.20,0.2919668853446899,2023-06-26
NATHBIOGEN, EQ, 26-Jun-2023,185.05,184.0,192.95,184.0, 187.50,188.4,190.17,47305,89.96,1501, 23191, 49.02,0.49024416023676143,2023-06-26
NATIONALUM, EQ, 26-Jun-2023,81.4,81.5,82.75,80.65, 82.60,82.5,81.84,7554623,6182.37,18400, 3964413, 52.48,0.5247664906640609,2023-06-26
NAUKRI, EQ, 26-Jun-2023,4306.9,4300.0,4421.95,4270.15, 4403.55,4407.6,4382.02,261675,11466.66,31743, 78366, 29.95,0.2994783605617655,2023-06-26
NAVA, EQ, 26-Jun-2023,320.9,319.0,326.7,318.45, 323.00,322.55,322.76,309021,997.4,5569, 121985, 39.47,0.3947466353419347,2023-06-26
NAVINFLUOR, EQ, 26-Jun-2023,4458.5,4445.05,4482.9,4403.85, 4482.00,4457.3,4444.07,66389,2950.37,10167, 26063, 39.26,0.39258009610025757,2023-06-26
NAVKARCORP, EQ, 26-Jun-2023,55.0,54.5,55.3,54.1, 54.90,54.7,54.6,233671,127.57,1933, 110234, 47.17,0.4717487407508848,2023-06-26
NAVNETEDUL, EQ, 26-Jun-2023,123.05,123.05,123.5,121.1, 121.90,121.6,122.24,67850,82.94,992, 39052, 57.56,0.5755637435519528,2023-06-26
NAZARA, EQ, 26-Jun-2023,685.85,680.35,695.0,675.0, 680.00,683.9,685.32,167141,1145.45,9596, 58956, 35.27,0.3527321243740315,2023-06-26
NBCC, EQ, 26-Jun-2023,39.7,39.7,39.8,39.05, 39.70,39.7,39.4,4067332,1602.66,10544, 2078370, 51.10,0.5109909886874245,2023-06-26
NBIFIN, EQ, 26-Jun-2023,1453.9,1470.0,1580.0,1400.0, 1465.00,1466.1,1465.15,1731,25.36,493, 720, 41.59,0.41594454072790293,2023-06-26
NCC, EQ, 26-Jun-2023,119.45,119.4,119.95,117.4, 118.40,118.8,118.86,1897097,2254.97,15546, 757446, 39.93,0.39926582562726104,2023-06-26
NCLIND, EQ, 26-Jun-2023,205.45,206.3,206.3,200.8, 201.40,201.8,202.49,52908,107.13,2417, 25823, 48.81,0.4880736372571256,2023-06-26
NDGL, BE, 26-Jun-2023,1750.0,1750.0,1789.0,1701.5, 1721.20,1748.1,1761.15,186,3.28,27, -, -,,2023-06-26
NDL, EQ, 26-Jun-2023,20.4,20.4,20.45,20.05, 20.40,20.2,20.24,50604,10.24,333, 36946, 73.01,0.7301003873211603,2023-06-26
NDLVENTURE, BE, 26-Jun-2023,119.55,119.55,119.55,117.0, 119.55,118.05,118.64,3210,3.81,33, -, -,,2023-06-26
NDRAUTO, BE, 26-Jun-2023,797.9,810.0,818.0,784.0, 800.00,800.0,797.93,6020,48.04,420, -, -,,2023-06-26
NDTV, EQ, 26-Jun-2023,214.2,214.25,224.9,209.75, 224.90,224.9,219.06,485981,1064.57,21842, 256422, 52.76,0.5276379117702132,2023-06-26
NECCLTD, EQ, 26-Jun-2023,18.85,18.6,18.9,18.55, 18.65,18.7,18.71,23005,4.3,156, 19220, 83.55,0.8354705498804608,2023-06-26
NECLIFE, EQ, 26-Jun-2023,19.05,19.0,19.15,18.65, 18.85,18.8,18.84,186587,35.16,645, 110501, 59.22,0.5922223949149726,2023-06-26
NECLTD-RE, BE, 26-Jun-2023,0.35,0.35,0.4,0.3, 0.30,0.3,0.34,303466,1.02,103, -, -,,2023-06-26
NELCAST, EQ, 26-Jun-2023,91.05,91.1,91.95,90.4, 91.25,91.2,91.12,77647,70.75,1050, 34012, 43.80,0.4380336651770191,2023-06-26
NELCO, EQ, 26-Jun-2023,720.25,723.4,752.8,714.55, 724.00,726.6,730.4,217503,1588.63,9459, 52589, 24.18,0.24178517077925363,2023-06-26
NEOGEN, EQ, 26-Jun-2023,1639.0,1645.0,1705.65,1610.0, 1615.00,1621.55,1661.03,176008,2923.55,22619, 46595, 26.47,0.2647322848961411,2023-06-26
NESCO, EQ, 26-Jun-2023,622.6,629.85,629.9,613.05, 617.00,616.8,617.24,63855,394.14,5861, 38392, 60.12,0.601237177981364,2023-06-26
NESTLEIND, EQ, 26-Jun-2023,22536.85,22520.05,22700.0,22505.0, 22505.00,22630.8,22594.75,35015,7911.55,12788, 20900, 59.69,0.5968870484078252,2023-06-26
NETF, EQ, 26-Jun-2023,196.74,199.98,199.98,194.0, 199.80,199.04,196.67,973,1.91,64, 605, 62.18,0.6217882836587872,2023-06-26
NETWORK18, EQ, 26-Jun-2023,63.15,63.1,63.6,62.55, 63.05,63.3,63.05,685823,432.42,2621, 302173, 44.06,0.4405991050168921,2023-06-26
NEULANDLAB, EQ, 26-Jun-2023,2786.65,2800.0,2889.75,2774.95, 2862.35,2870.1,2834.33,13272,376.17,2637, 8407, 63.34,0.6334388185654009,2023-06-26
NEWGEN, EQ, 26-Jun-2023,642.45,644.95,648.0,620.7, 625.00,627.45,633.67,111234,704.85,6954, 57320, 51.53,0.5153100670658252,2023-06-26
NEXTMEDIA, EQ, 26-Jun-2023,5.1,5.1,5.25,5.1, 5.10,5.25,5.16,3925,0.2,19, 3925, 100.00,1.0,2023-06-26
NFL, EQ, 26-Jun-2023,70.1,70.45,70.7,69.7, 69.85,69.95,70.14,1122289,787.15,4262, 322377, 28.72,0.28724954089365573,2023-06-26
NGIL, BE, 26-Jun-2023,57.0,58.7,58.7,55.1, 56.80,56.8,56.54,11947,6.75,30, -, -,,2023-06-26
NGLFINE, EQ, 26-Jun-2023,1676.4,1701.55,1701.55,1630.0, 1654.00,1655.3,1654.47,2285,37.8,436, 1575, 68.93,0.6892778993435449,2023-06-26
NH, EQ, 26-Jun-2023,977.7,981.55,1020.0,980.0, 1010.00,1010.7,1005.39,677229,6808.77,31198, 409244, 60.43,0.60429190126235,2023-06-26
NHPC, EQ, 26-Jun-2023,45.55,45.85,45.95,45.3, 45.65,45.55,45.61,11922249,5437.36,16367, 5008369, 42.01,0.4200859250632997,2023-06-26
NIACL, EQ, 26-Jun-2023,114.35,114.85,117.35,114.05, 116.40,116.55,116.08,439334,509.98,4837, 170506, 38.81,0.38810108027150186,2023-06-26
NIBL, BE, 26-Jun-2023,23.8,23.8,24.0,22.7, 23.45,23.0,23.3,15729,3.66,87, -, -,,2023-06-26
NIF100BEES, EQ, 26-Jun-2023,193.9,195.88,195.88,193.01, 193.78,194.18,194.03,2746,5.33,174, 1482, 53.97,0.5396941005098325,2023-06-26
NIFTYBEES, EQ, 26-Jun-2023,204.98,206.25,206.25,204.52, 205.31,205.17,205.0,2217566,4546.11,25592, 1707044, 76.98,0.7697827257452541,2023-06-26
NIFTYQLITY, EQ, 26-Jun-2023,15.43,15.43,16.09,15.1, 15.52,15.5,15.48,17350,2.69,350, 11322, 65.26,0.6525648414985591,2023-06-26
NIITLTD, EQ, 26-Jun-2023,86.1,86.9,87.9,85.5, 87.25,87.3,86.32,431647,372.61,2738, 254426, 58.94,0.5894307153762218,2023-06-26
NILAINFRA, EQ, 26-Jun-2023,5.8,5.9,5.9,5.6, 5.65,5.65,5.72,386893,22.12,478, 290161, 75.00,0.7499773839278561,2023-06-26
NILASPACES, EQ, 26-Jun-2023,3.05,3.05,3.15,2.95, 3.00,3.0,3.0,324734,9.73,358, 200316, 61.69,0.6168618007353711,2023-06-26
NILKAMAL, EQ, 26-Jun-2023,2412.45,2401.0,2424.55,2401.0, 2401.00,2403.25,2406.67,1604,38.6,372, 770, 48.00,0.4800498753117207,2023-06-26
NIPPOBATRY, EQ, 26-Jun-2023,393.95,394.9,395.6,390.0, 390.90,390.85,392.15,1649,6.47,287, 1007, 61.07,0.6106731352334749,2023-06-26
NIRAJ, EQ, 26-Jun-2023,30.1,30.7,30.7,29.5, 30.25,30.05,30.28,4729,1.43,146, 3549, 75.05,0.7504757876929583,2023-06-26
NITCO, EQ, 26-Jun-2023,18.3,19.15,19.15,18.15, 18.30,18.25,18.37,34157,6.28,267, 24380, 71.38,0.7137629182890769,2023-06-26
NITINSPIN, EQ, 26-Jun-2023,265.15,269.15,269.15,259.0, 260.20,260.85,264.12,109252,288.55,3753, 74618, 68.30,0.682989785084026,2023-06-26
NITIRAJ, EQ, 26-Jun-2023,84.55,83.5,86.0,82.1, 83.90,83.9,84.83,10047,8.52,211, 7680, 76.44,0.7644072857569424,2023-06-26
NKIND, EQ, 26-Jun-2023,39.6,40.7,42.85,38.55, 38.80,38.8,39.88,1006,0.4,66, 301, 29.92,0.2992047713717694,2023-06-26
NLCINDIA, EQ, 26-Jun-2023,97.45,97.8,98.6,96.5, 98.00,98.2,97.56,869210,847.99,7391, 366153, 42.12,0.42124802982018156,2023-06-26
NMDC, EQ, 26-Jun-2023,104.7,104.8,105.05,103.8, 104.90,104.8,104.29,6045536,6304.83,27335, 3532443, 58.43,0.5843060069446282,2023-06-26
NOCIL, EQ, 26-Jun-2023,220.5,219.0,220.4,216.05, 217.35,217.55,217.72,383303,834.53,5897, 202363, 52.79,0.5279452547984231,2023-06-26
NOIDATOLL, EQ, 26-Jun-2023,6.85,6.9,6.9,6.75, 6.75,6.75,6.76,128903,8.72,145, 115378, 89.51,0.8950761425257752,2023-06-26
NOVARTIND, EQ, 26-Jun-2023,807.45,815.4,824.0,805.95, 809.00,808.0,812.05,13285,107.88,1825, 7007, 52.74,0.5274369589762891,2023-06-26
NPBET, EQ, 26-Jun-2023,227.59,234.4,234.4,226.4, 227.86,227.07,226.94,637,1.45,29, 546, 85.71,0.8571428571428571,2023-06-26
NRAIL, EQ, 26-Jun-2023,296.85,298.5,298.5,289.25, 295.30,295.1,293.34,8110,23.79,640, 4901, 60.43,0.6043156596794081,2023-06-26
NRBBEARING, EQ, 26-Jun-2023,180.6,180.5,184.6,177.15, 183.80,183.65,181.79,274686,499.35,5621, 133202, 48.49,0.4849246048215053,2023-06-26
NRL, EQ, 26-Jun-2023,110.75,110.75,112.95,110.0, 110.50,111.15,111.1,105957,117.72,671, 89455, 84.43,0.8442575761865663,2023-06-26
NSIL, EQ, 26-Jun-2023,2255.85,2253.65,2311.0,2250.0, 2252.55,2267.2,2267.73,1017,23.06,242, 656, 64.50,0.6450344149459194,2023-06-26
NSLNISP, EQ, 26-Jun-2023,42.85,42.95,42.95,42.0, 42.65,42.65,42.42,3096413,1313.46,21923, 1487703, 48.05,0.4804601324177363,2023-06-26
NTPC, EQ, 26-Jun-2023,186.7,187.4,187.4,184.45, 185.30,184.9,185.09,7231775,13385.24,72400, 4511347, 62.38,0.6238229203757031,2023-06-26
NUCLEUS, EQ, 26-Jun-2023,1027.75,1002.0,1039.0,1002.0, 1017.50,1014.95,1018.44,59026,601.14,4331, 27751, 47.01,0.4701487480093518,2023-06-26
NURECA, BE, 26-Jun-2023,369.45,369.45,375.0,362.55, 373.10,372.6,370.62,10235,37.93,465, -, -,,2023-06-26
NUVOCO, EQ, 26-Jun-2023,349.0,350.0,354.45,343.0, 343.75,344.0,346.33,128844,446.23,5883, 82125, 63.74,0.6373987147247835,2023-06-26
NV20BEES, EQ, 26-Jun-2023,108.51,109.98,120.0,108.07, 120.00,109.96,108.73,6602,7.18,254, 5926, 89.76,0.897606785822478,2023-06-26
NYKAA, EQ, 26-Jun-2023,148.9,149.7,150.5,147.65, 148.40,148.9,149.64,5401251,8082.22,44699, 2840947, 52.60,0.5259794443916789,2023-06-26
OAL, EQ, 26-Jun-2023,345.9,345.9,349.3,340.55, 344.20,342.75,344.91,12855,44.34,674, 8670, 67.44,0.6744457409568262,2023-06-26
OBCL, EQ, 26-Jun-2023,53.65,54.3,54.3,52.65, 53.45,53.0,53.51,16540,8.85,269, 10326, 62.43,0.6243047158403869,2023-06-26
OBEROIRLTY, EQ, 26-Jun-2023,983.95,983.9,988.5,977.5, 982.30,982.3,981.67,290340,2850.18,12714, 158246, 54.50,0.5450368533443549,2023-06-26
OCCL, EQ, 26-Jun-2023,801.0,788.4,815.2,788.4, 800.05,801.25,803.85,2129,17.11,265, 1118, 52.51,0.525129168623767,2023-06-26
OFSS, EQ, 26-Jun-2023,3813.25,3809.95,3853.25,3788.65, 3830.00,3827.35,3820.16,50325,1922.5,7080, 21239, 42.20,0.4220367610531545,2023-06-26
OIL, EQ, 26-Jun-2023,243.75,244.0,245.75,240.8, 241.80,241.65,242.91,857663,2083.37,12588, 545749, 63.63,0.6363210258574755,2023-06-26
OILCOUNTUB, BE, 26-Jun-2023,26.8,25.5,25.5,25.5, 25.50,25.5,25.5,18800,4.79,94, -, -,,2023-06-26
OLECTRA, EQ, 26-Jun-2023,920.85,923.45,941.5,907.25, 934.15,933.4,926.37,1029527,9537.27,32128, 225599, 21.91,0.21912878438350816,2023-06-26
OMAXAUTO, BE, 26-Jun-2023,54.45,55.95,55.95,53.5, 54.95,54.8,54.47,16529,9.0,107, -, -,,2023-06-26
OMAXE, EQ, 26-Jun-2023,51.0,51.3,51.3,50.05, 50.30,50.2,50.71,144520,73.28,508, 36645, 25.36,0.2535635206199834,2023-06-26
OMINFRAL, EQ, 26-Jun-2023,46.25,46.25,48.4,46.2, 47.00,47.1,47.1,180776,85.15,1063, 106499, 58.91,0.5891213435411781,2023-06-26
OMKARCHEM, BZ, 26-Jun-2023,8.4,8.75,8.8,8.75, 8.80,8.8,8.79,9735,0.86,23, -, -,,2023-06-26
ONELIFECAP, EQ, 26-Jun-2023,12.05,12.05,12.35,11.95, 12.20,12.1,12.07,3554,0.43,133, 2431, 68.40,0.6840180078784468,2023-06-26
ONEPOINT, EQ, 26-Jun-2023,21.7,22.2,22.2,20.95, 21.60,21.4,21.62,571986,123.65,1063, 319078, 55.78,0.5578423248121458,2023-06-26
ONGC, EQ, 26-Jun-2023,156.9,157.0,158.25,155.85, 157.45,156.9,157.17,4273205,6715.99,45029, 2137979, 50.03,0.5003221235583127,2023-06-26
ONMOBILE, EQ, 26-Jun-2023,75.25,75.45,75.6,74.25, 74.40,74.45,74.65,299252,223.39,2029, 153922, 51.44,0.5143557937791561,2023-06-26
ONWARDTEC, EQ, 26-Jun-2023,479.8,485.7,502.8,480.15, 481.90,484.6,493.05,110772,546.16,13723, 19161, 17.30,0.1729769255768606,2023-06-26
OPTIEMUS, EQ, 26-Jun-2023,217.35,218.0,223.4,216.3, 221.70,220.9,219.6,233774,513.37,3266, 167263, 71.55,0.715490174270877,2023-06-26
ORBTEXP, EQ, 26-Jun-2023,179.65,178.2,189.65,177.1, 183.00,185.7,184.1,39151,72.08,1743, 16932, 43.25,0.43247937472861486,2023-06-26
ORCHPHARMA, BE, 26-Jun-2023,470.0,493.5,493.5,483.05, 493.50,493.5,493.03,99602,491.07,544, -, -,,2023-06-26
ORICONENT, EQ, 26-Jun-2023,24.55,24.55,25.0,24.3, 24.50,24.6,24.59,86777,21.34,624, 58180, 67.05,0.6704541525980386,2023-06-26
ORIENTABRA, EQ, 26-Jun-2023,28.7,28.55,29.0,28.55, 28.80,28.65,28.72,11622,3.34,162, 8605, 74.04,0.7404061263121666,2023-06-26
ORIENTALTL, EQ, 26-Jun-2023,6.2,6.2,6.3,5.95, 6.00,6.0,6.1,69200,4.22,201, 47273, 68.31,0.683135838150289,2023-06-26
ORIENTBELL, EQ, 26-Jun-2023,525.55,535.0,544.0,523.4, 525.00,527.05,531.74,15733,83.66,1376, 8053, 51.19,0.5118540647047607,2023-06-26
ORIENTCEM, EQ, 26-Jun-2023,132.45,133.7,133.7,125.1, 130.15,130.2,129.54,667213,864.29,7962, 380782, 57.07,0.5707053070009127,2023-06-26
ORIENTELEC, EQ, 26-Jun-2023,234.7,235.9,238.9,234.0, 237.05,237.5,235.39,146081,343.87,5574, 120110, 82.22,0.8222150724597997,2023-06-26
ORIENTHOT, EQ, 26-Jun-2023,89.45,89.7,90.5,89.0, 89.45,89.25,89.42,108490,97.02,1555, 54060, 49.83,0.49829477371186287,2023-06-26
ORIENTLTD, EQ, 26-Jun-2023,63.1,63.1,64.25,62.75, 63.90,63.25,63.57,403,0.26,34, 195, 48.39,0.4838709677419355,2023-06-26
ORIENTPPR, EQ, 26-Jun-2023,40.8,40.55,40.8,40.25, 40.75,40.65,40.51,627676,254.25,2659, 291883, 46.50,0.46502176282030855,2023-06-26
ORISSAMINE, EQ, 26-Jun-2023,3287.5,3336.8,3551.95,3236.0, 3387.15,3391.5,3427.78,143436,4916.67,20126, 30628, 21.35,0.2135307733065618,2023-06-26
ORTEL, BZ, 26-Jun-2023,1.1,1.1,1.1,1.05, 1.05,1.05,1.05,1188,0.01,9, -, -,,2023-06-26
ORTINLAB, BE, 26-Jun-2023,23.45,23.45,23.6,22.9, 23.05,23.1,23.13,7885,1.82,46, -, -,,2023-06-26
OSIAHYPER, BE, 26-Jun-2023,32.3,31.5,32.7,31.0, 31.60,31.6,32.08,27922,8.96,77, -, -,,2023-06-26
OSWALAGRO, EQ, 26-Jun-2023,30.6,31.05,31.45,30.45, 30.80,30.6,30.89,37395,11.55,316, 26676, 71.34,0.7133574007220217,2023-06-26
OSWALGREEN, EQ, 26-Jun-2023,21.4,21.4,22.8,21.35, 22.00,22.0,22.06,149375,32.96,535, 106254, 71.13,0.7113238493723849,2023-06-26
OSWALSEEDS, EQ, 26-Jun-2023,358.5,358.5,365.65,358.5, 358.55,361.05,362.92,8008,29.06,272, 1622, 20.25,0.20254745254745254,2023-06-26
PAGEIND, EQ, 26-Jun-2023,37676.5,37676.5,38013.6,37640.0, 37800.00,37851.15,37852.36,10126,3832.93,5324, 4913, 48.52,0.48518664823227337,2023-06-26
PAISALO, EQ, 26-Jun-2023,49.4,49.95,50.25,48.85, 49.60,49.35,49.38,1220427,602.67,1540, 1081491, 88.62,0.8861578775297498,2023-06-26
PALASHSECU, BE, 26-Jun-2023,115.4,117.0,118.7,109.65, 115.00,112.25,113.67,6267,7.12,63, -, -,,2023-06-26
PALREDTEC, EQ, 26-Jun-2023,132.9,135.4,136.0,133.25, 133.60,134.45,134.23,9007,12.09,266, 6176, 68.57,0.6856889086266237,2023-06-26
PANACEABIO, EQ, 26-Jun-2023,127.8,127.8,129.0,127.1, 127.60,127.6,127.9,27460,35.12,866, 16941, 61.69,0.6169337217771304,2023-06-26
PANACHE, EQ, 26-Jun-2023,60.25,61.5,62.5,61.15, 61.25,61.35,61.7,6021,3.71,90, 4582, 76.10,0.7610031556219897,2023-06-26
PANAMAPET, EQ, 26-Jun-2023,288.0,288.0,289.35,283.8, 287.95,286.75,286.55,76765,219.97,3392, 58094, 75.68,0.7567771770989383,2023-06-26
PANSARI, EQ, 26-Jun-2023,85.75,85.75,89.8,85.75, 85.85,89.8,89.65,727,0.65,8, 726, 99.86,0.9986244841815681,2023-06-26
PAR, BE, 26-Jun-2023,210.45,210.45,216.0,201.0, 208.90,204.85,204.03,11464,23.39,216, -, -,,2023-06-26
PARACABLES, EQ, 26-Jun-2023,36.55,36.0,36.95,35.6, 36.15,36.2,36.19,222287,80.45,1284, 170052, 76.50,0.7650109992937059,2023-06-26
PARADEEP, EQ, 26-Jun-2023,62.05,62.4,63.85,61.1, 61.75,61.65,62.31,4903656,3055.24,38318, 2502346, 51.03,0.5103021092833592,2023-06-26
PARAGMILK, EQ, 26-Jun-2023,120.4,122.0,139.9,122.0, 136.80,137.7,132.85,17834293,23693.07,102610, 3500667, 19.63,0.1962885212214468,2023-06-26
PARAS, EQ, 26-Jun-2023,609.55,609.95,627.8,607.0, 626.50,624.0,619.34,403858,2501.27,15036, 104548, 25.89,0.25887316829182533,2023-06-26
PARASPETRO, BE, 26-Jun-2023,0.8,0.85,0.85,0.8, 0.85,0.8,0.82,201802,1.66,208, -, -,,2023-06-26
PARSVNATH, EQ, 26-Jun-2023,8.1,8.3,8.3,8.05, 8.10,8.1,8.13,117381,9.55,331, 84157, 71.70,0.7169558957582572,2023-06-26
PASUPTAC, EQ, 26-Jun-2023,31.8,31.6,32.5,31.25, 31.25,31.4,31.64,47892,15.15,453, 30430, 63.54,0.6353879562348618,2023-06-26
PATANJALI, BE, 26-Jun-2023,1181.85,1165.15,1199.0,1150.1, 1187.00,1191.0,1182.13,153443,1813.9,4462, -, -,,2023-06-26
PATELENG, BE, 26-Jun-2023,28.6,28.8,29.5,28.25, 29.20,29.2,29.06,2313035,672.26,6655, -, -,,2023-06-26
PATINTLOG, EQ, 26-Jun-2023,13.05,13.1,13.35,13.0, 13.10,13.1,13.16,129676,17.07,523, 72268, 55.73,0.5572966470279774,2023-06-26
PAVNAIND, EQ, 26-Jun-2023,323.05,318.0,339.0,309.6, 310.30,322.4,319.26,314,1.0,59, 175, 55.73,0.5573248407643312,2023-06-26
PAYTM, EQ, 26-Jun-2023,841.7,841.7,858.0,833.3, 836.80,838.1,844.24,2080700,17566.13,56993, 556679, 26.75,0.2675440957370116,2023-06-26
PCBL, EQ, 26-Jun-2023,153.7,154.3,159.5,153.7, 158.20,158.55,157.55,1580310,2489.86,13728, 630362, 39.89,0.39888502888673744,2023-06-26
PCJEWELLER, EQ, 26-Jun-2023,26.4,26.85,27.0,26.25, 26.30,26.35,26.41,708218,187.08,2256, 457158, 64.55,0.6455046327543215,2023-06-26
PDMJEPAPER, EQ, 26-Jun-2023,41.05,41.55,41.55,40.7, 41.25,40.95,40.92,54018,22.11,486, 35126, 65.03,0.6502647265726239,2023-06-26
PDPL, BZ, 26-Jun-2023,3.0,3.15,3.15,3.15, 3.15,3.15,3.15,80,0.0,1, -, -,,2023-06-26
PDSL, EQ, 26-Jun-2023,352.0,355.0,359.0,350.55, 350.55,351.75,354.18,60190,213.18,5130, 33953, 56.41,0.5640970260840671,2023-06-26
PEARLPOLY, EQ, 26-Jun-2023,23.05,22.7,23.35,22.7, 23.30,23.15,23.06,13494,3.11,183, 5863, 43.45,0.4344894026974952,2023-06-26
PEL, EQ, 26-Jun-2023,882.25,888.0,897.9,863.5, 886.00,883.95,878.84,3818014,33554.28,98027, 663550, 17.38,0.17379454344588574,2023-06-26
PENIND, EQ, 26-Jun-2023,75.6,75.95,77.2,75.8, 76.25,76.35,76.39,320458,244.8,2697, 156835, 48.94,0.4894089084997098,2023-06-26
PENINLAND, EQ, 26-Jun-2023,25.2,25.2,25.95,24.35, 24.40,24.55,24.99,402069,100.46,1937, 291064, 72.39,0.7239155468340012,2023-06-26
PERSISTENT, EQ, 26-Jun-2023,4804.85,4794.75,4927.75,4771.0, 4910.00,4906.15,4860.86,222718,10826.01,24014, 107494, 48.26,0.48264621629145377,2023-06-26
PETRONET, EQ, 26-Jun-2023,218.8,218.8,220.9,216.65, 220.20,220.35,219.7,1083389,2380.17,18436, 670326, 61.87,0.6187306683010442,2023-06-26
PFC, EQ, 26-Jun-2023,200.15,200.25,203.65,198.1, 200.10,199.85,200.07,7424746,14854.45,44814, 3737091, 50.33,0.5033291374546685,2023-06-26
PFIZER, EQ, 26-Jun-2023,3747.2,3749.95,3773.0,3747.2, 3760.00,3758.3,3759.54,41970,1577.88,1971, 38480, 91.68,0.9168453657374315,2023-06-26
PFOCUS, EQ, 26-Jun-2023,103.75,104.4,104.5,102.25, 102.45,102.95,103.57,125001,129.46,739, 101101, 80.88,0.8088015295877633,2023-06-26
PFS, EQ, 26-Jun-2023,20.7,21.0,21.0,19.8, 20.10,19.95,20.12,4139528,832.78,7952, 1615956, 39.04,0.3903720424164301,2023-06-26
PGEL, EQ, 26-Jun-2023,1567.95,1581.25,1608.5,1550.1, 1560.00,1561.05,1579.98,16448,259.87,3870, 7033, 42.76,0.42758998054474706,2023-06-26
PGHH, EQ, 26-Jun-2023,14227.6,14255.0,14580.0,14195.45, 14385.05,14478.8,14481.71,16207,2347.05,5295, 8183, 50.49,0.5049052878385882,2023-06-26
PGHL, EQ, 26-Jun-2023,5148.85,5180.75,5288.9,5150.0, 5150.00,5166.55,5218.76,6221,324.66,2333, 2773, 44.57,0.44574827198199646,2023-06-26
PGIL, EQ, 26-Jun-2023,520.75,518.75,540.9,516.0, 530.10,533.3,533.29,16919,90.23,2444, 7794, 46.07,0.46066552396713756,2023-06-26
PHARMABEES, EQ, 26-Jun-2023,13.33,13.42,13.57,13.34, 13.56,13.51,13.48,3762832,507.39,3249, 2660171, 70.70,0.7069598111209855,2023-06-26
PHOENIXLTD, EQ, 26-Jun-2023,1526.8,1533.25,1559.9,1516.05, 1530.00,1528.5,1528.66,159743,2441.93,14625, 99156, 62.07,0.6207220347683466,2023-06-26
PIDILITIND, EQ, 26-Jun-2023,2658.3,2650.0,2669.0,2623.95, 2635.85,2630.9,2637.97,243751,6430.07,18705, 123910, 50.83,0.5083466324240721,2023-06-26
PIGL, EQ, 26-Jun-2023,53.1,54.95,54.95,50.05, 51.00,51.45,51.98,63892,33.21,1082, 22832, 35.74,0.3573530332435986,2023-06-26
PIIND, EQ, 26-Jun-2023,3807.4,3807.95,3864.0,3800.0, 3830.50,3850.8,3835.4,133085,5104.35,15477, 63731, 47.89,0.47887440357666156,2023-06-26
PILANIINVS, EQ, 26-Jun-2023,1902.25,1913.85,1942.0,1883.4, 1906.00,1899.2,1907.2,2579,49.19,775, 1337, 51.84,0.5184179914695618,2023-06-26
PILITA, EQ, 26-Jun-2023,9.45,9.65,9.65,9.35, 9.45,9.4,9.45,195656,18.5,343, 158277, 80.90,0.808955513758842,2023-06-26
PIONEEREMB, EQ, 26-Jun-2023,38.25,37.55,39.3,37.0, 38.25,37.95,37.81,23799,9.0,200, 17534, 73.68,0.7367536451111392,2023-06-26
PITTIENG, EQ, 26-Jun-2023,369.1,366.1,374.7,364.5, 370.50,370.4,371.18,347938,1291.46,9360, 200778, 57.71,0.5770510838137829,2023-06-26
PIXTRANS, EQ, 26-Jun-2023,926.5,925.0,959.0,923.6, 941.20,938.6,940.42,31822,299.26,3633, 17090, 53.70,0.5370498397335177,2023-06-26
PKTEA, BE, 26-Jun-2023,270.0,272.0,272.0,265.0, 265.00,265.0,265.08,1246,3.3,6, -, -,,2023-06-26
PLASTIBLEN, EQ, 26-Jun-2023,184.3,182.3,186.1,179.05, 184.05,183.8,182.42,18512,33.77,483, 13808, 74.59,0.7458945548833189,2023-06-26
PNB, EQ, 26-Jun-2023,50.5,50.55,50.6,49.7, 50.40,50.3,50.1,23362169,11705.37,37952, 7093260, 30.36,0.3036216371861705,2023-06-26
PNBGILTS, EQ, 26-Jun-2023,61.9,62.0,62.0,61.35, 61.55,61.45,61.58,59232,36.48,794, 46964, 79.29,0.792882225823879,2023-06-26
PNBHOUSING, EQ, 26-Jun-2023,588.85,591.9,604.0,579.15, 602.90,601.75,592.37,797301,4722.95,18199, 414192, 51.95,0.5194926382884256,2023-06-26
PNC, EQ, 26-Jun-2023,35.35,35.35,35.95,34.05, 34.70,34.75,34.85,6070,2.12,237, 3103, 51.12,0.5112026359143328,2023-06-26
PNCINFRA, EQ, 26-Jun-2023,327.2,327.15,329.95,322.0, 326.25,326.75,326.24,171649,559.99,6869, 85127, 49.59,0.4959364750158754,2023-06-26
POCL, EQ, 26-Jun-2023,399.05,401.95,406.35,396.9, 400.00,400.05,401.22,16516,66.27,1862, 9823, 59.48,0.5947565996609349,2023-06-26
PODDARHOUS, BE, 26-Jun-2023,101.4,101.95,102.95,100.05, 102.95,102.95,101.94,11222,11.44,91, -, -,,2023-06-26
PODDARMENT, EQ, 26-Jun-2023,307.0,308.05,311.5,301.7, 306.00,304.8,306.51,3158,9.68,184, 1911, 60.51,0.6051298290056998,2023-06-26
POKARNA, EQ, 26-Jun-2023,372.55,371.1,376.5,369.0, 371.15,373.2,373.2,18239,68.07,1571, 9405, 51.57,0.5156532704643895,2023-06-26
POLICYBZR, EQ, 26-Jun-2023,656.95,660.45,708.0,660.45, 699.90,698.5,691.79,5246194,36292.85,170434, 2554857, 48.70,0.4869924749256318,2023-06-26
POLYCAB, EQ, 26-Jun-2023,3427.65,3435.0,3480.0,3416.0, 3479.00,3466.35,3459.75,204577,7077.85,22779, 84803, 41.45,0.4145285149356966,2023-06-26
POLYMED, EQ, 26-Jun-2023,1150.4,1150.0,1154.45,1130.0, 1133.90,1135.8,1142.59,28055,320.55,4390, 11012, 39.25,0.3925147032614507,2023-06-26
POLYPLEX, EQ, 26-Jun-2023,1320.6,1320.0,1332.65,1303.4, 1318.65,1314.25,1312.52,62082,814.84,7231, 27788, 44.76,0.4476015592281177,2023-06-26
PONNIERODE, EQ, 26-Jun-2023,388.6,390.0,397.55,384.1, 387.00,386.2,391.09,39643,155.04,2998, 17408, 43.91,0.4391191383094115,2023-06-26
POONAWALLA, EQ, 26-Jun-2023,340.9,341.35,342.6,332.1, 337.50,337.2,337.66,1041217,3515.81,15227, 497760, 47.81,0.4780559671999209,2023-06-26
POWERGRID, EQ, 26-Jun-2023,250.1,250.0,250.25,247.15, 248.05,248.5,248.3,5479022,13604.22,68020, 3790437, 69.18,0.6918090491332212,2023-06-26
POWERINDIA, EQ, 26-Jun-2023,4096.9,4100.0,4200.0,4076.1, 4199.00,4191.75,4169.68,12852,535.89,3220, 5972, 46.47,0.46467475879240583,2023-06-26
POWERMECH, EQ, 26-Jun-2023,3183.7,3205.0,3220.75,3144.05, 3171.00,3178.1,3175.32,22890,726.83,5354, 10793, 47.15,0.47151594582787243,2023-06-26
PPAP, EQ, 26-Jun-2023,191.05,191.55,195.4,188.85, 194.85,193.25,191.2,11399,21.79,625, 6909, 60.61,0.6061057987542767,2023-06-26
PPL, EQ, 26-Jun-2023,162.65,162.5,164.05,161.0, 163.20,162.5,162.31,38609,62.67,1572, 19661, 50.92,0.5092335983837966,2023-06-26
PPLPHARMA, EQ, 26-Jun-2023,90.7,90.8,91.0,89.3, 89.80,89.85,89.95,3772361,3393.19,21364, 2012643, 53.35,0.5335234353233956,2023-06-26
PRAENG, EQ, 26-Jun-2023,11.2,11.25,11.3,10.7, 10.90,10.8,10.93,133808,14.63,672, 93438, 69.83,0.698299055362908,2023-06-26
PRAJIND, EQ, 26-Jun-2023,375.45,375.45,379.8,369.0, 369.55,369.95,372.94,482236,1798.45,11024, 313817, 65.08,0.6507539876740849,2023-06-26
PRAKASH, EQ, 26-Jun-2023,67.1,66.65,71.4,66.65, 70.15,70.2,70.14,1650445,1157.67,10867, 815230, 49.39,0.49394557225475555,2023-06-26
PRAKASHSTL, EQ, 26-Jun-2023,4.5,4.5,4.5,4.35, 4.45,4.4,4.43,413820,18.33,785, 228337, 55.18,0.5517785510608477,2023-06-26
PRECAM, EQ, 26-Jun-2023,182.15,182.0,195.0,179.05, 195.00,192.3,187.33,296295,555.04,6635, 154434, 52.12,0.5212170303245077,2023-06-26
PRECOT, EQ, 26-Jun-2023,185.95,185.5,186.65,181.2, 181.20,182.8,184.11,1433,2.64,77, 710, 49.55,0.4954640614096302,2023-06-26
PRECWIRE, EQ, 26-Jun-2023,83.8,83.5,85.25,82.8, 83.55,84.05,83.96,298879,250.95,2163, 184369, 61.69,0.6168683647897644,2023-06-26
PREMEXPLN, EQ, 26-Jun-2023,431.1,436.3,439.55,431.05, 439.00,437.8,435.8,3658,15.94,472, 1934, 52.87,0.5287042099507928,2023-06-26
PREMIER, BE, 26-Jun-2023,2.8,2.7,2.8,2.7, 2.70,2.7,2.7,30406,0.82,25, -, -,,2023-06-26
PREMIERPOL, EQ, 26-Jun-2023,91.85,92.95,96.8,92.95, 95.10,94.75,94.81,23179,21.98,540, 13159, 56.77,0.5677121532421588,2023-06-26
PRESTIGE, EQ, 26-Jun-2023,576.7,576.75,581.85,557.0, 576.70,578.35,569.88,598790,3412.4,18465, 220767, 36.87,0.36868852185240236,2023-06-26
PRICOLLTD, EQ, 26-Jun-2023,231.85,231.95,235.5,230.45, 233.55,232.55,233.39,595727,1390.39,10076, 376196, 63.15,0.6314905988817026,2023-06-26
PRIMESECU, EQ, 26-Jun-2023,127.65,127.35,128.5,125.8, 127.50,127.7,127.38,24708,31.47,481, 15483, 62.66,0.6266391452161243,2023-06-26
PRINCEPIPE, EQ, 26-Jun-2023,640.3,640.3,652.1,640.0, 642.65,642.7,644.95,115753,746.55,10657, 54840, 47.38,0.47376741855502663,2023-06-26
PRITI, EQ, 26-Jun-2023,161.55,164.8,165.0,160.5, 161.00,162.3,163.57,26932,44.05,980, 17536, 65.11,0.6511213426407247,2023-06-26
PRITIKAUTO, EQ, 26-Jun-2023,16.45,16.65,17.1,16.4, 16.50,16.5,16.66,230568,38.41,810, 138371, 60.01,0.6001309808819958,2023-06-26
PRIVISCL, EQ, 26-Jun-2023,1071.1,1071.1,1099.9,1057.1, 1099.80,1098.95,1090.22,23906,260.63,3733, 10320, 43.17,0.43169078892328283,2023-06-26
PROZONINTU, EQ, 26-Jun-2023,25.0,25.2,27.9,24.95, 26.90,26.95,26.82,3231818,866.9,8402, 1598710, 49.47,0.4946782275487048,2023-06-26
PRSMJOHNSN, EQ, 26-Jun-2023,126.9,126.9,127.4,123.6, 125.25,125.2,125.16,242019,302.92,4982, 113574, 46.93,0.4692772055086584,2023-06-26
PRUDENT, EQ, 26-Jun-2023,915.35,920.95,932.05,908.0, 921.30,913.85,919.79,10408,95.73,2062, 3805, 36.56,0.36558416602613375,2023-06-26
PSB, EQ, 26-Jun-2023,29.9,29.9,30.1,29.45, 29.70,29.7,29.7,968807,287.71,4003, 402731, 41.57,0.4156978634547438,2023-06-26
PSPPROJECT, EQ, 26-Jun-2023,768.35,770.0,785.0,746.6, 758.00,757.7,759.63,111508,847.05,10093, 59579, 53.43,0.5343024715715464,2023-06-26
PSUBANKICI, EQ, 26-Jun-2023,40.19,40.71,40.71,39.95, 40.21,40.18,40.13,39120,15.7,172, 32748, 83.71,0.837116564417178,2023-06-26
PSUBNKBEES, EQ, 26-Jun-2023,44.5,44.74,44.74,44.13, 44.42,44.37,44.29,559167,247.65,3706, 369298, 66.04,0.6604431234318191,2023-06-26
PTC, EQ, 26-Jun-2023,117.75,118.3,119.05,115.1, 116.75,116.8,116.74,2266118,2645.42,19695, 1191717, 52.59,0.525884795054803,2023-06-26
PTCIL, EQ, 26-Jun-2023,4518.85,4552.0,4650.0,4333.3, 4612.00,4602.2,4480.39,14958,670.18,2116, 9839, 65.78,0.6577751036234791,2023-06-26
PTL, EQ, 26-Jun-2023,33.85,33.55,34.6,33.55, 34.30,34.2,34.09,172366,58.76,976, 120313, 69.80,0.6980088880637713,2023-06-26
PUNJABCHEM, EQ, 26-Jun-2023,879.05,879.05,888.9,859.25, 872.30,869.3,865.21,27726,239.89,1924, 17422, 62.84,0.6283632691336651,2023-06-26
PURVA, EQ, 26-Jun-2023,98.3,97.95,98.0,94.1, 94.15,94.4,95.12,279704,266.05,3592, 140088, 50.08,0.500843749106198,2023-06-26
PVP, BE, 26-Jun-2023,11.3,11.65,11.65,10.75, 11.25,10.95,11.06,168488,18.64,377, -, -,,2023-06-26
PVRINOX, EQ, 26-Jun-2023,1381.7,1390.7,1390.95,1368.7, 1375.00,1374.95,1377.02,512503,7057.27,19654, 236297, 46.11,0.4610646181583327,2023-06-26
QGOLDHALF, EQ, 26-Jun-2023,49.48,49.99,49.99,49.52, 49.75,49.68,49.66,25838,12.83,370, 16888, 65.36,0.6536109606006657,2023-06-26
QNIFTY, EQ, 26-Jun-2023,1987.49,1990.01,1990.01,1986.0, 1990.00,1989.05,1988.84,358,7.12,27, 311, 86.87,0.8687150837988827,2023-06-26
QUESS, EQ, 26-Jun-2023,426.85,426.85,428.15,422.1, 426.00,426.5,425.56,84104,357.92,3294, 36516, 43.42,0.4341767335679635,2023-06-26
QUICKHEAL, EQ, 26-Jun-2023,160.4,156.0,159.7,156.0, 158.70,158.8,158.32,47558,75.29,1508, 26246, 55.19,0.5518735018293452,2023-06-26
QUINTEGRA, BE, 26-Jun-2023,1.0,1.05,1.05,0.95, 0.95,0.95,0.95,14133,0.13,23, -, -,,2023-06-26
RACE, EQ, 26-Jun-2023,258.3,259.15,277.9,254.65, 273.50,271.2,269.42,29101,78.4,1462, 18519, 63.64,0.6363698841964194,2023-06-26
RADHIKAJWE, EQ, 26-Jun-2023,38.0,37.45,38.25,36.95, 37.30,37.45,37.49,451457,169.24,1397, 191470, 42.41,0.42411569651151715,2023-06-26
RADIANTCMS, EQ, 26-Jun-2023,93.05,93.7,94.95,92.55, 93.55,93.8,94.11,139688,131.46,14874, 92077, 65.92,0.6591618464005498,2023-06-26
RADICO, EQ, 26-Jun-2023,1195.8,1191.0,1211.0,1178.1, 1201.00,1202.85,1197.3,99902,1196.13,9296, 45790, 45.83,0.4583491821985546,2023-06-26
RADIOCITY, BE, 26-Jun-2023,11.05,11.05,11.15,11.0, 11.15,11.0,11.04,69928,7.72,139, -, -,,2023-06-26
RAILTEL, EQ, 26-Jun-2023,127.45,128.1,129.9,126.5, 128.60,128.15,128.19,2301664,2950.58,11912, 526102, 22.86,0.22857463122332364,2023-06-26
RAIN, EQ, 26-Jun-2023,163.45,164.3,170.8,161.65, 170.40,170.15,167.57,3855822,6461.06,25242, 1318447, 34.19,0.34193668691137713,2023-06-26
RAINBOW, EQ, 26-Jun-2023,935.25,939.75,958.0,925.0, 945.30,948.2,947.38,113007,1070.6,17996, 64840, 57.38,0.5737697664746432,2023-06-26
RAJESHEXPO, EQ, 26-Jun-2023,544.65,548.25,569.8,545.1, 546.00,547.55,552.63,3813482,21074.41,34436, 705396, 18.50,0.1849742571224933,2023-06-26
RAJMET, BE, 26-Jun-2023,9.2,9.2,9.35,9.05, 9.15,9.1,9.18,300023,27.53,612, -, -,,2023-06-26
RAJRATAN, EQ, 26-Jun-2023,826.55,833.05,855.9,828.0, 848.00,848.8,847.05,38283,324.28,4549, 18163, 47.44,0.4744403521145156,2023-06-26
RAJRILTD, BE, 26-Jun-2023,67.75,69.1,69.1,69.1, 69.10,69.1,69.1,7957,5.5,158, -, -,,2023-06-26
RAJSREESUG, EQ, 26-Jun-2023,41.95,42.0,42.2,40.5, 41.05,41.0,41.28,70021,28.91,832, 41871, 59.80,0.5979777495322832,2023-06-26
RAJTV, BE, 26-Jun-2023,46.1,46.15,47.0,45.05, 46.60,46.3,46.49,1746,0.81,30, -, -,,2023-06-26
RALLIS, EQ, 26-Jun-2023,195.45,195.15,197.15,194.8, 196.00,196.1,195.99,301246,590.4,5156, 167091, 55.47,0.5546662860253746,2023-06-26
RAMANEWS, EQ, 26-Jun-2023,13.1,13.25,13.5,13.05, 13.40,13.25,13.22,39287,5.19,137, 28422, 72.34,0.7234454145137068,2023-06-26
RAMAPHO, EQ, 26-Jun-2023,227.35,225.05,258.5,221.0, 248.10,248.5,248.96,244852,609.59,10681, 76826, 31.38,0.3137650499076993,2023-06-26
RAMASTEEL, EQ, 26-Jun-2023,37.15,37.1,37.8,36.8, 37.10,37.3,37.23,965440,359.47,3240, 355300, 36.80,0.3680187272124627,2023-06-26
RAMCOCEM, EQ, 26-Jun-2023,930.2,921.8,938.0,908.3, 931.50,934.25,925.75,324920,3007.95,16827, 88711, 27.30,0.27302412901637324,2023-06-26
RAMCOIND, EQ, 26-Jun-2023,164.0,164.85,165.5,161.55, 164.00,164.4,164.25,73773,121.17,1814, 45840, 62.14,0.6213655402382986,2023-06-26
RAMCOSYS, EQ, 26-Jun-2023,248.05,245.7,251.6,245.0, 246.50,246.45,247.2,48512,119.92,3065, 22584, 46.55,0.4655343007915567,2023-06-26
RAMKY, EQ, 26-Jun-2023,349.5,348.9,360.05,347.05, 356.65,356.6,354.74,39956,141.74,3392, 23363, 58.47,0.5847181900090099,2023-06-26
RAMRAT, EQ, 26-Jun-2023,306.3,309.5,309.95,290.7, 302.15,302.6,299.34,164986,493.86,3875, 100616, 60.98,0.6098456838762076,2023-06-26
RANASUG, EQ, 26-Jun-2023,24.05,24.2,24.2,23.55, 23.65,23.65,23.74,630845,149.78,1698, 383161, 60.74,0.6073774064944638,2023-06-26
RANEENGINE, BE, 26-Jun-2023,273.05,271.0,279.85,262.3, 278.80,277.05,272.36,2541,6.92,82, -, -,,2023-06-26
RANEHOLDIN, EQ, 26-Jun-2023,1032.4,1032.0,1064.5,1031.85, 1039.55,1039.7,1047.98,12534,131.35,1805, 7611, 60.72,0.6072283389181427,2023-06-26
RATEGAIN, EQ, 26-Jun-2023,405.05,405.55,417.9,402.9, 409.90,409.8,412.11,322677,1329.8,21521, 149726, 46.40,0.46401199961571477,2023-06-26
RATNAMANI, EQ, 26-Jun-2023,2333.35,2335.65,2345.05,2327.45, 2340.00,2339.95,2339.32,24900,582.49,1134, 23086, 92.71,0.9271485943775101,2023-06-26
RAYMOND, EQ, 26-Jun-2023,1669.65,1669.9,1718.0,1661.1, 1710.00,1711.0,1695.84,155072,2629.77,14052, 56264, 36.28,0.36282501031778785,2023-06-26
RBA, EQ, 26-Jun-2023,114.35,114.35,114.6,113.35, 113.75,113.95,113.94,435983,496.76,4217, 254400, 58.35,0.5835089900294278,2023-06-26
RBL, EQ, 26-Jun-2023,777.55,785.35,789.0,776.05, 777.45,777.95,780.94,5152,40.23,837, 1740, 33.77,0.33773291925465837,2023-06-26
RBLBANK, EQ, 26-Jun-2023,166.5,166.5,168.75,165.0, 165.80,165.95,166.78,6351555,10592.98,22243, 2571436, 40.49,0.40485141040264944,2023-06-26
RCF, EQ, 26-Jun-2023,108.5,108.75,109.4,107.8, 108.65,108.6,108.6,1530292,1661.84,7523, 506462, 33.10,0.33095775185389453,2023-06-26
RCOM, BE, 26-Jun-2023,1.2,1.2,1.2,1.15, 1.15,1.15,1.17,4059977,47.31,1938, -, -,,2023-06-26
RECLTD, EQ, 26-Jun-2023,156.0,157.0,159.4,155.2, 156.60,156.25,156.3,10223521,15979.46,57759, 5208549, 50.95,0.5094672373637223,2023-06-26
REDINGTON, EQ, 26-Jun-2023,186.9,187.75,189.5,186.15, 189.50,188.55,187.91,1091957,2051.9,12181, 572164, 52.40,0.5239803398851787,2023-06-26
REFEX, EQ, 26-Jun-2023,512.2,512.2,526.9,508.0, 519.00,517.3,517.89,63026,326.41,2599, 33280, 52.80,0.5280360486148573,2023-06-26
RELAXO, EQ, 26-Jun-2023,899.45,903.05,912.45,894.5, 904.05,909.35,905.77,58149,526.69,5926, 28302, 48.67,0.4867151627715008,2023-06-26
RELCAPITAL, BE, 26-Jun-2023,8.85,8.95,9.05,8.7, 8.95,8.85,8.9,251159,22.34,773, -, -,,2023-06-26
RELCHEMQ, EQ, 26-Jun-2023,180.65,180.65,181.9,175.35, 177.25,177.95,179.12,8546,15.31,408, 6642, 77.72,0.7772057102738124,2023-06-26
RELIANCE, EQ, 26-Jun-2023,2514.75,2507.0,2515.4,2488.7, 2495.25,2495.55,2500.04,5833893,145849.6,140793, 4605047, 78.94,0.7893608950318424,2023-06-26
RELIGARE, EQ, 26-Jun-2023,172.45,171.4,176.3,170.6, 173.10,174.4,173.73,1332711,2315.37,13741, 878170, 65.89,0.6589350579382927,2023-06-26
RELINFRA, EQ, 26-Jun-2023,143.25,144.2,144.5,138.85, 139.85,140.2,140.85,2027061,2855.02,10782, 1068298, 52.70,0.527018180508628,2023-06-26
REMSONSIND, EQ, 26-Jun-2023,235.2,233.0,237.45,228.0, 228.00,231.85,232.77,2697,6.28,355, 1300, 48.20,0.482017055988135,2023-06-26
RENUKA, EQ, 26-Jun-2023,44.0,44.0,44.0,43.2, 43.35,43.4,43.49,4566014,1985.8,10208, 2075666, 45.46,0.45459037138300495,2023-06-26
REPCOHOME, EQ, 26-Jun-2023,302.7,302.0,304.8,296.1, 301.20,300.85,299.25,127961,382.92,8857, 77128, 60.27,0.6027461492173397,2023-06-26
REPL, EQ, 26-Jun-2023,169.95,172.35,172.35,167.1, 169.00,168.05,169.27,6704,11.35,201, 5516, 82.28,0.8227923627684964,2023-06-26
REPRO, EQ, 26-Jun-2023,570.15,579.9,579.9,568.5, 572.95,570.9,570.36,7491,42.73,544, 4984, 66.53,0.6653317314110265,2023-06-26
RESPONIND, EQ, 26-Jun-2023,178.25,180.95,181.0,165.75, 167.00,167.6,172.47,269246,464.37,4324, 43916, 16.31,0.1631073442130988,2023-06-26
REVATHI, EQ, 26-Jun-2023,1722.9,1744.0,1770.35,1650.1, 1670.00,1685.5,1708.75,7982,136.39,1367, 3995, 50.05,0.5005011275369582,2023-06-26
RGL, EQ, 26-Jun-2023,93.25,94.2,97.2,91.5, 95.00,96.45,94.51,113894,107.64,1839, 28169, 24.73,0.24732646144660825,2023-06-26
RHFL, EQ, 26-Jun-2023,2.95,2.95,3.0,2.8, 2.90,2.9,2.87,4362410,125.25,4476, 2869426, 65.78,0.6577616500970793,2023-06-26
RHIM, EQ, 26-Jun-2023,666.1,668.0,670.8,658.0, 663.65,665.45,662.86,94815,628.49,10178, 52202, 55.06,0.5505668934240363,2023-06-26
RHL, EQ, 26-Jun-2023,99.55,101.0,101.4,98.05, 100.00,99.45,99.76,19503,19.46,242, 13971, 71.64,0.7163513305645285,2023-06-26
RICOAUTO, EQ, 26-Jun-2023,103.35,104.15,104.7,100.95, 102.25,102.25,102.65,2061840,2116.46,11658, 711715, 34.52,0.34518439840142784,2023-06-26
RIIL, EQ, 26-Jun-2023,927.95,927.9,939.45,922.9, 935.15,934.7,930.64,195697,1821.24,7277, 39432, 20.15,0.201495168551383,2023-06-26
RITCO, EQ, 26-Jun-2023,167.8,166.1,172.4,166.1, 169.50,169.8,169.93,23198,39.42,240, 18298, 78.88,0.7887748943874472,2023-06-26
RITES, EQ, 26-Jun-2023,379.45,380.95,385.7,378.65, 382.00,383.05,382.08,336177,1284.48,14825, 150357, 44.73,0.4472554636396898,2023-06-26
RKDL, BE, 26-Jun-2023,12.75,12.15,12.15,12.15, 12.15,12.15,12.15,40272,4.89,82, -, -,,2023-06-26
RKEC, EQ, 26-Jun-2023,60.2,60.3,61.15,58.3, 61.00,60.9,59.91,66280,39.71,907, 37853, 57.11,0.5711074230537115,2023-06-26
RKFORGE, EQ, 26-Jun-2023,429.6,430.0,453.0,429.85, 450.90,450.4,442.98,481185,2131.53,14032, 231694, 48.15,0.48150711264898116,2023-06-26
RMCL, BZ, 26-Jun-2023,2.4,2.3,2.3,2.3, 2.30,2.3,2.3,209,0.0,1, -, -,,2023-06-26
RML, EQ, 26-Jun-2023,611.2,617.0,621.45,608.45, 616.70,614.95,615.23,22081,135.85,1718, 11329, 51.31,0.5130655314523799,2023-06-26
RNAVAL, BZ, 26-Jun-2023,2.25,2.35,2.35,2.25, 2.35,2.35,2.33,1289196,30.08,458, -, -,,2023-06-26
ROHLTD, EQ, 26-Jun-2023,319.0,317.0,327.5,317.0, 320.50,320.35,322.34,30364,97.87,2095, 18315, 60.32,0.6031813990251613,2023-06-26
ROLEXRINGS, EQ, 26-Jun-2023,2175.95,2131.0,2143.75,2055.55, 2103.00,2108.7,2104.12,219677,4622.27,16085, 118566, 53.97,0.5397287836232286,2023-06-26
ROLLT, BE, 26-Jun-2023,1.4,1.35,1.4,1.35, 1.35,1.35,1.35,131202,1.77,150, -, -,,2023-06-26
ROLTA, BZ, 26-Jun-2023,1.9,1.95,1.95,1.95, 1.95,1.95,1.95,102125,1.99,78, -, -,,2023-06-26
ROML, EQ, 26-Jun-2023,41.55,42.85,42.85,41.8, 42.80,42.7,42.61,7310,3.11,100, 4921, 67.32,0.673187414500684,2023-06-26
ROSSARI, EQ, 26-Jun-2023,845.35,847.0,852.4,838.05, 845.05,846.75,846.14,45582,385.69,3604, 25991, 57.02,0.5702031503663727,2023-06-26
ROSSELLIND, EQ, 26-Jun-2023,344.05,347.75,355.0,342.85, 345.10,345.1,348.02,84210,293.07,4165, 37837, 44.93,0.4493171832323952,2023-06-26
ROTO, EQ, 26-Jun-2023,762.2,763.95,778.0,763.0, 771.00,768.0,770.38,32222,248.23,2809, 15917, 49.40,0.4939792688225436,2023-06-26
ROUTE, EQ, 26-Jun-2023,1554.05,1557.7,1638.0,1554.05, 1608.00,1602.85,1612.09,452742,7298.62,28618, 105635, 23.33,0.23332273126858122,2023-06-26
RPGLIFE, EQ, 26-Jun-2023,887.6,893.2,903.3,876.1, 882.60,882.6,889.91,12624,112.34,1948, 6193, 49.06,0.49057351077313055,2023-06-26
RPOWER, EQ, 26-Jun-2023,14.75,14.8,15.05,14.0, 14.10,14.1,14.41,86234397,12429.37,58669, 21703815, 25.17,0.2516839655062469,2023-06-26
RPPINFRA, EQ, 26-Jun-2023,54.45,54.45,54.9,53.25, 54.40,54.15,54.13,96626,52.3,1330, 56455, 58.43,0.5842630347939478,2023-06-26
RPPL, EQ, 26-Jun-2023,157.95,163.0,163.0,156.15, 156.55,157.05,159.17,5125,8.16,203, 2880, 56.20,0.5619512195121952,2023-06-26
RPSGVENT, EQ, 26-Jun-2023,448.1,446.0,454.35,442.6, 450.40,450.45,449.92,10038,45.16,1500, 5056, 50.37,0.5036859932257421,2023-06-26
RSSOFTWARE, BE, 26-Jun-2023,35.1,35.1,35.5,34.55, 34.80,34.85,34.98,20647,7.22,95, -, -,,2023-06-26
RSWM, EQ, 26-Jun-2023,202.05,203.9,205.45,201.55, 202.05,203.1,203.13,39344,79.92,1556, 25708, 65.34,0.6534160227734852,2023-06-26
RSYSTEMS, EQ, 26-Jun-2023,404.85,403.25,412.85,398.0, 405.00,403.85,405.13,62445,252.98,1188, 38798, 62.13,0.6213147569861478,2023-06-26
RTNINDIA, EQ, 26-Jun-2023,40.6,40.8,44.4,40.7, 43.70,43.35,42.93,11771980,5054.09,33475, 3639943, 30.92,0.3092039741827628,2023-06-26
RTNPOWER, EQ, 26-Jun-2023,4.7,4.8,5.6,4.65, 5.60,5.6,5.38,251306348,13514.66,119701, 85058972, 33.85,0.33846726386712683,2023-06-26
RUBYMILLS, EQ, 26-Jun-2023,213.2,212.1,215.9,210.05, 211.15,212.1,212.5,8889,18.89,530, 4960, 55.80,0.5579930250871864,2023-06-26
RUCHINFRA, BE, 26-Jun-2023,8.55,8.6,8.6,8.25, 8.55,8.5,8.51,45011,3.83,211, -, -,,2023-06-26
RUCHIRA, EQ, 26-Jun-2023,115.15,116.0,116.0,113.2, 113.60,113.7,113.92,71404,81.34,1026, 35050, 49.09,0.4908688588874573,2023-06-26
RUPA, EQ, 26-Jun-2023,259.9,260.25,260.85,255.0, 258.00,257.65,257.66,90472,233.11,3722, 40079, 44.30,0.44299893889822267,2023-06-26
RUSHIL, EQ, 26-Jun-2023,303.75,302.15,307.75,295.95, 299.50,298.1,300.58,54982,165.27,3138, 31575, 57.43,0.5742788548979666,2023-06-26
RUSTOMJEE, EQ, 26-Jun-2023,551.0,554.0,555.0,538.55, 550.00,551.75,549.66,168348,925.34,2017, 148934, 88.47,0.8846793546700882,2023-06-26
RVHL, EQ, 26-Jun-2023,25.4,26.1,26.1,25.1, 25.60,25.9,25.78,10746,2.77,128, 6244, 58.11,0.5810534152242695,2023-06-26
RVNL, EQ, 26-Jun-2023,121.15,123.0,124.7,122.3, 123.65,123.3,123.38,9499004,11720.05,50015, 2548111, 26.83,0.26825033445611773,2023-06-26
S&SPOWER, BE, 26-Jun-2023,50.3,52.7,52.8,52.65, 52.80,52.8,52.78,2836,1.5,25, -, -,,2023-06-26
SABTN, BE, 26-Jun-2023,1.45,1.45,1.45,1.4, 1.40,1.4,1.4,130,0.0,4, -, -,,2023-06-26
SADBHAV, BE, 26-Jun-2023,10.85,10.85,11.0,10.75, 10.80,10.8,10.83,97639,10.58,260, -, -,,2023-06-26
SADBHIN, BE, 26-Jun-2023,4.0,4.0,4.1,4.0, 4.00,4.05,4.06,69334,2.82,162, -, -,,2023-06-26
SADHNANIQ, EQ, 26-Jun-2023,126.65,126.65,129.9,125.25, 126.80,125.85,127.01,88776,112.75,2467, 47828, 53.87,0.5387492114986032,2023-06-26
SAFARI, EQ, 26-Jun-2023,2916.15,2928.5,2957.85,2898.1, 2939.95,2945.75,2948.47,53098,1565.58,3702, 48425, 91.20,0.911992918754002,2023-06-26
SAGARDEEP, EQ, 26-Jun-2023,21.45,21.4,21.55,21.0, 21.10,21.15,21.14,7883,1.67,140, 6883, 87.31,0.8731447418495497,2023-06-26
SAGCEM, EQ, 26-Jun-2023,221.55,223.5,223.5,217.0, 220.00,218.8,219.27,56458,123.8,2122, 33166, 58.74,0.5874455347337844,2023-06-26
SAH, EQ, 26-Jun-2023,92.3,93.9,97.8,88.8, 96.90,96.55,95.83,272504,261.15,2929, 119772, 43.95,0.4395238235035082,2023-06-26
SAHYADRI, EQ, 26-Jun-2023,389.7,382.6,395.45,381.0, 384.00,385.65,386.51,4088,15.8,444, 2343, 57.31,0.5731409001956947,2023-06-26
SAIL, EQ, 26-Jun-2023,84.4,84.1,84.75,83.4, 84.45,84.45,84.02,9941493,8352.86,21017, 3423651, 34.44,0.3443799638545237,2023-06-26
SAKAR, EQ, 26-Jun-2023,255.35,253.5,258.7,253.1, 255.25,255.3,255.22,11672,29.79,390, 6887, 59.00,0.5900445510623715,2023-06-26
SAKHTISUG, EQ, 26-Jun-2023,25.05,25.05,25.2,24.25, 24.60,24.55,24.63,524371,129.18,1716, 271335, 51.74,0.5174485240411846,2023-06-26
SAKSOFT, EQ, 26-Jun-2023,310.55,312.05,318.35,303.1, 306.40,307.1,309.38,293489,908.0,9064, 156232, 53.23,0.532326594863862,2023-06-26
SAKUMA, EQ, 26-Jun-2023,13.65,13.75,13.85,13.4, 13.60,13.55,13.56,268083,36.36,947, 145302, 54.20,0.5420037824106714,2023-06-26
SALASAR, EQ, 26-Jun-2023,46.4,46.1,49.0,45.75, 48.60,48.6,48.07,824289,396.25,3214, 397738, 48.25,0.48252251334180124,2023-06-26
SALONA, EQ, 26-Jun-2023,259.0,262.9,310.8,262.9, 288.40,292.75,297.45,282702,840.88,8528, 47318, 16.74,0.16737766269782314,2023-06-26
SALSTEEL, EQ, 26-Jun-2023,16.05,16.55,16.55,16.0, 16.30,16.15,16.19,82761,13.4,497, 45986, 55.56,0.555648191781153,2023-06-26
SALZERELEC, EQ, 26-Jun-2023,352.2,352.95,356.05,339.15, 350.75,350.65,348.73,228500,796.85,7562, 81268, 35.57,0.3556586433260394,2023-06-26
SAMBHAAV, EQ, 26-Jun-2023,2.9,2.9,3.0,2.85, 2.85,2.85,2.9,46533,1.35,56, 42428, 91.18,0.9117830356950981,2023-06-26
SANCO, BZ, 26-Jun-2023,7.25,7.05,7.05,6.9, 7.00,7.0,6.99,415,0.03,6, -, -,,2023-06-26
SANDESH, EQ, 26-Jun-2023,922.75,925.5,928.0,913.0, 913.50,913.9,919.81,619,5.69,120, 421, 68.01,0.6801292407108239,2023-06-26
SANDHAR, EQ, 26-Jun-2023,314.8,318.35,323.0,310.25, 316.00,317.05,316.35,135162,427.59,5771, 65018, 48.10,0.4810375697311374,2023-06-26
SANGAMIND, EQ, 26-Jun-2023,297.6,297.6,301.45,288.8, 294.00,293.6,294.45,60699,178.73,3895, 37021, 60.99,0.6099112011730012,2023-06-26
SANGHIIND, EQ, 26-Jun-2023,73.95,75.0,75.0,70.25, 70.95,70.75,71.64,969662,694.63,3590, 656462, 67.70,0.6770008518432196,2023-06-26
SANGHVIMOV, EQ, 26-Jun-2023,448.35,444.15,471.8,444.15, 465.10,467.25,463.55,132082,612.27,6863, 47372, 35.87,0.3586559864326706,2023-06-26
SANGINITA, EQ, 26-Jun-2023,18.2,18.05,18.75,17.8, 17.85,17.95,18.22,86973,15.85,211, 67794, 77.95,0.7794832879169398,2023-06-26
SANOFI, EQ, 26-Jun-2023,6779.8,6771.1,6949.0,6771.1, 6927.00,6917.15,6892.96,18583,1280.92,7519, 10115, 54.43,0.544314696227735,2023-06-26
SANSERA, EQ, 26-Jun-2023,866.6,877.75,877.75,855.55, 861.00,864.7,865.64,71765,621.22,8751, 31755, 44.25,0.44248589145126455,2023-06-26
SANWARIA, BZ, 26-Jun-2023,0.4,0.4,0.4,0.35, 0.35,0.35,0.36,2997841,10.8,490, -, -,,2023-06-26
SAPPHIRE, EQ, 26-Jun-2023,1358.0,1370.0,1399.55,1358.0, 1393.00,1391.0,1391.83,61556,856.75,3692, 50164, 81.49,0.8149327441679122,2023-06-26
SARDAEN, EQ, 26-Jun-2023,1347.5,1349.9,1422.0,1332.15, 1414.00,1410.95,1382.58,43054,595.26,7385, 20397, 47.38,0.4737538904631393,2023-06-26
SAREGAMA, EQ, 26-Jun-2023,394.1,396.0,437.0,395.95, 425.10,423.55,421.17,1223420,5152.74,23678, 497108, 40.63,0.4063265272759968,2023-06-26
SARLAPOLY, EQ, 26-Jun-2023,40.0,40.5,41.2,39.7, 40.95,40.7,40.74,75753,30.86,538, 52445, 69.23,0.6923158158752789,2023-06-26
SARVESHWAR, EQ, 26-Jun-2023,69.2,70.25,72.2,67.6, 68.20,68.5,68.94,16919,11.66,385, 9277, 54.83,0.5483184585377386,2023-06-26
SASKEN, EQ, 26-Jun-2023,869.6,865.55,914.95,861.9, 875.60,878.45,890.15,29462,262.26,2878, 9418, 31.97,0.31966601045414433,2023-06-26
SASTASUNDR, EQ, 26-Jun-2023,289.4,290.0,295.0,288.9, 292.00,292.2,292.79,24527,71.81,877, 12826, 52.29,0.5229339095690464,2023-06-26
SATIA, EQ, 26-Jun-2023,114.7,115.65,117.6,115.0, 116.40,116.45,116.35,418556,487.01,2991, 318444, 76.08,0.7608157570313172,2023-06-26
SATIN, EQ, 26-Jun-2023,171.45,172.6,173.95,169.3, 170.90,170.6,171.32,184908,316.78,2835, 92789, 50.18,0.5018117117701776,2023-06-26
SATINDLTD, EQ, 26-Jun-2023,81.25,82.45,83.4,78.0, 80.00,80.1,80.44,307428,247.3,3039, 146813, 47.76,0.4775524675696423,2023-06-26
SBC, BE, 26-Jun-2023,19.55,19.3,19.55,18.65, 19.05,19.2,19.18,253219,48.56,801, -, -,,2023-06-26
SBCL, EQ, 26-Jun-2023,627.1,633.75,636.55,610.85, 615.00,614.25,619.8,117152,726.1,7037, 66800, 57.02,0.570199399071292,2023-06-26
SBGLP, EQ, 26-Jun-2023,213.5,216.3,219.9,214.5, 215.90,216.25,216.3,23427,50.67,336, 6063, 25.88,0.2588039441669868,2023-06-26
SBICARD, EQ, 26-Jun-2023,857.1,842.0,857.0,834.4, 847.00,844.85,845.13,2256172,19067.65,51064, 1356328, 60.12,0.6011633864793996,2023-06-26
SBIETFCON, EQ, 26-Jun-2023,82.01,82.01,82.8,82.01, 82.80,82.61,82.56,1943,1.6,98, 1401, 72.10,0.7210499227997942,2023-06-26
SBIETFIT, EQ, 26-Jun-2023,299.5,300.87,300.87,298.01, 299.95,299.52,299.39,5058,15.14,213, 3951, 78.11,0.7811387900355872,2023-06-26
SBIETFPB, EQ, 26-Jun-2023,224.69,231.45,231.45,220.0, 225.50,222.39,223.87,1544,3.46,66, 780, 50.52,0.5051813471502591,2023-06-26
SBIETFQLTY, EQ, 26-Jun-2023,161.58,160.92,162.23,160.92, 160.93,161.18,161.56,689,1.11,43, 392, 56.89,0.5689404934687954,2023-06-26
SBILIFE, EQ, 26-Jun-2023,1262.7,1266.95,1276.2,1263.2, 1267.00,1266.35,1269.02,1009927,12816.18,32771, 709813, 70.28,0.7028359475486842,2023-06-26
SBIN, EQ, 26-Jun-2023,554.6,556.0,558.5,554.5, 557.35,557.05,556.75,8360264,46546.18,164198, 4103221, 49.08,0.49080041013058917,2023-06-26
SCAPDVR, BE, 26-Jun-2023,16.0,16.0,16.5,15.35, 16.00,16.25,15.89,320902,50.98,280, -, -,,2023-06-26
SCHAEFFLER, EQ, 26-Jun-2023,3204.85,3180.0,3229.3,3121.05, 3124.00,3131.4,3152.32,73327,2311.5,16057, 43238, 58.97,0.5896600160922989,2023-06-26
SCHAND, EQ, 26-Jun-2023,188.9,188.1,193.7,188.1, 191.55,191.1,190.74,115953,221.17,6295, 67255, 58.00,0.5800194906556967,2023-06-26
SCHNEIDER, EQ, 26-Jun-2023,248.65,249.7,266.2,247.3, 266.00,262.4,256.45,999854,2564.15,14104, 337166, 33.72,0.33721523342407994,2023-06-26
SCI, EQ, 26-Jun-2023,101.75,102.0,102.6,101.1, 102.25,102.0,101.79,509135,518.25,3593, 181904, 35.73,0.35728048552937824,2023-06-26
SCPL, EQ, 26-Jun-2023,439.1,439.0,443.05,430.05, 438.00,435.7,435.67,5820,25.36,758, 3378, 58.04,0.5804123711340207,2023-06-26
SDBL, EQ, 26-Jun-2023,249.55,251.4,262.5,249.1, 254.55,255.05,255.67,374549,957.62,9839, 155947, 41.64,0.41635940824831996,2023-06-26
SDL24BEES, EQ, 26-Jun-2023,114.01,114.05,114.24,114.05, 114.05,114.05,114.14,111,0.13,22, 80, 72.07,0.7207207207207207,2023-06-26
SDL26BEES, EQ, 26-Jun-2023,113.79,113.65,113.85,113.65, 113.85,113.85,113.85,4418,5.03,23, 4415, 99.93,0.9993209597102761,2023-06-26
SEAMECLTD, EQ, 26-Jun-2023,622.05,625.7,637.3,613.95, 626.25,633.0,625.75,14628,91.54,1527, 6844, 46.79,0.46786983866557286,2023-06-26
SECURCRED, EQ, 26-Jun-2023,22.95,23.25,23.65,23.1, 23.50,23.4,23.48,233725,54.89,240, 223270, 95.53,0.9552679430955182,2023-06-26
SECURKLOUD, EQ, 26-Jun-2023,37.0,37.0,38.2,36.6, 38.00,37.9,37.8,10611,4.01,264, 6639, 62.57,0.6256714729997173,2023-06-26
SEJALLTD, BE, 26-Jun-2023,228.4,223.0,231.8,220.1, 224.00,223.95,223.7,925,2.07,25, -, -,,2023-06-26
SELAN, EQ, 26-Jun-2023,307.45,309.9,315.0,306.95, 313.00,311.25,311.54,42649,132.87,1803, 26755, 62.73,0.6273300663556004,2023-06-26
SELMC, BE, 26-Jun-2023,142.6,139.75,139.75,139.75, 139.75,139.75,139.75,786,1.1,50, -, -,,2023-06-26
SEPC, EQ, 26-Jun-2023,9.25,9.25,9.4,9.1, 9.10,9.15,9.23,1120798,103.42,1196, 746302, 66.59,0.6658666414465407,2023-06-26
SEPOWER, BE, 26-Jun-2023,18.5,17.7,18.5,17.6, 17.60,17.6,17.7,23972,4.24,141, -, -,,2023-06-26
SEQUENT, EQ, 26-Jun-2023,88.35,88.0,92.7,87.05, 90.00,89.4,90.96,8152835,7415.89,39680, 1988130, 24.39,0.24385750478207888,2023-06-26
SERVOTECH, BE, 26-Jun-2023,172.65,164.05,164.05,164.05, 164.05,164.05,164.05,27886,45.75,485, -, -,,2023-06-26
SESHAPAPER, EQ, 26-Jun-2023,272.7,270.2,276.9,270.0, 276.90,275.4,272.84,39147,106.81,1766, 21045, 53.76,0.5375890872863821,2023-06-26
SETCO, BE, 26-Jun-2023,6.9,7.0,7.0,6.9, 6.95,6.9,6.94,33124,2.3,74, -, -,,2023-06-26
SETF10GILT, EQ, 26-Jun-2023,216.8,217.09,217.09,216.4, 217.00,217.0,216.7,4915,10.65,24, 2892, 58.84,0.5884028484231943,2023-06-26
SETFGOLD, EQ, 26-Jun-2023,51.18,51.22,51.48,51.2, 51.34,51.31,51.33,186839,95.9,1473, 154566, 82.73,0.8272683968550463,2023-06-26
SETFNIF50, EQ, 26-Jun-2023,193.78,194.14,194.4,193.52, 194.10,194.01,193.97,150751,292.41,2176, 104923, 69.60,0.696002016570371,2023-06-26
SETFNIFBK, EQ, 26-Jun-2023,439.98,441.99,444.0,439.06, 440.33,439.95,439.9,10261,45.14,431, 7009, 68.31,0.6830718253581523,2023-06-26
SETFNN50, EQ, 26-Jun-2023,449.66,448.86,453.0,446.09, 453.00,450.12,449.02,21439,96.26,482, 14837, 69.21,0.6920565324875227,2023-06-26
SETUINFRA, BE, 26-Jun-2023,0.9,0.85,0.85,0.85, 0.85,0.85,0.85,7250,0.06,13, -, -,,2023-06-26
SEYAIND, BE, 26-Jun-2023,23.2,23.5,23.5,22.05, 22.85,22.8,22.37,10723,2.4,54, -, -,,2023-06-26
SFL, EQ, 26-Jun-2023,1156.7,1157.0,1197.1,1157.0, 1180.00,1177.3,1178.68,38164,449.83,4511, 16852, 44.16,0.4415679698144849,2023-06-26
SGIL, EQ, 26-Jun-2023,193.85,195.5,202.0,194.6, 199.50,198.55,199.24,140772,280.47,4570, 81316, 57.76,0.5776432813343563,2023-06-26
SGL, EQ, 26-Jun-2023,13.65,13.65,14.2,13.6, 13.60,13.7,13.83,6397,0.88,124, 3617, 56.54,0.5654212912302642,2023-06-26
SHAHALLOYS, EQ, 26-Jun-2023,39.95,41.0,41.5,40.05, 40.80,41.05,40.87,42989,17.57,307, 29797, 69.31,0.6931308009025565,2023-06-26
SHAILY, EQ, 26-Jun-2023,1497.9,1485.1,1513.35,1477.55, 1482.00,1488.1,1490.53,5024,74.88,1139, 3354, 66.76,0.6675955414012739,2023-06-26
SHAKTIPUMP, EQ, 26-Jun-2023,571.95,571.95,594.5,567.15, 593.25,590.25,588.32,101530,597.32,6734, 37662, 37.09,0.37094454840933716,2023-06-26
SHALBY, EQ, 26-Jun-2023,167.9,168.95,175.25,168.05, 169.80,171.45,171.62,461449,791.92,6951, 176746, 38.30,0.3830239094677852,2023-06-26
SHALPAINTS, EQ, 26-Jun-2023,150.35,151.6,151.9,149.25, 151.45,150.0,150.09,27633,41.47,602, 17580, 63.62,0.6361958527847139,2023-06-26
SHANKARA, EQ, 26-Jun-2023,706.05,704.0,718.0,703.0, 713.65,712.2,710.75,34260,243.5,2379, 21527, 62.83,0.6283420899007589,2023-06-26
SHANTI, EQ, 26-Jun-2023,17.2,17.3,17.3,16.7, 16.70,16.7,16.92,1987,0.34,46, 991, 49.87,0.4987418218419728,2023-06-26
SHANTIGEAR, EQ, 26-Jun-2023,472.45,476.0,478.95,465.0, 465.10,466.8,469.33,85469,401.13,5757, 34481, 40.34,0.40343282359685967,2023-06-26
SHARDACROP, EQ, 26-Jun-2023,530.35,530.35,540.0,525.0, 538.00,532.05,531.17,114841,610.0,8793, 60148, 52.38,0.523750228576902,2023-06-26
SHARDAMOTR, EQ, 26-Jun-2023,782.9,799.75,801.25,759.95, 767.00,767.15,770.32,44151,340.1,4592, 21756, 49.28,0.49276347081606303,2023-06-26
SHAREINDIA, EQ, 26-Jun-2023,1276.55,1292.0,1319.0,1285.05, 1309.60,1307.7,1309.33,96219,1259.83,5371, 38318, 39.82,0.3982373543686798,2023-06-26
SHARIABEES, EQ, 26-Jun-2023,408.18,410.34,410.34,407.04, 409.74,409.52,408.52,289,1.18,39, 191, 66.09,0.6608996539792388,2023-06-26
SHEMAROO, BE, 26-Jun-2023,166.6,166.5,166.5,159.0, 165.00,164.3,161.82,32914,53.26,328, -, -,,2023-06-26
SHILPAMED, EQ, 26-Jun-2023,249.15,251.3,255.9,249.45, 254.15,254.05,252.95,454961,1150.81,10529, 166523, 36.60,0.36601598818360254,2023-06-26
SHIVALIK, EQ, 26-Jun-2023,765.6,776.6,782.95,755.0, 765.00,767.3,770.98,5056,38.98,860, 2749, 54.37,0.5437104430379747,2023-06-26
SHIVAMAUTO, EQ, 26-Jun-2023,25.9,26.2,26.2,25.0, 25.05,25.1,25.2,151787,38.26,541, 119646, 78.82,0.7882493230645575,2023-06-26
SHIVAMILLS, BE, 26-Jun-2023,72.9,72.9,72.9,71.0, 72.50,72.5,72.2,5763,4.16,42, -, -,,2023-06-26
SHIVATEX, EQ, 26-Jun-2023,121.95,122.0,124.1,121.5, 122.20,123.05,122.41,2680,3.28,172, 2014, 75.15,0.7514925373134328,2023-06-26
SHK, EQ, 26-Jun-2023,116.4,116.0,121.0,115.75, 118.80,119.15,119.37,343874,410.47,6609, 165333, 48.08,0.480795291298557,2023-06-26
SHOPERSTOP, EQ, 26-Jun-2023,799.85,792.1,799.0,779.9, 789.00,791.75,790.2,40006,316.13,3808, 18260, 45.64,0.45643153526970953,2023-06-26
SHRADHA, BE, 26-Jun-2023,48.2,47.35,50.0,47.35, 47.55,47.8,48.14,3744,1.8,62, -, -,,2023-06-26
SHREDIGCEM, EQ, 26-Jun-2023,79.2,79.2,79.55,76.3, 78.50,78.4,77.65,498466,387.07,4455, 241316, 48.41,0.48411727178985126,2023-06-26
SHREECEM, EQ, 26-Jun-2023,25145.25,22630.75,24145.0,22605.6, 23740.00,23702.15,23300.69,438935,102274.89,107428, 68522, 15.61,0.15610967455317987,2023-06-26
SHREEPUSHK, EQ, 26-Jun-2023,185.1,183.2,186.55,183.2, 185.00,184.35,184.57,16400,30.27,689, 9541, 58.18,0.5817682926829268,2023-06-26
SHREERAMA, EQ, 26-Jun-2023,10.5,10.65,10.75,10.4, 10.60,10.5,10.54,298880,31.51,451, 244977, 81.97,0.8196500267665953,2023-06-26
SHRENIK, EQ, 26-Jun-2023,1.05,1.05,1.05,1.0, 1.05,1.0,1.01,1911285,19.23,444, 1485726, 77.73,0.7773440381732709,2023-06-26
SHREYANIND, BE, 26-Jun-2023,224.85,224.0,224.5,216.3, 222.00,221.5,221.15,19553,43.24,275, -, -,,2023-06-26
SHREYAS, EQ, 26-Jun-2023,327.35,327.35,330.05,326.75, 329.65,328.75,328.36,59058,193.92,1566, 50195, 84.99,0.8499271902197839,2023-06-26
SHRIPISTON, EQ, 26-Jun-2023,1896.0,1941.6,1990.8,1924.05, 1990.80,1989.9,1980.89,23028,456.16,1666, 17234, 74.84,0.7483932603786695,2023-06-26
SHRIRAMFIN, EQ, 26-Jun-2023,1676.65,1668.7,1713.45,1642.25, 1700.00,1703.35,1673.21,1805538,30210.49,68411, 1021761, 56.59,0.5659039023271734,2023-06-26
SHRIRAMPPS, EQ, 26-Jun-2023,67.8,67.8,68.2,66.65, 67.15,66.95,67.13,474913,318.8,3076, 290870, 61.25,0.6124700734660875,2023-06-26
SHYAMCENT, EQ, 26-Jun-2023,18.75,18.6,19.1,18.5, 18.85,18.8,18.85,244045,46.0,943, 156021, 63.93,0.6393124218894056,2023-06-26
SHYAMMETL, EQ, 26-Jun-2023,334.85,339.7,350.8,338.45, 349.90,349.45,346.55,381592,1322.39,7532, 147784, 38.73,0.3872827522589572,2023-06-26
SIEMENS, EQ, 26-Jun-2023,3675.7,3679.95,3713.0,3645.1, 3695.50,3699.35,3678.43,214506,7890.46,22520, 103099, 48.06,0.4806345743242613,2023-06-26
SIGACHI, EQ, 26-Jun-2023,267.45,279.95,299.3,278.0, 298.20,295.75,291.04,1440279,4191.79,30313, 462787, 32.13,0.32131760582498253,2023-06-26
SIGIND, BE, 26-Jun-2023,50.7,50.7,50.7,48.3, 48.95,48.95,49.06,27078,13.28,243, -, -,,2023-06-26
SIGMA, EQ, 26-Jun-2023,349.85,332.35,349.75,332.35, 333.90,332.8,336.25,50209,168.83,2971, 29521, 58.80,0.5879623175127965,2023-06-26
SIKKO, BE, 26-Jun-2023,56.0,57.0,57.45,56.0, 57.00,56.9,56.81,10964,6.23,267, -, -,,2023-06-26
SIL, BE, 26-Jun-2023,24.45,24.45,24.95,24.0, 24.40,24.15,24.29,43661,10.61,499, -, -,,2023-06-26
SILGO, EQ, 26-Jun-2023,22.05,22.0,22.35,21.1, 21.35,21.2,21.45,60622,13.0,300, 39455, 65.08,0.6508363300451981,2023-06-26
SILINV, EQ, 26-Jun-2023,318.6,318.6,322.95,318.05, 320.50,320.7,320.31,1144,3.66,63, 935, 81.73,0.8173076923076923,2023-06-26
SILLYMONKS, EQ, 26-Jun-2023,15.5,15.3,16.0,15.3, 15.60,15.6,15.72,4113,0.65,38, 2557, 62.17,0.6216873328470702,2023-06-26
SILVER, EQ, 26-Jun-2023,70.07,70.9,71.29,70.62, 71.05,71.1,70.98,149268,105.95,626, 95440, 63.94,0.6393868746147868,2023-06-26
SILVERBEES, EQ, 26-Jun-2023,67.41,68.0,68.6,68.0, 68.50,68.48,68.37,1151807,787.53,4491, 979901, 85.08,0.8507510372831559,2023-06-26
SILVERETF, EQ, 26-Jun-2023,67.59,68.11,69.89,68.11, 69.82,69.56,69.18,12478,8.63,161, 9166, 73.46,0.7345728482128546,2023-06-26
SILVERTUC, EQ, 26-Jun-2023,385.3,386.15,399.4,382.3, 396.85,389.5,395.68,15273,60.43,455, 2395, 15.68,0.15681267596411969,2023-06-26
SIMBHALS, EQ, 26-Jun-2023,25.35,25.55,25.95,24.65, 25.00,24.9,25.3,74924,18.96,352, 48296, 64.46,0.6445998611926752,2023-06-26
SIMPLEXINF, EQ, 26-Jun-2023,33.4,33.5,33.8,33.3, 33.60,33.65,33.58,23540,7.91,176, 18889, 80.24,0.8024214103653357,2023-06-26
SINDHUTRAD, EQ, 26-Jun-2023,23.1,23.15,23.5,22.0, 23.50,22.95,22.85,41732,9.53,416, 17149, 41.09,0.41093165915843954,2023-06-26
SINTERCOM, EQ, 26-Jun-2023,121.0,123.0,123.0,121.0, 121.00,121.75,121.72,2141,2.61,46, 1656, 77.35,0.7734703409621672,2023-06-26
SIRCA, EQ, 26-Jun-2023,345.65,349.05,354.0,346.2, 354.00,351.7,349.61,51170,178.89,3201, 27643, 54.02,0.540218878248974,2023-06-26
SIS, EQ, 26-Jun-2023,419.75,419.75,420.45,406.0, 409.00,408.15,410.57,43032,176.68,3330, 20940, 48.66,0.48661461238148357,2023-06-26
SITINET, BE, 26-Jun-2023,0.75,0.75,0.8,0.75, 0.80,0.8,0.8,1250317,9.98,364, -, -,,2023-06-26
SIYSIL, EQ, 26-Jun-2023,535.2,532.6,542.85,530.2, 537.00,535.55,536.63,55892,299.93,4145, 30182, 54.00,0.5400057253274172,2023-06-26
SJS, EQ, 26-Jun-2023,551.25,551.25,554.95,535.4, 540.00,537.5,541.73,83121,450.29,3642, 50434, 60.68,0.6067540092154811,2023-06-26
SJVN, EQ, 26-Jun-2023,39.4,39.45,42.9,39.25, 41.85,42.0,41.63,45797506,19066.78,58624, 13206359, 28.84,0.2883641524060284,2023-06-26
SKFINDIA, EQ, 26-Jun-2023,4878.9,4899.9,4960.0,4861.55, 4949.00,4947.8,4908.84,23028,1130.41,3897, 14447, 62.74,0.6273666840368247,2023-06-26
SKIL, BE, 26-Jun-2023,3.55,3.7,3.7,3.7, 3.70,3.7,3.7,12730,0.47,16, -, -,,2023-06-26
SKIPPER, EQ, 26-Jun-2023,165.15,165.8,172.45,165.8, 167.15,167.4,168.99,314591,531.63,5544, 147987, 47.04,0.4704107873397522,2023-06-26
SKMEGGPROD, EQ, 26-Jun-2023,218.05,217.7,217.7,210.85, 212.85,212.5,213.94,73911,158.12,1825, 49040, 66.35,0.66350069678397,2023-06-26
SKYGOLD, BE, 26-Jun-2023,274.95,274.0,274.95,266.5, 269.00,269.85,270.91,3889,10.54,186, -, -,,2023-06-26
SMARTLINK, EQ, 26-Jun-2023,159.9,161.0,166.95,159.85, 163.25,164.65,164.28,22128,36.35,606, 9165, 41.42,0.41418112798264645,2023-06-26
SMCGLOBAL, EQ, 26-Jun-2023,74.5,75.45,75.8,74.4, 75.10,75.1,75.14,20033,15.05,297, 10007, 49.95,0.49952578245894275,2023-06-26
SMLISUZU, EQ, 26-Jun-2023,1103.5,1086.95,1113.35,1080.0, 1086.25,1086.55,1093.86,22012,240.78,2444, 8783, 39.90,0.39900963111030346,2023-06-26
SMLT, BE, 26-Jun-2023,205.9,195.6,216.15,195.6, 215.00,216.0,212.93,7265,15.47,181, -, -,,2023-06-26
SMSLIFE, EQ, 26-Jun-2023,518.55,521.8,530.0,521.3, 530.00,529.0,528.18,1447,7.64,116, 1001, 69.18,0.6917760884588804,2023-06-26
SMSPHARMA, EQ, 26-Jun-2023,92.15,92.0,94.0,92.0, 92.25,92.3,92.81,34677,32.18,559, 21652, 62.44,0.6243908065864983,2023-06-26
SNOWMAN, EQ, 26-Jun-2023,43.7,43.6,44.4,42.75, 42.95,43.1,43.12,312359,134.69,2838, 177402, 56.79,0.5679426557262637,2023-06-26
SOBHA, EQ, 26-Jun-2023,528.9,529.6,530.2,521.45, 524.90,523.5,524.48,281586,1476.87,10995, 137447, 48.81,0.48811730696838623,2023-06-26
SOFTTECH, EQ, 26-Jun-2023,156.45,170.0,185.2,158.35, 160.50,160.95,171.07,365433,625.14,10635, 124162, 33.98,0.3397667971967502,2023-06-26
SOLARA, EQ, 26-Jun-2023,367.0,367.85,377.35,366.55, 373.55,374.3,373.48,104959,392.0,9467, 49422, 47.09,0.4708695776446041,2023-06-26
SOLARINDS, EQ, 26-Jun-2023,3746.05,3765.0,3775.0,3706.15, 3775.00,3753.2,3740.36,22036,824.23,5366, 11560, 52.46,0.5245961154474497,2023-06-26
SOMANYCERA, EQ, 26-Jun-2023,681.7,681.85,689.75,674.0, 683.90,682.55,680.58,21201,144.29,2320, 11125, 52.47,0.5247393990849488,2023-06-26
SOMATEX, BE, 26-Jun-2023,28.8,28.45,29.0,28.3, 28.35,28.45,28.67,41821,11.99,197, -, -,,2023-06-26
SOMICONVEY, BE, 26-Jun-2023,54.0,54.5,55.45,53.0, 54.00,53.7,54.23,15059,8.17,71, -, -,,2023-06-26
SONACOMS, EQ, 26-Jun-2023,506.9,508.5,518.0,508.45, 514.50,516.35,514.39,1286593,6618.07,33549, 857182, 66.62,0.6662417718734673,2023-06-26
SONAMCLOCK, EQ, 26-Jun-2023,52.15,52.5,53.8,52.5, 52.50,53.05,53.19,3063,1.63,53, 2543, 83.02,0.8302317988899771,2023-06-26
SONATSOFTW, EQ, 26-Jun-2023,975.95,981.05,999.5,978.05, 997.95,993.85,991.24,140192,1389.64,8335, 46596, 33.24,0.3323727459484136,2023-06-26
SOTL, EQ, 26-Jun-2023,288.45,291.3,291.3,285.0, 288.60,288.2,287.91,28462,81.94,1563, 16114, 56.62,0.5661583866207575,2023-06-26
SOUTHBANK, EQ, 26-Jun-2023,17.95,17.95,18.05,17.7, 17.95,17.9,17.84,14429470,2573.98,10175, 6356318, 44.05,0.4405094573813175,2023-06-26
SOUTHWEST, BE, 26-Jun-2023,156.65,156.9,156.9,151.25, 154.95,154.95,153.19,4725,7.24,95, -, -,,2023-06-26
SPAL, EQ, 26-Jun-2023,448.2,443.7,452.0,442.0, 444.20,445.6,447.85,18201,81.51,2403, 10374, 57.00,0.5699686830393934,2023-06-26
SPANDANA, EQ, 26-Jun-2023,663.35,658.15,688.6,658.15, 674.80,680.65,678.07,93940,636.98,5026, 49776, 52.99,0.5298701298701298,2023-06-26
SPARC, EQ, 26-Jun-2023,193.35,194.9,213.3,194.45, 209.40,210.9,209.21,10488159,21941.78,93815, 961578, 9.17,0.09168224852426436,2023-06-26
SPCENET, EQ, 26-Jun-2023,17.5,17.7,17.7,16.65, 16.65,16.7,16.98,959207,162.89,657, 835171, 87.07,0.8706890170734785,2023-06-26
SPECIALITY, EQ, 26-Jun-2023,234.5,235.0,235.75,227.0, 228.90,227.95,230.64,91165,210.26,2771, 55073, 60.41,0.6041024515987495,2023-06-26
SPENCERS, EQ, 26-Jun-2023,63.4,63.5,64.4,60.8, 61.80,61.85,61.99,162837,100.94,1948, 97435, 59.84,0.5983590952916106,2023-06-26
SPENTEX, BZ, 26-Jun-2023,1.4,1.35,1.45,1.35, 1.35,1.35,1.37,25000,0.34,14, -, -,,2023-06-26
SPIC, EQ, 26-Jun-2023,66.0,66.25,66.7,65.55, 66.00,65.85,65.97,397293,262.09,2248, 154930, 39.00,0.38996408192442356,2023-06-26
SPLIL, EQ, 26-Jun-2023,67.65,68.65,68.65,65.25, 66.40,66.7,66.73,47688,31.82,507, 29244, 61.32,0.6132360342224459,2023-06-26
SPLPETRO, EQ, 26-Jun-2023,450.75,452.75,465.95,444.8, 461.45,459.95,455.83,207794,947.18,13844, 86166, 41.47,0.4146702984686757,2023-06-26
SPORTKING, EQ, 26-Jun-2023,798.05,798.05,817.95,796.1, 799.00,802.1,803.87,7234,58.15,1406, 2423, 33.49,0.3349460879181642,2023-06-26
SPYL, BE, 26-Jun-2023,0.6,0.6,0.65,0.55, 0.60,0.6,0.64,108600,0.7,36, -, -,,2023-06-26
SREEL, EQ, 26-Jun-2023,193.55,190.85,195.15,190.1, 192.80,193.1,192.7,6997,13.48,445, 4181, 59.75,0.5975418036301272,2023-06-26
SREINFRA, BE, 26-Jun-2023,2.2,2.1,2.25,2.1, 2.20,2.15,2.15,93798,2.02,109, -, -,,2023-06-26
SRF, EQ, 26-Jun-2023,2321.4,2319.0,2349.4,2301.0, 2349.40,2338.6,2323.48,385721,8962.17,35779, 215564, 55.89,0.5588599013276435,2023-06-26
SRHHYPOLTD, EQ, 26-Jun-2023,593.3,587.4,606.3,587.4, 590.00,595.15,596.69,39906,238.12,6343, 18799, 47.11,0.47108204280058136,2023-06-26
SRPL, EQ, 26-Jun-2023,3.75,3.75,3.8,3.6, 3.60,3.6,3.64,1049319,38.18,487, 758673, 72.30,0.7230146409242566,2023-06-26
SSWL, EQ, 26-Jun-2023,192.05,193.0,212.0,193.0, 205.55,204.2,205.3,3208686,6587.48,37357, 1091300, 34.01,0.34010806915977443,2023-06-26
STAMPEDE, BE, 26-Jun-2023,1.15,1.15,1.15,1.15, 1.15,1.15,1.15,9453,0.11,8, -, -,,2023-06-26
STAR, EQ, 26-Jun-2023,412.95,412.95,432.0,412.6, 419.40,418.7,422.76,755498,3193.96,19634, 248857, 32.94,0.3293946509454691,2023-06-26
STARCEMENT, EQ, 26-Jun-2023,142.7,142.65,145.55,141.1, 144.00,144.7,143.02,390817,558.93,5784, 112769, 28.85,0.2885468134702431,2023-06-26
STARHEALTH, EQ, 26-Jun-2023,550.5,548.0,549.2,535.2, 539.70,537.1,543.26,390546,2121.7,11493, 251282, 64.34,0.6434120436517081,2023-06-26
STARPAPER, EQ, 26-Jun-2023,168.6,171.85,174.6,168.5, 169.00,170.0,171.41,43876,75.21,1089, 12863, 29.32,0.29316710730239764,2023-06-26
STARTECK, EQ, 26-Jun-2023,131.0,132.6,134.9,128.55, 134.80,132.65,131.17,17403,22.83,1350, 1259, 7.23,0.07234384876170775,2023-06-26
STCINDIA, EQ, 26-Jun-2023,77.3,78.9,79.4,77.8, 78.60,78.15,78.37,23079,18.09,410, 7998, 34.65,0.34654881060704534,2023-06-26
STEELCAS, EQ, 26-Jun-2023,466.1,468.95,469.05,452.9, 466.00,465.7,460.94,28192,129.95,1776, 20155, 71.49,0.7149191259931895,2023-06-26
STEELCITY, EQ, 26-Jun-2023,65.1,64.55,65.0,64.1, 64.10,64.35,64.35,6739,4.34,129, 3660, 54.31,0.5431072859474699,2023-06-26
STEELXIND, EQ, 26-Jun-2023,14.0,14.3,15.4,14.15, 15.40,15.4,15.21,5148813,783.21,3098, 3235524, 62.84,0.6284019248708391,2023-06-26
STEL, EQ, 26-Jun-2023,140.5,140.5,141.55,139.5, 139.70,140.0,140.43,5827,8.18,150, 4081, 70.04,0.7003603912819633,2023-06-26
STERTOOLS, EQ, 26-Jun-2023,372.9,376.1,381.85,368.0, 369.80,370.3,375.36,80887,303.62,4230, 32919, 40.70,0.4069751628815508,2023-06-26
STLTECH, EQ, 26-Jun-2023,148.1,148.05,149.35,146.6, 148.40,148.55,148.27,317769,471.16,4804, 160034, 50.36,0.5036174076137068,2023-06-26
STOVEKRAFT, EQ, 26-Jun-2023,438.8,437.4,441.1,432.75, 434.15,434.0,436.1,66015,287.89,4252, 36188, 54.82,0.5481784442929637,2023-06-26
STYLAMIND, EQ, 26-Jun-2023,1600.0,1600.0,1609.25,1570.0, 1578.20,1578.15,1590.02,20293,322.66,4107, 10592, 52.20,0.52195338293993,2023-06-26
STYRENIX, EQ, 26-Jun-2023,1117.5,1117.5,1130.0,1085.0, 1088.20,1093.75,1113.38,21625,240.77,2799, 14084, 65.13,0.6512832369942196,2023-06-26
SUBEXLTD, EQ, 26-Jun-2023,28.55,28.5,30.1,28.0, 29.40,29.4,29.22,7676101,2243.02,11314, 2085744, 27.17,0.2717191970246353,2023-06-26
SUBROS, EQ, 26-Jun-2023,467.05,470.9,474.8,450.0, 454.00,452.2,457.7,176010,805.6,6598, 73162, 41.57,0.4156695642293052,2023-06-26
SUDARSCHEM, EQ, 26-Jun-2023,497.15,494.0,501.25,492.1, 494.05,496.55,496.66,60274,299.35,4214, 24809, 41.16,0.4116036765437834,2023-06-26
SUKHJITS, EQ, 26-Jun-2023,421.9,424.1,427.1,419.85, 420.05,420.35,422.95,7691,32.53,596, 3685, 47.91,0.47913145234689897,2023-06-26
SULA, EQ, 26-Jun-2023,466.3,469.0,470.6,460.6, 462.55,462.95,465.37,265856,1237.22,6745, 106537, 40.07,0.40073197520462206,2023-06-26
SUMEETINDS, BE, 26-Jun-2023,2.5,2.4,2.4,2.4, 2.40,2.4,2.4,31785,0.76,17, -, -,,2023-06-26
SUMICHEM, EQ, 26-Jun-2023,423.45,424.95,435.0,422.5, 434.00,434.25,430.02,246551,1060.23,7502, 132537, 53.76,0.5375642362026518,2023-06-26
SUMIT, BE, 26-Jun-2023,32.3,32.9,32.9,31.55, 32.40,32.4,32.04,7524,2.41,38, -, -,,2023-06-26
SUMMITSEC, EQ, 26-Jun-2023,703.05,703.05,712.95,693.05, 700.65,701.95,702.13,3136,22.02,303, 2233, 71.21,0.7120535714285714,2023-06-26
SUNCLAYLTD, EQ, 26-Jun-2023,4793.2,4817.2,4825.0,4774.3, 4800.00,4801.7,4806.26,2631,126.45,799, 1735, 65.94,0.6594450779171418,2023-06-26
SUNDARAM, EQ, 26-Jun-2023,2.3,2.25,2.3,2.25, 2.30,2.3,2.27,170580,3.88,228, 91880, 53.86,0.5386328995192872,2023-06-26
SUNDARMFIN, EQ, 26-Jun-2023,2597.85,2610.8,2624.7,2596.85, 2610.00,2609.75,2610.0,31209,814.56,8166, 23219, 74.40,0.743984107148579,2023-06-26
SUNDARMHLD, EQ, 26-Jun-2023,95.3,95.95,96.25,94.7, 95.30,95.05,95.26,64446,61.39,1566, 46591, 72.29,0.7229463426744872,2023-06-26
SUNDRMBRAK, EQ, 26-Jun-2023,352.15,359.15,359.15,352.75, 352.75,355.4,356.0,1385,4.93,119, 781, 56.39,0.563898916967509,2023-06-26
SUNDRMFAST, EQ, 26-Jun-2023,1161.55,1156.05,1187.95,1149.15, 1185.00,1184.95,1178.11,108470,1277.89,9838, 86584, 79.82,0.7982299253249746,2023-06-26
SUNFLAG, EQ, 26-Jun-2023,157.75,157.8,165.7,155.4, 161.60,162.2,162.2,969019,1571.74,19518, 248163, 25.61,0.25609714567000236,2023-06-26
SUNPHARMA, EQ, 26-Jun-2023,991.45,994.0,1003.8,991.45, 998.00,994.95,996.55,2066932,20597.96,71530, 1394594, 67.47,0.6747169234401519,2023-06-26
SUNTECK, EQ, 26-Jun-2023,274.2,276.75,282.0,272.45, 281.75,280.9,278.13,230547,641.22,5922, 109647, 47.56,0.4755949979830577,2023-06-26
SUNTV, EQ, 26-Jun-2023,427.75,426.05,429.9,423.0, 429.80,428.55,426.2,521373,2222.11,12968, 231303, 44.36,0.4436420758267114,2023-06-26
SUPERHOUSE, EQ, 26-Jun-2023,214.15,216.25,216.25,212.0, 213.80,213.0,213.47,10128,21.62,589, 6641, 65.57,0.6557069510268563,2023-06-26
SUPERSPIN, EQ, 26-Jun-2023,6.45,6.9,7.55,6.4, 7.30,7.3,7.24,791157,57.25,1156, 415110, 52.47,0.5246872618203466,2023-06-26
SUPRAJIT, EQ, 26-Jun-2023,385.8,384.5,395.35,384.25, 393.35,394.15,391.44,99617,389.94,5743, 58371, 58.60,0.5859542046036319,2023-06-26
SUPREMEIND, EQ, 26-Jun-2023,3124.05,3123.55,3143.5,3060.0, 3105.00,3105.7,3089.22,130733,4038.63,18710, 95137, 72.77,0.7277198565014189,2023-06-26
SUPREMEINF, BE, 26-Jun-2023,22.1,22.0,22.0,21.25, 21.30,21.55,21.5,113251,24.35,54, -, -,,2023-06-26
SUPRIYA, EQ, 26-Jun-2023,243.55,240.05,250.45,240.05, 248.85,248.55,246.26,74915,184.48,3113, 34176, 45.62,0.4561970232930655,2023-06-26
SURANASOL, EQ, 26-Jun-2023,21.65,21.5,21.75,20.3, 21.00,20.85,21.19,100005,21.19,1004, 56328, 56.33,0.5632518374081296,2023-06-26
SURANAT&P, EQ, 26-Jun-2023,9.45,9.6,9.6,9.2, 9.25,9.3,9.37,45113,4.23,298, 29848, 66.16,0.6616274688005674,2023-06-26
SURYALAXMI, EQ, 26-Jun-2023,59.4,57.45,59.95,57.45, 58.20,59.05,58.75,4735,2.78,164, 2415, 51.00,0.5100316789862724,2023-06-26
SURYAROSNI, EQ, 26-Jun-2023,837.1,842.3,872.35,830.9, 834.70,839.6,852.9,644239,5494.71,27311, 221477, 34.38,0.34378080184527793,2023-06-26
SURYODAY, EQ, 26-Jun-2023,163.0,163.0,170.7,160.55, 168.80,168.05,165.7,805515,1334.71,11051, 277188, 34.41,0.3441127725740675,2023-06-26
SUTLEJTEX, EQ, 26-Jun-2023,46.7,46.7,48.45,46.25, 48.00,48.0,47.51,110331,52.42,1142, 59706, 54.12,0.5411534382902358,2023-06-26
SUULD, BE, 26-Jun-2023,9.85,9.6,9.95,9.5, 9.75,9.65,9.66,112313,10.85,519, -, -,,2023-06-26
SUVEN, EQ, 26-Jun-2023,63.6,64.0,64.65,63.25, 63.95,63.4,63.76,141748,90.39,1316, 74303, 52.42,0.5241908175071254,2023-06-26
SUVENPHAR, EQ, 26-Jun-2023,486.4,485.5,489.4,485.1, 489.40,488.45,487.53,111689,544.51,4736, 82119, 73.52,0.7352469804546553,2023-06-26
SUVIDHAA, EQ, 26-Jun-2023,3.95,3.95,4.05,3.9, 3.95,3.9,3.94,63060,2.49,170, 39092, 61.99,0.619917538851887,2023-06-26
SUZLON, EQ, 26-Jun-2023,13.85,13.95,14.25,13.65, 13.95,14.0,14.0,93075149,13026.14,52363, 42643294, 45.82,0.4581598252397103,2023-06-26
SVLL, EQ, 26-Jun-2023,173.6,175.75,185.0,163.45, 182.00,175.6,174.95,2185,3.82,66, 1394, 63.80,0.6379862700228833,2023-06-26
SVPGLOB, BE, 26-Jun-2023,10.9,10.9,10.9,10.35, 10.60,10.65,10.6,151126,16.01,226, -, -,,2023-06-26
SWANENERGY, EQ, 26-Jun-2023,271.25,271.5,277.0,264.1, 267.60,268.6,270.86,580707,1572.91,12856, 165885, 28.57,0.2856604104996151,2023-06-26
SWARAJENG, EQ, 26-Jun-2023,2063.55,2079.7,2102.35,2074.2, 2086.00,2083.7,2093.08,13924,291.44,3757, 6982, 50.14,0.5014363688595231,2023-06-26
SWELECTES, EQ, 26-Jun-2023,321.85,319.0,324.95,316.75, 320.00,319.35,319.88,7555,24.17,488, 4590, 60.75,0.6075446724023825,2023-06-26
SWSOLAR, EQ, 26-Jun-2023,289.15,290.0,298.65,284.25, 294.00,294.85,292.73,2289220,6701.23,25600, 1033161, 45.13,0.4513157319960511,2023-06-26
SYMPHONY, EQ, 26-Jun-2023,901.35,899.5,899.5,887.15, 895.00,894.55,891.35,33197,295.9,4039, 15515, 46.74,0.4673615085700515,2023-06-26
SYNCOMF, EQ, 26-Jun-2023,7.6,7.7,7.8,7.5, 7.55,7.55,7.63,1723743,131.59,2157, 1064434, 61.75,0.6175131675661627,2023-06-26
SYNGENE, EQ, 26-Jun-2023,727.45,729.95,729.95,720.8, 727.50,726.95,725.75,306744,2226.19,10831, 201602, 65.72,0.6572320892992202,2023-06-26
SYRMA, EQ, 26-Jun-2023,432.45,431.0,438.0,428.55, 435.00,433.5,433.82,395439,1715.48,10698, 175748, 44.44,0.4444377008843336,2023-06-26
TAINWALCHM, EQ, 26-Jun-2023,122.25,124.05,126.4,120.9, 125.50,125.4,123.15,5886,7.25,320, 3720, 63.20,0.6320081549439348,2023-06-26
TAJGVK, EQ, 26-Jun-2023,226.7,228.75,232.0,226.6, 230.10,230.65,229.64,72986,167.61,2491, 30235, 41.43,0.41425752884114764,2023-06-26
TAKE, EQ, 26-Jun-2023,17.05,17.05,17.4,17.0, 17.25,17.2,17.16,71492,12.27,527, 47905, 67.01,0.6700749734235999,2023-06-26
TALBROAUTO, EQ, 26-Jun-2023,723.1,728.4,763.45,723.25, 741.00,740.7,748.89,351676,2633.66,19600, 82274, 23.39,0.23394829331543807,2023-06-26
TANLA, EQ, 26-Jun-2023,1000.6,992.2,1020.0,992.2, 1012.00,1006.75,1007.03,622884,6272.61,21366, 173686, 27.88,0.2788416462776376,2023-06-26
TANTIACONS, BZ, 26-Jun-2023,16.05,15.25,15.75,15.25, 15.25,15.25,15.28,33531,5.12,92, -, -,,2023-06-26
TARC, EQ, 26-Jun-2023,62.55,62.9,63.95,61.8, 63.80,63.75,62.93,667069,419.76,3272, 328853, 49.30,0.4929819853718281,2023-06-26
TARMAT, EQ, 26-Jun-2023,69.45,70.0,70.0,68.05, 68.50,68.65,69.07,8347,5.77,269, 5472, 65.56,0.6555648736072841,2023-06-26
TARSONS, EQ, 26-Jun-2023,590.6,594.65,601.0,585.0, 598.60,599.6,598.76,93728,561.21,6994, 47597, 50.78,0.5078205018777739,2023-06-26
TASTYBITE, EQ, 26-Jun-2023,12450.25,12574.7,12894.85,12400.05, 12790.00,12804.8,12766.77,1648,210.4,935, 739, 44.84,0.4484223300970874,2023-06-26
TATACHEM, EQ, 26-Jun-2023,980.05,981.95,997.0,970.05, 995.00,993.95,986.36,962543,9494.13,28488, 341291, 35.46,0.35457221131939043,2023-06-26
TATACOFFEE, EQ, 26-Jun-2023,241.3,241.3,249.7,241.3, 248.50,249.05,247.06,893049,2206.33,10383, 313630, 35.12,0.3511901362635197,2023-06-26
TATACOMM, EQ, 26-Jun-2023,1560.85,1547.5,1579.9,1529.1, 1564.55,1569.15,1560.37,699266,10911.13,39915, 229830, 32.87,0.3286732087646189,2023-06-26
TATACONSUM, EQ, 26-Jun-2023,840.85,854.0,866.0,847.85, 861.90,862.55,860.23,3022935,26004.2,71480, 635094, 21.01,0.2100918478233902,2023-06-26
TATAELXSI, EQ, 26-Jun-2023,7481.95,7490.0,7595.0,7490.0, 7510.00,7507.75,7534.87,108405,8168.18,15806, 46714, 43.09,0.4309210829758775,2023-06-26
TATAINVEST, EQ, 26-Jun-2023,2316.1,2316.1,2359.0,2295.55, 2313.95,2315.05,2325.9,54555,1268.9,8340, 15356, 28.15,0.28147740812024563,2023-06-26
TATAMETALI, EQ, 26-Jun-2023,776.15,779.15,779.9,764.0, 775.00,775.8,771.05,87307,673.18,3537, 31395, 35.96,0.3595931597695488,2023-06-26
TATAMOTORS, EQ, 26-Jun-2023,559.65,560.0,569.0,557.8, 568.45,567.85,563.79,6986621,39389.57,117244, 2309240, 33.05,0.3305231527515232,2023-06-26
TATAMTRDVR, EQ, 26-Jun-2023,296.9,297.2,302.0,294.4, 301.00,300.85,298.37,1664192,4965.4,22247, 747170, 44.90,0.44896862861977466,2023-06-26
TATAPOWER, EQ, 26-Jun-2023,218.3,218.3,219.35,216.3, 218.35,218.6,218.2,5136478,11207.56,57272, 2087247, 40.64,0.40635762481607046,2023-06-26
TATASTEEL, EQ, 26-Jun-2023,109.6,109.6,110.2,108.1, 110.20,109.85,109.1,25332751,27637.35,129004, 12252344, 48.37,0.4836562756251779,2023-06-26
TATASTLLP, EQ, 26-Jun-2023,650.35,650.0,662.7,644.6, 662.70,657.9,651.87,19404,126.49,1390, 7739, 39.88,0.39883529169243453,2023-06-26
TATVA, EQ, 26-Jun-2023,1809.0,1809.0,1835.0,1801.0, 1821.00,1822.75,1822.26,8702,158.57,1604, 5217, 59.95,0.599517352332797,2023-06-26
TBZ, EQ, 26-Jun-2023,85.4,85.3,86.25,84.05, 84.85,84.4,85.04,113596,96.61,1701, 59449, 52.33,0.5233370893341315,2023-06-26
TCI, EQ, 26-Jun-2023,720.5,719.0,728.0,706.3, 714.00,711.7,719.18,35384,254.48,3868, 13124, 37.09,0.3709021026452634,2023-06-26
TCIEXP, EQ, 26-Jun-2023,1611.0,1600.0,1636.0,1561.0, 1563.00,1575.6,1593.79,16316,260.04,2550, 9230, 56.57,0.5657023780338318,2023-06-26
TCIFINANCE, BE, 26-Jun-2023,2.8,2.8,2.9,2.8, 2.90,2.9,2.83,862,0.02,8, -, -,,2023-06-26
TCNSBRANDS, EQ, 26-Jun-2023,415.3,415.05,417.7,412.5, 414.95,414.55,414.24,80176,332.12,4015, 50947, 63.54,0.6354395330273398,2023-06-26
TCPLPACK, EQ, 26-Jun-2023,1419.35,1420.0,1439.9,1403.0, 1408.00,1411.6,1415.41,13455,190.44,2472, 6696, 49.77,0.49765886287625416,2023-06-26
TCS, EQ, 26-Jun-2023,3216.35,3205.0,3213.9,3173.0, 3190.00,3189.65,3189.39,1978803,63111.74,107706, 1418808, 71.70,0.7170031579697423,2023-06-26
TDPOWERSYS, EQ, 26-Jun-2023,232.95,232.9,232.9,213.85, 222.00,220.75,224.87,1153269,2593.34,23625, 585933, 50.81,0.5080627329790361,2023-06-26
TEAMLEASE, EQ, 26-Jun-2023,2386.25,2386.25,2433.0,2376.1, 2425.00,2414.55,2412.33,13187,318.11,4517, 6261, 47.48,0.47478577386820353,2023-06-26
TECH, EQ, 26-Jun-2023,29.29,29.29,29.4,29.21, 29.23,29.25,29.34,14460,4.24,86, 12489, 86.37,0.8636929460580913,2023-06-26
TECHIN, EQ, 26-Jun-2023,9.55,10.45,10.45,9.6, 9.80,9.85,9.97,19515,1.95,120, 7359, 37.71,0.3770945426594927,2023-06-26
TECHM, EQ, 26-Jun-2023,1115.5,1112.2,1126.0,1108.3, 1113.25,1111.9,1117.85,1432154,16009.34,61798, 865445, 60.43,0.604296046374901,2023-06-26
TECHNOE, EQ, 26-Jun-2023,352.85,356.85,373.9,351.0, 372.00,371.3,366.68,239976,879.94,8485, 77652, 32.36,0.3235823582358236,2023-06-26
TECILCHEM, BE, 26-Jun-2023,21.65,22.2,22.65,20.6, 20.60,21.25,21.33,15309,3.27,56, -, -,,2023-06-26
TEGA, EQ, 26-Jun-2023,944.4,935.3,978.0,935.3, 956.75,961.5,964.64,107043,1032.58,9316, 66508, 62.13,0.6213204039498146,2023-06-26
TEJASNET, EQ, 26-Jun-2023,728.95,728.8,732.05,718.05, 721.95,721.35,723.64,237902,1721.54,8591, 94339, 39.65,0.3965456364385335,2023-06-26
TEMBO, BE, 26-Jun-2023,249.65,243.5,253.9,243.5, 249.00,248.7,249.99,17391,43.48,103, -, -,,2023-06-26
TERASOFT, BE, 26-Jun-2023,50.05,48.7,51.05,48.7, 50.85,50.8,50.65,19522,9.89,127, -, -,,2023-06-26
TEXINFRA, EQ, 26-Jun-2023,58.15,58.15,58.85,57.65, 57.75,57.95,58.08,25316,14.7,370, 15704, 62.03,0.6203191657449834,2023-06-26
TEXMOPIPES, EQ, 26-Jun-2023,55.8,55.85,56.35,55.0, 55.90,56.0,55.81,48059,26.82,937, 25697, 53.47,0.5346969350173745,2023-06-26
TEXRAIL, EQ, 26-Jun-2023,75.75,76.15,78.35,75.9, 77.90,77.75,77.31,6108226,4722.09,19576, 2157781, 35.33,0.35325821277732683,2023-06-26
TFCILTD, EQ, 26-Jun-2023,73.35,73.55,74.0,73.0, 73.45,73.55,73.39,106361,78.05,757, 64050, 60.22,0.6021944133658014,2023-06-26
TFL, EQ, 26-Jun-2023,8.95,9.4,9.65,8.9, 9.15,9.0,9.01,4194,0.38,51, 3196, 76.20,0.7620410109680495,2023-06-26
TGBHOTELS, BE, 26-Jun-2023,10.75,11.15,11.15,10.25, 10.25,10.25,10.56,83477,8.82,161, -, -,,2023-06-26
THANGAMAYL, EQ, 26-Jun-2023,1504.7,1519.6,1528.45,1479.0, 1489.00,1485.05,1492.23,11805,176.16,2164, 6123, 51.87,0.5186785260482846,2023-06-26
THEINVEST, BE, 26-Jun-2023,83.1,84.7,84.7,81.15, 82.95,81.6,82.05,3246,2.66,39, -, -,,2023-06-26
THEMISMED, EQ, 26-Jun-2023,1361.1,1381.55,1420.75,1365.0, 1389.40,1386.4,1392.12,3562,49.59,679, 2186, 61.37,0.613700168444694,2023-06-26
THERMAX, EQ, 26-Jun-2023,2205.25,2224.0,2255.0,2191.85, 2235.00,2214.3,2221.55,56393,1252.8,6887, 37900, 67.21,0.6720692284503396,2023-06-26
THOMASCOOK, EQ, 26-Jun-2023,74.95,75.05,76.65,75.0, 75.20,75.2,75.58,331691,250.68,2934, 186422, 56.20,0.5620351471701072,2023-06-26
THOMASCOTT, BE, 26-Jun-2023,64.5,64.0,65.9,61.3, 65.90,64.45,62.61,12508,7.83,103, -, -,,2023-06-26
THYROCARE, EQ, 26-Jun-2023,491.75,490.0,510.0,490.0, 500.00,499.65,498.45,309033,1540.38,11573, 148455, 48.04,0.48038558988845853,2023-06-26
TI, EQ, 26-Jun-2023,143.7,143.95,145.8,142.0, 142.75,143.2,143.55,184467,264.8,2934, 113793, 61.69,0.6168745629299549,2023-06-26
TIDEWATER, EQ, 26-Jun-2023,965.05,973.25,978.75,962.0, 974.80,974.4,971.32,25832,250.91,2987, 14931, 57.80,0.5780040260142459,2023-06-26
TIIL, EQ, 26-Jun-2023,1646.5,1656.5,1678.35,1605.0, 1634.00,1626.25,1629.47,32131,523.56,7169, 13727, 42.72,0.4272198188665152,2023-06-26
TIINDIA, EQ, 26-Jun-2023,3164.05,3174.9,3253.0,3153.15, 3183.00,3195.7,3212.96,302466,9718.11,23103, 188413, 62.29,0.6229229070374852,2023-06-26
TIJARIA, BE, 26-Jun-2023,6.5,6.65,6.7,6.2, 6.30,6.3,6.31,9101,0.57,41, -, -,,2023-06-26
TIL, BZ, 26-Jun-2023,120.25,120.25,120.25,117.5, 117.50,117.5,118.38,1316,1.56,22, -, -,,2023-06-26
TIMESGTY, EQ, 26-Jun-2023,57.95,56.35,57.65,56.0, 56.00,56.95,57.06,388,0.22,36, 207, 53.35,0.5335051546391752,2023-06-26
TIMETECHNO, EQ, 26-Jun-2023,119.1,119.15,120.35,117.1, 117.70,118.0,118.72,1368860,1625.11,6075, 478943, 34.99,0.34988457548617097,2023-06-26
TIMKEN, EQ, 26-Jun-2023,3301.65,3302.05,3362.0,3260.05, 3344.00,3344.55,3333.54,153454,5115.45,20760, 98571, 64.23,0.6423488472115422,2023-06-26
TINPLATE, EQ, 26-Jun-2023,325.65,323.05,326.0,321.0, 325.85,324.95,323.16,92277,298.2,5855, 30567, 33.13,0.33125264150329986,2023-06-26
TIPSFILMS, EQ, 26-Jun-2023,523.25,523.3,537.3,515.3, 518.00,519.7,525.73,3354,17.63,473, 2011, 59.96,0.599582587954681,2023-06-26
TIPSINDLTD, EQ, 26-Jun-2023,220.75,220.95,240.0,220.95, 237.20,237.55,234.74,357131,838.31,14233, 107806, 30.19,0.3018668219784897,2023-06-26
TIRUMALCHM, EQ, 26-Jun-2023,191.95,192.45,196.2,191.4, 195.10,195.1,194.1,156631,304.03,3034, 60426, 38.58,0.3857857001487573,2023-06-26
TIRUPATIFL, BE, 26-Jun-2023,7.8,7.85,7.9,7.6, 7.80,7.7,7.74,401252,31.06,726, -, -,,2023-06-26
TITAGARH, EQ, 26-Jun-2023,469.6,469.6,489.8,468.1, 488.90,487.5,482.94,844979,4080.78,24152, 441348, 52.23,0.5223183061354187,2023-06-26
TITAN, EQ, 26-Jun-2023,2939.15,2940.0,2981.0,2940.0, 2981.00,2972.6,2966.21,839713,24907.61,48672, 610414, 72.69,0.7269317016647354,2023-06-26
TMB, EQ, 26-Jun-2023,438.2,439.95,442.9,431.3, 432.55,432.45,435.35,107382,467.48,6609, 75118, 69.95,0.6995399601422957,2023-06-26
TNIDETF, EQ, 26-Jun-2023,59.33,58.61,59.89,58.61, 59.79,59.32,59.45,13414,7.97,142, 7595, 56.62,0.566199493066945,2023-06-26
TNPETRO, EQ, 26-Jun-2023,79.0,79.75,80.0,79.0, 79.30,79.2,79.47,78124,62.09,1191, 36008, 46.09,0.4609082996262352,2023-06-26
TNPL, EQ, 26-Jun-2023,206.0,208.0,212.05,207.5, 212.00,211.4,209.34,206109,431.47,3961, 111029, 53.87,0.5386906927887671,2023-06-26
TNTELE, BE, 26-Jun-2023,6.05,6.05,6.25,5.95, 6.20,6.1,6.11,3369,0.21,25, -, -,,2023-06-26
TOKYOPLAST, EQ, 26-Jun-2023,95.1,94.8,96.8,94.15, 95.00,95.35,95.83,5998,5.75,174, 3705, 61.77,0.6177059019673224,2023-06-26
TORNTPHARM, EQ, 26-Jun-2023,1863.05,1879.0,1883.7,1850.0, 1869.00,1867.75,1862.16,233377,4345.85,12560, 131199, 56.22,0.5621762213071554,2023-06-26
TORNTPOWER, EQ, 26-Jun-2023,640.75,640.75,644.25,624.65, 632.00,631.45,634.89,331190,2102.71,11291, 159626, 48.20,0.48197711283553246,2023-06-26
TOTAL, BE, 26-Jun-2023,149.0,147.0,154.0,147.0, 153.00,152.85,152.78,19803,30.26,85, -, -,,2023-06-26
TOUCHWOOD, BE, 26-Jun-2023,156.0,156.0,159.0,155.0, 158.45,158.45,158.57,633,1.0,11, -, -,,2023-06-26
TPLPLASTEH, BE, 26-Jun-2023,44.9,45.0,45.05,42.65, 42.65,42.7,43.03,87491,37.64,393, -, -,,2023-06-26
TRACXN, EQ, 26-Jun-2023,79.9,80.5,81.65,79.15, 79.80,79.75,80.48,339467,273.19,2874, 164460, 48.45,0.4844653530387342,2023-06-26
TREEHOUSE, EQ, 26-Jun-2023,17.6,17.6,18.1,17.1, 17.35,17.3,17.44,25237,4.4,177, 18891, 74.85,0.7485438047311487,2023-06-26
TREJHARA, BE, 26-Jun-2023,69.75,70.7,70.75,67.15, 67.50,67.55,68.38,21614,14.78,176, -, -,,2023-06-26
TRENT, EQ, 26-Jun-2023,1724.95,1726.85,1761.8,1711.25, 1753.00,1753.65,1737.82,445964,7750.04,25963, 237555, 53.27,0.5326775255401781,2023-06-26
TRF, EQ, 26-Jun-2023,165.65,165.05,168.95,164.2, 167.70,166.85,165.54,41109,68.05,668, 15327, 37.28,0.3728380646573743,2023-06-26
TRIDENT, EQ, 26-Jun-2023,33.45,33.5,34.3,32.6, 34.05,33.9,33.38,11994420,4004.06,24907, 3536321, 29.48,0.29483051285514433,2023-06-26
TRIGYN, EQ, 26-Jun-2023,105.0,105.85,106.05,103.6, 104.00,104.1,104.8,61304,64.25,1453, 31405, 51.23,0.512283048414459,2023-06-26
TRIL, EQ, 26-Jun-2023,89.1,89.45,93.3,87.3, 92.00,92.2,91.27,1892830,1727.64,11715, 807119, 42.64,0.42640860510452605,2023-06-26
TRITURBINE, EQ, 26-Jun-2023,402.6,405.25,406.6,399.05, 403.55,404.25,403.7,311699,1258.34,24215, 161262, 51.74,0.5173645087087222,2023-06-26
TRIVENI, EQ, 26-Jun-2023,286.2,287.95,288.85,282.55, 284.50,283.55,284.37,243179,691.52,6940, 137833, 56.68,0.5667964750245704,2023-06-26
TRU, EQ, 26-Jun-2023,58.0,58.9,60.1,57.45, 57.60,57.95,58.32,1137756,663.55,3785, 311592, 27.39,0.27386539820488753,2023-06-26
TTKHLTCARE, EQ, 26-Jun-2023,1249.4,1251.0,1255.4,1230.2, 1231.00,1232.2,1239.36,10873,134.76,1994, 6646, 61.12,0.6112388485238665,2023-06-26
TTKPRESTIG, EQ, 26-Jun-2023,735.1,739.0,746.05,735.0, 740.00,743.6,743.15,50136,372.59,3790, 31559, 62.95,0.6294678474549226,2023-06-26
TTL, EQ, 26-Jun-2023,76.55,76.3,77.05,76.05, 76.70,76.1,76.41,7280,5.56,152, 6050, 83.10,0.8310439560439561,2023-06-26
TTML, EQ, 26-Jun-2023,73.35,73.6,74.05,72.3, 72.75,72.8,73.07,1829456,1336.87,10794, 770268, 42.10,0.4210366360273218,2023-06-26
TV18BRDCST, EQ, 26-Jun-2023,38.3,38.1,38.45,37.6, 37.90,37.9,37.94,6441280,2443.84,9986, 2730856, 42.40,0.42396169705400166,2023-06-26
TVSELECT, EQ, 26-Jun-2023,383.2,384.5,389.0,378.9, 384.00,382.9,382.81,126143,482.89,5693, 56115, 44.49,0.44485227083548035,2023-06-26
TVSMOTOR, EQ, 26-Jun-2023,1301.25,1301.25,1314.9,1289.15, 1290.00,1290.35,1294.66,607694,7867.6,27357, 376565, 61.97,0.6196621984090678,2023-06-26
TVSSRICHAK, EQ, 26-Jun-2023,2918.15,2932.75,2998.0,2900.05, 2907.05,2944.35,2949.73,8365,246.75,2001, 4146, 49.56,0.4956365809922295,2023-06-26
TVTODAY, EQ, 26-Jun-2023,194.0,196.7,197.7,192.0, 193.25,193.8,194.37,76886,149.45,2848, 38623, 50.23,0.5023411284239003,2023-06-26
UBL, EQ, 26-Jun-2023,1490.15,1490.0,1501.95,1480.5, 1499.45,1496.25,1493.84,306059,4572.03,6770, 235631, 76.99,0.7698875053502756,2023-06-26
UCALFUEL, EQ, 26-Jun-2023,122.25,122.75,127.45,121.65, 126.10,126.05,125.08,34002,42.53,849, 18367, 54.02,0.5401741074054467,2023-06-26
UCOBANK, EQ, 26-Jun-2023,26.55,26.6,26.95,26.1, 26.70,26.6,26.53,4470941,1186.33,25224, 1262798, 28.24,0.28244568648971213,2023-06-26
UDAICEMENT, EQ, 26-Jun-2023,23.65,24.1,24.15,23.45, 24.05,23.95,23.82,509905,121.45,1703, 359610, 70.52,0.70524901697375,2023-06-26
UFLEX, EQ, 26-Jun-2023,415.65,417.65,417.65,407.85, 410.00,409.2,411.15,113678,467.38,6368, 63905, 56.22,0.5621580252995303,2023-06-26
UFO, EQ, 26-Jun-2023,77.0,77.4,77.9,74.55, 75.00,74.95,76.32,151943,115.96,1607, 103692, 68.24,0.6824401255734058,2023-06-26
UGARSUGAR, EQ, 26-Jun-2023,121.7,121.7,124.55,119.2, 123.10,123.2,121.84,989143,1205.18,6312, 370012, 37.41,0.3740733139697698,2023-06-26
UGROCAP, EQ, 26-Jun-2023,228.3,229.95,231.0,227.0, 227.50,227.5,228.45,111376,254.44,2374, 51211, 45.98,0.45980283005315326,2023-06-26
UJAAS, BE, 26-Jun-2023,2.1,2.1,2.2,2.05, 2.15,2.1,2.09,167213,3.49,177, -, -,,2023-06-26
UJJIVAN, EQ, 26-Jun-2023,385.7,386.0,389.4,378.3, 384.80,384.1,384.28,309643,1189.89,9023, 143411, 46.31,0.46314949797024313,2023-06-26
UJJIVANSFB, EQ, 26-Jun-2023,37.15,37.3,38.35,37.1, 37.90,37.7,37.74,8395228,3168.67,14407, 3372837, 40.18,0.4017564502119537,2023-06-26
ULTRACEMCO, EQ, 26-Jun-2023,8080.2,8060.0,8270.0,8060.0, 8154.00,8167.1,8138.99,241856,19684.64,24990, 154848, 64.02,0.6402487430537179,2023-06-26
UMAEXPORTS, BE, 26-Jun-2023,58.95,60.0,60.0,56.0, 57.90,57.25,56.85,148573,84.46,1755, -, -,,2023-06-26
UMANGDAIRY, EQ, 26-Jun-2023,61.45,62.35,65.9,61.5, 64.25,64.5,64.0,182558,116.84,1726, 78048, 42.75,0.4275244032033655,2023-06-26
UMESLTD, EQ, 26-Jun-2023,3.75,3.95,3.95,3.4, 3.40,3.45,3.48,139643,4.86,212, 114364, 81.90,0.8189740982362166,2023-06-26
UNICHEMLAB, EQ, 26-Jun-2023,370.15,370.85,371.0,369.25, 370.05,370.25,370.12,38783,143.54,670, 27109, 69.90,0.6989918263156538,2023-06-26
UNIDT, EQ, 26-Jun-2023,196.7,199.0,202.3,195.5, 198.90,198.65,198.61,50750,100.79,4948, 13121, 25.85,0.2585418719211823,2023-06-26
UNIENTER, EQ, 26-Jun-2023,163.55,159.0,167.85,159.0, 161.10,162.7,163.41,17411,28.45,1109, 5093, 29.25,0.2925162253747631,2023-06-26
UNIINFO, EQ, 26-Jun-2023,23.1,23.6,23.6,22.6, 22.70,22.65,23.06,12333,2.84,61, 10333, 83.78,0.8378334549582421,2023-06-26
UNIONBANK, EQ, 26-Jun-2023,68.95,69.3,69.5,68.0, 68.55,68.65,68.58,6867933,4710.22,22086, 3030108, 44.12,0.44119649973288905,2023-06-26
UNIPARTS, EQ, 26-Jun-2023,557.0,557.0,564.85,551.1, 554.60,554.25,557.47,94452,526.55,6705, 57889, 61.29,0.6128933214754584,2023-06-26
UNITECH, BZ, 26-Jun-2023,1.4,1.4,1.45,1.4, 1.45,1.4,1.41,550152,7.76,393, -, -,,2023-06-26
UNITEDPOLY, BE, 26-Jun-2023,98.2,98.0,99.75,95.5, 99.60,99.6,98.7,630,0.62,18, -, -,,2023-06-26
UNITEDTEA, EQ, 26-Jun-2023,271.4,274.9,275.15,271.0, 271.05,271.35,272.23,2189,5.96,87, 1574, 71.90,0.7190497944266788,2023-06-26
UNIVASTU, EQ, 26-Jun-2023,89.9,91.7,107.85,90.05, 107.85,107.65,105.88,1531973,1621.99,6213, 387761, 25.31,0.2531121632039207,2023-06-26
UNIVCABLES, EQ, 26-Jun-2023,369.5,370.9,375.0,368.15, 373.90,372.75,371.81,20072,74.63,1141, 14204, 70.77,0.7076524511757672,2023-06-26
UNIVPHOTO, EQ, 26-Jun-2023,384.75,380.35,384.7,369.0, 376.55,375.2,376.03,2130,8.01,255, 1248, 58.59,0.5859154929577465,2023-06-26
UNOMINDA, EQ, 26-Jun-2023,580.95,581.95,594.0,571.5, 582.00,585.1,584.08,320024,1869.2,16765, 214353, 66.98,0.6698028897832663,2023-06-26
UPL, EQ, 26-Jun-2023,666.85,672.65,680.85,667.5, 679.00,679.2,677.77,2550546,17286.9,60423, 1035289, 40.59,0.4059087740428912,2023-06-26
URJA, EQ, 26-Jun-2023,9.65,9.7,9.8,8.95, 9.65,9.65,9.41,12546502,1181.23,13764, 3509264, 27.97,0.27970058905661516,2023-06-26
USHAMART, EQ, 26-Jun-2023,269.4,266.05,277.0,266.05, 271.25,271.1,273.02,745109,2034.27,10065, 539333, 72.38,0.7238310099596167,2023-06-26
USK, EQ, 26-Jun-2023,30.5,30.7,30.75,30.5, 30.60,30.6,30.6,145446,44.5,781, 110730, 76.13,0.7613134771667835,2023-06-26
UTIAMC, EQ, 26-Jun-2023,683.55,683.55,695.0,677.65, 693.90,693.2,682.45,235907,1609.95,5117, 174501, 73.97,0.7397025098873709,2023-06-26
UTIBANKETF, EQ, 26-Jun-2023,44.32,44.78,44.82,44.13, 44.28,44.22,44.15,234451,103.52,411, 229923, 98.07,0.9806867959616296,2023-06-26
UTINEXT50, EQ, 26-Jun-2023,45.2,45.88,45.88,44.84, 45.15,45.32,45.22,15183,6.87,177, 11031, 72.65,0.7265362576565896,2023-06-26
UTINIFTETF, EQ, 26-Jun-2023,2001.65,2021.65,2021.65,1992.3, 2006.97,2003.88,2000.31,2235,44.71,103, 2169, 97.05,0.9704697986577181,2023-06-26
UTISENSETF, EQ, 26-Jun-2023,674.45,674.45,811.0,671.91, 672.61,749.86,689.74,333,2.3,76, 268, 80.48,0.8048048048048048,2023-06-26
UTISXN50, EQ, 26-Jun-2023,54.99,54.87,55.26,54.85, 55.21,55.21,54.9,3064,1.68,29, 2989, 97.55,0.9755221932114883,2023-06-26
UTTAMSUGAR, EQ, 26-Jun-2023,343.1,344.0,346.2,330.05, 334.00,333.8,337.74,206649,697.93,6847, 65574, 31.73,0.3173206741866643,2023-06-26
V2RETAIL, BE, 26-Jun-2023,125.45,131.7,131.7,131.7, 131.70,131.7,131.7,44945,59.19,181, -, -,,2023-06-26
VADILALIND, EQ, 26-Jun-2023,2709.2,2700.0,2814.8,2700.0, 2749.90,2751.9,2765.59,22360,618.39,4781, 10258, 45.88,0.45876565295169947,2023-06-26
VAIBHAVGBL, EQ, 26-Jun-2023,307.15,308.95,309.95,306.2, 307.25,307.0,307.52,51738,159.1,2887, 30485, 58.92,0.5892187560400479,2023-06-26
VAISHALI, EQ, 26-Jun-2023,126.25,127.1,127.4,126.0, 126.15,126.15,126.38,26022,32.89,308, 19372, 74.44,0.7444470063792176,2023-06-26
VAKRANGEE, BE, 26-Jun-2023,16.25,16.0,16.25,15.95, 16.00,16.0,16.04,1024698,164.33,3982, -, -,,2023-06-26
VALIANTORG, EQ, 26-Jun-2023,543.5,551.65,558.9,543.25, 551.85,547.55,551.58,78082,430.69,4649, 24695, 31.63,0.31627007504930715,2023-06-26
VARDHACRLC, EQ, 26-Jun-2023,53.55,52.7,53.55,52.65, 53.20,52.95,52.92,32543,17.22,306, 26850, 82.51,0.8250622253633654,2023-06-26
VARDMNPOLY, BE, 26-Jun-2023,50.25,50.85,50.85,48.65, 50.10,50.15,50.04,4224,2.11,51, -, -,,2023-06-26
VARROC, EQ, 26-Jun-2023,325.55,327.0,339.0,325.6, 336.10,336.75,334.15,475752,1589.72,13151, 237926, 50.01,0.5001050967731087,2023-06-26
VASCONEQ, EQ, 26-Jun-2023,40.8,40.9,41.8,40.55, 40.85,40.85,40.96,1371710,561.92,5078, 584284, 42.60,0.425953007559907,2023-06-26
VASWANI, EQ, 26-Jun-2023,21.15,21.15,21.6,21.15, 21.15,21.3,21.37,32648,6.98,326, 19303, 59.12,0.5912460181328106,2023-06-26
VBL, EQ, 26-Jun-2023,766.1,768.85,801.0,755.0, 799.95,799.2,790.54,2481282,19615.51,110581, 1249126, 50.34,0.5034196032534795,2023-06-26
VCL, BE, 26-Jun-2023,2.3,2.3,2.35,2.25, 2.25,2.25,2.27,149869,3.4,205, -, -,,2023-06-26
VEDL, EQ, 26-Jun-2023,276.2,276.2,280.65,274.3, 279.50,279.8,278.36,4184383,11647.65,43917, 1811907, 43.30,0.433016528362724,2023-06-26
VENKEYS, EQ, 26-Jun-2023,1695.2,1685.0,1727.95,1676.0, 1702.05,1704.85,1697.9,17041,289.34,2580, 5046, 29.61,0.2961093832521566,2023-06-26
VENUSPIPES, EQ, 26-Jun-2023,1134.1,1134.1,1159.2,1133.5, 1134.00,1138.35,1142.02,74364,849.25,6025, 41775, 56.18,0.5617637566564466,2023-06-26
VENUSREM, BE, 26-Jun-2023,249.7,255.0,257.95,238.0, 254.00,253.55,251.08,26284,65.99,344, -, -,,2023-06-26
VERANDA, EQ, 26-Jun-2023,165.75,166.3,171.6,165.25, 170.00,169.0,169.37,52072,88.2,1559, 30356, 58.30,0.5829620525426332,2023-06-26
VERTOZ, BE, 26-Jun-2023,227.65,235.0,238.0,230.0, 231.00,231.35,233.62,94427,220.6,1012, -, -,,2023-06-26
VESUVIUS, EQ, 26-Jun-2023,2292.1,2310.0,2310.0,2265.0, 2265.00,2269.1,2277.75,3006,68.47,942, 1810, 60.21,0.6021290751829674,2023-06-26
VETO, EQ, 26-Jun-2023,98.95,104.7,104.7,98.55, 100.90,100.3,100.81,260474,262.59,1971, 132936, 51.04,0.510361878728779,2023-06-26
VGUARD, EQ, 26-Jun-2023,265.05,264.9,277.6,260.3, 273.50,274.7,272.47,1231324,3355.01,28579, 464649, 37.74,0.3773572187336558,2023-06-26
VHL, EQ, 26-Jun-2023,2905.75,2948.9,2963.5,2866.0, 2875.10,2887.65,2887.01,520,15.01,131, 395, 75.96,0.7596153846153846,2023-06-26
VICEROY, BZ, 26-Jun-2023,2.7,2.6,2.6,2.6, 2.60,2.6,2.6,2001,0.05,3, -, -,,2023-06-26
VIDHIING, EQ, 26-Jun-2023,384.75,380.0,383.95,371.5, 378.05,378.65,377.26,19808,74.73,1526, 11975, 60.46,0.6045537156704361,2023-06-26
VIJAYA, EQ, 26-Jun-2023,472.35,474.75,483.3,470.1, 473.00,474.35,476.25,587989,2800.32,12199, 407846, 69.36,0.6936286223041588,2023-06-26
VIJIFIN, EQ, 26-Jun-2023,1.8,1.8,1.85,1.75, 1.80,1.85,1.81,39017,0.71,277, 31692, 81.23,0.8122613219878515,2023-06-26
VIKASECO, EQ, 26-Jun-2023,3.3,3.35,3.55,3.25, 3.35,3.3,3.42,25279422,864.39,6071, 12594052, 49.82,0.49819382737469237,2023-06-26
VIKASLIFE, EQ, 26-Jun-2023,3.1,3.15,3.2,3.1, 3.15,3.1,3.14,4661815,146.2,3862, 3052283, 65.47,0.6547413400145652,2023-06-26
VIMTALABS, EQ, 26-Jun-2023,395.75,398.0,404.9,391.55, 398.50,398.8,398.91,17155,68.43,919, 9392, 54.75,0.5474788691343632,2023-06-26
VINATIORGA, EQ, 26-Jun-2023,1822.35,1815.0,1835.0,1801.1, 1835.00,1822.05,1808.42,154153,2787.73,6851, 125091, 81.15,0.811473017067459,2023-06-26
VINDHYATEL, EQ, 26-Jun-2023,1910.95,1939.95,1939.95,1866.0, 1896.00,1897.7,1899.3,6121,116.26,1377, 3473, 56.74,0.5673909491913086,2023-06-26
VINEETLAB, EQ, 26-Jun-2023,51.45,51.25,51.35,49.6, 49.60,50.2,50.63,2814,1.42,72, 2026, 72.00,0.7199715707178393,2023-06-26
VINNY, BE, 26-Jun-2023,5.8,5.9,5.95,5.65, 5.80,5.75,5.86,239525,14.03,399, -, -,,2023-06-26
VINYLINDIA, EQ, 26-Jun-2023,502.25,505.0,509.25,495.7, 496.95,498.45,501.51,36382,182.46,2873, 16571, 45.55,0.4554724863943708,2023-06-26
VIPCLOTHNG, BE, 26-Jun-2023,47.15,46.95,47.5,46.6, 47.50,47.3,47.15,99263,46.8,296, -, -,,2023-06-26
VIPIND, EQ, 26-Jun-2023,616.3,621.5,621.5,608.0, 610.00,609.55,611.81,244675,1496.96,11490, 168661, 68.93,0.6893266578113825,2023-06-26
VIPULLTD, EQ, 26-Jun-2023,13.55,13.9,14.2,13.15, 14.20,14.1,13.75,27857,3.83,86, 16955, 60.86,0.608644146893061,2023-06-26
VIRINCHI, EQ, 26-Jun-2023,50.05,49.75,51.85,48.65, 49.70,49.8,50.46,1583907,799.25,3874, 618334, 39.04,0.3903852940860795,2023-06-26
VISAKAIND, EQ, 26-Jun-2023,91.9,91.05,92.25,88.7, 89.65,89.55,89.87,319762,287.36,4268, 194824, 60.93,0.609278150624527,2023-06-26
VISASTEEL, BE, 26-Jun-2023,11.8,11.9,12.1,11.6, 11.60,11.6,11.81,11477,1.36,54, -, -,,2023-06-26
VISESHINFO, EQ, 26-Jun-2023,0.4,0.4,0.45,0.4, 0.45,0.4,0.42,3976056,16.77,2169, 3648831, 91.77,0.9177011088375013,2023-06-26
VISHAL, EQ, 26-Jun-2023,17.5,17.5,17.65,17.25, 17.45,17.35,17.4,150082,26.11,615, 117616, 78.37,0.7836782558867819,2023-06-26
VISHNU, EQ, 26-Jun-2023,337.5,337.5,343.0,334.0, 334.60,335.25,337.81,46474,156.99,2635, 25725, 55.35,0.5535353100658432,2023-06-26
VISHWARAJ, EQ, 26-Jun-2023,18.8,18.9,19.3,16.95, 17.00,17.1,17.94,19859347,3561.92,17506, 5227206, 26.32,0.26321137346560286,2023-06-26
VIVIDHA, EQ, 26-Jun-2023,0.85,0.85,0.9,0.8, 0.85,0.85,0.85,752027,6.37,454, 402112, 53.47,0.5347042060989832,2023-06-26
VIVIMEDLAB, BZ, 26-Jun-2023,5.65,5.4,5.9,5.4, 5.80,5.7,5.65,110176,6.23,275, -, -,,2023-06-26
VLSFINANCE, EQ, 26-Jun-2023,151.8,151.8,152.1,149.45, 150.00,149.8,150.21,23417,35.18,398, 18086, 77.23,0.7723448776529871,2023-06-26
VMART, EQ, 26-Jun-2023,2098.65,2098.65,2115.95,2063.45, 2110.00,2111.25,2099.97,19672,413.11,3531, 11619, 59.06,0.5906364375762505,2023-06-26
VOLTAMP, EQ, 26-Jun-2023,3962.05,3960.0,3960.0,3880.0, 3890.00,3886.3,3904.88,14711,574.45,4486, 8413, 57.19,0.5718849840255591,2023-06-26
VOLTAS, EQ, 26-Jun-2023,750.5,753.15,759.0,747.6, 758.50,757.65,755.22,1236917,9341.4,35353, 467829, 37.82,0.378221820865911,2023-06-26
VRLLOG, EQ, 26-Jun-2023,691.6,690.45,701.95,682.9, 699.65,697.25,695.45,43657,303.61,4611, 16073, 36.82,0.3681654717456536,2023-06-26
VSSL, EQ, 26-Jun-2023,188.7,188.15,191.55,186.0, 189.00,187.15,187.61,38756,72.71,2280, 22340, 57.64,0.5764268758385799,2023-06-26
VSTIND, EQ, 26-Jun-2023,3470.65,3485.0,3485.0,3447.1, 3458.00,3453.55,3461.55,1781,61.65,852, 1092, 61.31,0.6131386861313869,2023-06-26
VSTTILLERS, EQ, 26-Jun-2023,2730.2,2730.2,2810.2,2730.2, 2793.25,2795.15,2783.51,4278,119.08,1709, 2120, 49.56,0.49555867227676487,2023-06-26
VTL, EQ, 26-Jun-2023,354.25,355.95,369.95,353.7, 369.95,366.7,363.1,175961,638.91,6236, 89683, 50.97,0.5096754394439676,2023-06-26
WABAG, EQ, 26-Jun-2023,490.95,490.95,494.95,478.8, 486.35,485.65,484.94,289808,1405.39,11905, 135361, 46.71,0.46707130237950645,2023-06-26
WALCHANNAG, BE, 26-Jun-2023,80.0,80.0,80.1,77.0, 79.10,78.45,78.74,138887,109.36,760, -, -,,2023-06-26
WANBURY, BE, 26-Jun-2023,53.0,53.15,55.55,53.0, 53.50,53.5,54.6,9725,5.31,72, -, -,,2023-06-26
WATERBASE, EQ, 26-Jun-2023,73.95,73.5,74.45,72.15, 72.90,72.65,73.08,40564,29.64,576, 28957, 71.39,0.7138595799230845,2023-06-26
WEALTH, EQ, 26-Jun-2023,328.3,304.05,329.9,304.05, 327.00,327.0,328.09,66,0.22,17, 58, 87.88,0.8787878787878788,2023-06-26
WEBELSOLAR, EQ, 26-Jun-2023,88.7,88.5,89.55,84.55, 86.50,86.2,86.35,153738,132.76,1827, 92473, 60.15,0.6014973526389051,2023-06-26
WEIZMANIND, BE, 26-Jun-2023,99.45,103.75,103.75,99.0, 100.65,99.45,100.31,3767,3.78,74, -, -,,2023-06-26
WEL, EQ, 26-Jun-2023,224.95,221.4,226.05,216.25, 223.95,222.65,223.63,4857,10.86,121, 4003, 82.42,0.8241712991558575,2023-06-26
WELCORP, EQ, 26-Jun-2023,262.1,262.3,266.0,258.55, 262.90,261.6,261.6,752844,1969.45,11923, 425026, 56.46,0.5645605198420921,2023-06-26
WELENT, EQ, 26-Jun-2023,202.7,202.55,208.5,201.0, 203.00,203.55,204.22,468147,956.07,7325, 205441, 43.88,0.4388386553796137,2023-06-26
WELINV, BE, 26-Jun-2023,383.0,384.7,384.7,370.0, 378.95,372.7,376.1,473,1.78,17, -, -,,2023-06-26
WELSPUNIND, EQ, 26-Jun-2023,91.95,91.95,94.25,91.6, 93.25,93.2,93.44,983780,919.27,10690, 439641, 44.69,0.44688954847628537,2023-06-26
WENDT, EQ, 26-Jun-2023,9785.9,9355.0,9794.35,9355.0, 9734.00,9701.8,9649.59,576,55.58,339, 268, 46.53,0.4652777777777778,2023-06-26
WESTLIFE, EQ, 26-Jun-2023,844.8,848.0,877.95,844.0, 854.00,850.9,857.11,156159,1338.45,12562, 79185, 50.71,0.5070793229977139,2023-06-26
WEWIN, EQ, 26-Jun-2023,38.45,38.65,38.85,38.35, 38.85,38.75,38.68,12083,4.67,30, 8366, 69.24,0.6923777207647107,2023-06-26
WHEELS, EQ, 26-Jun-2023,772.2,773.4,776.95,749.8, 760.00,760.85,763.75,164375,1255.42,11857, 49344, 30.02,0.3001916349809886,2023-06-26
WHIRLPOOL, EQ, 26-Jun-2023,1451.6,1457.6,1460.0,1432.1, 1460.00,1454.35,1447.4,29608,428.55,3671, 11599, 39.18,0.3917522291272629,2023-06-26
WILLAMAGOR, BE, 26-Jun-2023,21.7,21.7,22.4,21.0, 21.00,21.05,21.35,4034,0.86,60, -, -,,2023-06-26
WINDLAS, EQ, 26-Jun-2023,302.95,300.0,309.9,295.8, 305.20,306.5,306.59,52175,159.96,2950, 29645, 56.82,0.5681839961667465,2023-06-26
WINDMACHIN, EQ, 26-Jun-2023,53.15,53.95,55.5,53.5, 54.00,54.05,54.16,110981,60.11,961, 80043, 72.12,0.7212315621592885,2023-06-26
WIPL, BE, 26-Jun-2023,104.5,102.45,105.95,101.05, 105.85,105.85,104.11,628,0.65,22, -, -,,2023-06-26
WIPRO, EQ, 26-Jun-2023,379.95,380.0,381.9,379.05, 380.95,380.9,380.73,2050200,7805.83,47564, 1093269, 53.32,0.5332499268364062,2023-06-26
WOCKPHARMA, EQ, 26-Jun-2023,228.85,231.0,236.0,228.55, 231.40,231.55,231.97,1125231,2610.15,12568, 414414, 36.83,0.36829237729852804,2023-06-26
WONDERLA, EQ, 26-Jun-2023,573.3,574.7,587.9,573.4, 580.15,584.55,582.72,133547,778.21,7619, 58930, 44.13,0.44126786824114356,2023-06-26
WORTH, EQ, 26-Jun-2023,94.45,98.0,98.0,94.55, 94.80,95.5,95.88,8886,8.52,190, 6157, 69.29,0.6928876884987621,2023-06-26
WSTCSTPAPR, EQ, 26-Jun-2023,508.05,508.95,516.65,502.0, 509.40,508.15,510.58,119457,609.93,5812, 63386, 53.06,0.5306177118126187,2023-06-26
XCHANGING, EQ, 26-Jun-2023,75.95,76.7,82.6,76.25, 80.80,80.3,80.13,1293535,1036.51,8792, 561504, 43.41,0.4340848914022427,2023-06-26
XELPMOC, EQ, 26-Jun-2023,90.45,91.75,93.4,88.05, 88.35,88.75,90.16,36384,32.8,1014, 21165, 58.17,0.5817117414248021,2023-06-26
XPROINDIA, EQ, 26-Jun-2023,849.35,849.3,857.05,833.3, 840.00,845.35,844.66,19686,166.28,2622, 8278, 42.05,0.42050187950828,2023-06-26
YAARI, BE, 26-Jun-2023,13.25,13.4,13.6,13.0, 13.40,13.5,13.39,95244,12.75,259, -, -,,2023-06-26
YESBANK, EQ, 26-Jun-2023,16.0,16.05,16.35,16.0, 16.10,16.1,16.15,69419649,11210.66,45256, 18900956, 27.23,0.2722709819520983,2023-06-26
YUKEN, EQ, 26-Jun-2023,614.2,625.0,649.8,616.0, 645.00,642.25,637.59,62126,396.11,1685, 49574, 79.80,0.7979589865756688,2023-06-26
ZEEL, EQ, 26-Jun-2023,176.65,176.75,180.15,174.6, 177.40,177.85,177.49,9626417,17086.31,52780, 2526961, 26.25,0.2625027567370082,2023-06-26
ZEEMEDIA, EQ, 26-Jun-2023,7.95,8.0,8.0,7.9, 8.00,7.95,7.94,976587,77.56,1286, 617408, 63.22,0.6322099311172481,2023-06-26
ZENITHEXPO, BE, 26-Jun-2023,107.9,104.1,107.0,104.1, 105.50,105.85,105.53,325,0.34,21, -, -,,2023-06-26
ZENITHSTL, BE, 26-Jun-2023,4.05,4.15,4.15,3.95, 4.00,4.0,4.07,70023,2.85,154, -, -,,2023-06-26
ZENSARTECH, EQ, 26-Jun-2023,385.0,385.1,392.0,376.0, 380.00,382.15,385.23,994730,3832.01,24494, 500454, 50.31,0.5031053652749993,2023-06-26
ZENTEC, EQ, 26-Jun-2023,386.25,392.1,421.35,392.1, 419.80,418.9,412.37,2213827,9129.13,40784, 702493, 31.73,0.31732063977898906,2023-06-26
ZFCVINDIA, EQ, 26-Jun-2023,12268.4,12260.0,12376.8,12050.0, 12093.50,12081.35,12150.04,1888,229.39,1078, 785, 41.58,0.4157838983050847,2023-06-26
ZIMLAB, EQ, 26-Jun-2023,105.35,106.0,114.0,105.95, 113.50,112.75,110.74,385970,427.41,4994, 238151, 61.70,0.6170194574707879,2023-06-26
ZODIAC, EQ, 26-Jun-2023,132.4,135.0,136.0,130.65, 131.00,132.3,133.61,35327,47.2,1031, 17592, 49.80,0.49797605231126335,2023-06-26
ZODIACLOTH, EQ, 26-Jun-2023,101.0,102.45,102.45,98.55, 99.90,99.5,99.68,40732,40.6,516, 26795, 65.78,0.6578365903957576,2023-06-26
ZOMATO, EQ, 26-Jun-2023,74.15,74.15,75.25,73.8, 75.05,74.85,74.82,30411621,22753.68,58973, 12501043, 41.11,0.41106138340998,2023-06-26
ZOTA, EQ, 26-Jun-2023,363.15,363.0,368.5,360.1, 366.05,366.9,364.51,19815,72.23,787, 13743, 69.36,0.6935654806964421,2023-06-26
ZUARI, EQ, 26-Jun-2023,142.35,145.0,145.0,140.2, 142.75,142.7,142.23,102388,145.62,3777, 48469, 47.34,0.47338555299449153,2023-06-26
ZUARIIND, EQ, 26-Jun-2023,141.55,142.85,144.85,141.65, 144.85,143.6,143.15,26170,37.46,500, 16909, 64.61,0.646121513183034,2023-06-26
ZYDUSLIFE, EQ, 26-Jun-2023,557.1,559.85,563.5,557.3, 561.50,561.8,560.67,685429,3842.99,20016, 229972, 33.55,0.3355154217285817,2023-06-26
ZYDUSWELL, EQ, 26-Jun-2023,1478.0,1485.4,1498.4,1476.5, 1488.10,1490.05,1481.1,299865,4441.31,4583, 276266, 92.13,0.9213012522301702,2023-06-26
