SYMBOL,SERIES,DATE1,PREV_CLOSE,OPEN_PRICE,HIGH_PRICE,LOW_PRICE,LAST_PRICE,CLOSE_PRICE,AVG_PRICE,TTL_TRD_QNTY,TURNOVER_LACS,NO_OF_TRADES,DELIV_QTY,DELIV_PER,DELIVERY_PCT,DATE
20MICRONS, EQ, 05-Jun-2025,217.56,219.4,233.65,219.4,229.5,229.31,228.8,426424,975.67,9404, 154205, 36.16,0.3616236421964993,2025-06-05
21STCENMGM, EQ, 05-Jun-2025,66.89,67.01,68.2,65.55,67.7,66.06,66.32,5481,3.64,253, 4997, 91.17,0.9116949461777047,2025-06-05
360ONE, EQ, 05-Jun-2025,1024.25,1027.0,1089.45,1009.05,1079.9,1074.0,1059.81,1555439,16484.71,70484, 800263, 51.45,0.514493335964959,2025-06-05
3IINFOLTD, EQ, 05-Jun-2025,24.79,24.76,25.44,24.43,24.58,24.51,24.83,418113,103.81,2216, 225632, 53.96,0.5396435891732618,2025-06-05
3MINDIA, EQ, 05-Jun-2025,29695.0,29695.0,29855.0,29555.0,29625.0,29630.0,29686.64,1374,407.89,791, 583, 42.43,0.4243085880640466,2025-06-05
3PLAND, EQ, 05-Jun-2025,51.2,52.0,55.0,51.98,53.6,54.4,53.77,46142,24.81,959, 29612, 64.18,0.6417580512331499,2025-06-05
5PAISA, EQ, 05-Jun-2025,404.7,406.7,412.2,400.1,404.0,404.75,406.04,23713,96.28,2964, 12236, 51.60,0.516003879728419,2025-06-05
63MOONS, EQ, 05-Jun-2025,842.75,848.0,884.85,847.95,884.85,884.4,882.19,451282,3981.17,6109, 247790, 54.91,0.5490801760318382,2025-06-05
A2ZINFRA, BE, 05-Jun-2025,17.78,18.0,18.66,17.81,18.66,18.59,18.42,445167,82.02,596, -, -,,2025-06-05
AAATECH, EQ, 05-Jun-2025,88.88,90.5,90.71,87.1,90.12,90.03,89.16,62154,55.41,3211, 31685, 50.98,0.5097821540045693,2025-06-05
AADHARHFC, EQ, 05-Jun-2025,441.3,444.5,448.0,441.05,444.35,443.8,444.68,275876,1226.77,11378, 151915, 55.07,0.5506640664646435,2025-06-05
AAKASH, EQ, 05-Jun-2025,8.13,8.24,8.28,8.11,8.2,8.14,8.19,86158,7.06,443, 53825, 62.47,0.624724343647717,2025-06-05
AAREYDRUGS, BE, 05-Jun-2025,50.16,50.98,52.66,47.76,52.66,52.65,51.22,84612,43.34,270, -, -,,2025-06-05
AARON, EQ, 05-Jun-2025,390.55,387.35,405.9,375.0,403.0,397.0,389.82,11196,43.64,1000, 6284, 56.13,0.5612718828152912,2025-06-05
AARTECH, EQ, 05-Jun-2025,56.13,56.77,57.99,56.0,57.05,57.6,56.89,35997,20.48,837, 22295, 61.94,0.6193571686529433,2025-06-05
AARTIDRUGS, EQ, 05-Jun-2025,473.65,479.0,484.95,462.0,464.2,463.25,470.26,240445,1130.72,16373, 94651, 39.36,0.39364927530204413,2025-06-05
AARTIIND, EQ, 05-Jun-2025,481.4,487.0,490.05,477.45,480.75,481.65,482.49,1580850,7627.47,23091, 520818, 32.95,0.329454407439036,2025-06-05
AARTIPHARM, EQ, 05-Jun-2025,931.65,939.8,949.5,922.3,923.35,925.25,938.29,288593,2707.83,20500, 140870, 48.81,0.4881268776442949,2025-06-05
AARTISURF, BE, 05-Jun-2025,558.45,556.35,568.9,550.0,560.0,559.8,559.73,3620,20.26,215, -, -,,2025-06-05
AARVEEDEN, BE, 05-Jun-2025,132.37,135.0,138.98,132.1,138.98,138.98,137.15,21532,29.53,137, -, -,,2025-06-05
AARVI, EQ, 05-Jun-2025,112.85,112.85,115.22,112.85,115.0,114.66,114.65,3422,3.92,152, 2180, 63.71,0.6370543541788428,2025-06-05
AAVAS, EQ, 05-Jun-2025,1802.6,1798.0,1828.0,1798.0,1811.1,1812.2,1816.98,78168,1420.3,6854, 26850, 34.35,0.34349094258520113,2025-06-05
ABAN, EQ, 05-Jun-2025,47.39,47.4,48.59,47.3,47.84,47.55,47.91,56754,27.19,1028, 33673, 59.33,0.5933150086337526,2025-06-05
ABB, EQ, 05-Jun-2025,6041.5,6041.0,6080.0,6010.0,6045.0,6031.5,6044.8,135626,8198.32,19178, 71714, 52.88,0.528762921563712,2025-06-05
ABBOTINDIA, EQ, 05-Jun-2025,31295.0,31400.0,31900.0,31290.0,31650.0,31695.0,31546.03,25789,8135.41,5178, 19819, 76.85,0.7685059521501415,2025-06-05
ABCAPITAL, EQ, 05-Jun-2025,225.09,224.1,226.2,222.46,224.75,225.2,224.61,2373268,5330.67,27958, 1150712, 48.49,0.48486390917502786,2025-06-05
ABDL, EQ, 05-Jun-2025,404.0,406.25,424.2,400.8,424.2,423.7,417.24,1330921,5553.11,18172, 737002, 55.38,0.5537533782996887,2025-06-05
ABFRL, EQ, 05-Jun-2025,76.77,77.3,77.5,76.1,77.1,76.88,76.77,20071917,15408.87,65192, 9204193, 45.86,0.45856073438326794,2025-06-05
ABGSEC, EQ, 05-Jun-2025,110.7,110.9,110.95,110.71,110.94,110.93,110.91,1166,1.29,9, 1160, 99.49,0.9948542024013722,2025-06-05
ABINFRA, BE, 05-Jun-2025,140.2,142.0,143.0,139.0,140.01,141.32,140.64,35978,50.6,172, -, -,,2025-06-05
ABMINTLLTD, EQ, 05-Jun-2025,47.15,47.8,48.5,47.1,48.42,48.42,48.14,573,0.28,32, 296, 51.66,0.5165794066317626,2025-06-05
ABREL, EQ, 05-Jun-2025,2137.5,2138.0,2192.8,2138.0,2154.4,2160.3,2163.24,90142,1949.99,18366, 39902, 44.27,0.4426571409553815,2025-06-05
ABSLAMC, EQ, 05-Jun-2025,761.65,765.0,765.0,751.0,754.7,755.55,757.79,335002,2538.6,14911, 266230, 79.47,0.7947116733631441,2025-06-05
ABSLBANETF, EQ, 05-Jun-2025,56.45,57.12,57.12,56.3,56.7,56.6,56.52,2908698,1644.02,416, 2899844, 99.70,0.996956026373312,2025-06-05
ABSLLIQUID, EQ, 05-Jun-2025,999.99,1000.0,1000.01,999.99,1000.01,1000.01,1000.01,16886,168.86,51, 15470, 91.61,0.9161435508705437,2025-06-05
ABSLNN50ET, EQ, 05-Jun-2025,69.59,71.32,71.32,69.57,70.0,69.94,69.91,7921,5.54,264, 5259, 66.39,0.6639313218028027,2025-06-05
ABSLPSE, EQ, 05-Jun-2025,10.05,10.14,10.14,10.02,10.09,10.05,10.06,296734,29.85,640, 223229, 75.23,0.7522865596797131,2025-06-05
ACC, EQ, 05-Jun-2025,1877.0,1880.8,1894.8,1877.0,1887.3,1884.9,1886.96,158090,2983.09,13884, 65574, 41.48,0.41478904421532037,2025-06-05
ACCELYA, EQ, 05-Jun-2025,1409.8,1404.0,1419.9,1390.0,1395.2,1394.6,1403.56,11046,155.04,1953, 6216, 56.27,0.5627376425855514,2025-06-05
ACCURACY, EQ, 05-Jun-2025,8.62,8.62,8.7,8.55,8.68,8.62,8.64,141708,12.24,708, 106895, 75.43,0.7543328534733396,2025-06-05
ACE, EQ, 05-Jun-2025,1266.2,1275.0,1275.7,1250.0,1257.0,1251.9,1260.09,125324,1579.19,10362, 64755, 51.67,0.5167007117551307,2025-06-05
ACEINTEG, EQ, 05-Jun-2025,25.38,25.0,26.8,25.0,25.82,25.96,25.88,15139,3.92,371, 2743, 18.12,0.1811876610079926,2025-06-05
ACI, EQ, 05-Jun-2025,628.35,628.3,650.3,625.05,637.6,638.55,638.61,256565,1638.46,14530, 128252, 49.99,0.49988112174302807,2025-06-05
ACL, EQ, 05-Jun-2025,67.64,66.25,68.39,66.25,68.14,68.12,67.84,18623,12.63,422, 12217, 65.60,0.6560167534768834,2025-06-05
ACLGATI, EQ, 05-Jun-2025,69.53,69.89,71.79,69.89,70.85,70.73,70.9,389451,276.13,4890, 169845, 43.61,0.43611391420230017,2025-06-05
ACMESOLAR, EQ, 05-Jun-2025,253.7,254.3,255.45,248.9,252.75,253.75,252.12,2316112,5839.41,13199, 2122052, 91.62,0.9162130328757849,2025-06-05
ACUTAAS, EQ, 05-Jun-2025,1113.1,1113.7,1155.0,1108.3,1134.3,1130.0,1129.07,690862,7800.35,43585, 523767, 75.81,0.7581354887083094,2025-06-05
ADANIENSOL, EQ, 05-Jun-2025,866.0,869.95,883.0,864.05,873.95,872.2,872.91,5723306,49959.41,86177, 3123791, 54.58,0.5458018494904868,2025-06-05
ADANIENT, EQ, 05-Jun-2025,2489.4,2495.0,2530.1,2487.5,2510.0,2504.4,2510.52,673209,16901.07,38579, 191508, 28.45,0.2844703502181343,2025-06-05
ADANIGREEN, EQ, 05-Jun-2025,1004.8,1006.0,1019.0,1002.0,1004.0,1003.6,1010.73,1454736,14703.5,39991, 463523, 31.86,0.3186303219278275,2025-06-05
ADANIPORTS, EQ, 05-Jun-2025,1436.2,1443.8,1467.7,1438.0,1453.0,1456.7,1456.37,2019939,29417.85,67402, 877367, 43.44,0.43435321561690726,2025-06-05
ADANIPOWER, EQ, 05-Jun-2025,545.15,547.7,553.7,546.55,547.95,547.65,549.97,1923341,10577.87,35712, 734790, 38.20,0.38203833849535784,2025-06-05
ADFFOODS, EQ, 05-Jun-2025,265.68,264.86,268.35,261.1,262.6,262.53,265.33,99933,265.16,5747, 50908, 50.94,0.509421312279227,2025-06-05
ADL, BE, 05-Jun-2025,91.7,92.99,95.5,92.99,95.0,95.0,94.26,3610,3.4,42, -, -,,2025-06-05
ADOR, EQ, 05-Jun-2025,968.55,973.6,998.0,967.1,993.0,987.85,985.16,13141,129.46,1578, 5511, 41.94,0.41937447682824747,2025-06-05
ADROITINFO, EQ, 05-Jun-2025,11.26,11.35,11.41,10.93,11.17,11.06,11.16,29235,3.26,263, 16981, 58.08,0.5808448777150675,2025-06-05
ADSL, EQ, 05-Jun-2025,197.39,198.0,201.34,196.4,196.4,197.99,199.09,246871,491.5,4825, 111264, 45.07,0.45069692268431694,2025-06-05
ADVANIHOTR, EQ, 05-Jun-2025,60.91,61.88,61.88,60.8,61.3,61.04,61.07,25697,15.69,766, 14795, 57.57,0.5757481418064365,2025-06-05
ADVENZYMES, EQ, 05-Jun-2025,307.6,309.2,311.75,303.5,304.05,304.35,307.07,110674,339.85,5498, 63616, 57.48,0.5748052839872057,2025-06-05
AEGISLOG, EQ, 05-Jun-2025,799.5,800.0,807.5,795.55,804.6,806.05,801.21,626251,5017.58,10962, 430228, 68.70,0.6869897213736984,2025-06-05
AEGISVOPAK, EQ, 05-Jun-2025,266.46,266.0,266.24,254.05,257.65,260.17,259.05,2138915,5540.84,41746, 1037622, 48.51,0.4851160518300166,2025-06-05
AEROFLEX, EQ, 05-Jun-2025,163.04,163.1,165.65,162.5,163.25,163.26,164.0,370358,607.39,6277, 213569, 57.67,0.5766555602957139,2025-06-05
AETHER, EQ, 05-Jun-2025,775.2,776.5,812.2,773.55,801.3,801.4,796.72,721386,5747.43,37342, 378861, 52.52,0.5251848524922856,2025-06-05
AFCONS, EQ, 05-Jun-2025,421.5,425.0,425.6,421.6,423.65,423.95,423.64,593664,2514.99,19921, 381912, 64.33,0.6433133893919794,2025-06-05
AFFLE, EQ, 05-Jun-2025,1802.8,1803.2,1824.0,1783.1,1793.8,1789.0,1805.94,235440,4251.91,13759, 168035, 71.37,0.7137062521236833,2025-06-05
AFFORDABLE, EQ, 05-Jun-2025,426.0,429.5,441.2,420.55,433.3,437.65,436.03,16581,72.3,1038, 9934, 59.91,0.5991194740968578,2025-06-05
AFIL, EQ, 05-Jun-2025,7.93,8.08,8.8,7.96,8.44,8.46,8.5,8883684,754.86,6256, 4934231, 55.54,0.5554262173215526,2025-06-05
AFSL, EQ, 05-Jun-2025,218.87,222.0,226.98,217.0,217.91,218.21,219.98,95872,210.9,2037, 66693, 69.56,0.6956462783711616,2025-06-05
AGARIND, EQ, 05-Jun-2025,967.7,972.8,985.2,962.05,982.0,981.05,971.55,67798,658.69,1461, 60771, 89.64,0.8963538747455677,2025-06-05
AGARWALEYE, EQ, 05-Jun-2025,345.5,345.0,356.7,345.0,355.1,354.5,352.63,318488,1123.1,25030, 161747, 50.79,0.5078590088166587,2025-06-05
AGI, EQ, 05-Jun-2025,841.15,841.15,860.8,841.15,851.55,856.5,851.71,67626,575.98,7400, 34357, 50.80,0.508044243338361,2025-06-05
AGIIL, EQ, 05-Jun-2025,837.55,845.95,913.0,845.95,897.5,897.3,876.95,163723,1435.77,14442, 76262, 46.58,0.4657989408940711,2025-06-05
AGRITECH, EQ, 05-Jun-2025,162.47,162.08,165.24,160.17,160.7,161.47,162.3,9763,15.85,537, 5834, 59.76,0.5975622247260064,2025-06-05
AGROPHOS, EQ, 05-Jun-2025,36.77,37.42,37.8,36.22,37.01,36.94,36.91,121242,44.75,1198, 74817, 61.71,0.6170881377740387,2025-06-05
AGSTRA, BE, 05-Jun-2025,5.38,5.32,5.32,5.27,5.27,5.27,5.31,1188387,63.07,585, -, -,,2025-06-05
AHLADA, EQ, 05-Jun-2025,65.64,65.7,66.93,65.2,65.98,65.62,65.84,13674,9.0,535, 8826, 64.55,0.645458534444932,2025-06-05
AHLEAST, EQ, 05-Jun-2025,139.08,140.48,141.4,138.75,139.05,139.21,139.7,6226,8.7,327, 2848, 45.74,0.4574365563764857,2025-06-05
AHLUCONT, EQ, 05-Jun-2025,928.15,927.4,940.8,921.05,926.95,932.0,933.31,36310,338.89,4831, 15680, 43.18,0.43183695951528506,2025-06-05
AIAENG, EQ, 05-Jun-2025,3533.7,3533.0,3550.0,3486.2,3497.0,3518.8,3518.42,25256,888.61,5493, 12329, 48.82,0.48816122901488757,2025-06-05
AIIL, EQ, 05-Jun-2025,2525.0,2520.1,2531.0,2465.0,2470.0,2472.5,2497.03,70824,1768.5,10850, 35356, 49.92,0.4992093075793516,2025-06-05
AIRAN, EQ, 05-Jun-2025,28.34,28.86,28.9,27.1,27.65,27.51,27.96,230285,64.39,1415, 135645, 58.90,0.5890309833467225,2025-06-05
AIROLAM, EQ, 05-Jun-2025,95.42,95.81,96.79,93.25,94.92,94.9,95.49,2534,2.42,65, 1865, 73.60,0.7359905288082084,2025-06-05
AJANTPHARM, EQ, 05-Jun-2025,2586.4,2600.0,2633.7,2560.0,2582.4,2577.8,2597.03,300138,7794.68,16160, 238067, 79.32,0.7931917984393846,2025-06-05
AJAXENGG, EQ, 05-Jun-2025,628.45,634.95,634.95,614.95,617.6,616.4,621.62,222503,1383.13,12802, 139131, 62.53,0.6252994341649326,2025-06-05
AJMERA, EQ, 05-Jun-2025,815.5,815.5,868.0,815.5,857.4,851.55,854.18,147604,1260.81,11344, 62195, 42.14,0.4213639196769735,2025-06-05
AJOONI, EQ, 05-Jun-2025,5.82,5.82,5.87,5.71,5.76,5.73,5.79,689848,39.92,1131, 481851, 69.85,0.6984886525727406,2025-06-05
AKASH, EQ, 05-Jun-2025,28.81,29.79,29.79,28.7,29.31,29.44,29.42,5454,1.6,127, 3369, 61.77,0.6177117711771177,2025-06-05
AKG, EQ, 05-Jun-2025,14.41,14.34,15.0,13.61,14.0,13.93,14.08,49955,7.04,335, 37863, 75.79,0.7579421479331399,2025-06-05
AKI, BE, 05-Jun-2025,7.9,8.05,8.05,7.99,7.99,7.99,8.03,10903,0.88,33, -, -,,2025-06-05
AKSHAR, BE, 05-Jun-2025,0.59,0.6,0.6,0.58,0.59,0.59,0.6,1278634,7.62,763, -, -,,2025-06-05
AKSHARCHEM, EQ, 05-Jun-2025,252.92,257.5,257.5,250.1,251.26,252.71,253.36,4545,11.52,366, 2157, 47.46,0.4745874587458746,2025-06-05
AKSHOPTFBR, BE, 05-Jun-2025,9.29,9.38,9.42,9.05,9.14,9.12,9.15,103228,9.45,248, -, -,,2025-06-05
AKUMS, EQ, 05-Jun-2025,554.05,555.3,565.9,552.45,560.85,560.8,559.22,124458,695.99,6915, 52933, 42.53,0.42530813607803436,2025-06-05
AKZOINDIA, EQ, 05-Jun-2025,3308.2,3337.0,3342.3,3286.0,3290.0,3295.2,3303.56,9510,314.17,2770, 5130, 53.94,0.5394321766561514,2025-06-05
ALANKIT, EQ, 05-Jun-2025,14.5,14.5,14.9,14.4,14.4,14.57,14.68,287543,42.22,1963, 138592, 48.20,0.48198704193807534,2025-06-05
ALBERTDAVD, EQ, 05-Jun-2025,798.85,802.0,807.95,798.7,800.6,801.15,801.81,3746,30.04,442, 2618, 69.89,0.6988788040576615,2025-06-05
ALEMBICLTD, EQ, 05-Jun-2025,110.66,111.0,112.52,110.76,111.45,111.07,111.53,304492,339.61,5233, 152337, 50.03,0.5002988584264939,2025-06-05
ALICON, EQ, 05-Jun-2025,908.4,913.2,917.05,900.0,908.35,905.5,908.35,4874,44.27,725, 2542, 52.15,0.5215428805908905,2025-06-05
ALIVUS, EQ, 05-Jun-2025,1023.5,1013.3,1029.9,1007.4,1011.6,1011.5,1017.13,63777,648.7,11396, 30696, 48.13,0.48130203678442074,2025-06-05
ALKALI, EQ, 05-Jun-2025,103.53,104.28,104.28,101.8,102.0,101.99,102.53,20272,20.78,607, 12665, 62.48,0.6247533543804262,2025-06-05
ALKEM, EQ, 05-Jun-2025,4868.5,4869.0,4925.0,4826.5,4843.0,4843.5,4860.46,151598,7368.36,19262, 81651, 53.86,0.5386020923758889,2025-06-05
ALKYLAMINE, EQ, 05-Jun-2025,1936.4,1946.0,1967.9,1935.3,1945.0,1952.5,1952.84,22947,448.12,4927, 10449, 45.54,0.45535364099882336,2025-06-05
ALLCARGO, EQ, 05-Jun-2025,33.26,33.6,34.18,32.93,33.3,33.28,33.47,7619863,2550.49,23032, 3680810, 48.31,0.4830546165987499,2025-06-05
ALLDIGI, EQ, 05-Jun-2025,910.35,910.35,917.15,903.0,913.9,911.95,911.01,6090,55.48,1074, 3900, 64.04,0.6403940886699507,2025-06-05
ALMONDZ, EQ, 05-Jun-2025,19.99,19.85,20.44,19.59,19.94,19.89,19.96,142998,28.54,1056, 82617, 57.77,0.5777493391515965,2025-06-05
ALOKINDS, EQ, 05-Jun-2025,19.2,19.35,19.9,19.31,19.49,19.44,19.59,5395331,1057.15,12475, 1956030, 36.25,0.3625412416772947,2025-06-05
ALPA, EQ, 05-Jun-2025,100.87,100.5,102.65,93.22,99.0,97.65,98.52,82777,81.55,1476, 44863, 54.20,0.541974219891999,2025-06-05
ALPHA, EQ, 05-Jun-2025,49.99,50.21,50.86,49.91,50.86,50.81,50.57,1749764,884.8,4310, 1022262, 58.42,0.5842285016722255,2025-06-05
ALPHAETF, EQ, 05-Jun-2025,24.74,25.0,25.1,24.71,25.05,25.07,25.02,1062250,265.77,1770, 664336, 62.54,0.6254045657801836,2025-06-05
ALPHAGEO, EQ, 05-Jun-2025,261.95,264.55,264.75,255.05,264.4,262.45,260.14,13425,34.92,543, 8729, 65.02,0.6502048417132216,2025-06-05
ALPL30IETF, EQ, 05-Jun-2025,27.19,27.19,27.44,27.16,27.35,27.31,27.36,1187596,324.91,1384, 883596, 74.40,0.7440206939060084,2025-06-05
ALPSINDUS, BE, 05-Jun-2025,2.41,2.41,2.53,2.35,2.42,2.41,2.44,22039,0.54,56, -, -,,2025-06-05
AMBER, EQ, 05-Jun-2025,6240.0,6260.0,6461.5,6260.0,6311.0,6301.5,6358.76,201581,12818.06,30030, 58430, 28.99,0.28985866723550335,2025-06-05
AMBICAAGAR, EQ, 05-Jun-2025,29.32,29.76,30.09,29.2,29.35,29.55,29.63,11702,3.47,323, 8912, 76.16,0.7615792172278243,2025-06-05
AMBIKCO, EQ, 05-Jun-2025,1634.4,1635.4,1700.0,1622.5,1700.0,1691.7,1670.31,25870,432.11,4081, 13449, 51.99,0.5198685736374179,2025-06-05
AMBUJACEM, EQ, 05-Jun-2025,552.45,552.5,556.5,549.0,550.4,550.15,552.46,1079232,5962.32,17289, 636583, 58.98,0.5898481512779458,2025-06-05
AMDIND, EQ, 05-Jun-2025,49.45,49.72,51.18,49.21,50.0,50.65,50.41,7480,3.77,226, 3457, 46.22,0.4621657754010695,2025-06-05
AMJLAND, EQ, 05-Jun-2025,60.88,61.81,61.81,60.35,60.9,60.57,60.86,45844,27.9,984, 29525, 64.40,0.6440319343861792,2025-06-05
AMNPLST, EQ, 05-Jun-2025,229.56,227.51,237.45,227.51,234.05,235.07,234.15,16089,37.67,416, 13120, 81.55,0.815463981602337,2025-06-05
AMRUTANJAN, EQ, 05-Jun-2025,731.7,738.0,744.45,719.0,719.1,722.5,734.92,17043,125.25,2514, 10715, 62.87,0.6287038666901367,2025-06-05
ANANDRATHI, EQ, 05-Jun-2025,1972.2,1989.0,1990.0,1948.9,1968.0,1970.7,1966.1,44213,869.27,4705, 30903, 69.90,0.6989573202451768,2025-06-05
ANANTRAJ, EQ, 05-Jun-2025,570.9,572.0,583.25,568.5,568.5,570.55,576.02,1636431,9426.15,35483, 645081, 39.42,0.39419993876918735,2025-06-05
ANDHRAPAP, EQ, 05-Jun-2025,76.94,77.3,78.69,76.0,76.6,76.56,77.32,93793,72.52,2049, 40869, 43.57,0.43573614235603936,2025-06-05
ANDHRSUGAR, EQ, 05-Jun-2025,75.62,76.0,78.0,75.02,76.3,76.55,76.62,313717,240.35,4151, 148980, 47.49,0.4748866016186563,2025-06-05
ANGELONE, EQ, 05-Jun-2025,3128.6,3155.0,3285.0,3121.1,3255.0,3271.7,3222.91,2143988,69098.87,102348, 591767, 27.60,0.2760122724567488,2025-06-05
ANIKINDS, BE, 05-Jun-2025,110.0,110.0,113.8,110.0,112.99,112.98,112.04,2131,2.39,29, -, -,,2025-06-05
ANKITMETAL, BZ, 05-Jun-2025,2.23,2.16,2.33,2.16,2.25,2.25,2.25,22395,0.5,46, -, -,,2025-06-05
ANMOL, EQ, 05-Jun-2025,17.34,17.31,17.88,17.31,17.47,17.4,17.53,36736,6.44,1033, 16000, 43.55,0.4355400696864111,2025-06-05
ANSALAPI, BZ, 05-Jun-2025,3.79,3.85,3.85,3.72,3.73,3.75,3.79,118320,4.49,143, -, -,,2025-06-05
ANTGRAPHIC, EQ, 05-Jun-2025,1.06,1.06,1.1,1.05,1.09,1.06,1.07,444961,4.78,503, 339556, 76.31,0.7631140706713622,2025-06-05
ANUHPHR, EQ, 05-Jun-2025,217.02,217.02,221.45,208.61,211.45,210.78,214.21,53814,115.28,2391, 33346, 61.97,0.6196528784331214,2025-06-05
ANUP, EQ, 05-Jun-2025,2780.4,2814.0,2852.5,2785.1,2802.1,2805.7,2818.8,24487,690.24,5274, 9880, 40.35,0.40347939723118387,2025-06-05
ANURAS, EQ, 05-Jun-2025,1024.4,1030.5,1048.5,1028.9,1039.0,1044.2,1040.5,252823,2630.62,8354, 167224, 66.14,0.6614271644589298,2025-06-05
AONELIQUID, EQ, 05-Jun-2025,1011.03,1011.19,1011.19,1011.03,1011.18,1011.18,1011.18,20388,206.16,186, 18672, 91.58,0.9158328428487346,2025-06-05
AONENIFTY, EQ, 05-Jun-2025,10.04,10.13,10.13,10.0,10.09,10.07,10.08,220825,22.25,1183, 142813, 64.67,0.6467247820672478,2025-06-05
AONETOTAL, EQ, 05-Jun-2025,11.51,11.58,11.6,11.45,11.58,11.55,11.56,633875,73.29,2620, 287703, 45.39,0.45387970814435025,2025-06-05
APARINDS, EQ, 05-Jun-2025,7946.0,8015.5,8118.0,7930.0,8020.0,8050.5,8017.24,37589,3013.6,8531, 17201, 45.76,0.45760727872515894,2025-06-05
APCL, EQ, 05-Jun-2025,139.31,139.55,141.5,136.5,137.0,137.13,138.52,28486,39.46,1892, 7158, 25.13,0.2512813311802289,2025-06-05
APCOTEXIND, EQ, 05-Jun-2025,386.95,385.75,392.4,380.2,384.95,383.65,388.3,22345,86.77,2762, 10163, 45.48,0.45482210785410604,2025-06-05
APEX, EQ, 05-Jun-2025,223.8,224.91,228.3,224.01,224.14,224.43,225.61,32743,73.87,1042, 17198, 52.52,0.5252420364658095,2025-06-05
APLAPOLLO, EQ, 05-Jun-2025,1894.4,1900.0,1920.0,1875.5,1909.9,1914.9,1908.88,912666,17421.73,45615, 522816, 57.28,0.5728448304198908,2025-06-05
APLLTD, EQ, 05-Jun-2025,981.4,989.0,989.0,970.4,975.6,973.4,979.02,38038,372.4,4539, 17574, 46.20,0.4620116725379883,2025-06-05
APOLLO, EQ, 05-Jun-2025,203.03,204.6,208.0,196.03,205.91,205.98,203.36,12094583,24595.38,70394, 3213125, 26.57,0.2656664558009152,2025-06-05
APOLLOHOSP, EQ, 05-Jun-2025,6855.0,6868.5,6919.5,6842.0,6893.0,6876.0,6886.18,488647,33649.13,54095, 344244, 70.45,0.7044840140223925,2025-06-05
APOLLOPIPE, EQ, 05-Jun-2025,444.4,445.0,456.95,428.0,434.4,433.1,443.25,332747,1474.9,11523, 164423, 49.41,0.4941381890745822,2025-06-05
APOLLOTYRE, EQ, 05-Jun-2025,458.15,461.3,466.75,460.0,462.6,462.65,463.1,619545,2869.13,15602, 299919, 48.41,0.48409558627702587,2025-06-05
APOLSINHOT, EQ, 05-Jun-2025,1297.0,1280.0,1332.4,1280.0,1300.0,1290.6,1305.07,4206,54.89,399, 3347, 79.58,0.7957679505468378,2025-06-05
APTECHT, BE, 05-Jun-2025,156.55,158.11,159.94,156.01,158.25,157.32,157.93,28647,45.24,507, -, -,,2025-06-05
APTUS, EQ, 05-Jun-2025,307.7,309.95,309.95,303.55,307.0,307.35,306.58,2896217,8879.21,52762, 1872730, 64.66,0.6466124603232424,2025-06-05
ARCHIDPLY, EQ, 05-Jun-2025,96.07,97.01,97.51,95.21,95.51,95.55,96.5,21100,20.36,347, 16571, 78.54,0.7853554502369668,2025-06-05
ARCHIES, EQ, 05-Jun-2025,20.13,20.5,20.6,20.28,20.28,20.45,20.32,13456,2.73,143, 11784, 87.57,0.8757431629013079,2025-06-05
ARE&M, EQ, 05-Jun-2025,998.5,1004.8,1009.6,998.2,1000.0,1000.3,1001.52,502349,5031.11,26486, 255307, 50.82,0.5082263525955063,2025-06-05
ARENTERP, EQ, 05-Jun-2025,46.93,46.9,48.0,46.1,47.99,47.97,46.85,3191,1.5,61, 2666, 83.55,0.8354747727984958,2025-06-05
ARIES, EQ, 05-Jun-2025,318.05,318.45,324.9,318.35,320.0,321.45,321.13,54435,174.81,2308, 27142, 49.86,0.49861302470836777,2025-06-05
ARIHANTCAP, EQ, 05-Jun-2025,71.07,70.72,72.5,70.71,71.6,71.16,71.65,130744,93.68,1467, 66872, 51.15,0.5114728018111729,2025-06-05
ARIHANTSUP, EQ, 05-Jun-2025,365.5,367.0,374.0,366.9,372.0,371.6,371.89,17177,63.88,999, 8766, 51.03,0.5103335856086627,2025-06-05
ARKADE, EQ, 05-Jun-2025,185.02,185.7,190.4,183.42,184.82,184.06,186.99,1839317,3439.41,21067, 454749, 24.72,0.24723796931143463,2025-06-05
ARMANFIN, EQ, 05-Jun-2025,1499.6,1495.1,1528.9,1490.2,1524.0,1519.9,1512.94,20818,314.96,3429, 11100, 53.32,0.5331924296282063,2025-06-05
AROGRANITE, EQ, 05-Jun-2025,39.55,39.89,40.59,38.34,38.8,39.0,39.47,13699,5.41,544, 9692, 70.75,0.7074968975837652,2025-06-05
ARROWGREEN, BE, 05-Jun-2025,686.95,673.25,673.25,673.25,673.25,673.25,673.25,2660,17.91,106, -, -,,2025-06-05
ARSHIYA, BZ, 05-Jun-2025,2.63,2.66,2.73,2.57,2.69,2.63,2.65,60038,1.59,62, -, -,,2025-06-05
ARTEMISMED, EQ, 05-Jun-2025,272.3,272.05,272.55,267.25,270.05,269.2,269.89,98537,265.94,5356, 45741, 46.42,0.46420126449962956,2025-06-05
ARTNIRMAN, EQ, 05-Jun-2025,51.65,50.1,52.9,50.1,52.9,52.15,52.06,5292,2.75,47, 4715, 89.10,0.8909674981103552,2025-06-05
ARVEE, EQ, 05-Jun-2025,184.77,180.41,187.0,176.2,176.51,177.74,179.71,2088,3.75,128, 1151, 55.12,0.5512452107279694,2025-06-05
ARVIND, EQ, 05-Jun-2025,353.15,354.6,356.8,349.05,350.5,350.3,351.27,183978,646.26,6437, 90995, 49.46,0.4945971800976204,2025-06-05
ARVINDFASN, EQ, 05-Jun-2025,468.65,469.1,472.95,461.3,462.4,464.5,468.02,131340,614.7,9704, 58331, 44.41,0.44412212578041727,2025-06-05
ARVSMART, EQ, 05-Jun-2025,675.15,681.85,688.5,675.0,675.2,678.9,681.52,45957,313.21,4949, 22660, 49.31,0.4930696085471201,2025-06-05
ASAHIINDIA, EQ, 05-Jun-2025,730.95,730.95,738.35,729.0,735.25,733.4,733.2,35140,257.65,4319, 15580, 44.34,0.4433693796243597,2025-06-05
ASAHISONG, BE, 05-Jun-2025,420.65,420.65,422.0,415.5,419.9,419.9,419.65,3033,12.73,91, -, -,,2025-06-05
ASAL, EQ, 05-Jun-2025,490.0,490.0,494.65,477.85,482.0,480.7,483.56,42071,203.44,2368, 23968, 56.97,0.5697035963014904,2025-06-05
ASALCBR, EQ, 05-Jun-2025,1129.4,1140.0,1163.0,1113.7,1123.3,1122.3,1138.67,91462,1041.45,11517, 38668, 42.28,0.4227766722791979,2025-06-05
ASHAPURMIN, EQ, 05-Jun-2025,395.2,396.0,405.9,385.0,389.0,389.35,394.29,418812,1651.34,9887, 212609, 50.76,0.5076478228895065,2025-06-05
ASHIANA, EQ, 05-Jun-2025,320.1,322.5,328.75,318.0,326.0,324.4,323.69,51375,166.3,2751, 29297, 57.03,0.5702579075425791,2025-06-05
ASHIMASYN, BE, 05-Jun-2025,30.9,31.25,31.25,30.25,30.75,30.41,30.7,60775,18.66,238, -, -,,2025-06-05
ASHOKA, EQ, 05-Jun-2025,215.7,216.0,222.0,216.0,219.8,218.79,219.38,1473603,3232.74,22762, 616813, 41.86,0.4185747450296993,2025-06-05
ASHOKAMET, EQ, 05-Jun-2025,17.1,17.12,17.65,17.0,17.11,17.1,17.15,77882,13.35,795, 37340, 47.94,0.47944326031688966,2025-06-05
ASHOKLEY, EQ, 05-Jun-2025,235.62,236.9,236.9,232.79,233.89,233.93,233.97,7230951,16918.25,55075, 3884478, 53.72,0.5372015382209062,2025-06-05
ASIANENE, EQ, 05-Jun-2025,307.1,307.0,311.9,305.25,309.0,307.45,307.47,61548,189.24,2334, 35624, 57.88,0.5788002859556769,2025-06-05
ASIANHOTNR, BE, 05-Jun-2025,363.75,363.75,365.0,354.65,354.65,355.0,356.18,916,3.26,33, -, -,,2025-06-05
ASIANPAINT, EQ, 05-Jun-2025,2249.0,2251.1,2261.0,2233.0,2242.0,2243.5,2244.09,996615,22364.95,51385, 606139, 60.82,0.6081977493816569,2025-06-05
ASIANTILES, EQ, 05-Jun-2025,58.01,57.99,59.18,56.97,57.7,57.38,58.15,411551,239.32,2998, 203252, 49.39,0.4938683176568639,2025-06-05
ASKAUTOLTD, EQ, 05-Jun-2025,442.3,445.9,458.6,445.0,451.55,452.15,454.73,286553,1303.05,15161, 163256, 56.97,0.5697235764413564,2025-06-05
ASMS, EQ, 05-Jun-2025,13.42,13.0,14.48,12.62,13.86,13.76,13.58,1632199,221.72,7449, 730741, 44.77,0.44770337440471414,2025-06-05
ASPINWALL, EQ, 05-Jun-2025,284.05,285.35,286.0,280.7,281.1,281.55,282.79,1942,5.49,94, 1201, 61.84,0.6184346035015448,2025-06-05
ASTEC, EQ, 05-Jun-2025,727.55,727.55,795.0,727.55,783.0,781.75,769.76,95348,733.95,7304, 41324, 43.34,0.43340185426018374,2025-06-05
ASTERDM, EQ, 05-Jun-2025,582.85,585.9,590.5,580.0,585.95,586.9,586.36,990273,5806.52,39481, 456696, 46.12,0.4611819165018131,2025-06-05
ASTRAL, EQ, 05-Jun-2025,1522.4,1530.0,1537.0,1507.5,1509.9,1510.2,1524.43,512191,7807.97,29206, 202561, 39.55,0.39547942076295756,2025-06-05
ASTRAMICRO, EQ, 05-Jun-2025,1147.9,1150.5,1195.9,1141.5,1170.0,1178.6,1169.88,1123287,13141.17,41327, 331604, 29.52,0.29520861542953847,2025-06-05
ASTRAZEN, EQ, 05-Jun-2025,9493.5,9495.0,9955.0,9362.0,9842.0,9884.0,9773.56,267768,26170.46,50055, 36490, 13.63,0.13627468554868394,2025-06-05
ASTRON, BE, 05-Jun-2025,19.28,18.89,18.89,18.89,18.89,18.89,18.89,2229,0.42,21, -, -,,2025-06-05
ATALREAL, EQ, 05-Jun-2025,15.47,15.4,16.21,15.12,16.21,15.63,15.36,2235911,343.39,1929, 543398, 24.30,0.24303203481712823,2025-06-05
ATAM, EQ, 05-Jun-2025,101.74,100.09,102.8,100.09,101.96,101.19,101.69,9438,9.6,403, 4520, 47.89,0.47891502436956984,2025-06-05
ATGL, EQ, 05-Jun-2025,682.45,684.7,690.05,677.3,681.2,682.35,684.48,616872,4222.36,17139, 170699, 27.67,0.27671704989041485,2025-06-05
ATHERENERG, EQ, 05-Jun-2025,307.2,309.45,312.0,306.15,308.95,308.65,309.15,674193,2084.29,16579, 387438, 57.47,0.5746692712620867,2025-06-05
ATL, EQ, 05-Jun-2025,29.06,29.22,30.09,29.01,29.05,29.09,29.59,262367,77.65,1676, 136867, 52.17,0.5216624041895512,2025-06-05
ATLANTAA, EQ, 05-Jun-2025,36.11,35.95,37.38,35.82,36.0,36.11,36.57,16483,6.03,177, 14592, 88.53,0.8852757386398107,2025-06-05
ATLASCYCLE, BE, 05-Jun-2025,136.61,134.0,143.44,132.0,143.44,143.43,142.66,22595,32.23,236, -, -,,2025-06-05
ATUL, EQ, 05-Jun-2025,7168.5,7229.0,7338.0,7204.5,7242.0,7262.0,7274.09,29234,2126.51,8970, 12622, 43.18,0.43175754258739824,2025-06-05
ATULAUTO, EQ, 05-Jun-2025,475.95,476.45,483.7,471.35,473.0,472.75,476.89,50450,240.59,2483, 24616, 48.79,0.4879286422200198,2025-06-05
AUBANK, EQ, 05-Jun-2025,725.2,730.0,730.0,713.2,721.5,720.05,718.56,2082775,14966.09,37016, 1257881, 60.39,0.6039447371895668,2025-06-05
AURIONPRO, EQ, 05-Jun-2025,1379.5,1398.0,1436.5,1356.5,1360.0,1361.5,1392.52,159708,2223.97,9965, 90765, 56.83,0.5683184311368247,2025-06-05
AUROPHARMA, EQ, 05-Jun-2025,1138.7,1141.8,1161.5,1141.8,1161.5,1159.5,1156.22,709775,8206.58,26398, 370032, 52.13,0.5213370434292558,2025-06-05
AURUM, EQ, 05-Jun-2025,196.21,197.48,203.0,193.33,199.0,199.34,197.35,69536,137.23,1625, 37369, 53.74,0.537405085135757,2025-06-05
AUSOMENT, EQ, 05-Jun-2025,112.11,114.5,114.84,110.03,110.1,110.72,111.49,8491,9.47,249, 5025, 59.18,0.5918030856200683,2025-06-05
AUTOAXLES, EQ, 05-Jun-2025,1743.0,1764.0,1852.0,1764.0,1810.1,1814.0,1826.72,33268,607.71,6239, 13356, 40.15,0.4014668750751473,2025-06-05
AUTOBEES, EQ, 05-Jun-2025,237.98,238.5,239.5,236.33,238.24,237.97,238.09,140141,333.67,3799, 65589, 46.80,0.4680214926395559,2025-06-05
AUTOIETF, EQ, 05-Jun-2025,23.88,23.87,23.99,23.71,23.86,23.84,23.87,401106,95.75,1884, 190632, 47.53,0.47526588981466245,2025-06-05
AUTOIND, EQ, 05-Jun-2025,86.74,86.48,88.99,85.7,86.46,86.52,87.26,51310,44.77,1284, 27852, 54.28,0.5428181641005652,2025-06-05
AVADHSUGAR, EQ, 05-Jun-2025,547.0,545.0,559.4,544.75,549.0,547.9,551.96,36154,199.56,2368, 12071, 33.39,0.33387730264977594,2025-06-05
AVALON, EQ, 05-Jun-2025,859.1,869.0,873.6,860.1,869.9,864.8,867.11,104076,902.45,4538, 58504, 56.21,0.5621276759291287,2025-06-05
AVANTEL, EQ, 05-Jun-2025,160.43,165.0,184.61,164.0,182.3,181.43,177.74,22852041,40617.72,165185, 5732580, 25.09,0.25085636770912495,2025-06-05
AVANTIFEED, EQ, 05-Jun-2025,762.95,767.0,767.4,748.35,753.8,753.3,756.06,744711,5630.47,38629, 298002, 40.02,0.40015791360675484,2025-06-05
AVG, EQ, 05-Jun-2025,278.05,284.0,290.0,270.0,280.0,278.95,282.37,32062,90.53,1349, 20388, 63.59,0.6358929573950471,2025-06-05
AVL, EQ, 05-Jun-2025,398.3,398.3,405.0,392.0,395.0,394.05,398.64,80434,320.64,7025, 46047, 57.25,0.5724817863092722,2025-06-05
AVONMORE, BE, 05-Jun-2025,20.22,20.09,20.09,19.81,19.81,19.81,19.84,94431,18.73,201, -, -,,2025-06-05
AVROIND, EQ, 05-Jun-2025,185.08,187.21,191.9,183.3,183.5,185.7,187.89,19164,36.01,762, 12224, 63.79,0.6378626591525778,2025-06-05
AVTNPL, EQ, 05-Jun-2025,64.41,64.73,67.8,64.5,66.12,65.63,66.2,173266,114.71,2382, 53570, 30.92,0.30917779598998074,2025-06-05
AWFIS, EQ, 05-Jun-2025,655.15,655.0,714.9,654.95,687.3,684.55,690.18,550382,3798.65,35899, 235712, 42.83,0.4282698198705626,2025-06-05
AWHCL, EQ, 05-Jun-2025,606.4,612.5,624.8,609.3,619.95,619.8,617.2,71082,438.72,5453, 35250, 49.59,0.49590613657466026,2025-06-05
AWL, EQ, 05-Jun-2025,268.7,269.1,270.2,265.05,265.3,265.25,266.38,1416431,3773.12,22033, 941232, 66.45,0.6645096019502539,2025-06-05
AXISBANK, EQ, 05-Jun-2025,1171.0,1172.5,1175.5,1157.0,1160.0,1159.0,1163.31,10481600,121933.82,149921, 7959046, 75.93,0.7593350251869944,2025-06-05
AXISBNKETF, EQ, 05-Jun-2025,569.01,569.51,570.83,568.18,569.88,569.85,569.56,6665,37.96,37, 6641, 99.64,0.9963990997749438,2025-06-05
AXISBPSETF, EQ, 05-Jun-2025,12.69,12.37,12.79,12.37,12.73,12.72,12.73,23258,2.96,330, 16798, 72.22,0.7222461088657666,2025-06-05
AXISCADES, BE, 05-Jun-2025,1077.2,1080.0,1131.0,1080.0,1131.0,1131.0,1119.4,80607,902.31,2172, -, -,,2025-06-05
AXISCETF, EQ, 05-Jun-2025,117.1,117.1,119.5,116.0,116.0,118.77,118.13,27872,32.93,72, 25389, 91.09,0.9109141791044776,2025-06-05
AXISGOLD, EQ, 05-Jun-2025,81.95,82.93,82.93,81.63,82.37,82.29,82.05,236250,193.84,2256, 169170, 71.61,0.7160634920634921,2025-06-05
AXISHCETF, EQ, 05-Jun-2025,140.92,141.9,142.88,141.67,142.0,142.36,141.98,8572,12.17,87, 7559, 88.18,0.8818245450303314,2025-06-05
AXISILVER, EQ, 05-Jun-2025,101.95,103.77,106.0,101.41,106.0,104.85,103.35,108891,112.54,728, 60021, 55.12,0.5512025787255145,2025-06-05
AXISNIFTY, EQ, 05-Jun-2025,268.71,271.0,271.25,268.71,270.0,269.89,270.28,9827,26.56,174, 8992, 91.50,0.9150300193344866,2025-06-05
AXISTECETF, EQ, 05-Jun-2025,397.19,399.01,403.0,398.8,401.9,401.22,400.74,1483,5.94,83, 1109, 74.78,0.7478084962913014,2025-06-05
AXISVALUE, EQ, 05-Jun-2025,27.93,28.28,28.28,27.81,28.05,27.95,27.98,3264,0.91,80, 1996, 61.15,0.6115196078431373,2025-06-05
AXITA, EQ, 05-Jun-2025,9.5,9.25,9.39,9.08,9.09,9.09,9.14,3453453,315.63,5322, 1954632, 56.60,0.5659935143174093,2025-06-05
AXSENSEX, EQ, 05-Jun-2025,82.64,83.08,83.56,83.02,83.46,83.15,83.32,2316,1.93,30, 904, 39.03,0.3903281519861831,2025-06-05
AYMSYNTEX, EQ, 05-Jun-2025,232.08,233.78,243.68,224.72,240.0,243.4,240.61,87538,210.62,1386, 68289, 78.01,0.7801069249925746,2025-06-05
AZAD, EQ, 05-Jun-2025,1816.3,1819.0,1839.6,1745.0,1754.0,1753.6,1776.08,367195,6521.68,27231, 183730, 50.04,0.5003608436934054,2025-06-05
BAFNAPH, BE, 05-Jun-2025,73.15,73.15,74.5,73.06,74.49,74.49,73.43,1540,1.13,22, -, -,,2025-06-05
BAGFILMS, BE, 05-Jun-2025,7.55,7.78,7.78,7.56,7.68,7.64,7.64,63424,4.85,183, -, -,,2025-06-05
BAIDFIN, EQ, 05-Jun-2025,10.97,11.1,11.27,11.02,11.17,11.11,11.14,216632,24.14,1242, 155531, 71.80,0.7179502566564496,2025-06-05
BAJAJ-AUTO, EQ, 05-Jun-2025,8563.5,8614.0,8614.0,8509.5,8563.5,8557.5,8563.01,381642,32680.06,36961, 245198, 64.25,0.6424816975070878,2025-06-05
BAJAJCON, EQ, 05-Jun-2025,174.78,174.85,176.65,173.7,174.0,174.03,175.08,234199,410.05,4222, 138738, 59.24,0.5923936481368409,2025-06-05
BAJAJELEC, EQ, 05-Jun-2025,653.45,655.0,663.25,649.0,650.0,651.0,655.56,42511,278.68,4565, 13855, 32.59,0.32591564536237677,2025-06-05
BAJAJFINSV, EQ, 05-Jun-2025,1956.1,1961.0,1965.9,1929.1,1944.9,1944.0,1944.21,1808602,35162.97,78655, 853728, 47.20,0.4720375184811252,2025-06-05
BAJAJHCARE, EQ, 05-Jun-2025,528.4,531.0,540.0,531.0,538.8,538.0,538.01,123932,666.76,4380, 66713, 53.83,0.5383032630797534,2025-06-05
BAJAJHFL, EQ, 05-Jun-2025,121.75,122.0,124.0,122.0,122.81,122.82,122.9,5412201,6651.61,32394, 2523867, 46.63,0.4663291330089182,2025-06-05
BAJAJHIND, EQ, 05-Jun-2025,24.43,24.26,25.24,24.26,24.35,24.36,24.77,8415770,2084.73,16946, 3399374, 40.39,0.40392905224358555,2025-06-05
BAJAJHLDNG, EQ, 05-Jun-2025,13414.0,13460.0,13538.0,13271.0,13480.0,13482.0,13432.83,39215,5267.68,11309, 15656, 39.92,0.3992349866122657,2025-06-05
BAJAJINDEF, EQ, 05-Jun-2025,238.73,242.84,286.47,241.78,286.47,286.47,276.8,418754,1159.12,9117, 187204, 44.71,0.4470500580292964,2025-06-05
BAJEL, EQ, 05-Jun-2025,214.98,213.55,222.84,213.55,216.0,216.27,218.26,301071,657.12,7943, 128168, 42.57,0.425706893058448,2025-06-05
BAJFINANCE, EQ, 05-Jun-2025,8987.0,8987.0,8987.0,8869.5,8925.0,8934.0,8927.86,785332,70113.37,77620, 430140, 54.77,0.5477173985015255,2025-06-05
BALAJEE, EQ, 05-Jun-2025,49.99,50.0,50.5,48.96,49.0,49.39,49.7,110796,55.06,1448, 76792, 69.31,0.6930936134878516,2025-06-05
BALAJITELE, BE, 05-Jun-2025,81.02,81.77,83.2,80.55,82.9,81.92,81.72,77250,63.13,276, -, -,,2025-06-05
BALAMINES, EQ, 05-Jun-2025,1484.5,1484.3,1486.0,1467.5,1471.4,1472.1,1473.04,32431,477.72,3742, 17685, 54.53,0.5453115845949863,2025-06-05
BALAXI, EQ, 05-Jun-2025,50.98,52.9,52.9,50.82,51.4,51.03,51.38,121891,62.63,2188, 68376, 56.10,0.5609602021478206,2025-06-05
BALKRISHNA, EQ, 05-Jun-2025,20.91,21.65,21.65,20.82,20.84,20.97,21.09,9445,1.99,222, 6869, 72.73,0.7272631021704605,2025-06-05
BALKRISIND, EQ, 05-Jun-2025,2471.4,2478.0,2484.2,2455.0,2460.2,2460.2,2467.1,224091,5528.55,38787, 111656, 49.83,0.4982618668308857,2025-06-05
BALMLAWRIE, EQ, 05-Jun-2025,213.26,214.9,216.68,213.01,213.7,214.03,214.55,329068,706.02,6292, 155805, 47.35,0.4734735677732262,2025-06-05
BALPHARMA, EQ, 05-Jun-2025,97.91,97.2,99.76,97.2,99.7,99.36,98.79,17599,17.39,534, 11455, 65.09,0.6508892550713109,2025-06-05
BALRAMCHIN, EQ, 05-Jun-2025,595.65,595.65,611.0,595.65,607.0,604.5,605.0,547683,3313.48,15751, 218059, 39.81,0.39814819886686276,2025-06-05
BALUFORGE, EQ, 05-Jun-2025,700.75,703.0,709.8,683.25,692.3,692.15,695.65,818425,5693.38,14756, 402175, 49.14,0.4914011668754009,2025-06-05
BANARBEADS, EQ, 05-Jun-2025,117.52,119.51,122.39,117.0,118.4,117.44,119.46,10029,11.98,896, 3644, 36.33,0.36334629574234717,2025-06-05
BANARISUG, EQ, 05-Jun-2025,3915.2,3954.4,4000.0,3900.0,3900.1,3905.6,3910.17,5420,211.93,639, 4269, 78.76,0.7876383763837639,2025-06-05
BANCOINDIA, EQ, 05-Jun-2025,577.5,579.0,582.2,557.8,559.05,559.0,565.36,285097,1611.82,12459, 148863, 52.21,0.5221486020547392,2025-06-05
BANDHANBNK, EQ, 05-Jun-2025,169.02,169.8,170.65,166.52,167.19,166.86,167.68,6421997,10768.3,25653, 3765782, 58.64,0.5863880036069777,2025-06-05
BANG, EQ, 05-Jun-2025,60.5,60.5,61.49,58.0,58.6,58.2,59.58,31303,18.65,981, 20701, 66.13,0.6613104175318659,2025-06-05
BANKA, EQ, 05-Jun-2025,65.59,66.95,66.95,64.12,64.5,65.04,65.23,6438,4.2,259, 3538, 54.95,0.5495495495495496,2025-06-05
BANKBARODA, EQ, 05-Jun-2025,254.61,255.0,256.0,248.6,251.25,250.64,251.18,20759942,52145.65,91139, 12556215, 60.48,0.6048290019307375,2025-06-05
BANKBEES, EQ, 05-Jun-2025,570.86,570.86,574.19,570.0,572.4,571.78,571.77,939189,5369.95,8026, 643967, 68.57,0.6856628431551051,2025-06-05
BANKBETF, EQ, 05-Jun-2025,56.01,56.53,56.53,55.95,56.29,56.17,56.16,15123,8.49,172, 10765, 71.18,0.7118296634265688,2025-06-05
BANKETF, EQ, 05-Jun-2025,561.0,562.25,564.69,560.85,562.57,562.08,562.25,1670,9.39,65, 1163, 69.64,0.6964071856287425,2025-06-05
BANKETFADD, EQ, 05-Jun-2025,56.6,56.89,56.89,56.4,56.55,56.53,56.41,2891035,1630.72,174, 2889150, 99.93,0.9993479843723787,2025-06-05
BANKIETF, EQ, 05-Jun-2025,56.56,55.14,57.24,55.14,56.82,56.75,56.63,3340613,1891.75,1401, 2984905, 89.35,0.8935201413632767,2025-06-05
BANKINDIA, EQ, 05-Jun-2025,124.89,125.5,125.99,123.65,124.29,124.25,124.46,4686895,5833.44,22096, 2181534, 46.55,0.46545399459556913,2025-06-05
BANKNIFTY1, EQ, 05-Jun-2025,571.66,571.66,575.08,570.78,572.55,572.28,572.51,478616,2740.13,2335, 427625, 89.35,0.8934615641767095,2025-06-05
BANKPSU, EQ, 05-Jun-2025,71.28,71.28,71.33,70.7,71.11,70.92,71.01,14245,10.12,71, 13303, 93.39,0.9338715338715339,2025-06-05
BANSALWIRE, EQ, 05-Jun-2025,360.55,360.55,369.9,360.55,367.25,368.4,366.19,136098,498.38,6242, 83153, 61.10,0.6109788534732326,2025-06-05
BANSWRAS, EQ, 05-Jun-2025,148.13,149.88,150.3,147.0,147.0,147.52,148.36,33010,48.97,630, 23820, 72.16,0.7215995152983944,2025-06-05
BARBEQUE, EQ, 05-Jun-2025,310.7,310.55,315.0,310.15,311.95,312.4,312.34,81748,255.33,3593, 30403, 37.19,0.37191123941870136,2025-06-05
BASF, EQ, 05-Jun-2025,5174.5,5194.5,5210.0,5101.0,5125.0,5115.5,5141.63,18211,936.34,3950, 9416, 51.71,0.5170501345340728,2025-06-05
BASML, EQ, 05-Jun-2025,33.03,33.35,34.33,32.65,33.24,33.2,33.49,472342,158.19,2351, 315314, 66.76,0.667554441485195,2025-06-05
BATAINDIA, EQ, 05-Jun-2025,1222.6,1222.6,1231.1,1200.0,1209.5,1210.2,1218.28,200790,2446.19,14840, 85482, 42.57,0.4257283729269386,2025-06-05
BAYERCROP, EQ, 05-Jun-2025,5599.5,5600.0,5637.0,5544.0,5575.5,5575.0,5586.39,25725,1437.1,4812, 11291, 43.89,0.43891156462585035,2025-06-05
BBETF0432, EQ, 05-Jun-2025,1285.64,1288.94,1289.12,1284.0,1285.11,1288.84,1288.11,1245,16.04,36, 976, 78.39,0.7839357429718875,2025-06-05
BBL, EQ, 05-Jun-2025,2916.4,2935.0,3052.1,2915.1,3027.0,3027.6,3000.27,139210,4176.67,12587, 82490, 59.26,0.5925580058903814,2025-06-05
BBNPNBETF, EQ, 05-Jun-2025,55.43,55.56,55.85,55.52,55.83,55.83,55.6,564,0.31,13, 473, 83.87,0.8386524822695035,2025-06-05
BBNPPGOLD, EQ, 05-Jun-2025,95.4,95.45,95.85,95.35,95.85,95.8,95.55,1745,1.67,39, 1229, 70.43,0.7042979942693409,2025-06-05
BBOX, EQ, 05-Jun-2025,559.85,562.55,571.9,558.1,562.5,561.3,561.89,239057,1343.23,10192, 91526, 38.29,0.3828626645528054,2025-06-05
BBTC, EQ, 05-Jun-2025,2004.4,2020.0,2020.0,1971.0,1976.6,1981.4,1986.67,28971,575.56,4864, 14383, 49.65,0.4964619792205999,2025-06-05
BBTCL, EQ, 05-Jun-2025,156.8,158.83,159.96,155.19,155.62,157.35,157.2,2420,3.8,585, 399, 16.49,0.16487603305785123,2025-06-05
BCLIND, EQ, 05-Jun-2025,41.73,41.74,42.44,41.73,41.9,41.96,42.13,504966,212.73,3821, 260401, 51.57,0.5156802636217092,2025-06-05
BCONCEPTS, EQ, 05-Jun-2025,356.95,362.7,363.9,350.0,350.0,352.25,357.92,11426,40.9,720, 7548, 66.06,0.6605986346928059,2025-06-05
BDL, EQ, 05-Jun-2025,1947.4,1963.0,1982.9,1926.4,1972.0,1968.8,1955.22,3067139,59969.43,98405, 623322, 20.32,0.20322587271069228,2025-06-05
BEARDSELL, EQ, 05-Jun-2025,30.2,31.17,31.17,30.2,30.95,30.91,30.82,41711,12.86,401, 32596, 78.15,0.7814725132459064,2025-06-05
BECTORFOOD, EQ, 05-Jun-2025,1436.4,1445.1,1467.9,1427.1,1428.0,1429.7,1443.02,93708,1352.22,18915, 58933, 62.89,0.628900414052162,2025-06-05
BEDMUTHA, EQ, 05-Jun-2025,168.46,169.8,171.45,164.55,165.0,165.55,167.1,22617,37.79,935, 13670, 60.44,0.6044126099836407,2025-06-05
BEL, EQ, 05-Jun-2025,390.6,393.7,394.7,389.5,394.1,393.5,391.88,20746844,81302.66,144121, 8531386, 41.12,0.41121367664402353,2025-06-05
BELRISE, EQ, 05-Jun-2025,97.21,98.02,103.2,98.0,98.4,98.35,100.67,38905891,39165.08,136659, 15299300, 39.32,0.39323864861493596,2025-06-05
BEML, EQ, 05-Jun-2025,4373.7,4397.5,4488.0,4340.0,4431.8,4435.3,4421.13,832596,36810.12,57391, 187909, 22.57,0.22569049094638938,2025-06-05
BEPL, EQ, 05-Jun-2025,116.68,116.35,119.4,116.35,117.2,117.01,117.7,394881,464.76,7010, 194437, 49.24,0.49239391107700803,2025-06-05
BERGEPAINT, EQ, 05-Jun-2025,569.25,569.35,588.5,564.0,577.45,582.0,579.35,845301,4897.27,25063, 292104, 34.56,0.345562113377365,2025-06-05
BESTAGRO, BE, 05-Jun-2025,344.85,344.05,345.0,340.0,340.0,340.0,342.98,5628,19.3,118, -, -,,2025-06-05
BFINVEST, EQ, 05-Jun-2025,500.85,501.0,537.85,501.0,502.75,503.05,517.32,186018,962.3,9740, 56373, 30.31,0.3030513176144244,2025-06-05
BFSI, EQ, 05-Jun-2025,26.99,26.99,27.2,26.95,27.14,27.14,27.12,543066,147.3,800, 438629, 80.77,0.8076900413577723,2025-06-05
BFUTILITIE, EQ, 05-Jun-2025,746.35,750.0,808.4,750.0,771.0,771.7,786.21,446889,3513.5,25609, 123381, 27.61,0.2760886931654169,2025-06-05
BGRENERGY, BE, 05-Jun-2025,115.48,117.78,117.78,117.5,117.5,117.5,117.72,86112,101.37,217, -, -,,2025-06-05
BHAGCHEM, EQ, 05-Jun-2025,295.45,297.8,297.8,290.95,293.9,292.4,294.09,102403,301.16,3160, 77657, 75.83,0.7583469234299777,2025-06-05
BHAGERIA, EQ, 05-Jun-2025,188.86,190.8,196.6,188.85,191.71,192.18,192.92,46849,90.38,1895, 27236, 58.14,0.5813571260859357,2025-06-05
BHAGYANGR, EQ, 05-Jun-2025,79.43,80.89,81.92,78.8,79.03,79.33,80.01,46357,37.09,1168, 27441, 59.19,0.5919494358996484,2025-06-05
BHANDARI, EQ, 05-Jun-2025,5.82,5.95,5.95,5.64,5.78,5.68,5.8,443199,25.72,1429, 272269, 61.43,0.614326747127137,2025-06-05
BHARATFORG, EQ, 05-Jun-2025,1270.7,1277.1,1278.7,1257.0,1267.0,1269.6,1266.92,1340532,16983.45,34340, 875829, 65.33,0.6533443438873522,2025-06-05
BHARATGEAR, EQ, 05-Jun-2025,89.27,90.15,90.15,88.65,89.25,89.15,89.36,11485,10.26,436, 6989, 60.85,0.6085328689595124,2025-06-05
BHARATRAS, EQ, 05-Jun-2025,8979.5,9022.0,9066.0,8902.0,8967.0,8942.0,8960.34,2340,209.67,1114, 1300, 55.56,0.5555555555555556,2025-06-05
BHARATSE, BE, 05-Jun-2025,104.33,103.81,106.59,103.0,104.15,104.11,104.24,28286,29.49,211, -, -,,2025-06-05
BHARATWIRE, EQ, 05-Jun-2025,191.75,193.65,225.7,193.65,221.0,222.65,218.42,3765613,8224.95,51753, 696810, 18.50,0.18504556894189605,2025-06-05
BHARTIARTL, EQ, 05-Jun-2025,1875.4,1884.0,1889.0,1868.6,1878.0,1878.8,1874.29,8999675,168679.78,157560, 6573495, 73.04,0.7304147094200624,2025-06-05
BHARTIHEXA, EQ, 05-Jun-2025,1880.3,1895.2,1907.7,1870.9,1877.7,1878.5,1886.46,103999,1961.9,13995, 41432, 39.84,0.3983884460427504,2025-06-05
BHEL, EQ, 05-Jun-2025,253.75,254.95,256.5,251.25,252.85,252.0,253.85,5868497,14897.16,40537, 1578352, 26.90,0.26895336233451256,2025-06-05
BIGBLOC, EQ, 05-Jun-2025,63.58,64.68,65.79,63.21,63.59,63.61,64.43,134085,86.4,2218, 68145, 50.82,0.5082223962411903,2025-06-05
BIKAJI, EQ, 05-Jun-2025,760.7,760.7,770.0,750.1,763.05,762.15,761.63,292141,2225.03,16059, 100726, 34.48,0.3447855658740129,2025-06-05
BIL, BE, 05-Jun-2025,723.5,725.0,725.0,723.5,725.0,725.0,724.92,645,4.68,15, -, -,,2025-06-05
BINANIIND, BE, 05-Jun-2025,14.5,14.57,15.06,14.25,14.94,14.66,14.64,9711,1.42,59, -, -,,2025-06-05
BIOCON, EQ, 05-Jun-2025,336.4,335.1,338.5,329.5,330.6,330.6,332.21,3888417,12917.87,28528, 1565764, 40.27,0.40267389017175886,2025-06-05
BIOFILCHEM, EQ, 05-Jun-2025,49.69,49.99,56.0,49.95,54.4,54.44,54.14,336291,182.08,4479, 145317, 43.21,0.4321168273905635,2025-06-05
BIRLACABLE, EQ, 05-Jun-2025,180.27,181.15,189.7,180.0,181.8,181.44,183.54,121345,222.71,4297, 38106, 31.40,0.31403024434463717,2025-06-05
BIRLACORPN, EQ, 05-Jun-2025,1359.5,1373.1,1390.9,1361.2,1365.0,1366.8,1374.33,67409,926.43,9324, 41954, 62.24,0.6223798009167916,2025-06-05
BIRLAMONEY, EQ, 05-Jun-2025,198.78,199.48,208.71,199.48,208.71,207.75,207.74,827504,1719.08,4626, 365978, 44.23,0.4422673485566233,2025-06-05
BIRLANU, EQ, 05-Jun-2025,2260.0,2265.0,2389.0,2250.0,2252.0,2275.9,2268.52,12090,274.26,1550, 7055, 58.35,0.5835401157981803,2025-06-05
BLACKBUCK, EQ, 05-Jun-2025,442.7,443.0,447.7,432.0,435.5,435.15,441.71,557109,2460.81,14211, 354931, 63.71,0.6370943567596288,2025-06-05
BLAL, EQ, 05-Jun-2025,207.54,209.0,212.9,206.55,206.8,206.83,208.68,126301,263.56,2518, 54654, 43.27,0.4327281652560154,2025-06-05
BLBLIMITED, EQ, 05-Jun-2025,14.79,14.79,15.14,14.6,14.9,14.8,14.82,27341,4.05,262, 20389, 74.57,0.7457298562598296,2025-06-05
BLISSGVS, EQ, 05-Jun-2025,132.96,132.88,140.62,132.51,137.62,139.54,138.18,973731,1345.5,13834, 448743, 46.08,0.4608490435243409,2025-06-05
BLKASHYAP, EQ, 05-Jun-2025,67.67,67.67,68.21,66.86,67.0,67.1,67.43,314551,212.11,3094, 201221, 63.97,0.6397086640958064,2025-06-05
BLS, EQ, 05-Jun-2025,408.85,409.9,414.5,407.1,407.7,408.9,410.6,1897674,7791.86,20743, 713730, 37.61,0.37610780355319196,2025-06-05
BLSE, EQ, 05-Jun-2025,209.2,208.8,209.74,206.65,208.02,208.56,208.2,196482,409.08,3516, 116991, 59.54,0.5954285888783706,2025-06-05
BLUECOAST, BE, 05-Jun-2025,28.02,29.42,29.42,28.1,29.42,29.42,29.17,6481,1.89,43, -, -,,2025-06-05
BLUEDART, EQ, 05-Jun-2025,6382.0,6446.0,6570.0,6410.0,6540.0,6523.0,6515.76,14833,966.48,4274, 5154, 34.75,0.3474684824378076,2025-06-05
BLUEJET, EQ, 05-Jun-2025,908.1,909.95,925.0,900.0,924.1,923.65,916.46,218175,1999.48,10858, 111519, 51.11,0.5111447232726023,2025-06-05
BLUESTARCO, EQ, 05-Jun-2025,1551.5,1560.0,1589.7,1545.5,1585.6,1585.0,1570.65,731506,11489.41,45585, 407907, 55.76,0.557626321588613,2025-06-05
BODALCHEM, EQ, 05-Jun-2025,74.06,74.2,76.2,73.45,73.73,73.83,74.86,329213,246.45,3553, 169173, 51.39,0.5138709589232503,2025-06-05
BOHRAIND, BE, 05-Jun-2025,33.4,33.4,33.4,32.74,32.99,32.99,32.94,4410,1.45,16, -, -,,2025-06-05
BOMDYEING, EQ, 05-Jun-2025,154.93,155.5,157.99,153.65,154.0,154.49,155.96,1457142,2272.56,17065, 554495, 38.05,0.3805360081584362,2025-06-05
BORANA, BE, 05-Jun-2025,223.88,225.05,232.5,219.0,227.0,227.99,228.48,215775,493.01,2543, -, -,,2025-06-05
BOROLTD, EQ, 05-Jun-2025,370.4,370.0,374.5,368.15,369.0,369.3,370.42,104628,387.56,4104, 64853, 61.98,0.6198436365026571,2025-06-05
BORORENEW, EQ, 05-Jun-2025,545.4,545.5,575.0,545.5,562.0,561.75,562.81,705695,3971.7,17709, 339144, 48.06,0.4805815543542182,2025-06-05
BOROSCI, EQ, 05-Jun-2025,140.11,142.77,144.5,140.45,140.55,140.71,142.59,113948,162.48,1449, 34145, 29.97,0.29965422824446236,2025-06-05
BOSCHLTD, EQ, 05-Jun-2025,31415.0,31680.0,31680.0,31250.0,31400.0,31455.0,31490.63,62802,19776.75,5083, 55622, 88.57,0.8856724308143052,2025-06-05
BPCL, EQ, 05-Jun-2025,311.55,311.1,315.4,308.25,310.0,309.8,311.65,5900170,18388.0,41708, 3420479, 57.97,0.579725499434762,2025-06-05
BPL, EQ, 05-Jun-2025,81.21,81.2,86.0,81.2,84.12,84.07,84.1,175911,147.94,1953, 93209, 52.99,0.5298645337699177,2025-06-05
BRIGADE, EQ, 05-Jun-2025,1213.0,1218.0,1332.0,1194.2,1253.9,1261.2,1284.92,2860767,36758.71,156847, 454503, 15.89,0.15887452560799253,2025-06-05
BRITANNIA, EQ, 05-Jun-2025,5542.0,5542.0,5611.0,5520.5,5588.0,5600.0,5571.33,218004,12145.73,28470, 133302, 61.15,0.6114658446634007,2025-06-05
BRNL, BE, 05-Jun-2025,23.01,23.37,23.37,22.6,23.1,23.07,23.1,72235,16.68,336, -, -,,2025-06-05
BROOKS, BE, 05-Jun-2025,143.96,144.67,146.79,136.76,139.95,138.52,139.17,21570,30.02,200, -, -,,2025-06-05
BSE, EQ, 05-Jun-2025,2797.1,2821.1,2918.0,2815.0,2915.0,2909.8,2871.84,11094118,318605.56,393792, 2505430, 22.58,0.2258340861346526,2025-06-05
BSE500IETF, EQ, 05-Jun-2025,38.36,37.4,38.69,37.4,38.6,38.51,38.52,94032,36.22,746, 47017, 50.00,0.5000106346775566,2025-06-05
BSHSL, EQ, 05-Jun-2025,136.72,138.67,138.67,135.01,136.9,136.27,136.43,30146,41.13,2550, 5787, 19.20,0.19196576660253434,2025-06-05
BSL, BE, 05-Jun-2025,141.05,141.0,141.0,140.9,140.9,140.9,140.94,1626,2.29,60, -, -,,2025-06-05
BSLGOLDETF, EQ, 05-Jun-2025,86.34,84.18,86.77,84.18,86.5,86.43,86.29,40909,35.3,664, 29570, 72.28,0.7228238284973967,2025-06-05
BSLNIFTY, EQ, 05-Jun-2025,28.4,28.9,28.9,28.1,28.54,28.57,28.58,293925,83.99,4630, 184218, 62.68,0.6267517223781577,2025-06-05
BSLSENETFG, EQ, 05-Jun-2025,80.72,80.75,82.33,80.52,80.82,80.86,80.8,1023,0.83,75, 896, 87.59,0.8758553274682307,2025-06-05
BSOFT, EQ, 05-Jun-2025,402.95,405.45,411.65,401.45,411.2,410.45,407.15,1503267,6120.61,19154, 764493, 50.86,0.5085543685852214,2025-06-05
BTML, EQ, 05-Jun-2025,7.74,7.7,7.9,7.7,7.8,7.81,7.85,930410,72.99,591, 769485, 82.70,0.8270386173837341,2025-06-05
BUTTERFLY, EQ, 05-Jun-2025,755.0,755.05,764.75,749.0,749.0,751.45,756.11,5585,42.23,818, 2644, 47.34,0.47341092211280217,2025-06-05
BVCL, EQ, 05-Jun-2025,37.66,38.43,38.79,36.8,37.45,37.16,37.35,28635,10.7,575, 18921, 66.08,0.6607647983237297,2025-06-05
BYKE, BE, 05-Jun-2025,90.66,91.0,93.2,89.63,90.1,90.88,91.66,74845,68.6,253, -, -,,2025-06-05
CALSOFT, BE, 05-Jun-2025,10.71,10.5,10.96,10.34,10.45,10.49,10.7,21190,2.27,116, -, -,,2025-06-05
CAMLINFINE, EQ, 05-Jun-2025,261.14,266.0,267.88,246.99,255.0,253.08,260.22,1584396,4122.91,20362, 754098, 47.60,0.4759529814516068,2025-06-05
CAMPUS, EQ, 05-Jun-2025,297.85,298.0,300.9,295.1,300.15,299.9,298.58,328697,981.42,10457, 182213, 55.43,0.5543494464506825,2025-06-05
CAMS, EQ, 05-Jun-2025,4173.4,4194.0,4270.0,4171.0,4255.0,4248.3,4236.64,877563,37179.19,60730, 295180, 33.64,0.3363633152263712,2025-06-05
CANBK, EQ, 05-Jun-2025,117.32,117.0,117.65,116.05,116.43,116.38,116.77,13566631,15842.17,65083, 6967400, 51.36,0.5135689177364667,2025-06-05
CANFINHOME, EQ, 05-Jun-2025,782.45,789.4,790.45,777.0,778.0,778.4,782.81,104247,816.06,6846, 51525, 49.43,0.49425882759216094,2025-06-05
CANTABIL, EQ, 05-Jun-2025,254.07,256.05,258.0,246.22,248.0,247.62,251.47,319816,804.25,12867, 167273, 52.30,0.5230288665982941,2025-06-05
CAPACITE, EQ, 05-Jun-2025,331.6,332.6,346.7,332.2,343.45,342.45,341.22,700863,2391.45,16285, 340641, 48.60,0.48603079346462863,2025-06-05
CAPITALSFB, EQ, 05-Jun-2025,294.2,297.15,297.15,291.05,291.5,292.1,293.71,8524,25.04,724, 4256, 49.93,0.4992961051149695,2025-06-05
CAPLIPOINT, EQ, 05-Jun-2025,2158.7,2150.0,2160.8,2110.7,2125.0,2122.8,2130.42,103325,2201.26,19602, 56605, 54.78,0.5478345027824825,2025-06-05
CAPTRUST, BE, 05-Jun-2025,96.89,94.0,97.0,93.25,96.89,96.94,96.46,51069,49.26,165, -, -,,2025-06-05
CARBORUNIV, EQ, 05-Jun-2025,962.15,962.5,971.45,951.5,954.4,954.9,957.46,105472,1009.85,8729, 62524, 59.28,0.5928018810679612,2025-06-05
CARERATING, EQ, 05-Jun-2025,1822.0,1819.2,1821.9,1784.1,1789.0,1793.8,1797.1,46023,827.08,6950, 23862, 51.85,0.5184798904895378,2025-06-05
CARRARO, EQ, 05-Jun-2025,446.4,451.6,452.7,437.9,439.0,438.8,442.65,48472,214.56,5108, 27870, 57.50,0.5749711173460967,2025-06-05
CARTRADE, EQ, 05-Jun-2025,1511.6,1512.0,1578.0,1512.0,1547.8,1553.4,1559.58,220815,3443.79,25432, 98153, 44.45,0.444503317256527,2025-06-05
CARYSIL, EQ, 05-Jun-2025,888.25,888.25,889.8,868.5,879.5,877.15,879.44,87279,767.57,4999, 37765, 43.27,0.4326928585341262,2025-06-05
CASHIETF, EQ, 05-Jun-2025,1013.41,1013.54,1013.57,1013.54,1013.54,1013.55,1013.56,314282,3185.43,443, 304188, 96.79,0.9678823477004729,2025-06-05
CASTROLIND, EQ, 05-Jun-2025,217.38,218.14,222.0,217.0,218.93,218.9,220.07,3188664,7017.24,40533, 1021888, 32.05,0.32047528369248063,2025-06-05
CCCL, EQ, 05-Jun-2025,19.89,20.2,20.2,19.0,19.06,19.07,19.42,483088,93.82,1843, 335393, 69.43,0.694268953068592,2025-06-05
CCHHL, EQ, 05-Jun-2025,18.61,18.51,18.89,18.02,18.1,18.18,18.43,98036,18.07,816, 59196, 60.38,0.6038190052633726,2025-06-05
CCL, EQ, 05-Jun-2025,889.6,894.25,909.0,891.3,895.7,897.6,899.66,383212,3447.6,26686, 121706, 31.76,0.3175944385875181,2025-06-05
CDSL, EQ, 05-Jun-2025,1701.3,1713.0,1795.0,1703.0,1778.5,1778.8,1752.67,9554463,167458.19,286733, 3039612, 31.81,0.318135304935505,2025-06-05
CEATLTD, EQ, 05-Jun-2025,3620.8,3621.0,3749.0,3620.8,3707.2,3708.3,3706.81,151275,5607.48,22837, 54403, 35.96,0.3596298132540076,2025-06-05
CEIGALL, EQ, 05-Jun-2025,246.64,249.0,253.99,245.8,247.57,246.61,248.56,146942,365.25,6164, 82216, 55.95,0.5595132773475249,2025-06-05
CELEBRITY, EQ, 05-Jun-2025,12.75,12.61,13.09,12.55,12.56,12.62,12.75,68005,8.67,420, 42984, 63.21,0.632071171237409,2025-06-05
CELLO, EQ, 05-Jun-2025,601.9,605.9,611.95,603.05,607.1,606.65,607.51,76230,463.1,6566, 38271, 50.20,0.5020464384100748,2025-06-05
CENTENKA, EQ, 05-Jun-2025,464.85,466.95,477.75,465.9,470.0,471.25,472.53,46619,220.29,2115, 26288, 56.39,0.5638902593363221,2025-06-05
CENTEXT, EQ, 05-Jun-2025,20.26,20.28,20.89,20.28,20.56,20.46,20.6,77812,16.03,830, 46064, 59.20,0.5919909525523056,2025-06-05
CENTRALBK, EQ, 05-Jun-2025,40.22,40.6,40.75,39.9,40.48,40.36,40.37,9903891,3998.4,24830, 4548685, 45.93,0.45928261932608105,2025-06-05
CENTRUM, EQ, 05-Jun-2025,32.88,32.93,35.0,32.25,32.5,32.49,33.29,942228,313.68,5095, 531513, 56.41,0.5641023191838918,2025-06-05
CENTUM, EQ, 05-Jun-2025,2380.1,2430.0,2441.9,2375.3,2389.0,2391.9,2405.11,34581,831.71,5956, 17566, 50.80,0.5079668025794511,2025-06-05
CENTURYPLY, EQ, 05-Jun-2025,787.15,783.2,791.7,778.0,788.0,784.75,785.01,92478,725.96,7119, 55556, 60.07,0.6007482860788512,2025-06-05
CERA, EQ, 05-Jun-2025,6606.5,6610.0,6733.0,6560.0,6570.0,6587.0,6657.11,32253,2147.12,7657, 17755, 55.05,0.5504914271540632,2025-06-05
CEREBRAINT, BZ, 05-Jun-2025,5.99,6.1,6.1,6.1,6.1,6.1,6.1,28321,1.73,22, -, -,,2025-06-05
CESC, EQ, 05-Jun-2025,168.87,170.0,171.0,165.1,166.81,166.54,167.84,3717388,6239.15,31928, 1439756, 38.73,0.387303127895178,2025-06-05
CEWATER, EQ, 05-Jun-2025,580.05,580.05,603.95,580.05,585.0,588.5,593.62,298316,1770.88,11827, 128052, 42.92,0.4292495206425401,2025-06-05
CGCL, EQ, 05-Jun-2025,151.06,152.18,161.45,152.0,154.0,154.0,155.93,6171238,9623.08,48419, 2676354, 43.37,0.4336818641575645,2025-06-05
CGPOWER, EQ, 05-Jun-2025,689.95,693.9,703.45,684.35,696.35,696.5,695.14,1731844,12038.78,40994, 709515, 40.97,0.4096875931088481,2025-06-05
CHALET, EQ, 05-Jun-2025,917.1,918.05,925.4,910.55,923.0,917.55,917.55,71428,655.39,6818, 39609, 55.45,0.55453043624349,2025-06-05
CHAMBLFERT, EQ, 05-Jun-2025,559.3,561.0,562.45,548.05,552.65,552.6,552.73,2953555,16325.13,49864, 1394652, 47.22,0.472194355615521,2025-06-05
CHEMBOND, BE, 05-Jun-2025,240.47,240.47,252.49,238.0,252.49,252.49,251.2,31951,80.26,1077, -, -,,2025-06-05
CHEMCON, EQ, 05-Jun-2025,199.14,198.0,203.0,197.21,199.99,199.11,199.88,45411,90.77,1494, 28016, 61.69,0.6169430314241043,2025-06-05
CHEMFAB, EQ, 05-Jun-2025,763.3,774.45,774.45,752.6,755.15,758.45,762.95,5824,44.43,764, 2694, 46.26,0.46256868131868134,2025-06-05
CHEMPLASTS, EQ, 05-Jun-2025,425.4,427.5,434.45,426.1,434.0,430.6,431.44,29762,128.41,2487, 16273, 54.68,0.546771050332639,2025-06-05
CHENNPETRO, EQ, 05-Jun-2025,658.5,663.7,664.9,651.0,651.8,652.95,657.24,626105,4115.02,25320, 287974, 45.99,0.45994521685659756,2025-06-05
CHEVIOT, EQ, 05-Jun-2025,1092.5,1096.0,1097.8,1075.1,1080.0,1080.3,1083.16,4036,43.72,496, 3071, 76.09,0.7609018830525273,2025-06-05
CHOICEIN, EQ, 05-Jun-2025,705.55,706.9,708.8,693.0,695.5,696.75,702.3,515860,3622.87,11556, 178809, 34.66,0.34662311479858876,2025-06-05
CHOLAFIN, EQ, 05-Jun-2025,1512.7,1522.0,1524.7,1502.0,1514.7,1511.6,1513.08,2623833,39700.78,109408, 1811760, 69.05,0.6905012628471401,2025-06-05
CHOLAHLDNG, EQ, 05-Jun-2025,1829.2,1820.0,1828.7,1782.0,1793.0,1791.1,1793.19,315668,5660.53,23298, 226199, 71.66,0.71657247487867,2025-06-05
CIEINDIA, EQ, 05-Jun-2025,445.8,445.9,452.0,443.6,450.0,450.15,448.09,64173,287.55,5233, 37838, 58.96,0.5896249201377526,2025-06-05
CIFL, EQ, 05-Jun-2025,36.62,37.02,37.34,35.7,36.05,35.96,36.31,114435,41.55,1188, 41408, 36.18,0.3618473369161533,2025-06-05
CIGNITITEC, EQ, 05-Jun-2025,1586.3,1585.1,1648.9,1585.1,1620.0,1620.3,1614.38,712491,11502.3,22115, 547633, 76.86,0.7686174281499696,2025-06-05
CINELINE, BE, 05-Jun-2025,91.67,88.24,93.7,88.24,92.0,92.0,92.1,15586,14.36,110, -, -,,2025-06-05
CINEVISTA, EQ, 05-Jun-2025,15.29,15.53,15.6,14.8,15.0,14.99,15.32,49723,7.62,218, 37308, 75.03,0.7503167548217123,2025-06-05
CIPLA, EQ, 05-Jun-2025,1471.9,1476.0,1498.8,1475.0,1490.0,1489.8,1490.68,1570159,23406.04,82774, 708451, 45.12,0.45119698068794306,2025-06-05
CLEAN, EQ, 05-Jun-2025,1489.3,1497.2,1566.0,1485.3,1535.9,1538.6,1537.02,165361,2541.63,16443, 56200, 33.99,0.3398624826893887,2025-06-05
CLEDUCATE, EQ, 05-Jun-2025,89.65,90.97,93.85,88.83,91.98,91.32,91.53,106490,97.47,2441, 51380, 48.25,0.4824866184618274,2025-06-05
CLSEL, EQ, 05-Jun-2025,346.7,349.8,374.4,348.55,361.5,362.35,366.12,268224,982.03,14988, 79624, 29.69,0.2968563588642329,2025-06-05
CMSINFO, EQ, 05-Jun-2025,497.9,497.0,507.65,491.0,491.2,494.95,500.65,392201,1963.57,17040, 214859, 54.78,0.5478287918694751,2025-06-05
COALINDIA, EQ, 05-Jun-2025,394.6,394.6,397.8,392.55,395.1,394.9,394.92,6097293,24079.16,92334, 3873979, 63.54,0.6353604788223233,2025-06-05
COASTCORP, EQ, 05-Jun-2025,39.46,39.9,40.24,38.3,39.0,38.94,39.13,71650,28.04,851, 47428, 66.19,0.6619399860432659,2025-06-05
COCHINSHIP, EQ, 05-Jun-2025,2086.7,2108.0,2380.0,2041.3,2362.1,2350.8,2251.7,23864711,537361.17,663990, 4342826, 18.20,0.18197689467096417,2025-06-05
COFFEEDAY, BE, 05-Jun-2025,30.29,30.0,30.75,30.0,30.18,30.36,30.22,235391,71.14,762, -, -,,2025-06-05
COFORGE, EQ, 05-Jun-2025,1724.5,1724.5,1792.0,1713.0,1770.0,1766.0,1765.33,2409185,42530.02,93286, 1207461, 50.12,0.5011906516103993,2025-06-05
COHANCE, EQ, 05-Jun-2025,1021.8,1021.8,1072.9,1021.5,1072.2,1063.7,1054.55,190368,2007.52,17511, 129936, 68.26,0.6825516893595562,2025-06-05
COLPAL, EQ, 05-Jun-2025,2482.1,2485.0,2486.4,2448.2,2454.8,2453.2,2460.38,387297,9528.96,24800, 248748, 64.23,0.6422667875041634,2025-06-05
COMMOIETF, EQ, 05-Jun-2025,86.55,86.94,87.38,86.45,87.08,86.77,86.92,824820,716.9,2507, 805185, 97.62,0.9761948061395214,2025-06-05
COMPINFO, BZ, 05-Jun-2025,1.73,1.73,1.81,1.73,1.81,1.81,1.79,19465,0.35,47, -, -,,2025-06-05
COMPUSOFT, EQ, 05-Jun-2025,22.57,22.56,22.95,22.08,22.14,22.21,22.31,71633,15.98,823, 38762, 54.11,0.5411193165161309,2025-06-05
COMSYN, EQ, 05-Jun-2025,122.73,123.45,129.14,122.22,125.52,125.46,125.79,595317,748.82,5527, 126958, 21.33,0.21326117009929163,2025-06-05
CONCOR, EQ, 05-Jun-2025,805.0,811.85,815.05,801.6,803.6,804.25,808.16,1890589,15279.02,37004, 901221, 47.67,0.4766879528020104,2025-06-05
CONCORDBIO, EQ, 05-Jun-2025,1876.0,1888.3,1923.4,1837.4,1852.0,1850.7,1876.29,130582,2450.09,17988, 52353, 40.09,0.40092049440198496,2025-06-05
CONFIPET, EQ, 05-Jun-2025,60.74,61.15,61.46,59.45,60.0,59.83,60.49,491574,297.36,6091, 210607, 42.84,0.4284339692497976,2025-06-05
CONS, EQ, 05-Jun-2025,116.39,116.93,117.44,116.45,117.08,116.81,117.09,3268,3.83,74, 3150, 96.39,0.9638922888616891,2025-06-05
CONSOFINVT, EQ, 05-Jun-2025,199.48,202.05,202.5,200.0,200.0,200.71,201.21,9537,19.19,343, 7118, 74.64,0.7463562965293069,2025-06-05
CONSUMBEES, EQ, 05-Jun-2025,126.56,126.99,127.71,126.35,127.07,127.13,127.21,139835,177.88,1051, 74713, 53.43,0.5342939893445847,2025-06-05
CONSUMER, EQ, 05-Jun-2025,11.37,11.37,11.49,11.35,11.49,11.47,11.47,130761,15.0,301, 116012, 88.72,0.8872064300517738,2025-06-05
CONSUMIETF, EQ, 05-Jun-2025,117.32,117.54,118.48,117.51,117.74,117.82,118.06,39545,46.69,279, 10902, 27.57,0.27568592742445314,2025-06-05
CONTROLPR, EQ, 05-Jun-2025,757.85,761.65,765.05,748.2,751.85,752.3,757.13,28369,214.79,2666, 16745, 59.03,0.5902569706369629,2025-06-05
CORALFINAC, EQ, 05-Jun-2025,45.25,45.05,47.59,44.61,47.5,47.41,46.72,66841,31.22,950, 40217, 60.17,0.601681602609177,2025-06-05
CORDSCABLE, EQ, 05-Jun-2025,198.01,200.0,201.9,197.0,197.0,197.72,198.85,27544,54.77,694, 15451, 56.10,0.5609570142317746,2025-06-05
COROMANDEL, EQ, 05-Jun-2025,2330.1,2342.0,2352.3,2274.4,2309.9,2315.9,2307.04,678605,15655.69,56953, 382739, 56.40,0.564008517473346,2025-06-05
COSMOFIRST, EQ, 05-Jun-2025,1167.8,1141.4,1184.3,1124.0,1129.5,1131.7,1144.33,123223,1410.08,6157, 62943, 51.08,0.5108056125885589,2025-06-05
COUNCODOS, BE, 05-Jun-2025,6.75,6.75,7.08,6.7,7.08,7.08,6.93,81840,5.67,147, -, -,,2025-06-05
CPCAP, EQ, 05-Jun-2025,173.6,173.64,176.89,173.64,174.5,174.72,175.62,9532,16.74,532, 5945, 62.37,0.6236886277801091,2025-06-05
CPSEETF, EQ, 05-Jun-2025,91.52,93.5,93.5,91.02,92.41,92.41,92.13,1319165,1215.38,8356, 766815, 58.13,0.5812881633457528,2025-06-05
CRAFTSMAN, EQ, 05-Jun-2025,5522.5,5571.5,5698.0,5477.5,5491.5,5506.5,5518.91,98868,5456.43,11862, 72248, 73.08,0.730752113929684,2025-06-05
CREATIVE, EQ, 05-Jun-2025,689.1,696.85,704.95,685.85,690.3,691.8,694.01,9016,62.57,1049, 3569, 39.59,0.39585181898846494,2025-06-05
CREATIVEYE, EQ, 05-Jun-2025,6.91,6.91,7.25,6.77,7.0,7.01,6.96,46545,3.24,459, 38335, 82.36,0.8236115587066279,2025-06-05
CREDITACC, EQ, 05-Jun-2025,1170.3,1174.8,1189.2,1168.4,1180.6,1182.8,1182.63,177709,2101.63,18710, 67983, 38.26,0.3825523749500588,2025-06-05
CREST, EQ, 05-Jun-2025,400.6,398.2,424.0,398.2,423.0,421.95,415.6,50269,208.92,1580, 26882, 53.48,0.5347629751934592,2025-06-05
CRISIL, EQ, 05-Jun-2025,5300.5,5300.5,5334.5,5252.5,5287.5,5278.5,5281.02,16929,894.02,5412, 8765, 51.78,0.5177506054699037,2025-06-05
CROMPTON, EQ, 05-Jun-2025,347.5,347.5,351.5,347.1,350.8,350.45,349.82,1783253,6238.18,19917, 1109590, 62.22,0.6222280293373963,2025-06-05
CROWN, EQ, 05-Jun-2025,173.5,175.56,182.17,171.01,182.17,180.92,178.47,50458,90.05,1077, 27690, 54.88,0.5487732371477269,2025-06-05
CSBBANK, EQ, 05-Jun-2025,370.55,373.3,373.35,367.45,371.45,369.75,369.67,144582,534.48,8956, 86411, 59.77,0.5976608429818373,2025-06-05
CSLFINANCE, EQ, 05-Jun-2025,331.05,330.2,337.0,328.3,331.5,332.35,330.65,19167,63.38,556, 15536, 81.06,0.81055981635102,2025-06-05
CTE, BE, 05-Jun-2025,47.49,46.54,46.54,46.54,46.54,46.54,46.54,4993,2.32,31, -, -,,2025-06-05
CUB, EQ, 05-Jun-2025,197.76,196.85,199.5,195.81,197.85,198.71,198.14,1304782,2585.34,36720, 685067, 52.50,0.5250432639322125,2025-06-05
CUBEXTUB, EQ, 05-Jun-2025,96.06,97.98,100.86,97.31,98.3,98.24,99.23,142794,141.69,1951, 84726, 59.33,0.5933442581621077,2025-06-05
CUMMINSIND, EQ, 05-Jun-2025,3346.9,3355.0,3380.0,3325.0,3350.0,3349.2,3353.63,483101,16201.44,46877, 316887, 65.59,0.6559435811559073,2025-06-05
CUPID, EQ, 05-Jun-2025,111.98,112.48,113.0,109.35,111.0,110.19,110.68,1583879,1753.08,5920, 1290426, 81.47,0.8147251147341432,2025-06-05
CURAA, BE, 05-Jun-2025,110.3,112.5,112.5,112.5,112.5,112.5,112.5,15,0.02,2, -, -,,2025-06-05
CYBERMEDIA, BE, 05-Jun-2025,14.9,14.52,14.89,14.52,14.86,14.86,14.58,2623,0.38,36, -, -,,2025-06-05
CYBERTECH, BE, 05-Jun-2025,165.61,170.98,173.89,168.4,173.89,173.89,172.79,23730,41.0,266, -, -,,2025-06-05
CYIENT, EQ, 05-Jun-2025,1350.4,1359.5,1359.6,1330.4,1341.0,1339.2,1339.94,314103,4208.78,18052, 145296, 46.26,0.4625743784682095,2025-06-05
CYIENTDLM, EQ, 05-Jun-2025,479.6,480.0,487.95,479.85,485.1,483.2,483.15,107951,521.57,6928, 53827, 49.86,0.49862437587423925,2025-06-05
DABUR, EQ, 05-Jun-2025,491.85,494.3,494.35,487.0,487.05,488.7,489.42,1792668,8773.75,22531, 1068536, 59.61,0.5960590583420913,2025-06-05
DALBHARAT, EQ, 05-Jun-2025,2060.0,2050.0,2098.9,2050.0,2093.9,2089.2,2084.26,84175,1754.43,8310, 33603, 39.92,0.3992040392040392,2025-06-05
DALMIASUG, EQ, 05-Jun-2025,437.2,439.4,451.45,438.35,441.6,441.7,444.02,123520,548.45,5817, 52198, 42.26,0.4225874352331606,2025-06-05
DAMCAPITAL, EQ, 05-Jun-2025,280.55,283.0,297.3,282.05,295.7,294.45,290.39,2472446,7179.81,38401, 873937, 35.35,0.35347061169384486,2025-06-05
DAMODARIND, EQ, 05-Jun-2025,37.71,37.89,37.89,36.1,37.74,36.47,36.94,9123,3.37,203, 6855, 75.14,0.7513975665899375,2025-06-05
DANGEE, BE, 05-Jun-2025,4.61,4.68,4.68,4.5,4.58,4.56,4.56,58549,2.67,187, -, -,,2025-06-05
DATAMATICS, EQ, 05-Jun-2025,595.65,597.0,606.4,596.75,602.0,600.0,601.26,75700,455.15,6383, 38930, 51.43,0.5142668428005284,2025-06-05
DATAPATTNS, EQ, 05-Jun-2025,2985.2,3003.0,3209.9,2974.0,3174.0,3171.3,3124.53,2898002,90549.05,159427, 719607, 24.83,0.24831142283545699,2025-06-05
DAVANGERE, EQ, 05-Jun-2025,3.7,3.71,3.74,3.64,3.67,3.66,3.67,2918167,107.17,4036, 1831475, 62.76,0.6276114423883211,2025-06-05
DBCORP, EQ, 05-Jun-2025,264.75,266.35,277.0,265.1,270.0,270.25,270.11,479078,1294.05,14958, 235666, 49.19,0.4919157214482819,2025-06-05
DBEIL, EQ, 05-Jun-2025,151.42,152.9,152.9,147.35,149.12,148.91,149.56,74269,111.08,1693, 44590, 60.04,0.600385086644495,2025-06-05
DBL, EQ, 05-Jun-2025,494.8,496.0,497.25,487.15,487.75,490.05,492.07,110438,543.43,5018, 49499, 44.82,0.44820623336170523,2025-06-05
DBOL, BE, 05-Jun-2025,75.11,75.3,76.61,75.3,76.61,76.61,76.5,13167,10.07,61, -, -,,2025-06-05
DBREALTY, EQ, 05-Jun-2025,209.58,211.0,217.9,210.6,215.8,215.12,215.06,8679105,18665.19,65187, 3264619, 37.61,0.3761469644623495,2025-06-05
DBSTOCKBRO, EQ, 05-Jun-2025,29.49,29.71,30.4,29.5,30.0,29.82,29.93,8738,2.62,264, 3256, 37.26,0.37262531471732663,2025-06-05
DCAL, EQ, 05-Jun-2025,264.75,268.0,284.2,267.65,273.3,273.4,278.52,1842639,5132.19,41831, 581257, 31.54,0.3154481154474642,2025-06-05
DCBBANK, EQ, 05-Jun-2025,145.55,147.7,147.7,140.8,141.0,141.16,143.42,1508708,2163.77,16641, 808667, 53.60,0.535999676544434,2025-06-05
DCI, EQ, 05-Jun-2025,295.1,291.9,298.95,287.25,287.25,288.35,290.99,16260,47.31,1692, 7988, 49.13,0.4912669126691267,2025-06-05
DCM, EQ, 05-Jun-2025,103.12,105.4,105.4,102.76,103.95,103.07,103.64,13022,13.5,384, 6678, 51.28,0.5128244509291967,2025-06-05
DCMFINSERV, BE, 05-Jun-2025,6.98,6.98,7.3,6.71,7.05,6.95,7.02,17087,1.2,124, -, -,,2025-06-05
DCMNVL, EQ, 05-Jun-2025,177.34,178.48,181.46,175.82,179.5,178.59,178.7,5956,10.64,367, 3874, 65.04,0.6504365345869711,2025-06-05
DCMSHRIRAM, EQ, 05-Jun-2025,1048.6,1048.6,1066.4,1048.6,1053.0,1056.6,1057.95,25850,273.48,4554, 13486, 52.17,0.5217021276595745,2025-06-05
DCMSRIND, EQ, 05-Jun-2025,168.21,169.29,169.29,166.11,166.3,166.65,167.17,53611,89.62,1381, 32826, 61.23,0.6122997146108075,2025-06-05
DCW, EQ, 05-Jun-2025,79.49,79.6,85.6,79.6,82.46,82.29,83.24,4309197,3587.02,28597, 1528507, 35.47,0.3547080813432294,2025-06-05
DCXINDIA, EQ, 05-Jun-2025,308.65,309.6,329.0,308.85,326.85,326.5,321.12,2349086,7543.43,38230, 745523, 31.74,0.31736726539598803,2025-06-05
DDEVPLSTIK, EQ, 05-Jun-2025,276.55,279.3,279.8,272.95,274.3,274.5,276.28,66361,183.34,3994, 28877, 43.52,0.43515016349964586,2025-06-05
DECCANCE, EQ, 05-Jun-2025,713.85,718.2,720.0,705.45,720.0,714.2,711.55,10581,75.29,506, 7987, 75.48,0.7548435875626123,2025-06-05
DEEDEV, EQ, 05-Jun-2025,282.05,284.9,284.9,276.0,277.95,277.15,280.2,80257,224.88,2496, 53461, 66.61,0.6661225812078697,2025-06-05
DEEPAKFERT, EQ, 05-Jun-2025,1577.2,1577.5,1585.0,1525.0,1540.0,1539.0,1552.26,534271,8293.28,30514, 206908, 38.73,0.38727162806890136,2025-06-05
DEEPAKNTR, EQ, 05-Jun-2025,1988.1,1992.0,2019.7,1975.0,1980.0,1980.6,1993.6,217814,4342.35,17930, 104145, 47.81,0.47813730981479613,2025-06-05
DEEPINDS, EQ, 05-Jun-2025,415.5,417.8,424.5,417.25,422.0,422.0,421.58,65183,274.8,4708, 35325, 54.19,0.5419357808017428,2025-06-05
DELHIVERY, EQ, 05-Jun-2025,369.4,369.95,374.7,368.05,370.0,369.25,372.14,2064164,7681.49,29547, 1254400, 60.77,0.6077036514540511,2025-06-05
DELPHIFX, BE, 05-Jun-2025,123.88,123.4,129.49,123.4,125.0,125.0,124.79,2696,3.36,49, -, -,,2025-06-05
DELTACORP, EQ, 05-Jun-2025,90.04,90.05,92.09,90.05,90.86,90.92,91.18,651247,593.78,7762, 231603, 35.56,0.35563004512880675,2025-06-05
DELTAMAGNT, EQ, 05-Jun-2025,94.37,94.37,102.34,93.99,100.4,99.94,99.67,93760,93.45,1091, 51602, 55.04,0.5503626279863482,2025-06-05
DEN, EQ, 05-Jun-2025,36.42,36.59,37.48,36.3,36.67,36.55,36.87,837157,308.69,4571, 336117, 40.15,0.40149816581597,2025-06-05
DENORA, EQ, 05-Jun-2025,878.95,870.0,937.9,870.0,910.0,914.35,915.54,11105,101.67,1817, 5823, 52.44,0.5243583971184151,2025-06-05
DENTA, EQ, 05-Jun-2025,285.15,286.4,288.0,282.0,286.15,285.0,284.8,154481,439.97,3662, 78680, 50.93,0.509318298043125,2025-06-05
DEVIT, EQ, 05-Jun-2025,104.66,105.75,106.5,103.7,105.8,104.89,104.77,28940,30.32,928, 17708, 61.19,0.6118866620594333,2025-06-05
DEVYANI, EQ, 05-Jun-2025,168.32,168.51,169.75,167.53,168.89,169.05,168.87,493384,833.2,9607, 280642, 56.88,0.5688105005431875,2025-06-05
DGCONTENT, EQ, 05-Jun-2025,45.69,46.52,46.8,44.16,45.65,45.37,45.84,54134,24.81,883, 35957, 66.42,0.6642221154911885,2025-06-05
DHAMPURSUG, EQ, 05-Jun-2025,147.52,146.6,151.47,146.6,150.35,150.54,149.99,312072,468.09,3013, 131375, 42.10,0.42097656950960033,2025-06-05
DHANBANK, EQ, 05-Jun-2025,32.02,32.29,32.89,32.1,32.47,32.4,32.39,1795457,581.61,4329, 1008742, 56.18,0.56183021927008,2025-06-05
DHANI, EQ, 05-Jun-2025,58.29,58.45,60.3,57.75,58.38,58.15,59.1,2224018,1314.5,14214, 917449, 41.25,0.41251869364366656,2025-06-05
DHANUKA, EQ, 05-Jun-2025,1674.3,1684.0,1725.0,1684.0,1718.0,1719.0,1708.05,69240,1182.66,8032, 37358, 53.95,0.5395436164067013,2025-06-05
DHARMAJ, EQ, 05-Jun-2025,268.71,270.7,271.26,258.8,262.25,264.19,264.16,124697,329.4,4929, 72345, 58.02,0.5801663231673577,2025-06-05
DHRUV, BE, 05-Jun-2025,70.0,70.0,71.4,70.0,71.4,71.4,71.05,9687,6.88,36, -, -,,2025-06-05
DHUNINV, EQ, 05-Jun-2025,1473.3,1477.1,1484.3,1449.0,1455.2,1453.2,1464.24,2442,35.76,308, 1726, 70.68,0.7067977067977068,2025-06-05
DIACABS, EQ, 05-Jun-2025,107.78,101.7,116.8,101.7,105.8,107.7,109.77,11038376,12117.15,39214, 3973117, 35.99,0.35993673344702154,2025-06-05
DIAMINESQ, EQ, 05-Jun-2025,359.15,359.15,369.2,359.15,365.0,364.85,364.78,4473,16.32,247, 3873, 86.59,0.8658618376928237,2025-06-05
DIAMONDYD, EQ, 05-Jun-2025,1115.7,1115.7,1140.0,1106.6,1114.0,1115.5,1119.89,51140,572.71,4476, 22143, 43.30,0.43298787641767694,2025-06-05
DICIND, EQ, 05-Jun-2025,643.95,646.8,652.5,636.1,636.1,643.4,646.21,2151,13.9,212, 1267, 58.90,0.5890283589028359,2025-06-05
DIFFNKG, EQ, 05-Jun-2025,315.45,316.6,323.65,311.15,314.95,312.9,317.68,77138,245.05,2956, 38304, 49.66,0.49656459851175816,2025-06-05
DIGIDRIVE, EQ, 05-Jun-2025,31.92,32.06,32.31,31.4,32.0,31.8,31.88,16097,5.13,418, 12375, 76.88,0.7687767907063427,2025-06-05
DIGISPICE, EQ, 05-Jun-2025,20.95,20.85,21.15,20.75,20.96,20.9,20.95,32981,6.91,326, 24476, 74.21,0.742124253357994,2025-06-05
DIGJAMLMTD, BE, 05-Jun-2025,39.0,39.0,39.0,38.22,38.8,38.8,38.7,5767,2.23,22, -, -,,2025-06-05
DIL, BE, 05-Jun-2025,2.53,2.49,2.57,2.4,2.47,2.47,2.48,375819,9.32,513, -, -,,2025-06-05
DISHTV, BE, 05-Jun-2025,5.89,5.77,5.77,5.77,5.77,5.77,5.77,321383,18.54,756, -, -,,2025-06-05
DIVGIITTS, EQ, 05-Jun-2025,559.95,557.2,580.9,549.05,575.5,573.6,564.77,15297,86.39,1661, 8773, 57.35,0.5735111459763352,2025-06-05
DIVISLAB, EQ, 05-Jun-2025,6618.0,6628.0,6679.0,6608.0,6610.5,6628.5,6638.39,200706,13323.64,24721, 92515, 46.09,0.46094785407511485,2025-06-05
DIVOPPBEES, EQ, 05-Jun-2025,77.59,78.53,78.53,76.81,77.92,77.8,77.72,49933,38.81,1195, 40274, 80.66,0.8065607914605571,2025-06-05
DIXON, EQ, 05-Jun-2025,14956.0,15060.0,15070.0,14665.0,14700.0,14694.0,14775.19,348302,51462.3,61473, 117723, 33.80,0.3379911685835855,2025-06-05
DJML, EQ, 05-Jun-2025,110.63,111.66,111.66,107.42,108.0,108.46,109.16,20079,21.92,528, 17750, 88.40,0.8840081677374372,2025-06-05
DLF, EQ, 05-Jun-2025,803.4,807.0,830.3,805.2,824.7,825.7,819.2,5496684,45028.67,87090, 2997178, 54.53,0.5452702029077895,2025-06-05
DLINKINDIA, EQ, 05-Jun-2025,479.2,483.95,496.6,481.3,485.3,484.2,486.6,135535,659.51,11163, 62129, 45.84,0.4583981997270078,2025-06-05
DMART, EQ, 05-Jun-2025,4074.5,4078.0,4244.8,4074.5,4155.0,4153.5,4181.02,783594,32762.23,75192, 217766, 27.79,0.2779066710566952,2025-06-05
DMCC, EQ, 05-Jun-2025,270.75,272.8,280.8,269.1,270.4,270.6,274.23,150104,411.63,3692, 68463, 45.61,0.45610376805414915,2025-06-05
DNAMEDIA, EQ, 05-Jun-2025,5.18,5.16,5.39,5.12,5.25,5.17,5.2,77170,4.02,349, 51027, 66.12,0.6612284566541402,2025-06-05
DODLA, EQ, 05-Jun-2025,1317.6,1317.6,1351.0,1305.0,1330.2,1332.0,1333.85,82526,1100.77,8537, 41275, 50.01,0.5001454087196763,2025-06-05
DOLATALGO, EQ, 05-Jun-2025,105.6,105.7,108.95,104.3,105.9,105.53,106.34,530727,564.36,8373, 223582, 42.13,0.4212749681097815,2025-06-05
DOLLAR, EQ, 05-Jun-2025,404.5,405.5,409.6,402.3,404.95,404.2,404.55,26979,109.14,1298, 18167, 67.34,0.6733755884206234,2025-06-05
DOLPHIN, BE, 05-Jun-2025,396.75,396.75,415.0,385.05,407.0,410.8,406.69,6161,25.06,186, -, -,,2025-06-05
DOMS, EQ, 05-Jun-2025,2435.8,2457.3,2460.6,2435.0,2435.0,2439.6,2444.66,70657,1727.33,8499, 41707, 59.03,0.5902741412740422,2025-06-05
DONEAR, EQ, 05-Jun-2025,108.2,108.39,109.99,108.02,108.25,108.53,108.96,41184,44.87,608, 18560, 45.07,0.4506604506604507,2025-06-05
DPABHUSHAN, EQ, 05-Jun-2025,1495.8,1503.3,1544.6,1485.4,1501.2,1505.8,1510.44,12417,187.55,1452, 4752, 38.27,0.3827011355399855,2025-06-05
DPSCLTD, EQ, 05-Jun-2025,13.07,13.29,13.37,12.96,13.03,13.01,13.12,264945,34.76,1092, 188581, 71.18,0.7117741418030157,2025-06-05
DPWIRES, EQ, 05-Jun-2025,239.85,239.0,249.75,237.2,239.6,239.05,241.1,29278,70.59,1384, 15311, 52.30,0.5229523874581598,2025-06-05
DRCSYSTEMS, EQ, 05-Jun-2025,18.14,18.23,18.75,17.75,18.16,17.95,18.24,368669,67.26,1780, 155798, 42.26,0.42259587868792875,2025-06-05
DREAMFOLKS, EQ, 05-Jun-2025,256.45,254.1,266.7,254.1,264.75,263.95,263.09,170995,449.87,6039, 77395, 45.26,0.4526155735547823,2025-06-05
DREDGECORP, EQ, 05-Jun-2025,788.75,794.4,808.0,785.5,789.0,789.0,796.98,105491,840.74,4439, 41347, 39.19,0.39194812827634584,2025-06-05
DRREDDY, EQ, 05-Jun-2025,1251.9,1264.2,1303.4,1264.2,1290.1,1290.6,1288.93,3834672,49426.34,122574, 1235930, 32.23,0.32230396758836216,2025-06-05
DSSL, EQ, 05-Jun-2025,1083.3,1083.3,1119.4,1080.0,1100.0,1100.7,1104.68,20852,230.35,2783, 10830, 51.94,0.5193746403222712,2025-06-05
DTIL, EQ, 05-Jun-2025,195.93,195.93,198.54,191.1,194.0,191.71,193.82,4765,9.24,371, 2721, 57.10,0.5710388247639034,2025-06-05
DUCON, EQ, 05-Jun-2025,6.34,6.37,6.48,6.07,6.15,6.16,6.28,625962,39.3,1390, 403440, 64.45,0.6445119671801164,2025-06-05
DVL, EQ, 05-Jun-2025,335.0,336.95,341.45,333.0,334.0,334.2,336.26,20871,70.18,867, 14361, 68.81,0.6880839442288342,2025-06-05
DWARKESH, EQ, 05-Jun-2025,48.67,48.85,50.25,48.8,49.34,49.26,49.47,850336,420.7,5226, 397299, 46.72,0.467225896586761,2025-06-05
DYCL, EQ, 05-Jun-2025,883.6,888.5,910.0,881.15,889.95,890.75,894.33,129340,1156.72,7278, 56495, 43.68,0.43679449512911706,2025-06-05
DYNAMATECH, EQ, 05-Jun-2025,6905.5,6905.5,6980.0,6781.5,6850.0,6851.5,6855.61,22760,1560.34,3622, 17576, 77.22,0.772231985940246,2025-06-05
DYNPRO, EQ, 05-Jun-2025,294.9,294.9,299.9,291.2,293.05,292.25,295.27,9564,28.24,527, 6410, 67.02,0.6702216645754914,2025-06-05
E2E, EQ, 05-Jun-2025,2839.0,2868.0,2878.0,2783.5,2810.0,2803.6,2810.07,62920,1768.1,6191, 38784, 61.64,0.6164017800381437,2025-06-05
EASEMYTRIP, EQ, 05-Jun-2025,10.96,10.95,11.03,10.95,10.98,10.96,10.98,9939154,1091.73,11880, 5175446, 52.07,0.5207129298932284,2025-06-05
EBANKNIFTY, EQ, 05-Jun-2025,55.84,55.91,56.0,55.56,55.69,55.8,55.69,975,0.54,20, 763, 78.26,0.7825641025641026,2025-06-05
EBBETF0430, EQ, 05-Jun-2025,1521.87,1524.0,1525.59,1521.01,1523.1,1522.52,1522.25,9517,144.87,650, 6174, 64.87,0.6487338446989598,2025-06-05
EBBETF0431, EQ, 05-Jun-2025,1366.85,1367.99,1368.98,1364.97,1365.9,1367.25,1366.41,8186,111.85,109, 5631, 68.79,0.6878817493281212,2025-06-05
EBBETF0433, EQ, 05-Jun-2025,1253.09,1253.99,1254.94,1253.0,1254.94,1254.49,1254.12,3044,38.18,102, 2861, 93.99,0.9398817345597897,2025-06-05
ECAPINSURE, EQ, 05-Jun-2025,22.63,23.09,23.09,22.0,22.71,22.63,22.4,214890,48.14,759, 147578, 68.68,0.6867606682488715,2025-06-05
ECLERX, EQ, 05-Jun-2025,3502.2,3502.2,3618.0,3502.2,3570.0,3572.6,3547.91,87066,3089.02,6608, 67419, 77.43,0.77434360140583,2025-06-05
ECOSMOBLTY, EQ, 05-Jun-2025,289.8,291.45,294.45,280.5,284.5,284.25,288.3,148162,427.15,4679, 62478, 42.17,0.4216870722587438,2025-06-05
EDELWEISS, EQ, 05-Jun-2025,104.93,105.75,107.88,104.66,107.35,107.13,106.36,4246599,4516.86,43665, 1681800, 39.60,0.39603456789774594,2025-06-05
EGOLD, EQ, 05-Jun-2025,98.4,98.45,99.05,98.15,99.0,98.95,98.91,95355,94.32,127, 94289, 98.88,0.9888207225630539,2025-06-05
EICHERMOT, EQ, 05-Jun-2025,5319.5,5331.5,5338.0,5284.0,5304.0,5308.5,5312.63,459910,24433.33,42372, 267887, 58.25,0.5824770063708117,2025-06-05
EIDPARRY, EQ, 05-Jun-2025,979.65,979.55,985.05,971.4,974.0,974.4,977.56,109593,1071.33,9511, 68734, 62.72,0.6271750932997545,2025-06-05
EIEL, EQ, 05-Jun-2025,231.39,232.62,234.59,228.1,229.0,229.11,231.24,2140766,4950.29,28217, 797530, 37.25,0.3725442201529733,2025-06-05
EIFFL, EQ, 05-Jun-2025,211.07,211.08,226.34,210.17,225.54,225.11,219.85,31901,70.13,1101, 25700, 80.56,0.805617378765556,2025-06-05
EIHAHOTELS, EQ, 05-Jun-2025,381.3,383.7,387.5,380.1,382.65,382.05,382.76,17148,65.64,2302, 8779, 51.20,0.5119547469092606,2025-06-05
EIHOTEL, EQ, 05-Jun-2025,373.8,375.9,379.0,372.8,375.4,374.55,374.75,207991,779.45,11421, 122949, 59.11,0.591126539129097,2025-06-05
EIMCOELECO, EQ, 05-Jun-2025,2321.3,2321.0,2682.0,2309.6,2610.0,2562.4,2564.36,91284,2340.85,14929, 22341, 24.47,0.2447416852898646,2025-06-05
EKC, EQ, 05-Jun-2025,133.9,134.49,137.48,132.51,133.4,132.98,134.81,453172,610.94,5958, 167516, 36.97,0.36965214090897053,2025-06-05
ELDEHSG, EQ, 05-Jun-2025,823.85,824.0,839.95,806.6,814.0,814.55,816.36,617,5.04,99, 378, 61.26,0.6126418152350082,2025-06-05
ELECON, EQ, 05-Jun-2025,705.4,705.45,715.0,689.1,692.0,692.4,699.98,454937,3184.47,20729, 209031, 45.95,0.4594724104656249,2025-06-05
ELECTCAST, EQ, 05-Jun-2025,108.83,109.55,110.8,106.31,106.7,106.82,108.43,1715479,1860.17,13796, 811802, 47.32,0.4732217648831609,2025-06-05
ELECTHERM, BE, 05-Jun-2025,995.7,1015.0,1040.0,981.6,1035.0,1019.2,1010.09,6575,66.41,164, -, -,,2025-06-05
ELGIEQUIP, EQ, 05-Jun-2025,534.45,535.0,542.25,530.9,535.0,533.95,536.77,402985,2163.11,17164, 223890, 55.56,0.5555789917738874,2025-06-05
ELGIRUBCO, BE, 05-Jun-2025,58.82,58.82,58.82,58.8,58.8,58.8,58.8,5851,3.44,74, -, -,,2025-06-05
ELIN, BE, 05-Jun-2025,158.67,158.67,166.6,158.67,166.6,166.58,165.77,222213,368.37,777, -, -,,2025-06-05
EMAMILTD, EQ, 05-Jun-2025,593.9,597.8,597.8,577.1,578.0,579.15,581.71,667231,3881.33,36177, 373785, 56.02,0.5602032879167784,2025-06-05
EMAMIPAP, EQ, 05-Jun-2025,97.81,98.66,99.03,96.1,96.5,96.6,97.11,24071,23.38,1029, 15820, 65.72,0.6572223837813136,2025-06-05
EMAMIREAL, BE, 05-Jun-2025,104.99,105.1,107.5,105.1,107.09,106.66,106.67,1324,1.41,39, -, -,,2025-06-05
EMBDL, EQ, 05-Jun-2025,110.08,110.58,113.83,110.46,112.49,112.28,112.55,4437559,4994.52,25891, 1749154, 39.42,0.39417030849618,2025-06-05
EMCURE, EQ, 05-Jun-2025,1334.0,1335.0,1354.0,1325.0,1329.4,1332.4,1333.2,63354,844.63,8289, 39611, 62.52,0.6252328187644032,2025-06-05
EMIL, EQ, 05-Jun-2025,124.65,125.49,128.0,122.8,123.7,123.33,125.85,3400700,4279.94,21330, 823683, 24.22,0.24220983915076308,2025-06-05
EMKAY, BE, 05-Jun-2025,241.0,240.0,241.0,240.0,241.0,241.0,240.53,14357,34.53,54, -, -,,2025-06-05
EMMBI, EQ, 05-Jun-2025,110.45,111.55,114.54,110.92,114.3,113.78,112.94,31848,35.97,1158, 16584, 52.07,0.520723436322532,2025-06-05
EMSLIMITED, EQ, 05-Jun-2025,579.75,583.7,609.8,581.8,604.4,604.25,601.25,673786,4051.14,22305, 259372, 38.49,0.3849471493916466,2025-06-05
EMUDHRA, EQ, 05-Jun-2025,756.6,760.0,762.5,748.1,749.7,750.5,753.56,53145,400.48,3942, 28793, 54.18,0.541781917395804,2025-06-05
EMULTIMQ, EQ, 05-Jun-2025,42.49,42.68,42.89,42.4,42.8,42.83,42.67,78233,33.38,329, 74220, 94.87,0.9487045108841538,2025-06-05
ENDURANCE, EQ, 05-Jun-2025,2453.9,2460.5,2574.0,2459.9,2539.1,2530.3,2529.09,139424,3526.15,16515, 69317, 49.72,0.49716691530869866,2025-06-05
ENERGYDEV, EQ, 05-Jun-2025,19.38,19.39,19.74,19.03,19.15,19.26,19.45,37169,7.23,299, 27843, 74.91,0.749091985256531,2025-06-05
ENGINERSIN, EQ, 05-Jun-2025,232.11,233.7,239.5,230.4,231.5,231.29,234.66,9499434,22290.92,68065, 2581826, 27.18,0.27178735069899956,2025-06-05
ENIL, EQ, 05-Jun-2025,149.47,149.9,150.98,146.0,148.9,147.05,148.16,16389,24.28,472, 10807, 65.94,0.6594056989444139,2025-06-05
ENTERO, EQ, 05-Jun-2025,1219.0,1219.9,1235.0,1201.1,1223.0,1221.9,1219.01,53782,655.61,8775, 29001, 53.92,0.5392324569558589,2025-06-05
EPACK, EQ, 05-Jun-2025,367.05,368.75,374.75,362.0,365.0,365.6,369.71,450545,1665.71,9674, 233552, 51.84,0.5183766327447868,2025-06-05
EPIGRAL, EQ, 05-Jun-2025,1775.1,1777.9,1826.0,1777.0,1795.0,1796.1,1807.69,31156,563.2,5425, 15787, 50.67,0.5067081782000257,2025-06-05
EPL, EQ, 05-Jun-2025,238.44,239.7,244.95,238.77,241.75,240.47,241.56,544633,1315.6,16344, 255100, 46.84,0.4683888049383713,2025-06-05
EQUAL200, EQ, 05-Jun-2025,12.88,12.88,12.98,12.87,12.94,12.93,12.94,9298,1.2,71, 7433, 79.94,0.799419229941923,2025-06-05
EQUAL50, EQ, 05-Jun-2025,307.63,307.83,309.29,307.83,309.29,309.29,307.92,725,2.23,7, 672, 92.69,0.926896551724138,2025-06-05
EQUAL50ADD, EQ, 05-Jun-2025,318.07,318.0,320.03,316.49,320.0,319.17,318.83,4901,15.63,153, 2552, 52.07,0.5207100591715976,2025-06-05
EQUIPPP, BE, 05-Jun-2025,19.96,19.4,20.24,19.22,19.22,19.43,19.59,20355,3.99,89, -, -,,2025-06-05
EQUITASBNK, EQ, 05-Jun-2025,64.14,64.13,64.85,63.95,64.59,64.59,64.5,1714228,1105.61,11171, 845739, 49.34,0.49336435993345107,2025-06-05
ERIS, EQ, 05-Jun-2025,1605.0,1605.0,1658.2,1605.0,1645.0,1651.8,1640.69,137816,2261.13,13799, 72892, 52.89,0.5289081093632089,2025-06-05
ESABINDIA, EQ, 05-Jun-2025,5063.5,5098.0,5229.0,5066.0,5179.0,5206.5,5166.98,6896,356.32,1915, 3906, 56.64,0.566415313225058,2025-06-05
ESAFSFB, EQ, 05-Jun-2025,31.9,31.96,32.4,31.92,32.0,31.98,32.1,222620,71.46,1576, 110581, 49.67,0.4967253616027311,2025-06-05
ESCORTS, EQ, 05-Jun-2025,3249.2,3265.0,3333.6,3260.0,3308.0,3313.4,3297.48,178239,5877.4,20186, 77174, 43.30,0.4329804363803657,2025-06-05
ESG, EQ, 05-Jun-2025,41.81,42.01,42.21,41.88,42.1,41.95,41.97,24665,10.35,120, 18027, 73.09,0.7308737076829516,2025-06-05
ESILVER, EQ, 05-Jun-2025,102.51,102.9,107.5,101.75,104.95,105.24,104.19,6559,6.83,213, 5573, 84.97,0.8496722061289831,2025-06-05
ESSARSHPNG, BE, 05-Jun-2025,31.37,31.37,31.9,30.6,31.59,31.42,31.38,101458,31.84,501, -, -,,2025-06-05
ESSENTIA, EQ, 05-Jun-2025,2.25,2.25,2.3,2.25,2.25,2.25,2.27,2183025,49.55,2433, 1254101, 57.45,0.5744785332279749,2025-06-05
ESTER, EQ, 05-Jun-2025,137.36,137.9,144.0,135.76,136.8,136.55,140.34,555169,779.1,8502, 255346, 45.99,0.45994282821987537,2025-06-05
ETERNAL, EQ, 05-Jun-2025,245.68,248.0,260.22,247.99,256.8,256.56,256.57,127795264,327886.97,456005, 60947583, 47.69,0.4769158190400546,2025-06-05
ETHOSLTD, EQ, 05-Jun-2025,2853.0,2876.0,2890.0,2840.4,2860.5,2850.7,2855.34,10167,290.3,2627, 5314, 52.27,0.5226713878233501,2025-06-05
EUREKAFORB, EQ, 05-Jun-2025,630.05,630.1,632.45,608.3,610.1,610.3,616.23,107530,662.63,9706, 52922, 49.22,0.49216032735050685,2025-06-05
EUROTEXIND, EQ, 05-Jun-2025,17.27,16.51,17.19,16.4,16.4,16.4,16.61,14523,2.41,147, 8287, 57.06,0.5706121324795153,2025-06-05
EVEREADY, EQ, 05-Jun-2025,308.1,309.1,319.4,305.0,318.5,318.3,314.01,297335,933.66,9863, 167094, 56.20,0.5619721862545614,2025-06-05
EVERESTIND, BE, 05-Jun-2025,462.7,458.0,478.9,440.7,469.6,465.3,456.02,25378,115.73,743, -, -,,2025-06-05
EVIETF, EQ, 05-Jun-2025,29.18,29.38,29.43,29.19,29.3,29.31,29.32,69686,20.43,229, 55167, 79.17,0.7916511207416124,2025-06-05
EVINDIA, EQ, 05-Jun-2025,29.17,29.24,29.39,29.01,29.29,29.25,29.29,192483,56.37,1665, 116999, 60.78,0.6078406924247856,2025-06-05
EXCEL, EQ, 05-Jun-2025,0.71,0.72,0.73,0.71,0.72,0.71,0.72,2770176,19.82,1890, 1675413, 60.48,0.6048038102994178,2025-06-05
EXCELINDUS, EQ, 05-Jun-2025,1203.6,1209.1,1219.0,1189.4,1195.0,1192.1,1204.72,13269,159.85,1938, 6909, 52.07,0.5206873163011531,2025-06-05
EXICOM, EQ, 05-Jun-2025,182.74,181.51,190.4,181.51,185.0,184.5,186.82,453800,847.8,8653, 170299, 37.53,0.37527324812692814,2025-06-05
EXIDEIND, EQ, 05-Jun-2025,388.9,390.9,393.75,388.2,390.5,391.15,391.19,2310114,9037.04,23754, 1213360, 52.52,0.525238148420381,2025-06-05
EXPLEOSOL, EQ, 05-Jun-2025,1040.4,1045.6,1059.0,1032.4,1059.0,1042.5,1045.08,8127,84.93,1556, 4538, 55.84,0.55838562815307,2025-06-05
EXXARO, EQ, 05-Jun-2025,8.98,9.09,9.62,9.05,9.29,9.37,9.41,3629927,341.59,5807, 1656666, 45.64,0.4563909962927629,2025-06-05
FACT, EQ, 05-Jun-2025,1031.05,1027.0,1112.0,1005.9,1017.8,1015.35,1062.62,6061090,64406.63,187950, 686780, 11.33,0.11330965222426989,2025-06-05
FAIRCHEMOR, EQ, 05-Jun-2025,937.6,947.0,947.9,924.0,931.2,934.35,933.99,11615,108.48,2459, 4317, 37.17,0.37167455876022387,2025-06-05
FAZE3Q, EQ, 05-Jun-2025,567.65,560.0,599.9,559.55,582.0,584.3,589.01,84083,495.25,5419, 39414, 46.88,0.46875111496973226,2025-06-05
FCL, EQ, 05-Jun-2025,247.57,249.35,254.95,249.11,253.5,253.8,252.43,355371,897.06,11102, 154087, 43.36,0.43359475027506467,2025-06-05
FCSSOFT, EQ, 05-Jun-2025,2.6,2.6,2.65,2.6,2.62,2.6,2.62,2193342,57.5,2427, 809801, 36.92,0.36920872349136613,2025-06-05
FDC, EQ, 05-Jun-2025,437.6,437.6,443.8,431.0,433.85,434.7,436.74,76966,336.14,5734, 41497, 53.92,0.5391601486370605,2025-06-05
FEDERALBNK, EQ, 05-Jun-2025,210.97,211.86,211.86,206.33,207.5,207.07,208.25,6847718,14260.55,64605, 4185210, 61.12,0.6111831708023023,2025-06-05
FEDFINA, EQ, 05-Jun-2025,102.42,102.42,103.73,100.12,100.72,100.9,101.93,229068,233.49,5372, 114677, 50.06,0.5006242687760839,2025-06-05
FEL, BZ, 05-Jun-2025,0.6,0.6,0.61,0.58,0.6,0.6,0.6,129142,0.77,88, -, -,,2025-06-05
FELDVR, BZ, 05-Jun-2025,3.7,3.73,3.79,3.51,3.69,3.69,3.64,3873,0.14,37, -, -,,2025-06-05
FIBERWEB, EQ, 05-Jun-2025,52.31,52.31,53.9,50.3,51.39,50.66,51.76,96325,49.86,1625, 60662, 62.98,0.6297638203996886,2025-06-05
FIEMIND, EQ, 05-Jun-2025,1850.1,1853.3,1902.0,1853.3,1871.0,1866.7,1878.02,104763,1967.47,15900, 46837, 44.71,0.4470757805713849,2025-06-05
FILATEX, EQ, 05-Jun-2025,57.83,58.09,59.99,57.21,57.75,57.68,58.89,3150905,1855.67,20000, 864322, 27.43,0.2743091270603208,2025-06-05
FILATFASH, BE, 05-Jun-2025,0.5,0.5,0.51,0.49,0.51,0.5,0.5,12062192,60.71,3517, -, -,,2025-06-05
FINCABLES, EQ, 05-Jun-2025,966.4,974.9,976.2,962.6,969.95,969.45,968.0,261193,2528.35,14977, 123429, 47.26,0.4725586060882183,2025-06-05
FINEORG, EQ, 05-Jun-2025,4770.5,4817.0,4874.0,4770.2,4816.8,4827.1,4817.82,13920,670.64,4621, 7262, 52.17,0.5216954022988506,2025-06-05
FINIETF, EQ, 05-Jun-2025,29.71,29.85,30.01,29.71,30.01,29.87,29.9,605579,181.06,906, 485093, 80.10,0.8010399964331656,2025-06-05
FINOPB, EQ, 05-Jun-2025,242.56,244.0,263.52,244.0,256.1,255.91,257.21,886098,2279.17,26753, 298348, 33.67,0.3366986495850346,2025-06-05
FINPIPE, EQ, 05-Jun-2025,216.81,217.01,218.5,214.1,214.5,214.68,216.26,541962,1172.03,9696, 280006, 51.67,0.5166524590284928,2025-06-05
FIRSTCRY, EQ, 05-Jun-2025,364.6,364.0,410.0,359.5,403.5,399.4,399.04,36717904,146519.13,347095, 2452440, 6.68,0.06679139419287114,2025-06-05
FIVESTAR, EQ, 05-Jun-2025,687.35,690.0,694.5,684.55,690.0,691.65,689.67,220311,1519.42,10808, 99893, 45.34,0.453418122563104,2025-06-05
FLAIR, EQ, 05-Jun-2025,262.85,265.9,267.65,262.0,263.1,262.65,264.59,51149,135.33,2005, 23412, 45.77,0.4577215585837455,2025-06-05
FLEXITUFF, BE, 05-Jun-2025,33.66,33.9,34.3,33.9,34.3,34.3,33.94,12386,4.2,11, -, -,,2025-06-05
FLFL, BZ, 05-Jun-2025,1.78,1.81,1.83,1.71,1.71,1.71,1.74,44410,0.77,88, -, -,,2025-06-05
FLUOROCHEM, EQ, 05-Jun-2025,3671.5,3672.0,3694.9,3632.7,3666.0,3663.8,3658.59,58655,2145.95,9643, 32787, 55.90,0.5589804790725429,2025-06-05
FMCGIETF, EQ, 05-Jun-2025,59.5,59.48,59.49,58.92,59.3,59.27,59.21,1066934,631.7,4987, 470099, 44.06,0.4406073852740657,2025-06-05
FMGOETZE, EQ, 05-Jun-2025,461.5,466.0,494.95,462.7,482.35,483.05,484.07,505596,2447.44,11380, 266601, 52.73,0.5273004533263712,2025-06-05
FMNL, BE, 05-Jun-2025,13.9,13.81,14.17,13.81,14.17,14.17,13.98,12252,1.71,35, -, -,,2025-06-05
FOCUS, EQ, 05-Jun-2025,99.23,103.51,104.19,101.4,104.19,104.19,103.56,250686,259.61,906, 188088, 75.03,0.7502931954716259,2025-06-05
FOODSIN, EQ, 05-Jun-2025,96.01,96.98,98.0,96.1,96.8,97.33,97.3,103312,100.53,1435, 47516, 45.99,0.45992721077899956,2025-06-05
FORCEMOT, EQ, 05-Jun-2025,12333.0,12687.0,12835.0,12366.0,12770.0,12755.0,12669.79,136582,17304.66,30117, 29831, 21.84,0.218410917983336,2025-06-05
FORTIS, EQ, 05-Jun-2025,738.85,744.8,756.9,736.45,754.4,754.75,752.23,3099466,23315.13,75281, 1718233, 55.44,0.554364203382131,2025-06-05
FOSECOIND, EQ, 05-Jun-2025,4416.0,4401.0,4500.0,4398.0,4463.0,4472.4,4454.91,1372,61.12,648, 584, 42.57,0.42565597667638483,2025-06-05
FSC, BZ, 05-Jun-2025,2.08,2.08,2.12,2.0,2.12,2.11,2.1,22667,0.48,51, -, -,,2025-06-05
FSL, EQ, 05-Jun-2025,380.85,383.0,384.5,372.5,374.0,374.0,376.38,914517,3442.02,22858, 432309, 47.27,0.4727183857708495,2025-06-05
FUSION, EQ, 05-Jun-2025,164.97,164.97,172.0,163.3,170.0,170.53,168.62,620419,1046.14,10818, 296425, 47.78,0.4777819505850079,2025-06-05
GABRIEL, EQ, 05-Jun-2025,650.9,654.8,659.95,635.05,638.8,638.9,646.61,431303,2788.84,19153, 274248, 63.59,0.6358592451246572,2025-06-05
GAEL, EQ, 05-Jun-2025,115.01,115.05,120.4,115.05,119.9,119.79,118.56,1448870,1717.74,14627, 866745, 59.82,0.5982213725178932,2025-06-05
GAIL, EQ, 05-Jun-2025,189.52,190.69,192.87,189.5,190.72,190.62,190.9,7467344,14255.34,51047, 3674185, 49.20,0.49203371372739757,2025-06-05
GALAPREC, EQ, 05-Jun-2025,889.2,889.2,924.0,885.05,912.0,911.8,907.2,56858,515.82,5115, 24230, 42.61,0.42614935453234376,2025-06-05
GALAXYSURF, EQ, 05-Jun-2025,2366.9,2378.9,2407.4,2371.2,2380.0,2385.5,2389.3,18864,450.72,3974, 9618, 50.99,0.5098600508905853,2025-06-05
GALLANTT, EQ, 05-Jun-2025,446.95,451.4,451.4,435.55,441.9,441.25,440.74,70917,312.56,4428, 41114, 57.97,0.5797481562953876,2025-06-05
GANDHAR, EQ, 05-Jun-2025,179.98,180.0,182.43,173.61,174.4,174.18,176.12,318825,561.51,6614, 193631, 60.73,0.6073269034736924,2025-06-05
GANDHITUBE, EQ, 05-Jun-2025,712.75,712.75,725.5,708.0,718.0,721.6,717.0,3120,22.37,383, 1918, 61.47,0.6147435897435898,2025-06-05
GANECOS, EQ, 05-Jun-2025,1489.3,1496.0,1510.4,1470.0,1483.2,1477.0,1484.32,54385,807.25,6347, 31428, 57.79,0.5778799301277926,2025-06-05
GANESHBE, EQ, 05-Jun-2025,109.68,109.68,110.89,109.4,109.76,109.92,110.27,68081,75.07,1093, 40294, 59.19,0.5918538211835901,2025-06-05
GANESHHOUC, EQ, 05-Jun-2025,1002.0,1012.0,1030.3,1006.9,1022.0,1020.6,1021.61,81542,833.04,7195, 44584, 54.68,0.5467611782884894,2025-06-05
GANGAFORGE, EQ, 05-Jun-2025,4.25,4.29,4.35,4.25,4.32,4.3,4.3,133271,5.74,419, 101315, 76.02,0.7602179018691239,2025-06-05
GANGESSECU, EQ, 05-Jun-2025,158.12,159.12,161.0,156.02,159.97,157.77,158.15,1257,1.99,265, 339, 26.97,0.26968973747016706,2025-06-05
GARFIBRES, EQ, 05-Jun-2025,916.55,923.8,941.15,904.45,909.0,908.9,920.56,53984,496.95,7827, 23474, 43.48,0.4348325429756965,2025-06-05
GARUDA, EQ, 05-Jun-2025,110.37,110.38,125.7,110.38,123.3,123.73,120.22,5359298,6443.11,43097, 1431168, 26.70,0.26704393000725096,2025-06-05
GATECH, EQ, 05-Jun-2025,0.89,0.93,0.93,0.86,0.93,0.92,0.92,26905032,248.4,4422, 12121362, 45.05,0.45052397633275443,2025-06-05
GATECHDVR, EQ, 05-Jun-2025,1.0,1.0,1.03,0.96,1.01,1.01,1.01,1030631,10.39,675, 674455, 65.44,0.6544097742062872,2025-06-05
GATEWAY, EQ, 05-Jun-2025,65.41,66.05,66.67,65.01,65.49,65.21,65.94,818050,539.41,9890, 470999, 57.58,0.5757582054886621,2025-06-05
GAYAHWS, BE, 05-Jun-2025,1.24,1.26,1.26,1.26,1.26,1.26,1.26,33455,0.42,39, -, -,,2025-06-05
GAYAPROJ, BZ, 05-Jun-2025,8.03,8.03,8.39,7.85,8.25,8.25,8.04,263219,21.16,140, -, -,,2025-06-05
GEECEE, EQ, 05-Jun-2025,392.25,393.5,396.85,386.35,386.35,389.0,392.19,5805,22.77,322, 4045, 69.68,0.6968130921619293,2025-06-05
GEEKAYWIRE, EQ, 05-Jun-2025,70.92,70.92,73.4,70.92,72.6,72.1,72.46,84070,60.91,1215, 48886, 58.15,0.5814916141310812,2025-06-05
GENCON, EQ, 05-Jun-2025,42.04,42.84,44.9,41.42,42.48,42.08,43.53,437760,190.57,4192, 211493, 48.31,0.483125456871345,2025-06-05
GENESYS, EQ, 05-Jun-2025,699.85,699.85,721.0,697.95,710.0,708.9,711.02,225187,1601.11,12965, 98034, 43.53,0.43534484672738655,2025-06-05
GENSOL, BE, 05-Jun-2025,56.91,55.77,55.77,55.77,55.77,55.77,55.77,103906,57.95,1104, -, -,,2025-06-05
GENUSPAPER, EQ, 05-Jun-2025,19.83,19.81,20.55,19.81,19.92,19.91,20.18,2301793,464.4,3778, 1128238, 49.02,0.4901561521822336,2025-06-05
GENUSPOWER, EQ, 05-Jun-2025,394.45,398.0,404.05,391.35,398.85,399.4,398.66,1004358,4004.01,20497, 529011, 52.67,0.5267155735305539,2025-06-05
GEOJITFSL, EQ, 05-Jun-2025,84.82,85.24,87.79,84.9,85.05,85.05,85.75,1296554,1111.81,15933, 730677, 56.36,0.5635530799334235,2025-06-05
GEPIL, EQ, 05-Jun-2025,278.7,279.7,281.0,272.0,275.0,274.95,275.47,300313,827.29,9779, 151864, 50.57,0.5056857345502859,2025-06-05
GESHIP, EQ, 05-Jun-2025,990.5,995.0,1009.0,986.0,1001.0,1000.0,999.51,1549857,15491.01,27694, 1160526, 74.88,0.7487955340395921,2025-06-05
GFLLIMITED, EQ, 05-Jun-2025,63.77,64.0,65.33,64.0,64.52,64.34,64.57,70890,45.78,1113, 42259, 59.61,0.5961207504584568,2025-06-05
GHCL, EQ, 05-Jun-2025,614.45,614.5,626.4,613.8,617.2,618.2,620.9,100113,621.6,7489, 44673, 44.62,0.44622576488567917,2025-06-05
GHCLTEXTIL, EQ, 05-Jun-2025,92.4,92.4,93.31,91.02,91.03,91.14,91.88,85232,78.31,1562, 50302, 59.02,0.5901773981603153,2025-06-05
GICHSGFIN, EQ, 05-Jun-2025,190.2,191.15,194.55,190.02,190.62,190.72,192.04,130969,251.51,2632, 69637, 53.17,0.5317059762233811,2025-06-05
GICRE, EQ, 05-Jun-2025,398.85,398.5,410.65,398.0,398.95,398.8,402.69,905239,3645.29,34548, 379606, 41.93,0.4193433999198002,2025-06-05
GILLANDERS, EQ, 05-Jun-2025,125.55,124.03,128.19,124.03,127.21,127.03,126.84,10762,13.65,328, 7786, 72.35,0.7234714737037725,2025-06-05
GILLETTE, EQ, 05-Jun-2025,9947.0,9977.0,10298.5,9921.0,10220.0,10232.0,10165.1,49305,5011.9,15101, 21300, 43.20,0.4320048676604807,2025-06-05
GILT5YBEES, EQ, 05-Jun-2025,62.54,62.69,62.69,62.47,62.56,62.58,62.58,245309,153.52,697, 229363, 93.50,0.9349962700104766,2025-06-05
GINNIFILA, BE, 05-Jun-2025,40.05,42.0,42.05,40.55,42.05,42.05,41.94,224731,94.24,530, -, -,,2025-06-05
GIPCL, EQ, 05-Jun-2025,195.34,195.6,200.0,195.6,197.4,197.4,198.38,186468,369.92,5170, 76176, 40.85,0.40852049681446684,2025-06-05
GKWLIMITED, BE, 05-Jun-2025,1964.0,2060.0,2060.0,1930.0,2019.0,2019.0,1950.47,1045,20.38,58, -, -,,2025-06-05
GLAND, EQ, 05-Jun-2025,1625.4,1614.0,1650.0,1600.1,1632.0,1633.6,1625.72,187613,3050.06,19159, 60787, 32.40,0.32400206808696624,2025-06-05
GLAXO, EQ, 05-Jun-2025,3420.0,3440.0,3515.7,3401.3,3453.0,3466.2,3463.08,207434,7183.6,26537, 84305, 40.64,0.4064184270659583,2025-06-05
GLENMARK, EQ, 05-Jun-2025,1512.8,1512.8,1589.5,1512.8,1580.1,1584.8,1564.88,2290396,35842.06,76935, 1013545, 44.25,0.44251954683818867,2025-06-05
GLFL, BE, 05-Jun-2025,4.31,4.32,4.38,4.15,4.35,4.35,4.32,4349,0.19,10, -, -,,2025-06-05
GLOBAL, EQ, 05-Jun-2025,63.0,63.9,64.49,61.31,61.69,61.83,63.07,64376,40.6,1763, 27811, 43.20,0.43200882316391204,2025-06-05
GLOBALE, BE, 05-Jun-2025,15.99,16.31,16.31,15.99,16.25,16.24,16.17,3180,0.51,27, -, -,,2025-06-05
GLOBALVECT, EQ, 05-Jun-2025,232.81,230.08,245.01,230.08,239.0,239.96,239.57,19227,46.06,1157, 12045, 62.65,0.6264627867061944,2025-06-05
GLOBE, BE, 05-Jun-2025,2.47,2.48,2.54,2.48,2.5,2.49,2.51,254527,6.39,392, -, -,,2025-06-05
GLOBUSSPR, EQ, 05-Jun-2025,1007.8,1010.0,1023.85,1005.1,1009.95,1007.9,1010.52,54714,552.9,4950, 27740, 50.70,0.5070000365537157,2025-06-05
GLOSTERLTD, EQ, 05-Jun-2025,693.55,685.45,700.25,674.0,686.0,685.1,689.16,7898,54.43,582, 6083, 77.02,0.7701949860724234,2025-06-05
GMBREW, EQ, 05-Jun-2025,713.35,710.15,722.65,708.0,714.95,711.5,714.3,19097,136.41,1968, 9651, 50.54,0.5053673351835367,2025-06-05
GMDCLTD, EQ, 05-Jun-2025,368.95,372.0,386.0,370.7,383.0,382.6,381.41,4816694,18371.19,71297, 1794786, 37.26,0.3726178162864405,2025-06-05
GMMPFAUDLR, EQ, 05-Jun-2025,1112.0,1112.0,1144.8,1112.0,1134.8,1138.7,1134.94,35493,402.82,3840, 16413, 46.24,0.46242921139379595,2025-06-05
GMRAIRPORT, EQ, 05-Jun-2025,83.99,84.36,85.5,83.99,84.98,84.91,84.73,7124566,6036.97,17843, 4302871, 60.39,0.6039485071792443,2025-06-05
GMRP&UI, EQ, 05-Jun-2025,110.95,112.0,113.34,110.56,110.8,111.01,111.69,1307830,1460.67,12081, 737421, 56.39,0.5638508062974545,2025-06-05
GNA, EQ, 05-Jun-2025,328.9,327.2,334.65,323.0,324.7,324.35,326.89,75239,245.95,3741, 49042, 65.18,0.6518162123366871,2025-06-05
GNFC, EQ, 05-Jun-2025,548.65,550.4,557.5,545.0,545.45,546.15,550.71,455556,2508.78,11521, 211701, 46.47,0.4647090588204304,2025-06-05
GOACARBON, EQ, 05-Jun-2025,504.9,505.0,517.3,494.55,498.45,497.4,504.9,44351,223.93,2551, 19314, 43.55,0.435480597957205,2025-06-05
GOCLCORP, EQ, 05-Jun-2025,312.55,313.5,327.9,313.5,320.0,319.45,323.08,138166,446.39,6683, 56768, 41.09,0.41086808621513254,2025-06-05
GOCOLORS, EQ, 05-Jun-2025,868.15,868.15,874.9,862.6,865.95,867.05,868.95,55141,479.15,6397, 28232, 51.20,0.5119965180174462,2025-06-05
GODAVARIB, EQ, 05-Jun-2025,278.15,275.5,298.8,275.45,287.4,289.75,292.16,228513,667.63,5332, 133153, 58.27,0.582693325981454,2025-06-05
GODFRYPHLP, EQ, 05-Jun-2025,8415.5,8515.5,8550.0,8205.0,8250.0,8218.5,8328.94,68879,5736.89,14700, 39710, 57.65,0.5765182421347581,2025-06-05
GODHA, EQ, 05-Jun-2025,0.46,0.47,0.48,0.45,0.48,0.48,0.47,22126238,104.81,2469, 13153715, 59.45,0.5944849278038138,2025-06-05
GODIGIT, EQ, 05-Jun-2025,335.0,335.0,340.0,333.5,336.1,338.0,336.12,1564346,5258.15,16037, 1348553, 86.21,0.862055453205365,2025-06-05
GODREJAGRO, EQ, 05-Jun-2025,814.95,819.45,826.75,805.2,813.1,816.75,816.91,533444,4357.76,26871, 277463, 52.01,0.5201351969466336,2025-06-05
GODREJCP, EQ, 05-Jun-2025,1227.2,1234.0,1234.5,1210.1,1213.0,1214.9,1222.09,1088686,13304.69,51375, 803978, 73.85,0.7384847421570591,2025-06-05
GODREJIND, EQ, 05-Jun-2025,1188.2,1188.2,1200.0,1180.6,1191.0,1190.5,1190.7,59298,706.06,5259, 29279, 49.38,0.49376032918479545,2025-06-05
GODREJPROP, EQ, 05-Jun-2025,2263.8,2270.0,2325.0,2249.6,2312.4,2312.0,2301.58,1128257,25967.79,63605, 642712, 56.97,0.5696503544848381,2025-06-05
GOENKA, BZ, 05-Jun-2025,0.89,0.93,0.93,0.85,0.91,0.91,0.92,239919,2.2,109, -, -,,2025-06-05
GOKEX, EQ, 05-Jun-2025,944.5,949.9,951.45,940.95,949.7,948.15,947.01,78764,745.9,5248, 37907, 48.13,0.48127317048397744,2025-06-05
GOKUL, EQ, 05-Jun-2025,47.56,48.09,49.95,46.15,47.15,47.9,48.29,295357,142.62,1681, 250043, 84.66,0.846578885890634,2025-06-05
GOKULAGRO, EQ, 05-Jun-2025,278.02,282.0,293.7,280.9,287.86,286.59,287.51,1053421,3028.66,23851, 427328, 40.57,0.4056573772499314,2025-06-05
GOLD1, EQ, 05-Jun-2025,81.83,83.87,83.87,81.4,82.3,82.24,82.08,3306405,2713.85,3091, 3156661, 95.47,0.9547109322663134,2025-06-05
GOLD360, EQ, 05-Jun-2025,96.3,96.8,97.05,96.2,96.8,96.8,96.42,3395,3.27,157, 2691, 79.26,0.7926362297496318,2025-06-05
GOLDBEES, EQ, 05-Jun-2025,81.31,83.75,83.75,80.87,81.79,81.73,81.49,14131710,11516.26,49978, 9132729, 64.63,0.6462578838654346,2025-06-05
GOLDCASE, EQ, 05-Jun-2025,15.45,15.75,15.75,15.39,15.53,15.51,15.46,2751657,425.28,3157, 1516044, 55.10,0.5509567507868895,2025-06-05
GOLDENTOBC, BZ, 05-Jun-2025,35.97,37.0,37.0,35.01,36.2,36.2,35.55,1366,0.49,14, -, -,,2025-06-05
GOLDETF, EQ, 05-Jun-2025,95.22,95.32,96.0,95.22,96.0,95.77,95.55,776742,742.18,2194, 650193, 83.71,0.8370771762052265,2025-06-05
GOLDETFADD, EQ, 05-Jun-2025,95.39,95.4,96.0,95.08,95.99,95.88,95.7,21335,20.42,315, 18230, 85.45,0.8544644949613311,2025-06-05
GOLDIAM, EQ, 05-Jun-2025,363.8,364.6,370.5,359.0,360.0,360.15,364.26,301263,1097.39,5390, 161073, 53.47,0.5346590852510928,2025-06-05
GOLDIETF, EQ, 05-Jun-2025,83.87,85.96,85.96,83.91,84.33,84.43,84.25,3336293,2810.79,9415, 2122733, 63.63,0.636254969212836,2025-06-05
GOLDSHARE, EQ, 05-Jun-2025,82.25,82.9,82.9,79.35,82.6,82.8,82.32,1371468,1129.03,1719, 1068591, 77.92,0.7791585366920701,2025-06-05
GOLDTECH, EQ, 05-Jun-2025,68.25,68.68,70.25,68.21,70.2,69.84,69.38,23465,16.28,613, 14602, 62.23,0.6222885148092905,2025-06-05
GOODLUCK, EQ, 05-Jun-2025,969.35,970.5,979.1,965.0,972.5,973.0,971.64,66661,647.71,4891, 29937, 44.91,0.4490931729196982,2025-06-05
GOPAL, EQ, 05-Jun-2025,355.2,356.0,362.7,354.4,357.25,357.2,358.1,105309,377.11,4331, 47646, 45.24,0.4524399623963764,2025-06-05
GOYALALUM, EQ, 05-Jun-2025,8.38,8.54,8.54,8.22,8.39,8.29,8.34,110721,9.24,780, 85281, 77.02,0.7702332890779527,2025-06-05
GPIL, EQ, 05-Jun-2025,189.91,190.0,193.5,188.5,188.9,189.13,190.65,1045506,1993.23,14732, 439644, 42.05,0.4205083471543922,2025-06-05
GPPL, EQ, 05-Jun-2025,156.83,157.1,161.1,157.01,157.98,157.99,158.69,1970201,3126.46,23284, 850953, 43.19,0.43191176940829895,2025-06-05
GPTHEALTH, EQ, 05-Jun-2025,149.57,150.3,154.9,149.44,150.36,150.09,151.05,340235,513.91,13136, 177325, 52.12,0.5211838876070951,2025-06-05
GPTINFRA, EQ, 05-Jun-2025,140.44,141.0,142.77,139.31,139.87,139.64,140.36,111323,156.25,2987, 71465, 64.20,0.6419607807910315,2025-06-05
GRANULES, EQ, 05-Jun-2025,527.35,527.0,540.4,526.9,532.6,533.95,534.54,855813,4574.64,18105, 270413, 31.60,0.3159720639906148,2025-06-05
GRAPHITE, EQ, 05-Jun-2025,570.15,573.0,580.75,553.0,556.1,555.0,566.5,1784753,10110.64,37858, 653194, 36.60,0.36598565739909106,2025-06-05
GRASIM, EQ, 05-Jun-2025,2549.7,2555.1,2599.0,2538.9,2556.0,2554.4,2573.58,950620,24464.96,49176, 413783, 43.53,0.43527697713071467,2025-06-05
GRAVITA, EQ, 05-Jun-2025,1851.3,1852.0,1859.2,1825.0,1833.2,1830.6,1845.45,243229,4488.68,14382, 161985, 66.60,0.6659773300058792,2025-06-05
GREAVESCOT, EQ, 05-Jun-2025,204.13,205.88,210.79,202.57,203.85,203.57,206.45,2244595,4633.91,28764, 844476, 37.62,0.37622644619630713,2025-06-05
GREENLAM, EQ, 05-Jun-2025,246.8,248.4,252.75,242.1,245.45,244.8,246.0,36268,89.22,2924, 14974, 41.29,0.4128708503363847,2025-06-05
GREENPANEL, EQ, 05-Jun-2025,261.5,262.8,279.7,262.8,269.95,267.05,271.13,412458,1118.3,21598, 158712, 38.48,0.3847955428189052,2025-06-05
GREENPLY, EQ, 05-Jun-2025,320.7,320.0,322.55,314.0,315.0,315.0,317.53,64630,205.22,3559, 34835, 53.90,0.5389911805663005,2025-06-05
GREENPOWER, EQ, 05-Jun-2025,13.07,13.11,13.64,13.07,13.12,13.16,13.31,5096924,678.6,10356, 1832529, 35.95,0.3595362614784917,2025-06-05
GRINDWELL, EQ, 05-Jun-2025,1807.3,1819.2,1884.0,1810.3,1839.0,1844.0,1848.06,59160,1093.31,9547, 22197, 37.52,0.3752028397565923,2025-06-05
GRINFRA, EQ, 05-Jun-2025,1278.1,1277.9,1302.3,1275.9,1283.6,1285.6,1288.58,21668,279.21,3379, 10069, 46.47,0.4646944803396714,2025-06-05
GRMOVER, EQ, 05-Jun-2025,287.35,286.5,298.85,282.8,288.0,292.7,289.4,592198,1713.81,10384, 227724, 38.45,0.38454030577610865,2025-06-05
GROBTEA, EQ, 05-Jun-2025,999.25,994.3,1025.0,993.25,997.2,997.3,1006.47,545,5.49,90, 287, 52.66,0.5266055045871559,2025-06-05
GROWWDEFNC, EQ, 05-Jun-2025,88.76,86.54,91.2,86.54,91.2,90.88,90.04,701316,631.47,5262, 413820, 59.01,0.5900621118012422,2025-06-05
GROWWEV, EQ, 05-Jun-2025,29.11,28.38,29.83,28.38,29.27,29.3,29.24,347049,101.49,2636, 235369, 67.82,0.6782010609452844,2025-06-05
GROWWGOLD, EQ, 05-Jun-2025,96.2,96.6,96.88,96.02,96.7,96.67,96.46,87593,84.49,1991, 51102, 58.34,0.5834027833274349,2025-06-05
GROWWLIQID, EQ, 05-Jun-2025,104.3,104.29,104.33,104.29,104.32,104.32,104.32,157893,164.72,205, 116575, 73.83,0.7383164548143363,2025-06-05
GROWWMOM50, EQ, 05-Jun-2025,10.7,10.49,10.89,10.45,10.87,10.86,10.79,483226,52.13,1365, 296469, 61.35,0.6135203817675373,2025-06-05
GROWWN200, EQ, 05-Jun-2025,11.02,11.2,11.2,10.9,11.14,11.13,11.1,469590,52.12,1085, 135983, 28.96,0.28957814263506465,2025-06-05
GROWWRAIL, EQ, 05-Jun-2025,39.96,40.56,41.23,39.8,40.12,39.92,40.12,2261706,907.36,8036, 1607492, 71.07,0.7107431293015095,2025-06-05
GROWWSLVR, EQ, 05-Jun-2025,101.41,101.99,104.88,100.81,103.52,103.48,101.99,40563,41.37,679, 23679, 58.38,0.5837585977368538,2025-06-05
GRPLTD, EQ, 05-Jun-2025,2806.4,2806.4,2910.0,2790.2,2909.8,2903.0,2860.31,1734,49.6,543, 1006, 58.02,0.580161476355248,2025-06-05
GRSE, EQ, 05-Jun-2025,3356.5,3393.0,3532.2,3310.0,3415.0,3405.5,3446.64,5836616,201166.85,276967, 1046060, 17.92,0.17922371456337027,2025-06-05
GRWRHITECH, EQ, 05-Jun-2025,4656.4,4660.0,4776.9,4610.0,4650.0,4647.0,4684.66,35122,1645.35,4632, 13275, 37.80,0.37796822504413186,2025-06-05
GSEC10ABSL, EQ, 05-Jun-2025,109.95,109.93,110.02,109.31,109.31,109.31,109.93,253,0.28,5, 252, 99.60,0.9960474308300395,2025-06-05
GSEC10IETF, EQ, 05-Jun-2025,257.74,257.73,259.6,257.61,257.81,257.81,258.66,539,1.39,14, 442, 82.00,0.8200371057513914,2025-06-05
GSEC10YEAR, EQ, 05-Jun-2025,29.33,29.3,29.39,29.21,29.39,29.38,29.38,5424,1.59,52, 5221, 96.26,0.9625737463126843,2025-06-05
GSEC5IETF, EQ, 05-Jun-2025,62.67,62.47,62.74,62.47,62.6,62.6,62.6,4239,2.65,28, 2036, 48.03,0.48030195800896436,2025-06-05
GSFC, EQ, 05-Jun-2025,212.19,213.45,217.26,210.26,211.2,211.72,214.18,2864872,6136.0,30683, 1190821, 41.57,0.4156628987263654,2025-06-05
GSLSU, EQ, 05-Jun-2025,126.38,127.0,129.22,126.6,127.0,127.25,127.95,31709,40.57,779, 14527, 45.81,0.4581349143776215,2025-06-05
GSPL, EQ, 05-Jun-2025,335.4,336.6,338.3,329.0,332.0,331.95,331.57,613427,2033.93,16150, 428869, 69.91,0.6991361645313949,2025-06-05
GSS, EQ, 05-Jun-2025,37.04,37.63,38.15,36.11,36.26,36.42,36.99,261148,96.61,1766, 147608, 56.52,0.5652273806423943,2025-06-05
GTECJAINX, EQ, 05-Jun-2025,24.95,24.03,26.18,23.76,23.77,24.05,24.78,15106,3.74,144, 6116, 40.49,0.4048722361975374,2025-06-05
GTL, EQ, 05-Jun-2025,8.85,8.88,9.09,8.81,8.85,8.88,8.94,360349,32.2,1399, 198283, 55.03,0.5502526717154759,2025-06-05
GTLINFRA, EQ, 05-Jun-2025,1.5,1.51,1.53,1.49,1.5,1.5,1.51,31931264,481.46,12590, 12429106, 38.92,0.3892456621823677,2025-06-05
GTPL, EQ, 05-Jun-2025,110.62,110.66,112.9,110.5,111.0,111.14,111.13,15697,17.44,594, 9575, 61.00,0.6099891699050775,2025-06-05
GUFICBIO, EQ, 05-Jun-2025,370.55,371.8,375.55,368.0,369.25,369.5,369.84,28887,106.84,1823, 17769, 61.51,0.6151209886800291,2025-06-05
GUJALKALI, EQ, 05-Jun-2025,589.3,592.95,592.95,582.1,590.0,587.0,588.19,38743,227.88,3220, 20085, 51.84,0.5184162300286503,2025-06-05
GUJAPOLLO, EQ, 05-Jun-2025,352.55,356.9,356.9,344.7,345.65,346.3,348.24,10634,37.03,562, 7225, 67.94,0.6794244874929471,2025-06-05
GUJGASLTD, EQ, 05-Jun-2025,473.85,473.85,477.5,471.25,475.25,476.15,474.92,288541,1370.35,7747, 166306, 57.64,0.576368696303125,2025-06-05
GUJRAFFIA, BE, 05-Jun-2025,39.41,39.41,40.14,38.5,39.4,39.4,39.5,1543,0.61,37, -, -,,2025-06-05
GUJTHEM, EQ, 05-Jun-2025,332.1,332.1,337.95,325.25,330.8,330.25,331.21,156401,518.01,8883, 93491, 59.78,0.5977647201744234,2025-06-05
GULFOILLUB, EQ, 05-Jun-2025,1167.0,1174.6,1185.0,1156.0,1160.0,1157.8,1167.97,127091,1484.39,14974, 76719, 60.37,0.6036540746394315,2025-06-05
GULFPETRO, EQ, 05-Jun-2025,46.98,47.41,50.3,47.25,47.8,47.58,48.66,412954,200.96,4712, 196350, 47.55,0.4754766874760869,2025-06-05
GULPOLY, EQ, 05-Jun-2025,184.85,184.4,191.6,184.4,190.63,189.75,189.26,180554,341.72,4310, 81701, 45.25,0.45250174463041526,2025-06-05
GVKPIL, BE, 05-Jun-2025,4.09,4.0,4.0,4.0,4.0,4.0,4.0,580619,23.22,954, -, -,,2025-06-05
GVPTECH, EQ, 05-Jun-2025,10.12,10.22,10.39,9.85,9.91,9.95,10.08,49127,4.95,206, 36153, 73.59,0.73590897062715,2025-06-05
GVT&D, EQ, 05-Jun-2025,2359.7,2373.8,2449.0,2350.0,2419.8,2422.0,2427.37,715591,17370.06,52574, 596601, 83.37,0.8337178639753714,2025-06-05
HAL, EQ, 05-Jun-2025,4959.8,5000.0,5099.0,4990.0,5074.0,5071.6,5047.0,2465458,124431.54,129381, 990811, 40.19,0.40187705489203224,2025-06-05
HAPPSTMNDS, EQ, 05-Jun-2025,593.9,593.95,597.05,592.05,594.0,593.85,594.54,188166,1118.72,10541, 76633, 40.73,0.40726273609472485,2025-06-05
HAPPYFORGE, EQ, 05-Jun-2025,957.35,957.45,964.1,942.55,954.0,956.0,954.07,19574,186.75,2209, 11669, 59.61,0.5961479513640544,2025-06-05
HARDWYN, BE, 05-Jun-2025,14.97,14.8,14.81,14.72,14.72,14.72,14.8,161970,23.98,237, -, -,,2025-06-05
HARIOMPIPE, EQ, 05-Jun-2025,383.85,386.0,440.0,386.0,430.0,434.35,424.18,1892728,8028.54,46497, 464859, 24.56,0.24560264338034837,2025-06-05
HARRMALAYA, EQ, 05-Jun-2025,220.74,222.0,225.01,217.41,218.5,218.25,220.85,7913,17.48,444, 4892, 61.82,0.6182231770504234,2025-06-05
HARSHA, EQ, 05-Jun-2025,389.5,391.35,432.75,386.95,421.7,418.2,418.36,1183314,4950.55,36246, 443322, 37.46,0.37464443081041887,2025-06-05
HATHWAY, EQ, 05-Jun-2025,15.73,15.8,16.24,15.7,15.8,15.75,15.89,2866064,455.55,5375, 1066604, 37.21,0.37214940071121927,2025-06-05
HATSUN, EQ, 05-Jun-2025,993.35,993.35,1002.3,979.6,981.15,983.7,989.92,46775,463.04,7462, 19614, 41.93,0.4193265633351149,2025-06-05
HAVELLS, EQ, 05-Jun-2025,1500.0,1505.5,1507.7,1482.0,1489.9,1488.0,1490.66,1934068,28830.38,42332, 1374159, 71.05,0.7105019058275097,2025-06-05
HAVISHA, EQ, 05-Jun-2025,1.97,2.0,2.0,1.9,1.99,1.98,1.98,21304,0.42,100, 17201, 80.74,0.8074070597070973,2025-06-05
HBLENGINE, EQ, 05-Jun-2025,607.35,610.2,627.0,607.65,609.75,610.35,615.43,1508086,9281.28,42848, 517539, 34.32,0.3431760522940999,2025-06-05
HBSL, EQ, 05-Jun-2025,80.29,81.91,83.29,78.3,78.3,78.81,79.74,11706,9.33,623, 7291, 62.28,0.6228429865026482,2025-06-05
HCC, EQ, 05-Jun-2025,34.23,34.5,35.7,34.27,35.11,35.22,35.14,44693556,15703.63,55097, 16617434, 37.18,0.37180827589552284,2025-06-05
HCG, EQ, 05-Jun-2025,552.95,552.95,560.9,549.0,550.8,550.6,555.9,194150,1079.28,15372, 94993, 48.93,0.4892763327324234,2025-06-05
HCL-INSYS, BE, 05-Jun-2025,17.71,17.95,17.98,17.2,17.43,17.39,17.6,290194,51.07,1161, -, -,,2025-06-05
HCLTECH, EQ, 05-Jun-2025,1626.1,1634.9,1653.9,1624.6,1632.3,1632.4,1634.36,1409322,23033.46,67216, 765287, 54.30,0.5430178482986855,2025-06-05
HDFCAMC, EQ, 05-Jun-2025,4739.6,4762.0,4904.0,4734.2,4904.0,4885.8,4835.79,886866,42886.94,57905, 645549, 72.79,0.727899141471203,2025-06-05
HDFCBANK, EQ, 05-Jun-2025,1941.2,1948.0,1958.9,1940.2,1952.0,1949.6,1950.15,11127709,217006.98,216860, 6248672, 56.15,0.5615416434775568,2025-06-05
HDFCBSE500, EQ, 05-Jun-2025,36.3,36.12,36.53,36.11,36.52,36.44,36.43,41782,15.22,297, 35115, 84.04,0.8404336795749365,2025-06-05
HDFCGOLD, EQ, 05-Jun-2025,83.87,84.0,85.96,83.75,84.43,84.44,84.23,8752376,7372.23,5619, 7984114, 91.22,0.9122224639343648,2025-06-05
HDFCGROWTH, EQ, 05-Jun-2025,116.05,116.05,117.55,115.63,116.8,116.8,116.39,27560,32.08,619, 24491, 88.86,0.8886429608127722,2025-06-05
HDFCLIFE, EQ, 05-Jun-2025,758.8,759.0,768.15,755.5,761.0,761.6,761.49,1638871,12479.87,48407, 786799, 48.01,0.48008598602330504,2025-06-05
HDFCLIQUID, EQ, 05-Jun-2025,1013.98,1014.09,1014.13,1014.09,1014.09,1014.1,1014.1,10074,102.16,25, 7506, 74.51,0.7450863609291245,2025-06-05
HDFCLOWVOL, EQ, 05-Jun-2025,19.86,20.08,20.25,19.86,19.99,19.93,19.97,41950,8.38,145, 38898, 92.72,0.9272467222884386,2025-06-05
HDFCMID150, EQ, 05-Jun-2025,21.43,21.96,21.96,21.38,21.38,21.54,21.61,317829,68.67,1627, 161362, 50.77,0.5077006818131763,2025-06-05
HDFCMOMENT, EQ, 05-Jun-2025,30.97,31.74,31.74,31.0,31.3,31.34,31.3,315768,98.82,1874, 175141, 55.47,0.5546508829267057,2025-06-05
HDFCNEXT50, EQ, 05-Jun-2025,67.58,67.6,68.15,66.65,67.51,67.78,67.61,140318,94.87,963, 87170, 62.12,0.6212317735429524,2025-06-05
HDFCNIF100, EQ, 05-Jun-2025,25.87,25.8,26.15,25.8,25.87,25.91,25.97,160437,41.66,302, 135415, 84.40,0.8440384699290064,2025-06-05
HDFCNIFBAN, EQ, 05-Jun-2025,56.82,56.82,57.11,56.62,56.86,56.83,56.86,20013,11.38,329, 17578, 87.83,0.8783290860940389,2025-06-05
HDFCNIFIT, EQ, 05-Jun-2025,38.61,38.77,39.12,38.18,38.81,38.73,38.68,31876,12.33,280, 19091, 59.89,0.5989145438574476,2025-06-05
HDFCNIFTY, EQ, 05-Jun-2025,273.78,280.62,280.62,272.0,274.7,275.33,274.66,147644,405.51,818, 108487, 73.48,0.7347877326542224,2025-06-05
HDFCPSUBK, EQ, 05-Jun-2025,71.58,73.36,73.36,70.74,71.3,71.14,71.32,23693,16.9,303, 17887, 75.49,0.7549487190309374,2025-06-05
HDFCPVTBAN, EQ, 05-Jun-2025,27.6,27.74,27.79,27.55,27.71,27.59,27.61,115820,31.98,222, 90479, 78.12,0.7812035917803488,2025-06-05
HDFCQUAL, EQ, 05-Jun-2025,56.86,58.28,58.28,56.57,57.0,57.14,57.05,22485,12.83,324, 18191, 80.90,0.8090282410495886,2025-06-05
HDFCSENSEX, EQ, 05-Jun-2025,90.65,91.0,91.57,90.66,91.4,91.31,91.19,13385,12.21,380, 9566, 71.47,0.714680612626074,2025-06-05
HDFCSILVER, EQ, 05-Jun-2025,98.22,98.28,101.4,98.1,101.0,100.78,99.78,1051553,1049.26,3626, 548869, 52.20,0.5219603766999856,2025-06-05
HDFCSML250, EQ, 05-Jun-2025,171.6,173.5,173.5,171.2,172.69,172.63,172.66,723597,1249.38,7278, 535087, 73.95,0.7394820597653113,2025-06-05
HDFCVALUE, EQ, 05-Jun-2025,132.5,134.95,134.95,131.04,133.5,133.29,133.24,3041,4.05,118, 2037, 66.98,0.6698454455771128,2025-06-05
HDIL, BZ, 05-Jun-2025,3.5,3.67,3.67,3.67,3.67,3.67,3.67,36757,1.35,77, -, -,,2025-06-05
HEADSUP, BE, 05-Jun-2025,9.96,10.09,10.2,9.83,10.15,10.12,10.09,12295,1.24,36, -, -,,2025-06-05
HEALTHADD, EQ, 05-Jun-2025,139.19,140.61,141.51,140.61,141.0,141.19,140.93,1199,1.69,29, 740, 61.72,0.6171809841534612,2025-06-05
HEALTHIETF, EQ, 05-Jun-2025,141.85,146.11,146.11,141.85,144.0,143.41,143.27,100793,144.41,1082, 35658, 35.38,0.353774567678311,2025-06-05
HEALTHY, EQ, 05-Jun-2025,14.21,14.56,14.56,14.02,14.36,14.35,14.34,178453,25.58,999, 150162, 84.15,0.841465259760273,2025-06-05
HECPROJECT, EQ, 05-Jun-2025,148.37,153.9,155.78,150.0,155.78,155.78,154.66,45445,70.29,460, 31103, 68.44,0.684409726042469,2025-06-05
HEG, EQ, 05-Jun-2025,522.95,524.0,539.0,520.7,524.95,524.5,529.33,1274609,6746.94,33909, 337001, 26.44,0.2643955911185312,2025-06-05
HEIDELBERG, EQ, 05-Jun-2025,192.94,192.94,194.52,192.49,193.51,193.72,193.65,88239,170.87,3825, 46784, 53.02,0.5301963984179331,2025-06-05
HEMIPROP, EQ, 05-Jun-2025,137.09,137.15,140.9,137.15,139.1,139.13,139.65,776369,1084.17,12445, 319514, 41.15,0.41154914737708487,2025-06-05
HERANBA, BE, 05-Jun-2025,298.0,298.0,298.0,295.0,295.05,295.05,296.73,10586,31.41,96, -, -,,2025-06-05
HERCULES, EQ, 05-Jun-2025,177.43,182.89,186.3,176.99,186.3,186.3,183.71,91356,167.83,1531, 61862, 67.72,0.6771531152852577,2025-06-05
HERITGFOOD, EQ, 05-Jun-2025,446.1,448.3,472.4,448.3,466.15,468.65,462.38,1520889,7032.3,44715, 608876, 40.03,0.40034216829762065,2025-06-05
HEROMOTOCO, EQ, 05-Jun-2025,4200.6,4227.8,4227.8,4172.8,4177.0,4178.9,4197.67,394746,16570.13,46740, 208948, 52.93,0.5293226530477826,2025-06-05
HESTERBIO, EQ, 05-Jun-2025,1798.0,1810.0,1951.6,1808.5,1866.0,1880.2,1889.08,12500,236.13,2662, 5884, 47.07,0.47072,2025-06-05
HEUBACHIND, EQ, 05-Jun-2025,585.6,585.5,589.6,585.0,585.0,585.25,585.57,42989,251.73,655, 30843, 71.75,0.7174626067133453,2025-06-05
HEXATRADEX, EQ, 05-Jun-2025,179.19,181.4,188.69,181.4,188.3,187.62,186.31,24973,46.53,778, 16734, 67.01,0.6700836903856164,2025-06-05
HEXT, EQ, 05-Jun-2025,815.1,816.05,830.65,812.85,826.0,824.75,822.21,644372,5298.06,21557, 492570, 76.44,0.7644186898251321,2025-06-05
HFCL, EQ, 05-Jun-2025,89.87,90.0,90.42,88.51,88.9,88.89,89.47,14946136,13372.54,40314, 4861205, 32.52,0.3252482782171927,2025-06-05
HGINFRA, EQ, 05-Jun-2025,1060.1,1061.0,1082.6,1040.6,1056.3,1049.3,1064.0,174799,1859.85,16477, 93571, 53.53,0.5353062660541537,2025-06-05
HGS, EQ, 05-Jun-2025,503.1,508.15,513.0,505.8,506.5,507.1,508.9,13440,68.4,1810, 6066, 45.13,0.4513392857142857,2025-06-05
HIKAL, EQ, 05-Jun-2025,378.95,379.6,382.7,373.25,374.9,374.7,377.82,208566,788.0,10363, 131322, 62.96,0.6296424153505366,2025-06-05
HILTON, BE, 05-Jun-2025,76.96,78.9,78.9,73.11,73.11,73.11,73.44,150317,110.39,508, -, -,,2025-06-05
HIMATSEIDE, EQ, 05-Jun-2025,148.72,150.0,154.6,149.77,150.99,151.0,152.1,703950,1070.74,8240, 336296, 47.77,0.4777271113005185,2025-06-05
HINDALCO, EQ, 05-Jun-2025,635.85,638.0,641.4,633.5,638.0,637.25,637.17,3565664,22719.26,65359, 2009495, 56.36,0.5635682442316494,2025-06-05
HINDCOMPOS, EQ, 05-Jun-2025,503.4,508.45,510.45,490.0,492.5,491.9,501.04,8063,40.4,1128, 4743, 58.82,0.5882425896068461,2025-06-05
HINDCON, EQ, 05-Jun-2025,35.25,35.25,35.78,33.97,34.9,34.76,35.05,34881,12.23,690, 23791, 68.21,0.6820618674923311,2025-06-05
HINDCOPPER, EQ, 05-Jun-2025,253.12,253.9,255.5,249.6,255.0,253.71,252.85,5238032,13244.34,40561, 2130227, 40.67,0.40668460979238,2025-06-05
HINDMOTORS, EQ, 05-Jun-2025,31.63,31.78,32.29,30.51,30.8,30.7,31.35,2175466,681.93,9989, 1134172, 52.13,0.5213466907779758,2025-06-05
HINDNATGLS, BE, 05-Jun-2025,18.92,19.35,19.86,19.35,19.86,19.86,19.74,37937,7.49,113, -, -,,2025-06-05
HINDOILEXP, EQ, 05-Jun-2025,169.1,170.1,174.71,169.62,171.96,171.04,172.3,1052464,1813.42,10902, 518840, 49.30,0.4929764818559115,2025-06-05
HINDPETRO, EQ, 05-Jun-2025,406.6,408.5,409.4,399.9,401.75,401.0,402.86,2588378,10427.49,31259, 1451088, 56.06,0.5606167259959712,2025-06-05
HINDUNILVR, EQ, 05-Jun-2025,2364.5,2364.5,2380.0,2348.9,2376.0,2376.4,2371.32,1787978,42398.65,56991, 1229734, 68.78,0.6877791561193706,2025-06-05
HINDWAREAP, EQ, 05-Jun-2025,281.1,281.95,283.45,275.0,276.4,278.85,279.1,97867,273.15,3406, 50276, 51.37,0.5137175963297128,2025-06-05
HINDZINC, EQ, 05-Jun-2025,468.0,469.7,497.0,467.2,496.4,491.6,483.96,7873786,38106.22,84368, 2933716, 37.26,0.3725928035128209,2025-06-05
HIRECT, EQ, 05-Jun-2025,1352.3,1354.9,1354.9,1319.6,1340.0,1331.6,1334.82,36296,484.49,5085, 18869, 51.99,0.5198644478730439,2025-06-05
HISARMETAL, EQ, 05-Jun-2025,192.12,193.6,196.5,190.17,191.1,192.65,192.85,5062,9.76,336, 2662, 52.59,0.5258790991702884,2025-06-05
HITECH, EQ, 05-Jun-2025,95.64,95.6,98.0,95.6,95.85,96.15,96.74,2422475,2343.4,11139, 1176488, 48.57,0.48565537312046564,2025-06-05
HITECHCORP, EQ, 05-Jun-2025,187.17,187.17,191.89,185.37,188.0,188.15,187.63,7878,14.78,348, 5728, 72.71,0.7270880934247271,2025-06-05
HITECHGEAR, BE, 05-Jun-2025,650.05,646.8,682.5,633.15,682.4,677.1,666.92,8366,55.79,163, -, -,,2025-06-05
HLEGLAS, EQ, 05-Jun-2025,413.15,410.05,423.0,410.05,416.0,417.35,417.14,55080,229.76,2229, 25235, 45.82,0.4581517792302106,2025-06-05
HLVLTD, EQ, 05-Jun-2025,13.88,13.95,14.28,13.73,13.8,13.79,13.98,895938,125.26,2030, 443534, 49.50,0.49504988068370803,2025-06-05
HMAAGRO, EQ, 05-Jun-2025,36.37,36.44,37.0,35.9,36.25,36.08,36.48,112436,41.01,1432, 68170, 60.63,0.6063004731580632,2025-06-05
HMT, BZ, 05-Jun-2025,68.48,68.5,71.9,68.5,71.9,71.9,71.61,83006,59.44,787, -, -,,2025-06-05
HMVL, EQ, 05-Jun-2025,89.87,89.12,91.68,89.12,90.99,90.23,90.69,16953,15.37,457, 11380, 67.13,0.6712676222497493,2025-06-05
HNDFDS, EQ, 05-Jun-2025,529.5,535.0,539.3,531.0,538.8,538.0,536.25,33453,179.39,2626, 18312, 54.74,0.5473948524795983,2025-06-05
HNGSNGBEES, EQ, 05-Jun-2025,386.53,393.88,393.88,382.69,385.9,386.72,386.61,100992,390.44,2963, 64456, 63.82,0.6382287705956907,2025-06-05
HOMEFIRST, EQ, 05-Jun-2025,1254.4,1261.2,1295.0,1261.2,1286.6,1286.1,1281.76,242844,3112.67,26319, 115240, 47.45,0.47454332822717465,2025-06-05
HONASA, EQ, 05-Jun-2025,318.5,326.0,329.5,312.1,316.0,315.5,318.44,979814,3120.13,27110, 441351, 45.04,0.45044365563259964,2025-06-05
HONAUT, EQ, 05-Jun-2025,39315.0,39445.0,39500.0,38915.0,38970.0,39100.0,39203.16,7300,2861.83,2517, 5143, 70.45,0.7045205479452055,2025-06-05
HONDAPOWER, EQ, 05-Jun-2025,2916.7,2937.0,2937.0,2878.3,2911.7,2907.0,2899.87,6566,190.41,2025, 3775, 57.49,0.5749314651233628,2025-06-05
HOVS, EQ, 05-Jun-2025,64.15,64.9,70.56,62.75,66.0,65.82,68.08,137342,93.5,2065, 47826, 34.82,0.3482255974137554,2025-06-05
HPAL, EQ, 05-Jun-2025,50.85,50.55,51.88,50.55,51.05,51.02,51.13,98451,50.33,1568, 64130, 65.14,0.6513900315893185,2025-06-05
HPIL, EQ, 05-Jun-2025,126.4,127.0,132.0,125.85,126.37,126.72,127.59,17280,22.05,582, 11747, 67.98,0.6798032407407407,2025-06-05
HPL, EQ, 05-Jun-2025,595.8,600.0,613.65,572.1,579.0,576.55,589.55,615299,3627.51,19805, 298798, 48.56,0.48561431109103054,2025-06-05
HSCL, EQ, 05-Jun-2025,482.35,485.0,502.9,482.05,497.65,497.3,495.09,3225667,15969.99,63271, 1238675, 38.40,0.38400585057292025,2025-06-05
HTMEDIA, BE, 05-Jun-2025,20.54,20.97,21.07,20.06,20.46,20.46,20.63,84753,17.48,208, -, -,,2025-06-05
HUBTOWN, EQ, 05-Jun-2025,179.06,180.11,182.95,179.66,180.25,180.97,180.92,272685,493.33,2817, 173626, 63.67,0.6367273594073748,2025-06-05
HUDCO, EQ, 05-Jun-2025,247.54,248.5,248.5,241.25,241.85,241.94,242.73,12079835,29321.87,61167, 5612452, 46.46,0.46461329976775345,2025-06-05
HUHTAMAKI, EQ, 05-Jun-2025,202.22,204.19,209.0,202.25,204.3,203.81,204.95,101211,207.43,4386, 45398, 44.85,0.4485480827182816,2025-06-05
HYBRIDFIN, EQ, 05-Jun-2025,13.13,13.25,13.25,12.7,13.05,13.05,13.07,6497,0.85,285, 6105, 93.97,0.9396644605202401,2025-06-05
HYUNDAI, EQ, 05-Jun-2025,1829.4,1828.0,1841.9,1807.1,1835.0,1835.2,1827.99,1578859,28861.39,29693, 1408300, 89.20,0.8919732541031213,2025-06-05
ICDSLTD, BE, 05-Jun-2025,55.81,56.0,58.6,56.0,58.25,58.11,57.61,3445,1.98,34, -, -,,2025-06-05
ICEMAKE, EQ, 05-Jun-2025,839.9,846.9,854.0,839.0,847.0,846.75,845.18,21119,178.49,2470, 10584, 50.12,0.5011600928074246,2025-06-05
ICICIB22, EQ, 05-Jun-2025,108.92,111.2,111.2,108.02,109.26,109.12,109.03,338562,369.13,3318, 229321, 67.73,0.6773382718674866,2025-06-05
ICICIBANK, EQ, 05-Jun-2025,1431.0,1430.9,1459.0,1427.3,1456.3,1454.8,1448.79,11385668,164953.94,176086, 7490464, 65.79,0.6578853344397536,2025-06-05
ICICIGI, EQ, 05-Jun-2025,1873.4,1873.4,1888.7,1862.0,1879.1,1877.5,1876.63,548628,10295.73,28453, 422809, 77.07,0.7706660979753129,2025-06-05
ICICIPRULI, EQ, 05-Jun-2025,643.6,645.8,645.8,634.6,638.15,637.9,638.34,489984,3127.77,16341, 263988, 53.88,0.5387686128526645,2025-06-05
ICIL, EQ, 05-Jun-2025,269.95,269.75,273.15,266.5,270.65,268.25,269.64,306127,825.43,8585, 125769, 41.08,0.41083929218918946,2025-06-05
ICRA, EQ, 05-Jun-2025,6555.0,6600.0,6614.0,6500.0,6590.0,6577.5,6575.65,5488,360.87,1595, 3962, 72.19,0.7219387755102041,2025-06-05
IDBI, EQ, 05-Jun-2025,100.36,101.1,104.4,100.61,101.31,101.12,102.13,27904670,28499.69,80137, 7821039, 28.03,0.28027706473504255,2025-06-05
IDEA, EQ, 05-Jun-2025,6.91,6.91,6.94,6.8,6.82,6.82,6.86,327644690,22472.91,174285, 112765411, 34.42,0.34416981090094884,2025-06-05
IDEAFORGE, EQ, 05-Jun-2025,587.75,591.0,622.0,581.05,614.55,615.55,606.09,1643624,9961.79,36442, 578520, 35.20,0.35197831134128,2025-06-05
IDFCFIRSTB, EQ, 05-Jun-2025,67.49,67.75,67.76,66.49,66.81,66.8,66.91,25068333,16774.27,69021, 15561444, 62.08,0.6207610214847553,2025-06-05
IDFNIFTYET, EQ, 05-Jun-2025,270.12,270.35,270.79,268.78,270.4,270.39,269.36,1014,2.73,26, 790, 77.91,0.7790927021696252,2025-06-05
IEL, EQ, 05-Jun-2025,18.27,18.27,18.9,18.2,18.5,18.32,18.52,122537,22.69,624, 90036, 73.48,0.7347658258321976,2025-06-05
IEX, EQ, 05-Jun-2025,202.01,203.0,203.59,195.62,199.44,199.33,198.75,10137602,20148.75,67143, 3470518, 34.23,0.3423411177515156,2025-06-05
IFBAGRO, BE, 05-Jun-2025,778.6,768.0,784.0,740.0,760.3,761.5,766.03,7378,56.52,337, -, -,,2025-06-05
IFBIND, EQ, 05-Jun-2025,1528.9,1529.0,1608.4,1527.9,1571.0,1568.1,1574.49,120829,1902.44,15352, 50091, 41.46,0.41456107391437486,2025-06-05
IFCI, EQ, 05-Jun-2025,67.49,67.69,69.24,66.5,67.46,67.75,67.72,22984748,15565.34,52173, 5762849, 25.07,0.25072491549613685,2025-06-05
IFGLEXPOR, EQ, 05-Jun-2025,516.6,522.55,530.0,522.55,526.5,525.4,526.06,11831,62.24,1154, 5822, 49.21,0.4920970332178176,2025-06-05
IGARASHI, EQ, 05-Jun-2025,491.95,495.8,501.0,486.1,489.5,489.8,494.17,19134,94.55,2724, 8352, 43.65,0.43650047036688616,2025-06-05
IGIL, EQ, 05-Jun-2025,408.3,417.7,424.35,403.85,405.4,407.2,415.49,2126307,8834.68,42941, 1186231, 55.79,0.5578832219430214,2025-06-05
IGL, EQ, 05-Jun-2025,208.8,208.8,210.12,204.5,208.1,208.23,207.27,3648519,7562.43,29739, 1016240, 27.85,0.2785349343117029,2025-06-05
IGPL, EQ, 05-Jun-2025,480.8,484.6,489.75,479.0,485.0,483.9,483.58,66934,323.68,3641, 38062, 56.86,0.5686497146442765,2025-06-05
IIFL, EQ, 05-Jun-2025,428.0,428.0,433.15,422.3,431.0,429.2,427.59,1563588,6685.68,16220, 666379, 42.62,0.4261857983049243,2025-06-05
IIFLCAPS, EQ, 05-Jun-2025,330.25,331.95,369.35,328.8,351.9,356.95,347.65,1478756,5140.87,44616, 581727, 39.34,0.3933894435593161,2025-06-05
IITL, EQ, 05-Jun-2025,173.45,174.28,183.0,174.2,182.5,182.23,180.97,17785,32.19,547, 13563, 76.26,0.762608940118077,2025-06-05
IKIO, EQ, 05-Jun-2025,218.9,217.1,220.8,216.99,217.91,217.55,218.19,62360,136.06,1896, 33722, 54.08,0.5407633098139834,2025-06-05
IKS, EQ, 05-Jun-2025,1612.8,1622.5,1631.0,1581.4,1597.0,1594.6,1603.62,165664,2656.63,13480, 83335, 50.30,0.5030362661773228,2025-06-05
IL&FSENGG, BZ, 05-Jun-2025,37.23,39.0,39.0,37.3,37.99,37.99,37.9,2428,0.92,23, -, -,,2025-06-05
IL&FSTRANS, BZ, 05-Jun-2025,3.26,3.34,3.34,3.15,3.27,3.27,3.24,43853,1.42,87, -, -,,2025-06-05
IMAGICAA, EQ, 05-Jun-2025,71.23,71.8,72.75,71.1,71.5,71.66,71.93,651768,468.85,5461, 374511, 57.46,0.5746078359170748,2025-06-05
IMFA, EQ, 05-Jun-2025,683.1,683.1,721.0,678.85,715.0,716.4,707.51,347749,2460.36,19403, 187145, 53.82,0.5381611449637526,2025-06-05
IMPAL, EQ, 05-Jun-2025,1070.9,1080.0,1100.0,1053.0,1073.0,1076.3,1078.62,12495,134.77,981, 9050, 72.43,0.7242897158863545,2025-06-05
IMPEXFERRO, BZ, 05-Jun-2025,2.0,2.09,2.1,2.01,2.1,2.1,2.09,15785,0.33,79, -, -,,2025-06-05
INCREDIBLE, EQ, 05-Jun-2025,46.72,47.98,47.98,45.85,46.74,45.91,46.36,12176,5.64,312, 7252, 59.56,0.5955978975032852,2025-06-05
INDBANK, EQ, 05-Jun-2025,34.93,34.89,37.27,34.49,35.99,35.9,36.24,198016,71.77,1393, 47805, 24.14,0.24141988526179703,2025-06-05
INDGN, EQ, 05-Jun-2025,590.4,606.0,614.0,591.0,591.5,595.7,605.27,4335813,26243.25,66611, 1692704, 39.04,0.3904006007639167,2025-06-05
INDHOTEL, EQ, 05-Jun-2025,770.75,769.0,778.3,769.0,773.0,771.75,773.9,1732249,13405.83,51871, 1102848, 63.67,0.6366567393024906,2025-06-05
INDIACEM, EQ, 05-Jun-2025,340.9,338.2,343.4,333.3,335.85,334.95,337.62,279059,942.16,9437, 99615, 35.70,0.35696752299692897,2025-06-05
INDIAGLYCO, EQ, 05-Jun-2025,1908.4,1917.0,1938.0,1870.8,1880.0,1879.2,1908.41,120330,2296.39,7664, 54156, 45.01,0.45006232859636003,2025-06-05
INDIAMART, EQ, 05-Jun-2025,2379.9,2390.0,2448.0,2376.0,2437.9,2437.8,2415.33,150716,3640.29,21539, 92873, 61.62,0.6162119483001142,2025-06-05
INDIANB, EQ, 05-Jun-2025,633.65,637.0,637.0,626.0,629.55,629.7,629.77,1248762,7864.34,32999, 554121, 44.37,0.44373627640815466,2025-06-05
INDIANCARD, EQ, 05-Jun-2025,341.35,342.55,345.0,330.0,330.0,333.8,335.65,10146,34.05,671, 4475, 44.11,0.4410605164596885,2025-06-05
INDIANHUME, EQ, 05-Jun-2025,419.45,419.5,442.95,419.5,435.0,434.65,432.5,153854,665.42,11486, 54448, 35.39,0.3538939514084782,2025-06-05
INDIASHLTR, EQ, 05-Jun-2025,862.6,870.0,890.4,856.75,880.15,882.05,877.34,204371,1793.03,17184, 135447, 66.28,0.6627505859441898,2025-06-05
INDIGO, EQ, 05-Jun-2025,5416.0,5464.0,5506.0,5421.5,5482.5,5482.0,5475.76,1119642,61308.96,85029, 730698, 65.26,0.6526175331043316,2025-06-05
INDIGOPNTS, EQ, 05-Jun-2025,1075.3,1079.8,1085.0,1072.9,1077.0,1074.9,1078.96,86841,936.98,14524, 62987, 72.53,0.7253140797549544,2025-06-05
INDNIPPON, EQ, 05-Jun-2025,699.45,700.95,707.3,686.3,688.0,690.95,697.29,11658,81.29,1310, 6529, 56.00,0.5600446045633899,2025-06-05
INDOAMIN, EQ, 05-Jun-2025,158.31,159.2,160.0,155.15,155.5,156.28,157.56,217525,342.72,6576, 86261, 39.66,0.3965567176186645,2025-06-05
INDOBORAX, EQ, 05-Jun-2025,198.08,198.08,200.5,193.69,196.0,195.56,196.54,44478,87.42,1545, 28195, 63.39,0.63390889878142,2025-06-05
INDOCO, EQ, 05-Jun-2025,283.75,280.9,283.55,274.45,277.1,279.9,277.9,52216,145.11,4784, 21330, 40.85,0.4084954803125479,2025-06-05
INDOFARM, BE, 05-Jun-2025,157.0,156.0,160.14,156.0,160.14,160.14,159.97,71171,113.85,343, -, -,,2025-06-05
INDORAMA, EQ, 05-Jun-2025,51.21,51.51,51.95,49.11,49.9,49.53,50.71,661494,335.41,6462, 351473, 53.13,0.5313321058089718,2025-06-05
INDOSTAR, EQ, 05-Jun-2025,327.75,327.0,332.1,322.25,323.85,323.7,326.51,132753,433.45,7048, 69540, 52.38,0.5238299699441821,2025-06-05
INDOTECH, EQ, 05-Jun-2025,2133.0,2174.0,2229.7,2140.0,2160.0,2159.0,2187.27,80872,1768.89,8126, 39932, 49.38,0.4937679295677119,2025-06-05
INDOTHAI, BE, 05-Jun-2025,1804.0,1804.0,1804.0,1750.5,1786.9,1780.0,1779.42,4198,74.7,130, -, -,,2025-06-05
INDOUS, EQ, 05-Jun-2025,151.91,156.39,159.5,153.97,159.5,159.5,157.9,6804,10.74,367, 4958, 72.87,0.7286890064667843,2025-06-05
INDOWIND, EQ, 05-Jun-2025,19.96,19.75,20.6,19.75,20.06,20.15,20.28,210967,42.78,1427, 106251, 50.36,0.5036380097361198,2025-06-05
INDRAMEDCO, EQ, 05-Jun-2025,437.0,438.7,441.65,429.05,436.95,435.6,435.88,139759,609.18,6424, 71229, 50.97,0.5096559076696313,2025-06-05
INDSWFTLAB, EQ, 05-Jun-2025,94.21,94.66,100.0,94.3,97.06,97.08,97.89,1070978,1048.41,13406, 396748, 37.05,0.3704539215558116,2025-06-05
INDSWFTLTD, EQ, 05-Jun-2025,17.19,17.69,17.77,17.01,17.32,17.3,17.3,79122,13.69,428, 48713, 61.57,0.6156694724602513,2025-06-05
INDTERRAIN, EQ, 05-Jun-2025,40.96,41.0,41.9,39.55,40.0,39.97,40.48,75169,30.43,1571, 42334, 56.32,0.5631842913967194,2025-06-05
INDUSINDBK, EQ, 05-Jun-2025,814.35,817.0,818.5,800.3,803.05,803.2,806.2,3366237,27138.45,62005, 1651502, 49.06,0.4906077617232536,2025-06-05
INDUSTOWER, EQ, 05-Jun-2025,383.35,385.0,387.7,382.1,383.6,384.4,384.66,4937853,18994.1,61670, 3340738, 67.66,0.6765567950281225,2025-06-05
INFIBEAM, EQ, 05-Jun-2025,21.81,21.85,22.94,21.71,22.48,22.54,22.51,16473095,3708.62,26688, 6926960, 42.05,0.4205014297556106,2025-06-05
INFOBEAN, EQ, 05-Jun-2025,378.6,379.6,384.9,377.2,380.0,382.8,381.75,14061,53.68,920, 8978, 63.85,0.6385036626129009,2025-06-05
INFOMEDIA, EQ, 05-Jun-2025,7.17,7.52,7.52,7.52,7.52,7.52,7.52,64342,4.84,88, 64112, 99.64,0.9964253520251158,2025-06-05
INFRABEES, EQ, 05-Jun-2025,923.8,924.11,936.0,924.11,929.25,929.63,930.18,9923,92.3,466, 5082, 51.21,0.5121435049884108,2025-06-05
INFRAIETF, EQ, 05-Jun-2025,91.74,92.5,92.89,91.81,92.37,92.27,92.41,69405,64.14,884, 30437, 43.85,0.4385418917945393,2025-06-05
INFY, EQ, 05-Jun-2025,1551.2,1547.9,1567.7,1541.6,1554.5,1554.3,1554.78,6948539,108034.74,128309, 3483095, 50.13,0.5012701231150893,2025-06-05
INGERRAND, EQ, 05-Jun-2025,3788.9,3790.0,3810.0,3759.0,3780.0,3779.4,3779.05,116774,4412.95,4100, 109922, 94.13,0.9413225546782674,2025-06-05
INNOVACAP, EQ, 05-Jun-2025,884.25,893.1,899.0,881.4,886.7,890.15,890.14,29596,263.45,3735, 14665, 49.55,0.49550614947965943,2025-06-05
INNOVANA, EQ, 05-Jun-2025,363.3,369.0,373.0,355.0,365.0,361.65,368.47,6357,23.42,528, 3106, 48.86,0.48859524933144566,2025-06-05
INOXGREEN, EQ, 05-Jun-2025,178.18,179.08,184.9,177.71,178.9,178.54,181.9,3254765,5920.35,32863, 1140135, 35.03,0.3502971796734941,2025-06-05
INOXINDIA, EQ, 05-Jun-2025,1220.0,1225.0,1243.9,1221.0,1229.0,1232.6,1234.09,72346,892.82,8994, 35968, 49.72,0.49716639482486935,2025-06-05
INOXWIND, EQ, 05-Jun-2025,184.44,186.25,186.93,183.43,183.5,184.04,185.15,5104264,9450.59,34377, 1864784, 36.53,0.36533846995374847,2025-06-05
INSECTICID, EQ, 05-Jun-2025,853.55,859.35,859.4,830.55,839.2,835.95,838.36,41631,349.02,4771, 21252, 51.05,0.5104849751387187,2025-06-05
INSPIRISYS, EQ, 05-Jun-2025,104.84,105.01,109.35,103.81,105.1,105.02,106.46,22265,23.7,573, 15435, 69.32,0.6932405120143723,2025-06-05
INTELLECT, EQ, 05-Jun-2025,1194.1,1201.0,1202.0,1176.2,1181.9,1182.8,1187.15,483552,5740.46,34562, 222251, 45.96,0.45962171596849977,2025-06-05
INTENTECH, EQ, 05-Jun-2025,100.98,102.0,102.94,98.16,99.6,99.04,100.79,50009,50.4,1184, 31999, 63.99,0.6398648243316203,2025-06-05
INTERARCH, EQ, 05-Jun-2025,2275.5,2293.7,2327.0,2275.3,2278.1,2284.7,2297.6,117711,2704.52,11597, 51886, 44.08,0.44079142985787223,2025-06-05
INTLCONV, EQ, 05-Jun-2025,81.49,82.02,83.75,80.1,80.36,80.46,81.77,103603,84.71,1433, 74791, 72.19,0.7218999449822882,2025-06-05
INVENTURE, EQ, 05-Jun-2025,1.61,1.61,1.63,1.6,1.61,1.6,1.61,949876,15.31,836, 590806, 62.20,0.62198223768155,2025-06-05
IOB, EQ, 05-Jun-2025,41.2,41.44,41.8,40.6,40.8,40.7,41.05,9855589,4046.02,24436, 4690784, 47.60,0.4759516655980683,2025-06-05
IOC, EQ, 05-Jun-2025,140.67,140.66,141.66,139.03,139.4,139.24,140.05,9478214,13274.64,90824, 4942653, 52.15,0.5214751428908442,2025-06-05
IOLCP, EQ, 05-Jun-2025,86.54,87.11,88.99,86.23,87.0,86.71,87.43,694935,607.59,5666, 335331, 48.25,0.48253577672731984,2025-06-05
IONEXCHANG, EQ, 05-Jun-2025,554.0,559.55,561.0,542.0,543.5,543.25,551.66,121842,672.15,9671, 68674, 56.36,0.5636315884506163,2025-06-05
IPCALAB, EQ, 05-Jun-2025,1395.9,1394.0,1400.3,1370.0,1380.5,1386.0,1384.04,386732,5352.52,30393, 215709, 55.78,0.5577738588997031,2025-06-05
IPL, EQ, 05-Jun-2025,207.84,209.0,217.0,207.86,208.4,209.07,212.03,604901,1282.6,8881, 282615, 46.72,0.4672086837350244,2025-06-05
IRB, EQ, 05-Jun-2025,51.1,51.3,51.4,50.51,50.68,50.58,50.94,7835676,3991.24,21821, 3441272, 43.92,0.43917997630325706,2025-06-05
IRCON, EQ, 05-Jun-2025,220.46,221.89,225.52,216.6,217.7,218.15,220.31,33594108,74010.29,197084, 6321451, 18.82,0.1881714198215949,2025-06-05
IRCTC, EQ, 05-Jun-2025,777.25,777.95,784.0,775.0,780.95,781.25,780.38,1481683,11562.77,32510, 772329, 52.13,0.5212511718093547,2025-06-05
IREDA, EQ, 05-Jun-2025,174.0,174.49,179.0,174.22,176.5,176.44,176.9,17252049,30519.71,84316, 4851644, 28.12,0.281221320435619,2025-06-05
IRFC, EQ, 05-Jun-2025,144.95,147.4,148.0,144.14,145.4,145.27,145.6,33141212,48252.0,120028, 10062286, 30.36,0.30361852789210003,2025-06-05
IRIS, BE, 05-Jun-2025,249.65,249.75,258.95,247.2,255.2,254.75,253.28,9974,25.26,217, -, -,,2025-06-05
IRISDOREME, EQ, 05-Jun-2025,59.64,59.97,61.16,59.29,59.32,59.72,60.19,189355,113.97,4040, 45076, 23.81,0.23805022312587468,2025-06-05
IRMENERGY, EQ, 05-Jun-2025,301.8,305.0,309.0,300.0,300.0,301.8,304.06,80354,244.33,3627, 37748, 46.98,0.4697712621649202,2025-06-05
ISFT, EQ, 05-Jun-2025,111.28,111.28,112.57,108.91,110.15,109.83,110.36,18824,20.77,919, 10928, 58.05,0.5805354866128347,2025-06-05
ISGEC, EQ, 05-Jun-2025,1199.0,1208.6,1281.3,1203.1,1271.0,1268.9,1259.0,249331,3139.09,21855, 88236, 35.39,0.3538910123490461,2025-06-05
ISHANCH, EQ, 05-Jun-2025,39.15,39.16,40.22,38.8,40.21,39.5,39.28,15030,5.9,135, 12858, 85.55,0.8554890219560878,2025-06-05
IT, EQ, 05-Jun-2025,40.19,40.19,40.5,40.0,40.2,40.14,40.25,297660,119.8,727, 267790, 89.97,0.8996506080763287,2025-06-05
ITBEES, EQ, 05-Jun-2025,40.15,41.15,41.15,40.0,40.36,40.31,40.36,3719038,1500.84,10666, 1889652, 50.81,0.5081023641059865,2025-06-05
ITC, EQ, 05-Jun-2025,417.0,418.5,420.95,415.75,419.45,419.1,418.56,13212523,55302.49,125958, 7071012, 53.52,0.535175000263008,2025-06-05
ITCHOTELS, EQ, 05-Jun-2025,213.46,214.6,216.8,212.5,213.8,212.99,214.2,2971723,6365.57,30677, 1354746, 45.59,0.45587896314696896,2025-06-05
ITDC, EQ, 05-Jun-2025,629.65,634.7,641.15,624.65,630.1,626.8,633.12,60120,380.63,5045, 18509, 30.79,0.3078675981370592,2025-06-05
ITDCEM, EQ, 05-Jun-2025,758.45,758.45,770.7,752.0,759.65,759.15,761.15,195626,1489.01,8614, 97726, 49.96,0.4995552738388558,2025-06-05
ITETF, EQ, 05-Jun-2025,38.18,38.37,38.7,38.19,38.45,38.43,38.49,62143,23.92,321, 31863, 51.27,0.512736752329305,2025-06-05
ITETFADD, EQ, 05-Jun-2025,38.26,38.41,38.76,38.22,38.51,38.44,38.54,6696,2.58,47, 5947, 88.81,0.888142174432497,2025-06-05
ITI, EQ, 05-Jun-2025,330.25,331.65,338.7,326.5,328.0,327.4,331.61,724233,2401.6,15319, 319865, 44.17,0.4416603496388593,2025-06-05
ITIETF, EQ, 05-Jun-2025,40.07,40.07,40.59,40.07,40.28,40.27,40.24,358008,144.06,1584, 144566, 40.38,0.4038066188465062,2025-06-05
IVC, EQ, 05-Jun-2025,9.46,9.47,9.53,9.35,9.4,9.38,9.43,382913,36.1,1176, 230477, 60.19,0.6019043490296752,2025-06-05
IVP, EQ, 05-Jun-2025,177.94,181.2,192.09,179.6,190.1,190.27,188.56,50815,95.82,1828, 26378, 51.91,0.5190986913312998,2025-06-05
IVZINGOLD, EQ, 05-Jun-2025,8540.0,8567.95,8590.0,8520.05,8590.0,8570.3,8551.96,299,25.57,57, 185, 61.87,0.6187290969899666,2025-06-05
IVZINNIFTY, EQ, 05-Jun-2025,2785.07,2786.2,2802.41,2784.56,2802.41,2802.41,2792.58,45,1.26,8, 32, 71.11,0.7111111111111111,2025-06-05
IWEL, EQ, 05-Jun-2025,11118.0,11200.0,11280.0,11000.0,11054.0,11106.0,11155.16,9770,1089.86,2403, 6034, 61.76,0.6176049129989765,2025-06-05
IXIGO, EQ, 05-Jun-2025,179.49,181.0,181.45,176.85,177.6,177.65,178.58,479986,857.14,15361, 270841, 56.43,0.564268541165784,2025-06-05
IZMO, BE, 05-Jun-2025,300.0,300.0,300.0,295.0,299.0,299.0,297.86,8786,26.17,143, -, -,,2025-06-05
J&KBANK, EQ, 05-Jun-2025,105.12,105.6,105.68,103.43,104.38,104.15,104.63,1834133,1919.04,12082, 862443, 47.02,0.47021835384893024,2025-06-05
JAGRAN, EQ, 05-Jun-2025,73.32,73.65,73.99,73.26,73.95,73.77,73.65,219687,161.8,2216, 110520, 50.31,0.5030793811195018,2025-06-05
JAGSNPHARM, EQ, 05-Jun-2025,225.21,226.45,235.7,226.33,234.0,233.81,232.2,140205,325.55,5250, 55005, 39.23,0.39231839092757037,2025-06-05
JAIBALAJI, EQ, 05-Jun-2025,105.04,105.05,108.69,104.57,106.18,105.93,106.23,663757,705.1,10888, 267148, 40.25,0.40247861792794654,2025-06-05
JAICORPLTD, EQ, 05-Jun-2025,117.13,119.4,122.98,118.52,122.98,122.98,122.01,580070,707.73,2335, 427841, 73.76,0.7375678797386522,2025-06-05
JAIPURKURT, EQ, 05-Jun-2025,42.37,42.99,42.99,41.81,42.2,42.14,42.14,4660,1.96,145, 2811, 60.32,0.6032188841201717,2025-06-05
JAMNAAUTO, EQ, 05-Jun-2025,87.96,88.05,89.45,88.05,88.28,88.43,88.84,401541,356.71,6722, 183026, 45.58,0.45580899584351287,2025-06-05
JASH, EQ, 05-Jun-2025,559.95,562.4,569.5,560.0,560.25,562.05,565.33,112603,636.58,8271, 64158, 56.98,0.5697716757102387,2025-06-05
JAYAGROGN, EQ, 05-Jun-2025,262.5,262.0,266.2,258.85,260.7,259.95,261.86,11133,29.15,377, 9098, 81.72,0.817210096110662,2025-06-05
JAYBARMARU, EQ, 05-Jun-2025,78.42,79.53,81.01,78.3,78.51,78.56,79.69,93823,74.77,1484, 29662, 31.61,0.31614849237393816,2025-06-05
JAYNECOIND, EQ, 05-Jun-2025,39.81,39.89,43.2,39.41,41.0,41.42,41.71,1866904,778.74,9449, 1138422, 60.98,0.6097913979508319,2025-06-05
JAYSREETEA, EQ, 05-Jun-2025,104.57,105.3,106.46,105.27,105.4,105.58,105.73,63446,67.08,1001, 36401, 57.37,0.5737319925606027,2025-06-05
JBCHEPHARM, EQ, 05-Jun-2025,1698.2,1698.2,1711.6,1691.1,1700.0,1699.5,1699.01,55594,944.55,7840, 35158, 63.24,0.6324063747886463,2025-06-05
JBMA, EQ, 05-Jun-2025,713.55,716.9,729.0,712.0,715.6,713.85,719.36,238202,1713.54,10421, 78334, 32.89,0.3288553412649768,2025-06-05
JCHAC, EQ, 05-Jun-2025,1718.6,1718.7,1746.1,1713.8,1717.0,1717.9,1726.85,28696,495.54,3793, 20337, 70.87,0.7087050459994424,2025-06-05
JETFREIGHT, EQ, 05-Jun-2025,14.02,14.35,14.72,13.85,13.95,13.95,14.43,440795,63.62,1209, 115856, 26.28,0.262834197302601,2025-06-05
JGCHEM, EQ, 05-Jun-2025,378.15,380.0,380.0,368.4,370.45,370.35,374.57,76030,284.78,3237, 42725, 56.19,0.5619492305668815,2025-06-05
JHS, BE, 05-Jun-2025,13.22,13.0,13.25,12.6,13.0,12.75,13.06,131072,17.11,222, -, -,,2025-06-05
JINDALPHOT, BE, 05-Jun-2025,854.95,836.05,860.0,835.9,855.0,852.15,849.66,3472,29.5,150, -, -,,2025-06-05
JINDALPOLY, EQ, 05-Jun-2025,622.2,628.4,632.35,616.7,618.5,617.9,621.1,54870,340.8,4363, 31769, 57.90,0.578986695826499,2025-06-05
JINDALSAW, EQ, 05-Jun-2025,217.21,217.0,219.81,215.0,215.4,215.57,216.98,1984144,4305.21,33719, 1037372, 52.28,0.522831004201308,2025-06-05
JINDALSTEL, EQ, 05-Jun-2025,951.7,945.0,960.65,945.0,951.2,949.85,953.79,1053306,10046.3,29800, 265453, 25.20,0.25201888150262125,2025-06-05
JINDRILL, EQ, 05-Jun-2025,634.85,635.5,643.45,629.05,631.1,630.65,635.26,175255,1113.32,8206, 84360, 48.14,0.4813557387806339,2025-06-05
JINDWORLD, EQ, 05-Jun-2025,59.78,60.24,62.49,59.75,61.2,61.27,61.15,682698,417.49,5274, 308801, 45.23,0.45232445385807485,2025-06-05
JIOFIN, EQ, 05-Jun-2025,290.35,292.0,293.0,289.55,291.1,291.5,291.41,11867068,34582.06,119419, 6505644, 54.82,0.5482098863847413,2025-06-05
JISLDVREQS, EQ, 05-Jun-2025,32.5,33.49,33.99,32.0,32.06,32.08,32.66,118572,38.72,2022, 48818, 41.17,0.411716088115238,2025-06-05
JISLJALEQS, EQ, 05-Jun-2025,61.79,61.8,63.79,61.38,62.2,62.2,62.54,10776192,6739.25,37233, 5515187, 51.18,0.5117936837057098,2025-06-05
JITFINFRA, BE, 05-Jun-2025,400.3,400.0,400.0,394.0,394.0,394.0,395.37,7255,28.68,138, -, -,,2025-06-05
JKCEMENT, EQ, 05-Jun-2025,5579.0,5600.0,5751.0,5591.5,5751.0,5715.0,5661.9,196191,11108.14,38166, 129801, 66.16,0.6616052724131076,2025-06-05
JKIL, EQ, 05-Jun-2025,718.7,723.4,740.6,717.0,730.3,731.75,731.44,136031,994.98,9123, 66770, 49.08,0.49084399879439244,2025-06-05
JKLAKSHMI, EQ, 05-Jun-2025,805.45,813.45,822.7,803.05,804.5,805.1,811.88,144487,1173.06,15510, 63147, 43.70,0.4370427789351291,2025-06-05
JKPAPER, EQ, 05-Jun-2025,371.0,372.45,376.05,370.5,375.0,374.9,373.67,224093,837.37,7399, 107360, 47.91,0.4790868077092993,2025-06-05
JKTYRE, EQ, 05-Jun-2025,372.85,373.7,377.6,370.5,371.9,372.35,373.77,455121,1701.08,12874, 176202, 38.72,0.3871541853704839,2025-06-05
JLHL, EQ, 05-Jun-2025,1463.7,1463.2,1499.2,1461.0,1487.0,1494.6,1484.26,14031,208.26,2585, 9534, 67.95,0.6794954030361343,2025-06-05
JMA, EQ, 05-Jun-2025,96.22,95.34,97.1,95.34,96.64,96.79,96.43,9786,9.44,349, 4686, 47.88,0.47884733292458614,2025-06-05
JMFINANCIL, EQ, 05-Jun-2025,130.92,131.21,143.45,131.21,141.0,141.62,139.89,28475957,39834.25,155884, 4911600, 17.25,0.17248235063706552,2025-06-05
JNKINDIA, EQ, 05-Jun-2025,337.85,335.0,345.45,330.0,343.5,344.3,341.97,38044,130.1,1359, 22648, 59.53,0.5953106928819262,2025-06-05
JOCIL, EQ, 05-Jun-2025,168.52,168.13,168.13,162.2,165.2,163.54,164.81,1458,2.4,109, 1197, 82.10,0.8209876543209876,2025-06-05
JPASSOCIAT, BE, 05-Jun-2025,3.11,3.26,3.26,3.21,3.26,3.26,3.25,14044360,456.88,3979, -, -,,2025-06-05
JPOLYINVST, EQ, 05-Jun-2025,830.25,845.0,852.2,825.4,848.0,838.9,836.02,11091,92.72,1133, 3828, 34.51,0.34514471192859075,2025-06-05
JPPOWER, EQ, 05-Jun-2025,15.66,15.66,16.11,15.66,15.76,15.75,15.88,32082284,5096.19,27846, 14005500, 43.65,0.4365493429333148,2025-06-05
JSFB, EQ, 05-Jun-2025,477.9,479.8,485.7,475.3,477.45,477.2,480.86,79405,381.83,6319, 34731, 43.74,0.43739059253195645,2025-06-05
JSL, EQ, 05-Jun-2025,655.95,657.5,677.0,650.5,672.9,673.5,670.31,911823,6112.0,25826, 284419, 31.19,0.31192347637644585,2025-06-05
JSWENERGY, EQ, 05-Jun-2025,509.05,512.0,515.3,505.4,508.9,508.1,510.92,1631097,8333.67,29018, 612062, 37.52,0.3752456169069038,2025-06-05
JSWHL, BE, 05-Jun-2025,22525.0,22525.0,23650.0,22100.0,23650.0,23200.0,23047.01,3935,906.9,680, -, -,,2025-06-05
JSWINFRA, EQ, 05-Jun-2025,292.9,295.7,309.8,295.0,307.1,307.1,305.46,10098013,30845.08,81869, 4717908, 46.72,0.46721151973165415,2025-06-05
JSWSTEEL, EQ, 05-Jun-2025,968.55,972.8,976.9,964.65,970.6,968.75,969.65,2182562,21163.26,39957, 1251610, 57.35,0.5734590815747731,2025-06-05
JTEKTINDIA, EQ, 05-Jun-2025,139.1,139.0,143.65,138.71,141.82,141.72,141.72,165246,234.18,4815, 87855, 53.17,0.5316618859155441,2025-06-05
JTLIND, EQ, 05-Jun-2025,64.92,64.59,68.59,64.58,67.6,67.65,67.09,1921058,1288.88,11712, 1004513, 52.29,0.5228957168393666,2025-06-05
JUBLCPL, EQ, 05-Jun-2025,1527.9,1527.9,1575.0,1516.8,1527.5,1529.1,1540.89,4281,65.97,1053, 2016, 47.09,0.47091800981079185,2025-06-05
JUBLFOOD, EQ, 05-Jun-2025,686.2,687.0,693.0,683.4,685.7,686.1,688.08,1048703,7215.92,34073, 467801, 44.61,0.44607577169131774,2025-06-05
JUBLINGREA, EQ, 05-Jun-2025,731.35,735.0,735.65,710.2,713.2,712.85,722.86,351412,2540.23,15199, 155127, 44.14,0.4414391085108078,2025-06-05
JUBLPHARMA, EQ, 05-Jun-2025,1160.0,1160.0,1165.0,1137.0,1141.4,1142.3,1149.47,220859,2538.7,16043, 107330, 48.60,0.48596615940486915,2025-06-05
JUNIORBEES, EQ, 05-Jun-2025,716.1,694.62,720.95,694.62,719.15,718.68,718.85,271404,1951.0,8879, 130081, 47.93,0.47928917775714436,2025-06-05
JUNIPER, EQ, 05-Jun-2025,308.85,312.8,317.0,308.45,317.0,313.2,311.58,49225,153.37,3697, 27600, 56.07,0.5606907059421026,2025-06-05
JUSTDIAL, EQ, 05-Jun-2025,887.0,889.45,907.5,888.0,900.0,899.5,899.99,141275,1271.46,8098, 48461, 34.30,0.34302601309502745,2025-06-05
JWL, EQ, 05-Jun-2025,399.75,404.95,414.6,403.05,408.0,407.65,408.88,4762477,19473.02,87432, 1617328, 33.96,0.339598070499868,2025-06-05
JYOTHYLAB, EQ, 05-Jun-2025,341.25,342.8,344.75,341.6,342.8,342.8,342.94,170703,585.42,7199, 72771, 42.63,0.42630182246357706,2025-06-05
JYOTICNC, EQ, 05-Jun-2025,1310.0,1314.9,1326.0,1283.8,1294.0,1288.1,1300.64,167171,2174.3,13464, 87545, 52.37,0.5236853281968763,2025-06-05
JYOTISTRUC, EQ, 05-Jun-2025,19.49,19.49,19.8,19.39,19.45,19.52,19.56,6185225,1209.83,7482, 2186600, 35.35,0.3535198800367004,2025-06-05
KABRAEXTRU, BE, 05-Jun-2025,271.6,270.1,283.1,265.05,281.0,280.1,275.26,41736,114.88,472, -, -,,2025-06-05
KAJARIACER, EQ, 05-Jun-2025,1024.3,1029.0,1029.0,1005.2,1011.1,1012.8,1013.49,224930,2279.64,10923, 137615, 61.18,0.6118125639087716,2025-06-05
KAKATCEM, EQ, 05-Jun-2025,154.03,154.09,161.0,154.09,156.0,156.0,156.7,4463,6.99,191, 2234, 50.06,0.500560161326462,2025-06-05
KALAMANDIR, EQ, 05-Jun-2025,131.97,134.7,139.49,133.0,138.1,138.47,137.06,1403665,1923.84,29417, 677876, 48.29,0.4829328935322887,2025-06-05
KALYANIFRG, BE, 05-Jun-2025,718.95,718.95,725.0,710.0,718.0,716.85,721.03,2264,16.32,111, -, -,,2025-06-05
KALYANKJIL, EQ, 05-Jun-2025,556.7,558.0,560.7,550.5,552.85,554.1,554.77,2202021,12216.23,31923, 844341, 38.34,0.38343912251518036,2025-06-05
KAMATHOTEL, EQ, 05-Jun-2025,230.99,232.01,238.33,229.95,233.15,231.35,233.92,71567,167.41,2761, 27268, 38.10,0.3810135956516271,2025-06-05
KAMDHENU, EQ, 05-Jun-2025,33.71,33.74,34.65,33.11,33.4,33.39,33.45,2239924,749.27,4032, 1006384, 44.93,0.44929381532587714,2025-06-05
KAMOPAINTS, BE, 05-Jun-2025,11.29,11.4,11.59,11.25,11.45,11.37,11.41,135522,15.47,435, -, -,,2025-06-05
KANANIIND, BE, 05-Jun-2025,2.16,2.17,2.2,2.1,2.19,2.15,2.16,191273,4.12,360, -, -,,2025-06-05
KANORICHEM, EQ, 05-Jun-2025,95.19,95.3,97.9,94.0,94.0,94.38,96.07,20335,19.54,693, 11013, 54.16,0.5415785591344972,2025-06-05
KANPRPLA, BE, 05-Jun-2025,229.17,229.6,239.9,229.6,236.5,234.48,235.93,23014,54.3,173, -, -,,2025-06-05
KANSAINER, EQ, 05-Jun-2025,248.7,248.7,252.0,246.5,248.7,248.3,248.9,144154,358.8,7351, 86464, 59.98,0.5998029884706633,2025-06-05
KAPSTON, EQ, 05-Jun-2025,247.64,249.9,250.47,246.0,246.0,246.62,247.69,5614,13.91,246, 3849, 68.56,0.6856074100463128,2025-06-05
KARMAENG, EQ, 05-Jun-2025,55.3,55.32,56.99,54.33,54.95,55.03,55.82,8678,4.84,469, 4343, 50.05,0.5004609356994699,2025-06-05
KARURVYSYA, EQ, 05-Jun-2025,229.51,229.61,233.75,228.0,231.5,231.58,231.17,1315527,3041.1,23348, 660340, 50.20,0.5019585306877016,2025-06-05
KAUSHALYA, EQ, 05-Jun-2025,914.4,909.45,928.25,900.1,920.0,918.15,916.68,2057,18.86,533, 439, 21.34,0.21341759844433641,2025-06-05
KAVVERITEL, BE, 05-Jun-2025,52.48,51.43,51.43,51.43,51.43,51.43,51.43,18814,9.68,127, -, -,,2025-06-05
KAYA, BE, 05-Jun-2025,323.8,323.8,335.5,322.0,332.0,331.25,329.59,15446,50.91,262, -, -,,2025-06-05
KAYNES, EQ, 05-Jun-2025,5737.5,5724.5,5892.5,5650.5,5673.0,5658.5,5744.27,455000,26136.42,57302, 174956, 38.45,0.38451868131868133,2025-06-05
KBCGLOBAL, EQ, 05-Jun-2025,0.35,0.35,0.38,0.35,0.36,0.36,0.37,47405508,173.3,3677, 23572819, 49.73,0.49725907377682776,2025-06-05
KCP, EQ, 05-Jun-2025,205.95,204.2,208.69,204.2,206.0,205.08,205.84,156809,322.78,3522, 92566, 59.03,0.5903105051368225,2025-06-05
KCPSUGIND, EQ, 05-Jun-2025,36.37,36.05,37.45,36.05,36.4,36.45,36.66,125749,46.09,1287, 56290, 44.76,0.44763775457458904,2025-06-05
KDDL, EQ, 05-Jun-2025,2642.2,2668.8,2674.2,2634.1,2674.1,2672.4,2660.53,12276,326.61,1893, 7241, 58.99,0.5898501140436624,2025-06-05
KEC, EQ, 05-Jun-2025,880.9,895.0,898.0,865.0,868.35,870.45,879.88,1537708,13530.04,56199, 645660, 41.99,0.41988465950622617,2025-06-05
KECL, EQ, 05-Jun-2025,124.62,125.39,126.81,122.1,123.25,122.88,124.11,291591,361.91,3894, 181787, 62.34,0.6234314502162275,2025-06-05
KEEPLEARN, EQ, 05-Jun-2025,3.75,3.93,3.93,3.61,3.68,3.7,3.79,46721,1.77,130, 23712, 50.75,0.5075233834892232,2025-06-05
KEI, EQ, 05-Jun-2025,3628.6,3656.1,3686.0,3610.5,3641.0,3641.4,3646.41,236648,8629.15,29771, 120542, 50.94,0.5093725702308914,2025-06-05
KELLTONTEC, EQ, 05-Jun-2025,119.44,120.4,122.59,119.51,120.51,120.88,120.86,422330,510.42,5927, 229213, 54.27,0.5427343546515758,2025-06-05
KERNEX, EQ, 05-Jun-2025,1165.9,1174.0,1224.1,1151.1,1224.1,1224.1,1209.23,446224,5395.87,11641, 197713, 44.31,0.4430801570511671,2025-06-05
KESORAMIND, BE, 05-Jun-2025,6.12,6.24,6.24,6.24,6.24,6.24,6.24,186907,11.66,109, -, -,,2025-06-05
KEYFINSERV, BE, 05-Jun-2025,289.7,283.9,283.9,283.9,283.9,283.9,283.9,379,1.08,32, -, -,,2025-06-05
KFINTECH, EQ, 05-Jun-2025,1170.3,1180.0,1215.0,1163.6,1204.0,1206.1,1187.23,2670064,31699.77,83051, 1116182, 41.80,0.41803567255316726,2025-06-05
KHADIM, EQ, 05-Jun-2025,290.0,292.9,313.0,292.9,310.1,309.75,301.94,327195,987.94,7215, 260511, 79.62,0.7961949296291202,2025-06-05
KHAICHEM, BE, 05-Jun-2025,84.47,84.0,85.48,82.85,82.85,83.05,83.33,89962,74.96,493, -, -,,2025-06-05
KHAITANLTD, BE, 05-Jun-2025,132.43,131.99,137.0,131.0,131.0,133.4,134.6,6950,9.35,123, -, -,,2025-06-05
KHANDSE, EQ, 05-Jun-2025,23.28,23.3,23.3,22.44,22.82,22.82,22.77,1023,0.23,27, 555, 54.25,0.5425219941348973,2025-06-05
KICL, EQ, 05-Jun-2025,5043.5,5060.0,5251.0,5060.0,5126.0,5129.0,5169.76,5681,293.69,2316, 2414, 42.49,0.4249251892272487,2025-06-05
KILITCH, BE, 05-Jun-2025,422.0,424.95,443.1,414.05,443.1,443.1,433.89,74473,323.13,434, -, -,,2025-06-05
KIMS, EQ, 05-Jun-2025,668.5,668.6,672.8,652.0,654.5,654.2,660.27,464530,3067.15,29124, 262870, 56.59,0.5658837965255205,2025-06-05
KINGFA, EQ, 05-Jun-2025,3296.2,3312.7,3358.0,3271.5,3280.0,3293.5,3311.3,6257,207.19,1907, 3281, 52.44,0.5243727025731181,2025-06-05
KIOCL, EQ, 05-Jun-2025,312.85,313.0,323.15,311.4,312.8,313.25,316.9,196943,624.11,9606, 55182, 28.02,0.28019274612451317,2025-06-05
KIRIINDUS, EQ, 05-Jun-2025,617.75,617.75,618.95,592.7,592.9,597.3,602.34,618920,3728.02,17110, 264764, 42.78,0.4277838816002068,2025-06-05
KIRLOSBROS, EQ, 05-Jun-2025,1770.2,1770.2,1790.0,1761.4,1785.2,1782.0,1780.0,38153,679.12,5983, 15621, 40.94,0.40943045107855214,2025-06-05
KIRLOSENG, EQ, 05-Jun-2025,875.2,882.7,897.9,871.45,875.95,875.0,877.87,147245,1292.62,12460, 68790, 46.72,0.46718054942442866,2025-06-05
KIRLOSIND, EQ, 05-Jun-2025,3823.2,3848.7,3886.9,3810.0,3823.0,3816.5,3840.63,5820,223.52,1729, 2706, 46.49,0.46494845360824744,2025-06-05
KIRLPNU, EQ, 05-Jun-2025,1330.1,1331.9,1364.0,1331.1,1341.0,1338.7,1347.44,163343,2200.95,15053, 82240, 50.35,0.5034804062616702,2025-06-05
KITEX, BE, 05-Jun-2025,285.1,284.95,285.75,276.3,282.0,281.5,282.29,251267,709.31,4096, -, -,,2025-06-05
KKCL, EQ, 05-Jun-2025,441.7,440.0,454.0,440.0,453.85,452.95,446.88,187348,837.21,5254, 150309, 80.23,0.8022983965668168,2025-06-05
KMEW, EQ, 05-Jun-2025,1548.2,1555.8,1573.9,1529.3,1535.0,1537.1,1551.99,9995,155.12,2137, 4621, 46.23,0.4623311655827914,2025-06-05
KMSUGAR, EQ, 05-Jun-2025,29.52,29.69,31.02,29.61,30.08,30.04,30.34,239340,72.62,1640, 120172, 50.21,0.5020974346118493,2025-06-05
KNRCON, EQ, 05-Jun-2025,208.65,210.0,210.39,207.8,209.92,209.47,209.2,1683098,3521.07,24120, 1051483, 62.47,0.6247307049262728,2025-06-05
KOHINOOR, EQ, 05-Jun-2025,37.74,38.24,39.2,37.73,37.73,37.81,38.42,223638,85.92,1924, 93872, 41.97,0.4197497741886442,2025-06-05
KOKUYOCMLN, EQ, 05-Jun-2025,109.33,109.33,112.88,109.33,110.11,110.44,111.02,84993,94.36,1998, 34852, 41.01,0.41005729883637476,2025-06-05
KOLTEPATIL, EQ, 05-Jun-2025,435.55,434.5,443.7,434.45,436.5,437.6,439.24,168771,741.31,9136, 87066, 51.59,0.5158824679595428,2025-06-05
KOPRAN, EQ, 05-Jun-2025,191.71,191.72,199.4,191.72,193.9,193.53,195.47,283925,554.99,5885, 132157, 46.55,0.4654644712512107,2025-06-05
KOTAKBANK, EQ, 05-Jun-2025,2046.3,2054.8,2056.4,2034.2,2038.7,2039.9,2043.06,3725332,76110.89,126179, 2344269, 62.93,0.6292778737572919,2025-06-05
KOTARISUG, EQ, 05-Jun-2025,38.39,38.58,39.3,37.81,38.3,38.24,38.64,57411,22.18,924, 34062, 59.33,0.5933009353608194,2025-06-05
KOTHARIPET, EQ, 05-Jun-2025,166.21,167.04,171.1,165.52,168.2,167.64,168.45,63739,107.37,1863, 37957, 59.55,0.5955066756616828,2025-06-05
KOTHARIPRO, EQ, 05-Jun-2025,87.44,88.92,89.39,84.6,88.0,88.95,88.2,14758,13.02,570, 9311, 63.09,0.6309120477029407,2025-06-05
KPEL, EQ, 05-Jun-2025,566.3,568.0,575.0,550.1,554.8,554.45,564.54,472361,2666.68,11169, 212975, 45.09,0.45087337862355276,2025-06-05
KPIGREEN, EQ, 05-Jun-2025,505.55,505.55,511.9,499.6,503.15,503.45,505.89,1122314,5677.73,20054, 455827, 40.61,0.40614925947640323,2025-06-05
KPIL, EQ, 05-Jun-2025,1169.9,1170.0,1175.2,1145.9,1151.0,1149.8,1154.71,209482,2418.91,18732, 124029, 59.21,0.5920747367315569,2025-06-05
KPITTECH, EQ, 05-Jun-2025,1318.3,1319.0,1329.0,1309.4,1320.5,1320.5,1316.74,609136,8020.74,33367, 275675, 45.26,0.4525672427832208,2025-06-05
KPRMILL, EQ, 05-Jun-2025,1133.9,1134.0,1152.3,1125.7,1144.8,1143.0,1143.41,237874,2719.87,13446, 128461, 54.00,0.5400380033126781,2025-06-05
KRBL, EQ, 05-Jun-2025,366.6,369.85,375.0,365.25,367.6,366.6,371.01,555830,2062.19,16682, 231215, 41.60,0.4159815051364626,2025-06-05
KREBSBIO, EQ, 05-Jun-2025,77.37,77.45,82.99,77.45,81.84,80.86,81.21,30515,24.78,638, 13191, 43.23,0.4322792069474029,2025-06-05
KRIDHANINF, BE, 05-Jun-2025,4.65,4.84,4.85,4.5,4.72,4.73,4.68,134809,6.32,205, -, -,,2025-06-05
KRISHANA, EQ, 05-Jun-2025,424.75,434.45,449.0,430.5,445.25,446.25,441.6,297934,1315.68,12296, 180932, 60.73,0.6072888626340062,2025-06-05
KRITI, EQ, 05-Jun-2025,144.72,143.6,146.85,141.54,145.0,143.95,142.89,22069,31.53,655, 14815, 67.13,0.6713036385880647,2025-06-05
KRITIKA, EQ, 05-Jun-2025,10.07,10.02,10.12,10.0,10.02,10.01,10.05,216372,21.74,867, 149382, 69.04,0.6903943208917974,2025-06-05
KRITINUT, EQ, 05-Jun-2025,114.19,112.09,114.54,111.31,113.44,112.57,112.83,15934,17.98,543, 11048, 69.34,0.6933601104556295,2025-06-05
KRN, EQ, 05-Jun-2025,754.95,757.0,776.55,757.0,762.6,761.25,765.18,330511,2529.01,14836, 89470, 27.07,0.27070203412291877,2025-06-05
KRONOX, EQ, 05-Jun-2025,171.0,171.0,178.0,170.0,170.51,170.42,173.57,240296,417.07,5273, 83517, 34.76,0.34755884409228616,2025-06-05
KROSS, EQ, 05-Jun-2025,191.22,193.0,207.0,193.0,204.0,202.95,203.45,1517355,3087.06,41113, 490093, 32.30,0.32299165323869494,2025-06-05
KRSNAA, EQ, 05-Jun-2025,647.8,651.25,655.0,647.15,653.0,651.35,650.46,72287,470.2,4031, 44351, 61.35,0.6135404706240403,2025-06-05
KRYSTAL, BE, 05-Jun-2025,600.3,600.3,624.3,599.85,621.0,619.45,612.73,19375,118.72,403, -, -,,2025-06-05
KSB, EQ, 05-Jun-2025,861.05,878.0,908.0,862.8,869.0,873.1,881.29,338943,2987.07,23140, 87431, 25.80,0.25795192702017744,2025-06-05
KSCL, EQ, 05-Jun-2025,1480.3,1493.0,1493.0,1410.6,1443.0,1434.9,1440.6,292461,4213.2,27141, 112454, 38.45,0.3845093875764632,2025-06-05
KSHITIJPOL, EQ, 05-Jun-2025,3.37,3.32,3.5,3.12,3.42,3.36,3.36,471131,15.82,806, 235987, 50.09,0.5008946556265667,2025-06-05
KSL, EQ, 05-Jun-2025,799.6,797.2,841.45,796.0,815.0,814.7,822.95,147011,1209.83,12473, 50473, 34.33,0.3433280502819517,2025-06-05
KSOLVES, EQ, 05-Jun-2025,330.2,331.5,334.2,327.0,329.9,329.75,330.87,46992,155.48,2232, 26225, 55.81,0.5580737146748382,2025-06-05
KTKBANK, EQ, 05-Jun-2025,196.94,197.1,198.5,194.51,195.0,194.97,195.91,1022961,2004.13,20409, 764783, 74.76,0.7476169668247372,2025-06-05
KUANTUM, EQ, 05-Jun-2025,113.99,114.99,115.69,109.5,112.5,112.2,113.07,152329,172.24,1995, 75592, 49.62,0.49624168740029806,2025-06-05
LAGNAM, EQ, 05-Jun-2025,107.26,108.05,109.06,105.8,107.75,107.76,107.47,14083,15.14,393, 9710, 68.95,0.6894837747638998,2025-06-05
LAKPRE, BZ, 05-Jun-2025,5.11,4.95,5.35,4.92,4.96,4.96,4.96,4397,0.22,27, -, -,,2025-06-05
LAL, EQ, 05-Jun-2025,13.17,13.4,13.4,12.7,12.81,12.88,12.94,113144,14.64,638, 56771, 50.18,0.5017588206179736,2025-06-05
LALPATHLAB, EQ, 05-Jun-2025,2850.4,2865.0,2888.0,2845.1,2855.0,2857.0,2861.95,110572,3164.51,13754, 52060, 47.08,0.4708244401837717,2025-06-05
LAMBODHARA, EQ, 05-Jun-2025,135.01,135.01,138.84,134.22,135.8,135.58,136.43,9500,12.96,442, 5375, 56.58,0.5657894736842105,2025-06-05
LANCORHOL, EQ, 05-Jun-2025,21.17,21.7,21.7,20.5,20.89,20.67,20.83,130997,27.29,1165, 91947, 70.19,0.7019015702649679,2025-06-05
LANDMARK, EQ, 05-Jun-2025,446.4,448.7,459.95,448.7,452.5,453.25,454.19,23529,106.87,1738, 11679, 49.64,0.49636618640826213,2025-06-05
LAOPALA, EQ, 05-Jun-2025,242.44,243.44,246.99,241.23,242.0,243.87,244.09,67450,164.64,3563, 33907, 50.27,0.5026982950333581,2025-06-05
LASA, EQ, 05-Jun-2025,13.66,13.85,14.2,12.96,12.98,13.05,13.34,595957,79.52,2860, 324320, 54.42,0.5442003366014662,2025-06-05
LATENTVIEW, EQ, 05-Jun-2025,410.4,412.4,412.7,407.6,409.6,409.2,410.22,108160,443.69,4718, 64502, 59.64,0.59635724852071,2025-06-05
LATTEYS, BE, 05-Jun-2025,21.63,21.19,22.06,21.19,22.06,22.06,21.74,80191,17.43,126, -, -,,2025-06-05
LAURUSLABS, EQ, 05-Jun-2025,623.35,624.95,649.6,622.6,640.05,640.65,640.22,3345250,21416.96,65809, 1349535, 40.34,0.40341827965025034,2025-06-05
LAXMICOT, EQ, 05-Jun-2025,28.18,28.35,29.19,27.9,27.9,28.01,28.34,22275,6.31,245, 14278, 64.10,0.6409876543209877,2025-06-05
LAXMIDENTL, EQ, 05-Jun-2025,395.9,399.7,404.05,395.85,398.0,399.25,399.59,72268,288.77,7263, 44982, 62.24,0.622433165439752,2025-06-05
LCCINFOTEC, BE, 05-Jun-2025,5.2,5.43,5.46,5.25,5.46,5.46,5.44,244522,13.3,208, -, -,,2025-06-05
LEMONTREE, EQ, 05-Jun-2025,139.45,139.95,142.5,139.6,141.35,141.32,141.48,3283409,4645.4,42798, 1921707, 58.53,0.5852779839489993,2025-06-05
LEXUS, EQ, 05-Jun-2025,34.53,34.71,35.9,34.0,35.9,35.47,35.26,46086,16.25,501, 21749, 47.19,0.4719220587597101,2025-06-05
LFIC, EQ, 05-Jun-2025,215.27,218.69,219.5,212.83,215.0,214.31,216.25,2424,5.24,165, 1873, 77.27,0.7726897689768977,2025-06-05
LGBBROSLTD, EQ, 05-Jun-2025,1262.2,1276.0,1278.9,1252.1,1255.0,1258.8,1262.95,20726,261.76,3343, 12522, 60.42,0.6041686770240278,2025-06-05
LGHL, EQ, 05-Jun-2025,572.95,574.7,575.0,569.35,573.0,571.6,572.12,36850,210.82,457, 8643, 23.45,0.23454545454545456,2025-06-05
LIBAS, EQ, 05-Jun-2025,14.15,14.2,14.75,13.66,14.0,13.99,14.2,190508,27.05,791, 90483, 47.50,0.4749564322758099,2025-06-05
LIBERTSHOE, EQ, 05-Jun-2025,419.75,423.95,431.0,420.15,424.05,424.0,424.6,31409,133.36,2325, 12429, 39.57,0.39571460409436787,2025-06-05
LICHSGFIN, EQ, 05-Jun-2025,603.35,605.05,608.4,598.2,599.55,601.2,603.68,1508253,9105.09,37718, 777783, 51.57,0.5156847027653848,2025-06-05
LICI, EQ, 05-Jun-2025,953.25,953.25,961.45,950.55,955.65,956.6,957.54,1060407,10153.86,32364, 449300, 42.37,0.42370523770589974,2025-06-05
LICMFGOLD, EQ, 05-Jun-2025,8830.55,8874.7,8890.0,8805.05,8890.0,8877.05,8844.94,836,73.94,207, 515, 61.60,0.6160287081339713,2025-06-05
LICNETFGSC, EQ, 05-Jun-2025,28.52,28.57,28.57,28.48,28.55,28.53,28.53,33209,9.47,177, 29614, 89.17,0.8917462133758921,2025-06-05
LICNETFN50, EQ, 05-Jun-2025,271.12,272.23,274.37,272.23,273.25,272.7,272.92,278,0.76,32, 245, 88.13,0.8812949640287769,2025-06-05
LICNETFSEN, EQ, 05-Jun-2025,911.52,911.52,926.68,909.01,909.01,913.91,912.92,61,0.56,13, 47, 77.05,0.7704918032786885,2025-06-05
LICNFNHGP, EQ, 05-Jun-2025,278.97,281.88,284.01,275.72,278.62,282.27,281.1,2059,5.79,100, 1333, 64.74,0.6474016512870325,2025-06-05
LICNMID100, EQ, 05-Jun-2025,57.29,57.68,57.97,56.73,57.97,57.85,57.39,26590,15.26,267, 15663, 58.91,0.5890560361037984,2025-06-05
LIKHITHA, EQ, 05-Jun-2025,300.25,301.25,313.0,301.2,308.75,308.6,308.24,181079,558.15,6825, 72678, 40.14,0.4013607320561744,2025-06-05
LINC, EQ, 05-Jun-2025,144.21,144.21,144.74,140.75,142.49,141.41,142.27,45956,65.38,1204, 30648, 66.69,0.6668987727391418,2025-06-05
LINCOLN, EQ, 05-Jun-2025,548.05,548.95,585.85,548.6,573.8,572.25,567.14,176780,1002.59,7457, 92792, 52.49,0.5249010069012332,2025-06-05
LINDEINDIA, EQ, 05-Jun-2025,7529.0,7525.0,7595.0,7481.0,7501.0,7502.0,7535.38,19749,1488.16,4023, 7179, 36.35,0.3635120765608385,2025-06-05
LIQUID, EQ, 05-Jun-2025,999.99,1000.0,1000.0,999.99,1000.0,999.99,1000.0,125266,1252.66,134, 63544, 50.73,0.5072725240687816,2025-06-05
LIQUID1, EQ, 05-Jun-2025,1053.26,1053.43,1053.43,1053.41,1053.43,1053.42,1053.42,218390,2300.57,176, 170859, 78.24,0.7823572507898713,2025-06-05
LIQUIDADD, EQ, 05-Jun-2025,1075.49,1075.5,1075.66,1075.5,1075.66,1075.64,1075.65,591934,6367.12,497, 384731, 65.00,0.6499559072464159,2025-06-05
LIQUIDBEES, EQ, 05-Jun-2025,999.99,999.99,1000.01,999.99,1000.0,1000.0,1000.0,2138788,21387.91,6623, 1570946, 73.45,0.7345029053837968,2025-06-05
LIQUIDBETF, EQ, 05-Jun-2025,1033.32,1033.45,1033.48,1033.45,1033.46,1033.46,1033.47,81458,841.84,27, 69657, 85.51,0.8551277959193695,2025-06-05
LIQUIDCASE, EQ, 05-Jun-2025,108.86,109.51,109.51,108.88,108.9,108.88,108.89,7478844,8143.68,6576, 5271539, 70.49,0.7048601361386867,2025-06-05
LIQUIDETF, EQ, 05-Jun-2025,999.99,1000.0,1000.01,999.99,1000.0,999.99,1000.0,101979,1019.79,221, 71458, 70.07,0.7007128918698948,2025-06-05
LIQUIDIETF, EQ, 05-Jun-2025,999.99,999.99,1000.01,999.99,1000.0,999.99,1000.0,510531,5105.31,282, 471025, 92.26,0.922617823403476,2025-06-05
LIQUIDPLUS, EQ, 05-Jun-2025,1035.32,1035.48,1035.48,1035.46,1035.48,1035.47,1035.48,20651,213.84,57, 16116, 78.04,0.7803980436782723,2025-06-05
LIQUIDSBI, EQ, 05-Jun-2025,1000.01,1000.01,1000.01,999.99,1000.01,1000.0,1000.0,19510,195.1,40, 12632, 64.75,0.6474628395694516,2025-06-05
LIQUIDSHRI, EQ, 05-Jun-2025,1055.81,1061.08,1061.08,1055.95,1055.97,1055.96,1055.96,17846,188.45,37, 10949, 61.35,0.6135268407486272,2025-06-05
LLOYDSENGG, EQ, 05-Jun-2025,60.38,60.4,61.46,59.9,60.29,60.49,60.68,5419972,3289.02,19231, 1865612, 34.42,0.34421063429847976,2025-06-05
LLOYDSENT, EQ, 05-Jun-2025,66.39,66.75,67.5,64.62,65.49,65.1,66.28,7623629,5052.91,20083, 5945602, 77.99,0.7798913089815886,2025-06-05
LLOYDSME, EQ, 05-Jun-2025,1500.0,1505.0,1533.5,1503.1,1526.0,1527.6,1524.91,593689,9053.21,26970, 307801, 51.85,0.5184549486347229,2025-06-05
LMW, EQ, 05-Jun-2025,16550.0,16748.0,16748.0,16401.0,16447.0,16496.0,16558.81,1881,311.47,922, 769, 40.88,0.40882509303561937,2025-06-05
LODHA, EQ, 05-Jun-2025,1444.8,1458.9,1479.9,1451.0,1461.1,1461.7,1463.87,1528240,22371.46,47198, 861788, 56.39,0.5639088101345339,2025-06-05
LOKESHMACH, BE, 05-Jun-2025,158.5,157.0,161.67,157.0,161.67,161.67,158.56,15294,24.25,142, -, -,,2025-06-05
LORDSCHLO, EQ, 05-Jun-2025,162.34,164.4,167.0,162.94,164.7,164.42,164.78,20886,34.42,708, 8426, 40.34,0.40342813367806185,2025-06-05
LOTUSEYE, EQ, 05-Jun-2025,70.89,72.19,72.19,70.05,70.1,70.55,70.94,9332,6.62,248, 4272, 45.78,0.45777968281183024,2025-06-05
LOVABLE, EQ, 05-Jun-2025,97.89,98.31,102.87,98.02,98.51,99.37,100.2,62360,62.49,1964, 21836, 35.02,0.35016035920461835,2025-06-05
LOWVOL, EQ, 05-Jun-2025,198.19,198.82,200.44,198.82,199.6,199.6,199.32,402,0.8,10, 277, 68.91,0.6890547263681592,2025-06-05
LOWVOL1, EQ, 05-Jun-2025,20.34,19.83,20.97,19.83,20.37,20.32,20.34,69733,14.18,230, 66530, 95.41,0.9540676580671992,2025-06-05
LOWVOLIETF, EQ, 05-Jun-2025,21.37,21.69,21.69,21.31,21.5,21.45,21.44,590135,126.54,1468, 277665, 47.05,0.4705109847746702,2025-06-05
LOYALTEX, BE, 05-Jun-2025,298.3,299.0,299.0,288.5,295.0,295.0,294.06,256,0.75,11, -, -,,2025-06-05
LPDC, EQ, 05-Jun-2025,8.49,8.58,8.79,8.36,8.49,8.45,8.57,55520,4.76,255, 45027, 81.10,0.8110050432276658,2025-06-05
LT, EQ, 05-Jun-2025,3626.5,3629.9,3677.4,3612.0,3641.2,3642.6,3647.41,1466416,53486.19,116020, 793588, 54.12,0.5411752190374355,2025-06-05
LTF, EQ, 05-Jun-2025,175.21,175.9,184.3,174.8,184.3,183.36,180.2,15938143,28721.23,77249, 6453723, 40.49,0.40492314568893,2025-06-05
LTFOODS, EQ, 05-Jun-2025,443.1,447.0,464.95,445.3,456.0,456.55,457.1,1576693,7207.08,38819, 648724, 41.14,0.41144598219184075,2025-06-05
LTGILTBEES, EQ, 05-Jun-2025,28.94,29.25,29.43,28.94,28.98,28.97,28.96,3068242,888.69,1515, 2462372, 80.25,0.8025351324960678,2025-06-05
LTIM, EQ, 05-Jun-2025,5153.0,5185.0,5206.5,5123.5,5176.0,5181.5,5178.67,217932,11285.98,23765, 109001, 50.02,0.5001606005543013,2025-06-05
LTTS, EQ, 05-Jun-2025,4356.9,4356.9,4376.5,4297.5,4328.0,4325.3,4326.85,98278,4252.35,18069, 42620, 43.37,0.43366775880665054,2025-06-05
LUMAXIND, EQ, 05-Jun-2025,2952.4,2968.7,3130.0,2963.6,3036.5,3021.4,3061.16,56975,1744.1,11135, 20575, 36.11,0.36112329969284773,2025-06-05
LUMAXTECH, EQ, 05-Jun-2025,991.0,997.05,1002.0,953.1,975.0,976.35,977.29,588419,5750.58,22924, 213844, 36.34,0.36342130352690855,2025-06-05
LUPIN, EQ, 05-Jun-2025,1944.0,1954.0,1999.8,1949.0,1995.5,1995.2,1982.58,1130246,22408.06,50397, 626926, 55.47,0.5546810163451142,2025-06-05
LUXIND, EQ, 05-Jun-2025,1525.5,1550.0,1555.0,1516.0,1523.0,1527.2,1528.18,30884,471.96,4217, 14979, 48.50,0.48500841859862714,2025-06-05
LXCHEM, EQ, 05-Jun-2025,206.5,207.0,209.4,204.12,205.0,204.76,206.74,457982,946.83,9711, 235795, 51.49,0.5148564790755968,2025-06-05
LYKALABS, EQ, 05-Jun-2025,116.92,117.02,119.4,117.0,117.0,117.24,118.15,33507,39.59,925, 16646, 49.68,0.49679171516399556,2025-06-05
LYPSAGEMS, BE, 05-Jun-2025,9.92,9.92,10.41,9.45,9.6,9.67,9.89,188035,18.6,392, -, -,,2025-06-05
M&M, EQ, 05-Jun-2025,3053.4,3078.0,3095.0,2994.8,3045.0,3041.6,3049.4,3504632,106870.29,143954, 1583830, 45.19,0.45192476699408096,2025-06-05
M&MFIN, EQ, 05-Jun-2025,262.35,263.5,263.5,260.7,262.65,262.65,262.3,579430,1519.82,9245, 269768, 46.56,0.4655747890167924,2025-06-05
MAANALU, EQ, 05-Jun-2025,121.56,122.98,124.29,119.24,119.35,119.58,121.07,78584,95.15,1180, 44211, 56.26,0.5625954392751705,2025-06-05
MACPOWER, BE, 05-Jun-2025,860.0,870.0,877.2,870.0,877.2,877.2,873.12,7615,66.49,103, -, -,,2025-06-05
MADHAV, EQ, 05-Jun-2025,48.67,49.0,51.5,47.5,49.0,49.46,49.5,388858,192.5,6159, 67858, 17.45,0.17450586075122537,2025-06-05
MADHUCON, EQ, 05-Jun-2025,8.47,8.65,8.7,8.25,8.65,8.64,8.41,41600,3.5,172, 25675, 61.72,0.6171875,2025-06-05
MADRASFERT, EQ, 05-Jun-2025,95.14,95.59,98.76,95.2,96.1,96.16,96.72,1388855,1343.23,12537, 340767, 24.54,0.24535822674073246,2025-06-05
MAFANG, EQ, 05-Jun-2025,136.96,137.5,137.94,135.41,136.69,136.35,136.99,446865,612.16,7632, 275220, 61.59,0.615890705246551,2025-06-05
MAGADSUGAR, EQ, 05-Jun-2025,747.85,747.0,786.0,742.25,748.25,750.05,760.76,42029,319.74,4133, 15321, 36.45,0.36453401222965093,2025-06-05
MAGNUM, EQ, 05-Jun-2025,26.25,26.3,26.93,26.3,26.6,26.55,26.62,25701,6.84,386, 16513, 64.25,0.6425041827166258,2025-06-05
MAHABANK, EQ, 05-Jun-2025,56.41,56.7,57.39,55.72,56.04,55.91,56.32,11838285,6667.87,28570, 5533158, 46.74,0.467395235036156,2025-06-05
MAHAPEXLTD, EQ, 05-Jun-2025,113.33,113.33,118.49,113.33,114.7,115.05,115.95,6103,7.08,331, 2649, 43.40,0.434048828445027,2025-06-05
MAHASTEEL, BE, 05-Jun-2025,305.1,305.1,307.8,299.0,307.8,307.8,299.25,54162,162.08,62, -, -,,2025-06-05
MAHEPC, EQ, 05-Jun-2025,144.53,144.01,147.56,137.7,140.5,140.33,141.65,118024,167.18,2767, 63637, 53.92,0.5391869450281299,2025-06-05
MAHESHWARI, EQ, 05-Jun-2025,59.27,59.0,59.43,58.25,58.52,58.61,58.74,13039,7.66,267, 8090, 62.04,0.6204463532479485,2025-06-05
MAHKTECH, EQ, 05-Jun-2025,22.34,22.71,22.71,21.78,22.24,22.28,22.37,1059922,237.14,5289, 713146, 67.28,0.672828755323505,2025-06-05
MAHLIFE, EQ, 05-Jun-2025,330.3,331.5,333.3,326.0,326.9,326.95,329.15,462543,1522.46,24592, 308207, 66.63,0.6663315626871448,2025-06-05
MAHLIFE-RE, BE, 05-Jun-2025,61.4,61.1,61.5,56.5,58.9,58.5,58.75,378987,222.65,11683, -, -,,2025-06-05
MAHLOG, EQ, 05-Jun-2025,327.0,329.5,331.5,325.55,325.65,326.1,328.22,57499,188.72,4190, 30044, 52.25,0.5225134350162611,2025-06-05
MAHSCOOTER, EQ, 05-Jun-2025,13391.0,13457.0,13798.0,13340.0,13515.0,13542.0,13531.9,10662,1442.77,4450, 2954, 27.71,0.2770587131870193,2025-06-05
MAHSEAMLES, EQ, 05-Jun-2025,670.5,671.15,680.9,668.0,672.55,671.3,673.96,140282,945.44,8882, 66526, 47.42,0.47423047860737655,2025-06-05
MAITHANALL, EQ, 05-Jun-2025,1125.6,1130.0,1134.9,1068.1,1081.8,1074.0,1090.92,141429,1542.87,11706, 81112, 57.35,0.5735174539875132,2025-06-05
MAKEINDIA, EQ, 05-Jun-2025,142.79,147.07,147.07,141.36,143.99,143.7,143.76,13570,19.51,317, 7871, 58.00,0.5800294767870302,2025-06-05
MALLCOM, EQ, 05-Jun-2025,1111.9,1115.0,1128.8,1093.7,1111.0,1101.4,1102.92,10780,118.9,1489, 6523, 60.51,0.6051020408163266,2025-06-05
MALUPAPER, EQ, 05-Jun-2025,39.01,39.13,39.94,39.02,39.3,39.35,39.45,26934,10.62,582, 10994, 40.82,0.40818296576817403,2025-06-05
MAMATA, EQ, 05-Jun-2025,459.85,462.0,472.55,458.0,458.8,459.45,464.24,430974,2000.74,12638, 152115, 35.30,0.352956326831781,2025-06-05
MANAKALUCO, EQ, 05-Jun-2025,26.79,26.8,27.45,26.8,26.86,27.04,27.06,21509,5.82,385, 13844, 64.36,0.6436375470733181,2025-06-05
MANAKCOAT, EQ, 05-Jun-2025,112.57,114.0,118.19,113.98,118.19,118.19,117.34,100452,117.87,423, 67037, 66.74,0.667353561900211,2025-06-05
MANAKSIA, EQ, 05-Jun-2025,69.28,69.6,70.5,69.5,70.15,69.87,69.93,28156,19.69,587, 15856, 56.31,0.5631481744565989,2025-06-05
MANAKSTEEL, BE, 05-Jun-2025,60.5,61.6,62.0,59.02,61.5,61.65,60.65,21447,13.01,125, -, -,,2025-06-05
MANALIPETC, EQ, 05-Jun-2025,58.79,58.5,59.99,58.5,59.1,59.1,59.31,236744,140.41,2810, 112132, 47.36,0.4736424154360829,2025-06-05
MANAPPURAM, EQ, 05-Jun-2025,232.37,232.47,236.38,232.41,234.35,234.58,234.48,5253339,12318.09,31959, 2872413, 54.68,0.5467785345663015,2025-06-05
MANBA, EQ, 05-Jun-2025,136.48,137.0,137.56,134.87,135.72,135.46,135.57,54639,74.07,1430, 35713, 65.36,0.6536173795274438,2025-06-05
MANCREDIT, EQ, 05-Jun-2025,193.57,189.91,200.2,189.91,199.84,197.86,197.47,85126,168.1,2166, 32126, 37.74,0.37739351079576156,2025-06-05
MANGALAM, EQ, 05-Jun-2025,82.42,81.5,83.26,81.5,81.8,81.99,82.28,21343,17.56,419, 10504, 49.22,0.49215199362788736,2025-06-05
MANGCHEFER, EQ, 05-Jun-2025,281.05,278.3,287.35,277.85,281.9,282.5,283.62,295563,838.26,9559, 101645, 34.39,0.34390299191712087,2025-06-05
MANGLMCEM, EQ, 05-Jun-2025,784.8,785.95,804.6,785.95,793.05,799.9,799.73,42064,336.4,2963, 28793, 68.45,0.6845045644731838,2025-06-05
MANINDS, EQ, 05-Jun-2025,394.25,395.0,418.5,393.0,397.25,396.15,405.25,2477320,10039.28,59586, 688048, 27.77,0.27773884681833594,2025-06-05
MANINFRA, EQ, 05-Jun-2025,163.19,163.3,167.98,162.96,163.3,163.36,165.71,1139113,1887.66,15960, 440389, 38.66,0.3866069476864894,2025-06-05
MANKIND, EQ, 05-Jun-2025,2345.9,2352.9,2377.7,2347.0,2364.0,2359.2,2359.8,190412,4493.34,15271, 132904, 69.80,0.6979812196710291,2025-06-05
MANOMAY, EQ, 05-Jun-2025,165.72,165.32,171.9,165.32,166.0,168.15,168.06,4538,7.63,177, 2433, 53.61,0.5361392684001763,2025-06-05
MANORAMA, EQ, 05-Jun-2025,1457.5,1457.5,1468.1,1380.1,1407.9,1397.8,1417.01,167788,2377.58,18950, 97897, 58.35,0.5834565046368035,2025-06-05
MANORG, BE, 05-Jun-2025,593.95,585.0,600.0,581.1,581.5,581.65,586.35,3063,17.96,108, -, -,,2025-06-05
MANUGRAPH, EQ, 05-Jun-2025,23.15,23.16,23.39,22.15,22.36,22.54,22.65,38807,8.79,384, 22772, 58.68,0.5868013502718582,2025-06-05
MANYAVAR, EQ, 05-Jun-2025,778.85,785.0,815.0,774.0,812.0,810.5,791.38,700458,5543.28,21647, 535109, 76.39,0.7639415925009065,2025-06-05
MAPMYINDIA, EQ, 05-Jun-2025,1917.6,1923.1,1933.0,1912.0,1915.0,1917.1,1918.13,45529,873.31,5558, 28098, 61.71,0.6171451162995014,2025-06-05
MARALOVER, EQ, 05-Jun-2025,72.57,72.5,74.38,71.62,71.95,72.4,73.09,17150,12.54,745, 8817, 51.41,0.5141107871720116,2025-06-05
MARATHON, EQ, 05-Jun-2025,545.0,547.4,549.8,529.2,542.0,539.75,537.6,56955,306.19,3415, 41444, 72.77,0.7276621894478097,2025-06-05
MARICO, EQ, 05-Jun-2025,703.05,707.05,707.05,699.65,700.3,703.15,703.47,1319022,9278.99,30099, 849674, 64.42,0.6441696954258535,2025-06-05
MARINE, EQ, 05-Jun-2025,219.29,224.9,224.9,216.1,217.5,218.01,220.03,662535,1457.75,10954, 327273, 49.40,0.49397088455704224,2025-06-05
MARKSANS, EQ, 05-Jun-2025,256.8,256.95,261.05,256.5,257.5,257.85,258.62,635704,1644.03,13567, 201241, 31.66,0.3165639983388495,2025-06-05
MARSHALL, BZ, 05-Jun-2025,11.41,11.8,11.84,11.0,11.5,11.49,11.52,14626,1.69,55, -, -,,2025-06-05
MARUTI, EQ, 05-Jun-2025,12163.0,12200.0,12257.0,12016.0,12132.0,12126.0,12115.28,319783,38742.61,59856, 136496, 42.68,0.42683945050237193,2025-06-05
MASFIN, EQ, 05-Jun-2025,287.1,287.0,287.95,283.25,284.0,284.7,284.95,68525,195.26,4006, 33968, 49.57,0.4957022984312295,2025-06-05
MASKINVEST, BE, 05-Jun-2025,156.11,148.3,163.8,148.3,163.45,162.18,153.87,937,1.44,29, -, -,,2025-06-05
MASPTOP50, EQ, 05-Jun-2025,53.67,53.12,54.36,53.12,54.0,53.97,53.98,260292,140.5,2223, 158471, 60.88,0.6088200943555699,2025-06-05
MASTEK, EQ, 05-Jun-2025,2305.5,2307.9,2355.0,2301.0,2343.8,2345.4,2333.85,77807,1815.9,13024, 38554, 49.55,0.49550811623632834,2025-06-05
MASTERTR, EQ, 05-Jun-2025,157.78,157.81,159.76,150.99,153.9,153.12,155.56,111744,173.83,3925, 62271, 55.73,0.5572648195876289,2025-06-05
MATRIMONY, EQ, 05-Jun-2025,500.85,503.35,508.95,500.65,502.5,503.1,503.66,15420,77.66,848, 9993, 64.81,0.6480544747081712,2025-06-05
MAWANASUG, EQ, 05-Jun-2025,105.74,106.33,108.5,105.0,108.0,107.93,106.86,233861,249.9,3423, 138598, 59.27,0.5926511902369356,2025-06-05
MAXESTATES, EQ, 05-Jun-2025,509.1,511.65,522.0,507.05,515.5,515.95,516.04,99139,511.59,5285, 58804, 59.31,0.5931469956323949,2025-06-05
MAXHEALTH, EQ, 05-Jun-2025,1148.6,1153.2,1154.6,1134.0,1137.2,1137.4,1141.81,1294519,14780.92,57344, 833981, 64.42,0.6442400613664225,2025-06-05
MAXIND, EQ, 05-Jun-2025,181.7,182.1,184.1,180.61,184.1,183.33,182.65,30416,55.56,1015, 16968, 55.79,0.5578642819568648,2025-06-05
MAYURUNIQ, EQ, 05-Jun-2025,571.4,579.95,590.0,575.05,582.35,583.25,584.57,45338,265.03,3984, 23438, 51.70,0.5169614892584586,2025-06-05
MAZDA, EQ, 05-Jun-2025,245.2,242.75,246.4,242.05,242.9,242.85,244.27,17122,41.82,1929, 8856, 51.72,0.5172292956430323,2025-06-05
MAZDOCK, EQ, 05-Jun-2025,3412.7,3433.2,3464.0,3379.1,3428.7,3430.2,3415.27,3774706,128916.57,151598, 867278, 22.98,0.2297604104796506,2025-06-05
MBAPL, EQ, 05-Jun-2025,356.35,359.85,362.45,347.55,348.95,349.25,352.86,138010,486.98,8357, 80149, 58.07,0.5807477719005869,2025-06-05
MBLINFRA, EQ, 05-Jun-2025,41.87,42.0,43.2,40.2,41.0,40.64,41.73,276753,115.48,2003, 215689, 77.94,0.7793555986746304,2025-06-05
MCL, EQ, 05-Jun-2025,58.43,58.43,59.49,57.75,59.2,58.68,58.55,50316,29.46,706, 28021, 55.69,0.556900389538119,2025-06-05
MCLEODRUSS, EQ, 05-Jun-2025,33.19,33.98,33.98,33.01,33.8,33.72,33.51,369874,123.94,2188, 220104, 59.51,0.5950783239697843,2025-06-05
MCLOUD, EQ, 05-Jun-2025,78.47,78.66,82.2,77.18,81.5,81.03,80.06,1141689,914.07,14242, 357516, 31.31,0.31314657494291354,2025-06-05
MCX, EQ, 05-Jun-2025,6870.5,6925.0,7145.0,6896.0,7121.0,7099.0,7026.9,657268,46185.58,70003, 200903, 30.57,0.30566374751243025,2025-06-05
MEDANTA, EQ, 05-Jun-2025,1196.9,1196.9,1215.7,1195.5,1201.1,1200.9,1206.95,75225,907.93,7838, 35921, 47.75,0.4775141242937853,2025-06-05
MEDIASSIST, EQ, 05-Jun-2025,496.8,501.75,501.95,492.0,492.5,492.8,495.82,79905,396.18,6531, 45478, 56.92,0.5691508666541518,2025-06-05
MEDICAMEQ, EQ, 05-Jun-2025,433.8,436.0,441.0,428.8,428.8,429.25,432.84,20146,87.2,1045, 13294, 65.99,0.6598828551573513,2025-06-05
MEDICO, EQ, 05-Jun-2025,52.49,52.77,53.15,51.85,52.26,52.17,52.64,315307,165.97,2532, 210538, 66.77,0.6677238374029121,2025-06-05
MEDPLUS, EQ, 05-Jun-2025,909.6,914.0,920.0,904.4,913.0,915.8,912.58,173790,1585.96,15132, 63385, 36.47,0.3647217906668968,2025-06-05
MEGASOFT, BE, 05-Jun-2025,85.98,86.4,90.0,85.0,89.0,87.95,86.92,122467,106.45,422, -, -,,2025-06-05
MEGASTAR, EQ, 05-Jun-2025,242.1,249.35,260.0,242.3,260.0,254.45,250.22,15563,38.94,868, 8524, 54.77,0.5477093105442395,2025-06-05
MENONBE, EQ, 05-Jun-2025,119.3,118.62,123.85,118.62,123.45,122.68,121.71,24479,29.79,641, 17131, 69.98,0.6998243392295437,2025-06-05
MEP, BZ, 05-Jun-2025,2.14,2.18,2.18,2.18,2.18,2.18,2.18,9618,0.21,22, -, -,,2025-06-05
METAL, EQ, 05-Jun-2025,9.17,9.39,9.39,9.17,9.25,9.23,9.23,294037,27.14,456, 174203, 59.25,0.5924526505167717,2025-06-05
METALIETF, EQ, 05-Jun-2025,9.15,9.41,9.41,9.11,9.24,9.21,9.21,2552408,235.06,1769, 1677190, 65.71,0.6571010590783292,2025-06-05
METROBRAND, EQ, 05-Jun-2025,1234.0,1237.9,1245.5,1209.5,1215.0,1225.3,1233.78,42576,525.29,7105, 25347, 59.53,0.5953354002254791,2025-06-05
METROPOLIS, EQ, 05-Jun-2025,1694.3,1708.0,1722.1,1676.0,1679.5,1680.8,1687.69,59789,1009.05,5314, 42217, 70.61,0.7060997842412484,2025-06-05
MFML, BE, 05-Jun-2025,32.23,32.3,32.3,30.61,30.61,30.61,30.97,10679,3.31,48, -, -,,2025-06-05
MFSL, EQ, 05-Jun-2025,1505.5,1505.0,1515.5,1492.3,1504.2,1504.2,1503.97,1107694,16659.39,36157, 904247, 81.63,0.8163328500470346,2025-06-05
MGEL, EQ, 05-Jun-2025,12.02,12.15,12.37,12.11,12.24,12.27,12.26,149674,18.35,529, 72750, 48.61,0.486056362494488,2025-06-05
MGL, EQ, 05-Jun-2025,1301.0,1304.1,1332.2,1295.2,1311.0,1307.1,1310.07,1268728,16621.2,49170, 890542, 70.19,0.7019171958055628,2025-06-05
MHLXMIRU, EQ, 05-Jun-2025,223.04,217.55,225.98,217.55,225.0,224.37,223.51,13001,29.06,375, 9560, 73.53,0.7353280516883317,2025-06-05
MHRIL, EQ, 05-Jun-2025,359.15,359.15,364.2,355.0,359.6,357.6,358.45,45067,161.54,4279, 23267, 51.63,0.516275767191071,2025-06-05
MICEL, EQ, 05-Jun-2025,59.5,59.59,60.24,58.02,58.68,58.64,59.34,638267,378.72,5282, 360952, 56.55,0.5655188189268754,2025-06-05
MID150, EQ, 05-Jun-2025,21.62,21.83,21.89,21.65,21.76,21.75,21.73,61442,13.35,194, 52999, 86.26,0.8625858533250871,2025-06-05
MID150BEES, EQ, 05-Jun-2025,218.96,221.99,221.99,218.4,221.4,221.21,220.89,1006890,2224.1,6312, 831656, 82.60,0.8259651004578454,2025-06-05
MID150CASE, EQ, 05-Jun-2025,10.59,10.91,10.91,10.61,10.67,10.63,10.66,1184457,126.3,4647, 758239, 64.02,0.6401574730023969,2025-06-05
MIDCAP, EQ, 05-Jun-2025,164.12,164.14,165.89,164.13,165.54,165.47,165.27,51388,84.93,529, 24268, 47.23,0.47225033081653306,2025-06-05
MIDCAPETF, EQ, 05-Jun-2025,21.62,22.16,22.16,21.57,21.77,21.81,21.78,1262390,274.94,4153, 915220, 72.50,0.7249899001101086,2025-06-05
MIDCAPIETF, EQ, 05-Jun-2025,21.89,21.9,22.12,21.9,22.04,22.06,22.03,652669,143.76,1829, 499404, 76.52,0.7651719324803231,2025-06-05
MIDHANI, EQ, 05-Jun-2025,422.05,425.0,442.6,423.8,434.6,434.55,434.07,2173814,9435.86,40553, 637479, 29.33,0.29325370063860107,2025-06-05
MIDQ50ADD, EQ, 05-Jun-2025,250.52,250.53,252.0,250.32,252.0,251.97,251.21,5635,14.16,131, 4543, 80.62,0.8062111801242235,2025-06-05
MIDSELIETF, EQ, 05-Jun-2025,17.29,17.72,17.72,17.09,17.3,17.33,17.35,230327,39.96,759, 104957, 45.57,0.4556869146908526,2025-06-05
MIDSMALL, EQ, 05-Jun-2025,50.15,50.26,51.09,49.82,50.71,50.8,50.63,228654,115.76,943, 183636, 80.31,0.8031173738486972,2025-06-05
MINDACORP, EQ, 05-Jun-2025,516.95,515.25,539.8,515.25,537.5,536.75,534.54,471552,2520.64,18156, 124676, 26.44,0.26439501900108575,2025-06-05
MINDTECK, EQ, 05-Jun-2025,242.8,241.1,247.4,241.0,243.0,243.35,243.85,54646,133.26,1954, 27318, 49.99,0.49990850199465653,2025-06-05
MIRCELECTR, BE, 05-Jun-2025,13.38,13.29,14.04,13.1,14.04,14.04,13.53,287473,38.9,450, -, -,,2025-06-05
MIRZAINT, EQ, 05-Jun-2025,30.37,30.3,31.14,30.3,30.78,30.57,30.7,107709,33.06,1104, 51405, 47.73,0.47725816784112746,2025-06-05
MITCON, EQ, 05-Jun-2025,81.96,83.51,83.78,80.52,81.0,81.74,82.27,14324,11.78,224, 12298, 85.86,0.8585590617146048,2025-06-05
MITTAL, EQ, 05-Jun-2025,1.51,1.54,1.55,1.49,1.5,1.49,1.51,2461905,37.29,1458, 1299896, 52.80,0.5280041268854809,2025-06-05
MKPL, EQ, 05-Jun-2025,7.04,7.04,7.12,6.92,6.98,6.97,7.02,173059,12.14,992, 106774, 61.70,0.6169803361859251,2025-06-05
MMFL, EQ, 05-Jun-2025,367.95,371.5,375.25,363.9,368.6,369.45,369.12,112689,415.95,4866, 55836, 49.55,0.49548758086414824,2025-06-05
MMP, EQ, 05-Jun-2025,247.03,248.06,250.01,245.0,245.05,246.66,247.49,22030,54.52,717, 15293, 69.42,0.6941897412619156,2025-06-05
MMTC, EQ, 05-Jun-2025,78.05,78.25,78.3,76.0,76.25,76.2,76.93,3650988,2808.63,19296, 1404037, 38.46,0.3845635756677371,2025-06-05
MNC, EQ, 05-Jun-2025,28.64,28.82,28.85,28.66,28.79,28.76,28.76,83432,24.0,272, 79273, 95.02,0.95015102119091,2025-06-05
MOBIKWIK, EQ, 05-Jun-2025,273.55,273.55,279.0,271.0,272.7,272.65,275.16,489751,1347.62,10890, 175262, 35.79,0.3578594020226605,2025-06-05
MOCAPITAL, EQ, 05-Jun-2025,44.43,45.54,45.97,44.46,45.64,45.57,45.05,756436,340.74,1579, 533251, 70.50,0.7049519060436045,2025-06-05
MODEFENCE, EQ, 05-Jun-2025,97.43,98.0,99.9,97.2,99.61,99.5,98.72,2855212,2818.7,9836, 1177909, 41.25,0.4125469492282885,2025-06-05
MODIRUBBER, BE, 05-Jun-2025,127.31,129.9,129.9,125.0,128.5,126.55,126.51,1925,2.44,58, -, -,,2025-06-05
MODISONLTD, EQ, 05-Jun-2025,164.5,165.41,165.41,159.42,160.3,160.59,162.24,66460,107.83,1777, 38806, 58.39,0.5839000902798676,2025-06-05
MODTHREAD, EQ, 05-Jun-2025,45.17,45.12,46.48,44.05,44.05,44.18,44.87,1805,0.81,44, 1337, 74.07,0.7407202216066482,2025-06-05
MOGSEC, EQ, 05-Jun-2025,61.88,62.43,62.43,61.82,61.87,62.05,62.01,1345,0.83,44, 780, 57.99,0.5799256505576208,2025-06-05
MOHEALTH, EQ, 05-Jun-2025,43.11,44.18,44.18,43.01,43.53,43.45,43.46,38666,16.8,506, 28679, 74.17,0.7417110639838618,2025-06-05
MOHITIND, EQ, 05-Jun-2025,30.16,29.51,31.0,29.51,30.68,30.43,30.49,8212,2.5,184, 5182, 63.10,0.6310277642474428,2025-06-05
MOIL, EQ, 05-Jun-2025,368.3,369.9,391.0,368.65,387.95,387.65,384.04,3072461,11799.62,61195, 1161859, 37.82,0.37815256239216705,2025-06-05
MOINFRA, EQ, 05-Jun-2025,60.14,60.2,60.6,60.2,60.41,60.41,60.51,617,0.37,8, 517, 83.79,0.8379254457050244,2025-06-05
MOKSH, EQ, 05-Jun-2025,14.98,15.0,15.15,14.45,14.94,14.71,14.84,769482,114.21,2605, 377409, 49.05,0.49047151200417943,2025-06-05
MOL, EQ, 05-Jun-2025,90.95,90.95,94.0,90.32,93.1,93.0,92.48,1855817,1716.29,16609, 869324, 46.84,0.4684319628497853,2025-06-05
MOLDTECH, EQ, 05-Jun-2025,134.79,136.49,137.5,135.2,135.5,135.51,135.9,37487,50.94,1619, 19263, 51.39,0.5138581374876624,2025-06-05
MOLDTKPAC, EQ, 05-Jun-2025,672.45,672.45,680.0,665.6,670.0,671.25,669.88,40399,270.62,2578, 25214, 62.41,0.6241243595138494,2025-06-05
MOLOWVOL, EQ, 05-Jun-2025,37.07,36.68,37.36,36.68,37.36,37.24,37.11,13749,5.1,74, 13015, 94.66,0.9466142992217615,2025-06-05
MOM100, EQ, 05-Jun-2025,62.16,64.02,64.02,61.96,62.6,62.55,62.51,416110,260.12,3260, 267977, 64.40,0.6440051909350892,2025-06-05
MOM30IETF, EQ, 05-Jun-2025,31.23,31.8,31.8,31.18,31.57,31.59,31.56,1089708,343.91,2966, 674249, 61.87,0.6187428191772475,2025-06-05
MOM50, EQ, 05-Jun-2025,254.23,256.94,256.95,254.32,254.85,254.95,255.79,8757,22.4,209, 2792, 31.88,0.3188306497659016,2025-06-05
MOMENTUM, EQ, 05-Jun-2025,31.07,31.2,31.8,31.08,31.5,31.56,31.47,144246,45.39,679, 126142, 87.45,0.8744921869583905,2025-06-05
MOMENTUM50, EQ, 05-Jun-2025,52.93,53.17,53.79,53.0,53.73,53.62,53.56,836710,448.15,2533, 597983, 71.47,0.7146837016409509,2025-06-05
MOMGF, EQ, 05-Jun-2025,140.5,140.5,141.2,140.5,141.2,141.17,141.16,513,0.72,7, 513, 100.00,1.0,2025-06-05
MOMOMENTUM, EQ, 05-Jun-2025,62.33,63.88,63.88,62.01,62.92,63.0,63.0,158512,99.86,802, 99477, 62.76,0.6275676289492278,2025-06-05
MON100, EQ, 05-Jun-2025,181.36,182.2,182.2,180.13,181.18,180.9,181.17,843968,1529.05,10637, 577413, 68.42,0.6841645654811557,2025-06-05
MON50EQUAL, EQ, 05-Jun-2025,30.78,30.78,31.01,30.78,30.92,30.92,30.94,742,0.23,11, 738, 99.46,0.9946091644204852,2025-06-05
MONARCH, EQ, 05-Jun-2025,306.5,308.0,317.7,308.0,312.5,313.15,313.09,216375,677.45,8858, 95646, 44.20,0.44203812824956673,2025-06-05
MONEXT50, EQ, 05-Jun-2025,66.22,66.4,66.65,66.4,66.58,66.51,66.56,2397,1.6,15, 1650, 68.84,0.688360450563204,2025-06-05
MONIFTY500, EQ, 05-Jun-2025,23.09,23.2,23.26,23.05,23.26,23.23,23.22,226004,52.47,959, 159276, 70.47,0.7047485885205571,2025-06-05
MONQ50, EQ, 05-Jun-2025,74.14,74.9,74.9,73.56,74.0,74.09,74.24,133838,99.36,1613, 93620, 69.95,0.6995023834785338,2025-06-05
MONTECARLO, EQ, 05-Jun-2025,609.0,609.0,625.1,609.0,616.0,615.9,618.57,30497,188.65,2510, 18288, 59.97,0.5996655408728727,2025-06-05
MOPSE, EQ, 05-Jun-2025,99.22,99.0,99.4,98.8,99.3,99.28,99.15,912,0.9,22, 167, 18.31,0.18311403508771928,2025-06-05
MOQUALITY, EQ, 05-Jun-2025,191.74,192.69,193.68,191.74,192.84,192.85,193.06,1926,3.72,42, 1841, 95.59,0.9558670820353063,2025-06-05
MORARJEE, BZ, 05-Jun-2025,7.2,7.56,7.56,7.3,7.3,7.52,7.53,12936,0.97,51, -, -,,2025-06-05
MOREALTY, EQ, 05-Jun-2025,97.41,97.51,99.7,97.48,99.11,99.1,98.96,522002,516.58,2355, 303799, 58.20,0.581988191616124,2025-06-05
MOREPENLAB, EQ, 05-Jun-2025,63.81,64.0,65.65,64.0,64.5,64.47,64.96,3105163,2017.24,18717, 964438, 31.06,0.3105917467134576,2025-06-05
MOSCHIP, EQ, 05-Jun-2025,183.81,183.96,199.12,183.85,190.76,190.09,192.56,2967566,5714.28,45478, 1009620, 34.02,0.3402182125014237,2025-06-05
MOSMALL250, EQ, 05-Jun-2025,17.09,17.17,17.25,17.0,17.2,17.18,17.2,1087269,187.04,2651, 712029, 65.49,0.6548784155530968,2025-06-05
MOTHERSON, EQ, 05-Jun-2025,152.71,154.0,156.9,153.3,155.85,155.63,155.56,13390318,20829.48,72779, 7112311, 53.12,0.5311532556583047,2025-06-05
MOTILALOFS, EQ, 05-Jun-2025,823.55,817.35,848.0,816.15,841.4,840.75,832.76,3036466,25286.35,88921, 1300902, 42.84,0.42842633508822425,2025-06-05
MOTISONS, EQ, 05-Jun-2025,16.89,16.89,17.24,16.82,16.85,16.88,16.96,1495012,253.5,4310, 665607, 44.52,0.4452184999183953,2025-06-05
MOTOGENFIN, EQ, 05-Jun-2025,25.98,27.29,31.17,25.91,27.0,26.67,29.01,551601,160.0,6038, 138025, 25.02,0.25022615985105173,2025-06-05
MOVALUE, EQ, 05-Jun-2025,102.57,102.57,103.5,101.55,102.35,102.26,102.34,53189,54.43,883, 30579, 57.49,0.5749121058865555,2025-06-05
MPHASIS, EQ, 05-Jun-2025,2503.3,2510.0,2542.5,2467.1,2525.0,2529.8,2512.05,362691,9111.0,31638, 146614, 40.42,0.40423942143587793,2025-06-05
MPSLTD, EQ, 05-Jun-2025,2712.4,2730.0,2748.0,2663.1,2680.0,2673.6,2699.42,15933,430.1,3189, 9975, 62.61,0.6260591225757861,2025-06-05
MRF, EQ, 05-Jun-2025,136105.0,136800.0,140900.0,136535.0,139915.0,140360.0,139297.22,15753,21943.49,7974, 9621, 61.07,0.610740811274043,2025-06-05
MRPL, EQ, 05-Jun-2025,141.7,142.12,143.26,140.59,141.8,141.34,141.76,1479564,2097.42,13698, 573014, 38.73,0.3872857138995001,2025-06-05
MSCIINDIA, EQ, 05-Jun-2025,29.25,29.58,29.58,29.1,29.44,29.22,29.25,61017,17.85,115, 53109, 87.04,0.8703967746693544,2025-06-05
MSPL, EQ, 05-Jun-2025,26.53,26.9,26.9,26.16,26.67,26.54,26.46,377891,99.97,1685, 272994, 72.24,0.7224146645461257,2025-06-05
MSTCLTD, EQ, 05-Jun-2025,559.5,562.0,570.0,556.85,562.0,562.6,563.1,179887,1012.95,9616, 87272, 48.51,0.4851490102119664,2025-06-05
MSUMI, EQ, 05-Jun-2025,58.71,59.05,59.74,58.8,59.42,59.4,59.33,3080373,1827.61,30818, 1710545, 55.53,0.5553045037078301,2025-06-05
MTARTECH, EQ, 05-Jun-2025,1682.2,1698.1,1798.8,1696.1,1768.0,1763.4,1754.04,989969,17364.44,53253, 367229, 37.09,0.370949999444427,2025-06-05
MTEDUCARE, BE, 05-Jun-2025,2.26,2.37,2.37,2.2,2.34,2.24,2.26,19029,0.43,58, -, -,,2025-06-05
MTNL, EQ, 05-Jun-2025,52.35,52.35,52.54,50.5,50.52,50.83,51.61,7578139,3910.71,27960, 2376485, 31.36,0.31359744127153116,2025-06-05
MUFIN, EQ, 05-Jun-2025,76.73,77.0,77.41,74.1,75.1,75.31,75.61,282734,213.77,3941, 145147, 51.34,0.5133694568039217,2025-06-05
MUFTI, EQ, 05-Jun-2025,170.52,171.79,174.96,171.1,171.3,171.76,172.75,70820,122.34,2579, 37323, 52.70,0.5270121434622987,2025-06-05
MUKANDLTD, EQ, 05-Jun-2025,113.23,113.92,121.2,113.8,119.42,120.19,119.11,178719,212.87,3611, 99701, 55.79,0.5578645807105008,2025-06-05
MUKKA, EQ, 05-Jun-2025,31.09,31.09,31.4,31.0,31.1,31.07,31.11,266613,82.95,1675, 166439, 62.43,0.6242718847167993,2025-06-05
MUKTAARTS, EQ, 05-Jun-2025,72.8,74.0,74.45,72.0,73.65,73.81,73.56,8794,6.47,319, 6814, 77.48,0.7748464862406186,2025-06-05
MULTICAP, EQ, 05-Jun-2025,15.95,16.13,16.13,15.98,16.05,16.05,16.05,156713,25.15,462, 150595, 96.10,0.9609604819000338,2025-06-05
MUNJALAU, EQ, 05-Jun-2025,80.09,80.48,82.0,78.0,79.05,78.8,79.87,181850,145.24,2372, 120250, 66.13,0.6612592796260655,2025-06-05
MUNJALSHOW, EQ, 05-Jun-2025,139.23,139.93,141.95,137.03,138.9,138.71,139.43,21057,29.36,918, 9756, 46.33,0.4633138623735575,2025-06-05
MURUDCERA, EQ, 05-Jun-2025,42.54,42.86,43.75,42.51,42.52,42.56,43.16,76974,33.23,938, 50702, 65.87,0.6586899472549173,2025-06-05
MUTHOOTCAP, EQ, 05-Jun-2025,290.3,289.95,292.7,287.65,288.95,290.4,289.92,18088,52.44,667, 10097, 55.82,0.5582153914197258,2025-06-05
MUTHOOTFIN, EQ, 05-Jun-2025,2272.3,2272.3,2307.8,2267.6,2295.5,2294.6,2289.51,323620,7409.32,25837, 113131, 34.96,0.34957975403250724,2025-06-05
MUTHOOTMF, EQ, 05-Jun-2025,127.37,127.48,129.35,127.25,128.09,127.89,128.14,92808,118.93,3439, 52509, 56.58,0.5657809671580036,2025-06-05
MVGJL, EQ, 05-Jun-2025,266.84,268.48,272.65,260.15,261.8,262.55,265.84,450827,1198.48,13918, 172485, 38.26,0.3825968719708447,2025-06-05
NACLIND, BE, 05-Jun-2025,175.6,175.6,178.99,173.25,177.0,176.77,176.48,81417,143.69,2072, -, -,,2025-06-05
NAGAFERT, BE, 05-Jun-2025,6.15,6.02,6.02,6.02,6.02,6.02,6.02,265531,15.98,353, -, -,,2025-06-05
NAGREEKCAP, EQ, 05-Jun-2025,30.23,28.76,29.99,28.71,29.0,29.03,28.97,28250,8.18,325, 18383, 65.07,0.6507256637168142,2025-06-05
NAGREEKEXP, EQ, 05-Jun-2025,29.88,29.81,30.38,27.75,28.75,29.18,29.1,31104,9.05,531, 16500, 53.05,0.5304783950617284,2025-06-05
NAHARCAP, EQ, 05-Jun-2025,290.95,294.2,302.0,294.2,296.5,298.45,297.02,19714,58.55,539, 16062, 81.48,0.8147509384193974,2025-06-05
NAHARINDUS, EQ, 05-Jun-2025,133.57,134.47,139.98,132.02,133.1,133.24,134.63,20497,27.59,758, 12613, 61.54,0.6153583451236766,2025-06-05
NAHARPOLY, BE, 05-Jun-2025,366.0,384.0,384.3,366.0,366.0,368.65,377.97,96231,363.72,1338, -, -,,2025-06-05
NAHARSPING, EQ, 05-Jun-2025,283.55,282.25,287.9,278.45,280.2,278.85,280.87,41661,117.01,1974, 24462, 58.72,0.5871678548282566,2025-06-05
NAM-INDIA, EQ, 05-Jun-2025,747.35,748.0,754.6,736.5,750.0,746.0,744.45,747197,5562.52,36727, 452307, 60.53,0.6053383511978768,2025-06-05
NARMADA, EQ, 05-Jun-2025,16.91,16.98,17.39,16.95,17.1,17.27,17.16,33853,5.81,181, 26074, 77.02,0.7702123888577084,2025-06-05
NATCAPSUQ, EQ, 05-Jun-2025,250.8,253.6,270.0,246.01,259.9,254.22,256.97,30573,78.56,1569, 14425, 47.18,0.4718215418833611,2025-06-05
NATCOPHARM, EQ, 05-Jun-2025,858.95,859.9,869.9,857.7,862.4,861.75,864.65,368633,3187.37,20777, 197477, 53.57,0.5357008189717144,2025-06-05
NATHBIOGEN, EQ, 05-Jun-2025,186.54,187.23,195.58,187.23,191.0,189.71,192.69,47571,91.67,1529, 26500, 55.71,0.557062075634315,2025-06-05
NATIONALUM, EQ, 05-Jun-2025,182.72,182.75,183.56,181.06,182.9,182.4,182.28,7199681,13123.48,60567, 3210054, 44.59,0.4458605874343599,2025-06-05
NAUKRI, EQ, 05-Jun-2025,1410.6,1414.9,1481.0,1408.8,1473.0,1474.4,1453.84,2207902,32099.27,75920, 1182001, 53.54,0.5353503008738613,2025-06-05
NAVA, EQ, 05-Jun-2025,529.8,533.0,539.75,528.05,529.6,530.75,533.88,974098,5200.51,26872, 283742, 29.13,0.29128691363702625,2025-06-05
NAVINFLUOR, EQ, 05-Jun-2025,4428.9,4434.7,4494.7,4431.1,4474.0,4478.9,4471.53,106419,4758.55,16500, 70066, 65.84,0.6583974666178032,2025-06-05
NAVKARCORP, EQ, 05-Jun-2025,109.63,110.4,110.95,109.69,110.0,110.1,110.21,239185,263.6,3608, 130400, 54.52,0.5451846896753559,2025-06-05
NAVKARURB, EQ, 05-Jun-2025,2.28,2.16,2.25,2.16,2.16,2.16,2.16,3379816,73.11,1163, 2299301, 68.03,0.6803036023262805,2025-06-05
NAVNETEDUL, EQ, 05-Jun-2025,144.4,144.2,145.42,141.35,142.6,142.27,143.29,86620,124.12,2549, 48747, 56.28,0.5627684137612561,2025-06-05
NAZARA, EQ, 05-Jun-2025,1247.4,1250.0,1256.8,1231.5,1238.0,1239.3,1243.89,782271,9730.59,21240, 431766, 55.19,0.5519391617482944,2025-06-05
NBCC, EQ, 05-Jun-2025,124.88,125.04,129.29,125.04,126.9,127.04,127.48,19764652,25195.25,91158, 7744094, 39.18,0.3918153479251747,2025-06-05
NBIFIN, EQ, 05-Jun-2025,2566.3,2529.9,2670.1,2524.9,2550.0,2550.4,2557.42,7590,194.11,712, 6665, 87.81,0.878129117259552,2025-06-05
NCC, EQ, 05-Jun-2025,235.75,235.75,236.03,231.45,233.0,232.44,233.29,3342131,7796.84,43916, 1277430, 38.22,0.3822202062097506,2025-06-05
NCLIND, EQ, 05-Jun-2025,213.17,213.17,214.4,210.0,210.26,210.29,211.87,52890,112.06,1229, 35839, 67.76,0.6776139156740405,2025-06-05
NDGL, EQ, 05-Jun-2025,4340.8,4318.2,4334.4,4290.0,4300.0,4299.8,4300.64,181,7.78,40, 167, 92.27,0.9226519337016574,2025-06-05
NDL, EQ, 05-Jun-2025,4.02,4.02,4.08,3.96,4.02,4.0,4.01,6186311,248.05,4067, 4754130, 76.85,0.7684919170730343,2025-06-05
NDLVENTURE, BE, 05-Jun-2025,65.04,66.66,66.66,63.6,65.4,64.02,64.66,3251,2.1,43, -, -,,2025-06-05
NDRAUTO, EQ, 05-Jun-2025,981.9,998.9,1090.0,989.5,1067.0,1060.2,1066.16,728644,7768.53,56919, 109318, 15.00,0.15002936962357474,2025-06-05
NDTV, EQ, 05-Jun-2025,161.86,162.78,168.25,162.78,163.25,163.38,164.75,283730,467.46,6026, 81500, 28.72,0.2872449159412117,2025-06-05
NECCLTD, EQ, 05-Jun-2025,24.55,24.49,25.5,24.49,25.2,25.2,25.05,107233,26.86,976, 79582, 74.21,0.7421409454179217,2025-06-05
NECLIFE, EQ, 05-Jun-2025,24.36,24.16,24.82,24.16,24.4,24.39,24.52,475931,116.68,2513, 255769, 53.74,0.53740773347397,2025-06-05
NELCAST, EQ, 05-Jun-2025,129.36,130.4,133.7,129.3,129.3,129.69,131.12,53224,69.79,1209, 29457, 55.35,0.5534533293251165,2025-06-05
NELCO, EQ, 05-Jun-2025,889.7,890.6,913.55,890.5,899.0,897.3,903.19,76711,692.84,7782, 32052, 41.78,0.4178279516627342,2025-06-05
NEOGEN, EQ, 05-Jun-2025,1681.2,1689.6,1693.1,1655.0,1667.0,1661.2,1674.21,15398,257.8,3440, 7118, 46.23,0.46226782699051827,2025-06-05
NESCO, EQ, 05-Jun-2025,916.0,916.2,938.0,916.2,931.0,930.35,929.37,33655,312.78,3937, 20279, 60.26,0.6025553409597385,2025-06-05
NESTLEIND, EQ, 05-Jun-2025,2397.5,2405.0,2409.0,2380.5,2400.0,2401.3,2396.73,733958,17591.0,54946, 405144, 55.20,0.5519988882197618,2025-06-05
NETF, EQ, 05-Jun-2025,264.7,264.71,266.95,264.58,265.2,265.3,265.86,9829,26.13,148, 4976, 50.63,0.5062569946077933,2025-06-05
NETWEB, EQ, 05-Jun-2025,1967.6,1979.4,2008.0,1961.9,1998.0,1996.0,1988.68,320808,6379.83,22155, 100581, 31.35,0.3135239769581806,2025-06-05
NETWORK18, EQ, 05-Jun-2025,55.32,55.32,56.16,54.5,54.75,54.69,55.39,3399083,1882.89,15036, 1388861, 40.86,0.4085987308930085,2025-06-05
NEULANDLAB, EQ, 05-Jun-2025,11793.0,11817.0,12040.0,11670.0,11817.0,11744.0,11828.2,27242,3222.24,7988, 10965, 40.25,0.40250348726231555,2025-06-05
NEWGEN, EQ, 05-Jun-2025,1224.5,1247.6,1336.0,1215.2,1224.0,1224.4,1280.31,4124131,52801.61,177359, 642127, 15.57,0.15569995230510378,2025-06-05
NEXT30ADD, EQ, 05-Jun-2025,37.53,37.62,37.87,37.54,37.79,37.76,37.7,4947,1.86,47, 3846, 77.74,0.7774408732565191,2025-06-05
NEXT50, EQ, 05-Jun-2025,682.78,665.71,688.4,665.71,686.23,685.94,686.12,24404,167.44,2521, 20248, 82.97,0.8297000491722668,2025-06-05
NEXT50IETF, EQ, 05-Jun-2025,69.92,70.4,70.4,69.51,70.15,70.09,70.12,643519,451.23,4522, 306127, 47.57,0.47570778795964064,2025-06-05
NEXTMEDIA, BE, 05-Jun-2025,7.07,7.2,7.2,6.83,7.0,7.0,6.91,1406,0.1,20, -, -,,2025-06-05
NFL, EQ, 05-Jun-2025,107.88,108.5,112.2,106.8,107.9,107.53,109.2,7806568,8524.9,45778, 2491936, 31.92,0.31921018301512266,2025-06-05
NGIL, EQ, 05-Jun-2025,30.63,31.08,31.08,30.64,30.7,30.79,30.83,22684,6.99,266, 12350, 54.44,0.5444366073002997,2025-06-05
NGLFINE, BE, 05-Jun-2025,1073.1,1066.0,1066.1,1063.1,1063.1,1063.1,1064.71,1146,12.2,52, -, -,,2025-06-05
NH, EQ, 05-Jun-2025,1739.9,1743.9,1755.0,1734.0,1742.0,1743.4,1744.91,174083,3037.6,17720, 92743, 53.28,0.5327516184808396,2025-06-05
NHPC, EQ, 05-Jun-2025,87.11,87.62,89.2,87.15,87.8,87.63,88.25,21142258,18657.79,65492, 8891116, 42.05,0.420537673885164,2025-06-05
NIACL, EQ, 05-Jun-2025,185.69,186.85,193.7,186.61,188.25,188.67,190.18,1589559,3022.99,26495, 384346, 24.18,0.24179410767388942,2025-06-05
NIBE, EQ, 05-Jun-2025,1694.6,1700.2,1722.0,1651.4,1679.9,1674.7,1681.5,92000,1546.98,7705, 44239, 48.09,0.48085869565217393,2025-06-05
NIBL, EQ, 05-Jun-2025,33.66,33.01,34.62,30.55,30.99,30.96,32.67,164378,53.7,1722, 107780, 65.57,0.6556838506369466,2025-06-05
NIF100BEES, EQ, 05-Jun-2025,265.45,265.44,267.9,265.08,267.49,266.52,266.59,28215,75.22,513, 20672, 73.27,0.7326599326599327,2025-06-05
NIF100IETF, EQ, 05-Jun-2025,27.88,28.01,28.19,27.86,28.05,28.05,28.05,120770,33.88,1175, 57071, 47.26,0.47255941044961497,2025-06-05
NIF10GETF, EQ, 05-Jun-2025,26.03,26.08,26.13,26.02,26.03,26.04,26.08,1619,0.42,22, 1398, 86.35,0.8634959851760345,2025-06-05
NIF5GETF, EQ, 05-Jun-2025,62.61,62.61,62.98,62.61,62.96,62.96,62.95,434,0.27,11, 413, 95.16,0.9516129032258065,2025-06-05
NIFITETF, EQ, 05-Jun-2025,379.74,379.74,382.95,379.74,380.9,380.72,381.44,897,3.42,29, 692, 77.15,0.7714604236343366,2025-06-05
NIFMID150, EQ, 05-Jun-2025,213.8,215.29,216.52,214.86,215.61,215.61,215.6,1118,2.41,49, 936, 83.72,0.8372093023255814,2025-06-05
NIFTY1, EQ, 05-Jun-2025,269.41,269.4,271.99,269.07,270.42,270.53,270.81,40223,108.93,1138, 27233, 67.71,0.677050443775949,2025-06-05
NIFTY100EW, EQ, 05-Jun-2025,32.15,32.31,32.38,32.0,32.26,32.26,32.16,12602,4.05,52, 12334, 97.87,0.9787335343596254,2025-06-05
NIFTY50ADD, EQ, 05-Jun-2025,255.83,248.16,258.76,248.16,257.68,257.25,257.41,12365,31.83,332, 10065, 81.40,0.8139911039223615,2025-06-05
NIFTYBEES, EQ, 05-Jun-2025,276.46,277.9,279.34,276.37,277.97,278.05,277.95,7273297,20216.42,41518, 3896358, 53.57,0.5357072590325955,2025-06-05
NIFTYBETF, EQ, 05-Jun-2025,249.91,250.0,252.0,249.97,250.76,250.62,250.73,12773,32.03,87, 12631, 98.89,0.9888827996555234,2025-06-05
NIFTYETF, EQ, 05-Jun-2025,263.68,270.27,270.27,262.36,265.25,265.11,264.87,131749,348.96,661, 117977, 89.55,0.895467897289543,2025-06-05
NIFTYIETF, EQ, 05-Jun-2025,274.95,275.99,277.97,274.95,277.0,276.64,276.78,325925,902.1,5769, 194202, 59.58,0.5958487382066426,2025-06-05
NIFTYQLITY, EQ, 05-Jun-2025,21.14,21.14,21.22,21.11,21.21,21.18,21.18,76044,16.11,538, 63006, 82.85,0.8285466308979013,2025-06-05
NIITLTD, EQ, 05-Jun-2025,133.53,134.07,137.74,133.9,136.3,136.18,136.73,542786,742.17,8341, 228971, 42.18,0.42184396797264484,2025-06-05
NIITMTS, EQ, 05-Jun-2025,342.65,342.65,352.15,338.05,350.45,350.95,348.3,179383,624.8,15093, 114218, 63.67,0.6367270031162373,2025-06-05
NILAINFRA, EQ, 05-Jun-2025,11.23,11.28,11.4,11.2,11.25,11.24,11.3,426589,48.2,1357, 256267, 60.07,0.6007351338173277,2025-06-05
NILASPACES, EQ, 05-Jun-2025,10.76,10.9,11.1,10.81,11.07,10.98,11.0,301348,33.13,1732, 190268, 63.14,0.6313896226289871,2025-06-05
NILKAMAL, EQ, 05-Jun-2025,1732.5,1743.4,1749.0,1711.9,1735.4,1724.7,1728.8,2274,39.31,645, 1287, 56.60,0.5659630606860159,2025-06-05
NINSYS, EQ, 05-Jun-2025,441.0,452.0,453.75,435.1,440.0,438.35,442.49,5663,25.06,741, 3674, 64.88,0.6487727352993113,2025-06-05
NIPPOBATRY, EQ, 05-Jun-2025,498.75,500.0,501.9,485.0,492.4,488.2,491.6,6156,30.26,536, 3857, 62.65,0.6265432098765432,2025-06-05
NIRAJ, EQ, 05-Jun-2025,56.34,55.34,56.99,55.34,56.5,56.6,56.49,11029,6.23,204, 8848, 80.22,0.8022486172817118,2025-06-05
NITCO, EQ, 05-Jun-2025,146.24,148.7,150.0,140.35,140.35,145.78,146.74,871415,1278.69,5873, 433097, 49.70,0.4970042976079136,2025-06-05
NITINSPIN, EQ, 05-Jun-2025,401.15,404.0,407.0,398.0,399.95,399.3,402.16,46223,185.89,2785, 23452, 50.74,0.5073664625835623,2025-06-05
NITIRAJ, BE, 05-Jun-2025,219.29,215.0,217.0,208.32,216.0,212.48,210.94,34252,72.25,525, -, -,,2025-06-05
NIVABUPA, EQ, 05-Jun-2025,82.97,83.6,83.6,81.91,82.84,82.58,82.57,7847633,6479.5,50376, 5050919, 64.36,0.6436232428300355,2025-06-05
NKIND, EQ, 05-Jun-2025,66.85,64.0,66.0,64.0,64.01,65.12,64.97,394,0.26,18, 379, 96.19,0.9619289340101523,2025-06-05
NLCINDIA, EQ, 05-Jun-2025,238.01,238.2,241.48,236.28,237.25,237.08,238.36,750858,1789.73,13797, 343640, 45.77,0.45766310008017497,2025-06-05
NMDC, EQ, 05-Jun-2025,70.35,70.76,71.48,70.5,70.86,70.8,70.96,17431886,12369.43,52324, 8666907, 49.72,0.4971869939947978,2025-06-05
NOCIL, EQ, 05-Jun-2025,194.73,194.73,199.0,194.02,194.85,195.35,196.25,700172,1374.09,15959, 301522, 43.06,0.43063989991030777,2025-06-05
NOIDATOLL, BE, 05-Jun-2025,3.93,3.93,3.93,3.86,3.86,3.86,3.91,52169,2.04,101, -, -,,2025-06-05
NORBTEAEXP, BE, 05-Jun-2025,38.31,39.0,39.0,36.55,37.0,37.0,37.06,1912,0.71,38, -, -,,2025-06-05
NORTHARC, EQ, 05-Jun-2025,207.74,209.0,213.02,205.9,207.98,206.38,208.98,531176,1110.07,12720, 268050, 50.46,0.5046349985692125,2025-06-05
NOVAAGRI, EQ, 05-Jun-2025,52.3,52.01,52.5,51.71,51.99,52.05,52.09,231036,120.35,5845, 135259, 58.54,0.5854455582679755,2025-06-05
NPBET, EQ, 05-Jun-2025,280.06,281.83,282.0,280.25,280.25,280.25,280.66,225,0.63,23, 193, 85.78,0.8577777777777778,2025-06-05
NPST, EQ, 05-Jun-2025,2170.0,2170.1,2179.3,2119.9,2161.0,2150.7,2151.76,7528,161.98,2271, 4340, 57.65,0.5765143464399575,2025-06-05
NRAIL, EQ, 05-Jun-2025,252.3,255.0,257.7,250.3,256.0,254.9,254.59,13756,35.02,626, 6818, 49.56,0.4956382669380634,2025-06-05
NRBBEARING, EQ, 05-Jun-2025,265.85,265.1,268.9,265.1,268.65,266.55,267.54,74825,200.19,3521, 46273, 61.84,0.6184163047109923,2025-06-05
NRL, EQ, 05-Jun-2025,90.35,90.35,91.39,86.21,88.26,88.24,88.71,145899,129.43,3806, 63185, 43.31,0.4330735645892021,2025-06-05
NSIL, EQ, 05-Jun-2025,6851.0,6860.0,7027.5,6860.0,6900.0,6895.0,6949.66,7862,546.38,2126, 3502, 44.54,0.44543373187484103,2025-06-05
NSLNISP, EQ, 05-Jun-2025,38.92,39.08,39.6,38.5,38.7,38.62,39.1,2193799,857.69,8631, 1062119, 48.41,0.48414599514358425,2025-06-05
NTPC, EQ, 05-Jun-2025,329.25,329.2,331.6,327.6,328.6,328.65,329.37,16270360,53589.82,114147, 10407054, 63.96,0.639632681759961,2025-06-05
NTPCGREEN, EQ, 05-Jun-2025,107.91,110.0,111.99,108.55,109.15,109.07,109.82,17440493,19153.89,86901, 6183351, 35.45,0.35453992040247945,2025-06-05
NUCLEUS, EQ, 05-Jun-2025,1241.8,1250.0,1267.9,1230.0,1247.0,1241.3,1250.35,25978,324.82,3204, 12048, 46.38,0.46377704211255677,2025-06-05
NURECA, BE, 05-Jun-2025,269.85,265.0,283.3,261.55,283.3,283.3,277.86,13467,37.42,255, -, -,,2025-06-05
NUVAMA, EQ, 05-Jun-2025,7322.5,7381.0,7381.0,7180.5,7207.0,7213.5,7232.69,87160,6304.01,16715, 47855, 54.90,0.5490477283157411,2025-06-05
NUVOCO, EQ, 05-Jun-2025,355.7,355.8,362.0,353.0,360.3,359.15,359.34,395544,1421.34,12846, 292124, 73.85,0.738537305584208,2025-06-05
NV20, EQ, 05-Jun-2025,147.13,147.12,148.44,147.0,147.52,147.65,147.74,20524,30.32,333, 10516, 51.24,0.5123757552134087,2025-06-05
NV20BEES, EQ, 05-Jun-2025,147.63,147.96,148.85,147.51,148.8,148.21,147.96,28311,41.89,336, 21254, 75.07,0.7507329306629932,2025-06-05
NV20IETF, EQ, 05-Jun-2025,14.43,14.65,14.66,14.35,14.47,14.45,14.44,652083,94.16,2587, 347171, 53.24,0.5324030836565284,2025-06-05
NYKAA, EQ, 05-Jun-2025,195.05,195.5,199.6,194.65,198.45,198.13,197.5,6028105,11905.68,36107, 2694377, 44.70,0.44696915531497877,2025-06-05
OAL, EQ, 05-Jun-2025,371.6,373.55,380.0,371.55,377.85,377.95,375.87,30004,112.78,1521, 14680, 48.93,0.4892680975869884,2025-06-05
OBCL, EQ, 05-Jun-2025,55.0,55.85,56.47,55.0,55.0,55.01,55.16,9471,5.22,359, 7296, 77.04,0.7703515996198923,2025-06-05
OBEROIRLTY, EQ, 05-Jun-2025,1777.3,1782.2,1817.5,1775.7,1801.9,1800.8,1800.84,496326,8938.03,32361, 217135, 43.75,0.4374846371135101,2025-06-05
OCCL, EQ, 05-Jun-2025,208.5,208.5,212.19,208.5,211.0,211.35,210.84,21645,45.64,641, 15385, 71.08,0.7107877107877107,2025-06-05
OCCLLTD, EQ, 05-Jun-2025,98.4,98.9,100.62,97.51,97.8,98.2,99.02,119577,118.4,2087, 78692, 65.81,0.6580864213017553,2025-06-05
ODIGMA, BE, 05-Jun-2025,40.1,40.0,40.0,39.3,39.3,39.3,39.65,8812,3.49,262, -, -,,2025-06-05
OFSS, EQ, 05-Jun-2025,8665.5,8680.0,8885.0,8643.0,8735.0,8740.0,8783.56,224359,19706.7,35957, 82573, 36.80,0.3680396150811868,2025-06-05
OIL, EQ, 05-Jun-2025,425.0,425.5,429.7,418.8,422.7,422.5,424.36,2710704,11503.2,28374, 1145671, 42.26,0.4226470319149564,2025-06-05
OILCOUNTUB, EQ, 05-Jun-2025,77.22,79.9,81.08,77.55,81.08,81.08,80.1,43225,34.63,526, 25552, 59.11,0.5911393869288606,2025-06-05
OILIETF, EQ, 05-Jun-2025,11.46,11.74,11.74,11.45,11.49,11.48,11.51,901931,103.78,1868, 601855, 66.73,0.6672960570154479,2025-06-05
OLAELEC, EQ, 05-Jun-2025,49.99,50.45,50.45,48.81,49.05,49.04,49.53,33095958,16391.79,87703, 14969262, 45.23,0.45229879733349915,2025-06-05
OLECTRA, EQ, 05-Jun-2025,1228.6,1230.0,1243.9,1216.6,1221.8,1220.0,1229.48,259405,3189.32,15818, 106694, 41.13,0.41130278907499856,2025-06-05
OMAXAUTO, EQ, 05-Jun-2025,90.8,91.9,94.9,90.21,92.0,92.13,92.78,60913,56.52,1800, 34277, 56.27,0.5627206015136342,2025-06-05
OMAXE, EQ, 05-Jun-2025,100.33,99.5,107.7,99.5,105.0,105.01,104.78,480542,503.49,7520, 245318, 51.05,0.5105027240074749,2025-06-05
OMINFRAL, EQ, 05-Jun-2025,127.29,127.93,133.26,126.83,127.9,127.44,129.34,213210,275.76,3865, 62691, 29.40,0.2940340509356972,2025-06-05
OMKARCHEM, BZ, 05-Jun-2025,7.54,7.89,7.91,7.26,7.91,7.81,7.73,46427,3.59,193, -, -,,2025-06-05
ONELIFECAP, EQ, 05-Jun-2025,11.62,11.78,12.78,11.66,12.78,12.74,12.56,67109,8.43,484, 36021, 53.68,0.5367536396012458,2025-06-05
ONEPOINT, EQ, 05-Jun-2025,64.18,64.55,65.4,63.61,64.26,64.8,64.25,2540876,1632.43,7066, 682293, 26.85,0.26852668134926694,2025-06-05
ONESOURCE, EQ, 05-Jun-2025,1948.7,1963.0,1989.1,1951.5,1966.0,1963.5,1972.82,148203,2923.77,20276, 69116, 46.64,0.466360330087785,2025-06-05
ONGC, EQ, 05-Jun-2025,238.05,238.05,239.62,236.22,238.2,237.77,237.7,8941808,21254.71,88113, 4670203, 52.23,0.5222884454687464,2025-06-05
ONMOBILE, EQ, 05-Jun-2025,55.28,55.5,57.3,53.97,54.25,54.23,55.74,930890,518.83,6374, 269641, 28.97,0.2896593582485578,2025-06-05
ONWARDTEC, EQ, 05-Jun-2025,294.05,295.55,299.55,293.3,293.8,294.35,295.5,51275,151.52,2184, 23931, 46.67,0.4667186738176499,2025-06-05
OPTIEMUS, EQ, 05-Jun-2025,606.85,608.9,618.0,597.1,599.0,599.4,605.54,169246,1024.85,7480, 101167, 59.78,0.5977512023917847,2025-06-05
ORBTEXP, EQ, 05-Jun-2025,171.59,170.08,174.38,170.08,174.35,173.71,173.29,6679,11.57,379, 4100, 61.39,0.6138643509507411,2025-06-05
ORCHASP, BE, 05-Jun-2025,3.03,3.03,3.03,2.97,2.97,2.97,3.0,56201,1.69,81, -, -,,2025-06-05
ORCHPHARMA, EQ, 05-Jun-2025,723.9,737.0,756.2,715.0,724.5,723.0,738.66,320669,2368.65,13951, 189399, 59.06,0.5906370743664028,2025-06-05
ORICONENT, EQ, 05-Jun-2025,40.7,40.6,48.84,40.44,48.84,48.84,47.61,3824585,1821.05,9556, 1753960, 45.86,0.4586013907391259,2025-06-05
ORIENTALTL, EQ, 05-Jun-2025,13.56,13.69,14.09,13.52,13.65,13.63,13.8,1501129,207.23,2344, 454049, 30.25,0.30247167298746475,2025-06-05
ORIENTBELL, EQ, 05-Jun-2025,249.33,248.09,254.0,247.62,248.0,250.01,250.8,9806,24.59,692, 5326, 54.31,0.5431368549867428,2025-06-05
ORIENTCEM, EQ, 05-Jun-2025,345.85,346.85,350.5,344.6,349.7,349.75,347.11,3933638,13654.2,12491, 3253145, 82.70,0.8270067047349045,2025-06-05
ORIENTCER, EQ, 05-Jun-2025,36.04,36.69,36.7,35.25,35.45,35.46,35.8,47554,17.03,747, 32597, 68.55,0.6854733566051227,2025-06-05
ORIENTELEC, EQ, 05-Jun-2025,225.0,223.2,227.65,223.2,224.1,225.11,225.93,61192,138.25,2936, 27201, 44.45,0.4445188913583475,2025-06-05
ORIENTHOT, EQ, 05-Jun-2025,159.09,160.0,162.0,158.0,158.5,158.9,159.64,208451,332.78,4395, 127367, 61.10,0.6110164978819963,2025-06-05
ORIENTLTD, EQ, 05-Jun-2025,85.24,85.8,86.5,82.62,83.25,83.82,84.63,4279,3.62,123, 3232, 75.53,0.7553166627716756,2025-06-05
ORIENTPPR, EQ, 05-Jun-2025,28.78,28.73,31.38,28.73,30.15,30.11,30.16,2172961,655.31,7200, 927467, 42.68,0.4268217423138289,2025-06-05
ORIENTTECH, EQ, 05-Jun-2025,353.35,354.1,356.85,347.9,351.2,350.25,351.75,300568,1057.24,8386, 101257, 33.69,0.3368854967927391,2025-06-05
ORISSAMINE, EQ, 05-Jun-2025,4908.5,4918.5,5040.0,4918.5,4943.0,4937.5,4974.81,12320,612.9,4426, 5452, 44.25,0.44253246753246755,2025-06-05
ORTINGLOBE, BE, 05-Jun-2025,11.15,11.05,11.5,10.59,11.2,11.19,10.9,11225,1.22,43, -, -,,2025-06-05
OSIAHYPER, EQ, 05-Jun-2025,20.95,21.6,21.6,20.85,20.98,20.95,21.19,502527,106.49,1739, 228362, 45.44,0.4544273243029728,2025-06-05
OSWALAGRO, EQ, 05-Jun-2025,92.28,92.3,99.9,92.3,96.3,95.35,97.72,1345072,1314.37,17280, 406093, 30.19,0.3019117192239523,2025-06-05
OSWALGREEN, EQ, 05-Jun-2025,43.4,44.5,49.85,44.01,47.34,47.14,47.98,6570940,3152.5,40475, 1057133, 16.09,0.16088002629760734,2025-06-05
OSWALSEEDS, BE, 05-Jun-2025,14.35,14.05,14.6,14.05,14.2,14.31,14.31,24217,3.46,160, -, -,,2025-06-05
PAGEIND, EQ, 05-Jun-2025,46345.0,46300.0,46805.0,45650.0,45850.0,45835.0,46185.33,30324,14005.24,13426, 16972, 55.97,0.5596886954227674,2025-06-05
PAISALO, EQ, 05-Jun-2025,31.17,31.4,31.75,31.1,31.15,31.19,31.35,1863905,584.3,8340, 1025708, 55.03,0.5503005786239106,2025-06-05
PAKKA, EQ, 05-Jun-2025,167.16,166.75,177.9,166.74,177.0,177.03,173.99,217435,378.31,4751, 90845, 41.78,0.41780302159265986,2025-06-05
PALASHSECU, EQ, 05-Jun-2025,123.03,123.64,124.93,122.25,124.49,123.69,123.22,9296,11.45,566, 7431, 79.94,0.7993760757314974,2025-06-05
PALREDTEC, BE, 05-Jun-2025,61.23,61.94,61.94,59.0,59.3,59.2,60.12,3178,1.91,68, -, -,,2025-06-05
PANACEABIO, EQ, 05-Jun-2025,456.85,451.2,479.65,451.2,469.6,471.3,472.58,567259,2680.75,9927, 229587, 40.47,0.4047304670353401,2025-06-05
PANACHE, BE, 05-Jun-2025,202.44,201.43,201.5,198.39,198.5,198.5,200.85,730,1.47,23, -, -,,2025-06-05
PANAMAPET, EQ, 05-Jun-2025,367.85,365.05,368.7,362.2,365.55,364.85,366.6,53272,195.29,1948, 36115, 67.79,0.6779358762576964,2025-06-05
PANSARI, BE, 05-Jun-2025,251.27,253.0,256.29,246.24,246.24,246.24,249.18,476,1.19,15, -, -,,2025-06-05
PAR, BE, 05-Jun-2025,99.52,99.52,101.0,99.52,100.0,100.51,100.07,3984,3.99,139, -, -,,2025-06-05
PARACABLES, EQ, 05-Jun-2025,54.92,55.05,55.8,54.79,55.33,55.18,55.32,894134,494.66,5917, 437985, 48.98,0.4898426857719313,2025-06-05
PARADEEP, EQ, 05-Jun-2025,172.71,173.65,177.5,170.21,176.4,176.43,175.1,5419920,9490.54,76316, 1743036, 32.16,0.3215981047690741,2025-06-05
PARAGMILK, EQ, 05-Jun-2025,211.37,211.5,219.7,211.09,214.6,215.42,215.83,1371236,2959.59,19461, 386111, 28.16,0.28157880919112394,2025-06-05
PARAS, EQ, 05-Jun-2025,1623.5,1633.0,1740.0,1616.1,1733.0,1724.7,1692.82,2345331,39702.15,84468, 849125, 36.20,0.3620491094860384,2025-06-05
PARASPETRO, EQ, 05-Jun-2025,2.58,2.58,2.7,2.52,2.61,2.62,2.62,348960,9.13,581, 141867, 40.65,0.40654229711141676,2025-06-05
PARKHOTELS, EQ, 05-Jun-2025,152.48,152.48,162.0,151.25,160.5,160.9,158.14,1857899,2938.0,25043, 1091626, 58.76,0.5875593883198171,2025-06-05
PARSVNATH, EQ, 05-Jun-2025,16.45,15.21,18.09,15.17,17.84,17.71,16.9,7964766,1346.2,8965, 2057521, 25.83,0.25832786550163556,2025-06-05
PASUPTAC, BE, 05-Jun-2025,47.29,47.67,49.0,47.0,48.45,48.14,48.08,57677,27.73,235, -, -,,2025-06-05
PATANJALI, EQ, 05-Jun-2025,1680.2,1677.0,1690.0,1665.8,1674.0,1681.6,1676.94,418861,7024.03,17531, 134873, 32.20,0.32199942224270106,2025-06-05
PATELENG, EQ, 05-Jun-2025,41.29,41.48,44.49,41.44,42.99,42.96,43.24,16040078,6935.41,45287, 7064861, 44.05,0.440450538956232,2025-06-05
PATINTLOG, EQ, 05-Jun-2025,15.86,15.99,15.99,15.57,15.7,15.72,15.76,132105,20.82,896, 87008, 65.86,0.658627606827902,2025-06-05
PAVNAIND, EQ, 05-Jun-2025,388.5,395.65,396.2,381.5,384.0,383.25,389.53,5880,22.9,438, 3555, 60.46,0.6045918367346939,2025-06-05
PAYTM, EQ, 05-Jun-2025,939.55,940.2,965.5,939.0,940.5,941.3,951.38,6726501,63994.44,128736, 3025937, 44.99,0.44985305138585424,2025-06-05
PCBL, EQ, 05-Jun-2025,418.5,419.9,432.45,417.7,427.6,427.4,427.11,3256894,13910.46,48533, 1120464, 34.40,0.34402839023928933,2025-06-05
PCJEWELLER, EQ, 05-Jun-2025,11.92,12.15,12.16,11.73,11.85,11.79,11.94,13791777,1646.11,17500, 7720454, 55.98,0.5597867482921164,2025-06-05
PDMJEPAPER, BE, 05-Jun-2025,107.37,108.98,112.73,107.37,112.7,112.31,111.85,163160,182.49,1110, -, -,,2025-06-05
PDSL, EQ, 05-Jun-2025,420.15,424.0,428.35,419.65,420.25,421.45,425.5,72502,308.5,5921, 42702, 58.90,0.5889768558108742,2025-06-05
PEARLPOLY, EQ, 05-Jun-2025,30.36,30.7,32.9,30.36,31.9,31.97,31.96,149305,47.72,2225, 62010, 41.53,0.4153243360905529,2025-06-05
PEL, EQ, 05-Jun-2025,1131.5,1129.4,1142.5,1121.3,1129.8,1124.2,1130.24,584458,6605.8,16883, 320845, 54.90,0.5489616020312836,2025-06-05
PENIND, EQ, 05-Jun-2025,247.65,249.0,254.0,244.1,247.0,246.19,247.12,1163330,2874.88,20535, 326009, 28.02,0.28023776572425707,2025-06-05
PENINLAND, BE, 05-Jun-2025,27.9,27.75,27.75,27.35,27.5,27.5,27.42,120191,32.96,135, -, -,,2025-06-05
PERSISTENT, EQ, 05-Jun-2025,5504.0,5515.0,5646.5,5486.0,5628.0,5623.0,5588.2,386683,21608.62,38995, 176867, 45.74,0.45739533416260864,2025-06-05
PETRONET, EQ, 05-Jun-2025,307.45,309.0,309.95,306.55,308.4,308.3,308.33,1344155,4144.41,31851, 794847, 59.13,0.5913358206456845,2025-06-05
PFC, EQ, 05-Jun-2025,404.8,407.0,411.85,406.5,408.0,407.9,408.73,3695619,15105.01,40027, 1762436, 47.69,0.47689872792622834,2025-06-05
PFIZER, EQ, 05-Jun-2025,5750.5,5773.5,5857.5,5748.0,5793.0,5797.0,5804.98,37818,2195.33,8681, 18910, 50.00,0.5000264424348194,2025-06-05
PFOCUS, EQ, 05-Jun-2025,114.79,114.2,118.5,114.2,116.02,116.16,116.38,194836,226.75,5045, 104318, 53.54,0.5354143998029112,2025-06-05
PFS, EQ, 05-Jun-2025,36.99,37.0,37.53,36.72,36.8,36.82,37.12,448565,166.51,3303, 228964, 51.04,0.5104366145374695,2025-06-05
PGEL, EQ, 05-Jun-2025,759.55,760.0,788.0,760.0,779.5,778.4,778.17,1627636,12665.85,53618, 986145, 60.59,0.6058756380419209,2025-06-05
PGHH, EQ, 05-Jun-2025,13568.0,13670.0,13670.0,13436.0,13500.0,13495.0,13509.04,24808,3351.32,3700, 20448, 82.43,0.8242502418574653,2025-06-05
PGHL, EQ, 05-Jun-2025,5604.0,5605.0,5650.5,5555.0,5592.5,5579.0,5593.38,8316,465.15,1918, 5543, 66.65,0.6665464165464166,2025-06-05
PGIL, EQ, 05-Jun-2025,1413.0,1427.0,1441.9,1405.0,1410.7,1410.7,1418.46,43227,613.16,3915, 18953, 43.85,0.4384528188400768,2025-06-05
PHARMABEES, EQ, 05-Jun-2025,21.85,21.3,22.1,21.3,22.08,22.06,22.03,5182394,1141.58,9091, 3292518, 63.53,0.6353276111387903,2025-06-05
PHOENIXLTD, EQ, 05-Jun-2025,1588.4,1598.9,1600.0,1556.7,1565.1,1561.8,1578.31,397032,6266.39,24891, 216482, 54.53,0.5452507606439784,2025-06-05
PIDILITIND, EQ, 05-Jun-2025,3095.3,3095.4,3119.1,3042.2,3058.0,3053.2,3073.22,411941,12659.83,40756, 265131, 64.36,0.6436140126862827,2025-06-05
PIGL, BE, 05-Jun-2025,158.75,157.99,166.68,155.7,166.68,166.68,165.2,38296,63.26,342, -, -,,2025-06-05
PIIND, EQ, 05-Jun-2025,3970.3,3955.0,3965.0,3895.1,3907.5,3904.4,3918.29,222681,8725.29,31673, 117312, 52.68,0.5268163875678662,2025-06-05
PILANIINVS, EQ, 05-Jun-2025,4961.1,5050.0,5294.7,5011.0,5199.0,5232.3,5203.88,44862,2334.56,11857, 12247, 27.30,0.2729927332709197,2025-06-05
PILITA, EQ, 05-Jun-2025,16.89,16.92,17.85,16.92,17.51,17.54,17.57,285334,50.12,1081, 213504, 74.83,0.7482599339721169,2025-06-05
PIONEEREMB, EQ, 05-Jun-2025,43.07,43.12,44.0,42.3,42.3,43.17,43.15,22247,9.6,584, 15261, 68.60,0.6859801321526497,2025-06-05
PITTIENG, EQ, 05-Jun-2025,1018.3,1026.9,1050.0,1018.0,1025.0,1024.2,1030.74,98106,1011.22,9228, 61609, 62.80,0.6279840172874238,2025-06-05
PIXTRANS, EQ, 05-Jun-2025,1611.4,1604.9,1630.0,1575.5,1594.0,1592.5,1606.42,36241,582.18,5152, 19481, 53.75,0.5375403548467206,2025-06-05
PKTEA, EQ, 05-Jun-2025,735.45,777.0,882.5,754.0,882.5,882.5,869.36,27754,241.28,1158, 10387, 37.43,0.37425236002017725,2025-06-05
PLASTIBLEN, EQ, 05-Jun-2025,210.49,210.49,230.0,210.49,221.0,220.67,222.08,114734,254.8,3099, 60705, 52.91,0.5290933812121952,2025-06-05
PLATIND, EQ, 05-Jun-2025,266.25,268.25,291.5,267.0,284.0,284.9,281.93,867450,2445.63,22424, 279572, 32.23,0.32229177474206006,2025-06-05
PLAZACABLE, EQ, 05-Jun-2025,62.58,62.75,62.81,60.84,61.5,61.26,61.49,50762,31.21,1526, 28353, 55.85,0.5585477325558489,2025-06-05
PNB, EQ, 05-Jun-2025,109.54,110.12,110.3,108.5,109.15,109.02,109.15,19273632,21037.43,62407, 8448286, 43.83,0.43833388538289,2025-06-05
PNBGILTS, EQ, 05-Jun-2025,103.06,103.48,104.8,101.8,102.21,102.16,103.33,436712,451.26,5772, 209194, 47.90,0.4790204986352562,2025-06-05
PNBHOUSING, EQ, 05-Jun-2025,1057.0,1057.0,1065.3,1051.0,1065.0,1063.9,1060.19,796023,8439.34,26469, 558453, 70.16,0.7015538495746982,2025-06-05
PNC, BE, 05-Jun-2025,27.93,27.93,28.48,27.93,28.02,28.02,28.15,2742,0.77,15, -, -,,2025-06-05
PNCINFRA, EQ, 05-Jun-2025,285.2,286.2,318.4,286.2,300.3,299.0,309.61,16539685,51208.88,228285, 1412167, 8.54,0.08538052568715788,2025-06-05
PNGJL, EQ, 05-Jun-2025,558.5,557.0,567.0,547.8,549.0,550.2,554.67,188107,1043.38,5843, 100002, 53.16,0.5316229592731796,2025-06-05
POCL, EQ, 05-Jun-2025,755.65,756.0,764.4,742.55,747.1,745.05,753.2,78698,592.75,4892, 43139, 54.82,0.5481587842130676,2025-06-05
PODDARMENT, EQ, 05-Jun-2025,297.4,301.3,303.7,296.05,297.0,299.55,299.55,3889,11.65,286, 2986, 76.78,0.7678066340961687,2025-06-05
POKARNA, EQ, 05-Jun-2025,1046.0,1043.0,1092.0,1029.9,1091.0,1085.0,1064.44,121202,1290.12,7118, 56924, 46.97,0.4696622167951024,2025-06-05
POLICYBZR, EQ, 05-Jun-2025,1841.4,1858.7,1894.8,1839.6,1890.0,1886.7,1872.81,2198322,41170.42,103705, 1219844, 55.49,0.5548977811257859,2025-06-05
POLYCAB, EQ, 05-Jun-2025,5897.0,5900.0,6020.0,5872.0,5972.0,5980.5,5958.84,218509,13020.6,26320, 108701, 49.75,0.4974669235592127,2025-06-05
POLYMED, EQ, 05-Jun-2025,2237.3,2240.0,2292.1,2233.0,2235.5,2237.2,2250.43,130806,2943.7,13846, 69442, 53.09,0.5308777884806507,2025-06-05
POLYPLEX, EQ, 05-Jun-2025,1329.0,1326.0,1341.9,1303.0,1316.0,1311.2,1317.59,90103,1187.18,6798, 53711, 59.61,0.596106677913055,2025-06-05
PONNIERODE, EQ, 05-Jun-2025,332.7,331.0,345.0,331.0,344.3,342.9,341.32,43371,148.03,1996, 25968, 59.87,0.5987410942795878,2025-06-05
POONAWALLA, EQ, 05-Jun-2025,401.65,401.75,406.9,399.5,404.5,405.0,402.65,773750,3115.53,12824, 376914, 48.71,0.48712633279483036,2025-06-05
POWERGRID, EQ, 05-Jun-2025,288.55,291.0,295.25,290.1,294.35,294.25,293.83,13110486,38522.51,101636, 8641884, 65.92,0.6591581730837438,2025-06-05
POWERINDIA, EQ, 05-Jun-2025,19801.0,19957.0,20298.0,19345.0,19451.0,19515.0,19846.62,116740,23168.94,34476, 40378, 34.59,0.3458797327394209,2025-06-05
POWERMECH, EQ, 05-Jun-2025,3163.6,3188.0,3188.0,3088.9,3111.0,3112.5,3123.02,63663,1988.21,12827, 30890, 48.52,0.48521119017325604,2025-06-05
PPAP, EQ, 05-Jun-2025,240.17,242.95,251.68,239.43,246.35,248.78,246.85,77960,192.44,2029, 49043, 62.91,0.6290790148794253,2025-06-05
PPL, EQ, 05-Jun-2025,416.85,420.2,424.45,407.0,411.0,410.05,415.16,127262,528.35,5413, 76836, 60.38,0.603762317109585,2025-06-05
PPLPHARMA, EQ, 05-Jun-2025,205.94,206.8,210.28,204.61,207.55,208.08,208.37,5231463,10900.89,33960, 2087222, 39.90,0.3989748183251989,2025-06-05
PRABHA, EQ, 05-Jun-2025,215.05,216.48,216.89,210.97,214.9,213.61,213.76,28398,60.7,862, 18180, 64.02,0.6401859285865201,2025-06-05
PRAENG, EQ, 05-Jun-2025,20.57,21.5,21.5,20.28,20.45,20.54,20.62,54693,11.28,519, 34878, 63.77,0.6377050079534858,2025-06-05
PRAJIND, EQ, 05-Jun-2025,494.0,497.35,504.9,487.55,491.9,489.35,495.94,1033593,5126.0,25062, 533299, 51.60,0.5159661491515519,2025-06-05
PRAKASH, EQ, 05-Jun-2025,164.1,164.0,166.0,161.1,161.4,161.5,163.17,607864,991.87,9143, 347303, 57.13,0.5713498414118948,2025-06-05
PRAKASHSTL, EQ, 05-Jun-2025,6.43,6.43,6.6,6.42,6.5,6.44,6.51,257112,16.74,1072, 178330, 69.36,0.6935887862099007,2025-06-05
PRAXIS, BE, 05-Jun-2025,12.51,12.7,13.13,12.21,12.61,12.79,12.71,66120,8.4,185, -, -,,2025-06-05
PRECAM, EQ, 05-Jun-2025,219.1,219.95,227.86,212.53,224.0,223.87,222.19,1243508,2762.92,35760, 274410, 22.07,0.22067409296924506,2025-06-05
PRECOT, EQ, 05-Jun-2025,530.75,538.2,544.05,525.7,525.7,527.65,531.73,2930,15.58,208, 1879, 64.13,0.6412969283276451,2025-06-05
PRECWIRE, EQ, 05-Jun-2025,185.26,186.0,190.0,183.1,184.1,183.66,186.23,218140,406.24,8825, 95149, 43.62,0.4361831851104795,2025-06-05
PREMEXPLN, EQ, 05-Jun-2025,596.2,601.7,611.95,595.0,608.85,608.1,603.51,1433929,8653.91,24537, 463037, 32.29,0.32291487235421,2025-06-05
PREMIER, BE, 05-Jun-2025,3.35,3.5,3.5,3.35,3.46,3.44,3.44,2081,0.07,12, -, -,,2025-06-05
PREMIERENE, EQ, 05-Jun-2025,1058.0,1060.0,1070.0,1046.2,1046.5,1048.9,1056.06,504032,5322.88,21398, 234115, 46.45,0.4644843978160117,2025-06-05
PREMIERPOL, EQ, 05-Jun-2025,53.66,53.0,54.11,52.4,53.6,53.04,53.24,99936,53.21,1332, 63001, 63.04,0.6304134646173551,2025-06-05
PRESTIGE, EQ, 05-Jun-2025,1581.6,1585.0,1650.9,1582.2,1630.0,1626.1,1622.53,2168165,35179.19,109039, 1285518, 59.29,0.5929059827088805,2025-06-05
PRICOLLTD, EQ, 05-Jun-2025,432.2,434.0,440.7,426.0,426.5,427.3,430.44,216444,931.66,19463, 127457, 58.89,0.588868252296206,2025-06-05
PRIMESECU, EQ, 05-Jun-2025,248.61,248.61,253.0,239.05,248.1,250.02,244.77,72317,177.01,1596, 24759, 34.24,0.34236763140063886,2025-06-05
PRIMO, EQ, 05-Jun-2025,24.97,25.04,25.86,24.75,24.85,24.93,25.06,140693,35.26,793, 87331, 62.07,0.6207202916989474,2025-06-05
PRINCEPIPE, EQ, 05-Jun-2025,328.35,327.0,332.9,325.8,328.0,326.75,329.81,296908,979.23,11071, 94530, 31.84,0.31838145149339186,2025-06-05
PRITI, EQ, 05-Jun-2025,95.01,97.2,97.2,95.15,95.85,95.59,96.16,10547,10.14,417, 5220, 49.49,0.4949274675263108,2025-06-05
PRITIKAUTO, EQ, 05-Jun-2025,18.16,18.1,18.69,18.07,18.12,18.11,18.25,201531,36.78,1499, 113670, 56.40,0.5640323324947527,2025-06-05
PRIVISCL, EQ, 05-Jun-2025,2404.1,2404.1,2574.0,2404.1,2570.0,2564.0,2518.16,317474,7994.51,32935, 124175, 39.11,0.3911343921077002,2025-06-05
PROSTARM, BE, 05-Jun-2025,119.7,113.71,119.0,113.71,117.85,116.96,115.1,1537316,1769.44,33419, -, -,,2025-06-05
PROTEAN, EQ, 05-Jun-2025,950.0,955.0,971.2,947.0,948.6,950.1,958.74,476814,4571.41,14761, 215624, 45.22,0.4522182654032809,2025-06-05
PROZONER, BE, 05-Jun-2025,34.06,33.63,34.74,33.63,34.29,34.23,34.27,57028,19.54,120, -, -,,2025-06-05
PRSMJOHNSN, EQ, 05-Jun-2025,137.59,137.54,140.49,137.26,137.6,137.68,138.38,129450,179.13,3879, 55165, 42.61,0.4261490923136346,2025-06-05
PRUDENT, EQ, 05-Jun-2025,2822.8,2822.0,2920.0,2785.0,2900.0,2889.4,2856.51,38570,1101.75,8772, 13534, 35.09,0.35089447757324344,2025-06-05
PRUDMOULI, EQ, 05-Jun-2025,31.22,31.0,32.78,29.65,32.78,32.78,30.3,127648,38.68,740, 81130, 63.56,0.6355759588869391,2025-06-05
PSB, EQ, 05-Jun-2025,32.98,33.1,33.18,32.61,32.65,32.71,32.84,2612013,857.67,12294, 1363524, 52.20,0.5220203727929379,2025-06-05
PSPPROJECT, EQ, 05-Jun-2025,639.65,645.0,664.9,645.0,656.95,657.05,657.03,237819,1562.55,10763, 103860, 43.67,0.4367186810137121,2025-06-05
PSUBANK, EQ, 05-Jun-2025,712.08,712.09,717.0,702.06,708.9,706.96,705.95,43183,304.85,3804, 33942, 78.60,0.7860037514762754,2025-06-05
PSUBANKADD, EQ, 05-Jun-2025,71.84,71.5,71.5,70.68,71.25,71.05,71.13,51432,36.58,444, 42150, 81.95,0.8195286980867942,2025-06-05
PSUBNKBEES, EQ, 05-Jun-2025,79.13,77.15,79.72,77.14,78.8,78.7,78.85,3413771,2691.65,5816, 2166088, 63.45,0.6345147345853017,2025-06-05
PSUBNKIETF, EQ, 05-Jun-2025,71.86,71.98,72.15,71.12,71.52,71.38,71.6,195153,139.72,984, 70948, 36.36,0.3635506500028183,2025-06-05
PTC, EQ, 05-Jun-2025,173.85,174.0,175.0,172.44,172.85,172.93,173.68,862931,1498.72,12901, 581343, 67.37,0.6736842227246442,2025-06-05
PTCIL, EQ, 05-Jun-2025,14757.0,14701.0,14925.0,14486.0,14858.0,14838.0,14779.85,11585,1712.25,4558, 4805, 41.48,0.41476046611998274,2025-06-05
PTL, EQ, 05-Jun-2025,40.72,41.29,41.29,40.68,40.9,40.98,40.84,63133,25.78,557, 43884, 69.51,0.6951039868214721,2025-06-05
PUNJABCHEM, EQ, 05-Jun-2025,1119.9,1117.1,1137.6,1105.0,1112.3,1112.0,1117.85,7794,87.13,1292, 4048, 51.94,0.5193738773415448,2025-06-05
PURVA, EQ, 05-Jun-2025,279.0,289.0,306.9,285.0,306.9,306.9,301.14,1592433,4795.42,20161, 367511, 23.08,0.2307858478190291,2025-06-05
PVP, EQ, 05-Jun-2025,23.72,24.1,24.34,23.42,23.74,23.65,23.82,101746,24.23,752, 39934, 39.25,0.392487173942956,2025-06-05
PVRINOX, EQ, 05-Jun-2025,1060.35,1059.0,1063.7,1035.0,1040.4,1039.2,1045.7,327881,3428.65,20486, 132099, 40.29,0.40288702303579654,2025-06-05
PVSL, EQ, 05-Jun-2025,122.48,122.48,124.12,120.7,121.0,121.21,122.37,38732,47.4,1415, 18177, 46.93,0.4693018692553961,2025-06-05
PVTBANIETF, EQ, 05-Jun-2025,27.45,28.27,28.27,27.3,27.47,27.43,27.46,593390,162.93,1014, 321201, 54.13,0.5412983029710645,2025-06-05
PVTBANKADD, EQ, 05-Jun-2025,27.56,27.56,27.69,27.47,27.59,27.58,27.55,59981,16.52,146, 58175, 96.99,0.9698904653140161,2025-06-05
PYRAMID, EQ, 05-Jun-2025,171.07,170.2,173.65,167.2,169.0,169.57,169.76,42404,71.98,1252, 13919, 32.82,0.32824733515706067,2025-06-05
QGOLDHALF, EQ, 05-Jun-2025,81.24,83.27,83.27,81.1,81.52,81.51,81.47,98591,80.32,355, 83119, 84.31,0.8430688399549655,2025-06-05
QNIFTY, EQ, 05-Jun-2025,2672.2,2688.82,2704.0,2684.0,2687.5,2687.35,2690.4,414,11.14,54, 226, 54.59,0.5458937198067633,2025-06-05
QPOWER, EQ, 05-Jun-2025,468.5,471.4,483.0,456.2,456.55,457.7,472.08,1193789,5635.63,28990, 430831, 36.09,0.36089375928241924,2025-06-05
QUADFUTURE, EQ, 05-Jun-2025,455.15,457.0,466.0,455.5,456.05,457.05,459.9,309079,1421.45,10630, 83695, 27.08,0.27078837449325255,2025-06-05
QUAL30IETF, EQ, 05-Jun-2025,20.95,20.96,21.1,20.92,21.07,21.06,21.01,840315,176.56,774, 720244, 85.71,0.8571119163646965,2025-06-05
QUESS, EQ, 05-Jun-2025,317.3,320.2,323.3,313.5,315.1,315.7,318.03,131484,418.16,6483, 78118, 59.41,0.5941255209759362,2025-06-05
QUICKHEAL, EQ, 05-Jun-2025,351.75,355.0,384.85,354.05,361.5,364.85,373.72,3830664,14315.85,87974, 468209, 12.22,0.12222659048144134,2025-06-05
RACE, EQ, 05-Jun-2025,257.2,257.05,265.0,257.05,261.0,261.0,262.01,16262,42.61,580, 11997, 73.77,0.7377321362686017,2025-06-05
RACLGEAR, EQ, 05-Jun-2025,985.05,984.95,987.45,942.0,955.5,952.1,969.57,4188,40.61,894, 2016, 48.14,0.4813753581661891,2025-06-05
RADAAN, EQ, 05-Jun-2025,3.95,4.09,4.09,3.82,3.9,3.96,3.93,59862,2.35,278, 39323, 65.69,0.6568941899702649,2025-06-05
RADHIKAJWE, EQ, 05-Jun-2025,84.3,84.4,85.28,84.4,84.52,84.75,84.82,145679,123.57,1607, 75703, 51.97,0.5196562304793416,2025-06-05
RADIANTCMS, EQ, 05-Jun-2025,67.0,66.35,68.48,66.35,67.99,67.95,67.53,148987,100.6,1598, 75202, 50.48,0.5047554484619463,2025-06-05
RADICO, EQ, 05-Jun-2025,2723.4,2725.9,2740.9,2690.0,2700.0,2703.1,2714.9,230716,6263.72,28452, 107491, 46.59,0.46590180134884446,2025-06-05
RADIOCITY, EQ, 05-Jun-2025,9.32,9.42,9.45,9.2,9.3,9.25,9.29,78035,7.25,557, 48661, 62.36,0.6235791631960018,2025-06-05
RAILTEL, EQ, 05-Jun-2025,442.05,446.95,464.95,439.5,458.65,461.15,453.68,15751914,71463.98,165321, 2583480, 16.40,0.1640105450042452,2025-06-05
RAIN, EQ, 05-Jun-2025,147.97,147.1,149.9,146.12,146.7,146.79,148.0,677565,1002.8,8348, 328966, 48.55,0.48551209109089166,2025-06-05
RAINBOW, EQ, 05-Jun-2025,1392.0,1392.0,1436.8,1378.0,1430.0,1428.9,1416.58,200560,2841.1,17728, 97120, 48.42,0.48424411647387317,2025-06-05
RAJESHEXPO, EQ, 05-Jun-2025,203.83,204.0,205.5,198.81,199.7,199.1,201.25,477016,960.02,11735, 258692, 54.23,0.5423130461032754,2025-06-05
RAJMET, BE, 05-Jun-2025,5.99,5.87,5.87,5.87,5.87,5.87,5.87,248942,14.61,788, -, -,,2025-06-05
RAJOOENG, EQ, 05-Jun-2025,121.78,122.6,127.25,122.19,123.05,122.77,124.04,241453,299.5,3337, 83568, 34.61,0.34610462491665045,2025-06-05
RAJRATAN, EQ, 05-Jun-2025,438.65,438.65,441.0,428.55,429.4,429.55,434.93,34483,149.98,2609, 19158, 55.56,0.5555781109532233,2025-06-05
RAJRILTD, BE, 05-Jun-2025,28.28,28.84,28.84,28.84,28.84,28.84,28.84,12488,3.6,75, -, -,,2025-06-05
RAJSREESUG, EQ, 05-Jun-2025,48.39,50.4,50.4,48.55,49.04,49.17,49.38,35325,17.44,639, 17674, 50.03,0.5003255484784147,2025-06-05
RAJTV, BE, 05-Jun-2025,44.09,45.69,45.69,44.0,45.0,44.72,44.71,4992,2.23,81, -, -,,2025-06-05
RALLIS, EQ, 05-Jun-2025,321.95,322.3,322.95,316.3,318.0,317.85,318.77,370091,1179.76,12699, 121664, 32.87,0.32874076916217904,2025-06-05
RAMANEWS, BE, 05-Jun-2025,40.48,39.67,39.67,39.67,39.67,39.67,39.67,47978,19.03,53, -, -,,2025-06-05
RAMAPHO, BE, 05-Jun-2025,115.84,113.5,117.85,112.25,116.0,115.4,114.93,13045,14.99,110, -, -,,2025-06-05
RAMASTEEL, EQ, 05-Jun-2025,11.71,11.78,13.84,11.71,13.21,13.2,13.21,190889359,25211.8,157527, 36088938, 18.91,0.18905683475001872,2025-06-05
RAMCOCEM, EQ, 05-Jun-2025,999.4,999.2,1010.0,993.95,1005.0,1005.3,1005.44,392850,3949.87,12666, 243273, 61.93,0.6192516227567774,2025-06-05
RAMCOIND, EQ, 05-Jun-2025,274.8,274.75,275.0,263.7,265.5,264.7,269.12,94153,253.39,5329, 57927, 61.52,0.6152432742451117,2025-06-05
RAMCOSYS, EQ, 05-Jun-2025,465.95,469.15,482.55,456.1,463.1,468.05,471.72,288030,1358.7,12828, 121810, 42.29,0.4229073360413846,2025-06-05
RAMKY, EQ, 05-Jun-2025,503.45,505.95,511.7,494.0,496.0,495.75,498.84,104336,520.47,4482, 71578, 68.60,0.6860335838061647,2025-06-05
RAMRAT, EQ, 05-Jun-2025,673.65,675.0,675.0,661.95,667.7,666.8,665.69,27209,181.13,2548, 14863, 54.63,0.5462530780256533,2025-06-05
RANASUG, EQ, 05-Jun-2025,16.53,16.4,16.99,16.35,16.56,16.39,16.63,290748,48.35,1679, 135587, 46.63,0.4663385474706619,2025-06-05
RANEHOLDIN, EQ, 05-Jun-2025,1511.5,1518.2,1550.0,1503.7,1549.0,1531.1,1527.9,10325,157.76,2118, 5292, 51.25,0.512542372881356,2025-06-05
RATEGAIN, EQ, 05-Jun-2025,455.65,455.65,455.75,445.3,446.6,446.4,448.04,275707,1235.28,13259, 134226, 48.68,0.4868429165744794,2025-06-05
RATNAMANI, EQ, 05-Jun-2025,2842.9,2842.9,2861.5,2806.1,2815.5,2819.4,2836.96,8202,232.69,3255, 3914, 47.72,0.47720068276030236,2025-06-05
RATNAVEER, EQ, 05-Jun-2025,155.86,156.01,158.5,155.99,157.71,157.93,157.54,214687,338.21,3740, 109132, 50.83,0.5083307326479946,2025-06-05
RAYMOND, EQ, 05-Jun-2025,615.1,620.55,627.0,615.2,618.9,617.75,617.94,118551,732.57,8259, 47760, 40.29,0.40286458992332413,2025-06-05
RAYMONDLSL, EQ, 05-Jun-2025,1016.1,1020.0,1064.7,1015.0,1048.0,1046.3,1036.24,299612,3104.69,19826, 130594, 43.59,0.43587706767419193,2025-06-05
RBA, EQ, 05-Jun-2025,80.45,80.61,81.65,80.51,80.7,80.78,80.96,568320,460.12,6723, 279351, 49.15,0.4915382179054054,2025-06-05
RBLBANK, EQ, 05-Jun-2025,212.47,213.45,213.61,206.36,207.33,206.89,209.59,5317211,11144.08,34638, 2907405, 54.68,0.5467913535874352,2025-06-05
RBZJEWEL, BE, 05-Jun-2025,140.0,140.0,140.6,140.0,140.6,140.6,140.2,35883,50.31,225, -, -,,2025-06-05
RCF, EQ, 05-Jun-2025,159.91,161.0,165.7,160.96,161.05,161.53,163.07,8486134,13838.09,52575, 2415974, 28.47,0.28469665927971444,2025-06-05
RECLTD, EQ, 05-Jun-2025,400.9,404.45,409.75,402.25,403.25,403.0,404.65,6165279,24948.08,55074, 2248468, 36.47,0.3646984994515252,2025-06-05
REDINGTON, EQ, 05-Jun-2025,267.15,268.8,277.5,268.2,277.5,276.95,274.27,2691822,7382.97,35892, 1385745, 51.48,0.5147981553015021,2025-06-05
REDTAPE, EQ, 05-Jun-2025,132.12,132.12,134.69,132.12,132.5,132.59,132.99,167080,222.21,5853, 86333, 51.67,0.516716542973426,2025-06-05
REFEX, EQ, 05-Jun-2025,500.2,505.1,515.0,492.95,495.9,494.75,503.39,508839,2561.42,20959, 251792, 49.48,0.4948362841684698,2025-06-05
REGENCERAM, EQ, 05-Jun-2025,43.24,45.4,45.4,45.4,45.4,45.4,45.4,7169,3.25,41, 7163, 99.92,0.9991630631887293,2025-06-05
RELAXO, EQ, 05-Jun-2025,435.05,438.3,439.95,433.3,435.75,435.25,435.96,178142,776.63,13700, 101228, 56.82,0.5682433115155325,2025-06-05
RELCHEMQ, EQ, 05-Jun-2025,192.14,193.78,197.99,190.47,190.47,191.2,192.85,21969,42.37,1091, 9566, 43.54,0.43543174473121216,2025-06-05
RELIABLE, EQ, 05-Jun-2025,80.85,81.0,81.0,77.52,77.52,78.55,79.53,27374,21.77,513, 18791, 68.65,0.6864542997004457,2025-06-05
RELIANCE, EQ, 05-Jun-2025,1423.5,1428.0,1454.7,1423.6,1442.7,1442.4,1442.72,13716817,197894.68,304069, 7477692, 54.51,0.5451477554887552,2025-06-05
RELIGARE, EQ, 05-Jun-2025,228.04,227.9,233.86,226.33,228.89,229.12,228.58,1490456,3406.89,18243, 879695, 59.02,0.5902186981702244,2025-06-05
RELINFRA, BE, 05-Jun-2025,380.6,370.0,377.5,362.0,369.0,371.45,369.15,5895435,21762.74,34476, -, -,,2025-06-05
RELTD, EQ, 05-Jun-2025,152.48,154.8,157.5,149.43,150.99,150.13,153.73,326916,502.56,6447, 161199, 49.31,0.49308996806519106,2025-06-05
REMSONSIND, EQ, 05-Jun-2025,143.38,144.8,151.76,142.84,147.48,148.9,147.86,406494,601.06,5269, 114889, 28.26,0.28263393801630526,2025-06-05
RENUKA, EQ, 05-Jun-2025,33.15,33.22,33.98,33.05,33.08,33.13,33.42,4320955,1444.02,15441, 1457203, 33.72,0.337240957149519,2025-06-05
REPCOHOME, EQ, 05-Jun-2025,401.8,404.95,405.0,396.65,399.0,398.7,400.32,89656,358.91,5266, 48247, 53.81,0.5381346479878647,2025-06-05
REPL, EQ, 05-Jun-2025,179.34,179.0,184.79,178.01,179.5,180.94,180.79,15038,27.19,817, 8449, 56.18,0.5618433302300838,2025-06-05
REPRO, EQ, 05-Jun-2025,549.8,551.1,560.0,546.0,546.0,547.15,551.26,12643,69.7,1241, 6100, 48.25,0.48248042395001184,2025-06-05
RESPONIND, EQ, 05-Jun-2025,200.42,201.7,203.81,200.4,201.0,201.76,201.99,42461,85.77,2140, 20027, 47.17,0.4716563434681237,2025-06-05
RETAIL, EQ, 05-Jun-2025,38.81,38.81,40.35,37.41,38.05,38.29,38.93,11346,4.42,667, 6789, 59.84,0.5983606557377049,2025-06-05
RGL, EQ, 05-Jun-2025,126.11,124.85,126.21,123.7,124.89,125.13,125.25,199088,249.35,2090, 78883, 39.62,0.39622177127702324,2025-06-05
RHFL, BE, 05-Jun-2025,5.82,6.11,6.11,6.11,6.11,6.11,6.11,2307355,140.98,1933, -, -,,2025-06-05
RHIM, EQ, 05-Jun-2025,440.15,440.15,464.75,438.75,448.0,451.9,455.77,419317,1911.12,22983, 93487, 22.30,0.22295065547068207,2025-06-05
RHL, EQ, 05-Jun-2025,232.55,232.55,234.0,229.86,231.6,232.39,231.99,4738,10.99,141, 3809, 80.39,0.8039257070493879,2025-06-05
RICOAUTO, EQ, 05-Jun-2025,81.91,82.56,85.45,82.0,82.9,82.63,84.12,1799867,1513.99,19120, 679031, 37.73,0.37726732030755605,2025-06-05
RIIL, EQ, 05-Jun-2025,949.7,954.0,1047.9,954.0,972.0,972.45,1008.33,1294983,13057.71,52053, 273142, 21.09,0.21092323219687054,2025-06-05
RISHABH, EQ, 05-Jun-2025,288.55,288.55,306.0,288.55,301.55,302.3,298.87,71718,214.34,3593, 39634, 55.26,0.55263671602666,2025-06-05
RITCO, EQ, 05-Jun-2025,290.2,293.1,297.2,292.55,294.0,295.3,295.23,62917,185.75,2028, 35790, 56.88,0.5688446683726179,2025-06-05
RITES, EQ, 05-Jun-2025,295.55,299.4,316.0,298.0,307.25,309.2,308.7,13428157,41452.71,148025, 2966707, 22.09,0.2209318076933417,2025-06-05
RKDL, EQ, 05-Jun-2025,28.74,29.14,29.5,28.25,28.51,28.68,28.74,31293,8.99,963, 19805, 63.29,0.632889144537117,2025-06-05
RKEC, EQ, 05-Jun-2025,76.67,78.0,80.3,77.15,78.5,77.4,78.46,44608,35.0,602, 18680, 41.88,0.4187589670014347,2025-06-05
RKFORGE, EQ, 05-Jun-2025,590.45,593.0,617.8,590.05,604.8,600.5,605.17,2305470,13951.97,46752, 1297306, 56.27,0.5627078209649226,2025-06-05
RKSWAMY, EQ, 05-Jun-2025,196.44,195.75,197.1,192.0,194.7,195.64,195.39,45469,88.84,2098, 21237, 46.71,0.4670654731795289,2025-06-05
RML, EQ, 05-Jun-2025,902.05,901.95,909.8,900.0,900.0,902.15,902.46,8369,75.53,871, 4886, 58.38,0.5838212450710957,2025-06-05
ROHLTD, EQ, 05-Jun-2025,359.55,359.6,371.45,359.55,366.0,366.3,367.29,63949,234.88,1623, 39913, 62.41,0.6241379849567624,2025-06-05
ROLEXRINGS, EQ, 05-Jun-2025,1602.0,1595.0,1650.0,1590.9,1625.0,1621.8,1614.19,20420,329.62,3839, 9590, 46.96,0.46963761018609207,2025-06-05
ROLLT, BE, 05-Jun-2025,2.09,1.98,1.98,1.98,1.98,1.98,1.98,131082,2.6,162, -, -,,2025-06-05
ROML, EQ, 05-Jun-2025,46.38,47.02,48.1,46.17,48.0,47.79,47.42,15177,7.2,163, 13996, 92.22,0.9221848850233907,2025-06-05
ROSSARI, EQ, 05-Jun-2025,684.9,689.0,694.0,686.0,686.1,687.0,689.15,48643,335.22,5001, 26286, 54.04,0.5403860781612976,2025-06-05
ROSSELLIND, BE, 05-Jun-2025,68.27,68.27,69.0,67.15,68.0,67.53,68.34,24916,17.03,295, -, -,,2025-06-05
ROSSTECH, BE, 05-Jun-2025,360.0,354.0,357.0,354.0,354.0,354.0,354.69,7581,26.89,104, -, -,,2025-06-05
ROTO, EQ, 05-Jun-2025,262.65,263.9,268.65,257.0,261.0,260.2,262.66,126117,331.26,4694, 59947, 47.53,0.4753284648382058,2025-06-05
ROUTE, EQ, 05-Jun-2025,949.75,951.6,971.0,951.6,966.1,963.8,962.83,81532,785.02,5991, 47444, 58.19,0.5819064907030368,2025-06-05
RPEL, EQ, 05-Jun-2025,730.15,725.15,735.0,701.5,714.0,711.45,719.69,43333,311.86,5946, 22261, 51.37,0.5137193363025869,2025-06-05
RPGLIFE, EQ, 05-Jun-2025,2165.2,2180.5,2193.2,2157.0,2165.2,2169.2,2172.47,8014,174.1,2009, 4796, 59.85,0.5984527077614176,2025-06-05
RPOWER, EQ, 05-Jun-2025,60.93,60.1,63.43,59.9,60.94,60.89,61.87,169284176,104735.07,272344, 37740198, 22.29,0.22293990431805039,2025-06-05
RPPINFRA, BE, 05-Jun-2025,146.04,143.11,143.11,143.11,143.11,143.11,143.11,12794,18.31,155, -, -,,2025-06-05
RPPL, EQ, 05-Jun-2025,27.99,28.36,28.36,27.01,27.34,27.09,27.58,90367,24.92,3088, 40344, 44.64,0.4464461584427944,2025-06-05
RPSGVENT, EQ, 05-Jun-2025,951.35,952.65,960.0,935.0,937.5,940.1,945.95,40769,385.65,3334, 21116, 51.79,0.5179425543918174,2025-06-05
RPTECH, EQ, 05-Jun-2025,310.4,313.15,316.85,310.1,314.0,312.95,313.63,50488,158.35,3180, 28719, 56.88,0.5688282364126129,2025-06-05
RRKABEL, EQ, 05-Jun-2025,1380.3,1382.0,1430.0,1382.0,1418.0,1424.3,1406.51,240210,3378.59,25098, 122898, 51.16,0.5116273260896715,2025-06-05
RSSOFTWARE, BE, 05-Jun-2025,57.0,56.85,56.85,56.5,56.5,56.5,56.72,24389,13.83,129, -, -,,2025-06-05
RSWM, EQ, 05-Jun-2025,175.03,175.69,177.05,170.25,171.0,170.83,174.11,50455,87.85,1139, 30370, 60.19,0.6019225052026558,2025-06-05
RSYSTEMS, EQ, 05-Jun-2025,373.0,374.85,375.0,366.7,368.8,369.4,370.05,54598,202.04,5358, 33110, 60.64,0.6064324700538481,2025-06-05
RTNINDIA, EQ, 05-Jun-2025,47.77,47.69,48.74,47.16,47.5,47.4,47.73,1761194,840.56,14376, 811845, 46.10,0.46096284679598043,2025-06-05
RTNPOWER, EQ, 05-Jun-2025,11.11,11.14,11.43,11.11,11.16,11.13,11.22,12421664,1394.02,14802, 5939296, 47.81,0.47814012679782675,2025-06-05
RUBFILA, EQ, 05-Jun-2025,81.57,82.85,83.85,81.22,82.88,82.53,82.36,51384,42.32,993, 39668, 77.20,0.7719912813327106,2025-06-05
RUBYMILLS, EQ, 05-Jun-2025,206.68,208.0,213.16,207.0,210.8,208.73,210.42,10706,22.53,520, 6354, 59.35,0.5934989725387633,2025-06-05
RUCHINFRA, EQ, 05-Jun-2025,9.73,10.27,10.48,9.16,9.61,9.55,10.0,843794,84.36,4037, 255062, 30.23,0.3022799403645914,2025-06-05
RUCHIRA, EQ, 05-Jun-2025,141.85,141.85,147.5,141.48,142.9,143.15,145.0,258747,375.18,3666, 71805, 27.75,0.2775104638894364,2025-06-05
RUPA, EQ, 05-Jun-2025,209.14,209.5,213.02,209.35,210.6,210.06,211.12,72525,153.11,2730, 36915, 50.90,0.5089968976215098,2025-06-05
RUSHIL, EQ, 05-Jun-2025,30.36,30.48,31.0,29.11,29.82,29.93,30.05,674466,202.65,3321, 260143, 38.57,0.38570217030954856,2025-06-05
RUSTOMJEE, EQ, 05-Jun-2025,528.1,529.55,529.9,522.65,526.75,525.5,525.36,22931,120.47,1680, 15082, 65.77,0.6577122672364921,2025-06-05
RVHL, EQ, 05-Jun-2025,54.34,54.11,54.11,52.41,52.7,53.06,53.28,34090,18.16,449, 20013, 58.71,0.5870636550308008,2025-06-05
RVNL, EQ, 05-Jun-2025,429.95,434.0,436.9,425.0,428.65,429.6,430.39,14651361,63058.52,121205, 3807440, 25.99,0.2598693732275111,2025-06-05
RVTH, BE, 05-Jun-2025,900.85,925.5,925.9,900.0,920.0,919.9,908.91,1465,13.32,74, -, -,,2025-06-05
S&SPOWER, BE, 05-Jun-2025,372.25,388.0,388.0,357.85,369.0,367.65,367.64,3365,12.37,112, -, -,,2025-06-05
SABEVENTS, BE, 05-Jun-2025,5.38,5.4,5.64,5.3,5.64,5.58,5.51,25156,1.39,55, -, -,,2025-06-05
SABTNL, BE, 05-Jun-2025,545.0,545.0,545.0,539.5,539.6,539.6,541.22,1199,6.49,126, -, -,,2025-06-05
SADBHAV, BE, 05-Jun-2025,13.62,13.89,13.89,13.89,13.89,13.89,13.89,31332,4.35,34, -, -,,2025-06-05
SADBHIN, EQ, 05-Jun-2025,5.0,5.0,5.12,4.61,4.81,4.89,4.98,306888,15.27,737, 164365, 53.56,0.5355862725163577,2025-06-05
SADHNANIQ, BE, 05-Jun-2025,20.6,21.34,21.34,20.35,20.75,20.69,20.74,125396,26.01,388, -, -,,2025-06-05
SAFARI, EQ, 05-Jun-2025,2250.2,2250.2,2269.7,2228.7,2252.0,2250.5,2248.97,36290,816.15,5618, 23549, 64.89,0.6489115458804078,2025-06-05
SAGARDEEP, EQ, 05-Jun-2025,29.39,29.25,30.43,29.25,29.36,29.39,29.39,8004,2.35,137, 4283, 53.51,0.5351074462768616,2025-06-05
SAGCEM, EQ, 05-Jun-2025,226.49,228.0,233.0,224.9,227.0,226.19,227.54,54446,123.89,2249, 33073, 60.74,0.6074459097087022,2025-06-05
SAGILITY, EQ, 05-Jun-2025,38.77,38.95,39.62,38.63,39.1,39.04,39.19,19974073,7828.76,29546, 11462675, 57.39,0.5738776963516655,2025-06-05
SAH, BE, 05-Jun-2025,105.58,105.58,107.0,103.0,103.5,105.74,105.32,20833,21.94,74, -, -,,2025-06-05
SAHYADRI, EQ, 05-Jun-2025,293.25,290.3,297.45,287.2,287.75,288.65,292.27,7049,20.6,424, 5682, 80.61,0.8060717832316641,2025-06-05
SAIL, EQ, 05-Jun-2025,131.83,132.0,134.0,131.74,133.0,133.11,133.23,19181280,25555.5,58335, 9639341, 50.25,0.5025389859279464,2025-06-05
SAILIFE, EQ, 05-Jun-2025,729.6,724.0,742.25,724.0,729.0,731.5,731.32,627008,4585.44,14101, 497867, 79.40,0.7940361207512504,2025-06-05
SAKAR, EQ, 05-Jun-2025,316.65,317.15,318.7,313.0,313.55,313.65,315.54,10980,34.65,935, 6894, 62.79,0.6278688524590164,2025-06-05
SAKHTISUG, EQ, 05-Jun-2025,26.16,26.02,26.99,26.02,26.26,26.16,26.54,174753,46.39,1411, 64943, 37.16,0.3716273826486527,2025-06-05
SAKSOFT, EQ, 05-Jun-2025,198.78,200.75,206.79,197.2,197.65,198.54,201.43,545512,1098.83,15691, 150775, 27.64,0.2763917200721524,2025-06-05
SAKUMA, BE, 05-Jun-2025,3.06,3.05,3.05,3.04,3.04,3.04,3.04,530918,16.17,659, -, -,,2025-06-05
SALASAR, EQ, 05-Jun-2025,8.95,9.0,9.3,8.91,9.0,8.95,9.07,9165775,831.29,10121, 4270339, 46.59,0.4659004830469873,2025-06-05
SALONA, EQ, 05-Jun-2025,261.35,261.5,264.9,257.0,259.95,259.15,259.96,3187,8.28,178, 1795, 56.32,0.5632256040163163,2025-06-05
SALSTEEL, EQ, 05-Jun-2025,18.12,18.9,18.9,18.05,18.15,18.29,18.25,45175,8.25,596, 24951, 55.23,0.5523187603763143,2025-06-05
SALZERELEC, EQ, 05-Jun-2025,925.05,929.65,941.25,919.15,926.0,929.6,930.25,103555,963.32,7587, 45217, 43.66,0.4366471923132635,2025-06-05
SAMBHAAV, BE, 05-Jun-2025,7.02,7.02,7.24,6.95,7.0,6.99,7.02,28525,2.0,102, -, -,,2025-06-05
SAMHI, EQ, 05-Jun-2025,212.11,211.56,212.85,207.0,208.01,207.72,209.34,1599954,3349.38,45529, 778249, 48.64,0.48641960956377495,2025-06-05
SAMMAANCAP, EQ, 05-Jun-2025,123.5,124.0,125.4,121.84,122.75,122.5,123.57,2900293,3583.76,14794, 1080435, 37.25,0.3725261551160521,2025-06-05
SAMPANN, EQ, 05-Jun-2025,29.81,30.58,31.19,30.1,30.51,30.72,30.77,31161,9.59,321, 26803, 86.01,0.8601456949391868,2025-06-05
SANATHAN, EQ, 05-Jun-2025,461.15,461.0,468.0,457.0,459.35,460.95,462.41,69632,321.98,3802, 35855, 51.49,0.5149213005514706,2025-06-05
SANCO, BZ, 05-Jun-2025,2.68,2.75,2.81,2.75,2.75,2.75,2.77,21403,0.59,48, -, -,,2025-06-05
SANDESH, EQ, 05-Jun-2025,1154.5,1160.2,1160.2,1132.4,1138.0,1137.6,1145.39,997,11.42,178, 658, 66.00,0.6599799398194583,2025-06-05
SANDHAR, EQ, 05-Jun-2025,525.3,525.25,528.55,516.05,520.5,518.6,522.34,63998,334.29,5677, 28760, 44.94,0.4493890434076065,2025-06-05
SANDUMA, EQ, 05-Jun-2025,483.5,483.0,484.7,463.55,468.65,466.55,471.52,372439,1756.12,13339, 190239, 51.08,0.5107923713681972,2025-06-05
SANGAMIND, EQ, 05-Jun-2025,404.1,406.1,424.2,403.75,420.2,421.25,417.27,41547,173.36,3597, 23925, 57.59,0.5758538522637013,2025-06-05
SANGHIIND, EQ, 05-Jun-2025,61.26,60.82,61.77,60.82,61.06,61.11,61.4,91753,56.34,1019, 52880, 57.63,0.576329929266618,2025-06-05
SANGHVIMOV, EQ, 05-Jun-2025,308.2,308.7,314.4,305.0,305.6,306.55,310.11,591298,1833.7,13796, 224511, 37.97,0.37969179669134684,2025-06-05
SANGINITA, BE, 05-Jun-2025,10.5,10.8,10.8,10.22,10.59,10.58,10.6,11939,1.27,72, -, -,,2025-06-05
SANOFI, EQ, 05-Jun-2025,6181.0,6193.5,6219.0,6120.5,6160.0,6174.5,6172.04,6387,394.21,1983, 2273, 35.59,0.3558791294817598,2025-06-05
SANOFICONR, EQ, 05-Jun-2025,5240.5,5188.0,5295.0,5056.5,5083.0,5111.5,5146.46,4050,208.43,1562, 1509, 37.26,0.3725925925925926,2025-06-05
SANSERA, EQ, 05-Jun-2025,1349.1,1374.9,1396.0,1339.0,1339.9,1342.0,1362.05,128355,1748.26,10992, 49035, 38.20,0.3820264111253944,2025-06-05
SANSTAR, EQ, 05-Jun-2025,89.98,90.25,92.38,89.1,89.56,89.83,90.59,453866,411.17,5027, 268815, 59.23,0.5922783376591328,2025-06-05
SANWARIA, BZ, 05-Jun-2025,0.37,0.37,0.38,0.36,0.36,0.36,0.37,1015745,3.77,200, -, -,,2025-06-05
SAPPHIRE, EQ, 05-Jun-2025,316.6,319.0,329.75,318.15,326.65,326.35,324.93,355416,1154.85,23653, 226928, 63.85,0.6384856056001981,2025-06-05
SARDAEN, EQ, 05-Jun-2025,438.55,440.0,454.0,439.05,441.6,442.35,446.59,555850,2482.39,16793, 268254, 48.26,0.4826014212467392,2025-06-05
SAREGAMA, EQ, 05-Jun-2025,567.5,573.0,585.0,573.0,582.0,579.9,579.58,821384,4760.59,28021, 340592, 41.47,0.41465623873851937,2025-06-05
SARLAPOLY, BE, 05-Jun-2025,118.38,119.96,119.96,116.85,118.45,118.19,118.22,82434,97.46,730, -, -,,2025-06-05
SARVESHWAR, EQ, 05-Jun-2025,7.36,7.29,7.45,7.29,7.34,7.36,7.39,1695113,125.2,3012, 811529, 47.87,0.47874625467446713,2025-06-05
SASKEN, EQ, 05-Jun-2025,1481.6,1480.0,1494.3,1467.8,1473.0,1475.2,1477.61,10456,154.5,1446, 4279, 40.92,0.409238714613619,2025-06-05
SASTASUNDR, EQ, 05-Jun-2025,259.35,261.5,265.6,258.4,260.0,259.4,259.96,14231,36.99,449, 11115, 78.10,0.7810413885180241,2025-06-05
SATIA, EQ, 05-Jun-2025,78.79,79.18,81.95,78.83,80.0,79.8,80.6,170350,137.3,2498, 95018, 55.78,0.5577810390372762,2025-06-05
SATIN, EQ, 05-Jun-2025,154.93,155.3,158.5,154.39,155.4,155.9,156.41,152537,238.58,5470, 78253, 51.30,0.5130099582396402,2025-06-05
SATINDLTD, EQ, 05-Jun-2025,86.32,86.89,87.99,85.76,87.43,86.64,86.69,118040,102.32,1768, 72753, 61.63,0.6163419179939004,2025-06-05
SAURASHCEM, EQ, 05-Jun-2025,89.94,90.62,90.69,89.0,89.0,89.43,89.54,36533,32.71,609, 19678, 53.86,0.5386363014261079,2025-06-05
SBC, EQ, 05-Jun-2025,14.88,14.98,15.0,14.67,15.0,14.93,14.89,5481735,816.09,3285, 3588891, 65.47,0.6546998349974962,2025-06-05
SBCL, EQ, 05-Jun-2025,504.2,504.2,505.0,490.7,493.35,492.9,495.93,44792,222.14,5235, 22845, 51.00,0.5100241114484729,2025-06-05
SBFC, EQ, 05-Jun-2025,113.66,113.02,113.74,112.29,112.77,112.78,112.94,1257865,1420.58,8593, 625805, 49.75,0.4975136441510019,2025-06-05
SBGLP, BE, 05-Jun-2025,40.24,40.2,40.49,38.82,39.99,39.99,39.41,26354,10.39,129, -, -,,2025-06-05
SBIBPB, EQ, 05-Jun-2025,41.57,42.4,42.4,40.87,41.49,41.37,41.55,17197,7.14,173, 14156, 82.32,0.8231668314240856,2025-06-05
SBICARD, EQ, 05-Jun-2025,942.05,942.05,945.85,937.3,943.0,944.35,942.82,572580,5398.41,39601, 315974, 55.18,0.551842537287366,2025-06-05
SBIETFCON, EQ, 05-Jun-2025,116.92,116.92,118.16,116.92,117.72,117.73,117.72,3119,3.67,101, 2495, 79.99,0.7999358768836166,2025-06-05
SBIETFIT, EQ, 05-Jun-2025,401.42,401.0,406.5,401.0,403.85,403.37,402.45,4142,16.67,159, 2982, 71.99,0.7199420569773056,2025-06-05
SBIETFPB, EQ, 05-Jun-2025,277.7,277.45,278.48,276.2,278.05,277.23,277.25,4825,13.38,122, 2908, 60.27,0.6026943005181347,2025-06-05
SBIETFQLTY, EQ, 05-Jun-2025,220.76,219.66,221.84,219.66,220.75,220.79,220.86,1561,3.45,82, 1210, 77.51,0.7751441383728379,2025-06-05
SBILIFE, EQ, 05-Jun-2025,1775.9,1782.0,1791.0,1765.0,1775.0,1774.8,1777.82,912222,16217.7,58369, 503550, 55.20,0.552003788551471,2025-06-05
SBIN, EQ, 05-Jun-2025,806.5,808.7,811.7,802.85,806.8,806.0,806.79,13595507,109686.54,176672, 8216020, 60.43,0.6043187650155305,2025-06-05
SBINEQWETF, EQ, 05-Jun-2025,30.81,31.05,31.16,30.91,30.91,30.97,31.02,36305,11.26,231, 35457, 97.66,0.9766423357664233,2025-06-05
SBISILVER, EQ, 05-Jun-2025,100.41,100.91,103.7,100.07,102.74,102.71,101.9,171077,174.33,1151, 105890, 61.90,0.618961052625426,2025-06-05
SCHAEFFLER, EQ, 05-Jun-2025,4213.9,4250.0,4364.8,4190.9,4300.0,4315.8,4300.9,189241,8139.07,28791, 113642, 60.05,0.6005146876205474,2025-06-05
SCHAND, EQ, 05-Jun-2025,209.18,210.3,217.0,210.03,214.39,214.33,213.66,102400,218.79,3432, 43403, 42.39,0.423857421875,2025-06-05
SCHNEIDER, EQ, 05-Jun-2025,772.65,774.2,777.7,761.9,765.0,765.05,769.08,220445,1695.41,11449, 93496, 42.41,0.4241239311392864,2025-06-05
SCI, EQ, 05-Jun-2025,209.15,210.74,217.75,209.75,214.0,213.68,213.63,7166145,15309.22,56090, 1956068, 27.30,0.2729595898492146,2025-06-05
SCILAL, EQ, 05-Jun-2025,55.08,55.4,56.8,54.82,55.09,54.96,55.68,1549497,862.79,11904, 621715, 40.12,0.4012366593804312,2025-06-05
SCODATUBES, BE, 05-Jun-2025,147.0,145.02,154.35,145.0,154.35,154.35,151.49,2606966,3949.33,41610, -, -,,2025-06-05
SCPL, EQ, 05-Jun-2025,324.85,325.8,346.0,323.25,331.8,331.55,336.52,27546,92.7,1487, 18759, 68.10,0.6810063167065998,2025-06-05
SDBL, EQ, 05-Jun-2025,140.59,141.37,154.5,140.5,153.0,152.63,149.63,6199729,9276.81,50043, 2408697, 38.85,0.38851649805983457,2025-06-05
SDL26BEES, EQ, 05-Jun-2025,130.92,131.5,131.68,131.01,131.02,131.02,131.29,2365,3.11,49, 1546, 65.37,0.6536997885835095,2025-06-05
SEAMECLTD, EQ, 05-Jun-2025,903.15,897.6,916.45,888.8,890.0,891.3,899.21,11495,103.36,2790, 6244, 54.32,0.5431926924749891,2025-06-05
SECMARK, BE, 05-Jun-2025,158.42,158.4,160.0,156.9,159.0,159.48,159.05,4104,6.53,33, -, -,,2025-06-05
SECURKLOUD, BE, 05-Jun-2025,24.94,25.17,25.17,24.01,24.55,24.33,24.5,13558,3.32,71, -, -,,2025-06-05
SEJALLTD, BE, 05-Jun-2025,509.5,519.0,526.55,485.1,514.5,494.55,500.45,4547,22.76,109, -, -,,2025-06-05
SELAN, EQ, 05-Jun-2025,573.0,578.05,583.6,559.45,562.0,562.4,568.79,40982,233.1,2484, 20824, 50.81,0.508125518520326,2025-06-05
SELECTIPO, EQ, 05-Jun-2025,48.23,49.5,49.5,47.75,48.71,48.62,48.64,56973,27.71,120, 53816, 94.46,0.9445877871974444,2025-06-05
SELMC, BE, 05-Jun-2025,36.35,37.78,37.78,35.6,36.0,36.09,36.5,14233,5.19,162, -, -,,2025-06-05
SEMAC, BE, 05-Jun-2025,370.4,370.0,388.9,356.45,382.0,382.0,382.01,1706,6.52,51, -, -,,2025-06-05
SENCO, EQ, 05-Jun-2025,372.05,374.0,376.65,368.0,373.0,369.7,371.23,351516,1304.95,12719, 246292, 70.07,0.7006565846220372,2025-06-05
SENORES, EQ, 05-Jun-2025,515.4,516.9,536.0,512.75,527.0,525.75,525.15,254858,1338.4,9738, 117725, 46.19,0.461923894874793,2025-06-05
SENSEXADD, EQ, 05-Jun-2025,82.53,81.75,83.03,81.75,82.92,82.92,82.61,1137,0.94,55, 653, 57.43,0.5743183817062445,2025-06-05
SENSEXETF, EQ, 05-Jun-2025,82.31,82.22,83.25,82.2,82.9,83.0,82.8,12242,10.14,174, 11290, 92.22,0.9222349289331808,2025-06-05
SENSEXIETF, EQ, 05-Jun-2025,917.1,921.68,927.9,920.89,926.25,923.68,922.58,9152,84.43,404, 4003, 43.74,0.43739073426573427,2025-06-05
SEPC, EQ, 05-Jun-2025,14.74,14.79,15.36,14.69,14.82,14.82,14.98,12217457,1830.11,12894, 2867593, 23.47,0.23471275569048453,2025-06-05
SEQUENT, EQ, 05-Jun-2025,192.3,191.91,194.8,191.0,192.0,192.63,193.13,434896,839.92,14332, 205008, 47.14,0.4713954600640153,2025-06-05
SERVOTECH, EQ, 05-Jun-2025,164.08,165.0,165.54,151.9,152.2,152.63,154.68,4418081,6833.72,44240, 1694686, 38.36,0.38357965822718054,2025-06-05
SESHAPAPER, EQ, 05-Jun-2025,285.65,288.6,289.85,285.25,288.7,287.75,287.38,10693,30.73,483, 7454, 69.71,0.6970915552230431,2025-06-05
SETCO, BE, 05-Jun-2025,18.53,18.31,18.49,18.15,18.3,18.3,18.24,49145,8.97,74, -, -,,2025-06-05
SETF10GILT, EQ, 05-Jun-2025,259.13,259.13,259.13,258.76,258.84,258.85,258.88,12194,31.57,108, 11585, 95.01,0.9500574052812859,2025-06-05
SETFGOLD, EQ, 05-Jun-2025,83.82,84.79,84.79,83.66,84.22,84.29,84.09,2138656,1798.32,5562, 1568668, 73.35,0.7334830847036644,2025-06-05
SETFNIF50, EQ, 05-Jun-2025,261.3,262.47,263.97,261.3,262.76,262.95,262.87,331746,872.05,3378, 244260, 73.63,0.736286194859923,2025-06-05
SETFNIFBK, EQ, 05-Jun-2025,566.34,566.33,569.29,565.75,566.12,567.66,567.28,323743,1836.52,402, 320226, 98.91,0.9891364446489963,2025-06-05
SETFNN50, EQ, 05-Jun-2025,709.29,708.31,714.85,708.31,708.5,710.08,710.91,35373,251.47,1330, 21446, 60.63,0.606281627229808,2025-06-05
SETUINFRA, BZ, 05-Jun-2025,0.78,0.79,0.81,0.78,0.81,0.79,0.79,19781,0.16,31, -, -,,2025-06-05
SEYAIND, BE, 05-Jun-2025,17.51,18.35,18.38,17.11,18.38,18.38,18.34,3086,0.57,34, -, -,,2025-06-05
SFL, EQ, 05-Jun-2025,626.4,631.0,686.0,629.0,658.0,656.1,667.72,1748527,11675.18,79090, 543683, 31.09,0.3109377207214987,2025-06-05
SGIL, EQ, 05-Jun-2025,522.15,522.15,529.0,515.1,527.4,525.0,523.37,21452,112.27,1215, 12222, 56.97,0.5697370874510536,2025-06-05
SGL, EQ, 05-Jun-2025,15.67,15.15,16.99,15.15,16.6,16.57,16.58,131701,21.84,586, 84072, 63.84,0.6383550618446329,2025-06-05
SGLTL, EQ, 05-Jun-2025,189.21,190.9,194.5,186.0,187.5,189.23,190.25,2213214,4210.74,15736, 509995, 23.04,0.23043185159681803,2025-06-05
SHAH, EQ, 05-Jun-2025,3.09,3.13,3.14,3.05,3.09,3.06,3.08,787598,24.22,820, 577663, 73.34,0.7334490438015333,2025-06-05
SHAHALLOYS, BE, 05-Jun-2025,54.89,54.0,55.95,54.0,54.0,54.07,54.79,17771,9.74,86, -, -,,2025-06-05
SHAILY, EQ, 05-Jun-2025,1882.1,1885.5,1904.8,1796.9,1800.0,1803.0,1838.05,151504,2784.72,19615, 100959, 66.64,0.6663784454535854,2025-06-05
SHAKTIPUMP, EQ, 05-Jun-2025,876.8,881.35,895.0,879.1,891.0,890.9,888.23,448306,3981.99,18315, 273758, 61.06,0.6106498686165254,2025-06-05
SHALBY, EQ, 05-Jun-2025,183.17,183.5,185.26,180.0,180.65,180.67,181.63,187610,340.75,3727, 112960, 60.21,0.6021001012739193,2025-06-05
SHALPAINTS, EQ, 05-Jun-2025,97.07,97.61,100.9,97.61,99.5,99.53,99.74,167747,167.3,2139, 108413, 64.63,0.6462887562817815,2025-06-05
SHANKARA, EQ, 05-Jun-2025,910.95,909.95,927.8,901.35,918.1,918.7,916.63,122918,1126.7,6035, 60486, 49.21,0.4920841536634179,2025-06-05
SHANTI, BE, 05-Jun-2025,22.92,22.46,22.46,22.46,22.46,22.46,22.46,45523,10.22,216, -, -,,2025-06-05
SHANTIGEAR, EQ, 05-Jun-2025,502.25,502.95,517.55,502.95,505.3,506.1,508.78,63258,321.85,4236, 41083, 64.95,0.649451452780676,2025-06-05
SHARDACROP, EQ, 05-Jun-2025,797.75,800.9,825.0,785.0,794.0,795.4,801.29,711206,5698.86,34392, 214060, 30.10,0.3009817127527046,2025-06-05
SHARDAMOTR, EQ, 05-Jun-2025,1900.7,1904.8,1927.6,1899.0,1902.3,1904.8,1907.96,29110,555.41,3671, 18778, 64.51,0.6450704225352113,2025-06-05
SHAREINDIA, EQ, 05-Jun-2025,177.63,178.97,181.0,176.77,179.38,179.51,179.1,624158,1117.87,11359, 322057, 51.60,0.5159863367929274,2025-06-05
SHARIABEES, EQ, 05-Jun-2025,498.86,501.16,505.0,498.33,501.5,501.81,501.36,4744,23.78,484, 3617, 76.24,0.7624367622259697,2025-06-05
SHEKHAWATI, BE, 05-Jun-2025,23.25,23.24,23.69,22.55,23.26,23.07,22.96,14025,3.22,135, -, -,,2025-06-05
SHEMAROO, BE, 05-Jun-2025,110.17,109.0,110.25,107.6,108.0,108.23,108.43,3728,4.04,64, -, -,,2025-06-05
SHILPAMED, EQ, 05-Jun-2025,883.6,889.6,905.45,885.05,905.45,898.7,895.87,180377,1615.94,6690, 103915, 57.61,0.5760989483138094,2025-06-05
SHIVALIK, EQ, 05-Jun-2025,553.15,555.0,568.95,546.8,550.0,550.15,553.99,33390,184.98,1856, 19308, 57.83,0.5782569631626235,2025-06-05
SHIVAMAUTO, EQ, 05-Jun-2025,32.15,32.4,33.18,30.9,31.9,31.73,31.93,136114,43.47,1608, 76211, 55.99,0.5599056673082857,2025-06-05
SHIVAMILLS, EQ, 05-Jun-2025,77.88,77.0,78.8,76.78,77.98,77.66,77.74,2527,1.96,127, 1370, 54.21,0.5421448357736446,2025-06-05
SHIVATEX, EQ, 05-Jun-2025,213.43,216.03,220.0,214.1,217.0,215.88,216.72,5865,12.71,573, 2702, 46.07,0.4606990622335891,2025-06-05
SHK, EQ, 05-Jun-2025,241.97,243.95,252.15,241.44,244.2,244.85,247.52,438317,1084.91,15216, 200556, 45.76,0.45755925505969425,2025-06-05
SHOPERSTOP, EQ, 05-Jun-2025,497.55,498.4,504.9,493.75,500.55,501.75,500.92,16973,85.02,2465, 7912, 46.62,0.46615212396158606,2025-06-05
SHRADHA, EQ, 05-Jun-2025,64.1,66.98,67.95,63.96,64.26,64.95,65.76,45880,30.17,680, 31998, 69.74,0.6974280732345248,2025-06-05
SHREDIGCEM, EQ, 05-Jun-2025,79.76,80.2,80.75,77.76,78.0,78.02,79.1,426172,337.09,5208, 267383, 62.74,0.6274063054353641,2025-06-05
SHREECEM, EQ, 05-Jun-2025,29440.0,29460.0,29615.0,29340.0,29535.0,29515.0,29454.37,27504,8101.13,12177, 17869, 64.97,0.6496873182082606,2025-06-05
SHREEPUSHK, EQ, 05-Jun-2025,328.4,328.4,345.0,322.15,325.0,326.85,336.7,475748,1601.83,15306, 98779, 20.76,0.20762882870763513,2025-06-05
SHREERAMA, EQ, 05-Jun-2025,44.45,44.05,46.05,43.3,44.38,44.22,45.04,220545,99.32,1181, 143541, 65.08,0.6508467659661293,2025-06-05
SHRENIK, BE, 05-Jun-2025,0.6,0.62,0.63,0.61,0.63,0.62,0.63,708023,4.45,491, -, -,,2025-06-05
SHREYANIND, EQ, 05-Jun-2025,222.63,221.48,233.9,219.62,228.98,229.53,228.2,47605,108.63,1825, 32209, 67.66,0.6765885936351224,2025-06-05
SHRIPISTON, EQ, 05-Jun-2025,2445.6,2525.0,2560.0,2468.5,2485.0,2478.6,2505.95,178652,4476.93,25308, 55578, 31.11,0.31109643328929987,2025-06-05
SHRIRAMFIN, EQ, 05-Jun-2025,641.2,647.0,654.8,638.1,650.4,651.45,647.77,4542850,29427.28,69855, 2177811, 47.94,0.47939311225332115,2025-06-05
SHRIRAMPPS, EQ, 05-Jun-2025,94.22,95.45,98.75,94.27,97.85,97.95,97.18,4266060,4145.68,23691, 1556438, 36.48,0.3648420322264572,2025-06-05
SHYAMCENT, BE, 05-Jun-2025,7.95,7.79,7.79,7.79,7.79,7.79,7.79,83560,6.51,162, -, -,,2025-06-05
SHYAMMETL, EQ, 05-Jun-2025,852.35,856.0,871.25,848.95,865.8,865.55,861.38,315777,2720.04,11087, 155741, 49.32,0.4931993147062642,2025-06-05
SHYAMTEL, EQ, 05-Jun-2025,13.26,13.49,13.6,12.9,13.44,13.44,13.06,8954,1.17,68, 6429, 71.80,0.7180031270940361,2025-06-05
SIEMENS, EQ, 05-Jun-2025,3309.3,3315.0,3336.3,3276.6,3280.0,3280.5,3298.93,185492,6119.24,20137, 72504, 39.09,0.39087399995687144,2025-06-05
SIGACHI, EQ, 05-Jun-2025,55.76,56.0,57.05,54.4,54.87,54.86,56.24,6618459,3722.51,18292, 1634555, 24.70,0.24696912075756608,2025-06-05
SIGIND, BE, 05-Jun-2025,69.01,69.01,69.01,65.55,67.65,68.3,66.91,31300,20.94,280, -, -,,2025-06-05
SIGMA, BE, 05-Jun-2025,361.4,363.0,365.0,355.2,361.5,362.45,360.36,4193,15.11,172, -, -,,2025-06-05
SIGNATURE, EQ, 05-Jun-2025,1234.5,1234.5,1252.9,1227.9,1252.9,1246.5,1243.22,320147,3980.12,10692, 61375, 19.17,0.19170880876597313,2025-06-05
SIGNPOST, EQ, 05-Jun-2025,192.33,190.8,205.38,190.8,203.0,202.7,199.86,139601,279.01,5528, 71701, 51.36,0.513613799328085,2025-06-05
SIKKO, EQ, 05-Jun-2025,77.18,77.9,77.9,75.01,76.75,75.9,76.63,27472,21.05,669, 19892, 72.41,0.7240827023878859,2025-06-05
SIL, EQ, 05-Jun-2025,19.59,19.86,19.86,19.41,19.7,19.61,19.68,36666,7.21,398, 26785, 73.05,0.7305132820596738,2025-06-05
SILGO, BE, 05-Jun-2025,53.29,54.35,54.35,54.08,54.08,54.08,54.35,12345,6.71,41, -, -,,2025-06-05
SILINV, EQ, 05-Jun-2025,619.25,625.4,625.4,613.9,621.05,618.45,619.43,1488,9.22,227, 974, 65.46,0.6545698924731183,2025-06-05
SILLYMONKS, EQ, 05-Jun-2025,15.88,16.0,16.6,15.8,16.0,15.9,16.03,5863,0.94,54, 4258, 72.62,0.7262493603957019,2025-06-05
SILVER, EQ, 05-Jun-2025,102.0,104.0,105.49,101.86,105.2,104.86,103.7,713911,740.36,2334, 404938, 56.72,0.5672107587640476,2025-06-05
SILVER1, EQ, 05-Jun-2025,99.34,99.33,102.83,99.0,101.9,102.0,101.07,201655,203.81,1124, 138407, 68.64,0.6863554089906028,2025-06-05
SILVER360, EQ, 05-Jun-2025,101.0,101.5,105.0,100.99,105.0,103.41,102.37,1696,1.74,66, 972, 57.31,0.5731132075471698,2025-06-05
SILVERADD, EQ, 05-Jun-2025,98.79,98.91,102.06,98.27,101.79,101.66,101.47,707078,717.47,801, 615937, 87.11,0.8711019152059603,2025-06-05
SILVERBEES, EQ, 05-Jun-2025,98.1,98.57,101.31,97.92,100.7,100.72,99.56,13429315,13369.9,31129, 8054771, 59.98,0.5997901605554714,2025-06-05
SILVERCASE, EQ, 05-Jun-2025,10.4,10.52,10.75,10.39,10.71,10.68,10.52,1244470,130.94,1406, 813231, 65.35,0.6534757768367256,2025-06-05
SILVERETF, EQ, 05-Jun-2025,99.26,100.48,104.01,99.07,102.24,102.04,100.62,364742,367.0,2081, 218360, 59.87,0.5986697446414178,2025-06-05
SILVERIETF, EQ, 05-Jun-2025,102.05,103.4,105.2,101.85,104.69,104.86,102.91,5158061,5308.12,5521, 4747454, 92.04,0.9203950864481828,2025-06-05
SILVERTUC, EQ, 05-Jun-2025,769.5,771.8,783.1,761.0,768.5,770.25,773.12,15362,118.77,446, 10313, 67.13,0.6713318578310116,2025-06-05
SILVRETF, EQ, 05-Jun-2025,100.03,100.53,102.8,99.22,102.5,102.5,100.38,98341,98.72,498, 72928, 74.16,0.7415828596414517,2025-06-05
SIMBHALS, BE, 05-Jun-2025,16.11,15.48,16.6,15.42,15.88,15.89,16.09,26173,4.21,91, -, -,,2025-06-05
SIMPLEXINF, EQ, 05-Jun-2025,280.15,280.85,294.15,280.8,293.0,293.05,293.11,177052,518.96,1438, 114314, 64.57,0.645652124799494,2025-06-05
SINCLAIR, EQ, 05-Jun-2025,92.0,92.77,93.53,90.58,91.23,91.38,91.72,57167,52.43,951, 40454, 70.76,0.7076460195567372,2025-06-05
SINDHUTRAD, EQ, 05-Jun-2025,22.2,22.35,22.4,22.02,22.2,22.23,22.24,7100094,1579.4,2155, 5400959, 76.07,0.760688379618636,2025-06-05
SINTERCOM, EQ, 05-Jun-2025,129.12,130.78,130.98,127.26,128.5,128.16,128.66,1657,2.13,50, 1427, 86.12,0.8611949305974653,2025-06-05
SIRCA, EQ, 05-Jun-2025,359.5,360.0,368.3,356.2,362.75,363.25,364.61,300046,1093.98,5784, 197458, 65.81,0.6580924258280397,2025-06-05
SIS, EQ, 05-Jun-2025,367.3,370.0,384.0,367.35,379.9,376.55,372.79,927923,3459.23,20025, 716241, 77.19,0.7718754681153501,2025-06-05
SITINET, BZ, 05-Jun-2025,0.5,0.51,0.51,0.49,0.51,0.5,0.5,482683,2.42,152, -, -,,2025-06-05
SIYSIL, EQ, 05-Jun-2025,707.4,710.2,719.4,702.2,705.95,704.35,708.63,52643,373.04,5227, 28647, 54.42,0.5441749140436525,2025-06-05
SJS, EQ, 05-Jun-2025,1102.6,1109.0,1122.6,1102.7,1113.4,1116.9,1115.36,54791,611.12,5825, 30102, 54.94,0.5493967987443193,2025-06-05
SJVN, EQ, 05-Jun-2025,98.71,99.09,103.71,98.91,102.62,102.5,102.42,25588717,26208.08,75465, 7262358, 28.38,0.28381094683254343,2025-06-05
SKFINDIA, EQ, 05-Jun-2025,4774.8,4790.0,4796.0,4732.2,4749.0,4751.7,4761.07,35029,1667.76,8189, 24573, 70.15,0.7015044677267407,2025-06-05
SKIPPER, EQ, 05-Jun-2025,495.75,498.0,501.9,486.35,488.0,487.45,492.58,378888,1866.32,13490, 192531, 50.81,0.5081475264458098,2025-06-05
SKMEGGPROD, EQ, 05-Jun-2025,206.86,207.9,232.79,205.49,221.65,220.49,222.75,375707,836.89,8413, 99396, 26.46,0.2645572214518228,2025-06-05
SKYGOLD, BE, 05-Jun-2025,381.35,383.0,384.0,367.1,380.0,381.0,375.8,471528,1771.99,6850, -, -,,2025-06-05
SMALLCAP, EQ, 05-Jun-2025,46.6,46.69,47.19,46.65,47.1,47.07,47.02,1957451,920.41,3406, 919929, 47.00,0.46996272192764976,2025-06-05
SMARTLINK, EQ, 05-Jun-2025,161.88,163.0,165.0,160.0,160.21,161.93,163.95,10055,16.49,213, 8517, 84.70,0.8470412729985082,2025-06-05
SMCGLOBAL, EQ, 05-Jun-2025,119.2,119.97,121.18,117.3,117.5,117.7,118.63,244693,290.27,2988, 123512, 50.48,0.5047631113272549,2025-06-05
SMLISUZU, EQ, 05-Jun-2025,1886.9,1914.0,1940.0,1884.0,1898.0,1906.2,1912.71,25357,485.01,3244, 11585, 45.69,0.45687581338486416,2025-06-05
SMLT, EQ, 05-Jun-2025,121.92,123.2,123.2,120.0,121.2,120.34,121.17,20824,25.23,690, 13447, 64.57,0.6457452938916635,2025-06-05
SMSLIFE, EQ, 05-Jun-2025,1309.8,1324.4,1330.0,1263.1,1281.0,1286.8,1300.04,2154,28.0,308, 1492, 69.27,0.6926648096564532,2025-06-05
SMSPHARMA, EQ, 05-Jun-2025,254.2,254.2,258.6,248.0,249.4,249.45,252.23,131503,331.69,7429, 70796, 53.84,0.5383603415891652,2025-06-05
SNOWMAN, EQ, 05-Jun-2025,58.42,58.06,59.04,57.7,57.98,57.95,58.23,362302,210.98,2649, 188405, 52.00,0.5200219706211945,2025-06-05
SOBHA, EQ, 05-Jun-2025,1516.0,1522.3,1648.0,1511.0,1602.1,1602.3,1597.21,1787336,28547.44,75724, 347569, 19.45,0.19446203735615464,2025-06-05
SOFTTECH, EQ, 05-Jun-2025,331.2,344.85,346.7,324.0,342.0,342.0,340.84,5669,19.32,299, 4828, 85.16,0.8516493208678779,2025-06-05
SOLARA, EQ, 05-Jun-2025,473.75,475.8,478.0,472.0,474.6,472.85,474.9,62620,297.38,3481, 36476, 58.25,0.5824976045991695,2025-06-05
SOLARINDS, EQ, 05-Jun-2025,16809.0,16890.0,17049.0,16810.0,16997.0,17023.0,16949.88,118708,20120.86,31378, 56595, 47.68,0.47675809549482767,2025-06-05
SOMANYCERA, EQ, 05-Jun-2025,459.5,462.5,474.4,456.3,465.5,468.65,462.86,29587,136.95,3237, 15808, 53.43,0.5342887078784602,2025-06-05
SOMATEX, EQ, 05-Jun-2025,42.48,43.1,43.8,41.51,42.02,42.22,42.62,35632,15.19,993, 17525, 49.18,0.49183318365514145,2025-06-05
SOMICONVEY, EQ, 05-Jun-2025,163.53,166.4,166.4,158.0,158.05,158.87,159.53,83273,132.84,1153, 74086, 88.97,0.8896761255148727,2025-06-05
SONACOMS, EQ, 05-Jun-2025,538.05,536.4,541.9,527.0,528.0,528.1,533.86,1110583,5928.96,31592, 641062, 57.72,0.5772301574938569,2025-06-05
SONAMLTD, EQ, 05-Jun-2025,45.48,45.99,48.8,44.66,48.0,47.99,47.38,283849,134.48,1921, 205182, 72.29,0.7228561664828835,2025-06-05
SONATSOFTW, EQ, 05-Jun-2025,412.35,413.6,416.4,408.0,409.0,409.45,412.98,744518,3074.68,18584, 261091, 35.07,0.3506846039988288,2025-06-05
SOTL, EQ, 05-Jun-2025,425.45,423.1,434.4,420.05,425.9,423.05,427.52,42979,183.74,3724, 21506, 50.04,0.5003839084203914,2025-06-05
SOUTHBANK, EQ, 05-Jun-2025,29.28,29.32,29.59,29.1,29.14,29.16,29.32,11997172,3517.52,25675, 6324132, 52.71,0.527135228202113,2025-06-05
SOUTHWEST, EQ, 05-Jun-2025,146.18,145.03,150.81,142.82,145.29,144.07,145.87,88446,129.01,2763, 30693, 34.70,0.3470253035750627,2025-06-05
SPAL, EQ, 05-Jun-2025,849.45,853.65,856.05,836.5,849.9,848.6,847.44,22712,192.47,3146, 11306, 49.78,0.4977985206058471,2025-06-05
SPANDANA, EQ, 05-Jun-2025,260.65,265.9,272.95,263.9,272.9,272.35,270.57,405994,1098.51,13056, 152542, 37.57,0.3757247644053853,2025-06-05
SPARC, EQ, 05-Jun-2025,156.83,156.83,165.7,156.83,161.5,162.04,162.05,6549366,10613.44,65724, 1768366, 27.00,0.2700056768853657,2025-06-05
SPCENET, BE, 05-Jun-2025,8.59,8.5,8.88,8.16,8.3,8.34,8.35,1025041,85.63,785, -, -,,2025-06-05
SPECIALITY, EQ, 05-Jun-2025,125.39,126.3,130.06,125.02,128.25,128.17,128.65,26580,34.2,712, 16660, 62.68,0.6267870579382995,2025-06-05
SPECTRUM, EQ, 05-Jun-2025,1651.1,1663.5,1679.9,1621.0,1630.0,1639.6,1645.16,3548,58.37,282, 2820, 79.48,0.7948139797068771,2025-06-05
SPENCERS, EQ, 05-Jun-2025,60.31,60.5,62.48,60.5,62.09,62.17,61.87,240604,148.87,2001, 106937, 44.45,0.4444522950574388,2025-06-05
SPIC, EQ, 05-Jun-2025,86.5,86.54,88.8,86.11,86.9,86.46,87.22,695405,606.52,6472, 260031, 37.39,0.3739274235876935,2025-06-05
SPLIL, BE, 05-Jun-2025,37.99,37.8,38.9,37.3,37.4,37.47,37.5,4087,1.53,48, -, -,,2025-06-05
SPLPETRO, EQ, 05-Jun-2025,715.9,711.0,729.7,711.0,716.0,720.5,721.07,13726,98.97,1713, 6611, 48.16,0.4816406819175288,2025-06-05
SPMLINFRA, EQ, 05-Jun-2025,191.56,191.04,194.5,186.86,187.79,187.66,189.11,74334,140.57,1490, 47327, 63.67,0.636680388516695,2025-06-05
SPORTKING, EQ, 05-Jun-2025,109.21,110.0,111.0,109.1,110.15,110.24,110.02,161954,178.19,2708, 82056, 50.67,0.5066623856156687,2025-06-05
SRD, EQ, 05-Jun-2025,57.99,58.43,59.8,58.26,59.8,59.22,59.06,108624,64.15,1031, 41282, 38.00,0.3800449256149654,2025-06-05
SREEL, EQ, 05-Jun-2025,243.88,245.28,248.73,242.41,244.0,243.84,245.44,4600,11.29,636, 1948, 42.35,0.4234782608695652,2025-06-05
SRF, EQ, 05-Jun-2025,3046.9,3057.0,3127.0,3028.3,3102.0,3106.7,3106.68,1208524,37545.0,70685, 672842, 55.67,0.556746907798273,2025-06-05
SRGHFL, EQ, 05-Jun-2025,303.0,306.85,308.4,302.1,305.0,305.05,305.5,4154,12.69,218, 3162, 76.12,0.7611940298507462,2025-06-05
SRHHYPOLTD, EQ, 05-Jun-2025,561.75,564.85,669.8,564.8,649.0,654.95,633.53,726374,4601.78,27807, 107331, 14.78,0.14776272278468117,2025-06-05
SRM, EQ, 05-Jun-2025,440.7,442.9,447.0,430.0,441.2,441.05,435.57,124614,542.78,6063, 54377, 43.64,0.43636349045853595,2025-06-05
SRPL, BZ, 05-Jun-2025,0.8,0.8,0.81,0.76,0.76,0.76,0.77,1310461,10.06,561, -, -,,2025-06-05
SSDL, EQ, 05-Jun-2025,99.68,99.99,103.0,99.06,100.95,100.46,101.0,36475,36.84,957, 23498, 64.42,0.6442220699108979,2025-06-05
SSWL, EQ, 05-Jun-2025,246.29,247.6,248.5,241.15,243.0,242.04,244.43,130267,318.41,5264, 57512, 44.15,0.4414932408054227,2025-06-05
STALLION, BE, 05-Jun-2025,76.1,77.4,77.5,74.6,74.6,74.6,76.74,97195,74.59,375, -, -,,2025-06-05
STANLEY, EQ, 05-Jun-2025,343.5,346.0,365.0,341.8,358.0,355.65,355.34,145143,515.75,10188, 71358, 49.16,0.49163927988259853,2025-06-05
STAR, EQ, 05-Jun-2025,790.75,790.95,812.5,783.25,789.4,789.8,797.51,435338,3471.87,26606, 134777, 30.96,0.3095916276548337,2025-06-05
STARCEMENT, EQ, 05-Jun-2025,216.99,217.4,219.5,216.25,216.3,216.63,217.3,123844,269.11,4457, 65169, 52.62,0.5262184683957236,2025-06-05
STARHEALTH, EQ, 05-Jun-2025,467.1,471.25,477.05,467.1,468.95,470.5,471.37,507293,2391.24,28561, 305270, 60.18,0.6017626894122332,2025-06-05
STARPAPER, EQ, 05-Jun-2025,175.6,174.17,177.03,174.0,175.5,175.23,175.41,9758,17.12,253, 6560, 67.23,0.6722689075630253,2025-06-05
STARTECK, EQ, 05-Jun-2025,285.0,292.85,293.15,280.1,280.25,281.9,283.88,10597,30.08,350, 1747, 16.49,0.1648579786732094,2025-06-05
STCINDIA, EQ, 05-Jun-2025,157.9,159.0,162.49,156.62,158.18,159.08,159.73,244265,390.17,4980, 56750, 23.23,0.23232964198718606,2025-06-05
STEELCAS, EQ, 05-Jun-2025,1099.2,1110.0,1140.0,1076.7,1088.5,1088.8,1093.56,60654,663.29,11075, 24285, 40.04,0.4003857948362845,2025-06-05
STEELCITY, EQ, 05-Jun-2025,102.15,101.52,105.99,101.52,105.5,104.64,103.5,35158,36.39,446, 22178, 63.08,0.6308094885943455,2025-06-05
STEELXIND, EQ, 05-Jun-2025,8.25,8.34,8.4,8.23,8.24,8.24,8.32,1158451,96.33,2278, 647763, 55.92,0.5591630548033538,2025-06-05
STEL, BE, 05-Jun-2025,417.1,417.1,427.0,411.0,417.9,416.6,417.95,2371,9.91,63, -, -,,2025-06-05
STERTOOLS, EQ, 05-Jun-2025,347.35,348.0,352.55,341.05,341.15,341.95,345.94,152298,526.85,5482, 74549, 48.95,0.48949428094919173,2025-06-05
STLTECH, EQ, 05-Jun-2025,73.66,73.15,77.0,73.15,75.3,75.18,75.79,1524716,1155.52,25453, 707893, 46.43,0.4642785935216788,2025-06-05
STOVEKRAFT, EQ, 05-Jun-2025,579.2,581.0,615.0,581.0,590.8,591.2,598.86,501913,3005.76,17470, 163377, 32.55,0.3255086040807869,2025-06-05
STYLAMIND, EQ, 05-Jun-2025,1702.8,1707.0,1712.8,1674.0,1678.8,1680.7,1684.95,32095,540.79,6887, 22108, 68.88,0.6888300358311263,2025-06-05
STYLEBAAZA, EQ, 05-Jun-2025,259.95,260.0,267.35,253.75,255.1,254.6,259.46,253557,657.88,5187, 148397, 58.53,0.5852609078037679,2025-06-05
STYRENIX, EQ, 05-Jun-2025,3256.0,3288.6,3346.5,3279.3,3312.0,3317.6,3317.6,58047,1925.77,8250, 34414, 59.29,0.592864402983789,2025-06-05
SUBEXLTD, EQ, 05-Jun-2025,14.68,14.65,15.81,14.65,15.35,15.26,15.42,8920145,1375.22,13242, 3449956, 38.68,0.38676008069375556,2025-06-05
SUBROS, EQ, 05-Jun-2025,750.8,750.8,764.95,743.15,747.5,745.45,751.78,45344,340.89,4003, 22202, 48.96,0.4896347918136909,2025-06-05
SUDARSCHEM, EQ, 05-Jun-2025,1152.2,1148.0,1200.0,1145.0,1176.1,1181.2,1179.37,185880,2192.21,15290, 86884, 46.74,0.46741984075747794,2025-06-05
SUKHJITS, EQ, 05-Jun-2025,187.87,189.86,197.0,187.0,192.98,189.59,190.89,19051,36.37,949, 11495, 60.34,0.6033803999790037,2025-06-05
SULA, EQ, 05-Jun-2025,294.7,294.7,305.35,292.2,295.5,294.25,298.17,490448,1462.35,15679, 246937, 50.35,0.5034927250187584,2025-06-05
SUMICHEM, EQ, 05-Jun-2025,501.2,504.0,520.0,501.55,518.0,517.4,512.18,426326,2183.54,15407, 269688, 63.26,0.6325863306483771,2025-06-05
SUMIT, EQ, 05-Jun-2025,96.33,98.95,100.0,96.58,99.74,99.72,98.72,52425,51.76,507, 45285, 86.38,0.8638054363376252,2025-06-05
SUMMITSEC, EQ, 05-Jun-2025,2071.7,2055.2,2169.8,2055.2,2130.0,2122.0,2129.56,13524,288.0,3280, 4940, 36.53,0.365276545400769,2025-06-05
SUNCLAY, EQ, 05-Jun-2025,2251.9,2268.8,2293.9,2226.9,2264.9,2253.6,2256.82,5988,135.14,2289, 2549, 42.57,0.425684702738811,2025-06-05
SUNDARAM, EQ, 05-Jun-2025,2.14,2.15,2.19,2.12,2.15,2.13,2.15,546212,11.72,538, 174312, 31.91,0.31912883642248796,2025-06-05
SUNDARMFIN, EQ, 05-Jun-2025,5065.0,5033.0,5100.0,4950.0,5008.5,5000.5,5017.51,49708,2494.1,9221, 23875, 48.03,0.48030498108956304,2025-06-05
SUNDARMHLD, EQ, 05-Jun-2025,389.0,390.95,394.9,386.3,394.0,389.8,391.53,78782,308.46,6403, 40644, 51.59,0.5159046482699093,2025-06-05
SUNDRMBRAK, EQ, 05-Jun-2025,834.2,834.2,863.95,834.2,863.0,856.75,850.49,1087,9.24,274, 694, 63.85,0.6384544618215271,2025-06-05
SUNDRMFAST, EQ, 05-Jun-2025,995.0,1015.0,1042.4,998.6,1003.0,1003.8,1009.34,652195,6582.84,22189, 509892, 78.18,0.7818091215050713,2025-06-05
SUNDROP, EQ, 05-Jun-2025,913.6,920.5,920.5,900.05,900.05,900.45,903.16,5706,51.53,632, 4047, 70.93,0.7092534174553102,2025-06-05
SUNFLAG, EQ, 05-Jun-2025,271.05,273.4,300.0,273.4,296.9,297.1,291.17,2939715,8559.6,62442, 936666, 31.86,0.3186247646455524,2025-06-05
SUNPHARMA, EQ, 05-Jun-2025,1664.9,1662.0,1694.3,1662.0,1681.0,1683.1,1680.75,2037073,34238.04,97217, 1203563, 59.08,0.5908295873540124,2025-06-05
SUNTECK, EQ, 05-Jun-2025,434.95,438.9,441.15,430.05,434.0,432.5,435.37,282755,1231.03,9980, 105984, 37.48,0.37482626301922156,2025-06-05
SUNTV, EQ, 05-Jun-2025,630.6,633.0,633.25,602.5,615.0,619.7,623.73,108435,676.34,5685, 56433, 52.04,0.5204315949647255,2025-06-05
SUPERHOUSE, EQ, 05-Jun-2025,175.53,176.36,178.99,168.5,169.15,170.76,171.67,19304,33.14,499, 11279, 58.43,0.5842830501450477,2025-06-05
SUPERSPIN, EQ, 05-Jun-2025,10.23,10.05,10.45,10.0,10.1,10.07,10.13,81772,8.28,206, 65818, 80.49,0.8048965416034829,2025-06-05
SUPRAJIT, EQ, 05-Jun-2025,433.2,433.0,475.0,431.0,473.25,471.25,460.18,957959,4408.37,37991, 454944, 47.49,0.474909677762827,2025-06-05
SUPREME, EQ, 05-Jun-2025,95.94,96.9,98.32,94.02,95.75,96.36,95.45,185094,176.67,1735, 26491, 14.31,0.1431218732103688,2025-06-05
SUPREMEENG, BE, 05-Jun-2025,2.17,2.21,2.27,2.07,2.27,2.24,2.21,203042,4.48,303, -, -,,2025-06-05
SUPREMEIND, EQ, 05-Jun-2025,4286.5,4295.0,4360.2,4267.1,4340.0,4353.1,4331.26,205473,8899.57,24950, 103333, 50.29,0.5029030578226823,2025-06-05
SUPREMEINF, BZ, 05-Jun-2025,87.0,85.0,90.0,84.05,84.5,84.5,84.93,20107,17.08,75, -, -,,2025-06-05
SUPRIYA, EQ, 05-Jun-2025,699.7,710.0,712.75,692.05,694.0,694.7,699.74,174442,1220.64,11007, 99117, 56.82,0.5681945861661756,2025-06-05
SURAJEST, EQ, 05-Jun-2025,346.2,351.4,385.4,345.8,383.2,380.15,364.11,1025218,3732.93,37977, 394954, 38.52,0.38523904184280805,2025-06-05
SURAJLTD, EQ, 05-Jun-2025,386.1,389.6,410.0,380.0,384.75,382.6,396.58,23828,94.5,797, 3616, 15.18,0.15175423871076044,2025-06-05
SURAKSHA, EQ, 05-Jun-2025,331.5,331.5,335.0,326.05,332.15,332.7,331.14,36453,120.71,2372, 16969, 46.55,0.46550352508709847,2025-06-05
SURANASOL, EQ, 05-Jun-2025,36.76,36.49,38.24,36.0,36.54,36.45,37.27,209722,78.16,3498, 84055, 40.08,0.4007924776609035,2025-06-05
SURANAT&P, EQ, 05-Jun-2025,20.09,20.4,20.4,19.9,20.0,19.98,19.99,209422,41.87,1390, 169083, 80.74,0.8073793584246163,2025-06-05
SURYALAXMI, EQ, 05-Jun-2025,69.04,70.31,72.38,69.9,71.4,71.33,71.33,10550,7.53,344, 6804, 64.49,0.6449289099526067,2025-06-05
SURYAROSNI, EQ, 05-Jun-2025,333.05,333.4,344.1,333.4,340.0,340.15,340.35,608971,2072.6,14802, 407436, 66.91,0.6690564903747469,2025-06-05
SURYODAY, EQ, 05-Jun-2025,146.39,146.39,149.78,143.66,146.5,144.71,147.19,382220,562.58,5171, 219648, 57.47,0.5746638061849196,2025-06-05
SUTLEJTEX, BE, 05-Jun-2025,41.0,40.2,40.25,40.2,40.2,40.2,40.2,17354,6.98,61, -, -,,2025-06-05
SUULD, BZ, 05-Jun-2025,3.0,2.85,2.99,2.85,2.85,2.85,2.85,22093,0.63,54, -, -,,2025-06-05
SUVEN, EQ, 05-Jun-2025,234.28,234.28,240.0,232.0,233.94,233.62,236.21,306778,724.65,5519, 137502, 44.82,0.44821336601711986,2025-06-05
SUVIDHAA, BE, 05-Jun-2025,3.79,3.82,3.85,3.77,3.8,3.8,3.8,72099,2.74,258, -, -,,2025-06-05
SUYOG, BE, 05-Jun-2025,797.45,799.9,825.5,790.0,812.25,813.6,803.46,38754,311.37,618, -, -,,2025-06-05
SUZLON, EQ, 05-Jun-2025,66.72,67.0,68.6,66.5,66.97,66.77,67.51,116558636,78686.86,222146, 45289543, 38.86,0.38855587671770625,2025-06-05
SVLL, BE, 05-Jun-2025,730.4,717.0,765.4,717.0,751.0,759.15,753.41,1822,13.73,103, -, -,,2025-06-05
SVPGLOB, BE, 05-Jun-2025,3.4,3.4,3.4,3.34,3.36,3.36,3.36,12781,0.43,45, -, -,,2025-06-05
SWANENERGY, EQ, 05-Jun-2025,449.2,454.0,468.8,451.8,461.7,458.3,459.91,6183666,28439.41,89457, 1950053, 31.54,0.31535548653501017,2025-06-05
SWARAJENG, EQ, 05-Jun-2025,3921.3,3969.8,3969.8,3900.1,3917.6,3916.6,3922.35,12420,487.16,2813, 7523, 60.57,0.6057165861513688,2025-06-05
SWELECTES, BE, 05-Jun-2025,595.25,607.15,607.15,607.15,607.15,607.15,607.15,8960,54.4,103, -, -,,2025-06-05
SWIGGY, EQ, 05-Jun-2025,362.75,361.0,370.0,357.1,365.15,364.15,364.56,40086834,146139.35,247998, 20249829, 50.51,0.5051491220284445,2025-06-05
SWSOLAR, EQ, 05-Jun-2025,302.65,304.5,307.15,294.4,296.85,296.9,299.35,2441287,7308.08,36741, 1202630, 49.26,0.49262130998936215,2025-06-05
SYMPHONY, EQ, 05-Jun-2025,1173.3,1173.3,1183.3,1156.8,1162.0,1159.7,1167.49,73513,858.25,6913, 33732, 45.89,0.4588576170201189,2025-06-05
SYNCOMF, EQ, 05-Jun-2025,20.83,20.91,21.47,20.9,21.18,21.2,21.24,3836158,814.76,10055, 1672054, 43.59,0.4358668230036406,2025-06-05
SYNGENE, EQ, 05-Jun-2025,647.4,651.0,651.95,645.85,646.5,646.7,647.81,220608,1429.11,8823, 120483, 54.61,0.5461406657963447,2025-06-05
SYRMA, EQ, 05-Jun-2025,535.5,539.8,545.0,535.5,540.0,540.55,539.78,517934,2795.71,22297, 269295, 51.99,0.5199407646534114,2025-06-05
TAINWALCHM, EQ, 05-Jun-2025,211.05,215.61,215.61,210.0,213.01,212.48,212.94,2689,5.73,194, 1559, 57.98,0.5797694310152472,2025-06-05
TAJGVK, EQ, 05-Jun-2025,439.25,440.8,444.4,431.5,432.0,432.45,436.44,148439,647.84,6760, 70063, 47.20,0.4719985987510021,2025-06-05
TAKE, BZ, 05-Jun-2025,8.55,8.5,8.7,8.5,8.7,8.7,8.53,18513,1.58,58, -, -,,2025-06-05
TALBROAUTO, EQ, 05-Jun-2025,293.05,296.0,296.0,286.1,289.0,287.6,290.68,90520,263.12,3941, 42329, 46.76,0.46762041537781707,2025-06-05
TANLA, EQ, 05-Jun-2025,626.3,630.5,638.6,625.0,626.0,628.6,631.38,524862,3313.87,17619, 198549, 37.83,0.3782880071333036,2025-06-05
TARACHAND, BE, 05-Jun-2025,56.41,57.53,57.53,57.5,57.53,57.53,57.53,104978,60.39,178, -, -,,2025-06-05
TARAPUR, BE, 05-Jun-2025,24.85,24.18,26.09,24.05,26.09,25.59,25.2,55014,13.86,266, -, -,,2025-06-05
TARC, EQ, 05-Jun-2025,166.33,165.0,177.49,165.0,174.6,173.93,173.01,1438714,2489.06,19496, 764713, 53.15,0.5315253761345201,2025-06-05
TARIL, EQ, 05-Jun-2025,533.8,538.5,538.75,529.5,530.75,530.5,533.41,414876,2213.01,14727, 239392, 57.70,0.5770206037466616,2025-06-05
TARMAT, EQ, 05-Jun-2025,55.46,55.84,56.43,53.8,54.3,54.37,55.09,13470,7.42,513, 7602, 56.44,0.5643652561247215,2025-06-05
TARSONS, EQ, 05-Jun-2025,383.45,385.35,388.0,377.3,383.8,380.35,383.89,25881,99.35,2402, 13748, 53.12,0.5312004945713071,2025-06-05
TASTYBITE, EQ, 05-Jun-2025,10500.0,10539.0,10599.0,10370.0,10370.0,10383.0,10471.24,1193,124.92,700, 622, 52.14,0.5213746856663872,2025-06-05
TATACHEM, EQ, 05-Jun-2025,915.15,916.0,936.5,911.4,932.0,930.4,927.88,1531901,14214.21,38267, 432122, 28.21,0.28208219721770533,2025-06-05
TATACOMM, EQ, 05-Jun-2025,1682.7,1683.5,1718.8,1683.5,1714.7,1713.1,1710.7,268839,4599.02,25011, 110272, 41.02,0.410178582720513,2025-06-05
TATACONSUM, EQ, 05-Jun-2025,1124.4,1124.5,1127.1,1108.2,1112.4,1111.9,1116.55,1044950,11667.42,40600, 518261, 49.60,0.49596727116129957,2025-06-05
TATAELXSI, EQ, 05-Jun-2025,6447.5,6467.0,6500.0,6446.0,6493.0,6491.5,6474.56,91106,5898.71,13262, 33306, 36.56,0.36557416635567364,2025-06-05
TATAGOLD, EQ, 05-Jun-2025,9.54,9.77,9.77,9.3,9.6,9.58,9.56,9325858,891.82,34701, 6701939, 71.86,0.7186404725441884,2025-06-05
TATAINVEST, EQ, 05-Jun-2025,6622.0,6632.0,6718.0,6603.0,6633.0,6633.5,6664.23,28137,1875.11,7289, 9840, 34.97,0.34971745388634184,2025-06-05
TATAMOTORS, EQ, 05-Jun-2025,709.15,712.8,714.45,704.0,710.1,710.15,709.0,10203331,72341.25,152774, 4444785, 43.56,0.435620975150174,2025-06-05
TATAPOWER, EQ, 05-Jun-2025,393.65,393.0,397.95,392.3,394.0,393.55,395.07,3947460,15595.08,47266, 1496323, 37.91,0.3790596991483131,2025-06-05
TATASTEEL, EQ, 05-Jun-2025,158.18,158.86,159.09,157.05,158.05,157.97,157.93,23708504,37443.26,122241, 12633200, 53.29,0.5328552151582403,2025-06-05
TATATECH, EQ, 05-Jun-2025,759.55,761.5,776.0,760.6,765.9,764.6,765.32,2797200,21407.63,46672, 1386660, 49.57,0.49573144573144573,2025-06-05
TATSILV, EQ, 05-Jun-2025,9.94,10.18,10.26,9.8,10.22,10.19,10.02,3548165,355.38,6286, 2581399, 72.75,0.7275307095357741,2025-06-05
TATVA, EQ, 05-Jun-2025,945.9,950.6,962.0,931.0,937.1,934.9,942.84,63274,596.57,5040, 31018, 49.02,0.49021715080443784,2025-06-05
TBOTEK, EQ, 05-Jun-2025,1363.9,1374.7,1377.9,1320.0,1332.0,1329.1,1348.85,122223,1648.6,13057, 52547, 42.99,0.42992726409922843,2025-06-05
TBZ, EQ, 05-Jun-2025,187.04,188.0,191.05,186.34,187.3,187.17,188.84,138916,262.32,4042, 59290, 42.68,0.4268046877249561,2025-06-05
TCI, EQ, 05-Jun-2025,1134.7,1150.0,1150.0,1130.5,1147.0,1145.8,1140.8,23329,266.14,4121, 12488, 53.53,0.5352994127480818,2025-06-05
TCIEXP, EQ, 05-Jun-2025,823.55,818.3,825.4,804.75,817.0,814.35,812.83,25971,211.1,4218, 12447, 47.93,0.4792653344114589,2025-06-05
TCIFINANCE, EQ, 05-Jun-2025,12.27,12.5,12.5,11.9,12.25,12.16,12.17,17925,2.18,461, 12707, 70.89,0.7088981868898186,2025-06-05
TCPLPACK, EQ, 05-Jun-2025,3834.1,3830.0,3877.9,3795.5,3820.0,3806.8,3829.0,7594,290.77,2799, 3388, 44.61,0.44614169080853305,2025-06-05
TCS, EQ, 05-Jun-2025,3380.9,3409.0,3409.0,3363.7,3374.0,3371.1,3380.39,3584683,121176.24,129913, 2261231, 63.08,0.630803616386721,2025-06-05
TDPOWERSYS, EQ, 05-Jun-2025,507.1,510.0,517.95,505.75,514.1,514.85,512.18,590129,3022.51,23661, 221504, 37.53,0.37534844076464635,2025-06-05
TEAMLEASE, EQ, 05-Jun-2025,1928.8,1937.5,1952.8,1897.0,1900.0,1900.0,1910.59,58216,1112.27,6497, 43013, 73.89,0.7388518620310568,2025-06-05
TECH, EQ, 05-Jun-2025,39.22,39.68,39.76,39.19,39.44,39.36,39.43,14218,5.61,175, 6209, 43.67,0.4366999577999719,2025-06-05
TECHM, EQ, 05-Jun-2025,1556.7,1560.0,1570.3,1547.0,1562.0,1562.8,1560.37,1529586,23867.28,80709, 866523, 56.65,0.566508192412849,2025-06-05
TECHNOE, EQ, 05-Jun-2025,1542.9,1540.0,1550.1,1495.0,1510.0,1506.4,1516.88,380743,5775.4,25135, 177519, 46.62,0.46624363415742376,2025-06-05
TEGA, EQ, 05-Jun-2025,1589.9,1597.1,1633.2,1583.1,1615.0,1624.6,1611.09,40021,644.77,6151, 18996, 47.47,0.47465080832562906,2025-06-05
TEJASNET, EQ, 05-Jun-2025,706.7,711.9,728.4,711.0,717.0,715.05,719.16,1128407,8115.02,33693, 422027, 37.40,0.3740024654224938,2025-06-05
TEMBO, BE, 05-Jun-2025,480.0,480.0,481.05,480.0,480.0,480.0,480.07,9119,43.78,178, -, -,,2025-06-05
TERASOFT, BE, 05-Jun-2025,257.65,262.8,262.8,262.8,262.8,262.8,262.8,1514,3.98,13, -, -,,2025-06-05
TEXINFRA, EQ, 05-Jun-2025,105.56,106.35,110.4,106.08,106.72,107.18,108.31,978049,1059.33,9982, 423590, 43.31,0.4330969102775014,2025-06-05
TEXMOPIPES, EQ, 05-Jun-2025,66.27,66.84,67.19,63.99,65.2,65.18,65.47,119614,78.31,1555, 75421, 63.05,0.6305365592656378,2025-06-05
TEXRAIL, EQ, 05-Jun-2025,171.98,174.4,178.7,172.51,175.0,174.77,175.17,7798653,13661.06,64195, 2535171, 32.51,0.3250780615575536,2025-06-05
TFCILTD, EQ, 05-Jun-2025,230.02,231.4,231.79,225.0,228.9,229.59,229.28,1194181,2737.97,14645, 354266, 29.67,0.2966602215242078,2025-06-05
TFL, BE, 05-Jun-2025,15.34,15.29,15.64,15.04,15.64,15.64,15.39,6626,1.02,18, -, -,,2025-06-05
TGBHOTELS, EQ, 05-Jun-2025,11.17,11.5,11.5,11.02,11.03,11.06,11.12,10258,1.14,127, 6841, 66.69,0.6668941314096315,2025-06-05
THANGAMAYL, EQ, 05-Jun-2025,1916.6,1907.3,1927.1,1905.0,1908.6,1908.3,1911.9,16023,306.34,3113, 8105, 50.58,0.5058353616676028,2025-06-05
THEINVEST, EQ, 05-Jun-2025,147.79,146.6,152.0,146.6,148.0,148.0,149.04,25285,37.68,459, 17262, 68.27,0.6826972513347834,2025-06-05
THEJO, EQ, 05-Jun-2025,1881.1,1880.1,1905.0,1859.9,1860.0,1868.5,1887.43,7051,133.08,1430, 4885, 69.28,0.6928095305630407,2025-06-05
THELEELA, EQ, 05-Jun-2025,435.15,433.1,436.5,430.1,432.6,431.65,434.38,618715,2687.6,26056, 498532, 80.58,0.8057538608244507,2025-06-05
THEMISMED, EQ, 05-Jun-2025,137.64,138.9,141.37,137.11,138.2,138.36,139.05,67956,94.49,2004, 36296, 53.41,0.5341103066690212,2025-06-05
THERMAX, EQ, 05-Jun-2025,3515.0,3550.0,3566.6,3506.4,3522.9,3531.4,3544.01,106468,3773.24,22492, 63762, 59.89,0.5988841717699215,2025-06-05
THOMASCOOK, EQ, 05-Jun-2025,176.24,176.1,179.05,172.24,174.21,175.17,176.1,1563291,2752.95,20891, 591213, 37.82,0.3781848676925793,2025-06-05
THOMASCOTT, EQ, 05-Jun-2025,327.1,332.0,343.45,331.0,338.0,337.75,337.7,40521,136.84,1102, 21348, 52.68,0.5268379358850966,2025-06-05
THYROCARE, EQ, 05-Jun-2025,1000.1,1004.9,1024.0,986.0,993.6,996.7,1005.34,45786,460.3,5982, 20108, 43.92,0.4391735464989298,2025-06-05
TI, EQ, 05-Jun-2025,360.85,363.5,366.8,357.3,361.0,361.7,361.14,795712,2873.64,14901, 320015, 40.22,0.40217440480978045,2025-06-05
TICL, BE, 05-Jun-2025,25.6,25.72,25.87,24.7,25.4,25.18,25.2,26913,6.78,170, -, -,,2025-06-05
TIIL, EQ, 05-Jun-2025,3012.6,3042.1,3148.0,3015.0,3086.4,3112.8,3088.02,11181,345.27,3457, 4933, 44.12,0.44119488417851715,2025-06-05
TIINDIA, EQ, 05-Jun-2025,3078.0,3089.8,3119.0,3075.3,3080.8,3085.4,3091.19,88946,2749.49,13213, 47024, 52.87,0.5286803228925415,2025-06-05
TIJARIA, BE, 05-Jun-2025,6.39,6.26,6.65,6.26,6.5,6.34,6.4,37359,2.39,96, -, -,,2025-06-05
TIL, EQ, 05-Jun-2025,382.4,384.9,394.15,374.5,375.0,376.2,383.59,32051,122.95,1298, 21427, 66.85,0.6685282830488908,2025-06-05
TIMESGTY, EQ, 05-Jun-2025,161.8,162.99,167.58,161.73,164.0,166.59,165.95,2782,4.62,162, 2118, 76.13,0.7613227893601725,2025-06-05
TIMETECHNO, EQ, 05-Jun-2025,382.1,383.15,398.85,383.15,398.1,392.55,388.68,1205966,4687.39,18721, 529381, 43.90,0.4389684286289995,2025-06-05
TIMKEN, EQ, 05-Jun-2025,3274.0,3300.0,3312.1,3275.0,3300.0,3298.1,3297.57,121896,4019.6,12035, 95035, 77.96,0.7796400210015095,2025-06-05
TINNARUBR, EQ, 05-Jun-2025,949.9,959.4,975.95,950.0,959.85,957.85,958.22,17031,163.19,2469, 8902, 52.27,0.5226939111032822,2025-06-05
TIPSFILMS, EQ, 05-Jun-2025,590.05,594.9,625.0,582.4,615.0,611.25,610.48,20509,125.2,1671, 9655, 47.08,0.47076893071334536,2025-06-05
TIPSMUSIC, EQ, 05-Jun-2025,671.95,672.4,718.0,667.85,705.9,704.35,699.08,594994,4159.5,32452, 241869, 40.65,0.4065066202348259,2025-06-05
TIRUMALCHM, EQ, 05-Jun-2025,271.79,273.4,278.0,268.0,268.55,268.9,273.4,264647,723.54,12937, 111126, 41.99,0.41990273836468955,2025-06-05
TIRUPATIFL, BE, 05-Jun-2025,36.26,36.0,36.98,36.0,36.98,36.98,36.94,141031,52.1,285, -, -,,2025-06-05
TITAGARH, EQ, 05-Jun-2025,930.05,938.4,944.7,923.25,934.0,933.95,935.41,3652725,34167.93,80989, 982964, 26.91,0.26910429884538256,2025-06-05
TITAN, EQ, 05-Jun-2025,3499.8,3498.7,3535.0,3474.2,3502.4,3504.0,3504.79,608651,21331.97,56202, 306422, 50.34,0.5034445026788751,2025-06-05
TMB, EQ, 05-Jun-2025,452.25,454.0,455.8,448.5,452.0,451.5,452.24,74362,336.29,4235, 47606, 64.02,0.6401925714746779,2025-06-05
TNIDETF, EQ, 05-Jun-2025,90.28,90.28,91.83,90.26,91.7,91.54,91.32,66501,60.73,705, 46017, 69.20,0.6919745567735823,2025-06-05
TNPETRO, EQ, 05-Jun-2025,90.33,90.45,91.11,88.5,88.51,88.65,89.5,319475,285.93,2574, 154270, 48.29,0.48288598481884343,2025-06-05
TNPL, EQ, 05-Jun-2025,164.83,166.5,167.32,160.32,162.47,161.69,163.46,71263,116.49,2312, 39734, 55.76,0.5575684436523862,2025-06-05
TNTELE, EQ, 05-Jun-2025,9.39,9.71,10.0,9.07,9.2,9.13,9.42,84277,7.94,903, 46561, 55.25,0.5524757644434425,2025-06-05
TOKYOPLAST, EQ, 05-Jun-2025,147.41,149.23,152.0,147.42,150.6,150.0,149.75,21853,32.72,778, 14869, 68.04,0.680410012355283,2025-06-05
TOLINS, BE, 05-Jun-2025,141.23,144.1,148.29,142.5,144.75,144.18,146.24,82961,121.32,1334, -, -,,2025-06-05
TOP100CASE, EQ, 05-Jun-2025,10.49,10.8,10.8,10.4,10.53,10.54,10.55,713622,75.27,1469, 494326, 69.27,0.6927000568928648,2025-06-05
TOP10ADD, EQ, 05-Jun-2025,97.18,97.19,98.33,96.97,97.56,97.51,97.48,31933,31.13,639, 25501, 79.86,0.7985782732596374,2025-06-05
TORNTPHARM, EQ, 05-Jun-2025,3137.1,3139.0,3169.8,3133.4,3138.0,3141.7,3144.85,252641,7945.18,30192, 170167, 67.36,0.6735525904346483,2025-06-05
TORNTPOWER, EQ, 05-Jun-2025,1419.1,1428.9,1434.4,1407.5,1412.0,1410.5,1415.72,285426,4040.84,19191, 151774, 53.17,0.5317455312410222,2025-06-05
TOTAL, EQ, 05-Jun-2025,81.41,81.41,84.99,77.3,78.4,79.55,81.02,19225,15.58,702, 11303, 58.79,0.5879323797139142,2025-06-05
TOUCHWOOD, EQ, 05-Jun-2025,89.84,90.11,93.19,89.83,91.0,91.46,90.93,2300,2.09,108, 1571, 68.30,0.6830434782608695,2025-06-05
TPHQ, BE, 05-Jun-2025,0.74,0.75,0.75,0.73,0.73,0.73,0.74,1266227,9.37,613, -, -,,2025-06-05
TPLPLASTEH, EQ, 05-Jun-2025,82.19,82.0,84.58,81.24,81.3,81.44,82.78,172450,142.75,1691, 40988, 23.77,0.23768048709770948,2025-06-05
TRACXN, EQ, 05-Jun-2025,57.27,57.05,57.95,56.91,57.25,57.38,57.42,131457,75.48,1696, 67106, 51.05,0.5104787116699757,2025-06-05
TRANSRAILL, EQ, 05-Jun-2025,669.0,671.7,674.3,650.0,653.0,653.4,659.75,1093524,7214.53,30085, 405575, 37.09,0.37088806464238555,2025-06-05
TRANSWORLD, EQ, 05-Jun-2025,289.5,290.0,297.25,290.0,291.0,291.95,293.9,14317,42.08,739, 7876, 55.01,0.550115247607739,2025-06-05
TREEHOUSE, BE, 05-Jun-2025,8.2,8.02,8.48,8.0,8.3,8.02,8.05,80222,6.46,144, -, -,,2025-06-05
TREJHARA, EQ, 05-Jun-2025,243.02,245.99,247.01,241.2,244.0,242.63,243.95,6896,16.82,420, 3914, 56.76,0.5675754060324826,2025-06-05
TREL, EQ, 05-Jun-2025,33.22,33.44,33.86,32.69,33.1,33.02,33.37,149793,49.98,1230, 75129, 50.16,0.5015521419558991,2025-06-05
TRENT, EQ, 05-Jun-2025,5506.5,5539.0,5709.0,5516.0,5680.0,5673.0,5654.2,1212876,68578.39,102851, 450587, 37.15,0.3715029401191878,2025-06-05
TRF, EQ, 05-Jun-2025,378.25,383.4,383.4,375.2,382.4,381.4,380.54,34465,131.15,927, 23687, 68.73,0.6872769476280285,2025-06-05
TRIDENT, EQ, 05-Jun-2025,31.02,31.11,31.43,30.83,31.1,31.03,31.15,7463599,2324.82,21482, 2344812, 31.42,0.3141663961314106,2025-06-05
TRIGYN, EQ, 05-Jun-2025,84.06,84.95,86.49,82.71,83.0,83.16,84.33,47497,40.06,1144, 20632, 43.44,0.43438532959976417,2025-06-05
TRITURBINE, EQ, 05-Jun-2025,591.15,591.8,596.7,585.35,587.75,587.15,588.96,716723,4221.23,23769, 400752, 55.91,0.559144885820603,2025-06-05
TRIVENI, EQ, 05-Jun-2025,423.75,425.0,445.5,425.0,443.15,441.35,439.63,787731,3463.08,24257, 236501, 30.02,0.30023066249773084,2025-06-05
TRU, BE, 05-Jun-2025,12.31,12.55,12.55,12.55,12.55,12.55,12.55,29934,3.76,40, -, -,,2025-06-05
TTKHLTCARE, EQ, 05-Jun-2025,1219.6,1237.8,1238.0,1218.0,1218.1,1224.9,1227.51,3539,43.44,826, 1782, 50.35,0.5035320712065555,2025-06-05
TTKPRESTIG, EQ, 05-Jun-2025,613.8,619.0,621.75,610.0,618.75,618.5,618.08,46628,288.2,3558, 22777, 48.85,0.48848331474650425,2025-06-05
TTL, EQ, 05-Jun-2025,15.07,14.85,15.75,14.85,15.25,15.31,15.32,125679,19.25,671, 81047, 64.49,0.6448730495946021,2025-06-05
TTML, EQ, 05-Jun-2025,72.41,72.8,74.75,71.85,72.2,72.33,73.3,7633396,5595.35,32735, 1482942, 19.43,0.19427028284658623,2025-06-05
TVSELECT, EQ, 05-Jun-2025,400.2,400.2,408.0,391.8,394.0,394.55,397.54,32906,130.81,1762, 13069, 39.72,0.3971616118640977,2025-06-05
TVSHLTD, EQ, 05-Jun-2025,11264.0,11264.0,11540.0,11067.0,11090.0,11099.0,11275.85,7557,852.12,3144, 3768, 49.86,0.49861055974593094,2025-06-05
TVSMOTOR, EQ, 05-Jun-2025,2760.4,2769.7,2769.7,2704.2,2722.2,2717.6,2730.64,969443,26472.04,55360, 653583, 67.42,0.6741840417641883,2025-06-05
TVSSCS, EQ, 05-Jun-2025,132.2,133.0,136.7,132.39,133.5,133.26,134.1,1660273,2226.43,29889, 777728, 46.84,0.4684338057656783,2025-06-05
TVSSRICHAK, EQ, 05-Jun-2025,2960.3,2965.1,2994.6,2952.0,2964.0,2954.4,2961.87,1681,49.79,602, 960, 57.11,0.5710886377156454,2025-06-05
TVTODAY, EQ, 05-Jun-2025,169.67,168.8,172.29,168.0,168.7,168.6,169.95,55031,93.53,1772, 26471, 48.10,0.48101978884628666,2025-06-05
TVVISION, BE, 05-Jun-2025,7.89,8.28,8.28,8.07,8.28,8.28,8.28,68823,5.7,96, -, -,,2025-06-05
UBL, EQ, 05-Jun-2025,2029.7,2045.0,2056.1,2015.3,2025.0,2024.6,2033.99,165323,3362.65,6797, 138419, 83.73,0.8372640225497965,2025-06-05
UCAL, EQ, 05-Jun-2025,145.95,147.84,147.84,144.17,147.0,145.52,146.27,18317,26.79,504, 11962, 65.31,0.6530545394988262,2025-06-05
UCOBANK, EQ, 05-Jun-2025,33.91,34.0,34.27,33.55,33.85,33.89,33.95,11415367,3875.07,25396, 4854845, 42.53,0.4252903126110619,2025-06-05
UDAICEMENT, EQ, 05-Jun-2025,30.29,30.44,30.61,30.01,30.49,30.18,30.3,192750,58.39,1373, 115334, 59.84,0.598360570687419,2025-06-05
UDS, EQ, 05-Jun-2025,306.9,308.9,311.6,307.0,308.5,309.05,309.53,155740,482.06,5991, 90992, 58.43,0.5842558109669963,2025-06-05
UEL, BE, 05-Jun-2025,313.25,328.9,328.9,328.9,328.9,328.9,328.9,218,0.72,36, -, -,,2025-06-05
UFLEX, EQ, 05-Jun-2025,627.65,632.0,632.65,620.0,620.8,621.35,625.8,42916,268.57,3134, 23345, 54.40,0.5439696150619815,2025-06-05
UFO, EQ, 05-Jun-2025,68.71,69.7,70.29,68.49,69.22,68.89,69.3,135010,93.56,1937, 50545, 37.44,0.3743796755795867,2025-06-05
UGARSUGAR, EQ, 05-Jun-2025,48.49,48.69,50.72,48.63,49.86,49.54,49.9,503433,251.22,4186, 233244, 46.33,0.4633069345871248,2025-06-05
UGROCAP, EQ, 05-Jun-2025,179.33,175.74,176.99,171.8,173.29,173.17,173.45,257894,447.31,7092, 144569, 56.06,0.560575275113031,2025-06-05
UJJIVANSFB, EQ, 05-Jun-2025,43.38,43.77,44.67,43.71,44.5,44.5,44.38,9251860,4106.29,29787, 6311130, 68.21,0.6821471574364506,2025-06-05
ULTRACEMCO, EQ, 05-Jun-2025,11033.0,11038.0,11180.0,11003.0,11180.0,11159.0,11133.68,191183,21285.71,26613, 113875, 59.56,0.5956335029788213,2025-06-05
UMAEXPORTS, EQ, 05-Jun-2025,65.32,65.32,74.77,59.5,60.35,59.94,65.38,1559296,1019.5,14057, 394559, 25.30,0.2530366267854211,2025-06-05
UMANGDAIRY, EQ, 05-Jun-2025,80.01,80.48,82.45,80.0,80.56,81.36,81.27,28074,22.81,816, 15081, 53.72,0.5371874332122248,2025-06-05
UMESLTD, BE, 05-Jun-2025,5.87,5.9,5.9,5.71,5.72,5.72,5.76,11950,0.69,70, -, -,,2025-06-05
UMIYA-MRO, EQ, 05-Jun-2025,69.53,70.0,71.4,69.2,69.4,70.49,70.64,9314,6.58,176, 7822, 83.98,0.8398110371483788,2025-06-05
UNICHEMLAB, EQ, 05-Jun-2025,592.7,590.0,605.0,590.0,598.0,595.95,597.9,13771,82.34,1219, 6035, 43.82,0.4382397792462421,2025-06-05
UNIDT, EQ, 05-Jun-2025,188.7,189.0,190.99,188.58,189.8,189.84,189.81,6787,12.88,330, 4473, 65.91,0.659054073964933,2025-06-05
UNIECOM, EQ, 05-Jun-2025,133.6,134.5,143.5,134.21,142.7,141.79,140.02,1525597,2136.19,16314, 481595, 31.57,0.3156764204439311,2025-06-05
UNIENTER, EQ, 05-Jun-2025,161.26,162.75,162.79,159.12,160.9,160.51,161.49,5366,8.67,222, 3006, 56.02,0.5601938128960119,2025-06-05
UNIINFO, BE, 05-Jun-2025,19.8,19.8,19.8,19.4,19.4,19.4,19.43,6427,1.25,32, -, -,,2025-06-05
UNIMECH, EQ, 05-Jun-2025,1299.3,1332.0,1332.0,1265.9,1301.0,1300.1,1298.58,158264,2055.18,10890, 57328, 36.22,0.3622301976444422,2025-06-05
UNIONBANK, EQ, 05-Jun-2025,153.15,153.78,154.35,151.38,152.99,152.55,152.69,8518868,13007.36,50144, 3302081, 38.76,0.38761969313293737,2025-06-05
UNIONGOLD, EQ, 05-Jun-2025,96.5,96.95,97.1,96.35,97.1,97.05,96.78,214,0.21,22, 199, 92.99,0.9299065420560748,2025-06-05
UNIPARTS, EQ, 05-Jun-2025,361.65,361.0,367.05,360.05,365.15,364.1,363.65,35694,129.8,2466, 17587, 49.27,0.4927158626099625,2025-06-05
UNITDSPR, EQ, 05-Jun-2025,1584.1,1581.0,1644.8,1572.0,1609.0,1610.0,1624.42,2195473,35663.75,78945, 980583, 44.66,0.44663860589494836,2025-06-05
UNITECH, BZ, 05-Jun-2025,7.5,7.82,7.87,7.75,7.87,7.87,7.85,3193610,250.73,1041, -, -,,2025-06-05
UNITEDPOLY, EQ, 05-Jun-2025,16.02,16.02,16.55,15.7,16.0,16.02,16.11,28228,4.55,203, 23879, 84.59,0.8459331160549809,2025-06-05
UNITEDTEA, EQ, 05-Jun-2025,419.2,419.2,425.0,415.05,422.5,423.35,421.44,1051,4.43,99, 893, 84.97,0.8496669838249287,2025-06-05
UNIVASTU, EQ, 05-Jun-2025,219.21,223.88,233.0,216.99,220.9,220.93,223.85,113572,254.23,2151, 55199, 48.60,0.4860264854013313,2025-06-05
UNIVCABLES, EQ, 05-Jun-2025,619.8,620.0,629.7,582.55,598.0,597.3,601.24,38873,233.72,2536, 20222, 52.02,0.5202068273608932,2025-06-05
UNIVPHOTO, EQ, 05-Jun-2025,243.49,241.08,262.78,241.08,255.0,256.78,255.68,17198,43.97,1326, 7457, 43.36,0.4335969298755669,2025-06-05
UNOMINDA, EQ, 05-Jun-2025,1054.8,1063.2,1091.6,1044.8,1072.0,1072.9,1081.56,1866977,20192.45,69947, 1112458, 59.59,0.5958605810355457,2025-06-05
UPL, EQ, 05-Jun-2025,642.55,646.8,649.5,642.0,645.6,646.9,646.75,1701494,11004.43,43963, 876854, 51.53,0.5153435745292079,2025-06-05
URAVIDEF, BE, 05-Jun-2025,474.05,470.0,497.0,470.0,491.65,488.5,485.22,4063,19.71,189, -, -,,2025-06-05
URJA, EQ, 05-Jun-2025,15.09,15.05,15.39,15.0,15.08,15.06,15.15,977743,148.12,3724, 477776, 48.87,0.4886519259150922,2025-06-05
USHAMART, EQ, 05-Jun-2025,307.15,308.3,311.15,305.2,306.95,306.4,308.53,737277,2274.76,14188, 424639, 57.60,0.575955848344652,2025-06-05
USK, EQ, 05-Jun-2025,37.5,37.89,38.39,37.43,37.94,37.84,37.77,69994,26.44,526, 43956, 62.80,0.6279966854301797,2025-06-05
UTIAMC, EQ, 05-Jun-2025,1155.2,1165.0,1184.7,1147.0,1175.1,1175.5,1164.66,178211,2075.55,15562, 98503, 55.27,0.5527324351471009,2025-06-05
UTIBANKETF, EQ, 05-Jun-2025,56.98,57.44,57.44,56.93,57.05,57.13,57.05,2887469,1647.17,509, 2884075, 99.88,0.9988245761253194,2025-06-05
UTINEXT50, EQ, 05-Jun-2025,71.45,69.66,71.96,69.66,71.65,71.47,71.78,153807,110.4,806, 126217, 82.06,0.8206193476239703,2025-06-05
UTINIFTETF, EQ, 05-Jun-2025,269.09,270.43,272.0,269.14,270.35,270.24,270.37,15494,41.89,364, 11293, 72.89,0.7288627855944236,2025-06-05
UTISENSETF, EQ, 05-Jun-2025,884.96,884.96,895.0,884.96,892.04,889.58,889.4,357,3.18,68, 200, 56.02,0.5602240896358543,2025-06-05
UTISXN50, EQ, 05-Jun-2025,88.75,86.97,89.34,86.97,88.45,88.62,88.51,3933,3.48,149, 2615, 66.49,0.664886854818205,2025-06-05
UTKARSHBNK, EQ, 05-Jun-2025,23.32,23.4,24.18,23.4,23.84,23.73,23.71,3233145,766.5,15665, 1576513, 48.76,0.4876097422169436,2025-06-05
UTTAMSUGAR, EQ, 05-Jun-2025,313.5,314.95,320.15,311.2,312.75,313.35,315.73,76300,240.9,2234, 34228, 44.86,0.4485976408912189,2025-06-05
UYFINCORP, EQ, 05-Jun-2025,17.79,17.98,18.0,17.4,17.68,17.75,17.79,63356,11.27,450, 50010, 78.93,0.7893490750678704,2025-06-05
V2RETAIL, BE, 05-Jun-2025,1854.2,1870.0,1895.0,1835.0,1854.0,1842.1,1857.87,26672,495.53,1541, -, -,,2025-06-05
VADILALIND, EQ, 05-Jun-2025,5269.0,5285.0,5525.0,5280.0,5450.0,5457.0,5424.91,17978,975.29,5351, 7166, 39.86,0.3985982867949716,2025-06-05
VAIBHAVGBL, EQ, 05-Jun-2025,252.8,252.8,257.0,251.6,254.0,252.8,254.35,191896,488.08,7047, 92237, 48.07,0.4806613999249594,2025-06-05
VAISHALI, EQ, 05-Jun-2025,12.92,12.86,12.99,12.6,12.75,12.82,12.82,434066,55.63,916, 334554, 77.07,0.770744541152728,2025-06-05
VAKRANGEE, BE, 05-Jun-2025,9.89,9.89,9.89,9.69,9.69,9.69,9.77,866602,84.69,2166, -, -,,2025-06-05
VAL30IETF, EQ, 05-Jun-2025,12.93,12.99,13.0,12.88,12.99,12.91,12.92,116301,15.03,306, 66085, 56.82,0.568223832985099,2025-06-05
VALIANTLAB, BE, 05-Jun-2025,107.79,107.9,107.9,106.1,107.9,107.04,107.24,10679,11.45,88, -, -,,2025-06-05
VALIANTORG, EQ, 05-Jun-2025,446.85,454.95,459.9,440.95,445.0,445.3,451.63,63134,285.13,3019, 37926, 60.07,0.60072227326005,2025-06-05
VARDHACRLC, EQ, 05-Jun-2025,44.24,45.9,45.9,43.68,44.24,44.09,44.33,30654,13.59,459, 21174, 69.07,0.6907418281464083,2025-06-05
VARDMNPOLY, EQ, 05-Jun-2025,11.37,11.36,11.93,11.36,11.8,11.72,11.7,240066,28.1,826, 146207, 60.90,0.6090283505369357,2025-06-05
VARROC, EQ, 05-Jun-2025,545.75,544.8,555.95,544.8,549.0,550.0,551.21,154000,848.87,8570, 53806, 34.94,0.3493896103896104,2025-06-05
VASCONEQ, EQ, 05-Jun-2025,54.15,53.9,54.65,53.47,53.98,53.65,54.06,502797,271.81,3424, 256952, 51.10,0.5110452130780414,2025-06-05
VASWANI, EQ, 05-Jun-2025,46.35,46.79,46.8,44.99,45.4,45.64,45.87,83507,38.31,1459, 46993, 56.27,0.5627432430814183,2025-06-05
VBL, EQ, 05-Jun-2025,467.8,469.75,472.7,466.6,469.2,468.1,468.92,14463672,67823.4,102542, 11250751, 77.79,0.7778627031918313,2025-06-05
VCL, EQ, 05-Jun-2025,1.0,1.07,1.07,0.99,1.0,0.99,1.0,233940,2.34,220, 157305, 67.24,0.6724160041036163,2025-06-05
VEDL, EQ, 05-Jun-2025,436.85,438.0,442.35,433.5,440.1,439.15,437.76,5877012,25727.05,57126, 2653943, 45.16,0.4515803268735881,2025-06-05
VEEDOL, EQ, 05-Jun-2025,1668.8,1685.5,1688.8,1635.9,1645.0,1645.4,1660.88,14328,237.97,3018, 7317, 51.07,0.510678391959799,2025-06-05
VENKEYS, EQ, 05-Jun-2025,1625.1,1625.1,1678.0,1625.1,1631.0,1630.8,1645.93,30447,501.14,3791, 9960, 32.71,0.32712582520445366,2025-06-05
VENTIVE, EQ, 05-Jun-2025,735.75,741.0,744.9,727.45,743.0,741.05,736.55,121845,897.45,9783, 64840, 53.22,0.5321515039599491,2025-06-05
VENUSPIPES, EQ, 05-Jun-2025,1408.0,1401.0,1444.8,1400.0,1429.9,1426.3,1425.1,117611,1676.08,10932, 73386, 62.40,0.6239722474938568,2025-06-05
VENUSREM, BE, 05-Jun-2025,447.8,447.8,448.0,427.2,437.0,435.6,436.56,39767,173.61,804, -, -,,2025-06-05
VERANDA, EQ, 05-Jun-2025,201.1,202.8,202.8,198.1,198.99,198.81,199.91,57266,114.48,1911, 31306, 54.67,0.5466769112562428,2025-06-05
VERTOZ, BE, 05-Jun-2025,10.31,10.49,10.51,10.1,10.2,10.2,10.41,1646072,171.32,1401, -, -,,2025-06-05
VESUVIUS, EQ, 05-Jun-2025,6058.5,6074.5,6160.0,6040.5,6154.5,6129.0,6113.16,14829,906.52,3294, 8695, 58.64,0.5863510688515746,2025-06-05
VETO, EQ, 05-Jun-2025,132.04,132.5,134.9,130.5,131.1,131.18,132.45,83832,111.03,1939, 47044, 56.12,0.5611699589655501,2025-06-05
VGUARD, EQ, 05-Jun-2025,373.15,374.5,375.5,370.2,371.6,371.3,372.07,106984,398.06,4953, 59072, 55.22,0.552157331937486,2025-06-05
VHL, EQ, 05-Jun-2025,4042.8,4034.4,4440.0,4011.7,4120.0,4106.4,4220.08,5548,234.13,1626, 1796, 32.37,0.32372025955299205,2025-06-05
VHLTD, BE, 05-Jun-2025,102.99,104.0,105.6,102.5,103.0,102.92,103.78,21265,22.07,120, -, -,,2025-06-05
VIDHIING, EQ, 05-Jun-2025,426.15,426.95,431.0,418.6,418.6,420.9,423.54,13409,56.79,1774, 9003, 67.14,0.6714147214557387,2025-06-05
VIJAYA, EQ, 05-Jun-2025,964.2,968.1,993.95,964.2,973.0,972.0,979.79,245235,2402.78,13913, 90091, 36.74,0.36736599588150143,2025-06-05
VIJIFIN, EQ, 05-Jun-2025,2.2,2.29,2.29,2.22,2.23,2.22,2.25,74666,1.68,259, 66844, 89.52,0.8952401360726435,2025-06-05
VIKASECO, EQ, 05-Jun-2025,2.37,2.37,2.41,2.37,2.37,2.38,2.39,3315085,79.11,2298, 1616038, 48.75,0.4874801098614364,2025-06-05
VIKASLIFE, EQ, 05-Jun-2025,2.49,2.53,2.59,2.51,2.56,2.55,2.56,7716566,197.71,4566, 3972993, 51.49,0.5148654207065682,2025-06-05
VIMTALABS, EQ, 05-Jun-2025,960.5,966.0,977.95,946.45,952.9,950.4,957.02,58690,561.68,5353, 31436, 53.56,0.5356278752768785,2025-06-05
VINATIORGA, EQ, 05-Jun-2025,1849.6,1849.6,1872.0,1836.3,1853.0,1854.2,1850.56,52843,977.89,6539, 37560, 71.08,0.7107847775485874,2025-06-05
VINCOFE, EQ, 05-Jun-2025,114.61,114.69,119.7,114.69,115.55,115.25,116.91,1740356,2034.72,11297, 523768, 30.10,0.3009545173516223,2025-06-05
VINDHYATEL, EQ, 05-Jun-2025,1679.8,1686.9,1703.4,1674.9,1680.0,1679.5,1683.74,13026,219.32,2405, 5681, 43.61,0.436127744510978,2025-06-05
VINEETLAB, BE, 05-Jun-2025,31.24,30.61,30.61,30.61,30.61,30.61,30.61,2177,0.67,12, -, -,,2025-06-05
VINNY, BE, 05-Jun-2025,1.45,1.45,1.45,1.45,1.45,1.45,1.45,136548,1.98,171, -, -,,2025-06-05
VINYLINDIA, EQ, 05-Jun-2025,333.5,335.0,346.0,329.95,332.4,332.75,338.78,63126,213.86,3311, 31057, 49.20,0.49198428539745903,2025-06-05
VIPCLOTHNG, BE, 05-Jun-2025,41.64,41.75,41.95,40.86,41.65,41.47,41.37,250211,103.52,323, -, -,,2025-06-05
VIPIND, EQ, 05-Jun-2025,358.35,359.05,363.15,346.0,346.5,347.2,352.3,523194,1843.21,19582, 298056, 56.97,0.5696854321723873,2025-06-05
VIPULLTD, BE, 05-Jun-2025,11.0,11.0,11.05,10.78,11.05,11.05,10.8,365267,39.47,262, -, -,,2025-06-05
VIRINCHI, EQ, 05-Jun-2025,23.66,23.93,24.16,23.07,23.35,23.21,23.63,133419,31.52,989, 80919, 60.65,0.6065028219369055,2025-06-05
VISAKAIND, EQ, 05-Jun-2025,85.44,85.83,85.99,83.8,84.0,83.98,84.57,66425,56.17,936, 38325, 57.70,0.5769665035754611,2025-06-05
VISASTEEL, BE, 05-Jun-2025,30.05,31.54,31.54,28.88,30.0,30.05,29.46,1180,0.35,19, -, -,,2025-06-05
VISHNU, EQ, 05-Jun-2025,530.2,533.0,536.65,521.8,529.0,526.8,529.88,147153,779.73,9944, 86471, 58.76,0.5876264839996467,2025-06-05
VISHWARAJ, EQ, 05-Jun-2025,10.01,10.13,10.62,10.1,10.2,10.16,10.31,1129707,116.43,2973, 598916, 53.02,0.5301516233855327,2025-06-05
VIVIDHA, EQ, 05-Jun-2025,0.87,0.88,0.88,0.86,0.88,0.87,0.87,150070,1.31,268, 92357, 61.54,0.6154261344705804,2025-06-05
VLEGOV, BE, 05-Jun-2025,63.73,63.73,63.99,63.61,63.9,63.9,63.76,95047,60.6,221, -, -,,2025-06-05
VLSFINANCE, EQ, 05-Jun-2025,240.12,240.0,247.65,240.0,241.99,243.65,244.34,19361,47.31,1301, 7608, 39.30,0.3929549093538557,2025-06-05
VMART, EQ, 05-Jun-2025,3397.7,3424.3,3424.3,3391.0,3395.3,3400.2,3399.56,18802,639.18,4737, 12416, 66.04,0.6603552813530476,2025-06-05
VMM, EQ, 05-Jun-2025,126.04,126.37,132.89,125.44,127.99,127.79,129.91,31868957,41401.56,118159, 15197455, 47.69,0.4768733096599302,2025-06-05
VOLTAMP, EQ, 05-Jun-2025,8988.0,9004.5,9335.0,9002.0,9202.0,9201.5,9205.68,127398,11727.85,21544, 74907, 58.80,0.5879762633636321,2025-06-05
VOLTAS, EQ, 05-Jun-2025,1229.4,1230.0,1251.9,1225.5,1250.0,1247.5,1241.81,1012011,12567.22,44463, 657128, 64.93,0.6493289104565069,2025-06-05
VPRPL, EQ, 05-Jun-2025,170.44,170.8,172.76,170.5,170.7,170.71,171.44,327942,562.21,6892, 156726, 47.79,0.4779076787968604,2025-06-05
VRAJ, EQ, 05-Jun-2025,176.15,176.25,179.99,175.0,178.0,177.55,177.9,20647,36.73,1002, 13490, 65.34,0.6533636847968228,2025-06-05
VRLLOG, EQ, 05-Jun-2025,570.0,573.3,573.3,560.35,562.2,563.9,567.52,90865,515.67,8443, 45670, 50.26,0.5026137676773235,2025-06-05
VSSL, EQ, 05-Jun-2025,269.4,271.2,271.2,261.6,264.0,263.3,264.74,83357,220.68,5147, 34921, 41.89,0.4189330230214619,2025-06-05
VSTIND, EQ, 05-Jun-2025,278.1,278.2,282.9,278.1,279.2,279.3,280.72,226615,636.15,7539, 129153, 56.99,0.5699225558767071,2025-06-05
VSTL, EQ, 05-Jun-2025,151.32,150.05,155.2,150.05,154.11,152.73,152.93,33678,51.5,985, 18523, 55.00,0.5500029692974642,2025-06-05
VSTTILLERS, EQ, 05-Jun-2025,3841.5,3877.9,3877.9,3756.0,3797.2,3796.6,3802.31,8503,323.31,3275, 4797, 56.42,0.5641538280606845,2025-06-05
VTL, EQ, 05-Jun-2025,489.0,489.0,492.0,483.3,486.25,488.05,488.6,54129,264.48,2786, 25507, 47.12,0.4712261449500268,2025-06-05
WAAREEENER, EQ, 05-Jun-2025,2880.9,2889.7,2988.0,2836.2,2862.5,2852.4,2913.78,2059393,60006.18,108947, 532004, 25.83,0.25833048864398395,2025-06-05
WAAREERTL, EQ, 05-Jun-2025,1091.8,1095.0,1102.0,1050.1,1059.8,1054.8,1066.86,330343,3524.31,24103, 188243, 56.98,0.5698410440057758,2025-06-05
WABAG, EQ, 05-Jun-2025,1621.4,1621.4,1640.0,1603.0,1608.8,1611.0,1613.44,248399,4007.77,17237, 91582, 36.87,0.36868908489969765,2025-06-05
WALCHANNAG, EQ, 05-Jun-2025,237.07,238.55,245.01,236.15,236.69,237.68,241.45,1021256,2465.79,14442, 368513, 36.08,0.3608429228322771,2025-06-05
WANBURY, BE, 05-Jun-2025,299.2,299.9,303.0,292.6,293.5,295.1,297.33,15034,44.7,283, -, -,,2025-06-05
WCIL, EQ, 05-Jun-2025,111.44,111.7,113.74,106.41,106.88,107.13,109.22,640689,699.74,8000, 269862, 42.12,0.4212059205012104,2025-06-05
WEALTH, EQ, 05-Jun-2025,877.2,884.15,910.0,866.95,898.0,896.15,888.67,3575,31.77,348, 2756, 77.09,0.7709090909090909,2025-06-05
WEBELSOLAR, EQ, 05-Jun-2025,1397.3,1400.0,1423.0,1380.0,1390.0,1386.0,1398.02,107947,1509.12,6120, 62744, 58.12,0.5812482051377065,2025-06-05
WEIZMANIND, EQ, 05-Jun-2025,119.49,121.3,121.31,118.41,118.5,118.6,119.25,4655,5.55,240, 2787, 59.87,0.5987110633727175,2025-06-05
WEL, EQ, 05-Jun-2025,174.49,174.49,179.3,174.49,177.43,177.74,177.23,89558,158.73,2730, 33692, 37.62,0.37620313093191005,2025-06-05
WELCORP, EQ, 05-Jun-2025,911.45,922.0,973.0,908.1,965.0,962.35,956.71,4922285,47091.93,124437, 905542, 18.40,0.18396781169720974,2025-06-05
WELENT, EQ, 05-Jun-2025,496.3,496.4,520.0,496.4,515.0,518.25,514.45,489724,2519.4,14496, 304640, 62.21,0.6220646731628428,2025-06-05
WELINV, EQ, 05-Jun-2025,1101.85,1127.0,1199.0,1110.0,1192.8,1186.4,1167.14,49406,576.64,1806, 40334, 81.64,0.8163785775007084,2025-06-05
WELSPUNLIV, EQ, 05-Jun-2025,133.91,139.76,143.25,138.22,140.4,140.61,140.41,23906535,33566.22,112098, 3704701, 15.50,0.15496603752906893,2025-06-05
WENDT, EQ, 05-Jun-2025,8310.0,8310.0,8395.0,8162.0,8222.0,8213.0,8260.32,31354,2589.94,5901, 18619, 59.38,0.5938317280091854,2025-06-05
WESTLIFE, EQ, 05-Jun-2025,665.85,665.85,673.05,664.0,668.5,669.65,667.85,35474,236.91,2644, 21619, 60.94,0.6094322602469414,2025-06-05
WEWIN, BE, 05-Jun-2025,46.1,47.5,48.4,45.25,48.4,48.4,47.96,25616,12.28,132, -, -,,2025-06-05
WHEELS, EQ, 05-Jun-2025,744.2,740.4,774.85,740.4,745.05,746.65,757.63,25155,190.58,2011, 13341, 53.04,0.5303518187239118,2025-06-05
WHIRLPOOL, EQ, 05-Jun-2025,1251.1,1257.3,1283.4,1247.0,1266.0,1269.8,1266.93,283237,3588.42,16627, 195431, 69.00,0.6899910675512027,2025-06-05
WILLAMAGOR, EQ, 05-Jun-2025,30.08,30.08,31.99,30.08,30.46,30.42,31.04,1982,0.62,65, 1082, 54.59,0.5459132189707366,2025-06-05
WINDLAS, EQ, 05-Jun-2025,921.0,940.0,940.0,913.05,920.45,919.75,922.66,33393,308.1,3423, 15085, 45.17,0.451741382924565,2025-06-05
WINDMACHIN, EQ, 05-Jun-2025,347.7,349.25,358.0,346.5,347.0,347.55,351.07,71316,250.37,2383, 35479, 49.75,0.4974900443098323,2025-06-05
WINSOME, BZ, 05-Jun-2025,1.83,1.84,1.86,1.81,1.81,1.81,1.86,127104,2.36,54, -, -,,2025-06-05
WIPL, EQ, 05-Jun-2025,152.14,155.32,155.32,150.01,152.0,151.94,152.4,4384,6.68,68, 4126, 94.11,0.9411496350364964,2025-06-05
WIPRO, EQ, 05-Jun-2025,246.86,246.9,249.49,246.88,248.2,247.94,247.93,6468060,16036.35,68321, 3133870, 48.45,0.48451467673460047,2025-06-05
WOCKPHARMA, EQ, 05-Jun-2025,1492.4,1492.5,1592.0,1489.1,1530.0,1529.0,1543.5,1409419,21754.41,54264, 506958, 35.97,0.3596928947318008,2025-06-05
WONDERLA, EQ, 05-Jun-2025,650.15,649.5,658.1,646.85,648.7,649.15,650.45,24999,162.61,2472, 15725, 62.90,0.6290251610064402,2025-06-05
WORTH, EQ, 05-Jun-2025,151.92,151.6,154.75,149.6,149.62,150.17,151.28,12994,19.66,295, 7111, 54.73,0.5472525781129752,2025-06-05
WSI, BE, 05-Jun-2025,72.88,74.33,74.33,74.33,74.33,74.33,74.33,11337,8.43,35, -, -,,2025-06-05
WSTCSTPAPR, EQ, 05-Jun-2025,484.75,480.5,487.85,474.35,482.0,479.4,480.0,89926,431.65,4832, 59260, 65.90,0.6589862776060317,2025-06-05
XCHANGING, EQ, 05-Jun-2025,99.68,99.68,100.99,99.49,100.4,100.15,100.12,129880,130.03,2234, 68813, 52.98,0.5298198336926394,2025-06-05
XELPMOC, BE, 05-Jun-2025,94.74,95.4,97.0,94.0,94.58,95.06,95.6,8628,8.25,97, -, -,,2025-06-05
XPROINDIA, EQ, 05-Jun-2025,1209.1,1224.0,1288.0,1213.3,1280.0,1275.2,1260.01,102108,1286.57,12226, 57152, 55.97,0.5597210796411642,2025-06-05
XTGLOBAL, EQ, 05-Jun-2025,34.0,34.15,34.67,34.0,34.4,34.27,34.36,10417,3.58,84, 6051, 58.09,0.5808774119228185,2025-06-05
YAARI, BE, 05-Jun-2025,15.91,15.91,16.44,15.6,16.0,16.0,15.87,18489,2.93,86, -, -,,2025-06-05
YASHO, EQ, 05-Jun-2025,2074.0,2073.9,2075.2,2038.5,2046.0,2043.6,2051.7,5095,104.53,1735, 2546, 49.97,0.49970559371933265,2025-06-05
YATHARTH, EQ, 05-Jun-2025,507.7,506.7,518.0,506.7,510.0,509.9,513.62,217074,1114.93,10538, 98626, 45.43,0.45434275869058477,2025-06-05
YATRA, EQ, 05-Jun-2025,94.68,94.68,97.9,94.68,96.55,96.41,96.32,313917,302.38,6093, 126084, 40.16,0.4016475692619387,2025-06-05
YESBANK, EQ, 05-Jun-2025,21.14,21.29,21.29,20.89,20.99,20.93,21.0,117110247,24589.66,105417, 47385503, 40.46,0.4046230301264756,2025-06-05
YUKEN, EQ, 05-Jun-2025,1076.2,1071.8,1096.2,1047.7,1050.0,1056.0,1057.48,7485,79.15,1088, 4840, 64.66,0.6466265865063461,2025-06-05
ZAGGLE, EQ, 05-Jun-2025,442.7,444.6,449.9,437.65,440.95,440.35,442.42,815017,3605.79,15035, 410235, 50.33,0.5033453289931376,2025-06-05
ZEEL, EQ, 05-Jun-2025,127.97,128.37,130.09,127.17,127.57,127.74,128.39,5904099,7580.29,28263, 2352102, 39.84,0.39838457993336496,2025-06-05
ZEELEARN, BE, 05-Jun-2025,9.01,9.46,9.46,9.01,9.46,9.46,9.46,1466497,138.66,841, -, -,,2025-06-05
ZEEMEDIA, EQ, 05-Jun-2025,13.84,13.79,14.25,13.79,13.99,13.98,14.09,2985052,420.47,3468, 1824689, 61.13,0.6112754484678994,2025-06-05
ZENITHEXPO, BE, 05-Jun-2025,245.5,255.0,257.75,255.0,257.75,257.75,257.01,332,0.85,12, -, -,,2025-06-05
ZENITHSTL, EQ, 05-Jun-2025,6.92,7.0,7.03,6.9,6.9,6.92,6.95,127241,8.85,628, 79473, 62.46,0.62458641475625,2025-06-05
ZENSARTECH, EQ, 05-Jun-2025,821.95,825.0,835.2,823.95,833.5,831.5,831.24,288944,2401.83,13442, 77444, 26.80,0.26802425383465306,2025-06-05
ZENTEC, EQ, 05-Jun-2025,2229.6,2268.0,2268.0,2182.0,2191.0,2193.0,2204.19,593893,13090.51,37627, 342821, 57.72,0.5772437122511967,2025-06-05
ZFCVINDIA, EQ, 05-Jun-2025,13503.0,13574.0,13633.0,13233.0,13377.0,13323.0,13445.43,15122,2033.22,5165, 8883, 58.74,0.5874222986377463,2025-06-05
ZIMLAB, EQ, 05-Jun-2025,101.57,102.59,105.0,101.0,102.8,102.45,102.7,171884,176.52,2606, 76398, 44.45,0.44447418026110636,2025-06-05
ZODIAC, EQ, 05-Jun-2025,494.5,507.9,507.9,492.35,494.0,495.55,496.2,27419,136.05,2250, 14241, 51.94,0.5193843685035924,2025-06-05
ZODIACLOTH, EQ, 05-Jun-2025,113.06,112.21,114.49,111.89,112.78,112.32,113.06,8300,9.38,385, 5385, 64.88,0.6487951807228916,2025-06-05
ZOTA, EQ, 05-Jun-2025,964.55,964.8,973.7,950.25,950.3,952.85,960.28,16384,157.33,2092, 8672, 52.93,0.529296875,2025-06-05
ZUARI, EQ, 05-Jun-2025,221.68,221.62,229.8,216.8,218.98,217.71,222.39,387039,860.75,6688, 158317, 40.90,0.40904663354338966,2025-06-05
ZUARIIND, EQ, 05-Jun-2025,285.25,286.0,293.75,284.05,288.0,288.5,289.63,52194,151.17,1644, 28394, 54.40,0.5440088899107177,2025-06-05
ZYDUSLIFE, EQ, 05-Jun-2025,931.5,933.0,958.25,933.0,954.6,955.7,951.89,1804863,17180.36,60833, 866675, 48.02,0.48018880103365186,2025-06-05
ZYDUSWELL, EQ, 05-Jun-2025,1900.1,1913.5,1917.1,1885.0,1885.0,1889.6,1895.76,20491,388.46,4241, 10350, 50.51,0.5050997999121566,2025-06-05
