SYMBOL,SERIES,DATE1,PREV_CLOSE,OPEN_PRICE,HIGH_PRICE,LOW_PRICE,LAST_PRICE,CLOSE_PRICE,AVG_PRICE,TTL_TRD_QNTY,TURNOVER_LACS,NO_OF_TRADES,DELIV_QTY,DELIV_PER,DELIVERY_PCT,DATE
20MICRONS, EQ, 20-Jun-2024,185.37,187.38,190.7,185.5,189.0,187.8,187.79,184339,346.18,6618, 82423, 44.71,0.4471273035006157,2024-06-20
21STCENMGM, BE, 20-Jun-2024,57.99,59.14,59.14,59.14,59.14,59.14,59.14,798,0.47,11, -, -,,2024-06-20
360ONE, EQ, 20-Jun-2024,852.9,852.9,861.0,834.05,840.0,841.25,847.94,389249,3300.6,19584, 177878, 45.70,0.4569774103465905,2024-06-20
3IINFOLTD, EQ, 20-Jun-2024,37.84,38.0,38.98,37.2,37.57,37.55,38.2,1952986,745.98,11652, 838837, 42.95,0.4295151117314717,2024-06-20
3MINDIA, EQ, 20-Jun-2024,36930.55,37000.0,37197.5,36520.1,37075.0,37036.55,36972.55,3562,1316.96,2215, 1650, 46.32,0.46322290847838293,2024-06-20
3PLAND, EQ, 20-Jun-2024,30.67,30.1,30.99,30.1,30.25,30.25,30.59,19068,5.83,176, 14980, 78.56,0.7856093979441997,2024-06-20
5PAISA, EQ, 20-Jun-2024,522.45,522.0,529.65,520.8,526.0,524.1,525.48,37573,197.44,3456, 20394, 54.28,0.5427833816836558,2024-06-20
63MOONS, EQ, 20-Jun-2024,367.75,371.0,378.95,365.05,375.0,376.95,373.63,94147,351.76,3073, 61705, 65.54,0.655411218626191,2024-06-20
A2ZINFRA, BE, 20-Jun-2024,20.22,20.5,21.23,20.4,21.23,21.23,21.15,193281,40.88,193, -, -,,2024-06-20
AAATECH, BE, 20-Jun-2024,110.32,110.5,113.1,109.1,113.0,112.12,111.46,15166,16.9,150, -, -,,2024-06-20
AADHARHFC, EQ, 20-Jun-2024,402.75,404.0,424.2,393.5,397.2,397.25,405.45,2661359,10790.46,86859, 1445286, 54.31,0.5430631493158194,2024-06-20
AAKASH, EQ, 20-Jun-2024,11.93,12.0,12.8,11.94,12.1,12.07,12.26,653766,80.13,1770, 390050, 59.66,0.5966201974406745,2024-06-20
AAREYDRUGS, BE, 20-Jun-2024,47.1,47.0,48.0,45.0,46.69,45.5,46.05,39753,18.31,195, -, -,,2024-06-20
AARON, EQ, 20-Jun-2024,264.35,266.0,266.9,258.85,261.5,261.5,262.2,7019,18.4,640, 3739, 53.27,0.5326969653796837,2024-06-20
AARTECH, BE, 20-Jun-2024,234.12,229.43,229.43,229.43,229.43,229.43,229.43,2274,5.22,56, -, -,,2024-06-20
AARTIDRUGS, EQ, 20-Jun-2024,522.2,522.55,528.95,517.4,521.95,521.45,521.69,171761,896.07,7233, 85390, 49.71,0.4971442877020977,2024-06-20
AARTIIND, EQ, 20-Jun-2024,685.3,684.05,718.8,679.9,713.4,712.5,706.39,3755446,26528.08,91515, 1463688, 38.98,0.38975077793689483,2024-06-20
AARTIPHARM, EQ, 20-Jun-2024,640.15,644.0,645.2,626.0,629.5,629.45,631.5,173087,1093.04,9225, 93390, 53.96,0.5395552525608509,2024-06-20
AARTISURF, EQ, 20-Jun-2024,677.05,678.7,739.2,678.7,720.0,716.35,719.4,175130,1259.89,15170, 57422, 32.79,0.32788214469251414,2024-06-20
AARVEEDEN, EQ, 20-Jun-2024,28.38,29.1,30.2,28.1,29.11,29.0,29.22,132635,38.76,1649, 62082, 46.81,0.4680664982847665,2024-06-20
AARVI, EQ, 20-Jun-2024,137.28,136.66,139.0,136.66,139.0,138.7,138.43,10209,14.13,266, 7595, 74.40,0.7439514154177687,2024-06-20
AAVAS, EQ, 20-Jun-2024,1935.75,1940.95,1950.0,1874.55,1893.0,1891.05,1901.85,207599,3948.22,22224, 110636, 53.29,0.5329312761622166,2024-06-20
ABAN, BE, 20-Jun-2024,68.37,67.0,67.0,67.0,67.0,67.0,67.0,18348,12.29,140, -, -,,2024-06-20
ABB, EQ, 20-Jun-2024,8544.0,8600.0,8665.6,8385.6,8560.0,8539.3,8540.5,409555,34978.03,56721, 113619, 27.74,0.27742061505780663,2024-06-20
ABBOTINDIA, EQ, 20-Jun-2024,26909.8,26909.75,26950.0,26774.5,26948.0,26905.35,26852.58,6370,1710.51,3115, 3426, 53.78,0.5378335949764521,2024-06-20
ABCAPITAL, EQ, 20-Jun-2024,238.1,238.3,246.9,238.3,243.5,243.02,244.71,18425374,45088.57,110397, 4410031, 23.93,0.23934553512997891,2024-06-20
ABFRL, EQ, 20-Jun-2024,320.95,322.0,324.7,316.0,318.15,317.05,320.52,3774886,12099.1,34926, 1189506, 31.51,0.31511044307033376,2024-06-20
ABMINTLLTD, BE, 20-Jun-2024,68.0,71.4,71.4,66.0,71.3,71.3,70.16,1215,0.85,36, -, -,,2024-06-20
ABSLAMC, EQ, 20-Jun-2024,659.1,663.5,664.5,655.0,658.5,659.35,658.66,323813,2132.83,14575, 215656, 66.60,0.6659893209969951,2024-06-20
ABSLBANETF, EQ, 20-Jun-2024,52.0,52.44,52.44,51.84,52.38,52.34,52.22,36166,18.89,675, 22904, 63.33,0.6333019963501632,2024-06-20
ABSLLIQUID, EQ, 20-Jun-2024,999.99,1000.0,1000.01,999.99,999.99,999.99,1000.0,1908,19.08,19, 1183, 62.00,0.620020964360587,2024-06-20
ABSLNN50ET, EQ, 20-Jun-2024,74.15,75.0,75.0,73.0,74.3,74.11,73.79,30843,22.76,374, 20915, 67.81,0.6781117271341958,2024-06-20
ABSLPSE, EQ, 20-Jun-2024,10.8,10.9,10.9,10.58,10.73,10.66,10.74,6005122,644.7,2574, 5660646, 94.26,0.9426363028095016,2024-06-20
ACC, EQ, 20-Jun-2024,2621.55,2635.0,2641.2,2611.55,2625.0,2622.65,2622.36,321036,8418.71,18501, 180709, 56.29,0.5628932580769758,2024-06-20
ACCELYA, EQ, 20-Jun-2024,1730.65,1740.85,1797.0,1722.4,1753.0,1756.95,1749.71,19028,332.94,3133, 8841, 46.46,0.4646310700021022,2024-06-20
ACCURACY, EQ, 20-Jun-2024,10.73,10.5,11.26,10.31,11.26,11.26,11.0,652432,71.76,1143, 512834, 78.60,0.786034406650808,2024-06-20
ACE, EQ, 20-Jun-2024,1515.65,1544.0,1560.0,1510.05,1513.0,1519.1,1533.52,962806,14764.82,59564, 329280, 34.20,0.3420003614435307,2024-06-20
ACEINTEG, EQ, 20-Jun-2024,33.88,33.99,34.53,33.98,34.25,34.16,34.11,27713,9.45,180, 24565, 88.64,0.8864071013603724,2024-06-20
ACI, EQ, 20-Jun-2024,671.9,669.95,700.0,651.65,689.4,695.5,683.9,1734869,11864.72,51617, 595823, 34.34,0.34343976403982085,2024-06-20
ACL, EQ, 20-Jun-2024,97.06,95.25,98.99,95.25,97.0,96.89,97.54,119977,117.03,1339, 95960, 79.98,0.7998199654933862,2024-06-20
ACLGATI, EQ, 20-Jun-2024,111.6,112.0,112.25,107.41,109.83,109.62,109.16,1599462,1745.93,19331, 735519, 45.99,0.45985400090780526,2024-06-20
ADANIENSOL, EQ, 20-Jun-2024,1007.75,1012.8,1031.0,1006.5,1020.0,1016.5,1018.17,792202,8065.99,24742, 369981, 46.70,0.46702861138951934,2024-06-20
ADANIENT, EQ, 20-Jun-2024,3261.9,3263.9,3315.0,3240.0,3261.95,3259.45,3279.03,1366545,44809.42,97561, 386557, 28.29,0.28287176785250395,2024-06-20
ADANIGREEN, EQ, 20-Jun-2024,1789.65,1807.75,1816.4,1785.5,1808.9,1806.4,1799.96,724077,13033.12,42042, 279142, 38.55,0.3855142477940882,2024-06-20
ADANIPORTS, EQ, 20-Jun-2024,1448.4,1459.3,1476.8,1444.1,1470.75,1469.4,1464.46,4905603,71840.41,172729, 1404744, 28.64,0.28635501079072234,2024-06-20
ADANIPOWER, EQ, 20-Jun-2024,738.65,743.05,747.3,734.2,741.5,743.35,743.72,7168834,53316.1,55751, 4872195, 67.96,0.6796356283323062,2024-06-20
ADFFOODS, EQ, 20-Jun-2024,225.89,226.6,231.79,225.07,227.25,226.5,228.67,143680,328.55,5577, 63120, 43.93,0.4393095768374165,2024-06-20
ADL, EQ, 20-Jun-2024,90.57,89.55,94.66,89.55,91.3,91.35,92.42,19281,17.82,1894, 5069, 26.29,0.26290130179969917,2024-06-20
ADORWELD, EQ, 20-Jun-2024,1347.2,1350.0,1375.55,1345.0,1351.15,1354.05,1359.55,18867,256.51,3039, 8713, 46.18,0.46181162876980975,2024-06-20
ADROITINFO, EQ, 20-Jun-2024,19.02,19.35,19.35,18.65,18.86,18.78,18.86,59788,11.28,300, 39213, 65.59,0.655867398140095,2024-06-20
ADSL, EQ, 20-Jun-2024,159.55,162.52,167.8,160.0,160.6,160.79,162.85,2733295,4451.11,33273, 713493, 26.10,0.2610376852846107,2024-06-20
ADVANIHOTR, EQ, 20-Jun-2024,70.41,70.45,72.25,70.45,71.8,71.78,71.48,130337,93.17,4214, 69708, 53.48,0.534828943431259,2024-06-20
ADVENZYMES, EQ, 20-Jun-2024,379.0,402.0,409.8,389.75,390.0,391.1,399.82,1623889,6492.56,35231, 748405, 46.09,0.4608720177302759,2024-06-20
AEGISLOG, EQ, 20-Jun-2024,804.45,805.85,844.95,805.85,817.0,818.6,827.16,508890,4209.34,20664, 132226, 25.98,0.25983218377252454,2024-06-20
AEROFLEX, EQ, 20-Jun-2024,150.45,151.8,154.95,149.59,152.9,152.45,152.55,637971,973.2,10015, 305192, 47.84,0.4783791112762179,2024-06-20
AETHER, EQ, 20-Jun-2024,878.65,881.0,885.0,864.1,868.5,868.05,872.73,82069,716.24,4232, 46580, 56.76,0.5675711900961387,2024-06-20
AFFLE, EQ, 20-Jun-2024,1240.05,1240.0,1259.3,1236.05,1240.0,1240.85,1246.28,110958,1382.85,9221, 48701, 43.89,0.43891382324843636,2024-06-20
AGARIND, EQ, 20-Jun-2024,1175.05,1176.0,1193.85,1137.9,1158.9,1152.75,1162.56,103481,1203.03,10269, 46698, 45.13,0.45127124786192635,2024-06-20
AGI, EQ, 20-Jun-2024,697.5,701.6,719.95,694.7,708.1,712.15,710.76,161376,1146.99,7718, 81525, 50.52,0.5051866448542535,2024-06-20
AGRITECH, EQ, 20-Jun-2024,197.21,199.25,217.09,194.1,206.0,205.57,206.34,96980,200.11,2981, 35498, 36.60,0.3660342338626521,2024-06-20
AGROPHOS, EQ, 20-Jun-2024,47.31,47.97,53.05,47.26,49.5,49.91,50.72,1113320,564.65,6995, 526904, 47.33,0.47327273380519524,2024-06-20
AGSTRA, EQ, 20-Jun-2024,89.48,90.1,90.8,85.87,87.5,86.74,88.26,793290,700.18,6416, 446282, 56.26,0.5625710648060608,2024-06-20
AHL, EQ, 20-Jun-2024,484.7,484.8,498.9,480.3,481.1,484.9,491.29,155454,763.74,4643, 69490, 44.70,0.44701326437402705,2024-06-20
AHLADA, BE, 20-Jun-2024,122.05,122.1,124.2,120.1,120.6,121.02,122.47,80313,98.36,586, -, -,,2024-06-20
AHLEAST, EQ, 20-Jun-2024,142.13,143.99,144.7,142.24,143.85,143.65,143.55,12018,17.25,392, 7436, 61.87,0.618738558828424,2024-06-20
AHLUCONT, EQ, 20-Jun-2024,1206.0,1211.0,1234.7,1200.0,1218.0,1219.85,1217.21,73414,893.6,7652, 38530, 52.48,0.5248317759555399,2024-06-20
AIAENG, EQ, 20-Jun-2024,4271.55,4236.0,4272.0,4204.95,4219.1,4244.5,4237.56,54130,2293.79,9512, 27714, 51.20,0.5119896545353778,2024-06-20
AIIL, EQ, 20-Jun-2024,1009.95,1030.2,1120.0,1030.2,1094.0,1096.05,1085.02,143692,1559.09,18358, 40344, 28.08,0.28076719650363274,2024-06-20
AIRAN, EQ, 20-Jun-2024,30.32,30.7,30.99,29.75,29.95,29.92,30.38,485280,147.41,2948, 341463, 70.36,0.703641196834817,2024-06-20
AIROLAM, EQ, 20-Jun-2024,144.78,147.98,147.98,143.1,144.72,145.14,144.69,8405,12.16,255, 5511, 65.57,0.6556811421772755,2024-06-20
AJANTPHARM, EQ, 20-Jun-2024,2371.15,2350.0,2362.4,2335.0,2345.0,2340.9,2344.57,76532,1794.35,8897, 49720, 64.97,0.6496628861129985,2024-06-20
AJMERA, EQ, 20-Jun-2024,690.55,700.9,709.35,691.7,703.0,700.1,700.46,37004,259.2,3511, 16310, 44.08,0.44076316073937954,2024-06-20
AJOONI, EQ, 20-Jun-2024,5.04,5.15,5.3,5.02,5.05,5.04,5.12,5303016,271.63,3364, 3790987, 71.49,0.7148737624023763,2024-06-20
AKASH, EQ, 20-Jun-2024,33.62,34.25,34.25,33.61,33.68,33.75,33.89,17753,6.02,208, 12531, 70.59,0.7058525319664282,2024-06-20
AKG, EQ, 20-Jun-2024,22.91,23.0,23.0,22.3,23.0,22.88,22.85,101307,23.15,389, 86969, 85.85,0.8584697997176898,2024-06-20
AKI, EQ, 20-Jun-2024,26.58,26.5,27.9,26.5,27.45,27.36,27.33,215004,58.76,910, 117883, 54.83,0.54828282264516,2024-06-20
AKSHAR, BE, 20-Jun-2024,2.57,2.6,2.64,2.56,2.59,2.59,2.59,700646,18.12,1459, -, -,,2024-06-20
AKSHARCHEM, EQ, 20-Jun-2024,265.85,265.85,280.0,264.55,279.95,279.05,275.96,27050,74.65,1396, 17695, 65.42,0.6541589648798521,2024-06-20
AKSHOPTFBR, BE, 20-Jun-2024,8.55,8.52,8.68,8.32,8.66,8.65,8.55,285186,24.37,510, -, -,,2024-06-20
AKZOINDIA, EQ, 20-Jun-2024,2773.9,2774.95,2910.1,2774.95,2875.05,2876.5,2860.31,28270,808.61,6220, 15948, 56.41,0.5641315882561019,2024-06-20
ALANKIT, EQ, 20-Jun-2024,20.79,20.65,21.09,20.07,20.15,20.17,20.6,1008835,207.84,3630, 638177, 63.26,0.6325880842754266,2024-06-20
ALBERTDAVD, EQ, 20-Jun-2024,1307.65,1300.0,1315.0,1296.1,1313.0,1311.15,1306.3,9752,127.39,1740, 6521, 66.87,0.6686833470057424,2024-06-20
ALEMBICLTD, EQ, 20-Jun-2024,101.41,101.5,104.35,100.82,102.91,102.8,102.92,975168,1003.64,8933, 445453, 45.68,0.4567961623022905,2024-06-20
ALICON, EQ, 20-Jun-2024,1260.3,1270.65,1273.85,1221.6,1227.05,1234.35,1250.04,19946,249.33,3727, 9213, 46.19,0.46189712223002105,2024-06-20
ALKALI, EQ, 20-Jun-2024,119.92,119.92,121.66,117.85,119.9,119.03,119.8,21394,25.63,585, 15830, 73.99,0.7399270823595401,2024-06-20
ALKEM, EQ, 20-Jun-2024,5184.85,5184.85,5222.7,5137.7,5155.0,5158.35,5174.77,66633,3448.11,14813, 25539, 38.33,0.38327855567061364,2024-06-20
ALKYLAMINE, EQ, 20-Jun-2024,2004.95,2005.75,2151.9,2000.6,2120.0,2104.0,2110.2,390700,8244.55,35189, 109748, 28.09,0.28090094701817253,2024-06-20
ALLCARGO, EQ, 20-Jun-2024,62.73,63.35,64.3,61.95,62.56,62.34,62.82,6315385,3967.2,26994, 3345310, 52.97,0.5297080067169302,2024-06-20
ALLSEC, EQ, 20-Jun-2024,1169.85,1182.4,1185.05,1157.2,1165.7,1161.7,1164.35,21000,244.51,3331, 10549, 50.23,0.5023333333333333,2024-06-20
ALMONDZ, EQ, 20-Jun-2024,133.64,134.85,135.36,132.5,133.0,133.36,133.95,35917,48.11,684, 28503, 79.36,0.7935796419522788,2024-06-20
ALOKINDS, EQ, 20-Jun-2024,29.52,29.58,29.68,28.3,28.46,28.44,28.84,24292879,7005.98,47707, 11605808, 47.77,0.4777452684797055,2024-06-20
ALPA, EQ, 20-Jun-2024,84.82,84.99,86.0,84.11,85.25,84.9,85.13,26231,22.33,578, 17958, 68.46,0.684609812816896,2024-06-20
ALPHA, EQ, 20-Jun-2024,53.96,54.0,54.05,53.55,54.0,53.93,53.84,710015,382.29,3808, 484962, 68.30,0.6830306401977423,2024-06-20
ALPHAETF, EQ, 20-Jun-2024,27.59,27.69,27.75,27.32,27.7,27.54,27.5,388357,106.79,1529, 338268, 87.10,0.87102331102568,2024-06-20
ALPHAGEO, EQ, 20-Jun-2024,405.2,406.95,415.0,399.0,411.95,410.3,407.39,47317,192.76,2190, 24514, 51.81,0.5180801825982205,2024-06-20
ALPL30IETF, EQ, 20-Jun-2024,28.46,28.57,29.03,28.26,28.52,28.45,28.42,7763684,2206.3,1486, 7708058, 99.28,0.9928351025106122,2024-06-20
ALPSINDUS, BE, 20-Jun-2024,2.95,3.0,3.0,3.0,3.0,3.0,3.0,32058,0.96,48, -, -,,2024-06-20
AMBER, EQ, 20-Jun-2024,3998.9,3998.9,4044.0,3953.0,4000.0,3997.45,4007.59,129320,5182.61,13435, 72529, 56.08,0.5608490566037736,2024-06-20
AMBICAAGAR, EQ, 20-Jun-2024,27.16,27.45,27.65,27.01,27.01,27.08,27.36,38955,10.66,389, 23314, 59.85,0.5984854319086125,2024-06-20
AMBIKCO, EQ, 20-Jun-2024,1595.8,1595.9,1637.0,1591.05,1597.0,1598.0,1607.57,24445,392.97,3370, 15576, 63.72,0.637185518510943,2024-06-20
AMBUJACEM, EQ, 20-Jun-2024,666.8,666.0,669.5,657.05,658.0,659.15,661.08,2840525,18778.1,85837, 1240402, 43.67,0.43668054320944194,2024-06-20
AMDIND, EQ, 20-Jun-2024,72.97,73.0,76.7,72.31,73.3,73.08,74.44,71079,52.91,1351, 37374, 52.58,0.5258093107668932,2024-06-20
AMIORG, EQ, 20-Jun-2024,1369.45,1383.3,1412.0,1353.8,1391.6,1392.85,1385.59,324730,4499.43,22844, 158406, 48.78,0.4878083330767099,2024-06-20
AMJLAND, EQ, 20-Jun-2024,39.94,40.54,40.9,39.7,40.0,40.06,40.25,64330,25.9,519, 37990, 59.05,0.590548733094979,2024-06-20
AMNPLST, EQ, 20-Jun-2024,262.89,262.9,272.01,255.02,262.8,259.64,265.69,64351,170.97,5896, 13330, 20.71,0.2071451881089649,2024-06-20
AMRUTANJAN, EQ, 20-Jun-2024,758.8,759.0,764.75,750.0,758.5,758.8,755.06,26842,202.67,2215, 15984, 59.55,0.5954846881752478,2024-06-20
ANANDRATHI, EQ, 20-Jun-2024,3995.4,4004.0,4038.95,3980.1,4006.3,4004.65,4013.58,12522,502.58,3449, 7967, 63.62,0.6362402172176969,2024-06-20
ANANTRAJ, EQ, 20-Jun-2024,441.9,443.7,447.0,438.15,440.5,439.8,441.75,848966,3750.35,20133, 422471, 49.76,0.49763005821198963,2024-06-20
ANDHRAPAP, EQ, 20-Jun-2024,551.7,551.65,570.95,546.85,565.0,565.25,563.3,220509,1242.12,8353, 108584, 49.24,0.4924243454915672,2024-06-20
ANDHRSUGAR, EQ, 20-Jun-2024,123.14,124.0,125.5,121.83,123.65,123.49,123.86,861476,1067.04,9341, 265050, 30.77,0.30766962747656346,2024-06-20
ANGELONE, EQ, 20-Jun-2024,2607.75,2602.0,2619.85,2575.0,2585.0,2581.4,2594.32,188761,4897.06,22646, 92638, 49.08,0.49076874990066804,2024-06-20
ANIKINDS, EQ, 20-Jun-2024,52.83,53.26,54.97,51.49,54.0,53.07,53.23,68083,36.24,1381, 33920, 49.82,0.4982154135393564,2024-06-20
ANKITMETAL, BE, 20-Jun-2024,3.95,3.95,4.04,3.88,4.04,4.01,3.97,55443,2.2,177, -, -,,2024-06-20
ANMOL, BE, 20-Jun-2024,36.12,36.54,36.78,36.12,36.16,36.38,36.38,54758,19.92,473, -, -,,2024-06-20
ANSALAPI, BZ, 20-Jun-2024,9.03,9.2,9.28,8.62,9.19,9.16,8.97,170455,15.29,206, -, -,,2024-06-20
ANTGRAPHIC, EQ, 20-Jun-2024,1.54,1.54,1.55,1.5,1.51,1.5,1.51,1601692,24.26,1253, 850289, 53.09,0.5308692307884412,2024-06-20
ANUP, EQ, 20-Jun-2024,1946.9,1950.0,1954.45,1905.0,1925.0,1930.05,1927.89,24349,469.42,6270, 10322, 42.39,0.4239188467698879,2024-06-20
ANURAS, EQ, 20-Jun-2024,782.15,790.0,791.55,779.5,781.85,781.85,782.76,202611,1585.96,9002, 86550, 42.72,0.42717325317973853,2024-06-20
APARINDS, EQ, 20-Jun-2024,8381.0,8464.0,8536.0,8382.1,8460.0,8465.6,8459.48,45273,3829.86,10647, 13685, 30.23,0.30227729551830007,2024-06-20
APCL, EQ, 20-Jun-2024,199.32,202.3,202.3,194.66,196.0,195.67,197.7,38311,75.74,1729, 25045, 65.37,0.6537286941087416,2024-06-20
APCOTEXIND, EQ, 20-Jun-2024,438.95,439.9,444.95,437.3,443.7,442.5,441.04,23410,103.25,3148, 9961, 42.55,0.42550192225544636,2024-06-20
APEX, EQ, 20-Jun-2024,235.84,237.5,238.45,234.01,234.49,234.64,236.13,99645,235.29,4244, 43983, 44.14,0.4413969592051784,2024-06-20
APLAPOLLO, EQ, 20-Jun-2024,1571.15,1563.65,1594.0,1561.2,1584.2,1579.7,1574.04,599768,9440.58,21091, 458509, 76.45,0.7644772645422897,2024-06-20
APLLTD, EQ, 20-Jun-2024,862.5,876.8,876.8,837.8,846.0,845.3,847.66,270002,2288.69,17714, 146924, 54.42,0.5441589321560582,2024-06-20
APOLLO, EQ, 20-Jun-2024,110.15,112.87,115.65,110.3,115.65,115.61,115.05,5663634,6516.14,24977, 3768905, 66.55,0.665457019291854,2024-06-20
APOLLOHOSP, EQ, 20-Jun-2024,6173.55,6165.7,6193.7,6115.75,6165.0,6175.85,6162.44,252844,15581.36,57326, 133895, 52.96,0.5295557735204316,2024-06-20
APOLLOPIPE, EQ, 20-Jun-2024,648.35,650.0,661.1,646.35,654.0,652.25,653.76,75380,492.8,4037, 46717, 61.98,0.6197532501989917,2024-06-20
APOLLOTYRE, EQ, 20-Jun-2024,484.65,485.0,495.9,483.4,495.25,494.05,492.59,4238014,20875.85,76073, 1853974, 43.75,0.4374629248511213,2024-06-20
APOLSINHOT, EQ, 20-Jun-2024,1533.4,1538.0,1550.0,1515.0,1523.15,1529.4,1536.21,2277,34.98,553, 1440, 63.24,0.6324110671936759,2024-06-20
APTECHT, EQ, 20-Jun-2024,227.08,227.8,234.49,226.6,228.0,229.44,230.34,332963,766.95,8596, 191274, 57.45,0.5744602253103198,2024-06-20
APTUS, EQ, 20-Jun-2024,347.65,348.6,350.25,342.1,346.5,346.35,346.24,389689,1349.27,14242, 188757, 48.44,0.48437856855081873,2024-06-20
ARCHIDPLY, BE, 20-Jun-2024,106.5,105.99,106.0,104.45,104.75,104.75,105.62,10329,10.91,96, -, -,,2024-06-20
ARCHIES, EQ, 20-Jun-2024,25.87,25.5,26.33,25.5,26.19,25.91,26.07,65453,17.07,617, 41973, 64.13,0.6412693077475441,2024-06-20
ARE&M, EQ, 20-Jun-2024,1398.55,1401.2,1432.0,1382.75,1398.0,1401.0,1412.87,2418130,34164.94,86356, 890728, 36.84,0.368354058714792,2024-06-20
ARENTERP, EQ, 20-Jun-2024,42.03,41.51,42.8,41.51,42.52,42.07,42.11,1213,0.51,91, 725, 59.77,0.597691673536686,2024-06-20
ARIES, EQ, 20-Jun-2024,269.05,271.18,286.36,270.0,276.5,277.11,279.83,813597,2276.73,25427, 235104, 28.90,0.28896861714091865,2024-06-20
ARIHANTCAP, EQ, 20-Jun-2024,74.0,74.0,75.58,72.99,74.3,74.56,74.39,831925,618.83,6908, 397913, 47.83,0.4783039336478649,2024-06-20
ARIHANTSUP, EQ, 20-Jun-2024,347.7,350.0,350.9,345.3,348.35,348.7,348.51,37757,131.59,1708, 26361, 69.82,0.6981751728156368,2024-06-20
ARMANFIN, EQ, 20-Jun-2024,2480.6,2479.7,2525.0,2405.2,2416.0,2418.2,2459.33,19124,470.32,3416, 11372, 59.46,0.5946454716586488,2024-06-20
AROGRANITE, EQ, 20-Jun-2024,58.22,57.7,59.26,57.3,57.34,57.44,57.99,32871,19.06,443, 23155, 70.44,0.7044203096954763,2024-06-20
ARROWGREEN, EQ, 20-Jun-2024,560.8,562.2,581.3,560.85,569.0,568.6,572.34,42488,243.18,3742, 20982, 49.38,0.4938335530032009,2024-06-20
ARSHIYA, BE, 20-Jun-2024,5.47,5.39,5.74,5.19,5.48,5.3,5.46,2541780,138.77,639, -, -,,2024-06-20
ARTEMISMED, EQ, 20-Jun-2024,175.15,175.89,188.24,174.5,181.63,181.56,183.89,463729,852.76,12828, 215895, 46.56,0.46556286106756317,2024-06-20
ARTNIRMAN, EQ, 20-Jun-2024,65.42,66.73,69.35,66.0,66.15,66.52,67.6,7004,4.73,354, 2702, 38.58,0.3857795545402627,2024-06-20
ARVEE, BE, 20-Jun-2024,184.0,180.0,193.2,180.0,192.9,192.69,187.94,870,1.64,86, -, -,,2024-06-20
ARVIND, EQ, 20-Jun-2024,369.6,371.1,376.0,366.0,369.35,368.1,370.61,321475,1191.42,12528, 168360, 52.37,0.5237110195194028,2024-06-20
ARVINDFASN, EQ, 20-Jun-2024,485.55,491.7,496.25,484.6,489.05,491.9,492.2,262802,1293.51,20359, 156934, 59.72,0.5971567948493542,2024-06-20
ARVSMART, EQ, 20-Jun-2024,677.9,678.0,697.55,675.0,689.0,687.95,685.64,40049,274.59,4264, 20368, 50.86,0.5085769931833504,2024-06-20
ASAHIINDIA, EQ, 20-Jun-2024,669.5,672.0,685.0,660.55,675.3,677.25,674.93,252028,1701.01,13859, 89401, 35.47,0.3547264589648769,2024-06-20
ASAHISONG, EQ, 20-Jun-2024,399.85,410.0,424.0,407.6,422.05,421.1,417.96,118590,495.66,6111, 62273, 52.51,0.5251117294881524,2024-06-20
ASAL, EQ, 20-Jun-2024,1023.8,1029.7,1063.95,1014.7,1035.65,1037.8,1040.27,150830,1569.04,13054, 57990, 38.45,0.38447258502950343,2024-06-20
ASALCBR, EQ, 20-Jun-2024,695.9,700.0,715.0,691.1,700.9,700.0,704.1,60793,428.04,2692, 35303, 58.07,0.5807083052325103,2024-06-20
ASHAPURMIN, EQ, 20-Jun-2024,387.2,382.1,418.9,382.1,406.25,405.45,405.59,425635,1726.34,14803, 236245, 55.50,0.5550412912471954,2024-06-20
ASHIANA, EQ, 20-Jun-2024,420.0,420.15,469.0,412.1,452.5,452.05,452.73,981080,4441.67,39083, 198526, 20.24,0.20235454804908876,2024-06-20
ASHIMASYN, EQ, 20-Jun-2024,38.93,39.2,39.5,37.4,37.91,37.72,38.27,1477403,565.37,5552, 802886, 54.34,0.5434441381261579,2024-06-20
ASHOKA, EQ, 20-Jun-2024,222.14,220.0,246.5,218.0,245.0,243.82,236.8,9908084,23462.64,94915, 3184200, 32.14,0.32137394071346187,2024-06-20
ASHOKAMET, EQ, 20-Jun-2024,19.71,20.0,20.48,19.7,20.45,20.35,20.25,222089,44.96,1115, 149586, 67.35,0.6735407877022275,2024-06-20
ASHOKLEY, EQ, 20-Jun-2024,234.01,234.01,237.9,233.29,236.4,236.86,236.16,6600075,15586.83,40766, 2605189, 39.47,0.3947211205933266,2024-06-20
ASIANENE, EQ, 20-Jun-2024,282.5,287.8,290.0,282.5,286.0,284.75,285.75,87713,250.64,1888, 59998, 68.40,0.6840263130892799,2024-06-20
ASIANHOTNR, BE, 20-Jun-2024,138.27,140.9,140.9,134.65,140.0,139.33,138.23,1050,1.45,19, -, -,,2024-06-20
ASIANPAINT, EQ, 20-Jun-2024,2891.7,2885.0,2924.5,2872.4,2914.8,2915.5,2905.96,1129752,32830.2,79992, 578952, 51.25,0.5124593716143012,2024-06-20
ASIANTILES, EQ, 20-Jun-2024,77.9,78.5,79.79,77.01,77.28,77.63,77.89,1195566,931.18,3804, 638270, 53.39,0.5338642952375695,2024-06-20
ASKAUTOLTD, EQ, 20-Jun-2024,347.25,347.25,371.8,345.0,364.65,362.05,364.29,1263149,4601.59,21385, 585613, 46.36,0.46361355627879214,2024-06-20
ASMS, EQ, 20-Jun-2024,17.41,17.17,17.75,17.17,17.75,17.75,17.73,258520,45.84,438, 221488, 85.68,0.8567538294909485,2024-06-20
ASPINWALL, EQ, 20-Jun-2024,278.55,287.9,308.8,276.4,292.0,290.15,296.61,163377,484.59,3844, 42957, 26.29,0.2629317468187077,2024-06-20
ASTEC, EQ, 20-Jun-2024,1292.5,1298.3,1385.0,1278.85,1341.5,1364.3,1328.29,365163,4850.42,24784, 191521, 52.45,0.5244808482787139,2024-06-20
ASTERDM, EQ, 20-Jun-2024,352.0,352.1,358.0,350.55,355.9,356.25,354.16,738738,2616.31,24142, 436905, 59.14,0.5914207743476037,2024-06-20
ASTRAL, EQ, 20-Jun-2024,2204.6,2221.15,2244.9,2199.05,2214.9,2211.55,2220.35,314667,6986.72,22066, 171605, 54.54,0.5453542951755348,2024-06-20
ASTRAMICRO, EQ, 20-Jun-2024,985.2,989.7,1014.0,965.1,985.0,987.1,991.4,919642,9117.36,33464, 327410, 35.60,0.3560189726002075,2024-06-20
ASTRAZEN, EQ, 20-Jun-2024,6379.45,6380.0,6444.75,6345.35,6390.0,6382.4,6381.53,2720,173.58,1336, 873, 32.10,0.3209558823529412,2024-06-20
ASTRON, BE, 20-Jun-2024,20.2,20.6,20.6,20.2,20.3,20.3,20.39,28661,5.84,53, -, -,,2024-06-20
ATALREAL, BE, 20-Jun-2024,8.77,8.59,8.59,8.59,8.59,8.59,8.59,29776,2.56,88, -, -,,2024-06-20
ATAM, BE, 20-Jun-2024,207.97,210.7,210.7,204.0,207.0,206.68,206.12,48280,99.52,476, -, -,,2024-06-20
ATFL, EQ, 20-Jun-2024,741.3,745.25,755.0,736.95,741.1,744.3,747.98,469097,3508.76,17344, 192899, 41.12,0.4112134590500472,2024-06-20
ATGL, EQ, 20-Jun-2024,927.4,928.0,942.0,924.0,927.95,925.75,930.36,1123547,10453.05,33975, 489225, 43.54,0.43542904747197936,2024-06-20
ATL, EQ, 20-Jun-2024,52.94,53.2,55.13,52.65,53.11,52.96,53.77,1372514,737.95,7803, 790157, 57.57,0.5757005028728305,2024-06-20
ATLANTAA, BE, 20-Jun-2024,42.06,42.9,42.9,42.85,42.9,42.9,42.89,108018,46.33,142, -, -,,2024-06-20
ATUL, EQ, 20-Jun-2024,6234.5,6266.0,6549.0,6214.2,6524.0,6507.1,6453.04,148051,9553.78,24948, 54382, 36.73,0.36731936967666545,2024-06-20
ATULAUTO, EQ, 20-Jun-2024,541.85,543.0,572.65,539.05,558.5,557.7,561.91,324099,1821.15,17840, 127144, 39.23,0.3922998836775183,2024-06-20
AUBANK, EQ, 20-Jun-2024,656.95,659.9,672.45,657.1,667.9,666.75,667.34,2046499,13657.05,58101, 918439, 44.88,0.44878546239211453,2024-06-20
AURIONPRO, EQ, 20-Jun-2024,2955.65,3039.9,3039.9,2852.0,2874.65,2863.15,2925.69,46168,1350.73,8985, 29336, 63.54,0.6354184716686883,2024-06-20
AUROPHARMA, EQ, 20-Jun-2024,1221.7,1220.05,1246.1,1207.8,1244.0,1243.2,1234.54,791551,9772.01,30271, 452648, 57.18,0.5718494449504833,2024-06-20
AURUM, EQ, 20-Jun-2024,145.98,146.25,150.9,146.25,147.1,146.85,147.79,78760,116.4,1193, 49366, 62.68,0.626790248857288,2024-06-20
AUSOMENT, BE, 20-Jun-2024,98.5,98.5,98.75,96.07,96.3,96.97,96.79,3451,3.34,34, -, -,,2024-06-20
AUTOAXLES, EQ, 20-Jun-2024,2063.35,2073.7,2122.7,2060.0,2085.0,2076.65,2093.44,26743,559.85,4176, 15118, 56.53,0.5653068092584975,2024-06-20
AUTOBEES, EQ, 20-Jun-2024,258.44,258.51,260.47,256.0,257.95,257.1,257.36,355688,915.4,5226, 317377, 89.23,0.8922904343132183,2024-06-20
AUTOIETF, EQ, 20-Jun-2024,25.82,25.97,26.08,25.65,25.77,25.71,25.76,515670,132.85,2955, 378513, 73.40,0.7340217581011111,2024-06-20
AUTOIND, EQ, 20-Jun-2024,116.01,117.15,120.99,116.61,118.2,117.87,118.91,208846,248.34,4655, 100961, 48.34,0.483423192208613,2024-06-20
AVADHSUGAR, EQ, 20-Jun-2024,658.75,663.4,697.0,661.25,683.25,682.3,685.22,384388,2633.91,18400, 144369, 37.56,0.3755814437495447,2024-06-20
AVALON, EQ, 20-Jun-2024,517.95,517.95,527.3,512.8,522.0,523.35,521.94,83231,434.42,5591, 39426, 47.37,0.47369369585851423,2024-06-20
AVANTIFEED, EQ, 20-Jun-2024,639.35,639.35,652.8,630.0,632.0,633.35,641.81,856290,5495.72,23693, 232012, 27.10,0.2709502621775333,2024-06-20
AVG, EQ, 20-Jun-2024,510.35,511.35,514.8,507.85,511.8,510.3,510.88,30183,154.2,1527, 20975, 69.49,0.6949276082563032,2024-06-20
AVONMORE, BE, 20-Jun-2024,130.05,131.75,132.95,128.6,132.0,131.98,131.36,43527,57.18,392, -, -,,2024-06-20
AVROIND, EQ, 20-Jun-2024,118.05,118.05,120.88,118.01,119.5,118.9,119.05,15126,18.01,610, 6394, 42.27,0.42271585349728946,2024-06-20
AVTNPL, EQ, 20-Jun-2024,85.64,86.28,87.89,85.63,87.1,86.69,86.73,328296,284.72,5200, 145866, 44.43,0.4443124497404781,2024-06-20
AWFIS, EQ, 20-Jun-2024,499.85,530.15,544.0,500.0,501.9,504.9,523.48,1736521,9090.36,48170, 511528, 29.46,0.2945705810640931,2024-06-20
AWHCL, EQ, 20-Jun-2024,473.95,475.0,499.0,475.0,480.9,480.25,488.47,421425,2058.52,20230, 171813, 40.77,0.4076953194518598,2024-06-20
AWL, EQ, 20-Jun-2024,337.1,339.0,343.05,337.25,340.3,340.15,340.35,942532,3207.87,16415, 464707, 49.30,0.49304108507721756,2024-06-20
AXISBANK, EQ, 20-Jun-2024,1226.65,1230.1,1241.5,1220.4,1238.0,1239.5,1234.4,8206858,101305.77,184564, 4493794, 54.76,0.547565706632185,2024-06-20
AXISBNKETF, EQ, 20-Jun-2024,524.02,524.15,531.5,522.26,528.68,527.07,527.36,8288,43.71,126, 4783, 57.71,0.5770994208494209,2024-06-20
AXISBPSETF, EQ, 20-Jun-2024,11.79,11.78,11.84,11.75,11.82,11.79,11.81,27946,3.3,418, 23966, 85.76,0.8575824804981035,2024-06-20
AXISCADES, EQ, 20-Jun-2024,599.5,599.9,606.95,574.8,585.35,582.35,591.89,289796,1715.27,13097, 117602, 40.58,0.40580960399729465,2024-06-20
AXISCETF, EQ, 20-Jun-2024,113.41,113.35,113.52,112.7,113.21,112.99,113.07,10551,11.93,89, 10482, 99.35,0.9934603355132215,2024-06-20
AXISGOLD, EQ, 20-Jun-2024,61.17,61.16,61.56,61.12,61.49,61.48,61.43,290178,178.27,1109, 260553, 89.79,0.8979074912639828,2024-06-20
AXISHCETF, EQ, 20-Jun-2024,126.01,127.5,127.5,125.0,126.4,125.97,125.64,4124,5.18,197, 3488, 84.58,0.8457807953443259,2024-06-20
AXISILVER, EQ, 20-Jun-2024,90.11,90.7,92.0,90.6,91.8,91.76,91.43,41311,37.77,331, 30387, 73.56,0.7355667981893442,2024-06-20
AXISNIFTY, EQ, 20-Jun-2024,253.8,253.46,254.99,253.2,254.26,254.34,253.91,6184,15.7,146, 5798, 93.76,0.9375808538163001,2024-06-20
AXISTECETF, EQ, 20-Jun-2024,369.31,368.0,369.99,367.94,369.96,369.45,369.03,8150,30.08,118, 7935, 97.36,0.9736196319018405,2024-06-20
AXITA, EQ, 20-Jun-2024,22.27,22.38,22.39,22.0,22.09,22.05,22.15,868774,192.43,3688, 474709, 54.64,0.5464125307617401,2024-06-20
AXSENSEX, EQ, 20-Jun-2024,78.16,77.3,78.89,76.83,78.89,78.67,78.3,813,0.64,36, 463, 56.95,0.5694956949569495,2024-06-20
AYMSYNTEX, EQ, 20-Jun-2024,93.14,95.45,96.86,93.52,94.06,94.16,95.05,37653,35.79,934, 20853, 55.38,0.5538204127161183,2024-06-20
AZAD, EQ, 20-Jun-2024,1981.8,2030.0,2080.0,1902.0,1934.1,1927.45,2019.42,535099,10805.87,39480, 296737, 55.45,0.5545459812109534,2024-06-20
BAGFILMS, BE, 20-Jun-2024,9.14,9.14,9.45,9.01,9.45,9.29,9.22,116464,10.74,351, -, -,,2024-06-20
BAIDFIN, EQ, 20-Jun-2024,19.14,19.3,19.95,19.3,19.68,19.65,19.61,331689,65.06,1548, 169086, 50.98,0.5097727087723741,2024-06-20
BAJAJ-AUTO, EQ, 20-Jun-2024,9685.8,9692.0,9735.9,9565.0,9626.55,9632.0,9621.91,324597,31232.44,78830, 132693, 40.88,0.4087930572371279,2024-06-20
BAJAJCON, EQ, 20-Jun-2024,259.9,261.15,264.3,260.36,262.78,262.87,262.95,265305,697.62,10731, 123497, 46.55,0.465490661691261,2024-06-20
BAJAJELEC, EQ, 20-Jun-2024,1049.95,1051.65,1074.1,1046.95,1064.2,1060.95,1063.57,57653,613.18,6151, 27244, 47.26,0.47255129828456455,2024-06-20
BAJAJFINSV, EQ, 20-Jun-2024,1594.9,1592.5,1595.0,1573.1,1587.5,1586.0,1581.5,1649421,26085.58,106178, 913612, 55.39,0.5538986104821025,2024-06-20
BAJAJHCARE, EQ, 20-Jun-2024,315.85,316.8,320.7,315.2,316.8,316.1,317.83,78039,248.03,4547, 41732, 53.48,0.5347582618946937,2024-06-20
BAJAJHIND, EQ, 20-Jun-2024,42.52,42.6,44.4,42.0,42.99,42.94,43.21,33542685,14492.47,59991, 13291419, 39.63,0.3962538777083588,2024-06-20
BAJAJHLDNG, EQ, 20-Jun-2024,8199.7,8200.1,8277.8,8164.9,8204.6,8245.7,8205.52,19663,1613.45,6000, 14074, 71.58,0.7157605655291664,2024-06-20
BAJEL, EQ, 20-Jun-2024,300.23,300.35,324.8,300.35,314.44,313.72,316.58,1864761,5903.42,24989, 698762, 37.47,0.3747193340058056,2024-06-20
BAJFINANCE, EQ, 20-Jun-2024,7233.95,7220.0,7264.9,7111.0,7215.0,7207.1,7184.01,900158,64667.46,110362, 362412, 40.26,0.4026093196972087,2024-06-20
BALAJITELE, EQ, 20-Jun-2024,66.33,66.6,72.5,66.6,71.52,71.53,70.36,1047759,737.23,7089, 575628, 54.94,0.5493896974399647,2024-06-20
BALAMINES, EQ, 20-Jun-2024,2243.65,2250.0,2419.0,2234.4,2405.0,2397.45,2369.61,617614,14635.06,48324, 191308, 30.98,0.30975334108358943,2024-06-20
BALAXI, EQ, 20-Jun-2024,124.47,120.1,132.14,118.0,125.75,124.84,127.05,30601,38.88,654, 17500, 57.19,0.5718767360543773,2024-06-20
BALKRISHNA, EQ, 20-Jun-2024,25.89,26.1,26.58,25.5,25.85,25.65,25.91,124570,32.27,1277, 67212, 53.96,0.5395520590832463,2024-06-20
BALKRISIND, EQ, 20-Jun-2024,3289.6,3289.0,3332.4,3249.05,3315.0,3322.3,3303.57,189573,6262.67,19973, 97207, 51.28,0.5127681684628085,2024-06-20
BALMLAWRIE, EQ, 20-Jun-2024,267.35,267.45,267.5,262.6,263.5,263.5,264.33,414076,1094.53,8210, 242165, 58.48,0.5848322530163544,2024-06-20
BALPHARMA, EQ, 20-Jun-2024,117.67,117.0,121.14,116.83,118.5,117.8,118.19,36628,43.29,954, 22353, 61.03,0.6102708310582068,2024-06-20
BALRAMCHIN, EQ, 20-Jun-2024,440.85,442.0,447.35,437.0,441.5,441.75,443.31,2805846,12438.7,41456, 1113123, 39.67,0.3967156429825443,2024-06-20
BALUFORGE, EQ, 20-Jun-2024,316.9,320.0,343.6,319.0,342.0,341.55,333.26,1953689,6510.94,37580, 991552, 50.75,0.5075280661353982,2024-06-20
BANARBEADS, EQ, 20-Jun-2024,96.77,97.02,97.02,95.15,96.45,96.0,96.05,47255,45.39,1439, 4429, 9.37,0.09372553168976828,2024-06-20
BANARISUG, EQ, 20-Jun-2024,3107.75,3107.75,3298.85,3107.7,3200.0,3212.2,3222.44,12369,398.58,1735, 8241, 66.63,0.6662624302692215,2024-06-20
BANCOINDIA, EQ, 20-Jun-2024,602.75,606.3,649.0,602.1,639.0,634.75,635.83,385693,2452.35,18385, 173988, 45.11,0.4511048943071303,2024-06-20
BANDHANBNK, EQ, 20-Jun-2024,198.83,199.95,209.75,199.01,207.97,208.18,206.22,39711959,81892.76,177469, 16634481, 41.89,0.41887837867681116,2024-06-20
BANG, EQ, 20-Jun-2024,46.81,47.97,48.5,47.0,47.85,47.81,47.79,12124,5.79,235, 8029, 66.22,0.6622401847575058,2024-06-20
BANKA, BE, 20-Jun-2024,90.26,88.45,89.11,88.45,89.11,89.11,88.52,8404,7.44,83, -, -,,2024-06-20
BANKBARODA, EQ, 20-Jun-2024,283.95,284.0,287.7,283.65,285.0,285.2,285.33,13675594,39020.82,62310, 6750471, 49.36,0.49361446383974256,2024-06-20
BANKBEES, EQ, 20-Jun-2024,526.16,526.3,530.63,525.3,529.9,530.34,527.8,1669575,8812.03,13168, 992055, 59.42,0.5941961277570639,2024-06-20
BANKBETF, EQ, 20-Jun-2024,51.55,51.55,52.0,51.38,51.9,51.85,51.83,51233,26.55,413, 20279, 39.58,0.3958191009700779,2024-06-20
BANKETF, EQ, 20-Jun-2024,517.5,517.51,521.81,514.77,521.8,521.37,519.34,5555,28.85,411, 3903, 70.26,0.7026102610261026,2024-06-20
BANKETFADD, EQ, 20-Jun-2024,52.12,52.2,52.49,52.0,52.26,52.33,52.15,20490,10.69,144, 18045, 88.07,0.8806734992679356,2024-06-20
BANKIETF, EQ, 20-Jun-2024,52.08,52.25,52.75,52.02,52.5,52.47,52.34,173082,90.59,1033, 83028, 47.97,0.4797032620376469,2024-06-20
BANKINDIA, EQ, 20-Jun-2024,122.89,122.8,123.95,122.56,122.94,122.98,123.23,8706010,10728.0,36485, 4050541, 46.53,0.4652580229060155,2024-06-20
BANKNIFTY1, EQ, 20-Jun-2024,528.37,528.69,532.05,526.52,530.58,531.17,531.04,994874,5283.14,984, 968597, 97.36,0.9735876100893178,2024-06-20
BANSWRAS, EQ, 20-Jun-2024,147.22,147.23,152.0,147.23,150.0,149.87,150.39,70939,106.68,1285, 54553, 76.90,0.7690128138259632,2024-06-20
BARBEQUE, EQ, 20-Jun-2024,561.45,564.15,573.5,544.4,571.0,568.8,567.32,60433,342.85,3722, 24888, 41.18,0.41182797478198996,2024-06-20
BASF, EQ, 20-Jun-2024,4908.2,4910.4,5288.8,4875.05,5240.0,5234.5,5149.59,115415,5943.4,18481, 37871, 32.81,0.32812892604947363,2024-06-20
BASML, EQ, 20-Jun-2024,48.07,48.0,51.95,47.31,51.0,50.75,50.57,622915,315.03,4910, 446311, 71.65,0.7164878033118484,2024-06-20
BATAINDIA, EQ, 20-Jun-2024,1449.4,1449.4,1476.0,1445.05,1469.0,1467.25,1466.62,609376,8937.21,22765, 384868, 63.16,0.6315772199758442,2024-06-20
BAYERCROP, EQ, 20-Jun-2024,6166.5,6168.3,6235.0,6100.0,6229.0,6210.8,6172.53,18701,1154.33,4700, 10075, 53.87,0.5387412437837549,2024-06-20
BBETF0432, EQ, 20-Jun-2024,1151.87,1152.05,1155.99,1152.03,1152.03,1152.4,1152.91,727,8.38,24, 722, 99.31,0.9931224209078404,2024-06-20
BBL, EQ, 20-Jun-2024,4902.9,4923.55,4938.8,4766.05,4825.55,4807.55,4842.97,28193,1365.38,5237, 14299, 50.72,0.5071826339871599,2024-06-20
BBNPPGOLD, EQ, 20-Jun-2024,70.95,71.0,71.35,71.0,71.35,71.35,71.03,315,0.22,9, 287, 91.11,0.9111111111111111,2024-06-20
BBOX, EQ, 20-Jun-2024,262.51,263.9,266.0,256.01,262.0,260.64,260.66,197103,513.76,7189, 96926, 49.18,0.49175304282532484,2024-06-20
BBTC, EQ, 20-Jun-2024,1621.55,1629.7,1669.0,1603.0,1637.0,1622.0,1634.54,48177,787.47,6177, 15441, 32.05,0.3205056354692073,2024-06-20
BBTCL, EQ, 20-Jun-2024,240.43,240.0,247.59,237.6,243.5,244.07,241.88,5383,13.02,303, 3392, 63.01,0.6301318967118708,2024-06-20
BCLIND, EQ, 20-Jun-2024,56.02,56.55,56.78,55.67,55.9,55.82,56.07,1719191,963.95,8009, 823289, 47.89,0.4788816367698528,2024-06-20
BCONCEPTS, EQ, 20-Jun-2024,649.35,651.4,669.95,622.05,631.5,633.9,642.41,19619,126.04,1996, 11885, 60.58,0.6057903053162751,2024-06-20
BDL, EQ, 20-Jun-2024,1563.85,1567.35,1597.5,1527.0,1572.0,1569.55,1566.99,2357325,36939.14,73880, 614394, 26.06,0.26063186026534313,2024-06-20
BEARDSELL, EQ, 20-Jun-2024,39.81,39.26,41.68,39.26,40.68,40.45,40.8,77117,31.46,1127, 46239, 59.96,0.5995954199463154,2024-06-20
BECTORFOOD, EQ, 20-Jun-2024,1442.35,1448.0,1565.95,1433.8,1501.0,1498.6,1516.31,535097,8113.72,37055, 187409, 35.02,0.3502336959467162,2024-06-20
BEDMUTHA, EQ, 20-Jun-2024,245.4,243.0,248.8,241.55,243.6,242.35,244.48,13398,32.76,634, 9151, 68.30,0.6830123899089416,2024-06-20
BEL, EQ, 20-Jun-2024,309.3,309.8,313.35,302.25,312.05,311.9,309.72,39505506,122355.03,242233, 11864061, 30.03,0.3003141131770341,2024-06-20
BEML, EQ, 20-Jun-2024,4524.05,4523.95,4610.0,4419.75,4460.0,4450.3,4509.83,479203,21611.23,44303, 105232, 21.96,0.21959795744183572,2024-06-20
BEPL, EQ, 20-Jun-2024,119.02,120.0,130.0,119.61,125.6,125.81,125.37,12219450,15319.87,74210, 4331260, 35.45,0.3544562152961058,2024-06-20
BERGEPAINT, EQ, 20-Jun-2024,497.65,498.0,514.9,497.5,510.75,510.15,510.11,3107570,15851.99,71535, 1558992, 50.17,0.5016755857470628,2024-06-20
BESTAGRO, EQ, 20-Jun-2024,613.35,624.0,720.0,622.45,699.5,701.1,698.6,1136339,7938.49,46809, 258218, 22.72,0.22723676649309757,2024-06-20
BFINVEST, EQ, 20-Jun-2024,609.5,610.0,625.0,609.95,615.0,615.55,617.85,52135,322.11,4295, 21049, 40.37,0.4037402896326844,2024-06-20
BFSI, EQ, 20-Jun-2024,23.42,23.52,23.58,23.33,23.52,23.49,23.48,786100,184.58,1378, 693575, 88.23,0.8822986897341305,2024-06-20
BFUTILITIE, EQ, 20-Jun-2024,906.65,912.6,942.25,903.9,908.0,907.85,923.35,476669,4401.34,19380, 139051, 29.17,0.29171395664496746,2024-06-20
BGRENERGY, BE, 20-Jun-2024,38.5,38.49,38.49,38.0,38.0,38.0,38.31,53290,20.42,268, -, -,,2024-06-20
BHAGCHEM, EQ, 20-Jun-2024,268.66,272.8,285.0,263.95,266.05,268.13,270.88,487303,1320.03,5362, 284413, 58.36,0.5836471353552102,2024-06-20
BHAGERIA, EQ, 20-Jun-2024,166.13,166.2,176.99,165.81,172.0,171.84,173.72,255956,444.64,6148, 100824, 39.39,0.39391145353107565,2024-06-20
BHAGYANGR, EQ, 20-Jun-2024,110.88,111.53,111.95,109.0,109.5,109.73,110.67,75917,84.02,2125, 47698, 62.83,0.628291423528327,2024-06-20
BHANDARI, EQ, 20-Jun-2024,8.12,8.1,8.21,8.0,8.08,8.03,8.06,981958,79.17,1955, 560028, 57.03,0.5703176714279022,2024-06-20
BHARATFORG, EQ, 20-Jun-2024,1703.4,1704.0,1800.7,1697.0,1800.2,1791.4,1756.05,3677708,64582.42,124437, 1814448, 49.34,0.49336380158511767,2024-06-20
BHARATGEAR, EQ, 20-Jun-2024,111.48,111.95,114.25,111.23,111.56,111.77,112.28,50568,56.78,915, 26252, 51.91,0.5191425407372251,2024-06-20
BHARATRAS, EQ, 20-Jun-2024,11662.35,11635.05,12887.35,11635.0,12290.0,12352.85,12248.71,57955,7098.74,18640, 19479, 33.61,0.3361055991717712,2024-06-20
BHARATWIRE, EQ, 20-Jun-2024,271.55,271.55,277.0,269.0,274.0,271.95,274.13,106550,292.09,4599, 55032, 51.65,0.5164899108399812,2024-06-20
BHARTIARTL, EQ, 20-Jun-2024,1392.35,1405.95,1406.95,1376.25,1380.95,1381.15,1386.79,8742855,121245.18,200651, 5288816, 60.49,0.6049300829077,2024-06-20
BHARTIHEXA, EQ, 20-Jun-2024,1148.6,1150.0,1165.0,1122.15,1128.0,1133.25,1139.58,609306,6943.51,31095, 294306, 48.30,0.4830183848509616,2024-06-20
BHEL, EQ, 20-Jun-2024,297.05,298.4,298.4,291.5,293.95,293.4,293.48,26187852,76856.01,164227, 12052400, 46.02,0.46022865869258767,2024-06-20
BIGBLOC, EQ, 20-Jun-2024,235.17,235.1,239.55,232.33,236.45,235.17,236.07,65575,154.8,4160, 35679, 54.41,0.5440945482272207,2024-06-20
BIKAJI, EQ, 20-Jun-2024,724.5,724.3,738.0,716.95,718.0,720.6,726.25,333494,2421.99,13416, 174738, 52.40,0.52396145058082,2024-06-20
BIL, BE, 20-Jun-2024,450.65,460.0,465.0,448.4,458.0,452.2,452.37,10159,45.96,112, -, -,,2024-06-20
BINANIIND, BE, 20-Jun-2024,16.14,16.46,16.54,15.81,16.0,16.02,16.08,7478,1.2,47, -, -,,2024-06-20
BIOCON, EQ, 20-Jun-2024,332.25,332.25,344.3,332.0,342.8,342.8,340.5,8166456,27807.11,58543, 3586665, 43.92,0.4391947988209329,2024-06-20
BIOFILCHEM, EQ, 20-Jun-2024,60.99,61.6,70.15,61.03,67.4,67.66,65.87,300605,198.0,2298, 171553, 57.07,0.5706924369188803,2024-06-20
BIRLACABLE, EQ, 20-Jun-2024,243.24,243.25,261.0,243.11,251.52,251.55,252.3,161765,408.14,7253, 68085, 42.09,0.4208883256575897,2024-06-20
BIRLACORPN, EQ, 20-Jun-2024,1539.9,1554.4,1575.95,1545.05,1569.0,1572.0,1566.54,97098,1521.08,10772, 48058, 49.49,0.494943253208099,2024-06-20
BIRLAMONEY, EQ, 20-Jun-2024,165.3,166.5,183.4,166.5,175.7,173.95,178.13,1380361,2458.81,14562, 582277, 42.18,0.42182950691884225,2024-06-20
BLAL, EQ, 20-Jun-2024,297.85,296.1,300.2,292.9,295.9,295.8,297.05,351549,1044.28,11470, 154406, 43.92,0.4392161547892328,2024-06-20
BLBLIMITED, BE, 20-Jun-2024,18.84,18.84,18.84,18.2,18.37,18.24,18.35,34009,6.24,232, -, -,,2024-06-20
BLISSGVS, EQ, 20-Jun-2024,102.15,102.74,105.25,101.52,103.0,103.03,103.49,306914,317.64,4339, 131374, 42.80,0.42804824804342584,2024-06-20
BLKASHYAP, EQ, 20-Jun-2024,93.29,93.9,97.12,91.32,94.8,93.96,94.7,3232739,3061.27,20462, 1522654, 47.10,0.47101049605303735,2024-06-20
BLS, EQ, 20-Jun-2024,367.9,369.0,370.0,361.9,362.6,366.75,365.88,2357198,8624.44,34725, 844789, 35.84,0.358386949250763,2024-06-20
BLSE, EQ, 20-Jun-2024,278.94,276.05,281.55,271.0,272.0,271.97,273.31,296722,810.98,11482, 143394, 48.33,0.4832604255835428,2024-06-20
BLUECHIP, BE, 20-Jun-2024,3.69,3.76,3.76,3.76,3.76,3.76,3.76,37917,1.43,37, -, -,,2024-06-20
BLUEDART, EQ, 20-Jun-2024,7878.8,7974.95,7975.05,7677.0,7700.0,7722.95,7808.24,12665,988.91,4039, 5527, 43.64,0.4363995262534544,2024-06-20
BLUEJET, EQ, 20-Jun-2024,398.7,405.0,431.0,399.05,425.0,424.8,419.15,829156,3475.44,15578, 425896, 51.37,0.5136500248445407,2024-06-20
BLUESTARCO, EQ, 20-Jun-2024,1705.95,1706.4,1709.5,1655.0,1670.0,1668.4,1678.7,233370,3917.59,16660, 137032, 58.72,0.587187727642799,2024-06-20
BODALCHEM, EQ, 20-Jun-2024,77.24,77.25,82.05,77.25,81.2,81.28,80.59,3583520,2888.13,24033, 1406945, 39.26,0.39261536143233466,2024-06-20
BOMDYEING, EQ, 20-Jun-2024,171.3,171.6,183.6,170.3,177.5,177.23,178.83,4168192,7453.78,41300, 1148182, 27.55,0.27546283856405845,2024-06-20
BOROLTD, EQ, 20-Jun-2024,344.35,345.0,349.0,341.3,343.0,343.15,344.54,169090,582.59,7110, 99722, 58.98,0.5897569341770654,2024-06-20
BORORENEW, EQ, 20-Jun-2024,491.0,486.0,499.4,486.0,493.1,493.65,493.82,254886,1258.68,11887, 107866, 42.32,0.42319311378420155,2024-06-20
BOROSCI, BE, 20-Jun-2024,157.9,156.9,165.75,156.35,165.45,165.7,164.72,508490,837.6,2855, -, -,,2024-06-20
BOSCHLTD, EQ, 20-Jun-2024,32892.55,33050.0,33301.25,32201.55,32340.0,32254.7,32630.46,45408,14816.84,17502, 14531, 32.00,0.32000968992248063,2024-06-20
BPCL, EQ, 20-Jun-2024,615.8,620.0,628.8,612.8,627.0,626.25,623.24,9038323,56330.07,156328, 4268237, 47.22,0.4722377148946768,2024-06-20
BPL, EQ, 20-Jun-2024,105.11,105.05,121.9,105.0,116.3,116.3,117.42,5645929,6629.39,49529, 1209656, 21.43,0.21425278284583457,2024-06-20
BRIGADE, EQ, 20-Jun-2024,1317.95,1346.0,1379.7,1325.05,1337.85,1340.55,1356.51,550813,7471.85,35396, 125078, 22.71,0.2270788815805001,2024-06-20
BRITANNIA, EQ, 20-Jun-2024,5360.65,5360.65,5400.0,5319.0,5389.15,5378.45,5368.32,296418,15912.66,56855, 159558, 53.83,0.5382871485537316,2024-06-20
BRNL, BE, 20-Jun-2024,49.78,49.75,49.75,49.45,49.45,49.45,49.68,29410,14.61,325, -, -,,2024-06-20
BROOKS, BE, 20-Jun-2024,87.33,88.5,90.0,87.21,89.9,89.57,89.08,38366,34.18,187, -, -,,2024-06-20
BSE, EQ, 20-Jun-2024,2709.25,2720.0,2720.0,2592.0,2644.0,2639.45,2652.25,818172,21699.96,80594, 488063, 59.65,0.5965286027876779,2024-06-20
BSE500IETF, EQ, 20-Jun-2024,37.43,37.77,37.78,37.3,37.46,37.49,37.54,192430,72.24,782, 182592, 94.89,0.9488749155537078,2024-06-20
BSHSL, EQ, 20-Jun-2024,197.09,197.09,199.89,196.25,198.99,197.96,197.5,20084,39.67,941, 12756, 63.51,0.6351324437363075,2024-06-20
BSL, EQ, 20-Jun-2024,188.77,192.95,194.0,186.01,186.01,188.09,189.9,17320,32.89,842, 8080, 46.65,0.4665127020785219,2024-06-20
BSLGOLDETF, EQ, 20-Jun-2024,63.96,64.48,64.7,63.97,64.7,64.69,64.53,22801,14.71,396, 18405, 80.72,0.8072014385333977,2024-06-20
BSLNIFTY, EQ, 20-Jun-2024,26.91,27.29,27.29,26.8,27.0,26.94,26.94,129649,34.92,2947, 88504, 68.26,0.6826431364684649,2024-06-20
BSLSENETFG, EQ, 20-Jun-2024,76.34,76.29,76.49,75.92,76.11,76.15,75.97,3615,2.75,40, 3565, 98.62,0.9861687413554634,2024-06-20
BSOFT, EQ, 20-Jun-2024,690.85,694.4,699.0,684.05,687.45,687.95,691.36,3307590,22867.46,65185, 1184452, 35.81,0.35810121568876435,2024-06-20
BTML, BE, 20-Jun-2024,14.36,14.26,14.53,13.64,14.43,14.47,14.09,688625,97.04,872, -, -,,2024-06-20
BURNPUR, EQ, 20-Jun-2024,6.58,6.68,6.68,6.3,6.4,6.46,6.49,287493,18.67,1053, 179803, 62.54,0.6254169666739712,2024-06-20
BUTTERFLY, EQ, 20-Jun-2024,741.65,741.7,760.0,732.05,747.25,747.8,747.46,24345,181.97,2642, 12838, 52.73,0.5273362086670774,2024-06-20
BVCL, EQ, 20-Jun-2024,58.89,59.0,60.02,57.7,59.5,59.23,59.03,27491,16.23,617, 12012, 43.69,0.43694299952711796,2024-06-20
BYKE, EQ, 20-Jun-2024,75.95,77.0,83.5,75.81,83.38,82.98,81.67,950476,776.24,4671, 635808, 66.89,0.6689364066004823,2024-06-20
CALSOFT, BE, 20-Jun-2024,17.31,17.31,17.47,16.6,17.1,16.95,17.02,27029,4.6,130, -, -,,2024-06-20
CAMLINFINE, EQ, 20-Jun-2024,106.29,106.62,113.5,106.09,110.5,111.18,110.88,1682217,1865.24,17617, 618707, 36.78,0.36779262128488777,2024-06-20
CAMPUS, EQ, 20-Jun-2024,280.45,281.85,290.45,279.3,284.1,285.6,284.82,1133251,3227.71,25391, 389586, 34.38,0.3437773273528989,2024-06-20
CAMS, EQ, 20-Jun-2024,3571.45,3607.6,3607.6,3488.0,3520.0,3516.2,3557.33,140675,5004.27,14245, 60362, 42.91,0.42908832415141285,2024-06-20
CANBK, EQ, 20-Jun-2024,121.16,121.5,122.2,120.93,121.29,121.2,121.5,19050406,23146.97,71122, 9380002, 49.24,0.4923780627037555,2024-06-20
CANFINHOME, EQ, 20-Jun-2024,866.25,860.25,879.0,858.75,859.9,862.5,866.06,542596,4699.21,31979, 207945, 38.32,0.3832409380091265,2024-06-20
CANTABIL, EQ, 20-Jun-2024,237.62,237.72,250.0,237.72,245.18,245.09,245.03,179241,439.19,7826, 65250, 36.40,0.36403501431034196,2024-06-20
CAPACITE, EQ, 20-Jun-2024,320.25,317.2,325.95,317.2,319.8,320.45,322.69,580718,1873.92,15386, 240184, 41.36,0.41359833860841233,2024-06-20
CAPITALSFB, EQ, 20-Jun-2024,348.6,348.0,359.75,345.55,356.0,356.5,354.31,127432,451.5,5446, 80763, 63.38,0.6337733065478058,2024-06-20
CAPLIPOINT, EQ, 20-Jun-2024,1401.8,1406.0,1423.6,1395.8,1422.5,1420.65,1414.81,76628,1084.14,6170, 45064, 58.81,0.5880879052043639,2024-06-20
CAPTRUST, EQ, 20-Jun-2024,115.62,116.2,116.4,112.7,116.4,115.86,115.29,13226,15.25,866, 5932, 44.85,0.4485105096022985,2024-06-20
CARBORUNIV, EQ, 20-Jun-2024,1800.8,1819.05,1841.15,1742.05,1750.0,1749.05,1791.61,222999,3995.27,21034, 105276, 47.21,0.47209180310225607,2024-06-20
CAREERP, EQ, 20-Jun-2024,390.7,394.0,416.7,391.55,415.0,409.1,403.77,144218,582.31,9331, 79499, 55.12,0.551241869946886,2024-06-20
CARERATING, EQ, 20-Jun-2024,1065.8,1076.45,1079.95,1063.55,1074.95,1071.4,1071.65,23771,254.74,3771, 13707, 57.66,0.5766269824576165,2024-06-20
CARTRADE, EQ, 20-Jun-2024,832.1,830.0,836.2,822.35,825.0,826.85,829.27,128968,1069.5,8845, 92176, 71.47,0.7147199305254016,2024-06-20
CARYSIL, EQ, 20-Jun-2024,835.4,843.7,868.2,830.05,850.05,849.55,854.43,109293,933.84,9614, 56047, 51.28,0.5128141784011785,2024-06-20
CASTROLIND, EQ, 20-Jun-2024,204.87,205.87,212.0,205.01,211.39,210.7,210.09,8841830,18576.0,83073, 3748983, 42.40,0.4240053246895722,2024-06-20
CCHHL, EQ, 20-Jun-2024,17.23,17.34,17.85,17.05,17.17,17.17,17.43,106080,18.49,634, 66525, 62.71,0.6271210407239819,2024-06-20
CCL, EQ, 20-Jun-2024,603.1,603.2,612.9,603.2,609.0,609.05,607.25,143236,869.8,11281, 71419, 49.86,0.49861068446479934,2024-06-20
CDSL, EQ, 20-Jun-2024,2051.6,2053.95,2055.0,2033.05,2042.0,2039.45,2044.66,353156,7220.83,28740, 190023, 53.81,0.538070994121578,2024-06-20
CEATLTD, EQ, 20-Jun-2024,2486.4,2492.0,2508.0,2476.0,2487.5,2484.0,2490.91,72214,1798.78,7039, 42573, 58.95,0.5895394244883264,2024-06-20
CELEBRITY, EQ, 20-Jun-2024,18.11,18.0,19.29,18.0,19.2,18.8,18.6,329344,61.26,706, 220621, 66.99,0.6698801253400699,2024-06-20
CELLO, EQ, 20-Jun-2024,899.75,905.0,905.0,875.65,887.1,889.3,885.74,167470,1483.35,10133, 105094, 62.75,0.6275392607631217,2024-06-20
CENTENKA, EQ, 20-Jun-2024,619.8,620.0,647.9,619.8,635.35,638.1,639.01,54089,345.63,4257, 28418, 52.54,0.5253933332100796,2024-06-20
CENTEXT, EQ, 20-Jun-2024,21.08,21.08,22.8,21.08,22.2,22.25,22.11,399462,88.32,1776, 275302, 68.92,0.6891819497223766,2024-06-20
CENTRALBK, EQ, 20-Jun-2024,65.01,65.51,67.75,65.0,65.5,65.33,66.52,25557624,16999.77,58219, 7175520, 28.08,0.28075849304301526,2024-06-20
CENTRUM, EQ, 20-Jun-2024,40.54,40.7,40.7,40.06,40.35,40.33,40.38,962423,388.63,3872, 562297, 58.43,0.5842514154379104,2024-06-20
CENTUM, EQ, 20-Jun-2024,1669.45,1672.35,1705.35,1671.3,1689.0,1683.1,1693.24,17863,302.46,2142, 12542, 70.21,0.7021217040810614,2024-06-20
CENTURYPLY, EQ, 20-Jun-2024,722.4,722.4,732.5,717.0,721.9,721.5,725.43,98213,712.47,6786, 42227, 43.00,0.42995326484273977,2024-06-20
CENTURYTEX, EQ, 20-Jun-2024,2289.5,2295.0,2311.9,2255.05,2284.0,2273.9,2284.7,174527,3987.42,15358, 63195, 36.21,0.36209297128811013,2024-06-20
CERA, EQ, 20-Jun-2024,8118.0,8152.7,8345.0,8030.5,8340.0,8295.45,8232.96,35998,2963.7,8697, 20306, 56.41,0.5640868937163176,2024-06-20
CEREBRAINT, BE, 20-Jun-2024,6.75,6.76,6.9,6.7,6.77,6.78,6.81,79873,5.44,220, -, -,,2024-06-20
CESC, EQ, 20-Jun-2024,149.45,149.7,151.3,147.9,150.0,150.08,149.97,2716556,4073.95,17222, 1742405, 64.14,0.6414022019056482,2024-06-20
CGCL, EQ, 20-Jun-2024,219.24,219.24,226.45,219.15,222.1,222.76,223.65,228510,511.07,8108, 71929, 31.48,0.3147739705045731,2024-06-20
CGPOWER, EQ, 20-Jun-2024,675.45,675.9,686.0,668.05,678.9,679.95,678.53,1820440,12352.27,49278, 1059323, 58.19,0.5819049240842873,2024-06-20
CHALET, EQ, 20-Jun-2024,802.45,802.45,830.35,800.5,824.8,823.25,816.61,87303,712.92,12594, 37621, 43.09,0.43092448140384637,2024-06-20
CHAMBLFERT, EQ, 20-Jun-2024,467.65,470.0,561.15,465.25,558.0,557.85,523.74,60764962,318247.87,418959, 9945374, 16.37,0.16366955022534202,2024-06-20
CHEMBOND, EQ, 20-Jun-2024,640.05,644.8,650.0,627.3,640.0,634.1,639.51,71999,460.44,7949, 21522, 29.89,0.29892081834469925,2024-06-20
CHEMCON, EQ, 20-Jun-2024,250.5,251.45,274.99,250.61,265.0,265.24,266.7,486075,1296.35,20747, 153307, 31.54,0.3153978295530525,2024-06-20
CHEMFAB, EQ, 20-Jun-2024,622.8,625.9,641.35,613.05,632.9,631.05,628.07,13903,87.32,1010, 7035, 50.60,0.5060058980076243,2024-06-20
CHEMPLASTS, EQ, 20-Jun-2024,581.1,588.1,610.0,555.0,582.0,581.75,582.62,678021,3950.27,22993, 238704, 35.21,0.35205989195024934,2024-06-20
CHENNPETRO, EQ, 20-Jun-2024,974.1,970.5,978.95,966.55,969.0,969.7,972.48,300222,2919.6,12162, 128474, 42.79,0.4279299984678005,2024-06-20
CHEVIOT, EQ, 20-Jun-2024,1494.5,1501.5,1534.95,1495.05,1522.15,1523.8,1514.37,7431,112.53,1576, 4302, 57.89,0.5789261203068228,2024-06-20
CHOICEIN, EQ, 20-Jun-2024,374.0,375.45,379.6,373.6,377.0,377.05,376.86,639543,2410.2,8159, 106700, 16.68,0.16683788267559804,2024-06-20
CHOLAFIN, EQ, 20-Jun-2024,1450.65,1453.0,1453.0,1425.5,1438.55,1438.7,1433.47,1128520,16176.94,44398, 676584, 59.95,0.5995321305781023,2024-06-20
CHOLAHLDNG, EQ, 20-Jun-2024,1290.75,1297.8,1310.0,1280.1,1292.0,1286.8,1292.5,52206,674.76,10080, 26395, 50.56,0.5055932268321649,2024-06-20
CIEINDIA, EQ, 20-Jun-2024,572.05,572.05,580.5,565.55,566.05,568.45,571.89,218493,1249.53,11802, 108651, 49.73,0.4972745122269363,2024-06-20
CIGNITITEC, EQ, 20-Jun-2024,1341.2,1345.75,1369.0,1340.0,1350.8,1350.65,1352.01,192641,2604.52,6606, 110529, 57.38,0.573756365467372,2024-06-20
CINELINE, EQ, 20-Jun-2024,129.81,129.81,134.19,127.0,129.9,128.72,128.74,58985,75.94,1820, 37957, 64.35,0.6435025854030686,2024-06-20
CINEVISTA, BE, 20-Jun-2024,18.57,18.9,18.9,18.02,18.49,18.37,18.35,23799,4.37,91, -, -,,2024-06-20
CIPLA, EQ, 20-Jun-2024,1559.8,1558.0,1559.15,1540.0,1545.45,1544.85,1546.85,1705002,26373.78,75788, 995275, 58.37,0.5837383181955211,2024-06-20
CLEAN, EQ, 20-Jun-2024,1394.1,1408.0,1465.25,1402.0,1447.0,1443.6,1444.71,662404,9569.84,42501, 248143, 37.46,0.37460975477201225,2024-06-20
CLEDUCATE, EQ, 20-Jun-2024,86.34,95.7,95.7,87.1,88.7,87.69,89.71,170426,152.9,2093, 71281, 41.83,0.4182519099198479,2024-06-20
CLSEL, EQ, 20-Jun-2024,209.98,210.0,213.99,208.74,209.99,209.52,210.87,112467,237.16,5244, 51696, 45.97,0.459654832084078,2024-06-20
CMSINFO, EQ, 20-Jun-2024,461.35,460.4,469.7,456.8,459.9,460.3,463.63,871291,4039.54,25256, 577880, 66.32,0.663245689442448,2024-06-20
COALINDIA, EQ, 20-Jun-2024,477.95,481.05,487.4,471.55,483.5,483.15,482.09,7864157,37912.16,116829, 1840067, 23.40,0.23398146807089432,2024-06-20
COASTCORP, EQ, 20-Jun-2024,234.84,237.2,241.0,231.8,235.0,235.08,236.53,47179,111.59,1880, 25821, 54.73,0.5472985862354014,2024-06-20
COCHINSHIP, EQ, 20-Jun-2024,2256.2,2259.0,2298.7,2202.0,2233.55,2231.95,2256.06,3461499,78093.66,130524, 934553, 27.00,0.2699850556074117,2024-06-20
COFFEEDAY, EQ, 20-Jun-2024,55.07,55.09,58.7,55.09,57.1,56.83,57.47,7047469,4049.9,24785, 2069558, 29.37,0.2936597521748588,2024-06-20
COFORGE, EQ, 20-Jun-2024,5395.15,5434.95,5434.95,5310.0,5320.0,5315.95,5361.54,269215,14434.06,28008, 83349, 30.96,0.30960013372211803,2024-06-20
COLPAL, EQ, 20-Jun-2024,2896.3,2889.1,2890.0,2826.15,2863.0,2855.6,2858.83,357825,10229.62,29146, 197386, 55.16,0.5516271920631594,2024-06-20
COMMOIETF, EQ, 20-Jun-2024,91.31,92.19,92.34,91.11,92.15,92.13,91.92,104644,96.19,943, 27624, 26.40,0.263980734681396,2024-06-20
COMPUSOFT, EQ, 20-Jun-2024,29.19,29.25,30.68,29.25,29.5,29.45,29.71,173894,51.66,1220, 77389, 44.50,0.4450354813852117,2024-06-20
COMSYN, EQ, 20-Jun-2024,72.83,72.83,74.05,70.0,70.85,70.71,72.49,49816,36.11,458, 15909, 31.94,0.31935522723622933,2024-06-20
CONCOR, EQ, 20-Jun-2024,1103.05,1100.05,1113.55,1087.1,1097.3,1095.95,1101.17,1775105,19546.86,44699, 954832, 53.79,0.5379017015894835,2024-06-20
CONCORDBIO, EQ, 20-Jun-2024,1575.9,1576.5,1583.2,1557.55,1572.1,1571.8,1571.34,54011,848.69,6303, 37314, 69.09,0.6908592694080835,2024-06-20
CONFIPET, EQ, 20-Jun-2024,81.58,81.49,83.01,81.11,81.78,81.93,82.23,500097,411.25,6302, 208818, 41.76,0.41755499433109977,2024-06-20
CONS, EQ, 20-Jun-2024,113.15,112.8,112.8,111.81,112.68,112.52,112.45,3026,3.4,139, 2498, 82.55,0.8255122273628552,2024-06-20
CONSOFINVT, EQ, 20-Jun-2024,192.81,192.13,200.2,192.13,193.7,193.8,196.3,40352,79.21,1966, 25434, 63.03,0.6303033306899286,2024-06-20
CONSUMBEES, EQ, 20-Jun-2024,122.51,122.84,124.48,121.7,122.28,122.25,122.21,173175,211.64,1297, 156818, 90.55,0.9055464125884222,2024-06-20
CONSUMIETF, EQ, 20-Jun-2024,113.76,113.92,115.95,113.11,115.95,113.46,113.41,21139,23.97,243, 11653, 55.13,0.5512559723733383,2024-06-20
CONTROLPR, EQ, 20-Jun-2024,816.2,818.5,829.35,801.1,811.0,809.95,815.39,38812,316.47,6082, 25077, 64.61,0.6461146037308049,2024-06-20
CORALFINAC, EQ, 20-Jun-2024,46.36,47.8,47.8,46.19,46.55,46.52,46.72,38929,18.19,590, 25395, 65.23,0.652341442112564,2024-06-20
CORDSCABLE, EQ, 20-Jun-2024,244.32,245.2,260.0,243.89,248.85,247.15,252.56,141008,356.13,8012, 57910, 41.07,0.41068591852944514,2024-06-20
COROMANDEL, EQ, 20-Jun-2024,1573.1,1576.0,1688.45,1554.3,1637.3,1643.8,1642.63,2668159,43827.96,120486, 474008, 17.77,0.17765358061494835,2024-06-20
COSMOFIRST, EQ, 20-Jun-2024,706.5,711.0,798.15,710.0,784.75,784.85,774.07,1371369,10615.39,42892, 362553, 26.44,0.2643730462041945,2024-06-20
COUNCODOS, EQ, 20-Jun-2024,5.57,5.57,5.84,5.51,5.59,5.57,5.62,101943,5.73,278, 59499, 58.36,0.5836496865895647,2024-06-20
CPSEETF, EQ, 20-Jun-2024,93.84,94.8,94.8,91.1,93.65,93.63,93.55,3511066,3284.6,30705, 1692046, 48.19,0.48191802717465293,2024-06-20
CRAFTSMAN, EQ, 20-Jun-2024,4890.5,4939.95,4950.0,4800.0,4850.0,4845.55,4876.87,98578,4807.52,16399, 59754, 60.62,0.6061595893607092,2024-06-20
CREATIVE, EQ, 20-Jun-2024,754.5,763.0,763.0,754.85,759.0,758.1,758.3,5467,41.46,319, 4717, 86.28,0.8628132430949332,2024-06-20
CREATIVEYE, BE, 20-Jun-2024,7.8,7.64,7.65,7.64,7.65,7.65,7.64,36589,2.8,62, -, -,,2024-06-20
CREDITACC, EQ, 20-Jun-2024,1474.75,1466.35,1485.4,1458.1,1481.85,1481.2,1474.04,91755,1352.5,8695, 47279, 51.53,0.5152743719688301,2024-06-20
CREST, EQ, 20-Jun-2024,414.65,416.9,425.05,410.0,412.05,419.3,418.85,90332,378.36,3462, 65062, 72.03,0.7202541734933356,2024-06-20
CRISIL, EQ, 20-Jun-2024,4110.2,4119.95,4165.0,4110.2,4158.0,4156.8,4139.98,24045,995.46,5495, 14398, 59.88,0.59879392805157,2024-06-20
CROMPTON, EQ, 20-Jun-2024,424.5,427.15,429.9,421.4,427.65,428.85,427.69,1832711,7838.27,38053, 1069424, 58.35,0.5835202604229472,2024-06-20
CROWN, BE, 20-Jun-2024,275.6,289.38,289.38,280.0,289.38,289.38,289.0,53845,155.61,286, -, -,,2024-06-20
CSBBANK, EQ, 20-Jun-2024,352.1,353.9,358.4,350.4,352.0,352.9,354.34,275229,975.25,11314, 140612, 51.09,0.5108909308248767,2024-06-20
CSLFINANCE, EQ, 20-Jun-2024,464.3,463.3,481.0,461.55,464.25,464.8,471.38,73170,344.91,6645, 38683, 52.87,0.5286729533962006,2024-06-20
CTE, BE, 20-Jun-2024,90.97,91.0,95.0,90.05,94.3,93.59,92.47,48072,44.45,306, -, -,,2024-06-20
CUB, EQ, 20-Jun-2024,157.05,160.54,167.5,159.25,166.5,166.26,165.06,32585663,53784.91,149567, 7080119, 21.73,0.21727711969524757,2024-06-20
CUBEXTUB, BE, 20-Jun-2024,93.65,92.6,92.6,91.8,91.8,91.8,92.41,7935,7.33,75, -, -,,2024-06-20
CUMMINSIND, EQ, 20-Jun-2024,3791.5,3790.0,3874.9,3768.75,3851.6,3857.0,3843.67,610293,23457.64,51921, 362458, 59.39,0.5939081719764113,2024-06-20
CUPID, BE, 20-Jun-2024,93.41,93.68,94.7,92.2,93.89,94.31,93.15,1161394,1081.79,4067, -, -,,2024-06-20
CYBERMEDIA, BE, 20-Jun-2024,24.2,23.75,24.5,23.0,23.7,23.82,23.62,14016,3.31,112, -, -,,2024-06-20
CYBERTECH, EQ, 20-Jun-2024,157.68,157.0,161.2,155.6,157.25,156.83,158.48,98396,155.94,3371, 46032, 46.78,0.46782389528029594,2024-06-20
CYIENT, EQ, 20-Jun-2024,1891.7,1892.55,1903.95,1867.0,1876.0,1870.5,1878.86,180064,3383.15,15668, 115038, 63.89,0.6388728452105918,2024-06-20
CYIENTDLM, EQ, 20-Jun-2024,720.35,723.8,756.7,717.0,746.5,745.6,740.26,1266061,9372.09,45598, 586201, 46.30,0.4630116558364881,2024-06-20
DABUR, EQ, 20-Jun-2024,598.55,598.5,604.9,595.0,600.9,600.75,601.44,2886298,17359.34,41189, 1942645, 67.31,0.67305766764208,2024-06-20
DALBHARAT, EQ, 20-Jun-2024,1854.5,1860.0,1864.4,1832.3,1862.0,1862.4,1847.73,471853,8718.59,25181, 288010, 61.04,0.6103807753685999,2024-06-20
DALMIASUG, EQ, 20-Jun-2024,432.35,434.8,439.45,427.5,434.9,431.25,434.08,213855,928.31,10483, 84696, 39.60,0.3960440485375605,2024-06-20
DAMODARIND, EQ, 20-Jun-2024,48.81,48.5,51.0,48.5,50.84,50.74,50.21,41671,20.92,545, 33911, 81.38,0.8137793669458376,2024-06-20
DANGEE, EQ, 20-Jun-2024,8.05,8.05,8.13,7.4,7.85,7.89,8.01,233342,18.68,628, 174976, 74.99,0.7498692905692075,2024-06-20
DATAMATICS, EQ, 20-Jun-2024,604.6,612.0,634.65,607.0,610.9,610.7,621.64,556277,3458.03,20908, 174642, 31.39,0.3139479072476482,2024-06-20
DATAPATTNS, EQ, 20-Jun-2024,2993.5,2992.95,3028.0,2931.15,2954.9,2942.9,2982.22,425450,12687.84,39067, 115436, 27.13,0.27132683041485484,2024-06-20
DAVANGERE, EQ, 20-Jun-2024,9.39,9.43,9.5,9.0,9.14,9.09,9.24,7053934,651.56,7253, 4208729, 59.66,0.596649897773356,2024-06-20
DBCORP, EQ, 20-Jun-2024,313.35,314.9,319.95,308.35,311.5,309.85,313.69,133164,417.72,4326, 90717, 68.12,0.6812426782013157,2024-06-20
DBL, EQ, 20-Jun-2024,525.7,524.9,556.4,516.5,547.5,549.0,542.66,2471757,13413.3,54309, 680851, 27.55,0.27545223903482424,2024-06-20
DBOL, EQ, 20-Jun-2024,153.72,154.95,157.0,153.3,156.95,156.22,155.44,264937,411.81,2598, 178091, 67.22,0.6722013157845073,2024-06-20
DBREALTY, EQ, 20-Jun-2024,192.55,193.9,205.8,192.5,198.7,198.16,199.34,5129345,10224.76,52164, 2150697, 41.93,0.41929271671139295,2024-06-20
DBSTOCKBRO, EQ, 20-Jun-2024,47.88,46.09,49.0,46.09,47.4,47.73,47.75,70253,33.55,783, 61662, 87.77,0.8777134072566296,2024-06-20
DCAL, EQ, 20-Jun-2024,171.99,172.59,180.66,171.7,178.3,177.85,177.41,663951,1177.9,11963, 286642, 43.17,0.4317216180109677,2024-06-20
DCBBANK, EQ, 20-Jun-2024,137.52,141.0,144.0,140.0,143.86,143.43,142.78,8245052,11772.59,55127, 3685242, 44.70,0.4469640700871262,2024-06-20
DCI, BE, 20-Jun-2024,247.33,255.0,259.69,238.0,245.7,239.38,245.64,76131,187.01,774, -, -,,2024-06-20
DCM, EQ, 20-Jun-2024,75.08,75.85,77.4,75.2,77.0,77.0,76.46,40805,31.2,471, 27497, 67.39,0.6738634971204509,2024-06-20
DCMFINSERV, BE, 20-Jun-2024,6.12,6.12,6.15,5.81,5.88,5.88,5.92,45692,2.7,137, -, -,,2024-06-20
DCMNVL, EQ, 20-Jun-2024,208.25,209.3,222.0,209.3,218.5,218.41,218.35,92418,201.79,3197, 59381, 64.25,0.6425263476811877,2024-06-20
DCMSHRIRAM, EQ, 20-Jun-2024,1037.85,1040.0,1055.9,1030.05,1044.85,1041.25,1047.31,67096,702.7,8287, 30325, 45.20,0.4519643495886491,2024-06-20
DCMSRIND, EQ, 20-Jun-2024,231.9,231.85,235.95,228.0,228.5,228.66,230.93,203811,470.66,6948, 102790, 50.43,0.504339805015431,2024-06-20
DCW, EQ, 20-Jun-2024,58.04,58.07,61.38,57.69,61.25,61.18,60.29,13360471,8055.45,43174, 4779498, 35.77,0.3577342445487139,2024-06-20
DCXINDIA, EQ, 20-Jun-2024,354.4,356.5,358.5,349.4,354.5,354.9,353.61,1817601,6427.25,24789, 613739, 33.77,0.33766431686602283,2024-06-20
DECCANCE, EQ, 20-Jun-2024,685.45,685.5,694.65,685.05,687.0,687.6,689.07,11750,80.97,1698, 5577, 47.46,0.4746382978723404,2024-06-20
DEEPAKFERT, EQ, 20-Jun-2024,645.5,651.8,750.0,637.0,721.25,728.15,710.4,21619784,153587.56,280343, 4663752, 21.57,0.21571686377625235,2024-06-20
DEEPAKNTR, EQ, 20-Jun-2024,2485.9,2489.9,2640.0,2469.0,2607.0,2605.25,2580.0,1649662,42561.3,83723, 327067, 19.83,0.19826303812538568,2024-06-20
DEEPENR, EQ, 20-Jun-2024,173.78,178.0,178.0,173.0,174.58,174.1,175.65,20215,35.51,855, 10166, 50.29,0.5028938906752412,2024-06-20
DEEPINDS, EQ, 20-Jun-2024,290.45,290.45,298.9,289.8,295.5,296.05,294.88,94242,277.9,5688, 42834, 45.45,0.454510727701025,2024-06-20
DELHIVERY, EQ, 20-Jun-2024,400.35,404.85,406.85,398.25,400.45,400.45,404.64,3358655,13590.37,32745, 2527027, 75.24,0.7523925499939708,2024-06-20
DELPHIFX, BE, 20-Jun-2024,220.33,220.33,227.93,213.3,216.6,216.49,219.34,25164,55.19,457, -, -,,2024-06-20
DELTACORP, EQ, 20-Jun-2024,147.41,148.8,153.33,146.0,146.35,146.6,148.55,11901267,17679.89,60745, 2926316, 24.59,0.24588272828430788,2024-06-20
DELTAMAGNT, EQ, 20-Jun-2024,98.65,100.98,100.98,97.05,98.0,98.33,99.24,6282,6.23,187, 4471, 71.17,0.7117160140082777,2024-06-20
DEN, EQ, 20-Jun-2024,56.34,56.8,57.9,56.0,57.7,57.58,57.33,5492505,3148.73,23729, 2314032, 42.13,0.42130721774490876,2024-06-20
DENORA, EQ, 20-Jun-2024,1640.2,1643.0,1686.0,1622.4,1685.0,1675.25,1657.03,26478,438.75,3133, 15956, 60.26,0.6026134904448976,2024-06-20
DEVIT, EQ, 20-Jun-2024,116.78,117.38,119.79,114.0,116.0,114.87,117.24,32139,37.68,1169, 19885, 61.87,0.6187186906873269,2024-06-20
DEVYANI, EQ, 20-Jun-2024,171.61,170.9,171.81,167.7,168.19,168.27,169.53,1457834,2471.4,23045, 812239, 55.72,0.5571546554683181,2024-06-20
DGCONTENT, BE, 20-Jun-2024,30.87,30.94,31.0,29.32,29.32,29.32,29.61,25000,7.4,50, -, -,,2024-06-20
DHAMPURSUG, EQ, 20-Jun-2024,242.11,243.99,245.9,241.05,241.65,241.92,243.54,809581,1971.69,14264, 386153, 47.70,0.4769788322601444,2024-06-20
DHANBANK, EQ, 20-Jun-2024,42.75,42.79,44.88,42.75,44.88,44.88,44.56,2505133,1116.18,4467, 2246382, 89.67,0.8967116715958794,2024-06-20
DHANI, EQ, 20-Jun-2024,48.12,48.25,51.9,47.72,50.0,49.9,50.25,9145679,4595.93,34551, 2880782, 31.50,0.31498831306018943,2024-06-20
DHANUKA, EQ, 20-Jun-2024,1575.95,1592.4,1699.85,1576.0,1692.9,1685.65,1656.8,104264,1727.45,6405, 56829, 54.50,0.5450491061152459,2024-06-20
DHARMAJ, EQ, 20-Jun-2024,264.15,264.15,275.0,264.1,272.0,271.12,270.02,342731,925.45,14674, 173339, 50.58,0.5057581601897698,2024-06-20
DHRUV, BE, 20-Jun-2024,102.47,104.0,104.51,104.0,104.5,104.5,104.4,9080,9.48,56, -, -,,2024-06-20
DHUNINV, EQ, 20-Jun-2024,1153.9,1160.0,1169.1,1141.35,1157.0,1158.25,1160.67,1297,15.05,190, 838, 64.61,0.646106399383192,2024-06-20
DIACABS, BE, 20-Jun-2024,1127.2,1148.9,1149.7,1148.9,1149.7,1149.7,1149.59,29381,337.76,403, -, -,,2024-06-20
DIAMINESQ, EQ, 20-Jun-2024,505.6,505.6,529.4,501.05,515.5,515.6,513.47,17531,90.02,1651, 9941, 56.71,0.5670526495921511,2024-06-20
DIAMONDYD, EQ, 20-Jun-2024,869.4,875.6,882.6,871.65,873.25,874.15,876.69,14976,131.29,2493, 7088, 47.33,0.4732905982905983,2024-06-20
DICIND, EQ, 20-Jun-2024,520.15,534.0,579.0,524.6,557.5,553.65,555.73,91488,508.43,4579, 42309, 46.25,0.46245409233997903,2024-06-20
DIGIDRIVE, BE, 20-Jun-2024,37.85,37.9,39.74,37.9,39.74,39.74,39.25,116369,45.68,404, -, -,,2024-06-20
DIGISPICE, EQ, 20-Jun-2024,36.43,37.0,37.3,35.5,36.35,36.03,36.42,249046,90.71,1582, 167751, 67.36,0.6735743597568321,2024-06-20
DIGJAMLMTD, BE, 20-Jun-2024,83.36,84.98,84.98,81.76,84.39,84.49,84.0,2358,1.98,42, -, -,,2024-06-20
DIL, EQ, 20-Jun-2024,7.75,7.8,7.98,7.75,7.98,7.94,7.88,931604,73.45,2137, 536100, 57.55,0.5754591006479148,2024-06-20
DISHTV, EQ, 20-Jun-2024,16.1,16.1,16.24,15.91,15.98,15.97,16.08,11816086,1899.6,13179, 4164302, 35.24,0.35242651416044196,2024-06-20
DIVGIITTS, EQ, 20-Jun-2024,654.55,664.0,679.75,639.15,648.0,648.65,653.3,267889,1750.12,21462, 113938, 42.53,0.4253179488519499,2024-06-20
DIVISLAB, EQ, 20-Jun-2024,4479.7,4486.0,4522.25,4439.7,4505.0,4504.05,4482.25,412934,18508.74,73213, 209264, 50.68,0.5067734795391031,2024-06-20
DIVOPPBEES, EQ, 20-Jun-2024,79.11,81.13,81.13,78.5,79.16,79.09,79.05,41522,32.82,936, 35185, 84.74,0.8473821106883098,2024-06-20
DIXON, EQ, 20-Jun-2024,11336.35,11400.0,11578.85,11180.0,11496.0,11485.4,11445.05,359637,41160.65,64561, 78053, 21.70,0.2170327302251993,2024-06-20
DJML, BE, 20-Jun-2024,363.95,363.0,363.0,362.0,362.0,362.0,362.31,3621,13.12,71, -, -,,2024-06-20
DLF, EQ, 20-Jun-2024,859.8,861.75,876.65,857.0,874.3,874.5,870.95,1952972,17009.39,53545, 887849, 45.46,0.45461430066585695,2024-06-20
DLINKINDIA, EQ, 20-Jun-2024,441.7,444.8,449.2,441.0,443.4,444.0,444.9,162554,723.21,7246, 64380, 39.61,0.3960530039248496,2024-06-20
DMART, EQ, 20-Jun-2024,4933.9,4947.45,5022.5,4832.2,4866.9,4861.7,4906.75,577843,28353.3,72031, 242587, 41.98,0.41981472476087794,2024-06-20
DMCC, EQ, 20-Jun-2024,313.75,315.25,333.1,315.25,327.0,325.65,326.51,80178,261.79,5848, 40305, 50.27,0.5026940058370126,2024-06-20
DNAMEDIA, EQ, 20-Jun-2024,6.09,6.2,6.39,5.81,6.34,6.28,6.23,2104362,131.08,4427, 886556, 42.13,0.42129443508293724,2024-06-20
DODLA, EQ, 20-Jun-2024,1047.25,1047.3,1057.45,1022.6,1035.0,1030.75,1044.54,70536,736.78,5752, 45988, 65.20,0.6519791312237723,2024-06-20
DOLATALGO, EQ, 20-Jun-2024,141.21,142.04,146.0,141.1,141.9,141.92,143.75,569762,819.04,9064, 259316, 45.51,0.45513038777594855,2024-06-20
DOLLAR, EQ, 20-Jun-2024,564.65,567.4,583.75,564.45,573.0,572.9,577.37,190102,1097.6,6779, 101900, 53.60,0.5360280270591578,2024-06-20
DOLPHIN, BE, 20-Jun-2024,748.1,748.1,784.0,720.0,740.0,732.25,743.14,7668,56.98,447, -, -,,2024-06-20
DOMS, EQ, 20-Jun-2024,1954.85,1954.95,1984.95,1940.0,1969.5,1966.6,1966.2,31401,617.41,4780, 14009, 44.61,0.44613228878061206,2024-06-20
DONEAR, EQ, 20-Jun-2024,129.79,130.9,133.8,128.61,130.55,129.92,130.94,281906,369.13,6449, 127449, 45.21,0.4520975076798649,2024-06-20
DPABHUSHAN, EQ, 20-Jun-2024,1203.75,1221.8,1267.85,1207.0,1232.0,1231.9,1248.46,23530,293.76,2876, 9144, 38.86,0.38861028474288145,2024-06-20
DPSCLTD, EQ, 20-Jun-2024,18.53,18.95,19.0,18.53,18.65,18.66,18.73,792364,148.45,3602, 537102, 67.78,0.6778475549116315,2024-06-20
DPWIRES, EQ, 20-Jun-2024,455.95,456.0,464.0,454.6,458.2,458.5,460.68,28210,129.96,3622, 10919, 38.71,0.3870613257710032,2024-06-20
DRCSYSTEMS, BE, 20-Jun-2024,30.97,31.99,32.0,30.0,30.3,30.49,30.86,520409,160.61,1511, -, -,,2024-06-20
DREAMFOLKS, EQ, 20-Jun-2024,479.5,482.35,488.35,479.0,482.0,482.35,483.4,131254,634.48,4969, 78566, 59.86,0.598579852804486,2024-06-20
DREDGECORP, EQ, 20-Jun-2024,1129.85,1134.3,1186.3,1110.05,1186.3,1186.3,1171.24,267658,3134.93,4569, 102870, 38.43,0.3843337393240628,2024-06-20
DRREDDY, EQ, 20-Jun-2024,5956.2,5925.0,5996.0,5888.0,5980.95,5970.8,5952.78,497947,29641.67,79875, 259700, 52.15,0.5215414491903757,2024-06-20
DSSL, EQ, 20-Jun-2024,1138.3,1154.7,1154.7,1104.9,1129.0,1122.35,1124.33,37399,420.49,3606, 20122, 53.80,0.5380357763576566,2024-06-20
DTIL, EQ, 20-Jun-2024,211.53,211.31,212.6,206.55,207.3,209.2,210.06,6402,13.45,477, 4179, 65.28,0.6527647610121837,2024-06-20
DUCON, BE, 20-Jun-2024,7.69,7.84,7.84,7.83,7.83,7.83,7.84,153702,12.05,198, -, -,,2024-06-20
DVL, EQ, 20-Jun-2024,346.9,346.9,362.0,339.1,355.0,354.25,355.13,133714,474.86,7014, 64659, 48.36,0.4835619306878861,2024-06-20
DWARKESH, EQ, 20-Jun-2024,78.08,78.11,79.77,77.65,77.95,77.93,78.66,3238769,2547.54,21537, 959011, 29.61,0.2961035504538916,2024-06-20
DYCL, EQ, 20-Jun-2024,602.15,608.0,608.0,590.6,591.05,592.4,595.29,87948,523.55,6535, 45608, 51.86,0.5185791604129713,2024-06-20
DYNAMATECH, EQ, 20-Jun-2024,7768.55,7839.95,7839.95,7725.0,7731.2,7730.4,7780.82,4806,373.95,1678, 2627, 54.66,0.546608406158968,2024-06-20
DYNPRO, EQ, 20-Jun-2024,284.25,286.45,300.0,281.5,282.15,284.35,288.56,70140,202.4,4312, 34911, 49.77,0.4977331052181352,2024-06-20
E2E, BE, 20-Jun-2024,1756.05,1843.85,1843.85,1786.0,1820.0,1824.25,1827.47,59452,1086.47,3198, -, -,,2024-06-20
EASEMYTRIP, EQ, 20-Jun-2024,42.89,43.04,43.18,42.62,42.9,42.89,42.93,6138657,2635.39,20708, 2711930, 44.18,0.4417790405947099,2024-06-20
EBBETF0425, EQ, 20-Jun-2024,1216.2,1252.7,1252.7,1216.0,1216.0,1216.31,1217.15,1199,14.59,38, 760, 63.39,0.6338615512927439,2024-06-20
EBBETF0430, EQ, 20-Jun-2024,1376.0,1417.3,1417.3,1372.02,1376.49,1376.08,1375.2,12506,171.98,302, 10320, 82.52,0.825203902126979,2024-06-20
EBBETF0431, EQ, 20-Jun-2024,1227.49,1230.0,1245.0,1228.01,1229.0,1231.08,1231.19,9923,122.17,128, 7785, 78.45,0.7845409654338406,2024-06-20
EBBETF0433, EQ, 20-Jun-2024,1120.83,1122.01,1125.0,1121.01,1121.8,1123.14,1123.34,1013,11.38,41, 937, 92.50,0.9249753208292202,2024-06-20
ECLERX, EQ, 20-Jun-2024,2382.2,2380.0,2397.0,2338.5,2375.0,2375.1,2356.19,125785,2963.73,11168, 97984, 77.90,0.7789800055650514,2024-06-20
EDELWEISS, EQ, 20-Jun-2024,69.1,68.0,70.1,68.0,69.55,69.49,69.24,2883731,1996.81,29399, 1206620, 41.84,0.41842321631247853,2024-06-20
EGOLD, EQ, 20-Jun-2024,73.45,73.65,73.9,73.65,73.9,73.85,73.86,41322,30.52,33, 41314, 99.98,0.9998063985286288,2024-06-20
EICHERMOT, EQ, 20-Jun-2024,4880.75,4885.35,4924.9,4843.05,4895.0,4876.9,4874.92,637364,31070.98,69810, 406773, 63.82,0.6382114458927709,2024-06-20
EIDPARRY, EQ, 20-Jun-2024,814.8,814.8,823.0,791.6,804.0,802.6,804.35,2955505,23772.71,53867, 1157566, 39.17,0.3916643686950284,2024-06-20
EIFFL, EQ, 20-Jun-2024,134.67,133.4,135.5,132.46,133.85,134.57,134.13,14818,19.87,283, 13365, 90.19,0.901943582129842,2024-06-20
EIHAHOTELS, EQ, 20-Jun-2024,914.0,915.55,925.0,911.0,923.6,923.25,918.1,33582,308.32,3246, 15633, 46.55,0.46551724137931033,2024-06-20
EIHOTEL, EQ, 20-Jun-2024,445.15,446.5,455.0,442.05,452.9,451.9,450.23,441931,1989.73,14616, 237770, 53.80,0.5380251668246853,2024-06-20
EIMCOELECO, EQ, 20-Jun-2024,2055.05,2145.0,2157.8,2138.45,2157.8,2157.8,2153.97,4269,91.95,252, 3768, 88.26,0.8826423049894588,2024-06-20
EKC, EQ, 20-Jun-2024,128.67,129.49,130.25,127.9,128.89,128.85,129.29,899909,1163.46,9714, 471676, 52.41,0.5241374405634347,2024-06-20
ELDEHSG, EQ, 20-Jun-2024,1053.65,1055.55,1064.9,1040.65,1040.65,1049.7,1051.14,1805,18.97,496, 1061, 58.78,0.5878116343490305,2024-06-20
ELECON, EQ, 20-Jun-2024,1302.6,1303.0,1333.15,1278.6,1303.0,1302.0,1306.45,234680,3065.98,10297, 144879, 61.73,0.617347025737174,2024-06-20
ELECTCAST, EQ, 20-Jun-2024,165.59,165.95,178.9,165.01,177.95,177.58,175.13,3790616,6638.55,31379, 2014571, 53.15,0.5314626963005485,2024-06-20
ELECTHERM, BE, 20-Jun-2024,738.35,723.6,753.1,723.6,753.1,753.1,734.22,8901,65.35,126, -, -,,2024-06-20
ELGIEQUIP, EQ, 20-Jun-2024,701.05,701.05,750.0,697.6,741.0,743.85,736.31,1807481,13308.71,57676, 356508, 19.72,0.19724024761532763,2024-06-20
ELGIRUBCO, BE, 20-Jun-2024,75.71,74.19,74.19,74.19,74.19,74.19,74.19,51232,38.01,115, -, -,,2024-06-20
ELIN, EQ, 20-Jun-2024,180.46,180.0,188.0,179.66,186.83,187.09,185.82,781598,1452.34,17792, 365456, 46.76,0.46757540321239305,2024-06-20
EMAMILTD, EQ, 20-Jun-2024,719.15,723.0,732.75,697.6,703.4,708.45,715.54,439537,3145.06,26265, 256208, 58.29,0.5829042833709107,2024-06-20
EMAMIPAP, EQ, 20-Jun-2024,120.92,120.05,124.6,120.05,122.0,122.08,122.62,114282,140.13,3292, 45351, 39.68,0.39683414710978104,2024-06-20
EMAMIREAL, EQ, 20-Jun-2024,110.36,108.2,112.0,108.2,111.9,111.42,111.16,61382,68.23,1023, 39890, 64.99,0.6498647812062168,2024-06-20
EMIL, EQ, 20-Jun-2024,237.9,237.75,244.37,235.47,238.0,237.46,240.41,355972,855.8,5720, 169901, 47.73,0.47728753946939645,2024-06-20
EMKAY, BE, 20-Jun-2024,174.97,174.97,182.0,172.05,177.0,174.66,177.43,22456,39.84,286, -, -,,2024-06-20
EMMBI, EQ, 20-Jun-2024,102.65,103.5,111.45,103.0,110.8,110.45,108.88,186630,203.2,4506, 103135, 55.26,0.5526174784332637,2024-06-20
EMSLIMITED, EQ, 20-Jun-2024,558.95,564.6,568.9,549.85,556.9,555.9,560.45,494997,2774.21,17348, 241781, 48.84,0.4884494249460098,2024-06-20
EMUDHRA, EQ, 20-Jun-2024,852.4,856.8,880.0,842.05,878.0,874.2,867.53,123336,1069.98,8841, 58304, 47.27,0.4727249140559123,2024-06-20
ENDURANCE, EQ, 20-Jun-2024,2593.6,2612.1,2766.4,2605.55,2700.0,2698.5,2717.81,358467,9742.46,37673, 91571, 25.55,0.25545168732407725,2024-06-20
ENERGYDEV, EQ, 20-Jun-2024,22.56,22.54,23.55,22.4,22.86,22.78,22.84,116475,26.6,939, 58534, 50.25,0.5025456106460614,2024-06-20
ENGINERSIN, EQ, 20-Jun-2024,264.19,263.0,268.5,256.3,258.0,257.68,261.92,8558551,22416.6,60795, 2573889, 30.07,0.300738875073596,2024-06-20
ENIL, EQ, 20-Jun-2024,223.61,225.85,226.98,222.72,226.98,225.68,224.91,33177,74.62,2291, 14534, 43.81,0.4380745697320433,2024-06-20
ENTERO, EQ, 20-Jun-2024,1053.8,1050.0,1062.0,1045.0,1054.95,1056.85,1057.25,29881,315.92,2970, 17341, 58.03,0.5803353301429002,2024-06-20
EPACK, EQ, 20-Jun-2024,233.81,235.0,237.9,227.1,228.7,228.73,231.6,1853467,4292.7,30533, 842296, 45.44,0.4544434834825762,2024-06-20
EPIGRAL, EQ, 20-Jun-2024,1331.35,1335.7,1431.0,1334.3,1409.0,1409.0,1401.51,274730,3850.36,21520, 128531, 46.78,0.46784479306955923,2024-06-20
EPL, EQ, 20-Jun-2024,192.84,192.85,194.5,191.43,191.8,192.05,192.58,727023,1400.12,14870, 401316, 55.20,0.5519990426712772,2024-06-20
EQUAL50ADD, EQ, 20-Jun-2024,306.83,306.86,307.45,305.41,306.96,306.74,306.39,80813,247.6,160, 80335, 99.41,0.9940851100689245,2024-06-20
EQUIPPP, BE, 20-Jun-2024,26.05,26.05,26.5,25.01,26.0,25.97,25.89,24101,6.24,56, -, -,,2024-06-20
EQUITASBNK, EQ, 20-Jun-2024,105.08,106.0,107.8,104.13,106.27,107.29,106.04,11680565,12385.62,41599, 6392791, 54.73,0.5473015218013855,2024-06-20
ERIS, EQ, 20-Jun-2024,1042.8,1044.65,1046.55,1030.0,1030.0,1031.8,1034.36,35927,371.61,4026, 16056, 44.69,0.4469062265148774,2024-06-20
EROSMEDIA, EQ, 20-Jun-2024,20.14,20.24,20.84,20.18,20.2,20.21,20.49,539284,110.48,2036, 307763, 57.07,0.5706881717239896,2024-06-20
ESABINDIA, EQ, 20-Jun-2024,6094.55,6105.25,6235.8,5981.45,6180.0,6166.7,6132.29,11862,727.41,3728, 5768, 48.63,0.4862586410386107,2024-06-20
ESAFSFB, EQ, 20-Jun-2024,56.36,56.55,56.99,54.93,55.44,55.17,55.69,2379930,1325.45,12313, 997072, 41.90,0.41895013718890894,2024-06-20
ESCORTS, EQ, 20-Jun-2024,4216.05,4239.8,4257.5,4180.0,4192.35,4188.65,4206.98,130232,5478.84,12462, 56709, 43.54,0.4354459733398857,2024-06-20
ESG, EQ, 20-Jun-2024,39.63,39.68,39.74,39.55,39.7,39.7,39.65,18133,7.19,303, 14532, 80.14,0.8014117906579165,2024-06-20
ESILVER, EQ, 20-Jun-2024,90.97,91.59,92.5,91.59,92.5,92.37,92.18,6562,6.05,182, 4522, 68.91,0.689119170984456,2024-06-20
ESSARSHPNG, EQ, 20-Jun-2024,54.05,57.19,59.45,53.5,57.7,58.07,58.04,7824713,4541.41,22394, 2822897, 36.08,0.3607668421832213,2024-06-20
ESSEN-RE2, BE, 20-Jun-2024,1.7,1.87,1.87,1.87,1.87,1.87,1.87,8442566,157.88,8046, -, -,,2024-06-20
ESSENTIA, BE, 20-Jun-2024,4.74,4.64,4.64,4.64,4.64,4.64,4.64,5258135,243.98,4968, -, -,,2024-06-20
ESTER, EQ, 20-Jun-2024,115.36,115.0,122.45,115.0,119.5,119.54,120.32,511220,615.12,7676, 191930, 37.54,0.37543523336332696,2024-06-20
ETHOSLTD, EQ, 20-Jun-2024,2595.25,2595.25,2660.45,2552.2,2640.1,2639.7,2616.07,50488,1320.8,5003, 37824, 74.92,0.7491681191570274,2024-06-20
EUROTEXIND, EQ, 20-Jun-2024,13.36,13.36,14.02,13.36,14.02,13.81,13.91,4593,0.64,54, 3777, 82.23,0.8223383409536251,2024-06-20
EVEREADY, EQ, 20-Jun-2024,337.6,345.05,352.95,343.75,348.95,348.45,347.86,552752,1922.81,17625, 219446, 39.70,0.3970062523518685,2024-06-20
EVERESTIND, EQ, 20-Jun-2024,1113.3,1120.0,1144.0,1105.0,1114.8,1111.4,1125.2,17628,198.35,2663, 10107, 57.33,0.5733492171545269,2024-06-20
EXCEL, BE, 20-Jun-2024,0.74,0.72,0.72,0.72,0.72,0.72,0.72,3109886,22.39,1753, -, -,,2024-06-20
EXCELINDUS, EQ, 20-Jun-2024,1224.95,1231.1,1237.75,1212.15,1236.0,1229.8,1226.47,33879,415.52,3886, 16678, 49.23,0.4922813542312347,2024-06-20
EXICOM, EQ, 20-Jun-2024,351.45,353.95,400.0,350.95,391.0,387.95,372.44,7290882,27154.27,133528, 1668301, 22.88,0.22882018938175108,2024-06-20
EXIDEIND, EQ, 20-Jun-2024,560.35,561.05,576.2,558.55,572.4,572.25,571.0,6213481,35478.85,93596, 1938658, 31.20,0.31200835731210896,2024-06-20
EXPLEOSOL, EQ, 20-Jun-2024,1254.5,1256.65,1270.0,1250.0,1265.05,1267.15,1259.52,10128,127.56,1515, 6564, 64.81,0.6481042654028436,2024-06-20
EXXARO, EQ, 20-Jun-2024,93.01,93.2,96.0,92.1,93.74,93.19,94.68,409385,387.6,3451, 171121, 41.80,0.41799528561134386,2024-06-20
FACT, EQ, 20-Jun-2024,908.65,908.25,1090.35,892.55,1090.35,1090.35,1014.57,15399792,156241.52,278351, 1785979, 11.60,0.11597422874282977,2024-06-20
FAIRCHEMOR, EQ, 20-Jun-2024,1397.45,1396.3,1425.7,1396.3,1398.05,1400.15,1408.84,14270,201.04,2692, 8925, 62.54,0.6254379817799579,2024-06-20
FAZE3Q, EQ, 20-Jun-2024,437.0,435.05,438.95,418.05,421.2,419.5,425.96,48228,205.43,4227, 34615, 71.77,0.7177365845566891,2024-06-20
FCL, EQ, 20-Jun-2024,359.65,359.75,378.8,357.85,377.4,376.6,372.85,902210,3363.89,25416, 444342, 49.25,0.4925039624921027,2024-06-20
FCSSOFT, EQ, 20-Jun-2024,3.83,3.86,3.96,3.84,3.91,3.89,3.9,10336126,402.84,7573, 5809170, 56.20,0.5620258499170773,2024-06-20
FDC, EQ, 20-Jun-2024,461.15,462.35,462.35,451.65,457.9,458.45,457.29,98525,450.54,6812, 53347, 54.15,0.5414564831261102,2024-06-20
FEDERALBNK, EQ, 20-Jun-2024,174.55,175.95,179.46,175.0,178.9,178.88,177.99,13690057,24366.62,64196, 5453654, 39.84,0.3983660550135036,2024-06-20
FEDFINA, EQ, 20-Jun-2024,122.35,122.54,125.8,121.7,122.0,122.09,123.37,1120587,1382.44,12247, 517381, 46.17,0.46170533836284017,2024-06-20
FEL, BZ, 20-Jun-2024,0.78,0.78,0.79,0.78,0.79,0.79,0.79,207122,1.63,142, -, -,,2024-06-20
FELDVR, BE, 20-Jun-2024,5.73,5.7,5.97,5.57,5.88,5.81,5.84,14877,0.87,89, -, -,,2024-06-20
FIBERWEB, EQ, 20-Jun-2024,40.03,39.5,41.5,39.5,40.5,40.25,40.68,137441,55.92,1541, 66096, 48.09,0.48090453358168234,2024-06-20
FIEMIND, EQ, 20-Jun-2024,1282.9,1292.4,1300.0,1250.0,1274.0,1270.5,1266.95,293699,3721.02,12239, 195126, 66.44,0.664374070051311,2024-06-20
FILATEX, EQ, 20-Jun-2024,53.6,53.6,55.67,53.6,55.14,55.0,54.88,1750654,960.79,9414, 635910, 36.32,0.3632413943589082,2024-06-20
FILATFASH, EQ, 20-Jun-2024,9.97,10.08,10.3,9.53,9.58,9.56,9.8,14055968,1378.07,16730, 4300784, 30.60,0.3059756539001796,2024-06-20
FINCABLES, EQ, 20-Jun-2024,1565.85,1554.95,1575.0,1510.05,1563.0,1570.45,1545.78,250009,3864.6,19266, 152939, 61.17,0.6117339775768073,2024-06-20
FINEORG, EQ, 20-Jun-2024,4721.7,4749.95,4870.0,4705.45,4810.0,4810.55,4804.59,45994,2209.82,10489, 21894, 47.60,0.47601861112319,2024-06-20
FINIETF, EQ, 20-Jun-2024,24.67,24.67,24.79,24.31,24.7,24.61,24.55,105500,25.9,892, 66687, 63.21,0.6321042654028436,2024-06-20
FINOPB, EQ, 20-Jun-2024,342.05,349.45,363.0,340.9,342.95,345.35,355.37,5762030,20476.36,84066, 1021690, 17.73,0.17731424515318386,2024-06-20
FINPIPE, EQ, 20-Jun-2024,329.15,330.55,331.8,324.5,326.95,326.15,328.25,533499,1751.22,14852, 301601, 56.53,0.5653262705272175,2024-06-20
FIVESTAR, EQ, 20-Jun-2024,813.9,816.0,834.0,805.25,821.45,821.55,820.62,342042,2806.87,20759, 188363, 55.07,0.5507013758544272,2024-06-20
FLAIR, EQ, 20-Jun-2024,295.8,295.8,297.9,290.0,292.9,292.45,293.97,97634,287.01,3222, 55112, 56.45,0.5644754900956634,2024-06-20
FLEXITUFF, BE, 20-Jun-2024,31.0,30.5,31.5,30.5,31.0,30.93,31.11,8924,2.78,28, -, -,,2024-06-20
FLFL, BZ, 20-Jun-2024,2.69,2.71,2.78,2.55,2.55,2.55,2.63,251148,6.6,309, -, -,,2024-06-20
FLUOROCHEM, EQ, 20-Jun-2024,3259.8,3273.9,3499.95,3237.0,3424.0,3394.9,3415.69,462128,15784.87,45025, 187807, 40.64,0.40639606342831425,2024-06-20
FMCGIETF, EQ, 20-Jun-2024,59.39,59.6,59.84,59.08,59.47,59.47,59.44,454859,270.36,1832, 354726, 77.99,0.7798592530872205,2024-06-20
FMGOETZE, EQ, 20-Jun-2024,444.05,447.0,453.1,440.1,440.8,443.15,446.81,223592,999.04,9230, 122562, 54.82,0.5481502021539232,2024-06-20
FMNL, EQ, 20-Jun-2024,6.83,7.07,7.07,6.82,7.03,7.01,6.96,54995,3.83,375, 40149, 73.00,0.7300481861987453,2024-06-20
FOCUS, EQ, 20-Jun-2024,151.82,152.87,154.39,151.81,153.8,153.62,153.04,96730,148.04,3371, 40285, 41.65,0.41646852062441847,2024-06-20
FOODSIN, EQ, 20-Jun-2024,148.03,148.55,152.99,148.55,150.0,150.48,150.26,258842,388.94,5176, 139412, 53.86,0.5385988363557691,2024-06-20
FORCEMOT, EQ, 20-Jun-2024,8951.0,8850.25,9086.9,8850.25,8915.05,8966.0,8993.62,13978,1257.13,3847, 7275, 52.05,0.520460723994849,2024-06-20
FORTIS, EQ, 20-Jun-2024,489.55,491.75,496.45,485.0,487.0,487.75,491.62,1059397,5208.24,43701, 702722, 66.33,0.6633226259844044,2024-06-20
FOSECOIND, EQ, 20-Jun-2024,4086.35,4107.95,4237.0,4095.0,4182.0,4182.5,4183.29,8872,371.14,2701, 3843, 43.32,0.4331605049594229,2024-06-20
FSC, BZ, 20-Jun-2024,3.89,3.89,4.08,3.86,4.04,3.99,3.96,215131,8.51,180, -, -,,2024-06-20
FSL, EQ, 20-Jun-2024,198.55,200.0,203.95,198.15,202.0,201.84,201.73,1325059,2673.05,16046, 528829, 39.91,0.39909845523859694,2024-06-20
FUSION, EQ, 20-Jun-2024,465.25,470.0,479.45,467.05,474.0,474.35,471.99,428664,2023.24,15613, 275441, 64.26,0.6425568743818002,2024-06-20
GABRIEL, EQ, 20-Jun-2024,423.05,425.3,428.5,420.0,421.5,421.75,423.71,249664,1057.86,13651, 132792, 53.19,0.5318828505511407,2024-06-20
GAEL, EQ, 20-Jun-2024,140.7,141.5,144.99,139.55,144.0,143.56,142.95,3910241,5589.52,80583, 1715558, 43.87,0.4387345946196155,2024-06-20
GAIL, EQ, 20-Jun-2024,216.28,217.9,221.5,215.16,219.25,218.6,218.36,18495221,40386.24,97005, 5402093, 29.21,0.29208047851928887,2024-06-20
GALAXYSURF, EQ, 20-Jun-2024,2654.5,2656.7,2749.9,2649.95,2717.0,2704.35,2704.49,26102,705.92,5772, 11565, 44.31,0.4430694965902996,2024-06-20
GALLANTT, BE, 20-Jun-2024,347.85,344.0,359.3,332.0,359.3,352.2,345.64,101974,352.46,1489, -, -,,2024-06-20
GANDHAR, EQ, 20-Jun-2024,215.93,216.0,217.97,212.6,214.09,214.01,215.07,245999,529.08,6530, 133319, 54.19,0.5419493575177134,2024-06-20
GANDHITUBE, EQ, 20-Jun-2024,787.95,786.0,801.85,779.05,796.0,798.35,793.3,4654,36.92,836, 2493, 53.57,0.5356682423721529,2024-06-20
GANECOS, EQ, 20-Jun-2024,1265.75,1269.5,1309.0,1265.8,1300.0,1296.9,1293.14,78932,1020.7,8840, 36247, 45.92,0.45921806111589725,2024-06-20
GANESHBE, EQ, 20-Jun-2024,155.39,156.38,159.92,154.91,156.51,157.35,157.51,116358,183.28,5931, 59458, 51.10,0.5109919386720294,2024-06-20
GANESHHOUC, EQ, 20-Jun-2024,990.4,992.0,1003.7,970.0,978.9,975.45,983.92,115679,1138.19,8687, 57101, 49.36,0.4936159544947657,2024-06-20
GANGAFORGE, BE, 20-Jun-2024,8.05,8.0,8.19,7.95,8.06,8.07,8.1,521112,42.19,760, -, -,,2024-06-20
GANGESSECU, EQ, 20-Jun-2024,161.34,159.9,172.5,159.03,172.0,171.77,169.27,79327,134.28,1709, 62556, 78.86,0.7885839625852484,2024-06-20
GARFIBRES, EQ, 20-Jun-2024,4106.95,4120.5,4155.0,3985.1,4035.0,4031.5,4045.92,18657,754.85,5654, 11583, 62.08,0.6208393632416788,2024-06-20
GATECH, BE, 20-Jun-2024,1.19,1.2,1.2,1.17,1.17,1.17,1.18,104224,1.23,104, -, -,,2024-06-20
GATECHDVR, BE, 20-Jun-2024,3.04,3.14,3.14,2.95,3.08,3.04,3.07,37414,1.15,204, -, -,,2024-06-20
GATEWAY, EQ, 20-Jun-2024,103.46,104.5,104.69,102.65,104.5,104.38,103.94,396085,411.71,5096, 216643, 54.70,0.5469608796091748,2024-06-20
GAYAHWS, BE, 20-Jun-2024,1.38,1.44,1.44,1.43,1.44,1.44,1.44,153336,2.21,98, -, -,,2024-06-20
GEECEE, EQ, 20-Jun-2024,364.8,366.7,379.0,366.7,374.0,371.7,373.29,45878,171.26,3664, 20702, 45.12,0.4512402458694799,2024-06-20
GEEKAYWIRE, EQ, 20-Jun-2024,89.11,89.5,90.09,87.57,89.1,88.6,88.65,209935,186.11,4022, 121856, 58.04,0.5804463286255269,2024-06-20
GENCON, EQ, 20-Jun-2024,52.15,52.0,53.58,49.6,51.5,51.5,51.62,377288,194.75,2500, 233931, 62.00,0.6200329721591994,2024-06-20
GENESYS, EQ, 20-Jun-2024,569.95,570.0,608.8,562.1,602.0,599.8,592.17,432213,2559.44,18038, 244002, 56.45,0.5645410943215498,2024-06-20
GENSOL, EQ, 20-Jun-2024,1015.9,1056.6,1066.65,1037.9,1066.65,1066.65,1060.22,165518,1754.85,4234, 124246, 75.06,0.7506494761899007,2024-06-20
GENUSPAPER, EQ, 20-Jun-2024,21.4,21.4,21.89,21.15,21.25,21.29,21.44,1056724,226.55,3833, 396202, 37.49,0.3749342306978927,2024-06-20
GENUSPOWER, EQ, 20-Jun-2024,304.9,309.0,320.0,304.9,309.65,309.2,314.2,838747,2635.33,16257, 423870, 50.54,0.5053609729751641,2024-06-20
GEOJITFSL, EQ, 20-Jun-2024,106.34,106.34,110.86,105.69,108.4,108.06,108.63,1919332,2085.04,18681, 687811, 35.84,0.358359575102171,2024-06-20
GEPIL, EQ, 20-Jun-2024,392.0,393.95,408.65,388.85,393.6,393.25,397.55,659936,2623.56,23214, 235777, 35.73,0.35727252339620813,2024-06-20
GESHIP, EQ, 20-Jun-2024,1191.85,1192.0,1206.35,1175.0,1179.5,1179.2,1189.04,603345,7174.0,26702, 209893, 34.79,0.3478822232719257,2024-06-20
GET&D, BE, 20-Jun-2024,1547.65,1507.65,1625.0,1500.0,1593.0,1575.65,1599.06,122787,1963.44,5757, -, -,,2024-06-20
GFLLIMITED, EQ, 20-Jun-2024,72.75,72.75,74.58,72.75,73.25,73.37,73.6,94134,69.28,1820, 58681, 62.34,0.6233773131918329,2024-06-20
GHCL, EQ, 20-Jun-2024,519.5,523.75,565.9,520.0,564.05,560.7,548.5,1490347,8174.56,43740, 535839, 35.95,0.3595397581905422,2024-06-20
GHCLTEXTIL, EQ, 20-Jun-2024,86.01,86.75,89.0,85.56,86.95,86.81,87.61,527011,461.72,8000, 280394, 53.20,0.5320458206754698,2024-06-20
GICHSGFIN, EQ, 20-Jun-2024,246.41,247.4,251.9,244.13,249.13,249.95,248.93,641868,1597.79,14369, 239361, 37.29,0.3729131223242162,2024-06-20
GICRE, EQ, 20-Jun-2024,381.0,381.4,394.4,377.05,391.0,387.75,387.49,1639774,6353.98,33422, 433750, 26.45,0.26451815920974475,2024-06-20
GILLANDERS, EQ, 20-Jun-2024,84.81,84.81,85.99,82.0,82.61,82.68,83.55,6922,5.78,272, 3967, 57.31,0.5731002600404508,2024-06-20
GILLETTE, EQ, 20-Jun-2024,7551.15,7614.95,7614.95,7344.15,7386.0,7399.25,7472.63,30231,2259.05,6519, 16658, 55.10,0.551023783533459,2024-06-20
GILT5YBEES, EQ, 20-Jun-2024,56.32,56.34,56.35,56.1,56.25,56.22,56.23,341225,191.87,793, 211365, 61.94,0.6194299948714191,2024-06-20
GINNIFILA, EQ, 20-Jun-2024,31.26,31.5,32.82,31.32,32.82,32.72,32.56,179330,58.4,664, 154502, 86.16,0.8615513299503709,2024-06-20
GIPCL, EQ, 20-Jun-2024,263.84,264.96,264.96,255.01,259.0,258.75,259.64,1336523,3470.1,19711, 532604, 39.85,0.39849968911870576,2024-06-20
GKWLIMITED, BE, 20-Jun-2024,2406.4,2450.0,2526.7,2450.0,2526.7,2526.7,2524.14,1473,37.18,91, -, -,,2024-06-20
GLAND, EQ, 20-Jun-2024,1828.1,1837.0,1838.95,1815.0,1835.0,1830.75,1830.55,558317,10220.27,17199, 486328, 87.11,0.871060705656464,2024-06-20
GLAXO, EQ, 20-Jun-2024,2563.55,2576.4,2587.95,2521.95,2537.0,2529.85,2546.88,66181,1685.55,8059, 35616, 53.82,0.5381604992369411,2024-06-20
GLENMARK, EQ, 20-Jun-2024,1235.7,1237.85,1251.75,1233.35,1239.95,1241.25,1243.15,310532,3860.37,14044, 114964, 37.02,0.37021627400718765,2024-06-20
GLFL, BE, 20-Jun-2024,7.1,7.1,7.1,7.1,7.1,7.1,7.1,3057,0.22,9, -, -,,2024-06-20
GLOBAL, BE, 20-Jun-2024,190.0,190.0,190.0,186.2,186.2,186.2,187.0,13353,24.97,333, -, -,,2024-06-20
GLOBALVECT, BE, 20-Jun-2024,220.99,216.57,216.57,216.57,216.57,216.57,216.57,2907,6.3,81, -, -,,2024-06-20
GLOBE, EQ, 20-Jun-2024,3.05,3.08,3.35,3.05,3.35,3.34,3.24,7378096,239.28,2948, 5729786, 77.66,0.7765941240124824,2024-06-20
GLOBUSSPR, EQ, 20-Jun-2024,776.6,790.0,806.2,781.05,805.0,802.4,797.14,146951,1171.41,7929, 80701, 54.92,0.5491694510415036,2024-06-20
GLOSTERLTD, EQ, 20-Jun-2024,828.35,834.5,844.55,829.15,841.05,833.65,837.39,1839,15.4,358, 1248, 67.86,0.6786296900489397,2024-06-20
GLS, EQ, 20-Jun-2024,845.6,854.95,854.95,835.0,836.8,839.65,843.69,25997,219.33,2654, 14139, 54.39,0.5438704465899912,2024-06-20
GMBREW, EQ, 20-Jun-2024,630.15,640.0,640.0,630.8,635.0,635.3,636.19,68600,436.43,4798, 35145, 51.23,0.5123177842565597,2024-06-20
GMDCLTD, EQ, 20-Jun-2024,397.1,397.75,412.25,394.25,404.2,403.7,404.9,1864874,7550.96,32631, 616988, 33.08,0.3308470170102645,2024-06-20
GMMPFAUDLR, EQ, 20-Jun-2024,1350.4,1350.4,1350.4,1321.0,1329.0,1330.8,1331.32,140270,1867.45,20751, 75367, 53.73,0.5372994938333214,2024-06-20
GMRINFRA, EQ, 20-Jun-2024,97.88,98.31,99.1,96.41,97.2,96.99,97.74,32609865,31873.37,84803, 12525409, 38.41,0.3840987688848145,2024-06-20
GMRP&UI, EQ, 20-Jun-2024,89.9,92.0,94.39,91.62,94.39,94.39,94.07,5191423,4883.67,4540, 2767027, 53.30,0.5329997189595223,2024-06-20
GNA, EQ, 20-Jun-2024,401.1,401.9,405.95,400.0,400.95,401.4,402.29,38760,155.93,3637, 22039, 56.86,0.5686016511867905,2024-06-20
GNFC, EQ, 20-Jun-2024,696.95,704.45,776.6,700.9,763.1,765.55,750.29,25731707,193063.54,316793, 3502491, 13.61,0.13611576565829853,2024-06-20
GOACARBON, EQ, 20-Jun-2024,785.7,789.7,873.0,781.1,830.45,834.75,843.47,444078,3745.67,29026, 83887, 18.89,0.18890149928616143,2024-06-20
GOCLCORP, EQ, 20-Jun-2024,449.4,450.0,459.0,447.0,447.15,449.55,452.22,79001,357.26,6006, 39089, 49.48,0.49479120517461805,2024-06-20
GOCOLORS, EQ, 20-Jun-2024,1056.05,1057.5,1093.0,1039.3,1072.0,1076.3,1059.42,35130,372.18,6525, 19888, 56.61,0.5661258183888415,2024-06-20
GODFRYPHLP, EQ, 20-Jun-2024,4187.7,4200.0,4349.9,4127.55,4287.0,4275.8,4265.75,116264,4959.53,19929, 26288, 22.61,0.2261061033509943,2024-06-20
GODHA, EQ, 20-Jun-2024,0.87,0.88,0.89,0.87,0.89,0.88,0.88,8595405,75.81,3393, 4540384, 52.82,0.5282338644892242,2024-06-20
GODIGIT, EQ, 20-Jun-2024,330.35,330.0,330.35,310.35,321.0,321.05,317.28,1280100,4061.51,39333, 661495, 51.68,0.5167525974533239,2024-06-20
GODREJAGRO, EQ, 20-Jun-2024,618.5,619.95,635.5,610.1,627.5,628.95,618.03,1064101,6576.43,46744, 686350, 64.50,0.6450045625368268,2024-06-20
GODREJCP, EQ, 20-Jun-2024,1391.8,1391.8,1396.95,1356.0,1363.25,1361.05,1370.35,1302617,17850.38,39319, 964849, 74.07,0.7407004514757599,2024-06-20
GODREJIND, EQ, 20-Jun-2024,815.55,815.55,831.95,814.95,821.0,821.8,823.65,228888,1885.23,11144, 129038, 56.38,0.5637604417881235,2024-06-20
GODREJPROP, EQ, 20-Jun-2024,3000.8,3000.75,3051.0,2982.05,3010.0,3010.6,3019.65,339336,10246.77,23956, 105268, 31.02,0.31021760143338756,2024-06-20
GOENKA, BZ, 20-Jun-2024,0.89,0.89,0.89,0.87,0.89,0.88,0.88,92162,0.82,143, -, -,,2024-06-20
GOKEX, EQ, 20-Jun-2024,831.85,854.0,873.0,845.0,872.0,867.05,862.56,405797,3500.23,26028, 228051, 56.20,0.561982961924312,2024-06-20
GOKUL, BE, 20-Jun-2024,43.22,44.0,44.0,42.79,42.79,42.79,43.7,90566,39.58,122, -, -,,2024-06-20
GOKULAGRO, EQ, 20-Jun-2024,157.21,158.0,162.58,155.43,161.0,161.0,159.19,337500,537.27,10246, 123642, 36.63,0.36634666666666665,2024-06-20
GOLD1, EQ, 20-Jun-2024,61.13,61.13,61.5,61.13,61.4,61.4,61.38,894938,549.36,1223, 837047, 93.53,0.9353128373138698,2024-06-20
GOLDBEES, EQ, 20-Jun-2024,60.71,61.28,61.28,60.74,61.04,61.03,60.99,5884696,3589.23,28912, 3800133, 64.58,0.6457653887303609,2024-06-20
GOLDCASE, EQ, 20-Jun-2024,11.53,11.53,11.64,11.45,11.56,11.58,11.55,377221,43.59,1036, 299946, 79.51,0.7951466116679612,2024-06-20
GOLDENTOBC, BZ, 20-Jun-2024,47.85,47.84,47.95,46.01,46.03,47.52,47.55,9745,4.63,109, -, -,,2024-06-20
GOLDETF, EQ, 20-Jun-2024,71.02,71.93,72.0,71.06,71.45,71.42,71.4,61523,43.93,988, 53175, 86.43,0.864310908115664,2024-06-20
GOLDETFADD, EQ, 20-Jun-2024,70.81,70.45,73.7,70.45,71.55,71.54,71.51,11103,7.94,233, 10426, 93.90,0.9390254886066829,2024-06-20
GOLDIAM, EQ, 20-Jun-2024,160.73,161.5,165.4,160.26,164.0,164.35,163.25,304544,497.16,3962, 160783, 52.79,0.5279467006409583,2024-06-20
GOLDIETF, EQ, 20-Jun-2024,62.63,64.5,64.5,62.62,62.93,62.88,62.79,793962,498.5,2582, 678389, 85.44,0.8544350989090158,2024-06-20
GOLDSHARE, EQ, 20-Jun-2024,61.1,61.7,61.75,60.95,61.55,61.5,61.41,49399,30.34,593, 31529, 63.83,0.6382517864734104,2024-06-20
GOLDTECH, EQ, 20-Jun-2024,119.67,120.0,122.17,118.0,121.5,120.67,119.38,23023,27.48,650, 14556, 63.22,0.6322373278895018,2024-06-20
GOODLUCK, EQ, 20-Jun-2024,923.85,926.85,930.95,917.0,930.0,924.95,925.97,57021,527.99,3883, 32252, 56.56,0.5656161764963785,2024-06-20
GOPAL, EQ, 20-Jun-2024,334.2,334.2,339.0,333.0,336.5,336.65,336.76,88425,297.78,3552, 50605, 57.23,0.5722929035906135,2024-06-20
GOYALALUM, BE, 20-Jun-2024,9.2,9.21,9.21,9.21,9.21,9.21,9.21,56325,5.19,300, -, -,,2024-06-20
GPIL, EQ, 20-Jun-2024,1110.75,1116.0,1116.0,1085.0,1093.95,1089.65,1095.09,361449,3958.2,26036, 215050, 59.50,0.5949663714659607,2024-06-20
GPPL, EQ, 20-Jun-2024,199.79,200.1,201.89,196.8,200.19,200.04,199.49,2644551,5275.61,32337, 1318211, 49.85,0.49846306613107483,2024-06-20
GPTHEALTH, EQ, 20-Jun-2024,150.76,151.04,152.49,149.6,151.0,150.72,151.05,163111,246.37,5624, 83901, 51.44,0.5143797781878598,2024-06-20
GPTINFRA, BE, 20-Jun-2024,265.74,265.0,267.85,255.0,261.9,258.29,259.97,77377,201.16,1043, -, -,,2024-06-20
GRANULES, EQ, 20-Jun-2024,468.9,470.5,475.0,465.6,472.0,472.3,470.7,691850,3256.55,17781, 268043, 38.74,0.3874293560742936,2024-06-20
GRAPHITE, EQ, 20-Jun-2024,594.4,597.0,608.0,583.35,588.5,588.7,596.87,2620471,15640.83,65180, 741955, 28.31,0.28313803129284776,2024-06-20
GRASIM, EQ, 20-Jun-2024,2447.15,2447.1,2504.0,2432.5,2501.1,2498.8,2475.6,1008266,24960.58,78256, 436883, 43.33,0.43330133119633113,2024-06-20
GRAVITA, EQ, 20-Jun-2024,1415.9,1406.0,1406.95,1351.35,1380.0,1376.4,1378.12,389659,5369.96,25137, 131365, 33.71,0.3371281043168514,2024-06-20
GREAVESCOT, EQ, 20-Jun-2024,129.86,130.1,135.45,130.01,134.0,133.95,133.59,1568975,2095.92,15283, 886692, 56.51,0.565140935961376,2024-06-20
GREENLAM, EQ, 20-Jun-2024,607.3,613.7,621.1,607.45,614.15,613.95,614.76,22497,138.3,3471, 9846, 43.77,0.43765835444725965,2024-06-20
GREENPANEL, EQ, 20-Jun-2024,320.35,322.0,322.9,315.5,320.0,318.2,317.24,229991,729.63,13883, 119608, 52.01,0.5200551325921449,2024-06-20
GREENPLY, EQ, 20-Jun-2024,305.85,305.05,309.5,300.55,306.4,306.4,305.43,481333,1470.14,14800, 213657, 44.39,0.4438860414723279,2024-06-20
GREENPOWER, EQ, 20-Jun-2024,20.44,21.0,21.0,20.44,20.57,20.51,20.68,3639655,752.64,10681, 2614849, 71.84,0.7184332031470015,2024-06-20
GRINDWELL, EQ, 20-Jun-2024,2743.85,2754.8,2799.0,2731.3,2774.0,2753.3,2758.27,66285,1828.32,8304, 42926, 64.76,0.6475974956626688,2024-06-20
GRINFRA, EQ, 20-Jun-2024,1711.25,1715.0,1760.0,1692.55,1752.0,1750.8,1746.19,74830,1306.67,6750, 39787, 53.17,0.5316985166377122,2024-06-20
GRMOVER, EQ, 20-Jun-2024,181.48,182.6,188.05,171.05,182.1,183.31,183.5,427043,783.63,15777, 226332, 53.00,0.5299981500691968,2024-06-20
GROBTEA, EQ, 20-Jun-2024,934.5,931.95,958.0,928.05,930.6,933.7,939.99,769,7.23,210, 423, 55.01,0.5500650195058517,2024-06-20
GRPLTD, EQ, 20-Jun-2024,10898.1,11000.0,11000.0,10532.0,10550.0,10608.95,10669.96,1047,111.71,618, 563, 53.77,0.5377268385864374,2024-06-20
GRSE, EQ, 20-Jun-2024,1770.4,1775.0,1805.8,1726.1,1757.8,1761.2,1777.48,2538518,45121.56,113601, 517539, 20.39,0.20387446533764977,2024-06-20
GRWRHITECH, EQ, 20-Jun-2024,2033.45,2053.75,2072.9,2020.1,2038.0,2038.1,2046.98,30029,614.69,5376, 15608, 51.98,0.5197642279130175,2024-06-20
GSEC10IETF, EQ, 20-Jun-2024,231.48,231.75,232.35,231.75,232.35,232.35,231.75,1001,2.32,5, 996, 99.50,0.995004995004995,2024-06-20
GSEC10YEAR, EQ, 20-Jun-2024,26.29,26.04,26.5,26.01,26.41,26.09,26.04,115595,30.1,67, 111050, 96.07,0.9606816903845322,2024-06-20
GSEC5IETF, EQ, 20-Jun-2024,57.14,56.7,56.9,56.31,56.59,56.89,56.78,4050,2.3,29, 3941, 97.31,0.9730864197530864,2024-06-20
GSFC, EQ, 20-Jun-2024,239.82,241.3,274.7,237.38,262.4,262.66,262.24,76683475,201090.91,414383, 13239727, 17.27,0.17265423873918076,2024-06-20
GSLSU, EQ, 20-Jun-2024,225.62,225.9,229.0,225.0,227.5,227.01,226.63,63911,144.84,3371, 31958, 50.00,0.5000391168969348,2024-06-20
GSPL, EQ, 20-Jun-2024,303.3,302.05,310.7,302.05,307.5,307.6,306.72,1593374,4887.27,31855, 897037, 56.30,0.5629795641199116,2024-06-20
GSS, BE, 20-Jun-2024,94.91,95.6,97.0,93.2,96.65,95.89,95.37,8594,8.2,175, -, -,,2024-06-20
GTECJAINX, BE, 20-Jun-2024,65.21,65.21,65.22,65.21,65.22,65.22,65.22,510,0.33,3, -, -,,2024-06-20
GTL, BE, 20-Jun-2024,12.0,12.1,12.1,12.1,12.1,12.1,12.1,239735,29.01,436, -, -,,2024-06-20
GTLINFRA, EQ, 20-Jun-2024,2.35,2.43,2.46,2.4,2.46,2.46,2.45,183102789,4486.14,38608, 94484393, 51.60,0.5160183169028627,2024-06-20
GTPL, EQ, 20-Jun-2024,174.01,174.01,176.9,172.8,176.0,175.42,174.93,46970,82.16,2321, 28648, 60.99,0.6099212263146689,2024-06-20
GUFICBIO, EQ, 20-Jun-2024,358.55,361.4,370.45,359.0,365.0,363.7,364.05,106508,387.74,5680, 49603, 46.57,0.465720884816164,2024-06-20
GUJALKALI, EQ, 20-Jun-2024,773.4,777.3,819.0,768.2,804.95,801.5,804.54,258756,2081.8,14581, 94811, 36.64,0.3664108271885483,2024-06-20
GUJAPOLLO, EQ, 20-Jun-2024,257.98,259.24,260.53,250.81,256.01,257.66,256.24,13562,34.75,856, 7289, 53.75,0.5374576021235806,2024-06-20
GUJGASLTD, EQ, 20-Jun-2024,612.05,612.05,623.3,605.95,610.0,608.3,613.24,1123522,6889.85,35287, 336782, 29.98,0.2997555900106985,2024-06-20
GUJRAFFIA, EQ, 20-Jun-2024,45.88,46.5,46.5,45.4,45.9,46.04,45.85,10756,4.93,217, 7084, 65.86,0.6586091483822982,2024-06-20
GULFOILLUB, EQ, 20-Jun-2024,992.05,992.1,1003.8,981.15,1000.1,999.4,995.74,58477,582.28,5538, 24859, 42.51,0.42510730714639944,2024-06-20
GULFPETRO, EQ, 20-Jun-2024,67.83,67.8,69.69,66.89,67.2,67.28,68.12,360984,245.91,4042, 211404, 58.56,0.5856326042151453,2024-06-20
GULPOLY, EQ, 20-Jun-2024,199.48,200.0,209.35,198.22,204.05,204.34,205.67,290511,597.49,9975, 142800, 49.15,0.4915476522403627,2024-06-20
GVKPIL, BE, 20-Jun-2024,11.05,10.71,11.19,10.71,11.08,10.99,11.0,2254075,247.85,5334, -, -,,2024-06-20
GVPTECH, BE, 20-Jun-2024,13.72,13.45,13.98,13.45,13.89,13.7,13.79,60121,8.29,266, -, -,,2024-06-20
HAL, EQ, 20-Jun-2024,5311.95,5311.0,5381.3,5156.6,5294.95,5288.6,5276.88,4867153,256833.88,240297, 1068946, 21.96,0.21962449094984277,2024-06-20
HAPPSTMNDS, EQ, 20-Jun-2024,887.65,889.0,892.4,880.0,882.3,882.25,885.03,296603,2625.01,17096, 155288, 52.36,0.5235550550736169,2024-06-20
HAPPYFORGE, EQ, 20-Jun-2024,1198.0,1204.95,1251.0,1200.0,1210.5,1207.65,1227.1,133615,1639.6,12345, 59148, 44.27,0.4426748493806833,2024-06-20
HARDWYN, EQ, 20-Jun-2024,32.41,32.55,32.64,31.76,32.0,31.99,32.06,303149,97.2,4468, 147744, 48.74,0.4873642994039235,2024-06-20
HARIOMPIPE, EQ, 20-Jun-2024,569.9,575.6,578.9,569.0,572.5,571.2,572.42,45856,262.49,3623, 22906, 49.95,0.49952023726448014,2024-06-20
HARRMALAYA, EQ, 20-Jun-2024,205.38,206.5,208.0,196.5,198.5,199.03,202.43,107240,217.09,2063, 70806, 66.03,0.6602573666542335,2024-06-20
HARSHA, EQ, 20-Jun-2024,568.8,575.0,592.0,564.35,583.1,584.9,583.13,648947,3784.19,18574, 172236, 26.54,0.26540842318401964,2024-06-20
HATHWAY, EQ, 20-Jun-2024,22.7,22.85,23.0,22.65,22.75,22.74,22.84,6092755,1391.54,13481, 2634601, 43.24,0.43241538515827405,2024-06-20
HATSUN, EQ, 20-Jun-2024,1099.55,1099.8,1104.6,1084.9,1093.0,1089.2,1090.75,12262,133.75,2343, 6635, 54.11,0.5411025933779156,2024-06-20
HAVELLS, EQ, 20-Jun-2024,1815.65,1818.05,1825.9,1805.65,1818.15,1818.3,1819.44,1036750,18863.05,62738, 693093, 66.85,0.6685247166626477,2024-06-20
HAVISHA, EQ, 20-Jun-2024,2.65,2.6,2.74,2.56,2.57,2.57,2.65,140053,3.72,355, 106974, 76.38,0.7638108430379927,2024-06-20
HBLPOWER, EQ, 20-Jun-2024,506.85,509.8,514.5,504.1,511.0,509.4,509.23,1004963,5117.53,23819, 478549, 47.62,0.4761856904184532,2024-06-20
HBSL, EQ, 20-Jun-2024,108.05,108.05,112.0,106.42,108.2,110.55,109.56,42365,46.41,899, 34612, 81.70,0.8169951610999646,2024-06-20
HCC, EQ, 20-Jun-2024,47.51,47.75,51.87,47.5,50.08,49.94,50.52,85554370,43223.36,120401, 34544717, 40.38,0.4037750146485796,2024-06-20
HCG, EQ, 20-Jun-2024,382.6,383.0,394.0,381.7,388.0,387.5,387.13,135183,523.33,4779, 78902, 58.37,0.5836680647714579,2024-06-20
HCL-INSYS, BE, 20-Jun-2024,17.36,17.36,17.6,17.11,17.4,17.28,17.35,204117,35.41,836, -, -,,2024-06-20
HCLTECH, EQ, 20-Jun-2024,1445.85,1448.95,1448.95,1429.55,1445.0,1443.45,1439.07,3163919,45531.09,137696, 1878993, 59.39,0.5938815121373209,2024-06-20
HDFCAMC, EQ, 20-Jun-2024,3900.3,3902.5,3929.95,3866.45,3897.05,3892.2,3894.18,198919,7746.26,23249, 102305, 51.43,0.5143048175387972,2024-06-20
HDFCBANK, EQ, 20-Jun-2024,1657.85,1669.8,1681.45,1652.0,1667.25,1669.35,1667.89,20704371,345326.05,465827, 12930152, 62.45,0.6245131523193822,2024-06-20
HDFCBSE500, EQ, 20-Jun-2024,35.56,35.61,35.79,35.53,35.69,35.64,35.65,15590,5.56,287, 11080, 71.07,0.7107119948685054,2024-06-20
HDFCGOLD, EQ, 20-Jun-2024,62.67,62.68,63.0,62.67,62.9,62.94,62.91,718321,451.92,2017, 561885, 78.22,0.7822199267458421,2024-06-20
HDFCGROWTH, EQ, 20-Jun-2024,112.89,112.9,112.9,112.21,112.54,112.45,112.46,15758,17.72,175, 14082, 89.36,0.8936413250412489,2024-06-20
HDFCLIFE, EQ, 20-Jun-2024,596.2,596.2,597.5,582.7,590.0,590.1,590.43,6133067,36211.31,126288, 3270229, 53.32,0.533212665049966,2024-06-20
HDFCLIQUID, EQ, 20-Jun-2024,1000.01,1000.01,1000.01,999.99,999.99,999.99,1000.0,30532,305.32,47, 15466, 50.66,0.506550504388838,2024-06-20
HDFCLOWVOL, EQ, 20-Jun-2024,19.01,19.18,19.26,18.83,19.04,18.96,19.0,135607,25.76,211, 36121, 26.64,0.2663653056258158,2024-06-20
HDFCMID150, EQ, 20-Jun-2024,20.68,20.88,20.9,20.35,20.9,20.86,20.81,280811,58.45,1252, 175837, 62.62,0.6261756127787017,2024-06-20
HDFCMOMENT, EQ, 20-Jun-2024,35.97,35.6,36.39,35.58,35.97,35.91,35.87,275923,98.97,2878, 201762, 73.12,0.7312257405145638,2024-06-20
HDFCNEXT50, EQ, 20-Jun-2024,72.08,72.08,72.96,71.64,72.42,72.29,72.17,36934,26.65,396, 31871, 86.29,0.8629176368657605,2024-06-20
HDFCNIF100, EQ, 20-Jun-2024,25.01,25.15,25.5,24.7,25.01,25.03,25.05,38555,9.66,321, 29417, 76.30,0.7629879393074828,2024-06-20
HDFCNIFBAN, EQ, 20-Jun-2024,52.32,52.33,52.75,52.12,52.62,52.67,52.47,36706,19.26,256, 26841, 73.12,0.7312428485806135,2024-06-20
HDFCNIFIT, EQ, 20-Jun-2024,35.76,35.76,35.9,35.67,35.89,35.88,35.83,31497,11.29,207, 22850, 72.55,0.7254659173889577,2024-06-20
HDFCNIFTY, EQ, 20-Jun-2024,259.11,261.55,261.55,258.05,259.97,259.68,259.43,129402,335.71,868, 123472, 95.42,0.9541738149333086,2024-06-20
HDFCPSUBK, EQ, 20-Jun-2024,75.2,75.01,75.52,74.81,75.5,75.09,74.96,35308,26.47,190, 30845, 87.36,0.873598051433103,2024-06-20
HDFCPVTBAN, EQ, 20-Jun-2024,25.79,25.79,26.25,25.42,26.05,26.03,25.97,194475,50.51,572, 141500, 72.76,0.7275999485795089,2024-06-20
HDFCQUAL, EQ, 20-Jun-2024,58.02,58.49,58.51,56.8,57.99,57.18,57.14,108890,62.22,1181, 67069, 61.59,0.615933510882542,2024-06-20
HDFCSENSEX, EQ, 20-Jun-2024,85.85,86.11,86.12,85.31,85.81,85.91,85.84,22603,19.4,422, 17461, 77.25,0.7725080741494492,2024-06-20
HDFCSILVER, EQ, 20-Jun-2024,87.28,87.33,88.82,87.32,88.66,88.67,88.49,249746,221.0,935, 182544, 73.09,0.7309186133111241,2024-06-20
HDFCSML250, EQ, 20-Jun-2024,170.11,171.05,171.77,169.16,171.25,171.35,171.04,659333,1127.73,4148, 432034, 65.53,0.6552591785941246,2024-06-20
HDFCVALUE, EQ, 20-Jun-2024,131.32,131.19,131.49,130.35,130.88,131.11,131.0,2231,2.92,113, 1837, 82.34,0.8233975795607351,2024-06-20
HEADSUP, BE, 20-Jun-2024,11.94,11.8,12.2,11.64,12.0,12.0,12.04,20503,2.47,99, -, -,,2024-06-20
HEALTHADD, EQ, 20-Jun-2024,125.62,124.59,124.59,123.32,124.46,124.45,123.9,4469,5.54,107, 3187, 71.31,0.7131349295144328,2024-06-20
HEALTHIETF, EQ, 20-Jun-2024,126.49,126.89,127.63,124.63,127.0,126.4,125.84,37730,47.48,697, 26841, 71.14,0.7113967664988073,2024-06-20
HEALTHY, EQ, 20-Jun-2024,12.75,12.75,12.87,12.58,12.69,12.67,12.64,1009599,127.6,3517, 730419, 72.35,0.7234743695269111,2024-06-20
HECPROJECT, BE, 20-Jun-2024,114.31,113.99,115.99,110.0,112.45,112.43,112.98,12048,13.61,149, -, -,,2024-06-20
HEG, EQ, 20-Jun-2024,2305.7,2325.0,2408.0,2288.05,2312.05,2320.2,2351.4,529059,12440.29,37285, 102119, 19.30,0.19302006014452075,2024-06-20
HEIDELBERG, EQ, 20-Jun-2024,214.95,215.78,217.75,213.65,215.6,215.88,215.94,136183,294.08,6598, 67290, 49.41,0.4941145370567545,2024-06-20
HEMIPROP, EQ, 20-Jun-2024,192.18,193.0,196.89,192.75,193.24,193.24,194.38,722456,1404.32,9141, 316665, 43.83,0.43831735081444406,2024-06-20
HERANBA, EQ, 20-Jun-2024,366.9,368.0,398.6,364.05,387.0,387.6,381.56,614543,2344.83,23226, 268036, 43.62,0.4361549964770569,2024-06-20
HERCULES, EQ, 20-Jun-2024,570.1,570.15,592.8,565.7,576.4,576.35,581.43,132694,771.53,8975, 40743, 30.70,0.30704477971875144,2024-06-20
HERITGFOOD, EQ, 20-Jun-2024,572.1,573.95,578.55,556.0,560.2,559.15,564.94,1626510,9188.73,36343, 819456, 50.38,0.5038124573473265,2024-06-20
HEROMOTOCO, EQ, 20-Jun-2024,5647.7,5669.0,5669.0,5496.0,5511.95,5504.6,5558.12,840321,46706.07,117175, 494413, 58.84,0.5883620664008159,2024-06-20
HESTERBIO, EQ, 20-Jun-2024,2093.15,2100.0,2130.1,2041.15,2080.0,2078.35,2084.46,9229,192.37,2289, 4920, 53.31,0.5331021779174342,2024-06-20
HEUBACHIND, EQ, 20-Jun-2024,390.9,395.0,469.05,395.0,469.05,469.05,445.22,1083880,4825.65,41648, 306252, 28.26,0.28255157397497876,2024-06-20
HEXATRADEX, EQ, 20-Jun-2024,161.92,161.92,167.3,159.11,163.1,162.89,163.62,62148,101.69,1591, 38579, 62.08,0.6207601210014804,2024-06-20
HFCL, EQ, 20-Jun-2024,127.03,127.2,129.5,123.75,123.95,124.52,126.79,44175866,56008.54,144046, 11045835, 25.00,0.25004229685050205,2024-06-20
HGINFRA, EQ, 20-Jun-2024,1729.35,1734.0,1734.0,1659.55,1700.0,1692.8,1700.44,115646,1966.5,9698, 58230, 50.35,0.503519360807983,2024-06-20
HGS, EQ, 20-Jun-2024,856.7,856.7,863.4,851.55,858.0,857.25,859.34,16816,144.51,2161, 10026, 59.62,0.5962178877259753,2024-06-20
HIKAL, EQ, 20-Jun-2024,301.9,301.9,315.05,300.75,311.75,312.15,311.21,682029,2122.52,19253, 329623, 48.33,0.48329763103914936,2024-06-20
HIL, EQ, 20-Jun-2024,2859.0,2857.5,2954.0,2856.1,2937.45,2929.3,2921.43,17922,523.58,2750, 10735, 59.90,0.598984488338355,2024-06-20
HILTON, EQ, 20-Jun-2024,108.43,109.0,110.99,107.81,109.0,109.12,109.36,632590,691.8,2816, 301946, 47.73,0.47731706160388243,2024-06-20
HIMATSEIDE, EQ, 20-Jun-2024,130.23,130.55,140.0,130.23,139.95,139.36,136.99,1202115,1646.76,15117, 634694, 52.80,0.5279810999779555,2024-06-20
HINDALCO, EQ, 20-Jun-2024,662.4,665.0,684.35,661.75,677.9,676.5,676.29,6646966,44952.84,124874, 2178278, 32.77,0.32771011616427703,2024-06-20
HINDCOMPOS, EQ, 20-Jun-2024,457.15,459.6,491.0,459.6,482.1,481.9,479.22,73505,352.25,6277, 39432, 53.65,0.5364533024964289,2024-06-20
HINDCON, BE, 20-Jun-2024,53.63,54.5,56.31,52.22,56.01,55.32,54.55,144511,78.83,626, -, -,,2024-06-20
HINDCOPPER, EQ, 20-Jun-2024,326.8,327.0,338.0,322.75,334.0,333.85,332.04,6621282,21985.45,54256, 2327504, 35.15,0.3515186334006013,2024-06-20
HINDMOTORS, EQ, 20-Jun-2024,35.24,35.3,36.9,34.8,35.2,35.19,35.73,1587057,567.11,6306, 693568, 43.70,0.4370151796690352,2024-06-20
HINDNATGLS, BE, 20-Jun-2024,19.84,19.76,19.76,19.01,19.75,19.65,19.36,35566,6.89,142, -, -,,2024-06-20
HINDOILEXP, EQ, 20-Jun-2024,197.41,198.0,200.91,194.71,197.38,196.2,198.41,1641657,3257.18,20088, 674450, 41.08,0.41083490643904297,2024-06-20
HINDPETRO, EQ, 20-Jun-2024,515.5,520.0,525.6,514.0,525.6,523.8,521.29,4582098,23886.04,56843, 2121023, 46.29,0.4628934169456873,2024-06-20
HINDUNILVR, EQ, 20-Jun-2024,2457.0,2457.0,2490.0,2446.65,2481.0,2482.2,2476.95,2163310,53584.17,139626, 1086433, 50.22,0.5022086524816138,2024-06-20
HINDWAREAP, EQ, 20-Jun-2024,403.25,403.75,411.0,400.75,405.1,406.75,406.08,141789,575.78,6237, 91606, 64.61,0.6460726854692536,2024-06-20
HINDZINC, EQ, 20-Jun-2024,633.45,635.4,673.95,634.6,647.0,647.55,659.0,2227735,14680.75,42987, 847102, 38.03,0.3802525883913482,2024-06-20
HIRECT, EQ, 20-Jun-2024,672.75,685.9,706.35,667.55,690.0,692.3,696.28,32302,224.91,1258, 20196, 62.52,0.6252244443068541,2024-06-20
HISARMETAL, EQ, 20-Jun-2024,197.94,198.06,204.0,197.14,202.5,201.85,201.26,8320,16.74,387, 5173, 62.18,0.6217548076923077,2024-06-20
HITECH, EQ, 20-Jun-2024,133.71,134.64,141.0,134.1,138.65,139.02,138.55,2286012,3167.23,21023, 1083277, 47.39,0.47387196567647066,2024-06-20
HITECHCORP, EQ, 20-Jun-2024,214.63,215.8,219.08,210.0,214.39,213.97,213.32,14607,31.16,493, 8583, 58.76,0.587594988704046,2024-06-20
HITECHGEAR, BE, 20-Jun-2024,969.1,960.0,989.0,951.05,972.0,975.05,971.04,8258,80.19,289, -, -,,2024-06-20
HLEGLAS, EQ, 20-Jun-2024,444.65,445.45,460.45,443.05,452.5,450.8,453.23,99965,453.07,8755, 37052, 37.06,0.3706497274045916,2024-06-20
HLVLTD, BE, 20-Jun-2024,26.54,26.53,27.05,26.1,26.85,26.71,26.72,390903,104.46,1242, -, -,,2024-06-20
HMAAGRO, EQ, 20-Jun-2024,54.67,54.67,55.7,54.55,55.1,55.11,55.07,332050,182.85,2488, 200687, 60.44,0.6043878933895498,2024-06-20
HMT, BZ, 20-Jun-2024,57.33,58.0,58.0,56.9,57.47,57.41,57.31,15098,8.65,232, -, -,,2024-06-20
HMVL, EQ, 20-Jun-2024,105.06,105.0,107.0,104.01,105.3,105.55,105.58,73261,77.35,1952, 43946, 59.99,0.5998553118303054,2024-06-20
HNDFDS, EQ, 20-Jun-2024,496.3,498.9,503.85,497.2,501.0,499.9,499.91,65850,329.19,4712, 44039, 66.88,0.6687775246772969,2024-06-20
HNGSNGBEES, EQ, 20-Jun-2024,306.12,309.0,311.31,306.21,310.5,310.19,308.83,118023,364.49,3249, 84672, 71.74,0.7174194860323835,2024-06-20
HOMEFIRST, EQ, 20-Jun-2024,1074.65,1080.0,1080.0,1031.05,1041.0,1042.45,1050.21,246316,2586.82,12767, 170402, 69.18,0.6918024001688887,2024-06-20
HONASA, EQ, 20-Jun-2024,426.65,426.65,428.0,419.3,427.3,426.3,423.41,761818,3225.59,27586, 501425, 65.82,0.6581952644857433,2024-06-20
HONAUT, EQ, 20-Jun-2024,55186.55,55357.95,56767.95,55200.0,55201.5,55424.2,55932.13,5790,3238.47,3582, 1315, 22.71,0.22711571675302245,2024-06-20
HONDAPOWER, EQ, 20-Jun-2024,3687.25,3686.85,3880.0,3597.05,3838.95,3847.45,3772.43,41108,1550.77,5393, 13458, 32.74,0.3273815315753625,2024-06-20
HOVS, BE, 20-Jun-2024,65.59,65.59,67.44,63.11,66.19,65.89,65.24,14888,9.71,109, -, -,,2024-06-20
HPAL, EQ, 20-Jun-2024,98.04,98.3,99.3,96.29,97.15,96.87,97.69,504415,492.74,8248, 273275, 54.18,0.5417662044150154,2024-06-20
HPIL, EQ, 20-Jun-2024,178.98,190.0,196.87,172.9,173.55,175.25,189.51,147386,279.31,2956, 39266, 26.64,0.2664160775107541,2024-06-20
HPL, EQ, 20-Jun-2024,474.45,475.45,482.9,460.0,473.0,476.55,469.5,863104,4052.3,30511, 293356, 33.99,0.33988488061693606,2024-06-20
HSCL, EQ, 20-Jun-2024,382.0,394.0,401.1,390.0,401.1,401.1,400.06,2870001,11481.85,26897, 1474027, 51.36,0.5135980788856868,2024-06-20
HTMEDIA, EQ, 20-Jun-2024,27.48,27.6,27.85,27.24,27.36,27.55,27.52,444251,122.27,2218, 201433, 45.34,0.4534216017521626,2024-06-20
HUBTOWN, BE, 20-Jun-2024,143.08,143.08,149.9,141.1,147.2,145.05,145.62,388295,565.43,1058, -, -,,2024-06-20
HUDCO, EQ, 20-Jun-2024,283.15,283.25,288.55,279.0,282.35,282.3,284.07,13975757,39701.53,91525, 3920153, 28.05,0.2804966485894109,2024-06-20
HUHTAMAKI, EQ, 20-Jun-2024,333.4,333.5,347.5,332.1,346.0,345.6,339.78,202872,689.32,7203, 117055, 57.70,0.5769894317599275,2024-06-20
HYBRIDFIN, EQ, 20-Jun-2024,12.39,12.32,12.32,11.77,11.85,11.8,11.97,86557,10.36,276, 68267, 78.87,0.7886941552965098,2024-06-20
IBREALEST, EQ, 20-Jun-2024,136.92,136.97,161.0,136.26,154.84,154.93,151.54,87811190,133071.92,268839, 26811019, 30.53,0.30532576770682646,2024-06-20
IBULHSGFIN, EQ, 20-Jun-2024,173.72,174.0,183.3,173.16,178.7,178.61,179.59,18245751,32768.08,97681, 6014667, 32.96,0.3296475436938715,2024-06-20
ICDSLTD, BE, 20-Jun-2024,35.95,35.95,35.95,35.94,35.94,35.94,35.95,142,0.05,3, -, -,,2024-06-20
ICEMAKE, EQ, 20-Jun-2024,862.95,878.0,905.0,860.0,872.0,866.45,884.72,54250,479.96,2919, 24775, 45.67,0.45668202764976956,2024-06-20
ICICIB22, EQ, 20-Jun-2024,110.72,112.85,112.85,110.0,111.05,110.88,110.9,858516,952.09,5370, 703664, 81.96,0.8196282888146522,2024-06-20
ICICIBANK, EQ, 20-Jun-2024,1144.45,1154.05,1160.0,1135.5,1156.6,1156.8,1148.53,15475933,177746.1,290565, 8378463, 54.14,0.5413866162382585,2024-06-20
ICICIGI, EQ, 20-Jun-2024,1759.75,1760.75,1760.75,1709.95,1741.2,1748.3,1736.23,1459465,25339.64,55023, 995469, 68.21,0.6820780217408434,2024-06-20
ICICIPRULI, EQ, 20-Jun-2024,601.85,604.0,607.0,596.6,606.25,605.5,601.71,1287329,7745.99,28207, 768606, 59.71,0.5970548321369284,2024-06-20
ICIL, EQ, 20-Jun-2024,366.95,365.5,369.4,359.85,363.0,364.45,363.27,125177,454.73,7087, 63207, 50.49,0.5049410035389887,2024-06-20
ICRA, EQ, 20-Jun-2024,5847.3,5935.0,6010.0,5862.45,5910.0,5918.4,5964.75,21267,1268.52,4520, 12703, 59.73,0.59731038698453,2024-06-20
IDBI, EQ, 20-Jun-2024,86.53,86.79,88.5,86.62,86.7,86.82,87.35,8953501,7821.16,29080, 2934317, 32.77,0.32772844946351154,2024-06-20
IDEA, EQ, 20-Jun-2024,16.92,16.97,16.97,16.45,16.57,16.53,16.63,745416817,123954.69,347037, 254566185, 34.15,0.3415085079841981,2024-06-20
IDEAFORGE, EQ, 20-Jun-2024,803.8,803.45,812.65,792.15,796.0,797.15,804.7,1214109,9769.98,32644, 308884, 25.44,0.2544120832643527,2024-06-20
IDFC, EQ, 20-Jun-2024,121.12,121.69,123.9,120.8,123.8,123.73,122.97,6374706,7839.23,40162, 2167648, 34.00,0.34003889748013477,2024-06-20
IDFCFIRSTB, EQ, 20-Jun-2024,82.17,82.92,84.0,82.55,83.9,83.84,83.36,73140325,60972.32,168075, 28753226, 39.31,0.3931241213379897,2024-06-20
IDFNIFTYET, EQ, 20-Jun-2024,254.99,251.8,256.0,251.17,255.3,255.3,253.17,2122,5.37,34, 1968, 92.74,0.9274269557021678,2024-06-20
IEL, EQ, 20-Jun-2024,12.76,13.04,13.19,12.5,12.7,12.7,12.88,386448,49.78,922, 274239, 70.96,0.7096401068190287,2024-06-20
IEX, EQ, 20-Jun-2024,181.25,182.3,183.4,180.24,180.88,180.99,181.79,9283078,16875.72,52127, 3227625, 34.77,0.3476890962243342,2024-06-20
IFBAGRO, EQ, 20-Jun-2024,452.2,450.45,471.45,447.55,453.0,458.4,461.25,17916,82.64,1670, 8878, 49.55,0.49553471757088635,2024-06-20
IFBIND, EQ, 20-Jun-2024,1590.8,1580.0,1630.0,1572.05,1591.0,1597.4,1608.23,39468,634.74,2796, 23195, 58.77,0.5876912942130333,2024-06-20
IFCI, EQ, 20-Jun-2024,62.62,62.62,64.47,61.82,62.34,62.48,63.15,21114596,13334.89,57431, 5129825, 24.30,0.24295160560969292,2024-06-20
IFGLEXPOR, EQ, 20-Jun-2024,613.15,616.75,647.0,611.05,628.8,628.45,632.87,28765,182.04,2497, 16634, 57.83,0.5782722058056666,2024-06-20
IGARASHI, EQ, 20-Jun-2024,527.65,527.65,534.95,523.0,524.0,525.75,529.99,36918,195.66,3100, 16236, 43.98,0.4397854705021941,2024-06-20
IGL, EQ, 20-Jun-2024,470.4,473.0,483.95,468.6,477.1,476.8,476.75,2341400,11162.55,47837, 1009902, 43.13,0.43132399419150935,2024-06-20
IGPL, EQ, 20-Jun-2024,570.65,572.15,617.95,571.0,604.15,607.85,599.83,546317,3276.95,25583, 239694, 43.87,0.4387452706029649,2024-06-20
IIFL, EQ, 20-Jun-2024,473.2,474.0,486.0,472.9,476.95,475.95,478.99,1911142,9154.2,50084, 733712, 38.39,0.38391286466416413,2024-06-20
IIFLSEC, EQ, 20-Jun-2024,218.2,219.1,223.0,216.14,220.0,219.75,219.92,699454,1538.25,7167, 394765, 56.44,0.5643902243750125,2024-06-20
IITL, EQ, 20-Jun-2024,168.85,172.0,172.1,166.81,170.0,170.66,170.35,9289,15.82,351, 7203, 77.54,0.7754333082140166,2024-06-20
IKIO, EQ, 20-Jun-2024,290.2,291.2,303.0,291.15,300.65,301.35,298.86,627255,1874.63,19159, 315781, 50.34,0.5034332129676129,2024-06-20
IL&FSENGG, BZ, 20-Jun-2024,20.93,21.29,21.29,20.16,20.98,20.84,20.77,67878,14.1,148, -, -,,2024-06-20
IL&FSTRANS, BZ, 20-Jun-2024,5.19,5.44,5.44,5.44,5.44,5.44,5.44,67025,3.65,53, -, -,,2024-06-20
IMAGICAA, EQ, 20-Jun-2024,75.72,76.05,80.55,75.7,79.0,78.74,78.45,2521789,1978.29,16040, 1126553, 44.67,0.4467277000573799,2024-06-20
IMFA, EQ, 20-Jun-2024,806.2,814.95,815.9,789.0,790.0,791.65,801.31,132351,1060.54,8026, 65805, 49.72,0.4972006256091756,2024-06-20
IMPAL, EQ, 20-Jun-2024,1081.0,1082.0,1130.0,1068.25,1089.45,1096.65,1110.99,17821,197.99,2530, 9920, 55.66,0.5566466528253184,2024-06-20
IMPEXFERRO, BE, 20-Jun-2024,3.71,3.75,3.77,3.62,3.7,3.7,3.69,32063,1.18,85, -, -,,2024-06-20
INCREDIBLE, EQ, 20-Jun-2024,46.2,46.59,47.99,44.82,45.69,45.14,45.62,7268,3.32,232, 5188, 71.38,0.7138139790864062,2024-06-20
INDBANK, EQ, 20-Jun-2024,50.28,50.6,52.1,50.51,51.0,50.71,51.23,298483,152.91,2425, 121067, 40.56,0.40560768955015863,2024-06-20
INDGN, EQ, 20-Jun-2024,569.9,573.0,573.4,557.2,562.0,563.4,564.92,648561,3663.86,20630, 348852, 53.79,0.5378861818703252,2024-06-20
INDHOTEL, EQ, 20-Jun-2024,617.05,618.1,641.95,618.05,639.0,638.4,632.18,7142199,45151.84,83127, 3608836, 50.53,0.505283596830612,2024-06-20
INDIACEM, EQ, 20-Jun-2024,218.6,219.5,234.8,219.0,233.1,233.15,230.09,18388487,42309.27,77252, 7781653, 42.32,0.4231807108436926,2024-06-20
INDIAGLYCO, EQ, 20-Jun-2024,908.55,917.7,924.0,903.4,915.0,916.6,913.35,156991,1433.87,9102, 73871, 47.05,0.47054289736354316,2024-06-20
INDIAMART, EQ, 20-Jun-2024,2593.7,2614.5,2652.0,2579.75,2621.0,2614.65,2626.07,230328,6048.57,28639, 111919, 48.59,0.48591139592233684,2024-06-20
INDIANB, EQ, 20-Jun-2024,545.0,545.0,546.75,540.75,545.0,545.1,544.69,1080032,5882.84,24425, 630426, 58.37,0.5837104826523658,2024-06-20
INDIANCARD, EQ, 20-Jun-2024,266.4,265.85,278.0,264.55,275.0,274.7,272.5,13261,36.14,917, 7575, 57.12,0.5712238896010859,2024-06-20
INDIANHUME, EQ, 20-Jun-2024,397.2,405.8,419.35,398.55,409.0,409.35,408.29,510081,2082.6,19949, 222063, 43.53,0.4353485034729778,2024-06-20
INDIASHLTR, EQ, 20-Jun-2024,725.35,725.5,727.7,698.1,705.0,703.15,705.8,186613,1317.12,6087, 153102, 82.04,0.8204251579471955,2024-06-20
INDIGO, EQ, 20-Jun-2024,4228.0,4225.0,4262.6,4186.0,4231.0,4229.25,4213.5,1449293,61065.99,96562, 903906, 62.37,0.6236875497225198,2024-06-20
INDIGOPNTS, EQ, 20-Jun-2024,1363.9,1363.9,1375.5,1350.0,1367.05,1365.95,1368.51,40079,548.49,5045, 21811, 54.42,0.544200204595923,2024-06-20
INDNIPPON, EQ, 20-Jun-2024,806.55,806.55,834.4,806.55,825.0,825.6,823.33,108519,893.47,8833, 24000, 22.12,0.22115942830287783,2024-06-20
INDOAMIN, EQ, 20-Jun-2024,123.65,124.25,134.45,123.69,130.4,129.56,130.39,462729,603.33,10812, 176321, 38.10,0.3810459253688444,2024-06-20
INDOBORAX, EQ, 20-Jun-2024,163.87,164.15,179.99,162.76,179.0,178.21,174.76,318601,556.8,10174, 167433, 52.55,0.5255256574838121,2024-06-20
INDOCO, EQ, 20-Jun-2024,325.3,326.95,333.0,323.6,326.2,325.2,327.27,139637,456.99,7398, 74372, 53.26,0.5326095519095941,2024-06-20
INDORAMA, EQ, 20-Jun-2024,42.91,43.37,47.4,42.74,46.36,46.84,45.77,830832,380.31,6682, 494189, 59.48,0.594812188264294,2024-06-20
INDOSTAR, EQ, 20-Jun-2024,268.89,269.65,273.65,260.0,262.0,261.77,266.96,240764,642.74,5094, 139252, 57.84,0.5783755046435514,2024-06-20
INDOTECH, BE, 20-Jun-2024,1671.3,1671.3,1700.0,1613.0,1658.0,1631.9,1655.8,19471,322.4,990, -, -,,2024-06-20
INDOTHAI, EQ, 20-Jun-2024,289.95,291.4,294.75,286.0,287.0,289.2,290.41,5326,15.47,287, 2804, 52.65,0.5264739016147202,2024-06-20
INDOWIND, EQ, 20-Jun-2024,23.73,24.69,26.1,23.96,26.1,26.1,25.66,845385,216.91,2066, 683363, 80.83,0.8083453101249727,2024-06-20
INDRAMEDCO, EQ, 20-Jun-2024,257.64,257.81,257.81,249.0,249.5,250.4,253.08,368399,932.34,4857, 305789, 83.00,0.8300483986112883,2024-06-20
INDSWFTLAB, EQ, 20-Jun-2024,112.05,112.3,118.2,112.2,117.5,117.26,116.13,294595,342.11,7181, 136500, 46.33,0.4633479862183676,2024-06-20
INDSWFTLTD, BE, 20-Jun-2024,21.27,21.0,21.47,21.0,21.05,21.18,21.19,22100,4.68,135, -, -,,2024-06-20
INDTERRAIN, EQ, 20-Jun-2024,65.17,65.99,67.79,65.0,65.25,65.72,66.04,123623,81.64,1460, 43073, 34.84,0.34842221916633637,2024-06-20
INDUSINDBK, EQ, 20-Jun-2024,1528.2,1536.0,1540.75,1513.0,1526.5,1527.85,1529.27,3589441,54892.32,141027, 1920433, 53.50,0.5350228628914642,2024-06-20
INDUSTOWER, EQ, 20-Jun-2024,334.0,335.75,340.0,334.0,336.25,336.3,337.2,26757768,90227.43,139665, 14847600, 55.49,0.5548893315765351,2024-06-20
INFIBEAM, EQ, 20-Jun-2024,31.9,31.9,32.15,31.37,31.5,31.51,31.77,15961420,5071.67,26980, 8545416, 53.54,0.5353794336594112,2024-06-20
INFOBEAN, EQ, 20-Jun-2024,458.45,459.2,479.95,459.2,468.8,464.9,469.49,59366,278.72,6543, 21058, 35.47,0.3547148199306,2024-06-20
INFOMEDIA, EQ, 20-Jun-2024,6.63,6.3,6.96,6.3,6.96,6.96,6.86,65652,4.5,59, 62188, 94.72,0.9472369463230366,2024-06-20
INFRABEES, EQ, 20-Jun-2024,920.46,927.99,928.3,914.07,925.4,924.43,921.89,22235,204.98,1062, 13793, 62.03,0.6203283112210479,2024-06-20
INFRAIETF, EQ, 20-Jun-2024,91.08,91.36,94.15,90.46,92.95,92.11,91.33,98524,89.98,1531, 63093, 64.04,0.6403820388940765,2024-06-20
INFY, EQ, 20-Jun-2024,1511.35,1516.3,1517.5,1499.1,1516.1,1515.4,1510.8,7927010,119761.1,166148, 4840779, 61.07,0.610668965978345,2024-06-20
INGERRAND, EQ, 20-Jun-2024,4633.05,4634.4,4784.35,4630.6,4700.0,4709.5,4739.37,31466,1491.29,5383, 17360, 55.17,0.5517066039534736,2024-06-20
INNOVACAP, EQ, 20-Jun-2024,496.35,505.0,509.0,493.85,499.85,502.2,500.34,67690,338.68,5780, 31358, 46.33,0.46325897473777516,2024-06-20
INOXGREEN, EQ, 20-Jun-2024,145.33,145.56,159.86,145.5,159.86,159.32,157.21,10983953,17267.68,32431, 5477521, 49.87,0.4986839437495772,2024-06-20
INOXINDIA, EQ, 20-Jun-2024,1354.25,1358.0,1358.0,1330.0,1330.0,1333.9,1339.88,191089,2560.35,12787, 96713, 50.61,0.5061149516717341,2024-06-20
INOXWIND, EQ, 20-Jun-2024,139.08,145.3,145.79,140.2,140.75,140.89,141.98,10625978,15087.07,60911, 3908806, 36.79,0.36785376367238853,2024-06-20
INSECTICID, EQ, 20-Jun-2024,707.0,715.0,731.9,712.0,722.0,718.6,724.93,356298,2582.91,13005, 194956, 54.72,0.5471711881627177,2024-06-20
INTELLECT, EQ, 20-Jun-2024,1057.85,1057.85,1058.85,1028.65,1033.0,1033.05,1037.84,178983,1857.56,12526, 57125, 31.92,0.31916438991412593,2024-06-20
INTENTECH, EQ, 20-Jun-2024,142.2,142.2,147.0,139.61,141.8,141.65,142.87,125596,179.44,1324, 65365, 52.04,0.5204385489983757,2024-06-20
INTLCONV, EQ, 20-Jun-2024,83.72,83.65,86.19,83.0,83.5,83.48,84.39,281544,237.61,5895, 139540, 49.56,0.4956241297985395,2024-06-20
INVENTURE, EQ, 20-Jun-2024,2.73,2.75,2.84,2.7,2.81,2.8,2.8,4985111,139.44,5019, 3114973, 62.49,0.6248552940947554,2024-06-20
IOB, EQ, 20-Jun-2024,66.17,66.55,68.68,66.22,66.85,66.94,67.5,17972603,12131.76,52064, 4018744, 22.36,0.22360389310329729,2024-06-20
IOC, EQ, 20-Jun-2024,166.75,167.35,169.72,166.1,169.05,168.97,168.45,15794096,26605.86,97104, 6421243, 40.66,0.40655970433508826,2024-06-20
IOLCP, EQ, 20-Jun-2024,405.55,405.55,425.0,405.5,421.0,420.7,418.97,983470,4120.4,25570, 402624, 40.94,0.409391237150091,2024-06-20
IONEXCHANG, EQ, 20-Jun-2024,512.3,514.9,519.9,510.95,514.45,514.65,515.25,169222,871.91,9928, 73565, 43.47,0.43472479937596764,2024-06-20
IPCALAB, EQ, 20-Jun-2024,1133.4,1139.4,1139.4,1124.05,1124.8,1125.45,1130.0,558269,6308.46,29164, 334202, 59.86,0.5986397238607195,2024-06-20
IPL, EQ, 20-Jun-2024,227.72,247.49,247.49,232.5,240.2,240.11,238.85,1640037,3917.17,26503, 567957, 34.63,0.3463074308689377,2024-06-20
IRB, EQ, 20-Jun-2024,64.49,64.9,66.25,64.09,65.6,65.65,65.67,60939382,40020.97,179106, 21732761, 35.66,0.3566291663410699,2024-06-20
IRCON, EQ, 20-Jun-2024,267.8,269.15,270.95,264.0,267.25,267.0,266.78,5465629,14581.35,48427, 1668418, 30.53,0.30525635750249425,2024-06-20
IRCTC, EQ, 20-Jun-2024,1014.65,1017.35,1027.0,1007.2,1017.5,1015.6,1018.28,1694557,17255.34,42202, 681630, 40.22,0.4022467228898172,2024-06-20
IREDA, EQ, 20-Jun-2024,175.78,176.64,180.99,174.8,177.5,177.49,178.12,14018198,24969.1,97953, 5249644, 37.45,0.37448779079878886,2024-06-20
IRFC, EQ, 20-Jun-2024,173.22,173.19,174.18,171.7,172.5,172.3,172.63,17539484,30278.42,131404, 6123661, 34.91,0.34913575564708743,2024-06-20
IRIS, BE, 20-Jun-2024,219.8,219.8,219.8,215.4,215.4,215.4,215.71,8378,18.07,65, -, -,,2024-06-20
IRISDOREME, EQ, 20-Jun-2024,78.44,78.99,79.8,74.74,75.29,75.2,76.39,1220539,932.42,6080, 341494, 27.98,0.2797895028344035,2024-06-20
IRMENERGY, EQ, 20-Jun-2024,470.05,473.9,473.9,465.0,468.45,467.15,467.75,105203,492.09,7255, 56776, 53.97,0.5396804273642387,2024-06-20
ISEC, EQ, 20-Jun-2024,736.95,744.3,747.8,730.8,747.35,742.7,738.5,849158,6271.06,14290, 482281, 56.80,0.5679520183522972,2024-06-20
ISFT, EQ, 20-Jun-2024,123.95,124.0,127.0,122.19,125.0,124.21,124.59,42474,52.92,1329, 24349, 57.33,0.5732683524038236,2024-06-20
ISGEC, EQ, 20-Jun-2024,1256.95,1257.45,1296.85,1235.3,1247.0,1247.3,1273.47,83873,1068.1,9888, 35799, 42.68,0.4268238884980864,2024-06-20
ISMTLTD, EQ, 20-Jun-2024,124.26,124.89,127.6,123.77,125.6,125.62,126.04,705515,889.23,7741, 279108, 39.56,0.39560888145539075,2024-06-20
IT, EQ, 20-Jun-2024,37.01,37.29,37.29,36.81,37.09,37.08,37.0,87063,32.22,587, 67649, 77.70,0.7770120487463101,2024-06-20
ITBEES, EQ, 20-Jun-2024,37.31,37.48,37.48,37.13,37.29,37.26,37.23,5323662,1982.08,15853, 3718913, 69.86,0.6985629440787188,2024-06-20
ITC, EQ, 20-Jun-2024,423.65,424.05,426.5,421.5,423.85,423.3,423.74,14585806,61806.06,203212, 7744806, 53.10,0.5309823810902188,2024-06-20
ITDC, EQ, 20-Jun-2024,771.15,755.25,788.9,755.25,773.1,773.0,775.05,124265,963.12,7989, 32072, 25.81,0.25809359031102885,2024-06-20
ITDCEM, EQ, 20-Jun-2024,472.45,474.4,480.4,468.25,477.0,478.4,477.23,580864,2772.08,14172, 298905, 51.46,0.5145868912516527,2024-06-20
ITETF, EQ, 20-Jun-2024,35.36,35.36,36.84,35.11,35.32,35.46,35.76,175241,62.67,710, 142593, 81.37,0.8136965664427845,2024-06-20
ITETFADD, EQ, 20-Jun-2024,35.43,35.4,35.7,34.98,35.7,35.52,35.48,43757,15.53,119, 41531, 94.91,0.9491281394976804,2024-06-20
ITI, EQ, 20-Jun-2024,304.2,304.95,313.9,301.0,306.0,306.55,308.52,2055923,6342.93,32825, 378862, 18.43,0.1842783022515921,2024-06-20
ITIETF, EQ, 20-Jun-2024,37.21,37.31,37.4,37.05,37.22,37.2,37.2,428931,159.57,1247, 160717, 37.47,0.3746919667732106,2024-06-20
IVC, EQ, 20-Jun-2024,12.25,12.38,13.92,12.25,13.12,13.19,13.27,5114549,678.7,10280, 2308452, 45.14,0.45135006038655606,2024-06-20
IVP, EQ, 20-Jun-2024,198.95,199.0,209.0,193.41,201.8,199.29,201.3,33229,66.89,948, 18679, 56.21,0.5621294652261579,2024-06-20
IVZINGOLD, EQ, 20-Jun-2024,6340.0,6335.05,6409.95,6335.05,6409.95,6409.95,6379.29,76,4.85,16, 68, 89.47,0.8947368421052632,2024-06-20
IVZINNIFTY, EQ, 20-Jun-2024,2621.14,2621.0,2652.51,2621.0,2626.96,2626.96,2636.56,62,1.63,13, 30, 48.39,0.4838709677419355,2024-06-20
IWEL, EQ, 20-Jun-2024,7057.9,7150.0,7269.95,6910.0,6915.0,6987.7,7086.15,7751,549.25,1536, 5943, 76.67,0.766739775512837,2024-06-20
IXIGO, EQ, 20-Jun-2024,184.86,183.7,183.7,166.0,168.49,167.77,171.88,16561844,28466.9,165443, 5274541, 31.85,0.31847546686226486,2024-06-20
IZMO, EQ, 20-Jun-2024,321.15,318.8,326.85,316.15,319.0,318.5,320.88,50954,163.5,3266, 29153, 57.21,0.57214350198218,2024-06-20
J&KBANK, EQ, 20-Jun-2024,121.37,121.51,122.99,120.55,120.88,120.84,121.51,2867813,3484.78,19018, 1415728, 49.37,0.4936611975745978,2024-06-20
JAGRAN, EQ, 20-Jun-2024,91.11,94.0,94.1,91.4,92.3,92.04,92.5,889220,822.53,13013, 432756, 48.67,0.4866692157171454,2024-06-20
JAGSNPHARM, EQ, 20-Jun-2024,339.55,341.3,341.3,337.0,340.0,338.15,338.84,16613,56.29,1169, 9654, 58.11,0.5811111779931379,2024-06-20
JAIBALAJI, BE, 20-Jun-2024,883.85,891.55,908.0,873.05,883.8,887.35,887.15,26942,239.02,1282, -, -,,2024-06-20
JAICORPLTD, EQ, 20-Jun-2024,378.2,379.45,388.0,377.55,378.0,378.95,382.67,624895,2391.28,7687, 206736, 33.08,0.33083317997423567,2024-06-20
JAIPURKURT, BE, 20-Jun-2024,49.66,50.65,50.65,50.64,50.65,50.65,50.65,4037,2.04,18, -, -,,2024-06-20
JAMNAAUTO, EQ, 20-Jun-2024,127.06,127.11,129.0,126.05,127.8,127.8,127.71,1224928,1564.35,13546, 505956, 41.30,0.41304958332244834,2024-06-20
JASH, EQ, 20-Jun-2024,2277.7,2282.2,2424.0,2282.2,2365.0,2349.9,2368.53,43671,1034.36,5514, 19718, 45.15,0.45151244532985274,2024-06-20
JAYAGROGN, EQ, 20-Jun-2024,332.3,334.8,349.5,333.6,338.5,338.3,342.59,377327,1292.7,17974, 150156, 39.79,0.3979466086444914,2024-06-20
JAYBARMARU, EQ, 20-Jun-2024,107.08,107.21,116.97,106.31,114.8,115.11,114.06,2005552,2287.5,25975, 757058, 37.75,0.3774811124318891,2024-06-20
JAYNECOIND, EQ, 20-Jun-2024,45.47,45.63,46.94,45.28,45.7,46.11,46.16,227751,105.14,3420, 124765, 54.78,0.5478131819399257,2024-06-20
JAYSREETEA, EQ, 20-Jun-2024,112.61,112.99,115.4,112.61,113.85,113.07,114.17,84627,96.62,1781, 38871, 45.93,0.4593214931404871,2024-06-20
JBCHEPHARM, EQ, 20-Jun-2024,1810.45,1811.85,1846.4,1788.15,1804.0,1806.6,1823.04,80485,1467.27,12677, 41974, 52.15,0.5215133254643722,2024-06-20
JBMA, EQ, 20-Jun-2024,2033.8,2039.95,2048.75,2004.0,2009.05,2009.1,2021.56,130060,2629.25,12901, 60850, 46.79,0.46786098723666,2024-06-20
JCHAC, EQ, 20-Jun-2024,1824.05,1823.9,1839.95,1806.0,1815.0,1817.2,1821.05,34239,623.51,2566, 23154, 67.62,0.676246385700517,2024-06-20
JETAIRWAYS, BZ, 20-Jun-2024,43.74,43.5,44.35,43.3,43.75,43.5,43.83,39084,17.13,494, -, -,,2024-06-20
JETFREIGHT, EQ, 20-Jun-2024,13.32,13.32,13.69,13.3,13.3,13.35,13.43,144079,19.36,732, 80001, 55.53,0.5552578793578523,2024-06-20
JGCHEM, EQ, 20-Jun-2024,247.25,248.5,259.8,246.05,252.5,251.27,253.56,396038,1004.18,14777, 185535, 46.85,0.46847777233497795,2024-06-20
JHS, BE, 20-Jun-2024,21.55,21.6,21.98,21.6,21.98,21.98,21.9,104569,22.9,97, -, -,,2024-06-20
JINDALPHOT, EQ, 20-Jun-2024,673.15,674.4,691.85,668.2,675.0,678.6,681.24,12603,85.86,1343, 4939, 39.19,0.391890819646116,2024-06-20
JINDALPOLY, EQ, 20-Jun-2024,613.35,613.4,645.4,608.65,622.05,624.7,631.33,243357,1536.39,12609, 91909, 37.77,0.37767148674580964,2024-06-20
JINDALSAW, EQ, 20-Jun-2024,561.4,561.0,574.0,556.6,565.0,565.0,565.62,724364,4097.14,19627, 330018, 45.56,0.4555969098409087,2024-06-20
JINDALSTEL, EQ, 20-Jun-2024,1046.95,1051.0,1074.9,1044.3,1058.0,1056.4,1063.36,2379619,25303.82,55151, 881580, 37.05,0.3704710712092986,2024-06-20
JINDRILL, EQ, 20-Jun-2024,636.1,632.0,642.0,630.25,633.95,632.35,636.89,28405,180.91,2242, 18170, 63.97,0.6396761133603239,2024-06-20
JINDWORLD, EQ, 20-Jun-2024,354.4,354.5,367.45,350.2,363.5,360.15,358.51,89088,319.39,5875, 33981, 38.14,0.3814318426724138,2024-06-20
JIOFIN, EQ, 20-Jun-2024,358.3,358.9,368.3,358.0,365.5,365.55,364.45,33575312,122364.22,217632, 14327018, 42.67,0.4267128776048306,2024-06-20
JISLDVREQS, EQ, 20-Jun-2024,39.37,39.87,44.0,38.91,42.98,43.02,42.16,1299388,547.8,3862, 667994, 51.41,0.5140835531804203,2024-06-20
JISLJALEQS, EQ, 20-Jun-2024,76.55,77.01,84.19,77.0,81.64,81.84,81.44,25968551,21149.94,35859, 11499631, 44.28,0.44282913590365514,2024-06-20
JITFINFRA, EQ, 20-Jun-2024,926.0,930.0,942.9,879.7,879.7,882.1,892.01,75858,676.66,2524, 49233, 64.90,0.6490152653642332,2024-06-20
JKCEMENT, EQ, 20-Jun-2024,4304.15,4341.4,4366.95,4297.2,4317.55,4321.5,4320.46,161005,6956.16,14851, 94825, 58.90,0.5889568646936431,2024-06-20
JKIL, EQ, 20-Jun-2024,867.35,874.8,899.95,874.35,876.75,876.9,883.04,240257,2121.56,14406, 79379, 33.04,0.3303920385254124,2024-06-20
JKLAKSHMI, EQ, 20-Jun-2024,831.25,831.3,847.95,823.8,847.95,845.75,841.49,261915,2204.0,10411, 180736, 69.01,0.6900559341771185,2024-06-20
JKPAPER, EQ, 20-Jun-2024,495.45,497.7,527.95,489.05,526.25,522.75,512.32,3646174,18680.2,65400, 849515, 23.30,0.23298805816727342,2024-06-20
JKTYRE, EQ, 20-Jun-2024,392.8,394.9,396.55,390.6,394.6,394.15,394.42,556713,2195.8,19605, 293520, 52.72,0.5272375532814934,2024-06-20
JLHL, EQ, 20-Jun-2024,1246.8,1247.1,1274.9,1235.1,1260.0,1268.1,1261.69,28374,357.99,4191, 15720, 55.40,0.5540283358003806,2024-06-20
JMA, EQ, 20-Jun-2024,108.04,107.0,112.0,106.98,108.0,108.71,109.43,30388,33.25,580, 20447, 67.29,0.672864288534948,2024-06-20
JMFINANCIL, EQ, 20-Jun-2024,82.47,83.09,88.4,82.73,87.48,87.31,86.39,9389842,8112.01,43747, 3917637, 41.72,0.41722075834715855,2024-06-20
JNKINDIA, EQ, 20-Jun-2024,841.15,839.8,839.8,805.05,820.0,822.05,828.6,242914,2012.78,7587, 141473, 58.24,0.5823995323447805,2024-06-20
JOCIL, EQ, 20-Jun-2024,191.91,191.69,194.89,190.15,190.6,190.91,192.04,17966,34.5,520, 11662, 64.91,0.6491149949905377,2024-06-20
JPASSOCIAT, BE, 20-Jun-2024,10.84,10.6,11.1,10.4,10.64,10.58,10.68,12041405,1286.59,11807, -, -,,2024-06-20
JPOLYINVST, EQ, 20-Jun-2024,751.95,754.2,768.0,749.1,764.8,757.75,759.53,9987,75.85,1445, 5483, 54.90,0.5490137178331831,2024-06-20
JPPOWER, EQ, 20-Jun-2024,18.96,19.0,19.28,18.72,18.96,18.87,19.0,26949255,5119.01,39602, 17617060, 65.37,0.6537123196912122,2024-06-20
JSFB, EQ, 20-Jun-2024,734.85,737.9,760.0,722.05,733.95,736.2,741.97,306847,2276.71,17459, 116023, 37.81,0.3781135223743429,2024-06-20
JSL, EQ, 20-Jun-2024,793.8,794.0,817.7,784.35,804.0,808.65,804.93,1197603,9639.82,55155, 531550, 44.38,0.44384491354814576,2024-06-20
JSWENERGY, EQ, 20-Jun-2024,698.4,700.5,711.85,697.5,705.0,707.1,704.59,2111730,14878.98,43463, 793692, 37.58,0.37584918526516176,2024-06-20
JSWHL, EQ, 20-Jun-2024,6857.0,6857.65,6899.95,6761.1,6780.9,6799.7,6831.78,2955,201.88,1556, 1595, 53.98,0.5397631133671743,2024-06-20
JSWINFRA, EQ, 20-Jun-2024,302.2,303.0,306.0,301.0,302.8,302.9,303.12,2784902,8441.61,29647, 1627737, 58.45,0.5844862763573009,2024-06-20
JSWSTEEL, EQ, 20-Jun-2024,914.95,914.95,938.0,911.3,932.0,929.65,928.41,3120339,28969.51,154084, 1269176, 40.67,0.4067429852974308,2024-06-20
JTEKTINDIA, EQ, 20-Jun-2024,191.88,193.8,194.12,190.2,193.8,192.56,191.97,293984,564.38,6751, 135069, 45.94,0.4594433710678132,2024-06-20
JTLIND, EQ, 20-Jun-2024,220.79,221.0,223.4,218.31,220.2,220.9,220.28,591293,1302.5,8163, 270894, 45.81,0.45813835103747214,2024-06-20
JUBLFOOD, EQ, 20-Jun-2024,544.4,543.15,546.0,537.7,538.0,538.65,540.59,1907171,10310.02,36242, 1301019, 68.22,0.6821721806801803,2024-06-20
JUBLINDS, EQ, 20-Jun-2024,1599.25,1615.0,1615.0,1531.0,1552.05,1566.3,1563.39,14467,226.18,1883, 8668, 59.92,0.5991567014584918,2024-06-20
JUBLINGREA, EQ, 20-Jun-2024,555.8,563.0,564.9,534.55,544.2,545.95,551.56,647311,3570.32,28586, 184494, 28.50,0.28501601239589625,2024-06-20
JUBLPHARMA, EQ, 20-Jun-2024,731.3,731.3,746.9,718.5,733.5,733.65,732.07,165683,1212.92,14290, 76673, 46.28,0.4627692641972924,2024-06-20
JUNIORBEES, EQ, 20-Jun-2024,762.1,772.1,772.1,756.45,762.5,762.87,761.69,187545,1428.51,6755, 118547, 63.21,0.6320989629155669,2024-06-20
JUNIPER, EQ, 20-Jun-2024,483.35,483.35,483.45,456.05,475.0,464.75,465.82,212745,991.02,4800, 151731, 71.32,0.7132059507861525,2024-06-20
JUSTDIAL, EQ, 20-Jun-2024,998.8,1004.9,1037.15,993.35,1023.8,1020.25,1020.76,275075,2807.86,14746, 77663, 28.23,0.2823339089339271,2024-06-20
JWL, EQ, 20-Jun-2024,674.4,675.0,700.4,662.1,690.5,692.2,685.58,2934576,20119.0,67748, 949818, 32.37,0.3236644748679196,2024-06-20
JYOTHYLAB, EQ, 20-Jun-2024,439.15,440.7,448.15,436.1,439.4,439.9,441.57,308835,1363.73,13047, 152557, 49.40,0.4939757475674713,2024-06-20
JYOTICNC, EQ, 20-Jun-2024,1353.1,1424.4,1449.95,1314.6,1336.0,1337.55,1379.81,807885,11147.29,41747, 368733, 45.64,0.4564176832098628,2024-06-20
JYOTISTRUC, EQ, 20-Jun-2024,28.9,30.34,30.34,29.06,29.96,29.77,30.09,15317619,4608.71,11895, 10360914, 67.64,0.6764049947971679,2024-06-20
KABRAEXTRU, EQ, 20-Jun-2024,405.1,408.45,419.0,408.05,412.0,413.25,414.43,89368,370.36,6245, 36963, 41.36,0.4136044221645332,2024-06-20
KAJARIACER, EQ, 20-Jun-2024,1336.4,1345.0,1375.0,1329.2,1341.0,1346.35,1356.32,303113,4111.17,20463, 145556, 48.02,0.48020375239597113,2024-06-20
KAKATCEM, EQ, 20-Jun-2024,229.22,227.48,234.0,222.99,230.0,229.85,228.85,12286,28.12,503, 6335, 51.56,0.5156275435454989,2024-06-20
KALAMANDIR, EQ, 20-Jun-2024,165.85,167.85,175.99,166.8,167.0,166.96,170.03,989178,1681.95,19314, 480201, 48.55,0.4854545895683082,2024-06-20
KALYANIFRG, EQ, 20-Jun-2024,663.1,695.0,727.3,632.8,655.55,656.6,684.15,147446,1008.74,7250, 53387, 36.21,0.36207832019858116,2024-06-20
KALYANKJIL, EQ, 20-Jun-2024,423.55,426.0,435.0,420.55,431.25,431.2,429.83,1872534,8048.71,34901, 986606, 52.69,0.5268828229554177,2024-06-20
KAMATHOTEL, EQ, 20-Jun-2024,232.22,232.22,239.4,229.52,235.08,238.33,234.8,64928,152.45,1809, 38220, 58.87,0.5886520453425332,2024-06-20
KAMDHENU, EQ, 20-Jun-2024,552.0,551.9,552.7,540.0,541.0,541.15,545.59,161030,878.56,4955, 35834, 22.25,0.22252996336086445,2024-06-20
KAMOPAINTS, EQ, 20-Jun-2024,36.9,38.0,41.17,38.0,40.1,40.09,39.92,30811930,12298.92,132051, 5311467, 17.24,0.17238345666759597,2024-06-20
KANANIIND, EQ, 20-Jun-2024,3.02,3.04,3.1,3.0,3.02,3.01,3.02,4142672,125.27,3010, 2818298, 68.03,0.6803092303711228,2024-06-20
KANORICHEM, EQ, 20-Jun-2024,120.54,121.1,126.8,118.79,126.1,125.35,123.91,240435,297.92,4894, 123357, 51.31,0.5130575831305758,2024-06-20
KANPRPLA, EQ, 20-Jun-2024,107.44,107.42,109.9,106.62,108.5,107.95,108.07,9582,10.36,467, 5193, 54.20,0.5419536631183469,2024-06-20
KANSAINER, EQ, 20-Jun-2024,279.95,280.0,284.8,279.95,283.25,283.0,283.21,565217,1600.75,10718, 412342, 72.95,0.7295286589044562,2024-06-20
KAPSTON, EQ, 20-Jun-2024,405.0,404.7,409.9,385.0,395.25,398.0,393.11,13225,51.99,1188, 6827, 51.62,0.516219281663516,2024-06-20
KARMAENG, EQ, 20-Jun-2024,66.4,66.43,69.49,65.15,69.49,68.54,67.63,48139,32.55,2485, 15185, 31.54,0.31544070296433246,2024-06-20
KARURVYSYA, EQ, 20-Jun-2024,214.82,216.0,219.9,212.0,212.65,212.47,215.93,3899185,8419.38,25583, 1092978, 28.03,0.28030934669680974,2024-06-20
KAUSHALYA, EQ, 20-Jun-2024,712.0,715.0,719.0,688.15,700.4,700.7,701.85,809,5.68,247, 592, 73.18,0.7317676143386898,2024-06-20
KAVVERITEL, BE, 20-Jun-2024,18.8,19.17,19.17,19.17,19.17,19.17,19.17,21056,4.04,27, -, -,,2024-06-20
KAYA, EQ, 20-Jun-2024,436.55,430.0,459.0,425.0,431.6,430.5,441.21,147714,651.73,4768, 56406, 38.19,0.38185953938015355,2024-06-20
KAYNES, EQ, 20-Jun-2024,3859.7,3888.0,3888.0,3746.05,3792.0,3790.0,3801.14,180537,6862.47,24325, 86059, 47.67,0.4766834499299313,2024-06-20
KBCGLOBAL, EQ, 20-Jun-2024,1.88,1.88,1.91,1.8,1.82,1.81,1.85,16499846,305.17,4247, 8590310, 52.06,0.5206297076954537,2024-06-20
KCP, EQ, 20-Jun-2024,237.81,239.18,244.8,232.5,240.05,240.51,239.66,1392224,3336.54,12873, 532490, 38.25,0.38247437194014755,2024-06-20
KCPSUGIND, EQ, 20-Jun-2024,46.94,47.35,48.4,46.84,47.5,47.28,47.72,2626733,1253.4,14806, 979962, 37.31,0.3730725581930101,2024-06-20
KDDL, EQ, 20-Jun-2024,2773.75,2784.45,2784.55,2721.0,2723.0,2726.55,2746.08,6094,167.35,2088, 2978, 48.87,0.4886773875943551,2024-06-20
KEC, EQ, 20-Jun-2024,892.9,898.95,898.95,868.6,875.2,872.5,875.95,442354,3874.81,30947, 194163, 43.89,0.4389312631964445,2024-06-20
KECL, EQ, 20-Jun-2024,202.76,205.94,206.0,199.0,199.7,200.74,202.4,573517,1160.81,8841, 258419, 45.06,0.4505864691020493,2024-06-20
KEEPLEARN, BE, 20-Jun-2024,3.01,2.94,2.94,2.94,2.94,2.94,2.94,181478,5.34,35, -, -,,2024-06-20
KEI, EQ, 20-Jun-2024,4435.35,4420.35,4456.85,4301.05,4422.0,4422.25,4364.5,568497,24812.05,55373, 221943, 39.04,0.39040311558372337,2024-06-20
KELLTONTEC, EQ, 20-Jun-2024,108.84,111.0,114.45,109.8,110.25,110.36,112.07,3495183,3917.05,25497, 1415650, 40.50,0.40502886401084004,2024-06-20
KERNEX, EQ, 20-Jun-2024,426.4,443.8,447.7,429.1,447.7,447.7,444.82,577642,2569.46,8485, 314738, 54.49,0.5448668898729663,2024-06-20
KESORAMIND, EQ, 20-Jun-2024,197.35,197.12,199.64,194.45,196.0,195.73,197.09,577967,1139.13,14248, 246008, 42.56,0.4256436786183294,2024-06-20
KEYFINSERV, BE, 20-Jun-2024,173.55,176.85,178.0,173.65,174.99,174.99,176.26,1625,2.86,63, -, -,,2024-06-20
KFINTECH, EQ, 20-Jun-2024,692.25,701.6,701.6,679.9,679.95,681.15,684.63,393761,2695.79,20800, 227275, 57.72,0.5771902245270608,2024-06-20
KHADIM, EQ, 20-Jun-2024,338.05,338.1,362.0,338.1,346.0,345.95,349.91,104823,366.79,7181, 57131, 54.50,0.5450235158314493,2024-06-20
KHAICHEM, EQ, 20-Jun-2024,76.86,77.01,83.25,75.82,77.53,77.76,79.93,6013121,4806.58,48853, 1319518, 21.94,0.21943978842268433,2024-06-20
KHAITANLTD, EQ, 20-Jun-2024,81.55,81.55,84.0,80.7,82.5,82.83,82.52,27618,22.79,1392, 13955, 50.53,0.5052864074154537,2024-06-20
KHANDSE, EQ, 20-Jun-2024,29.44,29.84,29.84,27.7,27.83,28.15,28.65,34212,9.8,397, 22868, 66.84,0.6684204372734713,2024-06-20
KICL, EQ, 20-Jun-2024,4591.35,4599.35,4756.05,4574.6,4725.0,4734.45,4685.02,7430,348.1,1991, 3892, 52.38,0.5238223418573351,2024-06-20
KILITCH, EQ, 20-Jun-2024,319.95,320.0,337.6,320.0,328.0,328.6,328.8,14644,48.15,483, 9497, 64.85,0.6485249931712647,2024-06-20
KIMS, EQ, 20-Jun-2024,2093.15,2110.0,2114.05,2055.0,2085.0,2069.65,2077.63,61132,1270.1,11506, 22701, 37.13,0.3713439769678728,2024-06-20
KINGFA, EQ, 20-Jun-2024,2216.0,2220.75,2228.4,2102.75,2124.0,2137.0,2167.77,10851,235.22,1858, 6115, 56.35,0.5635425306423371,2024-06-20
KIOCL, EQ, 20-Jun-2024,452.65,456.45,474.0,450.3,470.0,465.2,464.44,418902,1945.54,20414, 134969, 32.22,0.3221970771206631,2024-06-20
KIRIINDUS, EQ, 20-Jun-2024,345.25,346.95,349.7,340.05,346.0,345.3,346.19,197693,684.39,7565, 78618, 39.77,0.3976772065778758,2024-06-20
KIRLOSBROS, EQ, 20-Jun-2024,2126.0,2130.65,2134.15,2061.0,2109.0,2101.5,2102.35,79714,1675.87,11594, 35417, 44.43,0.4443008756303786,2024-06-20
KIRLOSENG, EQ, 20-Jun-2024,1322.35,1332.3,1356.85,1292.2,1330.0,1341.35,1335.13,187539,2503.88,15050, 109441, 58.36,0.5835639520313108,2024-06-20
KIRLOSIND, EQ, 20-Jun-2024,6125.25,6148.25,6188.0,6051.5,6107.0,6081.7,6116.2,3493,213.64,1389, 1717, 49.16,0.491554537646722,2024-06-20
KIRLPNU, EQ, 20-Jun-2024,1285.05,1298.05,1317.0,1278.15,1285.0,1291.75,1300.5,67220,874.19,7928, 39004, 58.02,0.5802439750074383,2024-06-20
KITEX, EQ, 20-Jun-2024,206.19,208.25,217.3,207.45,213.62,214.18,213.85,409348,875.39,11926, 190892, 46.63,0.46633182524404665,2024-06-20
KKCL, EQ, 20-Jun-2024,707.9,714.0,715.4,699.3,707.0,703.9,706.12,30776,217.32,2344, 21056, 68.42,0.684169482713803,2024-06-20
KMSUGAR, BE, 20-Jun-2024,48.26,48.26,48.26,46.01,46.85,46.73,47.25,563544,266.26,2332, -, -,,2024-06-20
KNRCON, EQ, 20-Jun-2024,358.15,361.4,366.7,355.45,360.25,359.55,360.65,1116763,4027.63,16508, 548472, 49.11,0.4911265863929948,2024-06-20
KOHINOOR, EQ, 20-Jun-2024,44.39,44.85,45.55,43.71,44.25,44.03,44.52,233612,103.99,2184, 137890, 59.03,0.5902522130712463,2024-06-20
KOKUYOCMLN, EQ, 20-Jun-2024,153.7,155.25,156.0,152.32,153.61,153.99,154.32,145843,225.07,5465, 58411, 40.05,0.40050602360072135,2024-06-20
KOLTEPATIL, EQ, 20-Jun-2024,436.55,436.55,444.35,432.4,443.0,442.75,437.73,181955,796.47,8843, 76650, 42.13,0.42125800335247726,2024-06-20
KOPRAN, EQ, 20-Jun-2024,254.98,254.5,261.0,252.5,256.8,256.7,256.44,308526,791.18,9584, 115688, 37.50,0.3749700187342396,2024-06-20
KOTAKBANK, EQ, 20-Jun-2024,1746.7,1765.0,1789.85,1760.3,1765.0,1766.25,1773.63,9243104,163938.67,328896, 5543240, 59.97,0.5997162857845156,2024-06-20
KOTARISUG, EQ, 20-Jun-2024,62.98,63.29,65.0,62.95,63.75,63.64,63.86,439174,280.47,6103, 188126, 42.84,0.4283632455473229,2024-06-20
KOTHARIPET, EQ, 20-Jun-2024,135.71,137.05,143.39,135.4,138.99,137.87,139.2,273091,380.13,7199, 123347, 45.17,0.4516699561684567,2024-06-20
KOTHARIPRO, EQ, 20-Jun-2024,131.02,133.55,136.0,130.0,134.7,134.87,133.27,44650,59.51,1471, 24545, 54.97,0.5497200447928331,2024-06-20
KPIGREEN, EQ, 20-Jun-2024,1794.2,1794.2,1813.4,1775.0,1780.0,1778.9,1790.76,124353,2226.87,10138, 74306, 59.75,0.5975408715511488,2024-06-20
KPIL, EQ, 20-Jun-2024,1148.75,1158.7,1166.2,1145.05,1153.15,1155.6,1156.92,618417,7154.57,22906, 433241, 70.06,0.7005645058269744,2024-06-20
KPITTECH, EQ, 20-Jun-2024,1515.85,1526.0,1560.3,1507.0,1551.0,1552.6,1538.18,932609,14345.2,50377, 539891, 57.89,0.5789039136444105,2024-06-20
KPRMILL, EQ, 20-Jun-2024,875.25,876.0,907.0,868.0,887.05,890.75,889.93,355717,3165.63,21229, 148252, 41.68,0.4167695105940959,2024-06-20
KRBL, EQ, 20-Jun-2024,300.7,301.5,307.6,300.0,303.25,303.25,303.74,2287523,6948.02,23219, 1391081, 60.81,0.6081167271323611,2024-06-20
KREBSBIO, EQ, 20-Jun-2024,72.07,72.95,75.0,71.1,72.9,72.98,72.96,33991,24.8,423, 23900, 70.31,0.7031272984025183,2024-06-20
KRIDHANINF, BE, 20-Jun-2024,3.99,4.06,4.06,4.06,4.06,4.06,4.06,4224,0.17,9, -, -,,2024-06-20
KRISHANA, EQ, 20-Jun-2024,291.65,295.65,309.0,290.45,305.35,306.35,301.57,408867,1233.01,7538, 269970, 66.03,0.6602880643338788,2024-06-20
KRITI, EQ, 20-Jun-2024,195.67,198.5,200.37,192.5,194.71,194.66,195.93,225354,441.54,2939, 150593, 66.83,0.6682508408992075,2024-06-20
KRITIKA, EQ, 20-Jun-2024,20.14,20.59,20.59,19.56,20.38,20.28,20.2,470701,95.06,2114, 311554, 66.19,0.6618936437356199,2024-06-20
KRITINUT, EQ, 20-Jun-2024,111.82,111.05,114.5,111.05,113.75,113.05,113.39,85663,97.13,2684, 53950, 62.98,0.6297934931067088,2024-06-20
KRONOX, BE, 20-Jun-2024,151.72,151.72,153.0,149.05,151.6,151.39,151.12,183908,277.92,2303, -, -,,2024-06-20
KRSNAA, EQ, 20-Jun-2024,642.75,644.8,649.0,634.6,645.0,644.1,642.91,81661,525.01,3368, 57206, 70.05,0.7005302408738565,2024-06-20
KRYSTAL, EQ, 20-Jun-2024,743.8,748.0,748.7,730.25,733.0,733.05,740.6,63394,469.5,3616, 37227, 58.72,0.5872322301795122,2024-06-20
KSB, EQ, 20-Jun-2024,4616.05,4616.45,4696.4,4602.5,4634.0,4639.75,4641.75,15800,733.4,4411, 6930, 43.86,0.43860759493670887,2024-06-20
KSCL, EQ, 20-Jun-2024,934.9,937.0,1031.5,935.05,1012.0,1015.15,988.48,614039,6069.67,33490, 214450, 34.92,0.349244917668096,2024-06-20
KSHITIJPOL, EQ, 20-Jun-2024,6.9,6.6,7.0,6.55,6.72,6.72,6.61,1053670,69.61,1830, 937484, 88.97,0.8897320793037669,2024-06-20
KSL, EQ, 20-Jun-2024,839.35,844.3,855.0,832.55,850.0,847.35,845.39,60094,508.03,6345, 28880, 48.06,0.48058042400239626,2024-06-20
KSOLVES, EQ, 20-Jun-2024,1163.2,1165.25,1180.0,1150.15,1170.0,1167.7,1165.46,30535,355.87,4066, 16575, 54.28,0.5428197150810545,2024-06-20
KTKBANK, EQ, 20-Jun-2024,226.91,227.62,239.0,227.5,234.0,233.82,234.43,4780822,11207.82,45644, 2131963, 44.59,0.4459406771471517,2024-06-20
KUANTUM, EQ, 20-Jun-2024,161.25,161.25,163.9,159.0,160.41,160.39,161.6,177765,287.27,4719, 100540, 56.56,0.5655781509295981,2024-06-20
LAGNAM, BE, 20-Jun-2024,149.22,149.22,152.25,144.0,147.3,144.6,147.6,11924,17.6,132, -, -,,2024-06-20
LAKPRE, BZ, 20-Jun-2024,4.51,4.73,4.73,4.73,4.73,4.73,4.73,2135,0.1,7, -, -,,2024-06-20
LAL, EQ, 20-Jun-2024,22.94,23.37,23.45,22.71,23.39,23.02,23.13,28169,6.52,310, 17681, 62.77,0.6276758138379069,2024-06-20
LALPATHLAB, EQ, 20-Jun-2024,2679.15,2679.0,2725.45,2650.3,2702.0,2698.85,2697.65,221606,5978.15,28795, 140888, 63.58,0.6357589595949568,2024-06-20
LAMBODHARA, EQ, 20-Jun-2024,151.73,151.6,153.5,150.05,151.0,151.32,152.27,11604,17.67,364, 6595, 56.83,0.5683385039641503,2024-06-20
LANCORHOL, EQ, 20-Jun-2024,44.36,45.42,45.42,44.0,44.26,44.21,44.53,52444,23.35,366, 34320, 65.44,0.6544123255281824,2024-06-20
LANDMARK, EQ, 20-Jun-2024,737.65,740.8,742.25,720.4,724.55,725.85,728.82,50886,370.87,4935, 23161, 45.52,0.4551546594348151,2024-06-20
LAOPALA, EQ, 20-Jun-2024,337.05,337.05,339.85,330.55,334.2,333.7,333.58,226244,754.71,10517, 120944, 53.46,0.5345732925514047,2024-06-20
LASA, EQ, 20-Jun-2024,23.33,23.55,23.55,21.8,23.22,23.06,23.06,64754,14.93,515, 35942, 55.51,0.5550545140068567,2024-06-20
LATENTVIEW, BE, 20-Jun-2024,495.75,497.1,509.4,494.0,500.5,502.05,503.75,171036,861.59,3195, -, -,,2024-06-20
LATTEYS, BE, 20-Jun-2024,14.4,14.4,14.4,14.4,14.4,14.4,14.4,40537,5.84,119, -, -,,2024-06-20
LAURUSLABS, EQ, 20-Jun-2024,430.35,431.0,433.5,426.8,432.05,432.85,430.27,690681,2971.81,14869, 254129, 36.79,0.36793975800695256,2024-06-20
LAXMICOT, EQ, 20-Jun-2024,31.48,31.98,32.81,31.2,31.7,31.67,32.04,48080,15.4,318, 35157, 73.12,0.7312188019966722,2024-06-20
LAXMIMACH, EQ, 20-Jun-2024,16620.7,16622.3,16799.95,16505.0,16610.0,16659.0,16628.66,2460,409.07,967, 1500, 60.98,0.6097560975609756,2024-06-20
LCCINFOTEC, BE, 20-Jun-2024,3.42,3.48,3.48,3.48,3.48,3.48,3.48,81434,2.83,44, -, -,,2024-06-20
LEMONTREE, EQ, 20-Jun-2024,144.9,146.37,149.37,145.54,147.29,146.99,147.4,2908205,4286.58,30089, 1154276, 39.69,0.3969032444411587,2024-06-20
LEXUS, EQ, 20-Jun-2024,38.93,39.96,39.96,38.71,38.9,39.0,39.05,14216,5.55,164, 9976, 70.17,0.7017445132245357,2024-06-20
LFIC, EQ, 20-Jun-2024,232.01,233.93,236.5,225.0,225.0,225.59,228.46,33445,76.41,2135, 8597, 25.70,0.2570488862311257,2024-06-20
LGBBROSLTD, EQ, 20-Jun-2024,1251.65,1264.15,1270.0,1243.0,1253.6,1251.55,1262.81,35736,451.28,2794, 23346, 65.33,0.6532907991940899,2024-06-20
LGBFORGE, EQ, 20-Jun-2024,10.3,10.47,12.36,10.37,12.36,12.36,12.09,2549720,308.22,1956, 1716518, 67.32,0.6732182357278447,2024-06-20
LGHL, BE, 20-Jun-2024,365.4,348.15,372.0,347.15,347.15,349.95,351.62,5562,19.56,154, -, -,,2024-06-20
LIBAS, EQ, 20-Jun-2024,18.06,18.1,18.39,17.89,18.0,17.99,18.08,107443,19.43,374, 68724, 63.96,0.6396321770613256,2024-06-20
LIBERTSHOE, EQ, 20-Jun-2024,357.15,357.15,384.0,357.0,375.65,377.45,375.81,105637,396.99,4357, 49449, 46.81,0.46810303208156234,2024-06-20
LICHSGFIN, EQ, 20-Jun-2024,736.4,738.1,746.3,734.7,739.3,739.7,740.46,1283939,9507.09,33198, 533521, 41.55,0.4155345386346236,2024-06-20
LICI, EQ, 20-Jun-2024,1031.5,1033.45,1041.0,1025.0,1028.1,1027.4,1031.35,1930583,19911.14,43454, 929071, 48.12,0.48123856886753896,2024-06-20
LICMFGOLD, EQ, 20-Jun-2024,6546.55,6597.7,6597.7,6546.5,6570.0,6580.0,6572.44,94,6.18,42, 43, 45.74,0.4574468085106383,2024-06-20
LICNETFGSC, EQ, 20-Jun-2024,25.57,25.8,25.98,25.3,25.62,25.6,25.48,35677,9.09,195, 34831, 97.63,0.9762872438826135,2024-06-20
LICNETFN50, EQ, 20-Jun-2024,255.89,256.99,256.99,255.1,256.74,256.21,256.09,381,0.98,43, 270, 70.87,0.7086614173228346,2024-06-20
LICNETFSEN, EQ, 20-Jun-2024,847.99,853.0,855.0,846.0,851.63,851.63,850.25,89,0.76,30, 55, 61.80,0.6179775280898876,2024-06-20
LICNFNHGP, EQ, 20-Jun-2024,263.91,257.09,267.0,257.09,264.26,261.85,264.61,4545,12.03,123, 1841, 40.51,0.40506050605060506,2024-06-20
LICNMID100, EQ, 20-Jun-2024,55.5,55.5,56.1,55.2,55.2,55.76,55.73,4462,2.49,148, 3393, 76.04,0.7604213357238906,2024-06-20
LIKHITHA, EQ, 20-Jun-2024,432.4,434.5,434.7,428.0,432.25,431.7,430.56,110461,475.6,2902, 63986, 57.93,0.5792632693891961,2024-06-20
LINC, EQ, 20-Jun-2024,584.1,582.3,592.6,580.0,592.0,589.0,586.08,12645,74.11,726, 7116, 56.28,0.5627520759193357,2024-06-20
LINCOLN, EQ, 20-Jun-2024,603.4,604.45,613.45,594.75,605.0,603.5,604.22,31242,188.77,3869, 14549, 46.57,0.4656872159272774,2024-06-20
LINDEINDIA, EQ, 20-Jun-2024,8938.5,8987.95,9149.8,8655.55,8695.0,8710.65,8871.07,160723,14257.85,32731, 57959, 36.06,0.3606142244731619,2024-06-20
LIQUID, EQ, 20-Jun-2024,999.99,1000.01,1000.01,999.99,1000.0,999.99,1000.0,221638,2216.38,172, 183153, 82.64,0.8263610030770897,2024-06-20
LIQUID1, EQ, 20-Jun-2024,1000.01,1000.01,1000.01,999.99,1000.01,1000.01,1000.0,3835,38.35,13, 3814, 99.45,0.9945241199478487,2024-06-20
LIQUIDADD, EQ, 20-Jun-2024,1015.59,1013.99,1015.76,1013.99,1015.76,1015.75,1015.76,358068,3637.11,617, 336620, 94.01,0.9401007629835674,2024-06-20
LIQUIDBEES, EQ, 20-Jun-2024,1000.0,1000.0,1000.65,999.99,1000.01,1000.0,1000.0,3872961,38729.79,7979, 3263114, 84.25,0.8425372731612841,2024-06-20
LIQUIDBETF, EQ, 20-Jun-2024,999.99,999.99,1000.0,999.99,1000.0,1000.0,1000.0,28,0.28,3, 14, 50.00,0.5,2024-06-20
LIQUIDCASE, EQ, 20-Jun-2024,102.78,102.81,102.81,102.79,102.8,102.8,102.81,3289111,3381.39,2793, 3087833, 93.88,0.9388047408555078,2024-06-20
LIQUIDETF, EQ, 20-Jun-2024,999.99,1000.0,1000.01,999.99,1000.0,999.99,1000.0,509027,5090.27,414, 481844, 94.66,0.9465981175851182,2024-06-20
LIQUIDIETF, EQ, 20-Jun-2024,999.99,1000.01,1000.01,999.99,1000.0,999.99,1000.0,2019130,20191.3,432, 1280139, 63.40,0.6340052398805426,2024-06-20
LIQUIDSBI, EQ, 20-Jun-2024,1000.0,1000.01,1000.01,999.99,1000.01,1000.0,1000.01,10699,106.99,34, 10275, 96.04,0.9603701280493504,2024-06-20
LLOYDSENGG, EQ, 20-Jun-2024,68.69,69.0,70.46,68.07,69.65,69.84,69.44,6224758,4322.67,28074, 2680300, 43.06,0.4305870204110746,2024-06-20
LLOYDSME, EQ, 20-Jun-2024,716.95,723.9,740.0,719.1,738.0,735.2,734.3,278833,2047.46,14205, 165018, 59.18,0.591816607073051,2024-06-20
LODHA, EQ, 20-Jun-2024,1545.5,1557.0,1603.0,1527.0,1584.95,1583.8,1555.41,1250154,19445.01,58183, 811461, 64.91,0.6490888322558661,2024-06-20
LOKESHMACH, BE, 20-Jun-2024,448.6,452.0,460.0,450.0,459.0,457.95,455.85,39465,179.9,713, -, -,,2024-06-20
LORDSCHLO, BE, 20-Jun-2024,136.08,133.35,138.4,133.35,135.21,135.21,136.3,12204,16.63,96, -, -,,2024-06-20
LOTUSEYE, EQ, 20-Jun-2024,62.74,63.3,64.0,61.69,61.8,62.11,62.43,34256,21.39,486, 22792, 66.53,0.6653432975245213,2024-06-20
LOVABLE, EQ, 20-Jun-2024,124.49,125.06,130.0,124.22,128.0,128.5,128.32,91538,117.46,1592, 51528, 56.29,0.5629137625903996,2024-06-20
LOWVOL, EQ, 20-Jun-2024,190.32,190.32,191.17,189.1,190.84,190.84,190.77,8438,16.1,41, 8420, 99.79,0.9978667930789287,2024-06-20
LOWVOL1, EQ, 20-Jun-2024,19.41,19.39,19.45,19.25,19.35,19.35,19.35,24069,4.66,262, 21041, 87.42,0.874195022643234,2024-06-20
LOWVOLIETF, EQ, 20-Jun-2024,20.5,20.1,20.75,20.1,20.51,20.34,20.42,473641,96.7,1380, 291629, 61.57,0.6157173893307378,2024-06-20
LOYALTEX, EQ, 20-Jun-2024,603.25,606.7,609.0,580.6,591.0,586.45,596.79,1316,7.85,397, 767, 58.28,0.5828267477203647,2024-06-20
LPDC, EQ, 20-Jun-2024,9.69,9.61,10.18,9.6,9.8,9.86,9.9,194799,19.28,642, 105918, 54.37,0.5437296906041612,2024-06-20
LT, EQ, 20-Jun-2024,3589.95,3584.95,3613.3,3564.6,3598.4,3594.45,3587.54,2618715,93947.46,168275, 1254150, 47.89,0.47891809532537905,2024-06-20
LTF, EQ, 20-Jun-2024,176.21,176.21,184.0,175.21,183.75,183.65,180.73,17882695,32320.24,104774, 9530744, 53.30,0.5329590422472675,2024-06-20
LTFOODS, EQ, 20-Jun-2024,260.26,260.28,271.4,259.54,270.45,269.72,266.22,1144384,3046.62,22598, 515806, 45.07,0.45072807728874226,2024-06-20
LTGILTBEES, EQ, 20-Jun-2024,25.93,25.95,25.95,25.89,25.94,25.93,25.93,1789420,464.03,776, 1557191, 87.02,0.8702210772205519,2024-06-20
LTIM, EQ, 20-Jun-2024,5019.85,5030.0,5071.0,5000.0,5052.0,5052.45,5036.45,333475,16795.31,44533, 173615, 52.06,0.5206237349126621,2024-06-20
LTTS, EQ, 20-Jun-2024,4864.55,4889.0,4889.15,4846.65,4873.95,4874.35,4870.1,85558,4166.76,12545, 44509, 52.02,0.5202202015007363,2024-06-20
LUMAXIND, EQ, 20-Jun-2024,2839.35,2844.35,3033.8,2844.35,2884.85,2908.9,2945.75,66338,1954.15,8485, 16481, 24.84,0.24843980825469564,2024-06-20
LUMAXTECH, EQ, 20-Jun-2024,527.2,528.7,544.8,522.8,536.0,536.75,538.2,465434,2504.95,16004, 196312, 42.18,0.4217826802511205,2024-06-20
LUPIN, EQ, 20-Jun-2024,1572.3,1574.8,1575.0,1552.0,1555.05,1555.7,1558.61,743858,11593.84,43382, 487641, 65.56,0.6555565712810778,2024-06-20
LUXIND, EQ, 20-Jun-2024,1446.7,1445.0,1530.0,1435.05,1518.0,1510.85,1507.38,195053,2940.19,16354, 84168, 43.15,0.4315134860781429,2024-06-20
LXCHEM, EQ, 20-Jun-2024,254.43,256.44,265.5,253.12,263.2,262.99,261.56,6633561,17350.62,68570, 2698878, 40.69,0.4068520663336027,2024-06-20
LYKALABS, EQ, 20-Jun-2024,106.08,106.8,109.5,106.8,107.52,107.76,107.92,53728,57.98,1077, 33992, 63.27,0.6326682549136391,2024-06-20
LYPSAGEMS, EQ, 20-Jun-2024,5.71,5.65,5.79,5.6,5.75,5.73,5.73,34983,2.0,221, 31373, 89.68,0.89680702055284,2024-06-20
M&M, EQ, 20-Jun-2024,2933.85,2945.05,2954.75,2857.3,2874.05,2871.2,2889.52,4024418,116286.43,173356, 2175887, 54.07,0.5406712225221137,2024-06-20
M&MFIN, EQ, 20-Jun-2024,306.45,304.5,309.85,302.05,307.5,307.15,306.69,4080093,12513.2,45306, 2411741, 59.11,0.5910995166041558,2024-06-20
MAANALU, EQ, 20-Jun-2024,136.92,137.1,152.0,137.0,151.0,150.06,146.39,722433,1057.57,13411, 421536, 58.35,0.5834949400151986,2024-06-20
MACPOWER, BE, 20-Jun-2024,1386.65,1379.0,1455.95,1365.65,1455.95,1454.45,1444.48,19559,282.53,709, -, -,,2024-06-20
MADHAV, BE, 20-Jun-2024,42.61,42.49,42.6,42.03,42.04,42.04,42.47,4292,1.82,28, -, -,,2024-06-20
MADHUCON, BE, 20-Jun-2024,10.11,10.02,10.29,9.9,10.08,9.97,10.19,57414,5.85,159, -, -,,2024-06-20
MADRASFERT, EQ, 20-Jun-2024,107.62,109.7,129.14,107.35,129.05,128.73,123.36,31103056,38368.25,121053, 4318418, 13.88,0.13884224109682342,2024-06-20
MAFANG, EQ, 20-Jun-2024,94.73,95.0,95.3,94.51,95.21,95.19,94.93,366856,348.24,5593, 269840, 73.55,0.7355474627646815,2024-06-20
MAGADSUGAR, EQ, 20-Jun-2024,799.3,834.0,848.9,804.0,819.45,815.0,833.52,229022,1908.96,19701, 49977, 21.82,0.2182192103815354,2024-06-20
MAGNUM, EQ, 20-Jun-2024,54.41,54.7,55.43,53.37,53.86,53.68,54.15,170215,92.18,1150, 115299, 67.74,0.67737273448286,2024-06-20
MAHABANK, EQ, 20-Jun-2024,65.45,65.89,67.4,65.69,66.29,66.28,66.79,24638106,16454.64,57645, 7970694, 32.35,0.3235108250609848,2024-06-20
MAHAPEXLTD, EQ, 20-Jun-2024,168.6,170.0,175.01,167.8,170.5,170.27,171.9,45439,78.11,1254, 28120, 61.89,0.6188516472633641,2024-06-20
MAHASTEEL, EQ, 20-Jun-2024,104.91,105.99,107.58,104.1,107.58,107.06,106.37,20641,21.96,559, 12087, 58.56,0.5855820938907998,2024-06-20
MAHEPC, BE, 20-Jun-2024,161.15,161.15,163.8,155.05,161.8,160.13,160.66,45918,73.77,492, -, -,,2024-06-20
MAHESHWARI, EQ, 20-Jun-2024,65.89,66.19,68.5,65.4,67.5,66.98,66.83,42859,28.64,328, 27820, 64.91,0.6491052054410975,2024-06-20
MAHKTECH, EQ, 20-Jun-2024,14.2,14.27,14.27,14.09,14.17,14.13,14.15,647207,91.6,1775, 522632, 80.75,0.807519078131108,2024-06-20
MAHLIFE, EQ, 20-Jun-2024,630.8,634.05,635.95,626.1,630.1,630.5,630.53,147414,929.5,8282, 89121, 60.46,0.6045626602629329,2024-06-20
MAHLOG, EQ, 20-Jun-2024,470.45,472.0,490.75,466.0,481.05,479.85,478.24,595948,2850.04,19302, 213903, 35.89,0.35892896695684856,2024-06-20
MAHSCOOTER, EQ, 20-Jun-2024,8047.05,8050.0,8080.95,7965.0,8034.5,8012.6,8022.06,2187,175.44,955, 1185, 54.18,0.541838134430727,2024-06-20
MAHSEAMLES, EQ, 20-Jun-2024,676.2,680.0,696.7,671.5,685.0,685.05,681.64,358543,2443.97,13658, 169646, 47.32,0.47315384765565077,2024-06-20
MAITHANALL, EQ, 20-Jun-2024,1220.35,1220.35,1263.0,1218.05,1255.0,1255.5,1245.6,78335,975.74,6706, 48188, 61.52,0.6151528690878918,2024-06-20
MAKEINDIA, EQ, 20-Jun-2024,146.95,151.35,151.35,146.13,147.68,147.51,147.44,172105,253.76,807, 152777, 88.77,0.8876964643676826,2024-06-20
MALLCOM, EQ, 20-Jun-2024,1026.5,1025.55,1060.05,1013.7,1026.6,1019.15,1029.58,6099,62.79,1063, 3606, 59.12,0.5912444663059518,2024-06-20
MALUPAPER, BE, 20-Jun-2024,35.5,35.8,36.2,35.8,36.2,36.2,36.05,2998,1.08,27, -, -,,2024-06-20
MANAKALUCO, EQ, 20-Jun-2024,28.17,28.56,28.95,27.8,28.63,28.49,28.51,87507,24.95,951, 59838, 68.38,0.6838081524906579,2024-06-20
MANAKCOAT, BE, 20-Jun-2024,65.84,64.6,64.6,64.52,64.52,64.52,64.53,93239,60.17,136, -, -,,2024-06-20
MANAKSIA, EQ, 20-Jun-2024,100.03,100.78,101.75,99.15,99.48,99.61,100.22,208203,208.66,4540, 114880, 55.18,0.5517691868032641,2024-06-20
MANAKSTEEL, BE, 20-Jun-2024,54.75,54.85,54.85,54.6,54.6,54.6,54.77,24886,13.63,98, -, -,,2024-06-20
MANALIPETC, EQ, 20-Jun-2024,93.24,93.6,96.75,93.5,96.0,96.05,95.78,2879671,2758.25,25233, 1246666, 43.29,0.43291959393972435,2024-06-20
MANAPPURAM, EQ, 20-Jun-2024,190.26,191.0,195.2,190.26,192.5,192.85,193.44,6148102,11892.75,37940, 2290014, 37.25,0.3724749524324743,2024-06-20
MANGALAM, EQ, 20-Jun-2024,107.55,110.99,110.99,106.63,108.6,107.67,107.79,38487,41.49,1020, 19503, 50.67,0.5067425364408762,2024-06-20
MANGCHEFER, EQ, 20-Jun-2024,123.45,124.21,140.0,123.52,134.7,134.54,133.33,9432840,12576.71,62985, 2525486, 26.77,0.26773336556116717,2024-06-20
MANGLMCEM, EQ, 20-Jun-2024,897.3,906.25,906.45,880.55,884.4,886.65,890.67,46379,413.09,5179, 24072, 51.90,0.5190280083658553,2024-06-20
MANINDS, EQ, 20-Jun-2024,396.15,400.35,403.0,396.25,400.1,399.9,400.04,195065,780.34,6194, 135372, 69.40,0.6939840565965191,2024-06-20
MANINFRA, EQ, 20-Jun-2024,195.94,195.94,202.0,195.94,200.35,200.26,199.38,1094921,2183.06,12791, 741856, 67.75,0.6775429460207631,2024-06-20
MANKIND, EQ, 20-Jun-2024,2213.25,2210.0,2237.9,2179.0,2198.0,2196.05,2202.37,263342,5799.77,25352, 145543, 55.27,0.5526767473475557,2024-06-20
MANOMAY, EQ, 20-Jun-2024,185.54,183.0,192.5,183.0,183.23,184.16,187.27,5141,9.63,241, 3985, 77.51,0.7751410231472476,2024-06-20
MANORAMA, BE, 20-Jun-2024,703.1,716.0,728.9,675.1,715.0,716.0,701.74,23555,165.29,674, -, -,,2024-06-20
MANORG, BE, 20-Jun-2024,375.0,367.5,382.0,367.5,382.0,381.0,378.03,7736,29.24,304, -, -,,2024-06-20
MANUGRAPH, EQ, 20-Jun-2024,23.39,23.49,23.99,22.74,23.82,23.92,23.9,176387,42.16,709, 102143, 57.91,0.5790846264180467,2024-06-20
MANYAVAR, EQ, 20-Jun-2024,1173.3,1175.0,1188.95,1146.0,1152.6,1154.2,1170.1,129279,1512.69,16990, 81788, 63.26,0.6326472203528802,2024-06-20
MAPMYINDIA, EQ, 20-Jun-2024,2008.05,2220.0,2409.65,2135.0,2409.65,2409.65,2305.37,3863150,89059.89,149228, 691943, 17.91,0.17911367666282696,2024-06-20
MARALOVER, EQ, 20-Jun-2024,73.84,75.78,75.78,72.01,72.66,73.19,73.97,34538,25.55,928, 18765, 54.33,0.5433146099947883,2024-06-20
MARATHON, EQ, 20-Jun-2024,592.2,593.2,604.0,581.2,595.0,594.35,593.62,391864,2326.19,4325, 308248, 78.66,0.786619847702264,2024-06-20
MARICO, EQ, 20-Jun-2024,622.45,625.0,629.5,616.25,628.95,628.4,625.57,964116,6031.24,25404, 509819, 52.88,0.5287942529737085,2024-06-20
MARINE, EQ, 20-Jun-2024,162.17,164.9,169.9,154.06,154.06,154.06,161.13,1776896,2863.1,14980, 889619, 50.07,0.500659014371128,2024-06-20
MARKSANS, EQ, 20-Jun-2024,157.91,158.8,163.0,157.2,161.15,160.85,161.02,1227004,1975.68,20579, 685473, 55.87,0.5586558805024271,2024-06-20
MARSHALL, BE, 20-Jun-2024,28.03,27.46,27.46,27.46,27.46,27.46,27.46,3750,1.03,27, -, -,,2024-06-20
MARUTI, EQ, 20-Jun-2024,12242.1,12246.0,12305.5,12135.0,12160.0,12149.5,12191.11,907751,110664.9,112661, 582325, 64.15,0.6415030112883379,2024-06-20
MASFIN, EQ, 20-Jun-2024,312.95,319.8,328.0,310.1,316.65,314.45,321.65,1020027,3280.88,29870, 368429, 36.12,0.36119534090764266,2024-06-20
MASKINVEST, EQ, 20-Jun-2024,78.61,82.5,82.5,80.0,82.5,82.5,82.31,1199,0.99,28, 1197, 99.83,0.9983319432860718,2024-06-20
MASPTOP50, EQ, 20-Jun-2024,43.9,43.91,44.15,43.78,43.99,43.97,43.95,83044,36.49,841, 62045, 74.71,0.7471340494195848,2024-06-20
MASTEK, EQ, 20-Jun-2024,2728.8,2745.0,2746.5,2674.0,2685.0,2681.4,2706.99,40615,1099.44,7173, 21848, 53.79,0.5379293364520498,2024-06-20
MATRIMONY, EQ, 20-Jun-2024,619.5,622.6,624.8,613.25,620.1,618.6,619.58,21641,134.08,1456, 14139, 65.33,0.6533431911649185,2024-06-20
MAWANASUG, EQ, 20-Jun-2024,130.6,131.69,135.0,130.5,131.9,131.77,132.51,1139561,1510.07,12391, 380356, 33.38,0.3337741463598702,2024-06-20
MAXESTATES, EQ, 20-Jun-2024,457.2,454.15,472.2,450.05,459.35,459.45,461.35,79190,365.35,2491, 46513, 58.74,0.5873595150902892,2024-06-20
MAXHEALTH, EQ, 20-Jun-2024,899.95,896.45,940.85,883.0,937.15,934.8,914.48,1973607,18048.2,56478, 917251, 46.48,0.46475868802654224,2024-06-20
MAXIND, EQ, 20-Jun-2024,303.65,307.0,307.0,293.05,296.7,297.2,299.2,58268,174.34,2127, 38717, 66.45,0.6644641999038924,2024-06-20
MAYURUNIQ, EQ, 20-Jun-2024,655.55,659.8,670.3,651.0,654.5,655.1,657.25,200011,1314.58,12042, 107992, 53.99,0.5399303038332892,2024-06-20
MAZDA, EQ, 20-Jun-2024,1412.8,1414.0,1429.5,1404.05,1416.65,1409.7,1415.15,5515,78.05,1528, 2523, 45.75,0.457479601087942,2024-06-20
MAZDOCK, EQ, 20-Jun-2024,3969.45,3971.15,4085.0,3880.05,3967.0,3982.4,4017.79,3861246,155136.65,197335, 474320, 12.28,0.12284117613847965,2024-06-20
MBAPL, EQ, 20-Jun-2024,239.41,238.1,254.52,233.39,245.0,248.8,245.68,117913,289.69,3735, 62634, 53.12,0.5311882489632186,2024-06-20
MBECL, BE, 20-Jun-2024,4.87,4.87,5.04,4.73,4.8,4.76,4.88,115232,5.62,213, -, -,,2024-06-20
MBLINFRA, EQ, 20-Jun-2024,50.84,51.25,55.99,51.25,53.99,54.33,53.88,452835,244.0,2720, 278714, 61.55,0.6154868771185973,2024-06-20
MCL, EQ, 20-Jun-2024,36.98,36.98,37.88,36.78,36.99,36.9,37.08,57741,21.41,459, 48191, 83.46,0.8346062589840841,2024-06-20
MCLEODRUSS, EQ, 20-Jun-2024,28.31,29.0,29.7,28.39,28.56,28.65,29.12,791050,230.37,2580, 407575, 51.52,0.5152329182731812,2024-06-20
MCX, EQ, 20-Jun-2024,3868.45,3878.0,3878.0,3815.2,3840.0,3851.05,3844.4,205916,7916.24,20469, 75476, 36.65,0.3665378115348006,2024-06-20
MEDANTA, EQ, 20-Jun-2024,1351.3,1344.6,1346.45,1296.0,1316.0,1320.1,1308.77,697126,9123.78,66587, 289668, 41.55,0.41551742439673744,2024-06-20
MEDIASSIST, EQ, 20-Jun-2024,590.05,594.0,598.6,581.15,590.0,585.75,589.78,133122,785.13,11101, 63921, 48.02,0.48016856717897866,2024-06-20
MEDICAMEQ, EQ, 20-Jun-2024,470.05,472.5,495.0,465.0,488.0,485.05,486.45,42183,205.2,4121, 18626, 44.16,0.4415522840954887,2024-06-20
MEDICO, BE, 20-Jun-2024,39.46,39.0,39.5,39.0,39.44,39.39,39.35,77170,30.37,324, -, -,,2024-06-20
MEDPLUS, EQ, 20-Jun-2024,698.55,698.55,701.95,689.0,690.9,690.85,693.27,76995,533.78,6256, 44938, 58.36,0.5836482888499254,2024-06-20
MEGASOFT, EQ, 20-Jun-2024,66.92,66.2,68.41,66.2,66.5,66.75,67.41,88999,60.0,1048, 64532, 72.51,0.7250867987280756,2024-06-20
MEGASTAR, EQ, 20-Jun-2024,249.85,251.1,256.48,248.49,251.7,251.05,251.21,10058,25.27,584, 7141, 71.00,0.7099821037979718,2024-06-20
MENONBE, EQ, 20-Jun-2024,127.35,127.5,127.99,125.8,126.35,126.15,126.44,57119,72.22,2577, 35616, 62.35,0.6235403280869763,2024-06-20
MEP, BE, 20-Jun-2024,9.34,9.15,9.15,9.15,9.15,9.15,9.15,34678,3.17,74, -, -,,2024-06-20
METROBRAND, EQ, 20-Jun-2024,1237.95,1239.9,1331.0,1227.25,1294.0,1291.1,1299.08,578335,7513.02,37783, 173137, 29.94,0.2993714715519552,2024-06-20
METROPOLIS, EQ, 20-Jun-2024,1949.35,1952.95,1965.0,1935.95,1945.0,1946.35,1949.68,61850,1205.88,7921, 17518, 28.32,0.2832336297493937,2024-06-20
MFSL, EQ, 20-Jun-2024,987.95,995.05,1004.9,983.5,989.95,987.35,994.08,597561,5940.24,33786, 172869, 28.93,0.2892909677840421,2024-06-20
MGEL, EQ, 20-Jun-2024,21.98,21.5,21.99,20.25,20.69,20.63,20.99,2278607,478.39,2853, 1805388, 79.23,0.7923209223881081,2024-06-20
MGL, EQ, 20-Jun-2024,1446.05,1446.05,1520.0,1434.05,1501.2,1506.7,1499.61,1136231,17039.07,53421, 502400, 44.22,0.44216360933648174,2024-06-20
MHLXMIRU, EQ, 20-Jun-2024,206.74,215.0,215.0,205.6,209.38,208.19,209.06,10720,22.41,270, 8831, 82.38,0.8237873134328358,2024-06-20
MHRIL, EQ, 20-Jun-2024,435.15,432.95,488.0,429.55,485.0,474.85,462.99,2109227,9765.6,55061, 565993, 26.83,0.2683414350375754,2024-06-20
MICEL, EQ, 20-Jun-2024,58.47,61.39,61.39,61.11,61.39,61.39,61.39,494620,303.64,1281, 452241, 91.43,0.9143200841049695,2024-06-20
MID150BEES, EQ, 20-Jun-2024,211.52,216.99,216.99,210.12,213.37,213.32,212.75,446129,949.13,4713, 274223, 61.47,0.6146719894918286,2024-06-20
MID150CASE, EQ, 20-Jun-2024,10.15,10.41,10.46,10.2,10.21,10.25,10.25,226563,23.23,482, 215906, 95.30,0.9529623107038661,2024-06-20
MIDCAP, EQ, 20-Jun-2024,157.32,157.32,158.5,156.54,158.46,158.42,158.11,14425,22.81,386, 8964, 62.14,0.621421143847487,2024-06-20
MIDCAPETF, EQ, 20-Jun-2024,20.83,21.25,21.25,20.77,21.0,20.99,20.91,1504130,314.46,3892, 915717, 60.88,0.6088017658048174,2024-06-20
MIDCAPIETF, EQ, 20-Jun-2024,21.11,21.2,21.44,21.1,21.33,21.27,21.24,295845,62.85,1134, 211251, 71.41,0.714059727222025,2024-06-20
MIDHANI, EQ, 20-Jun-2024,459.95,462.55,473.9,457.5,465.1,465.0,467.77,1941957,9083.97,37850, 536194, 27.61,0.27611013014191355,2024-06-20
MIDQ50ADD, EQ, 20-Jun-2024,247.96,247.97,250.0,247.33,250.0,249.24,248.64,2832,7.04,129, 2399, 84.71,0.8471045197740112,2024-06-20
MIDSELIETF, EQ, 20-Jun-2024,17.14,17.35,17.35,16.96,17.31,17.23,17.19,140839,24.21,798, 96058, 68.20,0.6820411959755466,2024-06-20
MIDSMALL, EQ, 20-Jun-2024,52.07,52.06,52.3,51.7,52.09,52.0,52.0,1661624,864.05,675, 1638205, 98.59,0.9859059570636919,2024-06-20
MINDACORP, EQ, 20-Jun-2024,466.9,469.25,482.0,464.55,477.95,478.1,475.6,789676,3755.66,23858, 430823, 54.56,0.5455693221017227,2024-06-20
MINDTECK, EQ, 20-Jun-2024,299.25,297.85,309.0,296.9,298.7,298.0,301.57,98954,298.42,2817, 52054, 52.60,0.5260424035410393,2024-06-20
MIRCELECTR, EQ, 20-Jun-2024,20.62,20.89,21.35,20.7,20.99,20.82,20.97,578688,121.32,1768, 328150, 56.71,0.5670585877018359,2024-06-20
MIRZAINT, EQ, 20-Jun-2024,44.11,44.0,45.25,43.77,44.8,44.87,44.88,465035,208.72,2814, 250968, 53.97,0.5396755082950746,2024-06-20
MITCON, EQ, 20-Jun-2024,182.29,150.0,154.88,142.0,147.32,146.05,150.08,537621,806.84,7502, 205538, 38.23,0.38231021481675753,2024-06-20
MITTAL, EQ, 20-Jun-2024,2.18,2.22,2.23,2.17,2.2,2.2,2.2,1088196,23.92,1558, 848138, 77.94,0.7793981966483979,2024-06-20
MKPL, BE, 20-Jun-2024,12.45,12.45,12.45,12.4,12.4,12.4,12.44,134865,16.78,210, -, -,,2024-06-20
MMFL, EQ, 20-Jun-2024,1236.3,1236.85,1239.05,1216.05,1218.05,1220.0,1227.03,37339,458.16,5459, 18870, 50.54,0.5053697206673987,2024-06-20
MMP, EQ, 20-Jun-2024,271.25,274.9,284.7,266.25,283.65,279.3,279.2,35902,100.24,1692, 20588, 57.34,0.5734499470781572,2024-06-20
MMTC, EQ, 20-Jun-2024,83.41,83.4,86.48,82.55,83.01,83.0,83.95,8361122,7019.34,42044, 2413672, 28.87,0.2886780027847937,2024-06-20
MNC, EQ, 20-Jun-2024,30.8,30.99,31.04,30.57,30.7,30.8,30.78,40740,12.54,367, 33597, 82.47,0.8246686303387334,2024-06-20
MODIRUBBER, BE, 20-Jun-2024,100.84,103.74,103.74,98.5,103.0,102.36,100.77,9819,9.89,157, -, -,,2024-06-20
MODISONLTD, BE, 20-Jun-2024,121.46,122.0,125.0,120.0,123.9,121.19,121.73,48873,59.49,345, -, -,,2024-06-20
MODTHREAD, BE, 20-Jun-2024,57.26,57.5,57.5,57.5,57.5,57.5,57.5,110,0.06,1, -, -,,2024-06-20
MOGSEC, EQ, 20-Jun-2024,55.82,55.6,55.83,55.2,55.75,55.73,55.72,27580,15.37,37, 27371, 99.24,0.992422044960116,2024-06-20
MOHEALTH, EQ, 20-Jun-2024,37.16,37.41,37.41,36.8,37.05,37.01,37.03,25337,9.38,390, 21728, 85.76,0.8575600899869755,2024-06-20
MOHITIND, EQ, 20-Jun-2024,22.96,22.97,27.55,22.97,26.92,27.03,27.03,1460835,394.91,3810, 568867, 38.94,0.3894122197236512,2024-06-20
MOIL, EQ, 20-Jun-2024,507.55,509.0,531.45,505.35,522.9,522.1,522.79,2746634,14359.06,49058, 791762, 28.83,0.2882662924874592,2024-06-20
MOKSH, BE, 20-Jun-2024,14.39,14.39,14.39,14.1,14.11,14.11,14.17,55128,7.81,285, -, -,,2024-06-20
MOL, EQ, 20-Jun-2024,83.63,83.63,88.7,83.5,87.1,87.03,86.82,6694692,5812.03,31824, 2734520, 40.85,0.4084609120180585,2024-06-20
MOLDTECH, EQ, 20-Jun-2024,254.51,255.35,267.03,254.99,265.0,263.14,262.16,162143,425.07,7031, 81147, 50.05,0.5004656383562658,2024-06-20
MOLDTKPAC, EQ, 20-Jun-2024,792.0,786.0,801.0,780.0,788.0,786.2,791.58,33883,268.21,5064, 21058, 62.15,0.6214916034589617,2024-06-20
MOLOWVOL, EQ, 20-Jun-2024,36.89,36.82,37.34,36.8,36.85,36.91,36.94,98926,36.54,111, 70306, 71.07,0.7106928411135597,2024-06-20
MOM100, EQ, 20-Jun-2024,58.76,60.5,60.5,58.52,59.5,59.32,59.12,235509,139.22,2315, 143681, 61.01,0.6100870879669142,2024-06-20
MOM30IETF, EQ, 20-Jun-2024,36.33,36.45,36.54,36.01,36.25,36.24,36.23,1383433,501.17,4398, 799515, 57.79,0.5779210124378991,2024-06-20
MOM50, EQ, 20-Jun-2024,240.53,242.01,242.01,239.51,241.09,241.05,240.52,2405,5.78,118, 1824, 75.84,0.7584199584199585,2024-06-20
MOMENTUM, EQ, 20-Jun-2024,36.18,36.48,36.49,35.85,36.08,36.04,36.02,201485,72.58,1366, 172411, 85.57,0.8557014169789314,2024-06-20
MOMOMENTUM, EQ, 20-Jun-2024,72.26,72.27,73.1,71.5,72.3,72.14,72.09,93975,67.74,1063, 74170, 78.93,0.7892524607608407,2024-06-20
MON100, EQ, 20-Jun-2024,162.34,162.34,163.39,157.45,163.15,163.22,162.92,292969,477.31,5729, 197197, 67.31,0.6730985189559305,2024-06-20
MONARCH, EQ, 20-Jun-2024,522.0,520.0,534.9,520.0,528.0,528.95,527.8,17830,94.11,1287, 10878, 61.01,0.610095344924285,2024-06-20
MONIFTY500, EQ, 20-Jun-2024,22.43,22.43,22.64,22.4,22.45,22.49,22.48,287205,64.57,1298, 236823, 82.46,0.8245782629132501,2024-06-20
MONQ50, EQ, 20-Jun-2024,65.68,66.48,66.48,65.68,65.76,65.76,65.85,19061,12.55,387, 9702, 50.90,0.5089974293059126,2024-06-20
MONTECARLO, EQ, 20-Jun-2024,594.55,592.0,603.75,591.05,603.5,600.5,596.84,38987,232.69,2937, 23767, 60.96,0.6096134608972221,2024-06-20
MOQUALITY, EQ, 20-Jun-2024,201.01,201.02,204.5,200.4,201.0,201.21,201.05,1497,3.01,54, 1434, 95.79,0.9579158316633266,2024-06-20
MOREALTY, EQ, 20-Jun-2024,112.11,112.9,114.25,112.11,114.03,113.57,113.23,171000,193.62,1176, 127791, 74.73,0.7473157894736842,2024-06-20
MOREPENLAB, EQ, 20-Jun-2024,54.36,54.78,55.2,54.05,54.16,54.19,54.49,5690844,3101.08,21787, 2128961, 37.41,0.3741028571508901,2024-06-20
MOSMALL250, EQ, 20-Jun-2024,17.02,17.03,17.46,16.87,17.16,17.13,17.14,407063,69.76,864, 299072, 73.47,0.7347069126891906,2024-06-20
MOTHERSON, EQ, 20-Jun-2024,182.3,183.4,188.2,181.86,185.63,185.43,185.67,41065783,76245.54,160922, 17254004, 42.02,0.4201552421391795,2024-06-20
MOTILALOFS, EQ, 20-Jun-2024,686.05,693.0,698.95,680.0,695.0,689.95,692.06,492420,3407.85,27783, 315831, 64.14,0.6413854027050079,2024-06-20
MOTISONS, EQ, 20-Jun-2024,172.34,173.99,174.2,164.75,166.3,165.66,166.58,1363515,2271.31,13664, 814858, 59.76,0.5976157211325142,2024-06-20
MOTOGENFIN, EQ, 20-Jun-2024,33.7,34.25,34.49,33.52,33.9,33.77,33.97,16797,5.71,303, 12241, 72.88,0.7287610882895755,2024-06-20
MOVALUE, EQ, 20-Jun-2024,103.35,103.51,104.4,102.0,104.17,104.04,103.72,111374,115.52,2210, 68278, 61.31,0.6130515201034352,2024-06-20
MPHASIS, EQ, 20-Jun-2024,2411.4,2433.0,2435.0,2397.05,2424.0,2420.95,2409.19,695949,16766.76,44979, 480191, 69.00,0.6899801565919341,2024-06-20
MPSLTD, EQ, 20-Jun-2024,2037.55,2037.55,2050.0,2005.0,2005.65,2017.15,2027.28,9589,194.4,1863, 6236, 65.03,0.6503285014078631,2024-06-20
MRF, EQ, 20-Jun-2024,124948.75,125200.0,126700.0,124615.35,126590.0,126301.15,126038.2,6497,8188.7,4171, 2561, 39.42,0.3941819301215946,2024-06-20
MRO-TEK, BE, 20-Jun-2024,79.11,78.9,79.6,78.22,79.39,78.99,78.87,7804,6.16,121, -, -,,2024-06-20
MRPL, EQ, 20-Jun-2024,214.57,214.66,215.94,212.0,213.0,212.64,214.11,1411542,3022.2,16626, 500652, 35.47,0.3546844514722197,2024-06-20
MSPL, EQ, 20-Jun-2024,26.05,26.5,27.2,26.35,27.0,26.97,26.86,481634,129.35,2072, 336476, 69.86,0.6986134699792789,2024-06-20
MSTCLTD, EQ, 20-Jun-2024,885.6,889.9,910.0,884.5,886.45,887.0,891.22,167663,1494.24,8644, 63882, 38.10,0.3810142965353119,2024-06-20
MSUMI, EQ, 20-Jun-2024,76.74,77.2,77.33,75.6,75.87,75.83,76.17,11254642,8572.53,89318, 5573399, 49.52,0.49520891024343555,2024-06-20
MTARTECH, EQ, 20-Jun-2024,1870.6,1878.9,1900.0,1856.0,1880.0,1878.7,1878.73,269211,5057.74,21353, 111274, 41.33,0.41333377908034963,2024-06-20
MTEDUCARE, BE, 20-Jun-2024,3.22,3.3,3.3,3.15,3.27,3.22,3.22,30200,0.97,96, -, -,,2024-06-20
MTNL, EQ, 20-Jun-2024,42.16,42.13,43.1,41.5,41.8,41.92,42.23,4569018,1929.64,15333, 1614322, 35.33,0.3533192471555157,2024-06-20
MUFIN, EQ, 20-Jun-2024,121.23,124.4,133.35,118.51,128.95,128.22,129.24,494145,638.63,5579, 242797, 49.13,0.491347681348592,2024-06-20
MUFTI, EQ, 20-Jun-2024,170.3,170.3,171.5,168.1,169.3,168.92,169.6,197227,334.5,5686, 114177, 57.89,0.5789116094652355,2024-06-20
MUKANDLTD, EQ, 20-Jun-2024,167.18,167.29,176.8,167.0,176.01,175.21,172.4,377807,651.33,7819, 212085, 56.14,0.5613580478921778,2024-06-20
MUKKA, EQ, 20-Jun-2024,34.05,34.1,34.2,33.78,33.94,33.94,33.99,740275,251.59,5492, 314041, 42.42,0.42422207963256897,2024-06-20
MUKTAARTS, EQ, 20-Jun-2024,70.04,70.33,71.95,70.07,70.07,71.29,71.07,32682,23.23,1274, 2227, 6.81,0.06814148460926504,2024-06-20
MUNJALAU, EQ, 20-Jun-2024,87.71,87.75,91.7,87.23,90.7,90.39,89.94,563904,507.2,6864, 298654, 52.96,0.5296185166269436,2024-06-20
MUNJALSHOW, EQ, 20-Jun-2024,159.39,159.45,163.12,158.11,160.5,160.9,161.24,88750,143.1,3642, 37124, 41.83,0.4182985915492958,2024-06-20
MURUDCERA, EQ, 20-Jun-2024,48.18,48.5,49.55,47.74,48.75,48.92,48.93,137220,67.14,1268, 78488, 57.20,0.5719865908759656,2024-06-20
MUTHOOTCAP, EQ, 20-Jun-2024,311.9,310.15,319.95,306.2,315.5,315.1,313.24,111268,348.54,5538, 71865, 64.59,0.6458730272854729,2024-06-20
MUTHOOTFIN, EQ, 20-Jun-2024,1740.45,1744.05,1770.25,1734.2,1742.5,1742.25,1744.66,500674,8735.05,28585, 302645, 60.45,0.6044751674742447,2024-06-20
MUTHOOTMF, EQ, 20-Jun-2024,242.47,246.1,252.0,245.2,251.57,250.52,249.97,1435817,3589.08,25338, 721827, 50.27,0.5027291082359382,2024-06-20
MVGJL, EQ, 20-Jun-2024,235.22,238.45,240.98,231.9,236.99,236.46,237.71,31512,74.91,2047, 16914, 53.67,0.5367479055597868,2024-06-20
NACLIND, EQ, 20-Jun-2024,76.1,76.1,79.0,76.1,77.9,77.9,77.79,509236,396.13,5930, 253148, 49.71,0.49711332270302966,2024-06-20
NAGAFERT, EQ, 20-Jun-2024,13.19,13.6,14.39,13.31,14.27,14.23,14.02,21555526,3022.48,19593, 9519476, 44.16,0.4416257807858644,2024-06-20
NAGREEKCAP, EQ, 20-Jun-2024,22.02,22.02,22.67,21.54,21.55,21.67,21.82,2023,0.44,52, 1764, 87.20,0.8719723183391004,2024-06-20
NAGREEKEXP, EQ, 20-Jun-2024,32.05,32.01,32.6,31.66,32.4,32.07,32.2,46296,14.91,488, 32300, 69.77,0.6976844651805771,2024-06-20
NAHARCAP, EQ, 20-Jun-2024,293.25,294.15,306.0,294.15,301.1,301.35,302.33,50129,151.55,2782, 33422, 66.67,0.6667198627540944,2024-06-20
NAHARINDUS, EQ, 20-Jun-2024,128.32,129.0,132.72,128.75,131.79,131.2,131.38,50751,66.68,2098, 30404, 59.91,0.5990817914917933,2024-06-20
NAHARPOLY, EQ, 20-Jun-2024,243.16,243.1,246.99,240.05,244.55,245.26,243.91,92755,226.24,5171, 54564, 58.83,0.5882593930246348,2024-06-20
NAHARSPING, EQ, 20-Jun-2024,272.85,272.85,284.45,271.55,276.25,277.5,279.08,51296,143.16,4058, 31058, 60.55,0.6054663131628197,2024-06-20
NAM-INDIA, EQ, 20-Jun-2024,651.1,657.7,660.0,642.95,650.1,652.95,653.95,777411,5083.85,32673, 567051, 72.94,0.729409540127423,2024-06-20
NARMADA, BE, 20-Jun-2024,20.8,20.5,20.6,20.5,20.5,20.5,20.56,5188,1.07,41, -, -,,2024-06-20
NATCOPHARM, EQ, 20-Jun-2024,1172.45,1177.2,1192.15,1168.55,1174.0,1174.3,1178.36,666967,7859.24,28060, 265754, 39.85,0.39845149760033105,2024-06-20
NATHBIOGEN, EQ, 20-Jun-2024,200.36,200.5,211.2,200.32,209.85,208.95,207.73,180635,375.23,5832, 106907, 59.18,0.5918398981371273,2024-06-20
NATIONALUM, EQ, 20-Jun-2024,184.88,185.0,192.79,183.22,191.7,191.29,189.92,15825419,30055.94,77924, 4724552, 29.85,0.2985419848915217,2024-06-20
NAUKRI, EQ, 20-Jun-2024,6241.75,6241.75,6335.75,6194.2,6271.2,6282.9,6279.94,190134,11940.31,37516, 114127, 60.02,0.6002450903047325,2024-06-20
NAVA, EQ, 20-Jun-2024,720.6,721.0,729.9,717.05,720.15,720.3,721.69,207656,1498.63,3599, 150547, 72.50,0.7249826636360134,2024-06-20
NAVINFLUOR, EQ, 20-Jun-2024,3637.85,3665.0,3839.0,3657.75,3759.95,3770.25,3785.24,1034470,39157.19,76309, 213930, 20.68,0.2068015505524568,2024-06-20
NAVINIFTY, EQ, 20-Jun-2024,239.21,237.83,239.53,235.8,238.0,236.69,237.82,1457,3.47,78, 1014, 69.60,0.6959505833905285,2024-06-20
NAVKARCORP, EQ, 20-Jun-2024,101.96,102.4,103.8,101.99,102.7,102.34,102.72,702988,722.08,5041, 351104, 49.94,0.49944522523855317,2024-06-20
NAVNETEDUL, EQ, 20-Jun-2024,152.03,152.1,155.3,150.71,154.45,154.16,153.3,367351,563.14,7135, 168066, 45.75,0.4575079419955302,2024-06-20
NAZARA, EQ, 20-Jun-2024,863.0,861.0,884.0,855.0,855.8,860.35,866.88,482025,4178.57,20807, 217633, 45.15,0.45149732897671285,2024-06-20
NBCC, EQ, 20-Jun-2024,161.09,161.75,167.0,159.55,163.85,163.36,164.33,53128510,87304.35,200932, 17382391, 32.72,0.32717633150261505,2024-06-20
NBIFIN, EQ, 20-Jun-2024,1800.1,1815.7,1841.15,1796.05,1840.0,1829.45,1806.92,294,5.31,54, 263, 89.46,0.8945578231292517,2024-06-20
NCC, EQ, 20-Jun-2024,315.15,316.6,328.0,314.3,324.65,326.3,322.06,6255443,20146.21,68220, 2013207, 32.18,0.32183284221437236,2024-06-20
NCLIND, EQ, 20-Jun-2024,237.51,238.9,242.69,235.0,238.5,238.18,239.58,422912,1013.2,10874, 181988, 43.03,0.4303212015738499,2024-06-20
NDGL, EQ, 20-Jun-2024,2512.65,2513.0,2513.25,2469.25,2484.35,2492.4,2499.58,245,6.12,78, 215, 87.76,0.8775510204081632,2024-06-20
NDL, EQ, 20-Jun-2024,55.35,56.21,56.6,51.6,52.35,52.07,54.08,9606360,5194.7,35743, 4215082, 43.88,0.43878034968500035,2024-06-20
NDLVENTURE, EQ, 20-Jun-2024,96.62,102.98,102.98,96.66,98.6,98.52,99.32,13275,13.18,503, 6437, 48.49,0.4848964218455744,2024-06-20
NDRAUTO, EQ, 20-Jun-2024,799.8,813.2,819.6,793.0,794.0,794.8,798.18,8441,67.37,1537, 5467, 64.77,0.6476720767681554,2024-06-20
NDTV, EQ, 20-Jun-2024,227.54,229.32,233.05,222.0,224.48,224.16,226.81,318296,721.93,8338, 162246, 50.97,0.5097330786437781,2024-06-20
NECCLTD, EQ, 20-Jun-2024,25.82,26.0,27.05,25.99,26.93,26.91,26.72,428605,114.54,1980, 270536, 63.12,0.6312012225708986,2024-06-20
NECLIFE, EQ, 20-Jun-2024,33.35,33.69,34.39,32.95,33.05,33.12,33.55,372273,124.88,3319, 188634, 50.67,0.5067087862939295,2024-06-20
NELCAST, EQ, 20-Jun-2024,141.45,142.9,147.0,141.83,144.35,144.58,145.49,151635,220.61,4183, 63950, 42.17,0.4217364065024566,2024-06-20
NELCO, EQ, 20-Jun-2024,795.5,795.75,807.95,792.95,801.5,800.5,800.75,87149,697.85,6839, 39818, 45.69,0.45689566145337296,2024-06-20
NEOGEN, EQ, 20-Jun-2024,1599.15,1615.0,1684.8,1588.35,1654.0,1655.9,1645.88,129268,2127.59,16689, 37791, 29.23,0.29234613361388745,2024-06-20
NESCO, EQ, 20-Jun-2024,947.05,947.05,987.4,944.4,986.5,983.8,971.15,174022,1690.02,12110, 86825, 49.89,0.49893116962223166,2024-06-20
NESTLEIND, EQ, 20-Jun-2024,2526.05,2525.0,2551.15,2500.0,2535.05,2539.75,2534.1,657413,16659.5,85789, 347758, 52.90,0.5289794999490427,2024-06-20
NETF, EQ, 20-Jun-2024,249.67,249.68,251.17,249.15,250.17,250.2,250.44,1821,4.56,212, 1339, 73.53,0.7353102690829215,2024-06-20
NETWEB, EQ, 20-Jun-2024,2660.55,2660.0,2660.0,2555.5,2579.5,2568.75,2592.41,259047,6715.56,26818, 147835, 57.07,0.5706879446586913,2024-06-20
NETWORK18, EQ, 20-Jun-2024,84.09,84.59,84.94,83.27,83.72,84.09,84.09,808939,680.22,4944, 391008, 48.34,0.4833590666292514,2024-06-20
NEULANDLAB, EQ, 20-Jun-2024,6500.6,6500.6,6625.05,6443.55,6570.1,6552.15,6534.96,11651,761.39,3098, 6101, 52.36,0.5236460389666123,2024-06-20
NEWGEN, EQ, 20-Jun-2024,928.5,939.85,971.9,936.35,953.45,950.25,955.6,165528,1581.79,11747, 88422, 53.42,0.534181528200667,2024-06-20
NEXT50, EQ, 20-Jun-2024,725.99,725.5,728.93,719.33,727.6,726.4,723.56,9246,66.9,460, 5548, 60.00,0.600043261951114,2024-06-20
NEXT50IETF, EQ, 20-Jun-2024,74.33,76.02,76.02,73.81,74.45,74.28,74.3,243120,180.63,2590, 169596, 69.76,0.6975814412635736,2024-06-20
NEXTMEDIA, EQ, 20-Jun-2024,7.26,7.39,7.65,7.02,7.4,7.28,7.31,38273,2.8,136, 25143, 65.69,0.6569383116034803,2024-06-20
NFL, EQ, 20-Jun-2024,125.91,126.65,151.09,125.38,151.09,150.91,143.05,113331353,162123.95,307441, 20549316, 18.13,0.18132066242957498,2024-06-20
NGIL, EQ, 20-Jun-2024,44.63,44.79,45.59,43.71,44.4,44.35,44.75,39652,17.75,958, 17345, 43.74,0.43743064662564307,2024-06-20
NGIL-RE2, BE, 20-Jun-2024,12.0,11.9,14.0,11.5,13.8,13.3,13.46,100175,13.49,295, -, -,,2024-06-20
NGLFINE, EQ, 20-Jun-2024,2372.35,2396.05,2409.0,2351.35,2360.0,2360.2,2377.61,3127,74.35,709, 1733, 55.42,0.5542053086024944,2024-06-20
NH, EQ, 20-Jun-2024,1235.4,1239.9,1246.2,1224.0,1233.0,1232.9,1234.4,230423,2844.35,28060, 140106, 60.80,0.6080382600695243,2024-06-20
NHPC, EQ, 20-Jun-2024,100.1,100.1,101.78,99.7,100.25,100.29,100.57,41974488,42215.4,201432, 15248155, 36.33,0.36327197129837535,2024-06-20
NIACL, EQ, 20-Jun-2024,237.88,237.31,254.0,237.31,254.0,251.09,248.29,4530768,11249.58,48766, 1594524, 35.19,0.3519323876217012,2024-06-20
NIBL, EQ, 20-Jun-2024,34.59,35.6,35.6,34.61,34.9,34.93,35.12,35102,12.33,480, 17362, 49.46,0.4946156914135947,2024-06-20
NIF100BEES, EQ, 20-Jun-2024,258.01,258.4,259.99,256.01,258.91,258.18,257.99,14423,37.21,479, 9705, 67.29,0.6728835887124731,2024-06-20
NIF100IETF, EQ, 20-Jun-2024,27.07,27.9,27.9,27.0,27.2,27.18,27.17,230976,62.76,590, 164028, 71.02,0.7101517040731504,2024-06-20
NIF10GETF, EQ, 20-Jun-2024,23.16,23.45,23.45,23.04,23.28,23.09,23.22,1551,0.36,28, 1073, 69.18,0.6918117343649258,2024-06-20
NIF5GETF, EQ, 20-Jun-2024,56.64,56.1,56.64,56.1,56.63,56.63,56.3,564,0.32,9, 564, 100.00,1.0,2024-06-20
NIFITETF, EQ, 20-Jun-2024,351.32,348.0,353.44,348.0,351.0,352.24,351.36,805,2.83,54, 775, 96.27,0.9627329192546584,2024-06-20
NIFMID150, EQ, 20-Jun-2024,206.65,206.28,208.41,206.28,207.43,208.27,207.96,825,1.72,31, 695, 84.24,0.8424242424242424,2024-06-20
NIFTY1, EQ, 20-Jun-2024,256.4,255.78,256.58,254.0,256.2,256.07,255.24,177520,453.11,2433, 109645, 61.76,0.6176487156376747,2024-06-20
NIFTY50ADD, EQ, 20-Jun-2024,242.12,241.91,243.0,241.34,242.44,242.32,242.13,3416,8.27,263, 2558, 74.88,0.7488290398126464,2024-06-20
NIFTYBEES, EQ, 20-Jun-2024,261.38,261.95,262.35,260.48,261.84,261.72,261.34,3072246,8029.02,25740, 2217313, 72.17,0.7217237812336642,2024-06-20
NIFTYBETF, EQ, 20-Jun-2024,236.61,235.93,236.8,235.0,236.7,236.44,236.1,342,0.81,55, 298, 87.13,0.8713450292397661,2024-06-20
NIFTYETF, EQ, 20-Jun-2024,249.89,249.89,250.92,248.91,250.7,250.59,250.28,118189,295.8,835, 86596, 73.27,0.7326908595554578,2024-06-20
NIFTYIETF, EQ, 20-Jun-2024,259.79,262.8,262.8,259.16,260.5,260.47,260.25,221030,575.22,3647, 163872, 74.14,0.7414016196896349,2024-06-20
NIFTYQLITY, EQ, 20-Jun-2024,20.95,21.35,21.97,20.8,21.05,21.0,21.16,84386,17.86,530, 56597, 67.07,0.6706918209181618,2024-06-20
NIITLTD, EQ, 20-Jun-2024,102.21,102.0,106.0,102.0,103.98,104.62,104.85,755043,791.67,9549, 336726, 44.60,0.4459693024105912,2024-06-20
NIITMTS, EQ, 20-Jun-2024,445.65,446.0,457.0,444.35,451.05,451.45,448.4,316822,1420.62,8434, 240320, 75.85,0.7585331826703954,2024-06-20
NILAINFRA, EQ, 20-Jun-2024,11.67,11.34,12.25,11.3,12.25,12.22,12.11,2786253,337.32,3461, 1986292, 71.29,0.7128900354705764,2024-06-20
NILASPACES, BE, 20-Jun-2024,8.24,8.65,8.65,8.65,8.65,8.65,8.65,288649,24.97,333, -, -,,2024-06-20
NILKAMAL, EQ, 20-Jun-2024,1976.95,1991.8,2017.45,1965.5,1972.15,1977.4,1992.06,9398,187.21,2275, 4261, 45.34,0.4533943392211109,2024-06-20
NINSYS, EQ, 20-Jun-2024,496.35,514.0,514.0,481.0,487.0,488.2,492.59,12616,62.14,1483, 10383, 82.30,0.823002536461636,2024-06-20
NIPPOBATRY, EQ, 20-Jun-2024,580.45,585.0,593.25,577.0,583.55,583.85,585.44,10096,59.11,1628, 4526, 44.83,0.4482963549920761,2024-06-20
NIRAJ, EQ, 20-Jun-2024,48.19,49.15,49.25,47.6,48.0,47.97,48.38,63063,30.51,972, 37571, 59.58,0.5957693100550243,2024-06-20
NITCO, EQ, 20-Jun-2024,85.11,85.5,87.74,83.5,85.0,85.16,85.77,259799,222.82,1878, 179875, 69.24,0.6923621722947355,2024-06-20
NITINSPIN, EQ, 20-Jun-2024,348.2,348.2,353.0,341.75,349.0,348.7,348.67,48261,168.27,2708, 30106, 62.38,0.6238163320279314,2024-06-20
NITIRAJ, BE, 20-Jun-2024,238.5,243.0,243.27,238.0,238.0,238.0,240.76,12747,30.69,76, -, -,,2024-06-20
NKIND, EQ, 20-Jun-2024,51.12,49.05,50.95,49.05,50.1,50.15,50.4,685,0.35,61, 563, 82.19,0.8218978102189781,2024-06-20
NLCINDIA, EQ, 20-Jun-2024,236.2,236.45,240.96,230.9,231.08,231.51,236.12,4328378,10220.3,51325, 1837415, 42.45,0.42450428312869165,2024-06-20
NMDC, EQ, 20-Jun-2024,262.1,262.0,275.6,259.25,273.5,273.25,271.69,22534993,61225.02,122534, 6884850, 30.55,0.3055181778845017,2024-06-20
NOCIL, EQ, 20-Jun-2024,280.0,281.6,311.15,279.65,308.4,308.9,300.65,11866638,35677.05,128785, 3464130, 29.19,0.2919217726200125,2024-06-20
NOIDATOLL, BE, 20-Jun-2024,13.37,13.3,13.34,12.7,12.9,12.77,12.82,280173,35.91,743, -, -,,2024-06-20
NORBTEAEXP, EQ, 20-Jun-2024,12.56,12.56,12.85,12.02,12.3,12.27,12.56,10455,1.31,102, 6851, 65.53,0.6552845528455284,2024-06-20
NOVAAGRI, EQ, 20-Jun-2024,61.16,61.99,66.81,61.95,65.79,65.44,65.73,4207469,2765.37,19112, 2056311, 48.87,0.48872873454326105,2024-06-20
NPBET, EQ, 20-Jun-2024,261.41,262.0,265.0,261.0,264.95,264.3,262.83,1203,3.16,69, 1027, 85.37,0.8536990856192851,2024-06-20
NRAIL, EQ, 20-Jun-2024,452.1,456.45,461.0,450.0,457.9,456.85,455.94,12885,58.75,1181, 8183, 63.51,0.6350795498641831,2024-06-20
NRBBEARING, EQ, 20-Jun-2024,333.45,333.6,343.0,332.8,335.0,334.25,336.93,195640,659.17,8802, 105652, 54.00,0.5400327131465957,2024-06-20
NRL, EQ, 20-Jun-2024,84.82,84.8,90.47,84.8,89.78,88.76,88.61,202105,179.09,4054, 96441, 47.72,0.4771826525815789,2024-06-20
NSIL, EQ, 20-Jun-2024,3507.35,3508.35,3517.05,3483.0,3485.0,3492.95,3500.72,6108,213.82,1112, 3750, 61.39,0.6139489194499018,2024-06-20
NSLNISP, EQ, 20-Jun-2024,58.35,58.35,60.11,58.25,59.43,59.36,59.37,10476656,6219.49,31796, 3388631, 32.34,0.32344585906037193,2024-06-20
NTL, BE, 20-Jun-2024,2.46,2.58,2.58,2.47,2.58,2.58,2.57,52591,1.35,64, -, -,,2024-06-20
NTPC, EQ, 20-Jun-2024,362.5,362.5,364.9,357.05,358.75,357.65,359.53,14338604,51550.99,163105, 8801970, 61.39,0.6138651991504891,2024-06-20
NUCLEUS, EQ, 20-Jun-2024,1288.85,1291.0,1320.8,1291.0,1316.0,1315.25,1309.35,22191,290.56,3803, 13223, 59.59,0.5958722004416205,2024-06-20
NURECA, EQ, 20-Jun-2024,274.3,275.85,280.8,274.05,276.0,276.1,276.56,29624,81.93,991, 16377, 55.28,0.5528287874696193,2024-06-20
NUVAMA, EQ, 20-Jun-2024,5227.65,5240.0,5350.0,5155.8,5288.0,5255.25,5258.46,68148,3583.53,16958, 37759, 55.41,0.5540734871162764,2024-06-20
NUVOCO, EQ, 20-Jun-2024,350.3,350.45,355.2,347.2,351.45,352.15,351.64,220249,774.49,9030, 110296, 50.08,0.5007786641483049,2024-06-20
NV20, EQ, 20-Jun-2024,145.55,145.6,145.67,145.01,145.45,145.21,145.33,7064,10.27,201, 4853, 68.70,0.687004530011325,2024-06-20
NV20BEES, EQ, 20-Jun-2024,145.63,146.97,146.97,144.21,146.45,146.32,146.09,10581,15.46,308, 7765, 73.39,0.7338625838767602,2024-06-20
NV20IETF, EQ, 20-Jun-2024,14.23,13.85,14.65,13.85,14.24,14.22,14.21,258606,36.74,1616, 128102, 49.54,0.49535586954672356,2024-06-20
NYKAA, EQ, 20-Jun-2024,174.02,175.0,175.0,171.45,173.03,173.51,172.66,2636820,4552.79,25998, 1125861, 42.70,0.4269768129792705,2024-06-20
OAL, EQ, 20-Jun-2024,388.45,388.5,405.1,383.8,389.0,392.85,393.07,43033,169.15,3973, 21002, 48.80,0.4880440592103734,2024-06-20
OBCL, EQ, 20-Jun-2024,55.46,56.0,56.59,54.5,54.75,55.17,55.53,35043,19.46,535, 23534, 67.16,0.6715749222383929,2024-06-20
OBEROIRLTY, EQ, 20-Jun-2024,1863.85,1871.65,1901.5,1862.05,1896.2,1889.75,1883.86,632977,11924.43,48715, 323304, 51.08,0.5107673738540263,2024-06-20
OCCL, EQ, 20-Jun-2024,781.65,784.9,793.2,776.75,788.0,785.25,785.79,50660,398.08,3903, 26909, 53.12,0.5311685748124754,2024-06-20
OFSS, EQ, 20-Jun-2024,9833.35,9830.1,9925.0,9701.0,9753.2,9735.8,9791.61,239347,23435.93,35676, 79035, 33.02,0.3302109489569537,2024-06-20
OIL, EQ, 20-Jun-2024,696.4,696.4,702.0,682.4,686.0,685.05,691.37,2674698,18491.95,78111, 1091497, 40.81,0.4080823330334864,2024-06-20
OILCOUNTUB, BE, 20-Jun-2024,39.85,39.88,41.4,39.0,40.35,39.96,40.42,43309,17.51,175, -, -,,2024-06-20
OLECTRA, EQ, 20-Jun-2024,1776.0,1776.0,1779.0,1755.0,1764.5,1762.7,1765.22,305932,5400.36,20874, 119334, 39.01,0.3900670737288025,2024-06-20
OMAXAUTO, BE, 20-Jun-2024,160.11,160.95,168.0,155.1,158.61,160.23,160.84,116542,187.45,540, -, -,,2024-06-20
OMAXE, EQ, 20-Jun-2024,96.12,96.85,105.73,95.95,105.73,105.73,102.22,1004408,1026.72,5599, 728732, 72.55,0.7255338468032911,2024-06-20
OMINFRAL, EQ, 20-Jun-2024,184.13,193.33,193.33,193.33,193.33,193.33,193.33,97922,189.31,374, 97922, 100.00,1.0,2024-06-20
OMKARCHEM, BZ, 20-Jun-2024,6.97,7.29,7.29,6.85,7.07,7.03,7.12,18226,1.3,42, -, -,,2024-06-20
ONELIFECAP, BE, 20-Jun-2024,17.24,17.24,17.58,17.1,17.1,17.1,17.39,3676,0.64,30, -, -,,2024-06-20
ONEPOINT, EQ, 20-Jun-2024,56.03,56.45,60.96,56.31,60.3,60.23,58.89,2437194,1435.37,8359, 1279246, 52.49,0.5248847650207574,2024-06-20
ONGC, EQ, 20-Jun-2024,271.55,271.8,274.0,269.1,272.2,271.85,271.96,12826509,34883.16,145663, 5194896, 40.50,0.40501246286109494,2024-06-20
ONMOBILE, EQ, 20-Jun-2024,72.19,72.49,74.79,71.66,73.55,73.4,73.38,982506,720.92,7503, 358807, 36.52,0.36519573417363355,2024-06-20
ONWARDTEC, EQ, 20-Jun-2024,404.2,407.25,409.95,402.9,407.0,405.85,406.51,39067,158.81,3200, 19683, 50.38,0.5038267591573451,2024-06-20
OPTIEMUS, EQ, 20-Jun-2024,291.1,292.6,319.9,288.35,313.0,310.45,303.38,832052,2524.3,24858, 375999, 45.19,0.451893631648022,2024-06-20
ORBTEXP, EQ, 20-Jun-2024,184.22,184.35,185.2,179.0,180.56,180.75,181.18,14559,26.38,592, 9902, 68.01,0.6801291297479223,2024-06-20
ORCHPHARMA, EQ, 20-Jun-2024,1160.1,1179.95,1215.0,1140.0,1190.0,1189.45,1187.87,122708,1457.61,12485, 64587, 52.63,0.5263471004335496,2024-06-20
ORICONENT, EQ, 20-Jun-2024,41.15,41.26,42.43,40.69,40.98,40.93,41.39,672604,278.38,6462, 250228, 37.20,0.3720287122883599,2024-06-20
ORIENTALTL, EQ, 20-Jun-2024,11.44,11.44,11.57,11.07,11.17,11.16,11.32,133847,15.15,585, 96087, 71.79,0.7178868409452583,2024-06-20
ORIENTBELL, EQ, 20-Jun-2024,375.0,375.0,384.9,372.55,377.55,377.3,379.2,61977,235.02,3428, 32511, 52.46,0.524565564644949,2024-06-20
ORIENTCEM, EQ, 20-Jun-2024,236.79,235.5,237.8,233.35,235.1,234.84,235.31,295771,695.99,8866, 140834, 47.62,0.47615892024573064,2024-06-20
ORIENTCER, EQ, 20-Jun-2024,52.77,53.0,53.49,51.31,51.95,51.99,52.07,89712,46.72,2571, 49433, 55.10,0.5510188157660068,2024-06-20
ORIENTELEC, EQ, 20-Jun-2024,248.0,248.0,255.25,245.14,250.5,250.37,250.23,731049,1829.29,15694, 362699, 49.61,0.49613500599822996,2024-06-20
ORIENTHOT, EQ, 20-Jun-2024,140.93,141.0,142.9,140.73,142.8,142.51,142.06,159019,225.9,2874, 92225, 58.00,0.5799621428885856,2024-06-20
ORIENTLTD, EQ, 20-Jun-2024,109.62,112.7,112.7,108.1,108.1,108.59,109.0,10499,11.44,316, 5931, 56.49,0.564910943899419,2024-06-20
ORIENTPPR, EQ, 20-Jun-2024,50.35,50.54,52.9,50.03,52.37,52.39,51.98,6354002,3302.6,24242, 2119762, 33.36,0.3336105339595423,2024-06-20
ORISSAMINE, EQ, 20-Jun-2024,7821.85,7821.85,8023.85,7602.0,7634.0,7627.35,7789.98,39956,3112.56,9786, 13934, 34.87,0.3487336069676644,2024-06-20
ORTINLAB, EQ, 20-Jun-2024,20.79,20.79,20.79,20.36,20.37,20.38,20.46,34523,7.06,250, 33380, 96.69,0.9668916374590852,2024-06-20
OSIAHYPER, BE, 20-Jun-2024,25.06,24.95,24.95,23.8,23.8,23.8,24.01,3108767,746.27,3857, -, -,,2024-06-20
OSWALAGRO, EQ, 20-Jun-2024,47.36,47.9,49.95,46.55,47.45,47.79,48.77,767859,374.51,3957, 285217, 37.14,0.3714444969714492,2024-06-20
OSWALGREEN, EQ, 20-Jun-2024,37.55,37.69,39.45,36.34,38.95,39.0,38.5,2643082,1017.68,18075, 1056826, 39.98,0.39984608877060945,2024-06-20
OSWALSEEDS, BE, 20-Jun-2024,26.44,26.38,26.49,25.75,25.83,25.94,26.04,84615,22.03,433, -, -,,2024-06-20
PAGEIND, EQ, 20-Jun-2024,38946.9,38946.9,39629.95,38657.55,39500.0,39560.95,39392.11,17723,6981.46,8268, 6825, 38.51,0.3850928172431304,2024-06-20
PAISALO, EQ, 20-Jun-2024,71.82,71.2,75.5,71.01,74.1,73.85,73.98,3061698,2264.99,11269, 1675060, 54.71,0.5471016409848392,2024-06-20
PAKKA, EQ, 20-Jun-2024,253.67,253.7,260.0,250.51,256.5,256.3,254.57,127744,325.2,6910, 59740, 46.77,0.46765405811623245,2024-06-20
PALASHSECU, EQ, 20-Jun-2024,134.57,136.12,141.0,133.5,140.0,138.97,136.3,22701,30.94,742, 17047, 75.09,0.7509360821109202,2024-06-20
PALREDTEC, BE, 20-Jun-2024,120.05,117.64,117.64,117.64,117.64,117.64,117.64,6193,7.29,72, -, -,,2024-06-20
PANACEABIO, EQ, 20-Jun-2024,132.17,132.7,137.5,132.4,134.02,134.13,134.82,146545,197.57,4657, 55899, 38.14,0.381445972226961,2024-06-20
PANACHE, BE, 20-Jun-2024,118.04,119.9,123.0,117.9,121.5,118.14,119.35,38362,45.79,216, -, -,,2024-06-20
PANAMAPET, EQ, 20-Jun-2024,404.5,407.9,412.65,400.5,404.0,403.2,406.16,217862,884.87,8344, 101640, 46.65,0.46653386088441307,2024-06-20
PANSARI, EQ, 20-Jun-2024,104.97,105.51,110.0,104.8,104.8,105.11,106.75,17460,18.64,280, 10685, 61.20,0.6119702176403208,2024-06-20
PAR, EQ, 20-Jun-2024,224.35,225.42,233.98,225.0,228.5,225.91,228.98,29538,67.64,976, 15641, 52.95,0.5295212946035616,2024-06-20
PARACABLES, BE, 20-Jun-2024,72.64,72.64,74.0,71.75,73.0,72.87,72.86,380384,277.15,2279, -, -,,2024-06-20
PARADEEP, EQ, 20-Jun-2024,79.57,79.44,93.9,78.24,91.54,92.37,88.27,75503573,66643.3,216443, 17093387, 22.64,0.226391762943457,2024-06-20
PARAGMILK, EQ, 20-Jun-2024,183.25,183.74,184.49,181.11,182.4,182.03,182.42,425379,775.96,6407, 271075, 63.73,0.6372552476732514,2024-06-20
PARAS, EQ, 20-Jun-2024,1446.35,1432.0,1488.1,1380.0,1423.0,1425.5,1443.32,2970712,42876.79,94094, 682707, 22.98,0.2298125836499802,2024-06-20
PARASPETRO, BE, 20-Jun-2024,4.31,4.22,4.22,4.22,4.22,4.22,4.22,82344,3.47,245, -, -,,2024-06-20
PARKHOTELS, EQ, 20-Jun-2024,188.16,187.41,192.65,184.5,191.2,191.81,188.63,643255,1213.36,13533, 319863, 49.73,0.4972569198840273,2024-06-20
PARSVNATH, EQ, 20-Jun-2024,13.76,13.77,14.3,13.77,13.95,13.98,14.03,846431,118.72,1138, 537078, 63.45,0.6345207110798163,2024-06-20
PASUPTAC, EQ, 20-Jun-2024,37.64,37.84,39.8,37.47,38.8,38.76,38.56,341135,131.56,3927, 174375, 51.12,0.511161270464772,2024-06-20
PATANJALI, EQ, 20-Jun-2024,1468.7,1459.05,1484.0,1454.4,1469.0,1468.7,1470.07,253799,3731.02,9669, 114351, 45.06,0.4505573308011458,2024-06-20
PATELENG, EQ, 20-Jun-2024,71.57,71.6,72.55,69.91,70.0,70.37,71.18,14163369,10080.87,43789, 6605889, 46.64,0.466406615544649,2024-06-20
PATINTLOG, EQ, 20-Jun-2024,23.74,24.0,24.0,23.02,23.65,23.63,23.44,547982,128.46,2323, 301037, 54.94,0.5493556357690581,2024-06-20
PAVNAIND, EQ, 20-Jun-2024,526.4,535.0,535.95,522.0,533.0,528.5,529.53,5109,27.05,572, 3284, 64.28,0.6427872382070855,2024-06-20
PAYTM, EQ, 20-Jun-2024,410.25,414.0,419.8,410.25,411.45,411.5,414.47,1905808,7898.95,41264, 833257, 43.72,0.43721980388370707,2024-06-20
PCBL, EQ, 20-Jun-2024,253.73,252.0,261.85,250.05,260.98,260.2,258.15,3100585,8004.25,46353, 1509006, 48.67,0.4866842869974537,2024-06-20
PCJEWELLER, EQ, 20-Jun-2024,54.91,54.92,55.9,53.9,54.75,54.72,55.0,1277823,702.77,5224, 652350, 51.05,0.510516714756269,2024-06-20
PDMJEPAPER, EQ, 20-Jun-2024,101.25,101.25,105.0,100.58,102.04,102.31,102.56,896763,919.76,10537, 247826, 27.64,0.2763561832948059,2024-06-20
PDSL, EQ, 20-Jun-2024,531.45,531.45,548.95,522.05,546.0,547.3,538.84,135685,731.12,9267, 77746, 57.30,0.5729889081328076,2024-06-20
PEARLPOLY, BE, 20-Jun-2024,33.66,33.1,34.34,33.1,33.3,33.36,33.39,27913,9.32,136, -, -,,2024-06-20
PEL, EQ, 20-Jun-2024,898.75,895.25,915.0,892.65,906.0,907.85,904.97,1226711,11101.42,27698, 531589, 43.33,0.4333449361748611,2024-06-20
PENIND, EQ, 20-Jun-2024,168.77,169.0,184.0,168.77,180.42,181.39,177.34,1675872,2972.07,12090, 706478, 42.16,0.42155844837791906,2024-06-20
PENINLAND, EQ, 20-Jun-2024,64.5,64.2,69.8,64.2,69.4,68.58,67.16,2691131,1807.35,15470, 1296731, 48.19,0.48185354038878075,2024-06-20
PERSISTENT, EQ, 20-Jun-2024,3842.55,3842.55,3912.95,3827.55,3891.0,3898.35,3877.76,313508,12157.09,31096, 133708, 42.65,0.42648991413297266,2024-06-20
PETRONET, EQ, 20-Jun-2024,310.7,310.8,314.9,307.65,314.5,314.2,312.04,4420665,13794.07,43436, 2097301, 47.44,0.4744311093466707,2024-06-20
PFC, EQ, 20-Jun-2024,499.25,495.0,495.0,477.8,482.6,481.35,482.72,25848843,124777.59,255969, 9990112, 38.65,0.3864819790967046,2024-06-20
PFIZER, EQ, 20-Jun-2024,4839.55,4883.95,4893.9,4780.0,4781.0,4786.5,4821.93,19203,925.96,2994, 12964, 67.51,0.6751028485132531,2024-06-20
PFOCUS, EQ, 20-Jun-2024,99.94,100.0,102.79,99.3,100.46,100.01,100.61,87165,87.69,2332, 53034, 60.84,0.6084322836000688,2024-06-20
PFS, EQ, 20-Jun-2024,49.53,49.45,50.9,47.63,48.0,47.95,48.54,5118592,2484.8,23816, 2088858, 40.81,0.4080923035084648,2024-06-20
PGEL, EQ, 20-Jun-2024,3182.45,3200.0,3300.0,3156.0,3226.3,3250.55,3235.8,156259,5056.22,18171, 67057, 42.91,0.4291400815313038,2024-06-20
PGHH, EQ, 20-Jun-2024,16459.5,16499.9,16748.55,16156.0,16250.0,16232.15,16356.0,6836,1118.1,3255, 3267, 47.79,0.47791105909888826,2024-06-20
PGHL, EQ, 20-Jun-2024,5004.2,4996.05,5050.0,4963.05,4995.0,4997.25,4997.36,6985,349.07,2309, 4566, 65.37,0.6536864710093057,2024-06-20
PGIL, EQ, 20-Jun-2024,616.3,611.0,655.0,611.0,629.95,628.1,636.96,120845,769.73,9624, 72263, 59.80,0.5979808846042451,2024-06-20
PHARMABEES, EQ, 20-Jun-2024,19.99,20.5,20.5,19.83,19.95,19.89,19.89,3947334,785.15,12672, 3161240, 80.09,0.8008544501174717,2024-06-20
PHOENIXLTD, EQ, 20-Jun-2024,3659.7,3695.0,3710.0,3594.65,3695.0,3671.65,3653.11,284880,10406.99,31973, 153608, 53.92,0.5392024712159506,2024-06-20
PIDILITIND, EQ, 20-Jun-2024,3117.2,3120.0,3158.05,3095.35,3121.35,3132.45,3136.69,468706,14701.87,30472, 285732, 60.96,0.6096188228868417,2024-06-20
PIGL, BE, 20-Jun-2024,83.82,82.14,82.14,82.14,82.14,82.14,82.14,8696,7.14,60, -, -,,2024-06-20
PIIND, EQ, 20-Jun-2024,3650.6,3687.9,3805.0,3657.65,3779.8,3774.95,3754.14,805768,30249.64,68111, 281949, 34.99,0.34991337456935495,2024-06-20
PILANIINVS, EQ, 20-Jun-2024,3903.75,3904.0,3950.0,3858.05,3895.0,3902.7,3915.98,4201,164.51,1045, 2300, 54.75,0.5474886931682933,2024-06-20
PILITA, EQ, 20-Jun-2024,12.13,12.3,12.33,11.94,12.09,12.1,12.1,278592,33.71,1167, 177183, 63.60,0.6359945727084769,2024-06-20
PIONEEREMB, EQ, 20-Jun-2024,49.2,48.45,50.85,48.45,49.94,49.82,49.91,68907,34.39,578, 49686, 72.11,0.7210588184074187,2024-06-20
PITTIENG, EQ, 20-Jun-2024,999.0,999.2,1027.0,990.0,1019.9,1019.35,1012.28,122657,1241.64,7203, 75660, 61.68,0.6168420880993339,2024-06-20
PIXTRANS, EQ, 20-Jun-2024,1302.05,1304.6,1316.4,1294.65,1306.45,1302.95,1305.85,15304,199.85,2027, 11142, 72.80,0.728044955567172,2024-06-20
PKTEA, EQ, 20-Jun-2024,334.6,334.8,355.0,326.65,344.0,344.5,346.79,2853,9.89,231, 1952, 68.42,0.6841920785138451,2024-06-20
PLASTIBLEN, EQ, 20-Jun-2024,271.2,272.0,279.0,267.85,270.0,272.1,273.74,45033,123.27,2381, 20555, 45.64,0.45644305287233805,2024-06-20
PLATIND, EQ, 20-Jun-2024,204.92,206.95,214.89,205.29,209.55,210.25,210.74,350656,738.98,11202, 146576, 41.80,0.41800511042160976,2024-06-20
PLAZACABLE, EQ, 20-Jun-2024,88.5,88.6,92.4,88.03,90.75,90.03,90.69,216016,195.91,4309, 109291, 50.59,0.5059393748611214,2024-06-20
PNB, EQ, 20-Jun-2024,128.29,128.3,129.85,127.8,128.5,128.49,128.76,22469105,28932.1,90047, 8160745, 36.32,0.363198489659468,2024-06-20
PNBGILTS, EQ, 20-Jun-2024,110.07,110.94,115.95,110.75,113.5,113.18,114.0,2705770,3084.62,19739, 794623, 29.37,0.2936772157278704,2024-06-20
PNBHOUSING, EQ, 20-Jun-2024,840.0,803.0,813.35,785.0,794.4,791.8,794.07,23656623,187849.16,117092, 13322144, 56.31,0.5631464812200795,2024-06-20
PNC, EQ, 20-Jun-2024,64.09,64.09,70.6,63.56,68.27,67.85,68.41,391735,267.98,3599, 221732, 56.60,0.5660255019337052,2024-06-20
PNCINFRA, EQ, 20-Jun-2024,465.6,467.6,471.0,461.0,462.05,464.35,464.45,930970,4323.85,33825, 454840, 48.86,0.48856568954960955,2024-06-20
POCL, EQ, 20-Jun-2024,679.55,680.05,710.55,679.55,690.0,686.55,698.36,61792,431.53,7468, 16617, 26.89,0.26891830657690313,2024-06-20
PODDARHOUS, BZ, 20-Jun-2024,90.07,90.99,90.99,88.25,90.39,90.44,89.59,1720,1.54,34, -, -,,2024-06-20
PODDARMENT, EQ, 20-Jun-2024,445.0,443.8,466.7,435.0,448.4,459.2,451.04,55486,250.26,3830, 30504, 54.98,0.5497602998954692,2024-06-20
POKARNA, EQ, 20-Jun-2024,651.95,651.95,740.0,650.15,734.05,735.8,715.56,1008990,7219.97,46117, 212586, 21.07,0.2106918799988107,2024-06-20
POLICYBZR, EQ, 20-Jun-2024,1354.1,1354.1,1370.0,1345.55,1347.0,1355.0,1355.55,795109,10778.07,64727, 556907, 70.04,0.7004159178175571,2024-06-20
POLYCAB, EQ, 20-Jun-2024,7002.7,7002.7,7025.5,6905.0,6958.25,6956.45,6963.13,224893,15659.6,30075, 94915, 42.20,0.4220451503603936,2024-06-20
POLYMED, EQ, 20-Jun-2024,1964.9,1965.45,2010.9,1950.85,1996.0,2001.2,1987.73,39655,788.24,5762, 22635, 57.08,0.5707981339049301,2024-06-20
POLYPLEX, EQ, 20-Jun-2024,893.5,893.5,978.75,893.5,964.0,963.45,958.41,1345258,12893.13,64553, 459189, 34.13,0.3413389847895348,2024-06-20
PONNIERODE, EQ, 20-Jun-2024,492.2,493.8,507.95,490.05,496.8,495.1,500.72,185589,929.28,8091, 102305, 55.12,0.5512449552505806,2024-06-20
POONAWALLA, EQ, 20-Jun-2024,423.9,423.05,430.7,421.6,423.3,422.4,425.48,1855484,7894.63,49383, 950257, 51.21,0.5121343002688248,2024-06-20
POWERGRID, EQ, 20-Jun-2024,327.3,327.5,328.3,322.3,325.4,324.55,324.12,11749507,38082.9,129586, 5792558, 49.30,0.49300434477804045,2024-06-20
POWERINDIA, EQ, 20-Jun-2024,11375.75,11417.65,11535.9,10900.0,10960.0,10973.25,11163.06,39323,4389.65,11142, 17912, 45.55,0.45550949825801695,2024-06-20
POWERMECH, EQ, 20-Jun-2024,4998.0,4999.45,5152.0,4965.8,5051.0,5091.25,5088.92,32989,1678.78,6970, 18685, 56.64,0.5664009215192943,2024-06-20
PPAP, EQ, 20-Jun-2024,204.78,204.78,206.5,202.0,205.0,203.65,204.53,17976,36.77,953, 9373, 52.14,0.5214174454828661,2024-06-20
PPL, EQ, 20-Jun-2024,441.35,441.35,459.5,440.05,447.3,448.2,450.62,158870,715.91,9930, 79153, 49.82,0.49822496380688613,2024-06-20
PPLPHARMA, EQ, 20-Jun-2024,153.95,154.53,157.17,153.31,155.25,155.26,155.68,2511487,3909.85,27956, 1088383, 43.34,0.43336198833599376,2024-06-20
PRAENG, EQ, 20-Jun-2024,35.11,37.7,37.7,32.61,34.8,34.3,35.81,1202259,430.57,5828, 722758, 60.12,0.6011666371389193,2024-06-20
PRAJIND, EQ, 20-Jun-2024,684.3,687.5,712.0,687.05,697.5,694.85,699.97,1656079,11591.98,28775, 990461, 59.81,0.5980759371986482,2024-06-20
PRAKASH, EQ, 20-Jun-2024,190.33,192.1,195.8,187.09,194.11,193.55,191.79,2123030,4071.75,32155, 1204749, 56.75,0.5674667809687098,2024-06-20
PRAKASHSTL, BE, 20-Jun-2024,8.99,8.98,8.98,8.85,8.85,8.85,8.87,111447,9.89,428, -, -,,2024-06-20
PRAXIS, BE, 20-Jun-2024,16.22,15.89,15.9,15.89,15.89,15.89,15.89,55195,8.77,48, -, -,,2024-06-20
PRECAM, EQ, 20-Jun-2024,201.49,201.49,203.95,200.43,201.9,201.37,201.8,103698,209.27,3656, 55203, 53.23,0.5323439217728404,2024-06-20
PRECOT, EQ, 20-Jun-2024,482.7,493.0,509.2,475.0,475.0,475.6,491.67,18600,91.45,1281, 12367, 66.49,0.6648924731182796,2024-06-20
PRECWIRE, EQ, 20-Jun-2024,137.69,137.69,155.0,137.0,151.4,151.29,149.52,6883021,10291.76,57056, 1983226, 28.81,0.2881330741254458,2024-06-20
PREMEXPLN, EQ, 20-Jun-2024,4126.2,4199.95,4240.0,3809.75,4156.95,4130.9,4092.98,293408,12009.12,27512, 133419, 45.47,0.4547217526447813,2024-06-20
PREMIER, BE, 20-Jun-2024,3.81,4.0,4.0,3.8,3.94,3.86,3.93,84119,3.31,93, -, -,,2024-06-20
PREMIERPOL, EQ, 20-Jun-2024,214.8,218.0,224.89,216.9,224.2,223.67,221.73,68672,152.27,3026, 36234, 52.76,0.5276386300093197,2024-06-20
PRESTIGE, EQ, 20-Jun-2024,1867.4,1882.0,2050.55,1867.15,1998.9,2013.8,1944.14,2237306,43496.27,116006, 933417, 41.72,0.41720578231140487,2024-06-20
PRICOLLTD, EQ, 20-Jun-2024,503.25,502.45,502.45,484.85,489.0,490.15,490.53,698448,3426.12,29844, 396468, 56.76,0.5676413992165487,2024-06-20
PRIMESECU, EQ, 20-Jun-2024,199.73,200.95,203.99,198.1,203.5,201.06,200.77,203300,408.16,1482, 109337, 53.78,0.537811116576488,2024-06-20
PRINCEPIPE, EQ, 20-Jun-2024,683.65,683.65,687.65,675.1,682.45,679.1,681.56,95149,648.5,5833, 49300, 51.81,0.5181347150259067,2024-06-20
PRITI, EQ, 20-Jun-2024,143.63,146.0,147.99,143.24,146.0,144.9,145.5,22805,33.18,1059, 14080, 61.74,0.6174084630563473,2024-06-20
PRITIKAUTO, EQ, 20-Jun-2024,28.43,29.01,29.85,28.58,29.28,29.22,29.22,368234,107.6,1908, 237298, 64.44,0.6444217535588783,2024-06-20
PRIVISCL, EQ, 20-Jun-2024,1275.3,1288.05,1394.25,1273.95,1349.95,1346.05,1348.93,192031,2590.36,18305, 77325, 40.27,0.40266936067614084,2024-06-20
PROZONER, EQ, 20-Jun-2024,32.15,32.21,33.72,32.1,33.05,33.14,33.02,759996,250.97,5253, 273421, 35.98,0.35976636719140626,2024-06-20
PRSMJOHNSN, EQ, 20-Jun-2024,168.86,169.1,173.25,168.01,171.7,172.46,171.06,432710,740.2,9730, 159021, 36.75,0.36750017332624624,2024-06-20
PRUDENT, EQ, 20-Jun-2024,1843.05,1843.6,1872.0,1815.1,1837.5,1833.7,1846.98,18497,341.64,4567, 11302, 61.10,0.6110180029193923,2024-06-20
PRUDMOULI, BE, 20-Jun-2024,24.22,24.16,25.25,23.25,24.7,24.76,24.86,7070,1.76,33, -, -,,2024-06-20
PSB, EQ, 20-Jun-2024,61.21,61.49,63.5,61.33,61.75,61.62,62.27,2748193,1711.41,12069, 889746, 32.38,0.32375673760903984,2024-06-20
PSPPROJECT, EQ, 20-Jun-2024,655.5,655.5,666.8,651.5,659.15,659.25,660.11,184152,1215.61,6368, 158026, 85.81,0.858128068117642,2024-06-20
PSUBANK, EQ, 20-Jun-2024,749.9,749.9,752.26,742.99,747.0,747.22,746.28,702501,5242.65,1316, 685887, 97.64,0.9763502116011222,2024-06-20
PSUBANKADD, EQ, 20-Jun-2024,74.94,75.36,75.78,74.64,75.1,74.84,75.03,11325,8.5,160, 9691, 85.57,0.8557174392935982,2024-06-20
PSUBNKBEES, EQ, 20-Jun-2024,83.26,83.97,83.97,83.05,83.19,83.16,83.36,1529853,1275.24,8135, 734057, 47.98,0.4798219175306386,2024-06-20
PSUBNKIETF, EQ, 20-Jun-2024,75.44,76.34,76.34,75.11,75.55,75.28,75.5,122591,92.56,1686, 69415, 56.62,0.5662324314182934,2024-06-20
PTC, EQ, 20-Jun-2024,206.66,207.0,207.88,204.55,206.6,206.32,206.5,836720,1727.86,11619, 376784, 45.03,0.4503107371641648,2024-06-20
PTCIL, EQ, 20-Jun-2024,13755.25,13899.8,14261.0,13454.05,13630.0,13603.15,13761.6,6848,942.39,2685, 3177, 46.39,0.46393107476635514,2024-06-20
PTL, EQ, 20-Jun-2024,44.65,44.87,45.1,44.32,44.59,44.51,44.59,111450,49.7,1550, 73225, 65.70,0.6570210856886496,2024-06-20
PUNJABCHEM, EQ, 20-Jun-2024,1247.4,1260.0,1390.0,1252.55,1355.55,1370.0,1340.91,159793,2142.67,19930, 61366, 38.40,0.38403434443311035,2024-06-20
PURVA, BE, 20-Jun-2024,420.55,420.0,425.9,411.0,415.0,417.3,418.2,49087,205.28,907, -, -,,2024-06-20
PVP, EQ, 20-Jun-2024,27.24,27.99,27.99,26.41,27.39,27.14,27.01,395507,106.84,2172, 252697, 63.89,0.638919159458619,2024-06-20
PVRINOX, EQ, 20-Jun-2024,1390.45,1395.0,1396.25,1379.55,1385.0,1383.75,1386.65,260067,3606.21,14358, 138478, 53.25,0.5324704787612423,2024-06-20
PVSL, EQ, 20-Jun-2024,255.19,255.0,265.0,250.79,264.16,262.95,258.97,186538,483.07,10091, 103104, 55.27,0.5527238417909488,2024-06-20
PVTBANIETF, EQ, 20-Jun-2024,25.55,26.3,26.3,25.55,25.87,25.84,25.75,2066292,531.97,5077, 1406904, 68.09,0.6808834375780384,2024-06-20
PVTBANKADD, EQ, 20-Jun-2024,25.64,25.78,26.0,25.61,26.0,25.96,25.83,171273,44.24,506, 133947, 78.21,0.7820672260076019,2024-06-20
PYRAMID, EQ, 20-Jun-2024,166.77,166.77,168.7,165.01,167.2,167.73,166.92,45091,75.27,2710, 25428, 56.39,0.5639262824066887,2024-06-20
QGOLDHALF, EQ, 20-Jun-2024,60.52,60.61,60.85,60.42,60.82,60.78,60.71,49114,29.82,360, 37253, 75.85,0.758500631184591,2024-06-20
QNIFTY, EQ, 20-Jun-2024,2529.95,2524.01,2536.0,2524.01,2536.0,2536.0,2530.0,34,0.86,16, 22, 64.71,0.6470588235294118,2024-06-20
QUAL30IETF, EQ, 20-Jun-2024,20.77,20.83,20.9,20.56,20.83,20.83,20.83,285528,59.47,478, 131306, 45.99,0.45987083578493176,2024-06-20
QUESS, EQ, 20-Jun-2024,609.05,612.1,612.1,599.0,602.0,602.9,604.17,106137,641.25,7628, 62943, 59.30,0.5930354164900082,2024-06-20
QUICKHEAL, EQ, 20-Jun-2024,498.6,500.0,554.0,496.0,544.0,543.4,535.77,485186,2599.49,25848, 237124, 48.87,0.48872803419719446,2024-06-20
RACE, EQ, 20-Jun-2024,402.95,402.9,429.7,402.6,420.0,421.1,417.61,60919,254.4,4644, 32516, 53.38,0.5337579408723059,2024-06-20
RADAAN, BE, 20-Jun-2024,2.01,2.01,2.01,1.91,1.96,1.96,1.98,26087,0.52,30, -, -,,2024-06-20
RADHIKAJWE, EQ, 20-Jun-2024,60.29,60.2,60.6,59.41,60.18,60.03,59.96,288601,173.04,3823, 150618, 52.19,0.521890083540944,2024-06-20
RADIANTCMS, EQ, 20-Jun-2024,82.04,82.13,83.29,80.63,81.31,81.6,81.8,212386,173.73,3493, 130701, 61.54,0.6153936700159144,2024-06-20
RADICO, EQ, 20-Jun-2024,1772.65,1790.0,1806.45,1762.1,1775.5,1786.45,1782.83,170205,3034.47,15455, 71810, 42.19,0.42190299932434416,2024-06-20
RADIOCITY, EQ, 20-Jun-2024,16.32,16.5,16.51,15.8,16.25,16.23,16.32,422623,68.96,1705, 219370, 51.91,0.5190678216755832,2024-06-20
RAILTEL, EQ, 20-Jun-2024,426.8,428.9,437.7,420.2,434.0,434.45,429.29,4769429,20474.47,59823, 1303738, 27.34,0.2733530575672685,2024-06-20
RAIN, EQ, 20-Jun-2024,166.29,166.7,176.2,165.57,173.19,173.15,172.81,6380587,11026.58,48422, 2810013, 44.04,0.44040038949394467,2024-06-20
RAINBOW, EQ, 20-Jun-2024,1297.9,1302.0,1314.55,1281.0,1294.65,1294.25,1298.79,67894,881.8,9453, 32705, 48.17,0.4817067782130969,2024-06-20
RAJESHEXPO, EQ, 20-Jun-2024,287.35,287.7,292.5,286.65,290.0,289.8,289.78,325786,944.08,11179, 137569, 42.23,0.422267991871965,2024-06-20
RAJMET, BE, 20-Jun-2024,10.68,10.77,10.8,10.21,10.77,10.75,10.67,919598,98.17,3452, -, -,,2024-06-20
RAJRATAN, EQ, 20-Jun-2024,557.35,558.0,578.0,557.35,577.95,576.3,573.21,61400,351.95,4918, 38701, 63.03,0.6303094462540717,2024-06-20
RAJRILTD, BE, 20-Jun-2024,21.03,21.0,21.44,20.7,21.3,21.27,21.1,20128,4.25,165, -, -,,2024-06-20
RAJSREESUG, EQ, 20-Jun-2024,82.44,83.07,84.76,79.2,80.6,80.46,81.97,401783,329.35,2965, 220466, 54.87,0.5487190846800387,2024-06-20
RAJTV, BE, 20-Jun-2024,116.95,117.0,117.0,114.61,114.75,114.75,116.53,1589,1.85,24, -, -,,2024-06-20
RALLIS, EQ, 20-Jun-2024,328.0,331.8,348.25,330.1,340.0,339.45,340.48,4089393,13923.42,56324, 972249, 23.77,0.23774897643733434,2024-06-20
RAMANEWS, EQ, 20-Jun-2024,19.18,19.38,19.58,19.0,19.24,19.09,19.25,120780,23.25,566, 65526, 54.25,0.5425235966219573,2024-06-20
RAMAPHO, EQ, 20-Jun-2024,215.29,211.51,223.95,206.5,210.45,211.2,214.75,250209,537.32,5633, 85264, 34.08,0.34077111534756943,2024-06-20
RAMASTEEL, EQ, 20-Jun-2024,11.89,11.93,12.04,11.86,11.95,11.93,11.96,4634751,554.45,10181, 2112615, 45.58,0.4558206039547756,2024-06-20
RAMCOCEM, EQ, 20-Jun-2024,859.8,862.0,875.0,852.0,868.05,867.9,867.94,545610,4735.59,20768, 173281, 31.76,0.3175913198071883,2024-06-20
RAMCOIND, EQ, 20-Jun-2024,246.9,247.0,249.98,244.0,245.51,245.92,247.32,76201,188.46,3349, 44113, 57.89,0.5789031640004725,2024-06-20
RAMCOSYS, BE, 20-Jun-2024,323.35,323.0,336.0,323.0,332.95,332.15,330.97,28689,94.95,461, -, -,,2024-06-20
RAMKY, EQ, 20-Jun-2024,530.0,533.2,618.0,529.55,594.0,594.9,579.89,1102692,6394.4,45783, 394423, 35.77,0.3576909962165319,2024-06-20
RAMRAT, EQ, 20-Jun-2024,369.2,370.9,386.0,369.9,381.55,383.9,380.52,67913,258.42,5378, 41660, 61.34,0.6134318908014665,2024-06-20
RANASUG, EQ, 20-Jun-2024,26.47,26.65,27.24,26.33,26.5,26.51,26.86,3726977,1001.21,10884, 1518950, 40.76,0.4075555067820381,2024-06-20
RANEENGINE, EQ, 20-Jun-2024,415.4,419.05,425.85,412.05,418.4,417.55,418.45,12100,50.63,833, 7848, 64.86,0.648595041322314,2024-06-20
RANEHOLDIN, EQ, 20-Jun-2024,1271.75,1273.85,1285.0,1252.0,1270.0,1267.55,1267.26,10041,127.25,2579, 5669, 56.46,0.5645852006772234,2024-06-20
RATEGAIN, EQ, 20-Jun-2024,752.15,770.0,814.4,770.0,778.8,776.3,795.1,1846962,14685.16,68799, 542382, 29.37,0.293661699591004,2024-06-20
RATNAMANI, EQ, 20-Jun-2024,3411.8,3412.05,3587.0,3394.8,3514.0,3511.3,3478.63,66549,2315.0,11226, 28405, 42.68,0.426828352041353,2024-06-20
RATNAVEER, EQ, 20-Jun-2024,128.59,132.0,144.3,130.98,143.5,143.09,139.65,4597715,6420.82,40920, 2049541, 44.58,0.4457738246063534,2024-06-20
RAYMOND, EQ, 20-Jun-2024,2438.9,2445.0,2458.95,2400.05,2414.0,2405.8,2423.14,71260,1726.73,9191, 28211, 39.59,0.3958882963794555,2024-06-20
RBA, EQ, 20-Jun-2024,107.88,108.04,109.37,106.15,106.59,106.46,107.22,1830256,1962.37,13467, 944937, 51.63,0.5162867926672553,2024-06-20
RBL, EQ, 20-Jun-2024,964.7,965.3,992.95,954.0,955.25,956.25,972.69,34501,335.59,4051, 11164, 32.36,0.32358482362830066,2024-06-20
RBLBANK, EQ, 20-Jun-2024,266.11,267.0,269.66,265.01,267.22,267.09,267.55,5005525,13392.08,37141, 1413520, 28.24,0.2823919568876392,2024-06-20
RBZJEWEL, BE, 20-Jun-2024,128.24,126.36,130.5,126.36,130.0,129.27,129.17,44135,57.01,588, -, -,,2024-06-20
RCF, EQ, 20-Jun-2024,185.22,186.3,222.26,184.31,222.26,222.26,210.87,143936858,303517.14,443703, 19272913, 13.39,0.13389838619375727,2024-06-20
RECLTD, EQ, 20-Jun-2024,515.6,516.0,516.0,499.25,508.55,506.7,506.12,16910479,85586.91,175252, 5871642, 34.72,0.34721914145660804,2024-06-20
REDINGTON, EQ, 20-Jun-2024,214.87,215.84,217.45,212.51,216.44,216.35,215.69,1059448,2285.16,23614, 528198, 49.86,0.49855962727760117,2024-06-20
REDTAPE, EQ, 20-Jun-2024,761.65,761.85,795.0,761.65,785.0,787.6,783.32,185173,1450.49,11041, 108868, 58.79,0.5879258855232674,2024-06-20
REFEX, EQ, 20-Jun-2024,168.6,168.98,169.38,158.4,160.7,160.05,162.28,1170452,1899.38,18769, 673967, 57.58,0.5758177182831932,2024-06-20
REGENCERAM, BE, 20-Jun-2024,40.5,40.55,41.3,40.55,40.6,40.6,40.79,14404,5.88,22, -, -,,2024-06-20
RELAXO, EQ, 20-Jun-2024,829.05,829.05,845.5,828.7,835.25,836.8,837.48,86007,720.29,7864, 37761, 43.90,0.4390456590742614,2024-06-20
RELCHEMQ, EQ, 20-Jun-2024,221.81,225.0,226.0,222.07,225.0,224.11,224.4,25461,57.14,1324, 16915, 66.43,0.6643493971171596,2024-06-20
RELIANCE, EQ, 20-Jun-2024,2917.3,2918.0,2965.7,2900.2,2949.0,2947.4,2945.61,8056888,237324.84,219372, 3570538, 44.32,0.44316589730426936,2024-06-20
RELIGARE, EQ, 20-Jun-2024,224.62,225.4,236.72,224.25,233.6,233.41,231.72,6199266,14365.23,43789, 3445785, 55.58,0.5558375781907083,2024-06-20
RELINFRA, EQ, 20-Jun-2024,209.82,208.41,214.8,207.49,211.9,213.25,211.93,5001212,10599.28,50610, 1998879, 39.97,0.39967891783031795,2024-06-20
REMSONSIND, EQ, 20-Jun-2024,1013.3,1013.3,1063.7,994.05,1019.0,1016.6,1041.03,41498,432.01,3187, 22029, 53.08,0.5308448599932527,2024-06-20
RENUKA, EQ, 20-Jun-2024,51.1,51.45,52.7,50.65,51.7,51.61,51.87,65975099,34222.64,155009, 13391495, 20.30,0.2029780205407498,2024-06-20
REPCOHOME, EQ, 20-Jun-2024,527.0,527.0,528.55,523.0,525.85,526.7,526.23,68882,362.48,4133, 41867, 60.78,0.6078075549490433,2024-06-20
REPL, EQ, 20-Jun-2024,185.21,186.14,192.98,184.0,184.05,185.18,187.75,24192,45.42,1349, 8937, 36.94,0.36941964285714285,2024-06-20
REPRO, EQ, 20-Jun-2024,673.5,675.0,693.15,669.1,679.0,682.95,681.69,11271,76.83,2394, 4836, 42.91,0.4290657439446367,2024-06-20
RESPONIND, EQ, 20-Jun-2024,317.35,317.45,323.4,312.05,314.5,315.8,318.02,235306,748.33,6109, 40263, 17.11,0.171109108989996,2024-06-20
RGL, EQ, 20-Jun-2024,105.3,105.97,107.6,104.1,104.65,104.61,105.55,136411,143.98,3990, 62794, 46.03,0.4603294455725711,2024-06-20
RHFL, BE, 20-Jun-2024,4.05,3.96,3.96,3.96,3.96,3.96,3.96,1216988,48.19,1434, -, -,,2024-06-20
RHIM, EQ, 20-Jun-2024,660.6,663.8,669.15,658.1,659.05,659.7,663.31,104499,693.15,7239, 58569, 56.05,0.5604742629116068,2024-06-20
RHL, EQ, 20-Jun-2024,187.1,189.9,198.0,182.42,194.7,194.05,192.96,35527,68.55,1546, 18119, 51.00,0.5100064739493906,2024-06-20
RICOAUTO, EQ, 20-Jun-2024,144.2,144.9,145.85,141.51,143.9,143.56,143.7,1885530,2709.45,17175, 736861, 39.08,0.39079781281655557,2024-06-20
RIIL, EQ, 20-Jun-2024,1331.55,1330.0,1360.65,1328.0,1337.0,1337.95,1344.43,315959,4247.86,16052, 59512, 18.84,0.18835355220139322,2024-06-20
RISHABH, EQ, 20-Jun-2024,435.8,437.05,440.0,433.15,435.05,434.55,436.95,61303,267.86,3324, 31766, 51.82,0.5181801869402802,2024-06-20
RITCO, EQ, 20-Jun-2024,268.7,268.7,288.5,267.61,268.0,268.89,277.41,464731,1289.2,13731, 230141, 49.52,0.49521335998674504,2024-06-20
RITES, EQ, 20-Jun-2024,692.05,696.0,704.4,683.45,695.0,700.4,694.9,795946,5531.04,25782, 199586, 25.08,0.25075319179944366,2024-06-20
RKDL, EQ, 20-Jun-2024,28.59,29.69,30.01,29.16,30.01,30.01,29.87,159647,47.69,737, 102038, 63.91,0.6391476194353793,2024-06-20
RKEC, EQ, 20-Jun-2024,111.06,112.0,114.3,108.0,108.3,108.35,111.29,300089,333.96,2833, 180475, 60.14,0.601404916541426,2024-06-20
RKFORGE, EQ, 20-Jun-2024,844.3,846.0,884.0,832.0,867.05,871.95,861.53,2778825,23940.29,73779, 770332, 27.72,0.27721500994125214,2024-06-20
RKSWAMY, EQ, 20-Jun-2024,264.55,265.45,271.5,262.4,270.5,270.3,267.09,123052,328.66,6063, 72560, 58.97,0.5896694080551311,2024-06-20
RML, EQ, 20-Jun-2024,892.6,899.0,911.0,880.05,886.0,886.25,895.99,25167,225.49,4050, 5876, 23.35,0.2334803512536258,2024-06-20
ROHLTD, EQ, 20-Jun-2024,363.7,364.65,375.25,364.6,369.95,369.0,370.35,85747,317.56,5879, 27401, 31.96,0.31955636931904324,2024-06-20
ROLEXRINGS, EQ, 20-Jun-2024,2502.3,2502.3,2531.65,2464.9,2477.0,2472.55,2496.98,21611,539.62,9096, 11690, 54.09,0.5409282309934755,2024-06-20
ROLLT, BE, 20-Jun-2024,4.68,4.77,4.77,4.77,4.77,4.77,4.77,1788373,85.31,236, -, -,,2024-06-20
ROLTA, BZ, 20-Jun-2024,4.39,4.4,4.6,4.4,4.6,4.6,4.58,526803,24.15,443, -, -,,2024-06-20
ROML, BE, 20-Jun-2024,54.11,54.37,54.37,53.01,53.11,53.25,53.37,6292,3.36,203, -, -,,2024-06-20
ROSSARI, EQ, 20-Jun-2024,764.4,770.4,818.35,768.15,812.9,812.05,805.62,720470,5804.25,38066, 290447, 40.31,0.40313545324579786,2024-06-20
ROSSELLIND, EQ, 20-Jun-2024,481.15,482.7,489.9,477.0,483.0,480.9,483.47,43416,209.9,4354, 18684, 43.03,0.43034825870646765,2024-06-20
ROTO, EQ, 20-Jun-2024,488.0,488.0,504.0,484.45,499.3,498.95,497.15,232810,1157.41,14520, 111712, 47.98,0.4798419311885228,2024-06-20
ROUTE, EQ, 20-Jun-2024,1547.65,1549.95,1550.75,1500.0,1518.1,1517.15,1515.41,115072,1743.81,18627, 55258, 48.02,0.48020369855394884,2024-06-20
RPGLIFE, EQ, 20-Jun-2024,1555.35,1563.15,1563.15,1538.4,1556.75,1555.05,1551.67,8277,128.43,1578, 5841, 70.57,0.7056904675607104,2024-06-20
RPOWER, EQ, 20-Jun-2024,30.83,30.82,31.71,30.5,30.6,30.64,31.01,32822472,10177.08,60810, 15833366, 48.24,0.48239407440122123,2024-06-20
RPPINFRA, BE, 20-Jun-2024,123.2,124.94,128.7,124.85,127.6,127.72,127.1,97854,124.37,522, -, -,,2024-06-20
RPPL, EQ, 20-Jun-2024,74.32,75.45,77.5,73.65,74.14,74.68,75.8,55781,42.28,809, 33244, 59.60,0.5959735393772073,2024-06-20
RPSGVENT, EQ, 20-Jun-2024,691.9,690.2,700.2,685.0,691.0,691.75,692.15,31508,218.08,2430, 20305, 64.44,0.6444395074266853,2024-06-20
RPTECH, EQ, 20-Jun-2024,330.55,332.1,335.0,330.1,331.75,332.55,332.6,118539,394.26,5108, 66814, 56.36,0.563645719974017,2024-06-20
RRKABEL, EQ, 20-Jun-2024,1755.8,1750.0,1762.0,1738.7,1747.0,1750.7,1751.04,49063,859.11,5499, 19561, 39.87,0.39869147830340584,2024-06-20
RSSOFTWARE, BE, 20-Jun-2024,199.84,209.83,209.83,209.83,209.83,209.83,209.83,6825,14.32,77, -, -,,2024-06-20
RSWM, EQ, 20-Jun-2024,187.49,187.55,192.9,187.55,190.06,189.17,190.57,199569,380.33,5400, 122221, 61.24,0.6124247753909675,2024-06-20
RSYSTEMS, EQ, 20-Jun-2024,494.1,497.25,509.9,477.0,505.0,482.7,488.57,246524,1204.44,8345, 130353, 52.88,0.5287639337346465,2024-06-20
RTNINDIA, EQ, 20-Jun-2024,80.19,80.51,84.89,79.48,82.5,81.83,82.93,13151422,10905.91,55983, 4074114, 30.98,0.30978505594299993,2024-06-20
RTNPOWER, BE, 20-Jun-2024,18.07,18.1,18.7,17.4,18.34,18.3,18.05,36544329,6595.45,102947, -, -,,2024-06-20
RUBYMILLS, EQ, 20-Jun-2024,216.13,216.19,227.9,215.0,225.11,224.6,225.26,97280,219.13,2776, 50734, 52.15,0.5215254934210526,2024-06-20
RUCHINFRA, EQ, 20-Jun-2024,12.52,12.68,12.68,11.86,12.48,12.43,12.41,228498,28.36,867, 145548, 63.70,0.63697712890266,2024-06-20
RUCHIRA, EQ, 20-Jun-2024,134.85,134.85,139.9,134.85,138.15,138.48,137.72,204762,282.0,3330, 81276, 39.69,0.3969291177073871,2024-06-20
RUPA, EQ, 20-Jun-2024,262.76,270.0,290.0,269.0,282.75,282.67,282.38,2482696,7010.64,53211, 798064, 32.15,0.32145055214170404,2024-06-20
RUSHIL, EQ, 20-Jun-2024,322.1,323.1,341.0,323.1,338.0,337.0,335.7,231647,777.63,10048, 123528, 53.33,0.5332596580141336,2024-06-20
RUSTOMJEE, EQ, 20-Jun-2024,707.75,708.95,712.3,692.0,699.5,699.4,699.83,37521,262.58,2858, 29044, 77.41,0.7740731856826844,2024-06-20
RVHL, EQ, 20-Jun-2024,48.36,48.15,49.49,46.02,46.8,46.66,47.47,109901,52.17,955, 89385, 81.33,0.8133228997006396,2024-06-20
RVNL, EQ, 20-Jun-2024,390.9,388.0,392.3,383.1,387.5,387.3,386.6,11437105,44215.68,116382, 3155817, 27.59,0.27592795554469424,2024-06-20
S&SPOWER, BE, 20-Jun-2024,283.31,277.64,277.64,277.64,277.64,277.64,277.64,3644,10.12,36, -, -,,2024-06-20
SABEVENTS, BE, 20-Jun-2024,9.74,9.93,9.93,9.93,9.93,9.93,9.93,21413,2.13,25, -, -,,2024-06-20
SABTNL, BE, 20-Jun-2024,211.08,215.3,215.3,215.3,215.3,215.3,215.3,111,0.24,3, -, -,,2024-06-20
SADBHAV, BE, 20-Jun-2024,30.3,29.45,30.45,29.0,29.28,29.15,29.54,458240,135.36,843, -, -,,2024-06-20
SADBHIN, EQ, 20-Jun-2024,6.18,6.18,6.3,5.87,5.87,5.87,6.0,723688,43.4,1429, 536278, 74.10,0.7410348105813555,2024-06-20
SADHNANIQ, EQ, 20-Jun-2024,65.43,65.6,73.0,65.6,72.0,71.8,71.31,2571742,1833.82,18362, 799590, 31.09,0.3109137697327337,2024-06-20
SAFARI, EQ, 20-Jun-2024,2084.5,2084.5,2100.0,2049.0,2055.5,2059.15,2072.46,20242,419.51,3597, 8232, 40.67,0.40667918189902186,2024-06-20
SAGARDEEP, EQ, 20-Jun-2024,28.61,28.62,30.92,28.5,28.5,28.69,29.52,67242,19.85,547, 37309, 55.48,0.554846673210196,2024-06-20
SAGCEM, EQ, 20-Jun-2024,252.17,252.6,255.73,247.21,252.8,253.17,252.23,344519,868.97,15198, 164963, 47.88,0.4788211970892752,2024-06-20
SAH, EQ, 20-Jun-2024,92.2,92.0,93.94,91.2,92.07,91.94,92.03,27920,25.7,304, 8357, 29.93,0.29931948424068766,2024-06-20
SAHYADRI, EQ, 20-Jun-2024,416.55,418.5,423.95,412.8,418.4,415.45,417.79,4840,20.22,470, 2842, 58.72,0.5871900826446281,2024-06-20
SAIL, EQ, 20-Jun-2024,149.95,150.5,154.3,150.5,154.2,154.03,153.2,28456396,43596.48,85530, 9112954, 32.02,0.3202427320733096,2024-06-20
SAKAR, EQ, 20-Jun-2024,311.55,315.0,318.0,311.45,316.0,315.75,315.27,18970,59.81,1123, 9770, 51.50,0.5150237216657881,2024-06-20
SAKHTISUG, EQ, 20-Jun-2024,42.0,42.24,43.2,41.2,41.39,41.33,42.31,1526522,645.84,7375, 668105, 43.77,0.43766483548877777,2024-06-20
SAKSOFT, EQ, 20-Jun-2024,297.14,299.8,301.89,292.2,293.5,294.24,296.56,392224,1163.18,14966, 133636, 34.07,0.340713469853961,2024-06-20
SAKUMA, EQ, 20-Jun-2024,36.31,37.2,38.15,36.37,36.45,36.43,37.07,21499386,7970.65,48038, 6504507, 30.25,0.3025438493917919,2024-06-20
SALASAR, EQ, 20-Jun-2024,19.86,19.96,19.99,19.71,19.78,19.78,19.8,8817634,1746.04,11047, 7791485, 88.36,0.8836253580041993,2024-06-20
SALONA, EQ, 20-Jun-2024,300.65,301.85,308.45,297.9,307.0,306.6,305.43,21822,66.65,682, 10724, 49.14,0.49143066630006416,2024-06-20
SALSTEEL, BE, 20-Jun-2024,21.21,20.78,20.78,20.78,20.78,20.78,20.78,10979,2.28,84, -, -,,2024-06-20
SALZERELEC, EQ, 20-Jun-2024,917.0,917.0,950.0,896.3,900.0,902.7,926.58,290089,2687.91,18053, 107242, 36.97,0.369686544474282,2024-06-20
SAMBHAAV, EQ, 20-Jun-2024,4.93,5.12,5.12,4.86,4.95,4.95,4.94,41096,2.03,242, 23174, 56.39,0.5638991629355655,2024-06-20
SAMHI, EQ, 20-Jun-2024,189.89,190.6,194.6,188.86,191.4,191.13,191.31,871295,1666.9,15163, 490091, 56.25,0.5624857252710046,2024-06-20
SAMPANN, EQ, 20-Jun-2024,30.91,30.91,32.45,30.71,32.4,32.44,32.42,917957,297.63,1136, 764009, 83.23,0.8322927980286658,2024-06-20
SANCO, BZ, 20-Jun-2024,8.13,8.1,8.53,8.1,8.53,8.53,8.53,34339,2.93,43, -, -,,2024-06-20
SANDESH, EQ, 20-Jun-2024,1338.7,1338.7,1425.0,1326.25,1414.5,1408.75,1392.58,23295,324.4,3762, 14954, 64.19,0.641940330543035,2024-06-20
SANDHAR, EQ, 20-Jun-2024,559.7,559.7,560.0,551.65,553.15,554.35,556.22,41606,231.42,2745, 21666, 52.07,0.5207422006441379,2024-06-20
SANDUMA, EQ, 20-Jun-2024,603.5,631.0,634.8,597.0,605.0,605.9,614.03,947022,5814.99,23467, 483576, 51.06,0.5106280529913771,2024-06-20
SANGAMIND, EQ, 20-Jun-2024,426.9,428.0,434.3,424.05,428.45,426.05,430.02,14924,64.18,1754, 7312, 48.99,0.489949075314929,2024-06-20
SANGHIIND, EQ, 20-Jun-2024,100.41,100.91,104.0,99.9,100.45,100.46,100.61,996721,1002.84,5410, 624221, 62.63,0.6262745542634298,2024-06-20
SANGHVIMOV, EQ, 20-Jun-2024,1095.35,1105.0,1112.95,1058.1,1078.0,1071.25,1081.81,447661,4842.86,20882, 234317, 52.34,0.5234250917546983,2024-06-20
SANGINITA, EQ, 20-Jun-2024,18.45,18.5,19.0,18.34,18.72,18.64,18.71,478271,89.49,1264, 282653, 59.10,0.5909892090467538,2024-06-20
SANOFI, BE, 20-Jun-2024,7190.75,7150.0,7150.0,6878.0,6999.95,6921.6,7043.07,21833,1537.71,3719, -, -,,2024-06-20
SANSERA, EQ, 20-Jun-2024,1272.1,1300.0,1330.65,1249.1,1266.4,1266.4,1297.57,514705,6678.66,27220, 217683, 42.29,0.42292769644747963,2024-06-20
SAPPHIRE, EQ, 20-Jun-2024,1559.3,1612.0,1671.0,1560.25,1577.0,1576.3,1609.4,1151000,18524.24,73403, 277727, 24.13,0.24129192006950478,2024-06-20
SARDAEN, EQ, 20-Jun-2024,227.61,227.61,234.59,226.75,233.35,229.83,230.47,375595,865.63,14682, 164222, 43.72,0.4372315925398368,2024-06-20
SAREGAMA, EQ, 20-Jun-2024,556.8,560.0,560.0,551.75,558.0,555.3,554.96,771941,4283.95,17735, 679696, 88.05,0.8805025254520747,2024-06-20
SARLAPOLY, EQ, 20-Jun-2024,92.35,92.95,94.9,92.0,94.55,94.16,93.54,650441,608.45,8129, 216369, 33.26,0.3326496945918231,2024-06-20
SARVESHWAR, EQ, 20-Jun-2024,8.95,8.98,9.05,8.8,8.97,8.96,8.99,1949188,175.27,4222, 1483121, 76.09,0.7608917149089774,2024-06-20
SASKEN, EQ, 20-Jun-2024,1550.5,1573.75,1577.6,1541.1,1551.7,1551.7,1556.04,20355,316.73,2475, 12420, 61.02,0.6101694915254238,2024-06-20
SASTASUNDR, EQ, 20-Jun-2024,348.0,346.7,357.15,341.95,351.05,351.85,348.98,38984,136.05,5677, 17872, 45.84,0.45844449004719884,2024-06-20
SATIA, EQ, 20-Jun-2024,123.55,124.19,128.15,123.03,125.9,126.06,126.2,1012352,1277.61,11409, 520659, 51.43,0.5143062887217095,2024-06-20
SATIN, EQ, 20-Jun-2024,240.34,243.0,248.0,241.21,244.05,245.12,245.77,263959,648.72,7015, 136285, 51.63,0.5163112453070363,2024-06-20
SATINDLTD, EQ, 20-Jun-2024,92.24,92.5,96.7,92.05,94.35,94.32,94.98,697988,662.92,8100, 343197, 49.17,0.4916946996223431,2024-06-20
SAURASHCEM, EQ, 20-Jun-2024,135.43,135.0,136.67,132.56,134.0,133.22,134.39,214830,288.7,4890, 98008, 45.62,0.456211888469953,2024-06-20
SBC, EQ, 20-Jun-2024,29.33,29.46,31.98,29.45,29.59,29.74,31.0,12333549,3822.87,25630, 4745195, 38.47,0.3847388128104895,2024-06-20
SBCL, EQ, 20-Jun-2024,530.25,532.9,540.9,526.1,530.0,530.85,532.79,118891,633.44,8432, 66236, 55.71,0.557115340942544,2024-06-20
SBFC, EQ, 20-Jun-2024,86.28,86.59,87.5,85.48,86.7,86.86,86.88,3975505,3453.95,19281, 1909016, 48.02,0.48019459163049727,2024-06-20
SBGLP, EQ, 20-Jun-2024,126.57,126.59,130.75,126.15,127.1,127.69,128.34,283699,364.09,6097, 75625, 26.66,0.266567735522508,2024-06-20
SBICARD, EQ, 20-Jun-2024,730.0,730.0,738.5,728.65,732.05,732.5,733.76,886197,6502.58,28615, 403798, 45.57,0.45565263705474063,2024-06-20
SBIETFCON, EQ, 20-Jun-2024,113.5,114.05,114.05,112.1,113.5,113.07,113.06,6425,7.26,268, 5296, 82.43,0.8242801556420234,2024-06-20
SBIETFIT, EQ, 20-Jun-2024,372.06,371.62,373.44,369.18,371.94,372.72,371.85,6592,24.51,284, 5417, 82.18,0.821753640776699,2024-06-20
SBIETFPB, EQ, 20-Jun-2024,258.7,258.81,265.7,258.5,260.65,260.67,260.62,76124,198.4,437, 66195, 86.96,0.869568073143818,2024-06-20
SBIETFQLTY, EQ, 20-Jun-2024,218.81,224.4,224.4,217.32,219.54,219.43,218.79,1601,3.5,84, 1213, 75.77,0.7576514678326046,2024-06-20
SBILIFE, EQ, 20-Jun-2024,1449.2,1476.0,1480.9,1451.45,1459.0,1455.5,1459.19,1444553,21078.84,79295, 530033, 36.69,0.3669183477518651,2024-06-20
SBIN, EQ, 20-Jun-2024,852.6,853.0,853.1,842.35,844.9,843.75,846.89,13985352,118441.05,214049, 5753476, 41.14,0.41139300605376256,2024-06-20
SCHAEFFLER, EQ, 20-Jun-2024,4658.65,4635.6,4690.95,4623.15,4683.75,4670.6,4648.57,98771,4591.44,33399, 53863, 54.53,0.5453321319010641,2024-06-20
SCHAND, EQ, 20-Jun-2024,229.17,229.5,231.0,227.1,228.05,227.8,229.03,46250,105.92,2586, 28222, 61.02,0.6102054054054054,2024-06-20
SCHNEIDER, EQ, 20-Jun-2024,905.1,914.25,954.7,891.2,925.0,922.9,931.72,482831,4498.64,24383, 234088, 48.48,0.4848238824764773,2024-06-20
SCI, EQ, 20-Jun-2024,274.32,278.7,279.25,271.18,273.6,273.27,274.3,4935322,13537.7,44518, 1496938, 30.33,0.3033111112101703,2024-06-20
SCILAL, EQ, 20-Jun-2024,74.93,75.5,80.55,74.05,79.0,79.26,78.12,12070391,9429.35,66509, 4315052, 35.75,0.3574906562678873,2024-06-20
SCPL, EQ, 20-Jun-2024,589.4,610.0,610.0,572.35,573.0,575.15,586.54,100157,587.46,8996, 40705, 40.64,0.4064119332647743,2024-06-20
SDBL, EQ, 20-Jun-2024,115.9,109.0,117.17,105.9,113.8,113.42,113.18,13363486,15125.21,67879, 2642668, 19.78,0.197752891723013,2024-06-20
SDL24BEES, EQ, 20-Jun-2024,121.76,121.69,122.39,121.6,122.39,122.38,121.61,207741,252.63,32, 207675, 99.97,0.9996822967059945,2024-06-20
SDL26BEES, EQ, 20-Jun-2024,121.95,121.95,121.95,121.41,121.94,121.94,121.57,1020,1.24,21, 993, 97.35,0.9735294117647059,2024-06-20
SEAMECLTD, EQ, 20-Jun-2024,1131.85,1147.0,1149.9,1122.4,1136.0,1135.95,1134.58,53219,603.81,3859, 32788, 61.61,0.6160957552753715,2024-06-20
SECMARK, BE, 20-Jun-2024,104.05,105.5,105.5,101.5,105.0,105.0,103.29,2937,3.03,37, -, -,,2024-06-20
SECURCRED, EQ, 20-Jun-2024,12.65,12.41,12.89,12.2,12.6,12.5,12.49,210699,26.31,1014, 119107, 56.53,0.5652945671313105,2024-06-20
SECURKLOUD, BE, 20-Jun-2024,39.0,39.0,39.0,38.5,38.5,38.5,38.8,3443,1.34,37, -, -,,2024-06-20
SEJALLTD, BE, 20-Jun-2024,320.0,315.05,326.95,315.05,318.0,318.55,321.17,6213,19.95,44, -, -,,2024-06-20
SELAN, EQ, 20-Jun-2024,735.8,735.6,737.4,710.0,722.4,720.5,722.03,75337,543.96,5910, 32153, 42.68,0.4267889615992142,2024-06-20
SELMC, EQ, 20-Jun-2024,65.23,65.3,66.55,64.22,64.5,64.78,65.07,14664,9.54,676, 7339, 50.05,0.5004773595199127,2024-06-20
SEMAC, BE, 20-Jun-2024,621.0,611.0,618.7,589.95,606.0,608.25,603.59,5032,30.37,316, -, -,,2024-06-20
SENCO, EQ, 20-Jun-2024,1029.35,1039.45,1057.8,1034.95,1049.95,1047.25,1047.94,945164,9904.74,35003, 348253, 36.85,0.3684577491313677,2024-06-20
SENSEXADD, EQ, 20-Jun-2024,77.99,78.83,78.83,77.53,77.97,78.15,78.02,1055,0.82,54, 638, 60.47,0.604739336492891,2024-06-20
SENSEXETF, EQ, 20-Jun-2024,78.0,78.36,78.98,77.44,78.21,78.0,77.98,6387,4.98,158, 4988, 78.10,0.7809613276968843,2024-06-20
SENSEXIETF, EQ, 20-Jun-2024,867.15,867.16,873.84,861.6,871.0,869.71,867.39,1508,13.08,154, 721, 47.81,0.4781167108753316,2024-06-20
SEPC, EQ, 20-Jun-2024,21.91,22.0,22.19,21.0,21.15,21.09,21.4,11180070,2392.27,11831, 8068423, 72.17,0.7216791129214755,2024-06-20
SEQUENT, EQ, 20-Jun-2024,121.5,121.5,125.39,120.11,123.61,123.78,123.32,962292,1186.65,12055, 421493, 43.80,0.4380094607458027,2024-06-20
SERVOTECH, EQ, 20-Jun-2024,85.49,85.5,87.99,84.88,85.95,85.99,86.62,751451,650.9,6192, 372578, 49.58,0.4958114368069242,2024-06-20
SESHAPAPER, EQ, 20-Jun-2024,341.9,341.9,356.0,338.75,344.95,345.05,348.06,115557,402.21,7606, 40240, 34.82,0.34822641640056423,2024-06-20
SETCO, BE, 20-Jun-2024,10.49,10.69,10.69,10.69,10.69,10.69,10.69,59042,6.31,50, -, -,,2024-06-20
SETF10GILT, EQ, 20-Jun-2024,232.68,232.6,232.97,232.6,232.94,232.76,232.69,12189,28.36,59, 12168, 99.83,0.9982771351218311,2024-06-20
SETFGOLD, EQ, 20-Jun-2024,62.64,64.5,64.5,61.52,62.89,62.91,62.83,885571,556.43,2290, 677278, 76.48,0.7647924333565576,2024-06-20
SETFNIF50, EQ, 20-Jun-2024,247.58,247.57,248.5,246.42,248.0,248.05,247.79,250644,621.06,3110, 210450, 83.96,0.8396370948436827,2024-06-20
SETFNIFBK, EQ, 20-Jun-2024,521.6,521.59,526.5,520.5,525.75,525.61,524.34,551166,2889.98,810, 531063, 96.35,0.9635264149094828,2024-06-20
SETFNN50, EQ, 20-Jun-2024,754.61,756.79,757.74,750.0,752.55,753.42,754.2,20312,153.19,1359, 13665, 67.28,0.6727550216620717,2024-06-20
SEYAIND, BE, 20-Jun-2024,23.24,24.25,24.25,23.5,24.15,24.08,24.11,10331,2.49,61, -, -,,2024-06-20
SFL, EQ, 20-Jun-2024,938.95,943.65,959.9,935.0,959.0,956.0,948.19,105588,1001.18,10906, 60591, 57.38,0.5738436185930219,2024-06-20
SGIL, EQ, 20-Jun-2024,327.75,334.0,335.15,324.15,328.1,329.85,330.24,20925,69.1,1361, 13342, 63.76,0.637610513739546,2024-06-20
SGL, EQ, 20-Jun-2024,17.49,17.56,18.2,16.1,17.06,17.14,17.14,199363,34.17,1204, 130248, 65.33,0.6533208268334646,2024-06-20
SHAH, EQ, 20-Jun-2024,4.11,4.12,4.23,4.11,4.13,4.13,4.19,953596,39.92,1962, 641337, 67.25,0.6725458160478861,2024-06-20
SHAHALLOYS, EQ, 20-Jun-2024,66.54,67.0,68.39,65.61,66.0,66.09,66.94,46635,31.22,571, 31810, 68.21,0.6821057145920446,2024-06-20
SHAILY, EQ, 20-Jun-2024,750.65,751.15,792.0,751.15,767.0,771.0,770.27,345971,2664.93,17545, 209032, 60.42,0.6041893684730801,2024-06-20
SHAKTIPUMP, BE, 20-Jun-2024,2995.75,3145.5,3145.5,3145.5,3145.5,3145.5,3145.5,57193,1799.01,1230, -, -,,2024-06-20
SHALBY, EQ, 20-Jun-2024,275.15,274.85,280.95,274.2,278.95,279.55,278.84,80978,225.8,3875, 37334, 46.10,0.46103880066190817,2024-06-20
SHALPAINTS, EQ, 20-Jun-2024,144.62,145.01,149.17,143.01,145.0,144.43,146.57,253414,371.44,2340, 151003, 59.59,0.595874734623975,2024-06-20
SHANKARA, EQ, 20-Jun-2024,686.45,686.45,700.0,685.6,690.0,694.3,692.0,84242,582.95,5908, 41334, 49.07,0.4906578666223499,2024-06-20
SHANTI, BE, 20-Jun-2024,15.94,15.9,16.05,15.31,15.95,15.4,15.67,9859,1.54,81, -, -,,2024-06-20
SHANTIGEAR, EQ, 20-Jun-2024,539.65,540.3,556.0,532.2,541.3,537.2,543.77,40049,217.77,4399, 18438, 46.04,0.46038602711678195,2024-06-20
SHARDACROP, EQ, 20-Jun-2024,433.6,433.6,460.0,432.25,451.25,451.8,449.07,615541,2764.24,23730, 219835, 35.71,0.35714111651376595,2024-06-20
SHARDAMOTR, EQ, 20-Jun-2024,1789.95,1790.35,1843.9,1781.8,1818.1,1820.0,1823.95,60272,1099.33,9075, 27729, 46.01,0.46006437483408547,2024-06-20
SHAREINDIA, EQ, 20-Jun-2024,1510.95,1513.9,1518.0,1509.5,1510.6,1510.9,1511.02,163736,2474.09,5593, 80630, 49.24,0.4924390482239703,2024-06-20
SHARIABEES, EQ, 20-Jun-2024,508.33,511.03,513.98,505.18,509.15,508.51,508.09,1294,6.57,173, 848, 65.53,0.6553323029366306,2024-06-20
SHEMAROO, EQ, 20-Jun-2024,149.65,152.0,152.0,148.26,151.0,150.34,149.94,22831,34.23,798, 12452, 54.54,0.5453987998773597,2024-06-20
SHILPAMED, EQ, 20-Jun-2024,526.75,526.75,576.0,523.15,570.0,572.3,558.25,923019,5152.75,32082, 463054, 50.17,0.501673313333745,2024-06-20
SHIVALIK, EQ, 20-Jun-2024,572.1,574.5,612.6,574.5,600.05,602.6,599.48,60838,364.71,4652, 34871, 57.32,0.5731779479930307,2024-06-20
SHIVAMAUTO, EQ, 20-Jun-2024,39.02,39.05,43.1,38.5,42.75,42.48,41.85,827884,346.45,2774, 488989, 59.06,0.590649173072556,2024-06-20
SHIVAMILLS, EQ, 20-Jun-2024,93.44,94.53,94.53,92.21,92.9,92.85,93.04,10179,9.47,221, 6395, 62.83,0.6282542489439041,2024-06-20
SHIVATEX, EQ, 20-Jun-2024,187.83,188.96,194.49,183.0,185.0,185.01,188.65,21158,39.92,1580, 11357, 53.68,0.5367709613385008,2024-06-20
SHK, EQ, 20-Jun-2024,202.32,202.3,211.88,202.13,208.65,207.37,207.61,939765,1951.0,15203, 466232, 49.61,0.49611551824126243,2024-06-20
SHOPERSTOP, EQ, 20-Jun-2024,732.9,735.9,754.0,731.05,749.9,751.15,747.91,43130,322.57,3819, 29800, 69.09,0.6909343844191977,2024-06-20
SHRADHA, EQ, 20-Jun-2024,96.38,108.0,115.65,101.6,115.65,115.65,113.43,404769,459.13,1794, 211621, 52.28,0.5228191882283475,2024-06-20
SHREDIGCEM, EQ, 20-Jun-2024,109.68,110.7,112.42,109.14,110.9,110.76,110.93,667775,740.8,5530, 300394, 44.98,0.4498431357867545,2024-06-20
SHREECEM, EQ, 20-Jun-2024,27443.4,27490.0,27766.9,27343.85,27582.0,27698.45,27634.04,30646,8468.73,10453, 15458, 50.44,0.5044051425960974,2024-06-20
SHREEPUSHK, EQ, 20-Jun-2024,211.22,210.1,234.9,210.09,221.05,223.57,223.22,798760,1783.02,27525, 256116, 32.06,0.3206419950923932,2024-06-20
SHREERAMA, BE, 20-Jun-2024,25.42,25.92,25.92,25.92,25.92,25.92,25.92,22774,5.9,38, -, -,,2024-06-20
SHRENIK, EQ, 20-Jun-2024,0.97,0.97,0.98,0.97,0.98,0.97,0.98,1617777,15.77,1329, 1022669, 63.21,0.6321446033662241,2024-06-20
SHREYANIND, EQ, 20-Jun-2024,293.27,297.95,303.0,281.3,285.0,286.64,291.03,83866,244.08,1940, 45793, 54.60,0.546025803066797,2024-06-20
SHREYAS, EQ, 20-Jun-2024,349.5,349.5,351.8,342.0,344.0,343.85,344.75,45003,155.15,2794, 25586, 56.85,0.5685398751194365,2024-06-20
SHRIPISTON, EQ, 20-Jun-2024,1927.1,1940.8,1945.1,1919.7,1943.0,1941.4,1936.75,38832,752.08,5116, 25287, 65.12,0.6511897404202719,2024-06-20
SHRIRAMFIN, EQ, 20-Jun-2024,2791.25,2804.55,2854.5,2764.75,2810.0,2805.2,2812.51,1389762,39087.18,97265, 726487, 52.27,0.5227420234543756,2024-06-20
SHRIRAMPPS, EQ, 20-Jun-2024,111.74,112.0,116.8,111.4,114.75,114.54,114.55,2535759,2904.83,17621, 945044, 37.27,0.3726868365645158,2024-06-20
SHYAMCENT, BE, 20-Jun-2024,17.71,17.89,17.89,17.5,17.7,17.64,17.65,153872,27.15,686, -, -,,2024-06-20
SHYAMMETL, EQ, 20-Jun-2024,683.8,679.9,686.0,669.95,674.8,679.0,677.81,553099,3748.98,13267, 330019, 59.67,0.5966725667556803,2024-06-20
SHYAMTEL, BE, 20-Jun-2024,17.76,18.1,18.1,17.81,17.81,17.81,17.98,11101,2.0,36, -, -,,2024-06-20
SICALLOG, BE, 20-Jun-2024,141.0,140.01,140.1,134.01,139.0,137.6,136.57,30730,41.97,311, -, -,,2024-06-20
SIEMENS, EQ, 20-Jun-2024,7538.0,7540.0,7551.8,7430.05,7515.0,7524.9,7481.31,312158,23353.51,42606, 129299, 41.42,0.414210111546076,2024-06-20
SIGACHI, EQ, 20-Jun-2024,62.91,63.3,63.69,62.56,63.2,63.2,63.14,1265033,798.77,7662, 743858, 58.80,0.5880147000117784,2024-06-20
SIGIND, EQ, 20-Jun-2024,85.19,85.3,88.0,84.2,85.53,86.07,85.42,67305,57.49,1489, 37624, 55.90,0.5590075031572691,2024-06-20
SIGMA, EQ, 20-Jun-2024,398.5,401.5,401.55,393.2,399.5,396.75,396.29,5973,23.67,750, 3769, 63.10,0.6310061945421062,2024-06-20
SIGNATURE, EQ, 20-Jun-2024,1398.9,1413.05,1424.25,1383.15,1408.0,1397.1,1408.34,686872,9673.49,19246, 206977, 30.13,0.3013327082775248,2024-06-20
SIGNPOST, EQ, 20-Jun-2024,281.95,282.55,292.0,279.0,290.0,288.7,285.19,63115,180.0,3496, 33621, 53.27,0.5326942882040719,2024-06-20
SIKKO, BE, 20-Jun-2024,102.24,102.24,103.0,98.0,101.1,101.14,100.72,44637,44.96,472, -, -,,2024-06-20
SIL, EQ, 20-Jun-2024,24.48,24.88,24.98,24.5,24.8,24.74,24.65,59186,14.59,483, 42881, 72.45,0.7245125536444429,2024-06-20
SILGO, EQ, 20-Jun-2024,33.23,33.01,34.04,32.96,33.7,33.49,33.44,35853,11.99,377, 18444, 51.44,0.5144339385825454,2024-06-20
SILINV, EQ, 20-Jun-2024,501.15,502.25,565.0,491.45,559.0,538.85,523.48,57015,298.46,3833, 32835, 57.59,0.5759010786635096,2024-06-20
SILLYMONKS, EQ, 20-Jun-2024,17.7,17.75,19.47,17.7,19.21,19.13,19.12,183857,35.16,360, 115241, 62.68,0.6267969128181141,2024-06-20
SILVER, EQ, 20-Jun-2024,90.13,90.94,91.84,90.94,91.7,91.73,91.5,129177,118.2,1224, 65580, 50.77,0.5076755149910588,2024-06-20
SILVER1, EQ, 20-Jun-2024,87.95,88.42,89.75,88.42,89.49,89.47,89.25,38021,33.93,292, 21106, 55.51,0.555114278951106,2024-06-20
SILVERADD, EQ, 20-Jun-2024,87.29,88.09,89.19,88.09,88.85,88.85,88.54,26303,23.29,277, 23557, 89.56,0.8956012622134357,2024-06-20
SILVERBEES, EQ, 20-Jun-2024,86.92,87.81,88.75,87.81,88.48,88.5,88.37,5536699,4892.81,14212, 3846117, 69.47,0.6946588571999308,2024-06-20
SILVERETF, EQ, 20-Jun-2024,89.67,90.24,91.3,90.15,91.25,91.18,90.91,153103,139.19,875, 115554, 75.47,0.7547468044388418,2024-06-20
SILVERIETF, EQ, 20-Jun-2024,90.19,92.87,92.87,91.02,92.05,92.04,91.87,1478525,1358.38,1835, 1348523, 91.21,0.9120731810419168,2024-06-20
SILVERTUC, EQ, 20-Jun-2024,778.65,782.15,782.15,772.9,781.0,779.65,778.03,22283,173.37,674, 5856, 26.28,0.26280123861239507,2024-06-20
SILVRETF, EQ, 20-Jun-2024,88.27,89.98,90.0,88.62,90.0,89.81,89.62,17301,15.51,263, 13821, 79.89,0.7988555574822265,2024-06-20
SIMBHALS, EQ, 20-Jun-2024,33.57,33.7,37.38,31.65,34.49,33.98,36.12,2641666,954.11,7397, 821193, 31.09,0.3108617819209544,2024-06-20
SIMPLEXINF, BE, 20-Jun-2024,151.9,151.9,155.0,145.6,149.0,152.18,149.84,81721,122.45,328, -, -,,2024-06-20
SINCLAIR, EQ, 20-Jun-2024,114.15,115.94,116.4,114.08,116.3,115.75,115.39,37367,43.12,1147, 24952, 66.78,0.6677549709636845,2024-06-20
SINDHUTRAD, EQ, 20-Jun-2024,22.29,22.34,23.0,22.0,22.22,22.18,22.37,418854,93.69,1569, 242647, 57.93,0.5793116455853352,2024-06-20
SINTERCOM, EQ, 20-Jun-2024,135.02,135.67,139.79,133.0,135.0,135.63,135.5,21171,28.69,469, 13259, 62.63,0.6262812337631666,2024-06-20
SIRCA, EQ, 20-Jun-2024,325.4,326.15,327.85,313.95,324.0,322.4,322.33,188983,609.16,8930, 125102, 66.20,0.6619748866300144,2024-06-20
SIS, EQ, 20-Jun-2024,445.25,445.25,447.5,439.15,439.65,442.05,443.14,64769,287.01,4946, 36728, 56.71,0.5670614028316016,2024-06-20
SITINET, BE, 20-Jun-2024,0.63,0.64,0.64,0.63,0.64,0.64,0.64,3607549,23.08,1797, -, -,,2024-06-20
SIYSIL, EQ, 20-Jun-2024,496.15,493.85,522.0,486.6,497.25,497.55,505.91,247582,1252.55,19529, 128255, 51.80,0.5180303899314167,2024-06-20
SJS, EQ, 20-Jun-2024,778.85,781.45,802.35,780.05,795.0,788.4,792.94,67716,536.95,5218, 33376, 49.29,0.49288203674168585,2024-06-20
SJVN, EQ, 20-Jun-2024,131.91,132.4,134.38,131.22,132.15,132.28,132.67,8799777,11674.75,47837, 2671792, 30.36,0.3036204212902213,2024-06-20
SKFINDIA, EQ, 20-Jun-2024,6711.45,6780.0,6862.9,6650.0,6745.0,6743.4,6766.75,55052,3725.23,10294, 18419, 33.46,0.3345745840296447,2024-06-20
SKIPPER, EQ, 20-Jun-2024,366.3,368.7,374.9,363.85,368.4,367.1,369.2,561717,2073.86,16496, 219311, 39.04,0.39042970036513047,2024-06-20
SKMEGGPROD, EQ, 20-Jun-2024,260.65,264.0,271.81,260.65,265.15,264.73,267.15,365892,977.5,12786, 134884, 36.86,0.3686442994107551,2024-06-20
SKYGOLD, BE, 20-Jun-2024,1320.55,1320.0,1386.55,1305.0,1386.55,1386.55,1350.67,22424,302.87,808, -, -,,2024-06-20
SMALLCAP, EQ, 20-Jun-2024,50.78,50.85,51.09,50.4,50.97,50.93,50.92,355148,180.86,1896, 331093, 93.23,0.9322676743216912,2024-06-20
SMARTLINK, BE, 20-Jun-2024,291.3,282.25,305.85,282.25,305.85,305.85,304.72,29040,88.49,216, -, -,,2024-06-20
SMCGLOBAL, EQ, 20-Jun-2024,170.57,170.6,172.79,169.4,170.88,170.78,171.39,250840,429.91,6256, 124902, 49.79,0.4979349386062829,2024-06-20
SMLISUZU, EQ, 20-Jun-2024,2052.75,2054.1,2089.95,2030.05,2045.9,2058.45,2063.25,14998,309.45,2842, 8934, 59.57,0.5956794239231897,2024-06-20
SMLT, EQ, 20-Jun-2024,205.39,205.88,212.95,202.3,204.0,203.71,206.48,51792,106.94,2128, 29525, 57.01,0.5700687364843992,2024-06-20
SMSLIFE, EQ, 20-Jun-2024,797.05,800.0,818.75,784.05,815.0,814.85,809.26,4156,33.63,475, 2586, 62.22,0.62223291626564,2024-06-20
SMSPHARMA, EQ, 20-Jun-2024,215.21,217.35,245.12,216.46,242.7,240.96,232.02,2357807,5470.51,46483, 717618, 30.44,0.3043582447587949,2024-06-20
SNOWMAN, EQ, 20-Jun-2024,73.97,74.39,77.49,74.3,76.25,76.36,75.93,2273758,1726.5,15349, 898163, 39.50,0.395012573897486,2024-06-20
SOBHA, EQ, 20-Jun-2024,2018.65,2039.1,2075.0,2025.0,2054.0,2047.25,2050.99,114979,2358.21,12524, 39988, 34.78,0.3477852477408918,2024-06-20
SOFTTECH, EQ, 20-Jun-2024,346.0,341.95,360.0,341.0,355.9,355.2,353.9,10669,37.76,537, 8151, 76.40,0.763989127378386,2024-06-20
SOLARA, EQ, 20-Jun-2024,420.3,422.7,452.4,420.15,449.05,448.2,441.74,284993,1258.93,9292, 109638, 38.47,0.3847041857168422,2024-06-20
SOLARINDS, EQ, 20-Jun-2024,9867.95,9929.0,9929.0,9733.0,9850.15,9795.7,9788.72,71977,7045.63,14343, 41953, 58.29,0.582866749100407,2024-06-20
SOMANYCERA, EQ, 20-Jun-2024,734.4,741.75,757.4,731.05,733.8,732.9,741.24,63550,471.06,5958, 28610, 45.02,0.45019669551534225,2024-06-20
SOMATEX, BE, 20-Jun-2024,34.79,36.4,36.4,33.1,34.7,34.41,33.67,75647,25.47,138, -, -,,2024-06-20
SOMICONVEY, EQ, 20-Jun-2024,144.63,146.0,173.55,140.46,171.0,171.85,167.74,163555,274.35,2192, 64810, 39.63,0.39625813946378896,2024-06-20
SONACOMS, EQ, 20-Jun-2024,642.9,642.9,644.1,633.1,636.0,637.7,637.33,968158,6170.34,34812, 549387, 56.75,0.5674559317797302,2024-06-20
SONAMLTD, EQ, 20-Jun-2024,39.75,39.65,40.11,37.0,39.9,38.89,39.46,33102,13.06,567, 11967, 36.15,0.3615189414536886,2024-06-20
SONATSOFTW, EQ, 20-Jun-2024,563.55,567.95,605.0,565.0,604.9,602.6,592.07,2094584,12401.43,57442, 676668, 32.31,0.3230560340382625,2024-06-20
SOTL, EQ, 20-Jun-2024,533.75,536.0,549.0,529.55,538.0,537.85,539.58,130111,702.05,7701, 66268, 50.93,0.5093189661135492,2024-06-20
SOUTHBANK, EQ, 20-Jun-2024,27.92,28.08,28.82,27.95,28.59,28.52,28.47,50716755,14439.46,58781, 20518660, 40.46,0.40457359702922635,2024-06-20
SOUTHWEST, EQ, 20-Jun-2024,123.79,124.8,128.0,117.35,118.0,122.49,125.28,477170,597.82,3520, 227205, 47.62,0.4761510572751849,2024-06-20
SPAL, EQ, 20-Jun-2024,671.9,675.4,697.95,670.35,683.9,689.55,685.52,177260,1215.16,14179, 57988, 32.71,0.3271352815073903,2024-06-20
SPANDANA, EQ, 20-Jun-2024,773.2,778.3,789.3,768.75,773.0,772.3,777.71,354541,2757.31,11002, 193704, 54.64,0.5463514798006437,2024-06-20
SPARC, EQ, 20-Jun-2024,232.98,232.0,241.4,231.25,238.5,238.11,236.84,1528819,3620.91,15942, 735600, 48.12,0.48115571562101206,2024-06-20
SPCENET, EQ, 20-Jun-2024,33.11,33.25,35.4,32.65,34.0,33.97,34.61,4887988,1691.9,11013, 2212343, 45.26,0.4526081078758786,2024-06-20
SPECIALITY, EQ, 20-Jun-2024,176.51,176.6,180.33,175.55,177.77,176.6,178.17,86829,154.7,3667, 45713, 52.65,0.5264715705582237,2024-06-20
SPENCERS, EQ, 20-Jun-2024,88.94,88.94,94.25,88.8,93.5,93.29,92.81,597652,554.66,8167, 308509, 51.62,0.5162017361273785,2024-06-20
SPIC, EQ, 20-Jun-2024,84.91,85.4,96.7,84.52,92.49,93.32,92.37,29278334,27044.7,104104, 5940351, 20.29,0.20289238451887323,2024-06-20
SPLIL, EQ, 20-Jun-2024,59.82,59.8,62.5,59.7,61.89,61.44,61.23,82761,50.68,1075, 47993, 57.99,0.57989874457776,2024-06-20
SPLPETRO, EQ, 20-Jun-2024,760.0,753.0,820.8,750.0,800.0,795.75,792.08,500502,3964.4,32030, 176277, 35.22,0.35220039080762916,2024-06-20
SPMLINFRA, EQ, 20-Jun-2024,179.8,185.0,188.79,173.15,176.0,180.43,184.29,495882,913.86,3858, 266315, 53.71,0.537053169907357,2024-06-20
SPORTKING, EQ, 20-Jun-2024,811.05,801.1,818.65,801.1,810.4,810.2,811.91,7018,56.98,1114, 4044, 57.62,0.5762325448845825,2024-06-20
SPYL, BE, 20-Jun-2024,3.79,3.81,3.86,3.71,3.86,3.86,3.79,487735,18.47,180, -, -,,2024-06-20
SREEL, EQ, 20-Jun-2024,292.1,293.6,295.35,287.8,290.45,290.5,291.4,17795,51.85,1539, 8113, 45.59,0.4559145827479629,2024-06-20
SRF, EQ, 20-Jun-2024,2416.75,2416.55,2509.95,2380.0,2497.1,2499.35,2479.48,1137819,28212.03,61886, 334667, 29.41,0.2941302614915026,2024-06-20
SRGHFL, EQ, 20-Jun-2024,334.6,335.2,345.55,328.1,331.0,333.0,334.41,13238,44.27,550, 8879, 67.07,0.670720652666566,2024-06-20
SRHHYPOLTD, EQ, 20-Jun-2024,546.5,546.5,560.0,544.25,551.0,549.4,552.83,44135,243.99,4214, 23987, 54.35,0.5434915599864053,2024-06-20
SRM, EQ, 20-Jun-2024,177.02,178.5,183.17,176.82,181.49,180.79,178.95,51683,92.48,1883, 28606, 55.35,0.5534895420157498,2024-06-20
SRPL, BE, 20-Jun-2024,1.04,1.05,1.06,1.03,1.04,1.04,1.05,762168,7.97,661, -, -,,2024-06-20
SSWL, EQ, 20-Jun-2024,218.71,219.89,224.45,218.71,223.0,223.69,222.3,432042,960.45,11862, 258076, 59.73,0.597340073418788,2024-06-20
STAR, EQ, 20-Jun-2024,956.75,959.2,962.65,944.4,948.3,948.3,950.54,170235,1618.15,9194, 79934, 46.96,0.46955091491173967,2024-06-20
STARCEMENT, EQ, 20-Jun-2024,217.22,216.3,218.9,214.4,215.8,216.13,216.79,402172,871.86,8436, 249930, 62.15,0.621450523656545,2024-06-20
STARHEALTH, EQ, 20-Jun-2024,529.6,530.0,530.65,524.15,529.45,528.7,525.93,803218,4224.38,24390, 618438, 77.00,0.7699503746180987,2024-06-20
STARPAPER, EQ, 20-Jun-2024,256.52,256.95,267.0,252.92,261.2,260.42,260.94,149343,389.69,4755, 53033, 35.51,0.3551087094808595,2024-06-20
STARTECK, EQ, 20-Jun-2024,350.78,357.81,379.9,315.7,318.12,319.75,339.98,87718,298.23,2934, 26090, 29.74,0.29743040196994913,2024-06-20
STCINDIA, EQ, 20-Jun-2024,149.05,149.0,156.39,148.3,153.3,152.94,152.83,262175,400.67,9388, 100326, 38.27,0.3826680652236102,2024-06-20
STEELCAS, EQ, 20-Jun-2024,633.6,643.15,650.6,626.6,645.0,644.7,643.36,19155,123.24,1640, 14483, 75.61,0.7560950143565649,2024-06-20
STEELCITY, EQ, 20-Jun-2024,97.54,97.56,97.73,96.0,96.8,96.37,96.8,31118,30.12,578, 18777, 60.34,0.603412815733659,2024-06-20
STEELXIND, EQ, 20-Jun-2024,12.81,12.85,13.45,12.76,13.14,13.11,13.18,8736892,1151.3,13079, 3672484, 42.03,0.42034215370866435,2024-06-20
STEL, EQ, 20-Jun-2024,411.6,415.0,435.0,411.7,428.15,427.7,421.92,16385,69.13,1499, 9840, 60.05,0.6005492828806835,2024-06-20
STERTOOLS, EQ, 20-Jun-2024,381.25,385.0,386.3,376.0,379.3,377.35,381.22,81594,311.05,5061, 41236, 50.54,0.5053802975708999,2024-06-20
STLTECH, EQ, 20-Jun-2024,135.12,135.0,139.0,134.41,136.45,136.52,136.91,2387195,3268.37,23312, 977451, 40.95,0.40945586766058073,2024-06-20
STOVEKRAFT, EQ, 20-Jun-2024,547.8,547.0,590.8,540.3,575.55,574.3,578.37,735950,4256.53,21791, 341453, 46.40,0.4639622256946803,2024-06-20
STYLAMIND, EQ, 20-Jun-2024,1652.1,1655.0,1679.7,1638.45,1668.0,1671.45,1662.33,34584,574.9,5019, 16709, 48.31,0.48314249363867684,2024-06-20
STYRENIX, EQ, 20-Jun-2024,2048.3,2056.85,2114.0,2036.3,2090.05,2087.05,2078.43,23412,486.6,4080, 11358, 48.51,0.4851358277806253,2024-06-20
SUBEXLTD, EQ, 20-Jun-2024,29.97,30.0,30.8,29.9,30.29,30.27,30.29,5863862,1776.33,12886, 2226251, 37.97,0.37965610377597564,2024-06-20
SUBROS, EQ, 20-Jun-2024,660.4,660.4,686.65,655.55,676.0,674.9,674.83,253302,1709.35,12992, 134051, 52.92,0.5292141396435875,2024-06-20
SUDARSCHEM, EQ, 20-Jun-2024,867.35,882.0,903.15,862.05,885.0,875.65,879.88,731811,6439.08,35911, 308108, 42.10,0.42102127461871985,2024-06-20
SUKHJITS, EQ, 20-Jun-2024,463.75,467.0,472.2,462.85,470.35,470.0,468.87,31917,149.65,1169, 27062, 84.79,0.8478867061440611,2024-06-20
SULA, EQ, 20-Jun-2024,507.6,510.8,511.4,506.0,510.0,508.3,508.08,230973,1173.52,10655, 133803, 57.93,0.5793014767959891,2024-06-20
SUMICHEM, EQ, 20-Jun-2024,473.75,473.3,503.0,470.3,494.6,496.35,490.49,1572970,7715.29,36431, 670064, 42.60,0.4259865095964958,2024-06-20
SUMIT, BE, 20-Jun-2024,78.87,82.0,82.0,80.0,81.1,81.2,81.29,88678,72.08,355, -, -,,2024-06-20
SUMMITSEC, EQ, 20-Jun-2024,1540.5,1542.0,1572.5,1524.3,1546.0,1541.55,1548.04,9673,149.74,2065, 4034, 41.70,0.4170371136152176,2024-06-20
SUNCLAY, EQ, 20-Jun-2024,1591.9,1592.25,1609.2,1565.1,1569.0,1573.05,1584.09,6561,103.93,1275, 3928, 59.87,0.5986892242036275,2024-06-20
SUNDARAM, EQ, 20-Jun-2024,3.23,3.27,3.45,3.19,3.23,3.2,3.34,14119483,471.61,5639, 5560466, 39.38,0.39381512765021215,2024-06-20
SUNDARMFIN, EQ, 20-Jun-2024,4706.4,4754.0,4779.75,4657.55,4699.5,4700.25,4705.14,139753,6575.57,26666, 98382, 70.40,0.7039705766602505,2024-06-20
SUNDARMHLD, EQ, 20-Jun-2024,270.45,270.5,275.8,265.2,265.45,266.5,269.73,149466,403.16,6723, 92634, 61.98,0.6197663682710449,2024-06-20
SUNDRMBRAK, EQ, 20-Jun-2024,775.55,764.9,786.0,764.75,780.0,780.9,777.65,1203,9.36,119, 973, 80.88,0.8088113050706567,2024-06-20
SUNDRMFAST, EQ, 20-Jun-2024,1280.55,1282.9,1317.0,1282.9,1295.0,1300.0,1303.35,321484,4190.08,17893, 251193, 78.14,0.7813545930746165,2024-06-20
SUNFLAG, EQ, 20-Jun-2024,213.58,214.35,218.44,212.6,213.6,213.9,214.73,346491,744.01,7793, 177519, 51.23,0.5123336536879746,2024-06-20
SUNPHARMA, EQ, 20-Jun-2024,1504.0,1487.95,1487.95,1467.0,1477.0,1471.0,1475.59,4168375,61508.2,226904, 2402355, 57.63,0.5763289051488889,2024-06-20
SUNTECK, EQ, 20-Jun-2024,598.7,602.0,615.45,597.8,600.15,601.65,605.06,1523472,9217.95,43141, 514127, 33.75,0.33747059348645725,2024-06-20
SUNTV, EQ, 20-Jun-2024,766.85,770.0,778.95,766.0,771.0,770.95,773.72,1467963,11357.96,39269, 333311, 22.71,0.22705681273983064,2024-06-20
SUPERHOUSE, EQ, 20-Jun-2024,219.83,219.01,230.0,219.01,226.6,227.14,226.33,56351,127.54,2581, 23689, 42.04,0.42038295682419125,2024-06-20
SUPERSPIN, EQ, 20-Jun-2024,8.8,9.13,9.13,8.65,8.71,8.79,8.79,174119,15.3,687, 98867, 56.78,0.5678128176706735,2024-06-20
SUPRAJIT, EQ, 20-Jun-2024,511.25,511.25,521.05,507.0,510.6,509.3,512.78,195270,1001.3,23000, 104075, 53.30,0.532979976442874,2024-06-20
SUPREMEENG, BE, 20-Jun-2024,1.18,1.18,1.19,1.18,1.19,1.19,1.19,265077,3.15,268, -, -,,2024-06-20
SUPREMEIND, EQ, 20-Jun-2024,6186.3,6175.0,6199.9,6070.0,6175.0,6149.55,6142.39,94694,5816.47,18737, 45446, 47.99,0.4799248104420555,2024-06-20
SUPREMEINF, BZ, 20-Jun-2024,86.17,84.44,84.44,84.44,84.44,84.44,84.44,5870,4.96,14, -, -,,2024-06-20
SUPRIYA, EQ, 20-Jun-2024,398.55,400.0,402.4,394.1,395.0,395.45,397.74,162940,648.07,5239, 90519, 55.55,0.5555357800417332,2024-06-20
SURAJEST, EQ, 20-Jun-2024,419.3,420.55,438.0,420.55,434.0,434.05,432.44,372359,1610.22,12173, 185228, 49.74,0.4974446703315886,2024-06-20
SURANASOL, BE, 20-Jun-2024,38.8,39.19,39.7,38.5,38.6,38.78,39.07,221323,86.48,1822, -, -,,2024-06-20
SURANAT&P, EQ, 20-Jun-2024,21.18,22.0,23.29,21.25,23.29,23.29,22.99,1359328,312.49,2621, 1029085, 75.71,0.7570542209091551,2024-06-20
SURYALAXMI, EQ, 20-Jun-2024,71.21,72.48,72.48,70.5,71.2,71.35,71.4,8265,5.9,288, 5487, 66.39,0.6638838475499093,2024-06-20
SURYAROSNI, EQ, 20-Jun-2024,639.25,648.7,652.0,619.2,624.0,623.6,634.47,460361,2920.87,18833, 201452, 43.76,0.43759571292963567,2024-06-20
SURYODAY, EQ, 20-Jun-2024,206.08,207.1,208.74,204.32,206.0,205.69,206.65,378982,783.16,7324, 221306, 58.39,0.5839485780327298,2024-06-20
SUTLEJTEX, EQ, 20-Jun-2024,58.21,58.21,59.99,58.0,58.65,59.21,59.37,194705,115.6,3250, 110492, 56.75,0.5674841426773838,2024-06-20
SUULD, EQ, 20-Jun-2024,7.09,7.21,7.25,6.73,6.73,6.73,6.88,2382200,164.0,7603, 1368252, 57.44,0.5743648728066493,2024-06-20
SUVEN, EQ, 20-Jun-2024,96.62,97.5,100.3,96.9,99.4,99.24,98.94,175555,173.7,2278, 98965, 56.37,0.5637264674888212,2024-06-20
SUVENPHAR, EQ, 20-Jun-2024,734.4,734.25,738.9,710.5,722.1,724.1,723.66,263287,1905.29,17849, 110247, 41.87,0.41873316950703987,2024-06-20
SUVIDHAA, EQ, 20-Jun-2024,5.56,5.68,5.68,5.55,5.56,5.55,5.59,207729,11.62,1121, 127098, 61.18,0.6118452406741476,2024-06-20
SUZLON, EQ, 20-Jun-2024,48.9,51.34,51.34,49.55,50.5,50.53,50.76,99070183,50288.32,116174, 50673818, 51.15,0.5114941394627281,2024-06-20
SVLL, EQ, 20-Jun-2024,233.37,243.26,243.26,226.01,234.0,233.99,233.93,26824,62.75,1382, 18887, 70.41,0.7041082612585744,2024-06-20
SVPGLOB, EQ, 20-Jun-2024,6.23,6.4,6.4,6.21,6.26,6.27,6.27,116665,7.31,298, 99940, 85.66,0.8566408091544165,2024-06-20
SWANENERGY, EQ, 20-Jun-2024,657.05,659.0,664.0,645.0,648.0,650.6,654.99,1147529,7516.24,15593, 697823, 60.81,0.6081092503980292,2024-06-20
SWARAJENG, EQ, 20-Jun-2024,2890.85,2914.95,2942.95,2890.0,2907.0,2903.75,2909.51,19983,581.41,3648, 9090, 45.49,0.45488665365560726,2024-06-20
SWELECTES, EQ, 20-Jun-2024,1274.7,1300.0,1392.0,1258.5,1367.1,1368.5,1349.25,320058,4318.4,20325, 115005, 35.93,0.3593254972536228,2024-06-20
SWSOLAR, EQ, 20-Jun-2024,750.3,752.0,763.45,735.0,737.0,737.3,748.52,653748,4893.4,25688, 440236, 67.34,0.6734032073520684,2024-06-20
SYMPHONY, EQ, 20-Jun-2024,1216.0,1218.9,1232.5,1188.0,1193.0,1194.65,1204.93,122906,1480.94,11399, 67622, 55.02,0.5501928302930695,2024-06-20
SYNCOMF, EQ, 20-Jun-2024,12.54,12.59,12.75,12.42,12.49,12.48,12.59,3443296,433.55,7682, 2222247, 64.54,0.6453836672769346,2024-06-20
SYNGENE, EQ, 20-Jun-2024,711.0,718.45,718.45,706.15,713.3,713.1,713.37,772048,5507.52,24126, 426214, 55.21,0.5520563488280521,2024-06-20
SYRMA, EQ, 20-Jun-2024,475.7,476.0,485.95,471.75,480.05,479.9,479.32,538536,2581.32,22231, 252659, 46.92,0.4691589791583107,2024-06-20
TAINWALCHM, BE, 20-Jun-2024,174.95,169.0,174.0,169.0,171.0,171.34,170.95,4000,6.84,46, -, -,,2024-06-20
TAJGVK, EQ, 20-Jun-2024,340.2,340.0,354.35,338.4,353.0,352.85,349.97,316092,1106.23,12982, 149186, 47.20,0.4719701858952457,2024-06-20
TAKE, EQ, 20-Jun-2024,21.37,21.6,21.74,21.39,21.5,21.46,21.57,193324,41.69,1164, 116826, 60.43,0.6043015869731643,2024-06-20
TALBROAUTO, EQ, 20-Jun-2024,322.5,323.4,335.0,323.0,325.0,324.3,326.49,265194,865.83,9060, 131728, 49.67,0.4967231536158435,2024-06-20
TANLA, EQ, 20-Jun-2024,944.3,949.9,960.0,943.0,947.5,945.55,949.94,245084,2328.15,12780, 87345, 35.64,0.3563880139054365,2024-06-20
TARACHAND, BE, 20-Jun-2024,476.3,476.65,476.65,453.0,454.0,455.35,460.37,20321,93.55,656, -, -,,2024-06-20
TARAPUR, BE, 20-Jun-2024,14.88,14.58,14.58,14.58,14.58,14.58,14.58,237146,34.58,285, -, -,,2024-06-20
TARC, EQ, 20-Jun-2024,189.49,188.1,197.39,188.0,191.55,192.35,193.76,1190095,2305.97,17833, 611440, 51.38,0.5137741104701725,2024-06-20
TARMAT, BE, 20-Jun-2024,76.99,76.99,76.99,76.2,76.5,76.5,76.74,4523,3.47,44, -, -,,2024-06-20
TARSONS, EQ, 20-Jun-2024,526.85,526.9,530.55,503.1,514.0,507.8,517.49,141041,729.88,9180, 83391, 59.13,0.5912536071071532,2024-06-20
TASTYBITE, EQ, 20-Jun-2024,10821.95,10823.0,11100.0,10768.0,10900.05,10946.0,10933.06,2573,281.31,1394, 1114, 43.30,0.4329576369996114,2024-06-20
TATACHEM, EQ, 20-Jun-2024,1106.85,1113.0,1161.3,1105.3,1154.0,1154.0,1142.9,6000213,68576.29,132168, 2297711, 38.29,0.3829382390258479,2024-06-20
TATACOMM, EQ, 20-Jun-2024,1831.25,1834.95,1880.0,1818.9,1864.5,1865.2,1860.17,531539,9887.53,25177, 261975, 49.29,0.49286129522010613,2024-06-20
TATACONSUM, EQ, 20-Jun-2024,1105.6,1108.05,1108.35,1096.1,1103.05,1103.25,1100.69,1223872,13470.98,72536, 535908, 43.79,0.43787912461433875,2024-06-20
TATAELXSI, EQ, 20-Jun-2024,7244.8,7244.05,7269.85,7192.1,7220.5,7230.55,7222.52,68329,4935.08,11058, 39753, 58.18,0.5817881133925566,2024-06-20
TATAGOLD, EQ, 20-Jun-2024,7.1,7.1,7.16,7.08,7.16,7.15,7.14,2450794,174.91,7138, 1598433, 65.22,0.6522102632861024,2024-06-20
TATAINVEST, EQ, 20-Jun-2024,6728.35,6810.0,6815.0,6667.05,6690.0,6680.0,6738.74,23674,1595.33,6024, 14752, 62.31,0.6231308608600152,2024-06-20
TATAMOTORS, EQ, 20-Jun-2024,977.35,980.0,988.4,976.35,979.1,978.25,981.43,7299571,71640.54,175319, 2571960, 35.23,0.3523439939141629,2024-06-20
TATAMTRDVR, EQ, 20-Jun-2024,652.75,653.0,662.8,651.95,660.0,657.45,659.46,1555413,10257.4,21556, 992606, 63.82,0.6381623401630306,2024-06-20
TATAPOWER, EQ, 20-Jun-2024,442.35,443.0,446.5,436.55,443.65,443.65,443.5,8058795,35741.14,112536, 3264966, 40.51,0.4051432006894331,2024-06-20
TATASTEEL, EQ, 20-Jun-2024,180.02,181.6,182.95,179.37,182.75,182.28,181.91,38837494,70648.45,278129, 15020222, 38.67,0.3867453960855456,2024-06-20
TATATECH, EQ, 20-Jun-2024,1027.5,1027.35,1027.35,1004.25,1011.9,1010.35,1011.13,2391725,24183.53,100934, 1691307, 70.71,0.7071494423480961,2024-06-20
TATSILV, EQ, 20-Jun-2024,8.8,8.8,8.98,8.75,8.98,8.96,8.94,1645301,147.07,1974, 1322047, 80.35,0.8035289591387837,2024-06-20
TATVA, EQ, 20-Jun-2024,1088.6,1092.0,1122.45,1090.0,1109.0,1110.2,1110.34,151345,1680.44,17141, 93421, 61.73,0.6172717962271631,2024-06-20
TBOTEK, EQ, 20-Jun-2024,1582.3,1598.95,1612.65,1567.5,1595.0,1600.05,1588.04,108081,1716.37,8627, 67586, 62.53,0.6253273008206808,2024-06-20
TBZ, EQ, 20-Jun-2024,118.87,119.43,123.49,116.51,117.69,117.86,119.89,450004,539.52,8014, 218784, 48.62,0.4861823450458218,2024-06-20
TCI, EQ, 20-Jun-2024,910.15,914.9,917.0,907.45,916.0,915.3,913.05,21430,195.67,1793, 14445, 67.41,0.6740550629958003,2024-06-20
TCIEXP, EQ, 20-Jun-2024,1170.9,1172.0,1176.8,1150.0,1152.0,1155.75,1157.59,50512,584.72,4338, 27932, 55.30,0.5529775102945834,2024-06-20
TCIFINANCE, BE, 20-Jun-2024,12.76,13.39,13.39,13.39,13.39,13.39,13.39,11199,1.5,149, -, -,,2024-06-20
TCLCONS, EQ, 20-Jun-2024,48.63,51.0,51.06,49.58,51.06,51.06,50.92,205244,104.51,892, 139559, 68.00,0.6799662840326636,2024-06-20
TCNSBRANDS, EQ, 20-Jun-2024,542.75,540.9,548.5,523.65,529.3,529.95,530.53,2410352,12787.76,5805, 1819533, 75.49,0.7548826893333422,2024-06-20
TCPLPACK, EQ, 20-Jun-2024,2229.4,2230.0,2330.0,2230.0,2330.0,2329.8,2322.7,32475,754.3,2806, 21330, 65.68,0.6568129330254041,2024-06-20
TCS, EQ, 20-Jun-2024,3801.7,3796.0,3809.95,3780.05,3789.85,3787.25,3791.92,2846526,107938.1,226469, 1713903, 60.21,0.6021034060465283,2024-06-20
TDPOWERSYS, EQ, 20-Jun-2024,376.55,378.55,390.4,373.0,389.7,388.7,385.05,524209,2018.44,17152, 187766, 35.82,0.3581891955307902,2024-06-20
TEAMLEASE, EQ, 20-Jun-2024,2821.7,2840.0,2847.25,2732.35,2821.55,2823.1,2778.98,140211,3896.43,28660, 77664, 55.39,0.5539080385989686,2024-06-20
TECH, EQ, 20-Jun-2024,36.33,36.58,36.58,36.03,36.4,36.37,36.32,25061,9.1,240, 20844, 83.17,0.8317305773911655,2024-06-20
TECHIN, BE, 20-Jun-2024,33.48,33.48,33.48,31.8,32.8,32.21,32.57,8713,2.84,74, -, -,,2024-06-20
TECHM, EQ, 20-Jun-2024,1381.15,1386.0,1399.0,1371.45,1394.0,1393.1,1385.31,1987190,27528.67,99531, 786121, 39.56,0.3955942813721889,2024-06-20
TECHNOE, BE, 20-Jun-2024,1432.45,1419.0,1457.0,1400.0,1439.9,1435.85,1431.56,70125,1003.88,4908, -, -,,2024-06-20
TECILCHEM, EQ, 20-Jun-2024,37.22,39.05,39.08,39.05,39.08,39.08,39.08,2739,1.07,18, 2739, 100.00,1.0,2024-06-20
TEGA, EQ, 20-Jun-2024,1661.45,1668.0,1668.0,1615.0,1625.0,1621.0,1636.47,139305,2279.69,6506, 117214, 84.14,0.8414199059617387,2024-06-20
TEJASNET, EQ, 20-Jun-2024,1428.95,1438.65,1480.0,1400.25,1414.0,1418.4,1440.93,1398687,20154.11,52225, 386280, 27.62,0.27617329681336855,2024-06-20
TEMBO, EQ, 20-Jun-2024,238.06,238.1,241.49,236.0,236.1,236.38,237.39,55977,132.88,836, 22039, 39.37,0.3937152759168944,2024-06-20
TERASOFT, EQ, 20-Jun-2024,93.37,93.29,102.5,90.14,94.5,94.5,96.88,1451118,1405.78,13335, 562550, 38.77,0.3876666129150076,2024-06-20
TEXINFRA, EQ, 20-Jun-2024,131.26,131.26,133.49,127.65,128.0,128.14,130.23,1755854,2286.68,11573, 1036414, 59.03,0.5902620605130039,2024-06-20
TEXMOPIPES, EQ, 20-Jun-2024,77.27,77.6,82.21,77.19,79.1,79.17,79.99,253132,202.47,3141, 129486, 51.15,0.5115354834631733,2024-06-20
TEXRAIL, EQ, 20-Jun-2024,207.42,207.0,207.89,203.61,205.7,205.36,205.45,2136081,4388.62,31341, 1083640, 50.73,0.5073028597698308,2024-06-20
TFCILTD, EQ, 20-Jun-2024,176.54,177.4,180.2,173.72,174.5,174.11,176.43,1158075,2043.19,13127, 501014, 43.26,0.4326265570019213,2024-06-20
TFL, BE, 20-Jun-2024,21.75,22.18,22.18,22.18,22.18,22.18,22.18,30714,6.81,44, -, -,,2024-06-20
TGBHOTELS, EQ, 20-Jun-2024,16.02,16.65,16.99,16.01,16.68,16.63,16.48,165178,27.21,757, 96362, 58.34,0.583382774945816,2024-06-20
THANGAMAYL, EQ, 20-Jun-2024,1367.15,1381.25,1443.0,1380.05,1434.9,1435.2,1425.45,60424,861.32,9202, 29460, 48.76,0.48755461406063816,2024-06-20
THEINVEST, EQ, 20-Jun-2024,140.5,144.52,144.52,138.05,139.9,139.22,140.55,10868,15.27,1006, 4155, 38.23,0.38231505336768495,2024-06-20
THEJO, EQ, 20-Jun-2024,2879.25,2922.45,3150.0,2920.0,3060.5,3046.65,3034.89,64672,1962.73,9313, 32283, 49.92,0.49918047996041565,2024-06-20
THEMISMED, EQ, 20-Jun-2024,221.54,222.0,225.0,219.15,221.9,221.45,223.07,61416,137.0,3582, 33431, 54.43,0.5443369805913768,2024-06-20
THERMAX, EQ, 20-Jun-2024,5117.3,5134.95,5174.9,5080.05,5170.0,5140.15,5125.9,81766,4191.24,15394, 46191, 56.49,0.5649169581488638,2024-06-20
THOMASCOOK, EQ, 20-Jun-2024,240.25,242.6,243.8,232.52,237.0,236.75,236.81,2073305,4909.73,26606, 1127031, 54.36,0.5435915121026573,2024-06-20
THOMASCOTT, BE, 20-Jun-2024,278.1,292.0,292.0,291.8,292.0,292.0,291.99,3778,11.03,47, -, -,,2024-06-20
THYROCARE, EQ, 20-Jun-2024,637.7,637.7,660.0,632.85,650.0,648.7,650.91,47226,307.4,5259, 25149, 53.25,0.53252445686698,2024-06-20
TI, EQ, 20-Jun-2024,267.04,267.95,283.7,263.76,271.97,272.61,273.06,1908209,5210.47,33563, 523972, 27.46,0.2745883705610863,2024-06-20
TIDEWATER, EQ, 20-Jun-2024,1943.85,1956.95,1974.0,1920.0,1949.8,1932.1,1950.3,45050,878.61,5597, 26831, 59.56,0.5955826859045505,2024-06-20
TIIL, EQ, 20-Jun-2024,2925.0,2929.6,3080.2,2916.95,3059.05,3028.6,2983.7,135794,4051.69,9119, 108228, 79.70,0.797001340265402,2024-06-20
TIINDIA, EQ, 20-Jun-2024,4357.85,4335.1,4344.15,4172.0,4205.0,4213.4,4256.9,184232,7842.57,36474, 88358, 47.96,0.4796018064179947,2024-06-20
TIJARIA, BE, 20-Jun-2024,19.89,18.89,18.89,18.89,18.89,18.89,18.89,32299,6.1,133, -, -,,2024-06-20
TIL, BZ, 20-Jun-2024,269.05,274.0,274.4,274.0,274.4,274.4,274.2,104183,285.67,106, -, -,,2024-06-20
TIMESGTY, BE, 20-Jun-2024,115.5,113.6,117.57,113.6,115.0,115.0,115.01,386,0.44,10, -, -,,2024-06-20
TIMETECHNO, EQ, 20-Jun-2024,297.05,299.85,303.75,295.05,297.25,297.25,299.47,975939,2922.61,14952, 280982, 28.79,0.28790938777935915,2024-06-20
TIMKEN, EQ, 20-Jun-2024,4616.35,4625.4,4706.4,4551.0,4551.0,4562.55,4629.36,79406,3675.99,12888, 37698, 47.48,0.4747500188902602,2024-06-20
TIPSFILMS, EQ, 20-Jun-2024,612.7,621.45,621.45,602.7,605.0,614.85,612.15,1785,10.93,248, 896, 50.20,0.5019607843137255,2024-06-20
TIPSINDLTD, EQ, 20-Jun-2024,452.0,450.9,459.05,442.35,456.0,452.65,450.45,102685,462.55,7675, 51037, 49.70,0.4970248819204363,2024-06-20
TIRUMALCHM, EQ, 20-Jun-2024,312.3,312.0,331.0,310.1,325.7,326.8,323.82,1636113,5298.07,33502, 545994, 33.37,0.3337141138784424,2024-06-20
TIRUPATIFL, EQ, 20-Jun-2024,27.02,28.2,28.2,24.65,25.17,25.38,26.23,6253374,1640.21,17123, 2423281, 38.75,0.3875157634902374,2024-06-20
TITAGARH, EQ, 20-Jun-2024,1486.05,1482.9,1509.5,1467.0,1496.0,1495.1,1484.78,1207709,17931.79,44501, 328582, 27.21,0.2720705070509535,2024-06-20
TITAN, EQ, 20-Jun-2024,3462.35,3474.0,3490.0,3418.1,3443.85,3435.95,3442.85,2377432,81851.41,148754, 1446097, 60.83,0.6082600890372469,2024-06-20
TMB, EQ, 20-Jun-2024,473.75,470.6,499.25,470.05,486.05,486.8,490.16,504165,2471.22,25148, 226974, 45.02,0.45019785189372524,2024-06-20
TNIDETF, EQ, 20-Jun-2024,82.84,82.84,83.5,82.65,82.88,82.8,82.86,35216,29.18,786, 30900, 87.74,0.877442071785552,2024-06-20
TNPETRO, EQ, 20-Jun-2024,90.11,90.31,92.8,90.31,91.05,90.71,91.58,660145,604.55,7385, 270662, 41.00,0.4100038627877209,2024-06-20
TNPL, EQ, 20-Jun-2024,271.79,271.79,284.51,270.87,281.0,281.0,279.69,319853,894.58,8436, 114803, 35.89,0.3589242558300219,2024-06-20
TNTELE, BE, 20-Jun-2024,11.99,11.8,11.8,11.75,11.75,11.75,11.77,1519,0.18,16, -, -,,2024-06-20
TOKYOPLAST, EQ, 20-Jun-2024,108.81,111.0,112.0,109.6,110.36,110.22,110.78,26934,29.84,577, 17907, 66.48,0.6648474047672087,2024-06-20
TOP100CASE, EQ, 20-Jun-2024,10.14,10.2,10.39,10.1,10.38,10.15,10.14,245450,24.89,941, 200293, 81.60,0.8160236300672234,2024-06-20
TORNTPHARM, EQ, 20-Jun-2024,2885.55,2899.8,2899.8,2838.1,2848.9,2858.1,2856.26,154689,4418.32,17596, 83558, 54.02,0.5401676913031954,2024-06-20
TORNTPOWER, EQ, 20-Jun-2024,1589.9,1592.0,1613.8,1587.85,1593.25,1596.1,1599.28,154930,2477.77,26313, 91139, 58.83,0.5882592138385078,2024-06-20
TOTAL, EQ, 20-Jun-2024,123.11,122.0,131.9,118.0,124.82,125.03,126.26,135865,171.54,1594, 70766, 52.09,0.5208552607367608,2024-06-20
TOUCHWOOD, EQ, 20-Jun-2024,144.99,148.26,148.26,139.93,144.0,143.07,144.49,4875,7.04,313, 2294, 47.06,0.4705641025641026,2024-06-20
TPHQ, EQ, 20-Jun-2024,1.17,1.18,1.22,1.16,1.22,1.2,1.18,4663581,55.22,2130, 2765749, 59.31,0.5930526348743594,2024-06-20
TPLPLASTEH, EQ, 20-Jun-2024,87.56,87.5,89.47,85.2,88.0,88.13,87.92,419856,369.15,1715, 72053, 17.16,0.171613600853626,2024-06-20
TRACXN, EQ, 20-Jun-2024,84.37,84.2,99.5,84.02,96.65,95.93,95.16,5715194,5438.44,34688, 1871423, 32.74,0.3274469773029577,2024-06-20
TREEHOUSE, EQ, 20-Jun-2024,24.2,24.92,26.62,24.74,26.62,26.62,26.47,400806,106.1,790, 306275, 76.41,0.764147742299267,2024-06-20
TREJHARA, BE, 20-Jun-2024,169.5,177.97,177.97,177.97,177.97,177.97,177.97,8335,14.83,30, -, -,,2024-06-20
TREL, EQ, 20-Jun-2024,42.93,43.2,44.5,42.71,43.49,43.36,43.53,546005,237.68,6862, 238735, 43.72,0.4372395857180795,2024-06-20
TRENT, EQ, 20-Jun-2024,5356.8,5374.9,5422.0,5305.05,5341.0,5337.15,5348.62,516737,27638.31,45801, 225031, 43.55,0.43548458887209546,2024-06-20
TRF, BE, 20-Jun-2024,607.9,607.85,607.85,595.75,595.75,595.75,598.58,5073,30.37,97, -, -,,2024-06-20
TRIDENT, EQ, 20-Jun-2024,38.58,38.7,40.16,38.2,39.22,39.28,39.3,14261917,5605.02,44505, 4787588, 33.57,0.3356903563525156,2024-06-20
TRIGYN, EQ, 20-Jun-2024,128.11,128.87,130.7,127.45,128.24,128.03,129.05,118827,153.35,2539, 54781, 46.10,0.46101475253940605,2024-06-20
TRIL, BE, 20-Jun-2024,768.45,762.25,784.95,738.0,775.0,775.55,763.38,196878,1502.93,5462, -, -,,2024-06-20
TRITURBINE, EQ, 20-Jun-2024,594.95,598.0,600.05,585.3,591.0,591.0,592.47,682433,4043.21,32782, 231056, 33.86,0.33857682732224265,2024-06-20
TRIVENI, EQ, 20-Jun-2024,414.15,417.7,424.2,410.65,416.0,417.25,417.89,2283568,9542.77,42326, 583305, 25.54,0.2554357917084142,2024-06-20
TRU, EQ, 20-Jun-2024,49.23,49.73,52.2,49.32,51.2,51.29,50.57,13505867,6830.47,24868, 1340180, 9.92,0.09922946820074564,2024-06-20
TTKHLTCARE, EQ, 20-Jun-2024,1464.7,1464.15,1493.95,1461.1,1467.0,1468.4,1479.05,3275,48.44,826, 1495, 45.65,0.45648854961832064,2024-06-20
TTKPRESTIG, EQ, 20-Jun-2024,757.85,763.05,776.5,757.35,770.5,770.75,770.27,156925,1208.75,12078, 66441, 42.34,0.42339334076788276,2024-06-20
TTL, EQ, 20-Jun-2024,107.1,106.93,115.5,106.88,113.5,114.01,112.71,132824,149.71,1754, 85140, 64.10,0.6409986147081853,2024-06-20
TTML, EQ, 20-Jun-2024,77.56,77.0,81.2,76.81,79.78,79.96,79.52,7800730,6203.04,43451, 2111890, 27.07,0.270729790673437,2024-06-20
TV18BRDCST, EQ, 20-Jun-2024,42.84,42.99,43.28,42.6,42.66,42.69,42.92,8834235,3791.41,13102, 4865167, 55.07,0.5507174079023255,2024-06-20
TVSELECT, EQ, 20-Jun-2024,323.05,324.0,336.3,322.0,335.0,334.1,331.26,218668,724.36,7244, 131037, 59.93,0.5992509192017121,2024-06-20
TVSHLTD, EQ, 20-Jun-2024,11983.9,12025.0,12245.45,11810.0,11958.0,11922.0,12019.95,5231,628.76,2224, 2881, 55.08,0.5507551137449819,2024-06-20
TVSMOTOR, EQ, 20-Jun-2024,2437.75,2431.65,2449.3,2388.5,2431.0,2427.95,2414.65,759638,18342.61,44361, 394223, 51.90,0.5189616633185807,2024-06-20
TVSSCS, EQ, 20-Jun-2024,174.29,176.0,188.5,175.15,188.5,188.1,184.36,10786913,19887.1,86629, 3702855, 34.33,0.3432729085698568,2024-06-20
TVSSRICHAK, EQ, 20-Jun-2024,4205.05,4205.4,4315.55,4205.4,4286.05,4291.5,4268.66,4454,190.13,1305, 2634, 59.14,0.5913785361472833,2024-06-20
TVTODAY, EQ, 20-Jun-2024,226.07,226.0,230.36,225.01,229.6,228.8,227.85,135429,308.58,4181, 65840, 48.62,0.48615879907553033,2024-06-20
TVVISION, BE, 20-Jun-2024,7.01,7.01,7.01,6.99,7.0,7.0,7.0,12587,0.88,37, -, -,,2024-06-20
UBL, EQ, 20-Jun-2024,2095.95,2117.15,2123.35,2082.9,2090.0,2090.4,2103.61,214763,4517.78,16538, 83163, 38.72,0.38723150635817155,2024-06-20
UCAL, EQ, 20-Jun-2024,172.43,173.0,178.5,172.99,174.5,174.33,176.09,92670,163.18,2966, 51606, 55.69,0.5568792489478795,2024-06-20
UCOBANK, EQ, 20-Jun-2024,56.31,56.59,59.1,56.42,57.48,57.42,58.0,26678575,15474.33,60818, 8113890, 30.41,0.30413505968740834,2024-06-20
UDAICEMENT, EQ, 20-Jun-2024,39.9,40.01,40.75,39.86,40.4,40.37,40.44,1325644,536.08,6769, 651163, 49.12,0.49120502940457617,2024-06-20
UDS, EQ, 20-Jun-2024,290.25,293.0,294.75,289.85,291.25,291.45,291.61,48763,142.2,3427, 25411, 52.11,0.5211123187662777,2024-06-20
UFLEX, EQ, 20-Jun-2024,511.65,517.0,539.05,515.75,525.4,526.9,527.35,777902,4102.25,24234, 277695, 35.70,0.3569794138593293,2024-06-20
UFO, EQ, 20-Jun-2024,123.89,123.9,126.95,122.0,122.55,122.8,124.08,261769,324.8,4582, 133563, 51.02,0.510232304054338,2024-06-20
UGARSUGAR, EQ, 20-Jun-2024,86.0,85.84,87.9,85.06,85.6,85.93,86.67,563655,488.53,5942, 189381, 33.60,0.3359874391249967,2024-06-20
UGROCAP, EQ, 20-Jun-2024,269.7,272.45,277.7,269.0,276.6,275.45,274.04,280116,767.62,7491, 155887, 55.65,0.5565087320967028,2024-06-20
UJJIVANSFB, EQ, 20-Jun-2024,50.05,50.25,50.72,48.2,49.5,48.76,49.41,27543831,13609.98,63248, 17978654, 65.27,0.6527288814689576,2024-06-20
ULTRACEMCO, EQ, 20-Jun-2024,10995.55,11008.9,11173.9,10875.4,10938.0,10903.2,10993.13,445369,48959.99,93209, 231850, 52.06,0.5205795643612375,2024-06-20
UMAEXPORTS, BE, 20-Jun-2024,84.54,85.99,87.5,82.74,87.4,86.94,85.26,119404,101.8,319, -, -,,2024-06-20
UMANGDAIRY, EQ, 20-Jun-2024,96.42,97.89,97.89,95.0,95.04,95.11,95.77,40427,38.72,719, 30255, 74.84,0.7483859796670542,2024-06-20
UMESLTD, EQ, 20-Jun-2024,5.16,5.5,5.5,5.14,5.25,5.27,5.34,47293,2.53,238, 36017, 76.16,0.761571479923033,2024-06-20
UNICHEMLAB, EQ, 20-Jun-2024,538.1,538.0,544.45,529.05,538.8,532.45,533.22,28186,150.29,2671, 15640, 55.49,0.5548854041013269,2024-06-20
UNIDT, EQ, 20-Jun-2024,226.32,227.5,234.03,226.4,232.6,230.72,229.59,17966,41.25,1126, 11824, 65.81,0.6581320271624179,2024-06-20
UNIENTER, EQ, 20-Jun-2024,164.61,164.56,170.0,162.0,165.0,165.01,167.9,26060,43.76,870, 14774, 56.69,0.5669224865694551,2024-06-20
UNIINFO, EQ, 20-Jun-2024,40.02,40.82,40.84,38.5,38.51,38.64,39.44,27448,10.83,331, 16936, 61.70,0.6170212765957447,2024-06-20
UNIONBANK, EQ, 20-Jun-2024,147.25,147.85,148.94,145.0,146.13,145.91,146.59,11132479,16318.84,82827, 5365414, 48.20,0.48196039714065486,2024-06-20
UNIPARTS, EQ, 20-Jun-2024,528.8,532.0,547.95,527.1,538.9,536.1,539.69,184581,996.16,9585, 107687, 58.34,0.5834132440500377,2024-06-20
UNITDSPR, EQ, 20-Jun-2024,1272.85,1272.95,1278.75,1259.0,1266.15,1265.55,1264.53,388681,4914.99,17586, 207348, 53.35,0.5334657469750258,2024-06-20
UNITECH, BZ, 20-Jun-2024,10.77,10.77,10.77,10.43,10.56,10.61,10.57,5027352,531.57,4441, -, -,,2024-06-20
UNITEDPOLY, EQ, 20-Jun-2024,88.56,89.97,90.0,86.58,87.0,87.06,88.45,16217,14.34,595, 7374, 45.47,0.4547080224455818,2024-06-20
UNITEDTEA, EQ, 20-Jun-2024,389.45,391.5,410.0,388.55,401.0,400.7,401.13,8342,33.46,570, 5255, 62.99,0.6299448573483577,2024-06-20
UNIVASTU, BE, 20-Jun-2024,195.8,199.32,203.45,187.1,196.1,199.96,197.23,9703,19.14,105, -, -,,2024-06-20
UNIVCABLES, EQ, 20-Jun-2024,747.15,750.6,755.7,720.35,734.9,724.35,733.64,56490,414.44,5507, 32846, 58.14,0.5814480439015755,2024-06-20
UNIVPHOTO, EQ, 20-Jun-2024,372.9,374.9,380.0,372.9,375.1,376.95,376.07,2109,7.93,280, 1529, 72.50,0.7249881460407777,2024-06-20
UNOMINDA, EQ, 20-Jun-2024,1055.75,1186.9,1188.0,1070.1,1079.9,1079.0,1103.49,4214348,46505.1,171710, 1461208, 34.67,0.3467221975973508,2024-06-20
UPL, EQ, 20-Jun-2024,557.3,557.3,577.7,554.6,569.0,569.0,569.88,7472902,42586.91,95176, 2061678, 27.59,0.27588719884189566,2024-06-20
URAVI, BE, 20-Jun-2024,594.9,603.8,603.8,576.1,585.0,584.8,587.14,7559,44.38,127, -, -,,2024-06-20
URJA, EQ, 20-Jun-2024,21.56,21.61,22.19,21.5,21.68,21.63,21.85,4424573,966.86,13225, 2499240, 56.49,0.5648545068642782,2024-06-20
USHAMART, EQ, 20-Jun-2024,389.05,391.05,399.9,383.15,399.3,392.6,388.24,1455901,5652.37,28370, 873255, 59.98,0.5998038328155555,2024-06-20
USK, EQ, 20-Jun-2024,66.63,67.0,68.17,66.0,66.49,66.54,67.17,231031,155.17,1917, 126714, 54.85,0.5484718500980388,2024-06-20
UTIAMC, EQ, 20-Jun-2024,1028.85,1028.0,1046.0,1017.0,1018.1,1024.35,1028.09,136421,1402.53,11440, 71320, 52.28,0.5227934115715323,2024-06-20
UTIBANKETF, EQ, 20-Jun-2024,52.37,52.48,52.98,52.32,52.82,52.89,52.69,73436,38.69,671, 45040, 61.33,0.6133231657497685,2024-06-20
UTINEXT50, EQ, 20-Jun-2024,75.98,76.67,76.67,75.57,76.19,76.0,75.89,73366,55.68,763, 47531, 64.79,0.647861407191342,2024-06-20
UTINIFTETF, EQ, 20-Jun-2024,254.86,256.24,256.24,252.1,255.69,255.49,255.27,106771,272.55,543, 104360, 97.74,0.9774189620777177,2024-06-20
UTISENSETF, EQ, 20-Jun-2024,835.31,834.4,840.41,833.36,836.98,837.27,837.63,617,5.17,72, 441, 71.47,0.7147487844408428,2024-06-20
UTISXN50, EQ, 20-Jun-2024,86.26,86.03,88.0,86.03,88.0,86.44,86.67,3018,2.62,87, 1366, 45.26,0.4526176275679258,2024-06-20
UTKARSHBNK, EQ, 20-Jun-2024,53.3,53.35,55.2,51.6,52.7,52.33,53.28,11982334,6383.77,33065, 6357717, 53.06,0.5305908681897867,2024-06-20
UTTAMSUGAR, EQ, 20-Jun-2024,361.8,363.0,369.95,357.3,359.0,359.35,364.53,263253,959.64,10042, 104895, 39.85,0.3984569976410525,2024-06-20
V2RETAIL, BE, 20-Jun-2024,655.2,640.0,687.0,640.0,683.0,683.0,675.2,48836,329.74,788, -, -,,2024-06-20
VADILALIND, EQ, 20-Jun-2024,4445.55,4470.0,4583.0,4398.05,4559.0,4566.1,4495.49,9242,415.47,2836, 4365, 47.23,0.47230036788573904,2024-06-20
VAIBHAVGBL, EQ, 20-Jun-2024,325.6,325.6,328.35,322.65,325.1,325.8,325.16,343425,1116.69,10835, 167777, 48.85,0.48854043823251075,2024-06-20
VAISHALI, EQ, 20-Jun-2024,148.13,148.5,155.0,148.5,151.0,149.85,151.23,111746,168.99,878, 51985, 46.52,0.4652068082973887,2024-06-20
VAKRANGEE, EQ, 20-Jun-2024,23.99,23.99,24.23,23.8,23.89,23.86,24.01,5609003,1346.52,10032, 1844399, 32.88,0.3288283140515347,2024-06-20
VALIANTLAB, EQ, 20-Jun-2024,148.55,148.5,149.43,146.5,148.0,147.57,148.63,98546,146.47,2434, 17574, 17.83,0.178332961256672,2024-06-20
VALIANTORG, EQ, 20-Jun-2024,432.95,434.75,451.8,434.1,441.0,444.15,444.33,219809,976.67,13469, 81547, 37.10,0.3709902688242975,2024-06-20
VARDHACRLC, EQ, 20-Jun-2024,54.97,55.29,56.0,54.1,55.24,55.12,55.08,71144,39.18,902, 48851, 68.66,0.6866496120544249,2024-06-20
VARDMNPOLY, EQ, 20-Jun-2024,10.85,11.09,11.09,10.3,10.3,10.34,10.45,557314,58.21,1003, 344245, 61.77,0.6176859005874605,2024-06-20
VARROC, EQ, 20-Jun-2024,678.1,682.6,691.7,670.7,674.5,675.9,682.23,320280,2185.04,17635, 115014, 35.91,0.35910453353315847,2024-06-20
VASCONEQ, EQ, 20-Jun-2024,73.36,73.74,76.3,72.6,74.25,74.23,75.0,2799936,2099.96,21273, 1109686, 39.63,0.3963254874397129,2024-06-20
VASWANI, BE, 20-Jun-2024,32.83,33.4,33.48,33.4,33.48,33.48,33.46,8054,2.69,41, -, -,,2024-06-20
VBL, EQ, 20-Jun-2024,1623.0,1629.8,1643.0,1611.0,1613.75,1613.75,1617.4,1902426,30769.83,58058, 1267693, 66.64,0.6663560106937142,2024-06-20
VCL, BE, 20-Jun-2024,1.0,1.05,1.05,1.05,1.05,1.05,1.05,559334,5.87,278, -, -,,2024-06-20
VEDL, EQ, 20-Jun-2024,448.45,450.0,479.0,449.15,470.95,469.95,468.67,28530186,133712.53,247139, 9652310, 33.83,0.338319210397016,2024-06-20
VENKEYS, EQ, 20-Jun-2024,2042.4,2087.0,2110.0,1974.55,1987.0,1999.65,2037.31,125508,2556.99,10980, 52077, 41.49,0.4149297255951812,2024-06-20
VENUSPIPES, EQ, 20-Jun-2024,2076.5,2090.0,2090.0,2043.95,2052.05,2050.65,2057.45,47741,982.25,7031, 30011, 62.86,0.6286211013594185,2024-06-20
VENUSREM, EQ, 20-Jun-2024,376.65,377.5,389.85,372.3,374.45,375.2,381.22,220261,839.69,9995, 77691, 35.27,0.35272245200012714,2024-06-20
VERANDA, EQ, 20-Jun-2024,176.97,177.6,184.2,176.6,181.6,180.96,182.33,409856,747.3,9097, 206560, 50.40,0.5039818863210493,2024-06-20
VERTOZ, BE, 20-Jun-2024,707.55,712.9,712.9,695.65,701.95,699.85,701.74,5774,40.52,251, -, -,,2024-06-20
VESUVIUS, EQ, 20-Jun-2024,5395.0,5400.35,5440.0,5323.55,5399.0,5394.7,5391.99,10632,573.28,4223, 4877, 45.87,0.45870955605718583,2024-06-20
VETO, EQ, 20-Jun-2024,121.57,122.29,125.8,121.57,123.5,122.75,123.76,155910,192.95,2466, 77470, 49.69,0.4968892309665833,2024-06-20
VGUARD, EQ, 20-Jun-2024,410.9,410.9,414.45,407.55,412.0,412.15,411.69,758925,3124.42,22242, 420978, 55.47,0.5547030338966301,2024-06-20
VHL, EQ, 20-Jun-2024,3371.0,3373.0,3477.9,3373.0,3380.0,3396.0,3420.72,3133,107.17,838, 1693, 54.04,0.5403766358123204,2024-06-20
VIDHIING, EQ, 20-Jun-2024,449.9,452.15,458.7,439.95,458.7,455.8,448.53,39328,176.4,3891, 19187, 48.79,0.4878712367778682,2024-06-20
VIJAYA, EQ, 20-Jun-2024,775.6,786.0,786.05,763.2,773.0,771.25,772.24,387320,2991.02,12914, 303817, 78.44,0.7844082412475473,2024-06-20
VIJIFIN, BE, 20-Jun-2024,2.39,2.43,2.43,2.43,2.43,2.43,2.43,18456,0.45,25, -, -,,2024-06-20
VIKASECO, EQ, 20-Jun-2024,3.68,3.68,4.11,3.68,3.94,3.93,3.93,42286690,1663.58,18305, 21683835, 51.28,0.5127815631821738,2024-06-20
VIKASLIFE, EQ, 20-Jun-2024,4.97,5.0,5.46,4.98,5.46,5.46,5.33,45657664,2433.48,18975, 26980325, 59.09,0.5909265309762672,2024-06-20
VIMTALABS, EQ, 20-Jun-2024,491.5,491.5,502.9,491.5,499.95,498.7,498.4,15110,75.31,1281, 9043, 59.85,0.5984778292521509,2024-06-20
VINATIORGA, EQ, 20-Jun-2024,1912.1,1930.0,1945.0,1898.7,1940.0,1932.3,1928.4,65377,1260.73,10503, 32463, 49.66,0.4965507747372929,2024-06-20
VINDHYATEL, EQ, 20-Jun-2024,2347.8,2371.7,2405.0,2345.0,2372.0,2360.55,2368.66,16789,397.67,2476, 6971, 41.52,0.4152123414140211,2024-06-20
VINEETLAB, EQ, 20-Jun-2024,58.36,59.0,60.55,58.5,59.67,59.54,59.03,31346,18.5,879, 4925, 15.71,0.15711733554520513,2024-06-20
VINNY, EQ, 20-Jun-2024,4.4,4.41,4.48,4.33,4.4,4.38,4.4,586535,25.79,1484, 372620, 63.53,0.6352903066313178,2024-06-20
VINYLINDIA, EQ, 20-Jun-2024,417.5,418.0,434.15,415.3,422.55,422.45,425.01,106927,454.45,8192, 37706, 35.26,0.3526331048285279,2024-06-20
VIPCLOTHNG, EQ, 20-Jun-2024,34.87,34.9,37.9,34.71,37.25,37.26,36.77,1126878,414.4,4185, 603979, 53.60,0.5359755004534652,2024-06-20
VIPIND, EQ, 20-Jun-2024,473.4,475.0,477.5,469.0,472.0,472.05,472.1,2489486,11752.97,18857, 2095327, 84.17,0.8416705295791983,2024-06-20
VIPULLTD, BE, 20-Jun-2024,45.62,46.0,47.4,43.51,43.51,43.6,45.69,463018,211.56,742, -, -,,2024-06-20
VIRINCHI, EQ, 20-Jun-2024,35.56,35.8,36.82,35.5,35.9,35.61,36.11,614272,221.79,3352, 327423, 53.30,0.5330260861637841,2024-06-20
VISAKAIND, EQ, 20-Jun-2024,116.58,117.4,119.7,116.43,116.6,117.19,117.98,261523,308.55,2985, 132339, 50.60,0.5060319742431832,2024-06-20
VISASTEEL, BE, 20-Jun-2024,20.73,20.01,21.6,20.0,21.6,20.09,20.25,37238,7.54,122, -, -,,2024-06-20
VISHNU, EQ, 20-Jun-2024,422.0,421.25,448.25,420.0,422.7,424.85,434.12,686745,2981.31,10869, 413564, 60.22,0.6022089713066713,2024-06-20
VISHWARAJ, EQ, 20-Jun-2024,17.82,17.95,18.2,17.7,17.8,17.82,17.95,2647443,475.19,6207, 1090166, 41.18,0.4117807257795541,2024-06-20
VIVIDHA, BE, 20-Jun-2024,1.06,1.06,1.06,1.05,1.05,1.05,1.06,270570,2.86,313, -, -,,2024-06-20
VLEGOV, BE, 20-Jun-2024,67.74,67.74,68.8,66.1,66.64,67.65,67.14,207292,139.18,808, -, -,,2024-06-20
VLSFINANCE, EQ, 20-Jun-2024,262.75,264.9,285.0,263.7,273.55,273.6,276.6,219271,606.51,13634, 88362, 40.30,0.402980786332894,2024-06-20
VMART, EQ, 20-Jun-2024,2768.9,2752.15,2768.85,2669.0,2751.0,2753.9,2733.91,10483,286.6,2064, 6541, 62.40,0.6239626061242011,2024-06-20
VOLTAMP, EQ, 20-Jun-2024,11654.9,11710.0,11800.0,11301.0,11389.0,11365.25,11516.69,19167,2207.4,5429, 12495, 65.19,0.6519017060572859,2024-06-20
VOLTAS, EQ, 20-Jun-2024,1477.75,1482.8,1504.5,1471.0,1483.9,1484.05,1487.02,1249993,18587.62,49486, 776257, 62.10,0.6210090776508348,2024-06-20
VPRPL, EQ, 20-Jun-2024,194.82,195.75,201.65,193.4,200.4,200.12,197.87,3557274,7038.88,42605, 1016567, 28.58,0.2857713518834928,2024-06-20
VRLLOG, EQ, 20-Jun-2024,566.1,575.0,575.0,558.45,563.0,563.25,563.0,100783,567.41,7337, 57642, 57.19,0.5719416965162776,2024-06-20
VSSL, EQ, 20-Jun-2024,294.0,295.45,308.9,293.4,301.3,301.15,301.18,145034,436.81,6298, 84778, 58.45,0.5845387977991368,2024-06-20
VSTIND, EQ, 20-Jun-2024,4093.15,4134.55,4134.55,4048.85,4061.0,4069.65,4067.21,15886,646.12,3662, 8534, 53.72,0.5372025682991313,2024-06-20
VSTL, BE, 20-Jun-2024,253.63,253.63,261.0,250.25,257.0,256.13,256.12,45843,117.41,651, -, -,,2024-06-20
VSTTILLERS, EQ, 20-Jun-2024,4172.7,4193.6,4211.4,4090.0,4148.0,4122.0,4159.87,9973,414.86,2876, 4658, 46.71,0.4670610648751629,2024-06-20
VTL, EQ, 20-Jun-2024,480.35,485.75,493.0,475.5,477.25,478.1,481.84,119826,577.36,8645, 52246, 43.60,0.4360155558893729,2024-06-20
WABAG, EQ, 20-Jun-2024,1142.05,1165.0,1220.0,1154.0,1183.0,1188.25,1182.72,2110184,24957.59,67064, 433381, 20.54,0.20537592930284754,2024-06-20
WALCHANNAG, EQ, 20-Jun-2024,243.07,246.89,250.0,242.22,243.45,244.25,245.8,278173,683.76,4199, 191398, 68.81,0.6880538370007154,2024-06-20
WANBURY, EQ, 20-Jun-2024,160.76,168.5,168.5,162.0,162.55,163.19,163.98,119369,195.74,2486, 72096, 60.40,0.6039759066424281,2024-06-20
WEALTH, EQ, 20-Jun-2024,766.05,766.05,790.0,766.05,790.0,787.3,781.17,4115,32.15,648, 2541, 61.75,0.6174969623329283,2024-06-20
WEBELSOLAR, BE, 20-Jun-2024,597.6,595.0,627.45,591.0,627.45,627.45,615.9,79542,489.9,1682, -, -,,2024-06-20
WEIZMANIND, EQ, 20-Jun-2024,121.93,122.58,127.8,120.63,123.0,122.7,123.48,11838,14.62,437, 6922, 58.47,0.5847271498563946,2024-06-20
WEL, BE, 20-Jun-2024,919.65,930.0,943.8,910.1,914.5,918.45,920.16,1880,17.3,176, -, -,,2024-06-20
WELCORP, EQ, 20-Jun-2024,528.75,528.0,535.1,514.8,527.0,526.75,524.38,2425915,12720.98,34136, 1543329, 63.62,0.6361842851047955,2024-06-20
WELENT, EQ, 20-Jun-2024,462.25,466.4,466.4,449.5,459.0,458.2,457.24,279240,1276.8,17006, 158265, 56.68,0.5667705199828105,2024-06-20
WELINV, EQ, 20-Jun-2024,745.95,752.4,769.4,744.0,744.0,744.85,751.44,481,3.61,92, 303, 62.99,0.6299376299376299,2024-06-20
WELSPUNLIV, EQ, 20-Jun-2024,144.44,144.44,147.8,143.1,146.2,146.27,145.47,2039682,2967.11,28433, 937517, 45.96,0.45963880644139626,2024-06-20
WENDT, EQ, 20-Jun-2024,15576.45,15716.25,15922.0,15300.0,15355.0,15380.2,15558.71,970,150.92,551, 529, 54.54,0.545360824742268,2024-06-20
WESTLIFE, EQ, 20-Jun-2024,816.85,816.95,833.0,810.7,820.0,819.95,824.85,103313,852.18,3773, 81756, 79.13,0.7913428126179668,2024-06-20
WEWIN, BE, 20-Jun-2024,77.0,78.0,78.0,77.45,77.45,77.45,77.51,3625,2.81,14, -, -,,2024-06-20
WHEELS, EQ, 20-Jun-2024,815.65,815.65,824.15,805.2,817.5,817.75,816.89,58126,474.82,3891, 27790, 47.81,0.47809930151739327,2024-06-20
WHIRLPOOL, EQ, 20-Jun-2024,1831.1,1835.0,1839.55,1811.0,1820.0,1820.55,1819.94,50172,913.1,6347, 23657, 47.15,0.4715179781551463,2024-06-20
WILLAMAGOR, EQ, 20-Jun-2024,37.09,36.5,38.9,36.29,37.55,37.77,37.95,13740,5.21,263, 10776, 78.43,0.7842794759825328,2024-06-20
WINDLAS, EQ, 20-Jun-2024,699.55,703.7,721.6,700.4,716.0,716.7,715.13,47584,340.29,4298, 25775, 54.17,0.5416736718224613,2024-06-20
WINDMACHIN, EQ, 20-Jun-2024,129.39,134.8,142.32,129.41,142.32,142.32,137.75,3555704,4898.14,12881, 1567838, 44.09,0.4409360284208134,2024-06-20
WINSOME, BE, 20-Jun-2024,3.52,3.52,3.59,3.44,3.57,3.58,3.53,37103,1.31,101, -, -,,2024-06-20
WIPL, EQ, 20-Jun-2024,155.32,164.0,164.0,156.33,158.0,157.01,158.07,12676,20.04,762, 2832, 22.34,0.2234143262858946,2024-06-20
WIPRO, EQ, 20-Jun-2024,495.75,497.5,497.5,488.25,491.0,490.4,491.98,6285563,30923.91,108929, 2591614, 41.23,0.41231215087654044,2024-06-20
WOCKPHARMA, EQ, 20-Jun-2024,572.6,575.5,581.15,566.1,571.1,572.7,572.97,203385,1165.34,8272, 129157, 63.50,0.6350369987953881,2024-06-20
WONDERLA, EQ, 20-Jun-2024,906.5,913.35,918.1,905.0,911.95,911.35,911.93,37492,341.9,3569, 20222, 53.94,0.5393683985916996,2024-06-20
WORTH, EQ, 20-Jun-2024,123.83,124.45,126.0,121.16,124.1,122.38,123.67,44878,55.5,548, 26194, 58.37,0.5836712865992245,2024-06-20
WSI, EQ, 20-Jun-2024,148.99,151.95,153.0,143.51,145.0,145.07,147.54,210540,310.63,6066, 120130, 57.06,0.5705804122732022,2024-06-20
WSTCSTPAPR, EQ, 20-Jun-2024,682.0,683.5,703.55,676.5,695.0,695.7,692.87,354440,2455.82,17272, 111597, 31.49,0.31485441823721927,2024-06-20
XCHANGING, EQ, 20-Jun-2024,117.76,118.0,119.0,116.88,117.58,117.41,117.68,332971,391.83,3706, 168407, 50.58,0.5057707728300663,2024-06-20
XELPMOC, BE, 20-Jun-2024,112.66,112.0,116.0,110.5,113.05,113.26,113.51,17897,20.31,201, -, -,,2024-06-20
XPROINDIA, EQ, 20-Jun-2024,1033.7,1033.7,1039.7,1011.55,1023.95,1027.0,1023.42,27911,285.65,2690, 16510, 59.15,0.5915230554261761,2024-06-20
YAARI, BE, 20-Jun-2024,10.65,10.74,10.74,10.2,10.54,10.44,10.48,90171,9.45,278, -, -,,2024-06-20
YASHO, EQ, 20-Jun-2024,1900.7,1918.6,1920.0,1898.7,1912.1,1914.9,1910.84,10535,201.31,2110, 5829, 55.33,0.5532985287138111,2024-06-20
YATHARTH, EQ, 20-Jun-2024,415.55,419.25,420.0,412.55,419.0,419.15,417.02,135784,566.24,9598, 79116, 58.27,0.5826606964001649,2024-06-20
YATRA, EQ, 20-Jun-2024,129.6,129.0,131.0,128.7,128.9,129.01,129.27,270737,349.97,5577, 177074, 65.40,0.6540443308450636,2024-06-20
YESBANK, EQ, 20-Jun-2024,23.81,23.85,24.65,23.78,23.93,23.96,24.17,169935306,41066.1,162546, 55547148, 32.69,0.3268723216351521,2024-06-20
YUKEN, EQ, 20-Jun-2024,1269.65,1275.0,1300.0,1245.1,1254.95,1251.55,1271.84,18988,241.5,1630, 13451, 70.84,0.7083947756477775,2024-06-20
ZAGGLE, EQ, 20-Jun-2024,301.15,302.3,302.35,295.95,296.9,296.75,298.32,693716,2069.5,15220, 372730, 53.73,0.5372948007541991,2024-06-20
ZEEL, EQ, 20-Jun-2024,154.34,154.88,156.8,154.4,155.37,155.59,155.83,9058904,14116.9,36313, 3450113, 38.09,0.38085324670622406,2024-06-20
ZEELEARN, BE, 20-Jun-2024,7.98,8.13,8.13,8.1,8.13,8.13,8.13,1103530,89.68,382, -, -,,2024-06-20
ZEEMEDIA, EQ, 20-Jun-2024,14.46,14.55,14.58,14.15,14.23,14.2,14.36,6373886,915.12,6586, 3299507, 51.77,0.5176601840698124,2024-06-20
ZENITHEXPO, BE, 20-Jun-2024,391.39,410.5,410.95,410.5,410.95,410.95,410.9,2678,11.0,102, -, -,,2024-06-20
ZENITHSTL, EQ, 20-Jun-2024,8.44,8.49,8.86,8.33,8.55,8.5,8.6,618076,53.15,2319, 348293, 56.35,0.563511606986843,2024-06-20
ZENSARTECH, EQ, 20-Jun-2024,711.4,715.0,724.0,705.0,722.0,720.9,718.84,740475,5322.82,26799, 376448, 50.84,0.5083871839022249,2024-06-20
ZENTEC, EQ, 20-Jun-2024,1178.05,1184.5,1208.0,1173.95,1187.5,1191.75,1193.01,338453,4037.78,18048, 171487, 50.67,0.5066789184908983,2024-06-20
ZFCVINDIA, EQ, 20-Jun-2024,16244.85,16248.45,16425.05,15899.0,15919.95,15960.1,16034.72,43200,6927.0,13095, 21658, 50.13,0.5013425925925926,2024-06-20
ZIMLAB, EQ, 20-Jun-2024,105.8,105.25,108.79,105.0,106.1,106.81,106.66,214327,228.61,4062, 106014, 49.46,0.4946366999958008,2024-06-20
ZODIAC, BE, 20-Jun-2024,604.95,592.85,592.85,592.85,592.85,592.85,592.85,10785,63.94,487, -, -,,2024-06-20
ZODIACLOTH, EQ, 20-Jun-2024,114.44,115.4,123.0,113.8,123.0,120.57,119.38,120058,143.32,1876, 86230, 71.82,0.718236185843509,2024-06-20
ZOMATO, EQ, 20-Jun-2024,198.49,199.99,201.8,195.0,196.69,197.05,197.76,44395214,87794.01,229496, 17532510, 39.49,0.39491892076474727,2024-06-20
ZOTA, EQ, 20-Jun-2024,608.65,609.9,615.0,595.0,595.6,597.1,605.05,129944,786.22,6158, 78084, 60.09,0.6009050052330235,2024-06-20
ZUARI, EQ, 20-Jun-2024,202.87,203.75,231.0,203.61,226.5,226.8,220.34,3527605,7772.8,68518, 994330, 28.19,0.2818711278615378,2024-06-20
ZUARIIND, EQ, 20-Jun-2024,338.25,339.95,368.5,336.8,359.6,359.45,356.24,873840,3113.0,39695, 319174, 36.53,0.3652545088345693,2024-06-20
ZYDUSLIFE, EQ, 20-Jun-2024,1073.55,1076.0,1092.45,1050.0,1088.1,1088.65,1077.9,1282696,13826.13,55308, 830857, 64.77,0.6477427231393876,2024-06-20
ZYDUSWELL, EQ, 20-Jun-2024,1834.45,1847.0,1903.4,1830.0,1875.0,1887.75,1869.65,24839,464.4,5343, 10646, 42.86,0.4286001851926406,2024-06-20
