SYMBOL,SERIES,DATE1,PREV_CLOSE,OPEN_PRICE,HIGH_PRICE,LOW_PRICE,LAST_PRICE,CLOSE_PRICE,AVG_PRICE,TTL_TRD_QNTY,TURNOVER_LACS,NO_OF_TRADES,DELIV_QTY,DELIV_PER,DELIVERY_PCT,DATE
20MICRONS, EQ, 21-Mar-2023,65.35,65.85,66.8,65.15, 66.20,66.2,65.96,43675,28.81,793, 23048, 52.77,0.5277160847166571,2023-03-21
21STCENMGM, EQ, 21-Mar-2023,17.9,18.25,18.25,18.25, 18.25,18.25,18.25,460,0.08,7, 460, 100.00,1.0,2023-03-21
360ONE, EQ, 21-Mar-2023,417.95,419.0,423.65,395.1, 397.00,401.45,414.41,279207,1157.06,7169, 195134, 69.89,0.698886489235585,2023-03-21
3IINFOLTD, EQ, 21-Mar-2023,30.35,30.45,30.55,29.9, 30.50,30.35,30.24,488211,147.61,4071, 375451, 76.90,0.769034290501443,2023-03-21
3MINDIA, EQ, 21-Mar-2023,22916.4,22996.0,23198.9,22602.0, 22735.00,22733.0,22788.13,2017,459.64,1195, 715, 35.45,0.35448686167575605,2023-03-21
3PLAND, EQ, 21-Mar-2023,20.45,20.95,21.45,19.8, 20.00,20.0,20.37,20311,4.14,324, 11700, 57.60,0.5760425385259219,2023-03-21
4THDIM, BE, 21-Mar-2023,40.95,40.15,40.15,40.15, 40.15,40.15,40.15,2448,0.98,60, -, -,,2023-03-21
5PAISA, EQ, 21-Mar-2023,283.6,283.6,290.15,283.6, 285.00,286.75,287.46,10402,29.9,756, 5389, 51.81,0.5180734474139589,2023-03-21
63MOONS, EQ, 21-Mar-2023,166.9,168.0,168.0,163.15, 166.00,165.6,165.44,86748,143.52,2848, 37346, 43.05,0.43051136625628256,2023-03-21
A2ZINFRA, EQ, 21-Mar-2023,6.55,6.55,6.7,6.5, 6.60,6.6,6.6,716227,47.27,425, 681616, 95.17,0.951675935143467,2023-03-21
AAATECH, EQ, 21-Mar-2023,50.65,51.65,51.9,49.2, 50.25,50.15,50.49,25771,13.01,385, 22965, 89.11,0.8911179232470606,2023-03-21
AAKASH, EQ, 21-Mar-2023,6.65,6.65,6.8,6.45, 6.60,6.5,6.56,135355,8.88,492, 94957, 70.15,0.7015403937793211,2023-03-21
AAREYDRUGS, EQ, 21-Mar-2023,24.8,25.15,26.85,24.1, 25.25,25.15,25.39,73479,18.66,979, 33664, 45.81,0.45814450387185457,2023-03-21
AARON, EQ, 21-Mar-2023,179.6,175.7,187.7,175.7, 187.10,185.15,182.65,7082,12.94,412, 4372, 61.73,0.6173397345382661,2023-03-21
AARTIDRUGS, EQ, 21-Mar-2023,368.25,377.15,394.5,365.5, 387.00,382.8,381.4,11740936,44779.64,175112, 233155, 1.99,0.019858297498598066,2023-03-21
AARTIIND, EQ, 21-Mar-2023,525.55,528.0,538.0,519.4, 520.90,521.25,526.74,781256,4115.19,21982, 351875, 45.04,0.4503965409545655,2023-03-21
AARTIPHARM, EQ, 21-Mar-2023,280.3,285.0,285.6,276.05, 278.00,280.8,279.99,290366,813.0,12647, 203616, 70.12,0.7012391257929648,2023-03-21
AARTISURF, EQ, 21-Mar-2023,462.55,467.15,496.0,467.15, 478.00,479.15,485.44,40138,194.85,3210, 18259, 45.49,0.4549055757636155,2023-03-21
AARVEEDEN, EQ, 21-Mar-2023,18.85,19.65,19.65,18.5, 19.45,19.25,19.21,4607,0.89,132, 3388, 73.54,0.7354026481441285,2023-03-21
AARVI, EQ, 21-Mar-2023,112.25,114.2,114.35,111.0, 113.00,113.15,112.83,4923,5.55,214, 3282, 66.67,0.6666666666666666,2023-03-21
AAVAS, EQ, 21-Mar-2023,1676.85,1690.0,1699.0,1648.55, 1689.00,1690.4,1670.64,83881,1401.35,20064, 50759, 60.51,0.6051310785517579,2023-03-21
ABAN, EQ, 21-Mar-2023,37.45,37.65,38.0,36.8, 37.00,37.1,37.23,63479,23.64,1565, 33110, 52.16,0.5215898171048693,2023-03-21
ABB, EQ, 21-Mar-2023,3298.85,3299.0,3432.95,3299.0, 3415.00,3412.35,3361.95,278420,9360.34,38862, 127703, 45.87,0.4586703541412255,2023-03-21
ABBOTINDIA, EQ, 21-Mar-2023,21327.3,21420.0,21420.0,21120.1, 21180.05,21287.85,21248.54,5813,1235.18,2509, 2594, 44.62,0.44624118355410286,2023-03-21
ABCAPITAL, EQ, 21-Mar-2023,149.85,151.35,153.15,150.0, 152.65,152.65,151.68,2222698,3371.36,13920, 907125, 40.81,0.4081188717495584,2023-03-21
ABFRL, EQ, 21-Mar-2023,215.55,216.0,219.7,214.55, 217.05,217.65,217.35,1810450,3934.99,17543, 397890, 21.98,0.21977408931481124,2023-03-21
ABMINTLLTD, EQ, 21-Mar-2023,67.75,71.1,71.1,71.1, 71.10,71.1,71.1,991,0.7,15, 991, 100.00,1.0,2023-03-21
ABSLAMC, EQ, 21-Mar-2023,356.2,360.0,360.05,356.5, 357.60,357.75,357.65,54118,193.55,3051, 34798, 64.30,0.6430023282456854,2023-03-21
ABSLBANETF, EQ, 21-Mar-2023,39.49,40.49,40.49,39.11, 39.85,39.96,39.66,64181,25.45,603, 59676, 92.98,0.9298078870693819,2023-03-21
ABSLLIQUID, EQ, 21-Mar-2023,999.99,1000.0,1000.0,1000.0, 1000.00,1000.0,1000.0,100000,1000.0,7, 100000, 100.00,1.0,2023-03-21
ABSLNN50ET, EQ, 21-Mar-2023,38.72,39.3,39.5,38.0, 38.80,38.88,38.99,1185,0.46,148, 886, 74.77,0.7476793248945147,2023-03-21
ACC, EQ, 21-Mar-2023,1695.6,1713.95,1739.85,1698.25, 1722.95,1724.6,1722.95,306383,5278.81,22050, 86298, 28.17,0.28166706377312056,2023-03-21
ACCELYA, EQ, 21-Mar-2023,1139.55,1150.85,1328.0,1144.45, 1244.65,1254.3,1266.8,274207,3473.67,27145, 63638, 23.21,0.23208014383294373,2023-03-21
ACCURACY, EQ, 21-Mar-2023,15.2,15.25,15.95,15.05, 15.45,15.4,15.49,29188,4.52,308, 17692, 60.61,0.6061395093874195,2023-03-21
ACE, EQ, 21-Mar-2023,361.4,364.85,376.0,362.0, 374.00,374.4,369.47,432665,1598.59,10780, 119790, 27.69,0.2768654732876475,2023-03-21
ACEINTEG, BE, 21-Mar-2023,41.05,39.6,42.4,39.0, 42.00,42.0,40.93,8612,3.52,54, -, -,,2023-03-21
ACI, EQ, 21-Mar-2023,623.0,625.0,631.1,618.4, 621.10,622.6,623.24,85903,535.38,5178, 43898, 51.10,0.5110182415049532,2023-03-21
ADANIENT, EQ, 21-Mar-2023,1804.95,1836.95,1861.0,1804.95, 1821.50,1824.25,1829.3,4094018,74892.0,158108, 524990, 12.82,0.12823343717589908,2023-03-21
ADANIGREEN, EQ, 21-Mar-2023,848.65,868.0,891.05,865.65, 891.05,891.05,884.84,3819655,33797.76,82541, 1444243, 37.81,0.3781082322879946,2023-03-21
ADANIPORTS, EQ, 21-Mar-2023,666.75,671.5,674.4,661.2, 665.50,664.8,667.25,5011027,33435.88,81539, 866838, 17.30,0.1729860964628608,2023-03-21
ADANIPOWER, EQ, 21-Mar-2023,190.2,191.9,199.7,186.55, 199.70,199.7,195.58,12141316,23745.88,90966, 4270231, 35.17,0.35171072065005143,2023-03-21
ADANITRANS, EQ, 21-Mar-2023,1009.1,1019.95,1037.7,972.3, 1004.40,1006.1,1015.39,2265181,23000.38,69510, 769934, 33.99,0.33989954886607293,2023-03-21
ADFFOODS, EQ, 21-Mar-2023,691.05,690.6,697.95,688.6, 690.40,691.55,691.94,5060,35.01,516, 2789, 55.12,0.5511857707509882,2023-03-21
ADL, BE, 21-Mar-2023,59.9,59.9,61.95,58.25, 58.25,58.25,60.41,2325,1.4,13, -, -,,2023-03-21
ADORWELD, EQ, 21-Mar-2023,848.7,861.4,864.25,845.0, 849.00,849.55,849.88,7356,62.52,963, 5809, 78.97,0.7896954866775422,2023-03-21
ADROITINFO, EQ, 21-Mar-2023,20.85,20.85,22.5,20.4, 20.60,20.7,21.2,34588,7.33,221, 16441, 47.53,0.4753382676072626,2023-03-21
ADSL, EQ, 21-Mar-2023,81.9,83.15,83.6,81.35, 82.20,82.7,82.38,124694,102.73,2574, 71911, 57.67,0.5766997610149647,2023-03-21
ADVANIHOTR, EQ, 21-Mar-2023,71.25,70.25,72.95,70.0, 71.00,71.3,71.22,22738,16.19,484, 13960, 61.40,0.6139502154982848,2023-03-21
ADVENZYMES, EQ, 21-Mar-2023,237.95,239.15,247.95,236.0, 242.50,241.95,240.97,74414,179.32,5121, 32428, 43.58,0.43577821377697745,2023-03-21
AEGISCHEM, EQ, 21-Mar-2023,359.8,359.8,373.0,359.5, 370.00,370.65,367.34,313557,1151.82,13380, 90398, 28.83,0.2882984592912931,2023-03-21
AETHER, EQ, 21-Mar-2023,862.35,864.0,884.0,864.0, 873.95,871.55,874.15,17636,154.16,3264, 8392, 47.58,0.4758448627806759,2023-03-21
AFFLE, EQ, 21-Mar-2023,971.8,980.0,997.9,972.05, 976.05,976.8,986.17,143408,1414.24,11353, 44380, 30.95,0.30946669641860985,2023-03-21
AGARIND, EQ, 21-Mar-2023,587.75,590.95,592.4,581.0, 583.70,584.85,587.02,8969,52.65,841, 5927, 66.08,0.6608317538187088,2023-03-21
AGI, EQ, 21-Mar-2023,363.55,367.25,375.0,362.6, 364.05,364.4,366.33,164460,602.47,9159, 44687, 27.17,0.27171956706798006,2023-03-21
AGRITECH, EQ, 21-Mar-2023,95.7,97.5,97.5,94.65, 95.00,95.3,96.03,5369,5.16,190, 3332, 62.06,0.6205997392438071,2023-03-21
AGROPHOS, EQ, 21-Mar-2023,31.55,31.7,32.8,31.7, 32.70,32.7,32.58,22614,7.37,314, 7259, 32.10,0.3209958432829221,2023-03-21
AGSTRA, EQ, 21-Mar-2023,52.7,53.0,53.45,52.35, 52.65,52.65,52.87,191789,101.4,1578, 113642, 59.25,0.5925365896897111,2023-03-21
AHL, EQ, 21-Mar-2023,208.0,210.1,211.15,206.0, 207.90,207.15,208.77,181293,378.49,758, 175321, 96.71,0.9670588494867425,2023-03-21
AHLADA, EQ, 21-Mar-2023,90.45,89.9,92.0,89.05, 90.45,90.25,90.34,15334,13.85,161, 12389, 80.79,0.8079431329072649,2023-03-21
AHLEAST, EQ, 21-Mar-2023,95.0,96.5,97.0,92.0, 93.55,95.45,95.39,11940,11.39,776, 7943, 66.52,0.6652428810720268,2023-03-21
AHLUCONT, EQ, 21-Mar-2023,475.55,480.0,484.9,478.0, 479.90,480.4,481.95,14692,70.81,1082, 7712, 52.49,0.5249115164715491,2023-03-21
AIAENG, EQ, 21-Mar-2023,2751.15,2771.0,2779.05,2642.7, 2749.00,2751.15,2709.68,57133,1548.12,15832, 14801, 25.91,0.25906218822746924,2023-03-21
AIRAN, EQ, 21-Mar-2023,15.25,15.85,16.9,15.6, 16.30,16.2,16.34,466714,76.28,1830, 212141, 45.45,0.4545417536221326,2023-03-21
AIROLAM, EQ, 21-Mar-2023,68.2,69.5,69.6,66.8, 67.30,67.65,68.39,27565,18.85,201, 25041, 90.84,0.90843460910575,2023-03-21
AJANTPHARM, EQ, 21-Mar-2023,1183.55,1189.5,1209.8,1189.45, 1205.00,1205.75,1201.7,38783,466.06,8822, 19259, 49.66,0.49658355465023335,2023-03-21
AJMERA, EQ, 21-Mar-2023,278.3,280.05,280.75,274.95, 274.95,275.55,276.65,26034,72.02,1818, 10451, 40.14,0.4014365829300146,2023-03-21
AJOONI, EQ, 21-Mar-2023,3.9,4.0,4.0,3.85, 3.95,3.95,3.94,334826,13.2,400, 223473, 66.74,0.6674302473523561,2023-03-21
AKASH, EQ, 21-Mar-2023,26.6,25.6,27.7,25.6, 27.50,27.35,27.05,31012,8.39,395, 10150, 32.73,0.32729266090545595,2023-03-21
AKG, EQ, 21-Mar-2023,29.5,29.05,29.45,28.7, 29.00,29.0,29.06,266633,77.48,613, 251384, 94.28,0.942809029639992,2023-03-21
AKSHAR, BE, 21-Mar-2023,61.15,60.0,62.0,59.95, 61.75,61.85,60.49,3356,2.03,62, -, -,,2023-03-21
AKSHARCHEM, EQ, 21-Mar-2023,212.1,213.4,216.95,211.25, 211.35,212.85,213.02,9924,21.14,269, 8066, 81.28,0.8127771060056429,2023-03-21
AKSHOPTFBR, EQ, 21-Mar-2023,9.0,9.0,9.15,8.65, 8.65,8.7,8.86,468517,41.5,743, 312278, 66.65,0.6665243737153614,2023-03-21
AKZOINDIA, EQ, 21-Mar-2023,2263.75,2280.0,2291.55,2240.0, 2267.45,2284.35,2278.27,3376,76.91,1163, 1981, 58.68,0.5867890995260664,2023-03-21
ALANKIT, EQ, 21-Mar-2023,7.85,8.2,8.2,7.55, 7.85,7.85,7.76,448480,34.81,687, 336502, 75.03,0.7503166250445951,2023-03-21
ALBERTDAVD, EQ, 21-Mar-2023,525.15,523.9,538.45,523.9, 534.75,535.15,532.65,1744,9.29,239, 1315, 75.40,0.7540137614678899,2023-03-21
ALEMBICLTD, EQ, 21-Mar-2023,61.0,60.75,61.0,59.9, 60.15,60.1,60.26,99366,59.88,1355, 67196, 67.62,0.6762474085703359,2023-03-21
ALICON, EQ, 21-Mar-2023,704.95,715.0,715.0,704.0, 711.90,710.75,710.77,14805,105.23,4516, 9280, 62.68,0.6268152651131375,2023-03-21
ALKALI, EQ, 21-Mar-2023,98.65,98.65,101.2,98.6, 100.15,100.45,99.98,12668,12.66,339, 7031, 55.50,0.5550205241553521,2023-03-21
ALKEM, EQ, 21-Mar-2023,3115.2,3101.0,3157.05,3099.15, 3101.35,3116.6,3133.61,39169,1227.41,6393, 17011, 43.43,0.4342975312109066,2023-03-21
ALKYLAMINE, EQ, 21-Mar-2023,2340.25,2340.25,2357.8,2310.0, 2314.00,2316.15,2327.34,21263,494.86,4625, 11346, 53.36,0.5336029722992992,2023-03-21
ALLCARGO, EQ, 21-Mar-2023,363.15,367.45,369.0,363.05, 363.05,364.7,365.8,167367,612.23,5266, 68500, 40.93,0.40928020458035336,2023-03-21
ALLSEC, EQ, 21-Mar-2023,461.8,466.95,473.45,463.0, 470.00,465.05,465.68,38065,177.26,1202, 34301, 90.11,0.9011165112307894,2023-03-21
ALMONDZ, EQ, 21-Mar-2023,62.75,63.6,63.6,61.0, 61.00,61.8,62.55,3857,2.41,89, 2349, 60.90,0.6090225563909775,2023-03-21
ALOKINDS, EQ, 21-Mar-2023,12.4,12.55,12.85,12.2, 12.45,12.5,12.49,3925653,490.41,4680, 1886192, 48.05,0.48047853439924515,2023-03-21
ALPA, EQ, 21-Mar-2023,52.5,54.8,54.8,52.95, 53.40,53.75,53.84,31580,17.0,546, 8950, 28.34,0.28340721975934136,2023-03-21
ALPHAGEO, EQ, 21-Mar-2023,220.45,220.25,221.65,216.5, 220.65,220.65,219.33,6028,13.22,357, 3880, 64.37,0.643662906436629,2023-03-21
AMARAJABAT, EQ, 21-Mar-2023,570.8,573.0,579.9,572.55, 576.20,577.3,576.8,248207,1431.67,10622, 102495, 41.29,0.41294161727912587,2023-03-21
AMBER, EQ, 21-Mar-2023,1898.4,1907.9,1910.15,1865.0, 1867.00,1868.85,1877.92,27389,514.34,4363, 13751, 50.21,0.5020628719558947,2023-03-21
AMBICAAGAR, EQ, 21-Mar-2023,21.15,21.2,23.2,21.0, 21.60,21.95,21.53,23294,5.02,182, 17892, 76.81,0.768094788357517,2023-03-21
AMBIKCO, EQ, 21-Mar-2023,1416.75,1424.9,1428.9,1401.0, 1401.90,1407.15,1411.44,6798,95.95,1176, 3613, 53.15,0.5314798470138276,2023-03-21
AMBUJACEM, EQ, 21-Mar-2023,365.4,369.7,374.7,366.2, 370.20,370.9,370.77,7159231,26544.16,71245, 2501338, 34.94,0.34938640756248823,2023-03-21
AMDIND, EQ, 21-Mar-2023,45.7,45.7,46.8,45.05, 46.20,46.2,46.34,21119,9.79,168, 17252, 81.69,0.8168947393342488,2023-03-21
AMIORG, EQ, 21-Mar-2023,902.5,904.95,939.7,902.5, 934.80,933.95,921.34,81457,750.49,11927, 39596, 48.61,0.4860969591318119,2023-03-21
AMJLAND, EQ, 21-Mar-2023,22.25,22.1,22.75,21.95, 22.65,22.55,22.42,8234,1.85,330, 4614, 56.04,0.5603594850619383,2023-03-21
AMRUTANJAN, EQ, 21-Mar-2023,622.35,625.5,642.0,615.0, 640.35,638.7,635.54,16108,102.37,2240, 10784, 66.95,0.6694810032282096,2023-03-21
ANANDRATHI, EQ, 21-Mar-2023,807.8,814.0,818.8,791.65, 800.00,798.55,808.48,27157,219.56,2614, 14364, 52.89,0.528924402548146,2023-03-21
ANANTRAJ, EQ, 21-Mar-2023,113.55,114.15,123.0,112.75, 123.00,122.4,119.43,3824242,4567.37,19394, 1734246, 45.35,0.453487514649962,2023-03-21
ANDHRAPAP, EQ, 21-Mar-2023,403.4,405.0,412.75,404.5, 410.70,409.15,409.94,26559,108.88,1434, 16342, 61.53,0.6153093113445537,2023-03-21
ANDHRSUGAR, EQ, 21-Mar-2023,111.5,112.0,112.9,110.5, 111.20,111.15,111.69,104570,116.79,2029, 59455, 56.86,0.5685665104714546,2023-03-21
ANDREWYU, EQ, 21-Mar-2023,20.35,20.65,20.75,19.85, 20.10,20.15,20.23,260771,52.75,867, 152406, 58.44,0.5844438223575474,2023-03-21
ANGELONE, EQ, 21-Mar-2023,1079.3,1089.95,1102.85,1072.0, 1102.00,1091.8,1087.76,197883,2152.5,12584, 64515, 32.60,0.326025985051773,2023-03-21
ANIKINDS, EQ, 21-Mar-2023,28.7,29.55,29.85,28.4, 28.95,28.75,28.89,32769,9.47,721, 15381, 46.94,0.46937654490524583,2023-03-21
ANKITMETAL, EQ, 21-Mar-2023,4.2,4.2,4.35,4.0, 4.15,4.05,4.12,76718,3.16,545, 56868, 74.13,0.7412601996923799,2023-03-21
ANMOL, EQ, 21-Mar-2023,182.25,185.0,188.85,184.55, 188.85,186.6,186.41,31690,59.07,1023, 22544, 71.14,0.7113916061849164,2023-03-21
ANTGRAPHIC, EQ, 21-Mar-2023,0.6,0.65,0.65,0.55, 0.65,0.6,0.59,539454,3.2,526, 333289, 61.78,0.6178265431343544,2023-03-21
ANUP, EQ, 21-Mar-2023,989.15,993.25,996.95,980.5, 982.05,991.65,992.43,7391,73.35,1300, 5250, 71.03,0.7103233662562576,2023-03-21
ANURAS, EQ, 21-Mar-2023,748.65,748.65,816.35,746.1, 807.00,807.4,791.35,937081,7415.63,28193, 219724, 23.45,0.23447706228170243,2023-03-21
APARINDS, EQ, 21-Mar-2023,2294.9,2324.0,2349.0,2250.0, 2289.25,2276.4,2297.31,67446,1549.45,8596, 28838, 42.76,0.427571686979213,2023-03-21
APCL, EQ, 21-Mar-2023,153.0,151.5,155.0,150.8, 154.75,154.55,153.13,26293,40.26,836, 19992, 76.04,0.7603544669683946,2023-03-21
APCOTEXIND, EQ, 21-Mar-2023,433.95,440.45,440.55,428.0, 435.00,431.85,434.34,46279,201.01,2300, 36727, 79.36,0.793599688843752,2023-03-21
APEX, EQ, 21-Mar-2023,208.35,208.35,215.95,207.0, 207.50,207.65,209.24,48663,101.82,958, 37043, 76.12,0.7612148860530588,2023-03-21
APLAPOLLO, EQ, 21-Mar-2023,1209.15,1219.7,1238.0,1194.85, 1197.50,1198.8,1212.08,321021,3891.04,16254, 178613, 55.64,0.5563903919058255,2023-03-21
APLLTD, EQ, 21-Mar-2023,479.8,480.7,497.0,479.85, 493.60,492.65,489.62,110829,542.64,7268, 56086, 50.61,0.5060588835052198,2023-03-21
APOLLO, EQ, 21-Mar-2023,273.1,275.0,286.75,274.0, 282.60,283.85,282.52,129780,366.66,1692, 75858, 58.45,0.5845122515025427,2023-03-21
APOLLOHOSP, EQ, 21-Mar-2023,4313.0,4320.0,4353.9,4266.0, 4270.00,4274.0,4302.07,239304,10295.03,26379, 81583, 34.09,0.3409178283689366,2023-03-21
APOLLOPIPE, EQ, 21-Mar-2023,566.5,566.2,566.2,540.65, 542.85,543.85,546.1,95073,519.19,4336, 51893, 54.58,0.5458226836220589,2023-03-21
APOLLOTYRE, EQ, 21-Mar-2023,311.45,313.1,318.6,305.95, 315.35,317.0,315.53,1822097,5749.32,21270, 477035, 26.18,0.26180549114564156,2023-03-21
APOLSINHOT, EQ, 21-Mar-2023,1108.95,1109.0,1131.0,1090.0, 1130.95,1126.2,1108.55,703,7.79,104, 448, 63.73,0.6372688477951636,2023-03-21
APTECHT, EQ, 21-Mar-2023,331.8,331.8,337.2,327.55, 332.00,333.25,332.29,42141,140.03,2844, 13668, 32.43,0.32433971666548017,2023-03-21
APTUS, EQ, 21-Mar-2023,243.0,245.45,251.2,243.2, 247.00,248.6,246.85,183954,454.09,6322, 70272, 38.20,0.3820085456146645,2023-03-21
ARCHIDPLY, EQ, 21-Mar-2023,53.8,54.15,61.4,54.0, 57.25,58.25,57.91,106672,61.77,1497, 57555, 53.96,0.5395511474426279,2023-03-21
ARCHIES, EQ, 21-Mar-2023,18.6,19.1,19.2,18.2, 18.50,18.65,18.6,55427,10.31,296, 36919, 66.61,0.6660833167950638,2023-03-21
ARENTERP, EQ, 21-Mar-2023,32.2,32.6,32.6,32.0, 32.40,32.15,32.19,658,0.21,46, 556, 84.50,0.8449848024316109,2023-03-21
ARIES, EQ, 21-Mar-2023,157.45,158.05,160.15,156.75, 157.55,157.7,158.39,40276,63.79,1552, 17344, 43.06,0.4306286622306088,2023-03-21
ARIHANTCAP, EQ, 21-Mar-2023,38.3,38.85,39.0,34.15, 35.80,35.75,35.79,375565,134.42,3195, 192521, 51.26,0.512616990401129,2023-03-21
ARIHANTSUP, EQ, 21-Mar-2023,189.65,189.7,202.0,186.7, 201.50,200.4,195.02,101634,198.21,1988, 23817, 23.43,0.23434087018123856,2023-03-21
ARMANFIN, EQ, 21-Mar-2023,1293.2,1312.45,1355.7,1282.35, 1315.00,1336.25,1323.11,6696,88.6,1676, 2012, 30.05,0.3004778972520908,2023-03-21
AROGRANITE, EQ, 21-Mar-2023,40.05,41.05,41.8,40.0, 40.35,40.85,40.82,29112,11.88,419, 18605, 63.91,0.6390835394339104,2023-03-21
ARROWGREEN, EQ, 21-Mar-2023,219.5,224.8,230.45,216.55, 221.25,224.85,226.15,28759,65.04,1078, 11116, 38.65,0.3865224799193296,2023-03-21
ARSHIYA, EQ, 21-Mar-2023,6.45,6.5,6.55,6.15, 6.20,6.2,6.28,633151,39.75,681, 342507, 54.10,0.5409562647772806,2023-03-21
ARTEMISMED, EQ, 21-Mar-2023,67.25,67.15,68.25,65.1, 66.50,66.05,66.15,112109,74.16,1139, 68414, 61.02,0.6102453861866576,2023-03-21
ARTNIRMAN, EQ, 21-Mar-2023,57.0,57.2,58.85,56.05, 56.05,57.05,57.2,1524,0.87,40, 1224, 80.31,0.8031496062992126,2023-03-21
ARVEE, EQ, 21-Mar-2023,95.25,91.45,92.15,91.35, 92.15,92.15,91.56,41,0.04,8, 33, 80.49,0.8048780487804879,2023-03-21
ARVIND, EQ, 21-Mar-2023,82.9,84.4,85.35,83.0, 85.00,84.9,84.03,488411,410.42,3396, 272652, 55.82,0.5582429552159963,2023-03-21
ARVINDFASN, EQ, 21-Mar-2023,274.9,274.95,279.4,274.3, 275.20,277.25,277.26,198822,551.25,4833, 154880, 77.90,0.7789882407379465,2023-03-21
ARVSMART, EQ, 21-Mar-2023,226.65,227.05,235.45,227.0, 231.60,232.1,231.62,35519,82.27,1533, 19959, 56.19,0.5619246037332132,2023-03-21
ASAHIINDIA, EQ, 21-Mar-2023,466.05,468.4,469.45,459.05, 462.50,462.15,463.4,61373,284.4,3464, 47321, 77.10,0.7710393821387255,2023-03-21
ASAHISONG, EQ, 21-Mar-2023,175.5,176.25,179.15,175.05, 178.00,177.45,177.75,9027,16.05,324, 6003, 66.50,0.6650049850448654,2023-03-21
ASAL, EQ, 21-Mar-2023,280.6,286.35,289.45,280.0, 280.00,280.25,282.26,32289,91.14,3260, 5546, 17.18,0.1717612809315866,2023-03-21
ASALCBR, EQ, 21-Mar-2023,342.9,348.0,348.0,340.5, 340.60,341.05,342.46,16557,56.7,1137, 9299, 56.16,0.5616355619979465,2023-03-21
ASHAPURMIN, EQ, 21-Mar-2023,100.7,101.05,111.5,100.35, 108.60,109.65,107.33,587112,630.13,8812, 273967, 46.66,0.4666349861695894,2023-03-21
ASHIANA, EQ, 21-Mar-2023,146.05,145.5,146.1,142.15, 143.10,142.75,144.03,22699,32.69,668, 17255, 76.02,0.7601656460637033,2023-03-21
ASHIMASYN, EQ, 21-Mar-2023,13.05,13.1,13.5,12.55, 13.10,13.05,13.07,68575,8.96,259, 43357, 63.23,0.6322566532993074,2023-03-21
ASHOKA, EQ, 21-Mar-2023,75.0,75.65,76.35,74.55, 75.55,75.3,75.42,603425,455.11,6248, 352156, 58.36,0.5835953101048184,2023-03-21
ASHOKLEY, EQ, 21-Mar-2023,135.95,136.25,137.3,135.15, 135.50,135.4,135.94,6947802,9445.14,43946, 3017341, 43.43,0.4342871313834217,2023-03-21
ASIANENE, EQ, 21-Mar-2023,89.35,94.1,98.25,93.1, 98.25,98.25,96.93,520608,504.62,5309, 281024, 53.98,0.539799618907124,2023-03-21
ASIANHOTNR, EQ, 21-Mar-2023,72.05,73.05,73.05,71.1, 72.00,72.05,72.06,3120,2.25,76, 2480, 79.49,0.7948717948717948,2023-03-21
ASIANPAINT, EQ, 21-Mar-2023,2855.15,2858.15,2887.0,2835.0, 2839.75,2839.1,2855.35,691891,19755.89,80855, 369125, 53.35,0.5335016642794891,2023-03-21
ASIANTILES, EQ, 21-Mar-2023,36.6,36.85,38.3,36.2, 37.60,37.6,37.08,515209,191.05,3506, 310861, 60.34,0.6033687299717202,2023-03-21
ASMS, EQ, 21-Mar-2023,4.85,5.05,5.05,4.6, 4.75,4.7,4.71,56301,2.65,287, 43884, 77.95,0.7794532956785848,2023-03-21
ASPINWALL, EQ, 21-Mar-2023,206.75,214.0,214.0,201.0, 202.00,201.85,205.08,3466,7.11,311, 2137, 61.66,0.6165608770917484,2023-03-21
ASTEC, EQ, 21-Mar-2023,1224.65,1225.0,1226.95,1186.5, 1190.00,1195.2,1209.65,9622,116.39,2395, 5172, 53.75,0.537518187487009,2023-03-21
ASTERDM, EQ, 21-Mar-2023,238.95,239.25,244.8,233.7, 235.90,236.25,239.77,316654,759.25,6699, 126451, 39.93,0.3993349207652517,2023-03-21
ASTRAL, EQ, 21-Mar-2023,1318.3,1324.9,1340.0,1319.35, 1336.00,1334.5,1329.93,185674,2469.34,16378, 73528, 39.60,0.3960059028189192,2023-03-21
ASTRAMICRO, EQ, 21-Mar-2023,236.3,238.0,240.4,236.05, 238.00,238.2,238.35,201079,479.27,3853, 133103, 66.19,0.6619438131281735,2023-03-21
ASTRAZEN, EQ, 21-Mar-2023,3345.45,3362.2,3377.95,3322.45, 3362.25,3368.1,3355.42,4931,165.46,1256, 3419, 69.34,0.6933684850943014,2023-03-21
ASTRON, EQ, 21-Mar-2023,24.25,24.25,25.25,24.1, 24.60,24.7,24.6,21805,5.36,702, 12395, 56.84,0.5684476037606053,2023-03-21
ATFL, EQ, 21-Mar-2023,843.6,847.85,865.0,840.85, 863.90,860.3,852.95,2698,23.01,864, 927, 34.36,0.343587842846553,2023-03-21
ATGL, EQ, 21-Mar-2023,852.9,853.0,895.5,816.75, 893.90,890.8,872.59,2290508,19986.71,70169, 802565, 35.04,0.35038733765610075,2023-03-21
ATLANTA, EQ, 21-Mar-2023,13.3,13.95,13.95,13.95, 13.95,13.95,13.95,18707,2.61,45, 18707, 100.00,1.0,2023-03-21
ATUL, EQ, 21-Mar-2023,6998.25,7029.9,7120.0,6990.0, 7001.00,7042.7,7048.96,21486,1514.54,5321, 10380, 48.31,0.4831052778553477,2023-03-21
ATULAUTO, EQ, 21-Mar-2023,338.3,342.0,347.4,334.0, 336.80,337.45,339.87,432622,1470.37,12785, 85936, 19.86,0.1986399212245332,2023-03-21
AUBANK, EQ, 21-Mar-2023,577.1,581.2,582.6,568.8, 580.00,579.6,574.8,1113971,6403.15,26287, 437752, 39.30,0.3929653464946574,2023-03-21
AURIONPRO, EQ, 21-Mar-2023,308.15,308.7,315.2,301.95, 304.95,304.9,308.18,28964,89.26,1611, 20882, 72.10,0.7209639552547991,2023-03-21
AUROPHARMA, EQ, 21-Mar-2023,474.3,476.9,479.6,466.2, 466.25,467.95,472.81,1057090,4998.0,22668, 388088, 36.71,0.36712862670160534,2023-03-21
AURUM, EQ, 21-Mar-2023,106.5,107.9,110.0,102.85, 105.70,106.3,106.48,80048,85.23,1318, 53495, 66.83,0.6682865280831501,2023-03-21
AUSOMENT, EQ, 21-Mar-2023,60.15,59.0,61.8,58.85, 61.65,60.95,60.25,3250,1.96,126, 2680, 82.46,0.8246153846153846,2023-03-21
AUTOAXLES, EQ, 21-Mar-2023,2358.75,2352.25,2389.05,2338.05, 2360.00,2357.75,2361.89,14735,348.02,2283, 8593, 58.32,0.5831693247370207,2023-03-21
AUTOBEES, EQ, 21-Mar-2023,122.78,124.16,124.17,122.58, 122.87,122.87,123.04,31902,39.25,795, 23596, 73.96,0.7396401479531064,2023-03-21
AUTOIND, EQ, 21-Mar-2023,63.5,64.8,74.8,62.75, 70.20,71.6,70.09,136498,95.67,1990, 52182, 38.23,0.38229131562367213,2023-03-21
AVADHSUGAR, EQ, 21-Mar-2023,419.2,422.8,432.4,420.0, 429.60,428.6,426.43,33647,143.48,2660, 14206, 42.22,0.42220703183047525,2023-03-21
AVANTIFEED, EQ, 21-Mar-2023,340.15,341.9,344.0,333.7, 335.50,334.3,336.0,816603,2743.8,21713, 637236, 78.03,0.7803498150263959,2023-03-21
AVONMORE, EQ, 21-Mar-2023,63.3,63.9,67.75,61.8, 62.00,63.85,63.67,83207,52.98,943, 38267, 45.99,0.4599012102347158,2023-03-21
AVROIND, EQ, 21-Mar-2023,124.45,127.25,127.25,122.85, 124.40,123.85,125.09,27445,34.33,338, 25366, 92.42,0.9242484969939879,2023-03-21
AVTNPL, EQ, 21-Mar-2023,83.45,84.5,84.5,81.5, 82.80,82.5,82.86,101004,83.69,2000, 60915, 60.31,0.6030949269335868,2023-03-21
AWHCL, EQ, 21-Mar-2023,257.1,261.0,263.85,257.4, 260.95,259.5,260.39,27422,71.4,1610, 18403, 67.11,0.6711034935453286,2023-03-21
AWL, EQ, 21-Mar-2023,413.85,419.75,425.8,410.25, 418.50,418.75,418.47,2787019,11662.73,45072, 722771, 25.93,0.25933479463182707,2023-03-21
AXISBANK, EQ, 21-Mar-2023,837.55,840.1,857.35,838.75, 854.65,855.6,848.4,11489951,97480.3,215897, 4354340, 37.90,0.3789694142298779,2023-03-21
AXISBNKETF, EQ, 21-Mar-2023,397.53,397.53,403.37,397.31, 403.36,403.21,399.94,5642,22.56,46, 5398, 95.68,0.9567529244948599,2023-03-21
AXISBPSETF, EQ, 21-Mar-2023,10.74,11.05,11.05,10.76, 10.78,10.77,10.77,7437,0.8,301, 4393, 59.07,0.590695172784725,2023-03-21
AXISCADES, EQ, 21-Mar-2023,280.3,282.85,290.0,278.5, 287.95,285.55,283.09,41815,118.37,2461, 24108, 57.65,0.5765395193112519,2023-03-21
AXISCETF, EQ, 21-Mar-2023,72.34,72.2,72.2,72.2, 72.20,72.2,72.2,9,0.01,6, 8, 88.89,0.8888888888888888,2023-03-21
AXISGOLD, EQ, 21-Mar-2023,50.92,50.92,50.95,50.24, 50.46,50.41,50.6,124328,62.9,1195, 60015, 48.27,0.48271507624991955,2023-03-21
AXISHCETF, EQ, 21-Mar-2023,74.85,74.8,75.39,74.8, 74.97,74.97,75.08,2269,1.7,44, 1299, 57.25,0.5724988981930366,2023-03-21
AXISILVER, EQ, 21-Mar-2023,69.65,68.51,70.98,68.51, 69.80,69.33,69.35,8345,5.79,69, 5778, 69.24,0.69239065308568,2023-03-21
AXISNIFTY, EQ, 21-Mar-2023,180.91,182.0,182.49,181.0, 182.40,182.36,181.9,2995,5.45,93, 2349, 78.43,0.7843071786310517,2023-03-21
AXISTECETF, EQ, 21-Mar-2023,294.47,294.45,294.45,291.31, 292.25,292.17,292.38,14443,42.23,133, 12758, 88.33,0.8833344872948833,2023-03-21
AXITA, EQ, 21-Mar-2023,54.0,54.4,54.6,53.05, 53.05,53.3,53.77,356620,191.76,2198, 195990, 54.96,0.5495765801132858,2023-03-21
AYMSYNTEX, EQ, 21-Mar-2023,64.4,65.85,66.9,64.4, 64.60,64.95,65.58,31252,20.49,525, 15400, 49.28,0.4927684628183796,2023-03-21
BAFNAPH, BE, 21-Mar-2023,87.0,88.8,88.8,83.7, 88.00,88.0,84.53,1242,1.05,26, -, -,,2023-03-21
BAGFILMS, EQ, 21-Mar-2023,4.15,4.1,4.25,4.0, 4.05,4.05,4.07,72260,2.94,188, 50962, 70.53,0.7052587877110434,2023-03-21
BAIDFIN, EQ, 21-Mar-2023,35.45,34.0,37.0,33.7, 37.00,34.8,34.7,154195,53.5,541, 32523, 21.09,0.21092123609714972,2023-03-21
BAJAJ-AUTO, EQ, 21-Mar-2023,3805.0,3806.5,3922.0,3796.75, 3910.00,3905.7,3884.18,803886,31224.39,65451, 504474, 62.75,0.6275442040289295,2023-03-21
BAJAJCON, EQ, 21-Mar-2023,153.55,154.05,154.85,152.45, 153.90,153.8,153.65,131352,201.82,2844, 63843, 48.60,0.48604513064133015,2023-03-21
BAJAJELEC, EQ, 21-Mar-2023,1086.45,1086.45,1098.0,1072.05, 1090.05,1094.8,1086.31,62107,674.67,9721, 19183, 30.89,0.30887017566457886,2023-03-21
BAJAJFINSV, EQ, 21-Mar-2023,1245.4,1259.0,1271.5,1248.6, 1268.00,1268.1,1259.69,2333183,29390.76,83385, 701280, 30.06,0.30056793659134323,2023-03-21
BAJAJHCARE, EQ, 21-Mar-2023,329.1,325.5,332.4,323.75, 325.00,327.0,326.86,16802,54.92,902, 10355, 61.63,0.6162956790858232,2023-03-21
BAJAJHIND, EQ, 21-Mar-2023,12.55,12.6,12.8,12.5, 12.60,12.55,12.63,4122415,520.5,4897, 1577601, 38.27,0.38268854542786207,2023-03-21
BAJAJHLDNG, EQ, 21-Mar-2023,5933.75,6022.75,6072.0,5840.0, 6030.00,6028.75,5934.1,42622,2529.23,9276, 20091, 47.14,0.47137628454788605,2023-03-21
BAJFINANCE, EQ, 21-Mar-2023,5550.8,5601.8,5715.0,5586.15, 5711.00,5710.1,5670.84,1130114,64086.92,95715, 396242, 35.06,0.3506212647573608,2023-03-21
BALAJITELE, EQ, 21-Mar-2023,39.65,39.9,40.55,39.25, 39.70,39.7,39.82,83763,33.35,714, 57127, 68.20,0.6820075689743682,2023-03-21
BALAMINES, EQ, 21-Mar-2023,1985.0,1995.95,2039.0,1976.15, 2002.05,2004.35,2007.71,52064,1045.29,6522, 19954, 38.33,0.38325906576521207,2023-03-21
BALAXI, EQ, 21-Mar-2023,541.3,545.1,553.8,530.2, 535.50,537.6,543.93,1017,5.53,70, 789, 77.58,0.775811209439528,2023-03-21
BALKRISHNA, EQ, 21-Mar-2023,31.3,31.15,31.55,29.75, 29.75,29.9,30.3,14383,4.36,243, 10110, 70.29,0.7029131613710631,2023-03-21
BALKRISIND, EQ, 21-Mar-2023,1972.6,1970.2,1995.35,1960.15, 1972.00,1965.55,1972.14,111253,2194.07,9025, 41446, 37.25,0.3725382686309583,2023-03-21
BALLARPUR, BZ, 21-Mar-2023,0.65,0.7,0.7,0.65, 0.70,0.7,0.69,1475376,10.21,270, -, -,,2023-03-21
BALMLAWRIE, EQ, 21-Mar-2023,111.1,111.2,112.5,110.5, 112.30,111.1,111.27,184462,205.25,2534, 94748, 51.36,0.5136450867929439,2023-03-21
BALPHARMA, EQ, 21-Mar-2023,70.0,70.65,70.65,69.1, 69.40,69.35,69.47,9315,6.47,130, 8118, 87.15,0.8714975845410629,2023-03-21
BALRAMCHIN, EQ, 21-Mar-2023,361.7,365.75,366.9,360.25, 364.50,365.3,363.83,1198843,4361.72,17042, 196498, 16.39,0.16390636638825934,2023-03-21
BANARBEADS, EQ, 21-Mar-2023,78.25,78.25,79.8,75.1, 75.70,76.0,77.23,20140,15.55,1147, 10083, 50.06,0.5006454816285998,2023-03-21
BANARISUG, EQ, 21-Mar-2023,2740.55,2749.0,2790.0,2730.2, 2730.20,2762.05,2751.15,73,2.01,40, 52, 71.23,0.7123287671232876,2023-03-21
BANCOINDIA, EQ, 21-Mar-2023,223.85,224.1,236.75,224.1, 234.00,232.9,228.6,64950,148.48,3725, 32224, 49.61,0.49613548883756736,2023-03-21
BANDHANBNK, EQ, 21-Mar-2023,201.6,202.65,204.0,198.25, 202.50,202.8,201.18,8216894,16530.59,48833, 2715101, 33.04,0.3304291134825397,2023-03-21
BANG, EQ, 21-Mar-2023,38.7,38.7,38.85,36.85, 38.50,38.15,37.85,14747,5.58,256, 8366, 56.73,0.5673018240998169,2023-03-21
BANKA, EQ, 21-Mar-2023,69.2,71.5,72.2,69.5, 71.55,71.45,71.37,10662,7.61,159, 5228, 49.03,0.4903395235415494,2023-03-21
BANKBARODA, EQ, 21-Mar-2023,158.75,159.5,163.4,159.3, 163.20,163.05,162.08,25702421,41658.07,119236, 9310062, 36.22,0.36222509933986374,2023-03-21
BANKBEES, EQ, 21-Mar-2023,397.46,404.99,404.99,397.61, 403.10,402.95,400.37,1076920,4311.63,10630, 699511, 64.95,0.6495477844222413,2023-03-21
BANKINDIA, EQ, 21-Mar-2023,72.45,73.5,73.8,72.35, 73.50,73.45,73.12,8241954,6026.82,20151, 1735100, 21.05,0.2105204663845491,2023-03-21
BANSWRAS, EQ, 21-Mar-2023,125.05,125.05,126.35,123.55, 125.95,124.8,124.81,17180,21.44,482, 8408, 48.94,0.48940628637951106,2023-03-21
BARBEQUE, EQ, 21-Mar-2023,669.7,669.65,692.8,665.05, 676.05,679.25,683.44,63136,431.5,5349, 27320, 43.27,0.43271667511403955,2023-03-21
BASF, EQ, 21-Mar-2023,2251.4,2255.0,2398.4,2249.2, 2380.00,2369.95,2324.93,28275,657.37,4341, 15934, 56.35,0.5635366931918656,2023-03-21
BASML, EQ, 21-Mar-2023,38.15,38.25,38.7,37.45, 38.50,38.5,38.1,64486,24.57,520, 46181, 71.61,0.7161399373507428,2023-03-21
BATAINDIA, EQ, 21-Mar-2023,1399.85,1406.95,1410.45,1397.95, 1408.00,1406.25,1405.82,155118,2180.68,9050, 78276, 50.46,0.5046222875488338,2023-03-21
BAYERCROP, EQ, 21-Mar-2023,3970.05,3989.9,4042.0,3955.05, 4032.95,4010.95,3999.27,9207,368.21,2758, 5355, 58.16,0.581622678396872,2023-03-21
BBETF0432, EQ, 21-Mar-2023,1040.02,1040.51,1042.96,1039.1, 1042.96,1042.95,1041.03,3424,35.64,52, 2961, 86.48,0.8647780373831776,2023-03-21
BBL, EQ, 21-Mar-2023,2433.1,2469.55,2556.0,2426.95, 2538.00,2518.7,2492.13,8582,213.87,2866, 3747, 43.66,0.4366115124679562,2023-03-21
BBOX, EQ, 21-Mar-2023,85.75,87.0,87.35,84.5, 84.50,85.0,85.62,42912,36.74,1323, 28805, 67.13,0.671257457121551,2023-03-21
BBTC, EQ, 21-Mar-2023,850.7,855.0,857.55,841.1, 843.25,843.8,846.8,27910,236.34,2468, 15771, 56.51,0.5650662844858474,2023-03-21
BBTCL, EQ, 21-Mar-2023,205.0,210.2,215.0,207.1, 215.00,215.0,213.18,4226,9.01,91, 3463, 81.95,0.8194510175106484,2023-03-21
BCG, EQ, 21-Mar-2023,18.5,18.75,19.2,18.6, 19.00,19.05,19.01,17598316,3345.87,21517, 5938484, 33.74,0.3374461510976391,2023-03-21
BCLIND, EQ, 21-Mar-2023,429.55,426.05,433.95,416.2, 420.00,420.8,428.68,109688,470.22,5798, 27026, 24.64,0.24638976004667784,2023-03-21
BCONCEPTS, EQ, 21-Mar-2023,217.1,222.45,226.0,211.05, 226.00,221.3,215.57,8768,18.9,260, 5174, 59.01,0.5901003649635036,2023-03-21
BCP, EQ, 21-Mar-2023,4.05,4.05,4.15,3.85, 3.90,3.9,3.96,204536,8.09,312, 99551, 48.67,0.4867162748855947,2023-03-21
BDL, EQ, 21-Mar-2023,911.6,919.9,920.1,904.0, 906.75,907.4,911.53,207436,1890.84,8355, 57778, 27.85,0.27853410208449836,2023-03-21
BEARDSELL, EQ, 21-Mar-2023,20.2,21.15,21.15,20.0, 20.90,20.55,20.22,35387,7.16,142, 22090, 62.42,0.6242405403114138,2023-03-21
BECTORFOOD, EQ, 21-Mar-2023,530.6,533.5,544.0,532.4, 536.00,535.7,539.33,180442,973.18,6541, 45869, 25.42,0.25420356679708717,2023-03-21
BEDMUTHA, EQ, 21-Mar-2023,49.2,52.8,53.0,49.1, 50.90,49.55,50.12,3464,1.74,186, 1425, 41.14,0.4113741339491917,2023-03-21
BEL, EQ, 21-Mar-2023,92.65,93.0,93.45,92.35, 93.35,93.1,93.09,5886671,5480.04,24136, 3035075, 51.56,0.5155842750512132,2023-03-21
BEML, EQ, 21-Mar-2023,1199.95,1202.0,1212.0,1190.1, 1194.00,1203.05,1202.05,74076,890.43,6873, 25457, 34.37,0.34366056482531454,2023-03-21
BEPL, EQ, 21-Mar-2023,98.65,99.1,99.9,97.3, 97.30,97.7,98.3,213511,209.88,3089, 116956, 54.78,0.5477750560861033,2023-03-21
BERGEPAINT, EQ, 21-Mar-2023,596.3,596.9,598.7,591.0, 595.00,594.7,594.62,514862,3061.49,14826, 258703, 50.25,0.5024705649280778,2023-03-21
BESTAGRO, EQ, 21-Mar-2023,1048.75,1060.0,1097.85,1052.0, 1094.95,1093.2,1078.29,51392,554.16,4014, 32144, 62.55,0.6254669987546699,2023-03-21
BFINVEST, EQ, 21-Mar-2023,386.85,392.65,392.75,386.35, 390.40,388.45,389.34,12317,47.95,1040, 6576, 53.39,0.5338962409677681,2023-03-21
BFUTILITIE, EQ, 21-Mar-2023,322.1,324.0,324.5,316.85, 317.50,319.6,319.41,82362,263.07,3906, 31802, 38.61,0.38612466914353705,2023-03-21
BGRENERGY, EQ, 21-Mar-2023,49.55,49.9,50.95,49.75, 50.00,49.95,50.23,132573,66.59,1327, 84954, 64.08,0.6408092145459483,2023-03-21
BHAGCHEM, EQ, 21-Mar-2023,1214.95,1246.5,1246.5,1202.0, 1209.75,1225.9,1229.83,3367,41.41,492, 2111, 62.70,0.626967626967627,2023-03-21
BHAGERIA, EQ, 21-Mar-2023,127.6,128.25,131.45,127.55, 130.00,129.85,129.48,15164,19.63,645, 10846, 71.52,0.7152466367713004,2023-03-21
BHAGYANGR, EQ, 21-Mar-2023,46.8,47.1,47.65,44.6, 46.55,46.55,46.14,34488,15.91,512, 20672, 59.94,0.5993968916724658,2023-03-21
BHANDARI, EQ, 21-Mar-2023,4.4,4.5,4.5,4.35, 4.40,4.35,4.39,153143,6.72,294, 94102, 61.45,0.6144714417244014,2023-03-21
BHARATFORG, EQ, 21-Mar-2023,787.8,788.55,790.2,770.15, 779.65,778.05,778.6,825685,6428.81,39127, 353896, 42.86,0.4286089731556223,2023-03-21
BHARATGEAR, EQ, 21-Mar-2023,108.15,110.9,125.0,109.0, 112.40,112.95,116.91,186072,217.54,3483, 52755, 28.35,0.2835192828582484,2023-03-21
BHARATRAS, EQ, 21-Mar-2023,8801.65,8870.0,9112.0,8762.15, 9100.00,9090.55,8973.75,1955,175.44,589, 1330, 68.03,0.680306905370844,2023-03-21
BHARATWIRE, EQ, 21-Mar-2023,109.4,109.95,123.3,109.95, 121.30,121.55,118.29,3595386,4253.0,30037, 1455051, 40.47,0.4046995232222632,2023-03-21
BHARTIARTL, EQ, 21-Mar-2023,754.8,760.0,766.0,755.15, 757.00,756.95,761.16,5332221,40586.47,144444, 3401709, 63.80,0.6379534906748989,2023-03-21
BHEL, EQ, 21-Mar-2023,74.25,74.65,76.0,74.55, 75.80,75.85,75.37,6583494,4962.06,28407, 1575834, 23.94,0.23936134824456437,2023-03-21
BIGBLOC, EQ, 21-Mar-2023,132.75,134.75,136.3,131.05, 133.15,135.1,133.3,85868,114.47,1591, 34885, 40.63,0.406263101504635,2023-03-21
BIKAJI, EQ, 21-Mar-2023,346.3,346.3,350.0,343.0, 346.00,347.35,346.68,82919,287.47,6059, 30490, 36.77,0.36770824539610947,2023-03-21
BIL, EQ, 21-Mar-2023,173.1,176.0,178.0,172.0, 174.80,175.8,175.85,2569,4.52,399, 1789, 69.64,0.6963799143635656,2023-03-21
BINANIIND, EQ, 21-Mar-2023,28.0,29.4,29.4,29.4, 29.40,29.4,29.4,5047,1.48,20, 5047, 100.00,1.0,2023-03-21
BINDALAGRO, EQ, 21-Mar-2023,17.3,17.25,17.6,17.0, 17.00,17.1,17.26,489258,84.44,4425, 406853, 83.16,0.8315714817131248,2023-03-21
BIOCON, EQ, 21-Mar-2023,201.75,203.6,203.6,191.55, 201.10,201.1,197.74,12170982,24066.64,99199, 3492788, 28.70,0.28697667944953004,2023-03-21
BIOFILCHEM, EQ, 21-Mar-2023,43.7,44.4,44.4,41.4, 42.60,42.1,42.57,25715,10.95,557, 17534, 68.19,0.6818588372545207,2023-03-21
BIRLACABLE, EQ, 21-Mar-2023,121.9,122.8,123.45,120.0, 122.00,122.2,122.27,29730,36.35,963, 16311, 54.86,0.5486377396569122,2023-03-21
BIRLACORPN, EQ, 21-Mar-2023,879.15,882.0,904.9,875.0, 902.00,900.7,898.83,75161,675.57,7711, 33959, 45.18,0.45181676667420606,2023-03-21
BIRLAMONEY, EQ, 21-Mar-2023,49.35,50.05,50.95,49.5, 50.20,50.2,50.14,27204,13.64,597, 21715, 79.82,0.798228201735039,2023-03-21
BKMINDST, BZ, 21-Mar-2023,0.9,0.95,0.95,0.85, 0.85,0.85,0.86,48653,0.42,73, -, -,,2023-03-21
BLBLIMITED, EQ, 21-Mar-2023,21.95,22.9,22.9,21.15, 21.90,22.0,22.02,37975,8.36,407, 14536, 38.28,0.3827781435154707,2023-03-21
BLISSGVS, EQ, 21-Mar-2023,75.7,76.85,76.85,74.7, 74.95,75.2,75.34,53370,40.21,949, 30411, 56.98,0.5698145025295109,2023-03-21
BLKASHYAP, EQ, 21-Mar-2023,30.35,30.95,31.85,29.85, 31.65,31.35,30.88,525376,162.26,1564, 430470, 81.94,0.819356042148861,2023-03-21
BLS, EQ, 21-Mar-2023,154.3,155.5,157.2,154.1, 155.70,155.5,155.64,2312919,3599.86,61440, 222278, 9.61,0.09610280342718444,2023-03-21
BLUEDART, EQ, 21-Mar-2023,6080.3,6042.0,6118.9,6005.0, 6018.05,6055.3,6043.52,11102,670.95,4625, 5083, 45.78,0.45784543325526933,2023-03-21
BLUESTARCO, EQ, 21-Mar-2023,1446.55,1454.0,1484.0,1435.3, 1462.00,1455.65,1460.83,174347,2546.92,13754, 73657, 42.25,0.4224735728174273,2023-03-21
BODALCHEM, EQ, 21-Mar-2023,59.75,60.05,60.9,59.75, 60.35,60.1,60.27,183030,110.32,2648, 120543, 65.86,0.6585969513194558,2023-03-21
BOHRAIND, EQ, 21-Mar-2023,106.6,102.0,102.0,101.3, 101.30,101.3,101.53,305,0.31,5, 305, 100.00,1.0,2023-03-21
BOMDYEING, EQ, 21-Mar-2023,61.35,62.1,62.7,60.7, 61.45,61.65,61.49,792239,487.18,4814, 317384, 40.06,0.40061648063273836,2023-03-21
BOROLTD, EQ, 21-Mar-2023,323.75,324.8,335.0,323.25, 328.30,330.5,328.74,43782,143.93,3402, 27756, 63.40,0.6339591612991641,2023-03-21
BORORENEW, EQ, 21-Mar-2023,447.8,448.9,459.7,441.55, 443.30,443.85,447.24,123336,551.61,7493, 43547, 35.31,0.3530761497048712,2023-03-21
BOSCHLTD, EQ, 21-Mar-2023,18139.3,18198.0,18468.4,18122.6, 18400.00,18369.75,18266.68,40044,7314.71,8239, 25627, 64.00,0.6399710318649485,2023-03-21
BPCL, EQ, 21-Mar-2023,359.65,360.2,361.6,355.75, 358.30,358.55,358.68,5125281,18383.58,66855, 2313121, 45.13,0.4513159376042016,2023-03-21
BPL, EQ, 21-Mar-2023,55.15,55.85,56.35,54.6, 56.20,55.45,55.55,38133,21.18,497, 28532, 74.82,0.7482233236304513,2023-03-21
BRIGADE, EQ, 21-Mar-2023,467.75,465.1,471.6,464.1, 466.50,468.15,467.47,21810,101.95,1691, 9764, 44.77,0.44768454837230626,2023-03-21
BRITANNIA, EQ, 21-Mar-2023,4331.85,4355.0,4386.0,4260.0, 4267.00,4264.7,4310.59,231876,9995.22,32511, 92181, 39.75,0.39754437716710656,2023-03-21
BRNL, EQ, 21-Mar-2023,27.1,28.4,28.4,27.0, 27.45,27.7,27.63,32383,8.95,405, 17962, 55.47,0.5546737485717815,2023-03-21
BROOKS, EQ, 21-Mar-2023,60.95,58.7,63.95,57.9, 63.95,63.95,61.03,287438,175.43,1013, 155902, 54.24,0.5423847925465666,2023-03-21
BSE, EQ, 21-Mar-2023,430.95,435.0,439.5,434.05, 435.00,435.35,436.21,327370,1428.02,13139, 137719, 42.07,0.4206830192137337,2023-03-21
BSHSL, BE, 21-Mar-2023,292.4,307.0,307.0,307.0, 307.00,307.0,307.0,15206,46.68,103, -, -,,2023-03-21
BSL, EQ, 21-Mar-2023,163.9,166.75,167.0,162.0, 162.00,164.95,165.73,1603,2.66,91, 1031, 64.32,0.6431690580162196,2023-03-21
BSLGOLDETF, EQ, 21-Mar-2023,53.47,53.94,53.95,52.6, 52.80,52.8,53.23,2172655,1156.46,336, 2010525, 92.54,0.9253770156789735,2023-03-21
BSLNIFTY, EQ, 21-Mar-2023,19.16,19.75,19.75,19.16, 19.25,19.28,19.27,33539,6.46,665, 14928, 44.51,0.4450937714302752,2023-03-21
BSLSENETFG, EQ, 21-Mar-2023,55.89,57.8,57.8,55.25, 56.30,56.3,56.11,622,0.35,49, 544, 87.46,0.8745980707395499,2023-03-21
BSOFT, EQ, 21-Mar-2023,273.0,274.0,274.7,266.6, 268.50,267.65,269.08,1330396,3579.89,17364, 508842, 38.25,0.3824740904211979,2023-03-21
BTML, EQ, 21-Mar-2023,177.15,175.55,175.55,170.1, 171.90,172.4,173.44,57592,99.89,226, 37905, 65.82,0.6581643283789416,2023-03-21
BURNPUR, EQ, 21-Mar-2023,4.0,4.05,4.2,4.05, 4.05,4.1,4.11,29597,1.22,157, 18511, 62.54,0.6254350103050985,2023-03-21
BUTTERFLY, EQ, 21-Mar-2023,1203.85,1208.95,1228.1,1185.0, 1225.00,1225.6,1215.98,4057,49.33,472, 2717, 66.97,0.6697066798126695,2023-03-21
BVCL, EQ, 21-Mar-2023,24.2,24.2,25.3,23.5, 24.60,24.65,24.48,8087,1.98,139, 3060, 37.84,0.3783850624459008,2023-03-21
BYKE, EQ, 21-Mar-2023,38.1,38.2,38.95,37.4, 38.95,38.6,38.49,15684,6.04,190, 13000, 82.89,0.8288701861769957,2023-03-21
CALSOFT, EQ, 21-Mar-2023,13.6,13.85,13.85,13.3, 13.35,13.45,13.55,19513,2.64,344, 14774, 75.71,0.7571362681289396,2023-03-21
CAMLINFINE, EQ, 21-Mar-2023,133.85,135.2,135.65,132.4, 133.00,133.25,133.8,117452,157.15,2650, 65612, 55.86,0.5586282055648265,2023-03-21
CAMPUS, EQ, 21-Mar-2023,374.85,375.95,379.65,373.05, 375.65,375.4,375.53,226336,849.96,7087, 62013, 27.40,0.27398646260426973,2023-03-21
CAMS, EQ, 21-Mar-2023,2161.9,2172.95,2189.9,2165.0, 2168.00,2167.6,2174.45,31850,692.56,5371, 19121, 60.03,0.6003453689167975,2023-03-21
CANBK, EQ, 21-Mar-2023,278.0,279.7,285.45,277.1, 284.00,284.0,281.52,7330105,20635.87,41570, 1462228, 19.95,0.19948254492943826,2023-03-21
CANFINHOME, EQ, 21-Mar-2023,530.2,532.85,536.15,524.3, 529.10,531.7,531.73,370906,1972.23,11517, 85968, 23.18,0.23177840207491926,2023-03-21
CANTABIL, EQ, 21-Mar-2023,839.0,851.7,886.0,836.4, 856.05,859.4,861.99,21252,183.19,2341, 10523, 49.52,0.4951533973273104,2023-03-21
CAPACITE, EQ, 21-Mar-2023,127.85,128.65,128.75,123.1, 124.00,123.85,124.91,241308,301.41,4281, 185040, 76.68,0.766820826495599,2023-03-21
CAPLIPOINT, EQ, 21-Mar-2023,631.5,625.6,636.85,611.25, 613.50,614.45,625.21,108090,675.79,7716, 49294, 45.60,0.4560458876861874,2023-03-21
CAPTRUST, EQ, 21-Mar-2023,63.4,63.9,65.4,61.0, 61.85,62.0,62.57,30712,19.22,632, 18609, 60.59,0.6059195102891378,2023-03-21
CARBORUNIV, EQ, 21-Mar-2023,957.9,962.7,975.4,953.0, 954.00,957.7,960.7,37267,358.02,4627, 19074, 51.18,0.5118201089435693,2023-03-21
CAREERP, EQ, 21-Mar-2023,162.4,164.95,171.9,164.75, 167.50,166.5,168.34,103770,174.68,3957, 33329, 32.12,0.3211814589958562,2023-03-21
CARERATING, EQ, 21-Mar-2023,648.55,650.0,653.8,632.55, 638.60,641.45,642.51,43177,277.41,4386, 23141, 53.60,0.5359566435833893,2023-03-21
CARTRADE, EQ, 21-Mar-2023,390.65,391.5,396.9,385.0, 389.95,390.35,392.52,94654,371.54,6699, 36937, 39.02,0.39023179157774635,2023-03-21
CARYSIL, EQ, 21-Mar-2023,543.15,546.95,557.7,535.0, 536.95,536.9,545.49,51658,281.79,3753, 23680, 45.84,0.45839947346006427,2023-03-21
CASTROLIND, EQ, 21-Mar-2023,108.45,109.0,110.55,108.45, 109.60,110.05,109.59,558558,612.14,8278, 305980, 54.78,0.5478034510292574,2023-03-21
CCHHL, EQ, 21-Mar-2023,6.6,6.75,7.05,6.65, 6.85,6.75,6.81,36350,2.48,148, 19814, 54.51,0.5450894085281981,2023-03-21
CCL, EQ, 21-Mar-2023,557.15,553.5,569.0,553.5, 562.80,563.35,559.96,71760,401.82,4190, 47536, 66.24,0.6624303232998885,2023-03-21
CDSL, EQ, 21-Mar-2023,951.3,955.9,971.7,952.7, 964.00,964.7,964.18,284834,2746.3,16581, 134381, 47.18,0.47178707598109776,2023-03-21
CEATLTD, EQ, 21-Mar-2023,1385.55,1378.05,1408.0,1376.0, 1400.00,1398.85,1393.68,68426,953.64,8551, 27926, 40.81,0.4081197205740508,2023-03-21
CELEBRITY, EQ, 21-Mar-2023,14.35,14.65,15.25,14.3, 14.60,14.6,14.6,46448,6.78,524, 27984, 60.25,0.6024801929038925,2023-03-21
CENTENKA, EQ, 21-Mar-2023,351.4,363.0,363.0,350.5, 350.65,351.15,352.62,18063,63.69,975, 12595, 69.73,0.6972817361457122,2023-03-21
CENTEXT, EQ, 21-Mar-2023,8.7,8.9,8.9,8.6, 8.75,8.85,8.75,40924,3.58,365, 31535, 77.06,0.7705747238784088,2023-03-21
CENTRALBK, EQ, 21-Mar-2023,23.8,24.1,24.2,23.7, 24.00,23.95,23.95,4061258,972.81,7686, 1305206, 32.14,0.32137973012303084,2023-03-21
CENTRUM, EQ, 21-Mar-2023,20.0,20.4,20.4,19.15, 19.95,19.75,19.77,296280,58.58,1018, 220150, 74.30,0.7430471175914676,2023-03-21
CENTUM, EQ, 21-Mar-2023,563.4,570.8,590.0,555.1, 582.00,586.25,578.99,27368,158.46,2495, 16135, 58.96,0.5895571470330313,2023-03-21
CENTURYPLY, EQ, 21-Mar-2023,478.8,480.0,480.0,466.3, 469.00,468.6,471.53,325464,1534.66,19041, 148733, 45.70,0.4569875623724897,2023-03-21
CENTURYTEX, EQ, 21-Mar-2023,675.95,675.0,675.85,657.1, 658.00,660.15,666.95,91516,610.36,5225, 37588, 41.07,0.4107259932689366,2023-03-21
CERA, EQ, 21-Mar-2023,6144.5,6160.0,6219.95,6160.0, 6200.00,6186.0,6186.5,7056,436.52,2237, 1992, 28.23,0.282312925170068,2023-03-21
CEREBRAINT, EQ, 21-Mar-2023,9.75,9.65,9.95,9.3, 9.30,9.3,9.33,3772030,352.09,1491, 3352431, 88.88,0.8887604287346601,2023-03-21
CESC, EQ, 21-Mar-2023,68.25,68.6,68.8,68.0, 68.40,68.4,68.36,1063616,727.13,6410, 569826, 53.57,0.535744103134966,2023-03-21
CGCL, EQ, 21-Mar-2023,621.5,583.05,603.45,575.0, 581.00,580.15,586.66,283806,1664.98,10632, 58497, 20.61,0.20611614976427559,2023-03-21
CGPOWER, EQ, 21-Mar-2023,286.85,288.35,298.95,288.35, 294.50,296.3,294.97,2262931,6674.87,48792, 1329343, 58.74,0.5874430108562745,2023-03-21
CHALET, EQ, 21-Mar-2023,365.15,365.35,372.25,361.55, 363.10,362.5,364.99,93591,341.6,4666, 41504, 44.35,0.4434614439422594,2023-03-21
CHAMBLFERT, EQ, 21-Mar-2023,269.45,269.0,271.0,267.6, 270.95,269.8,269.63,616945,1663.44,10111, 232288, 37.65,0.3765133034549271,2023-03-21
CHEMBOND, EQ, 21-Mar-2023,241.5,241.15,250.0,240.5, 247.35,246.95,245.97,17672,43.47,658, 10483, 59.32,0.5931982797645994,2023-03-21
CHEMCON, EQ, 21-Mar-2023,250.9,253.35,254.85,251.0, 251.05,251.95,252.12,51758,130.49,2021, 34353, 66.37,0.6637234823602148,2023-03-21
CHEMFAB, EQ, 21-Mar-2023,230.85,232.2,240.0,226.05, 237.00,235.1,233.16,26153,60.98,1206, 15060, 57.58,0.5758421595992812,2023-03-21
CHEMPLASTS, EQ, 21-Mar-2023,358.95,363.0,363.7,352.0, 353.80,355.1,359.06,182793,656.33,6402, 126103, 68.99,0.6898677739300739,2023-03-21
CHENNPETRO, EQ, 21-Mar-2023,243.7,247.0,249.2,238.35, 245.05,244.3,242.69,1103569,2678.26,18150, 365214, 33.09,0.330938980707142,2023-03-21
CHEVIOT, EQ, 21-Mar-2023,1031.0,1033.45,1045.45,1025.15, 1034.95,1030.55,1032.79,753,7.78,187, 469, 62.28,0.6228419654714475,2023-03-21
CHOICEIN, EQ, 21-Mar-2023,253.25,257.9,259.8,251.2, 257.00,255.05,254.98,500371,1275.84,1776, 462724, 92.48,0.9247618267245704,2023-03-21
CHOLAFIN, EQ, 21-Mar-2023,745.95,749.7,758.15,742.2, 753.00,754.6,754.21,1896931,14306.87,51382, 1264441, 66.66,0.6665719522744897,2023-03-21
CHOLAHLDNG, EQ, 21-Mar-2023,553.7,554.6,567.85,553.7, 557.30,559.85,561.28,22024,123.62,2674, 9803, 44.51,0.4451053396294951,2023-03-21
CIGNITITEC, EQ, 21-Mar-2023,757.6,766.0,769.95,743.0, 746.50,745.7,757.14,65834,498.46,6705, 39584, 60.13,0.6012698605583741,2023-03-21
CINELINE, EQ, 21-Mar-2023,102.9,103.2,104.15,100.35, 101.50,101.4,102.15,42363,43.27,444, 30381, 71.72,0.7171588414418242,2023-03-21
CINEVISTA, EQ, 21-Mar-2023,11.05,11.2,13.25,11.2, 13.25,13.25,12.85,556896,71.58,2792, 162612, 29.20,0.2919970694707809,2023-03-21
CIPLA, EQ, 21-Mar-2023,866.7,866.8,872.4,860.6, 863.00,862.35,865.76,888443,7691.76,48331, 369766, 41.62,0.4161955240797665,2023-03-21
CLEAN, EQ, 21-Mar-2023,1367.85,1374.7,1383.85,1350.0, 1353.95,1352.75,1364.15,51012,695.88,7546, 28461, 55.79,0.5579275464596566,2023-03-21
CLEDUCATE, EQ, 21-Mar-2023,53.45,54.55,55.35,53.5, 53.85,54.0,54.33,46318,25.16,354, 34754, 75.03,0.7503346431193056,2023-03-21
CLSEL, EQ, 21-Mar-2023,175.8,178.0,178.0,170.0, 172.00,171.55,173.33,108088,187.35,2748, 43564, 40.30,0.40304196580563983,2023-03-21
CMICABLES, EQ, 21-Mar-2023,12.65,12.95,13.0,12.05, 12.20,12.15,12.27,76989,9.45,552, 45233, 58.75,0.5875254906545091,2023-03-21
CMSINFO, EQ, 21-Mar-2023,282.45,283.0,286.95,281.0, 285.35,285.85,284.23,187423,532.72,10983, 69511, 37.09,0.37087764041766486,2023-03-21
COALINDIA, EQ, 21-Mar-2023,217.05,218.15,218.95,215.95, 216.70,217.05,216.88,3998751,8672.3,46482, 2086857, 52.19,0.5218772061576227,2023-03-21
COASTCORP, EQ, 21-Mar-2023,199.95,200.0,205.0,200.0, 200.00,200.95,200.84,26905,54.03,347, 24432, 90.81,0.9080839992566437,2023-03-21
COCHINSHIP, EQ, 21-Mar-2023,460.2,464.0,464.0,448.35, 451.95,452.35,453.89,411395,1867.28,11149, 74349, 18.07,0.18072412158631,2023-03-21
COFFEEDAY, EQ, 21-Mar-2023,30.05,30.3,32.4,30.3, 30.55,30.7,31.02,2798507,868.13,8957, 793461, 28.35,0.2835301108769783,2023-03-21
COFORGE, EQ, 21-Mar-2023,3774.65,3790.0,3799.8,3703.1, 3723.00,3712.6,3738.45,247105,9237.9,20953, 103297, 41.80,0.41802877319358167,2023-03-21
COLPAL, EQ, 21-Mar-2023,1497.3,1501.45,1502.9,1489.4, 1492.00,1495.9,1496.98,257004,3847.3,16463, 187363, 72.90,0.7290275637733264,2023-03-21
COMPINFO, EQ, 21-Mar-2023,13.6,13.75,13.75,13.1, 13.20,13.2,13.36,731618,97.71,1785, 418833, 57.25,0.5724749801125724,2023-03-21
COMPUSOFT, EQ, 21-Mar-2023,15.5,15.5,15.9,15.05, 15.40,15.45,15.4,39585,6.1,313, 23839, 60.22,0.6022230642920298,2023-03-21
CONCOR, EQ, 21-Mar-2023,593.05,594.8,598.15,588.75, 596.00,595.6,594.59,937449,5573.96,23195, 598052, 63.80,0.6379568381853307,2023-03-21
CONFIPET, EQ, 21-Mar-2023,60.3,60.6,62.45,60.35, 62.00,62.1,61.48,210194,129.22,1949, 121097, 57.61,0.5761201556657183,2023-03-21
CONSOFINVT, EQ, 21-Mar-2023,107.3,105.3,114.0,105.3, 114.00,110.45,109.16,2127,2.32,66, 1536, 72.21,0.7221438645980254,2023-03-21
CONSUMBEES, EQ, 21-Mar-2023,78.1,78.11,78.79,77.6, 77.66,77.79,77.97,15483,12.07,265, 9128, 58.95,0.5895498288445392,2023-03-21
CONTROLPR, EQ, 21-Mar-2023,506.8,511.7,512.8,500.55, 501.10,506.65,507.67,19064,96.78,1320, 10361, 54.35,0.543485102811582,2023-03-21
CORALFINAC, EQ, 21-Mar-2023,30.65,31.25,33.9,30.45, 32.10,31.4,32.06,187771,60.2,1787, 37149, 19.78,0.1978420522870944,2023-03-21
CORDSCABLE, EQ, 21-Mar-2023,63.95,64.0,66.9,63.9, 64.90,65.35,65.31,44245,28.9,667, 22914, 51.79,0.5178890270087015,2023-03-21
COROMANDEL, EQ, 21-Mar-2023,852.5,856.75,864.4,841.5, 864.40,862.4,856.15,292070,2500.56,20408, 155396, 53.21,0.5320505358304516,2023-03-21
COSMOFIRST, EQ, 21-Mar-2023,592.2,593.0,596.8,583.4, 587.95,586.3,589.57,31098,183.34,2312, 16541, 53.19,0.5318991575020902,2023-03-21
COUNCODOS, EQ, 21-Mar-2023,3.75,3.6,3.85,3.6, 3.65,3.7,3.71,19908,0.74,288, 18303, 91.94,0.9193791440626884,2023-03-21
CPSEETF, EQ, 21-Mar-2023,39.7,40.88,40.88,39.35, 39.41,39.45,39.46,7750550,3057.98,2918, 7602054, 98.08,0.980840585506835,2023-03-21
CRAFTSMAN, EQ, 21-Mar-2023,2810.3,2864.0,2975.0,2852.0, 2866.00,2879.95,2907.65,58340,1696.32,12417, 19101, 32.74,0.3274082961947206,2023-03-21
CREATIVE, EQ, 21-Mar-2023,437.55,449.05,449.2,437.7, 438.25,438.65,440.91,13320,58.73,320, 12357, 92.77,0.9277027027027027,2023-03-21
CREDITACC, EQ, 21-Mar-2023,908.95,911.75,965.0,911.7, 949.75,950.25,950.8,308825,2936.29,21400, 140242, 45.41,0.45411478992957177,2023-03-21
CREST, EQ, 21-Mar-2023,154.25,153.75,161.45,152.55, 157.20,156.25,156.02,39396,61.47,285, 37481, 95.14,0.9513910041628592,2023-03-21
CRISIL, EQ, 21-Mar-2023,3065.3,3075.0,3129.85,3032.85, 3090.00,3093.05,3087.65,30024,927.04,8292, 13879, 46.23,0.4622635225153211,2023-03-21
CROMPTON, EQ, 21-Mar-2023,280.7,281.25,295.95,281.25, 292.05,292.25,291.58,3817756,11131.79,46567, 2012869, 52.72,0.5272387758672896,2023-03-21
CROWN, EQ, 21-Mar-2023,29.6,30.0,30.8,29.15, 30.45,30.15,30.36,873,0.27,63, 722, 82.70,0.827033218785796,2023-03-21
CSBBANK, EQ, 21-Mar-2023,225.5,225.0,254.25,224.45, 243.00,245.55,244.89,3670633,8988.84,46500, 448202, 12.21,0.12210482497160571,2023-03-21
CSLFINANCE, EQ, 21-Mar-2023,211.15,211.85,224.75,211.7, 224.60,221.25,215.2,108345,233.16,343, 104928, 96.85,0.9684618579537588,2023-03-21
CTE, EQ, 21-Mar-2023,50.35,50.05,53.9,50.05, 50.45,50.8,51.72,25246,13.06,393, 13464, 53.33,0.5333122078745147,2023-03-21
CUB, EQ, 21-Mar-2023,127.15,128.0,129.1,127.0, 128.30,128.35,128.39,2546307,3269.29,16218, 1130046, 44.38,0.44379801807087677,2023-03-21
CUBEXTUB, EQ, 21-Mar-2023,28.65,28.85,29.35,28.25, 29.20,28.6,28.71,2881,0.83,61, 2249, 78.06,0.780631725095453,2023-03-21
CUMMINSIND, EQ, 21-Mar-2023,1652.8,1654.2,1662.15,1613.6, 1635.55,1635.25,1629.83,688444,11220.47,35057, 333946, 48.51,0.48507358623214086,2023-03-21
CUPID, EQ, 21-Mar-2023,243.45,244.2,245.85,242.05, 243.90,243.7,243.61,14795,36.04,1497, 8220, 55.56,0.5555931057789794,2023-03-21
CYBERMEDIA, EQ, 21-Mar-2023,17.15,17.2,20.55,16.4, 18.00,18.1,19.45,299443,58.23,1395, 80968, 27.04,0.27039536739880377,2023-03-21
CYBERTECH, EQ, 21-Mar-2023,107.4,109.45,109.6,107.4, 109.15,109.05,108.51,23001,24.96,578, 14586, 63.41,0.6341463414634146,2023-03-21
CYIENT, EQ, 21-Mar-2023,950.95,953.6,968.95,941.2, 946.95,946.8,951.73,178717,1700.91,17253, 99612, 55.74,0.5573728296692536,2023-03-21
DAAWAT, EQ, 21-Mar-2023,97.3,99.45,99.5,94.5, 96.40,96.7,97.3,1042153,1013.99,10998, 450823, 43.26,0.4325881132616804,2023-03-21
DABUR, EQ, 21-Mar-2023,537.1,537.95,539.85,531.15, 532.20,532.3,533.7,1645563,8782.38,45147, 1083221, 65.83,0.6582677174924327,2023-03-21
DALBHARAT, EQ, 21-Mar-2023,1799.25,1805.1,1828.0,1795.05, 1827.00,1822.7,1811.35,338835,6137.49,14862, 189509, 55.93,0.5592958224504553,2023-03-21
DALMIASUG, EQ, 21-Mar-2023,325.9,327.55,331.6,325.25, 329.70,328.6,328.86,40677,133.77,2328, 13277, 32.64,0.32640066868254786,2023-03-21
DAMODARIND, EQ, 21-Mar-2023,41.95,43.5,43.5,41.05, 41.65,41.8,41.81,13119,5.49,255, 6566, 50.05,0.5004954645933379,2023-03-21
DANGEE, EQ, 21-Mar-2023,14.85,15.15,15.25,14.4, 14.65,14.65,14.85,195989,29.11,418, 117819, 60.12,0.601151085009873,2023-03-21
DATAMATICS, EQ, 21-Mar-2023,290.5,292.35,294.35,286.8, 287.00,289.05,291.46,37192,108.4,2162, 17935, 48.22,0.4822273607227361,2023-03-21
DATAPATTNS, EQ, 21-Mar-2023,1406.55,1413.55,1425.65,1383.0, 1394.00,1399.05,1403.58,159040,2232.25,11925, 61844, 38.89,0.3888581488933602,2023-03-21
DBCORP, EQ, 21-Mar-2023,97.85,97.85,100.15,96.8, 99.70,99.65,98.78,123393,121.89,3520, 47306, 38.34,0.38337669073610336,2023-03-21
DBL, EQ, 21-Mar-2023,182.75,183.9,183.9,180.6, 182.00,181.75,181.86,149877,272.56,3658, 83128, 55.46,0.5546414726742596,2023-03-21
DBOL, EQ, 21-Mar-2023,133.9,134.0,136.8,133.4, 134.00,134.5,135.22,162751,220.08,3008, 128676, 79.06,0.7906310867521551,2023-03-21
DBREALTY, EQ, 21-Mar-2023,68.3,68.8,69.75,66.0, 66.50,66.35,67.51,513575,346.7,2850, 321294, 62.56,0.6256028817602103,2023-03-21
DBSTOCKBRO, EQ, 21-Mar-2023,24.65,25.8,25.8,24.15, 25.65,24.7,24.67,336341,82.97,316, 331198, 98.47,0.9847089709550724,2023-03-21
DCAL, EQ, 21-Mar-2023,128.65,129.5,135.4,126.05, 133.40,132.55,131.83,1156584,1524.75,13212, 312466, 27.02,0.270162824317127,2023-03-21
DCBBANK, EQ, 21-Mar-2023,101.15,101.4,105.4,101.05, 104.65,104.9,103.44,1172927,1213.31,9676, 618042, 52.69,0.5269228178735761,2023-03-21
DCI, EQ, 21-Mar-2023,102.1,107.2,107.2,97.0, 103.00,104.1,100.58,11745,11.81,601, 7619, 64.87,0.6487015751383568,2023-03-21
DCM, EQ, 21-Mar-2023,73.9,75.25,75.75,73.2, 73.20,73.7,74.43,8076,6.01,173, 4267, 52.84,0.528355621594849,2023-03-21
DCMFINSERV, EQ, 21-Mar-2023,4.0,4.0,4.0,3.75, 3.80,3.8,3.86,4732,0.18,50, 3671, 77.58,0.775781910397295,2023-03-21
DCMNVL, EQ, 21-Mar-2023,133.45,136.95,136.95,133.2, 134.00,133.9,134.78,37648,50.74,481, 29024, 77.09,0.7709307267318317,2023-03-21
DCMSHRIRAM, EQ, 21-Mar-2023,812.25,815.75,827.0,805.3, 808.00,812.4,817.8,17603,143.96,1852, 9972, 56.65,0.5664943475543941,2023-03-21
DCMSRIND, EQ, 21-Mar-2023,65.75,66.6,67.3,65.15, 65.15,65.35,65.71,81326,53.44,1086, 62917, 77.36,0.7736394265056685,2023-03-21
DCW, EQ, 21-Mar-2023,45.6,45.85,46.4,45.45, 45.65,45.65,45.96,390706,179.56,2203, 192278, 49.21,0.4921296319995086,2023-03-21
DCXINDIA, EQ, 21-Mar-2023,151.2,152.0,159.05,150.8, 154.05,154.3,155.26,222592,345.59,6350, 98172, 44.10,0.44104010925819437,2023-03-21
DECCANCE, EQ, 21-Mar-2023,423.7,423.4,428.55,416.0, 416.00,418.05,419.99,5452,22.9,543, 3730, 68.42,0.6841526045487895,2023-03-21
DEEPAKFERT, EQ, 21-Mar-2023,554.8,557.95,573.95,555.1, 560.00,559.0,563.12,462085,2602.1,16787, 144879, 31.35,0.313533224406765,2023-03-21
DEEPAKNTR, EQ, 21-Mar-2023,1802.3,1802.3,1827.95,1790.0, 1793.00,1795.7,1806.61,214379,3872.98,15057, 61346, 28.62,0.28615675975725235,2023-03-21
DEEPENR, EQ, 21-Mar-2023,99.2,99.2,101.65,96.9, 100.00,100.7,98.83,59850,59.15,372, 55510, 92.75,0.927485380116959,2023-03-21
DEEPINDS, EQ, 21-Mar-2023,258.7,260.9,263.0,260.05, 262.40,261.95,261.67,16835,44.05,567, 10502, 62.38,0.6238194238194238,2023-03-21
DELHIVERY, EQ, 21-Mar-2023,327.05,326.55,333.3,325.05, 327.70,328.9,329.13,557394,1834.55,25527, 333334, 59.80,0.5980222248535148,2023-03-21
DELPHIFX, EQ, 21-Mar-2023,284.3,284.4,295.0,275.25, 281.00,277.95,282.68,3838,10.85,822, 1056, 27.51,0.2751433038040646,2023-03-21
DELTACORP, EQ, 21-Mar-2023,194.5,196.0,196.8,192.35, 195.60,195.95,195.18,1586948,3097.37,15639, 347142, 21.87,0.21874818834643606,2023-03-21
DELTAMAGNT, EQ, 21-Mar-2023,65.8,67.75,67.8,66.2, 66.20,66.5,66.51,3470,2.31,94, 2650, 76.37,0.7636887608069164,2023-03-21
DEN, EQ, 21-Mar-2023,28.95,29.1,29.4,28.55, 28.65,28.75,29.02,545646,158.33,2428, 261878, 47.99,0.47994120730290335,2023-03-21
DENORA, EQ, 21-Mar-2023,895.85,895.05,911.0,888.25, 891.50,892.45,896.96,10733,96.27,1215, 4160, 38.76,0.3875896766980341,2023-03-21
DEVIT, EQ, 21-Mar-2023,87.7,88.2,91.7,85.95, 90.00,89.8,88.13,54595,48.12,601, 45837, 83.96,0.8395823793387673,2023-03-21
DEVYANI, EQ, 21-Mar-2023,143.4,144.0,148.25,138.75, 140.70,141.85,144.48,46201709,66751.13,39592, 35014956, 75.79,0.7578714458376421,2023-03-21
DFMFOODS, EQ, 21-Mar-2023,460.15,457.0,461.4,457.0, 460.70,460.2,460.42,23321,107.38,254, 21797, 93.47,0.934651172762746,2023-03-21
DGCONTENT, EQ, 21-Mar-2023,14.4,14.45,15.1,13.5, 14.30,14.25,14.58,14266,2.08,73, 12033, 84.35,0.8434739941118744,2023-03-21
DHAMPURSUG, EQ, 21-Mar-2023,210.2,211.25,214.75,211.25, 213.65,213.1,213.27,198903,424.19,5320, 59544, 29.94,0.2993620005731437,2023-03-21
DHANBANK, EQ, 21-Mar-2023,14.65,14.7,14.95,14.7, 14.75,14.8,14.8,678571,100.43,1348, 344920, 50.83,0.508303478928513,2023-03-21
DHANI, EQ, 21-Mar-2023,28.7,28.9,29.5,28.55, 28.80,28.9,28.79,916228,263.74,3140, 427567, 46.67,0.46666004531623134,2023-03-21
DHANUKA, EQ, 21-Mar-2023,643.9,647.15,664.75,640.0, 654.00,655.2,659.37,12510,82.49,3824, 7133, 57.02,0.5701838529176658,2023-03-21
DHARMAJ, EQ, 21-Mar-2023,153.25,157.2,157.2,153.35, 155.95,155.8,155.32,61037,94.8,1613, 35478, 58.13,0.581253993479365,2023-03-21
DHARSUGAR, BZ, 21-Mar-2023,8.75,8.7,8.7,8.35, 8.60,8.6,8.59,5780,0.5,52, -, -,,2023-03-21
DHRUV, EQ, 21-Mar-2023,50.25,50.0,52.5,49.5, 49.95,50.15,50.73,15670,7.95,389, 8901, 56.80,0.5680280791320995,2023-03-21
DHUNINV, EQ, 21-Mar-2023,583.35,592.45,599.65,585.2, 592.25,597.25,596.6,1138,6.79,104, 991, 87.08,0.8708260105448155,2023-03-21
DIAMONDYD, EQ, 21-Mar-2023,693.2,700.0,717.95,697.0, 703.50,704.8,704.99,15047,106.08,983, 10609, 70.51,0.7050574865421678,2023-03-21
DICIND, EQ, 21-Mar-2023,373.8,381.2,381.2,369.1, 370.15,371.1,373.32,1259,4.7,193, 903, 71.72,0.7172359015091342,2023-03-21
DIGISPICE, EQ, 21-Mar-2023,21.0,21.35,21.4,20.55, 21.00,20.9,21.1,36003,7.6,266, 22243, 61.78,0.6178096269755298,2023-03-21
DIGJAMLMTD, BE, 21-Mar-2023,91.4,89.35,94.0,89.35, 92.00,92.0,92.69,748,0.69,26, -, -,,2023-03-21
DIL, EQ, 21-Mar-2023,17.95,18.45,18.55,17.75, 17.75,17.9,17.89,134216,24.01,455, 102942, 76.70,0.7669875424688561,2023-03-21
DISHTV, EQ, 21-Mar-2023,14.25,14.4,14.65,13.75, 13.95,13.9,14.15,4668886,660.64,4358, 2172099, 46.52,0.4652285363146584,2023-03-21
DIVGIITTS, EQ, 21-Mar-2023,623.35,627.85,639.0,612.2, 638.10,636.2,630.78,167381,1055.81,7999, 84604, 50.55,0.5054576086891582,2023-03-21
DIVISLAB, EQ, 21-Mar-2023,2800.2,2814.25,2823.0,2762.0, 2770.90,2767.9,2783.19,403214,11222.23,44539, 216516, 53.70,0.5369754026397893,2023-03-21
DIVOPPBEES, EQ, 21-Mar-2023,48.46,49.9,49.97,48.2, 48.30,48.3,48.71,27098,13.2,532, 16214, 59.83,0.5983467414569341,2023-03-21
DIXON, EQ, 21-Mar-2023,2912.75,2912.1,2948.05,2895.0, 2901.00,2900.05,2918.11,182196,5316.67,15499, 45244, 24.83,0.24832597861643504,2023-03-21
DJML, EQ, 21-Mar-2023,130.35,131.5,135.65,126.0, 127.05,129.65,131.9,5128,6.76,1006, 2068, 40.33,0.4032761310452418,2023-03-21
DLF, EQ, 21-Mar-2023,369.9,371.05,372.4,366.3, 366.80,367.45,368.15,2980424,10972.55,33481, 721180, 24.20,0.24197228313823804,2023-03-21
DLINKINDIA, EQ, 21-Mar-2023,218.35,221.0,222.5,217.95, 218.10,219.4,220.18,94167,207.33,3554, 31958, 33.94,0.33937578982021305,2023-03-21
DMART, EQ, 21-Mar-2023,3366.1,3371.9,3374.05,3326.15, 3362.00,3357.6,3356.88,223590,7505.64,29702, 144563, 64.66,0.6465539603738987,2023-03-21
DMCC, EQ, 21-Mar-2023,258.7,261.1,263.9,251.0, 257.40,254.45,255.88,18049,46.18,944, 10293, 57.03,0.5702809019890298,2023-03-21
DNAMEDIA, EQ, 21-Mar-2023,2.5,2.55,2.65,2.5, 2.55,2.55,2.59,25107,0.65,280, 22674, 90.31,0.9030947544509499,2023-03-21
DODLA, EQ, 21-Mar-2023,441.9,438.0,451.95,438.0, 450.70,448.8,446.5,8594,38.37,1585, 5974, 69.51,0.6951361414940657,2023-03-21
DOLATALGO, EQ, 21-Mar-2023,43.8,44.5,44.55,43.3, 44.10,43.9,43.91,96432,42.34,882, 68482, 71.02,0.7101584536253526,2023-03-21
DOLLAR, EQ, 21-Mar-2023,351.0,352.0,383.0,345.0, 372.00,370.55,371.31,249095,924.92,13268, 66602, 26.74,0.2673759007607539,2023-03-21
DONEAR, EQ, 21-Mar-2023,82.95,84.0,85.3,82.4, 83.00,82.95,83.44,100039,83.47,1657, 40466, 40.45,0.40450224412479135,2023-03-21
DPABHUSHAN, EQ, 21-Mar-2023,312.25,303.35,313.45,301.05, 303.00,304.05,304.95,5247,16.0,222, 3757, 71.60,0.7160282065942444,2023-03-21
DPSCLTD, EQ, 21-Mar-2023,11.1,11.1,11.45,10.9, 11.05,10.95,10.96,36004,3.95,323, 26715, 74.20,0.7420008887901345,2023-03-21
DPWIRES, EQ, 21-Mar-2023,373.65,379.95,379.95,366.3, 374.95,370.25,373.19,4850,18.1,434, 2611, 53.84,0.5383505154639175,2023-03-21
DRCSYSTEMS, EQ, 21-Mar-2023,32.5,33.15,35.75,31.3, 35.25,35.7,34.79,105928,36.85,385, 86306, 81.48,0.8147609697152783,2023-03-21
DREAMFOLKS, EQ, 21-Mar-2023,424.6,426.0,435.0,423.25, 427.50,427.95,429.87,148393,637.89,7896, 25580, 17.24,0.17238009879172198,2023-03-21
DREDGECORP, EQ, 21-Mar-2023,302.25,307.7,307.7,302.2, 303.00,304.1,304.2,38233,116.3,1796, 20199, 52.83,0.5283132372557738,2023-03-21
DRREDDY, EQ, 21-Mar-2023,4439.45,4441.95,4480.0,4409.2, 4409.20,4419.35,4445.97,396928,17647.32,35578, 299158, 75.37,0.7536832876491454,2023-03-21
DSPBANKETF, EQ, 21-Mar-2023,39.2,40.9,40.9,39.27, 39.75,39.79,39.61,1420,0.56,69, 909, 64.01,0.6401408450704226,2023-03-21
DSPN50ETF, EQ, 21-Mar-2023,171.54,172.01,173.75,172.01, 173.75,173.42,173.18,2102,3.64,117, 1149, 54.66,0.5466222645099905,2023-03-21
DSPNEWETF, EQ, 21-Mar-2023,196.3,197.0,197.5,196.64, 197.00,197.05,197.33,2216,4.37,46, 1859, 83.89,0.8388989169675091,2023-03-21
DSPQ50ETF, EQ, 21-Mar-2023,154.29,154.54,155.49,154.19, 154.75,154.81,154.81,26397,40.87,82, 25242, 95.62,0.9562450278440732,2023-03-21
DSPSILVETF, EQ, 21-Mar-2023,68.2,68.0,68.0,67.41, 68.00,67.99,67.65,755,0.51,14, 291, 38.54,0.38543046357615895,2023-03-21
DSSL, EQ, 21-Mar-2023,328.6,324.1,338.4,324.1, 326.00,328.5,333.33,16242,54.14,980, 8883, 54.69,0.5469154045068342,2023-03-21
DTIL, EQ, 21-Mar-2023,198.55,198.75,198.9,194.6, 197.40,197.6,197.15,1294,2.55,98, 1060, 81.92,0.8191653786707882,2023-03-21
DUCON, EQ, 21-Mar-2023,7.05,7.25,7.35,6.7, 6.70,6.7,6.81,1778161,121.05,1527, 741498, 41.70,0.41700273484796935,2023-03-21
DVL, EQ, 21-Mar-2023,230.85,231.05,236.7,229.95, 233.25,234.7,233.7,10045,23.47,445, 6851, 68.20,0.6820308611249378,2023-03-21
DWARKESH, EQ, 21-Mar-2023,84.1,85.6,86.6,83.5, 84.15,84.35,85.29,892106,760.89,7406, 314341, 35.24,0.3523583520343995,2023-03-21
DYCL, EQ, 21-Mar-2023,168.65,171.85,172.45,168.0, 169.95,168.6,170.03,16991,28.89,938, 9669, 56.91,0.5690659761049968,2023-03-21
DYNAMATECH, EQ, 21-Mar-2023,2608.0,2656.25,2788.65,2610.0, 2755.00,2746.5,2727.76,16937,462.0,2802, 7352, 43.41,0.43407923481135974,2023-03-21
DYNPRO, EQ, 21-Mar-2023,259.95,260.25,264.0,255.0, 256.00,256.55,257.5,36601,94.25,1456, 24711, 67.51,0.6751454878282014,2023-03-21
E2E, EQ, 21-Mar-2023,171.15,165.05,172.95,165.05, 168.00,167.9,167.26,2779,4.65,358, 721, 25.94,0.2594458438287154,2023-03-21
EASEMYTRIP, EQ, 21-Mar-2023,44.2,44.45,45.2,44.05, 44.20,44.15,44.5,4055903,1804.76,12917, 1689330, 41.65,0.4165114402390787,2023-03-21
EASTSILK, BE, 21-Mar-2023,2.35,2.35,2.4,2.25, 2.30,2.25,2.31,41490,0.96,72, -, -,,2023-03-21
EBANK, EQ, 21-Mar-2023,4400.0,4140.0,4140.0,4140.0, 4140.00,4140.0,4140.0,1,0.04,1, 1, 100.00,1.0,2023-03-21
EBBETF0423, EQ, 21-Mar-2023,1225.47,1225.09,1226.25,1225.01, 1226.01,1225.05,1225.1,12786,156.64,63, 12738, 99.62,0.996245893946504,2023-03-21
EBBETF0425, EQ, 21-Mar-2023,1110.4,1111.99,1112.74,1110.11, 1110.51,1111.64,1111.94,13325,148.17,2098, 11624, 87.23,0.8723452157598499,2023-03-21
EBBETF0430, EQ, 21-Mar-2023,1243.77,1245.09,1247.99,1244.11, 1245.09,1246.93,1246.58,24554,306.09,217, 20602, 83.90,0.8390486275148652,2023-03-21
EBBETF0431, EQ, 21-Mar-2023,1109.63,1110.1,1114.0,1110.1, 1110.53,1111.06,1111.18,22460,249.57,121, 22062, 98.23,0.982279608192342,2023-03-21
EBBETF0433, EQ, 21-Mar-2023,1010.42,1012.45,1013.0,1010.43, 1010.75,1010.79,1010.9,22706,229.54,102, 22636, 99.69,0.9969171144190963,2023-03-21
ECLERX, EQ, 21-Mar-2023,1358.35,1369.0,1430.6,1339.9, 1376.10,1396.55,1386.59,141766,1965.71,11636, 58665, 41.38,0.4138157245037597,2023-03-21
EDELWEISS, EQ, 21-Mar-2023,53.35,53.65,54.55,53.3, 53.80,53.8,53.93,996171,537.23,4459, 402058, 40.36,0.40360339740867784,2023-03-21
EDUCOMP, BZ, 21-Mar-2023,1.6,1.65,1.65,1.65, 1.65,1.65,1.65,12457,0.21,35, -, -,,2023-03-21
EICHERMOT, EQ, 21-Mar-2023,2952.0,2966.8,2975.0,2927.0, 2935.00,2934.8,2954.28,490092,14478.68,52966, 258945, 52.84,0.528359981391249,2023-03-21
EIDPARRY, EQ, 21-Mar-2023,491.4,491.5,498.0,485.0, 488.00,488.2,491.94,90056,443.02,4268, 29833, 33.13,0.33127165319356844,2023-03-21
EIFFL, EQ, 21-Mar-2023,150.1,152.5,153.0,149.0, 149.00,150.1,150.03,45359,68.05,375, 42332, 93.33,0.9332657245530104,2023-03-21
EIHAHOTELS, EQ, 21-Mar-2023,400.75,401.0,404.7,393.05, 396.00,396.45,398.24,7027,27.98,400, 5560, 79.12,0.7912338124377402,2023-03-21
EIHOTEL, EQ, 21-Mar-2023,161.45,163.05,163.05,159.65, 159.65,160.5,161.28,192919,311.15,3903, 116022, 60.14,0.6014026612205122,2023-03-21
EIMCOELECO, EQ, 21-Mar-2023,350.1,352.95,352.95,345.8, 346.25,346.9,347.28,1430,4.97,137, 1060, 74.13,0.7412587412587412,2023-03-21
EKC, EQ, 21-Mar-2023,84.65,85.0,88.5,83.7, 87.15,87.55,86.2,728880,628.29,6104, 276097, 37.88,0.37879623531994294,2023-03-21
ELDEHSG, EQ, 21-Mar-2023,573.65,576.1,579.95,570.0, 579.00,579.0,574.74,319,1.83,63, 171, 53.61,0.5360501567398119,2023-03-21
ELECON, EQ, 21-Mar-2023,381.85,383.2,386.9,379.1, 384.00,382.5,382.12,115581,441.66,6238, 34721, 30.04,0.30040404564764106,2023-03-21
ELECTCAST, EQ, 21-Mar-2023,33.0,33.3,33.55,32.75, 33.00,33.0,33.0,438833,144.82,1751, 269896, 61.50,0.6150312305592333,2023-03-21
ELECTHERM, EQ, 21-Mar-2023,55.5,56.55,57.0,55.45, 56.65,56.6,56.3,14774,8.32,301, 7166, 48.50,0.48504128875050767,2023-03-21
ELGIEQUIP, EQ, 21-Mar-2023,479.75,482.15,482.3,469.0, 470.00,471.85,478.27,293263,1402.59,4752, 234104, 79.83,0.7982732223294449,2023-03-21
ELGIRUBCO, EQ, 21-Mar-2023,31.7,31.7,33.25,31.05, 31.90,31.8,31.77,11540,3.67,108, 9169, 79.45,0.7945407279029463,2023-03-21
ELIN, EQ, 21-Mar-2023,148.4,149.4,150.05,147.35, 148.70,148.7,148.76,54483,81.05,6730, 29170, 53.54,0.5353963621680157,2023-03-21
EMAMILTD, EQ, 21-Mar-2023,343.0,344.0,346.8,341.7, 344.00,345.0,344.18,322142,1108.76,17752, 169489, 52.61,0.5261313333871398,2023-03-21
EMAMIPAP, EQ, 21-Mar-2023,109.6,111.75,113.7,110.15, 113.50,113.05,111.79,24021,26.85,407, 13852, 57.67,0.5766620873402439,2023-03-21
EMAMIREAL, EQ, 21-Mar-2023,61.45,61.0,65.55,61.0, 63.65,63.95,63.97,29842,19.09,450, 15318, 51.33,0.5133033978955834,2023-03-21
EMIL, EQ, 21-Mar-2023,66.1,66.25,66.95,65.7, 65.70,65.95,66.3,252646,167.51,2077, 141555, 56.03,0.5602898917853439,2023-03-21
EMKAY, EQ, 21-Mar-2023,64.05,65.35,65.9,62.45, 63.00,63.05,63.86,31477,20.1,280, 26216, 83.29,0.8328620897798392,2023-03-21
EMMBI, EQ, 21-Mar-2023,84.65,85.0,85.7,83.25, 83.50,83.35,83.92,8489,7.12,243, 5421, 63.86,0.6385911179173047,2023-03-21
EMUDHRA, EQ, 21-Mar-2023,220.95,221.0,234.05,215.0, 228.00,226.05,225.73,171664,387.49,7973, 78912, 45.97,0.4596886941933079,2023-03-21
ENDURANCE, EQ, 21-Mar-2023,1258.5,1248.05,1266.15,1248.05, 1250.00,1258.25,1259.8,19112,240.77,4129, 11495, 60.15,0.6014545835077438,2023-03-21
ENERGYDEV, EQ, 21-Mar-2023,16.5,16.6,16.9,16.15, 16.55,16.55,16.54,22495,3.72,208, 12263, 54.51,0.5451433651922649,2023-03-21
ENGINERSIN, EQ, 21-Mar-2023,75.1,75.5,76.0,74.55, 75.90,75.7,75.29,837493,630.57,4136, 358466, 42.80,0.4280226819806255,2023-03-21
ENIL, EQ, 21-Mar-2023,114.75,115.45,118.8,112.75, 118.80,115.45,114.28,15245,17.42,253, 12156, 79.74,0.7973761889143982,2023-03-21
EPL, EQ, 21-Mar-2023,154.55,155.25,156.05,153.6, 154.95,154.95,155.01,97652,151.37,2918, 48630, 49.80,0.49799287264981773,2023-03-21
EQUIPPP, BE, 21-Mar-2023,34.0,32.65,34.0,32.45, 34.00,33.45,32.94,3178,1.05,56, -, -,,2023-03-21
EQUITASBNK, EQ, 21-Mar-2023,66.3,67.0,67.75,64.5, 64.65,64.75,66.11,8277618,5472.7,27172, 4133328, 49.93,0.4993378529910416,2023-03-21
ERIS, EQ, 21-Mar-2023,574.6,574.6,576.7,565.3, 568.00,567.95,570.12,33195,189.25,5345, 20342, 61.28,0.6128031330019581,2023-03-21
EROSMEDIA, EQ, 21-Mar-2023,24.8,25.4,25.4,24.45, 24.75,24.6,24.74,207782,51.41,930, 161185, 77.57,0.7757409207727329,2023-03-21
ESABINDIA, EQ, 21-Mar-2023,3565.1,3618.0,3625.45,3513.25, 3590.00,3537.2,3547.23,3787,134.33,1147, 2220, 58.62,0.5862160021124901,2023-03-21
ESCORTS, EQ, 21-Mar-2023,1909.2,1907.0,1925.0,1894.4, 1894.90,1898.45,1907.64,181997,3471.84,15268, 51686, 28.40,0.2839936922037176,2023-03-21
ESSARSHPNG, EQ, 21-Mar-2023,8.75,8.75,8.85,8.75, 8.80,8.75,8.8,44023,3.87,236, 31542, 71.65,0.7164891079662904,2023-03-21
ESSENTIA, EQ, 21-Mar-2023,6.95,7.05,7.15,7.0, 7.10,7.05,7.07,115034,8.14,737, 79982, 69.53,0.695290088147852,2023-03-21
ESTER, EQ, 21-Mar-2023,91.7,93.05,93.1,90.0, 90.85,90.45,91.2,49655,45.29,1672, 28116, 56.62,0.5662269660658544,2023-03-21
ETHOSLTD, EQ, 21-Mar-2023,1006.75,1007.0,1015.0,975.0, 989.00,991.9,997.17,13485,134.47,2366, 5489, 40.70,0.40704486466444195,2023-03-21
EVEREADY, EQ, 21-Mar-2023,293.75,296.0,297.1,292.0, 292.00,292.25,293.75,59418,174.54,1408, 47819, 80.48,0.804789794338416,2023-03-21
EVERESTIND, EQ, 21-Mar-2023,723.55,733.7,774.3,724.0, 765.70,766.65,754.19,17716,133.61,2419, 7952, 44.89,0.4488597877624746,2023-03-21
EXCEL, EQ, 21-Mar-2023,0.4,0.45,0.45,0.4, 0.45,0.4,0.41,4055153,16.63,1709, 3398778, 83.81,0.8381380431268561,2023-03-21
EXCELINDUS, EQ, 21-Mar-2023,873.3,873.0,877.0,844.0, 848.00,847.5,856.65,18403,157.65,2063, 11046, 60.02,0.600228223659186,2023-03-21
EXIDEIND, EQ, 21-Mar-2023,177.2,177.6,178.3,176.75, 177.75,177.7,177.45,662527,1175.63,6700, 275691, 41.61,0.41612039962144937,2023-03-21
EXPLEOSOL, EQ, 21-Mar-2023,1234.65,1239.0,1290.0,1233.95, 1289.00,1276.95,1259.87,7756,97.72,1252, 4167, 53.73,0.5372614749871067,2023-03-21
EXXARO, EQ, 21-Mar-2023,108.3,109.9,110.35,106.2, 108.10,107.9,108.33,100459,108.82,1506, 66294, 65.99,0.6599110084711176,2023-03-21
FACT, EQ, 21-Mar-2023,210.25,214.7,219.6,211.7, 216.00,215.4,215.24,204680,440.56,4133, 69728, 34.07,0.3406683603674028,2023-03-21
FAIRCHEMOR, EQ, 21-Mar-2023,978.7,998.25,1005.05,954.8, 956.00,982.4,976.75,33005,322.38,8336, 9475, 28.71,0.2870777154976519,2023-03-21
FAZE3Q, EQ, 21-Mar-2023,301.1,309.8,309.8,300.0, 300.85,300.1,301.62,1589,4.79,168, 994, 62.56,0.6255506607929515,2023-03-21
FCL, EQ, 21-Mar-2023,219.25,220.35,222.2,218.6, 219.60,219.55,220.43,104189,229.66,4554, 38420, 36.88,0.36875293936979914,2023-03-21
FCONSUMER, EQ, 21-Mar-2023,0.55,0.55,0.6,0.5, 0.55,0.5,0.51,102003609,522.92,4698, 65137726, 63.86,0.6385825623091433,2023-03-21
FCSSOFT, EQ, 21-Mar-2023,2.05,2.05,2.35,2.05, 2.25,2.25,2.23,8750282,195.16,5442, 4019832, 45.94,0.4593945657979937,2023-03-21
FDC, EQ, 21-Mar-2023,250.05,251.4,254.55,247.8, 249.00,249.4,251.3,33968,85.36,2512, 17770, 52.31,0.5231394253414979,2023-03-21
FEDERALBNK, EQ, 21-Mar-2023,129.1,129.75,129.75,127.6, 128.75,128.8,128.59,7719172,9926.01,38317, 4229887, 54.80,0.5479715959172823,2023-03-21
FEL, BZ, 21-Mar-2023,0.75,0.7,0.75,0.7, 0.70,0.7,0.7,500420,3.51,690, -, -,,2023-03-21
FELDVR, BE, 21-Mar-2023,5.65,5.7,5.9,5.5, 5.85,5.75,5.82,7935,0.46,36, -, -,,2023-03-21
FIBERWEB, EQ, 21-Mar-2023,33.85,34.1,34.55,33.0, 33.20,33.25,33.76,14437,4.87,262, 9501, 65.81,0.6581007134446215,2023-03-21
FIEMIND, EQ, 21-Mar-2023,1551.6,1560.0,1585.5,1552.35, 1574.00,1571.8,1567.31,22870,358.44,3500, 7897, 34.53,0.34529951902055095,2023-03-21
FILATEX, EQ, 21-Mar-2023,36.9,37.2,37.2,36.35, 37.20,36.65,36.82,151160,55.65,1469, 83614, 55.31,0.5531489812119609,2023-03-21
FINCABLES, EQ, 21-Mar-2023,798.25,804.5,807.0,771.35, 777.70,779.65,788.71,587012,4629.81,26103, 132536, 22.58,0.22578073361362289,2023-03-21
FINEORG, EQ, 21-Mar-2023,4128.05,4189.95,4189.95,4040.0, 4070.00,4070.15,4083.7,61989,2531.45,15765, 30145, 48.63,0.48629595573408185,2023-03-21
FINOPB, EQ, 21-Mar-2023,198.8,204.9,204.9,198.8, 201.60,201.5,200.63,95679,191.96,3913, 39305, 41.08,0.41080069816783205,2023-03-21
FINPIPE, EQ, 21-Mar-2023,160.0,162.3,168.15,160.6, 166.70,165.7,166.19,1137527,1890.44,28442, 255412, 22.45,0.2245326924108175,2023-03-21
FIVESTAR, EQ, 21-Mar-2023,499.7,509.75,551.4,496.55, 528.50,538.55,534.45,159344,851.62,10173, 59764, 37.51,0.3750627573049503,2023-03-21
FLEXITUFF, EQ, 21-Mar-2023,27.1,28.2,28.2,26.15, 26.35,26.75,26.59,16095,4.28,280, 7566, 47.01,0.4700838769804287,2023-03-21
FLFL, EQ, 21-Mar-2023,5.4,5.45,5.65,5.35, 5.60,5.45,5.45,97192,5.3,344, 71974, 74.05,0.7405342003457075,2023-03-21
FLUOROCHEM, EQ, 21-Mar-2023,2964.0,2982.25,3148.25,2982.25, 3094.00,3096.95,3099.67,259863,8054.91,26736, 124097, 47.75,0.47754778479429544,2023-03-21
FMGOETZE, EQ, 21-Mar-2023,306.15,309.15,309.15,305.1, 308.25,306.95,306.47,10550,32.33,326, 5788, 54.86,0.5486255924170617,2023-03-21
FMNL, EQ, 21-Mar-2023,4.2,4.15,4.35,4.1, 4.15,4.15,4.17,55127,2.3,108, 32789, 59.48,0.5947902116929998,2023-03-21
FOCUS, EQ, 21-Mar-2023,460.15,469.75,483.15,469.75, 483.15,483.15,482.52,56102,270.7,775, 41657, 74.25,0.7425225482157499,2023-03-21
FOODSIN, EQ, 21-Mar-2023,123.6,125.0,129.0,123.1, 125.50,126.45,125.7,147957,185.99,3541, 103310, 69.82,0.6982434085578918,2023-03-21
FORCEMOT, EQ, 21-Mar-2023,1182.3,1188.5,1204.0,1158.95, 1170.00,1174.85,1173.8,26735,313.82,3935, 12486, 46.70,0.46702824013465494,2023-03-21
FORTIS, EQ, 21-Mar-2023,260.5,260.95,261.8,251.25, 253.00,253.8,254.29,1041480,2648.42,19731, 566465, 54.39,0.5439038675730691,2023-03-21
FOSECOIND, EQ, 21-Mar-2023,2394.1,2394.1,2570.0,2339.9, 2550.00,2538.95,2463.98,12052,296.96,2649, 5843, 48.48,0.4848157982077663,2023-03-21
FRETAIL, BZ, 21-Mar-2023,2.65,2.7,2.7,2.55, 2.55,2.55,2.56,396489,10.14,937, -, -,,2023-03-21
FSC, BE, 21-Mar-2023,12.45,12.5,12.65,11.85, 11.85,11.85,11.9,29007,3.45,195, -, -,,2023-03-21
FSL, EQ, 21-Mar-2023,110.5,111.0,111.6,109.3, 110.75,110.7,110.62,1290562,1427.67,8278, 420823, 32.61,0.3260773213530229,2023-03-21
FUSION, EQ, 21-Mar-2023,395.85,401.95,401.95,393.15, 393.70,395.95,396.17,191468,758.55,10560, 157852, 82.44,0.8244301919903064,2023-03-21
GABRIEL, EQ, 21-Mar-2023,139.85,140.0,140.6,135.05, 135.50,135.6,137.22,430919,591.31,6929, 239792, 55.65,0.556466528512319,2023-03-21
GAEL, EQ, 21-Mar-2023,243.1,245.5,253.2,243.1, 253.00,252.05,249.27,268260,668.69,9149, 142209, 53.01,0.5301163050771639,2023-03-21
GAIL, EQ, 21-Mar-2023,109.8,106.0,107.6,104.4, 105.50,105.1,105.3,26605735,28016.31,85588, 14496055, 54.48,0.5448470038508615,2023-03-21
GAL, EQ, 21-Mar-2023,2.55,2.55,2.65,2.45, 2.65,2.65,2.62,892867,23.4,249, 485665, 54.39,0.5439387949157042,2023-03-21
GALAXYSURF, EQ, 21-Mar-2023,2403.95,2403.95,2425.0,2370.1, 2394.00,2391.05,2404.54,7959,191.38,1867, 3812, 47.90,0.47895464254303305,2023-03-21
GALLANTT, EQ, 21-Mar-2023,57.0,57.8,58.0,56.55, 57.20,57.05,57.28,9507,5.45,243, 6754, 71.04,0.7104238981802882,2023-03-21
GANDHITUBE, EQ, 21-Mar-2023,500.5,495.0,506.0,493.3, 493.30,494.3,496.53,920,4.57,91, 545, 59.24,0.592391304347826,2023-03-21
GANECOS, EQ, 21-Mar-2023,830.25,834.45,838.15,805.5, 812.10,821.3,826.97,8700,71.95,1174, 4735, 54.43,0.5442528735632184,2023-03-21
GANESHBE, EQ, 21-Mar-2023,158.15,158.5,161.05,155.55, 160.20,160.1,158.84,111604,177.27,2816, 48745, 43.68,0.43676749937278236,2023-03-21
GANESHHOUC, EQ, 21-Mar-2023,310.3,314.0,314.0,306.0, 307.35,307.75,310.53,14631,45.43,614, 10724, 73.30,0.7329642539812726,2023-03-21
GANGAFORGE, EQ, 21-Mar-2023,3.4,3.5,3.5,3.25, 3.45,3.4,3.36,178763,6.0,257, 111856, 62.57,0.6257223250896439,2023-03-21
GANGESSECU, EQ, 21-Mar-2023,89.4,91.2,97.35,89.3, 92.10,92.85,93.2,18751,17.48,740, 10647, 56.78,0.5678097168151032,2023-03-21
GARFIBRES, EQ, 21-Mar-2023,2800.5,2814.55,2827.1,2761.0, 2802.00,2802.45,2792.48,5531,154.45,3022, 2452, 44.33,0.4433194720665341,2023-03-21
GATEWAY, EQ, 21-Mar-2023,61.95,62.5,62.85,60.65, 60.85,61.0,61.81,244019,150.82,3607, 143855, 58.95,0.5895237665919457,2023-03-21
GATI, EQ, 21-Mar-2023,107.75,107.5,107.9,105.5, 106.20,105.85,106.58,255432,272.25,4692, 123608, 48.39,0.4839174418240471,2023-03-21
GAYAHWS, EQ, 21-Mar-2023,0.75,0.8,0.8,0.75, 0.80,0.8,0.77,102440,0.79,164, 87198, 85.12,0.8512104646622413,2023-03-21
GAYAPROJ, BE, 21-Mar-2023,6.05,6.1,6.15,5.95, 6.05,6.0,6.04,310168,18.73,317, -, -,,2023-03-21
GEECEE, EQ, 21-Mar-2023,130.3,130.3,135.0,129.0, 134.00,133.65,132.67,1155,1.53,178, 592, 51.26,0.5125541125541125,2023-03-21
GEEKAYWIRE, EQ, 21-Mar-2023,155.65,162.2,171.2,162.2, 171.20,171.2,168.55,720076,1213.72,9935, 214445, 29.78,0.2978088423999689,2023-03-21
GENCON, EQ, 21-Mar-2023,59.2,60.95,60.95,57.5, 58.30,57.85,58.36,217249,126.78,745, 71819, 33.06,0.33058380015558186,2023-03-21
GENESYS, EQ, 21-Mar-2023,374.8,380.4,380.4,358.35, 360.80,361.85,367.65,29426,108.18,1438, 19507, 66.29,0.6629171481003194,2023-03-21
GENUSPAPER, EQ, 21-Mar-2023,14.2,14.65,14.65,13.35, 14.05,14.05,14.0,165287,23.14,571, 88521, 53.56,0.5355593603852693,2023-03-21
GENUSPOWER, EQ, 21-Mar-2023,85.3,85.85,86.4,84.55, 85.20,85.05,85.35,360333,307.55,4528, 153850, 42.70,0.4269661674062603,2023-03-21
GEOJITFSL, EQ, 21-Mar-2023,42.2,42.45,42.95,42.0, 42.30,42.2,42.31,146165,61.85,1877, 88129, 60.29,0.6029418807512058,2023-03-21
GEPIL, EQ, 21-Mar-2023,104.5,104.55,106.1,102.0, 102.40,102.45,103.06,158448,163.3,2646, 98204, 61.98,0.6197869332525497,2023-03-21
GESHIP, EQ, 21-Mar-2023,589.1,591.65,609.6,590.0, 605.00,604.7,604.14,275816,1666.3,14735, 118476, 42.95,0.4295472343881428,2023-03-21
GET&D, EQ, 21-Mar-2023,114.4,114.25,116.0,112.35, 113.05,113.65,113.74,39191,44.58,2929, 17970, 45.85,0.4585236406317777,2023-03-21
GFLLIMITED, EQ, 21-Mar-2023,55.45,55.45,57.5,54.25, 54.95,54.95,56.0,68739,38.49,880, 44048, 64.08,0.6408007099317709,2023-03-21
GHCL, EQ, 21-Mar-2023,506.45,506.45,511.45,501.9, 503.00,505.05,505.72,225345,1139.61,5374, 162209, 71.98,0.7198251569815173,2023-03-21
GICHSGFIN, EQ, 21-Mar-2023,155.8,157.6,157.6,155.15, 156.10,156.35,156.52,115064,180.09,2739, 39305, 34.16,0.341592505040673,2023-03-21
GICRE, EQ, 21-Mar-2023,131.45,134.0,136.45,132.15, 135.55,135.7,134.72,764878,1030.47,7558, 164837, 21.55,0.21550757114206448,2023-03-21
GILLANDERS, EQ, 21-Mar-2023,61.15,61.15,62.35,60.35, 60.80,61.35,61.19,3472,2.12,80, 2054, 59.16,0.591589861751152,2023-03-21
GILLETTE, EQ, 21-Mar-2023,4303.65,4275.0,4366.6,4275.0, 4342.00,4346.6,4335.41,9347,405.23,2777, 6116, 65.43,0.6543275917406655,2023-03-21
GILT5YBEES, EQ, 21-Mar-2023,51.16,51.19,51.24,51.14, 51.15,51.15,51.18,81322,41.62,248, 57979, 71.30,0.712955903691498,2023-03-21
GINNIFILA, EQ, 21-Mar-2023,20.95,21.45,21.5,20.75, 21.00,20.85,20.93,41159,8.62,491, 28375, 68.94,0.689399645278068,2023-03-21
GIPCL, EQ, 21-Mar-2023,73.3,74.0,74.0,72.7, 73.45,73.4,73.19,160190,117.24,1694, 108827, 67.94,0.679362007615956,2023-03-21
GKWLIMITED, EQ, 21-Mar-2023,502.5,499.75,503.4,499.75, 503.40,503.4,502.34,71,0.36,9, 69, 97.18,0.971830985915493,2023-03-21
GLAND, EQ, 21-Mar-2023,1160.6,1166.4,1280.0,1161.1, 1235.00,1224.55,1204.5,629730,7585.13,35550, 135243, 21.48,0.21476347005859653,2023-03-21
GLAXO, EQ, 21-Mar-2023,1282.6,1284.65,1303.0,1280.05, 1301.00,1300.8,1293.44,22464,290.56,4262, 12620, 56.18,0.5617877492877493,2023-03-21
GLENMARK, EQ, 21-Mar-2023,444.85,444.9,446.25,435.0, 436.00,436.4,441.04,1049426,4628.44,18544, 584796, 55.73,0.557253203179643,2023-03-21
GLOBAL, EQ, 21-Mar-2023,168.5,168.55,169.7,163.0, 164.00,164.25,165.73,39431,65.35,973, 24746, 62.76,0.6275772869062413,2023-03-21
GLOBALVECT, EQ, 21-Mar-2023,52.85,53.95,54.4,52.45, 53.35,53.3,53.08,7116,3.78,141, 4473, 62.86,0.6285834738617201,2023-03-21
GLOBE, EQ, 21-Mar-2023,2.75,2.75,2.8,2.7, 2.75,2.7,2.75,290195,7.99,619, 217402, 74.92,0.7491583245748549,2023-03-21
GLOBUSSPR, EQ, 21-Mar-2023,775.6,778.0,785.45,760.0, 768.50,768.3,773.1,89834,694.51,6305, 43145, 48.03,0.48027472894449763,2023-03-21
GLS, EQ, 21-Mar-2023,410.5,412.0,416.8,411.5, 415.00,413.1,413.58,214718,888.04,9226, 129674, 60.39,0.6039270112426531,2023-03-21
GMBREW, EQ, 21-Mar-2023,544.0,545.0,549.9,543.0, 544.00,543.75,545.48,13015,70.99,657, 9739, 74.83,0.7482904341144833,2023-03-21
GMDCLTD, EQ, 21-Mar-2023,135.7,136.1,137.65,135.7, 135.80,136.35,136.51,347120,473.84,3842, 177337, 51.09,0.5108809633556118,2023-03-21
GMMPFAUDLR, EQ, 21-Mar-2023,1537.45,1545.0,1552.0,1525.0, 1530.00,1543.75,1541.49,36797,567.22,4548, 21505, 58.44,0.5844226431502568,2023-03-21
GMRINFRA, EQ, 21-Mar-2023,41.25,41.45,41.45,39.75, 39.95,39.85,40.25,7213732,2903.52,11922, 1502439, 20.83,0.20827485689792746,2023-03-21
GMRP&UI, EQ, 21-Mar-2023,17.05,17.15,17.25,17.0, 17.10,17.05,17.11,238339,40.79,1199, 169677, 71.19,0.711914541892011,2023-03-21
GNA, EQ, 21-Mar-2023,836.4,848.0,856.0,825.55, 835.95,830.55,834.51,65116,543.4,3747, 18272, 28.06,0.2806069168867867,2023-03-21
GNFC, EQ, 21-Mar-2023,523.55,526.2,539.85,522.7, 535.90,534.95,532.94,949358,5059.46,20386, 288509, 30.39,0.3038990559936294,2023-03-21
GOACARBON, EQ, 21-Mar-2023,421.65,429.45,429.45,423.05, 426.45,425.55,425.58,7556,32.16,577, 5191, 68.70,0.6870037056643726,2023-03-21
GOCLCORP, EQ, 21-Mar-2023,302.3,305.95,312.5,302.95, 310.50,309.75,308.0,14779,45.52,1252, 7529, 50.94,0.5094390689491847,2023-03-21
GOCOLORS, EQ, 21-Mar-2023,944.55,944.55,947.45,931.6, 935.00,934.7,940.18,55050,517.57,6809, 26429, 48.01,0.4800908265213442,2023-03-21
GODFRYPHLP, EQ, 21-Mar-2023,1886.05,1890.0,1897.5,1851.05, 1863.00,1862.35,1872.82,37710,706.24,4456, 9311, 24.69,0.24691063378414213,2023-03-21
GODHA, EQ, 21-Mar-2023,1.15,1.1,1.15,1.1, 1.10,1.1,1.11,2453115,27.2,1173, 1585769, 64.64,0.6464307625203058,2023-03-21
GODREJAGRO, EQ, 21-Mar-2023,415.5,417.0,421.0,415.95, 416.10,416.4,417.96,50580,211.41,2187, 32338, 63.93,0.6393436140767101,2023-03-21
GODREJCP, EQ, 21-Mar-2023,960.0,961.15,964.0,941.05, 944.40,943.6,950.05,1258265,11954.15,41922, 580153, 46.11,0.4610737801655454,2023-03-21
GODREJIND, EQ, 21-Mar-2023,403.55,405.6,414.0,405.55, 410.15,412.25,410.34,138622,568.83,5365, 72772, 52.50,0.5249671769271833,2023-03-21
GODREJPROP, EQ, 21-Mar-2023,1099.55,1110.0,1114.9,1095.0, 1098.00,1097.45,1104.31,301416,3328.58,16640, 128585, 42.66,0.4266031000345038,2023-03-21
GOENKA, BZ, 21-Mar-2023,0.85,0.9,0.9,0.85, 0.90,0.9,0.88,156736,1.38,111, -, -,,2023-03-21
GOKEX, EQ, 21-Mar-2023,365.6,371.1,371.3,365.7, 367.00,369.25,368.98,86773,320.17,3715, 41727, 48.09,0.48087538750533,2023-03-21
GOKUL, EQ, 21-Mar-2023,31.05,31.9,31.9,29.8, 29.95,29.95,30.22,443142,133.9,1916, 317250, 71.59,0.7159104756488891,2023-03-21
GOKULAGRO, EQ, 21-Mar-2023,106.5,106.95,108.4,106.05, 106.80,107.35,107.04,39320,42.09,1305, 22245, 56.57,0.5657426246185148,2023-03-21
GOLDBEES, EQ, 21-Mar-2023,50.91,52.45,52.45,50.3, 50.55,50.48,50.66,4152847,2103.75,17351, 2441387, 58.79,0.5878827223829821,2023-03-21
GOLDENTOBC, BZ, 21-Mar-2023,50.45,52.75,52.75,48.1, 49.20,49.15,49.18,7506,3.69,64, -, -,,2023-03-21
GOLDIAM, EQ, 21-Mar-2023,130.0,130.5,134.9,130.5, 132.40,132.55,132.79,179105,237.84,3186, 99143, 55.35,0.5535468021551604,2023-03-21
GOLDSHARE, EQ, 21-Mar-2023,50.75,50.75,50.85,50.3, 50.60,50.5,50.62,134192,67.93,430, 130178, 97.01,0.970087635626565,2023-03-21
GOLDTECH, EQ, 21-Mar-2023,52.3,52.3,53.35,51.6, 52.30,52.25,52.36,14673,7.68,188, 9614, 65.52,0.6552170653581408,2023-03-21
GOODLUCK, EQ, 21-Mar-2023,428.9,428.0,429.95,423.4, 427.50,426.2,426.0,54996,234.29,1342, 44497, 80.91,0.8090952069241399,2023-03-21
GOODYEAR, EQ, 21-Mar-2023,1088.5,1080.05,1092.75,1068.0, 1074.95,1070.8,1072.87,8338,89.46,1341, 4802, 57.59,0.5759174862077237,2023-03-21
GOYALALUM, BE, 21-Mar-2023,315.85,316.55,319.25,316.5, 319.00,319.1,318.55,216087,688.35,3383, -, -,,2023-03-21
GPIL, EQ, 21-Mar-2023,384.75,385.0,387.45,372.0, 373.40,374.25,377.24,484217,1826.65,14431, 253282, 52.31,0.5230753980137005,2023-03-21
GPPL, EQ, 21-Mar-2023,111.7,111.9,114.15,111.15, 111.80,112.0,112.77,1767371,1993.12,10168, 855302, 48.39,0.4839402706053228,2023-03-21
GPTINFRA, EQ, 21-Mar-2023,44.75,45.5,45.5,44.6, 45.40,45.15,45.11,9176,4.14,256, 5996, 65.34,0.6534437663469922,2023-03-21
GRANULES, EQ, 21-Mar-2023,281.9,282.55,290.8,282.05, 288.25,288.3,287.52,872354,2508.16,11835, 252137, 28.90,0.2890305999628591,2023-03-21
GRAPHITE, EQ, 21-Mar-2023,277.25,278.7,279.65,275.05, 278.00,278.25,277.72,243607,676.55,6967, 117123, 48.08,0.48078667690173105,2023-03-21
GRASIM, EQ, 21-Mar-2023,1592.8,1600.0,1609.0,1587.75, 1607.00,1606.2,1601.33,568561,9104.53,25775, 255496, 44.94,0.4493730663904137,2023-03-21
GRAUWEIL, EQ, 21-Mar-2023,103.35,103.35,106.0,101.0, 101.60,102.4,103.42,529024,547.1,7771, 250013, 47.26,0.4725929258407936,2023-03-21
GRAVITA, EQ, 21-Mar-2023,469.8,472.8,476.45,467.95, 473.00,474.2,471.45,106957,504.25,4127, 51132, 47.81,0.4780612769617697,2023-03-21
GREAVESCOT, EQ, 21-Mar-2023,125.2,125.9,127.7,125.25, 127.20,127.1,126.31,623792,787.88,7759, 386671, 61.99,0.6198716879985636,2023-03-21
GREENLAM, EQ, 21-Mar-2023,305.0,305.9,336.95,305.0, 324.80,324.6,322.93,64762,209.14,3342, 18027, 27.84,0.27835767888576635,2023-03-21
GREENPANEL, EQ, 21-Mar-2023,270.4,270.4,272.95,267.65, 270.95,270.1,269.77,170961,461.2,8705, 80103, 46.85,0.4685454577359749,2023-03-21
GREENPLY, EQ, 21-Mar-2023,139.05,140.55,145.85,139.3, 143.35,143.2,142.67,171373,244.51,6080, 72142, 42.10,0.4209647960880652,2023-03-21
GREENPOWER, EQ, 21-Mar-2023,8.85,8.9,8.95,8.55, 8.70,8.65,8.76,1748140,153.07,2614, 1037444, 59.35,0.5934559017012367,2023-03-21
GRINDWELL, EQ, 21-Mar-2023,1814.0,1800.0,1816.95,1771.5, 1773.10,1784.45,1793.56,23706,425.18,4839, 12655, 53.38,0.5338310976124188,2023-03-21
GRINFRA, EQ, 21-Mar-2023,989.4,1000.0,1007.35,975.0, 976.05,978.1,988.06,30304,299.42,4590, 17333, 57.20,0.571970696937698,2023-03-21
GRMOVER, EQ, 21-Mar-2023,203.1,209.0,209.0,195.9, 202.50,198.0,199.85,131462,262.73,4012, 76780, 58.40,0.5840471010634252,2023-03-21
GROBTEA, EQ, 21-Mar-2023,764.3,745.5,781.0,745.5, 768.30,756.1,770.19,223,1.72,53, 182, 81.61,0.8161434977578476,2023-03-21
GRPLTD, BE, 21-Mar-2023,2725.0,2748.0,2809.0,2748.0, 2809.00,2808.0,2792.27,203,5.67,30, -, -,,2023-03-21
GRSE, EQ, 21-Mar-2023,419.8,420.7,430.0,415.9, 429.00,426.7,422.62,169826,717.72,7172, 50220, 29.57,0.29571443712976814,2023-03-21
GRWRHITECH, EQ, 21-Mar-2023,540.55,548.65,558.7,536.65, 536.65,540.7,547.03,25500,139.49,2393, 15260, 59.84,0.5984313725490196,2023-03-21
GSCLCEMENT, EQ, 21-Mar-2023,31.75,32.15,32.15,31.55, 31.70,31.65,31.79,35323,11.23,492, 27167, 76.91,0.7691022846304107,2023-03-21
GSFC, EQ, 21-Mar-2023,122.55,123.4,126.1,122.75, 125.05,125.0,124.28,740684,920.51,8034, 482400, 65.13,0.6512898888054826,2023-03-21
GSPL, EQ, 21-Mar-2023,269.55,272.4,274.75,267.7, 270.60,272.45,271.31,444031,1204.71,9145, 269161, 60.62,0.6061761453592204,2023-03-21
GSS, EQ, 21-Mar-2023,186.95,190.0,190.9,184.65, 186.60,187.0,187.29,86960,162.87,1741, 45893, 52.77,0.5277483900643974,2023-03-21
GTL, EQ, 21-Mar-2023,5.1,5.2,5.35,5.1, 5.15,5.2,5.19,759410,39.41,1059, 264934, 34.89,0.3488682003134012,2023-03-21
GTLINFRA, EQ, 21-Mar-2023,0.7,0.7,0.8,0.7, 0.80,0.75,0.74,34503320,256.66,9790, 18238757, 52.86,0.5286087541720623,2023-03-21
GTPL, EQ, 21-Mar-2023,102.35,102.35,104.55,100.55, 101.30,101.05,102.23,55283,56.52,1544, 32593, 58.96,0.5895664128213013,2023-03-21
GUFICBIO, EQ, 21-Mar-2023,195.7,196.75,198.2,193.8, 195.20,195.45,195.94,68871,134.95,2754, 23814, 34.58,0.3457768872239404,2023-03-21
GUJALKALI, EQ, 21-Mar-2023,595.9,598.9,608.8,591.7, 595.10,592.45,598.89,119428,715.24,7331, 46858, 39.24,0.39235355193087046,2023-03-21
GUJAPOLLO, EQ, 21-Mar-2023,195.65,198.55,199.55,192.35, 194.35,193.4,195.37,11519,22.51,1109, 3926, 34.08,0.3408281968920913,2023-03-21
GUJGASLTD, EQ, 21-Mar-2023,495.2,499.4,510.0,495.0, 502.90,501.15,503.88,1378566,6946.27,33993, 636925, 46.20,0.4620199540682129,2023-03-21
GUJRAFFIA, BE, 21-Mar-2023,26.0,25.95,25.95,25.05, 25.05,25.05,25.07,1262,0.32,16, -, -,,2023-03-21
GULFOILLUB, EQ, 21-Mar-2023,401.55,402.9,403.15,399.15, 400.00,400.05,400.39,35735,143.08,778, 30731, 86.00,0.8599692178536449,2023-03-21
GULFPETRO, EQ, 21-Mar-2023,33.55,33.8,34.1,33.0, 33.80,33.7,33.6,128930,43.32,973, 66097, 51.27,0.5126580314899558,2023-03-21
GULPOLY, EQ, 21-Mar-2023,210.35,211.85,215.8,203.85, 209.20,209.75,209.28,49916,104.47,1555, 29234, 58.57,0.5856639153778348,2023-03-21
GVKPIL, EQ, 21-Mar-2023,2.5,2.55,2.6,2.5, 2.55,2.5,2.54,1270021,32.25,1460, 715757, 56.36,0.5635788699556936,2023-03-21
HAL, EQ, 21-Mar-2023,2644.85,2657.0,2672.0,2592.0, 2656.00,2655.55,2632.42,1323667,34844.44,81464, 306355, 23.14,0.2314441623157486,2023-03-21
HAPPSTMNDS, EQ, 21-Mar-2023,805.95,810.0,813.0,804.4, 808.70,806.2,808.06,104908,847.72,9712, 54420, 51.87,0.5187402295344492,2023-03-21
HARDWYN, EQ, 21-Mar-2023,298.45,302.15,310.75,295.05, 296.20,298.6,303.07,6319,19.15,765, 2293, 36.29,0.36287387244817215,2023-03-21
HARIOMPIPE, EQ, 21-Mar-2023,463.7,465.0,491.0,457.7, 486.00,487.3,479.63,510713,2449.53,19054, 105208, 20.60,0.20600219692860766,2023-03-21
HARRMALAYA, EQ, 21-Mar-2023,113.15,113.15,115.55,112.65, 113.90,113.8,114.02,15455,17.62,519, 9299, 60.17,0.6016823034616628,2023-03-21
HARSHA, EQ, 21-Mar-2023,331.3,332.05,335.15,329.5, 332.70,332.45,331.72,100572,333.62,4915, 46938, 46.67,0.4667104164180885,2023-03-21
HATHWAY, EQ, 21-Mar-2023,13.65,13.75,13.8,13.55, 13.70,13.7,13.66,1475273,201.53,2475, 713659, 48.37,0.4837470759649231,2023-03-21
HATSUN, EQ, 21-Mar-2023,834.45,834.05,838.35,831.35, 833.00,834.7,834.39,3485,29.08,581, 1577, 45.25,0.45251076040172167,2023-03-21
HAVELLS, EQ, 21-Mar-2023,1172.7,1184.7,1207.45,1176.05, 1203.00,1202.35,1197.87,524540,6283.3,26824, 178568, 34.04,0.34042780340870094,2023-03-21
HAVISHA, BE, 21-Mar-2023,1.75,1.75,1.8,1.7, 1.80,1.8,1.74,24323,0.42,73, -, -,,2023-03-21
HBANKETF, EQ, 21-Mar-2023,395.17,399.97,403.31,396.53, 401.20,401.65,401.72,185198,743.98,585, 155477, 83.95,0.8395177053747881,2023-03-21
HBLPOWER, EQ, 21-Mar-2023,97.1,97.9,98.4,96.8, 97.05,97.45,97.48,970921,946.46,6013, 384298, 39.58,0.39580769187194426,2023-03-21
HBSL, EQ, 21-Mar-2023,44.8,44.7,47.95,44.5, 46.85,47.15,46.19,15578,7.2,532, 7810, 50.13,0.5013480549492875,2023-03-21
HCC, EQ, 21-Mar-2023,14.5,14.6,14.75,14.25, 14.35,14.35,14.47,6233393,901.99,4841, 2419535, 38.82,0.38815697967383095,2023-03-21
HCG, EQ, 21-Mar-2023,259.6,258.8,263.05,256.2, 262.00,261.85,260.13,87891,228.63,3348, 53051, 60.36,0.6035999135292578,2023-03-21
HCL-INSYS, EQ, 21-Mar-2023,12.7,12.95,13.0,12.45, 12.55,12.5,12.62,366181,46.2,1337, 242934, 66.34,0.6634260106340854,2023-03-21
HCLTECH, EQ, 21-Mar-2023,1090.85,1099.0,1102.4,1077.1, 1085.00,1083.9,1083.16,2421127,26224.77,103171, 1533733, 63.35,0.6334789542225583,2023-03-21
HDFC, EQ, 21-Mar-2023,2554.7,2570.0,2584.0,2552.15, 2579.50,2580.7,2566.07,2862486,73453.5,103395, 1695007, 59.21,0.5921450794868517,2023-03-21
HDFCAMC, EQ, 21-Mar-2023,1680.1,1698.0,1768.9,1690.15, 1762.00,1764.2,1745.98,1883143,32879.39,73716, 559994, 29.74,0.29737199989591867,2023-03-21
HDFCBANK, EQ, 21-Mar-2023,1561.75,1571.95,1582.5,1556.2, 1577.30,1579.45,1566.2,16525247,258817.68,166646, 2246766, 13.60,0.1359596016930942,2023-03-21
HDFCBSE500, EQ, 21-Mar-2023,22.99,23.56,23.6,22.35, 23.00,22.99,22.57,500035,112.88,360, 423880, 84.77,0.8477006609537332,2023-03-21
HDFCGROWTH, EQ, 21-Mar-2023,84.0,84.5,85.25,83.5, 85.24,85.24,84.05,339,0.28,31, 297, 87.61,0.8761061946902655,2023-03-21
HDFCLIFE, EQ, 21-Mar-2023,465.25,467.0,484.0,466.5, 483.00,482.75,479.51,4363583,20923.99,134282, 1631526, 37.39,0.3738959474358572,2023-03-21
HDFCLOWVOL, EQ, 21-Mar-2023,144.27,131.6,137.0,126.69, 127.00,130.51,130.15,4451,5.79,147, 3179, 71.42,0.7142215232532015,2023-03-21
HDFCMFGETF, EQ, 21-Mar-2023,52.03,52.02,52.25,51.53, 52.04,51.96,52.0,796810,414.34,1860, 545071, 68.41,0.6840664650293043,2023-03-21
HDFCMID150, EQ, 21-Mar-2023,112.75,113.25,113.49,112.46, 113.00,113.2,112.53,2541,2.86,27, 2250, 88.55,0.885478158205431,2023-03-21
HDFCMOMENT, EQ, 21-Mar-2023,180.79,181.0,182.7,181.0, 182.50,182.25,182.44,123,0.22,16, 65, 52.85,0.5284552845528455,2023-03-21
HDFCNEXT50, EQ, 21-Mar-2023,377.81,376.5,447.0,375.49, 392.80,394.6,381.23,1080,4.12,60, 847, 78.43,0.7842592592592592,2023-03-21
HDFCNIF100, EQ, 21-Mar-2023,171.16,170.1,172.89,169.15, 169.30,169.89,170.36,728,1.24,36, 330, 45.33,0.4532967032967033,2023-03-21
HDFCNIFETF, EQ, 21-Mar-2023,184.19,184.16,185.97,184.16, 185.87,185.74,185.31,20979,38.88,390, 9275, 44.21,0.44210877544210875,2023-03-21
HDFCNIFIT, EQ, 21-Mar-2023,286.33,286.3,340.11,282.65, 305.00,292.66,285.16,871,2.48,70, 681, 78.19,0.7818599311136625,2023-03-21
HDFCPVTBAN, EQ, 21-Mar-2023,199.21,200.0,205.96,200.0, 205.96,204.45,201.85,92,0.19,29, 73, 79.35,0.7934782608695652,2023-03-21
HDFCQUAL, EQ, 21-Mar-2023,37.52,37.4,38.0,37.4, 38.00,37.98,37.75,1006,0.38,51, 537, 53.38,0.5337972166998012,2023-03-21
HDFCSENETF, EQ, 21-Mar-2023,626.45,632.99,633.48,629.91, 632.50,633.26,631.33,5190,32.77,229, 4254, 81.97,0.8196531791907514,2023-03-21
HDFCSILVER, EQ, 21-Mar-2023,67.79,67.87,68.0,67.22, 67.66,67.51,67.64,45960,31.09,202, 39015, 84.89,0.8488903394255874,2023-03-21
HDFCSML250, EQ, 21-Mar-2023,89.17,89.51,89.9,88.52, 88.75,88.7,89.24,6597,5.89,154, 4469, 67.74,0.6774291344550554,2023-03-21
HDFCVALUE, EQ, 21-Mar-2023,90.63,91.0,92.5,91.0, 91.00,92.27,91.84,329,0.3,25, 246, 74.77,0.7477203647416414,2023-03-21
HDIL, BZ, 21-Mar-2023,3.2,3.3,3.3,3.15, 3.25,3.25,3.23,343406,11.11,399, -, -,,2023-03-21
HEADSUP, EQ, 21-Mar-2023,12.8,12.7,13.35,12.6, 13.35,13.15,13.0,134891,17.54,949, 47768, 35.41,0.35412295853689274,2023-03-21
HEALTHY, EQ, 21-Mar-2023,7.48,7.5,7.61,7.46, 7.50,7.48,7.51,30299,2.28,284, 15576, 51.41,0.5140763721574969,2023-03-21
HECPROJECT, EQ, 21-Mar-2023,30.7,30.65,32.2,30.1, 31.70,32.0,31.33,7965,2.5,62, 6092, 76.48,0.7648462021343377,2023-03-21
HEG, EQ, 21-Mar-2023,952.2,959.0,959.85,950.0, 950.50,951.25,953.83,50153,478.38,4362, 20500, 40.87,0.40874922736426533,2023-03-21
HEIDELBERG, EQ, 21-Mar-2023,163.15,163.9,165.0,163.15, 163.60,163.9,164.08,128623,211.04,3029, 84476, 65.68,0.6567721169619741,2023-03-21
HEMIPROP, EQ, 21-Mar-2023,87.55,88.45,89.6,86.6, 89.45,87.65,87.6,492705,431.59,3426, 335886, 68.17,0.681718269552775,2023-03-21
HERANBA, EQ, 21-Mar-2023,298.75,298.8,303.85,297.1, 299.00,298.1,299.38,43618,130.58,1779, 28256, 64.78,0.6478059516713284,2023-03-21
HERCULES, EQ, 21-Mar-2023,196.65,197.15,198.0,193.05, 195.30,195.85,195.86,15383,30.13,719, 7885, 51.26,0.5125788207761816,2023-03-21
HERITGFOOD, EQ, 21-Mar-2023,140.75,142.45,144.0,139.05, 142.80,142.65,142.28,260064,370.03,3756, 189107, 72.72,0.7271556232312046,2023-03-21
HEROMOTOCO, EQ, 21-Mar-2023,2339.35,2344.95,2356.35,2331.0, 2350.00,2349.05,2347.7,291142,6835.13,34228, 179392, 61.62,0.6161666815505835,2023-03-21
HESTERBIO, EQ, 21-Mar-2023,1677.9,1678.65,1721.15,1678.0, 1699.00,1703.55,1704.69,2061,35.13,483, 1142, 55.41,0.5540999514798641,2023-03-21
HEUBACHIND, EQ, 21-Mar-2023,288.65,289.05,291.85,285.95, 288.40,288.3,288.77,19527,56.39,1213, 12028, 61.60,0.6159676345572797,2023-03-21
HEXATRADEX, EQ, 21-Mar-2023,150.0,146.25,151.35,146.25, 149.70,149.7,149.9,1306,1.96,188, 902, 69.07,0.6906584992343032,2023-03-21
HFCL, EQ, 21-Mar-2023,62.5,62.85,63.65,61.9, 62.10,62.4,62.74,3933770,2467.97,11880, 2118466, 53.85,0.5385332645274127,2023-03-21
HGINFRA, EQ, 21-Mar-2023,774.65,775.15,787.9,763.1, 768.60,768.95,776.96,100858,783.62,9828, 27720, 27.48,0.27484185686807194,2023-03-21
HGS, EQ, 21-Mar-2023,1066.55,1070.95,1081.7,1050.05, 1058.00,1053.8,1066.18,37054,395.06,5390, 15380, 41.51,0.41506989798672206,2023-03-21
HIKAL, EQ, 21-Mar-2023,296.4,297.9,303.25,293.0, 295.00,295.25,297.34,358125,1064.85,8363, 116568, 32.55,0.32549528795811516,2023-03-21
HIL, EQ, 21-Mar-2023,2308.85,2324.75,2331.0,2303.45, 2310.00,2316.25,2323.82,9103,211.54,1910, 5441, 59.77,0.5977150389981325,2023-03-21
HILTON, BE, 21-Mar-2023,102.65,104.7,104.7,100.35, 103.40,102.95,102.57,18148,18.61,184, -, -,,2023-03-21
HIMATSEIDE, EQ, 21-Mar-2023,75.2,76.0,78.7,75.05, 76.15,76.8,76.8,292903,224.95,4705, 137155, 46.83,0.46826082354909304,2023-03-21
HINDALCO, EQ, 21-Mar-2023,385.75,387.7,390.6,384.95, 388.30,388.55,387.32,6080002,23549.22,91870, 2318046, 38.13,0.38125744037584197,2023-03-21
HINDCOMPOS, EQ, 21-Mar-2023,256.2,259.85,264.9,254.4, 255.55,256.55,259.26,3661,9.49,495, 1784, 48.73,0.48729855230811253,2023-03-21
HINDCON, EQ, 21-Mar-2023,80.5,83.6,83.6,81.0, 82.65,82.3,81.94,4259,3.49,159, 3262, 76.59,0.7659074900211317,2023-03-21
HINDCOPPER, EQ, 21-Mar-2023,97.25,98.1,98.8,97.05, 98.20,98.2,97.89,1566350,1533.25,7750, 387681, 24.75,0.24750598525233825,2023-03-21
HINDMOTORS, EQ, 21-Mar-2023,13.55,13.95,14.0,13.55, 13.55,13.7,13.8,201074,27.75,961, 138677, 68.97,0.6896814108238758,2023-03-21
HINDOILEXP, EQ, 21-Mar-2023,125.25,127.0,129.45,124.45, 124.90,125.65,126.54,349753,442.58,4665, 174424, 49.87,0.498706229825048,2023-03-21
HINDPETRO, EQ, 21-Mar-2023,247.6,247.7,247.7,242.1, 244.90,244.75,244.67,3359608,8220.07,35592, 1629001, 48.49,0.48487829532493076,2023-03-21
HINDUNILVR, EQ, 21-Mar-2023,2511.2,2515.0,2523.25,2458.75, 2464.00,2462.6,2486.91,1595161,39670.16,90098, 859714, 53.90,0.5389512406584664,2023-03-21
HINDWAREAP, EQ, 21-Mar-2023,345.6,347.0,348.0,338.05, 338.50,340.05,341.13,32840,112.03,2485, 15607, 47.52,0.4752436053593179,2023-03-21
HINDZINC, EQ, 21-Mar-2023,310.6,314.9,316.0,309.1, 311.00,310.6,310.97,1566260,4870.6,22334, 988254, 63.10,0.6309642077305173,2023-03-21
HIRECT, EQ, 21-Mar-2023,200.85,201.1,207.7,198.2, 204.75,205.9,204.14,3441,7.02,160, 2668, 77.54,0.7753560011624527,2023-03-21
HISARMETAL, EQ, 21-Mar-2023,131.6,133.55,136.5,132.05, 135.10,134.7,133.97,22632,30.32,967, 7918, 34.99,0.34985860728172496,2023-03-21
HITECH, EQ, 21-Mar-2023,82.7,83.1,86.75,81.2, 86.00,85.6,83.55,664239,554.94,5918, 203881, 30.69,0.30693921916659517,2023-03-21
HITECHCORP, EQ, 21-Mar-2023,166.15,166.0,171.2,166.0, 169.95,169.7,169.1,7351,12.43,422, 4617, 62.81,0.6280778125425113,2023-03-21
HITECHGEAR, EQ, 21-Mar-2023,246.95,242.1,259.95,242.1, 259.95,257.35,254.93,3547,9.04,133, 2942, 82.94,0.8294333239357203,2023-03-21
HLEGLAS, EQ, 21-Mar-2023,517.25,526.05,528.05,505.0, 509.60,510.65,516.94,44694,231.04,3478, 15137, 33.87,0.3386808072671947,2023-03-21
HLVLTD, EQ, 21-Mar-2023,9.45,9.6,9.7,9.45, 9.50,9.5,9.54,138330,13.19,344, 97273, 70.32,0.7031952577170534,2023-03-21
HMT, BZ, 21-Mar-2023,23.85,24.0,24.95,23.0, 24.70,24.5,23.96,5065,1.21,50, -, -,,2023-03-21
HMVL, EQ, 21-Mar-2023,47.15,47.35,48.75,46.25, 46.25,46.5,47.09,57085,26.88,517, 45698, 80.05,0.8005255321012525,2023-03-21
HNDFDS, EQ, 21-Mar-2023,526.3,538.75,538.8,524.8, 529.00,528.05,528.94,15857,83.87,2185, 9048, 57.06,0.570599735132749,2023-03-21
HNGSNGBEES, EQ, 21-Mar-2023,272.95,276.49,276.49,273.96, 276.20,276.09,275.9,7178,19.8,315, 5519, 76.89,0.7688771245472277,2023-03-21
HOMEFIRST, EQ, 21-Mar-2023,671.1,673.0,696.0,670.8, 691.50,693.75,690.4,490671,3387.59,18832, 336489, 68.58,0.6857731555359905,2023-03-21
HONAUT, EQ, 21-Mar-2023,34852.95,35027.25,35500.0,34800.0, 35202.05,35390.65,35127.11,3469,1218.56,1534, 1556, 44.85,0.44854424906313056,2023-03-21
HONDAPOWER, EQ, 21-Mar-2023,1836.55,1878.95,1895.0,1837.2, 1890.45,1882.1,1861.29,15710,292.41,4368, 2927, 18.63,0.18631444939528963,2023-03-21
HOVS, EQ, 21-Mar-2023,35.95,35.5,40.0,35.5, 36.30,37.15,37.01,12313,4.56,259, 4358, 35.39,0.35393486558921466,2023-03-21
HPAL, EQ, 21-Mar-2023,340.1,342.7,354.65,341.0, 350.20,349.2,348.06,59488,207.06,4985, 14577, 24.50,0.24504101667563205,2023-03-21
HPIL, BE, 21-Mar-2023,79.5,79.6,81.3,78.0, 80.40,80.4,79.05,3923,3.1,23, -, -,,2023-03-21
HPL, EQ, 21-Mar-2023,80.7,81.7,82.9,80.9, 81.10,81.3,81.79,89692,73.36,1579, 50458, 56.26,0.5625696829148642,2023-03-21
HSCL, EQ, 21-Mar-2023,85.85,86.3,86.9,85.15, 86.00,86.05,86.05,770230,662.81,3902, 352018, 45.70,0.45702971839580386,2023-03-21
HTMEDIA, EQ, 21-Mar-2023,16.9,17.05,17.2,16.5, 16.80,16.8,16.9,195701,33.07,719, 121452, 62.06,0.6205997925406616,2023-03-21
HUBTOWN, EQ, 21-Mar-2023,34.4,34.55,35.7,34.2, 35.00,34.8,34.75,183250,63.68,1178, 141899, 77.43,0.7743465211459755,2023-03-21
HUDCO, EQ, 21-Mar-2023,44.45,43.75,44.25,43.65, 44.00,44.05,43.94,1728892,759.6,6252, 807117, 46.68,0.466840612369078,2023-03-21
HUHTAMAKI, EQ, 21-Mar-2023,192.7,194.5,197.55,192.55, 196.50,196.7,195.49,39439,77.1,1227, 26834, 68.04,0.6803925048809554,2023-03-21
HYBRIDFIN, EQ, 21-Mar-2023,8.8,8.8,8.95,8.4, 8.40,8.4,8.44,4607,0.39,27, 4482, 97.29,0.9728673757325809,2023-03-21
IBMFNIFTY, EQ, 21-Mar-2023,172.52,172.52,176.99,172.52, 176.99,175.77,175.23,158,0.28,38, 128, 81.01,0.810126582278481,2023-03-21
IBREALEST, EQ, 21-Mar-2023,55.85,56.3,56.9,55.6, 55.80,55.95,56.14,3752508,2106.58,10647, 1270264, 33.85,0.3385106707300824,2023-03-21
IBULHSGFIN, EQ, 21-Mar-2023,99.0,100.0,102.0,99.75, 100.00,100.15,100.55,4733592,4759.59,19466, 1298665, 27.44,0.2743508523759547,2023-03-21
ICDSLTD, BE, 21-Mar-2023,20.6,20.0,21.15,19.7, 21.15,20.65,20.33,303,0.06,13, -, -,,2023-03-21
ICEMAKE, EQ, 21-Mar-2023,258.85,259.0,263.0,257.0, 259.00,258.9,260.21,11040,28.73,528, 6119, 55.43,0.5542572463768116,2023-03-21
ICICI500, EQ, 21-Mar-2023,23.99,23.99,24.25,23.91, 24.10,24.09,24.09,22466,5.41,285, 18369, 81.76,0.8176355381465326,2023-03-21
ICICI5GSEC, EQ, 21-Mar-2023,51.04,51.5,51.6,51.0, 51.60,51.6,51.06,999,0.51,7, 880, 88.09,0.8808808808808809,2023-03-21
ICICIALPLV, EQ, 21-Mar-2023,168.12,168.12,172.75,168.12, 168.86,169.07,169.63,4928,8.36,342, 2319, 47.06,0.4705762987012987,2023-03-21
ICICIAUTO, EQ, 21-Mar-2023,122.28,122.99,123.11,122.51, 122.80,122.88,123.05,95269,117.23,124, 82213, 86.30,0.8629564706252821,2023-03-21
ICICIB22, EQ, 21-Mar-2023,58.82,60.6,60.6,58.3, 58.62,58.67,58.85,185699,109.29,1727, 141907, 76.42,0.7641775130722298,2023-03-21
ICICIBANK, EQ, 21-Mar-2023,836.45,843.0,854.5,839.05, 851.75,852.4,846.11,18755854,158694.63,224691, 6640570, 35.41,0.3540531932057053,2023-03-21
ICICIBANKN, EQ, 21-Mar-2023,39.41,39.57,40.01,39.01, 39.87,39.95,39.81,432616,172.23,492, 396709, 91.70,0.9170002958744013,2023-03-21
ICICIBANKP, EQ, 21-Mar-2023,197.5,198.19,201.0,198.19, 199.22,199.91,199.68,10249,20.47,197, 4434, 43.26,0.43262757342179725,2023-03-21
ICICICOMMO, EQ, 21-Mar-2023,54.59,54.99,55.04,54.91, 55.04,54.99,55.0,982,0.54,18, 314, 31.98,0.319755600814664,2023-03-21
ICICICONSU, EQ, 21-Mar-2023,72.18,72.13,73.93,72.11, 72.25,72.25,72.36,1226,0.89,35, 875, 71.37,0.7137030995106036,2023-03-21
ICICIFIN, EQ, 21-Mar-2023,15.28,15.4,15.65,15.39, 15.58,15.64,15.56,78939,12.28,98, 77056, 97.61,0.9761461381573113,2023-03-21
ICICIFMCG, EQ, 21-Mar-2023,465.06,469.0,469.0,460.0, 460.11,460.55,461.9,3540,16.35,166, 2812, 79.44,0.7943502824858757,2023-03-21
ICICIGI, EQ, 21-Mar-2023,1079.1,1084.95,1093.95,1065.1, 1081.00,1083.15,1083.48,707945,7670.48,51660, 414637, 58.57,0.585690978818976,2023-03-21
ICICIGOLD, EQ, 21-Mar-2023,52.03,52.02,52.09,51.51, 51.79,51.83,51.84,657419,340.79,4601, 571982, 87.00,0.870041784615291,2023-03-21
ICICIINFRA, EQ, 21-Mar-2023,51.41,52.45,52.45,51.68, 51.75,51.76,51.83,3833,1.99,35, 2694, 70.28,0.7028437255413514,2023-03-21
ICICILIQ, EQ, 21-Mar-2023,999.99,999.99,1000.01,999.5, 1000.00,999.99,1000.0,166422,1664.22,452, 150590, 90.49,0.9048683467330041,2023-03-21
ICICILOVOL, EQ, 21-Mar-2023,138.76,142.9,142.9,138.0, 138.51,138.89,138.94,214537,298.07,495, 210278, 98.01,0.9801479465080616,2023-03-21
ICICIM150, EQ, 21-Mar-2023,114.68,114.68,115.45,114.41, 115.45,115.41,115.22,7492,8.63,409, 6360, 84.89,0.8489054991991457,2023-03-21
ICICIMCAP, EQ, 21-Mar-2023,91.24,92.24,92.49,91.27, 92.01,92.33,92.0,6813,6.27,222, 2868, 42.10,0.4209599295464553,2023-03-21
ICICIMOM30, EQ, 21-Mar-2023,18.19,18.25,18.39,18.23, 18.32,18.36,18.33,125937,23.08,54, 96833, 76.89,0.7689003231774617,2023-03-21
ICICINF100, EQ, 21-Mar-2023,183.19,183.2,185.75,183.1, 185.19,184.78,184.73,9048,16.71,449, 5125, 56.64,0.5664235190097259,2023-03-21
ICICINIFTY, EQ, 21-Mar-2023,185.37,190.95,190.95,185.48, 186.56,186.45,186.16,105880,197.11,4192, 68186, 64.40,0.6439931998488855,2023-03-21
ICICINV20, EQ, 21-Mar-2023,99.48,102.45,102.45,98.5, 98.75,98.93,99.09,36947,36.61,913, 23102, 62.53,0.625274041194143,2023-03-21
ICICINXT50, EQ, 21-Mar-2023,39.03,40.2,40.2,38.75, 38.95,38.96,38.95,29875,11.64,647, 15328, 51.31,0.513071129707113,2023-03-21
ICICIPHARM, EQ, 21-Mar-2023,75.23,75.23,75.4,74.58, 74.97,74.65,74.99,9765,7.32,213, 5406, 55.36,0.5536098310291858,2023-03-21
ICICIPRULI, EQ, 21-Mar-2023,405.6,405.55,424.0,404.75, 416.00,415.9,417.65,4312571,18011.35,75052, 1751269, 40.61,0.406084676634889,2023-03-21
ICICISENSX, EQ, 21-Mar-2023,635.79,639.99,641.62,635.09, 641.31,640.78,638.91,1138,7.27,103, 946, 83.13,0.8312829525483304,2023-03-21
ICICISILVE, EQ, 21-Mar-2023,69.89,69.89,70.1,69.46, 69.64,69.61,69.77,152272,106.25,884, 137135, 90.06,0.9005923610381422,2023-03-21
ICICITECH, EQ, 21-Mar-2023,29.5,29.96,29.96,29.2, 29.39,29.22,29.3,749851,219.67,2424, 584573, 77.96,0.7795855443281399,2023-03-21
ICIL, EQ, 21-Mar-2023,117.65,118.45,120.6,116.75, 117.00,117.65,118.76,120963,143.66,2810, 53607, 44.32,0.4431685722080306,2023-03-21
ICRA, EQ, 21-Mar-2023,4451.8,4569.25,4569.95,4440.0, 4460.00,4460.2,4461.36,1932,86.19,274, 1599, 82.76,0.827639751552795,2023-03-21
IDBI, EQ, 21-Mar-2023,45.25,45.9,47.8,45.65, 46.80,46.8,46.97,14120114,6632.68,24768, 4093677, 28.99,0.2899181267233395,2023-03-21
IDBIGOLD, EQ, 21-Mar-2023,5457.75,5457.8,5466.55,5377.05, 5382.45,5399.15,5412.69,244,13.21,108, 160, 65.57,0.6557377049180327,2023-03-21
IDEA, EQ, 21-Mar-2023,6.35,6.35,6.4,6.3, 6.35,6.3,6.34,50371395,3195.34,56562, 19027909, 37.78,0.37775227388481103,2023-03-21
IDFC, EQ, 21-Mar-2023,76.6,76.7,79.35,76.7, 79.05,79.15,78.49,6555861,5145.88,27254, 2414290, 36.83,0.3682643668009435,2023-03-21
IDFCFIRSTB, EQ, 21-Mar-2023,54.3,54.6,55.9,54.55, 55.75,55.7,55.27,20186435,11157.53,39330, 7095810, 35.15,0.3515137764543368,2023-03-21
IDFNIFTYET, EQ, 21-Mar-2023,181.28,182.0,182.69,182.0, 182.63,182.63,182.44,3,0.01,3, 1, 33.33,0.3333333333333333,2023-03-21
IEL, EQ, 21-Mar-2023,9.15,8.85,9.15,8.7, 8.80,8.75,8.76,476853,41.78,878, 254785, 53.43,0.5343051212847565,2023-03-21
IEX, EQ, 21-Mar-2023,150.45,150.5,151.95,149.45, 149.85,150.15,150.49,3161625,4758.04,29391, 1218315, 38.53,0.3853445617364488,2023-03-21
IFBAGRO, EQ, 21-Mar-2023,446.35,452.85,455.05,441.8, 448.00,446.95,447.99,2247,10.07,204, 1489, 66.27,0.6626613262127281,2023-03-21
IFBIND, EQ, 21-Mar-2023,809.25,810.45,815.0,786.1, 794.90,789.55,797.21,12278,97.88,1350, 7388, 60.17,0.6017266655807135,2023-03-21
IFCI, EQ, 21-Mar-2023,10.0,10.1,10.2,9.95, 10.05,10.0,10.05,2877745,289.24,2292, 1375105, 47.78,0.4778411568780417,2023-03-21
IFGLEXPOR, EQ, 21-Mar-2023,214.4,214.95,219.65,213.3, 217.40,216.55,216.74,6272,13.59,363, 4056, 64.67,0.6466836734693877,2023-03-21
IGARASHI, EQ, 21-Mar-2023,346.3,357.9,357.9,347.45, 350.00,349.3,350.35,65541,229.62,1541, 31245, 47.67,0.4767244930654094,2023-03-21
IGL, EQ, 21-Mar-2023,426.9,434.25,442.75,434.25, 440.00,440.5,439.25,3129978,13748.51,46095, 864011, 27.60,0.2760437932790582,2023-03-21
IGPL, EQ, 21-Mar-2023,425.35,429.9,429.9,422.1, 425.00,425.65,425.39,12791,54.41,715, 7693, 60.14,0.6014385114533657,2023-03-21
IIFL, EQ, 21-Mar-2023,425.15,427.3,432.35,417.0, 420.00,420.3,423.51,240981,1020.58,10458, 119732, 49.69,0.4968524489482573,2023-03-21
IIFLSEC, EQ, 21-Mar-2023,52.25,52.5,55.4,52.5, 54.60,54.4,54.32,377857,205.24,2675, 221726, 58.68,0.5867987095647295,2023-03-21
IITL, EQ, 21-Mar-2023,86.35,87.05,90.0,82.55, 89.00,89.55,86.29,11347,9.79,250, 7126, 62.80,0.6280074028377545,2023-03-21
IL&FSENGG, BZ, 21-Mar-2023,12.95,13.0,13.55,12.5, 13.35,13.35,13.44,23694,3.18,86, -, -,,2023-03-21
IL&FSTRANS, BZ, 21-Mar-2023,3.1,3.15,3.25,3.1, 3.25,3.25,3.21,41510,1.33,54, -, -,,2023-03-21
IMAGICAA, EQ, 21-Mar-2023,47.05,47.6,47.7,46.05, 46.05,46.3,46.89,707220,331.61,3923, 341101, 48.23,0.4823124346030938,2023-03-21
IMFA, EQ, 21-Mar-2023,303.15,305.55,316.0,301.8, 312.00,312.8,308.33,104003,320.67,3360, 70602, 67.88,0.6788458025249272,2023-03-21
IMPAL, EQ, 21-Mar-2023,702.95,702.95,710.0,702.0, 702.00,706.65,706.73,691,4.88,84, 320, 46.31,0.4630969609261939,2023-03-21
IMPEXFERRO, BE, 21-Mar-2023,2.35,2.4,2.4,2.25, 2.25,2.3,2.29,24104,0.55,76, -, -,,2023-03-21
INCREDIBLE, EQ, 21-Mar-2023,20.4,20.5,20.85,19.85, 20.20,20.05,20.12,4651,0.94,52, 3421, 73.55,0.7355407439260374,2023-03-21
INDBANK, EQ, 21-Mar-2023,22.3,22.5,22.8,22.1, 22.55,22.45,22.57,54785,12.37,530, 30969, 56.53,0.5652824678287852,2023-03-21
INDHOTEL, EQ, 21-Mar-2023,315.1,316.7,319.9,315.95, 317.80,317.85,317.48,1793808,5695.0,30229, 1149790, 64.10,0.6409771837342682,2023-03-21
INDIACEM, EQ, 21-Mar-2023,178.05,179.25,181.55,177.25, 180.40,180.25,180.15,3505772,6315.58,19709, 920206, 26.25,0.2624831278246275,2023-03-21
INDIAGLYCO, EQ, 21-Mar-2023,585.9,592.0,592.0,576.4, 588.50,586.65,584.39,37587,219.65,4351, 15189, 40.41,0.40410248224120043,2023-03-21
INDIAMART, EQ, 21-Mar-2023,4904.25,4909.95,5139.95,4900.5, 5096.00,5102.3,5078.31,327455,16629.18,43922, 104041, 31.77,0.31772609976943395,2023-03-21
INDIANB, EQ, 21-Mar-2023,266.05,268.0,275.35,268.0, 271.95,272.8,271.54,1231107,3342.9,17170, 296157, 24.06,0.2405615433914355,2023-03-21
INDIANCARD, EQ, 21-Mar-2023,208.1,208.15,219.45,208.05, 219.45,217.75,215.98,7643,16.51,510, 5374, 70.31,0.7031270443543112,2023-03-21
INDIANHUME, EQ, 21-Mar-2023,123.45,124.35,125.1,122.85, 123.75,123.35,123.61,21801,26.95,529, 15711, 72.07,0.7206550158249622,2023-03-21
INDIGO, EQ, 21-Mar-2023,1857.75,1884.95,1919.0,1865.65, 1873.00,1874.6,1883.08,408947,7700.81,30242, 111667, 27.31,0.27305983415943874,2023-03-21
INDIGOPNTS, EQ, 21-Mar-2023,1030.85,1036.0,1048.0,1030.05, 1040.00,1043.55,1040.46,37203,387.08,4906, 13616, 36.60,0.3659919898932882,2023-03-21
INDLMETER, BZ, 21-Mar-2023,3.7,3.75,3.85,3.55, 3.55,3.6,3.66,17368,0.64,31, -, -,,2023-03-21
INDNIPPON, EQ, 21-Mar-2023,340.3,342.8,344.2,337.0, 338.30,338.85,339.65,19522,66.31,585, 15739, 80.62,0.8062186251408667,2023-03-21
INDOAMIN, EQ, 21-Mar-2023,80.0,83.0,83.0,79.0, 79.25,79.15,80.08,56663,45.38,1324, 37761, 66.64,0.666413709122355,2023-03-21
INDOBORAX, EQ, 21-Mar-2023,108.85,108.9,112.55,108.9, 110.50,110.6,110.71,16122,17.85,405, 10956, 67.96,0.6795682917752139,2023-03-21
INDOCO, EQ, 21-Mar-2023,326.65,328.25,335.95,327.35, 331.00,330.1,332.02,126496,419.99,9447, 29474, 23.30,0.23300341512775108,2023-03-21
INDORAMA, EQ, 21-Mar-2023,41.3,40.75,42.9,40.55, 40.80,41.1,41.65,160931,67.02,926, 131900, 81.96,0.8196059180642635,2023-03-21
INDOSTAR, BE, 21-Mar-2023,123.15,122.35,123.0,120.05, 122.00,121.6,121.58,23392,28.44,169, -, -,,2023-03-21
INDOTECH, EQ, 21-Mar-2023,173.45,175.95,175.95,171.4, 171.60,173.2,173.01,3687,6.38,179, 2022, 54.84,0.548413344182262,2023-03-21
INDOTHAI, BE, 21-Mar-2023,265.4,275.15,275.15,260.05, 265.00,267.0,265.55,2795,7.42,103, -, -,,2023-03-21
INDOWIND, EQ, 21-Mar-2023,11.0,11.05,11.45,10.8, 11.05,11.05,11.03,77369,8.54,486, 60266, 77.89,0.7789424704985201,2023-03-21
INDRAMEDCO, BE, 21-Mar-2023,78.45,78.35,79.25,78.15, 78.90,78.55,78.56,19362,15.21,157, -, -,,2023-03-21
INDSWFTLAB, EQ, 21-Mar-2023,58.55,59.4,59.9,58.75, 59.00,58.8,59.09,25919,15.32,293, 24092, 92.95,0.9295111694124002,2023-03-21
INDSWFTLTD, EQ, 21-Mar-2023,7.0,7.0,7.55,7.0, 7.15,7.2,7.18,40894,2.94,190, 15730, 38.47,0.3846530053308554,2023-03-21
INDTERRAIN, EQ, 21-Mar-2023,46.15,46.5,47.2,45.25, 46.85,46.8,46.59,119863,55.84,848, 71566, 59.71,0.5970649825217123,2023-03-21
INDUSINDBK, EQ, 21-Mar-2023,1002.3,1007.35,1029.95,996.0, 1019.50,1022.85,1012.14,6200518,62758.22,119827, 2713072, 43.76,0.4375557009914333,2023-03-21
INDUSTOWER, EQ, 21-Mar-2023,152.3,152.9,154.2,151.25, 151.95,151.85,152.67,2708793,4135.61,15618, 1169122, 43.16,0.43160256246970513,2023-03-21
INFIBEAM, EQ, 21-Mar-2023,14.6,14.65,14.8,14.3, 14.35,14.45,14.49,4009526,580.82,4044, 1824351, 45.50,0.45500415759867874,2023-03-21
INFOBEAN, EQ, 21-Mar-2023,464.35,483.0,483.0,470.0, 476.00,472.7,477.24,9861,47.06,1056, 4862, 49.31,0.49305344285569414,2023-03-21
INFOMEDIA, EQ, 21-Mar-2023,4.7,4.85,4.85,4.55, 4.80,4.8,4.7,30325,1.42,68, 26082, 86.01,0.8600824402308327,2023-03-21
INFRABEES, EQ, 21-Mar-2023,525.62,525.01,530.9,525.01, 530.76,529.87,529.38,962,5.09,134, 558, 58.00,0.58004158004158,2023-03-21
INFY, EQ, 21-Mar-2023,1403.65,1399.0,1405.0,1390.0, 1392.00,1390.7,1394.66,8536755,119058.55,311684, 6571749, 76.98,0.7698181568991965,2023-03-21
INGERRAND, EQ, 21-Mar-2023,2424.8,2436.0,2436.0,2326.1, 2350.25,2353.3,2373.24,20824,494.2,3458, 6336, 30.43,0.30426431041106416,2023-03-21
INOXGREEN, EQ, 21-Mar-2023,41.45,41.7,42.85,41.55, 42.50,42.45,42.33,244493,103.48,2407, 125564, 51.36,0.5135688956330038,2023-03-21
INOXWIND, EQ, 21-Mar-2023,99.4,99.95,100.55,98.55, 99.95,99.5,99.25,239005,237.21,3074, 157930, 66.08,0.660781155205958,2023-03-21
INSECTICID, EQ, 21-Mar-2023,468.0,470.35,484.9,470.05, 480.00,476.65,474.99,13355,63.44,1133, 9627, 72.09,0.7208536128790715,2023-03-21
INSPIRISYS, EQ, 21-Mar-2023,43.0,45.15,46.9,42.6, 46.00,46.0,45.34,17602,7.98,245, 10809, 61.41,0.61407794568799,2023-03-21
INTELLECT, EQ, 21-Mar-2023,407.65,412.3,415.0,405.25, 409.30,409.8,410.67,282645,1160.75,10510, 70542, 24.96,0.2495780926604044,2023-03-21
INTENTECH, EQ, 21-Mar-2023,61.15,61.95,62.2,59.8, 59.95,60.0,60.55,39058,23.65,520, 31176, 79.82,0.7981975523580317,2023-03-21
INTLCONV, EQ, 21-Mar-2023,51.65,51.5,52.45,50.2, 50.70,50.75,50.95,132128,67.33,1613, 99022, 74.94,0.7494399370307581,2023-03-21
INVENTURE, EQ, 21-Mar-2023,1.85,1.85,1.9,1.85, 1.90,1.85,1.87,647298,12.09,608, 515106, 79.58,0.795778760323684,2023-03-21
IOB, EQ, 21-Mar-2023,22.85,23.0,23.35,22.75, 23.00,23.1,23.02,8752098,2015.01,7243, 1038935, 11.87,0.11870696603260156,2023-03-21
IOC, EQ, 21-Mar-2023,80.6,80.8,81.15,79.3, 79.65,79.55,79.79,9942587,7932.86,37957, 4227252, 42.52,0.4251662067427723,2023-03-21
IOLCP, EQ, 21-Mar-2023,285.7,287.7,287.7,280.1, 281.60,281.25,282.05,156771,442.18,8077, 75302, 48.03,0.48033118370106714,2023-03-21
IONEXCHANG, EQ, 21-Mar-2023,3137.65,3180.0,3356.95,3125.05, 3350.00,3322.25,3255.53,29255,952.4,6158, 13343, 45.61,0.4560929755597334,2023-03-21
IPCALAB, EQ, 21-Mar-2023,781.25,785.15,787.45,774.75, 777.70,779.9,782.55,152769,1195.5,11994, 79494, 52.04,0.5203542603538676,2023-03-21
IPL, EQ, 21-Mar-2023,203.55,206.6,207.65,204.05, 206.50,206.0,206.2,270017,556.77,3086, 236652, 87.64,0.8764337060259169,2023-03-21
IRB, EQ, 21-Mar-2023,25.45,25.6,26.1,25.0, 25.15,25.2,25.47,11436096,2913.13,13464, 5342662, 46.72,0.4671753367582783,2023-03-21
IRCON, EQ, 21-Mar-2023,53.6,53.75,54.65,52.5, 54.35,54.45,53.84,2291508,1233.74,7419, 701963, 30.63,0.3063323366097784,2023-03-21
IRCTC, EQ, 21-Mar-2023,604.45,604.25,608.8,602.15, 607.00,606.75,606.02,823110,4988.18,20501, 499550, 60.69,0.6069055168810973,2023-03-21
IRFC, EQ, 21-Mar-2023,26.7,26.9,26.95,26.75, 26.80,26.8,26.83,8231139,2208.07,14830, 2867231, 34.83,0.3483395189900207,2023-03-21
IRIS, EQ, 21-Mar-2023,73.95,73.95,74.4,73.05, 74.00,74.0,73.88,14411,10.65,220, 10868, 75.41,0.7541461383665256,2023-03-21
IRISDOREME, EQ, 21-Mar-2023,310.0,320.5,320.5,310.0, 310.00,311.8,313.34,19172,60.07,559, 7283, 37.99,0.379876903818068,2023-03-21
ISEC, EQ, 21-Mar-2023,436.4,440.0,440.6,432.0, 434.50,434.2,437.54,235703,1031.3,5868, 176811, 75.01,0.750143188673882,2023-03-21
ISFT, EQ, 21-Mar-2023,106.45,107.0,110.35,105.25, 108.15,107.6,107.99,11799,12.74,719, 7063, 59.86,0.5986100516992966,2023-03-21
ISGEC, EQ, 21-Mar-2023,443.4,447.75,462.0,445.2, 452.00,451.1,448.85,48882,219.41,3997, 28471, 58.24,0.5824434352113252,2023-03-21
ISMTLTD, EQ, 21-Mar-2023,76.95,77.9,78.3,75.65, 76.00,76.05,76.91,671224,516.26,4989, 215078, 32.04,0.32042656400843833,2023-03-21
ITBEES, EQ, 21-Mar-2023,29.53,30.4,30.4,29.25, 29.39,29.34,29.42,3684358,1083.96,15082, 2322582, 63.04,0.6303898806793476,2023-03-21
ITC, EQ, 21-Mar-2023,378.8,378.8,378.8,374.05, 377.00,376.95,376.2,11610832,43679.65,161927, 7748321, 66.73,0.6673355535589526,2023-03-21
ITDC, EQ, 21-Mar-2023,299.35,299.95,301.3,292.25, 295.50,295.0,296.37,13508,40.03,970, 8476, 62.75,0.6274800118448327,2023-03-21
ITDCEM, EQ, 21-Mar-2023,102.7,103.15,104.6,102.85, 103.85,103.25,103.51,226574,234.54,3244, 80414, 35.49,0.3549127437393523,2023-03-21
ITI, EQ, 21-Mar-2023,89.25,90.45,90.5,88.55, 88.85,88.7,89.1,77477,69.03,1627, 34130, 44.05,0.4405178310982614,2023-03-21
IVC, EQ, 21-Mar-2023,6.25,6.25,6.3,6.15, 6.30,6.3,6.23,241416,15.04,408, 174854, 72.43,0.7242850515293104,2023-03-21
IVP, EQ, 21-Mar-2023,113.7,116.9,117.75,113.45, 115.45,115.55,115.62,5387,6.23,364, 2897, 53.78,0.5377761277148692,2023-03-21
IVZINGOLD, EQ, 21-Mar-2023,5337.4,5317.4,5320.0,5233.0, 5259.00,5238.7,5264.38,19,1.0,16, 7, 36.84,0.3684210526315789,2023-03-21
IVZINNIFTY, EQ, 21-Mar-2023,1860.95,1899.9,1900.0,1890.0, 1897.00,1896.25,1897.06,20,0.38,12, 10, 50.00,0.5,2023-03-21
IWEL, EQ, 21-Mar-2023,1105.0,1107.85,1127.4,1086.05, 1090.00,1100.8,1112.04,542,6.03,115, 352, 64.94,0.6494464944649446,2023-03-21
IZMO, EQ, 21-Mar-2023,81.75,81.6,83.75,81.25, 83.45,82.7,82.36,40886,33.67,519, 29855, 73.02,0.7302010468130901,2023-03-21
J&KBANK, EQ, 21-Mar-2023,47.75,48.4,49.3,47.55, 48.80,48.95,48.33,3982451,1924.7,9789, 967362, 24.29,0.24290619018287984,2023-03-21
JAGRAN, EQ, 21-Mar-2023,74.35,75.45,75.45,72.6, 72.85,72.95,73.42,48489,35.6,1684, 29046, 59.90,0.5990224587019737,2023-03-21
JAGSNPHARM, EQ, 21-Mar-2023,293.7,301.5,301.5,291.5, 295.00,293.8,297.45,12693,37.76,1437, 6182, 48.70,0.4870401008429843,2023-03-21
JAIBALAJI, EQ, 21-Mar-2023,44.2,44.35,46.85,44.35, 45.40,45.35,45.63,46435,21.19,560, 21711, 46.76,0.46755679982771614,2023-03-21
JAICORPLTD, EQ, 21-Mar-2023,126.1,126.75,128.3,125.55, 127.80,127.4,127.11,733679,932.55,7181, 209256, 28.52,0.28521465109400707,2023-03-21
JAIPURKURT, EQ, 21-Mar-2023,82.5,83.25,85.0,81.95, 85.00,83.45,83.28,5499,4.58,335, 2051, 37.30,0.3729769048917985,2023-03-21
JAMNAAUTO, EQ, 21-Mar-2023,98.6,99.1,101.6,99.0, 101.30,101.25,100.58,283917,285.56,4527, 141882, 49.97,0.4997305550565834,2023-03-21
JASH, EQ, 21-Mar-2023,869.2,875.0,876.15,845.2, 869.00,860.25,853.16,14351,122.44,513, 12058, 84.02,0.8402201937147237,2023-03-21
JAYAGROGN, EQ, 21-Mar-2023,158.9,160.45,160.45,158.0, 158.05,158.4,158.85,21721,34.5,252, 19101, 87.94,0.8793794024216196,2023-03-21
JAYBARMARU, EQ, 21-Mar-2023,138.2,138.95,140.05,138.2, 138.35,138.6,138.79,5592,7.76,311, 2729, 48.80,0.48801859799713876,2023-03-21
JAYNECOIND, EQ, 21-Mar-2023,21.9,21.95,23.25,21.95, 22.00,22.05,22.39,167232,37.44,398, 102019, 61.00,0.6100447282816686,2023-03-21
JAYSREETEA, EQ, 21-Mar-2023,83.1,83.95,84.15,82.1, 82.10,82.65,82.99,8810,7.31,281, 6616, 75.10,0.7509648127128263,2023-03-21
JBCHEPHARM, EQ, 21-Mar-2023,1955.75,1955.75,1969.9,1943.0, 1955.00,1955.5,1959.12,7910,154.97,2970, 3485, 44.06,0.44058154235145386,2023-03-21
JBMA, EQ, 21-Mar-2023,610.3,615.0,625.65,606.75, 619.35,620.1,617.05,497473,3069.64,17618, 77067, 15.49,0.15491695026664765,2023-03-21
JCHAC, EQ, 21-Mar-2023,1113.7,1114.9,1127.65,1105.0, 1107.00,1109.85,1117.64,9235,103.21,2046, 4114, 44.55,0.44547915538711425,2023-03-21
JETAIRWAYS, BZ, 21-Mar-2023,63.0,63.0,64.75,63.0, 63.75,63.45,63.94,18425,11.78,303, -, -,,2023-03-21
JETFREIGHT, EQ, 21-Mar-2023,11.7,11.95,12.65,11.7, 12.40,12.15,12.19,933260,113.73,1457, 253702, 27.18,0.2718449306731243,2023-03-21
JHS, EQ, 21-Mar-2023,16.85,17.25,17.3,16.35, 16.70,16.65,16.77,31211,5.23,145, 27714, 88.80,0.8879561692992856,2023-03-21
JINDALPHOT, EQ, 21-Mar-2023,294.65,295.7,302.95,295.65, 299.65,298.5,299.59,2774,8.31,278, 1428, 51.48,0.5147801009372747,2023-03-21
JINDALPOLY, EQ, 21-Mar-2023,535.2,539.95,551.0,535.2, 547.10,548.0,542.72,79833,433.27,7958, 27664, 34.65,0.3465233675297183,2023-03-21
JINDALSAW, EQ, 21-Mar-2023,147.15,148.0,148.9,144.15, 146.60,146.7,146.84,2237498,3285.56,17348, 639390, 28.58,0.2857611492837089,2023-03-21
JINDALSTEL, EQ, 21-Mar-2023,558.55,562.55,564.7,552.25, 559.10,559.25,557.59,1948525,10864.78,33766, 481930, 24.73,0.24733067320152424,2023-03-21
JINDRILL, EQ, 21-Mar-2023,245.9,249.6,263.0,244.7, 256.25,258.45,251.07,69761,175.15,3948, 36997, 53.03,0.5303393013288227,2023-03-21
JINDWORLD, EQ, 21-Mar-2023,312.85,310.35,319.45,307.4, 318.00,317.8,315.55,100081,315.81,3127, 24247, 24.23,0.2422737582558128,2023-03-21
JISLDVREQS, EQ, 21-Mar-2023,15.95,16.1,18.95,15.3, 17.25,17.5,17.68,1446795,255.81,2789, 107054, 7.40,0.0739938968547721,2023-03-21
JISLJALEQS, EQ, 21-Mar-2023,31.3,31.45,33.6,30.7, 32.90,32.75,32.27,6981406,2252.9,10038, 3463649, 49.61,0.4961248493498301,2023-03-21
JITFINFRA, BE, 21-Mar-2023,89.05,89.8,90.0,88.3, 88.60,88.7,89.17,7174,6.4,91, -, -,,2023-03-21
JKCEMENT, EQ, 21-Mar-2023,2780.25,2780.0,2856.95,2780.0, 2819.70,2807.05,2813.7,110456,3107.9,14884, 49163, 44.51,0.44509125805750704,2023-03-21
JKIL, EQ, 21-Mar-2023,239.35,245.0,249.6,242.0, 248.65,247.85,245.93,151742,373.19,5732, 23068, 15.20,0.15202119386854002,2023-03-21
JKLAKSHMI, EQ, 21-Mar-2023,693.05,695.35,722.7,685.8, 716.00,717.25,697.23,820748,5722.49,13273, 602826, 73.45,0.7344836661191986,2023-03-21
JKPAPER, EQ, 21-Mar-2023,383.9,384.9,390.0,381.0, 382.60,382.2,384.8,422105,1624.27,13216, 166326, 39.40,0.39403939778017316,2023-03-21
JKTYRE, EQ, 21-Mar-2023,144.2,144.95,145.3,143.5, 143.90,144.3,144.4,413094,596.49,5936, 148323, 35.91,0.35905387151592616,2023-03-21
JMA, EQ, 21-Mar-2023,61.95,62.1,63.1,62.1, 62.95,62.25,62.38,2459,1.53,62, 1613, 65.60,0.6559577063847092,2023-03-21
JMFINANCIL, EQ, 21-Mar-2023,59.2,59.9,60.3,58.9, 60.05,60.05,59.75,427004,255.12,3049, 255930, 59.94,0.5993620668658841,2023-03-21
JOCIL, EQ, 21-Mar-2023,156.85,159.9,159.9,153.85, 154.10,154.6,155.34,3238,5.03,189, 1786, 55.16,0.551575046324892,2023-03-21
JPASSOCIAT, EQ, 21-Mar-2023,7.9,7.95,8.05,7.8, 7.85,7.85,7.93,3655849,289.77,1889, 2520460, 68.94,0.6894321948198626,2023-03-21
JPOLYINVST, EQ, 21-Mar-2023,468.85,486.45,486.45,452.1, 463.95,461.05,468.15,4123,19.3,292, 2235, 54.21,0.542081008974048,2023-03-21
JPPOWER, EQ, 21-Mar-2023,5.85,5.9,5.95,5.8, 5.90,5.9,5.89,12045959,709.13,13960, 5029931, 41.76,0.4175616901900463,2023-03-21
JSL, EQ, 21-Mar-2023,286.9,288.35,292.95,286.8, 290.00,291.05,290.49,499640,1451.39,15092, 303810, 60.81,0.6080578016171644,2023-03-21
JSWENERGY, EQ, 21-Mar-2023,246.0,248.5,255.55,247.3, 250.30,252.05,250.84,1456100,3652.54,18262, 504332, 34.64,0.3463580798022114,2023-03-21
JSWHL, EQ, 21-Mar-2023,3809.15,3807.15,3861.15,3807.15, 3810.00,3817.3,3837.72,161,6.18,83, 86, 53.42,0.5341614906832298,2023-03-21
JSWISPL, EQ, 21-Mar-2023,30.1,29.65,30.2,29.65, 29.80,30.0,29.98,436715,130.93,775, 290746, 66.58,0.6657568437081391,2023-03-21
JSWSTEEL, EQ, 21-Mar-2023,668.15,671.5,671.5,662.0, 666.20,665.75,665.38,1133592,7542.74,24499, 269920, 23.81,0.23811036069414745,2023-03-21
JTEKTINDIA, EQ, 21-Mar-2023,103.15,103.1,103.55,100.5, 101.65,101.15,101.91,102025,103.98,2415, 53668, 52.60,0.5260279343298211,2023-03-21
JTLIND, EQ, 21-Mar-2023,310.2,311.8,313.4,309.4, 313.40,312.15,311.86,29550,92.15,1127, 17594, 59.54,0.5953976311336717,2023-03-21
JUBLFOOD, EQ, 21-Mar-2023,435.05,436.0,448.0,435.05, 445.50,445.2,443.58,2723429,12080.63,41506, 1266514, 46.50,0.4650438840153351,2023-03-21
JUBLINDS, EQ, 21-Mar-2023,389.4,389.4,394.2,388.05, 390.00,390.7,390.48,2829,11.05,383, 1439, 50.87,0.5086603039943443,2023-03-21
JUBLINGREA, EQ, 21-Mar-2023,396.4,398.4,405.9,396.4, 402.30,402.2,402.22,386867,1556.06,21580, 219300, 56.69,0.5668614795265556,2023-03-21
JUBLPHARMA, EQ, 21-Mar-2023,301.2,302.6,306.0,292.5, 292.90,295.8,299.92,157881,473.52,5198, 57416, 36.37,0.3636663056352569,2023-03-21
JUNIORBEES, EQ, 21-Mar-2023,398.09,410.05,410.05,397.71, 400.00,399.5,399.42,65093,260.0,4300, 39468, 60.63,0.6063324781466517,2023-03-21
JUSTDIAL, EQ, 21-Mar-2023,598.45,604.0,607.9,598.45, 600.10,600.15,601.05,172264,1035.39,7867, 80380, 46.66,0.466609390238239,2023-03-21
JWL, EQ, 21-Mar-2023,95.2,95.8,97.3,94.05, 94.40,94.5,95.35,78843,75.18,1190, 48494, 61.51,0.6150704564767957,2023-03-21
JYOTHYLAB, EQ, 21-Mar-2023,183.8,183.9,189.9,183.6, 187.00,187.35,187.11,261625,489.52,8725, 107399, 41.05,0.41050740563784044,2023-03-21
JYOTISTRUC, BZ, 21-Mar-2023,6.8,6.75,6.9,6.5, 6.50,6.5,6.72,1168877,78.58,522, -, -,,2023-03-21
KABRAEXTRU, EQ, 21-Mar-2023,490.5,494.9,514.2,493.6, 507.00,508.5,505.18,140387,709.21,11612, 34431, 24.53,0.24525775178613404,2023-03-21
KAJARIACER, EQ, 21-Mar-2023,1050.0,1050.45,1067.3,1041.95, 1053.70,1054.45,1049.82,94344,990.45,7642, 66051, 70.01,0.7001081149834648,2023-03-21
KAKATCEM, EQ, 21-Mar-2023,185.75,188.25,190.0,186.0, 188.05,188.0,187.1,6056,11.33,215, 4750, 78.43,0.7843461030383091,2023-03-21
KALPATPOWR, EQ, 21-Mar-2023,558.2,562.0,573.45,548.15, 561.70,564.3,566.62,180330,1021.79,10420, 71571, 39.69,0.3968890367659291,2023-03-21
KALYANIFRG, BE, 21-Mar-2023,227.0,227.05,227.05,218.15, 218.20,220.0,221.46,1012,2.24,48, -, -,,2023-03-21
KALYANKJIL, EQ, 21-Mar-2023,118.5,119.45,119.45,117.0, 118.00,117.55,117.97,1935891,2283.68,13706, 682446, 35.25,0.352522946798141,2023-03-21
KAMATHOTEL, EQ, 21-Mar-2023,127.2,128.4,128.5,122.25, 126.50,125.35,125.5,55182,69.25,979, 30380, 55.05,0.5505418433547171,2023-03-21
KAMDHENU, EQ, 21-Mar-2023,317.65,319.1,319.1,301.8, 304.10,307.8,307.53,73317,225.47,3234, 37678, 51.39,0.5139053698323718,2023-03-21
KAMOPAINTS, EQ, 21-Mar-2023,195.05,197.9,204.05,192.0, 199.80,199.05,199.78,880322,1758.73,14292, 178764, 20.31,0.20306660517401587,2023-03-21
KANANIIND, EQ, 21-Mar-2023,6.65,6.75,6.85,6.5, 6.65,6.6,6.65,49463,3.29,350, 34747, 70.25,0.7024846855225118,2023-03-21
KANORICHEM, EQ, 21-Mar-2023,111.85,112.75,113.55,109.75, 111.00,111.6,111.56,23642,26.37,332, 19786, 83.69,0.8369004314355808,2023-03-21
KANPRPLA, EQ, 21-Mar-2023,80.15,81.3,81.75,79.0, 79.10,79.55,80.1,5924,4.75,283, 3033, 51.20,0.511985145172181,2023-03-21
KANSAINER, EQ, 21-Mar-2023,395.45,395.0,395.0,385.1, 386.50,387.5,389.91,62799,244.86,3004, 36067, 57.43,0.5743244319177057,2023-03-21
KAPSTON, EQ, 21-Mar-2023,137.4,136.1,138.0,130.6, 132.00,132.0,134.27,3007,4.04,153, 1890, 62.85,0.6285334220152976,2023-03-21
KARMAENG, BE, 21-Mar-2023,30.05,30.05,30.1,28.6, 28.80,28.9,29.25,7113,2.08,45, -, -,,2023-03-21
KARURVYSYA, EQ, 21-Mar-2023,97.6,98.75,100.35,96.6, 97.40,97.4,98.16,1768830,1736.27,10241, 859758, 48.61,0.48606027713234173,2023-03-21
KAUSHALYA, EQ, 21-Mar-2023,3.95,4.0,4.2,3.85, 4.05,3.95,3.99,25980,1.04,214, 19636, 75.58,0.7558121632024635,2023-03-21
KAVVERITEL, EQ, 21-Mar-2023,5.9,6.15,6.15,5.7, 5.80,5.75,5.77,23006,1.33,128, 21940, 95.37,0.9536642614970008,2023-03-21
KAYA, EQ, 21-Mar-2023,264.1,265.8,269.5,263.15, 267.50,266.55,266.49,6560,17.48,820, 2583, 39.38,0.39375,2023-03-21
KAYNES, EQ, 21-Mar-2023,941.9,946.65,973.0,946.05, 961.50,960.4,959.05,342737,3287.0,11761, 255043, 74.41,0.7441361743844406,2023-03-21
KBCGLOBAL, BE, 21-Mar-2023,2.6,2.65,2.65,2.5, 2.50,2.5,2.52,3173894,79.95,1078, -, -,,2023-03-21
KCP, EQ, 21-Mar-2023,94.4,95.25,96.4,94.9, 95.85,95.85,95.59,117215,112.04,860, 92513, 78.93,0.7892590538753572,2023-03-21
KCPSUGIND, EQ, 21-Mar-2023,23.8,24.15,24.4,23.65, 23.80,23.8,23.97,195293,46.81,903, 77757, 39.82,0.3981555918542907,2023-03-21
KDDL, EQ, 21-Mar-2023,1042.45,1042.45,1060.0,1034.5, 1040.00,1038.05,1045.07,12371,129.29,2966, 6825, 55.17,0.5516934766793307,2023-03-21
KEC, EQ, 21-Mar-2023,465.7,468.05,472.4,455.7, 457.80,459.5,463.67,162453,753.24,6490, 71599, 44.07,0.44073670538555765,2023-03-21
KECL, EQ, 21-Mar-2023,70.55,70.55,72.2,69.05, 69.60,70.5,71.06,144175,102.46,1341, 91126, 63.21,0.6320513265129183,2023-03-21
KEEPLEARN, BE, 21-Mar-2023,2.75,2.85,2.85,2.75, 2.75,2.8,2.76,3952,0.11,33, -, -,,2023-03-21
KEI, EQ, 21-Mar-2023,1596.35,1596.35,1629.7,1591.25, 1611.00,1614.9,1611.21,78279,1261.24,9050, 39360, 50.28,0.5028168474303453,2023-03-21
KELLTONTEC, EQ, 21-Mar-2023,50.25,50.5,50.65,49.45, 49.65,49.85,50.04,71424,35.74,867, 58811, 82.34,0.8234066980286738,2023-03-21
KENNAMET, EQ, 21-Mar-2023,2119.45,2135.0,2139.0,2102.75, 2106.00,2126.85,2118.25,3248,68.8,921, 2139, 65.86,0.6585591133004927,2023-03-21
KERNEX, BE, 21-Mar-2023,274.4,266.15,270.0,260.7, 270.00,268.05,263.55,20286,53.46,255, -, -,,2023-03-21
KESORAMIND, EQ, 21-Mar-2023,57.5,57.55,58.0,56.9, 57.20,57.1,57.31,260895,149.52,4354, 162774, 62.39,0.623906169148508,2023-03-21
KEYFINSERV, EQ, 21-Mar-2023,88.7,95.0,95.0,89.0, 91.00,91.05,91.1,850,0.77,68, 75, 8.82,0.08823529411764706,2023-03-21
KFINTECH, EQ, 21-Mar-2023,272.85,275.0,302.25,273.5, 284.45,291.95,286.64,173192,496.45,10103, 81845, 47.26,0.47256801699847567,2023-03-21
KHADIM, EQ, 21-Mar-2023,179.9,179.9,211.95,179.9, 203.30,206.7,196.1,416443,816.64,7227, 208232, 50.00,0.5000252135346254,2023-03-21
KHAICHEM, EQ, 21-Mar-2023,62.0,62.1,63.5,62.1, 62.30,62.5,62.72,64466,40.43,1020, 36457, 56.55,0.5655229113020818,2023-03-21
KHAITANLTD, EQ, 21-Mar-2023,43.9,43.95,44.0,42.05, 42.05,42.8,42.99,1769,0.76,48, 1257, 71.06,0.7105709440361786,2023-03-21
KHANDSE, EQ, 21-Mar-2023,28.05,28.35,28.55,26.85, 27.60,26.95,27.09,3636,0.98,37, 3177, 87.38,0.8737623762376238,2023-03-21
KICL, EQ, 21-Mar-2023,1737.85,1745.05,1765.0,1736.05, 1765.00,1763.1,1751.74,689,12.07,295, 367, 53.27,0.532656023222061,2023-03-21
KILITCH, EQ, 21-Mar-2023,142.75,140.05,149.9,139.15, 143.00,143.55,146.15,14355,20.98,716, 7497, 52.23,0.522257053291536,2023-03-21
KIMS, EQ, 21-Mar-2023,1350.0,1350.0,1353.3,1326.0, 1334.00,1331.5,1336.41,9952,133.0,1577, 5878, 59.06,0.5906350482315113,2023-03-21
KINGFA, EQ, 21-Mar-2023,1309.95,1325.0,1351.75,1300.0, 1340.00,1327.05,1326.21,4510,59.81,857, 2531, 56.12,0.5611973392461197,2023-03-21
KIOCL, EQ, 21-Mar-2023,176.8,177.85,181.5,177.4, 178.10,178.25,178.92,20220,36.18,769, 13228, 65.42,0.6542037586547972,2023-03-21
KIRIINDUS, EQ, 21-Mar-2023,288.85,290.5,298.35,289.5, 292.65,291.7,293.91,108039,317.54,2867, 48689, 45.07,0.45066133525856406,2023-03-21
KIRLFER, EQ, 21-Mar-2023,443.65,447.0,449.0,430.0, 437.15,439.0,439.91,193612,851.73,8029, 40859, 21.10,0.2110354730078714,2023-03-21
KIRLOSBROS, EQ, 21-Mar-2023,372.6,378.2,396.4,373.1, 391.00,392.95,386.87,133526,516.57,5653, 64903, 48.61,0.4860701286640804,2023-03-21
KIRLOSENG, EQ, 21-Mar-2023,379.7,385.0,385.0,372.05, 382.75,380.3,378.81,347227,1315.33,10076, 234979, 67.67,0.6767302081923353,2023-03-21
KIRLOSIND, EQ, 21-Mar-2023,2391.45,2400.0,2449.0,2385.9, 2445.00,2432.3,2416.53,14588,352.52,2170, 6502, 44.57,0.445708801754867,2023-03-21
KITEX, EQ, 21-Mar-2023,147.95,149.0,150.0,146.25, 146.75,147.75,147.67,44052,65.05,1259, 24956, 56.65,0.5665123036411513,2023-03-21
KKCL, EQ, 21-Mar-2023,396.1,399.8,412.0,398.5, 410.00,404.4,403.22,113597,458.04,1888, 102203, 89.97,0.8996980554063928,2023-03-21
KMSUGAR, EQ, 21-Mar-2023,24.95,25.25,25.45,24.85, 24.95,25.0,25.13,165924,41.7,687, 76512, 46.11,0.46112678093585013,2023-03-21
KNRCON, EQ, 21-Mar-2023,254.7,256.35,259.6,253.1, 254.50,254.3,255.21,85755,218.86,3079, 50060, 58.38,0.5837560492099586,2023-03-21
KOHINOOR, EQ, 21-Mar-2023,47.2,47.5,48.4,44.85, 44.85,44.85,45.9,174889,80.27,1322, 154926, 88.59,0.8858533126726095,2023-03-21
KOKUYOCMLN, EQ, 21-Mar-2023,72.05,72.6,72.6,70.2, 71.85,71.45,71.13,53456,38.02,752, 37242, 69.67,0.6966851242143071,2023-03-21
KOLTEPATIL, EQ, 21-Mar-2023,249.15,250.4,259.6,249.2, 250.00,250.55,254.89,319345,813.99,11122, 55793, 17.47,0.17471073603782744,2023-03-21
KOPRAN, EQ, 21-Mar-2023,104.05,105.5,112.55,104.7, 108.70,108.1,107.7,523656,563.98,5532, 297354, 56.78,0.5678422475823823,2023-03-21
KOTAKALPHA, EQ, 21-Mar-2023,24.86,24.96,25.27,24.57, 24.90,24.85,24.85,73585,18.29,433, 46101, 62.65,0.6264999660256846,2023-03-21
KOTAKBANK, EQ, 21-Mar-2023,1699.65,1707.55,1711.95,1692.0, 1710.00,1706.85,1702.58,1805180,30734.57,91511, 717106, 39.72,0.39724902779778193,2023-03-21
KOTAKBKETF, EQ, 21-Mar-2023,399.11,399.43,405.33,399.22, 403.50,403.59,402.09,124439,500.36,1565, 119316, 95.88,0.9588312345807987,2023-03-21
KOTAKCONS, EQ, 21-Mar-2023,71.2,70.57,72.0,69.42, 70.94,71.19,71.49,69,0.05,18, 43, 62.32,0.6231884057971014,2023-03-21
KOTAKGOLD, EQ, 21-Mar-2023,51.07,51.08,51.09,50.38, 50.55,50.56,50.73,261160,132.49,1067, 131642, 50.41,0.504066472660438,2023-03-21
KOTAKIT, EQ, 21-Mar-2023,29.53,29.41,30.1,29.15, 29.35,29.3,29.29,230878,67.63,1266, 202457, 87.69,0.8769003542996734,2023-03-21
KOTAKLOVOL, EQ, 21-Mar-2023,12.98,12.98,15.72,12.66, 15.72,13.16,13.11,9560,1.25,67, 1702, 17.80,0.17803347280334728,2023-03-21
KOTAKMID50, EQ, 21-Mar-2023,85.01,85.01,85.01,84.52, 84.52,84.55,84.78,2241,1.9,50, 1398, 62.38,0.6238286479250335,2023-03-21
KOTAKMNC, EQ, 21-Mar-2023,18.86,19.0,19.09,18.9, 18.90,18.92,18.97,5476,1.04,38, 2556, 46.68,0.46676406135865595,2023-03-21
KOTAKNIFTY, EQ, 21-Mar-2023,181.56,182.0,182.65,181.56, 182.60,182.58,182.34,20888,38.09,478, 17125, 81.98,0.8198487169666794,2023-03-21
KOTAKNV20, EQ, 21-Mar-2023,102.43,103.6,103.6,100.8, 101.05,101.05,101.21,11680,11.82,189, 9587, 82.08,0.820804794520548,2023-03-21
KOTAKPSUBK, EQ, 21-Mar-2023,356.8,361.95,366.9,359.06, 365.40,365.79,363.48,10461,38.02,423, 6751, 64.53,0.6453493929834624,2023-03-21
KOTAKSILVE, EQ, 21-Mar-2023,68.42,68.49,68.49,66.81, 67.50,67.49,68.1,5023,3.42,20, 3967, 78.98,0.7897670714712324,2023-03-21
KOTARISUG, EQ, 21-Mar-2023,36.65,36.85,37.1,36.4, 36.75,36.6,36.71,68532,25.16,749, 37362, 54.52,0.5451759761863071,2023-03-21
KOTHARIPET, EQ, 21-Mar-2023,64.2,63.6,65.15,62.7, 63.15,63.55,63.75,21898,13.96,460, 14632, 66.82,0.6681888756964106,2023-03-21
KOTHARIPRO, EQ, 21-Mar-2023,119.55,121.95,122.0,115.5, 115.50,118.2,118.56,4547,5.39,115, 3930, 86.43,0.8643061359137894,2023-03-21
KOVAI, EQ, 21-Mar-2023,1880.1,1880.15,1882.55,1830.0, 1830.00,1844.5,1852.52,1935,35.85,601, 999, 51.63,0.5162790697674419,2023-03-21
KPIGREEN, EQ, 21-Mar-2023,431.7,431.7,436.65,428.9, 436.00,434.25,433.25,79298,343.56,4443, 42246, 53.27,0.532749880198744,2023-03-21
KPITTECH, EQ, 21-Mar-2023,889.6,899.0,904.7,873.85, 875.90,877.4,883.97,2081037,18395.82,48101, 336230, 16.16,0.16156848724938577,2023-03-21
KPRMILL, EQ, 21-Mar-2023,583.65,586.7,595.0,581.65, 591.95,590.1,586.92,208055,1221.12,8306, 130884, 62.91,0.6290836557641009,2023-03-21
KRBL, EQ, 21-Mar-2023,361.15,363.0,363.2,355.5, 356.00,356.85,358.38,108091,387.37,3036, 54084, 50.04,0.5003561813657011,2023-03-21
KREBSBIO, EQ, 21-Mar-2023,63.3,64.0,65.1,63.5, 64.00,64.5,64.67,20647,13.35,313, 15359, 74.39,0.7438853102145591,2023-03-21
KRIDHANINF, EQ, 21-Mar-2023,2.2,2.35,2.35,2.15, 2.30,2.3,2.28,114776,2.61,160, 75673, 65.93,0.6593103087753537,2023-03-21
KRISHANA, EQ, 21-Mar-2023,473.25,473.25,488.25,472.25, 487.40,487.1,483.58,11586,56.03,662, 8525, 73.58,0.7358018297945796,2023-03-21
KRITI, EQ, 21-Mar-2023,102.8,101.75,105.0,101.75, 104.55,103.55,102.87,13288,13.67,587, 8165, 61.45,0.6144641782059,2023-03-21
KRITIKA, EQ, 21-Mar-2023,8.05,7.95,8.4,7.95, 8.05,8.05,8.09,46604,3.77,297, 38344, 82.28,0.8227619946785684,2023-03-21
KRITINUT, EQ, 21-Mar-2023,43.8,43.9,44.0,43.0, 43.95,43.6,43.48,16865,7.33,235, 11442, 67.84,0.6784464868069967,2023-03-21
KRSNAA, EQ, 21-Mar-2023,397.9,403.85,416.0,400.0, 409.50,408.75,410.33,237060,972.73,7092, 118483, 49.98,0.49980173795663546,2023-03-21
KSB, EQ, 21-Mar-2023,2053.0,2069.0,2096.95,2043.1, 2077.00,2073.45,2061.6,52758,1087.66,5311, 35020, 66.38,0.663785587019978,2023-03-21
KSCL, EQ, 21-Mar-2023,514.7,519.95,520.2,512.55, 518.00,516.4,515.63,49029,252.81,3282, 15189, 30.98,0.30979624303983355,2023-03-21
KSHITIJPOL, EQ, 21-Mar-2023,23.4,22.25,22.25,22.25, 22.25,22.25,22.25,31837,7.08,419, 31837, 100.00,1.0,2023-03-21
KSL, EQ, 21-Mar-2023,307.6,308.95,314.0,307.1, 311.25,311.1,309.57,12681,39.26,902, 5574, 43.96,0.43955524012301866,2023-03-21
KSOLVES, EQ, 21-Mar-2023,446.9,449.25,466.35,433.15, 448.00,451.4,453.43,39514,179.17,2769, 12256, 31.02,0.3101685478564559,2023-03-21
KTKBANK, EQ, 21-Mar-2023,134.45,135.5,138.8,133.1, 136.20,136.75,136.06,1350139,1837.06,11513, 649338, 48.09,0.48094159193979286,2023-03-21
KUANTUM, EQ, 21-Mar-2023,118.6,119.0,120.85,117.65, 120.50,119.55,119.15,35886,42.76,370, 27089, 75.49,0.7548626205205372,2023-03-21
L&TFH, EQ, 21-Mar-2023,84.3,85.35,85.75,84.1, 85.60,85.35,84.9,2367654,2010.16,11197, 509238, 21.51,0.21508125764997757,2023-03-21
LAGNAM, EQ, 21-Mar-2023,53.25,55.2,55.2,52.5, 52.60,52.8,53.83,20732,11.16,534, 5423, 26.16,0.2615763071580166,2023-03-21
LAKPRE, BZ, 21-Mar-2023,4.45,4.45,4.45,4.25, 4.25,4.25,4.44,1372,0.06,9, -, -,,2023-03-21
LALPATHLAB, EQ, 21-Mar-2023,1789.7,1798.65,1810.25,1773.1, 1781.95,1779.85,1787.22,156082,2789.53,15330, 71703, 45.94,0.4593931395035943,2023-03-21
LAMBODHARA, EQ, 21-Mar-2023,155.75,157.0,158.9,152.65, 154.00,154.9,155.78,37582,58.55,1067, 16977, 45.17,0.4517322122292587,2023-03-21
LANCER, EQ, 21-Mar-2023,153.2,156.15,156.15,150.4, 151.35,151.25,151.86,40652,61.74,1540, 23900, 58.79,0.5879169536554167,2023-03-21
LANDMARK, EQ, 21-Mar-2023,489.1,500.0,500.0,482.1, 490.05,491.75,487.11,173015,842.78,5959, 131383, 75.94,0.7593734647284918,2023-03-21
LAOPALA, EQ, 21-Mar-2023,335.3,337.0,341.45,333.2, 335.10,336.9,338.62,37482,126.92,2524, 19630, 52.37,0.5237180513313057,2023-03-21
LASA, EQ, 21-Mar-2023,22.25,22.95,23.0,21.65, 21.75,21.8,22.05,42945,9.47,473, 23403, 54.50,0.5449528466643381,2023-03-21
LATENTVIEW, EQ, 21-Mar-2023,347.05,347.5,356.75,343.85, 355.25,355.35,353.82,665097,2353.25,16510, 346759, 52.14,0.5213660563797461,2023-03-21
LAURUSLABS, EQ, 21-Mar-2023,302.5,299.0,306.5,298.85, 305.55,305.35,304.69,1082230,3297.48,13519, 585017, 54.06,0.5405662382303207,2023-03-21
LAXMICOT, EQ, 21-Mar-2023,18.6,18.65,19.3,18.5, 18.55,18.55,18.6,13493,2.51,123, 8906, 66.00,0.6600459497517231,2023-03-21
LAXMIMACH, EQ, 21-Mar-2023,10158.05,10130.0,10350.0,10010.0, 10350.00,10325.7,10222.91,4930,503.99,1377, 2776, 56.31,0.5630831643002029,2023-03-21
LCCINFOTEC, EQ, 21-Mar-2023,1.6,1.6,1.7,1.6, 1.60,1.65,1.63,41580,0.68,86, 40251, 96.80,0.968037518037518,2023-03-21
LEMONTREE, EQ, 21-Mar-2023,76.75,77.15,77.25,76.05, 76.30,76.3,76.69,1014945,778.36,8037, 447685, 44.11,0.44109286710117296,2023-03-21
LEXUS, EQ, 21-Mar-2023,73.35,75.65,75.65,66.05, 68.00,67.1,68.66,15967,10.96,247, 11022, 69.03,0.6902987411536293,2023-03-21
LFIC, EQ, 21-Mar-2023,102.1,102.0,104.6,101.5, 104.60,102.95,103.27,317,0.33,35, 229, 72.24,0.722397476340694,2023-03-21
LGBBROSLTD, EQ, 21-Mar-2023,758.85,758.0,762.5,744.6, 754.95,753.6,753.81,65211,491.57,7378, 34276, 52.56,0.5256168437840242,2023-03-21
LGBFORGE, EQ, 21-Mar-2023,8.85,8.85,9.1,8.7, 8.80,8.8,8.82,49855,4.4,184, 43621, 87.50,0.8749573763915355,2023-03-21
LIBAS, EQ, 21-Mar-2023,11.4,11.85,11.95,11.55, 11.90,11.85,11.76,253930,29.86,419, 210347, 82.84,0.8283660851415745,2023-03-21
LIBERTSHOE, EQ, 21-Mar-2023,202.0,203.05,210.0,199.35, 208.00,207.9,204.68,55131,112.84,1460, 24762, 44.91,0.4491483920117538,2023-03-21
LICHSGFIN, EQ, 21-Mar-2023,344.8,346.55,347.8,341.0, 343.55,343.5,343.56,1604798,5513.46,19866, 705411, 43.96,0.4395637332549019,2023-03-21
LICI, EQ, 21-Mar-2023,574.9,577.8,578.75,571.55, 572.85,572.55,575.19,779267,4482.29,23806, 432656, 55.52,0.5552089335234265,2023-03-21
LICNETFGSC, EQ, 21-Mar-2023,22.95,22.51,23.07,22.51, 22.88,22.88,22.9,2638,0.6,42, 1365, 51.74,0.5174374526156179,2023-03-21
LICNETFN50, EQ, 21-Mar-2023,182.71,183.31,184.84,183.31, 184.50,184.62,184.14,249,0.46,22, 235, 94.38,0.9437751004016064,2023-03-21
LICNETFSEN, EQ, 21-Mar-2023,623.92,624.01,629.0,624.01, 628.51,628.51,627.25,137,0.86,9, 97, 70.80,0.708029197080292,2023-03-21
LICNFNHGP, EQ, 21-Mar-2023,178.36,178.2,180.5,178.05, 180.50,180.27,179.44,1060,1.9,30, 1034, 97.55,0.9754716981132076,2023-03-21
LIKHITHA, EQ, 21-Mar-2023,227.4,227.05,230.0,226.9, 227.50,228.3,228.24,77818,177.61,3058, 36158, 46.46,0.4646482818885091,2023-03-21
LINC, EQ, 21-Mar-2023,530.1,530.35,530.35,508.1, 510.90,510.8,515.31,24699,127.28,1383, 16119, 65.26,0.6526175148791449,2023-03-21
LINCOLN, EQ, 21-Mar-2023,341.05,346.15,349.3,341.1, 348.85,348.25,345.48,39770,137.4,3842, 16642, 41.85,0.41845612270555693,2023-03-21
LINDEINDIA, EQ, 21-Mar-2023,3750.55,3751.1,3848.0,3751.1, 3835.00,3822.7,3812.75,38145,1454.37,6597, 14143, 37.08,0.37076943242888977,2023-03-21
LIQUIDBEES, EQ, 21-Mar-2023,1000.0,1000.01,1000.01,998.15, 1000.01,999.99,1000.0,1340650,13406.51,6130, 859737, 64.13,0.6412837056651625,2023-03-21
LIQUIDETF, EQ, 21-Mar-2023,999.99,1000.0,1000.01,999.99, 1000.00,1000.0,1000.0,73589,735.89,117, 50443, 68.55,0.6854692956827787,2023-03-21
LODHA, EQ, 21-Mar-2023,862.2,868.0,868.45,846.0, 853.00,851.9,858.01,152063,1304.72,8161, 39110, 25.72,0.25719603059258334,2023-03-21
LOKESHMACH, EQ, 21-Mar-2023,115.35,117.0,118.9,111.35, 114.70,114.9,115.02,133740,153.82,1782, 90842, 67.92,0.6792433079108718,2023-03-21
LOTUSEYE, EQ, 21-Mar-2023,60.35,60.0,63.3,58.3, 60.10,60.25,60.75,2494,1.51,126, 1443, 57.86,0.578588612670409,2023-03-21
LOVABLE, EQ, 21-Mar-2023,99.65,102.3,102.95,100.1, 101.30,100.85,101.23,25763,26.08,753, 11793, 45.77,0.45774948569654156,2023-03-21
LOYALTEX, EQ, 21-Mar-2023,566.05,567.35,573.0,532.0, 536.00,537.4,542.67,2252,12.22,288, 1707, 75.80,0.7579928952042628,2023-03-21
LPDC, EQ, 21-Mar-2023,5.9,6.05,6.15,5.8, 6.15,5.95,5.94,34582,2.05,407, 20606, 59.59,0.5958591174599502,2023-03-21
LSIL, EQ, 21-Mar-2023,19.2,19.35,19.6,18.9, 19.15,19.1,19.24,2202922,423.92,3522, 1161645, 52.73,0.527320077606016,2023-03-21
LT, EQ, 21-Mar-2023,2177.55,2182.7,2227.0,2182.0, 2205.25,2208.45,2209.27,3178680,70225.71,139983, 1977001, 62.20,0.6219565983364164,2023-03-21
LTGILTBEES, EQ, 21-Mar-2023,23.43,23.43,23.6,23.35, 23.40,23.38,23.39,19151,4.48,84, 14379, 75.08,0.750822411362331,2023-03-21
LTIM, EQ, 21-Mar-2023,4678.25,4694.0,4723.9,4647.25, 4685.00,4674.1,4670.01,332833,15543.34,24232, 222902, 66.97,0.6697112365660857,2023-03-21
LTTS, EQ, 21-Mar-2023,3528.15,3521.0,3528.15,3412.0, 3428.00,3426.9,3464.06,400505,13873.73,32155, 247850, 61.88,0.6188437098163568,2023-03-21
LUMAXIND, EQ, 21-Mar-2023,1695.75,1704.7,1745.4,1704.7, 1722.00,1721.7,1726.47,4591,79.26,853, 2712, 59.07,0.5907209758222609,2023-03-21
LUMAXTECH, EQ, 21-Mar-2023,268.5,268.0,274.0,265.85, 271.40,271.25,270.83,259030,701.52,11297, 56674, 21.88,0.21879318997799482,2023-03-21
LUPIN, EQ, 21-Mar-2023,646.4,655.0,655.45,646.1, 650.00,649.4,649.39,303443,1970.54,12644, 58967, 19.43,0.1943264468120866,2023-03-21
LUXIND, EQ, 21-Mar-2023,1277.55,1288.2,1302.0,1278.6, 1286.95,1289.8,1288.09,78022,1004.99,8387, 54106, 69.35,0.6934710722616698,2023-03-21
LXCHEM, EQ, 21-Mar-2023,247.75,250.0,260.95,249.45, 256.10,256.9,255.08,755095,1926.09,15435, 218601, 28.95,0.2895013210258312,2023-03-21
LYKALABS, EQ, 21-Mar-2023,105.4,106.9,111.0,104.05, 107.40,107.3,107.56,84835,91.25,1970, 35505, 41.85,0.418518300229858,2023-03-21
LYPSAGEMS, EQ, 21-Mar-2023,4.4,4.7,4.7,4.15, 4.40,4.35,4.33,19954,0.86,116, 13744, 68.88,0.6887842036684374,2023-03-21
M&M, EQ, 21-Mar-2023,1167.65,1170.6,1175.0,1156.4, 1162.70,1160.3,1162.55,2209422,25685.61,110281, 1248822, 56.52,0.5652256563028701,2023-03-21
M&MFIN, EQ, 21-Mar-2023,225.5,226.0,230.3,222.25, 229.40,229.55,226.71,6134655,13908.09,33528, 4353395, 70.96,0.7096397433922527,2023-03-21
MAANALU, EQ, 21-Mar-2023,184.8,186.1,187.9,184.85, 186.90,186.0,186.08,11613,21.61,635, 5806, 50.00,0.49995694480323777,2023-03-21
MACPOWER, EQ, 21-Mar-2023,286.95,290.05,294.9,281.1, 284.65,283.4,286.78,5314,15.24,494, 2720, 51.19,0.5118554761008657,2023-03-21
MADHAV, EQ, 21-Mar-2023,38.6,39.25,39.7,38.6, 39.50,39.5,39.21,8665,3.4,140, 5258, 60.68,0.6068090017311021,2023-03-21
MADHUCON, EQ, 21-Mar-2023,4.15,4.1,4.35,4.0, 4.10,4.05,4.04,11524,0.47,87, 10799, 93.71,0.937087816730302,2023-03-21
MADRASFERT, EQ, 21-Mar-2023,58.55,58.8,60.25,58.1, 58.65,58.5,59.05,380750,224.82,3098, 96480, 25.34,0.2533946158896914,2023-03-21
MAESGETF, EQ, 21-Mar-2023,27.77,27.81,27.95,27.78, 27.92,27.92,27.8,4174,1.16,46, 3586, 85.91,0.859127934834691,2023-03-21
MAFANG, EQ, 21-Mar-2023,46.68,46.69,47.3,46.69, 47.22,47.25,47.15,753218,355.16,1689, 555934, 73.81,0.7380784845821529,2023-03-21
MAFSETF, EQ, 21-Mar-2023,17.69,18.2,18.2,17.4, 17.94,17.91,17.84,76545,13.66,356, 49807, 65.07,0.6506891371088902,2023-03-21
MAGADSUGAR, EQ, 21-Mar-2023,301.95,305.8,310.9,301.55, 309.00,307.9,306.85,7604,23.33,399, 4394, 57.79,0.5778537611783272,2023-03-21
MAGNUM, EQ, 21-Mar-2023,31.15,31.25,31.7,29.95, 30.00,30.15,30.6,89254,27.31,471, 67824, 75.99,0.7598987160239317,2023-03-21
MAGOLDETF, EQ, 21-Mar-2023,60.0,61.5,61.5,58.4, 59.00,59.05,59.0,7776,4.59,73, 3453, 44.41,0.44405864197530864,2023-03-21
MAHABANK, EQ, 21-Mar-2023,24.6,25.2,25.2,24.6, 24.80,24.9,24.85,9264981,2302.37,8868, 2023158, 21.84,0.21836612508973305,2023-03-21
MAHAPEXLTD, EQ, 21-Mar-2023,94.5,95.55,97.45,94.15, 95.00,94.75,95.38,2192,2.09,72, 1561, 71.21,0.7121350364963503,2023-03-21
MAHASTEEL, EQ, 21-Mar-2023,54.9,55.85,55.85,54.45, 54.60,54.7,54.81,3161,1.73,67, 2209, 69.88,0.6988294843403986,2023-03-21
MAHEPC, EQ, 21-Mar-2023,90.35,91.25,91.45,90.0, 90.15,90.6,90.66,23240,21.07,555, 16019, 68.93,0.6892857142857143,2023-03-21
MAHESHWARI, EQ, 21-Mar-2023,64.5,65.0,66.5,63.0, 63.50,63.8,63.86,151673,96.86,1191, 101809, 67.12,0.6712401020616722,2023-03-21
MAHINDCIE, EQ, 21-Mar-2023,353.95,354.5,356.55,346.55, 352.00,352.05,350.94,1004289,3524.44,24968, 525585, 52.33,0.5233403930541906,2023-03-21
MAHKTECH, EQ, 21-Mar-2023,13.55,13.79,13.93,13.6, 13.85,13.86,13.85,219628,30.42,565, 187660, 85.44,0.8544447884604878,2023-03-21
MAHLIFE, EQ, 21-Mar-2023,340.3,342.05,344.85,326.2, 335.05,339.5,334.86,350877,1174.96,14733, 103816, 29.59,0.2958757627316695,2023-03-21
MAHLOG, EQ, 21-Mar-2023,371.15,375.0,375.0,364.05, 366.70,368.9,369.18,74008,273.22,5473, 43235, 58.42,0.5841936006918171,2023-03-21
MAHSCOOTER, EQ, 21-Mar-2023,4265.9,4238.9,4265.95,4224.1, 4242.70,4245.45,4245.84,1119,47.51,315, 755, 67.47,0.6747095621090259,2023-03-21
MAHSEAMLES, EQ, 21-Mar-2023,343.9,344.7,359.6,342.5, 354.00,354.0,351.74,203075,714.29,9846, 77767, 38.29,0.3829471869998769,2023-03-21
MAITHANALL, EQ, 21-Mar-2023,884.2,888.2,888.2,870.0, 873.00,872.55,875.5,18425,161.31,1996, 11085, 60.16,0.6016282225237449,2023-03-21
MALLCOM, EQ, 21-Mar-2023,723.25,749.5,749.9,721.0, 742.00,731.25,732.06,1582,11.58,217, 1073, 67.83,0.6782553729456384,2023-03-21
MALUPAPER, EQ, 21-Mar-2023,28.95,28.9,29.65,28.9, 29.10,29.05,29.2,3322,0.97,53, 2354, 70.86,0.7086092715231788,2023-03-21
MAM150ETF, EQ, 21-Mar-2023,11.31,11.65,11.65,11.22, 11.37,11.37,11.37,102080,11.6,254, 91096, 89.24,0.8923981191222571,2023-03-21
MAMFGETF, EQ, 21-Mar-2023,79.1,81.45,81.45,79.13, 79.40,79.4,79.31,2063,1.64,53, 1415, 68.59,0.6858943286476006,2023-03-21
MAN50ETF, EQ, 21-Mar-2023,177.94,177.83,179.2,177.83, 179.06,179.08,179.01,15884,28.43,107, 15051, 94.76,0.9475572903550743,2023-03-21
MANAKALUCO, EQ, 21-Mar-2023,21.5,21.4,21.9,21.1, 21.45,21.25,21.48,34284,7.36,623, 22412, 65.37,0.65371601913429,2023-03-21
MANAKCOAT, EQ, 21-Mar-2023,14.45,14.15,16.55,14.15, 15.75,15.85,15.78,184429,29.1,920, 60833, 32.98,0.329845089438212,2023-03-21
MANAKSIA, EQ, 21-Mar-2023,107.8,106.5,108.85,106.0, 108.00,107.7,107.12,21768,23.32,475, 13201, 60.64,0.6064406468210217,2023-03-21
MANAKSTEEL, EQ, 21-Mar-2023,37.15,36.7,37.5,36.0, 36.80,36.85,36.72,73131,26.85,503, 54400, 74.39,0.7438705883961658,2023-03-21
MANALIPETC, EQ, 21-Mar-2023,60.7,61.6,61.7,60.0, 60.10,60.2,60.5,310402,187.8,3707, 184620, 59.48,0.5947770955084052,2023-03-21
MANAPPURAM, EQ, 21-Mar-2023,113.45,113.8,117.25,113.2, 116.50,116.55,115.98,7455719,8646.84,30963, 3347863, 44.90,0.4490328833476691,2023-03-21
MANGALAM, EQ, 21-Mar-2023,109.15,107.5,111.85,107.5, 109.00,108.8,109.11,18209,19.87,451, 11974, 65.76,0.6575869075731781,2023-03-21
MANGCHEFER, EQ, 21-Mar-2023,98.35,98.45,104.4,98.0, 101.80,101.9,101.91,828267,844.07,6059, 481147, 58.09,0.5809080888167705,2023-03-21
MANGLMCEM, EQ, 21-Mar-2023,256.0,256.7,258.0,253.15, 253.90,254.5,255.81,85432,218.54,4673, 67870, 79.44,0.794432999344508,2023-03-21
MANINDS, EQ, 21-Mar-2023,92.75,93.5,94.5,91.6, 92.00,92.2,93.19,219746,204.79,2796, 100185, 45.59,0.45591273561293494,2023-03-21
MANINFRA, EQ, 21-Mar-2023,73.55,74.5,74.5,72.95, 73.25,73.15,73.54,196619,144.59,2308, 82152, 41.78,0.41782330293613534,2023-03-21
MANOMAY, EQ, 21-Mar-2023,120.0,120.05,124.0,116.75, 121.55,121.6,120.91,119,0.14,25, 78, 65.55,0.6554621848739496,2023-03-21
MANORAMA, EQ, 21-Mar-2023,1007.9,1016.15,1064.0,1016.15, 1062.95,1051.65,1047.17,5491,57.5,896, 3164, 57.62,0.5762156255691131,2023-03-21
MANORG, EQ, 21-Mar-2023,346.15,349.55,395.0,346.3, 371.00,371.85,378.85,35887,135.96,3331, 6242, 17.39,0.1739348510602725,2023-03-21
MANUGRAPH, EQ, 21-Mar-2023,17.7,17.75,18.65,17.0, 18.65,18.0,18.0,17779,3.2,207, 14671, 82.52,0.8251870183924855,2023-03-21
MANXT50, EQ, 21-Mar-2023,379.37,379.0,381.23,378.17, 381.11,381.11,380.1,1818,6.91,37, 1331, 73.21,0.7321232123212321,2023-03-21
MANYAVAR, EQ, 21-Mar-2023,1134.15,1136.0,1149.9,1131.9, 1135.00,1140.15,1140.28,51927,592.12,7728, 37451, 72.12,0.7212240260365513,2023-03-21
MAPMYINDIA, EQ, 21-Mar-2023,1054.3,1066.0,1082.0,1057.15, 1073.00,1071.3,1070.29,165752,1774.03,4184, 146767, 88.55,0.88546141223032,2023-03-21
MARALOVER, EQ, 21-Mar-2023,48.15,52.5,52.5,48.05, 49.95,49.7,49.06,11640,5.71,223, 7339, 63.05,0.6304982817869416,2023-03-21
MARATHON, EQ, 21-Mar-2023,278.05,282.2,286.0,279.35, 283.95,283.95,283.6,17150,48.64,1111, 8243, 48.06,0.48064139941690964,2023-03-21
MARICO, EQ, 21-Mar-2023,482.3,483.2,484.5,479.75, 482.00,481.85,481.83,699575,3370.73,21741, 475531, 67.97,0.679742700925562,2023-03-21
MARINE, EQ, 21-Mar-2023,36.9,36.35,38.45,36.35, 37.55,37.85,37.38,154005,57.57,780, 91091, 59.15,0.5914807960780494,2023-03-21
MARKSANS, EQ, 21-Mar-2023,70.85,71.7,72.4,69.2, 69.80,69.75,70.15,1834545,1286.98,7874, 762754, 41.58,0.41577284830843614,2023-03-21
MARSHALL, BE, 21-Mar-2023,44.8,44.1,44.55,42.6, 43.30,42.8,43.09,70622,30.43,349, -, -,,2023-03-21
MARUTI, EQ, 21-Mar-2023,8219.6,8245.0,8275.0,8215.0, 8224.50,8228.4,8239.45,287497,23688.18,42833, 151998, 52.87,0.5286942124613474,2023-03-21
MASFIN, EQ, 21-Mar-2023,775.75,770.0,819.6,764.3, 816.90,816.75,805.81,29872,240.71,4000, 13575, 45.44,0.45443893947509373,2023-03-21
MASKINVEST, BE, 21-Mar-2023,50.25,48.05,52.75,47.75, 47.90,47.9,48.93,256,0.13,7, -, -,,2023-03-21
MASPTOP50, EQ, 21-Mar-2023,27.13,27.57,27.69,27.11, 27.40,27.4,27.46,69760,19.15,381, 45876, 65.76,0.6576261467889908,2023-03-21
MASTEK, EQ, 21-Mar-2023,1624.9,1639.8,1639.8,1600.0, 1604.00,1605.25,1611.99,33874,546.04,4804, 18029, 53.22,0.5322371140107457,2023-03-21
MATRIMONY, EQ, 21-Mar-2023,516.5,515.05,517.7,502.0, 509.50,507.8,509.78,8800,44.86,1150, 5535, 62.90,0.6289772727272728,2023-03-21
MAWANASUG, EQ, 21-Mar-2023,82.7,83.1,85.0,83.0, 83.85,83.55,83.91,100970,84.73,1868, 48077, 47.62,0.4761513320788353,2023-03-21
MAXHEALTH, EQ, 21-Mar-2023,468.2,468.4,470.45,461.65, 463.80,464.5,465.95,5089755,23715.85,68039, 4225045, 83.01,0.8301077360305162,2023-03-21
MAXIND, EQ, 21-Mar-2023,79.9,79.9,81.65,78.75, 80.40,79.65,80.02,84095,67.29,920, 65100, 77.41,0.7741245020512516,2023-03-21
MAXVIL, EQ, 21-Mar-2023,135.1,137.15,137.9,133.2, 134.00,134.05,134.6,137713,185.37,815, 115367, 83.77,0.8377349996006187,2023-03-21
MAYURUNIQ, EQ, 21-Mar-2023,459.2,459.2,461.5,455.25, 455.25,457.15,458.77,11134,51.08,1825, 6826, 61.31,0.6130770612538171,2023-03-21
MAZDA, EQ, 21-Mar-2023,628.6,638.3,638.3,622.0, 634.80,631.8,627.84,754,4.73,198, 656, 87.00,0.870026525198939,2023-03-21
MAZDOCK, EQ, 21-Mar-2023,657.1,664.0,673.5,651.25, 669.55,670.25,663.01,713848,4732.89,16687, 144184, 20.20,0.20198137418610124,2023-03-21
MBAPL, EQ, 21-Mar-2023,594.3,595.0,607.0,595.0, 606.45,604.65,601.29,4363,26.23,358, 3353, 76.85,0.768507907403163,2023-03-21
MBLINFRA, EQ, 21-Mar-2023,17.45,17.7,18.05,16.9, 17.25,17.1,17.18,33428,5.74,141, 27082, 81.02,0.8101591480196243,2023-03-21
MCDOWELL-N, EQ, 21-Mar-2023,765.85,767.5,772.5,761.2, 771.00,770.05,767.46,668979,5134.13,20853, 377045, 56.36,0.5636126096633826,2023-03-21
MCL, EQ, 21-Mar-2023,24.25,24.85,24.85,24.1, 24.15,24.2,24.34,8586,2.09,101, 7426, 86.49,0.8648963428837643,2023-03-21
MCLEODRUSS, BE, 21-Mar-2023,16.9,17.7,17.7,16.95, 17.35,17.05,17.27,321884,55.59,449, -, -,,2023-03-21
MCX, EQ, 21-Mar-2023,1481.4,1485.75,1507.45,1481.45, 1502.00,1501.0,1500.44,154038,2311.24,18072, 53456, 34.70,0.3470312520287202,2023-03-21
MEDANTA, EQ, 21-Mar-2023,479.4,481.7,491.0,481.0, 488.25,484.5,486.01,126708,615.82,6903, 44745, 35.31,0.3531347665498627,2023-03-21
MEDICAMEQ, EQ, 21-Mar-2023,619.05,625.25,631.0,615.35, 622.10,624.1,623.1,6361,39.64,768, 4009, 63.02,0.6302468165382802,2023-03-21
MEDICO, EQ, 21-Mar-2023,83.6,84.5,87.75,80.2, 81.25,81.45,85.32,1591100,1357.54,5793, 325454, 20.45,0.20454654012947018,2023-03-21
MEDPLUS, EQ, 21-Mar-2023,754.65,758.0,767.0,748.05, 751.50,760.6,761.8,178694,1361.29,8084, 102927, 57.60,0.5759958364578553,2023-03-21
MEGASOFT, EQ, 21-Mar-2023,23.7,24.2,25.5,23.1, 23.65,23.7,24.04,121682,29.25,656, 78645, 64.63,0.6463158067750365,2023-03-21
MEGASTAR, EQ, 21-Mar-2023,201.75,207.05,208.95,199.55, 203.00,202.85,202.98,4557,9.25,479, 2724, 59.78,0.597761685319289,2023-03-21
MELSTAR, BZ, 21-Mar-2023,2.75,2.65,2.85,2.65, 2.85,2.85,2.79,7440,0.21,13, -, -,,2023-03-21
MENONBE, EQ, 21-Mar-2023,95.0,93.9,96.95,93.9, 95.10,95.45,95.66,18668,17.86,335, 8495, 45.51,0.455056781658453,2023-03-21
MEP, EQ, 21-Mar-2023,14.2,14.5,14.9,13.9, 14.10,14.15,14.49,1644177,238.26,975, 818094, 49.76,0.49757051704287314,2023-03-21
METALFORGE, BZ, 21-Mar-2023,3.0,2.95,3.1,2.9, 2.90,2.9,2.98,4663,0.14,26, -, -,,2023-03-21
METROBRAND, EQ, 21-Mar-2023,779.8,780.7,789.45,765.1, 770.00,769.25,773.4,225659,1745.26,13940, 153054, 67.83,0.6782534709450986,2023-03-21
METROPOLIS, EQ, 21-Mar-2023,1270.5,1273.0,1277.0,1237.2, 1240.00,1239.65,1252.64,58825,736.87,6573, 19072, 32.42,0.32421589460263495,2023-03-21
MFL, EQ, 21-Mar-2023,861.45,865.8,919.0,864.0, 889.00,892.15,901.18,113385,1021.8,10999, 24476, 21.59,0.21586629624729903,2023-03-21
MFSL, EQ, 21-Mar-2023,615.35,617.2,642.5,614.1, 628.40,629.7,627.86,1767484,11097.36,53607, 1084579, 61.36,0.6136287513776645,2023-03-21
MGEL, EQ, 21-Mar-2023,15.0,15.5,15.5,13.9, 15.00,14.4,14.68,341556,50.14,763, 220329, 64.51,0.6450743069950462,2023-03-21
MGL, EQ, 21-Mar-2023,970.0,981.0,999.45,979.95, 984.10,987.35,989.43,794142,7857.45,32690, 122105, 15.38,0.15375713663299512,2023-03-21
MHLXMIRU, EQ, 21-Mar-2023,271.75,272.8,273.6,271.15, 271.40,271.8,272.17,29549,80.42,1262, 19885, 67.30,0.6729500152289417,2023-03-21
MHRIL, EQ, 21-Mar-2023,263.1,264.25,270.45,256.3, 259.00,258.95,261.92,187677,491.56,5953, 99923, 53.24,0.5324200621280178,2023-03-21
MICEL, EQ, 21-Mar-2023,11.8,12.0,12.35,11.65, 12.05,11.95,12.09,54469,6.58,196, 44540, 81.77,0.817712827479851,2023-03-21
MID150BEES, EQ, 21-Mar-2023,114.97,116.48,116.48,115.02, 115.81,115.72,115.59,54534,63.04,1430, 42836, 78.55,0.7854916199068471,2023-03-21
MIDHANI, EQ, 21-Mar-2023,188.0,188.95,190.4,187.65, 188.00,188.35,188.97,214180,404.74,4426, 100095, 46.73,0.467340554673639,2023-03-21
MINDACORP, EQ, 21-Mar-2023,195.65,196.3,198.0,194.65, 195.30,195.8,195.97,109968,215.51,2315, 46973, 42.72,0.42715153499199765,2023-03-21
MINDTECK, EQ, 21-Mar-2023,110.2,110.7,112.5,110.0, 110.50,110.7,111.0,3458,3.84,143, 1664, 48.12,0.48120300751879697,2023-03-21
MIRCELECTR, EQ, 21-Mar-2023,12.6,12.8,13.0,12.35, 12.65,12.6,12.73,402060,51.17,972, 233585, 58.10,0.580970501915137,2023-03-21
MIRZAINT, EQ, 21-Mar-2023,267.0,269.0,273.0,266.05, 272.30,272.35,270.49,666612,1803.12,11260, 274860, 41.23,0.4123238105524653,2023-03-21
MITCON, EQ, 21-Mar-2023,62.1,62.8,68.3,62.7, 68.30,68.0,66.95,40681,27.24,540, 27004, 66.38,0.6637988250043018,2023-03-21
MITTAL, EQ, 21-Mar-2023,10.05,10.05,10.35,9.6, 9.60,9.85,10.01,47344,4.74,123, 40035, 84.56,0.8456192970598175,2023-03-21
MMFL, EQ, 21-Mar-2023,809.3,821.45,854.3,801.55, 853.00,851.9,844.05,19236,162.36,1504, 12368, 64.30,0.6429611145768351,2023-03-21
MMP, EQ, 21-Mar-2023,113.45,113.95,114.3,110.0, 110.00,111.4,112.57,15635,17.6,184, 11691, 74.77,0.7477454429165334,2023-03-21
MMTC, EQ, 21-Mar-2023,31.0,31.0,31.5,30.1, 30.75,30.55,30.79,1563436,481.39,7856, 376056, 24.05,0.24053175185936618,2023-03-21
MODIRUBBER, BE, 21-Mar-2023,61.4,61.4,61.4,59.0, 61.10,61.1,60.66,1516,0.92,17, -, -,,2023-03-21
MODISONLTD, EQ, 21-Mar-2023,57.95,56.3,58.95,56.0, 58.00,57.6,57.46,18417,10.58,640, 11016, 59.81,0.5981430200358364,2023-03-21
MOGSEC, EQ, 21-Mar-2023,50.99,51.0,51.02,50.95, 50.95,50.95,50.98,60,0.03,14, 31, 51.67,0.5166666666666667,2023-03-21
MOHEALTH, EQ, 21-Mar-2023,21.51,21.8,22.3,21.11, 21.60,21.6,21.76,238,0.05,69, 142, 59.66,0.5966386554621849,2023-03-21
MOHITIND, EQ, 21-Mar-2023,13.5,14.2,14.3,13.25, 13.30,13.3,13.45,4574,0.62,62, 3488, 76.26,0.7625710537822474,2023-03-21
MOIL, EQ, 21-Mar-2023,148.6,148.6,150.5,144.5, 149.65,149.7,148.38,155921,231.36,4646, 74489, 47.77,0.477735519910724,2023-03-21
MOKSH, EQ, 21-Mar-2023,9.55,9.35,9.8,9.3, 9.80,9.75,9.64,76789,7.4,269, 43872, 57.13,0.571331831382099,2023-03-21
MOL, EQ, 21-Mar-2023,86.95,87.9,88.55,84.55, 84.80,84.85,85.75,675538,579.27,5708, 399102, 59.08,0.5907913396433657,2023-03-21
MOLDTECH, EQ, 21-Mar-2023,235.05,237.0,247.4,235.1, 243.50,243.15,242.64,103706,251.64,4353, 44087, 42.51,0.4251152295913448,2023-03-21
MOLDTKPAC, EQ, 21-Mar-2023,930.25,933.9,937.25,922.1, 932.70,931.05,933.1,35232,328.75,4096, 22244, 63.14,0.6313578564940963,2023-03-21
MOLOWVOL, EQ, 21-Mar-2023,23.83,24.42,25.03,23.89, 24.04,24.04,24.05,175,0.04,37, 112, 64.00,0.64,2023-03-21
MOM100, EQ, 21-Mar-2023,31.51,32.45,32.45,31.52, 31.73,31.72,31.65,86516,27.38,539, 67029, 77.48,0.7747584261870637,2023-03-21
MOM50, EQ, 21-Mar-2023,170.36,171.0,172.65,171.0, 171.60,172.22,171.85,1123,1.93,36, 530, 47.20,0.4719501335707925,2023-03-21
MOMENTUM, EQ, 21-Mar-2023,18.12,18.1,18.3,17.87, 18.23,18.14,18.05,1558,0.28,51, 979, 62.84,0.6283697047496791,2023-03-21
MOMOMENTUM, EQ, 21-Mar-2023,36.34,36.4,36.55,36.1, 36.32,36.45,36.34,11673,4.24,115, 4902, 41.99,0.41994345926497045,2023-03-21
MON100, EQ, 21-Mar-2023,100.52,101.9,101.9,100.18, 100.95,100.76,100.78,621580,626.4,3804, 428768, 68.98,0.6898034042279353,2023-03-21
MONARCH, EQ, 21-Mar-2023,203.6,208.1,208.35,200.9, 201.00,202.85,202.97,13469,27.34,430, 8679, 64.44,0.6443685500037122,2023-03-21
MONQ50, EQ, 21-Mar-2023,52.73,53.94,53.94,52.61, 52.90,52.88,52.94,8477,4.49,141, 6178, 72.88,0.728795564468562,2023-03-21
MONTECARLO, EQ, 21-Mar-2023,588.45,595.0,609.0,585.45, 587.00,592.0,594.75,49676,295.45,4688, 11735, 23.62,0.2362307754247524,2023-03-21
MORARJEE, EQ, 21-Mar-2023,18.2,17.75,18.95,17.75, 18.40,18.2,18.32,32647,5.98,415, 17550, 53.76,0.5375685361595246,2023-03-21
MOREPENLAB, EQ, 21-Mar-2023,25.1,25.2,25.65,24.85, 24.85,25.0,25.15,1001464,251.85,3574, 396671, 39.61,0.3960911225965187,2023-03-21
MOTHERSON, EQ, 21-Mar-2023,65.55,66.1,66.3,64.55, 65.60,65.55,65.52,22470820,14721.88,60863, 12598113, 56.06,0.5606432253028595,2023-03-21
MOTILALOFS, EQ, 21-Mar-2023,573.25,575.95,576.45,570.1, 572.95,572.45,572.75,54533,312.34,5658, 36258, 66.49,0.6648818146810188,2023-03-21
MOTOGENFIN, BE, 21-Mar-2023,28.5,27.65,29.9,27.65, 28.75,28.75,29.64,2065,0.61,27, -, -,,2023-03-21
MPHASIS, EQ, 21-Mar-2023,1823.35,1823.0,1828.8,1785.8, 1791.00,1792.3,1801.24,596353,10741.74,29516, 346583, 58.12,0.581170883688017,2023-03-21
MPSLTD, EQ, 21-Mar-2023,1045.8,1061.5,1076.9,1050.0, 1064.00,1068.75,1062.92,6826,72.55,1343, 3969, 58.15,0.5814532669205977,2023-03-21
MRF, EQ, 21-Mar-2023,83559.95,83600.0,85710.0,83232.2, 83887.50,83746.0,84133.73,6860,5771.57,4116, 1710, 24.93,0.24927113702623907,2023-03-21
MRO-TEK, EQ, 21-Mar-2023,57.25,57.15,58.0,56.5, 56.90,57.05,57.34,2957,1.7,63, 1644, 55.60,0.555968887385864,2023-03-21
MRPL, EQ, 21-Mar-2023,56.25,57.0,58.25,55.2, 55.60,55.55,55.99,4102855,2297.28,16006, 1427979, 34.80,0.3480452026698482,2023-03-21
MSPL, EQ, 21-Mar-2023,8.5,8.65,8.65,8.4, 8.40,8.45,8.46,157158,13.29,383, 97810, 62.24,0.6223672991511727,2023-03-21
MSTCLTD, EQ, 21-Mar-2023,257.1,258.25,266.5,256.1, 262.70,262.3,262.15,292134,765.82,8413, 112766, 38.60,0.3860077909452512,2023-03-21
MSUMI, EQ, 21-Mar-2023,46.55,46.8,47.5,45.85, 47.35,47.05,46.35,2883474,1336.51,17779, 1644897, 57.05,0.5704566782984691,2023-03-21
MTARTECH, EQ, 21-Mar-2023,1662.15,1671.0,1679.85,1654.0, 1666.95,1664.65,1663.57,41414,688.95,5718, 15479, 37.38,0.3737624957743758,2023-03-21
MTEDUCARE, BE, 21-Mar-2023,4.5,4.45,4.7,4.4, 4.70,4.7,4.54,34729,1.58,65, -, -,,2023-03-21
MTNL, EQ, 21-Mar-2023,18.9,18.95,19.3,18.85, 18.85,18.9,19.0,786278,149.38,1794, 276516, 35.17,0.3516771421812641,2023-03-21
MUKANDLTD, EQ, 21-Mar-2023,135.6,135.75,139.45,134.85, 135.95,136.0,136.46,180350,246.1,2722, 93375, 51.77,0.5177432769614638,2023-03-21
MUKTAARTS, EQ, 21-Mar-2023,47.65,48.1,48.45,46.2, 47.00,47.05,47.51,9744,4.63,243, 7015, 71.99,0.7199302134646962,2023-03-21
MUNJALAU, EQ, 21-Mar-2023,39.35,39.45,39.6,38.8, 39.05,39.05,39.1,41416,16.2,622, 27217, 65.72,0.6571614834846436,2023-03-21
MUNJALSHOW, EQ, 21-Mar-2023,86.75,87.8,87.8,86.2, 86.55,86.8,86.72,33706,29.23,554, 25254, 74.92,0.749243458138017,2023-03-21
MURUDCERA, EQ, 21-Mar-2023,32.2,32.85,32.85,31.4, 31.45,31.85,32.18,32543,10.47,365, 16977, 52.17,0.5216790093107581,2023-03-21
MUTHOOTCAP, EQ, 21-Mar-2023,261.0,262.55,272.0,262.1, 272.00,271.8,270.11,27168,73.38,663, 16024, 58.98,0.589811542991755,2023-03-21
MUTHOOTFIN, EQ, 21-Mar-2023,946.1,954.9,976.5,939.0, 967.90,970.75,966.5,954338,9223.71,34219, 500290, 52.42,0.5242272653923453,2023-03-21
NACLIND, EQ, 21-Mar-2023,79.65,80.75,85.5,80.65, 84.80,84.8,84.18,289403,243.63,3396, 139592, 48.23,0.4823446888940336,2023-03-21
NAGAFERT, EQ, 21-Mar-2023,8.45,8.65,8.7,8.3, 8.30,8.45,8.5,550949,46.83,581, 486027, 88.22,0.8821633218319663,2023-03-21
NAGREEKCAP, EQ, 21-Mar-2023,17.5,18.4,19.25,17.35, 19.25,19.2,18.95,35328,6.69,216, 17754, 50.25,0.502547554347826,2023-03-21
NAGREEKEXP, EQ, 21-Mar-2023,32.15,32.85,32.85,31.45, 31.70,31.95,32.06,4479,1.44,129, 1911, 42.67,0.42665773610180846,2023-03-21
NAHARCAP, EQ, 21-Mar-2023,254.95,255.05,258.45,251.95, 253.55,253.95,255.23,13209,33.71,1434, 6888, 52.15,0.5214626391096979,2023-03-21
NAHARINDUS, EQ, 21-Mar-2023,92.4,92.5,93.5,91.8, 92.25,92.2,92.75,44578,41.35,393, 38978, 87.44,0.8743774956256449,2023-03-21
NAHARPOLY, EQ, 21-Mar-2023,244.05,246.45,246.45,234.5, 234.50,235.75,238.82,31387,74.96,2149, 16672, 53.12,0.5311753273648325,2023-03-21
NAHARSPING, EQ, 21-Mar-2023,248.05,248.0,252.5,243.75, 244.50,245.4,248.81,31839,79.22,1692, 16615, 52.18,0.521844279028864,2023-03-21
NAM-INDIA, EQ, 21-Mar-2023,214.65,217.7,217.7,213.5, 214.00,213.95,214.92,449460,965.96,6539, 295364, 65.72,0.6571530280781382,2023-03-21
NARMADA, EQ, 21-Mar-2023,19.95,20.15,20.35,19.8, 19.80,19.9,20.1,609,0.12,40, 531, 87.19,0.8719211822660099,2023-03-21
NATCOPHARM, EQ, 21-Mar-2023,539.25,542.0,549.4,535.9, 546.10,547.4,540.8,326436,1765.38,15565, 222073, 68.03,0.6802956781727506,2023-03-21
NATHBIOGEN, EQ, 21-Mar-2023,147.45,151.0,151.0,138.3, 141.80,141.2,142.71,69520,99.21,1288, 54775, 78.79,0.7879027617951668,2023-03-21
NATIONALUM, EQ, 21-Mar-2023,79.65,78.7,79.75,77.7, 78.75,78.9,78.69,14164118,11146.09,36866, 4136835, 29.21,0.2920644264612876,2023-03-21
NATNLSTEEL, BE, 21-Mar-2023,3.1,3.15,3.15,2.95, 3.10,3.1,3.07,14745,0.45,53, -, -,,2023-03-21
NAUKRI, EQ, 21-Mar-2023,3445.5,3465.5,3479.9,3401.25, 3461.35,3459.55,3450.97,185803,6412.01,19201, 59632, 32.09,0.320942073055871,2023-03-21
NAVA, EQ, 21-Mar-2023,233.5,235.0,237.0,231.0, 235.35,235.0,233.57,392534,916.82,7750, 184958, 47.12,0.471189756810875,2023-03-21
NAVINFLUOR, EQ, 21-Mar-2023,4211.75,4212.5,4374.95,4206.15, 4225.90,4222.5,4302.07,336799,14489.32,36784, 57058, 16.94,0.16941261702083438,2023-03-21
NAVKARCORP, EQ, 21-Mar-2023,47.1,47.75,48.2,47.3, 47.75,47.75,47.71,169330,80.79,1515, 105510, 62.31,0.6231028169845864,2023-03-21
NAVNETEDUL, EQ, 21-Mar-2023,91.1,91.2,92.7,90.0, 91.30,90.95,91.18,233801,213.18,3386, 119385, 51.06,0.5106265584834967,2023-03-21
NAZARA, EQ, 21-Mar-2023,485.9,486.0,510.0,486.0, 506.00,506.65,499.04,291129,1452.86,15169, 71671, 24.62,0.24618296356597935,2023-03-21
NBCC, EQ, 21-Mar-2023,34.2,34.4,34.6,33.8, 33.90,33.9,34.05,3156673,1074.88,6699, 1458393, 46.20,0.4620031913346742,2023-03-21
NBIFIN, EQ, 21-Mar-2023,1511.5,1488.25,1515.0,1488.25, 1515.00,1511.2,1500.17,193,2.9,50, 174, 90.16,0.9015544041450777,2023-03-21
NCC, EQ, 21-Mar-2023,102.5,103.45,105.4,103.15, 104.75,104.8,104.19,5206335,5424.22,21894, 1905209, 36.59,0.36594053206334204,2023-03-21
NCLIND, EQ, 21-Mar-2023,171.15,171.9,173.0,170.5, 170.65,171.05,171.51,69919,119.92,1601, 39686, 56.76,0.5675996510247572,2023-03-21
NDGL, EQ, 21-Mar-2023,1320.2,1343.0,1343.0,1280.05, 1280.05,1290.0,1304.57,92,1.2,34, 67, 72.83,0.7282608695652174,2023-03-21
NDL, EQ, 21-Mar-2023,18.2,18.3,19.1,18.0, 18.00,18.05,18.18,63658,11.58,339, 51478, 80.87,0.8086650538816802,2023-03-21
NDRAUTO, EQ, 21-Mar-2023,554.3,567.95,567.95,541.15, 543.00,543.1,547.31,4054,22.19,445, 2872, 70.84,0.7084361124814997,2023-03-21
NDTV, EQ, 21-Mar-2023,199.35,203.8,204.5,197.35, 198.45,198.55,201.03,388104,780.21,7361, 163438, 42.11,0.42111908148331373,2023-03-21
NECCLTD, EQ, 21-Mar-2023,14.5,14.85,17.4,14.6, 17.40,17.4,16.49,347681,57.34,710, 244846, 70.42,0.7042260002703628,2023-03-21
NECLIFE, EQ, 21-Mar-2023,16.25,16.25,16.6,16.05, 16.20,16.2,16.3,141266,23.03,832, 51187, 36.23,0.36234479634165334,2023-03-21
NELCAST, EQ, 21-Mar-2023,100.1,100.0,101.05,99.15, 99.40,99.45,99.87,184488,184.24,2406, 83317, 45.16,0.45161202896665364,2023-03-21
NELCO, EQ, 21-Mar-2023,517.45,524.7,533.25,519.45, 533.25,530.6,526.5,79402,418.05,5018, 37605, 47.36,0.4736026800332485,2023-03-21
NEOGEN, EQ, 21-Mar-2023,1301.25,1301.25,1320.45,1280.0, 1290.00,1288.7,1299.72,26412,343.28,4828, 13247, 50.16,0.5015523247008935,2023-03-21
NESCO, EQ, 21-Mar-2023,510.55,511.05,519.8,510.65, 513.50,515.15,515.88,53361,275.28,2962, 28632, 53.66,0.5365716534547703,2023-03-21
NESTLEIND, EQ, 21-Mar-2023,18937.85,18990.0,19259.0,18820.05, 18885.15,18927.4,19034.85,97762,18608.85,24845, 49435, 50.57,0.5056668235101573,2023-03-21
NETF, EQ, 21-Mar-2023,178.4,182.0,182.0,178.01, 179.81,179.7,179.28,460,0.82,58, 286, 62.17,0.6217391304347826,2023-03-21
NETWORK18, EQ, 21-Mar-2023,59.2,57.55,61.2,56.6, 58.45,59.6,59.32,9122021,5410.77,35384, 589826, 6.47,0.06465957489025732,2023-03-21
NEULANDLAB, EQ, 21-Mar-2023,1625.5,1636.0,1651.8,1617.05, 1631.10,1638.85,1633.49,13269,216.75,3360, 3904, 29.42,0.29421960961639915,2023-03-21
NEWGEN, EQ, 21-Mar-2023,444.2,449.9,457.9,444.0, 452.75,452.0,451.22,82909,374.1,6608, 34401, 41.49,0.41492479706666346,2023-03-21
NEXTMEDIA, EQ, 21-Mar-2023,4.9,4.9,5.05,4.65, 4.90,4.9,4.78,2800,0.13,41, 2206, 78.79,0.7878571428571428,2023-03-21
NFL, EQ, 21-Mar-2023,74.3,75.05,77.45,74.55, 75.75,75.8,75.77,6350874,4812.02,17807, 1735595, 27.33,0.27328443297725635,2023-03-21
NGIL, EQ, 21-Mar-2023,55.3,55.0,56.95,52.55, 52.55,52.55,52.99,82992,43.97,517, 49633, 59.80,0.5980455947561211,2023-03-21
NGLFINE, EQ, 21-Mar-2023,1257.15,1335.0,1335.0,1202.2, 1260.00,1248.4,1244.87,7821,97.36,1355, 3938, 50.35,0.5035161744022504,2023-03-21
NH, EQ, 21-Mar-2023,795.95,799.9,800.0,770.05, 770.20,773.8,777.54,217178,1688.65,14951, 147084, 67.73,0.6772509186013316,2023-03-21
NHPC, EQ, 21-Mar-2023,40.45,40.75,41.2,39.8, 40.05,40.0,40.34,8124382,3277.74,12924, 4044824, 49.79,0.4978623604847729,2023-03-21
NIACL, EQ, 21-Mar-2023,99.85,101.25,105.9,100.0, 104.70,104.55,103.22,867092,894.97,8670, 323834, 37.35,0.37347132714867626,2023-03-21
NIBL, EQ, 21-Mar-2023,15.75,15.9,16.8,15.75, 16.55,16.55,16.25,5393,0.88,104, 2947, 54.64,0.5464491006860746,2023-03-21
NIF100BEES, EQ, 21-Mar-2023,175.44,175.15,177.09,174.94, 176.84,176.47,176.88,34648,61.29,219, 17069, 49.26,0.49264026783652737,2023-03-21
NIFTYBEES, EQ, 21-Mar-2023,186.2,187.89,187.9,186.01, 187.49,187.46,187.14,3095592,5792.94,27967, 2036364, 65.78,0.6578270004574246,2023-03-21
NIFTYQLITY, EQ, 21-Mar-2023,14.0,14.01,14.1,13.96, 14.03,14.02,14.01,20865,2.92,236, 7456, 35.73,0.35734483584950877,2023-03-21
NIITLTD, EQ, 21-Mar-2023,332.35,335.5,335.85,325.25, 327.40,327.65,328.11,244375,801.83,9217, 125568, 51.38,0.5138332480818414,2023-03-21
NILAINFRA, EQ, 21-Mar-2023,4.85,4.95,5.15,4.85, 5.00,5.05,5.01,125861,6.31,290, 79025, 62.79,0.6278751956523466,2023-03-21
NILASPACES, EQ, 21-Mar-2023,2.7,2.75,2.75,2.65, 2.65,2.65,2.68,83356,2.24,212, 57836, 69.38,0.6938432746293008,2023-03-21
NILKAMAL, EQ, 21-Mar-2023,1757.2,1764.5,1766.0,1744.0, 1755.00,1747.2,1750.88,1997,34.97,536, 1421, 71.16,0.7115673510265398,2023-03-21
NINSYS, EQ, 21-Mar-2023,266.75,274.4,280.05,270.25, 280.05,280.05,277.0,4220,11.69,419, 2518, 59.67,0.5966824644549763,2023-03-21
NIPPOBATRY, EQ, 21-Mar-2023,315.35,318.5,322.4,306.3, 313.05,315.65,315.98,7482,23.64,688, 3776, 50.47,0.5046778936113339,2023-03-21
NIRAJ, EQ, 21-Mar-2023,25.6,26.5,26.85,25.6, 26.00,26.05,26.08,8168,2.13,94, 5229, 64.02,0.640181194906954,2023-03-21
NITCO, EQ, 21-Mar-2023,18.9,19.55,19.55,18.85, 18.85,18.95,19.0,22766,4.32,161, 16542, 72.66,0.726609856804006,2023-03-21
NITINSPIN, EQ, 21-Mar-2023,213.45,213.05,215.4,211.05, 211.55,211.8,212.71,54911,116.8,1789, 36295, 66.10,0.6609786745825063,2023-03-21
NITIRAJ, EQ, 21-Mar-2023,68.3,68.15,71.0,68.15, 70.00,69.5,68.35,54690,37.38,130, 50441, 92.23,0.9223075516547815,2023-03-21
NKIND, EQ, 21-Mar-2023,39.1,35.25,41.7,35.25, 40.95,37.95,37.89,225,0.09,24, 160, 71.11,0.7111111111111111,2023-03-21
NLCINDIA, EQ, 21-Mar-2023,78.45,78.85,79.55,77.8, 78.00,78.05,78.5,768059,602.92,7034, 453686, 59.07,0.5906916005150646,2023-03-21
NMDC, EQ, 21-Mar-2023,112.7,113.9,113.95,110.9, 111.35,111.35,111.67,9565523,10682.09,41722, 4555052, 47.62,0.47619476739536354,2023-03-21
NOCIL, EQ, 21-Mar-2023,206.65,207.0,213.55,205.1, 212.00,211.55,209.59,337233,706.79,8181, 126453, 37.50,0.3749722002295149,2023-03-21
NOIDATOLL, EQ, 21-Mar-2023,6.8,6.8,6.9,6.8, 6.80,6.8,6.82,27904,1.9,98, 21281, 76.27,0.7626505160550459,2023-03-21
NOVARTIND, EQ, 21-Mar-2023,556.7,561.1,582.0,555.05, 565.10,569.25,566.68,97923,554.91,1399, 90191, 92.10,0.9210400008169685,2023-03-21
NPBET, EQ, 21-Mar-2023,202.76,202.6,206.46,202.6, 206.46,206.39,204.31,399,0.82,29, 202, 50.63,0.506265664160401,2023-03-21
NRAIL, EQ, 21-Mar-2023,216.15,213.0,219.95,213.0, 214.50,214.95,216.45,6653,14.4,337, 4439, 66.72,0.6672177964827897,2023-03-21
NRBBEARING, EQ, 21-Mar-2023,129.6,131.3,133.35,130.5, 132.50,132.15,131.67,135274,178.12,2415, 67468, 49.88,0.49875068379732984,2023-03-21
NRL, EQ, 21-Mar-2023,111.05,113.0,114.95,109.0, 112.50,111.95,111.35,65048,72.43,913, 46057, 70.80,0.708046365760669,2023-03-21
NSIL, EQ, 21-Mar-2023,2113.4,2150.0,2155.95,2088.0, 2108.95,2100.55,2104.78,1888,39.74,248, 1497, 79.29,0.7929025423728814,2023-03-21
NSLNISP, EQ, 21-Mar-2023,33.75,33.95,33.95,32.8, 33.15,33.1,33.07,11742014,3883.46,17455, 10114025, 86.14,0.8613535122679976,2023-03-21
NTPC, EQ, 21-Mar-2023,176.0,176.85,177.55,175.3, 176.95,177.1,176.6,12894327,22771.83,91913, 8310325, 64.45,0.6444946680815524,2023-03-21
NUCLEUS, EQ, 21-Mar-2023,577.3,578.0,634.0,578.0, 628.00,627.85,615.52,472109,2905.94,19444, 139977, 29.65,0.2964929709029059,2023-03-21
NURECA, EQ, 21-Mar-2023,310.75,316.25,319.0,314.0, 314.50,315.25,316.32,33538,106.09,2542, 13990, 41.71,0.4171387679646968,2023-03-21
NUVOCO, EQ, 21-Mar-2023,335.2,340.2,341.35,330.0, 340.00,340.1,337.67,73821,249.27,5030, 33655, 45.59,0.4559000826323133,2023-03-21
NV20BEES, EQ, 21-Mar-2023,102.38,102.4,102.55,101.6, 101.70,101.71,101.86,5748,5.85,134, 4355, 75.77,0.7576548364648573,2023-03-21
NXTDIGITAL, EQ, 21-Mar-2023,114.2,117.6,117.6,114.05, 114.10,114.2,114.73,712,0.82,43, 550, 77.25,0.7724719101123596,2023-03-21
NYKAA, EQ, 21-Mar-2023,139.65,140.3,141.65,138.6, 139.50,139.6,140.19,2638231,3698.53,22838, 868384, 32.92,0.3291538913764564,2023-03-21
OAL, EQ, 21-Mar-2023,352.8,350.1,375.0,343.0, 370.00,369.65,357.08,11991,42.82,765, 7917, 66.02,0.660245183887916,2023-03-21
OBCL, EQ, 21-Mar-2023,59.15,60.6,60.6,58.0, 58.10,58.65,59.34,32704,19.41,416, 18774, 57.41,0.5740582191780822,2023-03-21
OBEROIRLTY, EQ, 21-Mar-2023,860.0,862.7,865.4,854.1, 860.15,862.0,860.64,134744,1159.66,5670, 30844, 22.89,0.22890815175443804,2023-03-21
OCCL, EQ, 21-Mar-2023,678.85,683.15,695.0,683.15, 695.00,690.3,688.03,1771,12.18,243, 1147, 64.77,0.6476566911349521,2023-03-21
OFSS, EQ, 21-Mar-2023,3228.65,3228.5,3228.5,3176.25, 3181.00,3181.9,3190.62,69046,2203.0,9982, 26711, 38.69,0.3868580366712047,2023-03-21
OIL, EQ, 21-Mar-2023,250.65,253.65,254.85,245.7, 250.05,251.15,248.9,1644605,4093.41,20602, 696472, 42.35,0.4234889228720574,2023-03-21
OILCOUNTUB, EQ, 21-Mar-2023,14.7,14.7,14.95,14.3, 14.95,14.65,14.62,12845,1.88,142, 8840, 68.82,0.6882055274425847,2023-03-21
OLECTRA, EQ, 21-Mar-2023,618.0,626.55,636.8,617.9, 624.15,628.4,627.94,1010384,6344.64,31341, 190645, 18.87,0.18868568781770098,2023-03-21
OMAXAUTO, EQ, 21-Mar-2023,44.0,44.45,45.35,42.45, 43.05,43.4,43.82,22881,10.03,430, 16923, 73.96,0.739609282811066,2023-03-21
OMAXE, EQ, 21-Mar-2023,55.25,55.25,56.8,53.6, 56.20,56.25,55.34,372340,206.05,2647, 95760, 25.72,0.2571842939249073,2023-03-21
OMINFRAL, EQ, 21-Mar-2023,34.65,35.15,35.2,34.4, 34.40,34.65,34.91,43122,15.05,170, 36347, 84.29,0.8428876211678493,2023-03-21
ONELIFECAP, EQ, 21-Mar-2023,12.2,12.65,12.65,12.05, 12.30,12.3,12.29,6749,0.83,100, 3905, 57.86,0.5786042376648393,2023-03-21
ONEPOINT, EQ, 21-Mar-2023,18.55,18.65,19.75,17.7, 17.70,18.0,18.73,3421078,640.93,3753, 952075, 27.83,0.27829678247616685,2023-03-21
ONGC, EQ, 21-Mar-2023,152.3,153.15,153.75,150.95, 151.10,151.55,151.72,6148489,9328.79,44916, 2971686, 48.33,0.48331972294331177,2023-03-21
ONMOBILE, EQ, 21-Mar-2023,63.85,64.7,65.9,63.65, 64.85,64.45,64.3,454344,292.13,3562, 198538, 43.70,0.4369772683253218,2023-03-21
ONWARDTEC, EQ, 21-Mar-2023,300.6,301.0,308.4,296.4, 305.75,301.45,302.35,15265,46.15,1200, 8582, 56.22,0.5622011136586964,2023-03-21
OPTIEMUS, EQ, 21-Mar-2023,229.45,231.05,237.0,223.75, 224.80,226.2,228.91,331917,759.8,8200, 184032, 55.45,0.5544518659785428,2023-03-21
ORBTEXP, EQ, 21-Mar-2023,122.2,121.6,125.05,121.5, 124.25,123.4,122.85,3517,4.32,99, 1908, 54.25,0.5425078191640603,2023-03-21
ORCHPHARMA, BE, 21-Mar-2023,392.4,380.15,396.9,377.35, 394.90,395.65,391.93,2558,10.03,69, -, -,,2023-03-21
ORICONENT, EQ, 21-Mar-2023,18.15,18.6,18.65,17.65, 17.85,17.9,17.96,146481,26.31,807, 104338, 71.23,0.7122971579931868,2023-03-21
ORIENTABRA, EQ, 21-Mar-2023,23.65,23.9,24.2,23.65, 23.95,23.85,23.85,20873,4.98,177, 15327, 73.43,0.7342978968044842,2023-03-21
ORIENTALTL, EQ, 21-Mar-2023,6.35,6.5,6.55,6.3, 6.50,6.45,6.42,20298,1.3,107, 16039, 79.02,0.7901763720563603,2023-03-21
ORIENTBELL, EQ, 21-Mar-2023,501.1,501.1,504.85,498.0, 499.90,499.95,500.55,8102,40.55,309, 5172, 63.84,0.6383608985435695,2023-03-21
ORIENTCEM, EQ, 21-Mar-2023,112.75,113.25,115.6,112.1, 115.45,115.35,114.18,500663,571.67,7203, 346983, 69.30,0.6930470196519415,2023-03-21
ORIENTELEC, EQ, 21-Mar-2023,267.35,268.4,274.95,266.05, 268.10,271.75,272.0,173943,473.13,5211, 113949, 65.51,0.6550939100739898,2023-03-21
ORIENTHOT, EQ, 21-Mar-2023,77.1,77.35,78.95,77.3, 78.35,78.3,78.37,331902,260.12,4983, 96368, 29.04,0.2903507661900199,2023-03-21
ORIENTLTD, EQ, 21-Mar-2023,56.95,57.0,58.5,56.7, 56.70,57.55,57.11,6338,3.62,78, 5631, 88.85,0.8884506153360682,2023-03-21
ORIENTPPR, EQ, 21-Mar-2023,36.95,37.15,37.3,36.7, 36.95,36.95,36.97,363267,134.29,1646, 198909, 54.76,0.5475559299358324,2023-03-21
ORISSAMINE, EQ, 21-Mar-2023,2566.9,2584.75,2615.0,2563.6, 2610.00,2594.9,2589.58,1755,45.45,409, 959, 54.64,0.5464387464387465,2023-03-21
ORTINLAB, EQ, 21-Mar-2023,20.15,20.05,20.55,19.45, 19.70,19.55,19.73,27877,5.5,334, 22941, 82.29,0.8229364709258529,2023-03-21
OSIAHYPER, EQ, 21-Mar-2023,31.6,30.05,33.15,30.05, 33.15,33.15,32.25,443266,142.96,1163, 180339, 40.68,0.40684149021129523,2023-03-21
OSWALAGRO, EQ, 21-Mar-2023,26.65,28.0,28.0,26.5, 26.85,26.9,26.94,56653,15.26,430, 37558, 66.29,0.6629481227825534,2023-03-21
OSWALSEEDS, EQ, 21-Mar-2023,329.95,333.05,333.25,319.7, 330.00,327.9,328.07,9313,30.55,166, 5276, 56.65,0.5665199183936432,2023-03-21
PAGEIND, EQ, 21-Mar-2023,37916.05,37850.0,38314.9,37744.75, 38200.00,38228.2,38133.83,23570,8988.14,8035, 15330, 65.04,0.6504030547305897,2023-03-21
PAISALO, EQ, 21-Mar-2023,55.8,55.8,57.25,55.55, 56.10,57.0,56.9,452876,257.69,1166, 392169, 86.60,0.8659522694954027,2023-03-21
PALASHSECU, EQ, 21-Mar-2023,90.05,91.0,92.85,88.15, 90.20,91.3,91.47,2150,1.97,146, 1542, 71.72,0.7172093023255814,2023-03-21
PALREDTEC, EQ, 21-Mar-2023,130.0,130.15,131.05,125.5, 127.70,128.0,128.94,10356,13.35,266, 7171, 69.24,0.6924488219389726,2023-03-21
PANACEABIO, EQ, 21-Mar-2023,110.35,112.5,113.5,109.9, 112.05,111.75,111.28,48536,54.01,1255, 30513, 62.87,0.6286673809131367,2023-03-21
PANACHE, BE, 21-Mar-2023,59.95,59.95,62.5,59.5, 59.55,60.35,61.23,21771,13.33,59, -, -,,2023-03-21
PANAMAPET, EQ, 21-Mar-2023,282.45,283.9,292.3,280.6, 288.50,290.2,286.92,62653,179.77,2175, 35670, 56.93,0.5693262892439308,2023-03-21
PANSARI, EQ, 21-Mar-2023,85.15,87.35,89.4,87.15, 88.80,88.8,87.57,4368,3.83,21, 4254, 97.39,0.9739010989010989,2023-03-21
PAR, EQ, 21-Mar-2023,140.05,143.8,144.95,138.2, 140.00,139.8,140.59,7584,10.66,357, 3655, 48.19,0.4819356540084388,2023-03-21
PARACABLES, EQ, 21-Mar-2023,28.6,29.2,30.0,28.5, 30.00,30.0,29.28,359771,105.34,1454, 291400, 81.00,0.8099596687893132,2023-03-21
PARADEEP, EQ, 21-Mar-2023,50.4,50.65,51.2,50.0, 50.20,50.3,50.62,1292876,654.46,6953, 823821, 63.72,0.6372003192881607,2023-03-21
PARAGMILK, EQ, 21-Mar-2023,75.55,76.0,76.4,74.55, 75.45,75.25,75.19,269297,202.49,2520, 189502, 70.37,0.7036914633285926,2023-03-21
PARAS, EQ, 21-Mar-2023,478.35,482.0,485.9,473.25, 475.95,476.95,479.45,203224,974.35,9292, 62601, 30.80,0.30803940479470926,2023-03-21
PARASPETRO, BE, 21-Mar-2023,0.8,0.85,0.85,0.8, 0.85,0.85,0.85,69145,0.58,135, -, -,,2023-03-21
PARSVNATH, EQ, 21-Mar-2023,6.85,7.0,7.1,6.8, 7.00,6.95,6.98,68630,4.79,234, 45989, 67.01,0.6701005391228326,2023-03-21
PASUPTAC, EQ, 21-Mar-2023,26.95,26.75,27.7,26.75, 27.60,27.3,27.36,49660,13.59,457, 35791, 72.07,0.7207209021345147,2023-03-21
PATANJALI, BE, 21-Mar-2023,888.9,875.55,905.05,873.0, 890.00,896.4,889.82,552048,4912.22,9234, -, -,,2023-03-21
PATELENG, EQ, 21-Mar-2023,14.7,15.0,15.2,14.55, 14.85,14.9,14.79,4339651,641.9,2613, 3291095, 75.84,0.758377805035474,2023-03-21
PATINTLOG, EQ, 21-Mar-2023,11.8,11.8,11.95,11.65, 11.75,11.75,11.78,57706,6.8,324, 41815, 72.46,0.7246213565313833,2023-03-21
PAYTM, EQ, 21-Mar-2023,559.2,564.8,586.25,564.8, 582.80,583.9,578.39,4397948,25437.25,77644, 1269040, 28.86,0.2885527523290407,2023-03-21
PCBL, EQ, 21-Mar-2023,111.9,113.25,113.8,111.8, 112.40,112.45,112.67,526907,593.68,4582, 280270, 53.19,0.5319154993196142,2023-03-21
PCJEWELLER, EQ, 21-Mar-2023,25.35,25.55,26.6,25.05, 26.60,26.6,26.19,1624352,425.37,2513, 1086678, 66.90,0.6689916963810799,2023-03-21
PDMJEPAPER, EQ, 21-Mar-2023,39.2,39.8,39.95,39.25, 39.70,39.75,39.72,45276,17.98,394, 34130, 75.38,0.7538210089230497,2023-03-21
PDSL, EQ, 21-Mar-2023,336.05,338.8,342.4,331.2, 336.50,336.15,337.91,17188,58.08,1226, 9581, 55.74,0.5574237840353735,2023-03-21
PEARLPOLY, EQ, 21-Mar-2023,19.6,19.35,20.3,19.25, 19.50,19.85,19.91,11883,2.37,156, 6614, 55.66,0.5565934528317765,2023-03-21
PEL, EQ, 21-Mar-2023,655.95,660.45,681.5,655.7, 675.60,678.75,670.7,1827251,12255.41,46786, 428497, 23.45,0.23450363414768963,2023-03-21
PENIND, EQ, 21-Mar-2023,70.0,70.6,71.3,68.55, 69.90,69.4,69.82,500787,349.63,4955, 221631, 44.26,0.44256540205716205,2023-03-21
PENINLAND, EQ, 21-Mar-2023,12.35,12.7,12.85,12.15, 12.35,12.4,12.49,182298,22.76,470, 129813, 71.21,0.7120922884507784,2023-03-21
PERSISTENT, EQ, 21-Mar-2023,4557.95,4570.05,4581.75,4450.55, 4487.00,4476.55,4485.76,277319,12439.86,34162, 96894, 34.94,0.3493954615442865,2023-03-21
PETRONET, EQ, 21-Mar-2023,231.55,232.0,236.4,230.05, 235.20,234.65,232.94,4339052,10107.31,32790, 1772210, 40.84,0.4084325331892773,2023-03-21
PFC, EQ, 21-Mar-2023,150.85,152.0,154.7,149.8, 154.05,154.15,152.57,7056148,10765.58,39988, 2373614, 33.64,0.33638948616157144,2023-03-21
PFIZER, EQ, 21-Mar-2023,3533.9,3546.55,3552.0,3505.0, 3510.00,3530.95,3524.09,7757,273.36,2104, 4600, 59.30,0.5930127626659791,2023-03-21
PFOCUS, EQ, 21-Mar-2023,78.0,77.3,79.0,77.3, 78.45,78.35,78.37,3008,2.36,115, 1776, 59.04,0.5904255319148937,2023-03-21
PFS, EQ, 21-Mar-2023,13.7,13.7,13.8,13.5, 13.55,13.6,13.63,698519,95.2,1163, 517792, 74.13,0.7412711751577266,2023-03-21
PGEL, EQ, 21-Mar-2023,1330.15,1347.45,1347.45,1310.0, 1315.00,1319.0,1324.25,21745,287.96,2347, 12041, 55.37,0.5537364911473902,2023-03-21
PGHH, EQ, 21-Mar-2023,13569.55,13576.95,14096.05,13456.05, 13950.50,13882.2,13763.03,4838,665.86,2017, 2200, 45.47,0.454733360892931,2023-03-21
PGHL, EQ, 21-Mar-2023,4916.45,4926.0,4936.0,4760.0, 4810.00,4817.05,4870.19,4754,231.53,1485, 2601, 54.71,0.5471182162389566,2023-03-21
PGIL, EQ, 21-Mar-2023,411.9,415.0,422.9,415.0, 422.90,421.05,418.89,2264,9.48,219, 1007, 44.48,0.4447879858657244,2023-03-21
PHARMABEES, EQ, 21-Mar-2023,11.81,11.84,11.89,11.77, 11.78,11.79,11.82,993884,117.45,2918, 624522, 62.84,0.6283650808343831,2023-03-21
PHOENIXLTD, EQ, 21-Mar-2023,1294.7,1299.8,1334.75,1299.75, 1323.00,1323.4,1323.28,213530,2825.59,17490, 129411, 60.61,0.6060553552194071,2023-03-21
PIDILITIND, EQ, 21-Mar-2023,2372.4,2384.25,2389.85,2351.1, 2360.00,2358.45,2372.19,299389,7102.07,31887, 136917, 45.73,0.4573214112742953,2023-03-21
PIIND, EQ, 21-Mar-2023,2907.05,2915.85,2953.95,2911.0, 2948.90,2944.3,2933.64,131063,3844.91,12557, 56179, 42.86,0.42864118782570215,2023-03-21
PILANIINVS, EQ, 21-Mar-2023,1705.6,1705.6,1722.45,1700.05, 1713.75,1708.65,1708.89,1486,25.39,240, 1256, 84.52,0.845222072678331,2023-03-21
PILITA, EQ, 21-Mar-2023,6.55,6.7,6.7,6.35, 6.70,6.5,6.47,709849,45.91,542, 599530, 84.46,0.8445880743651114,2023-03-21
PIONEEREMB, EQ, 21-Mar-2023,29.9,30.0,30.75,29.7, 29.70,29.7,29.86,20531,6.13,128, 14369, 69.99,0.6998684915493644,2023-03-21
PITTIENG, EQ, 21-Mar-2023,268.5,272.0,282.9,268.15, 280.45,279.45,279.35,172894,482.98,5332, 50679, 29.31,0.29312179717052067,2023-03-21
PIXTRANS, EQ, 21-Mar-2023,745.65,749.85,766.05,744.15, 757.00,756.8,753.55,11478,86.49,1037, 7582, 66.06,0.6605680432131034,2023-03-21
PKTEA, BE, 21-Mar-2023,295.0,295.0,295.0,295.0, 295.00,295.0,295.0,10,0.03,2, -, -,,2023-03-21
PLASTIBLEN, EQ, 21-Mar-2023,150.65,152.75,153.65,150.6, 151.25,152.0,151.89,10971,16.66,654, 6890, 62.80,0.6280193236714976,2023-03-21
PNB, EQ, 21-Mar-2023,47.0,47.4,48.05,46.85, 47.65,47.75,47.45,40735601,19329.38,49029, 8067217, 19.80,0.19803849217788635,2023-03-21
PNBGILTS, EQ, 21-Mar-2023,58.0,58.45,58.5,57.9, 58.50,58.3,58.13,98944,57.52,908, 85182, 86.09,0.8609112225097024,2023-03-21
PNBHOUSING, EQ, 21-Mar-2023,508.05,510.6,514.5,499.0, 499.00,501.0,504.24,418815,2111.85,9399, 103482, 24.71,0.2470828408724616,2023-03-21
PNC, EQ, 21-Mar-2023,33.3,33.2,33.3,31.55, 32.90,32.35,32.84,15238,5.0,310, 11120, 72.98,0.729754560966006,2023-03-21
PNCINFRA, EQ, 21-Mar-2023,284.85,291.0,292.0,285.0, 286.25,285.85,288.02,339290,977.24,5494, 80625, 23.76,0.2376285773232338,2023-03-21
POCL, EQ, 21-Mar-2023,296.3,305.9,307.0,296.3, 304.00,303.6,301.44,10482,31.6,1242, 5258, 50.16,0.5016218278954399,2023-03-21
PODDARHOUS, EQ, 21-Mar-2023,89.8,92.0,92.7,85.9, 87.50,88.95,89.12,12620,11.25,281, 8020, 63.55,0.6354992076069731,2023-03-21
PODDARMENT, EQ, 21-Mar-2023,258.85,262.3,263.5,258.55, 260.85,261.3,260.84,2018,5.26,170, 1375, 68.14,0.6813676907829535,2023-03-21
POKARNA, EQ, 21-Mar-2023,268.8,270.1,274.85,257.75, 262.00,262.95,262.45,96850,254.19,6302, 48534, 50.11,0.5011254517294785,2023-03-21
POLICYBZR, EQ, 21-Mar-2023,581.8,587.0,597.0,581.0, 587.45,589.1,588.98,1053555,6205.19,25828, 360175, 34.19,0.3418663477464394,2023-03-21
POLYCAB, EQ, 21-Mar-2023,2864.45,2880.05,2899.0,2857.95, 2873.00,2864.0,2875.05,228098,6557.93,14288, 133255, 58.42,0.5842006505975502,2023-03-21
POLYMED, EQ, 21-Mar-2023,939.95,948.05,948.15,922.0, 924.00,928.1,933.47,30432,284.07,5416, 9622, 31.62,0.31618033648790744,2023-03-21
POLYPLEX, EQ, 21-Mar-2023,1230.45,1254.0,1283.95,1243.35, 1250.95,1255.5,1261.7,142498,1797.9,13114, 39965, 28.05,0.2804600766326545,2023-03-21
PONNIERODE, EQ, 21-Mar-2023,388.55,396.25,410.95,392.1, 400.00,399.6,401.31,40249,161.52,1656, 20305, 50.45,0.5044845834679123,2023-03-21
POONAWALLA, EQ, 21-Mar-2023,275.7,277.7,282.4,277.2, 280.25,281.1,279.79,883264,2471.31,9128, 392131, 44.40,0.4439567332077386,2023-03-21
POWERGRID, EQ, 21-Mar-2023,227.5,227.25,227.7,222.45, 223.10,223.15,223.81,8454591,18922.4,63435, 5321666, 62.94,0.6294409747319534,2023-03-21
POWERINDIA, EQ, 21-Mar-2023,3319.3,3335.8,3335.8,3220.05, 3244.00,3236.25,3275.41,39069,1279.67,4495, 29965, 76.70,0.7669763751311782,2023-03-21
POWERMECH, EQ, 21-Mar-2023,2207.35,2224.25,2244.45,2214.65, 2240.00,2234.6,2233.98,12311,275.03,2251, 4448, 36.13,0.3613028998456665,2023-03-21
PPAP, EQ, 21-Mar-2023,174.0,174.0,180.45,172.45, 174.00,175.0,176.34,5665,9.99,496, 3604, 63.62,0.6361871138570168,2023-03-21
PPL, EQ, 21-Mar-2023,142.05,142.6,148.7,142.6, 145.55,145.5,146.29,72317,105.8,1551, 41068, 56.79,0.5678886015736272,2023-03-21
PPLPHARMA, EQ, 21-Mar-2023,67.3,67.7,70.9,67.6, 68.90,68.7,69.43,5266746,3656.78,21418, 2477479, 47.04,0.47040031928632975,2023-03-21
PRAENG, EQ, 21-Mar-2023,10.7,10.7,11.25,10.6, 10.70,10.7,10.75,40522,4.35,412, 27973, 69.03,0.6903163713538325,2023-03-21
PRAJIND, EQ, 21-Mar-2023,333.2,334.5,337.5,327.0, 330.00,330.3,331.3,417199,1382.17,16133, 171926, 41.21,0.41209590627014925,2023-03-21
PRAKASH, EQ, 21-Mar-2023,51.1,51.4,51.9,51.0, 51.15,51.1,51.37,199836,102.65,1732, 133979, 67.04,0.6704447647070598,2023-03-21
PRAKASHSTL, EQ, 21-Mar-2023,3.9,4.0,4.0,3.9, 3.95,3.95,3.95,227074,8.97,456, 149174, 65.69,0.6569400283607987,2023-03-21
PRAXIS, EQ, 21-Mar-2023,20.7,21.5,21.5,20.2, 20.35,20.3,20.63,15865,3.27,145, 12128, 76.45,0.7644500472738733,2023-03-21
PRECAM, EQ, 21-Mar-2023,89.1,90.95,91.65,89.45, 91.00,90.65,90.59,53380,48.36,894, 33059, 61.93,0.6193143499437992,2023-03-21
PRECOT, EQ, 21-Mar-2023,155.15,156.0,161.95,149.1, 156.00,155.95,155.63,59720,92.94,1036, 55228, 92.48,0.9247823174815807,2023-03-21
PRECWIRE, EQ, 21-Mar-2023,60.65,61.8,61.8,59.4, 60.00,60.1,60.25,261274,157.41,2033, 196304, 75.13,0.7513338487564779,2023-03-21
PREMEXPLN, EQ, 21-Mar-2023,410.55,410.8,413.0,409.0, 412.15,410.9,410.99,2405,9.88,229, 1667, 69.31,0.6931392931392931,2023-03-21
PREMIER, BE, 21-Mar-2023,2.15,2.2,2.2,2.05, 2.15,2.15,2.15,10860,0.23,30, -, -,,2023-03-21
PREMIERPOL, EQ, 21-Mar-2023,76.25,77.2,78.35,76.4, 78.00,77.0,77.53,5377,4.17,133, 4102, 76.29,0.76287892877069,2023-03-21
PRESSMN, EQ, 21-Mar-2023,64.35,66.9,67.55,64.2, 67.00,67.25,66.63,34042,22.68,592, 21150, 62.13,0.6212913459843723,2023-03-21
PRESTIGE, EQ, 21-Mar-2023,412.45,414.9,415.55,407.0, 409.00,409.45,408.85,1346455,5504.95,13597, 1156854, 85.92,0.8591850451741796,2023-03-21
PRICOLLTD, EQ, 21-Mar-2023,176.5,177.5,189.35,175.25, 186.95,187.5,183.41,646433,1185.61,8498, 168615, 26.08,0.260839097013921,2023-03-21
PRIMESECU, EQ, 21-Mar-2023,98.75,98.35,101.0,97.75, 100.75,100.5,99.91,80640,80.57,500, 53475, 66.31,0.6631324404761905,2023-03-21
PRINCEPIPE, EQ, 21-Mar-2023,582.4,585.5,589.5,577.25, 583.00,580.85,582.96,43300,252.42,4928, 20729, 47.87,0.478729792147806,2023-03-21
PRITI, EQ, 21-Mar-2023,149.35,150.6,152.0,145.15, 145.50,146.0,147.38,17189,25.33,774, 10600, 61.67,0.6166734539531096,2023-03-21
PRITIKAUTO, EQ, 21-Mar-2023,14.35,14.65,15.1,14.55, 14.95,14.85,14.82,136954,20.3,534, 83980, 61.32,0.6131985922280474,2023-03-21
PRIVISCL, EQ, 21-Mar-2023,1063.35,1073.15,1077.7,1035.35, 1049.95,1048.3,1050.33,62562,657.11,6037, 22145, 35.40,0.3539688628880151,2023-03-21
PROZONINTU, EQ, 21-Mar-2023,22.85,22.85,23.3,22.45, 22.70,22.65,22.83,218447,49.88,690, 170116, 77.88,0.7787518253855626,2023-03-21
PRSMJOHNSN, EQ, 21-Mar-2023,102.6,102.6,104.65,102.6, 103.50,103.45,103.72,138263,143.41,2302, 66636, 48.20,0.4819510642760536,2023-03-21
PRUDENT, EQ, 21-Mar-2023,780.45,780.0,835.0,768.0, 833.00,830.25,821.29,49068,402.99,5943, 21849, 44.53,0.44528001956468577,2023-03-21
PSB, EQ, 21-Mar-2023,25.3,25.5,26.05,25.2, 25.65,25.85,25.65,989329,253.76,2106, 351051, 35.48,0.35483747064929866,2023-03-21
PSPPROJECT, EQ, 21-Mar-2023,665.5,669.95,679.0,665.0, 665.00,665.7,672.04,50899,342.06,6192, 19460, 38.23,0.38232578243187487,2023-03-21
PSUBANKICI, EQ, 21-Mar-2023,36.39,37.0,42.7,36.35, 36.61,36.61,36.83,9325,3.43,60, 6138, 65.82,0.658230563002681,2023-03-21
PSUBNKBEES, EQ, 21-Mar-2023,40.09,40.49,40.84,40.15, 40.65,40.73,40.53,1033173,418.73,3858, 629784, 60.96,0.6095629676733713,2023-03-21
PTC, EQ, 21-Mar-2023,89.05,89.45,90.1,88.55, 88.80,89.05,89.48,364872,326.48,2364, 241502, 66.19,0.6618814269113552,2023-03-21
PTL, EQ, 21-Mar-2023,30.3,30.2,30.5,30.2, 30.30,30.35,30.39,22646,6.88,395, 17743, 78.35,0.7834937737348759,2023-03-21
PUNJABCHEM, EQ, 21-Mar-2023,882.15,875.15,884.75,870.15, 870.15,872.45,877.06,5596,49.08,520, 4165, 74.43,0.7442816297355254,2023-03-21
PURVA, EQ, 21-Mar-2023,76.65,76.9,77.15,74.9, 75.30,75.15,75.72,82686,62.61,1129, 44548, 53.88,0.5387610961952447,2023-03-21
PVP, EQ, 21-Mar-2023,6.45,6.7,6.7,6.5, 6.55,6.6,6.6,543204,35.84,148, 529661, 97.51,0.975068298466138,2023-03-21
PVR, EQ, 21-Mar-2023,1546.05,1566.0,1585.0,1558.75, 1570.00,1570.2,1573.87,497876,7835.94,20643, 147907, 29.71,0.297075978757763,2023-03-21
QGOLDHALF, EQ, 21-Mar-2023,50.74,50.98,50.98,50.09, 50.20,50.17,50.24,85759,43.09,397, 77137, 89.95,0.8994624470901014,2023-03-21
QNIFTY, EQ, 21-Mar-2023,1799.73,1804.01,1840.0,1804.01, 1812.75,1812.8,1819.13,2394,43.55,163, 1800, 75.19,0.7518796992481203,2023-03-21
QUESS, EQ, 21-Mar-2023,346.6,348.1,352.8,344.5, 349.70,349.65,348.56,148618,518.03,6324, 75641, 50.90,0.5089625751927761,2023-03-21
QUICKHEAL, EQ, 21-Mar-2023,140.45,141.2,143.65,139.5, 142.00,141.95,141.65,52510,74.38,1832, 23657, 45.05,0.4505237097695677,2023-03-21
RADHIKAJWE, EQ, 21-Mar-2023,147.1,150.9,154.45,148.4, 154.30,154.2,152.66,56225,85.83,1894, 25235, 44.88,0.44882169853268117,2023-03-21
RADIANTCMS, EQ, 21-Mar-2023,92.3,93.45,93.7,91.45, 92.05,92.65,92.66,17930,16.61,407, 9660, 53.88,0.5387618516452872,2023-03-21
RADICO, EQ, 21-Mar-2023,1177.05,1175.0,1199.0,1162.8, 1192.05,1191.0,1176.49,119052,1400.64,9326, 65287, 54.84,0.5483906192252125,2023-03-21
RADIOCITY, EQ, 21-Mar-2023,10.5,10.65,10.65,10.45, 10.55,10.5,10.5,119212,12.52,276, 102443, 85.93,0.8593346307418717,2023-03-21
RAILTEL, EQ, 21-Mar-2023,102.2,102.5,103.4,102.05, 102.60,102.4,102.61,722569,741.43,6019, 335708, 46.46,0.46460338043840793,2023-03-21
RAIN, EQ, 21-Mar-2023,154.8,156.5,156.5,153.7, 154.90,155.0,154.82,642030,993.98,5325, 139923, 21.79,0.2179384140927994,2023-03-21
RAINBOW, EQ, 21-Mar-2023,739.65,743.8,744.85,734.95, 742.05,742.2,740.33,121051,896.18,7296, 94313, 77.91,0.7791178924585506,2023-03-21
RAJESHEXPO, EQ, 21-Mar-2023,645.55,652.0,658.95,641.05, 642.80,648.3,649.48,220791,1433.99,8068, 52224, 23.65,0.2365313803551775,2023-03-21
RAJMET, EQ, 21-Mar-2023,11.3,11.7,12.1,11.1, 11.20,11.25,11.5,280278,32.24,894, 198381, 70.78,0.707800826322437,2023-03-21
RAJRATAN, EQ, 21-Mar-2023,715.75,719.35,786.0,713.65, 778.00,775.15,763.24,119818,914.5,12219, 45944, 38.34,0.38344822981521975,2023-03-21
RAJRILTD, BE, 21-Mar-2023,74.95,73.45,73.45,73.45, 73.45,73.45,73.45,345,0.25,28, -, -,,2023-03-21
RAJSREESUG, EQ, 21-Mar-2023,37.75,38.5,38.8,37.5, 38.00,37.9,38.02,58887,22.39,780, 28019, 47.58,0.4758096014400462,2023-03-21
RAJTV, EQ, 21-Mar-2023,38.6,39.0,39.5,38.05, 39.50,39.5,38.82,1011,0.39,44, 633, 62.61,0.6261127596439169,2023-03-21
RALLIS, EQ, 21-Mar-2023,202.1,202.15,204.45,198.1, 198.90,199.3,200.87,170993,343.48,4494, 74057, 43.31,0.4330996005684443,2023-03-21
RAMANEWS, EQ, 21-Mar-2023,11.0,11.0,11.2,10.95, 11.20,11.0,11.0,33583,3.7,298, 20307, 60.47,0.6046809397611888,2023-03-21
RAMAPHO, EQ, 21-Mar-2023,185.6,188.35,189.85,185.1, 189.00,188.3,187.39,13828,25.91,1053, 9112, 65.90,0.658952849291293,2023-03-21
RAMASTEEL, EQ, 21-Mar-2023,29.85,30.0,30.55,29.2, 29.40,29.5,30.0,1095855,328.73,8696, 285055, 26.01,0.26012109266280664,2023-03-21
RAMCOCEM, EQ, 21-Mar-2023,719.1,720.0,728.95,717.05, 724.20,725.55,724.35,251028,1818.32,13157, 81979, 32.66,0.32657313128415955,2023-03-21
RAMCOIND, EQ, 21-Mar-2023,125.35,127.25,127.25,124.9, 125.25,125.65,125.73,79734,100.25,1763, 58731, 73.66,0.7365866506132892,2023-03-21
RAMCOSYS, EQ, 21-Mar-2023,210.9,212.2,213.65,207.6, 208.50,208.1,209.48,65099,136.37,2800, 39786, 61.12,0.6111614617736063,2023-03-21
RAMKY, EQ, 21-Mar-2023,275.6,279.0,279.0,268.65, 274.90,272.5,273.13,80170,218.97,2331, 46543, 58.06,0.5805538231258576,2023-03-21
RAMRAT, EQ, 21-Mar-2023,161.8,164.8,171.8,162.4, 164.00,164.95,166.99,33897,56.6,1097, 13465, 39.72,0.3972327934625483,2023-03-21
RANASUG, EQ, 21-Mar-2023,21.75,22.1,22.3,21.7, 21.85,21.75,21.99,331025,72.78,1708, 181252, 54.75,0.5475477682954459,2023-03-21
RANEENGINE, EQ, 21-Mar-2023,205.4,206.7,209.0,203.6, 206.10,206.85,207.1,1612,3.34,150, 799, 49.57,0.4956575682382134,2023-03-21
RANEHOLDIN, EQ, 21-Mar-2023,848.95,858.0,859.5,840.0, 840.00,844.2,850.04,4070,34.6,575, 2641, 64.89,0.6488943488943489,2023-03-21
RATEGAIN, EQ, 21-Mar-2023,334.8,337.95,339.3,331.0, 334.00,332.75,334.43,107906,360.87,5567, 54535, 50.54,0.5053935833039868,2023-03-21
RATNAMANI, EQ, 21-Mar-2023,2090.95,2099.95,2140.0,2077.75, 2102.50,2126.05,2103.73,26946,566.87,5415, 15488, 57.48,0.5747791880056409,2023-03-21
RAYMOND, EQ, 21-Mar-2023,1257.85,1259.9,1269.85,1241.0, 1249.10,1246.15,1252.82,105471,1321.36,6240, 43908, 41.63,0.4163040077367238,2023-03-21
RBA, EQ, 21-Mar-2023,90.85,91.6,92.15,90.15, 92.15,91.25,91.01,1235464,1124.46,4001, 1141261, 92.38,0.9237509146361205,2023-03-21
RBL, EQ, 21-Mar-2023,622.25,625.0,631.6,622.0, 630.40,628.4,627.49,2069,12.98,440, 947, 45.77,0.457709038182697,2023-03-21
RBLBANK, EQ, 21-Mar-2023,137.1,137.5,142.0,136.7, 141.85,141.55,139.9,10911685,15265.76,38649, 1409071, 12.91,0.12913413464556575,2023-03-21
RCF, EQ, 21-Mar-2023,96.8,97.5,98.15,96.8, 97.25,97.5,97.41,1766923,1721.18,7584, 559640, 31.67,0.3167314025568743,2023-03-21
RCOM, BE, 21-Mar-2023,1.5,1.5,1.5,1.45, 1.50,1.45,1.47,2646541,38.99,2549, -, -,,2023-03-21
RECLTD, EQ, 21-Mar-2023,116.15,116.95,118.85,116.2, 118.70,118.65,117.59,6321736,7433.68,34247, 3565340, 56.40,0.5639811596055261,2023-03-21
REDINGTON, EQ, 21-Mar-2023,160.7,161.5,165.35,160.35, 161.50,161.75,162.86,1085899,1768.5,11850, 524650, 48.31,0.4831480644148305,2023-03-21
REFEX, EQ, 21-Mar-2023,236.2,239.0,248.0,236.3, 245.90,246.9,244.23,189824,463.6,2664, 135338, 71.30,0.7129656945380984,2023-03-21
REGENCERAM, BE, 21-Mar-2023,20.1,20.1,20.6,20.1, 20.15,20.15,20.16,1361,0.27,15, -, -,,2023-03-21
RELAXO, EQ, 21-Mar-2023,786.15,787.1,825.0,786.15, 823.00,818.35,803.33,175769,1412.01,13882, 85467, 48.62,0.4862461526207693,2023-03-21
RELCAPITAL, BE, 21-Mar-2023,8.85,8.95,9.25,8.85, 9.05,9.0,9.07,452970,41.07,2969, -, -,,2023-03-21
RELCHEMQ, EQ, 21-Mar-2023,166.05,169.0,175.0,166.05, 172.75,172.1,171.42,4241,7.27,157, 3575, 84.30,0.8429615656684745,2023-03-21
RELIANCE, EQ, 21-Mar-2023,2201.25,2218.95,2274.0,2217.0, 2272.00,2269.7,2256.48,9876263,222855.72,342611, 5172557, 52.37,0.5237362553022332,2023-03-21
RELIGARE, EQ, 21-Mar-2023,149.6,149.7,150.4,147.3, 147.90,148.05,148.8,306996,456.81,3653, 218628, 71.22,0.7121526013368252,2023-03-21
RELINFRA, EQ, 21-Mar-2023,148.05,149.05,150.6,145.5, 146.50,146.85,147.36,1645929,2425.45,13915, 711356, 43.22,0.43219118200116774,2023-03-21
REMSONSIND, EQ, 21-Mar-2023,199.95,197.3,203.85,197.3, 198.25,201.4,200.93,1263,2.54,165, 594, 47.03,0.47030878859857483,2023-03-21
RENUKA, EQ, 21-Mar-2023,43.85,44.1,45.0,43.8, 44.00,44.05,44.29,5089213,2254.2,12265, 2032266, 39.93,0.39932814759374385,2023-03-21
REPCOHOME, EQ, 21-Mar-2023,179.15,180.05,180.1,176.0, 177.80,177.3,176.7,461562,815.59,7231, 376373, 81.54,0.8154332462377752,2023-03-21
REPL, EQ, 21-Mar-2023,140.1,141.9,142.0,134.0, 135.25,136.6,137.62,34621,47.65,713, 23444, 67.72,0.677161260506629,2023-03-21
REPRO, EQ, 21-Mar-2023,374.25,379.85,379.85,366.0, 370.40,370.75,370.36,14679,54.36,1350, 7980, 54.36,0.5436337625178826,2023-03-21
RESPONIND, EQ, 21-Mar-2023,116.0,118.35,118.35,115.0, 115.05,115.55,116.13,4426,5.14,156, 2510, 56.71,0.5671034794396747,2023-03-21
REVATHI, EQ, 21-Mar-2023,1235.8,1237.0,1257.05,1229.0, 1229.00,1234.7,1235.83,1395,17.24,165, 1038, 74.41,0.7440860215053764,2023-03-21
RGL, EQ, 21-Mar-2023,83.85,85.5,86.0,84.15, 85.10,85.4,85.05,80236,68.24,477, 6349, 7.91,0.07912906924572512,2023-03-21
RHFL, EQ, 21-Mar-2023,2.65,2.65,2.7,2.6, 2.60,2.65,2.67,482288,12.85,572, 257061, 53.30,0.5330031018810337,2023-03-21
RHIM, EQ, 21-Mar-2023,610.7,613.0,631.4,611.0, 621.80,626.35,616.48,291478,1796.9,10422, 169247, 58.07,0.5806510268356445,2023-03-21
RICOAUTO, EQ, 21-Mar-2023,66.7,66.7,68.9,66.7, 68.90,68.4,67.87,417128,283.12,3476, 216237, 51.84,0.518394833240636,2023-03-21
RIIL, EQ, 21-Mar-2023,783.4,786.0,804.2,784.2, 791.00,792.2,795.46,294679,2344.04,13215, 56395, 19.14,0.19137773645220732,2023-03-21
RITCO, EQ, 21-Mar-2023,160.8,165.85,165.85,157.3, 160.00,160.15,160.83,10900,17.53,1140, 3882, 35.61,0.3561467889908257,2023-03-21
RITES, EQ, 21-Mar-2023,350.45,353.7,360.8,351.45, 352.50,353.9,357.86,358696,1283.64,12390, 104173, 29.04,0.29042141534893057,2023-03-21
RKDL, EQ, 21-Mar-2023,14.75,15.15,15.2,14.8, 14.90,15.05,15.09,12079,1.82,25, 11840, 98.02,0.9802135938405497,2023-03-21
RKEC, EQ, 21-Mar-2023,51.05,51.9,54.2,51.55, 53.80,52.5,52.45,48130,25.24,229, 40713, 84.59,0.8458965302306254,2023-03-21
RKFORGE, EQ, 21-Mar-2023,269.4,271.6,273.6,267.0, 271.50,271.45,270.91,343920,931.72,6651, 118698, 34.51,0.34513258897418003,2023-03-21
RMCL, BZ, 21-Mar-2023,1.55,1.6,1.6,1.5, 1.50,1.5,1.52,10251,0.16,40, -, -,,2023-03-21
RML, EQ, 21-Mar-2023,416.6,420.6,428.45,417.3, 425.50,424.1,421.91,15075,63.6,1372, 7189, 47.69,0.47688225538971807,2023-03-21
RNAVAL, BZ, 21-Mar-2023,1.95,1.95,2.0,1.85, 2.00,2.0,1.92,742907,14.29,608, -, -,,2023-03-21
ROHLTD, EQ, 21-Mar-2023,246.8,251.0,251.85,237.2, 244.00,242.5,243.82,68180,166.24,3492, 34145, 50.08,0.5008066881783514,2023-03-21
ROLEXRINGS, EQ, 21-Mar-2023,1987.45,1997.9,1997.9,1940.0, 1959.90,1948.7,1958.01,19795,387.59,3404, 10045, 50.75,0.5074513766102551,2023-03-21
ROLLT, EQ, 21-Mar-2023,1.0,1.05,1.05,1.0, 1.00,1.0,1.03,212913,2.19,103, 210232, 98.74,0.98740800232959,2023-03-21
ROLTA, BZ, 21-Mar-2023,2.2,2.1,2.15,2.1, 2.10,2.1,2.1,282828,5.94,182, -, -,,2023-03-21
ROML, EQ, 21-Mar-2023,36.15,37.95,37.95,36.45, 37.95,37.95,37.88,88350,33.46,379, 75038, 84.93,0.8493265421618562,2023-03-21
ROSSARI, EQ, 21-Mar-2023,580.75,592.0,599.75,585.05, 598.00,597.2,593.64,44997,267.12,6156, 19519, 43.38,0.4337844745205236,2023-03-21
ROSSELLIND, EQ, 21-Mar-2023,246.0,254.0,254.0,238.85, 240.30,240.65,247.86,47998,118.97,4963, 20103, 41.88,0.4188299512479687,2023-03-21
ROTO, EQ, 21-Mar-2023,581.25,579.95,581.7,572.0, 572.50,575.4,575.98,23034,132.67,4285, 13060, 56.70,0.5669879308847791,2023-03-21
ROUTE, EQ, 21-Mar-2023,1346.85,1346.3,1366.5,1320.0, 1347.00,1353.45,1345.89,190630,2565.68,16072, 47654, 25.00,0.24998163982584062,2023-03-21
RPGLIFE, EQ, 21-Mar-2023,716.2,723.8,755.05,723.7, 738.15,743.55,744.37,63367,471.68,5210, 19505, 30.78,0.30781005886344626,2023-03-21
RPOWER, EQ, 21-Mar-2023,10.3,10.4,10.45,10.2, 10.25,10.25,10.31,11116475,1146.21,9250, 5447286, 49.00,0.4900191832392912,2023-03-21
RPPINFRA, EQ, 21-Mar-2023,39.0,39.2,40.5,38.8, 39.10,39.45,39.61,33942,13.44,691, 20806, 61.30,0.6129868599375405,2023-03-21
RPPL, EQ, 21-Mar-2023,146.1,149.45,150.05,147.35, 149.50,149.25,148.85,5627,8.38,578, 2724, 48.41,0.4840945441620757,2023-03-21
RPSGVENT, EQ, 21-Mar-2023,390.75,390.55,397.9,388.0, 397.45,395.45,391.64,23374,91.54,1476, 16897, 72.29,0.7228972362454009,2023-03-21
RSSOFTWARE, EQ, 21-Mar-2023,23.6,24.0,24.15,23.4, 24.10,24.05,23.89,34296,8.19,299, 24422, 71.21,0.7120947049218568,2023-03-21
RSWM, EQ, 21-Mar-2023,163.5,165.0,165.05,153.9, 155.50,155.25,158.84,180107,286.08,3503, 122432, 67.98,0.6797736900842277,2023-03-21
RSYSTEMS, EQ, 21-Mar-2023,252.4,252.4,256.9,251.95, 255.00,255.0,254.43,76278,194.08,2101, 44790, 58.72,0.5871942106505152,2023-03-21
RTNINDIA, EQ, 21-Mar-2023,36.1,36.5,37.1,35.8, 36.15,36.05,36.27,1085704,393.75,3750, 560625, 51.64,0.5163700235054859,2023-03-21
RTNPOWER, EQ, 21-Mar-2023,3.25,3.25,3.3,3.15, 3.20,3.2,3.22,6844494,220.24,3940, 3686708, 53.86,0.5386385027147368,2023-03-21
RUBYMILLS, EQ, 21-Mar-2023,161.85,162.05,164.95,159.1, 159.60,160.05,161.48,4566,7.37,339, 2764, 60.53,0.6053438458169076,2023-03-21
RUCHINFRA, BE, 21-Mar-2023,8.2,8.25,8.25,7.9, 8.00,8.05,8.11,37395,3.03,216, -, -,,2023-03-21
RUCHIRA, EQ, 21-Mar-2023,99.7,99.7,101.9,98.1, 98.10,99.1,99.62,95575,95.22,1392, 56789, 59.42,0.5941825791263405,2023-03-21
RUPA, EQ, 21-Mar-2023,212.75,213.75,227.15,213.2, 219.00,218.25,221.37,753250,1667.44,18519, 180800, 24.00,0.24002655160969133,2023-03-21
RUSHIL, EQ, 21-Mar-2023,275.5,279.65,285.0,266.1, 278.00,279.8,274.22,110732,303.64,4350, 51001, 46.06,0.46058050066828016,2023-03-21
RUSTOMJEE, EQ, 21-Mar-2023,454.3,454.3,464.8,450.05, 462.00,458.35,455.82,13040,59.44,1551, 7671, 58.83,0.5882668711656441,2023-03-21
RVHL, EQ, 21-Mar-2023,21.95,21.85,22.85,21.45, 21.60,21.7,21.61,15949,3.45,106, 12859, 80.63,0.8062574456078752,2023-03-21
RVNL, EQ, 21-Mar-2023,64.6,65.6,65.9,63.5, 63.75,64.15,65.0,7922128,5149.54,26506, 2841679, 35.87,0.35870147515919965,2023-03-21
SABTN, BE, 21-Mar-2023,1.6,1.55,1.6,1.55, 1.60,1.55,1.56,6987,0.11,23, -, -,,2023-03-21
SADBHAV, EQ, 21-Mar-2023,11.05,11.05,11.05,10.8, 10.80,10.85,10.86,323928,35.17,712, 247649, 76.45,0.7645186584673137,2023-03-21
SADBHIN, EQ, 21-Mar-2023,3.5,3.45,3.6,3.45, 3.60,3.5,3.5,276131,9.68,311, 209370, 75.82,0.7582270733818369,2023-03-21
SAFARI, EQ, 21-Mar-2023,1979.35,2005.1,2020.0,1949.55, 1980.50,1999.4,1983.57,14861,294.78,4076, 5574, 37.51,0.37507570150057196,2023-03-21
SAGARDEEP, EQ, 21-Mar-2023,23.05,23.05,23.3,22.0, 22.75,22.25,22.55,9983,2.25,179, 8970, 89.85,0.8985274967444656,2023-03-21
SAGCEM, EQ, 21-Mar-2023,201.6,201.6,203.2,197.7, 199.00,199.35,200.85,21309,42.8,1075, 9871, 46.32,0.4632314984278943,2023-03-21
SAH, EQ, 21-Mar-2023,74.45,76.0,76.0,71.8, 72.30,72.15,73.04,104071,76.02,1865, 20118, 19.33,0.19331033621277782,2023-03-21
SAIL, EQ, 21-Mar-2023,86.6,87.05,87.55,86.25, 87.05,87.05,86.95,9170696,7973.5,19757, 3158970, 34.45,0.3444634954642483,2023-03-21
SAKAR, EQ, 21-Mar-2023,216.85,216.9,223.0,216.0, 222.30,222.35,220.09,14598,32.13,582, 7286, 49.91,0.49910946705028086,2023-03-21
SAKHTISUG, EQ, 21-Mar-2023,19.95,20.15,20.8,20.1, 20.75,20.6,20.45,201585,41.23,640, 135679, 67.31,0.6730609916412431,2023-03-21
SAKSOFT, EQ, 21-Mar-2023,145.6,146.6,146.9,143.65, 144.60,144.45,145.23,155906,226.41,3541, 73697, 47.27,0.4727014996215668,2023-03-21
SAKUMA, EQ, 21-Mar-2023,11.9,12.1,12.25,11.8, 11.85,11.85,11.89,437047,51.97,925, 342513, 78.37,0.7836983207755688,2023-03-21
SALASAR, EQ, 21-Mar-2023,42.75,43.2,43.2,42.15, 42.50,42.4,42.24,802639,339.01,1182, 696363, 86.76,0.8675917816104126,2023-03-21
SALONA, EQ, 21-Mar-2023,219.7,218.9,226.8,215.05, 216.00,216.3,218.84,1458,3.19,360, 752, 51.58,0.5157750342935528,2023-03-21
SALSTEEL, EQ, 21-Mar-2023,14.8,14.9,15.2,14.75, 15.05,15.05,14.99,76089,11.4,419, 48066, 63.17,0.6317076055671648,2023-03-21
SALZERELEC, EQ, 21-Mar-2023,251.95,259.4,259.4,243.65, 244.50,244.85,247.48,74790,185.09,3258, 43797, 58.56,0.5855996791014841,2023-03-21
SAMBHAAV, EQ, 21-Mar-2023,2.7,2.75,2.95,2.6, 2.80,2.75,2.69,121204,3.26,172, 69730, 57.53,0.5753110458400713,2023-03-21
SANCO, BE, 21-Mar-2023,7.75,7.6,7.9,7.55, 7.65,7.65,7.68,3448,0.26,30, -, -,,2023-03-21
SANDESH, EQ, 21-Mar-2023,810.25,820.95,821.0,782.2, 793.00,793.5,795.52,1435,11.42,256, 1080, 75.26,0.7526132404181185,2023-03-21
SANDHAR, EQ, 21-Mar-2023,214.95,216.45,216.45,211.8, 215.00,215.1,214.71,36459,78.28,2608, 27849, 76.38,0.763844318275323,2023-03-21
SANGAMIND, EQ, 21-Mar-2023,235.0,239.95,239.95,231.0, 235.65,234.55,234.34,7543,17.68,628, 3794, 50.30,0.5029828980511732,2023-03-21
SANGHIIND, EQ, 21-Mar-2023,57.35,58.9,60.2,57.8, 60.20,60.2,59.95,238353,142.88,721, 220339, 92.44,0.9244230196389389,2023-03-21
SANGHVIMOV, EQ, 21-Mar-2023,343.8,346.1,349.7,341.35, 344.15,343.85,345.91,31301,108.27,2224, 16921, 54.06,0.5405897575157343,2023-03-21
SANGINITA, EQ, 21-Mar-2023,17.5,17.6,18.5,17.5, 18.50,18.15,17.95,9607,1.72,88, 7825, 81.45,0.8145102529405641,2023-03-21
SANOFI, EQ, 21-Mar-2023,5714.85,5710.0,5750.0,5706.3, 5709.20,5715.8,5719.91,10224,584.8,2527, 7100, 69.44,0.6944444444444444,2023-03-21
SANSERA, EQ, 21-Mar-2023,727.75,728.0,747.8,717.2, 723.00,733.2,727.58,20550,149.52,3544, 9722, 47.31,0.47309002433090025,2023-03-21
SANWARIA, BZ, 21-Mar-2023,0.5,0.5,0.5,0.45, 0.45,0.45,0.45,4165558,18.92,997, -, -,,2023-03-21
SAPPHIRE, EQ, 21-Mar-2023,1177.4,1177.0,1297.0,1170.5, 1185.05,1224.65,1214.97,91369,1110.11,8177, 50996, 55.81,0.5581324081471833,2023-03-21
SARDAEN, EQ, 21-Mar-2023,1046.2,1054.0,1067.65,1033.0, 1053.00,1050.05,1047.86,22325,233.93,3199, 9161, 41.03,0.4103471444568869,2023-03-21
SAREGAMA, EQ, 21-Mar-2023,320.4,322.9,369.5,320.5, 333.60,344.45,356.65,3729038,13299.44,72836, 719085, 19.28,0.19283391587857243,2023-03-21
SARLAPOLY, EQ, 21-Mar-2023,35.6,36.0,36.2,35.65, 36.00,35.9,36.01,81468,29.34,354, 73338, 90.02,0.900206215937546,2023-03-21
SARVESHWAR, EQ, 21-Mar-2023,75.45,75.6,77.7,75.0, 76.40,75.55,76.19,9572,7.29,225, 6463, 67.52,0.6751984956122022,2023-03-21
SASKEN, EQ, 21-Mar-2023,787.85,791.8,798.95,789.65, 795.00,791.95,793.06,2603,20.64,482, 1556, 59.78,0.5977718017671917,2023-03-21
SASTASUNDR, EQ, 21-Mar-2023,234.05,238.9,240.0,235.0, 235.25,237.75,237.6,10640,25.28,763, 5774, 54.27,0.5426691729323309,2023-03-21
SATIA, EQ, 21-Mar-2023,112.3,114.0,114.15,112.0, 113.50,113.1,112.98,54854,61.98,1662, 33793, 61.61,0.6160535238998067,2023-03-21
SATIN, EQ, 21-Mar-2023,125.65,129.0,129.0,125.3, 126.50,126.45,126.59,48495,61.39,1172, 29138, 60.08,0.6008454479843283,2023-03-21
SATINDLTD, EQ, 21-Mar-2023,62.15,64.0,66.0,62.4, 65.00,64.75,64.07,88058,56.42,625, 40297, 45.76,0.45761884212678006,2023-03-21
SBC, EQ, 21-Mar-2023,17.05,17.25,17.35,16.3, 16.55,16.55,16.96,1789817,303.55,2216, 599722, 33.51,0.33507447968144227,2023-03-21
SBCL, EQ, 21-Mar-2023,409.85,414.5,420.0,405.0, 417.00,417.2,416.99,40938,170.71,3015, 24532, 59.92,0.5992476427768821,2023-03-21
SBGLP, EQ, 21-Mar-2023,185.75,188.4,194.9,175.2, 175.60,179.5,188.12,25010,47.05,716, 10939, 43.74,0.4373850459816074,2023-03-21
SBICARD, EQ, 21-Mar-2023,710.6,715.0,725.95,712.1, 718.80,717.45,719.34,696600,5010.9,22706, 334010, 47.95,0.47948607522250936,2023-03-21
SBIETFCON, EQ, 21-Mar-2023,72.03,72.3,72.5,71.06, 72.12,72.12,72.11,1303,0.94,61, 730, 56.02,0.5602455871066769,2023-03-21
SBIETFIT, EQ, 21-Mar-2023,295.52,297.99,297.99,293.25, 294.00,293.62,294.27,7948,23.39,293, 7113, 89.49,0.8949421238047307,2023-03-21
SBIETFPB, EQ, 21-Mar-2023,200.04,200.04,204.0,200.04, 204.00,202.98,201.74,2383,4.81,61, 1992, 83.59,0.8359211078472514,2023-03-21
SBIETFQLTY, EQ, 21-Mar-2023,146.62,146.62,147.16,146.62, 146.98,146.97,146.94,720,1.06,52, 511, 70.97,0.7097222222222223,2023-03-21
SBILIFE, EQ, 21-Mar-2023,1074.1,1075.05,1099.7,1075.05, 1098.45,1097.7,1092.04,842669,9202.32,44658, 394420, 46.81,0.46806041280740124,2023-03-21
SBIN, EQ, 21-Mar-2023,519.2,522.0,523.45,516.45, 521.75,521.85,520.33,29485180,153419.48,295453, 19906339, 67.51,0.6751303197063745,2023-03-21
SCAPDVR, EQ, 21-Mar-2023,13.3,13.7,13.7,12.9, 13.50,13.45,13.44,323783,43.51,595, 198747, 61.38,0.6138277797166621,2023-03-21
SCHAEFFLER, EQ, 21-Mar-2023,2751.8,2751.8,2780.0,2742.15, 2748.00,2749.7,2752.33,74709,2056.24,13973, 48540, 64.97,0.6497209171585753,2023-03-21
SCHAND, EQ, 21-Mar-2023,218.7,221.45,235.0,221.0, 221.95,222.45,226.63,538507,1220.42,13831, 132558, 24.62,0.24615836005845793,2023-03-21
SCHNEIDER, EQ, 21-Mar-2023,154.25,155.05,156.3,153.5, 154.25,154.5,154.52,153651,237.41,3494, 64459, 41.95,0.41951565560914017,2023-03-21
SCI, EQ, 21-Mar-2023,131.65,133.9,137.95,131.75, 137.25,136.85,134.99,3612117,4876.14,19541, 1304311, 36.11,0.36109323147616756,2023-03-21
SCPL, EQ, 21-Mar-2023,561.4,563.4,572.9,560.8, 569.45,569.1,564.06,25625,144.54,933, 2907, 11.34,0.11344390243902439,2023-03-21
SDBL, EQ, 21-Mar-2023,135.8,137.7,137.95,131.0, 133.85,132.0,133.28,310504,413.83,4420, 157816, 50.83,0.508257542575941,2023-03-21
SDL24BEES, EQ, 21-Mar-2023,111.7,111.75,111.75,111.55, 111.56,111.56,111.67,1576,1.76,18, 1077, 68.34,0.6833756345177665,2023-03-21
SDL26BEES, EQ, 21-Mar-2023,111.23,110.96,111.15,110.79, 111.15,111.14,111.01,38550,42.79,33, 28106, 72.91,0.7290791180285344,2023-03-21
SEAMECLTD, EQ, 21-Mar-2023,719.55,725.9,738.35,703.0, 711.00,709.6,715.86,13251,94.86,1299, 4809, 36.29,0.3629160063391442,2023-03-21
SECURCRED, EQ, 21-Mar-2023,26.95,27.0,28.6,26.65, 27.40,27.85,27.39,69764,19.11,659, 19700, 28.24,0.2823805974428072,2023-03-21
SECURKLOUD, EQ, 21-Mar-2023,43.85,43.95,44.05,41.65, 41.80,41.9,42.11,63605,26.78,516, 38562, 60.63,0.6062730917380709,2023-03-21
SEJALLTD, BE, 21-Mar-2023,238.5,238.5,250.4,238.5, 250.40,249.2,248.38,3889,9.66,53, -, -,,2023-03-21
SELAN, EQ, 21-Mar-2023,239.3,242.9,245.95,240.15, 240.55,241.8,242.94,33888,82.33,1485, 21540, 63.56,0.6356232294617564,2023-03-21
SELMC, BE, 21-Mar-2023,181.75,178.15,178.15,178.15, 178.15,178.15,178.15,2049,3.65,40, -, -,,2023-03-21
SEPC, EQ, 21-Mar-2023,13.55,13.6,14.2,13.6, 13.80,13.75,13.9,1624551,225.78,1619, 1039963, 64.02,0.6401541102741619,2023-03-21
SEPOWER, EQ, 21-Mar-2023,13.4,13.95,13.95,13.0, 13.10,13.15,13.18,36555,4.82,167, 20545, 56.20,0.5620298180823416,2023-03-21
SEQUENT, EQ, 21-Mar-2023,73.9,76.0,79.4,75.35, 78.30,78.5,78.11,8760573,6842.7,42294, 1124566, 12.84,0.12836671756516382,2023-03-21
SERVOTECH, BE, 21-Mar-2023,38.95,39.0,40.05,39.0, 39.15,39.2,39.65,22425,8.89,205, -, -,,2023-03-21
SESHAPAPER, EQ, 21-Mar-2023,239.05,242.65,247.65,242.05, 247.55,246.2,244.74,32664,79.94,1418, 18290, 55.99,0.5599436688709283,2023-03-21
SETCO, EQ, 21-Mar-2023,6.85,6.85,7.2,6.5, 6.70,6.65,6.79,349391,23.72,1126, 299727, 85.79,0.8578555257576755,2023-03-21
SETF10GILT, EQ, 21-Mar-2023,209.45,208.66,209.25,208.66, 209.00,208.99,209.03,13697,28.63,16, 13447, 98.17,0.981747827991531,2023-03-21
SETFGOLD, EQ, 21-Mar-2023,52.05,52.35,52.35,51.63, 51.88,51.79,52.16,1368528,713.87,3259, 1104449, 80.70,0.8070342733214081,2023-03-21
SETFNIF50, EQ, 21-Mar-2023,176.16,176.96,177.48,176.34, 177.46,177.3,176.85,346342,612.52,1982, 291659, 84.21,0.8421127094028446,2023-03-21
SETFNIFBK, EQ, 21-Mar-2023,394.45,396.94,401.6,394.6, 399.46,399.7,398.23,309414,1232.19,4522, 185768, 60.04,0.6003865371314808,2023-03-21
SETFNN50, EQ, 21-Mar-2023,392.44,393.71,395.97,392.7, 395.75,394.16,393.83,199285,784.85,492, 179115, 89.88,0.8987881676995259,2023-03-21
SETUINFRA, BE, 21-Mar-2023,1.0,1.05,1.05,0.95, 1.05,0.95,1.02,56011,0.57,59, -, -,,2023-03-21
SEYAIND, BE, 21-Mar-2023,28.75,28.5,29.3,27.65, 28.50,28.3,28.56,11562,3.3,59, -, -,,2023-03-21
SFL, EQ, 21-Mar-2023,1096.45,1101.85,1101.85,1085.0, 1096.00,1091.85,1093.03,5714,62.46,1408, 3144, 55.02,0.5502275113755688,2023-03-21
SGIL, EQ, 21-Mar-2023,127.9,130.8,130.8,120.0, 124.00,124.4,120.8,83186,100.49,1300, 73877, 88.81,0.8880941504580098,2023-03-21
SGL, EQ, 21-Mar-2023,12.8,13.35,13.35,12.75, 12.90,12.95,13.03,5407,0.7,41, 5249, 97.08,0.9707786203070095,2023-03-21
SHAHALLOYS, EQ, 21-Mar-2023,46.35,47.7,47.7,45.0, 45.95,45.8,46.04,14581,6.71,252, 10812, 74.15,0.7415129277827309,2023-03-21
SHAILY, EQ, 21-Mar-2023,968.75,1014.8,1038.0,978.0, 978.00,997.65,997.11,6951,69.31,901, 5438, 78.23,0.7823334771975256,2023-03-21
SHAKTIPUMP, EQ, 21-Mar-2023,410.9,415.0,416.2,405.3, 408.50,408.35,410.06,41808,171.44,2997, 25115, 60.07,0.600722349789514,2023-03-21
SHALBY, EQ, 21-Mar-2023,122.85,123.45,124.65,122.2, 122.25,122.65,123.28,31544,38.89,675, 18111, 57.42,0.5741503931016992,2023-03-21
SHALPAINTS, EQ, 21-Mar-2023,144.35,146.9,149.2,143.85, 145.00,145.15,146.5,29749,43.58,777, 15753, 52.95,0.5295304043833406,2023-03-21
SHANKARA, EQ, 21-Mar-2023,642.6,645.85,647.1,631.0, 635.00,634.0,637.99,18485,117.93,1960, 11212, 60.65,0.6065458479848526,2023-03-21
SHANTI, EQ, 21-Mar-2023,15.2,15.3,15.7,15.25, 15.55,15.4,15.39,3064,0.47,40, 2487, 81.17,0.8116840731070496,2023-03-21
SHANTIGEAR, EQ, 21-Mar-2023,364.65,370.1,382.5,363.5, 381.45,379.9,376.07,193708,728.47,7709, 61089, 31.54,0.3153664278191918,2023-03-21
SHARDACROP, EQ, 21-Mar-2023,438.4,446.95,457.65,437.25, 451.00,451.1,450.89,135376,610.4,9776, 57463, 42.45,0.4244696253397944,2023-03-21
SHARDAMOTR, EQ, 21-Mar-2023,574.2,579.95,589.6,577.9, 585.00,582.3,582.79,12008,69.98,1702, 5509, 45.88,0.45877748167888077,2023-03-21
SHAREINDIA, EQ, 21-Mar-2023,1021.3,1036.6,1047.0,1000.1, 1040.25,1044.3,1037.57,78403,813.49,2536, 20454, 26.09,0.2608828743798069,2023-03-21
SHARIABEES, EQ, 21-Mar-2023,389.11,390.28,390.28,387.01, 388.22,388.02,388.5,916,3.56,59, 679, 74.13,0.7412663755458515,2023-03-21
SHEMAROO, EQ, 21-Mar-2023,110.45,110.65,113.85,109.25, 109.45,110.6,111.73,29171,32.59,702, 19450, 66.68,0.6667580816564396,2023-03-21
SHILPAMED, EQ, 21-Mar-2023,249.15,250.35,254.0,242.35, 243.50,244.2,246.99,609451,1505.27,17160, 118028, 19.37,0.1936628211291802,2023-03-21
SHIVALIK, EQ, 21-Mar-2023,635.55,631.65,663.9,631.65, 650.00,657.95,652.13,8426,54.95,596, 6518, 77.36,0.7735580346546403,2023-03-21
SHIVAMAUTO, EQ, 21-Mar-2023,24.2,24.0,24.4,23.6, 23.80,23.7,23.84,21812,5.2,321, 15927, 73.02,0.7301943884100495,2023-03-21
SHIVAMILLS, EQ, 21-Mar-2023,76.75,77.3,79.45,77.05, 77.90,77.75,77.75,1571,1.22,101, 921, 58.63,0.5862507956715468,2023-03-21
SHIVATEX, EQ, 21-Mar-2023,109.0,110.0,114.8,107.1, 109.35,109.7,110.86,17212,19.08,611, 8756, 50.87,0.5087148501045782,2023-03-21
SHK, EQ, 21-Mar-2023,89.95,91.25,95.0,89.9, 93.00,93.5,93.4,294072,274.67,4713, 191755, 65.21,0.6520682009847928,2023-03-21
SHOPERSTOP, EQ, 21-Mar-2023,622.65,621.2,639.0,606.0, 628.00,629.0,616.64,145687,898.36,11058, 88869, 61.00,0.6099995195178705,2023-03-21
SHRADHA, EQ, 21-Mar-2023,43.05,44.4,44.4,41.5, 42.00,41.7,42.52,13684,5.82,196, 11279, 82.42,0.8242472961122479,2023-03-21
SHREDIGCEM, EQ, 21-Mar-2023,61.9,62.95,63.0,61.75, 62.95,62.6,62.42,58473,36.5,1047, 32000, 54.73,0.5472611290681169,2023-03-21
SHREECEM, EQ, 21-Mar-2023,25076.2,25190.0,25190.0,24878.05, 25169.10,25142.9,25063.69,29461,7384.01,9670, 10252, 34.80,0.3479854723193374,2023-03-21
SHREEPUSHK, EQ, 21-Mar-2023,153.95,156.25,158.4,153.55, 156.00,155.95,155.03,23360,36.21,835, 14502, 62.08,0.6208047945205479,2023-03-21
SHREERAMA, EQ, 21-Mar-2023,8.85,9.2,9.2,8.5, 8.85,8.6,8.76,56471,4.95,325, 37388, 66.21,0.6620743390412778,2023-03-21
SHRENIK, EQ, 21-Mar-2023,1.1,1.15,1.15,1.0, 1.10,1.05,1.07,3200735,34.22,711, 2484836, 77.63,0.7763329360287559,2023-03-21
SHREYANIND, EQ, 21-Mar-2023,145.5,147.6,150.45,146.0, 147.75,148.15,148.43,9306,13.81,354, 5671, 60.94,0.6093917902428541,2023-03-21
SHREYAS, EQ, 21-Mar-2023,238.15,251.4,251.4,243.9, 246.30,246.55,246.56,46427,114.47,1769, 25044, 53.94,0.5394274883149891,2023-03-21
SHRIPISTON, BE, 21-Mar-2023,1060.0,1060.0,1074.2,1055.0, 1060.00,1064.8,1061.75,539,5.72,26, -, -,,2023-03-21
SHRIRAMFIN, EQ, 21-Mar-2023,1219.7,1233.4,1288.65,1218.1, 1261.75,1260.5,1245.56,1015872,12653.28,73347, 626482, 61.67,0.6166938354438355,2023-03-21
SHRIRAMPPS, EQ, 21-Mar-2023,59.0,59.0,59.9,58.5, 58.90,58.95,58.93,251238,148.06,1950, 183049, 72.86,0.728588032065213,2023-03-21
SHYAMCENT, EQ, 21-Mar-2023,17.25,17.5,17.8,17.3, 17.40,17.5,17.52,72803,12.75,560, 38459, 52.83,0.5282611980275538,2023-03-21
SHYAMMETL, EQ, 21-Mar-2023,276.9,282.0,282.5,272.75, 275.15,277.1,277.17,155019,429.67,4188, 81670, 52.68,0.5268386455853799,2023-03-21
SHYAMTEL, EQ, 21-Mar-2023,8.1,8.0,8.3,7.8, 8.10,7.8,7.92,2658,0.21,49, 2658, 100.00,1.0,2023-03-21
SIEMENS, EQ, 21-Mar-2023,3292.25,3305.0,3332.85,3283.0, 3319.00,3313.15,3304.85,226226,7476.42,18764, 90174, 39.86,0.3986013986013986,2023-03-21
SIGACHI, EQ, 21-Mar-2023,244.75,247.9,247.9,235.25, 241.45,240.6,240.39,131285,315.59,7308, 58278, 44.39,0.44390448261416005,2023-03-21
SIGIND, EQ, 21-Mar-2023,36.0,35.5,37.1,35.5, 36.50,36.55,36.68,13266,4.87,187, 8887, 66.99,0.6699080355796774,2023-03-21
SIKKO, EQ, 21-Mar-2023,81.45,80.8,82.45,77.6, 79.20,78.35,79.28,17504,13.88,696, 9203, 52.58,0.5257655393053017,2023-03-21
SIL, BE, 21-Mar-2023,27.05,26.85,27.45,26.5, 26.95,26.95,26.93,36417,9.81,507, -, -,,2023-03-21
SILGO, EQ, 21-Mar-2023,18.05,18.25,18.4,17.5, 17.75,17.8,17.74,10031,1.78,93, 6705, 66.84,0.6684278735918652,2023-03-21
SILINV, EQ, 21-Mar-2023,270.45,268.1,282.2,268.0, 282.00,281.45,278.55,359,1.0,44, 178, 49.58,0.4958217270194986,2023-03-21
SILLYMONKS, EQ, 21-Mar-2023,17.05,17.75,17.75,16.2, 16.60,16.95,16.41,21245,3.49,107, 15210, 71.59,0.7159331607437044,2023-03-21
SILVER, EQ, 21-Mar-2023,69.65,69.65,70.02,69.47, 69.69,69.55,69.61,120611,83.96,433, 110011, 91.21,0.9121141521088458,2023-03-21
SILVERBEES, EQ, 21-Mar-2023,67.59,67.6,67.97,67.15, 67.43,67.36,67.46,1375348,927.87,3126, 1037944, 75.47,0.7546773616568315,2023-03-21
SILVERTUC, EQ, 21-Mar-2023,345.5,342.9,375.0,342.9, 345.05,352.4,357.79,17057,61.03,1035, 5915, 34.68,0.3467784487307264,2023-03-21
SIMBHALS, EQ, 21-Mar-2023,20.4,20.4,21.45,20.15, 21.00,20.8,20.86,53920,11.25,230, 32293, 59.89,0.5989057863501484,2023-03-21
SIMPLEXINF, EQ, 21-Mar-2023,36.4,37.5,39.35,37.0, 38.50,38.55,38.21,188545,72.04,1504, 98603, 52.30,0.5229679917261131,2023-03-21
SINTERCOM, EQ, 21-Mar-2023,100.1,100.2,101.95,100.05, 100.05,100.05,100.13,354,0.35,16, 282, 79.66,0.7966101694915254,2023-03-21
SIRCA, EQ, 21-Mar-2023,627.75,627.75,646.4,623.0, 634.25,632.2,638.06,34688,221.33,3324, 9967, 28.73,0.287332795202952,2023-03-21
SIS, EQ, 21-Mar-2023,342.0,343.75,343.75,328.5, 336.00,334.95,336.21,67348,226.43,5103, 34534, 51.28,0.5127694957534003,2023-03-21
SITINET, EQ, 21-Mar-2023,1.1,1.15,1.15,1.1, 1.15,1.15,1.14,1981903,22.63,557, 1386185, 69.94,0.6994212128444227,2023-03-21
SIYSIL, EQ, 21-Mar-2023,432.7,436.0,441.6,424.5, 425.90,429.5,433.43,83705,362.8,5060, 47884, 57.21,0.5720566274416105,2023-03-21
SJS, EQ, 21-Mar-2023,393.8,395.0,403.55,387.55, 401.10,402.15,396.39,21348,84.62,2259, 11471, 53.73,0.5373337080756979,2023-03-21
SJVN, EQ, 21-Mar-2023,30.85,31.0,31.4,30.75, 31.20,31.15,31.07,2175612,675.99,4777, 924083, 42.47,0.42474623232451375,2023-03-21
SKFINDIA, EQ, 21-Mar-2023,4316.35,4331.8,4336.1,4262.0, 4274.00,4272.05,4288.19,5220,223.84,2076, 2939, 56.30,0.5630268199233717,2023-03-21
SKIPPER, EQ, 21-Mar-2023,95.9,96.65,100.0,96.65, 97.55,98.0,98.75,168816,166.71,2581, 84046, 49.79,0.49785565349255995,2023-03-21
SKMEGGPROD, EQ, 21-Mar-2023,131.0,134.6,137.55,131.05, 137.00,137.35,136.05,145498,197.95,2308, 82098, 56.43,0.5642551787653438,2023-03-21
SKYGOLD, EQ, 21-Mar-2023,268.05,267.05,271.7,264.2, 266.00,264.9,266.56,29419,78.42,1110, 23581, 80.16,0.8015568170230123,2023-03-21
SMARTLINK, EQ, 21-Mar-2023,153.45,155.1,167.3,148.5, 151.00,153.3,157.31,94403,148.5,1790, 39956, 42.32,0.42324926114636185,2023-03-21
SMCGLOBAL, EQ, 21-Mar-2023,73.85,74.85,74.85,73.2, 74.15,74.35,74.16,125137,92.81,679, 98509, 78.72,0.7872092186963089,2023-03-21
SMLISUZU, EQ, 21-Mar-2023,680.7,678.25,715.55,670.45, 689.95,688.55,693.2,17464,121.06,1865, 7650, 43.80,0.4380439761795694,2023-03-21
SMLT, EQ, 21-Mar-2023,161.95,161.55,166.9,159.95, 166.25,162.9,163.2,54711,89.29,3798, 26536, 48.50,0.4850212937069328,2023-03-21
SMSLIFE, EQ, 21-Mar-2023,540.5,539.2,544.95,530.0, 530.00,530.1,532.01,17091,90.93,109, 16824, 98.44,0.9843777426715815,2023-03-21
SMSPHARMA, EQ, 21-Mar-2023,65.9,66.75,67.15,63.8, 65.50,65.25,65.65,103085,67.67,576, 87035, 84.43,0.8443032448949895,2023-03-21
SNOWMAN, EQ, 21-Mar-2023,31.2,31.3,31.55,30.8, 31.15,31.15,31.21,93098,29.06,600, 51852, 55.70,0.5569614814496552,2023-03-21
SOBHA, EQ, 21-Mar-2023,530.1,534.95,534.95,515.05, 517.55,519.25,523.94,144955,759.48,7806, 66166, 45.65,0.45645890103825326,2023-03-21
SOFTTECH, EQ, 21-Mar-2023,152.8,163.45,168.05,160.25, 168.05,167.15,166.62,5656,9.42,300, 2628, 46.46,0.46463932107496464,2023-03-21
SOLARA, EQ, 21-Mar-2023,363.1,365.15,367.8,357.95, 360.15,361.3,362.79,78235,283.83,10525, 25369, 32.43,0.3242666325813255,2023-03-21
SOLARINDS, EQ, 21-Mar-2023,3816.35,3820.0,3935.0,3820.0, 3900.00,3888.35,3891.11,23924,930.91,5563, 9574, 40.02,0.400183915733155,2023-03-21
SOMANYCERA, EQ, 21-Mar-2023,501.85,500.0,516.6,498.0, 513.65,511.05,511.83,40830,208.98,4360, 24440, 59.86,0.5985794758755817,2023-03-21
SOMATEX, BE, 21-Mar-2023,41.45,43.5,43.5,43.5, 43.50,43.5,43.5,67553,29.39,174, -, -,,2023-03-21
SOMICONVEY, EQ, 21-Mar-2023,35.65,36.95,36.95,35.75, 36.40,36.45,36.44,1179,0.43,44, 1007, 85.41,0.8541136556403732,2023-03-21
SONACOMS, EQ, 21-Mar-2023,404.3,405.85,411.0,405.0, 408.45,409.25,407.63,2179679,8885.12,47433, 1385804, 63.58,0.6357835259228538,2023-03-21
SONAMCLOCK, EQ, 21-Mar-2023,40.35,40.7,41.9,37.85, 38.95,39.35,38.92,146286,56.93,550, 112171, 76.68,0.7667924476710006,2023-03-21
SONATSOFTW, EQ, 21-Mar-2023,805.55,819.0,819.0,795.05, 797.35,802.65,805.67,283099,2280.86,11562, 71054, 25.10,0.2509864040494668,2023-03-21
SOTL, EQ, 21-Mar-2023,252.0,256.0,256.0,247.55, 253.00,252.3,252.26,22673,57.19,1145, 11784, 51.97,0.5197371322718652,2023-03-21
SOUTHBANK, EQ, 21-Mar-2023,17.45,17.6,17.65,17.0, 17.25,17.35,17.29,13802101,2386.37,13476, 4628950, 33.54,0.33538009901536003,2023-03-21
SOUTHWEST, EQ, 21-Mar-2023,112.05,110.5,113.3,106.2, 106.25,108.1,109.4,47425,51.88,1075, 15649, 33.00,0.3299736425935688,2023-03-21
SPAL, EQ, 21-Mar-2023,331.25,335.0,345.0,325.15, 333.00,334.65,331.47,14750,48.89,980, 7822, 53.03,0.5303050847457628,2023-03-21
SPANDANA, EQ, 21-Mar-2023,531.55,534.7,539.85,524.0, 528.30,533.35,529.85,12164,64.45,1273, 6270, 51.55,0.5154554422887209,2023-03-21
SPARC, EQ, 21-Mar-2023,164.35,165.0,166.6,162.1, 163.00,163.3,164.34,524515,861.98,6545, 200371, 38.20,0.38201195390026976,2023-03-21
SPCENET, EQ, 21-Mar-2023,18.05,18.2,18.2,17.3, 17.60,17.65,17.77,2272069,403.67,365, 2245440, 98.83,0.9882798453744143,2023-03-21
SPECIALITY, EQ, 21-Mar-2023,219.65,222.95,225.0,216.8, 219.75,217.65,220.83,51188,113.04,2200, 16974, 33.16,0.33160115652105965,2023-03-21
SPENCERS, EQ, 21-Mar-2023,57.4,57.45,58.1,56.8, 57.40,57.55,57.52,252744,145.38,1763, 152170, 60.21,0.6020716614439907,2023-03-21
SPENTEX, BZ, 21-Mar-2023,1.0,1.0,1.05,0.95, 1.05,1.05,1.03,41414,0.43,28, -, -,,2023-03-21
SPIC, EQ, 21-Mar-2023,57.55,58.15,59.15,57.9, 58.45,58.15,58.3,362317,211.23,2351, 137096, 37.84,0.3783868822053616,2023-03-21
SPICEJET, EQ, 21-Mar-2023,34.35,34.5,34.9,34.0, 34.10,34.1,34.24,1356397,464.37,5185, 480180, 35.40,0.35401139931745645,2023-03-21
SPLIL, EQ, 21-Mar-2023,56.55,56.9,59.95,56.45, 59.85,59.35,59.13,54151,32.02,591, 23762, 43.88,0.4388099942752673,2023-03-21
SPLPETRO, EQ, 21-Mar-2023,353.85,359.55,370.2,351.0, 367.00,369.15,366.08,64242,235.17,7141, 42670, 66.42,0.6642072164627503,2023-03-21
SPMLINFRA, EQ, 21-Mar-2023,21.15,21.15,22.0,20.2, 20.50,20.45,20.63,225964,46.62,422, 187876, 83.14,0.8314421766299056,2023-03-21
SPORTKING, EQ, 21-Mar-2023,657.25,662.0,698.5,648.6, 653.00,655.55,670.42,21265,142.56,2339, 8256, 38.82,0.38824359275805315,2023-03-21
SPTL, BE, 21-Mar-2023,2.4,2.45,2.5,2.3, 2.40,2.35,2.41,2063593,49.69,1793, -, -,,2023-03-21
SREEL, EQ, 21-Mar-2023,167.05,167.0,170.0,166.85, 168.10,169.3,168.94,16315,27.56,358, 10446, 64.03,0.6402696904688937,2023-03-21
SRF, EQ, 21-Mar-2023,2303.35,2303.35,2364.9,2298.55, 2345.00,2349.35,2340.8,619952,14511.81,40952, 324643, 52.37,0.5236582832219269,2023-03-21
SRHHYPOLTD, EQ, 21-Mar-2023,417.55,422.3,422.3,413.25, 414.80,414.55,417.31,9164,38.24,1057, 3345, 36.50,0.3650152771715408,2023-03-21
SRPL, EQ, 21-Mar-2023,47.6,47.55,48.95,46.0, 47.25,46.65,47.12,25509,12.02,268, 16778, 65.77,0.6577286447920342,2023-03-21
SSWL, EQ, 21-Mar-2023,143.8,144.25,148.35,140.4, 142.65,144.25,144.65,134363,194.36,5110, 71141, 52.95,0.529468678133117,2023-03-21
STAR, EQ, 21-Mar-2023,271.7,274.5,274.5,268.15, 273.00,273.05,271.07,164552,446.05,3740, 55481, 33.72,0.3371639360202246,2023-03-21
STARCEMENT, EQ, 21-Mar-2023,107.4,107.8,108.5,105.15, 106.40,106.45,106.99,140323,150.13,2185, 98873, 70.46,0.7046100781767779,2023-03-21
STARHEALTH, EQ, 21-Mar-2023,544.1,544.15,556.8,543.0, 556.00,553.7,552.15,201404,1112.06,8417, 107032, 53.14,0.531429365851721,2023-03-21
STARPAPER, EQ, 21-Mar-2023,154.95,157.9,159.85,155.15, 158.85,159.35,158.48,23773,37.67,854, 10157, 42.72,0.4272494005804905,2023-03-21
STARTECK, EQ, 21-Mar-2023,131.1,131.0,134.85,130.55, 130.55,130.55,131.17,669,0.88,92, 264, 39.46,0.39461883408071746,2023-03-21
STCINDIA, EQ, 21-Mar-2023,70.25,69.25,71.05,69.25, 70.60,69.75,69.97,16521,11.56,269, 8579, 51.93,0.5192784940378912,2023-03-21
STEELCAS, EQ, 21-Mar-2023,447.75,454.35,458.65,444.85, 450.75,446.95,449.06,14831,66.6,1258, 8315, 56.06,0.5606499898860495,2023-03-21
STEELCITY, EQ, 21-Mar-2023,59.5,60.6,61.95,59.05, 61.95,60.9,60.48,10614,6.42,114, 6824, 64.29,0.6429244394196344,2023-03-21
STEELXIND, EQ, 21-Mar-2023,14.15,14.3,14.4,13.65, 13.85,14.1,14.0,3263584,456.75,2070, 2575798, 78.93,0.789254390265426,2023-03-21
STEL, EQ, 21-Mar-2023,150.45,155.0,155.65,150.0, 152.50,154.2,152.84,15251,23.31,276, 13434, 88.09,0.8808602714576094,2023-03-21
STERTOOLS, EQ, 21-Mar-2023,373.35,376.85,387.8,370.05, 375.00,375.5,376.18,198969,748.49,6998, 42991, 21.61,0.21606883484361886,2023-03-21
STLTECH, EQ, 21-Mar-2023,156.7,157.5,160.75,157.0, 158.95,159.7,159.14,399861,636.34,6600, 161810, 40.47,0.40466562130340294,2023-03-21
STOVEKRAFT, EQ, 21-Mar-2023,355.7,362.0,404.85,358.4, 388.45,394.55,394.44,2933962,11572.83,60949, 539748, 18.40,0.18396557283291332,2023-03-21
STYLAMIND, EQ, 21-Mar-2023,983.35,998.8,1009.0,984.1, 994.10,999.9,994.0,12385,123.11,2355, 7028, 56.75,0.5674606378683892,2023-03-21
STYRENIX, EQ, 21-Mar-2023,883.75,905.0,910.0,884.5, 886.85,887.25,890.56,144791,1289.44,7700, 82581, 57.03,0.5703462231768549,2023-03-21
SUBEXLTD, EQ, 21-Mar-2023,26.9,27.05,27.1,26.25, 26.50,26.5,26.6,1575812,419.21,4422, 1057716, 67.12,0.6712196632593228,2023-03-21
SUBROS, EQ, 21-Mar-2023,300.05,301.25,302.7,298.95, 300.00,300.2,300.3,7528,22.61,865, 4481, 59.52,0.5952444208289054,2023-03-21
SUDARSCHEM, EQ, 21-Mar-2023,392.8,389.9,407.8,388.0, 404.25,404.45,402.06,510712,2053.35,20626, 174825, 34.23,0.34231621735929446,2023-03-21
SUKHJITS, EQ, 21-Mar-2023,380.7,381.1,387.35,377.0, 378.55,378.1,381.93,4619,17.64,198, 668, 14.46,0.144620047629357,2023-03-21
SULA, EQ, 21-Mar-2023,330.35,332.0,343.7,328.2, 337.50,339.6,336.09,448157,1506.23,11536, 141562, 31.59,0.3158759095584806,2023-03-21
SUMEETINDS, BE, 21-Mar-2023,2.1,2.1,2.2,2.0, 2.20,2.2,2.11,213567,4.5,165, -, -,,2023-03-21
SUMICHEM, EQ, 21-Mar-2023,435.25,436.95,436.95,427.0, 430.80,429.95,431.71,190622,822.94,7873, 109394, 57.39,0.5738791954758632,2023-03-21
SUMIT, BE, 21-Mar-2023,31.05,31.05,32.6,31.0, 32.60,32.45,31.85,13044,4.15,70, -, -,,2023-03-21
SUMMITSEC, EQ, 21-Mar-2023,561.0,568.15,569.0,557.65, 564.00,564.5,559.85,12601,70.55,294, 11486, 91.15,0.9115149591302277,2023-03-21
SUNCLAYLTD, EQ, 21-Mar-2023,4797.7,4812.85,4843.35,4790.0, 4815.00,4814.85,4820.45,16374,789.3,1782, 13723, 83.81,0.838096983021864,2023-03-21
SUNDARAM, EQ, 21-Mar-2023,2.3,2.35,2.4,2.25, 2.25,2.25,2.31,352049,8.15,329, 214812, 61.02,0.6101764243045712,2023-03-21
SUNDARMFIN, EQ, 21-Mar-2023,2224.25,2221.0,2265.2,2210.0, 2245.00,2244.2,2236.92,14032,313.88,2801, 7773, 55.39,0.553948118586089,2023-03-21
SUNDARMHLD, EQ, 21-Mar-2023,79.55,80.25,80.5,78.5, 79.00,79.2,79.23,51216,40.58,762, 32735, 63.92,0.6391557325835676,2023-03-21
SUNDRMBRAK, EQ, 21-Mar-2023,290.65,295.95,295.95,285.0, 287.00,288.15,288.04,1192,3.43,152, 734, 61.58,0.6157718120805369,2023-03-21
SUNDRMFAST, EQ, 21-Mar-2023,969.55,970.0,986.0,970.0, 980.00,979.95,979.54,130521,1278.5,7369, 75350, 57.73,0.5773017368852522,2023-03-21
SUNFLAG, EQ, 21-Mar-2023,153.1,155.1,158.2,149.1, 152.30,152.2,153.49,1994088,3060.69,25941, 317187, 15.91,0.159063692274363,2023-03-21
SUNPHARMA, EQ, 21-Mar-2023,961.2,965.0,965.0,953.25, 957.00,956.2,958.03,1687239,16164.24,76487, 1194974, 70.82,0.7082422822137231,2023-03-21
SUNTECK, EQ, 21-Mar-2023,298.6,299.3,300.85,297.25, 298.90,298.95,299.27,52865,158.21,2289, 26773, 50.64,0.506440934455689,2023-03-21
SUNTV, EQ, 21-Mar-2023,434.55,434.0,434.0,428.3, 430.30,429.55,430.51,217421,936.02,6407, 70978, 32.65,0.32645420635541184,2023-03-21
SUPERHOUSE, EQ, 21-Mar-2023,229.4,238.8,238.8,228.95, 230.00,232.65,232.41,14043,32.64,455, 9302, 66.24,0.662394075340027,2023-03-21
SUPERSPIN, EQ, 21-Mar-2023,6.8,7.05,7.2,6.9, 7.00,6.95,7.02,34013,2.39,187, 23660, 69.56,0.6956163819715991,2023-03-21
SUPRAJIT, EQ, 21-Mar-2023,353.95,358.7,364.65,351.0, 353.30,353.85,356.73,81455,290.57,5395, 29707, 36.47,0.3647044380332699,2023-03-21
SUPREMEENG, EQ, 21-Mar-2023,0.85,0.85,0.9,0.8, 0.85,0.85,0.83,693541,5.77,299, 473947, 68.34,0.6833727205745587,2023-03-21
SUPREMEIND, EQ, 21-Mar-2023,2589.3,2573.0,2623.45,2557.05, 2562.65,2572.0,2584.59,35042,905.69,6076, 19922, 56.85,0.5685177786656013,2023-03-21
SUPREMEINF, EQ, 21-Mar-2023,23.9,25.05,25.05,24.4, 25.05,25.05,25.05,52341,13.11,111, 35859, 68.51,0.6851034561815785,2023-03-21
SUPRIYA, EQ, 21-Mar-2023,187.0,191.0,191.0,186.0, 189.45,187.15,188.59,127502,240.45,3775, 60193, 47.21,0.47209455537952344,2023-03-21
SURANASOL, EQ, 21-Mar-2023,17.45,17.8,17.8,17.15, 17.55,17.45,17.37,31679,5.5,359, 21818, 68.87,0.6887212348874648,2023-03-21
SURANAT&P, EQ, 21-Mar-2023,9.1,9.25,9.45,9.1, 9.25,9.1,9.22,33560,3.09,442, 24211, 72.14,0.7214243146603099,2023-03-21
SURYALAXMI, EQ, 21-Mar-2023,52.7,52.65,52.7,51.7, 51.75,51.8,52.2,20585,10.74,202, 13565, 65.90,0.6589749817828516,2023-03-21
SURYAROSNI, EQ, 21-Mar-2023,666.4,669.4,672.8,649.5, 665.30,662.9,661.76,166917,1104.59,9402, 50912, 30.50,0.3050138691685089,2023-03-21
SURYODAY, EQ, 21-Mar-2023,92.25,93.65,94.9,93.25, 94.70,94.2,94.22,167781,158.08,1453, 51235, 30.54,0.3053683074960812,2023-03-21
SUTLEJTEX, EQ, 21-Mar-2023,42.2,42.8,42.85,41.9, 42.60,42.25,42.23,64926,27.42,583, 50303, 77.48,0.7747743585004466,2023-03-21
SUULD, EQ, 21-Mar-2023,14.45,15.0,15.15,14.7, 15.15,15.15,15.1,1489502,224.87,1597, 1046866, 70.28,0.702829536314822,2023-03-21
SUVEN, EQ, 21-Mar-2023,48.05,48.7,52.0,48.3, 52.00,50.55,49.59,368485,182.73,3578, 193487, 52.51,0.5250878597500577,2023-03-21
SUVENPHAR, EQ, 21-Mar-2023,470.3,467.55,471.7,467.55, 468.60,469.1,469.66,229834,1079.44,3020, 187229, 81.46,0.8146270786741735,2023-03-21
SUVIDHAA, EQ, 21-Mar-2023,3.75,3.8,3.8,3.65, 3.80,3.75,3.74,61152,2.29,239, 40923, 66.92,0.6692013343799058,2023-03-21
SUZLON, EQ, 21-Mar-2023,7.75,7.85,7.9,7.75, 7.85,7.8,7.8,27594112,2151.35,20172, 10937602, 39.64,0.39637448742688297,2023-03-21
SVPGLOB, EQ, 21-Mar-2023,15.25,15.5,15.5,14.5, 14.50,14.5,14.59,2137851,311.96,944, 1739114, 81.35,0.8134870016666269,2023-03-21
SWANENERGY, EQ, 21-Mar-2023,224.4,229.0,234.0,220.6, 227.75,228.25,225.88,1103687,2492.97,14776, 97863, 8.87,0.08866916073125805,2023-03-21
SWARAJENG, EQ, 21-Mar-2023,1522.45,1520.05,1551.1,1520.05, 1545.05,1546.25,1536.14,5057,77.68,475, 4010, 79.30,0.7929602531144948,2023-03-21
SWELECTES, EQ, 21-Mar-2023,273.2,277.0,284.0,273.05, 276.00,276.1,278.94,20307,56.64,553, 16208, 79.81,0.7981484217264982,2023-03-21
SWSOLAR, EQ, 21-Mar-2023,299.4,315.0,327.55,311.1, 318.15,319.25,320.53,3244785,10400.5,46588, 412222, 12.70,0.12704139103207146,2023-03-21
SYMPHONY, EQ, 21-Mar-2023,1130.8,1142.05,1148.35,1125.75, 1128.00,1128.45,1133.06,56634,641.7,8669, 25887, 45.71,0.4570929123847865,2023-03-21
SYNCOMF, EQ, 21-Mar-2023,5.85,5.85,6.5,5.85, 6.10,6.05,6.09,763290,46.52,1552, 420424, 55.08,0.5508050675365851,2023-03-21
SYNGENE, EQ, 21-Mar-2023,575.65,575.5,580.7,574.1, 576.70,578.6,578.16,425374,2459.34,23042, 304109, 71.49,0.7149214573528236,2023-03-21
SYRMA, EQ, 21-Mar-2023,260.75,262.1,267.1,258.05, 265.90,264.9,262.35,300321,787.88,7576, 198858, 66.22,0.6621514978972499,2023-03-21
TAINWALCHM, EQ, 21-Mar-2023,111.85,113.5,115.25,113.5, 115.25,114.55,114.52,2683,3.07,59, 2052, 76.48,0.7648155050316809,2023-03-21
TAJGVK, EQ, 21-Mar-2023,184.0,184.9,186.45,182.85, 184.50,184.6,184.65,44906,82.92,2436, 23865, 53.14,0.5314434596713135,2023-03-21
TAKE, EQ, 21-Mar-2023,15.5,15.65,15.95,14.9, 15.00,14.95,15.15,538258,81.56,1857, 411719, 76.49,0.7649101360314199,2023-03-21
TALBROAUTO, EQ, 21-Mar-2023,410.55,417.6,421.45,411.2, 411.20,412.25,415.07,38908,161.5,2472, 8565, 22.01,0.22013467667317776,2023-03-21
TANLA, EQ, 21-Mar-2023,573.6,576.5,577.7,561.4, 562.75,563.4,566.92,275808,1563.61,13134, 107383, 38.93,0.38933968557837334,2023-03-21
TANTIACONS, BZ, 21-Mar-2023,9.9,9.5,9.85,9.5, 9.60,9.75,9.74,38785,3.78,20, -, -,,2023-03-21
TARC, EQ, 21-Mar-2023,35.1,35.65,35.65,34.6, 35.35,35.3,35.08,329460,115.58,1152, 191032, 57.98,0.5798336672130152,2023-03-21
TARMAT, EQ, 21-Mar-2023,90.0,91.75,93.5,86.5, 87.30,87.2,89.43,368918,329.93,5473, 193428, 52.43,0.5243116356480302,2023-03-21
TARSONS, EQ, 21-Mar-2023,566.4,569.25,572.0,560.05, 562.00,562.4,565.8,33993,192.33,2667, 19125, 56.26,0.5626158326714323,2023-03-21
TASTYBITE, EQ, 21-Mar-2023,8492.1,8505.2,8573.15,8452.1, 8475.00,8489.7,8502.8,636,54.08,337, 486, 76.42,0.7641509433962265,2023-03-21
TATACHEM, EQ, 21-Mar-2023,950.4,951.0,957.7,948.0, 952.95,953.2,952.58,366923,3495.22,19896, 97429, 26.55,0.2655298250586635,2023-03-21
TATACOFFEE, EQ, 21-Mar-2023,203.3,203.0,204.3,202.0, 202.00,202.3,202.95,152834,310.17,2639, 78904, 51.63,0.516272557153513,2023-03-21
TATACOMM, EQ, 21-Mar-2023,1180.95,1180.95,1221.85,1180.95, 1215.00,1213.85,1207.74,365958,4419.82,21789, 135309, 36.97,0.36973915039430755,2023-03-21
TATACONSUM, EQ, 21-Mar-2023,702.6,704.1,706.0,700.0, 701.00,700.9,702.7,721243,5068.18,29285, 397041, 55.05,0.5504954640807606,2023-03-21
TATAELXSI, EQ, 21-Mar-2023,6037.95,6068.15,6170.0,6049.0, 6086.00,6089.7,6102.97,98216,5994.09,14943, 35333, 35.97,0.359747902582064,2023-03-21
TATAINVEST, EQ, 21-Mar-2023,1933.85,1956.2,1961.4,1935.0, 1935.00,1941.3,1944.3,16194,314.86,3140, 6278, 38.77,0.3876744473261702,2023-03-21
TATAMETALI, EQ, 21-Mar-2023,741.6,741.6,754.7,738.6, 753.10,753.35,749.62,45211,338.91,3548, 27438, 60.69,0.6068877043197451,2023-03-21
TATAMOTORS, EQ, 21-Mar-2023,410.75,412.85,413.9,407.7, 412.50,412.55,411.33,7391950,30405.48,127524, 2859932, 38.69,0.3868981797766489,2023-03-21
TATAMTRDVR, EQ, 21-Mar-2023,211.4,211.95,212.35,209.8, 210.20,210.7,210.67,882498,1859.18,10821, 357064, 40.46,0.4046060161042858,2023-03-21
TATAPOWER, EQ, 21-Mar-2023,202.6,203.0,203.6,201.6, 202.25,202.3,202.61,4431418,8978.66,35604, 2061656, 46.52,0.46523618399347566,2023-03-21
TATASTEEL, EQ, 21-Mar-2023,104.5,105.1,105.4,104.3, 104.80,104.75,104.71,26434897,27680.91,142994, 8989938, 34.01,0.3400784198251274,2023-03-21
TATASTLLP, EQ, 21-Mar-2023,630.6,633.8,639.9,617.0, 634.90,635.7,635.76,58141,369.64,3035, 43257, 74.40,0.7440016511583908,2023-03-21
TATVA, EQ, 21-Mar-2023,1755.1,1755.1,1755.1,1691.2, 1732.00,1739.7,1737.63,16566,287.86,3211, 12562, 75.83,0.7583001328021248,2023-03-21
TBZ, EQ, 21-Mar-2023,64.5,65.0,65.65,64.05, 64.25,64.25,64.53,37827,24.41,1256, 22213, 58.72,0.5872260554630291,2023-03-21
TCI, EQ, 21-Mar-2023,621.85,621.85,631.45,616.0, 628.05,630.05,624.68,31227,195.07,3671, 13077, 41.88,0.4187722163512345,2023-03-21
TCIEXP, EQ, 21-Mar-2023,1492.4,1490.0,1494.95,1467.05, 1470.00,1471.0,1477.61,10399,153.66,1969, 6148, 59.12,0.5912106933358977,2023-03-21
TCNSBRANDS, EQ, 21-Mar-2023,454.3,455.15,465.95,455.15, 457.50,457.5,457.73,247913,1134.77,6147, 218375, 88.09,0.8808533638816843,2023-03-21
TCPLPACK, EQ, 21-Mar-2023,1280.8,1282.9,1330.45,1281.0, 1318.00,1312.9,1302.93,9611,125.22,1130, 5330, 55.46,0.5545728852356675,2023-03-21
TCS, EQ, 21-Mar-2023,3143.3,3143.3,3156.75,3097.45, 3111.00,3106.1,3117.9,1815297,56599.1,116265, 1178606, 64.93,0.6492634538590655,2023-03-21
TDPOWERSYS, EQ, 21-Mar-2023,148.55,149.85,158.0,148.95, 157.90,156.85,154.7,847453,1311.05,16359, 472977, 55.81,0.5581159073128539,2023-03-21
TEAMLEASE, EQ, 21-Mar-2023,2370.35,2385.0,2390.0,2242.0, 2277.85,2270.1,2302.29,26839,617.91,7705, 14739, 54.92,0.5491635306829613,2023-03-21
TECH, EQ, 21-Mar-2023,28.9,29.05,29.7,28.7, 28.79,28.76,28.8,6994,2.01,136, 4090, 58.48,0.5847869602516442,2023-03-21
TECHIN, EQ, 21-Mar-2023,8.2,8.35,8.4,7.9, 8.10,8.15,8.2,2594,0.21,51, 2575, 99.27,0.9926754047802622,2023-03-21
TECHM, EQ, 21-Mar-2023,1109.0,1104.95,1109.85,1086.45, 1096.00,1095.65,1095.35,3354949,36748.52,118768, 2170400, 64.69,0.6469248861905204,2023-03-21
TECHNOE, EQ, 21-Mar-2023,329.3,333.0,336.8,323.3, 334.75,334.1,333.1,28534,95.05,2003, 12662, 44.38,0.44375131422163033,2023-03-21
TEGA, EQ, 21-Mar-2023,630.25,632.5,662.0,627.6, 651.00,655.85,636.25,142354,905.73,4781, 106747, 74.99,0.7498700422889416,2023-03-21
TEJASNET, EQ, 21-Mar-2023,585.3,588.5,594.45,579.1, 581.75,582.05,587.79,248428,1460.23,10512, 62979, 25.35,0.2535100713285137,2023-03-21
TEMBO, EQ, 21-Mar-2023,160.35,163.95,168.35,159.9, 168.35,163.4,161.31,836898,1350.01,1706, 306340, 36.60,0.3660422178090998,2023-03-21
TERASOFT, EQ, 21-Mar-2023,34.15,34.9,34.95,33.8, 34.10,34.2,34.47,5047,1.74,97, 3224, 63.88,0.6387953239548246,2023-03-21
TEXINFRA, EQ, 21-Mar-2023,52.3,52.75,54.7,52.05, 52.40,52.75,53.19,21985,11.69,395, 13959, 63.49,0.6349329088014556,2023-03-21
TEXMOPIPES, EQ, 21-Mar-2023,46.6,47.25,47.25,45.25, 45.80,46.05,46.61,39513,18.42,665, 23533, 59.56,0.5955761394983929,2023-03-21
TEXRAIL, EQ, 21-Mar-2023,43.05,43.3,44.3,42.85, 44.30,44.0,43.63,1774055,774.11,6749, 854121, 48.15,0.48145125151136803,2023-03-21
TFCILTD, EQ, 21-Mar-2023,69.1,69.6,69.65,69.0, 69.50,69.5,69.22,210171,145.47,1590, 146041, 69.49,0.6948675126444657,2023-03-21
TFL, EQ, 21-Mar-2023,9.65,9.95,9.95,9.3, 9.75,9.45,9.52,22003,2.1,138, 8613, 39.14,0.3914466209153297,2023-03-21
TGBHOTELS, EQ, 21-Mar-2023,8.55,8.7,8.7,8.25, 8.30,8.3,8.5,30504,2.59,137, 20506, 67.22,0.6722397062680304,2023-03-21
THANGAMAYL, EQ, 21-Mar-2023,1026.85,1031.75,1100.0,1005.0, 1099.00,1059.1,1048.47,8837,92.65,830, 6400, 72.42,0.7242276790766097,2023-03-21
THEINVEST, EQ, 21-Mar-2023,72.0,72.95,76.95,72.0, 76.00,75.0,73.59,4393,3.23,125, 3384, 77.03,0.7703164124743911,2023-03-21
THEMISMED, EQ, 21-Mar-2023,1198.3,1199.0,1212.4,1165.0, 1170.90,1169.0,1182.73,2458,29.07,640, 1271, 51.71,0.5170870626525631,2023-03-21
THERMAX, EQ, 21-Mar-2023,2261.0,2272.9,2288.85,2253.05, 2280.00,2281.0,2274.57,22964,522.33,3925, 12032, 52.40,0.52395053126633,2023-03-21
THOMASCOOK, EQ, 21-Mar-2023,58.45,58.95,58.95,56.8, 57.60,57.5,57.83,215253,124.48,2535, 116611, 54.17,0.5417392556665876,2023-03-21
THOMASCOTT, EQ, 21-Mar-2023,34.05,33.0,35.5,32.35, 35.50,34.9,33.39,435,0.15,7, 336, 77.24,0.7724137931034483,2023-03-21
THYROCARE, EQ, 21-Mar-2023,453.35,452.0,466.05,452.0, 455.00,455.75,460.66,30846,142.09,2302, 12021, 38.97,0.38971017311807044,2023-03-21
TI, EQ, 21-Mar-2023,104.4,105.2,107.3,104.0, 105.00,105.0,105.07,653755,686.88,2242, 572424, 87.56,0.8755940681142018,2023-03-21
TIDEWATER, EQ, 21-Mar-2023,878.3,881.55,888.0,868.55, 874.00,872.25,878.05,19920,174.91,2197, 13699, 68.77,0.6877008032128514,2023-03-21
TIIL, EQ, 21-Mar-2023,1126.95,1126.95,1181.85,1126.95, 1174.90,1166.4,1158.21,18911,219.03,2737, 6132, 32.43,0.3242557241816932,2023-03-21
TIINDIA, EQ, 21-Mar-2023,2541.7,2541.7,2542.0,2473.1, 2479.00,2489.1,2506.27,177768,4455.34,23176, 94367, 53.08,0.5308435713964268,2023-03-21
TIJARIA, EQ, 21-Mar-2023,5.4,5.4,5.4,5.15, 5.15,5.15,5.18,26757,1.38,46, 16338, 61.06,0.6106065702433008,2023-03-21
TIL, EQ, 21-Mar-2023,145.05,152.0,152.0,142.8, 144.00,144.35,144.29,22256,32.11,555, 18397, 82.66,0.8266085549964055,2023-03-21
TIMESGTY, EQ, 21-Mar-2023,47.8,47.4,48.7,46.1, 48.50,48.5,47.77,1548,0.74,20, 1308, 84.50,0.8449612403100775,2023-03-21
TIMETECHNO, EQ, 21-Mar-2023,73.0,73.4,74.25,73.0, 73.50,73.7,73.56,543626,399.87,3867, 287567, 52.90,0.528979482217554,2023-03-21
TIMKEN, EQ, 21-Mar-2023,2729.55,2743.15,2780.0,2730.0, 2760.50,2766.0,2752.89,26801,737.8,5498, 13273, 49.52,0.4952427148240737,2023-03-21
TINPLATE, EQ, 21-Mar-2023,309.5,311.05,314.95,308.05, 313.85,314.05,311.53,69550,216.67,3044, 33052, 47.52,0.47522645578720346,2023-03-21
TIPSFILMS, EQ, 21-Mar-2023,368.1,369.95,441.7,369.65, 441.70,441.7,429.73,26794,115.14,1353, 13462, 50.24,0.5024259162499067,2023-03-21
TIPSINDLTD, EQ, 21-Mar-2023,1487.0,1493.1,1575.95,1490.0, 1530.00,1509.05,1529.56,7039,107.67,1405, 2961, 42.07,0.42065634323057255,2023-03-21
TIRUMALCHM, EQ, 21-Mar-2023,175.45,176.0,189.7,175.15, 183.20,184.1,185.18,643415,1191.46,14100, 223850, 34.79,0.34790920323585867,2023-03-21
TIRUPATIFL, EQ, 21-Mar-2023,9.25,9.6,9.7,9.25, 9.40,9.3,9.43,313190,29.55,755, 199500, 63.70,0.636993518311568,2023-03-21
TITAN, EQ, 21-Mar-2023,2459.95,2475.0,2521.55,2468.05, 2507.00,2514.05,2506.76,1652107,41414.32,89897, 825511, 49.97,0.4996716314379153,2023-03-21
TMB, EQ, 21-Mar-2023,416.4,421.9,421.9,416.0, 416.40,416.4,417.5,62031,258.98,6268, 48702, 78.51,0.7851235672486337,2023-03-21
TNIDETF, EQ, 21-Mar-2023,53.78,55.12,55.12,53.46, 53.79,53.73,53.69,3182,1.71,66, 1657, 52.07,0.5207416719044626,2023-03-21
TNPETRO, EQ, 21-Mar-2023,73.75,75.0,79.9,74.2, 76.80,76.95,77.04,270462,208.37,3059, 137064, 50.68,0.5067772921889212,2023-03-21
TNPL, EQ, 21-Mar-2023,208.75,209.0,215.35,208.95, 213.00,212.6,212.56,247498,526.08,4886, 134716, 54.43,0.5443114691835894,2023-03-21
TNTELE, BE, 21-Mar-2023,6.55,6.35,6.65,6.25, 6.25,6.25,6.32,5044,0.32,49, -, -,,2023-03-21
TOKYOPLAST, EQ, 21-Mar-2023,93.0,92.1,94.25,92.05, 93.00,93.0,93.14,3146,2.93,175, 1430, 45.45,0.45454545454545453,2023-03-21
TORNTPHARM, EQ, 21-Mar-2023,1521.7,1528.4,1532.0,1504.05, 1514.10,1515.0,1514.38,220893,3345.17,20361, 104154, 47.15,0.4715133571457674,2023-03-21
TORNTPOWER, EQ, 21-Mar-2023,530.05,531.35,534.7,516.95, 519.10,519.15,521.82,411254,2146.01,9993, 84207, 20.48,0.20475667105973439,2023-03-21
TOTAL, EQ, 21-Mar-2023,129.15,130.05,130.05,127.0, 129.95,129.95,128.66,12697,16.34,408, 9873, 77.76,0.77758525635977,2023-03-21
TOUCHWOOD, EQ, 21-Mar-2023,162.0,161.95,167.0,153.9, 155.05,154.8,162.58,6202,10.08,127, 1637, 26.39,0.263947113834247,2023-03-21
TPLPLASTEH, EQ, 21-Mar-2023,30.2,31.2,31.2,30.05, 30.05,30.1,30.22,4537,1.37,140, 2462, 54.26,0.5426493277496143,2023-03-21
TRACXN, EQ, 21-Mar-2023,69.6,69.95,70.7,69.0, 70.30,70.15,69.85,450206,314.46,4260, 210586, 46.78,0.46775476115378295,2023-03-21
TREEHOUSE, EQ, 21-Mar-2023,14.1,14.55,14.75,13.9, 14.30,14.6,14.42,46364,6.69,153, 34694, 74.83,0.7482960917953585,2023-03-21
TREJHARA, EQ, 21-Mar-2023,54.4,55.45,56.0,51.55, 53.00,52.95,53.17,25588,13.61,669, 14100, 55.10,0.5510395497889635,2023-03-21
TRENT, EQ, 21-Mar-2023,1344.45,1346.35,1353.75,1318.05, 1322.10,1321.55,1326.0,318911,4228.77,26203, 136988, 42.95,0.4295493099955787,2023-03-21
TRF, EQ, 21-Mar-2023,159.55,160.95,163.0,158.0, 160.10,160.95,159.93,85179,136.22,492, 39631, 46.53,0.46526726070979935,2023-03-21
TRIDENT, EQ, 21-Mar-2023,28.05,28.2,28.3,26.9, 27.05,27.15,27.57,8440194,2326.61,40724, 4756796, 56.36,0.5635884672793066,2023-03-21
TRIGYN, EQ, 21-Mar-2023,90.15,90.85,95.0,89.6, 94.50,94.0,92.75,191890,177.98,5124, 80483, 41.94,0.4194225858564803,2023-03-21
TRIL, EQ, 21-Mar-2023,58.0,58.0,59.9,58.0, 59.60,59.4,59.19,246776,146.08,1872, 128990, 52.27,0.5227007488572633,2023-03-21
TRITURBINE, EQ, 21-Mar-2023,297.4,299.6,306.7,291.35, 294.20,295.0,298.11,976018,2909.61,23292, 361430, 37.03,0.3703107934484815,2023-03-21
TRIVENI, EQ, 21-Mar-2023,271.75,273.7,277.35,272.0, 274.20,273.4,274.76,187318,514.68,6079, 77657, 41.46,0.4145730789352865,2023-03-21
TRU, EQ, 21-Mar-2023,56.9,57.5,63.1,56.25, 59.55,60.05,60.14,1657696,996.88,13020, 551782, 33.29,0.33286078991564194,2023-03-21
TTKHLTCARE, EQ, 21-Mar-2023,868.45,869.95,909.95,864.05, 890.00,890.15,891.32,10289,91.71,870, 7172, 69.71,0.6970551073962484,2023-03-21
TTKPRESTIG, EQ, 21-Mar-2023,690.5,692.0,703.15,666.0, 691.00,696.55,684.99,177577,1216.38,16956, 72694, 40.94,0.4093660778141313,2023-03-21
TTL, EQ, 21-Mar-2023,68.6,68.45,70.45,68.0, 68.55,68.6,68.83,9838,6.77,766, 5641, 57.34,0.5733889001829641,2023-03-21
TTML, EQ, 21-Mar-2023,56.6,57.2,57.65,56.2, 56.85,56.65,56.95,1337764,761.86,9112, 766377, 57.29,0.5728790728409495,2023-03-21
TV18BRDCST, EQ, 21-Mar-2023,30.8,30.8,31.2,30.25, 30.40,30.45,30.7,6969796,2139.43,10831, 2350381, 33.72,0.33722378675071696,2023-03-21
TVSELECT, EQ, 21-Mar-2023,299.35,302.8,306.25,293.3, 294.10,295.55,300.06,188805,566.52,5231, 101877, 53.96,0.5395884642885517,2023-03-21
TVSMOTOR, EQ, 21-Mar-2023,1041.75,1043.15,1057.75,1043.15, 1053.00,1054.05,1052.54,972168,10232.42,42546, 619827, 63.76,0.6375719011528872,2023-03-21
TVSSRICHAK, EQ, 21-Mar-2023,2661.65,2675.0,2720.2,2640.5, 2640.65,2664.2,2689.28,4715,126.8,1130, 2764, 58.62,0.5862142099681866,2023-03-21
TVTODAY, EQ, 21-Mar-2023,191.0,191.6,193.65,189.4, 189.55,190.4,191.06,142888,273.01,3021, 104156, 72.89,0.7289345501371703,2023-03-21
TVVISION, EQ, 21-Mar-2023,2.45,2.5,2.5,2.35, 2.40,2.35,2.38,17466,0.42,48, 13440, 76.95,0.7694950188938509,2023-03-21
TWL, EQ, 21-Mar-2023,237.85,238.25,242.95,238.1, 240.70,241.85,241.07,411950,993.09,6522, 188063, 45.65,0.45651899502366794,2023-03-21
UBL, EQ, 21-Mar-2023,1448.4,1451.0,1451.0,1434.0, 1435.00,1437.9,1441.6,120648,1739.26,15767, 38708, 32.08,0.32083416219083616,2023-03-21
UCALFUEL, EQ, 21-Mar-2023,111.55,112.05,113.15,111.05, 111.90,111.85,111.98,9982,11.18,289, 5924, 59.35,0.5934682428371068,2023-03-21
UCOBANK, EQ, 21-Mar-2023,24.3,24.6,25.05,24.3, 24.85,24.85,24.66,7165027,1766.77,26469, 1511858, 21.10,0.21100520626091152,2023-03-21
UDAICEMENT, EQ, 21-Mar-2023,26.95,27.3,27.9,26.9, 27.30,27.1,27.27,159954,43.61,686, 124604, 77.90,0.778998962201633,2023-03-21
UFLEX, EQ, 21-Mar-2023,341.5,349.0,351.0,338.0, 348.45,347.15,344.56,253968,875.07,7751, 109545, 43.13,0.4313338688338688,2023-03-21
UFO, EQ, 21-Mar-2023,70.2,71.65,71.65,69.85, 70.50,70.45,70.77,76601,54.21,994, 48735, 63.62,0.6362188483179071,2023-03-21
UGARSUGAR, EQ, 21-Mar-2023,92.05,92.95,93.35,91.8, 92.30,92.1,92.45,152860,141.33,2639, 53632, 35.09,0.35085699332722753,2023-03-21
UGROCAP, EQ, 21-Mar-2023,148.85,148.85,151.75,148.1, 150.90,150.45,150.42,46235,69.54,1046, 30070, 65.04,0.6503730939764247,2023-03-21
UJAAS, BE, 21-Mar-2023,2.0,2.05,2.1,2.0, 2.10,2.05,2.04,152982,3.13,262, -, -,,2023-03-21
UJJIVAN, EQ, 21-Mar-2023,246.7,248.35,252.6,242.75, 248.25,248.45,247.88,516857,1281.21,10621, 225618, 43.65,0.43651919196218686,2023-03-21
UJJIVANSFB, EQ, 21-Mar-2023,23.05,23.4,24.6,23.0, 24.20,24.25,23.94,9667540,2314.04,19076, 3647219, 37.73,0.3772644333511938,2023-03-21
ULTRACEMCO, EQ, 21-Mar-2023,7243.2,7243.0,7360.0,7237.1, 7350.60,7352.75,7317.65,350524,25650.14,36676, 201702, 57.54,0.5754299277652886,2023-03-21
UMAEXPORTS, EQ, 21-Mar-2023,40.6,41.75,41.75,40.0, 40.80,40.4,40.7,35726,14.54,703, 24269, 67.93,0.6793091865867995,2023-03-21
UMANGDAIRY, EQ, 21-Mar-2023,54.8,54.2,55.8,54.05, 54.90,55.1,54.69,4236,2.32,199, 1982, 46.79,0.4678942398489141,2023-03-21
UMESLTD, EQ, 21-Mar-2023,3.65,3.8,3.8,3.5, 3.75,3.75,3.55,7369,0.26,47, 6078, 82.48,0.8248066223368163,2023-03-21
UNICHEMLAB, EQ, 21-Mar-2023,281.1,278.85,284.25,278.85, 281.00,281.25,281.4,33863,95.29,1862, 16124, 47.62,0.47615391430174525,2023-03-21
UNIDT, EQ, 21-Mar-2023,204.05,206.6,206.6,201.0, 202.00,202.9,204.18,9063,18.5,403, 6605, 72.88,0.7287873772481518,2023-03-21
UNIENTER, EQ, 21-Mar-2023,148.85,150.5,150.5,147.5, 148.40,147.9,148.79,5610,8.35,396, 2702, 48.16,0.4816399286987522,2023-03-21
UNIINFO, EQ, 21-Mar-2023,20.4,21.2,21.2,19.5, 19.85,19.75,20.21,51618,10.43,176, 17092, 33.11,0.3311248014258592,2023-03-21
UNIONBANK, EQ, 21-Mar-2023,63.5,64.0,65.2,63.35, 64.85,64.95,64.25,8182952,5257.89,17476, 2051639, 25.07,0.25072113340026925,2023-03-21
UNIPARTS, EQ, 21-Mar-2023,507.35,510.1,520.0,510.0, 517.00,518.0,514.6,97880,503.69,8154, 23179, 23.68,0.23681038005721292,2023-03-21
UNITECH, BZ, 21-Mar-2023,1.3,1.25,1.3,1.25, 1.25,1.25,1.26,3038326,38.36,948, -, -,,2023-03-21
UNITEDPOLY, EQ, 21-Mar-2023,87.7,87.05,88.0,83.35, 84.00,84.55,85.41,4150,3.54,188, 1848, 44.53,0.4453012048192771,2023-03-21
UNITEDTEA, EQ, 21-Mar-2023,275.35,281.9,283.0,273.0, 283.00,281.0,279.68,1862,5.21,70, 1746, 93.77,0.9377013963480129,2023-03-21
UNIVASTU, EQ, 21-Mar-2023,81.25,83.2,83.2,81.95, 82.50,82.5,82.46,42725,35.23,277, 39332, 92.06,0.9205851375073142,2023-03-21
UNIVCABLES, EQ, 21-Mar-2023,348.35,353.6,367.25,348.15, 356.00,359.95,356.81,87596,312.55,4070, 43015, 49.11,0.49106123567286175,2023-03-21
UNIVPHOTO, EQ, 21-Mar-2023,391.2,406.9,406.9,391.05, 391.10,393.0,394.89,712,2.81,145, 474, 66.57,0.6657303370786517,2023-03-21
UNOMINDA, EQ, 21-Mar-2023,461.75,474.0,474.2,445.0, 445.00,451.2,458.43,545529,2500.86,20342, 319910, 58.64,0.5864216201155209,2023-03-21
UPL, EQ, 21-Mar-2023,708.1,708.65,720.0,704.65, 710.00,708.15,708.75,838991,5946.34,24344, 408480, 48.69,0.48687053853974593,2023-03-21
URJA, EQ, 21-Mar-2023,7.4,7.5,7.6,7.25, 7.25,7.3,7.44,2319302,172.65,3880, 967372, 41.71,0.41709617807426547,2023-03-21
USHAMART, EQ, 21-Mar-2023,210.2,210.45,214.0,208.25, 210.20,212.0,211.05,633767,1337.59,7962, 285349, 45.02,0.45024275482945625,2023-03-21
UTIAMC, EQ, 21-Mar-2023,637.15,650.0,689.3,650.0, 668.05,675.0,677.2,1839575,12457.61,53952, 233424, 12.69,0.12689017843795442,2023-03-21
UTIBANKETF, EQ, 21-Mar-2023,39.64,40.18,40.39,39.65, 40.15,40.31,39.99,89824,35.92,339, 60482, 67.33,0.6733389739935874,2023-03-21
UTINEXT50, EQ, 21-Mar-2023,39.98,39.89,39.98,39.48, 39.82,39.74,39.75,12859,5.11,194, 6734, 52.37,0.5236799129014698,2023-03-21
UTINIFTETF, EQ, 21-Mar-2023,1807.82,1827.81,1827.81,1814.01, 1823.00,1822.39,1817.34,675,12.27,80, 609, 90.22,0.9022222222222223,2023-03-21
UTISENSETF, EQ, 21-Mar-2023,614.24,615.01,618.84,615.0, 618.84,617.25,617.18,1968,12.15,61, 1786, 90.75,0.907520325203252,2023-03-21
UTISXN50, EQ, 21-Mar-2023,47.6,47.93,49.9,47.6, 47.67,48.42,48.16,281,0.14,32, 271, 96.44,0.9644128113879004,2023-03-21
UTTAMSUGAR, EQ, 21-Mar-2023,229.9,229.9,237.05,229.9, 233.55,234.05,234.24,53852,126.14,1675, 26347, 48.92,0.4892483101834658,2023-03-21
V2RETAIL, EQ, 21-Mar-2023,82.15,83.5,83.6,80.05, 82.15,81.0,81.78,19408,15.87,1104, 9521, 49.06,0.4905708985985161,2023-03-21
VADILALIND, EQ, 21-Mar-2023,2159.35,2191.75,2194.2,2121.15, 2160.00,2165.05,2154.09,12344,265.9,1943, 7969, 64.56,0.6455767984445885,2023-03-21
VAIBHAVGBL, EQ, 21-Mar-2023,298.7,300.2,308.65,296.95, 298.40,298.15,301.6,225975,681.54,7872, 97425, 43.11,0.43113176236309325,2023-03-21
VAISHALI, EQ, 21-Mar-2023,146.75,146.75,154.0,146.75, 151.80,152.0,151.64,132117,200.34,1197, 97816, 74.04,0.740374062384099,2023-03-21
VAKRANGEE, EQ, 21-Mar-2023,18.55,18.7,19.55,17.9, 18.20,18.05,18.46,8784618,1621.4,11030, 4604022, 52.41,0.5241004218965469,2023-03-21
VALIANTORG, EQ, 21-Mar-2023,380.2,388.9,454.35,355.0, 418.95,418.0,429.09,1951811,8375.1,61069, 214757, 11.00,0.11002960839958377,2023-03-21
VARDHACRLC, EQ, 21-Mar-2023,47.65,48.5,48.5,47.2, 47.80,47.6,47.98,33033,15.85,290, 27311, 82.68,0.8267792813247359,2023-03-21
VARDMNPOLY, EQ, 21-Mar-2023,19.95,20.55,20.65,19.9, 20.15,20.15,20.18,10370,2.09,127, 8355, 80.57,0.8056894889103182,2023-03-21
VARROC, EQ, 21-Mar-2023,272.05,275.6,276.25,264.15, 264.70,266.1,269.59,102941,277.52,5049, 46642, 45.31,0.45309449101912747,2023-03-21
VASCONEQ, EQ, 21-Mar-2023,26.7,26.95,27.25,25.9, 26.55,26.7,26.63,436751,116.32,1989, 198298, 45.40,0.4540298705669821,2023-03-21
VASWANI, EQ, 21-Mar-2023,22.0,22.4,22.5,21.8, 21.90,22.0,22.09,43325,9.57,275, 27285, 62.98,0.6297749567224467,2023-03-21
VBL, EQ, 21-Mar-2023,1302.95,1310.85,1350.0,1302.95, 1344.25,1343.45,1322.62,841871,11134.77,41563, 437979, 52.02,0.5202447880969887,2023-03-21
VCL, EQ, 21-Mar-2023,2.55,2.5,2.6,2.5, 2.55,2.55,2.55,138977,3.54,346, 64375, 46.32,0.4632061420235003,2023-03-21
VEDL, EQ, 21-Mar-2023,279.9,282.0,284.4,281.2, 283.95,283.7,283.03,4662762,13197.17,39810, 1232236, 26.43,0.2642716913280155,2023-03-21
VENKEYS, EQ, 21-Mar-2023,1523.8,1529.0,1665.0,1522.0, 1621.00,1624.0,1617.27,140728,2275.95,19209, 24439, 17.37,0.1736612472286965,2023-03-21
VENUSPIPES, EQ, 21-Mar-2023,726.15,731.6,733.0,728.05, 730.05,729.9,729.75,104666,763.8,1312, 72378, 69.15,0.691513958687635,2023-03-21
VENUSREM, EQ, 21-Mar-2023,156.4,158.65,166.35,158.3, 160.25,162.35,162.57,67607,109.91,1482, 46167, 68.29,0.6828730752732706,2023-03-21
VERANDA, EQ, 21-Mar-2023,182.05,183.0,185.25,180.8, 185.00,184.05,182.61,53571,97.83,1222, 36397, 67.94,0.6794161019954826,2023-03-21
VERTOZ, EQ, 21-Mar-2023,213.0,215.0,219.35,209.2, 210.00,211.05,214.03,134741,288.39,2047, 23462, 17.41,0.17412665781016914,2023-03-21
VESUVIUS, EQ, 21-Mar-2023,1588.8,1585.3,1624.2,1585.0, 1610.10,1607.35,1609.06,7188,115.66,1295, 2295, 31.93,0.3192821368948247,2023-03-21
VETO, EQ, 21-Mar-2023,81.55,82.75,82.75,81.3, 82.00,82.05,82.13,18090,14.86,456, 12211, 67.50,0.6750138197899392,2023-03-21
VGUARD, EQ, 21-Mar-2023,247.5,248.2,249.5,245.3, 248.75,248.35,247.89,98551,244.29,9411, 58404, 59.26,0.5926271676593845,2023-03-21
VHL, EQ, 21-Mar-2023,2589.65,2690.0,2690.0,2560.0, 2590.00,2588.8,2588.67,205,5.31,98, 148, 72.20,0.7219512195121951,2023-03-21
VIDHIING, EQ, 21-Mar-2023,330.75,332.45,332.45,325.0, 331.80,330.05,330.06,10721,35.39,816, 7299, 68.08,0.6808133569629699,2023-03-21
VIJAYA, EQ, 21-Mar-2023,382.2,380.0,392.55,380.0, 390.00,387.45,387.45,163257,632.53,4231, 137089, 83.97,0.8397128453910093,2023-03-21
VIJIFIN, EQ, 21-Mar-2023,2.5,2.55,2.6,2.55, 2.60,2.6,2.6,21569,0.56,74, 21541, 99.87,0.9987018406045713,2023-03-21
VIKASECO, EQ, 21-Mar-2023,2.6,2.65,2.65,2.6, 2.65,2.6,2.62,1039444,27.19,1312, 634091, 61.00,0.6100290155121392,2023-03-21
VIKASLIFE, EQ, 21-Mar-2023,3.4,3.4,3.45,3.3, 3.40,3.35,3.38,6438013,217.92,4929, 3548333, 55.12,0.5511534381803826,2023-03-21
VIKASWSP, BZ, 21-Mar-2023,1.15,1.2,1.2,1.1, 1.20,1.15,1.15,185563,2.14,136, -, -,,2023-03-21
VIMTALABS, EQ, 21-Mar-2023,294.4,299.0,324.4,292.75, 313.00,315.75,307.54,50260,154.57,2105, 33446, 66.55,0.6654596100278551,2023-03-21
VINATIORGA, EQ, 21-Mar-2023,1722.85,1732.0,1742.8,1692.55, 1727.00,1724.9,1704.88,109663,1869.62,7627, 82367, 75.11,0.7510919817987836,2023-03-21
VINDHYATEL, EQ, 21-Mar-2023,1603.4,1603.45,1645.9,1603.45, 1618.00,1621.65,1620.93,6549,106.15,983, 3394, 51.82,0.518247060619942,2023-03-21
VINEETLAB, EQ, 21-Mar-2023,42.45,42.5,43.35,41.05, 41.05,41.75,42.13,20606,8.68,381, 14565, 70.68,0.7068329612734155,2023-03-21
VINNY, BE, 21-Mar-2023,10.45,9.95,10.95,9.95, 10.60,10.4,10.22,980700,100.27,1580, -, -,,2023-03-21
VINYLINDIA, EQ, 21-Mar-2023,343.3,349.9,352.0,340.25, 345.55,348.35,346.77,20428,70.84,1325, 13358, 65.39,0.653906402976307,2023-03-21
VIPCLOTHNG, EQ, 21-Mar-2023,38.25,38.5,39.1,37.35, 38.10,37.8,37.98,129626,49.23,1047, 90652, 69.93,0.6993350099517072,2023-03-21
VIPIND, EQ, 21-Mar-2023,571.85,571.85,574.5,565.0, 568.50,570.1,570.05,176032,1003.47,6579, 130507, 74.14,0.7413822486820578,2023-03-21
VIPULLTD, EQ, 21-Mar-2023,11.45,11.45,11.45,11.1, 11.20,11.2,11.26,19632,2.21,81, 19176, 97.68,0.9767726161369193,2023-03-21
VISAKAIND, EQ, 21-Mar-2023,350.4,351.0,353.0,349.0, 352.40,351.75,350.71,30526,107.06,1168, 22219, 72.79,0.7278713228067877,2023-03-21
VISASTEEL, BE, 21-Mar-2023,11.2,11.55,11.55,11.0, 11.35,11.4,11.24,13776,1.55,79, -, -,,2023-03-21
VISESHINFO, EQ, 21-Mar-2023,0.4,0.4,0.45,0.4, 0.40,0.4,0.42,5162478,21.65,2429, 3420471, 66.26,0.6625637920394043,2023-03-21
VISHAL, EQ, 21-Mar-2023,18.15,18.4,19.95,17.1, 17.70,17.7,18.39,1866636,343.3,1738, 1610636, 86.29,0.8628548897589032,2023-03-21
VISHNU, EQ, 21-Mar-2023,260.85,264.0,264.75,260.05, 262.00,261.9,262.48,38792,101.82,1242, 27150, 69.99,0.6998865745514539,2023-03-21
VISHWARAJ, EQ, 21-Mar-2023,15.0,15.15,15.4,15.0, 15.10,15.05,15.12,294291,44.48,793, 221872, 75.39,0.7539204392930806,2023-03-21
VIVIDHA, EQ, 21-Mar-2023,0.85,0.85,0.9,0.8, 0.90,0.85,0.84,654217,5.5,468, 286720, 43.83,0.4382643679390783,2023-03-21
VLSFINANCE, EQ, 21-Mar-2023,177.75,180.4,180.4,176.75, 178.85,178.85,177.56,111120,197.3,1171, 85833, 77.24,0.7724352051835853,2023-03-21
VMART, EQ, 21-Mar-2023,2260.4,2265.2,2292.5,2250.05, 2290.00,2285.3,2278.39,8453,192.59,3320, 3466, 41.00,0.41003194132260734,2023-03-21
VOLTAMP, EQ, 21-Mar-2023,2603.65,2645.0,2680.0,2603.65, 2656.10,2661.9,2644.86,9118,241.16,3044, 3447, 37.80,0.3780434305768809,2023-03-21
VOLTAS, EQ, 21-Mar-2023,850.95,852.3,859.3,834.1, 836.00,836.65,840.92,1556594,13089.72,62015, 690227, 44.34,0.4434213417243032,2023-03-21
VRLLOG, EQ, 21-Mar-2023,608.25,612.8,629.45,597.75, 616.10,624.3,614.02,144529,887.44,10956, 46065, 31.87,0.31872496177237786,2023-03-21
VSSL, EQ, 21-Mar-2023,381.45,386.0,386.8,370.8, 373.00,373.45,379.01,84313,319.55,5489, 35130, 41.67,0.4166617247636782,2023-03-21
VSTIND, EQ, 21-Mar-2023,3154.35,3130.0,3169.95,3117.0, 3155.00,3159.0,3154.68,952,30.03,382, 529, 55.57,0.555672268907563,2023-03-21
VSTTILLERS, EQ, 21-Mar-2023,2105.1,2113.9,2194.0,2113.0, 2153.00,2166.5,2162.49,2642,57.13,741, 1185, 44.85,0.44852384557153674,2023-03-21
VTL, EQ, 21-Mar-2023,296.85,296.85,299.0,291.6, 292.20,292.95,294.08,123417,362.95,4817, 67189, 54.44,0.5444063621705275,2023-03-21
WABAG, EQ, 21-Mar-2023,324.25,326.1,333.3,321.05, 330.50,331.0,327.11,163925,536.22,7332, 63888, 38.97,0.3897392100045753,2023-03-21
WALCHANNAG, EQ, 21-Mar-2023,54.5,53.95,55.5,53.95, 54.90,54.8,54.85,51839,28.44,672, 36850, 71.09,0.7108547618588321,2023-03-21
WANBURY, BE, 21-Mar-2023,35.3,36.4,36.4,34.5, 35.85,35.7,35.48,55061,19.53,64, -, -,,2023-03-21
WATERBASE, EQ, 21-Mar-2023,66.0,66.65,66.65,65.1, 65.70,65.55,65.69,21626,14.21,419, 12717, 58.80,0.5880421714602793,2023-03-21
WEALTH, EQ, 21-Mar-2023,298.15,302.9,304.45,298.15, 298.15,298.85,300.23,19,0.06,10, 15, 78.95,0.7894736842105263,2023-03-21
WEBELSOLAR, EQ, 21-Mar-2023,72.6,73.1,74.5,73.1, 73.80,73.4,73.59,58738,43.22,791, 38622, 65.75,0.6575300486907965,2023-03-21
WEIZMANIND, EQ, 21-Mar-2023,84.3,85.0,85.45,83.05, 85.00,84.3,84.39,2489,2.1,128, 1225, 49.22,0.49216552832462834,2023-03-21
WEL, EQ, 21-Mar-2023,213.3,209.15,214.5,202.9, 203.90,204.6,207.08,9006,18.65,567, 3498, 38.84,0.38840772818121255,2023-03-21
WELCORP, EQ, 21-Mar-2023,195.1,196.2,197.35,194.0, 194.30,195.05,195.47,394570,771.26,5537, 173486, 43.97,0.4396837063132017,2023-03-21
WELENT, EQ, 21-Mar-2023,125.75,126.1,126.8,124.15, 125.85,125.1,125.42,137220,172.1,2655, 84988, 61.94,0.6193557790409562,2023-03-21
WELINV, EQ, 21-Mar-2023,264.0,264.9,271.95,264.8, 271.95,271.95,269.6,45,0.12,8, 22, 48.89,0.4888888888888889,2023-03-21
WELSPUNIND, EQ, 21-Mar-2023,63.95,64.4,68.8,63.15, 67.00,67.65,67.45,3652344,2463.65,15388, 678901, 18.59,0.1858809027846227,2023-03-21
WENDT, EQ, 21-Mar-2023,8230.3,8353.0,8417.95,8119.05, 8250.05,8291.95,8275.7,226,18.7,136, 150, 66.37,0.6637168141592921,2023-03-21
WESTLIFE, EQ, 21-Mar-2023,687.8,687.0,693.35,675.0, 678.95,678.55,681.1,56189,382.7,5257, 26435, 47.05,0.47046574952392817,2023-03-21
WEWIN, EQ, 21-Mar-2023,39.55,38.95,40.0,38.6, 39.50,39.5,39.46,1081,0.43,47, 522, 48.29,0.482886216466235,2023-03-21
WHEELS, EQ, 21-Mar-2023,491.45,491.25,495.95,485.25, 493.00,493.75,490.39,4478,21.96,381, 2782, 62.13,0.6212594908441268,2023-03-21
WHIRLPOOL, EQ, 21-Mar-2023,1342.45,1341.0,1344.5,1322.75, 1340.00,1340.2,1336.68,58541,782.51,7254, 18882, 32.25,0.3225431748688953,2023-03-21
WILLAMAGOR, EQ, 21-Mar-2023,19.55,19.95,19.95,19.35, 19.70,19.6,19.6,7494,1.47,62, 7066, 94.29,0.9428876434480918,2023-03-21
WINDLAS, EQ, 21-Mar-2023,240.85,242.0,242.0,238.9, 241.10,241.45,240.94,11280,27.18,673, 7395, 65.56,0.6555851063829787,2023-03-21
WINDMACHIN, EQ, 21-Mar-2023,38.6,38.6,39.55,38.2, 38.25,38.55,38.66,48116,18.6,351, 35976, 74.77,0.7476930750685843,2023-03-21
WINPRO, EQ, 21-Mar-2023,3.05,3.05,3.3,3.05, 3.10,3.05,3.16,376118,11.88,250, 129134, 34.33,0.3433337410068117,2023-03-21
WIPL, BE, 21-Mar-2023,79.85,78.05,82.0,77.5, 82.00,79.05,79.57,1361,1.08,13, -, -,,2023-03-21
WIPRO, EQ, 21-Mar-2023,367.15,369.0,370.25,365.45, 366.85,366.4,367.16,3605576,13238.4,79289, 1693068, 46.96,0.4695693559087369,2023-03-21
WOCKPHARMA, EQ, 21-Mar-2023,168.85,170.0,173.8,167.0, 170.10,171.1,170.96,1011366,1729.03,15328, 207457, 20.51,0.20512554307738248,2023-03-21
WONDERLA, EQ, 21-Mar-2023,395.8,400.0,411.9,391.2, 408.10,409.3,404.72,456073,1845.82,10972, 292591, 64.15,0.6415442264725164,2023-03-21
WORTH, EQ, 21-Mar-2023,93.0,92.3,93.4,91.05, 91.50,91.6,92.01,15051,13.85,364, 11740, 78.00,0.7800146169689721,2023-03-21
WSI, EQ, 21-Mar-2023,22.15,23.25,23.25,23.25, 23.25,23.25,23.25,500,0.12,3, 500, 100.00,1.0,2023-03-21
WSTCSTPAPR, EQ, 21-Mar-2023,504.05,506.6,525.0,504.05, 520.55,521.7,515.9,151738,782.82,7866, 75552, 49.79,0.4979108726884498,2023-03-21
XCHANGING, EQ, 21-Mar-2023,57.25,57.7,57.7,56.0, 56.25,56.3,56.79,115208,65.42,1205, 73262, 63.59,0.6359107006457885,2023-03-21
XELPMOC, EQ, 21-Mar-2023,101.35,106.3,106.3,97.25, 101.05,102.2,102.0,37772,38.53,1291, 21441, 56.76,0.5676426982950333,2023-03-21
XPROINDIA, EQ, 21-Mar-2023,691.6,683.9,731.8,678.0, 684.00,701.7,709.43,140822,999.04,11310, 35781, 25.41,0.2540867194046385,2023-03-21
YAARI, EQ, 21-Mar-2023,11.75,11.9,12.2,11.55, 12.00,12.05,11.94,203402,24.29,620, 160170, 78.75,0.7874553839195289,2023-03-21
YESBANK, EQ, 21-Mar-2023,15.35,15.45,15.55,15.15, 15.20,15.25,15.37,185863476,28566.41,81223, 26179699, 14.09,0.14085445706395808,2023-03-21
YUKEN, EQ, 21-Mar-2023,516.1,523.0,523.0,497.0, 497.00,499.4,501.73,2180,10.94,170, 1744, 80.00,0.8,2023-03-21
ZEEL, EQ, 21-Mar-2023,206.9,206.9,215.35,206.5, 213.05,213.75,212.17,11141992,23640.1,79617, 2800994, 25.14,0.25139077464783677,2023-03-21
ZEELEARN, EQ, 21-Mar-2023,3.95,4.05,4.05,3.85, 3.90,3.95,3.96,482214,19.11,644, 237220, 49.19,0.4919392634805294,2023-03-21
ZEEMEDIA, EQ, 21-Mar-2023,9.05,9.1,9.35,9.05, 9.15,9.15,9.18,808789,74.27,1279, 572160, 70.74,0.7074280189270625,2023-03-21
ZENITHEXPO, BE, 21-Mar-2023,84.0,82.0,82.2,82.0, 82.00,82.0,82.03,294,0.24,11, -, -,,2023-03-21
ZENITHSTL, EQ, 21-Mar-2023,3.85,3.95,3.95,3.75, 3.85,3.85,3.84,114463,4.4,337, 75755, 66.18,0.6618295868533937,2023-03-21
ZENSARTECH, EQ, 21-Mar-2023,270.0,272.55,276.9,271.1, 273.30,273.05,273.28,718491,1963.51,12539, 172422, 24.00,0.23997795379482834,2023-03-21
ZENTEC, EQ, 21-Mar-2023,307.05,306.55,319.9,305.0, 309.60,311.2,312.07,2242883,6999.28,29086, 498191, 22.21,0.2221208150402852,2023-03-21
ZFCVINDIA, EQ, 21-Mar-2023,10088.35,10127.1,10183.95,9975.6, 10100.00,10096.95,10073.51,1768,178.1,616, 953, 53.90,0.5390271493212669,2023-03-21
ZIMLAB, EQ, 21-Mar-2023,78.4,76.15,80.05,76.15, 77.00,78.15,78.6,3426,2.69,218, 1897, 55.37,0.5537069468768243,2023-03-21
ZODIAC, EQ, 21-Mar-2023,95.1,95.2,97.15,94.7, 94.90,95.2,95.18,10320,9.82,487, 4859, 47.08,0.4708333333333333,2023-03-21
ZODIACLOTH, EQ, 21-Mar-2023,85.3,86.55,86.55,82.55, 85.90,85.7,84.79,5598,4.75,278, 3851, 68.79,0.6879242586638085,2023-03-21
ZOMATO, EQ, 21-Mar-2023,53.55,53.85,54.15,52.65, 52.85,53.0,53.54,31632951,16936.02,51384, 6494278, 20.53,0.20530104826451379,2023-03-21
ZOTA, EQ, 21-Mar-2023,293.95,297.7,310.8,295.9, 305.45,305.3,305.08,37332,113.89,1528, 20580, 55.13,0.5512696882031501,2023-03-21
ZUARI, EQ, 21-Mar-2023,122.1,122.4,124.9,121.25, 123.50,123.05,122.91,65277,80.23,1548, 33364, 51.11,0.511114174977404,2023-03-21
ZUARIIND, EQ, 21-Mar-2023,110.1,111.5,114.0,110.5, 113.20,112.35,112.4,21781,24.48,479, 11366, 52.18,0.5218309535833984,2023-03-21
ZYDUSLIFE, EQ, 21-Mar-2023,476.2,478.6,480.0,473.35, 479.10,478.35,477.54,792636,3785.17,21410, 408284, 51.51,0.5150964629413753,2023-03-21
ZYDUSWELL, EQ, 21-Mar-2023,1475.65,1476.0,1479.95,1459.65, 1460.00,1461.2,1460.92,116993,1709.17,3196, 101343, 86.62,0.8662313129845375,2023-03-21
