Date,Close,High,Low,Open,Volume
2021-01-01,64.2130355834961,64.60252022638583,63.641788270957015,64.34286181677133,13127679
2021-01-04,66.47205352783203,66.70574076821256,64.73235213412093,64.81024788091445,38074425
2021-01-05,67.14714813232422,67.3808412885853,65.30359190040164,66.03062472896805,37288144
2021-01-06,69.58793640136719,70.6265583261947,67.77033911832157,67.9261306241262,68322273
2021-01-07,69.30229187011719,70.52267612801745,68.70507939121748,70.34091942586906,27057928
2021-01-08,68.93878173828125,69.92547299653965,68.36753442618301,69.84757725663462,25695991
2021-01-11,70.47075653076172,70.9381369229971,68.57526377157988,69.58792624064333,34330885
2021-01-12,73.43083190917969,74.52139005440849,72.28834921577477,73.17117945298028,97586422
2021-01-13,73.35293579101562,74.78104806494379,72.26237765145578,74.78104806494379,40754778
2021-01-14,74.78104400634766,75.81967159856806,73.17117510139724,73.45679872929395,45977088
2021-01-15,71.9248275756836,75.92353470623776,70.91216519911092,75.01473925194733,56681310
2021-01-18,71.61323547363281,73.74241516715773,69.89949967829489,73.11924337681393,51258841
2021-01-19,72.52204132080078,73.43083686496001,71.95079993554576,72.59993706291772,24831927
2021-01-20,71.6651840209961,73.01539485955563,71.4314908263104,72.72977710757456,30661965
2021-01-21,69.45809173583984,72.54800359085026,68.83491988141478,72.54800359085026,37836190
2021-01-22,69.61388397216797,70.78233779813992,69.06860195420964,69.58791872779506,39321474
2021-01-25,69.04263305664062,71.11988815494321,68.67911371159083,70.10722584879096,36106143
2021-01-27,67.58715057373047,69.67774607010175,67.16373890430032,69.17494584833311,34566082
2021-01-28,68.0634994506836,68.61923152491461,66.47570390766809,66.68741280665118,25917363
2021-01-29,66.31692504882812,68.64569259218925,65.78766190059483,68.2752065713382,33971523
2021-02-01,67.42838287353516,68.27520633050501,65.76119881406582,65.76119881406582,26058949
2021-02-02,68.64569854736328,69.96885956121338,68.1428982100746,68.22228678065287,24691153
2021-02-03,69.04263305664062,70.10116528111305,68.43397536190541,68.80446133762284,27508782
2021-02-04,69.17495727539062,71.58311343587901,68.93679157903244,69.33374046325537,36515719
2021-02-05,67.85179138183594,70.23348451289034,67.48130537987466,69.96884992378689,24708759
2021-02-08,69.54544830322266,71.08031824013527,68.35460156495871,68.75155047771335,41634937
2021-02-09,69.36021423339844,70.63044965141273,69.1749681612312,69.86301461734905,22848123
2021-02-10,70.7098388671875,70.9215478005797,69.227894504323,70.0747181239712,43526124
2021-02-11,72.21823120117188,73.03859179214142,70.4451896917816,70.86860141431558,68614404
2021-02-12,70.33934020996094,72.64164492160022,70.04824274991294,72.48286779264271,20971080
2021-02-15,70.81568145751953,71.66250497136353,69.78361794994196,70.89507608322204,25271722
2021-02-16,70.44520568847656,71.58312684398545,70.12765136718514,71.02740072476503,22841383
2021-02-17,71.13323211669922,72.48286182964404,69.86299701866076,70.12763160211163,32423616
2021-02-18,75.73784637451172,78.22539103651803,73.03859281978019,73.54139311168377,172072992
2021-02-19,76.95516204833984,79.09868371788762,75.94955532659077,76.18772709296702,104480796
2021-02-22,75.57906341552734,77.00808178903537,75.15565168577666,76.7434471865815,30914005
2021-02-23,77.98722076416016,78.72819281727244,75.7378478068113,75.7378478068113,45379051
2021-02-24,77.51089477539062,78.38418123244828,75.6320015099004,78.09308978473584,32315163
2021-02-25,79.81318664550781,80.8717189967131,77.3785676889989,78.30477971070405,58101687
2021-02-26,75.0498046875,79.36331685965082,74.30883260255831,79.36331685965082,56187516
2021-03-01,76.47881317138672,77.08746483945345,75.42028089423576,76.26710429317303,25289113
2021-03-02,76.6375961303711,77.74905419757614,76.00247550426559,76.98161929809831,25249303
2021-03-03,77.77552032470703,78.06661779533344,76.61113649916084,77.24625715198947,24425679
2021-03-04,76.45235443115234,77.72258959788505,75.87015952746712,77.00808042379819,24878889
2021-03-05,77.88138580322266,79.38979308319549,76.39944138381354,76.39944138381354,51476011
2021-03-08,81.58621978759766,83.59743301434553,78.0666117831863,78.54294920764386,94604086
2021-03-09,78.88697052001953,81.98316673512512,78.51648451921872,81.98316673512512,30716043
2021-03-10,78.17247009277344,79.86611710997911,77.8549097628075,79.25746536309062,32017675
2021-03-12,77.72259521484375,80.68647748475111,77.08747455709815,79.65441398711386,23323801
2021-03-15,75.97602081298828,78.22540004376195,74.91749439835583,78.22540004376195,33737184
2021-03-16,75.8172378540039,77.08747308833357,75.12919149738224,76.21418674329189,22843108
2021-03-17,73.25028991699219,77.00807552704015,72.64163825488838,76.21417784119437,23420679
2021-03-18,71.50372314453125,75.04980016179442,70.07470477303745,73.62078179030063,26944941
2021-03-19,73.30323028564453,74.22944234222956,68.16935757725098,71.95360042706473,63397212
2021-03-22,73.73442077636719,75.45920713004925,72.95287859830982,75.45920713004925,25674943
2021-03-23,72.44083404541016,74.54291062118739,72.09048692139721,73.84222254146188,21115888
2021-03-24,70.60826110839844,72.19829483415496,70.09621195826274,71.47065123621542,21688359
2021-03-25,68.99127960205078,71.63234865584622,68.69483106146528,70.63521197610532,30227956
2021-03-26,71.0394515991211,71.57844385223373,69.34161459046064,70.20401083106135,24132462
2021-03-30,71.33589935302734,73.97697454690345,70.5004585216412,72.1713401844135,107787562
2021-03-31,73.03374481201172,74.27343154720192,71.79405807682151,72.17134840777801,47196391
2021-04-01,75.54005432128906,75.97124936350521,72.87202998583258,73.43797771944783,28242048
2021-04-05,72.7372817993164,75.16275616942707,72.52168119898865,74.92020626509587,19137969
2021-04-06,72.52168273925781,73.8422233366738,72.27913899807561,73.68052134091856,13039233
2021-04-07,74.73155975341797,76.45633985090451,73.46492398380752,73.46492398380752,49814551
2021-04-08,74.67766571044922,75.9982001677751,74.24647065972444,75.9982001677751,20390359
2021-04-09,74.81241607666016,75.72870483544992,74.51596753647492,74.73156815705534,12520753
2021-04-12,71.55150604248047,73.11459061274131,70.36571796049988,72.44084556189058,23915031
2021-04-13,74.86631774902344,75.40531007004822,72.17134380729729,72.22524859087079,29176507
2021-04-15,75.78260040283203,76.29464954301852,73.54577720882497,73.57272651427682,21462112
2021-04-16,75.24360656738281,76.75279231463762,75.05496143312621,75.97125013611642,17054697
2021-04-19,73.5188217163086,74.32731314842592,71.98268676162566,72.76422889055908,17736906
2021-04-20,72.44083404541016,75.32445278207,71.95574039996932,74.48901201261621,28390069
2021-04-22,71.68623352050781,72.33302909077453,70.31180064406566,71.68623352050781,15984199
2021-04-23,69.74586486816406,72.2252441980004,69.26077119191594,71.03945622922676,35660049
2021-04-26,70.06926727294922,71.14725808795806,69.93452073418605,70.44656374978726,9030549
2021-04-27,70.90470123291016,71.57844619760242,70.06926043747602,70.06926043747602,17735046
2021-04-28,71.87489318847656,72.22524031590822,71.14724962906467,71.41674884285068,10324981
2021-04-29,72.65643310546875,73.5188231608992,71.84794165746517,72.60253449804188,13927243
2021-04-30,73.95002746582031,76.24075557864114,71.30895219247269,71.92879859224341,32024217
2021-05-03,74.1117172241211,74.48901366076771,72.57558217265277,73.35712435082786,11181586
2021-05-04,77.4804458618164,78.5045319162704,74.0308788764474,74.65072530543374,46779609
2021-05-05,78.1811294555664,80.22930761247437,77.07619554091802,79.39386676564222,32885070
2021-05-06,81.468994140625,81.84629060345783,78.47757791301558,78.63927375352924,39768303
2021-05-07,80.98389434814453,82.27747947967704,80.14845356517768,81.54984208389658,28393536
2021-05-10,83.30157470703125,83.81361768435966,80.9838974037332,80.9838974037332,24594211
2021-05-11,87.26317596435547,88.12556600187263,82.03493096464517,82.46612598340374,53661036
2021-05-12,86.80503845214844,89.33831015712336,85.53840259966097,87.64047925205082,39969171
2021-05-14,82.30443572998047,87.18233395024096,82.00798720694405,87.04758125706049,31277709
2021-05-17,82.54698181152344,83.43632123750778,81.03779601694352,83.00512617738505,21743668
2021-05-18,82.35832977294922,85.16110051313494,82.19662778375955,83.54411763103934,21403944
2021-05-19,82.35832977294922,83.30156773140493,81.54983833190143,82.35832977294922,13490071
2021-05-20,79.42080688476562,82.08883112560702,79.09741524079716,81.90018599995874,22357680
2021-05-21,78.55842590332031,81.09170391839984,78.31588214233354,79.55556875894652,25575448
2021-05-24,81.76544189453125,82.25053557969422,78.63927299501302,78.96267084122195,23611546
2021-05-25,83.5980224609375,83.94836960057765,81.76543884627378,82.78953095970658,39346974
2021-05-26,81.98103332519531,83.97531262358613,81.76543272912325,83.5441175997422,13011952
2021-05-27,82.35832977294922,83.54411763103934,81.14559261137752,82.06188126635165,22522069
2021-05-28,82.43917846679688,84.83770350925138,81.95408483121848,82.57392498548525,23036859
2021-05-31,86.21215057373047,86.99369284626337,82.57393846072252,83.00513355919226,72157479
2021-06-01,86.48164367675781,87.1823379750827,85.1611091670692,86.5624915954182,21191044
2021-06-02,85.61925506591797,88.09862829212994,84.97245936851445,87.53268051482664,21189259
2021-06-03,86.80503845214844,87.45182794687577,85.53840259966097,86.13129348385274,17615073
2021-06-04,87.31709289550781,88.79932955322955,86.40080405938595,86.93979640387504,20177104
2021-06-07,90.73969268798828,91.5751334892905,87.31708156684067,87.58658078827062,49836346
2021-06-08,90.44324493408203,91.52122941889263,88.93405925338692,90.65883936372406,25042431
2021-06-09,87.53266906738281,91.79072682043906,85.32279536547776,91.62903100138507,62295735
2021-06-10,88.12556457519531,89.47304821596374,86.5085817389532,88.66455679784269,35289424
2021-06-11,88.26031494140625,90.41629626270581,86.88588193792549,88.9340598753499,35738218
2021-06-14,87.9369125366211,88.718454645348,86.29298041170587,88.61065743539945,25594012
2021-06-15,87.85607147216797,89.58085780718618,87.61352773089227,88.66456294635448,21552793
2021-06-16,87.18234252929688,89.33831798103444,86.88589397708886,88.017783402364,18742569
2021-06-17,86.50859832763672,88.206429397603,85.53841090717061,87.04759065363999,15169980
2021-06-18,83.57107543945312,87.2901352130974,82.25053476126502,86.91283875765805,27276078
2021-06-21,83.67887878417969,84.16397249999294,81.52290328706452,82.46614141049592,20233188
2021-06-22,83.70581817626953,85.53840175794863,83.49021756794824,84.62210688295882,11793544
2021-06-23,82.65477752685547,84.62210765141289,82.30443655864029,84.62210765141289,12285874
2021-06-24,82.0618896484375,83.51717685829169,81.79239041779392,82.95122909077025,12256840
2021-06-25,82.52003479003906,83.38242493415653,82.06189041149545,82.46613617706933,9826611
2021-06-28,82.65477752685547,83.62497102066081,82.03493733786648,83.32852249463969,10817572
2021-06-29,81.92713928222656,82.87037729287455,81.57679214928002,82.70868146303793,9614037
2021-06-30,80.66049194335938,82.2235762016567,80.44489751782878,81.95408316974344,15773007
2021-07-01,82.46613311767578,82.87037886825263,80.84915011536842,81.22644656046018,18541380
2021-07-02,81.54984283447266,82.97817450275878,81.38814083635502,82.97817450275878,11203966
2021-07-05,82.00798797607422,82.81647946953758,81.68459014502875,82.08883589176044,9413395
2021-07-06,81.03779602050781,83.59802324391863,80.20235520596447,82.30443806349354,19510194
2021-07-07,80.82219696044922,81.98103554601593,80.06760410620578,80.74134904784464,12318030
2021-07-08,80.14845275878906,81.44203787730656,80.01370623653736,80.76829909774767,12805605
2021-07-09,79.31302642822266,80.33711868873807,79.23217850014812,80.1484673549293,10268650
2021-07-12,79.097412109375,80.41794644153435,78.96265942808937,80.04065003687454,14658186
2021-07-13,80.20236206054688,81.60375075200413,79.50167388311947,79.85201488768256,21299175
2021-07-14,79.69032287597656,80.82221237319233,79.33997568624538,79.7711708039988,9304242
2021-07-15,77.83077239990234,80.2562467115608,77.56127936636261,80.2562467115608,19727857
2021-07-16,78.04637908935547,78.26197970132276,77.0761917562542,78.15417631118879,16989651
2021-07-19,77.8038330078125,79.77116324476727,77.50739063315564,78.04638293719633,19776231
2021-07-20,76.72583770751953,78.15416927308598,75.86344767391334,77.83077146840866,13439010
2021-07-22,77.50737762451172,78.26197042450028,76.37548842452888,77.93857262903377,17509659
2021-07-23,76.7527847290039,78.15416694988156,76.53718414286125,77.61517473697475,11050608
2021-07-26,76.18685150146484,76.59109727992261,75.29751202251799,76.53719866523504,13892751
2021-07-27,74.94715881347656,76.537192491711,74.6776657617762,76.45634457620088,13121917
2021-07-28,74.30036163330078,75.40529536754688,73.62661673716055,75.40529536754688,13732599
2021-07-29,74.1117172241211,75.24360653406093,73.81527487042057,74.86631009741431,10445511
2021-07-30,75.21665954589844,76.42939680783694,73.97697297824803,74.38121873222752,21627378
2021-08-02,76.9953384399414,77.23788835978753,75.10886236582975,75.97125248570377,11319531
2021-08-03,77.23788452148438,77.69602886438138,76.45634235763056,77.58823164682923,13360672
2021-08-04,76.7527847290039,78.80096254000964,76.45633623617022,77.74992124812648,14392776
2021-08-05,77.02229309082031,78.47758037428889,75.62091059084781,77.0761978743164,29264226
2021-08-06,80.17540740966797,82.97817843750649,78.10027998711172,79.23216935440627,95269251
2021-08-09,78.58538055419922,81.11865874155123,78.26198885089167,80.9569567215961,16898479
2021-08-10,78.07332611083984,79.85200489225852,77.50738454447038,78.63926767720929,22428588
2021-08-11,79.31302642822266,80.04067011749657,77.74994181224213,78.42368688279967,16947189
2021-08-12,81.19949340820312,81.38813853766175,78.9896134533143,79.636409090916,23069728
2021-08-13,79.98676300048828,81.87323912833601,79.50166931527889,81.38814544312662,15121327
2021-08-16,80.0406494140625,80.44489511817392,79.5016571980139,80.01370011167506,7275816
2021-08-17,79.232177734375,80.41796583957894,78.07333893826878,80.01372003481173,8829298
2021-08-18,78.47756958007812,79.66335745617135,78.18112106897975,79.33995964118225,6614773
2021-08-20,75.6478500366211,77.83077450894612,75.45920490803142,75.45920490803142,21531570
2021-08-23,75.89039611816406,77.66907477131166,75.4592011062404,76.86058335291729,11996193
2021-08-24,78.396728515625,79.77116163899723,76.51024623700553,76.53719554325004,31872112
2021-08-25,78.10028076171875,79.50166937368753,77.61518707615296,79.01656951982088,11509722
2021-08-26,76.88754272460938,78.31588062936366,76.21379773161574,78.1002800110174,14629591
2021-08-27,77.3456802368164,78.26197507311436,76.53718878427722,77.23788302135792,18811386
2021-08-30,78.69316864013672,79.07046505552677,77.26483088866722,77.26483088866722,18467458
2021-08-31,78.77403259277344,79.58252419493218,77.5073965718316,78.66623535736598,21014754
2021-09-01,78.04637908935547,79.90591200748362,77.88468325660547,79.23216703442402,16225903
2021-09-02,78.20806884765625,79.36690739725907,77.69602591541785,78.63926386979914,13093312
2021-09-03,79.44775390625,80.49879522385645,78.20806746841421,78.69316725703261,21378195
2021-09-06,79.17826843261719,80.63354943243652,78.96266782062509,80.31015776689932,11086869
2021-09-07,77.72297668457031,79.55556018946363,77.61517946907666,79.1782637669356,9302749
2021-09-08,78.20806884765625,78.96266167848135,77.61517800532233,78.15417024092591,12718144
2021-09-09,78.23502349853516,80.17540431495699,77.88468253084145,78.12722627770631,18027484
2021-09-13,78.63926696777344,78.85486757148848,77.8577309710949,78.66622244050066,10928922
2021-09-14,84.08312225341797,84.43346941858069,79.33997012244743,79.33997012244743,54475924
2021-09-15,84.70294952392578,86.10433797000519,83.70581296431556,84.08310937916,29863693
2021-09-16,84.70294952392578,85.26889723034253,84.08310937916,84.62210161395201,17459850
2021-09-17,83.05902099609375,85.8887411475657,82.60087665115263,84.54125741725062,28818694
2021-09-20,80.74134826660156,83.32851845471711,80.06760333148176,81.92713614489627,8997673
2021-09-21,80.84915161132812,81.92714235557942,78.15417783485027,80.74135438739323,12995049
2021-09-22,80.84915161132812,82.0079902735306,80.52575377122267,81.33424528733595,17163750
2021-09-23,82.41223907470703,83.89446946344643,81.46899482554453,81.95409468776569,22708315
2021-09-24,82.25053405761719,83.43632202623924,80.06760943062923,83.00512696204038,23447479
2021-09-27,83.27462005615234,84.62210376147866,81.92713635082603,83.54411926453773,31471288
2021-09-28,85.96959686279297,86.9936827901657,82.49308100046856,83.13987665755701,49434681
2021-09-29,84.24479675292969,87.04756719578944,83.13986309079904,85.13414217837808,32460355
2021-09-30,85.61925506591797,86.13129806152023,83.5980262219081,85.6731536793181,31218057
2021-10-01,87.9369125366211,89.58085082983628,84.91854747996197,86.3468851849801,68705115
2021-10-04,87.07453155517578,88.8262672400974,86.77808919705878,88.61066662952989,13440394
2021-10-05,88.7723617553711,90.76663486511423,87.07452481248959,87.1014741156861,37808565
2021-10-06,89.68865203857422,92.32972080986613,88.39506695661694,88.93405919869075,54857979
2021-10-07,86.05044555664062,90.82054660801246,85.64619980937692,90.577996692334,28643079
2021-10-08,85.2419662475586,87.8021876234487,84.97246698809067,86.93979739511312,17590875
2021-10-11,85.56536102294922,86.61639637699433,85.4306083139502,85.64620894736788,9531361
2021-10-12,85.13416290283203,85.9965530692923,84.64906303693473,85.67315521479445,18012067
2021-10-13,85.7000961303711,86.77808681704194,85.21500248027435,85.32279969845132,14951839
2021-10-14,86.26603698730469,88.23336704441753,85.96959463974687,86.23908768298125,23311758
2021-10-18,86.96673583984375,88.28727032649499,86.69723661404322,86.77809069959388,25302591
2021-10-19,83.9483642578125,87.64047438934826,83.46326445330686,87.20927936068789,11178493
2021-10-20,81.71153259277344,83.6519132479029,80.95693977309531,83.54411603603461,12791211
2021-10-21,80.68744659423828,83.49021110743195,80.09454959345882,82.52002386581107,25111639
2021-10-22,81.11864471435547,82.9512220560775,80.17540057124533,82.19662920890951,13604868
2021-10-25,79.9059066772461,81.84628121401317,78.74706811493785,81.68458539204933,10413771
2021-10-26,81.92713928222656,82.19663233195426,80.22930222743945,80.22930222743945,11325540
2021-10-27,80.71440124511719,82.70868063463013,80.49880063919396,82.00798637575521,17954121
2021-10-28,79.47471618652344,81.38814152884171,78.80097121995188,81.11864847685355,14810112
2021-10-29,80.22930145263672,84.21786023309296,78.42367336369664,79.04351354038485,42520734
2021-11-01,80.95695495605469,83.43632830381627,80.31016539524366,82.19664162993548,24821902
2021-11-02,81.36119842529297,83.40937661802559,81.03780056995602,81.226451889028,22232334
2021-11-03,81.14559936523438,83.27462535898188,80.849150833963,81.84628748237488,23762697
2021-11-04,81.65764617919922,81.92714541740911,81.38814694098932,81.54984895123565,1334935
2021-11-08,81.87323760986328,82.54698259634227,81.17254948568996,82.19663545010523,27469462
2021-11-09,81.19949340820312,82.30443338564754,80.9569435020274,81.92713695842994,16457853
2021-11-10,81.98103332519531,82.5200255629252,80.63354347842032,81.19949118792188,28379137
2021-11-11,80.57966613769531,82.30445285656913,80.31017303185706,81.92715634009377,16867800
2021-11-12,79.77115631103516,81.06474142927458,79.5016632665897,80.92999490705184,10517026
2021-11-15,79.25910949707031,80.31015082410586,79.01655960058515,79.69030451547718,10850394
2021-11-16,78.47756958007812,80.04065387894195,78.15417176508902,79.31301033729152,8684095
2021-11-17,78.1541748046875,79.04351420427085,77.88468175529891,78.34282610756001,5816481
2021-11-18,75.97124481201172,78.45061769828857,75.6478470076495,78.45061769828857,15334431
2021-11-22,74.00391387939453,76.26769231190448,73.43797235541705,75.9981931170914,14125108
2021-11-23,74.65071868896484,75.05496444690455,73.33017802294127,73.3571273289172,13845207
2021-11-24,75.5669937133789,77.1839764516562,74.92019815074813,74.92019815074813,13653798
2021-11-25,76.29464721679688,76.64499434528953,74.54291157433356,75.8634521744137,15096982
2021-11-26,72.0096435546875,75.64785537763369,71.7131950205302,75.45921023572498,15749431
2021-11-29,70.2579116821289,72.0096411868843,69.77281802201364,72.0096411868843,16883688
2021-11-30,69.96146392822266,72.60253903529352,69.50331956816254,70.15010906600598,18842749
2021-12-01,70.36571502685547,71.84795160961005,68.85652913665453,70.66216357706661,20438737
2021-12-02,70.95860290527344,71.47065206132056,70.12316207378706,70.39266130495392,11993058
2021-12-03,71.2820053100586,72.11744619500143,70.90470882960365,71.22810669403664,21972160
2021-12-06,69.44942474365234,71.41675498643761,68.37143396407524,71.38980567957076,37230048
2021-12-07,71.44369506835938,71.90183939424043,69.85366149531919,69.96145870886764,10273959
2021-12-08,72.06353759765625,73.30322409935944,70.90469900878799,71.95574038054302,12704800
2021-12-09,72.3599853515625,72.57557978352023,71.49759528713103,72.49473187153608,9177496
2021-12-10,73.00679016113281,73.24933392757347,71.92879936093777,72.35999444735558,9226884
2021-12-13,71.87489318847656,73.97696978476611,71.68624188833624,73.73441987552869,11789575
2021-12-14,72.9259262084961,73.30322262912536,71.14724748860115,71.55149321296821,19527363
2021-12-15,71.14724731445312,72.95287533366619,70.98555149242219,72.7372809042916,9433017
2021-12-16,69.82671356201172,71.60539229366138,69.39551853105725,71.41674716625018,20402434
2021-12-17,69.79976654052734,70.17706297598752,68.80262375813241,70.06925958849857,29791119
2021-12-20,67.8863296508789,70.44655041247148,67.48208394282219,69.79976098056072,19809883
2021-12-21,69.53026580810547,69.82671432271005,67.7785363612882,68.45227513482543,11009583
2021-12-22,70.17707061767578,70.4465636949925,69.3685790491233,70.0153686029846,8446630
2021-12-23,71.60538482666016,71.90183330712158,70.4195970731141,70.52739427753657,14736444
2021-12-24,70.52739715576172,72.3060819428188,69.90755703673719,72.27913264061338,12075364
2021-12-27,70.36571502685547,70.55436017898005,69.47637554452317,70.52741087153368,10079781
2021-12-28,71.71319580078125,71.90184711304326,70.66216051925292,70.95860288833481,10441480
2021-12-29,71.2820053100586,71.95575034693555,70.66216505750482,71.60540317449158,10156587
2021-12-30,70.94851684570312,72.00454946089984,70.8651473562444,71.53211599328279,17955094
2021-12-31,71.81002044677734,72.19908445828486,71.14305811325364,71.14305811325364,6240936
2022-01-03,73.06058502197266,73.1439545220511,71.8656031054596,71.97676879958266,6717087
2022-01-04,73.81092071533203,74.58904874410956,73.17174184859158,73.61639188848011,10529581
2022-01-05,75.61727905273438,75.86739388453958,73.67196550127936,74.45009346613513,18244765
2022-01-06,77.17354583740234,77.31249500756911,74.53347344012198,75.64507952282672,19398843
2022-01-07,77.56260681152344,77.81272166863161,76.50657407790399,77.50702714565163,11267464
2022-01-10,79.28559112548828,79.4801262902974,77.78492126875763,77.81271109791832,12153643
2022-01-11,78.81316375732422,79.73024091183933,78.45188958964273,79.34117691285039,10066720
2022-01-12,79.81361389160156,80.0359389124558,78.840957031991,79.06328205284524,7171141
2022-01-13,80.56394958496094,80.78627459889937,79.34117791001142,79.86919743285843,10180855
2022-01-14,80.20268249511719,80.92523090336653,79.59129978399604,80.25826216333863,6295374
2022-01-17,80.42499542236328,80.75847974217804,78.22956705466633,78.67421069419123,12524406
2022-01-18,79.42455291748047,81.14755440320602,78.8965397186712,80.36942634144226,13774521
2022-01-19,82.23136138916016,82.53705588491644,79.14664568318959,79.25780500503389,29895144
2022-01-20,81.89787292480469,82.5370517144819,81.28649032486854,82.03682843077338,9383230
2022-01-21,79.70244598388672,81.59218619537535,78.56304389108745,81.39765102797828,12161757
2022-01-24,78.28514862060547,79.86919440778061,77.09016682257308,78.95211091578982,15752490
2022-01-25,79.89698791503906,80.11930657010286,76.75668602678431,77.11796020194781,16582789
2022-01-27,78.5352554321289,80.06372152571235,78.34072662202124,78.92431941302861,18465921
2022-01-28,78.81316375732422,81.25870707648762,78.53525908356507,79.00769257647634,13390612
2022-01-31,80.20268249511719,80.56395669924186,79.17444591164993,79.48014044755315,7778208
2022-02-01,81.98125457763672,82.25915288788339,80.11930409556096,80.59173758366492,15361881
2022-02-02,80.98079681396484,82.67600184946589,80.81405783762739,82.53705270251801,10444488
2022-02-03,81.9256591796875,82.98169171983092,80.59172836109886,80.59172836109886,24145317
2022-02-04,81.45323181152344,84.45458432771544,81.23091317221105,83.23181272944427,28158331
2022-02-07,82.39810943603516,82.75937724388206,81.36986659318606,81.95346577338505,12239946
2022-02-08,80.20268249511719,82.70380572919383,79.09107640931776,82.45369722219735,18082866
2022-02-09,79.45233917236328,80.9252192501937,79.09106502026182,80.59173492820125,11447532
2022-02-10,78.70201110839844,79.73024767536882,78.00725254540643,79.70245784170395,30568632
2022-02-11,78.17398071289062,79.34117264710383,77.81271292531721,78.20177690338829,11599657
2022-02-14,76.45098876953125,78.2017799187004,75.75623663672513,77.25690658656139,12593280
2022-02-15,77.39585876464844,77.64596723182844,74.56125161181826,76.86783927923315,9896463
2022-02-16,77.4514389038086,78.47967532995348,77.11795458481846,77.4514389038086,7104208
2022-02-17,77.70154571533203,79.11885245064093,77.28469191565603,78.11839951500802,9550596
2022-02-18,78.28514862060547,78.59083675725122,76.89563164765946,77.81271513965025,9216444
2022-02-21,75.75623321533203,78.11840053728513,75.42274889909034,78.03503104839577,7842079
2022-02-22,74.78358459472656,75.31160418142957,73.39407376179638,73.42186359681385,16870429
2022-02-23,76.84004974365234,77.75712684819109,75.03368536436788,75.06147519416092,16949706
2022-02-24,72.11570739746094,75.67285643163746,71.47652860249748,74.47788105093917,20102259
2022-02-25,74.92252349853516,75.28379763424898,72.81046470263313,72.81046470263313,9361903
2022-02-28,80.50836181640625,81.5643943950986,74.394504057176,75.03368284230001,41879932
2022-03-02,84.7880630493164,86.03862448874989,80.86963975003192,81.14754441235638,51656592
2022-03-03,88.37301635742188,88.81766004083494,85.09376521682243,86.01084241631906,43969119
2022-03-04,86.39990997314453,88.92882301384918,86.06642560675469,88.37301997698961,27599464
2022-03-07,89.84588623046875,91.15203365839525,86.26094734309163,86.87232995216246,49852981
2022-03-08,87.48372650146484,90.70739788500175,87.03908283070301,89.8458940146731,27506886
2022-03-09,85.87189483642578,88.37301798700129,85.26050578503083,87.90058446220615,19095226
2022-03-10,81.98125457763672,84.64911652011244,81.5644007515821,84.48237753396444,38037085
2022-03-11,84.70469665527344,85.64956363675883,82.25915334733565,82.25915334733565,26918119
2022-03-14,84.67691040039062,86.92791862445503,83.87099254076702,85.53840792472138,26780125
2022-03-15,82.50926971435547,84.42679354396394,81.53661288370435,84.26005455380138,30786711
2022-03-16,84.70469665527344,84.92702166539716,82.25915334733565,83.20402668950568,22874641
2022-03-17,84.09330749511719,85.67734683173155,83.7042435280494,85.17712354855416,27066381
2022-03-21,82.94371795654297,84.8980429251201,82.77128042022898,84.63938004257874,28588611
2022-03-22,82.45513153076172,84.00709554135017,82.02403114760601,83.34607188407884,19226274
2022-03-23,82.54135131835938,84.03583617352352,82.25395544472772,82.85749335742409,21618523
2022-03-24,84.55314636230469,84.98424670512954,82.80000540668824,82.85748457532233,17833026
2022-03-25,84.8692855834961,85.44408382904835,84.26574117650068,84.7830668333736,15487354
2022-03-28,87.4271469116211,88.14564306532802,86.36376260547013,87.36966774557006,41821984
2022-03-29,87.7432861328125,88.23187222158796,86.507470852945,88.05942813788215,15687570
2022-03-30,88.20313262939453,88.69171214005694,87.3121857828111,88.23187221366472,14933176
2022-03-31,89.46768188476562,90.38736825796485,87.8582455323217,88.97910240473186,43637698
2022-04-01,93.14640808105469,93.34758515927972,89.5826472136607,90.24366419161178,26125590
2022-04-04,92.94523620605469,94.49719348773534,92.71531295428579,94.03735356226672,17226963
2022-04-05,92.399169921875,93.97987334825088,92.05428833709328,93.60625217957644,17312992
2022-04-06,93.31886291503906,93.83618865415862,91.30706544672756,91.8531241957204,10617483
2022-04-07,92.37042236328125,93.95112565318881,91.50822176479868,93.37632744688995,11665852
2022-04-08,93.20388793945312,93.54876951132987,92.05428489255361,92.74404803630709,10835868
2022-04-11,94.61214447021484,95.35938675779282,93.43380845295957,93.69246469076596,17773953
2022-04-12,95.8192367553711,96.96883988998677,94.52593569570446,95.10074055204697,42080380
2022-04-13,96.94010925292969,97.4286888212701,95.99168970391185,96.5377484475782,16484244
2022-04-18,96.53773498535156,98.17591756597531,95.99167631783334,96.077895068799,24478446
2022-04-19,97.71607971191406,99.72787692251863,96.76765369706624,97.37119812270296,42103258
2022-04-20,95.18695831298828,98.54954234861809,94.03735519037853,98.54954234861809,26439088
2022-04-21,94.26728057861328,94.98577679068735,92.25547671305316,94.26728057861328,26070097
2022-04-22,94.38224029541016,95.24444102491873,93.34759547315815,93.69247708057549,10841299
2022-04-25,90.73224639892578,93.6062507920808,89.66886865451913,93.06019212814412,26466789
2022-04-26,90.27240753173828,91.91059012060555,89.09407143980664,91.73815261780649,23229772
2022-04-27,89.46768188476562,90.44484742290192,88.80666490992068,89.61138637517703,21439446
2022-04-28,90.7035140991211,91.30705855652597,90.01375746246205,90.81847902028888,17426662
2022-04-29,91.4794921875,92.74405364210361,90.99091267200507,91.10587101022288,19011850
2022-05-02,90.55980682373047,91.76688903588986,90.013748172302,90.90468839550013,9307420
2022-05-04,90.55980682373047,92.02554528116548,89.66886660053234,90.2436648347692,15067609
2022-05-05,92.74406433105469,93.97988634353497,91.16336068610339,91.39328396710741,19248847
2022-05-06,92.0830307006836,92.54287060206805,90.47358775680358,91.16334431984585,11865471
2022-05-09,89.72635650634766,91.93933753783148,89.38147489329585,90.81848051800013,10668991
2022-05-10,85.58778381347656,90.21492920725446,85.07046472217567,89.06533268837894,20527045
2022-05-11,86.59368896484375,88.03068790205394,85.3291275319939,85.61652995066359,16623364
2022-05-12,86.39250183105469,87.25470247439084,85.07046128314386,86.4212414139613,14025940
2022-05-13,84.95551300048828,87.82951767758365,84.35197510999099,86.82361242266197,11376351
2022-05-16,86.6224365234375,86.88109280379011,85.01299335563117,85.61653783259341,6032104
2022-05-17,88.63423919677734,88.86415588708715,86.85235195652811,87.82951762455373,9515223
2022-05-18,88.3180923461914,89.5251746386041,87.91573158205384,88.95036978808227,11161104
2022-05-19,88.37557983398438,88.74920104856989,86.07637994969264,86.79487621336949,10548978
2022-05-20,89.84130096435547,90.32988043312895,88.66296495416533,88.83540244500233,8769070
2022-05-23,88.05943298339844,89.66887610351077,87.77203712485662,89.0940778083576,8706325
2022-05-24,87.36966705322266,89.09406833336475,86.79486224112938,88.43304477287815,10262602
2022-05-25,87.4271469116211,88.5192642227287,86.82360251194736,87.51336566069766,12431466
2022-05-26,86.90982818603516,88.17438300034395,85.18542688534453,87.6283243426103,11919162
2022-05-27,82.08151245117188,87.65707798984488,81.7366373981556,87.54211963883945,17134840
2022-05-30,82.62757110595703,83.92087218459947,81.33427002731459,83.37480690525507,15258349
2022-05-31,84.61062622070312,87.4271515532187,82.48386407355808,82.91496441989736,44252818
2022-06-01,85.64527893066406,85.99015397722015,84.49567570793418,84.7543385709211,16916865
2022-06-02,85.73149108886719,86.42124770692098,85.07046747774339,85.67401191886847,10290948
2022-06-03,84.84054565429688,86.90982853914683,84.61062241017179,86.22006538484052,8321058
2022-06-06,85.15668487548828,86.19132965318252,83.92086958407425,83.97834875315684,7615440
2022-06-07,86.79487609863281,88.05943767783909,85.2141790581774,85.30039782033626,19132638
2022-06-08,87.62832641601562,88.86414825449432,86.79486532908973,87.45588891309403,15511416
2022-06-09,87.11101531982422,89.20903802149947,86.82361287718922,87.0822757333677,10734990
2022-06-10,85.7027587890625,87.944479499917,85.3003979867994,87.34094158555729,9311254
2022-06-13,84.09330749511719,85.07046653035167,82.54134361015832,85.07046653035167,12132084
2022-06-14,84.46692657470703,85.93266509112982,83.4610279797935,83.69094465151356,7573116
2022-06-15,84.81180572509766,87.31218234860398,83.94960507476611,85.99014178996688,16896789
2022-06-16,80.75946807861328,85.8751934070387,80.50081180038686,85.61653712881227,14733385
2022-06-17,79.86852264404297,81.8803264588535,78.28782575489902,79.89726222867817,25102788
2022-06-20,75.38507843017578,80.4433240460681,74.14925660960647,80.4433240460681,17061658
2022-06-21,78.3740463256836,78.74766751267184,75.58626050495718,77.02326608230727,14231107
2022-06-22,76.79334259033203,77.54058496205596,74.92524323909163,77.31066170226805,19244923
2022-06-23,75.70122528076172,78.31656700665336,75.29886450923459,76.44846107525261,20161450
2022-06-24,76.13233184814453,77.02327221961953,75.15516613582523,77.02327221961953,12164283
2022-06-27,77.39688873291016,77.65555160556818,76.01736876089763,77.02327408517206,10260453
2022-06-28,78.690185546875,78.86262964504303,76.8795652735641,76.96578403361323,9907093
2022-06-29,80.04096221923828,80.44332295952546,77.88546060272441,78.00041893478677,14882062
2022-06-30,77.71302032470703,80.7019831508934,77.45436406492514,79.83978246214866,14776534
2022-07-01,76.07484436035156,78.40279037060088,75.29886893500492,77.08074963732723,15116436
2022-07-04,76.76459503173828,77.22443492548207,75.27011702158816,75.29885660381785,6503989
2022-07-05,76.9083023071289,78.11538464195469,76.6209064498391,76.93704189285789,6013528
2022-07-06,76.76459503173828,77.138216178793,74.46539556301936,76.73585544950859,12987415
2022-07-07,78.63270568847656,78.71893102584426,77.1382274597685,77.1382274597685,7963336
2022-07-08,78.89137268066406,81.27679136999032,78.2016094139767,81.27679136999032,10036582
2022-07-11,79.66734313964844,80.18466222548939,78.25907722288203,78.89136122185246,13317447
2022-07-12,79.89726257324219,80.58702576360025,78.51774277059535,79.32246429998999,9670797
2022-07-13,79.0350570678711,80.44332294770373,78.37404008054072,80.44332294770373,13899456
2022-07-14,80.0697021484375,80.38583756297584,79.03505742119619,79.17876191496435,9560767
2022-07-15,80.73072814941406,81.4779705505908,80.09845067169736,80.21340901708774,10049224
2022-07-18,82.82875061035156,83.05867387855578,80.87443243192912,80.87443243192912,6755344
2022-07-19,80.61576080322266,83.3460606698222,78.92009908575776,82.71378326269966,12022441
2022-07-20,81.36299896240234,84.72557606425879,81.04685698596505,82.82873736177216,21701412
2022-07-21,82.71378326416016,83.02992525676146,81.39174270554524,81.50670103810246,8781738
2022-07-22,81.39175415039062,83.48977690491671,80.98939335179371,83.1161556935003,12390337
2022-07-25,84.49566650390625,84.78306892279973,82.08150197256698,83.23110507007175,20317410
2022-07-26,82.7425308227539,84.63936980505795,82.57008672922746,84.63936980505795,12998664
2022-07-27,84.35196685791016,84.72558144333877,82.36890270644398,83.05866586645021,10419007
2022-07-28,83.89213562011719,85.01299264846095,83.51851441797938,84.92677388906061,8473834
2022-07-29,84.26573944091797,84.98424216661137,83.97834361309569,84.66810017793802,7014877
2022-08-01,85.24961853027344,86.11774094554403,84.81555732263813,84.8444942949306,10328928
2022-08-02,81.89288330078125,85.452183875228,81.54563301036606,84.98918569575723,27076266
2022-08-03,81.48774719238281,82.41374341639889,79.86725048873099,82.38480644835134,19315218
2022-08-04,81.08262634277344,82.29799892037131,80.06981254981804,81.48775053530606,32498244
2022-08-05,76.91564178466797,80.96687736296239,76.68414601500734,80.96687736296239,65529649
2022-08-08,77.17607879638672,77.7837617964713,76.88670246988323,77.55226603386687,20840541
2022-08-10,75.70026397705078,77.40757165520408,75.17939190748231,77.17607590128375,33311005
2022-08-11,74.45596313476562,76.48158433462609,74.34021524427317,76.39477341675675,38551380
2022-08-12,76.10539245605469,76.27902090452173,74.36914771087285,74.77427192629848,29145945
2022-08-16,78.18889617919922,78.2757071014728,75.93177908384183,76.65521668261937,25540356
2022-08-17,78.1020736694336,78.88338510047548,77.8705712878017,78.3914499906615,18559593
2022-08-18,78.47826385498047,78.709759622081,77.9573917557562,78.27569843551943,16228315
2022-08-19,77.06033325195312,78.94126965805795,76.8867114098121,78.59401935052716,15787270
2022-08-22,74.861083984375,76.22114812905977,74.1376530783119,75.90283482137303,24640419
2022-08-23,76.56839752197266,76.74202598610616,74.31128047422662,74.54278288532171,16980100
2022-08-24,76.45264434814453,76.71308371473421,75.58452195717658,76.01858315266055,17466696
2022-08-25,76.77095794677734,77.63908034101418,76.56839252238969,76.62626646557237,13795335
2022-08-26,77.8705825805664,78.941270488107,77.26289950343441,77.61014981461646,17163393
2022-08-29,77.52333068847656,77.6969525140691,76.39476895238079,77.1471434431113,13597173
2022-08-30,78.76763153076172,79.25957326964885,78.13101156441918,78.30463338526317,16684747
2022-09-01,78.9123306274414,79.4621397364721,78.27570397635445,78.97020457331321,18915690
2022-09-02,78.30464172363281,79.46214052226087,78.01527199141226,79.34639262937266,17306892
2022-09-05,79.14381408691406,79.43319039446091,77.61013489038508,78.70975293721756,19224678
2022-09-06,80.77879333496094,81.0392260854149,79.17276156921042,80.30132335758942,28296817
2022-09-07,80.56175994873047,81.47328447870832,80.21450967020398,81.08263205489612,10690240
2022-09-08,80.3447265625,81.38647073865562,80.21450688466857,80.99581832840924,7180648
2022-09-09,80.21450805664062,80.69197138466794,80.04087960924593,80.47494079286061,5597228
2022-09-12,80.51835632324219,80.82219785264245,80.17110602253537,80.47494755193561,6581257
2022-09-13,80.12770080566406,81.08263412859837,79.95407235033615,80.69197507154682,7045689
2022-09-14,79.60682678222656,80.08429678362354,79.25958309748192,79.5200158610404,6872183
2022-09-15,79.17276763916016,80.90901260162637,79.08595671568663,79.73704857661146,8970450
2022-09-16,79.78044891357422,80.73538221730125,78.3046368775886,79.08594835272825,18170179
2022-09-19,78.13101959228516,80.08429508209228,77.95739775360174,79.99748416275058,8372178
2022-09-20,78.9123306274414,79.30298307370036,78.21783003048265,78.47826941015433,6639747
2022-09-21,77.26288604736328,78.9557219125851,76.87223365484982,78.73869133380038,13740141
2022-09-22,76.61180877685547,77.17608971289285,75.65687537454161,77.08927878963685,13003243
2022-09-23,74.65852355957031,76.82882947699969,74.39808420017957,76.3947682935138,8632586
2022-09-26,73.66019439697266,74.61512784302151,72.05416906181104,74.35469506132594,15119710
2022-09-27,74.87555694580078,75.09258754564368,72.61844003208428,74.65852634595788,10752213
2022-09-28,74.39808654785156,74.91896528306965,73.31293355489429,74.35468440208223,12068829
2022-09-29,74.57171630859375,75.30961903209719,74.00743541770935,74.65852722490327,12673874
2022-09-30,75.57006072998047,75.7436825679428,73.79040708624801,74.00743769532521,11829278
2022-10-03,73.92062377929688,76.3513625284602,73.35634289392472,76.3513625284602,14508849
2022-10-04,75.7436752319336,76.22114517495842,74.22446111553377,74.74533320222127,10340686
2022-10-06,76.00411224365234,76.52498431428107,75.52664231534818,76.0475143859769,10663228
2022-10-07,75.39643096923828,76.09093155561435,74.70193700611067,76.00412063812946,12478992
2022-10-10,77.43651580810547,77.6969551786741,74.22446556175012,74.22446556175012,11158338
2022-10-11,74.83214569091797,77.34970189012246,74.65852386610996,77.34970189012246,13259938
2022-10-12,74.96237182617188,75.22281120905843,73.87721876955894,74.87556090629258,11033418
2022-10-13,74.1810531616211,75.70026729467095,74.00743133857173,75.22280396966123,6397554
2022-10-14,73.87721252441406,75.35302453060036,73.83381037976768,74.91896334464818,6931298
2022-10-17,73.83381652832031,74.35468867018926,73.2261268434327,73.87721867658102,9373705
2022-10-18,73.79039764404297,74.57170906139415,73.70358673617011,74.22445880665498,8035885
2022-10-19,73.61678314208984,74.48490555356143,73.35634376934901,74.18105741094767,7157063
2022-10-20,75.91729736328125,76.22114548640108,73.05249756317038,73.44314997397024,17120292
2022-10-21,75.0491714477539,76.4815745914912,74.87554963413324,75.91729376235256,7929074
2022-10-24,75.35303497314453,75.78709621924963,75.09259557618188,75.78709621924963,869107
2022-10-25,75.13599395751953,76.0041163296538,74.57171309098264,75.3530245505531,7086629
2022-10-27,76.43817901611328,76.6986117589167,74.48490364047068,75.22280634661935,12203430
2022-10-28,78.17442321777344,78.34804504502824,76.26455000172966,76.74201996155264,20036187
2022-10-31,79.25957489013672,79.43319671453047,78.30463498622699,78.60848311378811,12658201
2022-11-01,79.34638214111328,79.78044330531712,78.8255100687182,79.43319304930449,7632156
2022-11-02,79.25957489013672,79.52000762672733,78.99913553029806,79.3463858023336,7390466
2022-11-03,78.60848236083984,79.17275659633866,78.30463423618912,78.99913477360793,12821695
2022-11-04,76.87223815917969,79.30297681004923,76.48157912052793,78.99913530659654,13339109
2022-11-07,78.60848236083984,78.82551295087723,76.39476769315932,76.87223764054077,13463366
2022-11-09,76.91564178466797,78.60848440492803,76.61180027536432,78.56507563649258,12172444
2022-11-10,76.56839752197266,77.4365199728941,76.35136690924229,76.82883690654856,6898707
2022-11-11,77.13267517089844,77.56673637796399,76.4381812135426,77.26289485766779,8365138
2022-11-14,76.48157501220703,76.95904493716185,76.30795319763129,76.91563617189408,7996003
2022-11-15,78.04419708251953,78.13100798896886,76.43817213184025,76.48157427344111,8247787
2022-11-16,78.56507873535156,79.21617054807547,77.47992571414505,78.13101752686896,10223428
2022-11-17,78.26123046875,78.91232222535649,77.56672994573726,78.56507196385013,4925266
2022-11-18,78.3914566040039,79.4766096210956,77.95739539716722,78.6952981241399,14475534
2022-11-21,77.8271713256836,78.69529369044695,77.69695164631949,78.39145218742938,7845740
2022-11-22,79.08594512939453,79.21616480715177,77.69695068756255,78.47826213085803,18535213
2022-11-23,78.82550811767578,79.34638017717853,78.13100762284039,79.34638017717853,8624491
2022-11-24,79.95407104492188,80.25791255772445,78.78210713939865,78.91232682295639,14011196
2022-11-25,80.9524154663086,81.47328759238046,79.6502318395047,80.30132365290665,12249200
2022-11-28,80.51835632324219,81.42988753469155,80.25791694189992,80.99582631462016,11371642
2022-11-29,81.73372650146484,82.16778770792695,79.91067075897367,80.73538440195232,18484964
2022-11-30,82.25459289550781,82.42821471670048,81.42987930997076,82.03756230739302,18501717
2022-12-01,81.29966735839844,82.81888161957366,81.16944766850513,82.68866192968036,9433858
2022-12-02,80.90900421142578,81.73372445702373,80.77879115134293,81.60350477369266,9494016
2022-12-05,80.86560821533203,81.51670005825218,80.4315469867186,81.16944975071169,15148621
2022-12-06,80.73538970947266,81.16945094446982,80.04088908417766,81.16945094446982,9031442
2022-12-07,80.9524154663086,81.64691604990337,80.5617630275668,80.5617630275668,11134858
2022-12-08,80.3447265625,81.12603138299274,80.25790902844707,80.95240956138278,10614975
2022-12-09,78.86891174316406,81.25624813211824,78.39144843932185,80.77878482827603,15835417
2022-12-12,80.56175994873047,81.08263205489612,78.30463644993235,79.08594792080491,15920076
2022-12-13,80.9524154663086,81.60350727971054,80.47494548718113,80.86560454917135,11215454
2022-12-14,83.3397445678711,83.60018391894482,80.86559722566199,80.95240813493729,22598875
2022-12-15,84.51171112060547,85.42324225544674,82.86227729830836,83.4699669292852,28006772
2022-12-16,83.99083709716797,86.98585654590737,83.86061742042976,84.38148950413472,35484499
2022-12-19,84.55512237548828,85.03258571753484,83.25293878640966,84.33809177730852,13524731
2022-12-20,84.98918151855469,85.24961425612955,83.33974768758821,84.20787005933393,11062080
2022-12-21,82.55843353271484,85.51005082492529,82.03756145132427,85.24961147260606,14279180
2022-12-22,81.73372650146484,83.33975164072497,80.56176256866682,82.60184891438907,12024065
2022-12-23,79.47660827636719,81.29966398958582,78.99913830762618,80.73538310559599,22444602
2022-12-26,81.95075988769531,82.12438172687689,78.69530072867602,79.43320348007067,8024641
2022-12-27,82.47161865234375,82.73205799212386,81.38646577533923,82.3848077468329,6330028
2022-12-28,83.16612243652344,83.6435857473657,81.82053016644981,82.29800010053988,9873070
2022-12-29,83.29634094238281,83.64359122416298,82.25459672029056,82.55843823313012,10702585
2022-12-30,83.38316345214844,84.46831650788566,83.2095349892813,84.03425528559077,7280552
2023-01-02,83.8606185913086,84.03424703713307,82.9056853206419,83.77380768002034,9433822
2023-01-03,84.03424835205078,84.55512045117854,83.68699807821623,83.94743081615607,6053619
2023-01-04,82.81887817382812,84.72874480197318,82.60184757411854,84.294683602554,9398653
2023-01-05,84.51171112060547,84.64193080033252,82.60184456210231,83.25293633748949,12382060
2023-01-06,84.42489624023438,85.72707972980098,84.07764598503374,84.81554863780526,14032853
2023-01-09,85.4666519165039,85.90071313827029,84.94577977503396,85.03259069473751,12464665
2023-01-10,85.16281127929688,85.9007140393908,84.64193913236284,85.07600035868265,9211811
2023-01-11,84.46831512451172,85.51005939165891,84.20787574610065,85.16280909486035,9737047
2023-01-12,84.03424835205078,84.90237072501309,83.94743081615607,84.64193136382517,7831578
2023-01-13,83.42655944824219,84.4683102788765,82.68865674940629,83.42655944824219,9641316
2023-01-16,84.12105560302734,84.29467742076307,83.1661223589853,83.68699443544025,4621698
2023-01-17,84.59852600097656,84.81555660295264,83.99084296474288,84.16446479702441,7321828
2023-01-18,84.42489624023438,84.90236616904122,84.12105475065171,84.59851805621082,9417195
2023-01-19,84.72874450683594,84.98918387487956,83.99084179504335,84.85896419085775,6384333
2023-01-20,85.9441146850586,86.1177365098706,84.55512021681837,84.72874204163037,13615997
2023-01-23,88.76551055908203,89.28638264602608,86.46498499989389,86.81223526560589,28390308
2023-01-24,88.5484848022461,89.19957660226261,88.20123451758764,89.19957660226261,8583670
2023-01-25,87.59355926513672,88.5484926653089,86.42159524568682,88.5484926653089,12007717
2023-01-27,86.0743408203125,89.11276934512158,84.98918777573783,88.2880490572957,13064056
2023-01-30,82.42822265625,86.72543268878229,79.73704442905976,86.16115178068226,29985336
2023-01-31,82.60185241699219,84.90237823344125,81.6035102751465,81.6035102751465,24892166
2023-02-01,83.38316345214844,85.07599956979907,82.4716322360297,82.9056934583246,19042474
2023-02-02,81.51669311523438,83.68699907345017,81.12603406880665,82.90568760384285,17726153
2023-02-03,80.56175994873047,81.86394352576869,79.04254577551922,81.82053475723481,18191035
2023-02-06,82.3414077758789,82.558438374457,80.04088210630147,80.64857175626908,14907237
2023-02-07,83.3397445678711,83.55677515268326,82.03756105899811,82.47162222862244,8686792
2023-02-08,83.16612243652344,83.68699451346401,82.51503068453577,83.33974425442102,5763070
2023-02-09,83.20953369140625,83.60019275932746,82.21119157105008,83.60019275932746,6065233
2023-02-10,83.20953369140625,83.55678398847559,82.34141126035715,83.20953369140625,9527603
2023-02-13,83.12272644042969,83.7738182924435,82.77547612803923,83.2095373627151,5275322
2023-02-14,82.81887817382812,83.38315905772271,81.8639448597556,83.16612845801312,7505908
2023-02-15,82.73206329345703,83.03590479383844,82.03756275837267,82.73206329345703,6887911
2023-02-16,83.29634094238281,83.55678030953,82.7754688313367,82.90568851491028,5800257
2023-02-17,83.3397445678711,84.07764723158289,82.6886528134346,83.12271398305893,19937435
2023-02-20,83.07931518554688,83.68700486988678,82.73207150677965,83.68700486988678,12837565
2023-02-21,82.73206329345703,83.64358779460129,82.51503270414916,83.64358779460129,8240973
2023-02-22,82.9490966796875,83.3397491043147,80.86560162743,82.42821794918699,9721273
2023-02-23,85.11940002441406,86.07433329550773,83.556777127535,84.25127766464746,38462809
2023-02-24,89.80725860595703,90.24131980100418,85.2930248267659,85.51005542428948,45176952
2023-02-27,90.4149398803711,92.19458664131672,89.5468175706666,90.1545005381607,27802826
2023-02-28,89.11275482177734,90.45834040380107,88.80891334346538,90.41493826304078,17617907
2023-03-01,89.76385498046875,89.89407466148562,88.67870201074173,88.72210415558195,7012524
2023-03-02,89.46002197265625,90.24132688648832,88.93914319910321,89.54683289383217,9586771
2023-03-03,91.36988067626953,92.54184456694497,90.32813646750206,90.8490085718858,27232148
2023-03-06,94.66874694824219,95.05939936482581,91.80394048246876,92.02097107462589,35771465
2023-03-08,96.57862091064453,97.92421333442934,94.92918695920628,95.23302848685972,27568928
2023-03-09,94.32149505615234,97.05608179501485,94.10446446772275,96.75223367261506,16240893
2023-03-10,96.40499114990234,96.88245447604658,93.5835934675344,93.7572152909963,24574077
2023-03-13,95.66708374023438,97.62035909755244,95.36324223152342,97.22970667538809,24579514
2023-03-14,95.49346923828125,96.62203106948768,94.97259709435853,96.40500045758249,23328812
2023-03-15,94.66874694824219,96.7956441020829,94.4083075883544,96.70883318986965,14237757
2023-03-16,95.10281372070312,97.35993068711367,93.58359948633564,94.97259403310765,26757814
2023-03-17,95.6236801147461,96.96926581056259,94.9725883390532,95.6236801147461,21251193
2023-03-20,95.31983947753906,96.6220230407664,94.49511924687957,95.62368098430916,23234444
2023-03-21,94.68917846679688,96.941537644759,94.05852064642936,95.50002914559418,26605735
2023-03-22,94.95946502685547,97.16677428828261,92.70710583207074,95.0495580199159,36125531
2023-03-23,94.68917846679688,95.18470023541043,91.80616146846724,94.82432139220555,16318256
2023-03-24,93.24767303466797,95.13965343165488,92.75215124975607,94.50899559054422,10924642
2023-03-27,93.60804748535156,93.92337639107028,92.21158206532705,92.57196090342899,9550049
2023-03-28,93.83328247070312,94.14861137329905,93.02243181141748,93.6080465583268,7814715
2023-03-29,95.049560546875,95.6802183887193,93.69814499407583,93.83328792408673,10745581
2023-03-31,94.73422241210938,96.40096672372327,94.46393657837554,95.27478720592276,15641500
2023-04-03,95.00450897216797,96.35592450163638,94.50899406888911,95.00450897216797,11147157
2023-04-05,94.95946502685547,95.68021584499373,93.96842835588114,95.27479393939439,6305668
2023-04-06,95.00450897216797,95.27479482752358,93.96842923183272,94.64413699656691,7249613
2023-04-10,95.4549789428711,96.35592261151038,94.91441411641846,95.50002887576494,8306845
2023-04-11,95.54508209228516,96.49106885267462,95.09461024248401,95.50003215784308,8331690
2023-04-12,97.84247589111328,98.06771179642139,95.31983787585503,95.54507378116314,14151790
2023-04-13,97.43705749511719,100.00474553271268,96.4910639095351,100.00474553271268,15062407
2023-04-17,99.19389343261719,99.64436525281404,96.8964912738059,97.43705608331123,11580594
2023-04-18,98.65333557128906,99.64437227079019,98.24791365401971,98.47314957998157,9664860
2023-04-19,97.52714538574219,99.05874676704967,97.03162365279637,98.20285309049329,8205988
2023-04-20,97.93257141113281,98.60827914453158,97.52714952055535,98.20285725395412,12345494
2023-04-21,97.61724853515625,98.38304930554206,97.16677668508756,97.8424844601906,5402376
2023-04-24,98.47314453125,98.743423504354,97.6622938646288,97.6622938646288,6760713
2023-04-25,98.38304138183594,99.28398500941192,97.9776194988885,98.96865611449121,8661439
2023-04-26,99.28398895263672,99.55427480110612,97.84248046599417,98.47314515453786,7305825
2023-04-27,98.47314453125,99.19389533318194,98.02267270242207,99.19389533318194,8349269
2023-04-28,96.67125701904297,98.56323732153591,94.64413379344597,98.2929514753278,19307001
2023-05-02,97.57220458984375,97.79744051283632,96.626210963813,97.30191873279071,7263913
2023-05-03,97.30191802978516,98.20286171524613,96.85144618705468,97.43706095733528,6687032
2023-05-04,96.5361099243164,97.48209659785658,95.81535228134402,97.30191062394064,7617969
2023-05-05,96.98658752441406,97.75238826976887,96.44602269673153,96.71630167374543,4948142
2023-05-08,96.80640411376953,97.39201893160066,96.40098217185472,97.0316400534234,4868763
2023-05-09,96.35592651367188,97.52715607979655,95.9955545305458,96.80639836623445,11885359
2023-05-10,98.20286560058594,98.29295859796554,95.72527036754363,96.31088516099373,7172451
2023-05-11,98.5181884765625,99.28398921773096,97.75238773539404,98.9686603094445,7784358
2023-05-12,97.34696960449219,98.51819229114179,96.89649775416812,98.20286337064593,5177796
2023-05-15,100.68045043945312,100.86063641561007,97.30191183410234,97.30191183410234,10713993
2023-05-16,100.63540649414062,102.66252977791954,100.45522050726665,101.67149310280304,18937352
2023-05-17,99.10380554199219,101.35616475885564,98.78847662636227,101.22102183111286,5634267
2023-05-18,95.68021392822266,99.86960332132678,94.41889830333508,99.68941733881559,24715468
2023-05-19,94.46394348144531,95.22974423478064,92.7521491145662,94.41890042163429,15968522
2023-05-22,95.81536102294922,96.31088280690788,93.87833069518567,94.59908840391557,11338813
2023-05-23,96.85144805908203,97.75239176195721,95.50003250476925,96.22079021653138,8713781
2023-05-24,97.03163146972656,97.48210330918427,96.22078765762653,96.71630255683714,6366074
2023-05-25,97.1217269897461,97.48209894625957,96.67125517044978,97.07667705835468,4719281
2023-05-26,95.81536102294922,98.20286320025521,95.59012509817799,97.3019195011703,6943806
2023-05-29,95.72525787353516,96.31087259055116,95.13964315651916,96.31087259055116,8058796
2023-05-30,95.4549789428711,95.99555064297843,94.77927119139163,95.77031472581861,7204247
2023-05-31,94.41889190673828,95.45497154646827,94.14860607762792,95.40992849071932,10176487
2023-06-01,94.91441345214844,95.3648852833154,93.2476690515616,94.10356278131698,9465271
2023-06-02,94.23870849609375,95.6351739635268,94.05852250775297,95.319845047103,9624201
2023-06-05,94.10356140136719,94.77926913820895,93.78823249890527,94.5990831578463,5284220
2023-06-06,94.32879638671875,94.77926820685333,93.96842442953468,94.41889624966926,5394343
2023-06-07,95.13965606689453,95.50003493193475,94.1486193432753,94.59909120616177,8674853
2023-06-08,94.37385559082031,95.50003525180861,94.23871265677067,95.45498531590702,7433762
2023-06-09,94.50898742675781,95.50002403731987,93.9233726970811,94.41889443918932,5451500
2023-06-12,94.7792739868164,95.45498175822523,94.19366608385268,94.59908799723601,7078498
2023-06-13,96.44602966308594,96.53612266193137,94.8693781254975,95.45498605482047,11662296
2023-06-14,96.58116149902344,97.30191920556365,96.40097550921584,96.89649729166909,6930665
2023-06-15,96.5361099243164,96.80638888519033,95.63516630742807,96.58115298096824,5385018
2023-06-16,96.85144805908203,97.30191991051962,95.72526843048806,96.5811621987575,8119111
2023-06-19,97.30191802978516,97.66229687870052,96.13068848922396,97.16677510223505,4126281
2023-06-20,97.52714538574219,97.93256725913116,96.17572997623999,97.21181649825586,11218628
2023-06-21,96.13068389892578,97.66229221526712,95.9504979198995,97.52714929417016,13138208
2023-06-22,94.10356140136719,96.40097045609099,93.69813950872395,96.13068461189246,16244574
2023-06-23,94.64413452148438,94.95946342871639,93.06748311166963,94.01346983336569,7880417
2023-06-26,94.41889190673828,94.77926384734654,93.42784844910308,94.14860607762792,9225360
2023-06-27,93.96842956542969,94.64413733256274,93.78823670333463,94.41890141018506,9909567
2023-06-28,93.51795196533203,94.46393865690685,93.24766612565098,94.32879573706632,14246542
2023-06-30,94.64413452148438,94.8693704371722,93.47290501044584,93.65309099353424,16108372
2023-07-03,95.90544891357422,96.04059183597498,94.32879752409265,95.04955519446034,22772148
2023-07-04,95.99555969238281,96.53612456979394,95.40994487783101,96.40098163202732,9292916
2023-07-05,96.7613525390625,96.89649546569895,95.63517293985008,96.04059484610464,10903523
2023-07-06,99.8245620727539,100.36512690374475,95.59012267040697,96.71630226566072,29145409
2023-07-07,99.73445892333984,100.99578140323716,98.33800039538403,98.74342228686857,15022279
2023-07-10,98.15780639648438,100.3200724976978,97.57219853198559,100.00474359981665,8710335
2023-07-11,98.47314453125,98.743423504354,96.98658612138688,98.15780875214675,10380385
2023-07-12,99.64437103271484,100.13989281313606,98.15781256510606,98.20286249920068,9851130
2023-07-13,97.39200592041016,100.18492982426332,97.16677001084693,99.64436501604247,8440163
2023-07-14,99.10380554199219,99.64437037930844,96.85144632512872,97.48210415638856,10678733
2023-07-17,97.84247589111328,99.32903424087769,97.70733297319755,99.10379833556958,7839246
2023-07-18,98.1127700805664,98.3380060050518,97.61724829723657,98.15781314127052,6013243
2023-07-19,98.65333557128906,99.9146581314064,98.06772078905726,98.11277072371162,9938960
2023-07-20,99.50922393798828,100.59036044810173,98.74342320602538,99.01370905196738,10500380
2023-07-21,100.4552230834961,101.17598079678585,98.78847860437536,99.37409338721642,11702513
2023-07-24,100.95073699951172,102.70757433740022,100.50026518224243,101.08587304576896,13872167
2023-07-25,104.86984252929688,105.41040734608434,101.08587506447546,101.53634689074077,23574611
2023-07-26,104.55451202392578,106.35639930138315,104.32927611424361,105.59059170954019,17962594
2023-07-27,105.0500259399414,106.1311624207173,104.14908230945537,105.23021879023126,13286670
2023-07-28,105.86087799072266,106.53658572257834,104.59955551652783,105.2302201904525,21875385
2023-07-31,107.30238342285156,110.77101497398714,106.31134681876344,108.42856294423676,64986613
2023-08-01,108.42857360839844,110.23046101983391,105.59059956065657,107.30239397625127,32978003
2023-08-02,104.82479858398438,108.7439023215904,103.69861895400248,108.47362333458773,27870281
2023-08-03,104.10404205322266,105.27526468017564,103.38328437997883,104.8247928528119,13891020
2023-08-04,103.8788070678711,105.32031555358644,102.88776353989056,104.91488678114312,11230403
2023-08-07,102.93281555175781,105.00498876746956,102.79767262488012,104.50946699346964,11480767
2023-08-08,104.86984252929688,105.14012150086332,102.79766937901458,102.97786223371345,16636302
2023-08-09,106.22126007080078,106.44649598830729,104.14908688027901,105.36535946008323,11556651
2023-08-10,105.95097351074219,107.30238900673037,105.45545861973932,106.8519171747343,13140800
2023-08-11,104.23917388916016,106.58163279569308,103.96889492785934,106.35639689111525,10818126
2023-08-14,101.67149353027344,104.46441758049163,101.13092869372392,104.32928152659538,10233977
2023-08-16,102.84272003173828,103.1129990051986,100.77054686693593,101.67149052577963,5958441
2023-08-17,102.12196350097656,103.29319302007603,101.80663459157431,102.7075782605263,5708751
2023-08-18,101.44625854492188,102.7976740855922,100.45522185649462,102.61748809629812,8626445
2023-08-21,103.06796264648438,103.38329157284701,101.22102527633096,101.6264540733587,6394425
2023-08-22,105.45545196533203,105.77078085310059,103.02290010185843,103.20309294747919,9410569
2023-08-23,106.08611297607422,106.94200667949796,104.73469752414971,105.7257341474968,14990033
2023-08-24,106.31134796142578,107.39247756411412,105.8608761480299,106.7167698440203,17273849
2023-08-25,104.9599380493164,105.86088172355947,102.70757886370876,102.70757886370876,10944286
2023-08-28,105.72574615478516,106.49154695645026,104.68965948257696,104.7797593551948,7734363
2023-08-29,105.5905990600586,106.22126377526405,105.09508414845602,105.90593485448879,8257230
2023-08-30,104.59955596923828,106.40144326198538,104.32927699951894,105.63564253729876,8868451
2023-08-31,103.6085205078125,105.18517190684443,103.38328459366508,104.50946416440217,12626049
2023-09-01,109.32951354980469,110.18541416496011,104.10404436075231,105.41040993960172,31991938
2023-09-04,110.54578399658203,111.49177758616894,109.46465435732951,110.54578399658203,19622564
2023-09-05,111.17644500732422,114.50993367958527,109.28446476432052,111.2665379953426,41671778
2023-09-06,112.25758361816406,113.42881317734323,110.8160750732431,110.8160750732431,20234630
2023-09-07,113.56394958496094,114.78022213508464,112.43777002491036,112.70804899512977,19840679
2023-09-08,115.36583709716797,116.0865947664124,113.42880687552125,114.64507942792352,20210938
2023-09-11,115.7712631225586,116.71725673800252,114.23966161281157,116.1766850299461,13773356
2023-09-12,110.14036560058594,116.62715738956342,109.77998675149722,116.22173548037289,18056666
2023-09-13,111.94224548339844,112.48281028404011,108.83399272446805,110.90615893920352,10650872
2023-09-14,113.4288101196289,114.23966080230592,111.3566369165271,112.57290950371522,12308230
2023-09-15,111.58187103271484,114.41984493940745,111.26654212611669,114.23965895668127,27553333
2023-09-18,111.26654815673828,112.21254180145999,110.63589030936046,112.07739887026332,13376212
2023-09-20,111.31159210205078,113.33871533995709,110.77102040635205,111.80710699156842,20993004
2023-09-21,109.19436645507812,112.8882408792378,108.96913054500276,111.4917754873087,11814520
2023-09-22,109.59980010986328,110.90616569715387,109.46465718305448,109.55475017637542,7745864
2023-09-25,110.27550506591797,110.63588390369199,108.11323891292848,109.73494024608425,11052731
2023-09-26,109.50969696044922,111.176441240102,109.3295041168639,110.23044771382801,7023846
2023-09-27,109.19436645507812,110.32054600545497,108.83399449788111,109.87007418530423,6490723
2023-09-28,109.41960144042969,110.545780981289,109.0141795551821,109.87007325677341,9719776
2023-09-29,112.077392578125,112.61795739890884,110.18541226855426,110.50074117454028,14505102
2023-10-03,111.71701049804688,113.56394769525862,111.35663167009649,112.07738932599727,13140786
2023-10-04,109.32951354980469,111.80710865522268,108.24838388962964,111.71701566248387,9753480
2023-10-05,110.81607055664062,111.26654238817169,109.73494091042795,109.73494091042795,13906951
2023-10-06,112.25758361816406,112.75310540250639,110.41065315780297,111.53683278253105,12431715
2023-10-09,109.73493957519531,110.72597621777398,108.92408891357475,110.27550439172417,11378558
2023-10-10,110.72596740722656,111.17643919743199,109.77997389833354,109.91511681012598,9862213
2023-10-11,111.31159210205078,112.34767181361251,110.86112027140493,111.04130625420142,13202599
2023-10-12,116.53707122802734,117.48305110003318,111.31159510223144,111.31159510223144,44500591
2023-10-13,115.54602813720703,119.05970302608125,115.32079221491227,116.13163603624949,32376316
2023-10-16,117.07762908935547,117.88848665405473,115.50097764096816,115.68116362846479,22411704
2023-10-17,118.38399505615234,119.32998867762973,117.30286538045377,117.30286538045377,29711623
2023-10-18,118.02361297607422,119.32997846184387,117.16771929555675,118.42903485133948,22761267
2023-10-19,116.49201965332031,118.06867108086674,116.22173380199332,117.122677474877,12766650
2023-10-20,112.66300964355469,116.49202027370178,111.04130827426577,116.22173442093538,23340295
2023-10-23,108.8340072631836,112.97834711993531,107.93306351720908,112.61796824681444,17027808
2023-10-25,107.84295654296875,109.73494378386509,106.26630509132502,109.50970786220171,9531434
2023-10-26,106.7618179321289,107.43752564056011,105.27525959884943,106.31134612650811,13170505
2023-10-27,106.53659057617188,108.38352787684862,106.31135465529202,107.48258419332919,9937564
2023-10-30,106.9420166015625,107.88801025514059,105.36536509470241,106.98706653693482,7895004
2023-10-31,107.66276550292969,109.37455980197495,104.64460566900105,107.2573436124223,33212394
2023-11-01,105.95097351074219,109.41960524238091,105.77078752740563,108.47361851938199,15959172
2023-11-02,109.96017456054688,110.18541047167159,106.98705778423884,107.30238668508254,17644988
2023-11-03,111.49177551269531,111.8971974014615,110.00521713112848,110.54578194070156,12062935
2023-11-06,111.17644500732422,112.61795343658159,110.86111611243267,112.34766759887204,6377850
2023-11-07,112.66300964355469,113.33871740181594,110.72597936180814,111.4016871200694,7013652
2023-11-08,112.30262756347656,113.38375719609652,111.71701281511801,113.29366420565395,7605770
2023-11-09,111.85215759277344,112.6179583347186,111.0863568508283,112.6179583347186,7332564
2023-11-10,113.15851593017578,113.42880176237213,110.99624989356774,111.62691454414113,6880677
2023-11-13,113.56394958496094,114.6901291450115,112.93328490713989,113.96937147711732,5965121
2023-11-15,114.28469848632812,116.26677860338108,114.01441952058528,114.69012724542402,14489745
2023-11-16,113.87928009033203,115.14060259007752,113.56395118380931,114.32975192069438,6392633
2023-11-17,113.744140625,114.5549913190379,112.43777502668966,113.02338292504301,9122291
2023-11-20,112.21253967285156,113.92432719002112,111.85216082104829,113.20357636006943,5930799
2023-11-21,112.57290649414062,112.97833526146759,111.85215569720586,112.25757759087826,5289551
2023-11-22,111.53682708740234,113.02337861721536,110.72597642426959,112.6630066546271,7738964
2023-11-23,112.57290649414062,113.42880708717227,111.44672692987889,111.76206270679583,7039867
2023-11-24,112.16748046875,113.24861006115574,111.62691567254713,112.70804526495287,7037545
2023-11-28,112.88824462890625,113.92432435074353,111.40168619830074,112.21253687623599,19955790
2023-11-29,113.4288101196289,114.41984678794314,112.79814542258913,112.79814542258913,17797816
2023-11-30,118.83445739746094,120.90663046278075,112.88823778294892,113.38375264733111,82083861
2023-12-01,122.57339477539062,123.74462435053222,119.23990579022613,120.72645741620312,53660727
2023-12-04,127.84391021728516,130.7269411608126,124.33023515741286,125.23117889043759,66257632
2023-12-05,126.44744873046875,129.1953159075854,125.68164111721076,128.6998078902754,25099887
2023-12-06,126.67268371582031,128.47457103042765,125.05098238321186,127.16819172948996,18752200
2023-12-07,127.97904968261719,129.46560122304376,126.17716236219262,126.67268412477122,18456707
2023-12-08,126.44744873046875,130.4566452854627,123.74461773870078,128.6998078902754,18995777
2023-12-11,127.07810974121094,128.92504704815664,125.90688019919831,126.17716605463349,11044633
2023-12-12,125.00594329833984,127.57363844339207,124.33023549672718,127.07811663941403,9881478
2023-12-13,127.07810974121094,127.93400349399758,124.78070059097651,125.27622236805604,17529522
2023-12-14,131.13235473632812,132.7990922878442,127.61866615301436,127.93400193840607,38595458
2023-12-15,131.4026336669922,134.37573664209427,130.63682608412722,132.43871334046003,28383880
2023-12-18,130.68190002441406,132.88920956949596,130.1863781884215,131.53779387895872,10775891
2023-12-19,130.09625244140625,132.3035752948889,128.69980083670802,131.62786758398,16040169
2023-12-20,124.10498046875,133.3396523366606,122.93375104335821,131.08729334448728,24177947
2023-12-21,126.76276397705078,127.03304981121721,121.49225207369393,121.76252416055178,16747435
2023-12-22,136.49295043945312,137.97950182650422,127.12314283890225,127.93398655051053,84784192
2023-12-26,138.74533081054688,142.07881977536425,136.4028716745617,137.3488653159138,44403657
2023-12-27,136.8083038330078,140.00664291145907,135.81726028227303,139.60122100336199,15311946
2023-12-28,141.5382537841797,143.1149051813738,136.62809986364203,137.34885753753548,37181228
2023-12-29,146.04296875,148.02504199777678,142.39414427834907,143.92574570857164,57370272
2024-01-01,149.73683166503906,152.57481240684015,146.53847896268027,147.48447254328062,40952729
2024-01-02,147.79978942871094,150.99814172228295,142.4391781535364,150.54766995550682,40801901
2024-01-03,146.0880126953125,148.11513598200403,144.82669703807272,147.75476400773826,22338899
2024-01-04,146.9889373779297,149.2863462220034,146.1780936669897,146.22314359477699,16795469
2024-01-05,147.43942260742188,150.54768919321228,145.86277122223333,149.55664568074155,36182162
2024-01-08,144.78164672851562,148.97104309185218,144.4212747551856,148.97104309185218,16705187
2024-01-09,145.0969696044922,146.62857097582253,143.8806902449399,145.86276341650318,21668343
2024-01-10,144.15098571777344,145.41230134388024,142.0788125486186,144.9618295135122,21435177
2024-01-11,143.29510498046875,145.14204240188033,140.41208775420486,143.97081278727953,37761286
2024-01-12,146.31324768066406,148.5205706876865,143.61041664902143,144.87174604550705,31798366
2024-01-15,148.8358917236328,150.277407096388,145.50240288985952,147.48447621691585,26896883
2024-01-16,150.3675079345703,151.53873757117174,146.71869670710046,148.9710561054452,33401828
2024-01-17,147.8448486328125,152.25946672533382,147.39437683776714,149.10616416001625,31113706
2024-01-18,147.34934997558594,148.79085169700588,142.12387358557652,147.84487177716886,20299367
2024-01-19,151.6288299560547,152.43967380048142,148.1151412198153,148.7007628828436,21251240
2024-01-23,141.6283416748047,151.6288218754419,140.32197610737606,151.35853602593372,30341132
2024-01-24,148.25027465820312,148.74579639611702,140.72738997096008,142.97974900937913,18968981
2024-01-25,149.0160675048828,150.59271882142852,148.2502736852314,149.556639169479,16725897
2024-01-29,154.73707580566406,157.39485689100107,149.10617785058167,151.3134870995121,58433818
2024-01-30,154.96231079101562,159.46702912796374,154.5118389573208,157.6651417931845,57303068
2024-01-31,155.50286865234375,157.2146559691302,153.47574558110855,155.86324058830675,29140358
2024-02-01,156.49392700195312,158.11562850531593,154.3316674956765,156.76421287706538,31663125
2024-02-02,160.2778778076172,162.16986506564024,157.7552464599995,158.47599041799896,41748419
2024-02-05,163.61138916015625,168.0260080001089,160.322936251178,162.16987367302735,57505480
2024-02-06,168.6748809814453,170.02204737393765,163.23974428816794,165.84117735654576,33761541
2024-02-07,166.2592315673828,172.25180801060495,165.6088769616327,169.78974622574123,31684715
2024-02-08,166.9560546875,169.27875999527453,165.37661791354694,168.11740734138726,19018617
2024-02-09,160.82411193847656,167.32768642648733,156.22514435204937,167.14185867121031,36193339
2024-02-12,156.82907104492188,162.3106501043289,155.62126140465648,160.8241271581065,18334992
2024-02-13,158.26913452148438,160.08084170234756,154.55280628313233,157.29359552358355,13204257
2024-02-14,163.75071716308594,164.21525820468332,155.3889784143326,157.01487205992353,15132347
2024-02-15,171.1833953857422,173.27383033617866,163.19328279340618,164.44754943433577,43688826
2024-02-16,169.65040588378906,172.4840950936592,168.86068038737602,172.2518245566752,19961823
2024-02-19,170.811767578125,174.52809636588583,169.23231650199125,170.02204204005812,19606057
2024-02-20,170.95111083984375,172.8092750881029,169.6039445951895,170.48656977777895,11867776
2024-02-21,167.5135040283203,172.29827113160712,166.58442193629045,171.60145956258472,13671880
2024-02-22,169.32522583007812,170.20785105805615,165.09789911256684,168.1638731151942,11766044
2024-02-23,167.14186096191406,170.114934967085,166.39860663728885,170.0220210881731,8219010
2024-02-26,169.18585205078125,170.48656128913217,165.0978824021531,167.23477401658744,14909208
2024-02-27,167.69932556152344,170.25430143572947,166.16634570766715,169.0929487656358,9486385
2024-02-28,166.63088989257812,168.90713833320584,164.12235673691842,168.0245131227586,12659946
2024-02-29,169.32522583007812,170.85820574305737,163.79718974256437,166.07343822840312,19475687
2024-03-01,171.09046936035156,172.76282003742202,169.27876203380367,171.8337379031238,17823470
2024-03-04,177.31532287597656,179.21992982267432,171.8801869687307,172.80926906045357,52923468
2024-03-05,180.33485412597656,182.42528899987892,177.7334212253421,178.84831698942293,26849239
2024-03-06,176.94369506835938,180.3348534685506,172.48409785162514,180.28839652507727,20285523
2024-03-07,175.17843627929688,178.80185087079596,174.29581110205152,177.5940412814069,7718111
2024-03-11,170.25430297851562,174.66744316486188,169.0464933553398,174.66744316486188,14087639
2024-03-12,167.14186096191406,171.50855809075856,166.02696529830874,170.25429160878534,16435560
2024-03-13,156.7361602783203,167.37414835971052,154.50636872626845,167.14187781567725,22832224
2024-03-14,163.6113739013672,164.07591498095465,154.27409536632572,156.08580274138302,22996586
2024-03-15,161.47447204589844,164.12234752867857,153.80954470995388,164.0759047649465,42241333
2024-03-18,163.425537109375,165.37661520663733,160.87056131264325,162.1248278289787,10899780
2024-03-19,160.68475341796875,163.9829978531823,160.1737554051889,163.37910013232238,9713217
2024-03-20,161.6602783203125,162.45000374139468,156.7361405706247,160.73119626100038,8692031
2024-03-21,162.63583374023438,164.72626858477037,161.47448104882548,162.68229068322444,13773426
2024-03-22,161.75320434570312,163.51845472031192,160.54539474254898,162.58937259121925,12396239
2024-03-26,167.69932556152344,168.39613716357962,159.848584347024,161.75320556131126,22741278
2024-03-27,167.5135040283203,170.67237747055484,166.9095921625003,169.88266619833004,13833150
2024-03-28,168.2103271484375,169.46457955280744,166.90960362427367,168.48905463052037,10519502
2024-04-01,169.4181365966797,171.4156575588114,167.8851425352745,168.535497208294,8712471
2024-04-02,170.30076599121094,171.22984816882075,164.91208652574028,170.0220385025942,17194544
2024-04-03,175.68943786621094,178.15149985983862,169.46457620382844,170.9511132944475,40868454
2024-04-04,173.27383422851562,176.9437061663862,171.74085423442716,176.9437061663862,16507602
2024-04-05,177.222412109375,177.87276674967217,171.2298353478254,172.99508568244167,15022150
2024-04-08,186.5132293701172,187.53522533870267,177.501135941988,177.501135941988,56272730
2024-04-09,189.39340209960938,192.2270913180404,186.23451428108234,188.60367660081047,37997348
2024-04-10,187.86041259765625,195.01434249641753,187.30297179970214,189.99730443148596,27923078
2024-04-12,186.8384246826172,190.46183937070967,185.21253093189162,189.5327572274379,30179782
2024-04-15,189.2540283203125,193.8065392939751,182.6575536588855,183.02918084272113,44962181
2024-04-16,191.25157165527344,195.2001709044091,186.83843131800418,188.6036817822443,31636637
2024-04-18,189.1146697998047,198.49839077717965,187.90686019928407,193.24908242991884,30645258
2024-04-19,187.6281280517578,189.53274920013195,183.26144499865697,188.6036670962097,22533995
2024-04-22,184.6550750732422,189.99729737095862,182.0536422494553,189.99729737095862,36002648
2024-04-23,185.49124145507812,188.18558813620885,184.42280267698706,186.7455080003748,13558545
2024-04-24,192.69161987304688,193.99234330557206,185.0731495673078,186.6525862856113,31299709
2024-04-25,193.24908447265625,194.178166609544,191.48383408323681,192.59872981216847,12365830
2024-04-26,193.29554748535156,196.68669172082468,192.5987358608021,194.0852588205063,13324638
2024-04-29,194.6891632080078,196.12924334507204,192.83099894771027,194.08525131741015,10194865
2024-04-30,194.27108764648438,197.19769081476386,193.85298932815687,195.0607989859132,17217978
2024-05-02,190.50830078125,195.24661131706375,187.39586985762554,194.17817249791023,17430514
2024-05-03,189.34693908691406,193.71362222009088,186.42032189989024,192.31999903865136,15781876
2024-05-06,183.7724609375,189.9973088063346,182.19302404192544,189.9973088063346,25048200
2024-05-07,179.08058166503906,184.74798836375692,177.96568593747753,184.19053341164198,15026421
2024-05-08,186.88487243652344,187.4423274080327,180.05612700721352,181.1710227735632,23505647
2024-05-09,179.5915985107422,188.88242084263086,178.7554159948703,187.53525443984097,19166975
2024-05-10,178.89476013183594,182.56463156978822,175.7823294445847,181.1710084280341,14080312
2024-05-13,179.26638793945312,179.96319951281976,174.06353669764965,178.89476077099135,12436159
2024-05-14,185.86289978027344,186.6526111563172,179.4986809425332,179.73095149607602,15962440
2024-05-15,186.5132293701172,188.46430742771946,184.42279466982944,186.8384137719401,12338883
2024-05-16,181.589111328125,188.37141415523806,177.45469841504547,187.25651836178628,32045529
2024-05-17,189.43983459472656,190.7405580412449,181.3103662164912,182.0071777917685,30620083
2024-05-21,189.71856689453125,196.3150556459137,189.3004827740449,193.899436452731,34640241
2024-05-22,186.5132293701172,191.94836526153236,184.19052414757525,191.94836526153236,36029532
2024-05-23,186.23451232910156,188.835945159249,185.3983440728645,187.67459248299286,30667689
2024-05-24,189.95083618164062,192.1806417707461,185.02669812111768,186.74550571001137,23963389
2024-05-27,188.09266662597656,192.45934962155513,186.2809593825274,192.08772245554883,15755998
2024-05-28,186.28097534179688,189.11467879953705,184.3298971114397,188.9753079678436,11658134
2024-05-29,186.46678161621094,187.02423656774985,184.00471962969544,184.42280375501548,11373374
2024-05-30,185.2589569091797,188.74301463071643,183.86533382056498,186.7454938743689,16892576
2024-05-31,189.81149291992188,190.60120426987686,185.81643669563198,186.60616222225602,45410243
2024-06-03,214.43215942382812,216.6619508753982,196.1756869795086,201.61082313562954,106239940
2024-06-04,176.80433654785156,214.10697931942056,161.19575354241644,214.10697931942056,144638353
2024-06-05,181.3103790283203,184.23699635728755,169.9755794381985,184.05118275941712,49797002
2024-06-06,193.1561737060547,195.8969773954479,184.98026211080872,186.74551252872124,41316996
2024-06-07,197.6157684326172,199.19520523600244,193.15617132325357,196.22214522198283,31816743
2024-06-10,193.41632080078125,202.25190137701534,191.28872885321064,199.1952130757867,38291847
2024-06-11,197.76441955566406,199.05584312838005,191.32587312718212,193.4348934975893,58491135
2024-06-12,201.53648376464844,204.6303288025684,199.23236416802968,200.6817299493974,37632644
2024-06-13,204.24012756347656,204.58388341710346,199.07443315797624,203.5154446318657,26308017
2024-06-14,206.09828186035156,209.50801143167584,203.57117743976954,204.3051460536146,32311984
2024-06-18,206.49777221679688,208.48600724527438,204.5374085158058,207.92856651887905,18556534
2024-06-19,200.94189453125,207.04597131257037,200.4030251608897,206.49780204725977,20546373
2024-06-20,203.0973663330078,205.79169893279223,199.9013214266875,202.44699747811546,18495221
2024-06-21,199.52967834472656,204.21226034111848,198.82358101109162,204.21226034111848,16928662
2024-06-24,197.56932067871094,198.2011039354487,193.76009223182052,197.801591224619,23293709
2024-06-25,198.0338592529297,200.21720802737605,196.60307894606,199.1023122565249,12615853
2024-06-26,198.2939910888672,199.90131337195285,194.67057647285824,196.6866829824497,18166674
2024-06-27,202.4934539794922,202.96729495426035,198.31258425860796,199.288123362148,24218669
2024-06-28,203.97998046875,207.32466756502797,202.44698647837146,202.81862782906987,25103775
2024-07-01,206.76724243164062,208.11440876015604,203.9799958857457,204.63035057778737,20094833
2024-07-02,205.9496307373047,209.97255799658095,204.212251718734,207.7892093555953,23734457
2024-07-03,204.52813720703125,207.0459559884547,203.60834080518254,206.25623051626124,11406984
2024-07-04,203.61764526367188,206.06112165244386,201.870966303433,205.32715299936572,15067769
2024-07-05,207.14816284179688,208.06794509918296,202.1125251026309,203.60834793437536,20660843
2024-07-08,214.14414978027344,215.02677498712308,205.5780112262132,207.64986045050267,28199193
2024-07-09,212.8620147705078,217.49813986396134,211.83073300329346,216.3553585971368,24236853
2024-07-10,212.97349548339844,215.31478645116957,204.26800034766714,213.57740738181917,18643698
2024-07-11,213.13143920898438,214.3857057802077,209.97256557454796,213.59598028326434,15939530
2024-07-12,212.49038696289062,217.2194117529218,208.76475842977334,213.41016922783982,26631708
2024-07-15,220.3411102294922,221.12153577689278,211.91432893100935,213.3172519495518,32695974
2024-07-16,216.85707092285156,222.15283641306758,216.47614383387642,221.30736824290386,19213934
2024-07-18,212.62974548339844,217.28444204033607,211.60774942818156,216.94997189287136,14554717
2024-07-19,204.17507934570312,212.62973221553602,203.48756765751978,212.62973221553602,17266945
2024-07-22,207.0645294189453,210.39064513980097,200.8303962763465,202.3540903998482,14249258
2024-07-23,204.2029571533203,209.8796495913518,194.31752375851065,209.8796495913518,18437981
2024-07-24,207.8077850341797,209.0434658893032,202.6328052726982,203.46897346558848,10123727
2024-07-25,212.20236206054688,213.49378571040828,203.4411239979865,206.25624184032225,21033610
2024-07-26,214.28350830078125,216.12308700369667,212.98279895057206,213.6888962868758,16686103
2024-07-29,215.42626953125,217.56316127138334,213.68889047996845,215.08251367875087,12472241
2024-07-30,217.17295837402344,219.63502046674054,215.45415067986093,217.12650142994656,18713036
2024-07-31,223.8809356689453,228.83294542538297,221.5489444838697,223.9088070004135,87632493
2024-08-01,222.05062866210938,226.64958236182778,220.30394972438407,225.72050023353444,21967072
2024-08-02,220.20175170898438,222.51517132869543,215.6399692004803,219.6257253218281,14930829
2024-08-05,208.6439666748047,214.4135583742587,205.32713688948198,213.688875495841,18627263
2024-08-06,207.55694580078125,214.209177370306,206.62786365453485,209.96327933382753,14389267
2024-08-07,216.95925903320312,217.47954274830252,209.6009303982231,211.00383928548527,16963242
2024-08-08,211.1896514892578,215.76073375483,210.5950395078013,215.54704883967148,13656192
2024-08-09,211.25469970703125,215.26832714533418,210.90164396034353,215.26832714533418,9460718
2024-08-12,215.45413208007812,218.24137836404637,209.37794141876114,210.41850882824227,20362324
2024-08-13,211.05030822753906,217.49814072774154,210.06548339986205,216.74557226489196,12565171
2024-08-14,210.5857696533203,213.56811550272707,209.108532394206,212.10946385662112,12489039
2024-08-16,216.0580596923828,216.4761438301115,210.56718071042883,212.09087488963414,10347738
2024-08-19,221.985595703125,222.60809323145554,216.96855766415877,217.4052274174641,19004338
2024-08-20,219.93231201171875,224.5126798800617,219.3748570907706,222.9797001124556,13957013
2024-08-21,219.40274047851562,221.85551674750158,218.65948611195552,221.12154809868957,7715949
2024-08-22,217.4702606201172,220.6570055160322,216.940677002078,220.3318211003939,10788298
2024-08-23,213.19647216796875,218.6037226573335,212.62044579832312,217.9626679120833,11234936
2024-08-26,218.5665740966797,219.17047181884055,213.54953619615867,214.80378858295472,13276274
2024-08-27,219.7465057373047,220.9357297099818,217.49812872094117,218.33429695350011,11974901
2024-08-28,218.77096557617188,221.12154218034206,217.55387028033687,220.65700112534134,11745870
2024-08-29,215.46343994140625,218.50152829607202,212.4717943518565,217.45167513042367,14620812
2024-08-30,220.83352661132812,222.35722068822045,216.0208739615903,216.0208739615903,23605945
2024-09-02,217.46095275878906,223.24913023774798,216.82918373936332,221.72543616991607,11344611
2024-09-03,216.0394744873047,219.04970580263495,214.7573365642933,218.33430856679988,11468711
2024-09-04,213.6610107421875,215.02676255738297,211.80284655026634,212.8434139612085,10067531
2024-09-05,211.9422149658203,215.36124464072432,210.81803350620194,215.2683307553005,12026014
2024-09-06,207.01808166503906,212.22093295267146,206.20977059267975,211.73780628808137,12081433
2024-09-09,202.30763244628906,207.18531359596997,200.49592514031264,206.34914535526335,11247785
2024-09-10,204.33302307128906,206.1075733161544,202.15897432114062,203.84061068369138,10945760
2024-09-11,201.787353515625,205.56871047718317,199.7526613480454,204.4724003499343,12709020
2024-09-12,204.99269104003906,205.29928985975977,202.17757317684874,202.7257282590756,9267929
2024-09-13,203.34820556640625,206.01468097615495,202.71643650941704,204.99268494082708,8023988
2024-09-16,202.3819580078125,204.90906248470858,201.61081815422523,204.3980644881546,6528370
2024-09-17,204.14720153808594,205.74522385036065,202.41910830163386,203.17166251842198,7453731
2024-09-18,202.48416137695312,205.45722135316302,200.7003253912272,204.13792643174077,9639142
2024-09-19,195.96200561523438,203.88707523024362,193.82511383230064,203.46899109756865,22834523
2024-09-20,197.11407470703125,199.04656730337496,194.98646861911675,196.89108988476013,29582243
2024-09-23,204.70468139648438,205.28070781992423,196.62166914831178,197.89450721688152,17538036
2024-09-24,206.88800048828125,207.83566822386538,204.01714012862115,204.58388079111083,13952725
2024-09-25,209.59164428710938,209.97257138095324,206.3119853461333,206.85085470839974,14897710
2024-09-26,214.21847534179688,214.72017345853206,208.92269581439774,210.8551883624425,25633119
2024-09-27,220.17388916015625,221.0286430572312,215.54706391287309,217.40522825694958,31529491
2024-09-30,223.2491455078125,227.62512870972137,214.29279407177023,217.40522497173387,29251437
2024-10-01,222.75674438476562,227.1605991404139,222.05993273096067,223.16554282326496,14256684
2024-10-03,223.25843811035156,226.6867534296581,215.67712454630265,215.67712454630265,22452808
2024-10-04,213.86541748046875,224.82858943480835,212.98279229350953,224.32687714636032,20561689
2024-10-07,208.05865478515625,217.63748929213773,206.30269012378267,215.54705449637547,15437600
2024-10-08,208.81121826171875,211.2361232989216,205.40148838996905,206.46064149951346,9387045
2024-10-09,206.77651977539062,210.55789090764335,206.395592693812,209.2757530119243,9953771
2024-10-10,209.6195068359375,213.19647872761365,207.72418551760452,208.11439831324165,10108642
2024-10-11,213.13143920898438,214.15343524306772,209.43369622718296,209.97256557454796,12660791
2024-10-14,214.31137084960938,215.17542459279622,211.04099781880427,213.13143258812545,12947771
2024-10-15,214.8316650390625,217.3123127183612,212.12804671323642,213.8096831635848,16946397
2024-10-16,215.4169921875,217.86976854563787,213.41947119559558,214.18131120201105,14363208
2024-10-17,206.2748260498047,213.80968296797286,205.22495866780278,213.08500001408427,15315848
2024-10-18,205.72665405273438,206.42346566653174,201.93601134914505,206.2562376840213,10150771
2024-10-21,204.07289123535156,207.6963201735562,203.09736630647794,207.18532214906554,8211751
2024-10-22,197.08619689941406,203.97068471284686,196.36151397168427,202.73501795462505,12878742
2024-10-23,196.47300720214844,200.06855065579373,193.34200483250564,195.7761955761447,7866079
2024-10-24,195.51605224609375,198.5355692696061,195.10725382695122,196.26860652830214,6846772
2024-10-25,191.46524047851562,196.12923658046572,188.08338220848302,195.5717816509361,10268644
2024-10-28,192.18064880371094,194.4383116281742,189.13326047941376,190.46184115191645,12266987
2024-10-29,190.5733184814453,192.83099538789577,185.9929504691699,191.06573086720036,12717208
2024-10-30,189.2819061279297,192.1806521323892,187.9811967633233,189.6814188320602,8970199
2024-10-31,185.80714416503906,189.49560143234876,185.36117452611867,188.60367633117653,12812568
2024-11-01,185.96507263183594,187.58166637880882,184.00470887495055,185.80713037935396,2606575
2024-11-04,182.27662658691406,186.10444045189314,180.94803176015247,185.97436951987933,10478575
2024-11-05,182.4810333251953,183.01990268769194,178.10505004486456,181.9142926315927,17109329
2024-11-06,194.1038360595703,195.0979607391749,186.74550732296987,186.74550732296987,40549292
2024-11-07,195.5067596435547,201.1184240447243,193.24909671272172,194.4569064025101,21951907
2024-11-08,189.69070434570312,195.1072550808136,189.3655340932364,195.1072550808136,13570458
2024-11-11,188.53863525390625,191.57673787577565,187.4887820569723,187.67459565297816,8551604
2024-11-12,180.3813018798828,190.64766293532267,179.77740412583836,188.60368494855396,17295996
2024-11-13,176.03318786621094,180.89228331411218,175.5500612013268,180.1490147935215,12112022
2024-11-14,175.49432373046875,178.3837697343788,174.6023986440628,176.07035011703547,12252336
2024-11-18,172.30758666992188,177.3153390335652,171.52714686749087,176.52561351297118,14792702
2024-11-19,173.4410400390625,176.0610583721451,172.47480089047954,172.47480089047954,9668218
2024-11-21,174.94618225097656,176.75788971761028,167.62500993008086,173.84057215740614,17368997
2024-11-22,178.9505157470703,179.88888362686504,174.81610296249326,176.1446836490344,8159852
2024-11-25,185.06387329101562,186.93132328433617,182.87123887880765,183.40080832546997,21024516
2024-11-26,180.21405029296875,185.74208577539096,179.33142516160171,185.06385983360374,10102404
2024-11-27,181.05953979492188,181.6355662100514,178.8483196697437,180.79939791862668,8033396
2024-11-28,182.7504425048828,185.11960464686376,179.91673932238277,181.07809192368055,15723274
2024-11-29,185.3147430419922,186.3367249625657,182.51819652893172,183.6795492864035,12489971
2024-12-02,184.4599609375,185.07315854930735,183.02918068661788,184.32989000560164,8234055
2024-12-03,185.80714416503906,186.92203990900296,184.88734773351788,185.35188880822523,8800984
2024-12-04,192.06915283203125,193.276962487091,187.08927183901747,187.30297094509362,14841619
2024-12-05,194.057373046875,194.82851288851765,190.97282785697215,193.66716026736927,12412144
2024-12-06,195.48817443847656,198.26612093500097,193.72290988490874,194.0573800188829,14026104
2024-12-09,193.87156677246094,196.87249808918696,193.44419693069892,195.47887489126444,7980018
2024-12-10,192.8217010498047,195.05150669124995,192.20851761182553,193.99235361898067,7239820
2024-12-11,191.22369384765625,193.0818581372574,190.4618396841189,191.85546290131978,6858258
2024-12-12,190.66622924804688,192.87744917738394,189.9136750170823,190.74055751707232,5419304
2024-12-13,190.36892700195312,191.0192958487581,185.66777358782156,190.4618408876877,4879404
2024-12-16,189.3655242919922,190.46183438756873,187.08926175919655,190.2295638578278,10337056
2024-12-17,185.41693115234375,190.46184041311963,184.06046497800884,188.60367611640626,10164638
2024-12-18,179.81454467773438,185.22180934307036,179.3128465778928,183.95825711099883,13124279
2024-12-19,179.88888549804688,183.02918777405455,175.34567424676274,175.68944429033107,13972934
2024-12-20,178.77398681640625,185.61203205393127,178.12363214232138,180.25122404254228,25818265
2024-12-23,180.21405029296875,184.13477776339272,178.04000165107507,180.4277351996504,20954043
2024-12-24,184.01400756835938,187.20076670100468,180.11186539049592,180.21406499362257,22726193
2024-12-26,183.61451721191406,186.47609204998716,182.56464980373505,184.51572806772506,9338804
2024-12-27,178.84829711914062,183.7073923389367,178.48595568165425,183.01988068541584,8010778
2024-12-30,175.35496520996094,180.0747041016894,174.2028982724519,179.3128499551105,24223648
2024-12-31,177.4361114501953,178.51385018554598,174.06355276394336,174.99263494752103,8397949
2025-01-01,177.53831481933594,178.01215581606903,175.62440774887898,177.48257215540718,3721986
2025-01-02,177.54759216308594,178.27227505545218,174.2586336423459,177.45467828389332,9157431
2025-01-03,177.53831481933594,180.01896260085076,176.284062350931,178.09576981196213,16593190
2025-01-06,171.5736083984375,177.82632764319308,170.76531141990867,177.81704192478182,20865981
2025-01-07,172.86502075195312,175.8566663777834,170.91395676336927,173.09729128702276,14521936
2025-01-08,177.06448364257812,178.07717981681782,173.72908201732864,173.73836773553182,14658568
2025-01-09,170.04061889648438,177.333905260864,169.39954994534318,176.89723551665676,14447702
2025-01-10,166.84457397460938,171.75941230378876,165.14435194118764,170.48657429652846,11987426
2025-01-13,159.9414825439453,166.08271597246187,159.47694148029555,162.7566002555294,12564130
2025-01-14,163.48129272460938,165.56242755771726,160.8241173487653,160.90773133545244,16272268
2025-01-15,165.3208770751953,167.22549828388068,163.30477054704272,164.58689425092064,11373283
2025-01-16,167.71791076660156,169.3716758306672,165.4230767619334,169.04649141316295,6929944
2025-01-17,168.11740112304688,169.82690876393718,166.7144922726425,166.8631488092419,5519645
2025-01-20,169.14869689941406,169.92912251657222,166.4171930626917,168.1174151279305,5329580
2025-01-21,167.15115356445312,170.57946856740926,166.58441295181447,168.91640377343674,6654450
2025-01-22,163.9458465576172,167.81081762473335,160.03440436982785,166.55656519663154,9583003
2025-01-23,166.91891479492188,167.5042269525005,162.7752018622599,162.7752018622599,7865833
2025-01-24,163.3697967529297,167.31839576714805,162.90525569243343,166.129171786411,6235286
2025-01-27,155.76060485839844,161.75319560869437,154.87797971876853,160.73119965122766,22215768
2025-01-28,154.34841918945312,158.12049037866439,151.76557199555964,154.92444557499724,18592348
2025-01-29,153.50296020507812,156.27162115530217,152.7504059012143,154.55282761384422,16409375
2025-01-30,155.2589111328125,160.72191844671792,153.6237317316214,153.6237317316214,30173614
2025-01-31,164.55902099609375,166.18491471042356,155.29607110089268,157.24714922875572,36650691
2025-02-01,163.14683532714844,167.6993323063485,162.12483926569425,166.24996638404542,14451252
2025-02-03,161.97618103027344,164.6147709729962,160.79625688947968,163.51846082454176,17456702
2025-02-04,165.37661743164062,165.79470155048813,162.5893710704332,163.51845319083566,12517209
2025-02-05,166.77024841308594,168.1081289973131,165.70180959531305,167.336989100108,12940845
2025-02-06,165.75755310058594,168.0430872963834,163.98300275617805,167.2347903462439,14963364
2025-02-07,164.92831420898438,167.19420150224576,164.01231659201937,164.8801007106822,12418542
2025-02-10,162.08389282226562,165.49719366431177,161.50536027352172,164.92831264275304,11546697
2025-02-11,155.9033203125,161.72714982425074,154.97767103329718,161.11970673769832,19520499
2025-02-12,154.04237365722656,155.3826266162011,149.94447611996043,154.3702166418561,20114096
2025-02-13,156.52040100097656,158.8923522402092,153.64705583375942,153.64705583375942,12193757
2025-02-14,156.48182678222656,159.3841118659834,154.9969480305123,156.69395441999933,18449659
2025-02-17,154.4376983642578,155.6429623035862,152.11394595818598,154.5726873369548,14124277
2025-02-18,158.19813537597656,158.85379191632973,151.95968786391603,154.43770294609135,13591407
2025-02-19,157.67745971679688,158.86343539849807,155.86473791413164,156.40470855629462,9842304
2025-02-20,161.1582489013672,161.43786365760138,155.82616248906237,156.29863124291387,10110659
2025-02-21,158.33311462402344,162.45993704413277,157.25318816406903,160.9268301803758,10215346
2025-02-24,158.6898651123047,159.76014002524389,154.94872132424805,155.72009314925992,7411226
2025-02-25,154.98731994628906,159.63481047045167,154.75590395221988,158.1306432907418,6520927
2025-02-27,153.6663360595703,156.14436593507205,151.83434064290728,154.2737938308418,8836252
2025-02-28,150.45550537109375,153.29994010934638,148.1510412498554,153.29994010934638,24910367
2025-03-03,148.5367431640625,153.3095858177359,147.82322155613903,150.45551409873778,21947511
2025-03-04,147.688232421875,148.39210250064102,145.13307854592566,147.5243182782005,11758879
2025-03-05,153.26136779785156,153.55063410133505,147.8617938878394,148.00641968323347,11875941
2025-03-06,155.68153381347656,156.80000753034432,153.3192048007675,154.94872394660095,9112943
2025-03-07,152.4803466796875,156.14435189628188,151.76682515080154,155.63332117717914,12554271
2025-03-10,149.5877227783203,154.51484252632594,148.68136190962608,152.3453673582496,12901373
2025-03-11,151.1690216064453,151.67041551964306,147.52430466813058,148.92240788094327,8510794
2025-03-12,153.50241088867188,155.8647252444148,151.67041560365354,151.76682789025247,12855790
2025-03-13,152.3068084716797,155.52727036652308,152.0657556703406,153.75312527971425,9241718
2025-03-17,150.9761962890625,153.5024250057774,150.81228214534468,152.23931064741996,9745451
2025-03-18,150.9761962890625,150.9761962890625,150.9761962890625,150.9761962890625,0
2025-03-19,160.02049255371094,160.6568607454834,156.80001605808584,157.16642101145098,11002564
2025-03-20,162.43101501464844,163.31808749736078,158.7573582149223,161.09076211940888,10268944
2025-03-21,168.78517150878906,170.98357184180514,162.37315827691285,162.4213717788824,33864565
2025-03-24,174.7921905517578,179.72894677513503,171.82241853841558,172.36237441126067,33972530
2025-03-25,171.34033203125,176.74955760120383,170.66538711514167,176.450654474977,15135251
2025-03-26,167.8402557373047,173.07591565002772,167.21350961067597,170.66538757690753,15788440
2025-03-27,175.0621795654297,175.72748763395984,166.03716232806667,166.71210721183095,23986738
2025-03-28,176.4892120361328,178.33085896399768,174.33902517406233,175.47680204364048,22871476
2025-04-01,179.65182495117188,180.25926795893844,173.23981210379162,175.09109570938804,16373953
2025-04-02,177.4727020263672,180.21105816303935,176.54706756089513,177.46306521143117,13488498
2025-04-03,177.05810546875,178.8611756853866,174.1076215823646,175.54428683886087,10999215
2025-04-04,170.28933715820312,178.28264137009816,168.73695656925815,176.6434853059644,12870074
2025-04-07,162.98062133789062,165.55506352974038,153.89775341110848,154.0809558969379,14675014
2025-04-08,166.3939208984375,171.07997284161294,163.61698815045725,168.1777026520184,11262619
2025-04-09,162.8166961669922,167.35813717909886,161.4282297502285,166.61569047044432,8093175
2025-04-11,165.56471252441406,167.16529194345497,163.25059680423388,166.8278268492401,11757223
2025-04-15,172.58416748046875,174.2908107063432,168.6212588715362,170.36647878440735,15842566
2025-04-16,178.0897979736328,178.37906426362628,170.0000669449956,171.62958615635392,20404245
2025-04-17,180.2978515625,181.9466444203198,177.23165239831155,178.08979974914106,19477011
2025-04-21,188.32972717285156,189.9495948280738,181.84057559903678,183.68222240988862,31364829
2025-04-22,186.3241729736328,189.66033540396393,185.8902661742144,189.09145434108882,15312211
2025-04-23,186.57485961914062,187.82833707074874,183.10369355510198,187.33657996260467,8545702
2025-04-24,186.3241729736328,187.3269461232314,185.03211881595865,185.33103663922546,12332917
2025-04-25,180.05679321289062,187.70298047540064,178.26335990764107,186.0927496404085,9791154
2025-04-28,182.54446411132812,184.26075880135056,179.18899867701248,179.33363917881792,8332481
2025-04-29,182.81443786621094,186.27595232468045,182.1394782986567,182.59265871106854,6147630
2025-04-30,182.32269287109375,185.41781730676587,180.70282511190877,182.380543189251,11049144
2025-05-02,181.67666625976562,185.70707658707698,181.0113582007273,183.20012166863873,6381498
2025-05-05,184.34754943847656,186.18919643901094,180.5678431409684,182.75659206391964,11170518
2025-05-06,179.73861694335938,185.2442547671451,178.27301177028434,185.12855412887714,6179703
2025-05-07,182.45767211914062,183.48938511356718,176.45064076352168,176.45064076352168,7734600
2025-05-08,177.67518615722656,184.53072776862382,175.94924002346642,181.77308339313097,10327093
2025-05-09,175.1007537841797,176.3542165309227,172.20812028364386,172.36238288869106,13961118
2025-05-12,181.078857421875,182.36126002050545,179.38183637697713,180.6353138180418,12160088
2025-05-13,177.25094604492188,182.73731010786776,176.5470759909251,181.97557502340823,18769044
2025-05-14,179.27577209472656,181.11741892265664,176.4602773016638,178.37906278713328,13578551
2025-05-15,178.39834594726562,179.8253742885534,176.30600957763522,179.8253742885534,14364503
2025-05-16,179.61325073242188,180.78958950515096,177.78125544384747,178.330848145342,17089599
2025-05-19,182.69873046875,184.116122081932,179.63254597505508,180.68353263136976,14465387
2025-05-20,184.26075744628906,187.05696390829397,182.13948113696716,183.57616105324524,21788836
2025-05-21,183.8172149658203,184.6464371519819,180.78959251173163,184.55001015089778,10013046
2025-05-22,185.7167205810547,186.09276236208683,182.43840837270747,182.95907594925376,10157103
2025-05-23,184.43431091308594,187.04732965018155,183.26762363970536,186.0059798239236,9709796
2025-05-26,186.2373809814453,187.69334925943096,185.08998205162246,185.12854402470856,7364228
2025-05-27,187.03768920898438,187.34624386291836,183.7883020904815,186.09276632852902,9676557
2025-05-28,187.38479614257812,190.21957934996146,186.19882051736292,187.05696787425765,11799541
2025-05-29,184.88748168945312,187.60656410155542,184.02933438380904,186.81590392350216,15154707
2025-05-30,183.0072784423828,186.0927511668592,182.19734461083797,185.12854002091692,26351115
2025-06-02,184.8489227294922,185.36959026758157,181.5705960505894,183.00727593492888,8101618
2025-06-03,185.04176330566406,187.89582003936988,184.4246687649146,184.8874859923031,10598180
2025-06-04,182.7373046875,186.0927554327431,179.63254354937854,185.03211726281535,17603834
2025-06-05,183.7979278564453,185.9674029811444,182.71801605799078,183.86542970019613,7467344
2025-06-06,184.3089599609375,185.0128447108531,182.93014504469048,183.79792921591078,6637216
2025-06-09,186.70985412597656,187.8283426367218,184.5403789498374,184.64644276917866,7485555
2025-06-10,188.66720581054688,190.43171409144935,185.85171084114864,188.0211860649753,11402867
2025-06-11,192.92901611328125,193.42077324302818,189.2746621268142,189.95924384196277,24303718
2025-06-12,185.30209350585938,195.532374493087,184.89712658453425,195.1563327295212,27331751
2025-06-13,184.49215698242188,185.6395705991844,178.54297598235465,183.20011757896427,15290087
2025-06-16,184.77178955078125,185.75527434218196,181.7538039078042,185.61064855306265,7728599
2025-06-17,183.65330505371094,185.61065257659396,182.04307414493348,184.7717935561284,8847687
2025-06-18,179.07330322265625,183.5858045257015,178.57190928475285,181.85987297074064,11903224
2025-06-19,173.95333862304688,179.78681907407537,173.07590293783065,178.8611698883988,18702293
2025-06-20,175.341796875,176.0842288392551,172.99875621859482,173.7026262118953,18520686
2025-06-23,178.1476593017578,178.53335261648996,173.41339340407222,173.55801920166203,11308631
2025-06-24,178.85153198242188,181.16563286345564,178.48512703639193,179.4011246887722,7404157
2025-06-25,177.39556884765625,180.6835325038155,177.03881541897624,180.6835325038155,8112854
2025-06-26,180.10499572753906,180.50032583336207,177.26057575400478,178.01265928022212,12858332
2025-06-27,184.18360900878906,184.75249002849455,180.4135400651318,180.98242108483728,13050123
2025-06-30,184.0100555419922,185.5624361090558,182.4769633178192,185.12854402653258,9866638
2025-07-01,182.83372497558594,184.47289580313182,181.27170752307728,184.2607681598658,8969214
2025-07-02,183.9329071044922,185.11889736975027,181.4163155044161,183.64365553998437,13834006
2025-07-03,185.84207153320312,186.59415509036086,183.93292276869937,184.46324186995042,14497014
2025-07-04,186.4880828857422,188.20437756339473,184.7910618380357,185.84206317787923,11748872
2025-07-07,186.2373809814453,188.3104438176722,185.82277724181682,186.5748607749016,10135456
2025-07-08,185.7360076904297,188.45507561689442,185.3021008813799,186.1891881302897,10024889
2025-07-09,178.40798950195312,185.80348732302485,178.08979805408603,185.80348732302485,27312219
2025-07-10,179.02508544921875,180.30748806569062,177.51128156900114,180.30748806569062,13016217
2025-07-11,175.38037109375,178.66833475144753,175.05254282331256,178.66833475144753,13793909
2025-07-14,177.06773376464844,177.80052893697626,173.66406960586218,175.38036426389684,15937447
2025-07-15,178.09945678710938,178.36943474542906,175.7949926132907,175.7949926132907,7678880
2025-07-16,177.73304748535156,178.5526181557103,176.83632344284743,178.0801640965314,8484342
2025-07-17,178.65869140625,179.43971485716258,177.51129240716705,178.14766063401683,7030843
2025-07-18,178.600830078125,179.38183876820182,176.54707030010314,178.3790656295995,7725761
2025-07-21,177.53054809570312,178.39834693811102,176.8170412774434,177.99338003006503,5533832
2025-07-22,177.44378662109375,178.23444687013776,176.7013398747687,177.60770076018196,6991724
2025-07-23,179.7193145751953,179.92180538905868,177.37628855693134,177.41485052911298,7798034
2025-07-24,181.24276733398438,182.12983980831004,179.90251445141598,179.90251445141598,11684679
2025-07-25,176.9423828125,181.10778204194764,176.53741589508613,180.4328371795912,10429865
2025-07-28,174.16546630859375,178.97687057450787,173.1241164916472,176.94238444108993,11229894
2025-07-29,176.43136596679688,178.70690504805685,171.82243748476367,172.88307571815864,13852750
2025-07-30,174.1076202392578,176.518148194859,173.46158579998504,176.44100953475638,8784760
2025-07-31,171.32102966308594,172.50701996790974,171.01248974641976,171.62958429244662,7939221
2025-08-01,168.14878845214844,171.3210367864286,167.62812088432162,171.31139997112086,12964065
2025-08-04,169.26402282714844,170.0689354791611,167.28569417220714,168.44941778085195,9781181
2025-08-05,166.16075134277344,169.61313771931944,165.54009777842302,169.26401916452556,14688223
2025-08-06,164.77398681640625,166.80080702477238,164.20182480883756,166.6941314981453,16492438
2025-08-07,164.36668395996094,164.71580251934074,162.19438905742567,164.53154344667522,13072513
2025-08-08,165.9764862060547,166.80079839621786,163.2126446460413,164.3084770382887,15908370
2025-08-11,167.78997802734375,167.99362188795772,164.95824518426923,165.9764940824358,5576496
2025-08-12,169.03128051757812,169.94286866203367,167.26628818724114,167.77057382413,7141744
2025-08-13,168.11968994140625,169.47736494699092,167.09173389467105,168.93429494475706,6019021
2025-08-14,168.67245483398438,169.55495099945037,167.6444987720341,167.82875783927952,8864011
2025-08-18,168.41062927246094,169.23492669280853,167.14992256172843,168.74034824059999,6363956
2025-08-19,169.6034393310547,170.97082152213318,168.15847359748085,168.15847359748085,6732317
2025-08-20,172.73580932617188,173.9674240907406,169.60344944849803,169.8652920703462,10610680
2025-08-21,172.39639282226562,173.47284046054006,171.76603206973485,173.34676535052427,7252426
2025-08-22,171.4654083251953,172.56125556978733,170.7283868318471,172.2412289904583,6424964
2025-08-25,170.58290100097656,171.5138886980441,169.76829601450964,171.47510432620885,8324913
2025-08-26,166.45167541503906,170.55380707637138,165.83102188992603,169.060364618225,9987523
2025-08-28,166.0443878173828,167.18871184542985,164.43456250559422,166.45169034249525,8495627
2025-08-29,167.83847045898438,168.74035144145165,164.9194468630432,165.03581478399423,8823629
2025-09-01,170.6217041015625,170.8350551454406,167.63480428481674,167.8869397014237,6770507
2025-09-02,173.8704376220703,174.995376837458,170.40835883369664,170.72838541036114,8668666
2025-09-03,172.6388397216797,175.8681827089121,171.59148403953284,174.93719494782093,6209706
2025-09-04,169.38040161132812,173.34676602089823,168.74034846230094,173.19159893067078,9769773
2025-09-05,168.7112579345703,169.92347309200238,167.3923672513823,169.39009546322262,7598903
2025-09-08,167.15960693359375,169.2252261774506,166.8298879812783,168.71124816426843,5686270
2025-09-09,167.73179626464844,168.39123421867373,166.5098738947626,167.1790190406432,8186535
2025-09-10,168.6433563232422,169.49676047635953,167.86755050864176,168.15847029034322,7050241
2025-09-11,173.59889221191406,174.34562084606614,170.00104613359002,170.58290049467624,13059152
2025-09-12,173.15281677246094,178.2441204550036,172.71642227346695,175.0438694664671,19079692
2025-09-15,174.4910888671875,175.11175722400804,172.2897168289755,173.5892079065853,4509947
2025-09-16,176.7312774658203,176.98341289131523,173.83165348366165,175.2378201060282,6383724
2025-09-17,176.11062622070312,177.4586089009341,175.2378224177714,176.73127979726527,4834786
2025-09-18,175.48025512695312,177.4488912679104,174.80141762964848,176.4985187716839,5872596
2025-09-19,176.1591033935547,176.54702112826342,175.04387135105765,175.62574055434652,6567199
2025-09-22,175.48025512695312,176.84763731280452,174.4135147162023,176.1106158582377,5333007
2025-09-23,173.25949096679688,176.2075917084379,172.76489771386377,175.62573731343483,6368313
2025-09-24,170.59262084960938,173.5892132134466,170.35017781439507,173.29827861167973,10054492
2025-09-25,169.14764404296875,172.2897109023213,168.74034154597726,170.67988570167816,8858607
2025-09-26,166.82020568847656,169.2737279897864,166.12196857215022,169.0409773518282,8760356
2025-09-29,171.15509033203125,171.74665192938957,166.7038249628701,167.55722918136698,12460294
2025-09-30,170.96112060546875,171.95999950328982,170.19500714122435,171.16477926168716,9899684
2025-10-01,169.28341674804688,171.15508461058357,168.49790370843826,170.38895635889386,6383909
2025-10-03,171.998779296875,172.37698982188186,169.20583092910263,169.43858155893292,7695671
2025-10-06,171.28114318847656,172.77460050580478,170.02045129929937,170.02045129929937,5015866
2025-10-07,174.4619903564453,174.79172410804924,171.2035555928616,171.27144674092776,8793661
2025-10-08,172.15394592285156,175.81968324697166,171.77573539885657,175.36388917990746,9739699
2025-10-09,173.0558319091797,173.7637614136899,172.15395094011782,172.15395094011782,5696104
2025-10-10,173.79286193847656,175.52874746045177,172.91036578933577,172.91036578933577,12004977
2025-10-13,174.87899780273438,175.23780873063686,171.05809350895538,173.39524773094368,11256078
2025-10-14,170.0689239501953,177.95317565018436,168.22636292787726,174.87899995008033,13393866
2025-10-15,172.0084686279297,173.09462341691662,170.3113674925319,170.75746915904313,10456218
2025-10-16,173.75405883789062,175.33479203657714,171.74663836121297,172.00846616411832,11918586
2025-10-17,172.23153686523438,173.79287059240323,170.69929511827283,173.79287059240323,10653158
2025-10-20,173.0267333984375,174.3165320454671,172.60003131400092,173.7831544399214,5945439
2025-10-21,172.99765014648438,173.58921173928556,172.5709480405231,173.4146598582369,550754
2025-10-23,174.63656616210938,175.88756569327197,173.0073412962983,173.48253496498242,6890426
2025-10-24,175.54815673828125,176.8864322277163,174.1710820766605,174.4620018803104,14617812
2025-10-27,174.7238311767578,176.01362979892394,174.07408566890825,175.5772353291799,7633630
2025-10-28,173.06553649902344,175.48025957185382,172.0957643932961,174.72383851319032,4486173
2025-10-29,179.0587158203125,180.80430851954247,173.346758875018,173.5892018944236,16216434
2025-10-30,177.55557250976562,180.47459603855103,176.80885863744444,180.37761290829076,10890893
2025-10-31,177.2355499267578,180.28063383637243,175.81969089739314,177.8465111065451,12162645
2025-11-03,178.13743591308594,178.86476497378118,172.46426332064402,176.9252208119272,11050075
2025-11-04,176.1300048828125,178.9132608850402,175.2863078871189,178.41866764131802,11320462
2025-11-06,173.56980895996094,177.27434554124258,173.24978238637786,177.27434554124258,8609714
2025-11-07,175.0147705078125,175.9457434288715,171.80482725308696,172.9103668453119,5863620
2025-11-10,176.0330352783203,176.74096476616907,174.17107462685982,174.17107462685982,6801002
2025-11-11,176.8282470703125,177.16767323567169,174.326233193016,175.91665889824924,4352265
2025-11-12,176.93492126464844,177.895000995613,176.2560837365894,176.9931052245466,9245014
2025-11-13,178.1180419921875,179.76665162267852,176.67307621854022,176.93491883203026,8521444
2025-11-14,177.86590576171875,178.4671597330646,176.5664146892722,177.46829564629095,5496277
2025-11-17,179.6987762451172,180.01880281944278,177.03190292328546,177.37131428571695,6749568
2025-11-18,178.7386932373047,180.85280410830168,177.47798654882553,180.85280410830168,6258414
2025-11-19,178.48655700683594,179.29146962122292,177.75922793573844,178.82596836148608,3032584
2025-11-20,178.7386932373047,179.57269783452497,177.48769374024826,178.6126181291924,6809330
2025-11-21,177.45860290527344,179.19448846312602,176.1978962086656,178.43806740467093,8936258
2025-11-24,175.61602783203125,178.0598576923157,174.56867217762363,176.60519952745202,13399523
2025-11-25,174.77232360839844,176.64397660034575,174.07408653431773,175.61602057393455,5775748
2025-11-26,179.56300354003906,179.97030604168927,174.55897600968336,174.6559591375967,7831961
2025-11-27,178.24411010742188,181.22130267898712,177.58465740257432,179.60178509159698,3082841
2025-11-28,170.7671661376953,171.0677931221441,166.6068503249963,167.01415283272186,60244650
2025-12-01,170.10772705078125,172.06665603207912,169.55494985278332,171.64966113327887,14586098
2025-12-02,169.71011352539062,171.31993872510003,169.22522748674666,169.91377217254202,6840703
2025-12-03,165.1230926513672,170.1949963773035,164.5703154748404,169.75860191020448,19784622
2025-12-04,165.4722137451172,166.67472164661598,164.6188095846619,165.82133228370822,7624463
2025-12-05,164.84185791015625,166.41289877921096,164.40546342335415,165.83102959844285,5577375
2025-12-08,161.76768493652344,165.2685628809097,160.4875934331102,164.84186078058923,10883405
2025-12-09,162.81503295898438,163.52296242989553,159.2559712220821,160.41969475170873,12988637
2025-12-10,162.9411163330078,164.7642778628463,162.29137078597168,162.90231716144095,6217163
2025-12-11,163.84298706054688,165.28795276132408,162.6598639600549,162.94110614491058,4976531
2025-12-12,165.5498046875,169.0215758462689,164.18242245042867,164.86125997316148,18497271
2025-12-15,164.72549438476562,165.4916078555726,163.65873912409933,165.4916078555726,6675122
2025-12-16,163.23204040527344,164.64789932766297,162.36892906536482,164.64789932766297,7581502
2025-12-17,163.95938110351562,165.34614814643672,162.9217178217089,163.98847308360848,3369805
2025-12-18,162.48532104492188,164.36668131814403,161.8549602908005,163.5035847265424,3743055
2025-12-19,164.62850952148438,165.09401079263313,162.54350538557614,162.54350538557614,8766941
2025-12-22,166.52926635742188,167.02384480178463,164.18241964885,164.8709495538914,4118436
2025-12-23,166.83958435058594,167.47963748330753,165.9571029921886,166.32560632515586,3548499
2025-12-24,165.83102416992188,168.55608132229955,165.578888758535,167.77056831226014,4467016
2025-12-26,165.85043334960938,166.78140630516478,165.22977978005633,165.82134136959505,1942413
2025-12-29,165.2685546875,166.31591030066764,164.78366865163798,165.83102426480562,2857519
2025-12-30,165.4722137451172,165.83102467733246,164.62850197828615,165.20067874816277,4526325
2025-12-31,166.95596313476562,167.47963354168286,165.54008940154168,165.54008940154168,6139095
2026-01-01,166.5777587890625,167.28568828312112,165.8698144974559,166.80080223012655,2897460
2026-01-02,170.07862854003906,170.74777362873985,166.36439977623627,166.36439977623627,13698712
2026-01-05,167.81906127929688,170.58290282672263,167.14022378330884,170.09801678708152,7405173
2026-01-06,164.2696990966797,167.77057704778687,163.7460286619026,167.77057704778687,8771407
2026-01-07,163.38719177246094,164.99701693605286,162.53380242592624,164.2793802878433,7890426
2026-01-08,158.5868377685547,163.32902296811017,158.12135128203198,162.95081242327012,9689093
2026-01-09,159.39173889160156,160.41000253019774,158.16983140381467,158.54804192128782,7540855
2026-01-12,161.5155487060547,162.04892632879216,157.006099492963,159.03293445936544,8511255
2026-01-13,160.2645263671875,163.11565861002958,159.12989482519782,162.32045321030108,7864353
2026-01-14,160.17726135253906,161.51555163063145,159.28507276632692,160.00270947150878,12730825
2026-01-15,160.17726135253906,160.17726135253906,160.17726135253906,160.17726135253906,0
2026-01-16,159.27537536621094,161.22461196419462,158.53833909822967,159.43052765640095,20549276
2026-01-19,159.74085998535156,160.65244811833958,158.64501278749816,159.27537352506644,4566527
2026-01-20,156.3369598388672,159.6341789140485,155.77449027003325,159.0426173673048,6841149
2026-01-21,157.76251220703125,160.26452590687896,154.95987153506863,156.33696088725205,16082935
2026-01-22,158.62562561035156,159.64387445234595,157.50068645052338,158.74199352428292,12111105
2026-01-23,155.9490509033203,160.05118279219406,155.16353786050917,160.0123984186501,8178368
2026-01-27,155.14413452148438,156.52120911097438,153.57310847387072,155.9490471303679,20808770
2026-01-28,163.05747985839844,163.571457886196,156.23029080389713,156.23029080389713,11194053
2026-01-29,162.32046508789062,166.75231606093772,160.7397317687651,163.06717897942917,15216722
2026-01-30,162.23316955566406,163.01869739366188,160.21605659138345,162.2913683121272,15845745
2026-02-02,155.541748046875,157.77222685817827,153.03004183474496,157.77222685817827,17376481
2026-02-03,157.87890625,161.4573677892411,156.5212163849434,160.40030491787928,32679436
2026-02-04,160.41000366210938,160.7882141822513,157.8788979357602,158.74199449698398,15626744
2026-02-05,160.17999267578125,161.60000610351562,159.41000366210938,161.52000427246094,13323350
2026-02-06,162.99000549316406,163.6199951171875,159.02999877929688,160.0,15057595
2026-02-09,163.63999938964844,164.24000549316406,162.5,163.1999969482422,14553493
2026-02-10,164.5500030517578,167.1199951171875,163.6999969482422,163.7899932861328,14629394
2026-02-11,163.47000122070312,164.63999938964844,161.8000030517578,164.63999938964844,8859790
2026-02-12,163.72000122070312,164.5,162.0399932861328,163.0,13190080
2026-02-13,161.69000244140625,163.3300018310547,161.1199951171875,162.39999389648438,8523271
2026-02-16,164.82000732421875,165.10000610351562,161.3000030517578,161.67999267578125,10223455
2026-02-17,165.75,165.89999389648438,163.86000061035156,164.1999969482422,8756094
2026-02-18,167.30999755859375,169.2899932861328,165.58999633789062,166.5,11790520
2026-02-19,166.8800048828125,169.36000061035156,165.85000610351562,167.30999755859375,17067659
2026-02-20,168.47000122070312,170.0,165.8000030517578,166.00999450683594,14668133
2026-02-23,167.1300048828125,169.3000030517578,166.47000122070312,168.8000030517578,7494561
2026-02-24,167.86000061035156,168.58999633789062,165.60000610351562,165.60000610351562,8809408
2026-02-25,170.0,170.30999755859375,167.75,168.0,10027465
2026-02-26,169.9600067138672,171.1999969482422,168.41000366210938,170.5,13026917
2026-02-27,169.52999877929688,171.4600067138672,167.6699981689453,169.4499969482422,17164115
2026-03-02,165.07000732421875,167.9600067138672,163.5,165.5,17268287
2026-03-04,154.61000061035156,160.52999877929688,154.0,160.0,30080625
2026-03-05,156.72999572753906,157.86000061035156,154.41000366210938,155.49000549316406,18400202
2026-03-06,155.7100067138672,157.8000030517578,153.64999389648438,155.89999389648438,14633439
2026-03-09,148.97999572753906,152.0,146.41000366210938,152.0,20704576
2026-03-10,150.2899932861328,152.5,149.25,151.0,20823909
2026-03-11,147.97000122070312,154.89999389648438,147.32000732421875,151.38999938964844,23526066
2026-03-12,152.35000610351562,153.92999267578125,144.6699981689453,147.0,16072499
2026-03-13,147.77999877929688,153.2899932861328,147.4499969482422,152.5,11388686
2026-03-16,146.05999755859375,150.2899932861328,144.5,149.0,10325467
2026-03-17,147.7100067138672,148.3800048828125,145.5500030517578,147.0,13154638
2026-03-18,150.9499969482422,151.6300048828125,147.55999755859375,148.49000549316406,10219424
2026-03-19,144.27000427246094,148.97000122070312,143.8000030517578,148.97000122070312,10509747
2026-03-20,142.8699951171875,147.35000610351562,142.44000244140625,146.02000427246094,21738634
2026-03-23,135.39999389648438,142.10000610351562,134.36000061035156,141.22999572753906,16552069
2026-03-24,137.6699981689453,139.8800048828125,134.60000610351562,139.0,22824139
2026-03-25,139.1999969482422,140.85000610351562,138.3000030517578,139.8000030517578,17031700
2026-03-27,137.19000244140625,139.72000122070312,136.55999755859375,139.0,18663640
2026-03-30,137.7100067138672,140.25,135.0,135.88999938964844,21810845
2026-04-01,140.6699981689453,142.72999572753906,139.41000366210938,141.39999389648438,15145719
2026-04-02,141.72999572753906,142.0,137.5,138.9499969482422,15268069
2026-04-06,143.13999938964844,143.6300048828125,140.1699981689453,141.72999572753906,11466136
2026-04-07,145.3800048828125,145.77999877929688,141.00999450683594,143.0,15413074
2026-04-08,153.3000030517578,156.5,151.27999877929688,152.7100067138672,21095009
2026-04-09,152.22000122070312,154.6999969482422,151.24000549316406,153.3000030517578,10066115
2026-04-10,154.0800018310547,154.97999572753906,151.91000366210938,153.49000549316406,14099404
2026-04-13,153.7100067138672,154.3000030517578,148.5,148.5,15551444
2026-04-15,156.1199951171875,157.10000610351562,155.16000366210938,157.0,13040725
2026-04-16,158.9199981689453,159.2899932861328,156.6699981689453,157.9600067138672,9582628
2026-04-17,157.82000732421875,160.0,157.25,160.0,13015627
2026-04-20,157.6999969482422,158.89999389648438,156.02000427246094,157.9199981689453,5864225
2026-04-21,160.77000427246094,162.5,157.6999969482422,157.6999969482422,13146924
2026-04-22,166.1199951171875,166.8000030517578,160.64999389648438,160.89999389648438,14769257
2026-04-23,164.9600067138672,167.88999938964844,164.02000427246094,166.0,13410932
2026-04-24,165.61000061035156,166.3000030517578,163.35000610351562,165.9600067138672,9362530
2026-04-27,165.74000549316406,167.77999877929688,164.89999389648438,166.8000030517578,18132384
2026-04-28,165.67999267578125,167.22000122070312,165.05999755859375,165.88999938964844,6106987
2026-04-29,165.66000366210938,167.9600067138672,164.57000732421875,166.5399932861328,8164580
2026-04-30,163.22999572753906,164.67999267578125,161.30999755859375,164.67999267578125,7518096
2026-05-01,163.22999572753906,163.22999572753906,163.22999572753906,163.22999572753906,0
2026-05-04,164.47999572753906,167.49000549316406,164.13999938964844,165.3000030517578,8799974
2026-05-05,163.6999969482422,165.8000030517578,162.5,164.8000030517578,14543449
2026-05-06,165.67999267578125,165.9499969482422,163.75,164.24000549316406,4397644
2026-05-07,167.25999450683594,167.85000610351562,165.89999389648438,165.89999389648438,5313543
2026-05-08,166.49000549316406,168.08999633789062,165.89999389648438,167.39999389648438,3887936
2026-05-11,162.50999450683594,165.60000610351562,162.2100067138672,165.60000610351562,3743808
2026-05-12,160.35000610351562,162.7899932861328,159.6999969482422,161.00999450683594,9681167
2026-05-13,163.30999755859375,164.80999755859375,159.10000610351562,160.0,8542104
2026-05-14,162.61000061035156,165.89999389648438,159.39999389648438,164.25,7848939
2026-05-15,162.1300048828125,163.39999389648438,161.05999755859375,162.6699981689453,7062872
2026-05-18,160.22000122070312,161.0,157.63999938964844,160.64999389648438,13238998
2026-05-19,156.1199951171875,161.3000030517578,155.17999267578125,160.32000732421875,17108046
2026-05-20,155.63999938964844,156.0,151.7100067138672,155.83999633789062,11539253
2026-05-21,155.89999389648438,157.5399932861328,154.89999389648438,156.5,11448733
2026-05-22,160.77000427246094,162.6999969482422,151.41000366210938,153.0,19157978
2026-05-25,168.6699981689453,170.6999969482422,162.6999969482422,162.9199981689453,36426464
2026-05-26,167.6300048828125,169.82000732421875,166.3000030517578,167.8000030517578,16425185
2026-05-27,169.0,169.64999389648438,167.2100067138672,167.2100067138672,5523561
2026-05-28,169.0,169.0,169.0,169.0,0
2026-05-29,164.50999450683594,170.0,163.39999389648438,170.0,26119462
2026-06-01,163.74000549316406,166.0800018310547,163.24000549316406,164.50999450683594,7915622
2026-06-02,164.8300018310547,165.47000122070312,161.17999267578125,162.99000549316406,9458223
2026-06-03,163.86000061035156,164.82000732421875,162.72000122070312,164.0,4684045
2026-06-04,167.5500030517578,168.14999389648438,161.5399932861328,161.5399932861328,11510123
2026-06-05,167.39999389648438,170.1300048828125,166.60000610351562,168.0,8047086
2026-06-08,168.60000610351562,170.14999389648438,165.10000610351562,166.02000427246094,8999902
2026-06-09,167.58999633789062,169.13999938964844,165.55999755859375,169.0,5976753
2026-06-10,168.00999450683594,169.8000030517578,166.25,166.6199951171875,11363717
2026-06-11,166.08999633789062,167.89999389648438,165.00999450683594,167.89999389648438,10176344
2026-06-12,170.5,171.1999969482422,166.6699981689453,167.00999450683594,7288989
2026-06-15,175.41000366210938,177.2100067138672,172.11000061035156,173.00999450683594,18354141
2026-06-16,176.08999633789062,178.1999969482422,175.0,176.4499969482422,8941189
2026-06-17,175.02999877929688,177.10000610351562,174.50999450683594,176.32000732421875,4400943
2026-06-18,176.44000244140625,177.0,173.50999450683594,175.77999877929688,6440199
2026-06-19,173.89999389648438,176.4199981689453,173.10000610351562,176.0,11093745
2026-06-22,177.3000030517578,178.47000122070312,174.14999389648438,174.14999389648438,7613714
2026-06-23,173.83999633789062,177.52000427246094,173.25,177.3000030517578,7418809
2026-06-24,174.92999267578125,175.69000244140625,173.61000061035156,174.25,6006860
2026-06-25,172.85000610351562,176.49000549316406,172.2899932861328,175.10000610351562,9847241
2026-06-26,172.85000610351562,172.85000610351562,172.85000610351562,172.85000610351562,0
2026-06-29,172.22000122070312,173.8800048828125,170.00999450683594,172.85000610351562,5931749
2026-06-30,173.4600067138672,175.61000061035156,172.2100067138672,172.9499969482422,10139334
2026-07-01,174.5,175.0,172.39999389648438,172.8000030517578,4990189
2026-07-02,174.2899932861328,175.0,172.91000366210938,174.5,3376923
2026-07-03,174.14999389648438,175.88999938964844,173.6999969482422,174.32000732421875,4618256
2026-07-06,175.02999877929688,176.42999267578125,173.99000549316406,174.02000427246094,2759355
2026-07-07,174.00999450683594,175.55999755859375,173.52000427246094,175.0500030517578,6166046
2026-07-08,169.24000549316406,174.77000427246094,167.9600067138672,173.0500030517578,11211397
2026-07-09,170.1999969482422,172.2899932861328,168.5399932861328,169.0,10798380
2026-07-10,173.72999572753906,174.47000122070312,171.0,171.0,3236963
2026-07-13,173.1199951171875,173.39999389648438,170.52999877929688,172.83999633789062,3261762
2026-07-14,171.50999450683594,172.89999389648438,170.9499969482422,172.3000030517578,5005945
2026-07-15,173.14999389648438,174.9499969482422,170.5,170.80999755859375,5667626
2026-07-16,171.7100067138672,175.72999572753906,171.0,172.89999389648438,9023749
2026-07-17,171.1999969482422,171.97000122070312,169.47000122070312,171.64999389648438,9642263
2026-07-20,173.00999450683594,173.55999755859375,169.6999969482422,171.19000244140625,4986847
2026-07-21,173.99000549316406,176.1999969482422,172.52000427246094,172.72000122070312,4648262
2026-07-22,173.00999450683594,174.8800048828125,172.10000610351562,174.8000030517578,9198076
