Date,Close,High,Low,Open,Volume
2021-01-01,117.7784194946289,118.44383023266397,115.91526211766542,116.71375987695104,7172514
2021-01-04,118.57689666748047,119.05600011351703,116.3677231660928,118.17764785715225,9861826
2021-01-05,118.76321411132812,118.97614355763821,117.32591598052191,118.17764594986882,7903771
2021-01-06,117.61870574951172,120.30698278355962,115.64907172356855,119.24231113230655,11250985
2021-01-07,118.6035385131836,119.24232696783875,117.37916960687697,118.1776673593047,7369923
2021-01-08,120.04080963134766,122.5161572263703,119.37539898266841,119.64156080531866,13146253
2021-01-11,119.42865753173828,120.65302655258483,117.48564534012111,120.30701001522232,7864008
2021-01-12,119.7214126586914,121.63780210540035,118.28411448160622,119.26893147865994,6767479
2021-01-13,120.91918182373047,123.95347583777134,119.56173802863854,119.82789989509502,17333359
2021-01-14,124.35269165039062,125.31088629885338,121.2119337252417,122.17012837370446,15036232
2021-01-15,121.69104766845703,126.48203398901217,121.18533407027954,126.13601749803152,19528447
2021-01-18,123.10172271728516,124.24623680571126,118.70998572739842,121.74426699130733,12962139
2021-01-19,123.44774627685547,125.39075811164645,121.90398328230772,124.51240578946823,10672917
2021-01-20,122.99525451660156,124.16637866157674,121.55795637823144,123.50096804630266,6708784
2021-01-21,121.79751586914062,124.56563541466075,121.10548293673375,123.12833718459318,10022995
2021-01-22,119.98757934570312,122.86217581655956,118.76322275619174,121.63780704294072,11876655
2021-01-25,117.2194595336914,120.83930911296997,116.68712369622385,120.83930911296997,10396351
2021-01-27,115.32968139648438,117.72517441577331,114.18516725277249,117.11299611549482,12457903
2021-01-28,117.91148376464844,119.16246253387673,113.94560582722835,114.37147690259224,9570735
2021-01-29,116.36774444580078,119.10925425699068,115.88864091215245,118.7100053736534,11049804
2021-02-01,116.02169799804688,118.39056840870093,113.01402710205838,117.59207084805932,15931045
2021-02-02,118.33734893798828,120.25375060270052,117.11299237652038,117.16622474075345,15156921
2021-02-03,119.90773010253906,121.61119006880945,117.43238260473902,119.2156972067217,17980320
2021-02-04,122.223388671875,123.36790293097349,120.09405726757599,120.22714428787867,15822637
2021-02-05,119.80127716064453,124.03330521928612,119.4020283110287,123.87360811626137,8935038
2021-02-08,122.19677734375,123.12834992413094,120.44007255629384,120.83932142905958,5569659
2021-02-09,120.59978485107422,123.90024065678004,119.90775182986026,121.90399624332015,10273246
2021-02-10,119.7214126586914,122.0370509221403,117.99133039144934,121.07885619878581,15792933
2021-02-11,121.05224609375,121.58456972659737,119.2955415530328,119.40201846370923,9801475
2021-02-12,119.1624755859375,122.06368224477504,118.23089088311423,121.31841691933799,9941697
2021-02-15,118.4970703125,120.44008246542727,118.23090843679408,119.50850980840177,9075534
2021-02-16,120.12065887451172,120.83930185544037,117.85825302334123,117.96471774761906,10667113
2021-02-17,124.80519104003906,125.09797515011363,119.74803089456407,120.12066964706179,17902017
2021-02-18,130.79393005371094,134.14761806860437,125.17782369071521,126.16264080261601,37870821
2021-02-19,129.8889617919922,134.36054155094237,126.96113286374411,131.9118161109176,19952931
2021-02-22,128.55812072753906,132.17798240081498,127.49346126321419,130.42127783613435,11274976
2021-02-23,130.3680419921875,133.02970885811203,128.6645820210956,128.82427910886545,14772120
2021-02-24,130.28822326660156,132.31107778160674,129.1437089863348,131.35288289638802,5007237
2021-02-25,134.3871612548828,138.0070108864715,130.68745698208238,130.95361881260874,21878344
2021-02-26,129.06382751464844,135.77121468551186,127.75961638856272,133.05631552679102,17877759
2021-03-01,131.7521209716797,134.36054355192252,129.6494119786996,131.16655274048784,10657824
2021-03-02,133.13616943359375,137.28835450672483,132.0714978467658,134.14759647538455,12368380
2021-03-03,132.49737548828125,136.22370185873845,130.68745075867648,136.14384722132948,8889057
2021-03-04,130.87374877929688,134.04112901852807,130.6075869800739,132.01826279211494,7024809
2021-03-05,129.4630889892578,133.93468087423298,127.91932599450027,130.31481903628531,11599543
2021-03-08,129.4364776611328,133.21602437815093,128.9573741837113,130.31481779092886,9808119
2021-03-09,126.80144500732422,131.00686323726705,124.24625464675549,128.55813761870843,19147695
2021-03-10,128.29196166992188,132.81677362881308,127.0675929030936,131.0068488452566,16237950
2021-03-12,128.47828674316406,131.27302894738298,127.57332422539342,129.35663916670507,9807786
2021-03-15,128.7710418701172,130.20833997383335,127.38698831108158,129.35661002053976,7981839
2021-03-16,128.63796997070312,130.76728881005207,128.1056341688126,129.78248402509848,9453628
2021-03-17,125.57705688476562,128.82427975547847,124.40593271780172,128.82427975547847,13646236
2021-03-18,124.37933349609375,127.7064116197679,123.23481920638709,126.1626484425847,11096392
2021-03-19,124.96488189697266,126.40218010002124,122.62262131751383,124.88502725853938,10383601
2021-03-22,125.92308044433594,126.42879401208208,124.80518857711897,126.13600990778536,5005842
2021-03-23,127.22730255126953,127.57331905098367,124.67211221930184,126.0561782181584,8958822
2021-03-24,123.76714324951172,127.62654473033147,123.20819729746455,127.22729588113951,5272494
2021-03-25,120.97239685058594,124.96488519548976,120.25375382214625,124.0333005203097,12319149
2021-03-26,122.32984161376953,123.5009780375969,121.55796621233499,122.17014451527696,4210819
2021-03-30,122.43630981445312,123.44774916843981,121.77089912649731,122.86218093993824,5353777
2021-03-31,124.83180236816406,125.68353243131558,121.66443386109292,122.80894803721965,12419028
2021-04-01,126.4820327758789,127.04099092186912,123.76714542724707,125.63030269489,5430427
2021-04-05,125.23104095458984,127.30713966696689,122.17013743320955,127.30713966696689,7243863
2021-04-06,125.3108901977539,126.29570714847654,124.1397538922229,125.3641225585411,5679891
2021-04-07,125.65691375732422,127.17405440191233,124.7785614783898,124.80518375234557,7400449
2021-04-08,127.09420776367188,128.23872182394544,125.57705498492908,125.65690962006009,7058790
2021-04-09,124.5922622680664,127.04098771205354,123.42112582122898,127.04098771205354,10348225
2021-04-12,120.5199203491211,123.90023052868908,118.6035307424964,122.4363099557458,10069336
2021-04-13,123.26142883300781,123.8469970569653,120.09404815260864,120.09404815260864,11025010
2021-04-15,126.24249267578125,126.64174153031047,121.71766826308077,121.71766826308077,6514215
2021-04-16,125.92308044433594,127.75962752685601,124.96488567470604,126.16263218277031,9410976
2021-04-19,123.18156433105469,124.56563013723019,121.6644237094363,123.0484895156118,10094508
2021-04-20,123.87360382080078,124.9915078714253,123.1017284242262,123.23480324674499,6611515
2021-04-22,124.29947662353516,124.72533555596422,122.09029076718241,122.96864309147892,5552941
2021-04-23,124.40592956542969,125.33750198387754,123.23479324403483,124.03329085076531,6342931
2021-04-26,123.76714324951172,124.99151207295081,122.70248371303578,124.64549559137724,9370767
2021-04-27,124.0067138671875,124.56565990429506,123.52761030160397,124.272875745784,5170101
2021-04-28,123.15497589111328,124.51241966236213,122.88880184522283,124.45918729000584,7580904
2021-04-29,122.27661895751953,124.13977628943357,122.03706719870421,124.0333115486509,9208002
2021-04-30,124.91165924072266,130.55437557884963,121.47811665106279,121.50473892731199,23345149
2021-05-03,125.55046081542969,126.21587151750279,122.96864828417719,124.00669775196916,6045108
2021-05-04,128.55812072753906,130.31481310811256,125.94969833868421,126.05616306670599,10620273
2021-05-05,130.3148193359375,131.21978175147842,127.22729333932281,129.2501598207319,11066011
2021-05-06,130.6342315673828,132.97649235297558,130.0220410484345,131.69889113024925,9562719
2021-05-07,133.8548126220703,134.49361313841413,128.29195169881123,131.1931580187619,12976788
2021-05-10,135.74461364746094,138.29980393812087,133.9612988073105,134.67995407237973,9464797
2021-05-11,141.38731384277344,142.13257911482535,134.25406748690915,135.2122622126596,15501792
2021-05-12,139.60400390625,143.46341739701586,137.71422448080608,142.13258389839584,7129423
2021-05-14,135.4252166748047,140.69529425754538,135.07920018772438,140.69529425754538,5011465
2021-05-17,134.06776428222656,137.23514511624234,133.50881830684392,135.95754387184618,4541844
2021-05-18,141.0679168701172,141.81318212741832,134.60008127713,135.21225953645018,11567026
2021-05-19,145.19349670410156,145.67260020538524,139.09829912144622,141.06793331104785,11235594
2021-05-20,141.81317138671875,146.28475040774865,141.1743709025414,146.28475040774865,9048192
2021-05-21,147.08326721191406,153.4712485213054,146.01860772171798,150.11756077069643,49713534
2021-05-24,151.47500610351562,152.11380667862005,146.68402006639374,147.6422148369966,10717708
2021-05-25,153.3914031982422,154.74884676429332,150.43695215058673,152.19365672511935,14911741
2021-05-26,151.3153076171875,155.33441821958544,150.96929114985238,153.1518546847189,8560552
2021-05-27,149.2658233642578,154.05680910950696,148.7867199160902,152.14041968505003,14100075
2021-05-28,149.39892578125,151.4484024159538,148.68027053483195,150.2772659480613,4748727
2021-05-31,148.8931884765625,150.0909349437258,148.04145846774242,150.0909349437258,4006141
2021-06-01,149.8780059814453,152.35335356204945,149.05289824398207,149.10613060820202,4967718
2021-06-02,153.5244903564453,154.11005859502106,150.03771538544717,150.25065704390718,16357660
2021-06-03,153.125244140625,154.72223959402032,152.51306579925236,153.84389940511792,3959337
2021-06-04,159.06072998046875,160.9505093830665,152.43319702626022,153.1252299498121,22365234
2021-06-07,160.2851104736328,161.24330529022922,158.10254681397402,160.23187810516123,6134031
2021-06-08,160.89727783203125,161.9087049481332,157.8363742092509,160.76419082787305,7865724
2021-06-09,159.88584899902344,164.70344497806568,158.66148025259457,161.69577375242446,10310883
2021-06-10,158.8744354248047,160.87067986831352,158.15579229878517,159.69955548070592,5950156
2021-06-11,157.06448364257812,161.93532412925776,156.47891545639652,159.6995282962883,7809055
2021-06-14,158.84779357910156,159.96568537037288,155.76026783241056,158.3154577725355,6454026
2021-06-15,158.8211669921875,160.23185501365586,158.26222111173337,159.69951922154857,5641398
2021-06-16,162.01516723632812,163.9581789840427,159.16719311583262,159.61967430222307,13279045
2021-06-17,164.49050903320312,166.0875042665352,161.296518566539,161.80223209921326,12977826
2021-06-18,157.4371337890625,165.3156460474897,155.84013839030314,165.02286193316942,10833637
2021-06-21,160.97714233398438,161.45623364691343,155.99983671963034,157.03788617380533,14655981
2021-06-22,162.12164306640625,163.26614497767284,161.3231454270343,161.7490043365089,3413079
2021-06-23,159.83262634277344,162.44104890276668,159.0873610136171,162.25472952445062,3557055
2021-06-24,157.2508087158203,160.95051296442648,156.55877577686977,160.95051296442648,5590699
2021-06-25,158.63485717773438,159.61966192817712,157.75650496301134,158.47514791388932,3738571
2021-06-28,158.23562622070312,160.0721611208509,157.91621984111967,159.9656963890256,3419964
2021-06-29,155.73367309570312,159.38014509750218,154.775466112602,158.6348797684835,6438382
2021-06-30,156.07968139648438,157.836386121165,155.2013412182523,156.47893025498303,4396507
2021-07-01,157.67666625976562,158.07591509149844,155.97320620225324,156.90479087099897,4263766
2021-07-02,158.60824584960938,159.38013339776631,157.5169641199367,158.52840339628395,4861006
2021-07-05,162.0684051513672,162.78706036667762,158.90103673814843,160.4447997163875,7253961
2021-07-06,162.12164306640625,164.7300654392595,161.40298788050725,163.15968025030418,9752526
2021-07-07,163.07984924316406,163.47909809087275,159.4333772463654,163.02661687574343,9828283
2021-07-08,163.22360229492188,166.41504223178805,162.76356839517103,163.88488868690771,13855165
2021-07-09,160.4059295654297,163.88489577568382,159.8884062125119,163.36735926126576,4393549
2021-07-12,156.35194396972656,161.5560145644602,155.83442059508783,161.06723590766214,7431610
2021-07-13,156.5244598388672,157.9908090464347,155.316892074225,157.2145042021634,6780591
2021-07-14,155.31689453125,157.84704846236065,154.25307666940193,155.69066801888576,5294932
2021-07-15,153.59178161621094,156.17943800416077,153.0455003558439,155.71941722132578,4413802
2021-07-16,154.1668243408203,155.8344260403729,153.1317643938742,154.0805638612826,4783905
2021-07-19,156.43820190429688,158.07704563960795,154.31056635862922,155.11561586759797,9429303
2021-07-20,158.7958526611328,159.2846313248439,156.49570925681525,157.61702965997634,8298897
2021-07-22,158.93960571289062,160.14718661763334,157.61703277138824,158.73835319668459,4330642
2021-07-23,159.51463317871094,160.4346878588913,158.16330245589916,158.39331283556916,2622736
2021-07-26,157.30076599121094,159.9746698241546,156.03568245439754,158.76710204947057,4899919
2021-07-27,154.79934692382812,157.7320320147698,154.39682874511107,157.55952422389106,4675905
2021-07-28,152.35545349121094,156.03567233880858,150.22783108291253,156.03567233880858,5957109
2021-07-29,151.5791473388672,154.68432675864926,150.22781669885563,153.96553778547278,9685414
2021-07-30,150.17031860351562,152.58545383737695,149.7965451675133,152.32669874910604,9366288
2021-08-02,156.8694610595703,157.73201307187622,150.630331327491,150.83159697342884,6867586
2021-08-03,157.93328857421875,158.82458535642658,156.29443175165912,158.3070620136446,4705963
2021-08-04,156.55319213867188,159.485863751601,155.28812198059444,158.42205924191063,3655653
2021-08-05,152.38418579101562,155.8343936718575,150.94659478683198,155.25935463788431,7660741
2021-08-06,152.35545349121094,155.57565156360926,152.03918262751102,155.25938069990934,5376993
2021-08-09,150.6591033935547,153.64927784248763,149.53778303964216,153.16049920024378,2687301
2021-08-10,148.33021545410156,151.6941768161601,147.29515548173802,150.94662984681378,4572001
2021-08-11,148.87649536132812,150.1415656125461,146.86386505227634,148.27269837171238,5957812
2021-08-12,146.7488555908203,149.9115508690578,145.80005622039903,148.64646749316282,6109710
2021-08-13,146.66259765625,148.3589437783494,145.68502731774467,146.97885531581167,2874657
2021-08-16,148.18646240234375,148.5889805980631,145.54130334596965,146.60510801540718,3707032
2021-08-17,145.8288116455078,148.6752362888039,145.28253038816328,148.33020754208565,3046527
2021-08-18,145.9438018798828,147.09388003571456,144.6787317022674,146.46133836615707,4446232
2021-08-20,142.14859008789062,145.3400302564745,141.5160483653693,144.87999632332244,4416649
2021-08-23,141.2572784423828,144.16120559459614,140.59599201014626,143.1261457090301,3471126
2021-08-24,143.61492919921875,144.27621565376583,141.45854888091216,142.03358801962756,3727245
2021-08-25,148.272705078125,149.22151768057878,143.8161945382991,143.95994445151868,4895659
2021-08-26,146.92138671875,148.6177463948223,145.85758199264754,148.50274118991942,3046735
2021-08-27,147.5539093017578,148.5889691726633,146.63385462078625,147.2088937319561,1594750
2021-08-30,149.2790069580078,149.94029335201398,147.20888730655383,148.58896268702324,4575463
2021-08-31,153.30426025390625,154.28181752554028,148.07144516595335,149.50902319529737,8793603
2021-09-01,153.33299255371094,155.2018596343189,151.60788852899566,154.5980758579684,3557070
2021-09-02,153.36178588867188,155.74817683155865,153.13177547526166,153.36178588867188,3554863
2021-09-03,158.68081665039062,159.08334795307755,153.13174417291714,153.6492674973009,8888422
2021-09-06,155.23060607910156,159.85963701855837,154.68432488671834,159.1696059301792,6053961
2021-09-07,153.73553466796875,158.01953715555516,153.16049556541682,156.09316734928134,3889797
2021-09-08,155.17312622070312,155.97817576991505,153.0167458498679,153.0167458498679,5026911
2021-09-09,154.4830780029297,157.64576009053883,154.13804928472697,155.20186699347724,5245894
2021-09-13,155.63314819335938,156.66820805937326,153.13175242036746,155.08686696300484,4328044
2021-09-14,157.64576721191406,158.62332449489816,155.66189476750498,156.66820992892997,4817755
2021-09-15,158.53707885742188,160.86596689872258,157.3007533014103,158.59458145341077,7388208
2021-09-16,162.44729614257812,163.5398717094118,158.33580160350542,159.51462447726044,7564597
2021-09-17,162.70606994628906,164.51743455302955,157.6170180115421,163.8848928603265,16855150
2021-09-20,156.69696044921875,162.15978572293102,155.31687190187046,162.15978572293102,9418050
2021-09-21,156.26568603515625,157.1569828116579,153.24675382300558,156.12192297122053,5120731
2021-09-22,159.05459594726562,160.08966895723702,155.71940602696907,156.12192418301348,3303961
2021-09-23,161.0097198486328,162.418553104054,159.1696105696541,159.1696105696541,4833658
2021-09-24,158.01953125,162.38979404616742,157.61701310630679,161.12472386163196,3539590
2021-09-27,159.71591186523438,160.3196957418521,156.75448192025084,158.88210442868976,3441163
2021-09-28,167.68011474609375,168.60016939683982,159.28461770322343,159.28461770322343,15925833
2021-09-29,172.2803955078125,173.0279423547936,166.18502871108143,168.14014313457076,17890582
2021-09-30,172.51039123535156,174.12048997508128,169.63522243526182,171.6478392791748,7993638
2021-10-01,171.90663146972656,175.96062359676372,170.78531113803538,172.28040491362364,6220234
2021-10-04,174.12051391601562,174.58053466976196,171.9353758512201,171.9928784454384,4617247
2021-10-05,180.81967163085938,181.6534790205261,173.28671305242491,174.20676775590158,15918579
2021-10-06,179.18080139160156,182.8322617865299,178.00197859803856,180.53213194877162,7275597
2021-10-07,183.7235870361328,186.1387354135087,180.21587623619396,180.56089179231915,9860400
2021-10-08,182.8898162841797,187.89260829620366,181.7109932408632,185.73622789050316,5578962
2021-10-11,183.46482849121094,187.3750708082637,182.88980253392413,184.87366182881436,4285191
2021-10-12,188.4963836669922,189.18641478828016,183.3498160043029,185.1036780079931,9469552
2021-10-13,187.34629821777344,190.221480424428,185.9662228671588,190.221480424428,6504114
2021-10-14,190.53775024414062,193.0966617815308,185.0174221667039,185.1611852346529,6229890
2021-10-18,190.73902893066406,195.33930264263552,190.04898458349305,192.26286754127005,5493433
2021-10-19,185.96624755859375,193.72921685658048,185.18994273189435,192.9241673112077,8242282
2021-10-20,182.45852661132812,188.92766734653003,181.42345356449542,187.1738052718417,8428744
2021-10-21,185.6212158203125,189.76146867832153,183.92486943931283,184.2698850268548,9782943
2021-10-22,188.52513122558594,189.41644117960556,185.33369117625793,186.8862875455662,6206494
2021-10-25,185.7649688720703,190.6240105226838,184.758653720455,190.6240105226838,5090094
2021-10-26,191.1415557861328,193.1541730199808,183.09106052773916,185.76497737454505,8590482
2021-10-27,192.0041046142578,195.2817920973156,190.59525809709183,191.5153259635474,5786244
2021-10-28,182.31475830078125,192.89539355605285,181.16469325696917,192.6366253017826,6752701
2021-10-29,178.4907684326172,184.011096185188,176.19062528829625,182.28599211732217,6117633
2021-11-01,179.382080078125,181.1647000470215,177.39822076453163,181.1647000470215,5097780
2021-11-02,174.4943084716797,181.07845501755722,173.8330219774086,179.9858924337177,6215608
2021-11-03,180.67588806152344,182.28598690031728,174.35051104754686,175.1555604669438,11383116
2021-11-04,185.1036834716797,185.70746730137847,181.13593859965846,183.43608188967804,1480930
2021-11-08,198.84701538085938,199.5370465262877,185.44870005645268,187.72008548057195,21544762
2021-11-09,198.1282196044922,200.514610296711,196.57562315405434,199.6520581755234,5967880
2021-11-10,198.99078369140625,201.1184194044086,196.80565853913538,197.7832159137304,4990221
2021-11-11,196.9493865966797,199.99707674517848,195.28178503646342,197.81193867398122,4163100
2021-11-12,199.53704833984375,200.9746395622196,197.78319942035571,197.9269493295429,5107333
2021-11-15,202.03842163085938,204.02229374520795,200.22705727395453,201.2621169801152,7384495
2021-11-16,194.07421875,202.7572421781222,193.32667185624442,202.7572421781222,6042552
2021-11-17,187.46133422851562,194.33300688128813,187.0875607434129,194.33300688128813,5446368
2021-11-18,186.13873291015625,189.58894107100622,184.8736495650448,188.03634476632382,4781655
2021-11-22,182.2572479248047,187.83507828486114,180.64714903531427,186.13873208862992,4814799
2021-11-23,183.20606994628906,184.26988776594158,180.44590572042148,180.5609109179783,3950010
2021-11-24,186.36874389648438,190.45149374344322,183.7235851751518,183.9535955435721,6129450
2021-11-25,181.76846313476562,187.5475589498925,180.8196506623795,186.9150173016351,6165405
2021-11-26,173.77548217773438,181.76847425056246,172.94168799526847,181.76847425056246,5677950
2021-11-29,170.4690399169922,173.5742326500626,167.9388862874719,172.51041491501994,5018829
2021-11-30,169.69276428222656,181.9410022614278,168.54268596690625,170.35405075855982,9013564
2021-12-01,171.2165985107422,172.91294489803394,167.13384823551314,169.75026251599826,3856671
2021-12-02,172.82667541503906,174.781789823937,168.22640234660284,171.2453344268421,5694348
2021-12-03,171.64785766601562,175.2130710452505,171.0728185798004,174.23551381173445,3964327
2021-12-06,171.38909912109375,174.06301588763415,169.1177136861403,171.82037516979378,2514339
2021-12-07,174.8393096923828,177.5707290887332,171.7628747173674,172.22290865042143,4767390
2021-12-08,173.51670837402344,176.47813767078497,172.6829011199894,174.69553115017592,3460876
2021-12-09,175.6443634033203,176.62192072774283,172.79793874603067,174.40803780796222,6068997
2021-12-10,176.73690795898438,177.9157308367023,174.32177277307412,174.32177277307412,2463430
2021-12-13,172.2803955078125,179.46832469867002,171.79161690194016,178.26075712216175,4572826
2021-12-14,173.22921752929688,174.78181401777786,171.159097652323,172.62543366197127,5185479
2021-12-15,172.7979278564453,176.9381804459966,172.25164663084135,173.45922743193972,6506979
2021-12-16,171.24533081054688,174.8105440084835,170.6415338780503,173.66046589453686,2777901
2021-12-17,165.23622131347656,171.73411961057258,164.80494528548567,171.24534098961624,4096492
2021-12-20,159.22711181640625,164.11489793441825,157.99078634855624,163.71237979119945,6207490
2021-12-21,161.90101623535156,163.022336526298,159.2846153846429,159.34211797688377,2739589
2021-12-22,165.69625854492188,166.81756571100763,161.35474030062775,162.7923314766225,5725254
2021-12-23,169.52023315429688,171.13031888346558,167.0763269416934,167.3350951851043,5706339
2021-12-24,167.70887756347656,170.21027333979634,166.81756760226475,169.57774479730762,2248639
2021-12-27,167.1913604736328,167.70889704820678,164.45995400088637,167.33512355801489,1362517
2021-12-28,169.2039794921875,169.86526594463157,167.19134909383462,167.45011736350867,1460920
2021-12-29,168.14015197753906,170.4690399470018,166.9325843375214,169.34771961755672,2696715
2021-12-30,165.98377990722656,168.77270192828695,165.4662433724831,167.91014981138176,1979664
2021-12-31,168.11138916015625,169.43397511124348,165.37998311144312,167.1338319257221,1815294
2022-01-03,170.72781372070312,171.10158717593416,168.1113995340859,168.42767039324298,1524540
2022-01-04,171.30284118652344,173.08544786651868,169.63523969085054,171.90662498496545,3415416
2022-01-05,180.73342895507812,181.3947154110938,171.3603607291562,171.9066419894736,11267937
2022-01-06,180.64715576171875,182.285999427312,177.39821314668302,181.68221561164606,6556890
2022-01-07,184.01112365722656,186.88630630725456,180.96344636845876,180.96344636845876,7223049
2022-01-10,187.777587890625,188.52513479226803,183.43608271150643,184.01110866546227,3889624
2022-01-11,183.2923126220703,188.2951171988786,182.68852881279173,187.46130985532724,4569924
2022-01-12,183.52232360839844,187.37506317272326,182.08474561226228,184.47113614150828,4749156
2022-01-13,185.01742553710938,185.99498282936955,182.94730576073493,184.47114429505226,3579709
2022-01-14,186.88629150390625,187.69134100276557,183.7235961039946,184.87366117600772,5679802
2022-01-17,188.58262634277344,189.99145958970348,187.1162905038156,188.23761079060677,5838015
2022-01-18,186.22499084472656,190.02022793514712,185.73621220481263,188.66889720579672,4403488
2022-01-19,186.5125274658203,189.18643119646953,182.97605843575067,184.32738924105752,3850218
2022-01-20,186.9150390625,191.02653393183994,185.2761953228542,185.73621609405274,4637305
2022-01-21,178.54827880859375,187.26005999573871,177.85823451906245,186.1099817926865,4298454
2022-01-24,174.5230255126953,180.3596373176202,172.9416844889076,178.03073627410603,3988360
2022-01-25,179.0370635986328,180.24463127573722,172.6829280314631,172.8554358194065,6066979
2022-01-27,177.283203125,179.87085926000924,175.70184893482786,177.6857212706349,5430097
2022-01-28,180.24464416503906,185.50621762332196,178.26078471957317,178.34703203896214,6363381
2022-01-31,180.61839294433594,185.36242919146653,180.04336702204716,182.19974713437927,4224096
2022-02-01,167.6226043701172,178.26075469508382,166.76005235249823,178.26075469508382,18025339
2022-02-02,167.1338348388672,169.34771759343838,166.76006140018634,168.51392340653493,5586453
2022-02-03,163.62612915039062,167.59387403650044,163.2523556999165,167.33510577671058,5771946
2022-02-04,161.6422576904297,164.60368743381255,161.18223692489474,164.45993752533312,5787009
2022-02-07,163.9136505126953,164.60368163669574,160.17591611685938,161.95852284352728,5484352
2022-02-08,165.14996337890625,165.58123941351872,161.90102076122557,164.5461795627488,6645834
2022-02-09,170.0952606201172,170.7565470114667,165.1499587196781,166.0700265182944,6927784
2022-02-10,172.22291564941406,172.99920731370852,169.75026441732635,170.58405868040182,4981834
2022-02-11,173.459228515625,174.8105592299036,169.95151760180607,170.2102726965507,5854885
2022-02-14,166.61631774902344,171.82037504681207,165.69626305655527,169.06021096940756,2885365
2022-02-15,169.92276000976562,170.35403605039954,162.4760621296866,167.3351037659621,3352287
2022-02-16,175.184326171875,176.53565683598802,169.06020136792674,170.61279768625866,5684815
2022-02-17,173.25796508789062,176.1331343371829,171.50410302761705,176.1331343371829,3892938
2022-02-18,171.7916259765625,175.75935762432124,171.1303264006859,173.25796187163638,3601977
2022-02-21,168.34141540527344,173.6604776878743,167.39260287105816,169.6352435002034,2693274
2022-02-22,167.33509826660156,167.93888207134603,153.53426541987153,163.88489005491905,4817394
2022-02-23,166.53004455566406,169.6064792551198,165.60998993346698,167.33509399527392,3165232
2022-02-24,156.49569702148438,164.54617856493212,155.80565273798885,162.102285437448,8020863
2022-02-25,153.99429321289062,160.34841501063792,151.9529183471146,159.85963641081122,8465395
2022-02-28,157.1282501220703,157.90454177143926,151.26289302866851,152.0966872757129,5540665
2022-03-02,153.41925048828125,161.87226270221973,152.49919590104636,155.25935966275102,8259096
2022-03-03,160.46343994140625,163.30985119076541,154.19555202978245,155.25936973958326,18683166
2022-03-04,163.68362426757812,165.12121540845376,157.9907886197902,162.04478063294974,13900755
2022-03-07,158.88209533691406,162.5623141471334,156.4669468071449,162.5623141471334,7171623
2022-03-08,155.546875,160.0896585784153,151.55038576876376,158.9395804555637,13078812
2022-03-09,154.74183654785156,157.84702927357105,153.8217818812495,156.40943809884905,8320303
2022-03-10,160.5209503173828,166.18504153656383,158.16330441210428,158.16330441210428,16704669
2022-03-11,169.23272705078125,170.1527817883425,160.08968227367245,160.77971345571754,13948977
2022-03-14,160.5496826171875,169.63523680033254,159.57212540560536,169.63523680033254,13325281
2022-03-15,157.30076599121094,162.84985250154776,155.4031538474925,162.18856601357803,12053587
2022-03-16,160.0609130859375,160.57844959741035,156.06442354550896,159.28462148022845,7346892
2022-03-17,161.84352111816406,162.87858098780558,159.1696175517152,161.0097269114113,8709237
2022-03-21,158.8245849609375,160.80845734041174,157.12823871045953,159.4571266509293,11472684
2022-03-22,161.09596252441406,164.40242071761668,157.9332805502629,157.9332805502629,12790992
2022-03-23,163.68362426757812,165.8400043981417,161.81477026208958,162.73482490703006,9883227
2022-03-24,158.13453674316406,162.04477881132905,156.75446137201735,161.69975009741762,9849969
2022-03-25,156.06442260742188,160.11841471792368,155.7194070428473,160.08967000162588,7122979
2022-03-28,153.10299682617188,158.13454632531116,152.84422856543318,156.95572337422414,8935230
2022-03-29,153.8505401611328,155.7194073770058,153.2755010574411,155.1443682733141,4862826
2022-03-30,152.06793212890625,157.35824972124612,150.83160662141918,155.83441124509932,16343247
2022-03-31,154.88560485839844,157.07074299150744,152.5279589372415,153.649279301804,7539246
2022-04-01,159.3133544921875,159.54336485305458,154.91434711385756,155.2306047793002,6241929
2022-04-04,160.8372039794922,161.90102171419812,158.7095816715805,159.60089162372606,4426702
2022-04-05,162.21730041503906,163.30986291897335,159.42837839673234,161.58475868686625,5759011
2022-04-06,167.2200927734375,168.02514223211566,161.1534705370235,161.58474656269038,6962419
2022-04-07,164.43118286132812,169.37648515651114,163.91365948998387,167.88139131629288,7751625
2022-04-08,170.44027709960938,171.07280556868878,165.75374378136866,166.55879317624124,8715123
2022-04-11,173.43048095703125,176.3631529383054,169.86526723652113,171.5903714988003,7524382
2022-04-12,166.12753295898438,172.97044688440377,164.83370486167607,172.97044688440377,5833906
2022-04-13,168.22640991210938,169.29021446979286,165.6099958495365,166.93258181953487,2802085
2022-04-18,162.9360809326172,167.73761991665117,162.15978933338718,166.76006265780595,4030407
2022-04-19,168.4851531982422,171.36033531020985,163.99988542383147,164.45991929988594,11036149
2022-04-20,172.33790588378906,174.32177827323835,168.25515591731374,169.635244491235,7423839
2022-04-21,173.0566864013672,174.86805092063432,170.58403550520867,173.45921769964852,5202382
2022-04-22,171.73414611816406,174.35054740569024,171.07284645473823,173.05671912201194,3427597
2022-04-25,167.70887756347656,171.07282542287217,165.6675025453304,171.07282542287217,5720188
2022-04-26,168.19766235351562,169.43398792859023,166.18504513987125,168.48517533789317,3335395
2022-04-27,162.0735321044922,168.370164980509,161.642256060402,166.04127697472205,4318218
2022-04-28,162.2460479736328,163.30985253066189,160.03216522735613,163.19484734403713,5927101
2022-04-29,155.431884765625,164.57494223010315,155.25937697905948,163.28111408861096,7115863
2022-05-02,156.63946533203125,157.12824397389787,153.70678031933107,155.25937671881934,4683937
2022-05-04,156.43820190429688,159.16962129131596,155.51814720283267,156.63946757191422,3205818
2022-05-05,155.546875,159.68712728696747,154.71308086435684,158.0770284441746,3895654
2022-05-06,154.5118408203125,155.17312729554885,152.06794743693808,154.39683562127152,2549289
2022-05-09,154.33932495117188,155.66189783248575,150.08406700166074,154.48308802320625,4567230
2022-05-10,155.546875,157.8757759599499,154.1955443929237,155.25936205003669,5354988
2022-05-11,151.75167846679688,157.53077534102593,150.4290923381939,157.53077534102593,4438941
2022-05-12,150.94662475585938,153.5917837789096,148.35896833147322,150.65911176253908,4457722
2022-05-13,148.44522094726562,153.59177564334888,147.32390059045963,152.3842079738658,3480811
2022-05-16,146.26007080078125,149.59527371835136,145.71378960658433,149.59527371835136,2635593
2022-05-17,147.1226348876953,148.186452648613,144.39121553127165,147.32390055305822,7191000
2022-05-18,140.10720825195312,146.63385134620376,137.030773424672,144.90874721271902,12287911
2022-05-19,137.4333038330078,140.5959994135262,136.28323869531988,138.69838732981566,7930873
2022-05-20,140.27972412109375,141.68855748980192,137.46205738367746,140.02095585385126,9490221
2022-05-23,136.57073974609375,141.65980484543317,135.39191683133998,140.27971627169705,7662762
2022-05-24,139.18714904785156,140.25096673850618,136.91576376777792,137.95082358177987,6859215
2022-05-25,134.4143524169922,140.0784431524828,133.75306604298297,139.73342760817349,5339415
2022-05-26,134.84564208984375,135.8519572716152,129.84285038301022,135.1044103550422,8213086
2022-05-27,132.17172241210938,135.42066478794698,130.76288922544526,135.42066478794698,7390122
2022-05-30,133.32179260253906,134.21310251810664,131.45292546441323,132.86177186792324,8166267
2022-05-31,130.992919921875,133.69558153568659,130.10160990293656,133.12054238922627,12859684
2022-06-01,131.99923706054688,135.59319558414646,131.2516901077098,132.25799217679705,9236527
2022-06-02,133.49432373046875,133.81059462159288,131.4817063414538,133.40807640839066,7759270
2022-06-03,133.92556762695312,134.84562219743185,132.68924224138817,133.8680650388919,4933131
2022-06-06,130.93540954589844,133.8680813794948,129.4403157508099,133.8680813794948,6324724
2022-06-07,132.57424926757812,133.5518065160938,130.18785873964285,130.8779030213892,4612384
2022-06-08,133.58056640625,135.13316277319805,132.28673829404332,132.91927999196662,5238553
2022-06-09,137.20327758789062,140.8259935403834,132.25797569256733,133.293048674565,13659256
2022-06-10,136.6282501220703,137.8645757010245,134.84564329033418,135.70819540767425,4169347
2022-06-13,130.44662475585938,134.84563229882227,129.9578461399746,134.3856115598718,4277716
2022-06-14,123.05743408203125,131.51043391037553,122.5398975710509,130.50413192785845,15084033
2022-06-15,123.54621124267578,124.17873977339099,120.92979716401274,123.68996114617921,9391041
2022-06-16,121.87861633300781,126.30638209640217,121.5910901873583,125.35756950646021,6372418
2022-06-17,120.41229248046875,123.05745168514126,120.00976110068049,120.90107118342442,12099436
2022-06-20,120.95854949951172,123.94872371947935,118.74466683969449,121.90734883286227,8808268
2022-06-21,125.58759307861328,126.22012164385802,120.75729597501248,120.75729597501248,5265469
2022-06-22,129.12405395507812,129.58408790949193,123.1724493970139,126.39264759340676,12630306
2022-06-23,129.78530883789062,130.67661864947948,126.85263751233653,129.55529849741535,10109100
2022-06-24,126.42137908935547,130.3316212276324,125.96135834455814,129.69907954203615,7090887
2022-06-27,129.2390594482422,129.9578616810603,126.04761912487383,127.57145774712606,4016829
2022-06-28,127.85896301269531,132.25797036291817,126.70888489270962,128.03147078224342,8989018
2022-06-29,128.8077850341797,129.21031639558885,126.04762075030827,127.37020687300792,4839736
2022-06-30,124.89754486083984,129.15280270186065,124.2650031538164,128.23274801959943,10057864
2022-07-01,131.36668395996094,131.68295480972898,124.32250427726413,125.35756413736851,12294897
2022-07-04,130.47535705566406,131.10789867303004,128.46274019127057,129.64156296490768,3629557
2022-07-05,130.10159301757812,131.68294717473117,128.31898637255966,130.99290292083705,6522736
2022-07-06,134.47186279296875,136.1107196270682,131.10791497594906,131.10791497594906,14709478
2022-07-07,140.71099853515625,141.40104285257297,135.39192282521572,136.85827193528897,13166997
2022-07-08,138.75587463378906,141.3435307794797,137.86456470824018,140.36597354597433,6363082
2022-07-11,139.76217651367188,140.82598095442856,135.4494166791222,138.58335373736185,5926287
2022-07-12,134.55812072753906,140.193466968418,133.9830816364086,139.73343306321365,8388492
2022-07-13,133.4368133544922,139.73344660543228,132.8905320876505,136.31199592729197,9092482
2022-07-14,136.77200317382812,137.46204744943904,133.37929755011587,133.4655580201297,7985319
2022-07-15,137.80706787109375,138.9571460915431,135.4781798750093,137.20328404418302,6890718
2022-07-18,138.52586364746094,139.33091309997107,137.03076992687073,138.18083493267105,3022740
2022-07-19,138.49710083007812,139.15838719771116,137.0595097529853,137.92206176694114,2934315
2022-07-20,134.7593994140625,140.85476698803035,132.83302945978224,139.9922148486811,9731476
2022-07-21,136.6282501220703,137.43329964235446,133.98309117299408,135.0469089607804,4037872
2022-07-22,134.7593994140625,137.43330314914442,134.09809978879392,137.40455843063341,3123231
2022-07-25,132.94802856445312,135.07566409681579,132.0279738687424,135.07566409681579,3964276
2022-07-26,132.20046997070312,133.37929282446007,129.4403061275524,133.23552976669723,4931847
2022-07-27,134.06935119628906,134.2706168660552,131.71170524045942,132.7180204277893,2957772
2022-07-28,134.21310424804688,135.70818481631878,132.80425782637755,134.50061721088767,4870542
2022-07-29,138.66964721679688,139.35969165242253,134.44314643603207,135.1906934778346,9223986
2022-08-01,138.75587463378906,139.1583927810855,136.08195801864215,139.04338759614365,4478349
2022-08-02,141.3722686767578,143.1836331559813,138.41083924208235,138.5833601726744,10210140
2022-08-03,140.33721923828125,143.12614110930255,139.15839632039595,142.4360968206014,7627753
2022-08-04,140.76849365234375,142.57985824413583,139.5034234388778,141.4010353398267,5138175
2022-08-05,144.16119384765625,144.79373551120983,139.2733946355139,142.32108460959074,10041072
2022-08-08,137.46205139160156,140.88350182910617,135.13316341093872,139.76219465576867,23981202
2022-08-10,138.03709411621094,139.27340651093766,137.14578413597707,138.20960190420766,7867899
2022-08-11,138.06582641601562,139.38841232804006,137.89331864353403,138.58336289495983,4176942
2022-08-12,141.3722686767578,142.004810324931,138.29583406268708,138.5833601726744,6468919
2022-08-16,146.86386108398438,147.20888980608495,141.5160409256752,144.33370748841338,10912749
2022-08-17,151.9529266357422,152.52795257190488,146.9213641445686,148.21519224318465,11612857
2022-08-18,151.3203887939453,153.3042612279249,149.73904768701973,152.9017299008709,10155850
2022-08-19,151.6366729736328,152.32671733672416,150.25658424745012,152.03919117456022,8187570
2022-08-22,149.78445434570312,152.97264968505095,149.17717440982733,151.09009717320748,8059681
2022-08-23,147.23388671875,149.69334877168205,146.47479726768964,148.56989971997538,6158176
2022-08-24,144.47079467773438,146.80880357920233,142.922231594128,145.83716405779077,8698671
2022-08-25,146.41407775878906,147.68935032224363,144.50115501417875,144.50115501417875,5040508
2022-08-26,146.6266326904297,147.5679160073299,146.08009319302366,146.9910062547973,4202298
2022-08-29,145.6246337890625,146.62662979758665,142.92225101275406,143.43843414427982,3857488
2022-08-30,147.90191650390625,148.32700277158258,144.8351740676648,146.01936380533675,6854526
2022-09-01,149.32899475097656,150.1488108327785,147.3249890736831,147.87152849507495,8217954
2022-09-02,144.74407958984375,150.72574108706118,144.31899331515902,149.96665150398044,7568620
2022-09-05,144.92626953125,146.0497187489664,144.50116936825202,144.74407580457665,2567584
2022-09-06,145.10845947265625,147.4160985774441,144.86555301940086,145.89791934516708,4189113
2022-09-07,148.0233612060547,148.7217241267688,145.0173455524459,145.26025197714137,5158473
2022-09-08,152.2135772705078,154.8552195740579,149.48083810155384,149.60229132247224,11332659
2022-09-09,149.2986297607422,153.39773811304428,148.9038998816697,153.30665515598375,2230506
2022-09-12,151.81884765625,153.2459438540385,148.47882847659824,149.29864466915095,5403568
2022-09-13,149.11647033691406,153.79248902122276,148.78246701668763,153.0030291551295,5263969
2022-09-14,147.4464569091797,148.56992001377276,146.5659002381971,148.1448198555247,3153294
2022-09-15,144.77444458007812,148.2055466061222,144.25826145844573,148.2055466061222,5375470
2022-09-16,138.94461059570312,145.38172856574667,138.3676869503003,145.38172856574667,11474275
2022-09-19,141.85951232910156,143.59024135654926,139.97695984507078,140.34131946155605,5301673
2022-09-20,141.9202423095703,143.74206823421324,141.3433326200239,142.25424558234533,2775472
2022-09-21,141.00933837890625,144.1671636974795,140.40205839865268,142.64898459599007,4102788
2022-09-22,139.9769744873047,141.43442700513043,138.61060493341373,140.88788752323197,4205958
2022-09-23,137.76040649414062,141.07005504949075,137.3049500158919,140.67532517504662,4047730
2022-09-26,133.53985595703125,140.8878868167002,132.96293232433126,137.48714112644456,6163803
2022-09-27,134.75439453125,135.99931079139984,133.11474838618855,134.66329767341307,4879449
2022-09-28,132.99330139160156,134.81512743806186,132.2645681931315,133.6005813735649,3985905
2022-09-29,131.4447479248047,134.11676030275066,130.16946139247295,133.66130380536703,6215614
2022-09-30,131.35365295410156,132.23420960806578,129.7443770133897,132.11275639360784,5702887
2022-10-03,131.20184326171875,134.66330156878624,130.5945632905737,132.0216594082496,4434508
2022-10-04,132.8414764404297,134.48112264385227,132.50747314904459,133.53985327670287,3795037
2022-10-06,134.57223510742188,135.48314822611033,132.052031952801,133.50949850247497,6451819
2022-10-07,132.72000122070312,133.600557733712,130.9589020941126,133.600557733712,5737368
2022-10-10,130.50347900390625,131.3536654856517,129.71401913518326,130.56420561692872,3370389
2022-10-11,127.64927673339844,131.11074900873604,127.52782351663988,130.56419563389284,5545425
2022-10-12,127.86183166503906,130.95893050821203,126.55618868618843,127.61892522230319,10589019
2022-10-13,125.91854095458984,129.13709272851452,124.85580451443391,128.77273309731024,6399058
2022-10-14,124.4610824584961,128.07437824261552,124.21817602241643,127.95291112514585,2677647
2022-10-17,122.82144165039062,124.88618814671307,121.97125518706504,124.79509127943763,6140814
2022-10-18,122.60889434814453,123.88416697785073,121.81943456806768,123.51980734062873,3915964
2022-10-19,122.94288635253906,123.94489622539682,122.33562027756119,123.2465332894575,2959792
2022-10-20,124.8558120727539,125.0683621535379,121.48543663208261,122.42670601938919,3070246
2022-10-21,125.22017669677734,126.19183027623802,124.03600082695598,125.64527687522019,2746161
2022-10-24,125.94891357421875,127.07237676467459,125.52382728291238,127.07237676467459,461056
2022-10-25,127.4063720703125,127.83145833487441,124.33962965653978,125.70599921320506,4127676
2022-10-27,127.89218139648438,128.4083645102775,126.34363205510508,127.5278217512526,3068619
2022-10-28,128.681640625,129.1067407753205,127.04199442984705,128.0743745522985,2434869
2022-10-31,129.86582946777344,130.23018910901473,128.28690989020237,129.34964635963357,2192442
2022-11-01,128.8031005859375,130.10874355977634,127.6492810879409,129.83548076246254,2448070
2022-11-02,130.3820037841797,130.74637730028044,128.5601779019612,128.80308431307608,2408175
2022-11-03,128.16546630859375,132.7504019189843,127.86183325140678,130.3516660186312,5486374
2022-11-04,123.64126586914062,127.16346477811125,122.06234624109935,125.34163871481125,11812473
2022-11-07,127.46709442138672,127.71000085016475,124.03599246689417,124.7950820065402,6315400
2022-11-09,124.18781280517578,128.71202188038384,124.03600322373876,128.71202188038384,4372315
2022-11-10,124.97727966308594,125.37200961589512,124.09673678339247,124.43074012034111,2417076
2022-11-11,126.1310806274414,126.28290409437587,124.85580798336593,125.6148975191795,2413882
2022-11-14,126.37400817871094,127.74037776094276,125.82745478604615,126.16145809273796,3239206
2022-11-15,127.64927673339844,127.83145655853626,125.70599746640217,126.89018717894263,2248626
2022-11-16,126.89019012451172,127.83145952595555,126.31328038180163,127.83145952595555,5421211
2022-11-17,127.58855438232422,128.01365455459336,125.94890810251351,127.01164463375622,2779476
2022-11-18,126.98126983642578,128.62091605758258,125.73636741792956,128.13510319171667,2705637
2022-11-21,130.7463836669922,131.38401997693276,127.22418493659872,127.61891482359604,6876124
2022-11-22,128.9853057861328,130.7160351870247,127.83147228610682,130.23020836078774,4476531
2022-11-23,130.23019409179688,130.9285709467076,128.80309792652176,129.56220139062953,3439513
2022-11-24,134.51148986816406,134.7240260401805,130.9892911103329,131.29292414137726,6908919
2022-11-25,137.2745819091797,138.70167797002867,133.11474693613962,134.78474941600234,6084678
2022-11-28,144.8351593017578,145.44243923595627,138.45876864067412,138.45876864067412,16911787
2022-11-29,144.8351593017578,145.56389244291023,143.07406000206802,145.13879231914274,4872988
2022-11-30,145.1995086669922,146.65697484635433,142.61859345294215,144.83514907186546,6961306
2022-12-01,143.5902557373047,145.7460850993228,142.7400693142633,145.19953172042844,3620271
2022-12-02,143.13478088378906,144.92625036331833,142.2542382188578,143.59023734137406,6310473
2022-12-05,139.7340545654297,143.4080769742878,139.3089683004716,143.01334706425462,3903663
2022-12-06,136.06004333496094,140.70569139938723,135.60458682475664,140.28060514293034,6235984
2022-12-07,141.22189331054688,141.79880305687215,137.09241432187054,138.15515084898192,10704454
2022-12-08,142.8311767578125,144.22790276378456,140.4324407827842,142.43644682146586,6315195
2022-12-09,145.74607849121094,148.69136753390194,142.7704330951965,145.74607849121094,10454263
2022-12-12,152.97264099121094,153.64064749276687,144.53151846946898,145.71569412295545,15173061
2022-12-13,149.42010498046875,153.5192135552908,148.7824547492861,152.88156332410816,6903222
2022-12-14,147.38572692871094,150.42209897766142,147.1124502474366,150.17919254960844,7269261
2022-12-15,149.72373962402344,151.1508357720705,147.4160868041047,147.68936349190727,6735624
2022-12-16,147.68936157226562,151.24193066866394,146.38371865811695,149.93628775451523,5686497
2022-12-19,147.8715362548828,148.9342727013895,145.41207398098422,148.72172263220233,5578116
2022-12-20,146.56590270996094,148.02336913506275,145.38172687642438,147.32500617694018,2778513
2022-12-21,140.8878936767578,147.17318833940547,140.3413402715578,146.17117839634898,6025281
2022-12-22,139.7340545654297,142.40606707202744,137.09241231318677,142.40606707202744,4272900
2022-12-23,138.1551513671875,139.43042408496044,136.36368161189245,139.43042408496044,4616977
2022-12-26,140.21986389160156,141.34332687262938,136.33330578358206,137.5478517174811,2985336
2022-12-27,140.3717041015625,141.46479696249514,138.67133125147623,140.85751697334152,3946639
2022-12-28,140.250244140625,141.37370731308482,138.701694683668,140.52352084465988,3091666
2022-12-29,141.61660766601562,141.88988435828836,138.76241532323368,140.21988174906826,3053521
2022-12-30,142.80079650878906,143.5598999714147,141.43442695537874,142.0417069455933,3626511
2023-01-02,143.98497009277344,144.8655266748366,142.10241762353465,143.28660721694976,2686105
2023-01-03,144.34933471679688,144.98698491191146,142.67933224725243,143.3169685429382,2534371
2023-01-04,146.35336303710938,148.175189075333,144.07608048932983,145.13880307867387,7819117
2023-01-05,149.35935974121094,151.12045911085673,146.62662077790844,147.9929902595597,8444502
2023-01-06,151.75811767578125,152.42611037733423,148.41809857029682,149.26828499897596,5949651
2023-01-09,148.87356567382812,152.2439413738398,148.56993260608004,151.75812846544287,4839738
2023-01-10,151.33302307128906,151.81884986242363,147.56791756286032,149.63265015146374,6141445
2023-01-11,155.73574829101562,158.49885746502446,150.573917371659,151.78846337043194,17905368
2023-01-12,151.6366424560547,156.5859372908972,150.54354964885033,156.4948543316305,7784146
2023-01-13,152.5475616455078,153.57994178811433,149.51118952443312,150.90792931777392,6520690
2023-01-16,150.2399139404297,152.9119262545309,149.78445745392867,152.9119262545309,3636102
2023-01-17,147.7804718017578,151.63666038593163,146.99101193114342,150.99902399795258,6607452
2023-01-18,147.75009155273438,148.93428127856615,146.7480955535151,147.05172859881944,2664922
2023-01-19,149.2986297607422,150.9079195290049,147.05171759476931,147.78045074839767,4791037
2023-01-20,149.32899475097656,150.6042673003192,147.71971893884694,149.08608834146906,9128767
2023-01-23,152.06173706054688,152.5475498907576,148.50918209163055,150.5739144188835,4969476
2023-01-24,151.33302307128906,153.4584822713555,150.4524802553601,152.1224829197387,4747996
2023-01-25,150.6346435546875,151.75810659257718,149.48082416411373,150.7560967642817,3690420
2023-01-27,142.28460693359375,151.7581104142256,138.61059860284738,151.05973359232877,9358624
2023-01-30,142.3149871826172,143.8331663468414,140.2806109792177,143.07407676472928,6202143
2023-01-31,144.47079467773438,145.92824701013768,142.7704220404071,143.80278816319264,7010272
2023-02-01,142.98297119140625,146.1104400944235,139.734049074602,143.9242544473993,7549489
2023-02-02,139.82513427734375,143.3169625306059,137.54785196012315,143.3169625306059,6896490
2023-02-03,138.21588134765625,141.1611567723132,134.87586209664687,140.82716735669973,7097305
2023-02-06,141.00933837890625,141.4040682811566,136.97095639399387,139.00533251332806,4750209
2023-02-07,140.6753387451172,141.4647985701597,139.33932553368217,141.4647985701597,1990761
2023-02-08,140.79678344726562,141.64696983054057,138.42840411540774,140.67533023528765,5676672
2023-02-09,140.91824340820312,141.9202533041541,139.27859716911507,139.30896742327866,3127240
2023-02-10,141.3737030029297,143.28662597342284,139.73405672813988,142.70971622662145,8468109
2023-02-13,140.40206909179688,142.58826884755476,139.70370609594661,141.49516201996047,4487080
2023-02-14,141.9506072998047,142.37570745445117,138.36768183668667,140.28060473373674,4850151
2023-02-15,142.7400665283203,143.0133432124338,140.76643093074082,141.92025037540938,1779787
2023-02-16,140.5235137939453,142.83116663515034,139.67332736817818,142.46679308157593,4559559
2023-02-17,142.13279724121094,143.7420731565732,140.15914778878508,140.70568724523662,4276801
2023-02-20,140.5235137939453,142.95261985319854,139.4911475411059,142.95261985319854,4974309
2023-02-21,138.00332641601562,142.37571181502292,136.9405898962803,140.9486156367995,3905512
2023-02-22,135.96893310546875,136.8798460363217,133.81310398252634,135.3920234358523,8681488
2023-02-23,134.8758544921875,136.78877740706642,134.35967137061266,136.09040056069952,9838302
2023-02-24,131.7787628173828,136.06005149002615,131.53584247113213,135.05804154774708,6737139
2023-02-27,130.1391143798828,132.26457355375382,128.52983834680091,132.26457355375382,9315732
2023-02-28,130.71603393554688,131.4447672182097,129.07638752441335,130.13912414077294,8388481
2023-03-01,130.68565368652344,131.86984344288348,130.1998408015123,131.32330394724593,4679160
2023-03-02,132.41639709472656,133.1754866787436,129.9872909666697,131.0803838594947,4907434
2023-03-03,132.9325714111328,133.69166094475824,131.62692851766232,133.38802791119392,3269901
2023-03-06,133.84347534179688,135.14911814679482,133.0236592570107,133.53984232880725,4621503
2023-03-08,135.87786865234375,136.3333251797824,133.41839228463087,133.72203923587674,5055750
2023-03-09,137.76040649414062,138.15513636858475,135.75640076973204,135.96893693333374,6104592
2023-03-10,139.49114990234375,140.43243320729553,135.938594566294,137.21386727681696,4435129
2023-03-13,138.610595703125,140.46277800647496,137.79076568572623,139.0660521907591,5203860
2023-03-14,138.88385009765625,139.79476301797143,136.63693804727856,138.51949048930143,5196925
2023-03-15,139.88587951660156,142.07206527263432,139.43042299247557,140.2806094308061,6112384
2023-03-16,148.47882080078125,149.93628717822943,141.49514974960542,141.49514974960542,25118346
2023-03-17,147.29464721679688,149.6630268643329,145.74609770852993,149.3897501512432,14024505
2023-03-20,150.3613739013672,151.1508337000057,146.2319089847098,150.27027704020523,8810155
2023-03-21,148.63064575195312,150.4221015384862,147.02135589013164,150.4221015384862,5039412
2023-03-22,149.05572509765625,149.5415518389382,147.84117909359483,148.66099521393622,2836470
2023-03-23,147.38572692871094,149.11645607773255,146.96062678018882,148.47881975437875,3179514
2023-03-24,145.04771423339844,147.38572329432898,144.83516416437865,146.96062315628942,1483273
2023-03-27,143.49917602539062,147.20355484564234,142.74007254867757,145.65499153682856,2168923
2023-03-28,142.25425720214844,143.0740733754316,139.85552139202233,142.6489871113592,2860261
2023-03-29,142.13279724121094,143.49916673148363,140.61460428554264,141.92024716954293,6468888
2023-03-31,143.8028106689453,145.07808339681233,142.49716768592418,142.86152735119182,2138277
2023-04-03,136.94058227539062,141.28261107760036,133.66130383320302,139.6733212602616,12769617
2023-04-05,137.03167724609375,137.54786034282674,135.14912467575652,137.54786034282674,4276867
2023-04-06,138.39804077148438,139.36968031765866,136.84949154784053,137.73003423991815,2259390
2023-04-10,139.24822998046875,140.28059615083242,137.91221688981312,138.42839997499496,2927700
2023-04-11,140.46278381347656,140.7360604972406,139.2482377627169,139.43041758541642,1825852
2023-04-12,139.6125946044922,141.07006095567934,138.18549850619314,140.28060117373875,4430575
2023-04-13,136.636962890625,139.00534247383476,135.5742263238877,137.91223565116525,8359146
2023-04-17,137.790771484375,138.06404816834157,134.84549626664295,136.97095533190486,2938273
2023-04-18,138.82315063476562,138.97497411764078,137.82115456619582,138.42842069883486,1956853
2023-04-19,144.68333435058594,145.13879082167847,138.45876721213077,138.9142236832233,5825329
2023-04-20,145.56390380859375,147.8715427197577,144.4404407074062,145.65498677120672,5250109
2023-04-21,146.8391876220703,147.20356119845815,144.83518159994463,146.53555455793935,2342361
2023-04-24,148.05374145507812,148.29664789617405,145.53353848070245,146.5962750096423,1495483
2023-04-25,149.99700927734375,150.60427533350386,146.96062339882693,147.8411800294027,2885665
2023-04-26,150.14881896972656,150.96864899538554,148.96464320948985,148.96464320948985,2271381
2023-04-27,152.18319702148438,153.94429640800735,151.0597339526235,151.39373723792966,4603572
2023-04-28,152.5779266357422,152.91192992044085,150.1791909359201,152.72975010135866,2437161
2023-05-02,153.549560546875,156.46447924246016,152.2439177093584,152.6082912334495,3955167
2023-05-03,155.82684326171875,157.89157560446546,154.12647054436425,155.28028992420167,6784113
2023-05-04,156.79849243164062,161.50488099471394,155.6750293354008,157.31467554893982,10417746
2023-05-05,154.2479248046875,158.16485335179377,154.0353886381404,157.58794365794094,3263119
2023-05-08,154.2175750732422,154.91593800637074,152.09210212108565,154.67303157735722,5558658
2023-05-09,155.12847900390625,155.70538868876935,153.67101271625205,154.5211990674789,3145602
2023-05-10,155.4928436279297,157.5879462715412,154.15684440412804,156.28230340085165,7782618
2023-05-11,156.91995239257812,157.37540892150352,155.6446796713591,156.70741620532843,1895304
2023-05-12,158.3470458984375,158.65069284551336,154.8855874569843,156.67704328724008,4794613
2023-05-15,157.64866638183594,163.35705047462662,156.95030349588205,160.0170456030211,6639102
2023-05-16,158.58995056152344,161.53522558116322,157.3753906921226,159.22758684827312,6203130
2023-05-17,156.79849243164062,160.44214450642525,156.28230931434143,158.5899621147722,2786406
2023-05-18,154.49085998535156,157.6486854290334,153.76212676006185,157.22359915561535,2160511
2023-05-19,155.67503356933594,156.06976348146847,152.85121147423538,154.55158434197097,3027514
2023-05-22,155.1588592529297,155.64468605678223,153.18522347957014,155.5232328306768,1903704
2023-05-23,159.95632934570312,161.17087538671285,155.0070344219016,155.4017643176299,6071472
2023-05-24,156.79849243164062,160.86724466151256,156.6163126077873,159.95633164281642,2200050
2023-05-25,156.73776245117188,157.49685198394218,154.70338638000948,156.67703584452744,3132070
2023-05-26,157.01104736328125,159.04542354111126,156.40376736556615,157.86123380031034,1595074
2023-05-29,156.494873046875,157.9219693073919,155.58395994869696,157.89159905105157,1161715
2023-05-30,156.00904846191406,157.49687135685687,155.18923222165773,156.49487527425813,1894573
2023-05-31,158.43814086914062,160.44214675851603,155.5839485570863,156.88959149550644,15045517
2023-06-01,158.0434112548828,162.3550699850657,157.6486813472141,159.71341384921666,3952573
2023-06-02,157.01104736328125,158.43814354339617,156.25195779070992,158.43814354339617,3811750
2023-06-05,155.76614379882812,157.19324009608727,153.8228643259404,156.76815379239423,4093459
2023-06-06,159.31869506835938,159.8652484862042,155.82686616381758,156.03941625958288,4288522
2023-06-07,168.00271606445312,169.065452494058,159.62231953509624,159.8955962055008,20442456
2023-06-08,161.4745330810547,165.48255925748668,160.9279935338809,165.48255925748668,11899332
2023-06-09,159.22760009765625,163.23561186167262,158.83287019216965,162.7497989930305,3135649
2023-06-12,166.0594482421875,166.9703612726993,159.68305702860488,159.7134133832594,7368526
2023-06-13,166.60597229003906,168.33671522737052,165.7254295951661,167.30434907499733,3645700
2023-06-14,167.5472869873047,169.73347290929533,166.0898204396902,166.0898204396902,6189216
2023-06-15,166.39344787597656,168.67073040211022,165.78616790253108,167.75981739165675,2832462
2023-06-16,166.02906799316406,167.00070757392203,164.5716155717416,166.39344152309138,5489853
2023-06-19,165.6343536376953,166.63636356464207,164.60198735507578,166.05945381255646,1322178
2023-06-20,165.75579833984375,166.08980163165913,163.17488276594705,165.78616859338584,3240381
2023-06-21,166.39344787597656,167.18290767162682,164.29834517204768,166.51490109077974,4206816
2023-06-22,167.00071716308594,167.60799714821547,164.32870468771762,165.66471787511665,4437796
2023-06-23,163.6303253173828,166.84889084629296,160.92795675865617,165.78615445383076,9021867
2023-06-26,164.66270446777344,165.60398772964922,161.80851222765375,163.5999818907811,2874286
2023-06-27,162.1425018310547,166.7881633421652,161.4441389566486,165.17887363669573,4469017
2023-06-28,163.4178009033203,167.00072660933307,161.6567013563164,163.8125308310676,3750532
2023-06-30,166.30233764648438,167.00070052517765,162.84086570513534,163.81250524488246,4707262
2023-07-03,172.16256713867188,178.20495520791818,165.54326932204188,167.60800187045305,23464449
2023-07-04,169.4905548095703,173.6807604215809,168.00273200659805,173.6807604215809,5445697
2023-07-05,176.59567260742188,177.47621537340632,167.91162866646653,169.9460047836635,11353588
2023-07-06,183.36680603027344,186.43354859031825,176.14022799260115,176.14022799260115,21507127
2023-07-07,185.79588317871094,187.04079947489507,181.8789683680699,183.36679109294477,8855568
2023-07-10,180.96804809570312,187.04079196574472,178.75149227431498,187.04079196574472,6227746
2023-07-11,179.23731994628906,182.03078569356484,178.5693272389229,180.84660985351894,8844828
2023-07-12,176.9600372314453,180.78586924191328,176.50458070878412,179.20696348960317,5229450
2023-07-13,174.1665496826172,178.356754726319,173.07345694495575,177.93165461202227,6452353
2023-07-14,174.53094482421875,176.413497522224,172.16256534958472,174.28802448618936,3793560
2023-07-17,178.7515106201172,179.14624054111937,175.2293115862962,176.29204812736833,5026647
2023-07-18,176.352783203125,180.96807535531678,175.80622977875544,179.60170569382387,4502047
2023-07-19,180.90731811523438,181.27167773684351,175.381113790924,176.41347995157852,5510272
2023-07-20,182.42550659179688,185.583345741015,180.9680541301364,180.9680541301364,6611902
2023-07-21,183.12388610839844,185.09752170621917,181.21096321879975,182.1826028406546,2548011
2023-07-24,182.759521484375,184.91535090981577,182.03078825755372,183.12389504750075,3929002
2023-07-25,182.3647918701172,184.4902649435136,180.8466127027543,182.09151517217418,4224957
2023-07-26,183.21498107910156,188.19464662950384,181.69678798944202,182.48624784008777,6802075
2023-07-27,176.53494262695312,185.61370239687767,175.74548283836327,184.3080595002759,7411893
2023-07-28,169.6727294921875,177.5976700488909,168.5189100309228,177.5976700488909,11168121
2023-07-31,171.4945526123047,173.37710524300022,167.79017395839224,170.03710013338886,9361326
2023-08-01,173.1038360595703,174.2576554584375,170.09782045250617,170.9480068252054,4767051
2023-08-02,167.79017639160156,173.80220791517266,166.3934504999097,173.80220791517266,14082816
2023-08-03,164.17689514160156,168.8832698539425,163.05343203373718,167.9116302172416,13926198
2023-08-04,161.96035766601562,166.33274347994814,161.6567106890304,166.33274347994814,4999947
2023-08-07,162.6283416748047,163.35706095939142,159.7134089387401,163.17488113824476,5979615
2023-08-08,160.9583282470703,164.11616747047552,159.4097788891757,163.41779062718882,5992815
2023-08-09,161.7781524658203,162.4461451317519,159.80450302244955,161.47450553642224,3792138
2023-08-10,160.86724853515625,163.78216748528854,160.3510654054275,162.0817946228539,3616729
2023-08-11,161.92996215820312,163.72143178499883,161.0190491681522,161.83887919885555,3500497
2023-08-14,159.95632934570312,161.89960857109045,159.16686955424652,161.83888196401142,1766820
2023-08-16,158.89358520507812,161.8692305066448,158.34703186831214,159.40976829005544,5202744
2023-08-17,158.95433044433594,160.3207000470093,158.0130471205379,159.7134200348999,2863150
2023-08-18,158.58995056152344,160.22958275618592,157.6790376091871,159.50086351385974,3741703
2023-08-21,158.19525146484375,159.2579741830302,157.49687453927314,158.52925479893594,3168927
2023-08-22,158.01303100585938,159.50086757876454,157.4057649551113,159.07576744381194,2347453
2023-08-23,157.89158630371094,158.71141636554088,157.34504682858733,158.19523324487596,1840953
2023-08-24,160.83688354492188,161.86924983816868,158.0130474667706,158.49887425740872,4411828
2023-08-25,158.80250549316406,162.71943443104124,158.25596599682345,160.92797856611273,3785394
2023-08-28,160.5332489013672,161.44416196280952,158.58996955688093,159.1061526984029,4166005
2023-08-29,160.25997924804688,161.96035222407798,159.83487905432366,161.17089234953278,4076848
2023-08-30,156.494873046875,159.10615911490953,156.0697728546955,158.25597262998127,14803555
2023-08-31,150.6649932861328,156.8288476478737,149.8755474584641,156.79847739709535,13543468
2023-09-01,151.9706573486328,152.36538726742197,149.51119486967292,151.51520081921691,8588032
2023-09-04,153.6710205078125,154.06575040158992,150.90792515079988,152.72975115302512,7089276
2023-09-05,154.64266967773438,157.10213215292868,153.33702670211244,154.156856793464,4983171
2023-09-06,154.6730194091797,154.85519921660767,151.66700393861868,152.94227649004293,4225831
2023-09-07,154.3390350341797,156.52522078972217,153.03339207201594,155.5535811317666,6149200
2023-09-08,158.13450622558594,159.8956056619337,154.24793380432519,154.70339031545944,8627001
2023-09-11,161.4137725830078,163.14451553434387,158.13449429001025,159.4097668651601,8315091
2023-09-12,152.91192626953125,163.29632860300148,152.4260995308157,163.29632860300148,11343910
2023-09-13,154.6730194091797,155.3713822873678,151.54555073366672,153.1851967993753,6439729
2023-09-14,156.98068237304688,157.4665091673973,154.64267306766848,155.03740299450618,4605396
2023-09-15,153.18519592285156,156.55557098898328,152.42609254710266,156.46447413607638,16292865
2023-09-18,156.1304931640625,158.65069616018266,152.54756752926338,152.76011761677125,7400761
2023-09-20,156.5555877685547,157.46650079754207,153.2459389498245,153.9443018988669,7330284
2023-09-21,159.9866943359375,161.53524374919039,155.79650262357265,156.67704542346658,12707769
2023-09-22,158.46849060058594,161.68705633037013,158.19522782210615,159.7134068781709,6728026
2023-09-25,158.10414123535156,159.01505428794601,155.61430851841197,157.92196140471867,5094865
2023-09-26,157.89158630371094,160.16886886530017,157.43612979139309,157.89158630371094,4370337
2023-09-27,155.64466857910156,157.77012759613584,153.5799361683009,157.67904463650007,6081648
2023-09-28,151.6366424560547,156.0393978370096,151.27228282012962,154.24792821180512,5850073
2023-09-29,154.82484436035156,156.52521719760927,152.00102231586587,152.85120873449472,4398093
2023-10-03,154.49085998535156,157.34505237659192,154.03540345697425,155.76613270503591,5772862
2023-10-04,151.78846740722656,154.94630654721897,150.02736801748372,154.855209687631,7628286
2023-10-05,153.97467041015625,158.92395150550203,153.21556696163873,155.46249315407192,8985072
2023-10-06,156.52520751953125,157.466490742446,153.64065904488524,154.27829534457388,5602408
2023-10-09,152.8511962890625,153.64065603489783,151.21155019382206,153.0941027033415,7985133
2023-10-10,152.88157653808594,154.5819495026818,152.48684660346797,152.88157653808594,1638906
2023-10-11,154.30865478515625,155.18921142093265,153.39774179610708,154.03539200798483,3530580
2023-10-12,156.91995239257812,158.98469884995535,155.12849653187237,155.15885288743794,4740789
2023-10-13,155.73574829101562,157.80049455818718,155.3410323084433,156.70740176934868,2186107
2023-10-16,155.88758850097656,156.98068140725184,152.51721291519846,154.24794219184844,3632274
2023-10-17,158.92396545410156,161.83889848925344,155.40178018558288,156.16086980129532,8071116
2023-10-18,156.03939819335938,159.71340651199623,155.49284483879447,159.53122669361767,6627409
2023-10-19,158.9846954345703,159.71341474565207,154.39975998881644,155.46249649995553,2734614
2023-10-20,153.45848083496094,157.8915929274187,152.27430497280093,157.8915929274187,6209217
2023-10-23,151.33302307128906,154.73376891093972,150.4828366113764,153.94430906249008,7104466
2023-10-25,149.42010498046875,153.54956990948259,148.20554502534623,152.85120696991635,5532331
2023-10-26,147.05174255371094,148.81284218246043,145.26027266783402,148.782471925333,4802959
2023-10-27,147.90191650390625,149.4808361541355,146.65700015656626,147.26428015267675,2395591
2023-10-30,149.35935974121094,150.45246644607525,146.71771763645685,148.78245003554875,4989558
2023-10-31,150.42208862304688,151.4240984189341,148.90389575336485,150.20953856341714,3108583
2023-11-01,153.00302124023438,154.6123111452973,151.45447184428025,151.51519845395904,4750212
2023-11-02,154.97666931152344,156.9806752104924,153.2762964580256,154.0657562756803,4700620
2023-11-03,156.4037628173828,157.83085895599814,154.85521346264233,155.46249344269785,3553620
2023-11-06,159.1668701171875,160.92796952756643,156.95031420239042,157.77013035057135,7518147
2023-11-07,169.21725463867188,170.18889416907652,157.92193988543238,160.98868193120046,30501136
2023-11-08,181.8789825439453,183.64008208807425,171.28202892293396,171.5856619824629,37025106
2023-11-09,181.5449676513672,185.09752286931123,180.42150455360914,182.27370084719485,9674457
2023-11-10,181.90931701660156,183.85259616267257,179.60167824292805,180.96804769558068,4987359
2023-11-13,184.15625,185.06716300263903,179.2980380529723,181.6360471664505,7103496
2023-11-15,190.44154357910156,191.10955015218588,183.24533643991631,185.12788904634817,13297720
2023-11-16,194.4799346923828,198.45759016698318,190.28972913455482,191.29173904168803,14447925
2023-11-17,188.25537109375,203.2550663866298,187.31408777504618,196.14994171129504,27496918
2023-11-20,186.55499267578125,189.95573838560648,185.5226264208907,189.19663492215236,7316140
2023-11-21,185.18862915039062,188.07317792725803,182.36479308521484,188.07317792725803,8143939
2023-11-22,185.5226287841797,190.89701020881574,183.57934946793353,186.43354183238444,14970243
2023-11-23,198.39686584472656,200.24904830726425,185.70480970519563,186.43354292792773,24344445
2023-11-24,194.44956970214844,197.9717687505763,191.01846752026438,197.88068578346287,15421744
2023-11-28,208.14361572265625,209.50998519129513,197.42521004184786,199.82394570020114,39726289
2023-11-29,207.96145629882812,213.1536580089025,204.68216369276516,207.6881795984178,23548495
2023-11-30,210.96746826171875,212.42492080428485,204.37852681681568,207.68817571694234,18231517
2023-12-01,209.843994140625,216.40256498743156,208.9330811369177,211.3925434670415,11196495
2023-12-04,228.63916015625,230.43061588090137,215.5827452851185,215.5827452851185,44928232
2023-12-05,231.6451873779297,237.74830192720964,227.21207542488023,231.37191068778256,29843163
2023-12-06,233.34552001953125,236.77662168833226,227.51568281770506,235.0155363268994,10174219
2023-12-07,232.64718627929688,240.4810440309874,232.0702765370253,236.98920142334168,20068596
2023-12-08,229.24644470214844,234.89410256502214,226.57443228862277,233.1937297655577,8463868
2023-12-11,219.1352996826172,232.1917145121284,217.526023780944,230.76461842772272,23689200
2023-12-12,216.85801696777344,224.600777337848,216.1900104058016,219.22639628780317,12651369
2023-12-13,227.72825622558594,229.39825880476366,220.22840194737537,220.74458506819138,21529429
2023-12-14,228.15333557128906,230.76462135014668,224.35787401548168,229.48934871369497,9775294
2023-12-15,233.13299560546875,238.50739051170007,222.59676976033938,223.47731248541177,18928414
2023-12-18,230.33953857421875,234.8637472753342,229.45898191719974,234.40829076982214,6407295
2023-12-19,231.12901306152344,233.8010117575658,228.42663021068572,231.91847290784835,7063870
2023-12-20,221.56442260742188,233.64919877243807,220.50168607602828,233.64919877243807,11112139
2023-12-21,228.15333557128906,229.55007532021983,217.82965956833763,218.80129917216496,8472187
2023-12-22,224.2667694091797,228.09260108580926,221.04821767625106,228.09260108580926,12698515
2023-12-26,233.2848358154297,238.0519511124869,222.74860921391658,225.23842800459676,21655452
2023-12-27,231.88809204101562,235.2888238164619,228.94280287975943,233.19373497335445,19716265
2023-12-28,253.62855529785156,265.01496893385,232.19174130550817,234.22611758165476,57375486
2023-12-29,242.24212646484375,249.10435837146983,241.2097602132026,242.91013306276326,29294128
2024-01-01,242.667236328125,246.85744201058606,241.75632325797523,246.5537950542492,8701509
2024-01-02,248.1934356689453,249.5901615198963,238.71994604693992,243.69958338486492,12324552
2024-01-03,256.1487731933594,257.21149587024235,246.25018238371698,248.4060118931196,19759921
2024-01-04,252.2621612548828,253.93217769287375,250.22781297442316,253.23381476394812,11684829
2024-01-05,255.0556640625,259.3065825305879,252.74802499115467,252.9301909290254,14570676
2024-01-08,260.7640075683594,265.9865788039,256.39163657057776,257.48471542059474,21847068
2024-01-09,266.8064270019531,268.02098700255976,261.7356925122263,265.9866108160592,11090032
2024-01-10,261.553466796875,265.0756653489266,258.48672471449515,264.1647524095832,8980549
2024-01-11,270.5411682128906,271.72534402491846,263.22350766415695,264.16477704288985,13717158
2024-01-12,273.7597351074219,275.2172015856703,266.3206209356531,271.36099919902045,11439837
2024-01-15,273.0310363769531,275.46012882481523,270.3286533069313,274.792122146909,6912682
2024-01-16,274.9742736816406,278.9822853349151,272.0897251052042,272.909541248101,11116167
2024-01-17,272.72735595703125,278.5875779499504,270.87517354012004,273.8811754232664,12987159
2024-01-18,276.0673828125,280.561207360187,266.83677168968,272.6666371985893,9661435
2024-01-19,282.8385009765625,284.5388738501835,275.0957400802637,278.4964858275057,5983177
2024-01-23,267.47442626953125,289.6703421831539,265.37933742988866,289.5488889663134,13018228
2024-01-24,274.8224792480469,277.3730246772592,267.80843761942265,270.237529828142,9089022
2024-01-25,261.4927673339844,277.798104214059,252.93016303151487,276.917547581746,26530120
2024-01-29,274.670654296875,278.52685676938125,261.2195079771365,262.9502372965887,20708088
2024-01-30,286.4517822265625,294.71071193615023,276.1584486443654,277.06936164462047,25892997
2024-01-31,281.3203125,290.0043425100516,279.40738960577335,288.0914196158249,9025434
2024-02-01,282.86883544921875,285.63195852938713,276.917544751363,284.17449220776626,7832593
2024-02-02,296.8665466308594,304.12349441144096,285.99633093594565,287.24124724556134,28635609
2024-02-05,308.7388000488281,314.17392228590114,297.56493640758924,301.81588273550483,27456336
2024-02-06,325.3781433105469,328.5359547414267,306.7651390263806,312.7468141904496,28853269
2024-02-07,327.12750244140625,332.8440886626677,322.47298795131275,327.37740503691856,17541222
2024-02-08,328.0958557128906,336.3739857704291,324.9407856496065,327.2524273711153,19069318
2024-02-09,318.7555847167969,328.9080409034982,305.6979897519287,328.62687906722965,14684275
2024-02-12,313.570068359375,318.755618652557,304.19857814301304,316.81885926091877,14235303
2024-02-13,313.4138488769531,317.2249348030074,307.63477294104086,314.2573058520553,7641726
2024-02-14,339.4353942871094,342.99654920516963,307.1037523538352,309.2591837095792,21203626
2024-02-15,359.2404479980469,362.1768461971253,335.84295442279677,342.8715716971096,26550160
2024-02-16,353.43011474609375,371.61079913507206,349.1504830147764,361.1147477783145,22269525
2024-02-19,346.5577087402344,355.86673793000267,345.2144751092348,354.2423424230826,15202254
2024-02-20,351.80572509765625,354.55471072117666,336.6863899668463,346.557685034177,13374787
2024-02-21,339.40411376953125,355.4918570421248,332.37549639786914,352.36801756599147,9993580
2024-02-22,336.81134033203125,343.6525450993631,330.2512974206135,339.2479334190328,9478065
2024-02-23,329.6265563964844,337.0300280232658,326.19035281516204,334.87459669125354,8613265
2024-02-26,338.40447998046875,339.5603007925043,319.2553885045815,329.6265165426594,24162310
2024-02-27,331.03228759765625,342.0594043067885,326.4714936335978,338.4982493455941,12715461
2024-02-28,316.8813171386719,331.2509448462177,315.16320108465015,331.0322729302951,16233910
2024-02-29,318.25579833984375,321.754491667584,313.66377407200366,315.5380720261847,14603767
2024-03-01,323.0977478027344,328.62692143466586,321.9419268368216,322.37927068327923,10267491
2024-03-04,328.06463623046875,329.813954317771,322.0981190914167,323.00400880817597,12281475
2024-03-05,329.9076843261719,332.03188494929935,325.8467243229357,328.6269120975923,7153845
2024-03-06,323.12896728515625,331.0010418506458,315.0070187297278,328.93930258834746,11296345
2024-03-07,317.6935119628906,323.94116244865387,314.5072110731369,322.1918157367173,6370131
2024-03-11,319.7864685058594,326.1278393465512,310.7898327350167,316.13159326756863,13126309
2024-03-12,321.3171691894531,325.7842424636273,316.91255726482365,319.880214955695,9137031
2024-03-13,302.32427978515625,323.00401958800006,299.01302753869214,321.5046040345572,11735005
2024-03-14,312.4454650878906,315.5068146178694,300.2625283137415,303.01151391585614,11317566
2024-03-15,292.9215393066406,306.0416247181031,281.86316444298376,306.0416247181031,47569515
2024-03-18,288.11083984375,296.6389018274424,286.9862781554893,292.9527956166427,12216913
2024-03-19,278.3332214355469,286.1115458136368,276.802546815768,285.4555587477399,9912508
2024-03-20,283.42510986328125,284.98704408012827,278.5207210769625,280.5199705629677,10448274
2024-03-21,295.2019348144531,296.0765938674617,286.42397061333594,287.6735121457231,7801534
2024-03-22,295.7954406738281,302.16804200056674,294.0773247575191,296.26401514195646,7611103
2024-03-26,295.264404296875,298.5131662966903,289.5790207480455,292.9527626320035,9326937
2024-03-27,294.3272705078125,302.5116801703308,293.04649832484426,298.01337649325836,6988608
2024-03-28,297.16998291015625,299.4816249645389,293.7025198285822,296.7951289931127,7216713
2024-04-01,292.8902893066406,298.9505270531697,291.54705577081603,297.41985228001266,9094608
2024-04-02,301.26214599609375,302.8240513238177,292.07806945431804,293.82741600515556,7687869
2024-04-03,296.4826965332031,301.7619671365139,295.2331550450142,299.1691921431233,7073593
2024-04-04,288.3607482910156,299.88766913352896,287.3923400531263,296.76382971354906,10008145
2024-04-05,288.14208984375,289.204190148237,280.67612843903385,285.51805545656237,11510322
2024-04-08,289.20416259765625,294.6708455677791,284.6433692777413,290.5161653665051,9532318
2024-04-09,286.6738586425781,290.4536851217242,285.14318392790256,289.8601593588711,5474667
2024-04-10,304.5422058105469,305.5105855205255,287.0799973586974,287.0799973586974,21499953
2024-04-12,298.7943420410156,304.4796972548951,297.85719306294607,304.2610253467432,10106094
2024-04-15,292.0468444824219,298.1695432300693,286.33023026009096,294.88952195818445,15292357
2024-04-16,292.7341003417969,299.8564381973546,286.4551908350317,288.9542738086234,10663104
2024-04-18,298.2008361816406,308.63442692782104,296.17032752717193,299.41911849470665,19510576
2024-04-19,298.8880615234375,300.20009309290856,285.98664655313024,291.7032615645463,15891541
2024-04-22,307.4161071777344,313.00777058620173,303.69877039624754,304.26103692487163,16166055
2024-04-23,301.824462890625,309.8839212760079,300.887313906323,309.2591648196458,7308573
2024-04-24,304.51092529296875,306.3539925604304,299.4190959026205,303.26141239936504,6410241
2024-04-25,306.88507080078125,308.1345837506176,302.38673838281596,304.2610364070886,5505240
2024-04-26,306.8226013183594,310.8211002235687,303.29267695047173,306.13535485035146,5441872
2024-04-29,315.9129333496094,319.192954846803,307.44736168339057,308.8843158556231,13011373
2024-04-30,309.5090637207031,322.09811351316023,306.6038961840194,318.8805534522525,9751020
2024-05-02,333.3126525878906,335.34316116106527,315.19445759329716,316.75636306537785,32543125
2024-05-03,333.6875305175781,337.93593164738485,330.56369101650506,337.3736365332593,8668201
2024-05-06,321.0047607421875,336.1865858670082,320.2862836608983,336.1865858670082,6891571
2024-05-07,321.1609802246094,334.06239457184245,318.63066643371076,329.782734038987,19101259
2024-05-08,326.8775634765625,331.1259932978439,321.44211065457233,324.2847883603535,9974296
2024-05-09,313.00775146484375,329.876432681512,310.4774378425369,329.8139427379722,16768836
2024-05-10,313.3514099121094,321.37963828951837,306.197840646054,318.63068105431586,11140683
2024-05-13,312.4766845703125,317.3811012170243,296.9824962389666,316.6938548411074,17016712
2024-05-14,308.1970520019531,315.50680234223023,306.1665721517686,312.3829915880258,5985654
2024-05-15,316.5689392089844,318.5057272682969,310.16510640213136,310.5087296287913,5723607
2024-05-16,311.6957702636719,320.5049653456666,306.32277872725905,319.8802088645204,9257388
2024-05-17,316.7251281738281,319.6302957648134,310.2900365312491,312.4454677699866,7424826
2024-05-21,329.1579895019531,331.68827478513634,313.4451275278628,318.130872792483,15917613
2024-05-22,331.34466552734375,334.8745896575499,323.0665063922158,329.8764520628193,10313953
2024-05-23,334.5309753417969,340.31005153346496,330.9385611688578,333.00030048887896,9477853
2024-05-24,339.5290832519531,343.8399745241122,329.9389495994899,336.1241103383281,10199689
2024-05-27,348.0883483886719,352.368008648665,332.6878805060534,339.4041051802804,16476420
2024-05-28,341.6845397949219,349.5565858748814,338.0296643220319,347.99468036839886,9185272
2024-05-29,335.9366760253906,341.34089795445027,333.5938035937453,337.3736301569286,5454598
2024-05-30,333.9061584472656,339.02924698515886,331.3758734495375,336.49896198743073,6371389
2024-05-31,335.718017578125,340.31004200835014,332.6878986317778,339.24794170339027,11794999
2024-06-03,363.86370849609375,371.61080295314775,356.1791039844354,359.2404535199231,29299819
2024-06-04,309.1029968261719,365.1757278549179,292.452986265801,365.01954588364765,23688403
2024-06-05,315.66302490234375,319.8177053752096,288.64188639397753,319.255410266227,16559896
2024-06-06,322.0981140136719,334.62467388094257,317.41236914061597,318.9430438925131,14369308
2024-06-07,327.28369140625,329.09549956218353,315.75674089521544,320.5049761099535,12447922
2024-06-10,326.09661865234375,332.37549974114233,322.87905852565353,331.1259868177343,11322130
2024-06-11,327.40863037109375,332.6879012638575,322.5354440395341,328.40824073683825,10079643
2024-06-12,328.595703125,336.0304343964755,327.75227467474963,330.81362451611477,9350832
2024-06-13,330.0951232910156,332.56294710963346,327.6897608199608,331.87570068933206,7163401
2024-06-14,335.06201171875,339.7165262334525,331.1260029193428,333.62505748719747,11446402
2024-06-18,331.21966552734375,338.74811643605597,329.5328088487702,338.56067520531826,10276386
2024-06-19,322.0668640136719,333.43760332634395,320.66114051128505,333.0315187720961,9794068
2024-06-20,327.25244140625,328.3770030436749,321.12971364886573,324.87830963931754,6873147
2024-06-21,319.42724609375,330.39187236186365,314.88206767085927,328.283287087282,13108523
2024-06-24,316.70953369140625,323.17585643291983,314.22606582298545,319.8489601372615,8084076
2024-06-25,313.61688232421875,318.7712014165321,310.43058169614636,316.75633694580364,3115862
2024-06-26,312.4923400878906,316.2409360230903,311.46147048580724,314.55405069254005,2687005
2024-06-27,311.8363342285156,315.0695097647568,306.4477274011258,313.0077704953395,8129031
2024-06-28,311.2271728515625,318.1152233724826,310.66487776014765,313.2420373795757,4752345
2024-07-01,310.4774475097656,313.38261508521896,308.7905907753823,310.4774475097656,4841697
2024-07-02,307.666015625,312.1174735249629,303.87057348694435,310.0088882039278,4430500
2024-07-03,309.02490234375,309.727764138315,304.85457758952305,307.9471866453209,4393135
2024-07-04,309.02490234375,313.5232063891582,307.9471866453209,310.196338668025,3575516
2024-07-05,311.5552062988281,313.1952171004623,306.91630716296964,307.8534561924749,7702282
2024-07-08,307.2911682128906,315.06952249868397,305.6511573730541,311.64890558169515,9973397
2024-07-09,309.9620361328125,312.39862928716906,306.2602860906632,307.7597302317687,4313809
2024-07-10,314.0854797363281,315.9129317151167,302.69912517488535,311.13346612403075,6833051
2024-07-11,328.0489807128906,330.95414819732287,316.7563472292863,318.25579127926903,17148192
2024-07-12,320.6455383300781,331.6570395505583,319.75526390175077,331.6570395505583,8624668
2024-07-15,326.1747131347656,328.28329848253975,319.9426777156925,323.0821327311712,7249546
2024-07-16,335.686767578125,338.3107732158932,325.75298292168856,326.1746827923032,14079381
2024-07-18,335.17132568359375,342.0593763799146,332.4067533629732,336.2021952775188,10408667
2024-07-19,320.1769714355469,336.3427927612648,319.1929763598763,336.0616594823646,10763075
2024-07-22,324.9095458984375,332.50042936181575,316.5688975308474,320.36436786205223,13506968
2024-07-23,324.72210693359375,326.78384603647055,308.79057499168584,326.4558381883516,9389682
2024-07-24,331.6101989746094,333.9530716131194,322.47299568442037,325.19072222518804,8207636
2024-07-25,350.2594299316406,353.21144348741524,325.33126143934487,328.0021417420046,20611250
2024-07-26,352.8834533691406,355.6480544283516,346.9325799493614,355.5543338060952,9301896
2024-07-29,357.1006164550781,364.83209573636094,354.99203119654646,361.739515463655,14114983
2024-07-30,370.876708984375,376.4996028666397,346.8388433575969,351.5714342686961,35730279
2024-07-31,367.5967102050781,381.0448046220957,366.47211991951883,374.6721740031248,17127806
2024-08-01,366.80010986328125,368.7681284669985,360.56807478444136,367.7841334648987,8840248
2024-08-02,364.7852478027344,373.4538760421057,359.7246489288428,365.6755507914499,12474802
2024-08-05,364.3166809082031,367.97155636011166,353.3520259529592,362.67667012597974,14077705
2024-08-06,361.9269714355469,374.9064627867472,360.1463653762529,369.2367225228412,10419295
2024-08-07,371.8606872558594,378.13959658190805,363.80122926656406,369.23668166857937,17004585
2024-08-08,364.6915283203125,373.92245170768655,359.16235492975153,373.92245170768655,14723158
2024-08-09,363.2449035644531,372.06924633467304,360.7374324861499,366.764993043875,9753610
2024-08-12,366.1864013671875,369.8511467198628,357.31381971240984,361.65366367652814,10370149
2024-08-13,358.133544921875,364.1611054953836,350.9969190891305,363.5824537940371,14426819
2024-08-14,359.8212585449219,363.96820840845135,355.33675940611727,358.61574644140194,5776570
2024-08-16,366.3310241699219,368.40449910319217,360.35167235954225,363.1966926984942,7276293
2024-08-19,373.5641174316406,380.7971904575607,369.89934277297147,371.2977486638958,13213008
2024-08-20,382.3884582519531,390.39304724479894,377.18065159206253,377.18065159206253,16300789
2024-08-21,392.9969482421875,397.1438981320412,379.9774174415261,382.29199480868743,14427485
2024-08-22,392.0325622558594,399.89249580963155,388.9946774383217,398.3012256129641,9217776
2024-08-23,391.0681457519531,399.024526029274,389.62153115607657,391.93610862318917,8131913
2024-08-26,390.6341247558594,394.25066101553506,386.0531788269368,393.57559190593076,6084146
2024-08-27,389.9590759277344,396.7581526769606,383.1599697470592,387.59626034261237,7476660
2024-08-28,392.1289978027344,396.758152683374,388.60890821313876,392.75585823406806,6224089
2024-08-29,401.0497741699219,402.64104426696275,388.12669025219395,392.56295126662366,9653177
2024-08-30,404.1358642578125,410.1152160408639,400.95332408933376,406.40223289000687,16999644
2024-09-02,412.6227111816406,422.4114641097666,406.11294546762025,409.87413754943105,18305095
2024-09-03,410.7420959472656,415.37128028563984,409.6330306499241,413.58711640829085,5140913
2024-09-04,429.2587585449219,431.6697827678978,412.91200254056594,418.071600264024,26837682
2024-09-05,432.5377502441406,440.87988825888067,428.2461153086038,430.4160371325711,12007469
2024-09-06,418.9395751953125,435.76853653021703,417.3000963352161,432.82706923437974,8950512
2024-09-09,406.4022216796875,418.98778530375733,405.14850090400864,418.9395471622639,8907889
2024-09-10,406.3540344238281,409.29547224669074,402.3035018968696,409.29547224669074,5944511
2024-09-11,394.8775634765625,420.4344205290855,393.0451615012229,413.92465505344285,12529867
2024-09-12,398.6869812011719,402.78572260204686,395.4079939667618,400.23004267367355,8007169
2024-09-13,396.27593994140625,403.02680784307057,392.22543685927667,398.7352023358816,9258252
2024-09-16,395.6008605957031,399.07271188175724,391.35743447906344,396.37237656339346,4415935
2024-09-17,394.15423583984375,397.8189807383088,391.59852672145837,395.89016143775945,3296568
2024-09-18,392.9487609863281,396.2277482214684,390.58594534683533,392.080768673731,2255708
2024-09-19,383.8832702636719,394.15425713928175,378.0486033367931,393.47915857502954,4541604
2024-09-20,384.5583801269531,388.9464326291763,380.3631919120056,383.8832815428653,9159103
2024-09-23,389.0910949707031,394.39534818074077,382.53309152487896,385.2816649836425,4899097
2024-09-24,402.3034973144531,404.4734191224399,388.3195567740941,388.56065919720373,9274367
2024-09-25,402.54461669921875,404.1358868725026,393.0934130876634,402.30351426595,4872324
2024-09-26,406.93267822265625,408.9579150153227,394.0578030459092,403.31614190511203,6065915
2024-09-27,422.3632507324219,424.14738517807365,406.209387842646,408.909723299402,12190119
2024-09-30,424.8706970214844,431.04294287122235,415.1783909564059,420.48264449940297,7949959
2024-10-01,429.06585693359375,430.1749221694505,422.84543221172896,424.3402554298688,5525180
2024-10-03,400.2782287597656,417.25184513483794,398.30120067427634,413.73175566407883,14169317
2024-10-04,392.4183044433594,399.0245168318809,381.03828165734984,392.5147513004846,12354340
2024-10-07,379.6398620605469,394.78110570602144,377.03597360114674,392.7076307944303,5679436
2024-10-08,376.36090087890625,380.9418471420063,367.9223156574061,374.1909789648062,12815777
2024-10-09,380.79718017578125,398.30121053959726,379.2541187522921,385.76388429985207,11902837
2024-10-10,378.53082275390625,389.6215347581608,378.04861788415604,383.35287145140825,3363159
2024-10-11,381.4240417480469,382.9188650316228,373.61231718120297,378.0486077502766,2978692
2024-10-14,391.40570068359375,393.38272888719837,381.9544675288176,383.35287343089385,6151692
2024-10-15,407.8488464355469,411.70648514277633,397.5778892638379,399.2656061982508,16856309
2024-10-16,419.1806640625,422.74899167267387,410.01877204705426,411.80293585214116,16355809
2024-10-17,417.92694091796875,423.37584972633476,413.00844566128217,416.5767732516003,11762175
2024-10-18,416.2392578125,419.80755626143105,407.60777869807663,415.0819543292817,4941502
2024-10-21,400.3746643066406,420.77192272140013,399.12094352170817,417.58938261721954,9263679
2024-10-22,387.7891540527344,401.77309498387945,386.2460926154217,399.3620706854062,5951071
2024-10-23,383.6903991699219,388.94641429576046,380.17030970498547,387.7891403323083,3779746
2024-10-24,390.3448181152344,390.971678521162,379.447000500038,381.9062334123109,7703516
2024-10-25,359.1461486816406,391.55031888984854,357.45843178987406,391.55031888984854,8522829
2024-10-28,369.6582336425781,379.78453569543274,365.51128362208397,366.4756933414034,12990859
2024-10-29,374.6731872558594,375.9751463024979,362.13586052657706,371.24954442159685,5115112
2024-10-30,364.2093200683594,375.5893722731437,363.29314850531165,374.6731712786474,5110158
2024-10-31,367.3436584472656,368.83851118021494,360.6892372295871,363.5824664052255,6864561
2024-11-01,367.44012451171875,369.6582552230675,366.4757147360974,367.34367764786646,505687
2024-11-04,355.3849792480469,368.4045103738233,350.70758625360776,368.4045103738233,8846874
2024-11-05,361.5090026855469,363.10027289561214,349.3574338816348,352.00956070889356,8163853
2024-11-06,377.662841796875,379.92921046250547,363.7271099555829,366.3310279001708,8284664
2024-11-07,382.3884582519531,385.7638923096627,371.63529564011117,376.939549159369,5850910
2024-11-08,369.4171447753906,381.76160729475936,366.76501794989287,381.76160729475936,5067482
2024-11-11,367.3918762207031,373.998058926942,361.7982824657613,369.3689042751845,6123412
2024-11-12,362.1840515136719,376.119783468614,360.7374369618695,370.42977211781437,6589595
2024-11-13,358.1817626953125,364.4504258503486,354.66167311762047,361.6536435597761,4346895
2024-11-14,359.1461486816406,365.80056939717383,352.44351925606435,359.2425955331738,5809877
2024-11-18,354.2276916503906,362.3769658621868,353.3597287561724,359.14618729289396,5010823
2024-11-19,349.260986328125,361.4607638230647,347.38040496775403,352.973969765224,2933169
2024-11-21,347.2839660644531,350.6594002789035,342.2690234589752,349.2609943317652,4403773
2024-11-22,347.8625793457031,352.2988402774966,345.8373131547184,349.11630014269736,2571975
2024-11-25,363.43780517578125,370.96018914277465,354.8545646412763,355.81897435147795,9614696
2024-11-26,366.0899353027344,375.83047935316034,364.5468738656904,368.5009596007879,3574299
2024-11-27,366.620361328125,372.26216426348594,362.42517302073094,372.16571740199817,6106128
2024-11-28,366.4756774902344,372.50323797527113,363.8235508768182,368.308049991396,5435933
2024-11-29,369.4653625488281,371.29773509547715,363.0038057758859,367.87409242756576,4384830
2024-12-02,367.3918762207031,370.3333139469213,365.7041592951638,369.4653511286477,2355565
2024-12-03,370.8637390136719,373.80520626270624,368.9349196102848,371.29773515201333,5317630
2024-12-04,373.8534240722656,377.71106297290856,369.0796135915895,370.33333446171883,3476461
2024-12-05,377.855712890625,379.10946317344053,370.8155337748905,376.60199203925816,3583458
2024-12-06,384.99237060546875,387.93380846826074,378.0968175872256,379.8327727358224,8107943
2024-12-09,385.4745788574219,390.0555250511997,383.4975212622904,384.8476889910088,4763280
2024-12-10,390.489501953125,391.8879078634356,383.1117732506979,385.76390006363545,6662197
2024-12-11,395.5044250488281,397.67434688037093,390.05551611368804,390.4894828211275,8783167
2024-12-12,397.0474853515625,399.2656158894803,391.59854700018263,395.4079770886157,4832913
2024-12-13,400.2782287597656,403.17145782035357,394.8775580584931,397.0474798539341,7106881
2024-12-16,392.6112060546875,404.08767592866275,386.05320224709504,400.13359015858407,7360302
2024-12-17,392.6112060546875,395.2150946607521,390.20018173530406,393.47916892337565,3735357
2024-12-18,383.8832702636719,394.44356827741933,382.82244313620185,391.55033917024997,4286929
2024-12-19,392.9004821777344,396.37236277445686,375.0106950951642,378.0485795805039,7226543
2024-12-20,385.28167724609375,398.7834131195488,383.7868539755406,394.44356944593824,8035990
2024-12-23,389.23577880859375,396.8064011900276,385.08879924792535,385.8121065563786,3951645
2024-12-24,398.15655517578125,403.0750505894451,387.30694592422066,389.6215233449305,6334203
2024-12-26,404.3769836425781,406.49869679820887,394.2506815871067,398.15655861022935,6201557
2024-12-27,396.0830993652344,405.43785635854044,394.5400378662143,405.43785635854044,3440755
2024-12-30,391.3574523925781,395.7937429884779,386.63185065341384,394.4435752674951,6858610
2024-12-31,394.2024841308594,395.9866480493012,388.3195787872037,391.3574636043075,3103194
2025-01-01,397.6743469238281,399.2656170475104,390.29661858206595,395.4079782354571,2185656
2025-01-02,398.01190185546875,401.00154843208566,390.10373040593333,397.57790571037333,2391474
2025-01-03,398.34942626953125,402.255303325739,393.18985777129325,398.78342241959297,4037493
2025-01-06,375.107177734375,399.2656297935036,374.19097671468455,398.34942877381314,5016149
2025-01-07,372.45501708984375,383.4492811689009,371.44236930258853,377.95213441364893,3195402
2025-01-08,377.4217224121094,380.6525006258844,368.1151751759402,372.74432972334085,3631344
2025-01-09,371.1048278808594,379.01299891840245,369.80289837629755,379.01299891840245,2525567
2025-01-10,374.62493896484375,378.8200973820659,366.0416695656223,373.7569467378147,3504508
2025-01-13,351.430908203125,363.14848081899305,347.3321667517528,363.14848081899305,13439614
2025-01-14,359.9659423828125,362.5698605035067,350.90049653863116,352.009561874686,3392260
2025-01-15,350.3218078613281,365.94525607534814,347.766128156888,364.0646454718551,4162695
2025-01-16,345.4515686035156,352.5399564003651,344.68002317952994,351.0451331280312,5072603
2025-01-17,346.12664794921875,350.27362746791755,342.55834958916563,345.59623436763434,3122954
2025-01-20,347.5250244140625,350.46646208371965,340.7741568417178,347.1874751491559,6963879
2025-01-21,356.78338623046875,359.1461723759563,345.258678350924,350.0807269312442,12344913
2025-01-22,356.92803955078125,361.3643301029901,350.27361843819233,360.496337818847,6676035
2025-01-23,349.2127685546875,360.49634471857485,347.04284666569583,359.7248287084019,5143368
2025-01-24,340.2919616699219,366.4274698992366,338.7489002947452,360.8821142360486,18088473
2025-01-27,333.6375427246094,338.41135301259004,331.1300716541161,337.92914816947393,4454025
2025-01-28,337.0611877441406,339.2311095536523,329.29770148713385,337.5433925906988,5097372
2025-01-29,332.96246337890625,339.7133315719616,331.4676400515953,338.3631638196404,3747258
2025-01-30,339.0864562988281,341.497480548064,333.68575609425,336.5307764809277,4412278
2025-01-31,345.4997863769531,346.65708982755757,336.9647543652312,338.50781582222066,2019592
2025-02-01,332.5766906738281,346.1266351757592,321.24487670760055,345.49977475753417,7985220
2025-02-03,313.33673095703125,321.43776720519446,307.35740799285276,318.25522671066807,26282943
2025-02-04,321.82354736328125,322.9326126964378,315.5066458023462,316.8086048592908,7377189
2025-02-05,330.6960754394531,337.20584081988113,327.9957400912622,329.9245594632408,7113783
2025-02-06,330.88897705078125,336.72364401776804,328.4779527782332,336.1932304503869,3123836
2025-02-07,330.3103332519531,334.36086589944733,327.46531276961207,332.7213575822594,1712683
2025-02-10,326.2597961425781,331.7569433130779,323.1254645560447,330.7925335941445,1957224
2025-02-11,318.25518798828125,326.25977639843796,316.5674710822828,326.25977639843796,1562978
2025-02-12,312.4205322265625,318.54451023992465,307.3091431881408,318.25519910422736,3179345
2025-02-13,308.7557678222656,321.91995469287656,307.83959624164385,316.32639005593063,9771116
2025-02-14,301.2333679199219,311.93832120039525,293.56629922988685,311.50432507399796,9525190
2025-02-17,306.77874755859375,308.9968782124404,292.4572568755929,301.5227026451334,4591304
2025-02-18,308.5628967285156,309.28620400689334,301.2815858006441,307.64669573665776,1673581
2025-02-19,313.0473937988281,314.78331948232574,305.3803249285757,307.5984848924319,2325236
2025-02-20,319.8946838378906,320.3768886495658,309.81659150130105,312.27582426826604,1771611
2025-02-21,311.50433349609375,319.2196111059041,310.44347693845515,319.2196111059041,2193356
2025-02-24,307.9360046386719,313.9153565357415,306.3447345240891,309.479066040959,3307496
2025-02-25,298.8223571777344,308.8522123643219,298.34015231846143,307.9360113591237,4356438
2025-02-27,296.07379150390625,301.6673562483383,291.5410539330581,299.93143048115587,4865436
2025-02-28,283.29534912109375,295.10936793550536,282.0416282847968,294.1449582363697,6517549
2025-03-03,287.2012023925781,288.2620589692026,277.3160027780957,284.50086695339667,3792065
2025-03-04,303.9819641113281,305.1392381491794,279.77527356862134,283.6329125576918,7276713
2025-03-05,314.5422058105469,322.5950323856868,302.8728429978993,302.8728429978993,12406494
2025-03-06,327.07952880859375,330.2138601892759,319.9911119536846,322.7879235000663,12790937
2025-03-07,320.6180114746094,326.9830918489379,318.39985154076794,326.83843628251185,3825464
2025-03-10,314.20465087890625,331.75691820782936,312.7098277002578,324.5238458631819,7154245
2025-03-11,317.96588134765625,322.01638432031734,309.09330057267897,312.46873443228696,6272107
2025-03-12,315.69952392578125,330.79252997570063,314.2046712189169,322.64325616727666,8497676
2025-03-13,312.179443359375,316.7121514603383,311.50434477150094,315.6995330099767,4696394
2025-03-17,313.91534423828125,318.64094568461115,312.1794186233673,314.25289350547206,5417463
2025-03-18,313.91534423828125,313.91534423828125,313.91534423828125,313.91534423828125,0
2025-03-19,316.3263854980469,318.64096292027943,312.5651935079879,314.3975660742783,5942282
2025-03-20,324.5720520019531,327.4170722075576,315.4101604379714,319.0266965816484,4833173
2025-03-21,344.2460632324219,347.3803948397744,322.20929512213036,324.04166771398513,15733590
2025-03-24,349.0198669433594,358.7604108666191,341.6903472866764,357.7960011599884,9399628
2025-03-25,348.5859069824219,352.0095497346588,340.1473218860431,346.27130009654155,6724910
2025-03-26,339.3757629394531,351.5273308808844,338.55600881928495,347.3321428565102,4094188
2025-03-27,346.7535095214844,351.0451446281167,336.7236541326852,338.2667155997581,4545137
2025-03-28,347.5250244140625,356.2047112927914,345.3068645528525,350.80401134862626,5348515
2025-04-01,348.8269958496094,350.56292151506904,337.15763274094746,342.1725454586354,5111753
2025-04-02,349.260986328125,350.46649851994613,340.48485168537724,347.28395810611835,2536402
2025-04-03,349.5503234863281,360.9785554075994,346.5606473936301,348.15191758494444,5566330
2025-04-04,345.5962219238281,364.4022110761429,338.12204674790814,359.7248181442775,12874209
2025-04-07,340.2437438964844,353.89016523846163,329.3459256263759,337.5434084018494,15489620
2025-04-08,356.0118408203125,358.47110325529405,340.43662979122473,347.28394466198387,10576907
2025-04-09,365.8005676269531,369.4171038060943,352.1541769972832,358.7603889708037,11180400
2025-04-11,368.5973815917969,372.98543374563735,363.63064832772517,370.81551202378165,7217670
2025-04-15,365.60772705078125,373.17834916271397,362.71449791996224,372.79256173344584,4572204
2025-04-16,376.1679992675781,377.2288558451746,363.87177534561425,365.0290787814375,3731014
2025-04-17,373.9016418457031,377.37349312196176,371.3459326681134,376.02332546658926,2358710
2025-04-21,380.79718017578125,384.79947458910243,370.8155337832328,373.9016566302111,2836553
2025-04-22,384.2690734863281,387.93381873348034,379.0130286196589,381.80981098526973,5630844
2025-04-23,374.96246337890625,384.99234737050284,370.1886532291329,384.317248837106,4742867
2025-04-24,376.5538024902344,379.97744536497834,373.515888201674,376.11980632573994,4385172
2025-04-25,367.1507873535156,379.1094618381311,364.7879717979751,376.5055438557578,2552932
2025-04-28,378.24151611328125,379.01303214149823,363.58247612555937,363.58247612555937,6104973
2025-04-29,377.1806640625,382.67778205079014,375.3965001152895,379.1094835878194,4419920
2025-04-30,365.2219543457031,388.41599517117965,361.17142195308946,380.9418202175443,9150558
2025-05-02,369.8511047363281,376.40907865398924,366.4274622147376,366.4274622147376,3503397
2025-05-05,395.2633361816406,399.2656306997077,377.32530920594354,378.0486165079358,28073682
2025-05-06,382.6777648925781,397.192148828692,381.03828602843646,395.40798496147846,5485163
2025-05-07,382.8224182128906,390.68235088936376,378.6272303943294,379.9773980034839,8825404
2025-05-08,374.28741455078125,388.2713553537576,371.2977385617862,384.79947450948754,5347464
2025-05-09,372.5032653808594,374.1909824408374,366.4757044523665,368.59741767177593,3757854
2025-05-12,374.96246337890625,382.87063434963886,372.2621281082131,380.941815033016,4957935
2025-05-13,375.0589294433594,379.5916668421907,372.45504089140303,376.1197860081336,3665291
2025-05-14,382.4848937988281,383.8350614956891,377.5181897185279,378.8201192714073,4370060
2025-05-15,388.3677978515625,392.8040589251357,383.5457493529409,385.7638798897275,5828155
2025-05-16,395.4562072753906,396.5653020360247,388.31958099254274,390.05553620606787,5353067
2025-05-19,390.489501953125,396.85461219046493,389.7179859255777,395.5044444265322,2489091
2025-05-20,383.25640869140625,395.8901816410271,378.2414959129224,391.5503379933179,3231580
2025-05-21,390.489501953125,391.45391170328406,376.6502161520521,381.4240561879195,3723167
2025-05-22,386.96942138671875,392.4665688649795,383.6421958975424,390.58595803519273,1971376
2025-05-23,393.57562255859375,397.09571223920875,389.621536720438,389.621536720438,5540517
2025-05-26,399.84429931640625,402.5928730663622,393.91318507583867,394.2507049525318,2976520
2025-05-27,397.4814453125,400.76043235130055,391.83964277568776,400.1818100861488,4849935
2025-05-28,403.2196960449219,405.5342734075697,394.4917707181851,397.48144663435215,5630546
2025-05-29,399.9889221191406,404.23231890271046,397.9154471553853,403.9430077659812,3108847
2025-05-30,396.4206237792969,403.9912463523215,394.34714866221384,399.9889516972169,6164496
2025-06-02,393.67205810546875,398.0119018303536,392.51475467291993,395.0222258224765,2200493
2025-06-03,387.6927185058594,395.4079964860755,386.824755619375,392.99697211725794,2570008
2025-06-04,392.1289978027344,393.1416162355465,386.72829748768885,389.62152664595084,2415724
2025-06-05,386.7283020019531,394.8293378533601,385.66744541191724,393.96137498203956,2588378
2025-06-06,392.5629577636719,393.2380563282311,387.93380296267554,387.93380296267554,1443804
2025-06-09,393.9131774902344,395.02224282582046,390.441296474593,392.56298028365984,1139355
2025-06-10,390.682373046875,395.3115278069316,389.71796335257585,394.5400118240716,2079819
2025-06-11,400.0853576660156,407.9452905937668,391.5985349073241,392.1771865958742,8990781
2025-06-12,378.5790100097656,395.40797078273175,376.50553507365794,395.40797078273175,12405231
2025-06-13,372.5032653808594,374.57674045397096,356.97626254277174,362.61806545813107,17736231
2025-06-16,381.2793884277344,382.38845371868666,369.4171312209713,370.4297790851487,5792606
2025-06-17,379.2541198730469,386.72829515344387,378.04860773104735,379.9292184451461,3815275
2025-06-18,379.92919921875,380.8936088835454,374.4802610674978,376.216216122998,3440848
2025-06-19,376.1197814941406,382.3402358068153,375.1071630857742,379.6881091424336,3390334
2025-06-20,378.2897033691406,380.4114164735545,374.43206458398686,375.6375767043474,6244473
2025-06-23,379.2541198730469,383.06355001434486,369.89933387855115,376.45733758989775,4641365
2025-06-24,391.79144287109375,400.03713408078596,389.52507417681124,397.81900353064907,15143931
2025-06-25,393.6238098144531,397.1438993031671,390.63413388363995,395.4079736305391,4125652
2025-06-26,405.3414001464844,409.24727723498097,393.1898610216934,393.4791721698267,11364641
2025-06-27,423.3758544921875,424.6295753183323,404.5216567993401,405.9682713363294,15352970
2025-06-30,422.45965576171875,427.4263892436463,420.72373008067007,424.34026644239503,3398554
2025-07-01,424.7742614746094,425.7868798806818,418.3127047525384,423.7616136370888,4624750
2025-07-02,421.0130615234375,430.94649953495644,417.8787298587667,428.19792588118594,3566248
2025-07-03,421.061279296875,425.8833277784438,419.7593203205618,422.1221358491098,2130326
2025-07-04,428.77655029296875,430.6571315130767,420.62727671149077,423.1829564812464,4318402
2025-07-07,431.9591064453125,438.9993150397047,425.5457877122561,432.05555330332174,8516084
2025-07-08,436.5882873535156,438.8064179132449,428.8730096759201,431.09114023564933,3860453
2025-07-09,429.5963134765625,438.4688650750212,426.8959486524198,436.8775949532032,5207942
2025-07-10,425.5457763671875,434.4665660134118,424.38847296482777,429.5963088439983,4470700
2025-07-11,420.3861999511719,428.68012960484464,417.63762630476094,428.68012960484464,2627116
2025-07-14,414.5997009277344,421.92922012359935,412.76732848662976,420.38615880371515,4575393
2025-07-15,418.02337646484375,425.3046575828558,413.82818858198874,418.0715851749841,6427673
2025-07-16,430.2231750488281,432.5859611659021,418.26450059973234,418.98780787808226,6690619
2025-07-17,424.34027099609375,430.5124872333836,422.7490008661481,430.17493794971057,2643122
2025-07-18,415.27484130859375,426.12445091960376,414.21398470478283,424.3402870083922,3796647
2025-07-21,416.335693359375,419.1324756977821,412.8155742900279,417.5894142392456,3426999
2025-07-22,413.9728698730469,422.02569687393174,413.2013538741682,417.58940630175726,4216517
2025-07-23,419.0360412597656,420.482655901629,413.1049271144157,415.17840221479656,2793895
2025-07-24,419.4217834472656,421.44704975572256,417.01075913516195,419.8075414509124,2805754
2025-07-25,406.78802490234375,419.42179864174307,405.24499283185696,419.1324874863893,3196808
2025-07-28,406.88446044921875,415.564148045852,404.5698829764064,407.46311217528415,2551271
2025-07-29,410.6456604003906,411.417205860431,404.52168202376015,406.4987102416794,4743610
2025-07-30,411.0796203613281,420.38616775711915,401.19442127932547,408.90969861162023,6890461
2025-07-31,403.5572509765625,406.40224193437825,395.98662894078956,403.8465621141545,9826520
2025-08-01,389.4286193847656,406.01647775443826,387.78914057764257,405.9200308995609,3787580
2025-08-04,394.10601806640625,394.9739809102216,385.47456890923064,394.44356734773675,3277835
2025-08-05,388.1266784667969,391.4538741265895,380.4596099164344,391.4538741265895,7973897
2025-08-06,387.1140441894531,390.4894781088978,385.37811851774654,389.13931042740955,2150509
2025-08-07,388.0784606933594,388.8500061187885,378.1932611843102,386.7282929881692,6318838
2025-08-08,394.92578125,400.5675840112898,385.28168402777777,392.51475694444446,12286666
2025-08-11,395.7455139160156,403.123242004205,386.34251963481705,399.31381203565326,8713932
2025-08-12,393.52734375,400.1335557025304,392.3218316941166,400.1335557025304,4526566
2025-08-13,396.4688415527344,398.59052527665796,392.2254446734383,396.85459955422516,3543374
2025-08-14,390.2832946777344,401.9121234884016,389.73894839891886,397.85439845857405,6536476
2025-08-18,383.0585632324219,392.9554389671737,379.44620962981105,392.9554389671737,6525577
2025-08-19,391.5204162597656,393.747213335077,382.1678564623105,383.9987845425846,4227710
2025-08-20,386.7698974609375,392.7575254924067,386.0771342707868,390.48122591739303,5553949
2025-08-21,389.0956726074219,391.3719722015846,386.17611231883757,386.6709561171944,2094370
2025-08-22,386.7204284667969,389.3925970594231,383.70189337757006,388.9472255596959,2627075
2025-08-25,386.2255859375,387.46269543762014,383.60291983781906,386.473007837524,1235196
2025-08-26,379.0008544921875,387.3636960606967,378.01116695488224,384.19671406303996,4825204
2025-08-28,377.813232421875,382.5142484114072,376.8730171428214,380.6833203538579,3975225
2025-08-29,372.0235595703125,379.89158800316653,371.18231907704063,377.81323802063264,3112442
2025-09-01,381.2771301269531,381.72250160733984,372.716338826584,373.11220780755696,2360108
2025-09-02,380.63385009765625,383.35549094829844,378.06065634374824,381.2771409854162,1630216
2025-09-03,383.2565002441406,387.6111193838751,379.0503281949796,379.0503281949796,2725471
2025-09-04,380.63385009765625,387.9080598663098,379.54518771682575,385.0874442168889,2609930
2025-09-05,379.6441650390625,382.5637253038002,376.279233278294,380.7328274271292,2017875
2025-09-08,389.8379211425781,391.2234776764053,380.1884674994308,380.1884674994308,2956578
2025-09-09,385.8791809082031,392.9059687577952,385.2853623203885,389.93690602159023,1921681
2025-09-10,388.40289306640625,389.8379218995301,384.79050932812515,386.9678340304151,1897568
2025-09-11,393.69769287109375,401.6151932220689,386.9678296539116,386.9678296539116,3642055
2025-09-12,394.6379089355469,396.91417821001573,392.46058425337634,394.83585852587765,1389746
2025-09-15,395.7265625,396.5183004380295,392.1142090780825,394.6379001830596,1227975
2025-09-16,397.8544006347656,398.89356049557506,396.02347260122116,397.65645104086497,1344352
2025-09-17,401.4667663574219,404.2873820401361,398.2008093792487,399.8337878683353,2545562
2025-09-18,404.3863525390625,405.02964342757355,400.72449640004834,401.51626458833505,1832949
2025-09-19,408.7904357910156,411.71002618283416,403.99047527305305,404.3863442576553,4587363
2025-09-22,408.4935302734375,413.0460989772642,405.5739399625958,408.79042445293777,2571485
2025-09-23,419.9244079589844,420.8646231960069,408.74095092287087,408.74095092287087,4865287
2025-09-24,420.51824951171875,426.55534983063785,418.39042724107225,421.6069118975678,7158456
2025-09-25,419.1326904296875,423.2893903498068,416.4110495827415,419.6275342200413,2368804
2025-09-26,417.89556884765625,420.8646315037675,415.6687718555728,418.63783451168405,5579737
2025-09-29,437.1944885253906,439.8171545721793,417.1533150276223,417.94505301058445,11650349
2025-09-30,438.82745361328125,440.8563312124269,434.5223067303662,437.49136938025697,4266200
2025-10-01,429.9202575683594,445.26041430394514,428.93057003703126,438.92642014401855,6469324
2025-10-03,441.6975402832031,442.3903336474668,427.34707084721146,434.4728332689886,6294835
2025-10-06,451.59442138671875,454.41503697229206,435.56150104212446,441.4006516034804,4323430
2025-10-07,449.5655822753906,460.4026733348879,448.32847280297625,452.0892735179688,8444885
2025-10-08,452.5841064453125,458.2253375852847,447.33877448930605,447.33877448930605,4192443
2025-10-09,453.27691650390625,460.0067800389741,451.3470136210501,455.75113548045596,3613774
2025-10-10,447.8336181640625,456.5923590571265,446.2006397406123,451.7923683798774,1709268
2025-10-13,446.69549560546875,452.2872243960498,439.4212858464904,449.81300544421146,5914037
2025-10-14,438.085205078125,450.15940574087887,436.00685510137316,447.4377648720741,1703812
2025-10-15,444.0233154296875,447.19032768626033,434.81923325100286,440.41096189516577,6539175
2025-10-16,447.289306640625,451.49547878771597,438.6295404554376,444.8645600276255,5317330
2025-10-17,443.9738464355469,454.26659104166913,441.4006527332994,448.3284656685754,3262100
2025-10-20,448.27899169921875,452.88103280562405,445.35940132052616,445.35940132052616,2128923
2025-10-21,450.7037048339844,451.7923671810181,447.0418790157928,450.25836355760725,327276
2025-10-23,436.15533447265625,449.862483478327,432.54295059461606,449.862483478327,6169707
2025-10-24,433.92852783203125,439.4212817730472,427.64400571204584,431.7512030934501,4341566
2025-10-27,449.07073974609375,449.86247772951265,433.4831603499483,433.5821351485927,5526263
2025-10-28,447.4872131347656,451.9903095430007,444.56765302676706,449.3181411160099,4477594
2025-10-29,464.0150146484375,466.0438620482464,446.4480606060154,446.4480606060154,8351676
2025-10-30,464.9057312011719,473.8623915359283,459.7593438092296,465.15315309111395,9564962
2025-10-31,471.0912780761719,479.1077533445121,464.5098618495047,465.1036804254683,7891214
2025-11-03,479.1077575683594,482.373714460651,475.0995047974185,476.5345638517432,6195012
2025-11-04,479.8500061035156,486.33244735930265,477.7716562449941,478.7613437773504,6047242
2025-11-06,473.1499938964844,484.0,471.75,484.0,5156374
2025-11-07,479.54998779296875,480.8999938964844,468.3500061035156,472.0,5059893
2025-11-10,482.0,485.20001220703125,477.75,479.54998779296875,2222672
2025-11-11,487.8999938964844,489.5,470.0,480.5,6815234
2025-11-12,484.8999938964844,494.45001220703125,483.25,490.0,3568821
2025-11-13,486.04998779296875,490.3999938964844,481.8999938964844,487.0,2807895
2025-11-14,481.25,488.75,477.3500061035156,483.1000061035156,2456049
2025-11-17,486.5,492.20001220703125,482.3999938964844,483.0,3478922
2025-11-18,483.54998779296875,488.5,482.3999938964844,486.3999938964844,1780519
2025-11-19,477.1499938964844,485.0,475.29998779296875,482.6000061035156,3937809
2025-11-20,477.8999938964844,481.3500061035156,474.45001220703125,478.0,2859788
2025-11-21,471.8999938964844,478.0,470.1499938964844,477.6000061035156,2763162
2025-11-24,463.04998779296875,474.5,462.0,471.8999938964844,8097325
2025-11-25,455.25,462.0,452.75,461.75,6235243
2025-11-26,466.25,467.70001220703125,457.04998779296875,457.1000061035156,3690761
2025-11-27,463.3999938964844,469.29998779296875,459.1499938964844,467.1000061035156,2236914
2025-11-28,457.5,462.5,455.70001220703125,462.0,1539822
2025-12-01,451.95001220703125,461.1000061035156,449.0,458.0,2140607
2025-12-02,450.45001220703125,460.45001220703125,447.0,455.0,5323687
2025-12-03,450.70001220703125,455.29998779296875,446.6499938964844,450.95001220703125,4191593
2025-12-04,447.95001220703125,453.75,445.0,451.8999938964844,3132109
2025-12-05,450.3500061035156,451.95001220703125,445.3999938964844,447.95001220703125,2114565
2025-12-08,445.95001220703125,452.95001220703125,442.70001220703125,451.79998779296875,3238893
2025-12-09,448.75,453.8999938964844,442.29998779296875,445.1499938964844,6794529
2025-12-10,449.5,456.8999938964844,448.5,450.5,2723651
2025-12-11,448.04998779296875,451.95001220703125,443.5,451.79998779296875,2284129
2025-12-12,459.8999938964844,461.5,448.5,449.0,2617358
2025-12-15,466.1499938964844,468.1499938964844,456.5,461.04998779296875,3139768
2025-12-16,465.3500061035156,468.29998779296875,460.20001220703125,466.1000061035156,1508242
2025-12-17,465.45001220703125,471.75,464.45001220703125,466.0,2284665
2025-12-18,464.0,468.29998779296875,457.8500061035156,466.6000061035156,1217678
2025-12-19,469.75,470.3999938964844,462.54998779296875,466.0,3305705
2025-12-22,475.54998779296875,478.04998779296875,468.29998779296875,470.0,2896134
2025-12-23,475.1000061035156,477.3999938964844,471.29998779296875,477.0,1881359
2025-12-24,470.70001220703125,477.5,469.25,475.1000061035156,1548951
2025-12-26,467.70001220703125,471.0,465.04998779296875,470.70001220703125,1095275
2025-12-29,474.1499938964844,475.95001220703125,466.8999938964844,468.5,1617182
2025-12-30,468.75,480.75,467.3999938964844,475.25,5380500
2025-12-31,499.04998779296875,500.8999938964844,469.04998779296875,469.79998779296875,11948717
2026-01-01,498.6000061035156,502.1499938964844,493.0,499.75,3287789
2026-01-02,495.8500061035156,501.70001220703125,492.29998779296875,498.6000061035156,6513192
2026-01-05,492.3999938964844,508.45001220703125,488.1000061035156,495.1499938964844,8489981
2026-01-06,482.3500061035156,492.3500061035156,474.5,492.0,4341976
2026-01-07,476.45001220703125,485.04998779296875,475.0,483.0,2548077
2026-01-08,452.20001220703125,475.0,448.95001220703125,475.0,6527619
2026-01-09,448.75,455.20001220703125,446.29998779296875,452.0,7018633
2026-01-12,451.04998779296875,451.8999938964844,441.70001220703125,451.0,2794252
2026-01-13,448.8500061035156,453.5,445.1000061035156,451.0,1842284
2026-01-14,440.1499938964844,448.20001220703125,437.25,447.3500061035156,8097390
2026-01-15,440.1499938964844,440.1499938964844,440.1499938964844,440.1499938964844,0
2026-01-16,457.8999938964844,458.75,445.0,445.0,8060832
2026-01-19,453.20001220703125,460.0,451.6000061035156,457.8999938964844,2624525
2026-01-20,438.6000061035156,453.6499938964844,436.70001220703125,453.6499938964844,3948024
2026-01-21,429.04998779296875,442.1499938964844,428.0,440.0,5200234
2026-01-22,427.70001220703125,434.5,424.29998779296875,429.70001220703125,4751687
2026-01-23,414.8500061035156,431.70001220703125,413.75,430.0,6140298
2026-01-27,419.3500061035156,421.8999938964844,412.54998779296875,416.95001220703125,4221203
2026-01-28,433.25,437.3999938964844,418.0,421.0,5268771
2026-01-29,432.6000061035156,436.8999938964844,428.0,433.0,5427396
2026-01-30,427.0,435.75,423.45001220703125,431.0,6429392
2026-02-02,453.25,455.0,433.5,438.95001220703125,12394412
2026-02-03,450.70001220703125,475.75,444.1000061035156,470.0,9971651
2026-02-04,458.8500061035156,464.79998779296875,450.29998779296875,452.0,8077255
2026-02-05,458.8500061035156,473.6000061035156,455.1000061035156,466.45001220703125,5986826
2026-02-06,463.1499938964844,467.8999938964844,459.6499938964844,460.6499938964844,4702809
2026-02-09,463.6499938964844,467.70001220703125,460.5,464.0,2723273
2026-02-10,461.25,465.29998779296875,457.29998779296875,463.29998779296875,2618235
2026-02-11,461.75,467.8999938964844,459.29998779296875,462.0,2997852
2026-02-12,452.3500061035156,464.6000061035156,448.25,461.79998779296875,3949831
2026-02-13,450.20001220703125,455.25,448.75,452.3500061035156,1912866
2026-02-16,452.04998779296875,452.6000061035156,445.0,448.0,879388
2026-02-17,454.25,454.8999938964844,444.29998779296875,451.6000061035156,1420593
2026-02-18,457.04998779296875,458.70001220703125,454.0,456.04998779296875,1151972
2026-02-19,434.3500061035156,453.29998779296875,430.8999938964844,452.79998779296875,5262959
2026-02-20,430.8999938964844,435.5,426.75,430.0,4738497
2026-02-23,438.5,442.0,432.6000061035156,435.0,2826172
2026-02-24,447.04998779296875,448.95001220703125,436.1499938964844,437.0,3515127
2026-02-25,436.70001220703125,454.70001220703125,432.45001220703125,449.70001220703125,5442008
2026-02-26,444.0,445.3500061035156,436.04998779296875,438.79998779296875,4463697
2026-02-27,438.75,444.04998779296875,436.1000061035156,444.0,5341791
2026-03-02,424.5,435.6000061035156,415.95001220703125,421.1000061035156,12250296
2026-03-04,401.45001220703125,416.3999938964844,400.1000061035156,413.79998779296875,6582702
2026-03-05,418.3999938964844,426.5,400.1000061035156,403.79998779296875,10165454
2026-03-06,404.95001220703125,420.0,402.1000061035156,420.0,7196619
2026-03-09,384.54998779296875,389.45001220703125,370.1499938964844,385.20001220703125,24836194
2026-03-10,387.3500061035156,406.6499938964844,381.1000061035156,396.0,11411957
2026-03-11,384.25,393.54998779296875,382.95001220703125,388.75,7883718
2026-03-12,384.3500061035156,388.8500061035156,367.5,376.3999938964844,8573492
2026-03-13,368.75,379.54998779296875,366.29998779296875,379.54998779296875,5816666
2026-03-16,353.79998779296875,364.95001220703125,348.29998779296875,361.0,14657696
2026-03-17,346.20001220703125,355.04998779296875,340.0,354.1499938964844,14666300
2026-03-18,349.3500061035156,355.45001220703125,346.25,350.0,9319269
2026-03-19,324.79998779296875,340.20001220703125,321.5,340.20001220703125,25818465
2026-03-20,336.29998779296875,345.3500061035156,330.04998779296875,330.04998779296875,24169602
2026-03-23,319.1499938964844,329.6499938964844,316.20001220703125,324.0,13182560
2026-03-24,336.79998779296875,338.45001220703125,319.6000061035156,331.0,11512642
2026-03-25,344.0,348.95001220703125,337.54998779296875,345.0,13128269
2026-03-27,340.8999938964844,357.70001220703125,338.25,352.5,15593599
2026-03-30,335.3999938964844,341.6000061035156,325.0,332.0,10584452
2026-04-01,335.54998779296875,350.0,333.20001220703125,350.0,10224051
2026-04-02,326.0,329.6499938964844,318.25,329.0,7595679
2026-04-06,328.04998779296875,330.6000061035156,317.75,326.0,5089386
2026-04-07,331.3999938964844,332.75,319.54998779296875,325.0,10264622
2026-04-08,364.25,367.6499938964844,351.0,354.0,25974676
2026-04-09,358.0,362.8999938964844,354.29998779296875,361.79998779296875,13372048
2026-04-10,360.6000061035156,366.8999938964844,357.04998779296875,361.0,6347879
2026-04-13,349.3999938964844,351.0,340.79998779296875,346.1000061035156,9327976
2026-04-15,366.6499938964844,369.8999938964844,362.0,362.29998779296875,11204269
2026-04-16,370.25,371.8999938964844,365.75,370.6499938964844,6336442
2026-04-17,370.8500061035156,372.79998779296875,364.79998779296875,367.0,6278506
2026-04-20,379.5,383.3500061035156,368.1499938964844,369.0,10194682
2026-04-21,384.3999938964844,388.0,377.54998779296875,378.0,7474015
2026-04-22,382.54998779296875,386.95001220703125,376.29998779296875,376.29998779296875,4754747
2026-04-23,376.8999938964844,378.8999938964844,371.1000061035156,377.3500061035156,6774817
2026-04-24,373.5,376.3999938964844,368.70001220703125,375.0,5655425
2026-04-27,380.8999938964844,384.95001220703125,372.75,376.0,4117585
2026-04-28,380.04998779296875,382.20001220703125,375.0,379.5,4591112
2026-04-29,380.6000061035156,384.5,377.5,380.04998779296875,4777651
2026-04-30,374.54998779296875,376.79998779296875,369.29998779296875,375.0,5370044
2026-05-01,374.54998779296875,374.54998779296875,374.54998779296875,374.54998779296875,0
2026-05-04,373.8500061035156,380.0,372.5,379.0,7346729
2026-05-05,373.8999938964844,376.0,365.3999938964844,370.0,6212198
2026-05-06,399.20001220703125,402.3999938964844,377.3999938964844,379.0,12641387
2026-05-07,396.5,404.25,387.0,399.3999938964844,11241091
2026-05-08,387.0,395.1000061035156,385.0,393.5,7720086
2026-05-11,377.79998779296875,383.3999938964844,375.1000061035156,383.0,5392032
2026-05-12,369.8999938964844,375.04998779296875,363.70001220703125,370.5,8973439
2026-05-13,390.1000061035156,392.0,370.54998779296875,372.3999938964844,16477697
2026-05-14,377.54998779296875,388.79998779296875,370.95001220703125,388.79998779296875,10745610
2026-05-15,366.3999938964844,372.20001220703125,363.20001220703125,370.20001220703125,13799583
2026-05-18,358.8999938964844,362.25,355.79998779296875,360.0,7102917
2026-05-19,371.0,372.3999938964844,362.54998779296875,363.1499938964844,5849675
2026-05-20,382.75,383.5,363.75,367.0,9746627
2026-05-21,388.79998779296875,391.3999938964844,384.54998779296875,386.75,7148227
2026-05-22,389.6499938964844,391.0,385.3500061035156,388.79998779296875,3800324
2026-05-25,403.3500061035156,412.54998779296875,402.20001220703125,403.0,10214359
2026-05-26,398.0,403.29998779296875,396.70001220703125,403.20001220703125,4241199
2026-05-27,402.8999938964844,404.20001220703125,393.20001220703125,398.0,8615664
2026-05-28,402.8999938964844,402.8999938964844,402.8999938964844,402.8999938964844,0
2026-05-29,393.8500061035156,409.0,390.0,407.0,12624474
2026-06-01,388.6000061035156,396.04998779296875,384.45001220703125,394.04998779296875,4888011
2026-06-02,383.75,391.04998779296875,383.0,384.8500061035156,4707348
2026-06-03,384.1000061035156,386.3999938964844,378.6499938964844,378.8999938964844,4660225
2026-06-04,387.0,390.8999938964844,382.3500061035156,382.79998779296875,4806376
2026-06-05,385.04998779296875,389.79998779296875,383.75,387.0,3003625
2026-06-08,372.75,381.20001220703125,371.3500061035156,380.79998779296875,4236128
2026-06-09,382.0,383.25,372.20001220703125,376.0,6667087
2026-06-10,374.3999938964844,384.8999938964844,373.75,381.54998779296875,4575738
2026-06-11,365.70001220703125,372.25,361.1000061035156,370.04998779296875,10518376
2026-06-12,388.8999938964844,391.1000061035156,372.0,377.70001220703125,14100531
2026-06-15,401.6499938964844,409.95001220703125,400.04998779296875,406.70001220703125,9648829
2026-06-16,401.79998779296875,405.79998779296875,396.70001220703125,405.79998779296875,5228607
2026-06-17,402.6499938964844,410.5,401.20001220703125,406.5,6771647
2026-06-18,401.6000061035156,405.79998779296875,398.6000061035156,405.0,4369524
2026-06-19,392.1000061035156,400.29998779296875,390.0,400.20001220703125,5929061
2026-06-22,393.25,399.25,392.0,399.1000061035156,3777496
2026-06-23,396.75,400.1000061035156,393.0,396.0,4766451
2026-06-24,412.8999938964844,414.0,395.5,396.54998779296875,7705798
2026-06-25,409.25,420.0,407.5,418.5,5756207
2026-06-26,409.25,409.25,409.25,409.25,0
2026-06-29,389.6000061035156,406.8500061035156,388.5,405.29998779296875,10317020
2026-06-30,394.45001220703125,395.95001220703125,389.6000061035156,393.1499938964844,5216033
2026-07-01,392.1000061035156,396.25,390.70001220703125,396.0,3826057
2026-07-02,399.54998779296875,406.29998779296875,394.6499938964844,394.95001220703125,5739322
2026-07-03,399.25,402.45001220703125,397.5,402.04998779296875,2558215
2026-07-06,400.3500061035156,403.79998779296875,397.5,400.0,3075355
2026-07-07,405.95001220703125,407.1000061035156,401.20001220703125,403.1000061035156,5627837
2026-07-08,386.8500061035156,396.79998779296875,383.1000061035156,395.0,18852390
2026-07-09,392.1000061035156,394.0,382.8500061035156,386.8500061035156,4266757
2026-07-10,395.29998779296875,398.79998779296875,394.3999938964844,395.1000061035156,3011646
2026-07-13,391.6000061035156,394.1499938964844,385.54998779296875,388.25,7267088
2026-07-14,386.0,387.79998779296875,381.6499938964844,384.70001220703125,8994389
2026-07-15,394.3999938964844,395.8999938964844,386.79998779296875,386.8500061035156,4460216
2026-07-16,399.3999938964844,405.79998779296875,394.8500061035156,397.0,5278606
2026-07-17,400.3999938964844,403.3500061035156,396.6000061035156,401.0,5951111
2026-07-20,405.3999938964844,407.70001220703125,392.70001220703125,396.29998779296875,8657829
2026-07-21,406.95001220703125,409.95001220703125,404.54998779296875,405.0,4144207
2026-07-22,395.20001220703125,403.0,393.1499938964844,402.0,4699577
